town,year,month,rain_mm,grid_lat,grid_lon,source
pagar_alam,1981,1,235.26,-4.125,103.375,GPCC Full Data Monthly v2020 0.25deg (PSL)
pagar_alam,1981,2,189.78,-4.125,103.375,GPCC Full Data Monthly v2020 0.25deg (PSL)
pagar_alam,1981,3,446.1,-4.125,103.375,GPCC Full Data Monthly v2020 0.25deg (PSL)
pagar_alam,1981,4,358.0,-4.125,103.375,GPCC Full Data Monthly v2020 0.25deg (PSL)
pagar_alam,1981,5,163.13,-4.125,103.375,GPCC Full Data Monthly v2020 0.25deg (PSL)
pagar_alam,1981,6,89.3,-4.125,103.375,GPCC Full Data Monthly v2020 0.25deg (PSL)
pagar_alam,1981,7,42.17,-4.125,103.375,GPCC Full Data Monthly v2020 0.25deg (PSL)
pagar_alam,1981,8,99.78,-4.125,103.375,GPCC Full Data Monthly v2020 0.25deg (PSL)
pagar_alam,1981,9,155.4,-4.125,103.375,GPCC Full Data Monthly v2020 0.25deg (PSL)
pagar_alam,1981,10,216.14,-4.125,103.375,GPCC Full Data Monthly v2020 0.25deg (PSL)
pagar_alam,1981,11,320.9,-4.125,103.375,GPCC Full Data Monthly v2020 0.25deg (PSL)
pagar_alam,1981,12,207.9,-4.125,103.375,GPCC Full Data Monthly v2020 0.25deg (PSL)
pagar_alam,1982,1,390.66,-4.125,103.375,GPCC Full Data Monthly v2020 0.25deg (PSL)
pagar_alam,1982,2,290.42,-4.125,103.375,GPCC Full Data Monthly v2020 0.25deg (PSL)
pagar_alam,1982,3,210.4,-4.125,103.375,GPCC Full Data Monthly v2020 0.25deg (PSL)
pagar_alam,1982,4,212.31,-4.125,103.375,GPCC Full Data Monthly v2020 0.25deg (PSL)
pagar_alam,1982,5,224.09,-4.125,103.375,GPCC Full Data Monthly v2020 0.25deg (PSL)
pagar_alam,1982,6,301.93,-4.125,103.375,GPCC Full Data Monthly v2020 0.25deg (PSL)
pagar_alam,1982,7,85.01,-4.125,103.375,GPCC Full Data Monthly v2020 0.25deg (PSL)
pagar_alam,1982,8,59.5,-4.125,103.375,GPCC Full Data Monthly v2020 0.25deg (PSL)
pagar_alam,1982,9,34.52,-4.125,103.375,GPCC Full Data Monthly v2020 0.25deg (PSL)
pagar_alam,1982,10,186.36,-4.125,103.375,GPCC Full Data Monthly v2020 0.25deg (PSL)
pagar_alam,1982,11,184.7,-4.125,103.375,GPCC Full Data Monthly v2020 0.25deg (PSL)
pagar_alam,1982,12,437.71,-4.125,103.375,GPCC Full Data Monthly v2020 0.25deg (PSL)
pagar_alam,1983,1,511.7,-4.125,103.375,GPCC Full Data Monthly v2020 0.25deg (PSL)
pagar_alam,1983,2,239.69,-4.125,103.375,GPCC Full Data Monthly v2020 0.25deg (PSL)
pagar_alam,1983,3,251.62,-4.125,103.375,GPCC Full Data Monthly v2020 0.25deg (PSL)
pagar_alam,1983,4,155.2,-4.125,103.375,GPCC Full Data Monthly v2020 0.25deg (PSL)
pagar_alam,1983,5,307.05,-4.125,103.375,GPCC Full Data Monthly v2020 0.25deg (PSL)
pagar_alam,1983,6,86.3,-4.125,103.375,GPCC Full Data Monthly v2020 0.25deg (PSL)
pagar_alam,1983,7,99.92,-4.125,103.375,GPCC Full Data Monthly v2020 0.25deg (PSL)
pagar_alam,1983,8,75.17,-4.125,103.375,GPCC Full Data Monthly v2020 0.25deg (PSL)
pagar_alam,1983,9,74.22,-4.125,103.375,GPCC Full Data Monthly v2020 0.25deg (PSL)
pagar_alam,1983,10,295.72,-4.125,103.375,GPCC Full Data Monthly v2020 0.25deg (PSL)
pagar_alam,1983,11,220.3,-4.125,103.375,GPCC Full Data Monthly v2020 0.25deg (PSL)
pagar_alam,1983,12,347.95,-4.125,103.375,GPCC Full Data Monthly v2020 0.25deg (PSL)
pagar_alam,1984,1,227.0,-4.125,103.375,GPCC Full Data Monthly v2020 0.25deg (PSL)
pagar_alam,1984,2,214.95,-4.125,103.375,GPCC Full Data Monthly v2020 0.25deg (PSL)
pagar_alam,1984,3,440.98,-4.125,103.375,GPCC Full Data Monthly v2020 0.25deg (PSL)
pagar_alam,1984,4,250.01,-4.125,103.375,GPCC Full Data Monthly v2020 0.25deg (PSL)
pagar_alam,1984,5,231.68,-4.125,103.375,GPCC Full Data Monthly v2020 0.25deg (PSL)
pagar_alam,1984,6,130.35,-4.125,103.375,GPCC Full Data Monthly v2020 0.25deg (PSL)
pagar_alam,1984,7,272.1,-4.125,103.375,GPCC Full Data Monthly v2020 0.25deg (PSL)
pagar_alam,1984,8,207.31,-4.125,103.375,GPCC Full Data Monthly v2020 0.25deg (PSL)
pagar_alam,1984,9,272.91,-4.125,103.375,GPCC Full Data Monthly v2020 0.25deg (PSL)
pagar_alam,1984,10,167.19,-4.125,103.375,GPCC Full Data Monthly v2020 0.25deg (PSL)
pagar_alam,1984,11,363.33,-4.125,103.375,GPCC Full Data Monthly v2020 0.25deg (PSL)
pagar_alam,1984,12,316.85,-4.125,103.375,GPCC Full Data Monthly v2020 0.25deg (PSL)
pagar_alam,1985,1,405.47,-4.125,103.375,GPCC Full Data Monthly v2020 0.25deg (PSL)
pagar_alam,1985,2,11.42,-4.125,103.375,GPCC Full Data Monthly v2020 0.25deg (PSL)
pagar_alam,1985,3,313.48,-4.125,103.375,GPCC Full Data Monthly v2020 0.25deg (PSL)
pagar_alam,1985,4,221.52,-4.125,103.375,GPCC Full Data Monthly v2020 0.25deg (PSL)
pagar_alam,1985,5,280.28,-4.125,103.375,GPCC Full Data Monthly v2020 0.25deg (PSL)
pagar_alam,1985,6,118.65,-4.125,103.375,GPCC Full Data Monthly v2020 0.25deg (PSL)
pagar_alam,1985,7,176.37,-4.125,103.375,GPCC Full Data Monthly v2020 0.25deg (PSL)
pagar_alam,1985,8,33.93,-4.125,103.375,GPCC Full Data Monthly v2020 0.25deg (PSL)
pagar_alam,1985,9,131.03,-4.125,103.375,GPCC Full Data Monthly v2020 0.25deg (PSL)
pagar_alam,1985,10,221.92,-4.125,103.375,GPCC Full Data Monthly v2020 0.25deg (PSL)
pagar_alam,1985,11,306.54,-4.125,103.375,GPCC Full Data Monthly v2020 0.25deg (PSL)
pagar_alam,1985,12,206.47,-4.125,103.375,GPCC Full Data Monthly v2020 0.25deg (PSL)
pagar_alam,1986,1,344.51,-4.125,103.375,GPCC Full Data Monthly v2020 0.25deg (PSL)
pagar_alam,1986,2,158.17,-4.125,103.375,GPCC Full Data Monthly v2020 0.25deg (PSL)
pagar_alam,1986,3,203.61,-4.125,103.375,GPCC Full Data Monthly v2020 0.25deg (PSL)
pagar_alam,1986,4,234.11,-4.125,103.375,GPCC Full Data Monthly v2020 0.25deg (PSL)
pagar_alam,1986,5,192.38,-4.125,103.375,GPCC Full Data Monthly v2020 0.25deg (PSL)
pagar_alam,1986,6,113.94,-4.125,103.375,GPCC Full Data Monthly v2020 0.25deg (PSL)
pagar_alam,1986,7,168.25,-4.125,103.375,GPCC Full Data Monthly v2020 0.25deg (PSL)
pagar_alam,1986,8,117.47,-4.125,103.375,GPCC Full Data Monthly v2020 0.25deg (PSL)
pagar_alam,1986,9,291.84,-4.125,103.375,GPCC Full Data Monthly v2020 0.25deg (PSL)
pagar_alam,1986,10,493.05,-4.125,103.375,GPCC Full Data Monthly v2020 0.25deg (PSL)
pagar_alam,1986,11,234.3,-4.125,103.375,GPCC Full Data Monthly v2020 0.25deg (PSL)
pagar_alam,1986,12,235.03,-4.125,103.375,GPCC Full Data Monthly v2020 0.25deg (PSL)
pagar_alam,1987,1,205.35,-4.125,103.375,GPCC Full Data Monthly v2020 0.25deg (PSL)
pagar_alam,1987,2,205.05,-4.125,103.375,GPCC Full Data Monthly v2020 0.25deg (PSL)
pagar_alam,1987,3,187.31,-4.125,103.375,GPCC Full Data Monthly v2020 0.25deg (PSL)
pagar_alam,1987,4,449.21,-4.125,103.375,GPCC Full Data Monthly v2020 0.25deg (PSL)
pagar_alam,1987,5,208.5,-4.125,103.375,GPCC Full Data Monthly v2020 0.25deg (PSL)
pagar_alam,1987,6,91.02,-4.125,103.375,GPCC Full Data Monthly v2020 0.25deg (PSL)
pagar_alam,1987,7,87.32,-4.125,103.375,GPCC Full Data Monthly v2020 0.25deg (PSL)
pagar_alam,1987,8,62.54,-4.125,103.375,GPCC Full Data Monthly v2020 0.25deg (PSL)
pagar_alam,1987,9,105.06,-4.125,103.375,GPCC Full Data Monthly v2020 0.25deg (PSL)
pagar_alam,1987,10,173.35,-4.125,103.375,GPCC Full Data Monthly v2020 0.25deg (PSL)
pagar_alam,1987,11,266.23,-4.125,103.375,GPCC Full Data Monthly v2020 0.25deg (PSL)
pagar_alam,1987,12,484.31,-4.125,103.375,GPCC Full Data Monthly v2020 0.25deg (PSL)
pagar_alam,1988,1,526.06,-4.125,103.375,GPCC Full Data Monthly v2020 0.25deg (PSL)
pagar_alam,1988,2,80.84,-4.125,103.375,GPCC Full Data Monthly v2020 0.25deg (PSL)
pagar_alam,1988,3,368.55,-4.125,103.375,GPCC Full Data Monthly v2020 0.25deg (PSL)
pagar_alam,1988,4,86.83,-4.125,103.375,GPCC Full Data Monthly v2020 0.25deg (PSL)
pagar_alam,1988,5,254.95,-4.125,103.375,GPCC Full Data Monthly v2020 0.25deg (PSL)
pagar_alam,1988,6,94.07,-4.125,103.375,GPCC Full Data Monthly v2020 0.25deg (PSL)
pagar_alam,1988,7,101.74,-4.125,103.375,GPCC Full Data Monthly v2020 0.25deg (PSL)
pagar_alam,1988,8,163.22,-4.125,103.375,GPCC Full Data Monthly v2020 0.25deg (PSL)
pagar_alam,1988,9,341.19,-4.125,103.375,GPCC Full Data Monthly v2020 0.25deg (PSL)
pagar_alam,1988,10,132.64,-4.125,103.375,GPCC Full Data Monthly v2020 0.25deg (PSL)
pagar_alam,1988,11,417.23,-4.125,103.375,GPCC Full Data Monthly v2020 0.25deg (PSL)
pagar_alam,1988,12,217.27,-4.125,103.375,GPCC Full Data Monthly v2020 0.25deg (PSL)
pagar_alam,1989,1,552.83,-4.125,103.375,GPCC Full Data Monthly v2020 0.25deg (PSL)
pagar_alam,1989,2,280.21,-4.125,103.375,GPCC Full Data Monthly v2020 0.25deg (PSL)
pagar_alam,1989,3,362.33,-4.125,103.375,GPCC Full Data Monthly v2020 0.25deg (PSL)
pagar_alam,1989,4,221.87,-4.125,103.375,GPCC Full Data Monthly v2020 0.25deg (PSL)
pagar_alam,1989,5,249.34,-4.125,103.375,GPCC Full Data Monthly v2020 0.25deg (PSL)
pagar_alam,1989,6,123.84,-4.125,103.375,GPCC Full Data Monthly v2020 0.25deg (PSL)
pagar_alam,1989,7,111.43,-4.125,103.375,GPCC Full Data Monthly v2020 0.25deg (PSL)
pagar_alam,1989,8,184.12,-4.125,103.375,GPCC Full Data Monthly v2020 0.25deg (PSL)
pagar_alam,1989,9,193.73,-4.125,103.375,GPCC Full Data Monthly v2020 0.25deg (PSL)
pagar_alam,1989,10,266.2,-4.125,103.375,GPCC Full Data Monthly v2020 0.25deg (PSL)
pagar_alam,1989,11,396.56,-4.125,103.375,GPCC Full Data Monthly v2020 0.25deg (PSL)
pagar_alam,1989,12,198.86,-4.125,103.375,GPCC Full Data Monthly v2020 0.25deg (PSL)
pagar_alam,1990,1,243.07,-4.125,103.375,GPCC Full Data Monthly v2020 0.25deg (PSL)
pagar_alam,1990,2,270.15,-4.125,103.375,GPCC Full Data Monthly v2020 0.25deg (PSL)
pagar_alam,1990,3,215.05,-4.125,103.375,GPCC Full Data Monthly v2020 0.25deg (PSL)
pagar_alam,1990,4,295.76,-4.125,103.375,GPCC Full Data Monthly v2020 0.25deg (PSL)
pagar_alam,1990,5,174.4,-4.125,103.375,GPCC Full Data Monthly v2020 0.25deg (PSL)
pagar_alam,1990,6,285.52,-4.125,103.375,GPCC Full Data Monthly v2020 0.25deg (PSL)
pagar_alam,1990,7,141.17,-4.125,103.375,GPCC Full Data Monthly v2020 0.25deg (PSL)
pagar_alam,1990,8,136.65,-4.125,103.375,GPCC Full Data Monthly v2020 0.25deg (PSL)
pagar_alam,1990,9,155.96,-4.125,103.375,GPCC Full Data Monthly v2020 0.25deg (PSL)
pagar_alam,1990,10,164.26,-4.125,103.375,GPCC Full Data Monthly v2020 0.25deg (PSL)
pagar_alam,1990,11,182.6,-4.125,103.375,GPCC Full Data Monthly v2020 0.25deg (PSL)
pagar_alam,1990,12,366.41,-4.125,103.375,GPCC Full Data Monthly v2020 0.25deg (PSL)
pagar_alam,1991,1,506.7,-4.125,103.375,GPCC Full Data Monthly v2020 0.25deg (PSL)
pagar_alam,1991,2,348.32,-4.125,103.375,GPCC Full Data Monthly v2020 0.25deg (PSL)
pagar_alam,1991,3,215.56,-4.125,103.375,GPCC Full Data Monthly v2020 0.25deg (PSL)
pagar_alam,1991,4,356.13,-4.125,103.375,GPCC Full Data Monthly v2020 0.25deg (PSL)
pagar_alam,1991,5,302.87,-4.125,103.375,GPCC Full Data Monthly v2020 0.25deg (PSL)
pagar_alam,1991,6,9.57,-4.125,103.375,GPCC Full Data Monthly v2020 0.25deg (PSL)
pagar_alam,1991,7,51.45,-4.125,103.375,GPCC Full Data Monthly v2020 0.25deg (PSL)
pagar_alam,1991,8,71.73,-4.125,103.375,GPCC Full Data Monthly v2020 0.25deg (PSL)
pagar_alam,1991,9,23.34,-4.125,103.375,GPCC Full Data Monthly v2020 0.25deg (PSL)
pagar_alam,1991,10,134.88,-4.125,103.375,GPCC Full Data Monthly v2020 0.25deg (PSL)
pagar_alam,1991,11,263.38,-4.125,103.375,GPCC Full Data Monthly v2020 0.25deg (PSL)
pagar_alam,1991,12,410.67,-4.125,103.375,GPCC Full Data Monthly v2020 0.25deg (PSL)
pagar_alam,1992,1,122.2,-4.125,103.375,GPCC Full Data Monthly v2020 0.25deg (PSL)
pagar_alam,1992,2,229.82,-4.125,103.375,GPCC Full Data Monthly v2020 0.25deg (PSL)
pagar_alam,1992,3,367.95,-4.125,103.375,GPCC Full Data Monthly v2020 0.25deg (PSL)
pagar_alam,1992,4,248.84,-4.125,103.375,GPCC Full Data Monthly v2020 0.25deg (PSL)
pagar_alam,1992,5,226.54,-4.125,103.375,GPCC Full Data Monthly v2020 0.25deg (PSL)
pagar_alam,1992,6,58.97,-4.125,103.375,GPCC Full Data Monthly v2020 0.25deg (PSL)
pagar_alam,1992,7,181.55,-4.125,103.375,GPCC Full Data Monthly v2020 0.25deg (PSL)
pagar_alam,1992,8,181.78,-4.125,103.375,GPCC Full Data Monthly v2020 0.25deg (PSL)
pagar_alam,1992,9,128.95,-4.125,103.375,GPCC Full Data Monthly v2020 0.25deg (PSL)
pagar_alam,1992,10,287.98,-4.125,103.375,GPCC Full Data Monthly v2020 0.25deg (PSL)
pagar_alam,1992,11,270.47,-4.125,103.375,GPCC Full Data Monthly v2020 0.25deg (PSL)
pagar_alam,1992,12,194.88,-4.125,103.375,GPCC Full Data Monthly v2020 0.25deg (PSL)
pagar_alam,1993,1,401.1,-4.125,103.375,GPCC Full Data Monthly v2020 0.25deg (PSL)
pagar_alam,1993,2,122.45,-4.125,103.375,GPCC Full Data Monthly v2020 0.25deg (PSL)
pagar_alam,1993,3,144.54,-4.125,103.375,GPCC Full Data Monthly v2020 0.25deg (PSL)
pagar_alam,1993,4,254.55,-4.125,103.375,GPCC Full Data Monthly v2020 0.25deg (PSL)
pagar_alam,1993,5,323.62,-4.125,103.375,GPCC Full Data Monthly v2020 0.25deg (PSL)
pagar_alam,1993,6,112.29,-4.125,103.375,GPCC Full Data Monthly v2020 0.25deg (PSL)
pagar_alam,1993,7,171.13,-4.125,103.375,GPCC Full Data Monthly v2020 0.25deg (PSL)
pagar_alam,1993,8,79.36,-4.125,103.375,GPCC Full Data Monthly v2020 0.25deg (PSL)
pagar_alam,1993,9,120.74,-4.125,103.375,GPCC Full Data Monthly v2020 0.25deg (PSL)
pagar_alam,1993,10,174.57,-4.125,103.375,GPCC Full Data Monthly v2020 0.25deg (PSL)
pagar_alam,1993,11,335.55,-4.125,103.375,GPCC Full Data Monthly v2020 0.25deg (PSL)
pagar_alam,1993,12,391.66,-4.125,103.375,GPCC Full Data Monthly v2020 0.25deg (PSL)
pagar_alam,1994,1,354.35,-4.125,103.375,GPCC Full Data Monthly v2020 0.25deg (PSL)
pagar_alam,1994,2,324.01,-4.125,103.375,GPCC Full Data Monthly v2020 0.25deg (PSL)
pagar_alam,1994,3,271.38,-4.125,103.375,GPCC Full Data Monthly v2020 0.25deg (PSL)
pagar_alam,1994,4,269.61,-4.125,103.375,GPCC Full Data Monthly v2020 0.25deg (PSL)
pagar_alam,1994,5,113.43,-4.125,103.375,GPCC Full Data Monthly v2020 0.25deg (PSL)
pagar_alam,1994,6,84.01,-4.125,103.375,GPCC Full Data Monthly v2020 0.25deg (PSL)
pagar_alam,1994,7,0.0,-4.125,103.375,GPCC Full Data Monthly v2020 0.25deg (PSL)
pagar_alam,1994,8,6.59,-4.125,103.375,GPCC Full Data Monthly v2020 0.25deg (PSL)
pagar_alam,1994,9,0.0,-4.125,103.375,GPCC Full Data Monthly v2020 0.25deg (PSL)
pagar_alam,1994,10,37.59,-4.125,103.375,GPCC Full Data Monthly v2020 0.25deg (PSL)
pagar_alam,1994,11,168.71,-4.125,103.375,GPCC Full Data Monthly v2020 0.25deg (PSL)
pagar_alam,1994,12,451.24,-4.125,103.375,GPCC Full Data Monthly v2020 0.25deg (PSL)
pagar_alam,1995,1,623.1,-4.125,103.375,GPCC Full Data Monthly v2020 0.25deg (PSL)
pagar_alam,1995,2,429.89,-4.125,103.375,GPCC Full Data Monthly v2020 0.25deg (PSL)
pagar_alam,1995,3,274.04,-4.125,103.375,GPCC Full Data Monthly v2020 0.25deg (PSL)
pagar_alam,1995,4,246.07,-4.125,103.375,GPCC Full Data Monthly v2020 0.25deg (PSL)
pagar_alam,1995,5,303.05,-4.125,103.375,GPCC Full Data Monthly v2020 0.25deg (PSL)
pagar_alam,1995,6,145.92,-4.125,103.375,GPCC Full Data Monthly v2020 0.25deg (PSL)
pagar_alam,1995,7,162.39,-4.125,103.375,GPCC Full Data Monthly v2020 0.25deg (PSL)
pagar_alam,1995,8,54.28,-4.125,103.375,GPCC Full Data Monthly v2020 0.25deg (PSL)
pagar_alam,1995,9,120.82,-4.125,103.375,GPCC Full Data Monthly v2020 0.25deg (PSL)
pagar_alam,1995,10,258.37,-4.125,103.375,GPCC Full Data Monthly v2020 0.25deg (PSL)
pagar_alam,1995,11,295.57,-4.125,103.375,GPCC Full Data Monthly v2020 0.25deg (PSL)
pagar_alam,1995,12,199.29,-4.125,103.375,GPCC Full Data Monthly v2020 0.25deg (PSL)
pagar_alam,1996,1,272.74,-4.125,103.375,GPCC Full Data Monthly v2020 0.25deg (PSL)
pagar_alam,1996,2,260.94,-4.125,103.375,GPCC Full Data Monthly v2020 0.25deg (PSL)
pagar_alam,1996,3,248.78,-4.125,103.375,GPCC Full Data Monthly v2020 0.25deg (PSL)
pagar_alam,1996,4,281.45,-4.125,103.375,GPCC Full Data Monthly v2020 0.25deg (PSL)
pagar_alam,1996,5,100.94,-4.125,103.375,GPCC Full Data Monthly v2020 0.25deg (PSL)
pagar_alam,1996,6,166.08,-4.125,103.375,GPCC Full Data Monthly v2020 0.25deg (PSL)
pagar_alam,1996,7,93.64,-4.125,103.375,GPCC Full Data Monthly v2020 0.25deg (PSL)
pagar_alam,1996,8,250.24,-4.125,103.375,GPCC Full Data Monthly v2020 0.25deg (PSL)
pagar_alam,1996,9,263.69,-4.125,103.375,GPCC Full Data Monthly v2020 0.25deg (PSL)
pagar_alam,1996,10,227.75,-4.125,103.375,GPCC Full Data Monthly v2020 0.25deg (PSL)
pagar_alam,1996,11,179.87,-4.125,103.375,GPCC Full Data Monthly v2020 0.25deg (PSL)
pagar_alam,1996,12,489.29,-4.125,103.375,GPCC Full Data Monthly v2020 0.25deg (PSL)
pagar_alam,1997,1,199.7,-4.125,103.375,GPCC Full Data Monthly v2020 0.25deg (PSL)
pagar_alam,1997,2,117.52,-4.125,103.375,GPCC Full Data Monthly v2020 0.25deg (PSL)
pagar_alam,1997,3,101.12,-4.125,103.375,GPCC Full Data Monthly v2020 0.25deg (PSL)
pagar_alam,1997,4,208.44,-4.125,103.375,GPCC Full Data Monthly v2020 0.25deg (PSL)
pagar_alam,1997,5,216.57,-4.125,103.375,GPCC Full Data Monthly v2020 0.25deg (PSL)
pagar_alam,1997,6,25.48,-4.125,103.375,GPCC Full Data Monthly v2020 0.25deg (PSL)
pagar_alam,1997,7,39.38,-4.125,103.375,GPCC Full Data Monthly v2020 0.25deg (PSL)
pagar_alam,1997,8,35.52,-4.125,103.375,GPCC Full Data Monthly v2020 0.25deg (PSL)
pagar_alam,1997,9,0.0,-4.125,103.375,GPCC Full Data Monthly v2020 0.25deg (PSL)
pagar_alam,1997,10,0.0,-4.125,103.375,GPCC Full Data Monthly v2020 0.25deg (PSL)
pagar_alam,1997,11,85.27,-4.125,103.375,GPCC Full Data Monthly v2020 0.25deg (PSL)
pagar_alam,1997,12,89.94,-4.125,103.375,GPCC Full Data Monthly v2020 0.25deg (PSL)
pagar_alam,1998,1,265.81,-4.125,103.375,GPCC Full Data Monthly v2020 0.25deg (PSL)
pagar_alam,1998,2,246.48,-4.125,103.375,GPCC Full Data Monthly v2020 0.25deg (PSL)
pagar_alam,1998,3,247.13,-4.125,103.375,GPCC Full Data Monthly v2020 0.25deg (PSL)
pagar_alam,1998,4,392.39,-4.125,103.375,GPCC Full Data Monthly v2020 0.25deg (PSL)
pagar_alam,1998,5,334.37,-4.125,103.375,GPCC Full Data Monthly v2020 0.25deg (PSL)
pagar_alam,1998,6,126.43,-4.125,103.375,GPCC Full Data Monthly v2020 0.25deg (PSL)
pagar_alam,1998,7,273.71,-4.125,103.375,GPCC Full Data Monthly v2020 0.25deg (PSL)
pagar_alam,1998,8,322.31,-4.125,103.375,GPCC Full Data Monthly v2020 0.25deg (PSL)
pagar_alam,1998,9,271.39,-4.125,103.375,GPCC Full Data Monthly v2020 0.25deg (PSL)
pagar_alam,1998,10,316.55,-4.125,103.375,GPCC Full Data Monthly v2020 0.25deg (PSL)
pagar_alam,1998,11,171.94,-4.125,103.375,GPCC Full Data Monthly v2020 0.25deg (PSL)
pagar_alam,1998,12,297.89,-4.125,103.375,GPCC Full Data Monthly v2020 0.25deg (PSL)
pagar_alam,1999,1,346.38,-4.125,103.375,GPCC Full Data Monthly v2020 0.25deg (PSL)
pagar_alam,1999,2,259.86,-4.125,103.375,GPCC Full Data Monthly v2020 0.25deg (PSL)
pagar_alam,1999,3,206.25,-4.125,103.375,GPCC Full Data Monthly v2020 0.25deg (PSL)
pagar_alam,1999,4,159.86,-4.125,103.375,GPCC Full Data Monthly v2020 0.25deg (PSL)
pagar_alam,1999,5,165.76,-4.125,103.375,GPCC Full Data Monthly v2020 0.25deg (PSL)
pagar_alam,1999,6,149.49,-4.125,103.375,GPCC Full Data Monthly v2020 0.25deg (PSL)
pagar_alam,1999,7,122.21,-4.125,103.375,GPCC Full Data Monthly v2020 0.25deg (PSL)
pagar_alam,1999,8,148.94,-4.125,103.375,GPCC Full Data Monthly v2020 0.25deg (PSL)
pagar_alam,1999,9,81.54,-4.125,103.375,GPCC Full Data Monthly v2020 0.25deg (PSL)
pagar_alam,1999,10,408.56,-4.125,103.375,GPCC Full Data Monthly v2020 0.25deg (PSL)
pagar_alam,1999,11,349.46,-4.125,103.375,GPCC Full Data Monthly v2020 0.25deg (PSL)
pagar_alam,1999,12,372.04,-4.125,103.375,GPCC Full Data Monthly v2020 0.25deg (PSL)
pagar_alam,2000,1,376.56,-4.125,103.375,GPCC Full Data Monthly v2020 0.25deg (PSL)
pagar_alam,2000,2,168.49,-4.125,103.375,GPCC Full Data Monthly v2020 0.25deg (PSL)
pagar_alam,2000,3,136.59,-4.125,103.375,GPCC Full Data Monthly v2020 0.25deg (PSL)
pagar_alam,2000,4,360.14,-4.125,103.375,GPCC Full Data Monthly v2020 0.25deg (PSL)
pagar_alam,2000,5,126.58,-4.125,103.375,GPCC Full Data Monthly v2020 0.25deg (PSL)
pagar_alam,2000,6,203.77,-4.125,103.375,GPCC Full Data Monthly v2020 0.25deg (PSL)
pagar_alam,2000,7,151.72,-4.125,103.375,GPCC Full Data Monthly v2020 0.25deg (PSL)
pagar_alam,2000,8,193.86,-4.125,103.375,GPCC Full Data Monthly v2020 0.25deg (PSL)
pagar_alam,2000,9,82.85,-4.125,103.375,GPCC Full Data Monthly v2020 0.25deg (PSL)
pagar_alam,2000,10,282.43,-4.125,103.375,GPCC Full Data Monthly v2020 0.25deg (PSL)
pagar_alam,2000,11,399.07,-4.125,103.375,GPCC Full Data Monthly v2020 0.25deg (PSL)
pagar_alam,2000,12,474.01,-4.125,103.375,GPCC Full Data Monthly v2020 0.25deg (PSL)
pagar_alam,2001,1,294.57,-4.125,103.375,GPCC Full Data Monthly v2020 0.25deg (PSL)
pagar_alam,2001,2,479.43,-4.125,103.375,GPCC Full Data Monthly v2020 0.25deg (PSL)
pagar_alam,2001,3,302.41,-4.125,103.375,GPCC Full Data Monthly v2020 0.25deg (PSL)
pagar_alam,2001,4,243.78,-4.125,103.375,GPCC Full Data Monthly v2020 0.25deg (PSL)
pagar_alam,2001,5,268.73,-4.125,103.375,GPCC Full Data Monthly v2020 0.25deg (PSL)
pagar_alam,2001,6,74.15,-4.125,103.375,GPCC Full Data Monthly v2020 0.25deg (PSL)
pagar_alam,2001,7,111.72,-4.125,103.375,GPCC Full Data Monthly v2020 0.25deg (PSL)
pagar_alam,2001,8,105.48,-4.125,103.375,GPCC Full Data Monthly v2020 0.25deg (PSL)
pagar_alam,2001,9,206.84,-4.125,103.375,GPCC Full Data Monthly v2020 0.25deg (PSL)
pagar_alam,2001,10,383.85,-4.125,103.375,GPCC Full Data Monthly v2020 0.25deg (PSL)
pagar_alam,2001,11,250.08,-4.125,103.375,GPCC Full Data Monthly v2020 0.25deg (PSL)
pagar_alam,2001,12,272.53,-4.125,103.375,GPCC Full Data Monthly v2020 0.25deg (PSL)
pagar_alam,2002,1,382.1,-4.125,103.375,GPCC Full Data Monthly v2020 0.25deg (PSL)
pagar_alam,2002,2,226.71,-4.125,103.375,GPCC Full Data Monthly v2020 0.25deg (PSL)
pagar_alam,2002,3,312.25,-4.125,103.375,GPCC Full Data Monthly v2020 0.25deg (PSL)
pagar_alam,2002,4,350.88,-4.125,103.375,GPCC Full Data Monthly v2020 0.25deg (PSL)
pagar_alam,2002,5,227.98,-4.125,103.375,GPCC Full Data Monthly v2020 0.25deg (PSL)
pagar_alam,2002,6,78.56,-4.125,103.375,GPCC Full Data Monthly v2020 0.25deg (PSL)
pagar_alam,2002,7,109.7,-4.125,103.375,GPCC Full Data Monthly v2020 0.25deg (PSL)
pagar_alam,2002,8,75.35,-4.125,103.375,GPCC Full Data Monthly v2020 0.25deg (PSL)
pagar_alam,2002,9,130.15,-4.125,103.375,GPCC Full Data Monthly v2020 0.25deg (PSL)
pagar_alam,2002,10,0.0,-4.125,103.375,GPCC Full Data Monthly v2020 0.25deg (PSL)
pagar_alam,2002,11,255.49,-4.125,103.375,GPCC Full Data Monthly v2020 0.25deg (PSL)
pagar_alam,2002,12,339.24,-4.125,103.375,GPCC Full Data Monthly v2020 0.25deg (PSL)
pagar_alam,2003,1,292.95,-4.125,103.375,GPCC Full Data Monthly v2020 0.25deg (PSL)
pagar_alam,2003,2,292.42,-4.125,103.375,GPCC Full Data Monthly v2020 0.25deg (PSL)
pagar_alam,2003,3,144.52,-4.125,103.375,GPCC Full Data Monthly v2020 0.25deg (PSL)
pagar_alam,2003,4,358.77,-4.125,103.375,GPCC Full Data Monthly v2020 0.25deg (PSL)
pagar_alam,2003,5,192.13,-4.125,103.375,GPCC Full Data Monthly v2020 0.25deg (PSL)
pagar_alam,2003,6,25.96,-4.125,103.375,GPCC Full Data Monthly v2020 0.25deg (PSL)
pagar_alam,2003,7,88.52,-4.125,103.375,GPCC Full Data Monthly v2020 0.25deg (PSL)
pagar_alam,2003,8,193.72,-4.125,103.375,GPCC Full Data Monthly v2020 0.25deg (PSL)
pagar_alam,2003,9,79.88,-4.125,103.375,GPCC Full Data Monthly v2020 0.25deg (PSL)
pagar_alam,2003,10,401.28,-4.125,103.375,GPCC Full Data Monthly v2020 0.25deg (PSL)
pagar_alam,2003,11,179.26,-4.125,103.375,GPCC Full Data Monthly v2020 0.25deg (PSL)
pagar_alam,2003,12,338.71,-4.125,103.375,GPCC Full Data Monthly v2020 0.25deg (PSL)
pagar_alam,2004,1,146.96,-4.125,103.375,GPCC Full Data Monthly v2020 0.25deg (PSL)
pagar_alam,2004,2,147.16,-4.125,103.375,GPCC Full Data Monthly v2020 0.25deg (PSL)
pagar_alam,2004,3,116.93,-4.125,103.375,GPCC Full Data Monthly v2020 0.25deg (PSL)
pagar_alam,2004,4,310.58,-4.125,103.375,GPCC Full Data Monthly v2020 0.25deg (PSL)
pagar_alam,2004,5,434.71,-4.125,103.375,GPCC Full Data Monthly v2020 0.25deg (PSL)
pagar_alam,2004,6,7.16,-4.125,103.375,GPCC Full Data Monthly v2020 0.25deg (PSL)
pagar_alam,2004,7,119.14,-4.125,103.375,GPCC Full Data Monthly v2020 0.25deg (PSL)
pagar_alam,2004,8,105.12,-4.125,103.375,GPCC Full Data Monthly v2020 0.25deg (PSL)
pagar_alam,2004,9,142.22,-4.125,103.375,GPCC Full Data Monthly v2020 0.25deg (PSL)
pagar_alam,2004,10,114.69,-4.125,103.375,GPCC Full Data Monthly v2020 0.25deg (PSL)
pagar_alam,2004,11,269.66,-4.125,103.375,GPCC Full Data Monthly v2020 0.25deg (PSL)
pagar_alam,2004,12,383.0,-4.125,103.375,GPCC Full Data Monthly v2020 0.25deg (PSL)
pagar_alam,2005,1,348.82,-4.125,103.375,GPCC Full Data Monthly v2020 0.25deg (PSL)
pagar_alam,2005,2,181.96,-4.125,103.375,GPCC Full Data Monthly v2020 0.25deg (PSL)
pagar_alam,2005,3,342.79,-4.125,103.375,GPCC Full Data Monthly v2020 0.25deg (PSL)
pagar_alam,2005,4,204.56,-4.125,103.375,GPCC Full Data Monthly v2020 0.25deg (PSL)
pagar_alam,2005,5,270.72,-4.125,103.375,GPCC Full Data Monthly v2020 0.25deg (PSL)
pagar_alam,2005,6,254.75,-4.125,103.375,GPCC Full Data Monthly v2020 0.25deg (PSL)
pagar_alam,2005,7,185.61,-4.125,103.375,GPCC Full Data Monthly v2020 0.25deg (PSL)
pagar_alam,2005,8,209.1,-4.125,103.375,GPCC Full Data Monthly v2020 0.25deg (PSL)
pagar_alam,2005,9,92.76,-4.125,103.375,GPCC Full Data Monthly v2020 0.25deg (PSL)
pagar_alam,2005,10,304.37,-4.125,103.375,GPCC Full Data Monthly v2020 0.25deg (PSL)
pagar_alam,2005,11,356.25,-4.125,103.375,GPCC Full Data Monthly v2020 0.25deg (PSL)
pagar_alam,2005,12,523.36,-4.125,103.375,GPCC Full Data Monthly v2020 0.25deg (PSL)
pagar_alam,2006,1,504.17,-4.125,103.375,GPCC Full Data Monthly v2020 0.25deg (PSL)
pagar_alam,2006,2,400.78,-4.125,103.375,GPCC Full Data Monthly v2020 0.25deg (PSL)
pagar_alam,2006,3,235.4,-4.125,103.375,GPCC Full Data Monthly v2020 0.25deg (PSL)
pagar_alam,2006,4,342.46,-4.125,103.375,GPCC Full Data Monthly v2020 0.25deg (PSL)
pagar_alam,2006,5,86.74,-4.125,103.375,GPCC Full Data Monthly v2020 0.25deg (PSL)
pagar_alam,2006,6,222.52,-4.125,103.375,GPCC Full Data Monthly v2020 0.25deg (PSL)
pagar_alam,2006,7,130.66,-4.125,103.375,GPCC Full Data Monthly v2020 0.25deg (PSL)
pagar_alam,2006,8,14.24,-4.125,103.375,GPCC Full Data Monthly v2020 0.25deg (PSL)
pagar_alam,2006,9,0.0,-4.125,103.375,GPCC Full Data Monthly v2020 0.25deg (PSL)
pagar_alam,2006,10,0.0,-4.125,103.375,GPCC Full Data Monthly v2020 0.25deg (PSL)
pagar_alam,2006,11,0.0,-4.125,103.375,GPCC Full Data Monthly v2020 0.25deg (PSL)
pagar_alam,2006,12,294.53,-4.125,103.375,GPCC Full Data Monthly v2020 0.25deg (PSL)
pagar_alam,2007,1,445.97,-4.125,103.375,GPCC Full Data Monthly v2020 0.25deg (PSL)
pagar_alam,2007,2,197.78,-4.125,103.375,GPCC Full Data Monthly v2020 0.25deg (PSL)
pagar_alam,2007,3,246.59,-4.125,103.375,GPCC Full Data Monthly v2020 0.25deg (PSL)
pagar_alam,2007,4,253.42,-4.125,103.375,GPCC Full Data Monthly v2020 0.25deg (PSL)
pagar_alam,2007,5,210.47,-4.125,103.375,GPCC Full Data Monthly v2020 0.25deg (PSL)
pagar_alam,2007,6,170.67,-4.125,103.375,GPCC Full Data Monthly v2020 0.25deg (PSL)
pagar_alam,2007,7,187.72,-4.125,103.375,GPCC Full Data Monthly v2020 0.25deg (PSL)
pagar_alam,2007,8,49.55,-4.125,103.375,GPCC Full Data Monthly v2020 0.25deg (PSL)
pagar_alam,2007,9,122.94,-4.125,103.375,GPCC Full Data Monthly v2020 0.25deg (PSL)
pagar_alam,2007,10,164.15,-4.125,103.375,GPCC Full Data Monthly v2020 0.25deg (PSL)
pagar_alam,2007,11,91.46,-4.125,103.375,GPCC Full Data Monthly v2020 0.25deg (PSL)
pagar_alam,2007,12,301.61,-4.125,103.375,GPCC Full Data Monthly v2020 0.25deg (PSL)
pagar_alam,2008,1,216.06,-4.125,103.375,GPCC Full Data Monthly v2020 0.25deg (PSL)
pagar_alam,2008,2,160.39,-4.125,103.375,GPCC Full Data Monthly v2020 0.25deg (PSL)
pagar_alam,2008,3,404.38,-4.125,103.375,GPCC Full Data Monthly v2020 0.25deg (PSL)
pagar_alam,2008,4,337.36,-4.125,103.375,GPCC Full Data Monthly v2020 0.25deg (PSL)
pagar_alam,2008,5,92.08,-4.125,103.375,GPCC Full Data Monthly v2020 0.25deg (PSL)
pagar_alam,2008,6,62.5,-4.125,103.375,GPCC Full Data Monthly v2020 0.25deg (PSL)
pagar_alam,2008,7,16.41,-4.125,103.375,GPCC Full Data Monthly v2020 0.25deg (PSL)
pagar_alam,2008,8,243.9,-4.125,103.375,GPCC Full Data Monthly v2020 0.25deg (PSL)
pagar_alam,2008,9,142.66,-4.125,103.375,GPCC Full Data Monthly v2020 0.25deg (PSL)
pagar_alam,2008,10,230.6,-4.125,103.375,GPCC Full Data Monthly v2020 0.25deg (PSL)
pagar_alam,2008,11,497.48,-4.125,103.375,GPCC Full Data Monthly v2020 0.25deg (PSL)
pagar_alam,2008,12,646.78,-4.125,103.375,GPCC Full Data Monthly v2020 0.25deg (PSL)
pagar_alam,2009,1,301.52,-4.125,103.375,GPCC Full Data Monthly v2020 0.25deg (PSL)
pagar_alam,2009,2,305.32,-4.125,103.375,GPCC Full Data Monthly v2020 0.25deg (PSL)
pagar_alam,2009,3,295.79,-4.125,103.375,GPCC Full Data Monthly v2020 0.25deg (PSL)
pagar_alam,2009,4,460.51,-4.125,103.375,GPCC Full Data Monthly v2020 0.25deg (PSL)
pagar_alam,2009,5,183.0,-4.125,103.375,GPCC Full Data Monthly v2020 0.25deg (PSL)
pagar_alam,2009,6,193.65,-4.125,103.375,GPCC Full Data Monthly v2020 0.25deg (PSL)
pagar_alam,2009,7,86.89,-4.125,103.375,GPCC Full Data Monthly v2020 0.25deg (PSL)
pagar_alam,2009,8,130.43,-4.125,103.375,GPCC Full Data Monthly v2020 0.25deg (PSL)
pagar_alam,2009,9,175.76,-4.125,103.375,GPCC Full Data Monthly v2020 0.25deg (PSL)
pagar_alam,2009,10,288.77,-4.125,103.375,GPCC Full Data Monthly v2020 0.25deg (PSL)
pagar_alam,2009,11,310.05,-4.125,103.375,GPCC Full Data Monthly v2020 0.25deg (PSL)
pagar_alam,2009,12,421.26,-4.125,103.375,GPCC Full Data Monthly v2020 0.25deg (PSL)
pagar_alam,2010,1,217.46,-4.125,103.375,GPCC Full Data Monthly v2020 0.25deg (PSL)
pagar_alam,2010,2,378.7,-4.125,103.375,GPCC Full Data Monthly v2020 0.25deg (PSL)
pagar_alam,2010,3,472.13,-4.125,103.375,GPCC Full Data Monthly v2020 0.25deg (PSL)
pagar_alam,2010,4,234.49,-4.125,103.375,GPCC Full Data Monthly v2020 0.25deg (PSL)
pagar_alam,2010,5,187.19,-4.125,103.375,GPCC Full Data Monthly v2020 0.25deg (PSL)
pagar_alam,2010,6,215.97,-4.125,103.375,GPCC Full Data Monthly v2020 0.25deg (PSL)
pagar_alam,2010,7,239.7,-4.125,103.375,GPCC Full Data Monthly v2020 0.25deg (PSL)
pagar_alam,2010,8,228.8,-4.125,103.375,GPCC Full Data Monthly v2020 0.25deg (PSL)
pagar_alam,2010,9,302.69,-4.125,103.375,GPCC Full Data Monthly v2020 0.25deg (PSL)
pagar_alam,2010,10,326.93,-4.125,103.375,GPCC Full Data Monthly v2020 0.25deg (PSL)
pagar_alam,2010,11,185.67,-4.125,103.375,GPCC Full Data Monthly v2020 0.25deg (PSL)
pagar_alam,2010,12,281.38,-4.125,103.375,GPCC Full Data Monthly v2020 0.25deg (PSL)
pagar_alam,2011,1,182.6,-4.125,103.375,GPCC Full Data Monthly v2020 0.25deg (PSL)
pagar_alam,2011,2,64.78,-4.125,103.375,GPCC Full Data Monthly v2020 0.25deg (PSL)
pagar_alam,2011,3,212.4,-4.125,103.375,GPCC Full Data Monthly v2020 0.25deg (PSL)
pagar_alam,2011,4,396.96,-4.125,103.375,GPCC Full Data Monthly v2020 0.25deg (PSL)
pagar_alam,2011,5,269.15,-4.125,103.375,GPCC Full Data Monthly v2020 0.25deg (PSL)
pagar_alam,2011,6,225.23,-4.125,103.375,GPCC Full Data Monthly v2020 0.25deg (PSL)
pagar_alam,2011,7,97.52,-4.125,103.375,GPCC Full Data Monthly v2020 0.25deg (PSL)
pagar_alam,2011,8,76.04,-4.125,103.375,GPCC Full Data Monthly v2020 0.25deg (PSL)
pagar_alam,2011,9,80.02,-4.125,103.375,GPCC Full Data Monthly v2020 0.25deg (PSL)
pagar_alam,2011,10,137.82,-4.125,103.375,GPCC Full Data Monthly v2020 0.25deg (PSL)
pagar_alam,2011,11,160.68,-4.125,103.375,GPCC Full Data Monthly v2020 0.25deg (PSL)
pagar_alam,2011,12,217.95,-4.125,103.375,GPCC Full Data Monthly v2020 0.25deg (PSL)
pagar_alam,2012,1,214.83,-4.125,103.375,GPCC Full Data Monthly v2020 0.25deg (PSL)
pagar_alam,2012,2,222.81,-4.125,103.375,GPCC Full Data Monthly v2020 0.25deg (PSL)
pagar_alam,2012,3,133.68,-4.125,103.375,GPCC Full Data Monthly v2020 0.25deg (PSL)
pagar_alam,2012,4,480.98,-4.125,103.375,GPCC Full Data Monthly v2020 0.25deg (PSL)
pagar_alam,2012,5,198.01,-4.125,103.375,GPCC Full Data Monthly v2020 0.25deg (PSL)
pagar_alam,2012,6,126.39,-4.125,103.375,GPCC Full Data Monthly v2020 0.25deg (PSL)
pagar_alam,2012,7,130.65,-4.125,103.375,GPCC Full Data Monthly v2020 0.25deg (PSL)
pagar_alam,2012,8,62.17,-4.125,103.375,GPCC Full Data Monthly v2020 0.25deg (PSL)
pagar_alam,2012,9,8.94,-4.125,103.375,GPCC Full Data Monthly v2020 0.25deg (PSL)
pagar_alam,2012,10,248.5,-4.125,103.375,GPCC Full Data Monthly v2020 0.25deg (PSL)
pagar_alam,2012,11,381.2,-4.125,103.375,GPCC Full Data Monthly v2020 0.25deg (PSL)
pagar_alam,2012,12,524.33,-4.125,103.375,GPCC Full Data Monthly v2020 0.25deg (PSL)
pagar_alam,2013,1,556.52,-4.125,103.375,GPCC Full Data Monthly v2020 0.25deg (PSL)
pagar_alam,2013,2,441.4,-4.125,103.375,GPCC Full Data Monthly v2020 0.25deg (PSL)
pagar_alam,2013,3,276.45,-4.125,103.375,GPCC Full Data Monthly v2020 0.25deg (PSL)
pagar_alam,2013,4,409.94,-4.125,103.375,GPCC Full Data Monthly v2020 0.25deg (PSL)
pagar_alam,2013,5,263.15,-4.125,103.375,GPCC Full Data Monthly v2020 0.25deg (PSL)
pagar_alam,2013,6,200.11,-4.125,103.375,GPCC Full Data Monthly v2020 0.25deg (PSL)
pagar_alam,2013,7,344.63,-4.125,103.375,GPCC Full Data Monthly v2020 0.25deg (PSL)
pagar_alam,2013,8,118.59,-4.125,103.375,GPCC Full Data Monthly v2020 0.25deg (PSL)
pagar_alam,2013,9,215.8,-4.125,103.375,GPCC Full Data Monthly v2020 0.25deg (PSL)
pagar_alam,2013,10,114.49,-4.125,103.375,GPCC Full Data Monthly v2020 0.25deg (PSL)
pagar_alam,2013,11,342.73,-4.125,103.375,GPCC Full Data Monthly v2020 0.25deg (PSL)
pagar_alam,2013,12,301.26,-4.125,103.375,GPCC Full Data Monthly v2020 0.25deg (PSL)
pagar_alam,2014,1,287.74,-4.125,103.375,GPCC Full Data Monthly v2020 0.25deg (PSL)
pagar_alam,2014,2,170.8,-4.125,103.375,GPCC Full Data Monthly v2020 0.25deg (PSL)
pagar_alam,2014,3,125.57,-4.125,103.375,GPCC Full Data Monthly v2020 0.25deg (PSL)
pagar_alam,2014,4,401.76,-4.125,103.375,GPCC Full Data Monthly v2020 0.25deg (PSL)
pagar_alam,2014,5,299.17,-4.125,103.375,GPCC Full Data Monthly v2020 0.25deg (PSL)
pagar_alam,2014,6,72.87,-4.125,103.375,GPCC Full Data Monthly v2020 0.25deg (PSL)
pagar_alam,2014,7,88.42,-4.125,103.375,GPCC Full Data Monthly v2020 0.25deg (PSL)
pagar_alam,2014,8,255.87,-4.125,103.375,GPCC Full Data Monthly v2020 0.25deg (PSL)
pagar_alam,2014,9,0.0,-4.125,103.375,GPCC Full Data Monthly v2020 0.25deg (PSL)
pagar_alam,2014,10,44.8,-4.125,103.375,GPCC Full Data Monthly v2020 0.25deg (PSL)
pagar_alam,2014,11,500.29,-4.125,103.375,GPCC Full Data Monthly v2020 0.25deg (PSL)
pagar_alam,2014,12,290.7,-4.125,103.375,GPCC Full Data Monthly v2020 0.25deg (PSL)
pagar_alam,2015,1,363.93,-4.125,103.375,GPCC Full Data Monthly v2020 0.25deg (PSL)
pagar_alam,2015,2,272.84,-4.125,103.375,GPCC Full Data Monthly v2020 0.25deg (PSL)
pagar_alam,2015,3,144.31,-4.125,103.375,GPCC Full Data Monthly v2020 0.25deg (PSL)
pagar_alam,2015,4,381.55,-4.125,103.375,GPCC Full Data Monthly v2020 0.25deg (PSL)
pagar_alam,2015,5,52.22,-4.125,103.375,GPCC Full Data Monthly v2020 0.25deg (PSL)
pagar_alam,2015,6,103.55,-4.125,103.375,GPCC Full Data Monthly v2020 0.25deg (PSL)
pagar_alam,2015,7,0.0,-4.125,103.375,GPCC Full Data Monthly v2020 0.25deg (PSL)
pagar_alam,2015,8,97.31,-4.125,103.375,GPCC Full Data Monthly v2020 0.25deg (PSL)
pagar_alam,2015,9,0.0,-4.125,103.375,GPCC Full Data Monthly v2020 0.25deg (PSL)
pagar_alam,2015,10,0.0,-4.125,103.375,GPCC Full Data Monthly v2020 0.25deg (PSL)
pagar_alam,2015,11,112.43,-4.125,103.375,GPCC Full Data Monthly v2020 0.25deg (PSL)
pagar_alam,2015,12,396.08,-4.125,103.375,GPCC Full Data Monthly v2020 0.25deg (PSL)
pagar_alam,2016,1,255.92,-4.125,103.375,GPCC Full Data Monthly v2020 0.25deg (PSL)
pagar_alam,2016,2,345.69,-4.125,103.375,GPCC Full Data Monthly v2020 0.25deg (PSL)
pagar_alam,2016,3,390.6,-4.125,103.375,GPCC Full Data Monthly v2020 0.25deg (PSL)
pagar_alam,2016,4,235.29,-4.125,103.375,GPCC Full Data Monthly v2020 0.25deg (PSL)
pagar_alam,2016,5,231.38,-4.125,103.375,GPCC Full Data Monthly v2020 0.25deg (PSL)
pagar_alam,2016,6,64.56,-4.125,103.375,GPCC Full Data Monthly v2020 0.25deg (PSL)
pagar_alam,2016,7,92.09,-4.125,103.375,GPCC Full Data Monthly v2020 0.25deg (PSL)
pagar_alam,2016,8,394.12,-4.125,103.375,GPCC Full Data Monthly v2020 0.25deg (PSL)
pagar_alam,2016,9,117.81,-4.125,103.375,GPCC Full Data Monthly v2020 0.25deg (PSL)
pagar_alam,2016,10,196.78,-4.125,103.375,GPCC Full Data Monthly v2020 0.25deg (PSL)
pagar_alam,2016,11,386.19,-4.125,103.375,GPCC Full Data Monthly v2020 0.25deg (PSL)
pagar_alam,2016,12,224.96,-4.125,103.375,GPCC Full Data Monthly v2020 0.25deg (PSL)
pagar_alam,2017,1,273.58,-4.125,103.375,GPCC Full Data Monthly v2020 0.25deg (PSL)
pagar_alam,2017,2,388.51,-4.125,103.375,GPCC Full Data Monthly v2020 0.25deg (PSL)
pagar_alam,2017,3,201.11,-4.125,103.375,GPCC Full Data Monthly v2020 0.25deg (PSL)
pagar_alam,2017,4,275.36,-4.125,103.375,GPCC Full Data Monthly v2020 0.25deg (PSL)
pagar_alam,2017,5,250.83,-4.125,103.375,GPCC Full Data Monthly v2020 0.25deg (PSL)
pagar_alam,2017,6,96.84,-4.125,103.375,GPCC Full Data Monthly v2020 0.25deg (PSL)
pagar_alam,2017,7,60.28,-4.125,103.375,GPCC Full Data Monthly v2020 0.25deg (PSL)
pagar_alam,2017,8,200.99,-4.125,103.375,GPCC Full Data Monthly v2020 0.25deg (PSL)
pagar_alam,2017,9,298.64,-4.125,103.375,GPCC Full Data Monthly v2020 0.25deg (PSL)
pagar_alam,2017,10,183.9,-4.125,103.375,GPCC Full Data Monthly v2020 0.25deg (PSL)
pagar_alam,2017,11,220.1,-4.125,103.375,GPCC Full Data Monthly v2020 0.25deg (PSL)
pagar_alam,2017,12,291.22,-4.125,103.375,GPCC Full Data Monthly v2020 0.25deg (PSL)
pagar_alam,2018,1,179.83,-4.125,103.375,GPCC Full Data Monthly v2020 0.25deg (PSL)
pagar_alam,2018,2,193.83,-4.125,103.375,GPCC Full Data Monthly v2020 0.25deg (PSL)
pagar_alam,2018,3,205.12,-4.125,103.375,GPCC Full Data Monthly v2020 0.25deg (PSL)
pagar_alam,2018,4,256.33,-4.125,103.375,GPCC Full Data Monthly v2020 0.25deg (PSL)
pagar_alam,2018,5,148.04,-4.125,103.375,GPCC Full Data Monthly v2020 0.25deg (PSL)
pagar_alam,2018,6,151.53,-4.125,103.375,GPCC Full Data Monthly v2020 0.25deg (PSL)
pagar_alam,2018,7,0.0,-4.125,103.375,GPCC Full Data Monthly v2020 0.25deg (PSL)
pagar_alam,2018,8,242.37,-4.125,103.375,GPCC Full Data Monthly v2020 0.25deg (PSL)
pagar_alam,2018,9,74.25,-4.125,103.375,GPCC Full Data Monthly v2020 0.25deg (PSL)
pagar_alam,2018,10,173.12,-4.125,103.375,GPCC Full Data Monthly v2020 0.25deg (PSL)
pagar_alam,2018,11,292.9,-4.125,103.375,GPCC Full Data Monthly v2020 0.25deg (PSL)
pagar_alam,2018,12,382.88,-4.125,103.375,GPCC Full Data Monthly v2020 0.25deg (PSL)
pagar_alam,2019,1,310.97,-4.125,103.375,GPCC Full Data Monthly v2020 0.25deg (PSL)
pagar_alam,2019,2,135.87,-4.125,103.375,GPCC Full Data Monthly v2020 0.25deg (PSL)
pagar_alam,2019,3,203.14,-4.125,103.375,GPCC Full Data Monthly v2020 0.25deg (PSL)
pagar_alam,2019,4,301.3,-4.125,103.375,GPCC Full Data Monthly v2020 0.25deg (PSL)
pagar_alam,2019,5,100.17,-4.125,103.375,GPCC Full Data Monthly v2020 0.25deg (PSL)
pagar_alam,2019,6,84.98,-4.125,103.375,GPCC Full Data Monthly v2020 0.25deg (PSL)
pagar_alam,2019,7,145.68,-4.125,103.375,GPCC Full Data Monthly v2020 0.25deg (PSL)
pagar_alam,2019,8,0.0,-4.125,103.375,GPCC Full Data Monthly v2020 0.25deg (PSL)
pagar_alam,2019,9,0.0,-4.125,103.375,GPCC Full Data Monthly v2020 0.25deg (PSL)
pagar_alam,2019,10,0.0,-4.125,103.375,GPCC Full Data Monthly v2020 0.25deg (PSL)
pagar_alam,2019,11,0.0,-4.125,103.375,GPCC Full Data Monthly v2020 0.25deg (PSL)
pagar_alam,2019,12,258.65,-4.125,103.375,GPCC Full Data Monthly v2020 0.25deg (PSL)
lahat,1981,1,191.63,-3.875,103.625,GPCC Full Data Monthly v2020 0.25deg (PSL)
lahat,1981,2,146.53,-3.875,103.625,GPCC Full Data Monthly v2020 0.25deg (PSL)
lahat,1981,3,412.62,-3.875,103.625,GPCC Full Data Monthly v2020 0.25deg (PSL)
lahat,1981,4,366.56,-3.875,103.625,GPCC Full Data Monthly v2020 0.25deg (PSL)
lahat,1981,5,119.38,-3.875,103.625,GPCC Full Data Monthly v2020 0.25deg (PSL)
lahat,1981,6,93.59,-3.875,103.625,GPCC Full Data Monthly v2020 0.25deg (PSL)
lahat,1981,7,45.35,-3.875,103.625,GPCC Full Data Monthly v2020 0.25deg (PSL)
lahat,1981,8,132.75,-3.875,103.625,GPCC Full Data Monthly v2020 0.25deg (PSL)
lahat,1981,9,159.88,-3.875,103.625,GPCC Full Data Monthly v2020 0.25deg (PSL)
lahat,1981,10,208.13,-3.875,103.625,GPCC Full Data Monthly v2020 0.25deg (PSL)
lahat,1981,11,293.89,-3.875,103.625,GPCC Full Data Monthly v2020 0.25deg (PSL)
lahat,1981,12,199.27,-3.875,103.625,GPCC Full Data Monthly v2020 0.25deg (PSL)
lahat,1982,1,372.14,-3.875,103.625,GPCC Full Data Monthly v2020 0.25deg (PSL)
lahat,1982,2,303.86,-3.875,103.625,GPCC Full Data Monthly v2020 0.25deg (PSL)
lahat,1982,3,214.57,-3.875,103.625,GPCC Full Data Monthly v2020 0.25deg (PSL)
lahat,1982,4,221.64,-3.875,103.625,GPCC Full Data Monthly v2020 0.25deg (PSL)
lahat,1982,5,214.78,-3.875,103.625,GPCC Full Data Monthly v2020 0.25deg (PSL)
lahat,1982,6,208.59,-3.875,103.625,GPCC Full Data Monthly v2020 0.25deg (PSL)
lahat,1982,7,94.59,-3.875,103.625,GPCC Full Data Monthly v2020 0.25deg (PSL)
lahat,1982,8,46.1,-3.875,103.625,GPCC Full Data Monthly v2020 0.25deg (PSL)
lahat,1982,9,58.74,-3.875,103.625,GPCC Full Data Monthly v2020 0.25deg (PSL)
lahat,1982,10,207.29,-3.875,103.625,GPCC Full Data Monthly v2020 0.25deg (PSL)
lahat,1982,11,177.76,-3.875,103.625,GPCC Full Data Monthly v2020 0.25deg (PSL)
lahat,1982,12,428.89,-3.875,103.625,GPCC Full Data Monthly v2020 0.25deg (PSL)
lahat,1983,1,632.39,-3.875,103.625,GPCC Full Data Monthly v2020 0.25deg (PSL)
lahat,1983,2,226.06,-3.875,103.625,GPCC Full Data Monthly v2020 0.25deg (PSL)
lahat,1983,3,299.38,-3.875,103.625,GPCC Full Data Monthly v2020 0.25deg (PSL)
lahat,1983,4,191.59,-3.875,103.625,GPCC Full Data Monthly v2020 0.25deg (PSL)
lahat,1983,5,371.61,-3.875,103.625,GPCC Full Data Monthly v2020 0.25deg (PSL)
lahat,1983,6,107.15,-3.875,103.625,GPCC Full Data Monthly v2020 0.25deg (PSL)
lahat,1983,7,71.83,-3.875,103.625,GPCC Full Data Monthly v2020 0.25deg (PSL)
lahat,1983,8,59.75,-3.875,103.625,GPCC Full Data Monthly v2020 0.25deg (PSL)
lahat,1983,9,80.35,-3.875,103.625,GPCC Full Data Monthly v2020 0.25deg (PSL)
lahat,1983,10,255.56,-3.875,103.625,GPCC Full Data Monthly v2020 0.25deg (PSL)
lahat,1983,11,250.97,-3.875,103.625,GPCC Full Data Monthly v2020 0.25deg (PSL)
lahat,1983,12,335.56,-3.875,103.625,GPCC Full Data Monthly v2020 0.25deg (PSL)
lahat,1984,1,308.46,-3.875,103.625,GPCC Full Data Monthly v2020 0.25deg (PSL)
lahat,1984,2,180.95,-3.875,103.625,GPCC Full Data Monthly v2020 0.25deg (PSL)
lahat,1984,3,509.43,-3.875,103.625,GPCC Full Data Monthly v2020 0.25deg (PSL)
lahat,1984,4,247.22,-3.875,103.625,GPCC Full Data Monthly v2020 0.25deg (PSL)
lahat,1984,5,264.54,-3.875,103.625,GPCC Full Data Monthly v2020 0.25deg (PSL)
lahat,1984,6,129.49,-3.875,103.625,GPCC Full Data Monthly v2020 0.25deg (PSL)
lahat,1984,7,262.38,-3.875,103.625,GPCC Full Data Monthly v2020 0.25deg (PSL)
lahat,1984,8,202.06,-3.875,103.625,GPCC Full Data Monthly v2020 0.25deg (PSL)
lahat,1984,9,291.27,-3.875,103.625,GPCC Full Data Monthly v2020 0.25deg (PSL)
lahat,1984,10,180.77,-3.875,103.625,GPCC Full Data Monthly v2020 0.25deg (PSL)
lahat,1984,11,331.75,-3.875,103.625,GPCC Full Data Monthly v2020 0.25deg (PSL)
lahat,1984,12,315.16,-3.875,103.625,GPCC Full Data Monthly v2020 0.25deg (PSL)
lahat,1985,1,374.0,-3.875,103.625,GPCC Full Data Monthly v2020 0.25deg (PSL)
lahat,1985,2,17.45,-3.875,103.625,GPCC Full Data Monthly v2020 0.25deg (PSL)
lahat,1985,3,256.13,-3.875,103.625,GPCC Full Data Monthly v2020 0.25deg (PSL)
lahat,1985,4,248.72,-3.875,103.625,GPCC Full Data Monthly v2020 0.25deg (PSL)
lahat,1985,5,248.47,-3.875,103.625,GPCC Full Data Monthly v2020 0.25deg (PSL)
lahat,1985,6,131.17,-3.875,103.625,GPCC Full Data Monthly v2020 0.25deg (PSL)
lahat,1985,7,169.28,-3.875,103.625,GPCC Full Data Monthly v2020 0.25deg (PSL)
lahat,1985,8,38.39,-3.875,103.625,GPCC Full Data Monthly v2020 0.25deg (PSL)
lahat,1985,9,136.46,-3.875,103.625,GPCC Full Data Monthly v2020 0.25deg (PSL)
lahat,1985,10,195.16,-3.875,103.625,GPCC Full Data Monthly v2020 0.25deg (PSL)
lahat,1985,11,392.44,-3.875,103.625,GPCC Full Data Monthly v2020 0.25deg (PSL)
lahat,1985,12,148.5,-3.875,103.625,GPCC Full Data Monthly v2020 0.25deg (PSL)
lahat,1986,1,379.14,-3.875,103.625,GPCC Full Data Monthly v2020 0.25deg (PSL)
lahat,1986,2,183.96,-3.875,103.625,GPCC Full Data Monthly v2020 0.25deg (PSL)
lahat,1986,3,295.96,-3.875,103.625,GPCC Full Data Monthly v2020 0.25deg (PSL)
lahat,1986,4,237.19,-3.875,103.625,GPCC Full Data Monthly v2020 0.25deg (PSL)
lahat,1986,5,203.0,-3.875,103.625,GPCC Full Data Monthly v2020 0.25deg (PSL)
lahat,1986,6,122.18,-3.875,103.625,GPCC Full Data Monthly v2020 0.25deg (PSL)
lahat,1986,7,130.15,-3.875,103.625,GPCC Full Data Monthly v2020 0.25deg (PSL)
lahat,1986,8,105.94,-3.875,103.625,GPCC Full Data Monthly v2020 0.25deg (PSL)
lahat,1986,9,246.68,-3.875,103.625,GPCC Full Data Monthly v2020 0.25deg (PSL)
lahat,1986,10,437.14,-3.875,103.625,GPCC Full Data Monthly v2020 0.25deg (PSL)
lahat,1986,11,206.29,-3.875,103.625,GPCC Full Data Monthly v2020 0.25deg (PSL)
lahat,1986,12,253.77,-3.875,103.625,GPCC Full Data Monthly v2020 0.25deg (PSL)
lahat,1987,1,243.23,-3.875,103.625,GPCC Full Data Monthly v2020 0.25deg (PSL)
lahat,1987,2,189.97,-3.875,103.625,GPCC Full Data Monthly v2020 0.25deg (PSL)
lahat,1987,3,268.62,-3.875,103.625,GPCC Full Data Monthly v2020 0.25deg (PSL)
lahat,1987,4,510.96,-3.875,103.625,GPCC Full Data Monthly v2020 0.25deg (PSL)
lahat,1987,5,202.45,-3.875,103.625,GPCC Full Data Monthly v2020 0.25deg (PSL)
lahat,1987,6,85.24,-3.875,103.625,GPCC Full Data Monthly v2020 0.25deg (PSL)
lahat,1987,7,78.81,-3.875,103.625,GPCC Full Data Monthly v2020 0.25deg (PSL)
lahat,1987,8,48.18,-3.875,103.625,GPCC Full Data Monthly v2020 0.25deg (PSL)
lahat,1987,9,122.86,-3.875,103.625,GPCC Full Data Monthly v2020 0.25deg (PSL)
lahat,1987,10,177.41,-3.875,103.625,GPCC Full Data Monthly v2020 0.25deg (PSL)
lahat,1987,11,227.71,-3.875,103.625,GPCC Full Data Monthly v2020 0.25deg (PSL)
lahat,1987,12,475.47,-3.875,103.625,GPCC Full Data Monthly v2020 0.25deg (PSL)
lahat,1988,1,498.41,-3.875,103.625,GPCC Full Data Monthly v2020 0.25deg (PSL)
lahat,1988,2,76.92,-3.875,103.625,GPCC Full Data Monthly v2020 0.25deg (PSL)
lahat,1988,3,354.17,-3.875,103.625,GPCC Full Data Monthly v2020 0.25deg (PSL)
lahat,1988,4,78.66,-3.875,103.625,GPCC Full Data Monthly v2020 0.25deg (PSL)
lahat,1988,5,241.91,-3.875,103.625,GPCC Full Data Monthly v2020 0.25deg (PSL)
lahat,1988,6,96.74,-3.875,103.625,GPCC Full Data Monthly v2020 0.25deg (PSL)
lahat,1988,7,97.64,-3.875,103.625,GPCC Full Data Monthly v2020 0.25deg (PSL)
lahat,1988,8,153.11,-3.875,103.625,GPCC Full Data Monthly v2020 0.25deg (PSL)
lahat,1988,9,205.75,-3.875,103.625,GPCC Full Data Monthly v2020 0.25deg (PSL)
lahat,1988,10,173.71,-3.875,103.625,GPCC Full Data Monthly v2020 0.25deg (PSL)
lahat,1988,11,369.37,-3.875,103.625,GPCC Full Data Monthly v2020 0.25deg (PSL)
lahat,1988,12,206.15,-3.875,103.625,GPCC Full Data Monthly v2020 0.25deg (PSL)
lahat,1989,1,508.28,-3.875,103.625,GPCC Full Data Monthly v2020 0.25deg (PSL)
lahat,1989,2,273.88,-3.875,103.625,GPCC Full Data Monthly v2020 0.25deg (PSL)
lahat,1989,3,357.92,-3.875,103.625,GPCC Full Data Monthly v2020 0.25deg (PSL)
lahat,1989,4,219.53,-3.875,103.625,GPCC Full Data Monthly v2020 0.25deg (PSL)
lahat,1989,5,233.98,-3.875,103.625,GPCC Full Data Monthly v2020 0.25deg (PSL)
lahat,1989,6,113.27,-3.875,103.625,GPCC Full Data Monthly v2020 0.25deg (PSL)
lahat,1989,7,103.83,-3.875,103.625,GPCC Full Data Monthly v2020 0.25deg (PSL)
lahat,1989,8,175.22,-3.875,103.625,GPCC Full Data Monthly v2020 0.25deg (PSL)
lahat,1989,9,191.58,-3.875,103.625,GPCC Full Data Monthly v2020 0.25deg (PSL)
lahat,1989,10,223.15,-3.875,103.625,GPCC Full Data Monthly v2020 0.25deg (PSL)
lahat,1989,11,394.08,-3.875,103.625,GPCC Full Data Monthly v2020 0.25deg (PSL)
lahat,1989,12,174.22,-3.875,103.625,GPCC Full Data Monthly v2020 0.25deg (PSL)
lahat,1990,1,217.4,-3.875,103.625,GPCC Full Data Monthly v2020 0.25deg (PSL)
lahat,1990,2,279.9,-3.875,103.625,GPCC Full Data Monthly v2020 0.25deg (PSL)
lahat,1990,3,155.01,-3.875,103.625,GPCC Full Data Monthly v2020 0.25deg (PSL)
lahat,1990,4,227.06,-3.875,103.625,GPCC Full Data Monthly v2020 0.25deg (PSL)
lahat,1990,5,156.49,-3.875,103.625,GPCC Full Data Monthly v2020 0.25deg (PSL)
lahat,1990,6,272.19,-3.875,103.625,GPCC Full Data Monthly v2020 0.25deg (PSL)
lahat,1990,7,129.91,-3.875,103.625,GPCC Full Data Monthly v2020 0.25deg (PSL)
lahat,1990,8,149.43,-3.875,103.625,GPCC Full Data Monthly v2020 0.25deg (PSL)
lahat,1990,9,138.69,-3.875,103.625,GPCC Full Data Monthly v2020 0.25deg (PSL)
lahat,1990,10,132.2,-3.875,103.625,GPCC Full Data Monthly v2020 0.25deg (PSL)
lahat,1990,11,241.37,-3.875,103.625,GPCC Full Data Monthly v2020 0.25deg (PSL)
lahat,1990,12,434.89,-3.875,103.625,GPCC Full Data Monthly v2020 0.25deg (PSL)
lahat,1991,1,479.95,-3.875,103.625,GPCC Full Data Monthly v2020 0.25deg (PSL)
lahat,1991,2,342.14,-3.875,103.625,GPCC Full Data Monthly v2020 0.25deg (PSL)
lahat,1991,3,212.11,-3.875,103.625,GPCC Full Data Monthly v2020 0.25deg (PSL)
lahat,1991,4,396.82,-3.875,103.625,GPCC Full Data Monthly v2020 0.25deg (PSL)
lahat,1991,5,282.78,-3.875,103.625,GPCC Full Data Monthly v2020 0.25deg (PSL)
lahat,1991,6,31.08,-3.875,103.625,GPCC Full Data Monthly v2020 0.25deg (PSL)
lahat,1991,7,47.31,-3.875,103.625,GPCC Full Data Monthly v2020 0.25deg (PSL)
lahat,1991,8,33.35,-3.875,103.625,GPCC Full Data Monthly v2020 0.25deg (PSL)
lahat,1991,9,36.25,-3.875,103.625,GPCC Full Data Monthly v2020 0.25deg (PSL)
lahat,1991,10,104.86,-3.875,103.625,GPCC Full Data Monthly v2020 0.25deg (PSL)
lahat,1991,11,195.7,-3.875,103.625,GPCC Full Data Monthly v2020 0.25deg (PSL)
lahat,1991,12,439.04,-3.875,103.625,GPCC Full Data Monthly v2020 0.25deg (PSL)
lahat,1992,1,61.6,-3.875,103.625,GPCC Full Data Monthly v2020 0.25deg (PSL)
lahat,1992,2,216.18,-3.875,103.625,GPCC Full Data Monthly v2020 0.25deg (PSL)
lahat,1992,3,326.05,-3.875,103.625,GPCC Full Data Monthly v2020 0.25deg (PSL)
lahat,1992,4,262.26,-3.875,103.625,GPCC Full Data Monthly v2020 0.25deg (PSL)
lahat,1992,5,187.81,-3.875,103.625,GPCC Full Data Monthly v2020 0.25deg (PSL)
lahat,1992,6,48.15,-3.875,103.625,GPCC Full Data Monthly v2020 0.25deg (PSL)
lahat,1992,7,163.76,-3.875,103.625,GPCC Full Data Monthly v2020 0.25deg (PSL)
lahat,1992,8,127.03,-3.875,103.625,GPCC Full Data Monthly v2020 0.25deg (PSL)
lahat,1992,9,88.22,-3.875,103.625,GPCC Full Data Monthly v2020 0.25deg (PSL)
lahat,1992,10,232.56,-3.875,103.625,GPCC Full Data Monthly v2020 0.25deg (PSL)
lahat,1992,11,246.34,-3.875,103.625,GPCC Full Data Monthly v2020 0.25deg (PSL)
lahat,1992,12,100.71,-3.875,103.625,GPCC Full Data Monthly v2020 0.25deg (PSL)
lahat,1993,1,373.8,-3.875,103.625,GPCC Full Data Monthly v2020 0.25deg (PSL)
lahat,1993,2,86.23,-3.875,103.625,GPCC Full Data Monthly v2020 0.25deg (PSL)
lahat,1993,3,111.2,-3.875,103.625,GPCC Full Data Monthly v2020 0.25deg (PSL)
lahat,1993,4,247.21,-3.875,103.625,GPCC Full Data Monthly v2020 0.25deg (PSL)
lahat,1993,5,313.36,-3.875,103.625,GPCC Full Data Monthly v2020 0.25deg (PSL)
lahat,1993,6,94.74,-3.875,103.625,GPCC Full Data Monthly v2020 0.25deg (PSL)
lahat,1993,7,147.96,-3.875,103.625,GPCC Full Data Monthly v2020 0.25deg (PSL)
lahat,1993,8,91.51,-3.875,103.625,GPCC Full Data Monthly v2020 0.25deg (PSL)
lahat,1993,9,91.13,-3.875,103.625,GPCC Full Data Monthly v2020 0.25deg (PSL)
lahat,1993,10,238.94,-3.875,103.625,GPCC Full Data Monthly v2020 0.25deg (PSL)
lahat,1993,11,301.2,-3.875,103.625,GPCC Full Data Monthly v2020 0.25deg (PSL)
lahat,1993,12,424.51,-3.875,103.625,GPCC Full Data Monthly v2020 0.25deg (PSL)
lahat,1994,1,359.13,-3.875,103.625,GPCC Full Data Monthly v2020 0.25deg (PSL)
lahat,1994,2,355.13,-3.875,103.625,GPCC Full Data Monthly v2020 0.25deg (PSL)
lahat,1994,3,289.03,-3.875,103.625,GPCC Full Data Monthly v2020 0.25deg (PSL)
lahat,1994,4,302.14,-3.875,103.625,GPCC Full Data Monthly v2020 0.25deg (PSL)
lahat,1994,5,141.91,-3.875,103.625,GPCC Full Data Monthly v2020 0.25deg (PSL)
lahat,1994,6,108.19,-3.875,103.625,GPCC Full Data Monthly v2020 0.25deg (PSL)
lahat,1994,7,0.0,-3.875,103.625,GPCC Full Data Monthly v2020 0.25deg (PSL)
lahat,1994,8,0.0,-3.875,103.625,GPCC Full Data Monthly v2020 0.25deg (PSL)
lahat,1994,9,0.0,-3.875,103.625,GPCC Full Data Monthly v2020 0.25deg (PSL)
lahat,1994,10,79.24,-3.875,103.625,GPCC Full Data Monthly v2020 0.25deg (PSL)
lahat,1994,11,147.22,-3.875,103.625,GPCC Full Data Monthly v2020 0.25deg (PSL)
lahat,1994,12,232.11,-3.875,103.625,GPCC Full Data Monthly v2020 0.25deg (PSL)
lahat,1995,1,399.45,-3.875,103.625,GPCC Full Data Monthly v2020 0.25deg (PSL)
lahat,1995,2,362.09,-3.875,103.625,GPCC Full Data Monthly v2020 0.25deg (PSL)
lahat,1995,3,153.38,-3.875,103.625,GPCC Full Data Monthly v2020 0.25deg (PSL)
lahat,1995,4,262.87,-3.875,103.625,GPCC Full Data Monthly v2020 0.25deg (PSL)
lahat,1995,5,161.14,-3.875,103.625,GPCC Full Data Monthly v2020 0.25deg (PSL)
lahat,1995,6,279.26,-3.875,103.625,GPCC Full Data Monthly v2020 0.25deg (PSL)
lahat,1995,7,95.84,-3.875,103.625,GPCC Full Data Monthly v2020 0.25deg (PSL)
lahat,1995,8,86.34,-3.875,103.625,GPCC Full Data Monthly v2020 0.25deg (PSL)
lahat,1995,9,88.28,-3.875,103.625,GPCC Full Data Monthly v2020 0.25deg (PSL)
lahat,1995,10,222.17,-3.875,103.625,GPCC Full Data Monthly v2020 0.25deg (PSL)
lahat,1995,11,223.37,-3.875,103.625,GPCC Full Data Monthly v2020 0.25deg (PSL)
lahat,1995,12,109.05,-3.875,103.625,GPCC Full Data Monthly v2020 0.25deg (PSL)
lahat,1996,1,312.34,-3.875,103.625,GPCC Full Data Monthly v2020 0.25deg (PSL)
lahat,1996,2,252.31,-3.875,103.625,GPCC Full Data Monthly v2020 0.25deg (PSL)
lahat,1996,3,247.19,-3.875,103.625,GPCC Full Data Monthly v2020 0.25deg (PSL)
lahat,1996,4,281.91,-3.875,103.625,GPCC Full Data Monthly v2020 0.25deg (PSL)
lahat,1996,5,106.4,-3.875,103.625,GPCC Full Data Monthly v2020 0.25deg (PSL)
lahat,1996,6,208.0,-3.875,103.625,GPCC Full Data Monthly v2020 0.25deg (PSL)
lahat,1996,7,96.98,-3.875,103.625,GPCC Full Data Monthly v2020 0.25deg (PSL)
lahat,1996,8,197.93,-3.875,103.625,GPCC Full Data Monthly v2020 0.25deg (PSL)
lahat,1996,9,233.4,-3.875,103.625,GPCC Full Data Monthly v2020 0.25deg (PSL)
lahat,1996,10,254.45,-3.875,103.625,GPCC Full Data Monthly v2020 0.25deg (PSL)
lahat,1996,11,98.47,-3.875,103.625,GPCC Full Data Monthly v2020 0.25deg (PSL)
lahat,1996,12,357.23,-3.875,103.625,GPCC Full Data Monthly v2020 0.25deg (PSL)
lahat,1997,1,260.73,-3.875,103.625,GPCC Full Data Monthly v2020 0.25deg (PSL)
lahat,1997,2,92.83,-3.875,103.625,GPCC Full Data Monthly v2020 0.25deg (PSL)
lahat,1997,3,122.13,-3.875,103.625,GPCC Full Data Monthly v2020 0.25deg (PSL)
lahat,1997,4,205.16,-3.875,103.625,GPCC Full Data Monthly v2020 0.25deg (PSL)
lahat,1997,5,260.58,-3.875,103.625,GPCC Full Data Monthly v2020 0.25deg (PSL)
lahat,1997,6,51.8,-3.875,103.625,GPCC Full Data Monthly v2020 0.25deg (PSL)
lahat,1997,7,68.53,-3.875,103.625,GPCC Full Data Monthly v2020 0.25deg (PSL)
lahat,1997,8,69.11,-3.875,103.625,GPCC Full Data Monthly v2020 0.25deg (PSL)
lahat,1997,9,0.0,-3.875,103.625,GPCC Full Data Monthly v2020 0.25deg (PSL)
lahat,1997,10,0.0,-3.875,103.625,GPCC Full Data Monthly v2020 0.25deg (PSL)
lahat,1997,11,130.3,-3.875,103.625,GPCC Full Data Monthly v2020 0.25deg (PSL)
lahat,1997,12,114.81,-3.875,103.625,GPCC Full Data Monthly v2020 0.25deg (PSL)
lahat,1998,1,239.5,-3.875,103.625,GPCC Full Data Monthly v2020 0.25deg (PSL)
lahat,1998,2,272.52,-3.875,103.625,GPCC Full Data Monthly v2020 0.25deg (PSL)
lahat,1998,3,207.36,-3.875,103.625,GPCC Full Data Monthly v2020 0.25deg (PSL)
lahat,1998,4,444.44,-3.875,103.625,GPCC Full Data Monthly v2020 0.25deg (PSL)
lahat,1998,5,299.74,-3.875,103.625,GPCC Full Data Monthly v2020 0.25deg (PSL)
lahat,1998,6,134.82,-3.875,103.625,GPCC Full Data Monthly v2020 0.25deg (PSL)
lahat,1998,7,231.54,-3.875,103.625,GPCC Full Data Monthly v2020 0.25deg (PSL)
lahat,1998,8,281.52,-3.875,103.625,GPCC Full Data Monthly v2020 0.25deg (PSL)
lahat,1998,9,296.95,-3.875,103.625,GPCC Full Data Monthly v2020 0.25deg (PSL)
lahat,1998,10,292.82,-3.875,103.625,GPCC Full Data Monthly v2020 0.25deg (PSL)
lahat,1998,11,111.94,-3.875,103.625,GPCC Full Data Monthly v2020 0.25deg (PSL)
lahat,1998,12,254.45,-3.875,103.625,GPCC Full Data Monthly v2020 0.25deg (PSL)
lahat,1999,1,353.96,-3.875,103.625,GPCC Full Data Monthly v2020 0.25deg (PSL)
lahat,1999,2,293.89,-3.875,103.625,GPCC Full Data Monthly v2020 0.25deg (PSL)
lahat,1999,3,232.04,-3.875,103.625,GPCC Full Data Monthly v2020 0.25deg (PSL)
lahat,1999,4,151.8,-3.875,103.625,GPCC Full Data Monthly v2020 0.25deg (PSL)
lahat,1999,5,185.49,-3.875,103.625,GPCC Full Data Monthly v2020 0.25deg (PSL)
lahat,1999,6,178.09,-3.875,103.625,GPCC Full Data Monthly v2020 0.25deg (PSL)
lahat,1999,7,138.98,-3.875,103.625,GPCC Full Data Monthly v2020 0.25deg (PSL)
lahat,1999,8,149.18,-3.875,103.625,GPCC Full Data Monthly v2020 0.25deg (PSL)
lahat,1999,9,105.63,-3.875,103.625,GPCC Full Data Monthly v2020 0.25deg (PSL)
lahat,1999,10,439.09,-3.875,103.625,GPCC Full Data Monthly v2020 0.25deg (PSL)
lahat,1999,11,338.79,-3.875,103.625,GPCC Full Data Monthly v2020 0.25deg (PSL)
lahat,1999,12,348.39,-3.875,103.625,GPCC Full Data Monthly v2020 0.25deg (PSL)
lahat,2000,1,371.7,-3.875,103.625,GPCC Full Data Monthly v2020 0.25deg (PSL)
lahat,2000,2,184.63,-3.875,103.625,GPCC Full Data Monthly v2020 0.25deg (PSL)
lahat,2000,3,106.14,-3.875,103.625,GPCC Full Data Monthly v2020 0.25deg (PSL)
lahat,2000,4,400.57,-3.875,103.625,GPCC Full Data Monthly v2020 0.25deg (PSL)
lahat,2000,5,95.3,-3.875,103.625,GPCC Full Data Monthly v2020 0.25deg (PSL)
lahat,2000,6,200.59,-3.875,103.625,GPCC Full Data Monthly v2020 0.25deg (PSL)
lahat,2000,7,124.67,-3.875,103.625,GPCC Full Data Monthly v2020 0.25deg (PSL)
lahat,2000,8,174.52,-3.875,103.625,GPCC Full Data Monthly v2020 0.25deg (PSL)
lahat,2000,9,86.36,-3.875,103.625,GPCC Full Data Monthly v2020 0.25deg (PSL)
lahat,2000,10,300.18,-3.875,103.625,GPCC Full Data Monthly v2020 0.25deg (PSL)
lahat,2000,11,403.1,-3.875,103.625,GPCC Full Data Monthly v2020 0.25deg (PSL)
lahat,2000,12,408.88,-3.875,103.625,GPCC Full Data Monthly v2020 0.25deg (PSL)
lahat,2001,1,297.22,-3.875,103.625,GPCC Full Data Monthly v2020 0.25deg (PSL)
lahat,2001,2,414.88,-3.875,103.625,GPCC Full Data Monthly v2020 0.25deg (PSL)
lahat,2001,3,318.64,-3.875,103.625,GPCC Full Data Monthly v2020 0.25deg (PSL)
lahat,2001,4,212.36,-3.875,103.625,GPCC Full Data Monthly v2020 0.25deg (PSL)
lahat,2001,5,312.28,-3.875,103.625,GPCC Full Data Monthly v2020 0.25deg (PSL)
lahat,2001,6,100.18,-3.875,103.625,GPCC Full Data Monthly v2020 0.25deg (PSL)
lahat,2001,7,99.6,-3.875,103.625,GPCC Full Data Monthly v2020 0.25deg (PSL)
lahat,2001,8,108.47,-3.875,103.625,GPCC Full Data Monthly v2020 0.25deg (PSL)
lahat,2001,9,165.58,-3.875,103.625,GPCC Full Data Monthly v2020 0.25deg (PSL)
lahat,2001,10,408.12,-3.875,103.625,GPCC Full Data Monthly v2020 0.25deg (PSL)
lahat,2001,11,210.99,-3.875,103.625,GPCC Full Data Monthly v2020 0.25deg (PSL)
lahat,2001,12,264.21,-3.875,103.625,GPCC Full Data Monthly v2020 0.25deg (PSL)
lahat,2002,1,269.17,-3.875,103.625,GPCC Full Data Monthly v2020 0.25deg (PSL)
lahat,2002,2,142.24,-3.875,103.625,GPCC Full Data Monthly v2020 0.25deg (PSL)
lahat,2002,3,311.88,-3.875,103.625,GPCC Full Data Monthly v2020 0.25deg (PSL)
lahat,2002,4,412.59,-3.875,103.625,GPCC Full Data Monthly v2020 0.25deg (PSL)
lahat,2002,5,238.3,-3.875,103.625,GPCC Full Data Monthly v2020 0.25deg (PSL)
lahat,2002,6,84.56,-3.875,103.625,GPCC Full Data Monthly v2020 0.25deg (PSL)
lahat,2002,7,92.88,-3.875,103.625,GPCC Full Data Monthly v2020 0.25deg (PSL)
lahat,2002,8,67.95,-3.875,103.625,GPCC Full Data Monthly v2020 0.25deg (PSL)
lahat,2002,9,107.32,-3.875,103.625,GPCC Full Data Monthly v2020 0.25deg (PSL)
lahat,2002,10,0.0,-3.875,103.625,GPCC Full Data Monthly v2020 0.25deg (PSL)
lahat,2002,11,236.03,-3.875,103.625,GPCC Full Data Monthly v2020 0.25deg (PSL)
lahat,2002,12,268.33,-3.875,103.625,GPCC Full Data Monthly v2020 0.25deg (PSL)
lahat,2003,1,330.11,-3.875,103.625,GPCC Full Data Monthly v2020 0.25deg (PSL)
lahat,2003,2,307.91,-3.875,103.625,GPCC Full Data Monthly v2020 0.25deg (PSL)
lahat,2003,3,164.24,-3.875,103.625,GPCC Full Data Monthly v2020 0.25deg (PSL)
lahat,2003,4,336.4,-3.875,103.625,GPCC Full Data Monthly v2020 0.25deg (PSL)
lahat,2003,5,194.52,-3.875,103.625,GPCC Full Data Monthly v2020 0.25deg (PSL)
lahat,2003,6,30.76,-3.875,103.625,GPCC Full Data Monthly v2020 0.25deg (PSL)
lahat,2003,7,59.45,-3.875,103.625,GPCC Full Data Monthly v2020 0.25deg (PSL)
lahat,2003,8,171.38,-3.875,103.625,GPCC Full Data Monthly v2020 0.25deg (PSL)
lahat,2003,9,87.32,-3.875,103.625,GPCC Full Data Monthly v2020 0.25deg (PSL)
lahat,2003,10,387.73,-3.875,103.625,GPCC Full Data Monthly v2020 0.25deg (PSL)
lahat,2003,11,198.71,-3.875,103.625,GPCC Full Data Monthly v2020 0.25deg (PSL)
lahat,2003,12,245.38,-3.875,103.625,GPCC Full Data Monthly v2020 0.25deg (PSL)
lahat,2004,1,100.22,-3.875,103.625,GPCC Full Data Monthly v2020 0.25deg (PSL)
lahat,2004,2,128.76,-3.875,103.625,GPCC Full Data Monthly v2020 0.25deg (PSL)
lahat,2004,3,149.94,-3.875,103.625,GPCC Full Data Monthly v2020 0.25deg (PSL)
lahat,2004,4,270.53,-3.875,103.625,GPCC Full Data Monthly v2020 0.25deg (PSL)
lahat,2004,5,380.6,-3.875,103.625,GPCC Full Data Monthly v2020 0.25deg (PSL)
lahat,2004,6,16.46,-3.875,103.625,GPCC Full Data Monthly v2020 0.25deg (PSL)
lahat,2004,7,107.66,-3.875,103.625,GPCC Full Data Monthly v2020 0.25deg (PSL)
lahat,2004,8,50.05,-3.875,103.625,GPCC Full Data Monthly v2020 0.25deg (PSL)
lahat,2004,9,134.9,-3.875,103.625,GPCC Full Data Monthly v2020 0.25deg (PSL)
lahat,2004,10,179.97,-3.875,103.625,GPCC Full Data Monthly v2020 0.25deg (PSL)
lahat,2004,11,173.21,-3.875,103.625,GPCC Full Data Monthly v2020 0.25deg (PSL)
lahat,2004,12,275.04,-3.875,103.625,GPCC Full Data Monthly v2020 0.25deg (PSL)
lahat,2005,1,379.82,-3.875,103.625,GPCC Full Data Monthly v2020 0.25deg (PSL)
lahat,2005,2,181.33,-3.875,103.625,GPCC Full Data Monthly v2020 0.25deg (PSL)
lahat,2005,3,351.92,-3.875,103.625,GPCC Full Data Monthly v2020 0.25deg (PSL)
lahat,2005,4,201.01,-3.875,103.625,GPCC Full Data Monthly v2020 0.25deg (PSL)
lahat,2005,5,231.0,-3.875,103.625,GPCC Full Data Monthly v2020 0.25deg (PSL)
lahat,2005,6,201.65,-3.875,103.625,GPCC Full Data Monthly v2020 0.25deg (PSL)
lahat,2005,7,196.18,-3.875,103.625,GPCC Full Data Monthly v2020 0.25deg (PSL)
lahat,2005,8,167.05,-3.875,103.625,GPCC Full Data Monthly v2020 0.25deg (PSL)
lahat,2005,9,86.24,-3.875,103.625,GPCC Full Data Monthly v2020 0.25deg (PSL)
lahat,2005,10,266.4,-3.875,103.625,GPCC Full Data Monthly v2020 0.25deg (PSL)
lahat,2005,11,352.39,-3.875,103.625,GPCC Full Data Monthly v2020 0.25deg (PSL)
lahat,2005,12,425.16,-3.875,103.625,GPCC Full Data Monthly v2020 0.25deg (PSL)
lahat,2006,1,447.93,-3.875,103.625,GPCC Full Data Monthly v2020 0.25deg (PSL)
lahat,2006,2,393.02,-3.875,103.625,GPCC Full Data Monthly v2020 0.25deg (PSL)
lahat,2006,3,238.35,-3.875,103.625,GPCC Full Data Monthly v2020 0.25deg (PSL)
lahat,2006,4,345.02,-3.875,103.625,GPCC Full Data Monthly v2020 0.25deg (PSL)
lahat,2006,5,86.98,-3.875,103.625,GPCC Full Data Monthly v2020 0.25deg (PSL)
lahat,2006,6,121.26,-3.875,103.625,GPCC Full Data Monthly v2020 0.25deg (PSL)
lahat,2006,7,167.74,-3.875,103.625,GPCC Full Data Monthly v2020 0.25deg (PSL)
lahat,2006,8,41.18,-3.875,103.625,GPCC Full Data Monthly v2020 0.25deg (PSL)
lahat,2006,9,14.75,-3.875,103.625,GPCC Full Data Monthly v2020 0.25deg (PSL)
lahat,2006,10,9.43,-3.875,103.625,GPCC Full Data Monthly v2020 0.25deg (PSL)
lahat,2006,11,0.0,-3.875,103.625,GPCC Full Data Monthly v2020 0.25deg (PSL)
lahat,2006,12,260.76,-3.875,103.625,GPCC Full Data Monthly v2020 0.25deg (PSL)
lahat,2007,1,410.99,-3.875,103.625,GPCC Full Data Monthly v2020 0.25deg (PSL)
lahat,2007,2,183.91,-3.875,103.625,GPCC Full Data Monthly v2020 0.25deg (PSL)
lahat,2007,3,229.11,-3.875,103.625,GPCC Full Data Monthly v2020 0.25deg (PSL)
lahat,2007,4,307.56,-3.875,103.625,GPCC Full Data Monthly v2020 0.25deg (PSL)
lahat,2007,5,165.07,-3.875,103.625,GPCC Full Data Monthly v2020 0.25deg (PSL)
lahat,2007,6,181.61,-3.875,103.625,GPCC Full Data Monthly v2020 0.25deg (PSL)
lahat,2007,7,186.79,-3.875,103.625,GPCC Full Data Monthly v2020 0.25deg (PSL)
lahat,2007,8,68.02,-3.875,103.625,GPCC Full Data Monthly v2020 0.25deg (PSL)
lahat,2007,9,140.7,-3.875,103.625,GPCC Full Data Monthly v2020 0.25deg (PSL)
lahat,2007,10,213.78,-3.875,103.625,GPCC Full Data Monthly v2020 0.25deg (PSL)
lahat,2007,11,99.05,-3.875,103.625,GPCC Full Data Monthly v2020 0.25deg (PSL)
lahat,2007,12,277.12,-3.875,103.625,GPCC Full Data Monthly v2020 0.25deg (PSL)
lahat,2008,1,252.25,-3.875,103.625,GPCC Full Data Monthly v2020 0.25deg (PSL)
lahat,2008,2,169.72,-3.875,103.625,GPCC Full Data Monthly v2020 0.25deg (PSL)
lahat,2008,3,377.61,-3.875,103.625,GPCC Full Data Monthly v2020 0.25deg (PSL)
lahat,2008,4,358.41,-3.875,103.625,GPCC Full Data Monthly v2020 0.25deg (PSL)
lahat,2008,5,94.37,-3.875,103.625,GPCC Full Data Monthly v2020 0.25deg (PSL)
lahat,2008,6,66.43,-3.875,103.625,GPCC Full Data Monthly v2020 0.25deg (PSL)
lahat,2008,7,35.7,-3.875,103.625,GPCC Full Data Monthly v2020 0.25deg (PSL)
lahat,2008,8,258.2,-3.875,103.625,GPCC Full Data Monthly v2020 0.25deg (PSL)
lahat,2008,9,169.61,-3.875,103.625,GPCC Full Data Monthly v2020 0.25deg (PSL)
lahat,2008,10,278.36,-3.875,103.625,GPCC Full Data Monthly v2020 0.25deg (PSL)
lahat,2008,11,474.68,-3.875,103.625,GPCC Full Data Monthly v2020 0.25deg (PSL)
lahat,2008,12,571.25,-3.875,103.625,GPCC Full Data Monthly v2020 0.25deg (PSL)
lahat,2009,1,271.94,-3.875,103.625,GPCC Full Data Monthly v2020 0.25deg (PSL)
lahat,2009,2,327.5,-3.875,103.625,GPCC Full Data Monthly v2020 0.25deg (PSL)
lahat,2009,3,277.95,-3.875,103.625,GPCC Full Data Monthly v2020 0.25deg (PSL)
lahat,2009,4,416.46,-3.875,103.625,GPCC Full Data Monthly v2020 0.25deg (PSL)
lahat,2009,5,169.31,-3.875,103.625,GPCC Full Data Monthly v2020 0.25deg (PSL)
lahat,2009,6,188.26,-3.875,103.625,GPCC Full Data Monthly v2020 0.25deg (PSL)
lahat,2009,7,63.57,-3.875,103.625,GPCC Full Data Monthly v2020 0.25deg (PSL)
lahat,2009,8,127.65,-3.875,103.625,GPCC Full Data Monthly v2020 0.25deg (PSL)
lahat,2009,9,175.67,-3.875,103.625,GPCC Full Data Monthly v2020 0.25deg (PSL)
lahat,2009,10,316.75,-3.875,103.625,GPCC Full Data Monthly v2020 0.25deg (PSL)
lahat,2009,11,300.79,-3.875,103.625,GPCC Full Data Monthly v2020 0.25deg (PSL)
lahat,2009,12,437.33,-3.875,103.625,GPCC Full Data Monthly v2020 0.25deg (PSL)
lahat,2010,1,236.96,-3.875,103.625,GPCC Full Data Monthly v2020 0.25deg (PSL)
lahat,2010,2,356.18,-3.875,103.625,GPCC Full Data Monthly v2020 0.25deg (PSL)
lahat,2010,3,539.86,-3.875,103.625,GPCC Full Data Monthly v2020 0.25deg (PSL)
lahat,2010,4,243.08,-3.875,103.625,GPCC Full Data Monthly v2020 0.25deg (PSL)
lahat,2010,5,200.94,-3.875,103.625,GPCC Full Data Monthly v2020 0.25deg (PSL)
lahat,2010,6,246.21,-3.875,103.625,GPCC Full Data Monthly v2020 0.25deg (PSL)
lahat,2010,7,207.17,-3.875,103.625,GPCC Full Data Monthly v2020 0.25deg (PSL)
lahat,2010,8,223.76,-3.875,103.625,GPCC Full Data Monthly v2020 0.25deg (PSL)
lahat,2010,9,337.63,-3.875,103.625,GPCC Full Data Monthly v2020 0.25deg (PSL)
lahat,2010,10,301.11,-3.875,103.625,GPCC Full Data Monthly v2020 0.25deg (PSL)
lahat,2010,11,218.71,-3.875,103.625,GPCC Full Data Monthly v2020 0.25deg (PSL)
lahat,2010,12,257.71,-3.875,103.625,GPCC Full Data Monthly v2020 0.25deg (PSL)
lahat,2011,1,191.28,-3.875,103.625,GPCC Full Data Monthly v2020 0.25deg (PSL)
lahat,2011,2,114.48,-3.875,103.625,GPCC Full Data Monthly v2020 0.25deg (PSL)
lahat,2011,3,242.69,-3.875,103.625,GPCC Full Data Monthly v2020 0.25deg (PSL)
lahat,2011,4,413.25,-3.875,103.625,GPCC Full Data Monthly v2020 0.25deg (PSL)
lahat,2011,5,272.68,-3.875,103.625,GPCC Full Data Monthly v2020 0.25deg (PSL)
lahat,2011,6,179.17,-3.875,103.625,GPCC Full Data Monthly v2020 0.25deg (PSL)
lahat,2011,7,82.86,-3.875,103.625,GPCC Full Data Monthly v2020 0.25deg (PSL)
lahat,2011,8,73.18,-3.875,103.625,GPCC Full Data Monthly v2020 0.25deg (PSL)
lahat,2011,9,104.81,-3.875,103.625,GPCC Full Data Monthly v2020 0.25deg (PSL)
lahat,2011,10,204.54,-3.875,103.625,GPCC Full Data Monthly v2020 0.25deg (PSL)
lahat,2011,11,169.76,-3.875,103.625,GPCC Full Data Monthly v2020 0.25deg (PSL)
lahat,2011,12,229.57,-3.875,103.625,GPCC Full Data Monthly v2020 0.25deg (PSL)
lahat,2012,1,233.2,-3.875,103.625,GPCC Full Data Monthly v2020 0.25deg (PSL)
lahat,2012,2,283.34,-3.875,103.625,GPCC Full Data Monthly v2020 0.25deg (PSL)
lahat,2012,3,162.13,-3.875,103.625,GPCC Full Data Monthly v2020 0.25deg (PSL)
lahat,2012,4,499.35,-3.875,103.625,GPCC Full Data Monthly v2020 0.25deg (PSL)
lahat,2012,5,212.73,-3.875,103.625,GPCC Full Data Monthly v2020 0.25deg (PSL)
lahat,2012,6,146.43,-3.875,103.625,GPCC Full Data Monthly v2020 0.25deg (PSL)
lahat,2012,7,121.48,-3.875,103.625,GPCC Full Data Monthly v2020 0.25deg (PSL)
lahat,2012,8,59.54,-3.875,103.625,GPCC Full Data Monthly v2020 0.25deg (PSL)
lahat,2012,9,38.53,-3.875,103.625,GPCC Full Data Monthly v2020 0.25deg (PSL)
lahat,2012,10,272.17,-3.875,103.625,GPCC Full Data Monthly v2020 0.25deg (PSL)
lahat,2012,11,417.63,-3.875,103.625,GPCC Full Data Monthly v2020 0.25deg (PSL)
lahat,2012,12,529.8,-3.875,103.625,GPCC Full Data Monthly v2020 0.25deg (PSL)
lahat,2013,1,546.18,-3.875,103.625,GPCC Full Data Monthly v2020 0.25deg (PSL)
lahat,2013,2,427.23,-3.875,103.625,GPCC Full Data Monthly v2020 0.25deg (PSL)
lahat,2013,3,335.25,-3.875,103.625,GPCC Full Data Monthly v2020 0.25deg (PSL)
lahat,2013,4,437.88,-3.875,103.625,GPCC Full Data Monthly v2020 0.25deg (PSL)
lahat,2013,5,212.35,-3.875,103.625,GPCC Full Data Monthly v2020 0.25deg (PSL)
lahat,2013,6,197.53,-3.875,103.625,GPCC Full Data Monthly v2020 0.25deg (PSL)
lahat,2013,7,282.15,-3.875,103.625,GPCC Full Data Monthly v2020 0.25deg (PSL)
lahat,2013,8,132.39,-3.875,103.625,GPCC Full Data Monthly v2020 0.25deg (PSL)
lahat,2013,9,240.65,-3.875,103.625,GPCC Full Data Monthly v2020 0.25deg (PSL)
lahat,2013,10,145.31,-3.875,103.625,GPCC Full Data Monthly v2020 0.25deg (PSL)
lahat,2013,11,302.54,-3.875,103.625,GPCC Full Data Monthly v2020 0.25deg (PSL)
lahat,2013,12,366.37,-3.875,103.625,GPCC Full Data Monthly v2020 0.25deg (PSL)
lahat,2014,1,268.8,-3.875,103.625,GPCC Full Data Monthly v2020 0.25deg (PSL)
lahat,2014,2,137.91,-3.875,103.625,GPCC Full Data Monthly v2020 0.25deg (PSL)
lahat,2014,3,110.39,-3.875,103.625,GPCC Full Data Monthly v2020 0.25deg (PSL)
lahat,2014,4,368.63,-3.875,103.625,GPCC Full Data Monthly v2020 0.25deg (PSL)
lahat,2014,5,274.49,-3.875,103.625,GPCC Full Data Monthly v2020 0.25deg (PSL)
lahat,2014,6,102.85,-3.875,103.625,GPCC Full Data Monthly v2020 0.25deg (PSL)
lahat,2014,7,78.57,-3.875,103.625,GPCC Full Data Monthly v2020 0.25deg (PSL)
lahat,2014,8,205.78,-3.875,103.625,GPCC Full Data Monthly v2020 0.25deg (PSL)
lahat,2014,9,14.03,-3.875,103.625,GPCC Full Data Monthly v2020 0.25deg (PSL)
lahat,2014,10,55.59,-3.875,103.625,GPCC Full Data Monthly v2020 0.25deg (PSL)
lahat,2014,11,430.39,-3.875,103.625,GPCC Full Data Monthly v2020 0.25deg (PSL)
lahat,2014,12,295.12,-3.875,103.625,GPCC Full Data Monthly v2020 0.25deg (PSL)
lahat,2015,1,334.46,-3.875,103.625,GPCC Full Data Monthly v2020 0.25deg (PSL)
lahat,2015,2,248.85,-3.875,103.625,GPCC Full Data Monthly v2020 0.25deg (PSL)
lahat,2015,3,180.85,-3.875,103.625,GPCC Full Data Monthly v2020 0.25deg (PSL)
lahat,2015,4,393.41,-3.875,103.625,GPCC Full Data Monthly v2020 0.25deg (PSL)
lahat,2015,5,66.43,-3.875,103.625,GPCC Full Data Monthly v2020 0.25deg (PSL)
lahat,2015,6,104.65,-3.875,103.625,GPCC Full Data Monthly v2020 0.25deg (PSL)
lahat,2015,7,12.61,-3.875,103.625,GPCC Full Data Monthly v2020 0.25deg (PSL)
lahat,2015,8,78.16,-3.875,103.625,GPCC Full Data Monthly v2020 0.25deg (PSL)
lahat,2015,9,7.79,-3.875,103.625,GPCC Full Data Monthly v2020 0.25deg (PSL)
lahat,2015,10,0.0,-3.875,103.625,GPCC Full Data Monthly v2020 0.25deg (PSL)
lahat,2015,11,101.32,-3.875,103.625,GPCC Full Data Monthly v2020 0.25deg (PSL)
lahat,2015,12,330.86,-3.875,103.625,GPCC Full Data Monthly v2020 0.25deg (PSL)
lahat,2016,1,259.52,-3.875,103.625,GPCC Full Data Monthly v2020 0.25deg (PSL)
lahat,2016,2,334.01,-3.875,103.625,GPCC Full Data Monthly v2020 0.25deg (PSL)
lahat,2016,3,342.12,-3.875,103.625,GPCC Full Data Monthly v2020 0.25deg (PSL)
lahat,2016,4,256.96,-3.875,103.625,GPCC Full Data Monthly v2020 0.25deg (PSL)
lahat,2016,5,206.86,-3.875,103.625,GPCC Full Data Monthly v2020 0.25deg (PSL)
lahat,2016,6,74.98,-3.875,103.625,GPCC Full Data Monthly v2020 0.25deg (PSL)
lahat,2016,7,95.41,-3.875,103.625,GPCC Full Data Monthly v2020 0.25deg (PSL)
lahat,2016,8,358.41,-3.875,103.625,GPCC Full Data Monthly v2020 0.25deg (PSL)
lahat,2016,9,170.53,-3.875,103.625,GPCC Full Data Monthly v2020 0.25deg (PSL)
lahat,2016,10,219.18,-3.875,103.625,GPCC Full Data Monthly v2020 0.25deg (PSL)
lahat,2016,11,335.52,-3.875,103.625,GPCC Full Data Monthly v2020 0.25deg (PSL)
lahat,2016,12,195.12,-3.875,103.625,GPCC Full Data Monthly v2020 0.25deg (PSL)
lahat,2017,1,279.82,-3.875,103.625,GPCC Full Data Monthly v2020 0.25deg (PSL)
lahat,2017,2,369.93,-3.875,103.625,GPCC Full Data Monthly v2020 0.25deg (PSL)
lahat,2017,3,204.99,-3.875,103.625,GPCC Full Data Monthly v2020 0.25deg (PSL)
lahat,2017,4,278.7,-3.875,103.625,GPCC Full Data Monthly v2020 0.25deg (PSL)
lahat,2017,5,267.06,-3.875,103.625,GPCC Full Data Monthly v2020 0.25deg (PSL)
lahat,2017,6,86.32,-3.875,103.625,GPCC Full Data Monthly v2020 0.25deg (PSL)
lahat,2017,7,77.16,-3.875,103.625,GPCC Full Data Monthly v2020 0.25deg (PSL)
lahat,2017,8,175.71,-3.875,103.625,GPCC Full Data Monthly v2020 0.25deg (PSL)
lahat,2017,9,264.03,-3.875,103.625,GPCC Full Data Monthly v2020 0.25deg (PSL)
lahat,2017,10,214.73,-3.875,103.625,GPCC Full Data Monthly v2020 0.25deg (PSL)
lahat,2017,11,191.9,-3.875,103.625,GPCC Full Data Monthly v2020 0.25deg (PSL)
lahat,2017,12,283.57,-3.875,103.625,GPCC Full Data Monthly v2020 0.25deg (PSL)
lahat,2018,1,200.12,-3.875,103.625,GPCC Full Data Monthly v2020 0.25deg (PSL)
lahat,2018,2,215.64,-3.875,103.625,GPCC Full Data Monthly v2020 0.25deg (PSL)
lahat,2018,3,269.22,-3.875,103.625,GPCC Full Data Monthly v2020 0.25deg (PSL)
lahat,2018,4,247.49,-3.875,103.625,GPCC Full Data Monthly v2020 0.25deg (PSL)
lahat,2018,5,156.7,-3.875,103.625,GPCC Full Data Monthly v2020 0.25deg (PSL)
lahat,2018,6,142.53,-3.875,103.625,GPCC Full Data Monthly v2020 0.25deg (PSL)
lahat,2018,7,0.0,-3.875,103.625,GPCC Full Data Monthly v2020 0.25deg (PSL)
lahat,2018,8,210.2,-3.875,103.625,GPCC Full Data Monthly v2020 0.25deg (PSL)
lahat,2018,9,108.61,-3.875,103.625,GPCC Full Data Monthly v2020 0.25deg (PSL)
lahat,2018,10,188.56,-3.875,103.625,GPCC Full Data Monthly v2020 0.25deg (PSL)
lahat,2018,11,267.95,-3.875,103.625,GPCC Full Data Monthly v2020 0.25deg (PSL)
lahat,2018,12,330.91,-3.875,103.625,GPCC Full Data Monthly v2020 0.25deg (PSL)
lahat,2019,1,306.51,-3.875,103.625,GPCC Full Data Monthly v2020 0.25deg (PSL)
lahat,2019,2,174.98,-3.875,103.625,GPCC Full Data Monthly v2020 0.25deg (PSL)
lahat,2019,3,230.69,-3.875,103.625,GPCC Full Data Monthly v2020 0.25deg (PSL)
lahat,2019,4,316.76,-3.875,103.625,GPCC Full Data Monthly v2020 0.25deg (PSL)
lahat,2019,5,88.73,-3.875,103.625,GPCC Full Data Monthly v2020 0.25deg (PSL)
lahat,2019,6,92.84,-3.875,103.625,GPCC Full Data Monthly v2020 0.25deg (PSL)
lahat,2019,7,134.42,-3.875,103.625,GPCC Full Data Monthly v2020 0.25deg (PSL)
lahat,2019,8,0.0,-3.875,103.625,GPCC Full Data Monthly v2020 0.25deg (PSL)
lahat,2019,9,0.0,-3.875,103.625,GPCC Full Data Monthly v2020 0.25deg (PSL)
lahat,2019,10,3.6,-3.875,103.625,GPCC Full Data Monthly v2020 0.25deg (PSL)
lahat,2019,11,0.0,-3.875,103.625,GPCC Full Data Monthly v2020 0.25deg (PSL)
lahat,2019,12,290.25,-3.875,103.625,GPCC Full Data Monthly v2020 0.25deg (PSL)
muaradua,1981,1,358.11,-4.625,104.125,GPCC Full Data Monthly v2020 0.25deg (PSL)
muaradua,1981,2,231.47,-4.625,104.125,GPCC Full Data Monthly v2020 0.25deg (PSL)
muaradua,1981,3,456.07,-4.625,104.125,GPCC Full Data Monthly v2020 0.25deg (PSL)
muaradua,1981,4,302.25,-4.625,104.125,GPCC Full Data Monthly v2020 0.25deg (PSL)
muaradua,1981,5,186.77,-4.625,104.125,GPCC Full Data Monthly v2020 0.25deg (PSL)
muaradua,1981,6,144.9,-4.625,104.125,GPCC Full Data Monthly v2020 0.25deg (PSL)
muaradua,1981,7,138.5,-4.625,104.125,GPCC Full Data Monthly v2020 0.25deg (PSL)
muaradua,1981,8,34.77,-4.625,104.125,GPCC Full Data Monthly v2020 0.25deg (PSL)
muaradua,1981,9,191.17,-4.625,104.125,GPCC Full Data Monthly v2020 0.25deg (PSL)
muaradua,1981,10,256.2,-4.625,104.125,GPCC Full Data Monthly v2020 0.25deg (PSL)
muaradua,1981,11,276.78,-4.625,104.125,GPCC Full Data Monthly v2020 0.25deg (PSL)
muaradua,1981,12,308.55,-4.625,104.125,GPCC Full Data Monthly v2020 0.25deg (PSL)
muaradua,1982,1,366.21,-4.625,104.125,GPCC Full Data Monthly v2020 0.25deg (PSL)
muaradua,1982,2,301.84,-4.625,104.125,GPCC Full Data Monthly v2020 0.25deg (PSL)
muaradua,1982,3,353.8,-4.625,104.125,GPCC Full Data Monthly v2020 0.25deg (PSL)
muaradua,1982,4,220.56,-4.625,104.125,GPCC Full Data Monthly v2020 0.25deg (PSL)
muaradua,1982,5,139.59,-4.625,104.125,GPCC Full Data Monthly v2020 0.25deg (PSL)
muaradua,1982,6,103.44,-4.625,104.125,GPCC Full Data Monthly v2020 0.25deg (PSL)
muaradua,1982,7,93.03,-4.625,104.125,GPCC Full Data Monthly v2020 0.25deg (PSL)
muaradua,1982,8,34.38,-4.625,104.125,GPCC Full Data Monthly v2020 0.25deg (PSL)
muaradua,1982,9,3.73,-4.625,104.125,GPCC Full Data Monthly v2020 0.25deg (PSL)
muaradua,1982,10,169.74,-4.625,104.125,GPCC Full Data Monthly v2020 0.25deg (PSL)
muaradua,1982,11,71.02,-4.625,104.125,GPCC Full Data Monthly v2020 0.25deg (PSL)
muaradua,1982,12,321.91,-4.625,104.125,GPCC Full Data Monthly v2020 0.25deg (PSL)
muaradua,1983,1,316.04,-4.625,104.125,GPCC Full Data Monthly v2020 0.25deg (PSL)
muaradua,1983,2,162.39,-4.625,104.125,GPCC Full Data Monthly v2020 0.25deg (PSL)
muaradua,1983,3,513.83,-4.625,104.125,GPCC Full Data Monthly v2020 0.25deg (PSL)
muaradua,1983,4,187.22,-4.625,104.125,GPCC Full Data Monthly v2020 0.25deg (PSL)
muaradua,1983,5,237.46,-4.625,104.125,GPCC Full Data Monthly v2020 0.25deg (PSL)
muaradua,1983,6,39.78,-4.625,104.125,GPCC Full Data Monthly v2020 0.25deg (PSL)
muaradua,1983,7,105.58,-4.625,104.125,GPCC Full Data Monthly v2020 0.25deg (PSL)
muaradua,1983,8,17.37,-4.625,104.125,GPCC Full Data Monthly v2020 0.25deg (PSL)
muaradua,1983,9,19.64,-4.625,104.125,GPCC Full Data Monthly v2020 0.25deg (PSL)
muaradua,1983,10,169.29,-4.625,104.125,GPCC Full Data Monthly v2020 0.25deg (PSL)
muaradua,1983,11,182.25,-4.625,104.125,GPCC Full Data Monthly v2020 0.25deg (PSL)
muaradua,1983,12,278.08,-4.625,104.125,GPCC Full Data Monthly v2020 0.25deg (PSL)
muaradua,1984,1,278.58,-4.625,104.125,GPCC Full Data Monthly v2020 0.25deg (PSL)
muaradua,1984,2,259.67,-4.625,104.125,GPCC Full Data Monthly v2020 0.25deg (PSL)
muaradua,1984,3,296.04,-4.625,104.125,GPCC Full Data Monthly v2020 0.25deg (PSL)
muaradua,1984,4,324.91,-4.625,104.125,GPCC Full Data Monthly v2020 0.25deg (PSL)
muaradua,1984,5,289.57,-4.625,104.125,GPCC Full Data Monthly v2020 0.25deg (PSL)
muaradua,1984,6,188.84,-4.625,104.125,GPCC Full Data Monthly v2020 0.25deg (PSL)
muaradua,1984,7,111.02,-4.625,104.125,GPCC Full Data Monthly v2020 0.25deg (PSL)
muaradua,1984,8,134.89,-4.625,104.125,GPCC Full Data Monthly v2020 0.25deg (PSL)
muaradua,1984,9,292.91,-4.625,104.125,GPCC Full Data Monthly v2020 0.25deg (PSL)
muaradua,1984,10,197.26,-4.625,104.125,GPCC Full Data Monthly v2020 0.25deg (PSL)
muaradua,1984,11,230.68,-4.625,104.125,GPCC Full Data Monthly v2020 0.25deg (PSL)
muaradua,1984,12,335.92,-4.625,104.125,GPCC Full Data Monthly v2020 0.25deg (PSL)
muaradua,1985,1,446.64,-4.625,104.125,GPCC Full Data Monthly v2020 0.25deg (PSL)
muaradua,1985,2,114.44,-4.625,104.125,GPCC Full Data Monthly v2020 0.25deg (PSL)
muaradua,1985,3,547.39,-4.625,104.125,GPCC Full Data Monthly v2020 0.25deg (PSL)
muaradua,1985,4,391.63,-4.625,104.125,GPCC Full Data Monthly v2020 0.25deg (PSL)
muaradua,1985,5,235.23,-4.625,104.125,GPCC Full Data Monthly v2020 0.25deg (PSL)
muaradua,1985,6,120.14,-4.625,104.125,GPCC Full Data Monthly v2020 0.25deg (PSL)
muaradua,1985,7,249.36,-4.625,104.125,GPCC Full Data Monthly v2020 0.25deg (PSL)
muaradua,1985,8,43.44,-4.625,104.125,GPCC Full Data Monthly v2020 0.25deg (PSL)
muaradua,1985,9,168.77,-4.625,104.125,GPCC Full Data Monthly v2020 0.25deg (PSL)
muaradua,1985,10,289.75,-4.625,104.125,GPCC Full Data Monthly v2020 0.25deg (PSL)
muaradua,1985,11,260.76,-4.625,104.125,GPCC Full Data Monthly v2020 0.25deg (PSL)
muaradua,1985,12,342.21,-4.625,104.125,GPCC Full Data Monthly v2020 0.25deg (PSL)
muaradua,1986,1,168.55,-4.625,104.125,GPCC Full Data Monthly v2020 0.25deg (PSL)
muaradua,1986,2,261.23,-4.625,104.125,GPCC Full Data Monthly v2020 0.25deg (PSL)
muaradua,1986,3,222.42,-4.625,104.125,GPCC Full Data Monthly v2020 0.25deg (PSL)
muaradua,1986,4,641.25,-4.625,104.125,GPCC Full Data Monthly v2020 0.25deg (PSL)
muaradua,1986,5,175.92,-4.625,104.125,GPCC Full Data Monthly v2020 0.25deg (PSL)
muaradua,1986,6,260.62,-4.625,104.125,GPCC Full Data Monthly v2020 0.25deg (PSL)
muaradua,1986,7,136.65,-4.625,104.125,GPCC Full Data Monthly v2020 0.25deg (PSL)
muaradua,1986,8,44.4,-4.625,104.125,GPCC Full Data Monthly v2020 0.25deg (PSL)
muaradua,1986,9,285.15,-4.625,104.125,GPCC Full Data Monthly v2020 0.25deg (PSL)
muaradua,1986,10,294.53,-4.625,104.125,GPCC Full Data Monthly v2020 0.25deg (PSL)
muaradua,1986,11,195.5,-4.625,104.125,GPCC Full Data Monthly v2020 0.25deg (PSL)
muaradua,1986,12,310.41,-4.625,104.125,GPCC Full Data Monthly v2020 0.25deg (PSL)
muaradua,1987,1,291.46,-4.625,104.125,GPCC Full Data Monthly v2020 0.25deg (PSL)
muaradua,1987,2,162.37,-4.625,104.125,GPCC Full Data Monthly v2020 0.25deg (PSL)
muaradua,1987,3,458.23,-4.625,104.125,GPCC Full Data Monthly v2020 0.25deg (PSL)
muaradua,1987,4,351.89,-4.625,104.125,GPCC Full Data Monthly v2020 0.25deg (PSL)
muaradua,1987,5,264.7,-4.625,104.125,GPCC Full Data Monthly v2020 0.25deg (PSL)
muaradua,1987,6,243.49,-4.625,104.125,GPCC Full Data Monthly v2020 0.25deg (PSL)
muaradua,1987,7,99.1,-4.625,104.125,GPCC Full Data Monthly v2020 0.25deg (PSL)
muaradua,1987,8,21.57,-4.625,104.125,GPCC Full Data Monthly v2020 0.25deg (PSL)
muaradua,1987,9,163.9,-4.625,104.125,GPCC Full Data Monthly v2020 0.25deg (PSL)
muaradua,1987,10,94.58,-4.625,104.125,GPCC Full Data Monthly v2020 0.25deg (PSL)
muaradua,1987,11,153.8,-4.625,104.125,GPCC Full Data Monthly v2020 0.25deg (PSL)
muaradua,1987,12,444.24,-4.625,104.125,GPCC Full Data Monthly v2020 0.25deg (PSL)
muaradua,1988,1,510.11,-4.625,104.125,GPCC Full Data Monthly v2020 0.25deg (PSL)
muaradua,1988,2,251.47,-4.625,104.125,GPCC Full Data Monthly v2020 0.25deg (PSL)
muaradua,1988,3,447.84,-4.625,104.125,GPCC Full Data Monthly v2020 0.25deg (PSL)
muaradua,1988,4,110.5,-4.625,104.125,GPCC Full Data Monthly v2020 0.25deg (PSL)
muaradua,1988,5,197.72,-4.625,104.125,GPCC Full Data Monthly v2020 0.25deg (PSL)
muaradua,1988,6,94.92,-4.625,104.125,GPCC Full Data Monthly v2020 0.25deg (PSL)
muaradua,1988,7,136.5,-4.625,104.125,GPCC Full Data Monthly v2020 0.25deg (PSL)
muaradua,1988,8,186.22,-4.625,104.125,GPCC Full Data Monthly v2020 0.25deg (PSL)
muaradua,1988,9,167.63,-4.625,104.125,GPCC Full Data Monthly v2020 0.25deg (PSL)
muaradua,1988,10,118.02,-4.625,104.125,GPCC Full Data Monthly v2020 0.25deg (PSL)
muaradua,1988,11,214.79,-4.625,104.125,GPCC Full Data Monthly v2020 0.25deg (PSL)
muaradua,1988,12,321.74,-4.625,104.125,GPCC Full Data Monthly v2020 0.25deg (PSL)
muaradua,1989,1,242.44,-4.625,104.125,GPCC Full Data Monthly v2020 0.25deg (PSL)
muaradua,1989,2,246.65,-4.625,104.125,GPCC Full Data Monthly v2020 0.25deg (PSL)
muaradua,1989,3,194.32,-4.625,104.125,GPCC Full Data Monthly v2020 0.25deg (PSL)
muaradua,1989,4,76.15,-4.625,104.125,GPCC Full Data Monthly v2020 0.25deg (PSL)
muaradua,1989,5,110.0,-4.625,104.125,GPCC Full Data Monthly v2020 0.25deg (PSL)
muaradua,1989,6,94.1,-4.625,104.125,GPCC Full Data Monthly v2020 0.25deg (PSL)
muaradua,1989,7,118.66,-4.625,104.125,GPCC Full Data Monthly v2020 0.25deg (PSL)
muaradua,1989,8,164.85,-4.625,104.125,GPCC Full Data Monthly v2020 0.25deg (PSL)
muaradua,1989,9,143.52,-4.625,104.125,GPCC Full Data Monthly v2020 0.25deg (PSL)
muaradua,1989,10,150.55,-4.625,104.125,GPCC Full Data Monthly v2020 0.25deg (PSL)
muaradua,1989,11,370.1,-4.625,104.125,GPCC Full Data Monthly v2020 0.25deg (PSL)
muaradua,1989,12,104.83,-4.625,104.125,GPCC Full Data Monthly v2020 0.25deg (PSL)
muaradua,1990,1,162.69,-4.625,104.125,GPCC Full Data Monthly v2020 0.25deg (PSL)
muaradua,1990,2,294.92,-4.625,104.125,GPCC Full Data Monthly v2020 0.25deg (PSL)
muaradua,1990,3,319.34,-4.625,104.125,GPCC Full Data Monthly v2020 0.25deg (PSL)
muaradua,1990,4,331.09,-4.625,104.125,GPCC Full Data Monthly v2020 0.25deg (PSL)
muaradua,1990,5,147.59,-4.625,104.125,GPCC Full Data Monthly v2020 0.25deg (PSL)
muaradua,1990,6,112.62,-4.625,104.125,GPCC Full Data Monthly v2020 0.25deg (PSL)
muaradua,1990,7,0.0,-4.625,104.125,GPCC Full Data Monthly v2020 0.25deg (PSL)
muaradua,1990,8,118.65,-4.625,104.125,GPCC Full Data Monthly v2020 0.25deg (PSL)
muaradua,1990,9,76.78,-4.625,104.125,GPCC Full Data Monthly v2020 0.25deg (PSL)
muaradua,1990,10,70.62,-4.625,104.125,GPCC Full Data Monthly v2020 0.25deg (PSL)
muaradua,1990,11,209.04,-4.625,104.125,GPCC Full Data Monthly v2020 0.25deg (PSL)
muaradua,1990,12,336.91,-4.625,104.125,GPCC Full Data Monthly v2020 0.25deg (PSL)
muaradua,1991,1,408.29,-4.625,104.125,GPCC Full Data Monthly v2020 0.25deg (PSL)
muaradua,1991,2,112.65,-4.625,104.125,GPCC Full Data Monthly v2020 0.25deg (PSL)
muaradua,1991,3,328.35,-4.625,104.125,GPCC Full Data Monthly v2020 0.25deg (PSL)
muaradua,1991,4,315.92,-4.625,104.125,GPCC Full Data Monthly v2020 0.25deg (PSL)
muaradua,1991,5,319.94,-4.625,104.125,GPCC Full Data Monthly v2020 0.25deg (PSL)
muaradua,1991,6,54.74,-4.625,104.125,GPCC Full Data Monthly v2020 0.25deg (PSL)
muaradua,1991,7,5.65,-4.625,104.125,GPCC Full Data Monthly v2020 0.25deg (PSL)
muaradua,1991,8,20.35,-4.625,104.125,GPCC Full Data Monthly v2020 0.25deg (PSL)
muaradua,1991,9,22.59,-4.625,104.125,GPCC Full Data Monthly v2020 0.25deg (PSL)
muaradua,1991,10,84.36,-4.625,104.125,GPCC Full Data Monthly v2020 0.25deg (PSL)
muaradua,1991,11,463.37,-4.625,104.125,GPCC Full Data Monthly v2020 0.25deg (PSL)
muaradua,1991,12,507.61,-4.625,104.125,GPCC Full Data Monthly v2020 0.25deg (PSL)
muaradua,1992,1,162.51,-4.625,104.125,GPCC Full Data Monthly v2020 0.25deg (PSL)
muaradua,1992,2,212.87,-4.625,104.125,GPCC Full Data Monthly v2020 0.25deg (PSL)
muaradua,1992,3,296.02,-4.625,104.125,GPCC Full Data Monthly v2020 0.25deg (PSL)
muaradua,1992,4,334.11,-4.625,104.125,GPCC Full Data Monthly v2020 0.25deg (PSL)
muaradua,1992,5,173.52,-4.625,104.125,GPCC Full Data Monthly v2020 0.25deg (PSL)
muaradua,1992,6,112.68,-4.625,104.125,GPCC Full Data Monthly v2020 0.25deg (PSL)
muaradua,1992,7,109.76,-4.625,104.125,GPCC Full Data Monthly v2020 0.25deg (PSL)
muaradua,1992,8,287.19,-4.625,104.125,GPCC Full Data Monthly v2020 0.25deg (PSL)
muaradua,1992,9,1.42,-4.625,104.125,GPCC Full Data Monthly v2020 0.25deg (PSL)
muaradua,1992,10,167.1,-4.625,104.125,GPCC Full Data Monthly v2020 0.25deg (PSL)
muaradua,1992,11,245.84,-4.625,104.125,GPCC Full Data Monthly v2020 0.25deg (PSL)
muaradua,1992,12,234.71,-4.625,104.125,GPCC Full Data Monthly v2020 0.25deg (PSL)
muaradua,1993,1,399.92,-4.625,104.125,GPCC Full Data Monthly v2020 0.25deg (PSL)
muaradua,1993,2,271.43,-4.625,104.125,GPCC Full Data Monthly v2020 0.25deg (PSL)
muaradua,1993,3,600.05,-4.625,104.125,GPCC Full Data Monthly v2020 0.25deg (PSL)
muaradua,1993,4,190.6,-4.625,104.125,GPCC Full Data Monthly v2020 0.25deg (PSL)
muaradua,1993,5,207.21,-4.625,104.125,GPCC Full Data Monthly v2020 0.25deg (PSL)
muaradua,1993,6,236.78,-4.625,104.125,GPCC Full Data Monthly v2020 0.25deg (PSL)
muaradua,1993,7,217.0,-4.625,104.125,GPCC Full Data Monthly v2020 0.25deg (PSL)
muaradua,1993,8,161.96,-4.625,104.125,GPCC Full Data Monthly v2020 0.25deg (PSL)
muaradua,1993,9,146.06,-4.625,104.125,GPCC Full Data Monthly v2020 0.25deg (PSL)
muaradua,1993,10,101.17,-4.625,104.125,GPCC Full Data Monthly v2020 0.25deg (PSL)
muaradua,1993,11,247.13,-4.625,104.125,GPCC Full Data Monthly v2020 0.25deg (PSL)
muaradua,1993,12,369.77,-4.625,104.125,GPCC Full Data Monthly v2020 0.25deg (PSL)
muaradua,1994,1,380.52,-4.625,104.125,GPCC Full Data Monthly v2020 0.25deg (PSL)
muaradua,1994,2,388.53,-4.625,104.125,GPCC Full Data Monthly v2020 0.25deg (PSL)
muaradua,1994,3,251.61,-4.625,104.125,GPCC Full Data Monthly v2020 0.25deg (PSL)
muaradua,1994,4,177.09,-4.625,104.125,GPCC Full Data Monthly v2020 0.25deg (PSL)
muaradua,1994,5,165.93,-4.625,104.125,GPCC Full Data Monthly v2020 0.25deg (PSL)
muaradua,1994,6,127.08,-4.625,104.125,GPCC Full Data Monthly v2020 0.25deg (PSL)
muaradua,1994,7,0.0,-4.625,104.125,GPCC Full Data Monthly v2020 0.25deg (PSL)
muaradua,1994,8,10.54,-4.625,104.125,GPCC Full Data Monthly v2020 0.25deg (PSL)
muaradua,1994,9,49.11,-4.625,104.125,GPCC Full Data Monthly v2020 0.25deg (PSL)
muaradua,1994,10,67.85,-4.625,104.125,GPCC Full Data Monthly v2020 0.25deg (PSL)
muaradua,1994,11,158.24,-4.625,104.125,GPCC Full Data Monthly v2020 0.25deg (PSL)
muaradua,1994,12,379.96,-4.625,104.125,GPCC Full Data Monthly v2020 0.25deg (PSL)
muaradua,1995,1,498.2,-4.625,104.125,GPCC Full Data Monthly v2020 0.25deg (PSL)
muaradua,1995,2,617.86,-4.625,104.125,GPCC Full Data Monthly v2020 0.25deg (PSL)
muaradua,1995,3,841.05,-4.625,104.125,GPCC Full Data Monthly v2020 0.25deg (PSL)
muaradua,1995,4,265.82,-4.625,104.125,GPCC Full Data Monthly v2020 0.25deg (PSL)
muaradua,1995,5,232.1,-4.625,104.125,GPCC Full Data Monthly v2020 0.25deg (PSL)
muaradua,1995,6,343.54,-4.625,104.125,GPCC Full Data Monthly v2020 0.25deg (PSL)
muaradua,1995,7,211.02,-4.625,104.125,GPCC Full Data Monthly v2020 0.25deg (PSL)
muaradua,1995,8,32.09,-4.625,104.125,GPCC Full Data Monthly v2020 0.25deg (PSL)
muaradua,1995,9,169.84,-4.625,104.125,GPCC Full Data Monthly v2020 0.25deg (PSL)
muaradua,1995,10,176.75,-4.625,104.125,GPCC Full Data Monthly v2020 0.25deg (PSL)
muaradua,1995,11,293.55,-4.625,104.125,GPCC Full Data Monthly v2020 0.25deg (PSL)
muaradua,1995,12,257.38,-4.625,104.125,GPCC Full Data Monthly v2020 0.25deg (PSL)
muaradua,1996,1,251.21,-4.625,104.125,GPCC Full Data Monthly v2020 0.25deg (PSL)
muaradua,1996,2,375.73,-4.625,104.125,GPCC Full Data Monthly v2020 0.25deg (PSL)
muaradua,1996,3,729.27,-4.625,104.125,GPCC Full Data Monthly v2020 0.25deg (PSL)
muaradua,1996,4,325.92,-4.625,104.125,GPCC Full Data Monthly v2020 0.25deg (PSL)
muaradua,1996,5,338.69,-4.625,104.125,GPCC Full Data Monthly v2020 0.25deg (PSL)
muaradua,1996,6,216.3,-4.625,104.125,GPCC Full Data Monthly v2020 0.25deg (PSL)
muaradua,1996,7,58.53,-4.625,104.125,GPCC Full Data Monthly v2020 0.25deg (PSL)
muaradua,1996,8,165.65,-4.625,104.125,GPCC Full Data Monthly v2020 0.25deg (PSL)
muaradua,1996,9,163.88,-4.625,104.125,GPCC Full Data Monthly v2020 0.25deg (PSL)
muaradua,1996,10,206.72,-4.625,104.125,GPCC Full Data Monthly v2020 0.25deg (PSL)
muaradua,1996,11,284.77,-4.625,104.125,GPCC Full Data Monthly v2020 0.25deg (PSL)
muaradua,1996,12,231.38,-4.625,104.125,GPCC Full Data Monthly v2020 0.25deg (PSL)
muaradua,1997,1,251.29,-4.625,104.125,GPCC Full Data Monthly v2020 0.25deg (PSL)
muaradua,1997,2,248.15,-4.625,104.125,GPCC Full Data Monthly v2020 0.25deg (PSL)
muaradua,1997,3,382.59,-4.625,104.125,GPCC Full Data Monthly v2020 0.25deg (PSL)
muaradua,1997,4,351.23,-4.625,104.125,GPCC Full Data Monthly v2020 0.25deg (PSL)
muaradua,1997,5,251.8,-4.625,104.125,GPCC Full Data Monthly v2020 0.25deg (PSL)
muaradua,1997,6,51.16,-4.625,104.125,GPCC Full Data Monthly v2020 0.25deg (PSL)
muaradua,1997,7,0.0,-4.625,104.125,GPCC Full Data Monthly v2020 0.25deg (PSL)
muaradua,1997,8,29.54,-4.625,104.125,GPCC Full Data Monthly v2020 0.25deg (PSL)
muaradua,1997,9,36.97,-4.625,104.125,GPCC Full Data Monthly v2020 0.25deg (PSL)
muaradua,1997,10,60.88,-4.625,104.125,GPCC Full Data Monthly v2020 0.25deg (PSL)
muaradua,1997,11,100.46,-4.625,104.125,GPCC Full Data Monthly v2020 0.25deg (PSL)
muaradua,1997,12,171.47,-4.625,104.125,GPCC Full Data Monthly v2020 0.25deg (PSL)
muaradua,1998,1,231.05,-4.625,104.125,GPCC Full Data Monthly v2020 0.25deg (PSL)
muaradua,1998,2,433.33,-4.625,104.125,GPCC Full Data Monthly v2020 0.25deg (PSL)
muaradua,1998,3,431.31,-4.625,104.125,GPCC Full Data Monthly v2020 0.25deg (PSL)
muaradua,1998,4,220.19,-4.625,104.125,GPCC Full Data Monthly v2020 0.25deg (PSL)
muaradua,1998,5,287.11,-4.625,104.125,GPCC Full Data Monthly v2020 0.25deg (PSL)
muaradua,1998,6,167.66,-4.625,104.125,GPCC Full Data Monthly v2020 0.25deg (PSL)
muaradua,1998,7,353.7,-4.625,104.125,GPCC Full Data Monthly v2020 0.25deg (PSL)
muaradua,1998,8,160.11,-4.625,104.125,GPCC Full Data Monthly v2020 0.25deg (PSL)
muaradua,1998,9,124.15,-4.625,104.125,GPCC Full Data Monthly v2020 0.25deg (PSL)
muaradua,1998,10,254.84,-4.625,104.125,GPCC Full Data Monthly v2020 0.25deg (PSL)
muaradua,1998,11,264.06,-4.625,104.125,GPCC Full Data Monthly v2020 0.25deg (PSL)
muaradua,1998,12,534.59,-4.625,104.125,GPCC Full Data Monthly v2020 0.25deg (PSL)
muaradua,1999,1,318.35,-4.625,104.125,GPCC Full Data Monthly v2020 0.25deg (PSL)
muaradua,1999,2,486.45,-4.625,104.125,GPCC Full Data Monthly v2020 0.25deg (PSL)
muaradua,1999,3,375.11,-4.625,104.125,GPCC Full Data Monthly v2020 0.25deg (PSL)
muaradua,1999,4,241.23,-4.625,104.125,GPCC Full Data Monthly v2020 0.25deg (PSL)
muaradua,1999,5,295.57,-4.625,104.125,GPCC Full Data Monthly v2020 0.25deg (PSL)
muaradua,1999,6,81.43,-4.625,104.125,GPCC Full Data Monthly v2020 0.25deg (PSL)
muaradua,1999,7,125.17,-4.625,104.125,GPCC Full Data Monthly v2020 0.25deg (PSL)
muaradua,1999,8,63.07,-4.625,104.125,GPCC Full Data Monthly v2020 0.25deg (PSL)
muaradua,1999,9,88.76,-4.625,104.125,GPCC Full Data Monthly v2020 0.25deg (PSL)
muaradua,1999,10,311.15,-4.625,104.125,GPCC Full Data Monthly v2020 0.25deg (PSL)
muaradua,1999,11,313.89,-4.625,104.125,GPCC Full Data Monthly v2020 0.25deg (PSL)
muaradua,1999,12,408.45,-4.625,104.125,GPCC Full Data Monthly v2020 0.25deg (PSL)
muaradua,2000,1,257.85,-4.625,104.125,GPCC Full Data Monthly v2020 0.25deg (PSL)
muaradua,2000,2,294.28,-4.625,104.125,GPCC Full Data Monthly v2020 0.25deg (PSL)
muaradua,2000,3,280.26,-4.625,104.125,GPCC Full Data Monthly v2020 0.25deg (PSL)
muaradua,2000,4,251.91,-4.625,104.125,GPCC Full Data Monthly v2020 0.25deg (PSL)
muaradua,2000,5,201.8,-4.625,104.125,GPCC Full Data Monthly v2020 0.25deg (PSL)
muaradua,2000,6,287.92,-4.625,104.125,GPCC Full Data Monthly v2020 0.25deg (PSL)
muaradua,2000,7,93.44,-4.625,104.125,GPCC Full Data Monthly v2020 0.25deg (PSL)
muaradua,2000,8,91.08,-4.625,104.125,GPCC Full Data Monthly v2020 0.25deg (PSL)
muaradua,2000,9,104.8,-4.625,104.125,GPCC Full Data Monthly v2020 0.25deg (PSL)
muaradua,2000,10,287.76,-4.625,104.125,GPCC Full Data Monthly v2020 0.25deg (PSL)
muaradua,2000,11,307.05,-4.625,104.125,GPCC Full Data Monthly v2020 0.25deg (PSL)
muaradua,2000,12,450.02,-4.625,104.125,GPCC Full Data Monthly v2020 0.25deg (PSL)
muaradua,2001,1,308.57,-4.625,104.125,GPCC Full Data Monthly v2020 0.25deg (PSL)
muaradua,2001,2,266.59,-4.625,104.125,GPCC Full Data Monthly v2020 0.25deg (PSL)
muaradua,2001,3,335.34,-4.625,104.125,GPCC Full Data Monthly v2020 0.25deg (PSL)
muaradua,2001,4,259.54,-4.625,104.125,GPCC Full Data Monthly v2020 0.25deg (PSL)
muaradua,2001,5,205.15,-4.625,104.125,GPCC Full Data Monthly v2020 0.25deg (PSL)
muaradua,2001,6,121.6,-4.625,104.125,GPCC Full Data Monthly v2020 0.25deg (PSL)
muaradua,2001,7,22.33,-4.625,104.125,GPCC Full Data Monthly v2020 0.25deg (PSL)
muaradua,2001,8,103.56,-4.625,104.125,GPCC Full Data Monthly v2020 0.25deg (PSL)
muaradua,2001,9,200.17,-4.625,104.125,GPCC Full Data Monthly v2020 0.25deg (PSL)
muaradua,2001,10,272.57,-4.625,104.125,GPCC Full Data Monthly v2020 0.25deg (PSL)
muaradua,2001,11,314.33,-4.625,104.125,GPCC Full Data Monthly v2020 0.25deg (PSL)
muaradua,2001,12,514.03,-4.625,104.125,GPCC Full Data Monthly v2020 0.25deg (PSL)
muaradua,2002,1,415.68,-4.625,104.125,GPCC Full Data Monthly v2020 0.25deg (PSL)
muaradua,2002,2,191.75,-4.625,104.125,GPCC Full Data Monthly v2020 0.25deg (PSL)
muaradua,2002,3,364.27,-4.625,104.125,GPCC Full Data Monthly v2020 0.25deg (PSL)
muaradua,2002,4,476.48,-4.625,104.125,GPCC Full Data Monthly v2020 0.25deg (PSL)
muaradua,2002,5,148.11,-4.625,104.125,GPCC Full Data Monthly v2020 0.25deg (PSL)
muaradua,2002,6,192.78,-4.625,104.125,GPCC Full Data Monthly v2020 0.25deg (PSL)
muaradua,2002,7,215.28,-4.625,104.125,GPCC Full Data Monthly v2020 0.25deg (PSL)
muaradua,2002,8,37.13,-4.625,104.125,GPCC Full Data Monthly v2020 0.25deg (PSL)
muaradua,2002,9,98.03,-4.625,104.125,GPCC Full Data Monthly v2020 0.25deg (PSL)
muaradua,2002,10,60.94,-4.625,104.125,GPCC Full Data Monthly v2020 0.25deg (PSL)
muaradua,2002,11,161.83,-4.625,104.125,GPCC Full Data Monthly v2020 0.25deg (PSL)
muaradua,2002,12,371.37,-4.625,104.125,GPCC Full Data Monthly v2020 0.25deg (PSL)
muaradua,2003,1,318.97,-4.625,104.125,GPCC Full Data Monthly v2020 0.25deg (PSL)
muaradua,2003,2,300.13,-4.625,104.125,GPCC Full Data Monthly v2020 0.25deg (PSL)
muaradua,2003,3,428.42,-4.625,104.125,GPCC Full Data Monthly v2020 0.25deg (PSL)
muaradua,2003,4,304.25,-4.625,104.125,GPCC Full Data Monthly v2020 0.25deg (PSL)
muaradua,2003,5,204.83,-4.625,104.125,GPCC Full Data Monthly v2020 0.25deg (PSL)
muaradua,2003,6,87.63,-4.625,104.125,GPCC Full Data Monthly v2020 0.25deg (PSL)
muaradua,2003,7,18.39,-4.625,104.125,GPCC Full Data Monthly v2020 0.25deg (PSL)
muaradua,2003,8,78.0,-4.625,104.125,GPCC Full Data Monthly v2020 0.25deg (PSL)
muaradua,2003,9,96.84,-4.625,104.125,GPCC Full Data Monthly v2020 0.25deg (PSL)
muaradua,2003,10,227.79,-4.625,104.125,GPCC Full Data Monthly v2020 0.25deg (PSL)
muaradua,2003,11,222.17,-4.625,104.125,GPCC Full Data Monthly v2020 0.25deg (PSL)
muaradua,2003,12,527.37,-4.625,104.125,GPCC Full Data Monthly v2020 0.25deg (PSL)
muaradua,2004,1,282.23,-4.625,104.125,GPCC Full Data Monthly v2020 0.25deg (PSL)
muaradua,2004,2,282.57,-4.625,104.125,GPCC Full Data Monthly v2020 0.25deg (PSL)
muaradua,2004,3,244.01,-4.625,104.125,GPCC Full Data Monthly v2020 0.25deg (PSL)
muaradua,2004,4,230.21,-4.625,104.125,GPCC Full Data Monthly v2020 0.25deg (PSL)
muaradua,2004,5,234.67,-4.625,104.125,GPCC Full Data Monthly v2020 0.25deg (PSL)
muaradua,2004,6,60.35,-4.625,104.125,GPCC Full Data Monthly v2020 0.25deg (PSL)
muaradua,2004,7,0.0,-4.625,104.125,GPCC Full Data Monthly v2020 0.25deg (PSL)
muaradua,2004,8,30.92,-4.625,104.125,GPCC Full Data Monthly v2020 0.25deg (PSL)
muaradua,2004,9,110.69,-4.625,104.125,GPCC Full Data Monthly v2020 0.25deg (PSL)
muaradua,2004,10,82.7,-4.625,104.125,GPCC Full Data Monthly v2020 0.25deg (PSL)
muaradua,2004,11,329.1,-4.625,104.125,GPCC Full Data Monthly v2020 0.25deg (PSL)
muaradua,2004,12,387.54,-4.625,104.125,GPCC Full Data Monthly v2020 0.25deg (PSL)
muaradua,2005,1,579.45,-4.625,104.125,GPCC Full Data Monthly v2020 0.25deg (PSL)
muaradua,2005,2,642.72,-4.625,104.125,GPCC Full Data Monthly v2020 0.25deg (PSL)
muaradua,2005,3,479.15,-4.625,104.125,GPCC Full Data Monthly v2020 0.25deg (PSL)
muaradua,2005,4,305.45,-4.625,104.125,GPCC Full Data Monthly v2020 0.25deg (PSL)
muaradua,2005,5,165.76,-4.625,104.125,GPCC Full Data Monthly v2020 0.25deg (PSL)
muaradua,2005,6,167.17,-4.625,104.125,GPCC Full Data Monthly v2020 0.25deg (PSL)
muaradua,2005,7,23.7,-4.625,104.125,GPCC Full Data Monthly v2020 0.25deg (PSL)
muaradua,2005,8,124.11,-4.625,104.125,GPCC Full Data Monthly v2020 0.25deg (PSL)
muaradua,2005,9,215.91,-4.625,104.125,GPCC Full Data Monthly v2020 0.25deg (PSL)
muaradua,2005,10,240.21,-4.625,104.125,GPCC Full Data Monthly v2020 0.25deg (PSL)
muaradua,2005,11,189.43,-4.625,104.125,GPCC Full Data Monthly v2020 0.25deg (PSL)
muaradua,2005,12,203.78,-4.625,104.125,GPCC Full Data Monthly v2020 0.25deg (PSL)
muaradua,2006,1,424.99,-4.625,104.125,GPCC Full Data Monthly v2020 0.25deg (PSL)
muaradua,2006,2,369.05,-4.625,104.125,GPCC Full Data Monthly v2020 0.25deg (PSL)
muaradua,2006,3,383.33,-4.625,104.125,GPCC Full Data Monthly v2020 0.25deg (PSL)
muaradua,2006,4,210.8,-4.625,104.125,GPCC Full Data Monthly v2020 0.25deg (PSL)
muaradua,2006,5,163.4,-4.625,104.125,GPCC Full Data Monthly v2020 0.25deg (PSL)
muaradua,2006,6,118.94,-4.625,104.125,GPCC Full Data Monthly v2020 0.25deg (PSL)
muaradua,2006,7,39.83,-4.625,104.125,GPCC Full Data Monthly v2020 0.25deg (PSL)
muaradua,2006,8,13.02,-4.625,104.125,GPCC Full Data Monthly v2020 0.25deg (PSL)
muaradua,2006,9,40.66,-4.625,104.125,GPCC Full Data Monthly v2020 0.25deg (PSL)
muaradua,2006,10,55.85,-4.625,104.125,GPCC Full Data Monthly v2020 0.25deg (PSL)
muaradua,2006,11,124.08,-4.625,104.125,GPCC Full Data Monthly v2020 0.25deg (PSL)
muaradua,2006,12,527.81,-4.625,104.125,GPCC Full Data Monthly v2020 0.25deg (PSL)
muaradua,2007,1,182.09,-4.625,104.125,GPCC Full Data Monthly v2020 0.25deg (PSL)
muaradua,2007,2,240.48,-4.625,104.125,GPCC Full Data Monthly v2020 0.25deg (PSL)
muaradua,2007,3,246.03,-4.625,104.125,GPCC Full Data Monthly v2020 0.25deg (PSL)
muaradua,2007,4,217.75,-4.625,104.125,GPCC Full Data Monthly v2020 0.25deg (PSL)
muaradua,2007,5,125.98,-4.625,104.125,GPCC Full Data Monthly v2020 0.25deg (PSL)
muaradua,2007,6,189.05,-4.625,104.125,GPCC Full Data Monthly v2020 0.25deg (PSL)
muaradua,2007,7,73.23,-4.625,104.125,GPCC Full Data Monthly v2020 0.25deg (PSL)
muaradua,2007,8,57.27,-4.625,104.125,GPCC Full Data Monthly v2020 0.25deg (PSL)
muaradua,2007,9,110.96,-4.625,104.125,GPCC Full Data Monthly v2020 0.25deg (PSL)
muaradua,2007,10,138.52,-4.625,104.125,GPCC Full Data Monthly v2020 0.25deg (PSL)
muaradua,2007,11,114.53,-4.625,104.125,GPCC Full Data Monthly v2020 0.25deg (PSL)
muaradua,2007,12,335.98,-4.625,104.125,GPCC Full Data Monthly v2020 0.25deg (PSL)
muaradua,2008,1,212.62,-4.625,104.125,GPCC Full Data Monthly v2020 0.25deg (PSL)
muaradua,2008,2,266.89,-4.625,104.125,GPCC Full Data Monthly v2020 0.25deg (PSL)
muaradua,2008,3,466.05,-4.625,104.125,GPCC Full Data Monthly v2020 0.25deg (PSL)
muaradua,2008,4,261.74,-4.625,104.125,GPCC Full Data Monthly v2020 0.25deg (PSL)
muaradua,2008,5,116.9,-4.625,104.125,GPCC Full Data Monthly v2020 0.25deg (PSL)
muaradua,2008,6,87.48,-4.625,104.125,GPCC Full Data Monthly v2020 0.25deg (PSL)
muaradua,2008,7,54.87,-4.625,104.125,GPCC Full Data Monthly v2020 0.25deg (PSL)
muaradua,2008,8,119.6,-4.625,104.125,GPCC Full Data Monthly v2020 0.25deg (PSL)
muaradua,2008,9,120.25,-4.625,104.125,GPCC Full Data Monthly v2020 0.25deg (PSL)
muaradua,2008,10,204.66,-4.625,104.125,GPCC Full Data Monthly v2020 0.25deg (PSL)
muaradua,2008,11,247.92,-4.625,104.125,GPCC Full Data Monthly v2020 0.25deg (PSL)
muaradua,2008,12,384.38,-4.625,104.125,GPCC Full Data Monthly v2020 0.25deg (PSL)
muaradua,2009,1,201.26,-4.625,104.125,GPCC Full Data Monthly v2020 0.25deg (PSL)
muaradua,2009,2,220.98,-4.625,104.125,GPCC Full Data Monthly v2020 0.25deg (PSL)
muaradua,2009,3,324.29,-4.625,104.125,GPCC Full Data Monthly v2020 0.25deg (PSL)
muaradua,2009,4,116.36,-4.625,104.125,GPCC Full Data Monthly v2020 0.25deg (PSL)
muaradua,2009,5,256.89,-4.625,104.125,GPCC Full Data Monthly v2020 0.25deg (PSL)
muaradua,2009,6,115.03,-4.625,104.125,GPCC Full Data Monthly v2020 0.25deg (PSL)
muaradua,2009,7,7.12,-4.625,104.125,GPCC Full Data Monthly v2020 0.25deg (PSL)
muaradua,2009,8,52.57,-4.625,104.125,GPCC Full Data Monthly v2020 0.25deg (PSL)
muaradua,2009,9,91.76,-4.625,104.125,GPCC Full Data Monthly v2020 0.25deg (PSL)
muaradua,2009,10,102.9,-4.625,104.125,GPCC Full Data Monthly v2020 0.25deg (PSL)
muaradua,2009,11,183.86,-4.625,104.125,GPCC Full Data Monthly v2020 0.25deg (PSL)
muaradua,2009,12,318.16,-4.625,104.125,GPCC Full Data Monthly v2020 0.25deg (PSL)
muaradua,2010,1,537.51,-4.625,104.125,GPCC Full Data Monthly v2020 0.25deg (PSL)
muaradua,2010,2,331.88,-4.625,104.125,GPCC Full Data Monthly v2020 0.25deg (PSL)
muaradua,2010,3,621.82,-4.625,104.125,GPCC Full Data Monthly v2020 0.25deg (PSL)
muaradua,2010,4,203.26,-4.625,104.125,GPCC Full Data Monthly v2020 0.25deg (PSL)
muaradua,2010,5,264.17,-4.625,104.125,GPCC Full Data Monthly v2020 0.25deg (PSL)
muaradua,2010,6,205.16,-4.625,104.125,GPCC Full Data Monthly v2020 0.25deg (PSL)
muaradua,2010,7,126.63,-4.625,104.125,GPCC Full Data Monthly v2020 0.25deg (PSL)
muaradua,2010,8,155.71,-4.625,104.125,GPCC Full Data Monthly v2020 0.25deg (PSL)
muaradua,2010,9,257.69,-4.625,104.125,GPCC Full Data Monthly v2020 0.25deg (PSL)
muaradua,2010,10,263.21,-4.625,104.125,GPCC Full Data Monthly v2020 0.25deg (PSL)
muaradua,2010,11,243.34,-4.625,104.125,GPCC Full Data Monthly v2020 0.25deg (PSL)
muaradua,2010,12,250.99,-4.625,104.125,GPCC Full Data Monthly v2020 0.25deg (PSL)
muaradua,2011,1,188.43,-4.625,104.125,GPCC Full Data Monthly v2020 0.25deg (PSL)
muaradua,2011,2,248.05,-4.625,104.125,GPCC Full Data Monthly v2020 0.25deg (PSL)
muaradua,2011,3,489.73,-4.625,104.125,GPCC Full Data Monthly v2020 0.25deg (PSL)
muaradua,2011,4,247.99,-4.625,104.125,GPCC Full Data Monthly v2020 0.25deg (PSL)
muaradua,2011,5,200.72,-4.625,104.125,GPCC Full Data Monthly v2020 0.25deg (PSL)
muaradua,2011,6,129.69,-4.625,104.125,GPCC Full Data Monthly v2020 0.25deg (PSL)
muaradua,2011,7,14.07,-4.625,104.125,GPCC Full Data Monthly v2020 0.25deg (PSL)
muaradua,2011,8,14.82,-4.625,104.125,GPCC Full Data Monthly v2020 0.25deg (PSL)
muaradua,2011,9,81.94,-4.625,104.125,GPCC Full Data Monthly v2020 0.25deg (PSL)
muaradua,2011,10,149.82,-4.625,104.125,GPCC Full Data Monthly v2020 0.25deg (PSL)
muaradua,2011,11,239.24,-4.625,104.125,GPCC Full Data Monthly v2020 0.25deg (PSL)
muaradua,2011,12,210.45,-4.625,104.125,GPCC Full Data Monthly v2020 0.25deg (PSL)
muaradua,2012,1,138.61,-4.625,104.125,GPCC Full Data Monthly v2020 0.25deg (PSL)
muaradua,2012,2,307.97,-4.625,104.125,GPCC Full Data Monthly v2020 0.25deg (PSL)
muaradua,2012,3,229.93,-4.625,104.125,GPCC Full Data Monthly v2020 0.25deg (PSL)
muaradua,2012,4,353.53,-4.625,104.125,GPCC Full Data Monthly v2020 0.25deg (PSL)
muaradua,2012,5,257.84,-4.625,104.125,GPCC Full Data Monthly v2020 0.25deg (PSL)
muaradua,2012,6,109.08,-4.625,104.125,GPCC Full Data Monthly v2020 0.25deg (PSL)
muaradua,2012,7,16.53,-4.625,104.125,GPCC Full Data Monthly v2020 0.25deg (PSL)
muaradua,2012,8,26.15,-4.625,104.125,GPCC Full Data Monthly v2020 0.25deg (PSL)
muaradua,2012,9,84.09,-4.625,104.125,GPCC Full Data Monthly v2020 0.25deg (PSL)
muaradua,2012,10,154.79,-4.625,104.125,GPCC Full Data Monthly v2020 0.25deg (PSL)
muaradua,2012,11,235.93,-4.625,104.125,GPCC Full Data Monthly v2020 0.25deg (PSL)
muaradua,2012,12,487.63,-4.625,104.125,GPCC Full Data Monthly v2020 0.25deg (PSL)
muaradua,2013,1,379.76,-4.625,104.125,GPCC Full Data Monthly v2020 0.25deg (PSL)
muaradua,2013,2,211.51,-4.625,104.125,GPCC Full Data Monthly v2020 0.25deg (PSL)
muaradua,2013,3,234.99,-4.625,104.125,GPCC Full Data Monthly v2020 0.25deg (PSL)
muaradua,2013,4,316.49,-4.625,104.125,GPCC Full Data Monthly v2020 0.25deg (PSL)
muaradua,2013,5,189.0,-4.625,104.125,GPCC Full Data Monthly v2020 0.25deg (PSL)
muaradua,2013,6,195.58,-4.625,104.125,GPCC Full Data Monthly v2020 0.25deg (PSL)
muaradua,2013,7,345.13,-4.625,104.125,GPCC Full Data Monthly v2020 0.25deg (PSL)
muaradua,2013,8,78.86,-4.625,104.125,GPCC Full Data Monthly v2020 0.25deg (PSL)
muaradua,2013,9,90.81,-4.625,104.125,GPCC Full Data Monthly v2020 0.25deg (PSL)
muaradua,2013,10,205.41,-4.625,104.125,GPCC Full Data Monthly v2020 0.25deg (PSL)
muaradua,2013,11,295.77,-4.625,104.125,GPCC Full Data Monthly v2020 0.25deg (PSL)
muaradua,2013,12,456.08,-4.625,104.125,GPCC Full Data Monthly v2020 0.25deg (PSL)
muaradua,2014,1,166.54,-4.625,104.125,GPCC Full Data Monthly v2020 0.25deg (PSL)
muaradua,2014,2,259.23,-4.625,104.125,GPCC Full Data Monthly v2020 0.25deg (PSL)
muaradua,2014,3,379.3,-4.625,104.125,GPCC Full Data Monthly v2020 0.25deg (PSL)
muaradua,2014,4,292.57,-4.625,104.125,GPCC Full Data Monthly v2020 0.25deg (PSL)
muaradua,2014,5,223.73,-4.625,104.125,GPCC Full Data Monthly v2020 0.25deg (PSL)
muaradua,2014,6,122.74,-4.625,104.125,GPCC Full Data Monthly v2020 0.25deg (PSL)
muaradua,2014,7,52.59,-4.625,104.125,GPCC Full Data Monthly v2020 0.25deg (PSL)
muaradua,2014,8,144.75,-4.625,104.125,GPCC Full Data Monthly v2020 0.25deg (PSL)
muaradua,2014,9,22.7,-4.625,104.125,GPCC Full Data Monthly v2020 0.25deg (PSL)
muaradua,2014,10,131.53,-4.625,104.125,GPCC Full Data Monthly v2020 0.25deg (PSL)
muaradua,2014,11,403.26,-4.625,104.125,GPCC Full Data Monthly v2020 0.25deg (PSL)
muaradua,2014,12,245.46,-4.625,104.125,GPCC Full Data Monthly v2020 0.25deg (PSL)
muaradua,2015,1,227.28,-4.625,104.125,GPCC Full Data Monthly v2020 0.25deg (PSL)
muaradua,2015,2,201.78,-4.625,104.125,GPCC Full Data Monthly v2020 0.25deg (PSL)
muaradua,2015,3,279.89,-4.625,104.125,GPCC Full Data Monthly v2020 0.25deg (PSL)
muaradua,2015,4,431.96,-4.625,104.125,GPCC Full Data Monthly v2020 0.25deg (PSL)
muaradua,2015,5,138.94,-4.625,104.125,GPCC Full Data Monthly v2020 0.25deg (PSL)
muaradua,2015,6,93.13,-4.625,104.125,GPCC Full Data Monthly v2020 0.25deg (PSL)
muaradua,2015,7,58.66,-4.625,104.125,GPCC Full Data Monthly v2020 0.25deg (PSL)
muaradua,2015,8,39.42,-4.625,104.125,GPCC Full Data Monthly v2020 0.25deg (PSL)
muaradua,2015,9,22.76,-4.625,104.125,GPCC Full Data Monthly v2020 0.25deg (PSL)
muaradua,2015,10,48.51,-4.625,104.125,GPCC Full Data Monthly v2020 0.25deg (PSL)
muaradua,2015,11,153.54,-4.625,104.125,GPCC Full Data Monthly v2020 0.25deg (PSL)
muaradua,2015,12,350.93,-4.625,104.125,GPCC Full Data Monthly v2020 0.25deg (PSL)
muaradua,2016,1,292.39,-4.625,104.125,GPCC Full Data Monthly v2020 0.25deg (PSL)
muaradua,2016,2,272.21,-4.625,104.125,GPCC Full Data Monthly v2020 0.25deg (PSL)
muaradua,2016,3,411.08,-4.625,104.125,GPCC Full Data Monthly v2020 0.25deg (PSL)
muaradua,2016,4,318.42,-4.625,104.125,GPCC Full Data Monthly v2020 0.25deg (PSL)
muaradua,2016,5,243.9,-4.625,104.125,GPCC Full Data Monthly v2020 0.25deg (PSL)
muaradua,2016,6,132.2,-4.625,104.125,GPCC Full Data Monthly v2020 0.25deg (PSL)
muaradua,2016,7,95.67,-4.625,104.125,GPCC Full Data Monthly v2020 0.25deg (PSL)
muaradua,2016,8,149.86,-4.625,104.125,GPCC Full Data Monthly v2020 0.25deg (PSL)
muaradua,2016,9,198.98,-4.625,104.125,GPCC Full Data Monthly v2020 0.25deg (PSL)
muaradua,2016,10,194.42,-4.625,104.125,GPCC Full Data Monthly v2020 0.25deg (PSL)
muaradua,2016,11,346.59,-4.625,104.125,GPCC Full Data Monthly v2020 0.25deg (PSL)
muaradua,2016,12,222.67,-4.625,104.125,GPCC Full Data Monthly v2020 0.25deg (PSL)
muaradua,2017,1,187.32,-4.625,104.125,GPCC Full Data Monthly v2020 0.25deg (PSL)
muaradua,2017,2,301.72,-4.625,104.125,GPCC Full Data Monthly v2020 0.25deg (PSL)
muaradua,2017,3,254.83,-4.625,104.125,GPCC Full Data Monthly v2020 0.25deg (PSL)
muaradua,2017,4,344.12,-4.625,104.125,GPCC Full Data Monthly v2020 0.25deg (PSL)
muaradua,2017,5,256.35,-4.625,104.125,GPCC Full Data Monthly v2020 0.25deg (PSL)
muaradua,2017,6,79.7,-4.625,104.125,GPCC Full Data Monthly v2020 0.25deg (PSL)
muaradua,2017,7,44.38,-4.625,104.125,GPCC Full Data Monthly v2020 0.25deg (PSL)
muaradua,2017,8,73.58,-4.625,104.125,GPCC Full Data Monthly v2020 0.25deg (PSL)
muaradua,2017,9,146.03,-4.625,104.125,GPCC Full Data Monthly v2020 0.25deg (PSL)
muaradua,2017,10,170.3,-4.625,104.125,GPCC Full Data Monthly v2020 0.25deg (PSL)
muaradua,2017,11,308.59,-4.625,104.125,GPCC Full Data Monthly v2020 0.25deg (PSL)
muaradua,2017,12,333.59,-4.625,104.125,GPCC Full Data Monthly v2020 0.25deg (PSL)
muaradua,2018,1,148.18,-4.625,104.125,GPCC Full Data Monthly v2020 0.25deg (PSL)
muaradua,2018,2,262.78,-4.625,104.125,GPCC Full Data Monthly v2020 0.25deg (PSL)
muaradua,2018,3,431.48,-4.625,104.125,GPCC Full Data Monthly v2020 0.25deg (PSL)
muaradua,2018,4,327.38,-4.625,104.125,GPCC Full Data Monthly v2020 0.25deg (PSL)
muaradua,2018,5,229.05,-4.625,104.125,GPCC Full Data Monthly v2020 0.25deg (PSL)
muaradua,2018,6,188.08,-4.625,104.125,GPCC Full Data Monthly v2020 0.25deg (PSL)
muaradua,2018,7,3.21,-4.625,104.125,GPCC Full Data Monthly v2020 0.25deg (PSL)
muaradua,2018,8,88.73,-4.625,104.125,GPCC Full Data Monthly v2020 0.25deg (PSL)
muaradua,2018,9,73.02,-4.625,104.125,GPCC Full Data Monthly v2020 0.25deg (PSL)
muaradua,2018,10,146.08,-4.625,104.125,GPCC Full Data Monthly v2020 0.25deg (PSL)
muaradua,2018,11,270.89,-4.625,104.125,GPCC Full Data Monthly v2020 0.25deg (PSL)
muaradua,2018,12,180.98,-4.625,104.125,GPCC Full Data Monthly v2020 0.25deg (PSL)
muaradua,2019,1,286.46,-4.625,104.125,GPCC Full Data Monthly v2020 0.25deg (PSL)
muaradua,2019,2,228.3,-4.625,104.125,GPCC Full Data Monthly v2020 0.25deg (PSL)
muaradua,2019,3,369.4,-4.625,104.125,GPCC Full Data Monthly v2020 0.25deg (PSL)
muaradua,2019,4,430.77,-4.625,104.125,GPCC Full Data Monthly v2020 0.25deg (PSL)
muaradua,2019,5,145.87,-4.625,104.125,GPCC Full Data Monthly v2020 0.25deg (PSL)
muaradua,2019,6,90.41,-4.625,104.125,GPCC Full Data Monthly v2020 0.25deg (PSL)
muaradua,2019,7,83.65,-4.625,104.125,GPCC Full Data Monthly v2020 0.25deg (PSL)
muaradua,2019,8,6.72,-4.625,104.125,GPCC Full Data Monthly v2020 0.25deg (PSL)
muaradua,2019,9,19.82,-4.625,104.125,GPCC Full Data Monthly v2020 0.25deg (PSL)
muaradua,2019,10,95.45,-4.625,104.125,GPCC Full Data Monthly v2020 0.25deg (PSL)
muaradua,2019,11,95.6,-4.625,104.125,GPCC Full Data Monthly v2020 0.25deg (PSL)
muaradua,2019,12,316.91,-4.625,104.125,GPCC Full Data Monthly v2020 0.25deg (PSL)
liwa,1981,1,404.39,-5.125,104.125,GPCC Full Data Monthly v2020 0.25deg (PSL)
liwa,1981,2,278.14,-5.125,104.125,GPCC Full Data Monthly v2020 0.25deg (PSL)
liwa,1981,3,456.02,-5.125,104.125,GPCC Full Data Monthly v2020 0.25deg (PSL)
liwa,1981,4,279.49,-5.125,104.125,GPCC Full Data Monthly v2020 0.25deg (PSL)
liwa,1981,5,227.73,-5.125,104.125,GPCC Full Data Monthly v2020 0.25deg (PSL)
liwa,1981,6,185.43,-5.125,104.125,GPCC Full Data Monthly v2020 0.25deg (PSL)
liwa,1981,7,184.02,-5.125,104.125,GPCC Full Data Monthly v2020 0.25deg (PSL)
liwa,1981,8,35.52,-5.125,104.125,GPCC Full Data Monthly v2020 0.25deg (PSL)
liwa,1981,9,180.38,-5.125,104.125,GPCC Full Data Monthly v2020 0.25deg (PSL)
liwa,1981,10,238.04,-5.125,104.125,GPCC Full Data Monthly v2020 0.25deg (PSL)
liwa,1981,11,270.12,-5.125,104.125,GPCC Full Data Monthly v2020 0.25deg (PSL)
liwa,1981,12,323.26,-5.125,104.125,GPCC Full Data Monthly v2020 0.25deg (PSL)
liwa,1982,1,305.49,-5.125,104.125,GPCC Full Data Monthly v2020 0.25deg (PSL)
liwa,1982,2,408.56,-5.125,104.125,GPCC Full Data Monthly v2020 0.25deg (PSL)
liwa,1982,3,270.41,-5.125,104.125,GPCC Full Data Monthly v2020 0.25deg (PSL)
liwa,1982,4,186.11,-5.125,104.125,GPCC Full Data Monthly v2020 0.25deg (PSL)
liwa,1982,5,113.1,-5.125,104.125,GPCC Full Data Monthly v2020 0.25deg (PSL)
liwa,1982,6,68.95,-5.125,104.125,GPCC Full Data Monthly v2020 0.25deg (PSL)
liwa,1982,7,116.82,-5.125,104.125,GPCC Full Data Monthly v2020 0.25deg (PSL)
liwa,1982,8,23.09,-5.125,104.125,GPCC Full Data Monthly v2020 0.25deg (PSL)
liwa,1982,9,0.0,-5.125,104.125,GPCC Full Data Monthly v2020 0.25deg (PSL)
liwa,1982,10,126.67,-5.125,104.125,GPCC Full Data Monthly v2020 0.25deg (PSL)
liwa,1982,11,35.36,-5.125,104.125,GPCC Full Data Monthly v2020 0.25deg (PSL)
liwa,1982,12,291.95,-5.125,104.125,GPCC Full Data Monthly v2020 0.25deg (PSL)
liwa,1983,1,388.34,-5.125,104.125,GPCC Full Data Monthly v2020 0.25deg (PSL)
liwa,1983,2,242.93,-5.125,104.125,GPCC Full Data Monthly v2020 0.25deg (PSL)
liwa,1983,3,437.64,-5.125,104.125,GPCC Full Data Monthly v2020 0.25deg (PSL)
liwa,1983,4,186.55,-5.125,104.125,GPCC Full Data Monthly v2020 0.25deg (PSL)
liwa,1983,5,230.28,-5.125,104.125,GPCC Full Data Monthly v2020 0.25deg (PSL)
liwa,1983,6,20.04,-5.125,104.125,GPCC Full Data Monthly v2020 0.25deg (PSL)
liwa,1983,7,112.56,-5.125,104.125,GPCC Full Data Monthly v2020 0.25deg (PSL)
liwa,1983,8,8.54,-5.125,104.125,GPCC Full Data Monthly v2020 0.25deg (PSL)
liwa,1983,9,33.65,-5.125,104.125,GPCC Full Data Monthly v2020 0.25deg (PSL)
liwa,1983,10,165.78,-5.125,104.125,GPCC Full Data Monthly v2020 0.25deg (PSL)
liwa,1983,11,205.85,-5.125,104.125,GPCC Full Data Monthly v2020 0.25deg (PSL)
liwa,1983,12,232.59,-5.125,104.125,GPCC Full Data Monthly v2020 0.25deg (PSL)
liwa,1984,1,294.65,-5.125,104.125,GPCC Full Data Monthly v2020 0.25deg (PSL)
liwa,1984,2,297.33,-5.125,104.125,GPCC Full Data Monthly v2020 0.25deg (PSL)
liwa,1984,3,265.61,-5.125,104.125,GPCC Full Data Monthly v2020 0.25deg (PSL)
liwa,1984,4,337.84,-5.125,104.125,GPCC Full Data Monthly v2020 0.25deg (PSL)
liwa,1984,5,260.31,-5.125,104.125,GPCC Full Data Monthly v2020 0.25deg (PSL)
liwa,1984,6,178.37,-5.125,104.125,GPCC Full Data Monthly v2020 0.25deg (PSL)
liwa,1984,7,117.9,-5.125,104.125,GPCC Full Data Monthly v2020 0.25deg (PSL)
liwa,1984,8,100.94,-5.125,104.125,GPCC Full Data Monthly v2020 0.25deg (PSL)
liwa,1984,9,235.2,-5.125,104.125,GPCC Full Data Monthly v2020 0.25deg (PSL)
liwa,1984,10,216.3,-5.125,104.125,GPCC Full Data Monthly v2020 0.25deg (PSL)
liwa,1984,11,308.26,-5.125,104.125,GPCC Full Data Monthly v2020 0.25deg (PSL)
liwa,1984,12,295.36,-5.125,104.125,GPCC Full Data Monthly v2020 0.25deg (PSL)
liwa,1985,1,447.67,-5.125,104.125,GPCC Full Data Monthly v2020 0.25deg (PSL)
liwa,1985,2,123.32,-5.125,104.125,GPCC Full Data Monthly v2020 0.25deg (PSL)
liwa,1985,3,616.49,-5.125,104.125,GPCC Full Data Monthly v2020 0.25deg (PSL)
liwa,1985,4,388.08,-5.125,104.125,GPCC Full Data Monthly v2020 0.25deg (PSL)
liwa,1985,5,188.79,-5.125,104.125,GPCC Full Data Monthly v2020 0.25deg (PSL)
liwa,1985,6,105.04,-5.125,104.125,GPCC Full Data Monthly v2020 0.25deg (PSL)
liwa,1985,7,209.72,-5.125,104.125,GPCC Full Data Monthly v2020 0.25deg (PSL)
liwa,1985,8,70.2,-5.125,104.125,GPCC Full Data Monthly v2020 0.25deg (PSL)
liwa,1985,9,166.07,-5.125,104.125,GPCC Full Data Monthly v2020 0.25deg (PSL)
liwa,1985,10,235.2,-5.125,104.125,GPCC Full Data Monthly v2020 0.25deg (PSL)
liwa,1985,11,197.91,-5.125,104.125,GPCC Full Data Monthly v2020 0.25deg (PSL)
liwa,1985,12,341.62,-5.125,104.125,GPCC Full Data Monthly v2020 0.25deg (PSL)
liwa,1986,1,184.04,-5.125,104.125,GPCC Full Data Monthly v2020 0.25deg (PSL)
liwa,1986,2,343.96,-5.125,104.125,GPCC Full Data Monthly v2020 0.25deg (PSL)
liwa,1986,3,213.18,-5.125,104.125,GPCC Full Data Monthly v2020 0.25deg (PSL)
liwa,1986,4,567.32,-5.125,104.125,GPCC Full Data Monthly v2020 0.25deg (PSL)
liwa,1986,5,152.36,-5.125,104.125,GPCC Full Data Monthly v2020 0.25deg (PSL)
liwa,1986,6,297.7,-5.125,104.125,GPCC Full Data Monthly v2020 0.25deg (PSL)
liwa,1986,7,169.12,-5.125,104.125,GPCC Full Data Monthly v2020 0.25deg (PSL)
liwa,1986,8,77.58,-5.125,104.125,GPCC Full Data Monthly v2020 0.25deg (PSL)
liwa,1986,9,309.06,-5.125,104.125,GPCC Full Data Monthly v2020 0.25deg (PSL)
liwa,1986,10,281.81,-5.125,104.125,GPCC Full Data Monthly v2020 0.25deg (PSL)
liwa,1986,11,339.54,-5.125,104.125,GPCC Full Data Monthly v2020 0.25deg (PSL)
liwa,1986,12,303.58,-5.125,104.125,GPCC Full Data Monthly v2020 0.25deg (PSL)
liwa,1987,1,317.34,-5.125,104.125,GPCC Full Data Monthly v2020 0.25deg (PSL)
liwa,1987,2,261.46,-5.125,104.125,GPCC Full Data Monthly v2020 0.25deg (PSL)
liwa,1987,3,519.17,-5.125,104.125,GPCC Full Data Monthly v2020 0.25deg (PSL)
liwa,1987,4,341.23,-5.125,104.125,GPCC Full Data Monthly v2020 0.25deg (PSL)
liwa,1987,5,223.26,-5.125,104.125,GPCC Full Data Monthly v2020 0.25deg (PSL)
liwa,1987,6,109.83,-5.125,104.125,GPCC Full Data Monthly v2020 0.25deg (PSL)
liwa,1987,7,112.24,-5.125,104.125,GPCC Full Data Monthly v2020 0.25deg (PSL)
liwa,1987,8,20.79,-5.125,104.125,GPCC Full Data Monthly v2020 0.25deg (PSL)
liwa,1987,9,123.59,-5.125,104.125,GPCC Full Data Monthly v2020 0.25deg (PSL)
liwa,1987,10,77.34,-5.125,104.125,GPCC Full Data Monthly v2020 0.25deg (PSL)
liwa,1987,11,143.48,-5.125,104.125,GPCC Full Data Monthly v2020 0.25deg (PSL)
liwa,1987,12,444.8,-5.125,104.125,GPCC Full Data Monthly v2020 0.25deg (PSL)
liwa,1988,1,497.48,-5.125,104.125,GPCC Full Data Monthly v2020 0.25deg (PSL)
liwa,1988,2,267.28,-5.125,104.125,GPCC Full Data Monthly v2020 0.25deg (PSL)
liwa,1988,3,491.27,-5.125,104.125,GPCC Full Data Monthly v2020 0.25deg (PSL)
liwa,1988,4,207.19,-5.125,104.125,GPCC Full Data Monthly v2020 0.25deg (PSL)
liwa,1988,5,166.26,-5.125,104.125,GPCC Full Data Monthly v2020 0.25deg (PSL)
liwa,1988,6,87.43,-5.125,104.125,GPCC Full Data Monthly v2020 0.25deg (PSL)
liwa,1988,7,185.65,-5.125,104.125,GPCC Full Data Monthly v2020 0.25deg (PSL)
liwa,1988,8,186.32,-5.125,104.125,GPCC Full Data Monthly v2020 0.25deg (PSL)
liwa,1988,9,122.8,-5.125,104.125,GPCC Full Data Monthly v2020 0.25deg (PSL)
liwa,1988,10,121.99,-5.125,104.125,GPCC Full Data Monthly v2020 0.25deg (PSL)
liwa,1988,11,127.92,-5.125,104.125,GPCC Full Data Monthly v2020 0.25deg (PSL)
liwa,1988,12,272.59,-5.125,104.125,GPCC Full Data Monthly v2020 0.25deg (PSL)
liwa,1989,1,269.57,-5.125,104.125,GPCC Full Data Monthly v2020 0.25deg (PSL)
liwa,1989,2,254.82,-5.125,104.125,GPCC Full Data Monthly v2020 0.25deg (PSL)
liwa,1989,3,203.03,-5.125,104.125,GPCC Full Data Monthly v2020 0.25deg (PSL)
liwa,1989,4,101.27,-5.125,104.125,GPCC Full Data Monthly v2020 0.25deg (PSL)
liwa,1989,5,79.83,-5.125,104.125,GPCC Full Data Monthly v2020 0.25deg (PSL)
liwa,1989,6,105.52,-5.125,104.125,GPCC Full Data Monthly v2020 0.25deg (PSL)
liwa,1989,7,124.76,-5.125,104.125,GPCC Full Data Monthly v2020 0.25deg (PSL)
liwa,1989,8,143.27,-5.125,104.125,GPCC Full Data Monthly v2020 0.25deg (PSL)
liwa,1989,9,117.95,-5.125,104.125,GPCC Full Data Monthly v2020 0.25deg (PSL)
liwa,1989,10,172.95,-5.125,104.125,GPCC Full Data Monthly v2020 0.25deg (PSL)
liwa,1989,11,368.82,-5.125,104.125,GPCC Full Data Monthly v2020 0.25deg (PSL)
liwa,1989,12,136.55,-5.125,104.125,GPCC Full Data Monthly v2020 0.25deg (PSL)
liwa,1990,1,183.9,-5.125,104.125,GPCC Full Data Monthly v2020 0.25deg (PSL)
liwa,1990,2,263.89,-5.125,104.125,GPCC Full Data Monthly v2020 0.25deg (PSL)
liwa,1990,3,310.4,-5.125,104.125,GPCC Full Data Monthly v2020 0.25deg (PSL)
liwa,1990,4,272.31,-5.125,104.125,GPCC Full Data Monthly v2020 0.25deg (PSL)
liwa,1990,5,144.75,-5.125,104.125,GPCC Full Data Monthly v2020 0.25deg (PSL)
liwa,1990,6,75.93,-5.125,104.125,GPCC Full Data Monthly v2020 0.25deg (PSL)
liwa,1990,7,46.58,-5.125,104.125,GPCC Full Data Monthly v2020 0.25deg (PSL)
liwa,1990,8,123.2,-5.125,104.125,GPCC Full Data Monthly v2020 0.25deg (PSL)
liwa,1990,9,78.38,-5.125,104.125,GPCC Full Data Monthly v2020 0.25deg (PSL)
liwa,1990,10,73.73,-5.125,104.125,GPCC Full Data Monthly v2020 0.25deg (PSL)
liwa,1990,11,209.49,-5.125,104.125,GPCC Full Data Monthly v2020 0.25deg (PSL)
liwa,1990,12,302.11,-5.125,104.125,GPCC Full Data Monthly v2020 0.25deg (PSL)
liwa,1991,1,385.34,-5.125,104.125,GPCC Full Data Monthly v2020 0.25deg (PSL)
liwa,1991,2,165.71,-5.125,104.125,GPCC Full Data Monthly v2020 0.25deg (PSL)
liwa,1991,3,371.22,-5.125,104.125,GPCC Full Data Monthly v2020 0.25deg (PSL)
liwa,1991,4,264.17,-5.125,104.125,GPCC Full Data Monthly v2020 0.25deg (PSL)
liwa,1991,5,276.05,-5.125,104.125,GPCC Full Data Monthly v2020 0.25deg (PSL)
liwa,1991,6,30.42,-5.125,104.125,GPCC Full Data Monthly v2020 0.25deg (PSL)
liwa,1991,7,34.33,-5.125,104.125,GPCC Full Data Monthly v2020 0.25deg (PSL)
liwa,1991,8,15.08,-5.125,104.125,GPCC Full Data Monthly v2020 0.25deg (PSL)
liwa,1991,9,17.19,-5.125,104.125,GPCC Full Data Monthly v2020 0.25deg (PSL)
liwa,1991,10,65.87,-5.125,104.125,GPCC Full Data Monthly v2020 0.25deg (PSL)
liwa,1991,11,467.68,-5.125,104.125,GPCC Full Data Monthly v2020 0.25deg (PSL)
liwa,1991,12,453.08,-5.125,104.125,GPCC Full Data Monthly v2020 0.25deg (PSL)
liwa,1992,1,138.06,-5.125,104.125,GPCC Full Data Monthly v2020 0.25deg (PSL)
liwa,1992,2,258.4,-5.125,104.125,GPCC Full Data Monthly v2020 0.25deg (PSL)
liwa,1992,3,280.42,-5.125,104.125,GPCC Full Data Monthly v2020 0.25deg (PSL)
liwa,1992,4,300.39,-5.125,104.125,GPCC Full Data Monthly v2020 0.25deg (PSL)
liwa,1992,5,143.21,-5.125,104.125,GPCC Full Data Monthly v2020 0.25deg (PSL)
liwa,1992,6,93.68,-5.125,104.125,GPCC Full Data Monthly v2020 0.25deg (PSL)
liwa,1992,7,138.3,-5.125,104.125,GPCC Full Data Monthly v2020 0.25deg (PSL)
liwa,1992,8,291.45,-5.125,104.125,GPCC Full Data Monthly v2020 0.25deg (PSL)
liwa,1992,9,61.08,-5.125,104.125,GPCC Full Data Monthly v2020 0.25deg (PSL)
liwa,1992,10,147.14,-5.125,104.125,GPCC Full Data Monthly v2020 0.25deg (PSL)
liwa,1992,11,243.97,-5.125,104.125,GPCC Full Data Monthly v2020 0.25deg (PSL)
liwa,1992,12,240.91,-5.125,104.125,GPCC Full Data Monthly v2020 0.25deg (PSL)
liwa,1993,1,382.75,-5.125,104.125,GPCC Full Data Monthly v2020 0.25deg (PSL)
liwa,1993,2,288.77,-5.125,104.125,GPCC Full Data Monthly v2020 0.25deg (PSL)
liwa,1993,3,498.26,-5.125,104.125,GPCC Full Data Monthly v2020 0.25deg (PSL)
liwa,1993,4,194.1,-5.125,104.125,GPCC Full Data Monthly v2020 0.25deg (PSL)
liwa,1993,5,186.92,-5.125,104.125,GPCC Full Data Monthly v2020 0.25deg (PSL)
liwa,1993,6,207.14,-5.125,104.125,GPCC Full Data Monthly v2020 0.25deg (PSL)
liwa,1993,7,189.54,-5.125,104.125,GPCC Full Data Monthly v2020 0.25deg (PSL)
liwa,1993,8,116.91,-5.125,104.125,GPCC Full Data Monthly v2020 0.25deg (PSL)
liwa,1993,9,133.71,-5.125,104.125,GPCC Full Data Monthly v2020 0.25deg (PSL)
liwa,1993,10,96.97,-5.125,104.125,GPCC Full Data Monthly v2020 0.25deg (PSL)
liwa,1993,11,265.1,-5.125,104.125,GPCC Full Data Monthly v2020 0.25deg (PSL)
liwa,1993,12,307.54,-5.125,104.125,GPCC Full Data Monthly v2020 0.25deg (PSL)
liwa,1994,1,384.93,-5.125,104.125,GPCC Full Data Monthly v2020 0.25deg (PSL)
liwa,1994,2,388.23,-5.125,104.125,GPCC Full Data Monthly v2020 0.25deg (PSL)
liwa,1994,3,260.2,-5.125,104.125,GPCC Full Data Monthly v2020 0.25deg (PSL)
liwa,1994,4,180.25,-5.125,104.125,GPCC Full Data Monthly v2020 0.25deg (PSL)
liwa,1994,5,128.49,-5.125,104.125,GPCC Full Data Monthly v2020 0.25deg (PSL)
liwa,1994,6,86.02,-5.125,104.125,GPCC Full Data Monthly v2020 0.25deg (PSL)
liwa,1994,7,19.86,-5.125,104.125,GPCC Full Data Monthly v2020 0.25deg (PSL)
liwa,1994,8,5.71,-5.125,104.125,GPCC Full Data Monthly v2020 0.25deg (PSL)
liwa,1994,9,38.01,-5.125,104.125,GPCC Full Data Monthly v2020 0.25deg (PSL)
liwa,1994,10,54.36,-5.125,104.125,GPCC Full Data Monthly v2020 0.25deg (PSL)
liwa,1994,11,160.99,-5.125,104.125,GPCC Full Data Monthly v2020 0.25deg (PSL)
liwa,1994,12,385.55,-5.125,104.125,GPCC Full Data Monthly v2020 0.25deg (PSL)
liwa,1995,1,487.27,-5.125,104.125,GPCC Full Data Monthly v2020 0.25deg (PSL)
liwa,1995,2,566.47,-5.125,104.125,GPCC Full Data Monthly v2020 0.25deg (PSL)
liwa,1995,3,782.93,-5.125,104.125,GPCC Full Data Monthly v2020 0.25deg (PSL)
liwa,1995,4,245.04,-5.125,104.125,GPCC Full Data Monthly v2020 0.25deg (PSL)
liwa,1995,5,196.36,-5.125,104.125,GPCC Full Data Monthly v2020 0.25deg (PSL)
liwa,1995,6,281.11,-5.125,104.125,GPCC Full Data Monthly v2020 0.25deg (PSL)
liwa,1995,7,224.56,-5.125,104.125,GPCC Full Data Monthly v2020 0.25deg (PSL)
liwa,1995,8,42.44,-5.125,104.125,GPCC Full Data Monthly v2020 0.25deg (PSL)
liwa,1995,9,144.54,-5.125,104.125,GPCC Full Data Monthly v2020 0.25deg (PSL)
liwa,1995,10,171.97,-5.125,104.125,GPCC Full Data Monthly v2020 0.25deg (PSL)
liwa,1995,11,371.52,-5.125,104.125,GPCC Full Data Monthly v2020 0.25deg (PSL)
liwa,1995,12,235.38,-5.125,104.125,GPCC Full Data Monthly v2020 0.25deg (PSL)
liwa,1996,1,221.22,-5.125,104.125,GPCC Full Data Monthly v2020 0.25deg (PSL)
liwa,1996,2,355.45,-5.125,104.125,GPCC Full Data Monthly v2020 0.25deg (PSL)
liwa,1996,3,564.61,-5.125,104.125,GPCC Full Data Monthly v2020 0.25deg (PSL)
liwa,1996,4,265.51,-5.125,104.125,GPCC Full Data Monthly v2020 0.25deg (PSL)
liwa,1996,5,257.95,-5.125,104.125,GPCC Full Data Monthly v2020 0.25deg (PSL)
liwa,1996,6,152.11,-5.125,104.125,GPCC Full Data Monthly v2020 0.25deg (PSL)
liwa,1996,7,70.3,-5.125,104.125,GPCC Full Data Monthly v2020 0.25deg (PSL)
liwa,1996,8,149.82,-5.125,104.125,GPCC Full Data Monthly v2020 0.25deg (PSL)
liwa,1996,9,185.93,-5.125,104.125,GPCC Full Data Monthly v2020 0.25deg (PSL)
liwa,1996,10,174.13,-5.125,104.125,GPCC Full Data Monthly v2020 0.25deg (PSL)
liwa,1996,11,282.96,-5.125,104.125,GPCC Full Data Monthly v2020 0.25deg (PSL)
liwa,1996,12,193.84,-5.125,104.125,GPCC Full Data Monthly v2020 0.25deg (PSL)
liwa,1997,1,240.0,-5.125,104.125,GPCC Full Data Monthly v2020 0.25deg (PSL)
liwa,1997,2,262.34,-5.125,104.125,GPCC Full Data Monthly v2020 0.25deg (PSL)
liwa,1997,3,319.27,-5.125,104.125,GPCC Full Data Monthly v2020 0.25deg (PSL)
liwa,1997,4,295.94,-5.125,104.125,GPCC Full Data Monthly v2020 0.25deg (PSL)
liwa,1997,5,251.81,-5.125,104.125,GPCC Full Data Monthly v2020 0.25deg (PSL)
liwa,1997,6,35.28,-5.125,104.125,GPCC Full Data Monthly v2020 0.25deg (PSL)
liwa,1997,7,30.69,-5.125,104.125,GPCC Full Data Monthly v2020 0.25deg (PSL)
liwa,1997,8,22.54,-5.125,104.125,GPCC Full Data Monthly v2020 0.25deg (PSL)
liwa,1997,9,32.56,-5.125,104.125,GPCC Full Data Monthly v2020 0.25deg (PSL)
liwa,1997,10,59.33,-5.125,104.125,GPCC Full Data Monthly v2020 0.25deg (PSL)
liwa,1997,11,121.23,-5.125,104.125,GPCC Full Data Monthly v2020 0.25deg (PSL)
liwa,1997,12,157.29,-5.125,104.125,GPCC Full Data Monthly v2020 0.25deg (PSL)
liwa,1998,1,254.12,-5.125,104.125,GPCC Full Data Monthly v2020 0.25deg (PSL)
liwa,1998,2,426.17,-5.125,104.125,GPCC Full Data Monthly v2020 0.25deg (PSL)
liwa,1998,3,445.03,-5.125,104.125,GPCC Full Data Monthly v2020 0.25deg (PSL)
liwa,1998,4,224.75,-5.125,104.125,GPCC Full Data Monthly v2020 0.25deg (PSL)
liwa,1998,5,290.42,-5.125,104.125,GPCC Full Data Monthly v2020 0.25deg (PSL)
liwa,1998,6,149.82,-5.125,104.125,GPCC Full Data Monthly v2020 0.25deg (PSL)
liwa,1998,7,294.65,-5.125,104.125,GPCC Full Data Monthly v2020 0.25deg (PSL)
liwa,1998,8,190.42,-5.125,104.125,GPCC Full Data Monthly v2020 0.25deg (PSL)
liwa,1998,9,122.18,-5.125,104.125,GPCC Full Data Monthly v2020 0.25deg (PSL)
liwa,1998,10,203.99,-5.125,104.125,GPCC Full Data Monthly v2020 0.25deg (PSL)
liwa,1998,11,312.24,-5.125,104.125,GPCC Full Data Monthly v2020 0.25deg (PSL)
liwa,1998,12,417.98,-5.125,104.125,GPCC Full Data Monthly v2020 0.25deg (PSL)
liwa,1999,1,305.53,-5.125,104.125,GPCC Full Data Monthly v2020 0.25deg (PSL)
liwa,1999,2,432.39,-5.125,104.125,GPCC Full Data Monthly v2020 0.25deg (PSL)
liwa,1999,3,316.99,-5.125,104.125,GPCC Full Data Monthly v2020 0.25deg (PSL)
liwa,1999,4,213.74,-5.125,104.125,GPCC Full Data Monthly v2020 0.25deg (PSL)
liwa,1999,5,266.56,-5.125,104.125,GPCC Full Data Monthly v2020 0.25deg (PSL)
liwa,1999,6,60.27,-5.125,104.125,GPCC Full Data Monthly v2020 0.25deg (PSL)
liwa,1999,7,144.05,-5.125,104.125,GPCC Full Data Monthly v2020 0.25deg (PSL)
liwa,1999,8,61.8,-5.125,104.125,GPCC Full Data Monthly v2020 0.25deg (PSL)
liwa,1999,9,82.63,-5.125,104.125,GPCC Full Data Monthly v2020 0.25deg (PSL)
liwa,1999,10,306.71,-5.125,104.125,GPCC Full Data Monthly v2020 0.25deg (PSL)
liwa,1999,11,319.1,-5.125,104.125,GPCC Full Data Monthly v2020 0.25deg (PSL)
liwa,1999,12,390.62,-5.125,104.125,GPCC Full Data Monthly v2020 0.25deg (PSL)
liwa,2000,1,209.63,-5.125,104.125,GPCC Full Data Monthly v2020 0.25deg (PSL)
liwa,2000,2,277.13,-5.125,104.125,GPCC Full Data Monthly v2020 0.25deg (PSL)
liwa,2000,3,267.21,-5.125,104.125,GPCC Full Data Monthly v2020 0.25deg (PSL)
liwa,2000,4,243.53,-5.125,104.125,GPCC Full Data Monthly v2020 0.25deg (PSL)
liwa,2000,5,147.51,-5.125,104.125,GPCC Full Data Monthly v2020 0.25deg (PSL)
liwa,2000,6,240.35,-5.125,104.125,GPCC Full Data Monthly v2020 0.25deg (PSL)
liwa,2000,7,125.37,-5.125,104.125,GPCC Full Data Monthly v2020 0.25deg (PSL)
liwa,2000,8,97.1,-5.125,104.125,GPCC Full Data Monthly v2020 0.25deg (PSL)
liwa,2000,9,97.35,-5.125,104.125,GPCC Full Data Monthly v2020 0.25deg (PSL)
liwa,2000,10,269.02,-5.125,104.125,GPCC Full Data Monthly v2020 0.25deg (PSL)
liwa,2000,11,289.17,-5.125,104.125,GPCC Full Data Monthly v2020 0.25deg (PSL)
liwa,2000,12,338.35,-5.125,104.125,GPCC Full Data Monthly v2020 0.25deg (PSL)
liwa,2001,1,262.91,-5.125,104.125,GPCC Full Data Monthly v2020 0.25deg (PSL)
liwa,2001,2,255.62,-5.125,104.125,GPCC Full Data Monthly v2020 0.25deg (PSL)
liwa,2001,3,266.27,-5.125,104.125,GPCC Full Data Monthly v2020 0.25deg (PSL)
liwa,2001,4,203.06,-5.125,104.125,GPCC Full Data Monthly v2020 0.25deg (PSL)
liwa,2001,5,208.51,-5.125,104.125,GPCC Full Data Monthly v2020 0.25deg (PSL)
liwa,2001,6,85.98,-5.125,104.125,GPCC Full Data Monthly v2020 0.25deg (PSL)
liwa,2001,7,78.82,-5.125,104.125,GPCC Full Data Monthly v2020 0.25deg (PSL)
liwa,2001,8,94.14,-5.125,104.125,GPCC Full Data Monthly v2020 0.25deg (PSL)
liwa,2001,9,189.25,-5.125,104.125,GPCC Full Data Monthly v2020 0.25deg (PSL)
liwa,2001,10,230.1,-5.125,104.125,GPCC Full Data Monthly v2020 0.25deg (PSL)
liwa,2001,11,350.54,-5.125,104.125,GPCC Full Data Monthly v2020 0.25deg (PSL)
liwa,2001,12,408.06,-5.125,104.125,GPCC Full Data Monthly v2020 0.25deg (PSL)
liwa,2002,1,377.2,-5.125,104.125,GPCC Full Data Monthly v2020 0.25deg (PSL)
liwa,2002,2,212.63,-5.125,104.125,GPCC Full Data Monthly v2020 0.25deg (PSL)
liwa,2002,3,398.93,-5.125,104.125,GPCC Full Data Monthly v2020 0.25deg (PSL)
liwa,2002,4,400.74,-5.125,104.125,GPCC Full Data Monthly v2020 0.25deg (PSL)
liwa,2002,5,139.73,-5.125,104.125,GPCC Full Data Monthly v2020 0.25deg (PSL)
liwa,2002,6,141.41,-5.125,104.125,GPCC Full Data Monthly v2020 0.25deg (PSL)
liwa,2002,7,228.25,-5.125,104.125,GPCC Full Data Monthly v2020 0.25deg (PSL)
liwa,2002,8,32.85,-5.125,104.125,GPCC Full Data Monthly v2020 0.25deg (PSL)
liwa,2002,9,74.37,-5.125,104.125,GPCC Full Data Monthly v2020 0.25deg (PSL)
liwa,2002,10,66.39,-5.125,104.125,GPCC Full Data Monthly v2020 0.25deg (PSL)
liwa,2002,11,185.62,-5.125,104.125,GPCC Full Data Monthly v2020 0.25deg (PSL)
liwa,2002,12,292.0,-5.125,104.125,GPCC Full Data Monthly v2020 0.25deg (PSL)
liwa,2003,1,256.74,-5.125,104.125,GPCC Full Data Monthly v2020 0.25deg (PSL)
liwa,2003,2,306.91,-5.125,104.125,GPCC Full Data Monthly v2020 0.25deg (PSL)
liwa,2003,3,387.23,-5.125,104.125,GPCC Full Data Monthly v2020 0.25deg (PSL)
liwa,2003,4,278.53,-5.125,104.125,GPCC Full Data Monthly v2020 0.25deg (PSL)
liwa,2003,5,185.4,-5.125,104.125,GPCC Full Data Monthly v2020 0.25deg (PSL)
liwa,2003,6,86.04,-5.125,104.125,GPCC Full Data Monthly v2020 0.25deg (PSL)
liwa,2003,7,57.63,-5.125,104.125,GPCC Full Data Monthly v2020 0.25deg (PSL)
liwa,2003,8,60.61,-5.125,104.125,GPCC Full Data Monthly v2020 0.25deg (PSL)
liwa,2003,9,131.77,-5.125,104.125,GPCC Full Data Monthly v2020 0.25deg (PSL)
liwa,2003,10,209.32,-5.125,104.125,GPCC Full Data Monthly v2020 0.25deg (PSL)
liwa,2003,11,251.03,-5.125,104.125,GPCC Full Data Monthly v2020 0.25deg (PSL)
liwa,2003,12,409.0,-5.125,104.125,GPCC Full Data Monthly v2020 0.25deg (PSL)
liwa,2004,1,283.77,-5.125,104.125,GPCC Full Data Monthly v2020 0.25deg (PSL)
liwa,2004,2,315.07,-5.125,104.125,GPCC Full Data Monthly v2020 0.25deg (PSL)
liwa,2004,3,268.64,-5.125,104.125,GPCC Full Data Monthly v2020 0.25deg (PSL)
liwa,2004,4,237.04,-5.125,104.125,GPCC Full Data Monthly v2020 0.25deg (PSL)
liwa,2004,5,215.8,-5.125,104.125,GPCC Full Data Monthly v2020 0.25deg (PSL)
liwa,2004,6,48.0,-5.125,104.125,GPCC Full Data Monthly v2020 0.25deg (PSL)
liwa,2004,7,61.66,-5.125,104.125,GPCC Full Data Monthly v2020 0.25deg (PSL)
liwa,2004,8,26.46,-5.125,104.125,GPCC Full Data Monthly v2020 0.25deg (PSL)
liwa,2004,9,99.35,-5.125,104.125,GPCC Full Data Monthly v2020 0.25deg (PSL)
liwa,2004,10,88.54,-5.125,104.125,GPCC Full Data Monthly v2020 0.25deg (PSL)
liwa,2004,11,330.45,-5.125,104.125,GPCC Full Data Monthly v2020 0.25deg (PSL)
liwa,2004,12,427.33,-5.125,104.125,GPCC Full Data Monthly v2020 0.25deg (PSL)
liwa,2005,1,454.67,-5.125,104.125,GPCC Full Data Monthly v2020 0.25deg (PSL)
liwa,2005,2,542.11,-5.125,104.125,GPCC Full Data Monthly v2020 0.25deg (PSL)
liwa,2005,3,424.79,-5.125,104.125,GPCC Full Data Monthly v2020 0.25deg (PSL)
liwa,2005,4,257.04,-5.125,104.125,GPCC Full Data Monthly v2020 0.25deg (PSL)
liwa,2005,5,148.9,-5.125,104.125,GPCC Full Data Monthly v2020 0.25deg (PSL)
liwa,2005,6,154.94,-5.125,104.125,GPCC Full Data Monthly v2020 0.25deg (PSL)
liwa,2005,7,77.57,-5.125,104.125,GPCC Full Data Monthly v2020 0.25deg (PSL)
liwa,2005,8,117.57,-5.125,104.125,GPCC Full Data Monthly v2020 0.25deg (PSL)
liwa,2005,9,183.39,-5.125,104.125,GPCC Full Data Monthly v2020 0.25deg (PSL)
liwa,2005,10,223.46,-5.125,104.125,GPCC Full Data Monthly v2020 0.25deg (PSL)
liwa,2005,11,214.55,-5.125,104.125,GPCC Full Data Monthly v2020 0.25deg (PSL)
liwa,2005,12,163.51,-5.125,104.125,GPCC Full Data Monthly v2020 0.25deg (PSL)
liwa,2006,1,371.48,-5.125,104.125,GPCC Full Data Monthly v2020 0.25deg (PSL)
liwa,2006,2,371.46,-5.125,104.125,GPCC Full Data Monthly v2020 0.25deg (PSL)
liwa,2006,3,350.01,-5.125,104.125,GPCC Full Data Monthly v2020 0.25deg (PSL)
liwa,2006,4,213.04,-5.125,104.125,GPCC Full Data Monthly v2020 0.25deg (PSL)
liwa,2006,5,124.81,-5.125,104.125,GPCC Full Data Monthly v2020 0.25deg (PSL)
liwa,2006,6,103.78,-5.125,104.125,GPCC Full Data Monthly v2020 0.25deg (PSL)
liwa,2006,7,95.15,-5.125,104.125,GPCC Full Data Monthly v2020 0.25deg (PSL)
liwa,2006,8,12.88,-5.125,104.125,GPCC Full Data Monthly v2020 0.25deg (PSL)
liwa,2006,9,36.22,-5.125,104.125,GPCC Full Data Monthly v2020 0.25deg (PSL)
liwa,2006,10,62.24,-5.125,104.125,GPCC Full Data Monthly v2020 0.25deg (PSL)
liwa,2006,11,152.27,-5.125,104.125,GPCC Full Data Monthly v2020 0.25deg (PSL)
liwa,2006,12,434.63,-5.125,104.125,GPCC Full Data Monthly v2020 0.25deg (PSL)
liwa,2007,1,202.53,-5.125,104.125,GPCC Full Data Monthly v2020 0.25deg (PSL)
liwa,2007,2,220.58,-5.125,104.125,GPCC Full Data Monthly v2020 0.25deg (PSL)
liwa,2007,3,242.16,-5.125,104.125,GPCC Full Data Monthly v2020 0.25deg (PSL)
liwa,2007,4,262.74,-5.125,104.125,GPCC Full Data Monthly v2020 0.25deg (PSL)
liwa,2007,5,129.21,-5.125,104.125,GPCC Full Data Monthly v2020 0.25deg (PSL)
liwa,2007,6,164.79,-5.125,104.125,GPCC Full Data Monthly v2020 0.25deg (PSL)
liwa,2007,7,108.34,-5.125,104.125,GPCC Full Data Monthly v2020 0.25deg (PSL)
liwa,2007,8,54.9,-5.125,104.125,GPCC Full Data Monthly v2020 0.25deg (PSL)
liwa,2007,9,91.27,-5.125,104.125,GPCC Full Data Monthly v2020 0.25deg (PSL)
liwa,2007,10,132.48,-5.125,104.125,GPCC Full Data Monthly v2020 0.25deg (PSL)
liwa,2007,11,152.69,-5.125,104.125,GPCC Full Data Monthly v2020 0.25deg (PSL)
liwa,2007,12,347.97,-5.125,104.125,GPCC Full Data Monthly v2020 0.25deg (PSL)
liwa,2008,1,179.51,-5.125,104.125,GPCC Full Data Monthly v2020 0.25deg (PSL)
liwa,2008,2,252.01,-5.125,104.125,GPCC Full Data Monthly v2020 0.25deg (PSL)
liwa,2008,3,398.41,-5.125,104.125,GPCC Full Data Monthly v2020 0.25deg (PSL)
liwa,2008,4,251.02,-5.125,104.125,GPCC Full Data Monthly v2020 0.25deg (PSL)
liwa,2008,5,109.59,-5.125,104.125,GPCC Full Data Monthly v2020 0.25deg (PSL)
liwa,2008,6,75.34,-5.125,104.125,GPCC Full Data Monthly v2020 0.25deg (PSL)
liwa,2008,7,63.12,-5.125,104.125,GPCC Full Data Monthly v2020 0.25deg (PSL)
liwa,2008,8,124.92,-5.125,104.125,GPCC Full Data Monthly v2020 0.25deg (PSL)
liwa,2008,9,124.97,-5.125,104.125,GPCC Full Data Monthly v2020 0.25deg (PSL)
liwa,2008,10,204.61,-5.125,104.125,GPCC Full Data Monthly v2020 0.25deg (PSL)
liwa,2008,11,294.77,-5.125,104.125,GPCC Full Data Monthly v2020 0.25deg (PSL)
liwa,2008,12,385.91,-5.125,104.125,GPCC Full Data Monthly v2020 0.25deg (PSL)
liwa,2009,1,239.43,-5.125,104.125,GPCC Full Data Monthly v2020 0.25deg (PSL)
liwa,2009,2,252.78,-5.125,104.125,GPCC Full Data Monthly v2020 0.25deg (PSL)
liwa,2009,3,271.76,-5.125,104.125,GPCC Full Data Monthly v2020 0.25deg (PSL)
liwa,2009,4,155.46,-5.125,104.125,GPCC Full Data Monthly v2020 0.25deg (PSL)
liwa,2009,5,227.17,-5.125,104.125,GPCC Full Data Monthly v2020 0.25deg (PSL)
liwa,2009,6,146.16,-5.125,104.125,GPCC Full Data Monthly v2020 0.25deg (PSL)
liwa,2009,7,52.78,-5.125,104.125,GPCC Full Data Monthly v2020 0.25deg (PSL)
liwa,2009,8,80.87,-5.125,104.125,GPCC Full Data Monthly v2020 0.25deg (PSL)
liwa,2009,9,77.65,-5.125,104.125,GPCC Full Data Monthly v2020 0.25deg (PSL)
liwa,2009,10,124.52,-5.125,104.125,GPCC Full Data Monthly v2020 0.25deg (PSL)
liwa,2009,11,215.18,-5.125,104.125,GPCC Full Data Monthly v2020 0.25deg (PSL)
liwa,2009,12,285.78,-5.125,104.125,GPCC Full Data Monthly v2020 0.25deg (PSL)
liwa,2010,1,425.93,-5.125,104.125,GPCC Full Data Monthly v2020 0.25deg (PSL)
liwa,2010,2,355.69,-5.125,104.125,GPCC Full Data Monthly v2020 0.25deg (PSL)
liwa,2010,3,517.94,-5.125,104.125,GPCC Full Data Monthly v2020 0.25deg (PSL)
liwa,2010,4,164.02,-5.125,104.125,GPCC Full Data Monthly v2020 0.25deg (PSL)
liwa,2010,5,216.46,-5.125,104.125,GPCC Full Data Monthly v2020 0.25deg (PSL)
liwa,2010,6,252.38,-5.125,104.125,GPCC Full Data Monthly v2020 0.25deg (PSL)
liwa,2010,7,182.87,-5.125,104.125,GPCC Full Data Monthly v2020 0.25deg (PSL)
liwa,2010,8,150.58,-5.125,104.125,GPCC Full Data Monthly v2020 0.25deg (PSL)
liwa,2010,9,238.45,-5.125,104.125,GPCC Full Data Monthly v2020 0.25deg (PSL)
liwa,2010,10,259.05,-5.125,104.125,GPCC Full Data Monthly v2020 0.25deg (PSL)
liwa,2010,11,307.31,-5.125,104.125,GPCC Full Data Monthly v2020 0.25deg (PSL)
liwa,2010,12,247.63,-5.125,104.125,GPCC Full Data Monthly v2020 0.25deg (PSL)
liwa,2011,1,219.53,-5.125,104.125,GPCC Full Data Monthly v2020 0.25deg (PSL)
liwa,2011,2,268.38,-5.125,104.125,GPCC Full Data Monthly v2020 0.25deg (PSL)
liwa,2011,3,402.94,-5.125,104.125,GPCC Full Data Monthly v2020 0.25deg (PSL)
liwa,2011,4,247.64,-5.125,104.125,GPCC Full Data Monthly v2020 0.25deg (PSL)
liwa,2011,5,153.38,-5.125,104.125,GPCC Full Data Monthly v2020 0.25deg (PSL)
liwa,2011,6,113.74,-5.125,104.125,GPCC Full Data Monthly v2020 0.25deg (PSL)
liwa,2011,7,54.25,-5.125,104.125,GPCC Full Data Monthly v2020 0.25deg (PSL)
liwa,2011,8,12.85,-5.125,104.125,GPCC Full Data Monthly v2020 0.25deg (PSL)
liwa,2011,9,64.64,-5.125,104.125,GPCC Full Data Monthly v2020 0.25deg (PSL)
liwa,2011,10,156.04,-5.125,104.125,GPCC Full Data Monthly v2020 0.25deg (PSL)
liwa,2011,11,247.39,-5.125,104.125,GPCC Full Data Monthly v2020 0.25deg (PSL)
liwa,2011,12,181.39,-5.125,104.125,GPCC Full Data Monthly v2020 0.25deg (PSL)
liwa,2012,1,150.29,-5.125,104.125,GPCC Full Data Monthly v2020 0.25deg (PSL)
liwa,2012,2,305.54,-5.125,104.125,GPCC Full Data Monthly v2020 0.25deg (PSL)
liwa,2012,3,210.4,-5.125,104.125,GPCC Full Data Monthly v2020 0.25deg (PSL)
liwa,2012,4,310.78,-5.125,104.125,GPCC Full Data Monthly v2020 0.25deg (PSL)
liwa,2012,5,213.0,-5.125,104.125,GPCC Full Data Monthly v2020 0.25deg (PSL)
liwa,2012,6,93.93,-5.125,104.125,GPCC Full Data Monthly v2020 0.25deg (PSL)
liwa,2012,7,48.1,-5.125,104.125,GPCC Full Data Monthly v2020 0.25deg (PSL)
liwa,2012,8,26.03,-5.125,104.125,GPCC Full Data Monthly v2020 0.25deg (PSL)
liwa,2012,9,68.6,-5.125,104.125,GPCC Full Data Monthly v2020 0.25deg (PSL)
liwa,2012,10,159.92,-5.125,104.125,GPCC Full Data Monthly v2020 0.25deg (PSL)
liwa,2012,11,241.61,-5.125,104.125,GPCC Full Data Monthly v2020 0.25deg (PSL)
liwa,2012,12,479.68,-5.125,104.125,GPCC Full Data Monthly v2020 0.25deg (PSL)
liwa,2013,1,367.3,-5.125,104.125,GPCC Full Data Monthly v2020 0.25deg (PSL)
liwa,2013,2,228.01,-5.125,104.125,GPCC Full Data Monthly v2020 0.25deg (PSL)
liwa,2013,3,228.9,-5.125,104.125,GPCC Full Data Monthly v2020 0.25deg (PSL)
liwa,2013,4,284.99,-5.125,104.125,GPCC Full Data Monthly v2020 0.25deg (PSL)
liwa,2013,5,177.48,-5.125,104.125,GPCC Full Data Monthly v2020 0.25deg (PSL)
liwa,2013,6,152.79,-5.125,104.125,GPCC Full Data Monthly v2020 0.25deg (PSL)
liwa,2013,7,330.38,-5.125,104.125,GPCC Full Data Monthly v2020 0.25deg (PSL)
liwa,2013,8,68.56,-5.125,104.125,GPCC Full Data Monthly v2020 0.25deg (PSL)
liwa,2013,9,69.2,-5.125,104.125,GPCC Full Data Monthly v2020 0.25deg (PSL)
liwa,2013,10,210.25,-5.125,104.125,GPCC Full Data Monthly v2020 0.25deg (PSL)
liwa,2013,11,292.5,-5.125,104.125,GPCC Full Data Monthly v2020 0.25deg (PSL)
liwa,2013,12,430.73,-5.125,104.125,GPCC Full Data Monthly v2020 0.25deg (PSL)
liwa,2014,1,124.44,-5.125,104.125,GPCC Full Data Monthly v2020 0.25deg (PSL)
liwa,2014,2,333.43,-5.125,104.125,GPCC Full Data Monthly v2020 0.25deg (PSL)
liwa,2014,3,436.83,-5.125,104.125,GPCC Full Data Monthly v2020 0.25deg (PSL)
liwa,2014,4,240.88,-5.125,104.125,GPCC Full Data Monthly v2020 0.25deg (PSL)
liwa,2014,5,173.7,-5.125,104.125,GPCC Full Data Monthly v2020 0.25deg (PSL)
liwa,2014,6,88.02,-5.125,104.125,GPCC Full Data Monthly v2020 0.25deg (PSL)
liwa,2014,7,74.62,-5.125,104.125,GPCC Full Data Monthly v2020 0.25deg (PSL)
liwa,2014,8,142.15,-5.125,104.125,GPCC Full Data Monthly v2020 0.25deg (PSL)
liwa,2014,9,16.82,-5.125,104.125,GPCC Full Data Monthly v2020 0.25deg (PSL)
liwa,2014,10,146.28,-5.125,104.125,GPCC Full Data Monthly v2020 0.25deg (PSL)
liwa,2014,11,405.38,-5.125,104.125,GPCC Full Data Monthly v2020 0.25deg (PSL)
liwa,2014,12,197.62,-5.125,104.125,GPCC Full Data Monthly v2020 0.25deg (PSL)
liwa,2015,1,186.98,-5.125,104.125,GPCC Full Data Monthly v2020 0.25deg (PSL)
liwa,2015,2,216.41,-5.125,104.125,GPCC Full Data Monthly v2020 0.25deg (PSL)
liwa,2015,3,259.86,-5.125,104.125,GPCC Full Data Monthly v2020 0.25deg (PSL)
liwa,2015,4,403.57,-5.125,104.125,GPCC Full Data Monthly v2020 0.25deg (PSL)
liwa,2015,5,118.72,-5.125,104.125,GPCC Full Data Monthly v2020 0.25deg (PSL)
liwa,2015,6,57.13,-5.125,104.125,GPCC Full Data Monthly v2020 0.25deg (PSL)
liwa,2015,7,98.95,-5.125,104.125,GPCC Full Data Monthly v2020 0.25deg (PSL)
liwa,2015,8,31.35,-5.125,104.125,GPCC Full Data Monthly v2020 0.25deg (PSL)
liwa,2015,9,20.65,-5.125,104.125,GPCC Full Data Monthly v2020 0.25deg (PSL)
liwa,2015,10,54.02,-5.125,104.125,GPCC Full Data Monthly v2020 0.25deg (PSL)
liwa,2015,11,161.6,-5.125,104.125,GPCC Full Data Monthly v2020 0.25deg (PSL)
liwa,2015,12,350.37,-5.125,104.125,GPCC Full Data Monthly v2020 0.25deg (PSL)
liwa,2016,1,291.6,-5.125,104.125,GPCC Full Data Monthly v2020 0.25deg (PSL)
liwa,2016,2,279.29,-5.125,104.125,GPCC Full Data Monthly v2020 0.25deg (PSL)
liwa,2016,3,410.94,-5.125,104.125,GPCC Full Data Monthly v2020 0.25deg (PSL)
liwa,2016,4,293.34,-5.125,104.125,GPCC Full Data Monthly v2020 0.25deg (PSL)
liwa,2016,5,222.71,-5.125,104.125,GPCC Full Data Monthly v2020 0.25deg (PSL)
liwa,2016,6,115.3,-5.125,104.125,GPCC Full Data Monthly v2020 0.25deg (PSL)
liwa,2016,7,123.04,-5.125,104.125,GPCC Full Data Monthly v2020 0.25deg (PSL)
liwa,2016,8,90.51,-5.125,104.125,GPCC Full Data Monthly v2020 0.25deg (PSL)
liwa,2016,9,190.99,-5.125,104.125,GPCC Full Data Monthly v2020 0.25deg (PSL)
liwa,2016,10,170.95,-5.125,104.125,GPCC Full Data Monthly v2020 0.25deg (PSL)
liwa,2016,11,354.1,-5.125,104.125,GPCC Full Data Monthly v2020 0.25deg (PSL)
liwa,2016,12,208.45,-5.125,104.125,GPCC Full Data Monthly v2020 0.25deg (PSL)
liwa,2017,1,141.48,-5.125,104.125,GPCC Full Data Monthly v2020 0.25deg (PSL)
liwa,2017,2,307.98,-5.125,104.125,GPCC Full Data Monthly v2020 0.25deg (PSL)
liwa,2017,3,232.49,-5.125,104.125,GPCC Full Data Monthly v2020 0.25deg (PSL)
liwa,2017,4,326.73,-5.125,104.125,GPCC Full Data Monthly v2020 0.25deg (PSL)
liwa,2017,5,207.33,-5.125,104.125,GPCC Full Data Monthly v2020 0.25deg (PSL)
liwa,2017,6,49.06,-5.125,104.125,GPCC Full Data Monthly v2020 0.25deg (PSL)
liwa,2017,7,57.13,-5.125,104.125,GPCC Full Data Monthly v2020 0.25deg (PSL)
liwa,2017,8,46.89,-5.125,104.125,GPCC Full Data Monthly v2020 0.25deg (PSL)
liwa,2017,9,120.02,-5.125,104.125,GPCC Full Data Monthly v2020 0.25deg (PSL)
liwa,2017,10,138.89,-5.125,104.125,GPCC Full Data Monthly v2020 0.25deg (PSL)
liwa,2017,11,343.64,-5.125,104.125,GPCC Full Data Monthly v2020 0.25deg (PSL)
liwa,2017,12,320.43,-5.125,104.125,GPCC Full Data Monthly v2020 0.25deg (PSL)
liwa,2018,1,111.31,-5.125,104.125,GPCC Full Data Monthly v2020 0.25deg (PSL)
liwa,2018,2,294.41,-5.125,104.125,GPCC Full Data Monthly v2020 0.25deg (PSL)
liwa,2018,3,429.07,-5.125,104.125,GPCC Full Data Monthly v2020 0.25deg (PSL)
liwa,2018,4,300.14,-5.125,104.125,GPCC Full Data Monthly v2020 0.25deg (PSL)
liwa,2018,5,211.34,-5.125,104.125,GPCC Full Data Monthly v2020 0.25deg (PSL)
liwa,2018,6,178.26,-5.125,104.125,GPCC Full Data Monthly v2020 0.25deg (PSL)
liwa,2018,7,31.1,-5.125,104.125,GPCC Full Data Monthly v2020 0.25deg (PSL)
liwa,2018,8,58.08,-5.125,104.125,GPCC Full Data Monthly v2020 0.25deg (PSL)
liwa,2018,9,51.92,-5.125,104.125,GPCC Full Data Monthly v2020 0.25deg (PSL)
liwa,2018,10,120.76,-5.125,104.125,GPCC Full Data Monthly v2020 0.25deg (PSL)
liwa,2018,11,267.91,-5.125,104.125,GPCC Full Data Monthly v2020 0.25deg (PSL)
liwa,2018,12,115.46,-5.125,104.125,GPCC Full Data Monthly v2020 0.25deg (PSL)
liwa,2019,1,267.95,-5.125,104.125,GPCC Full Data Monthly v2020 0.25deg (PSL)
liwa,2019,2,259.6,-5.125,104.125,GPCC Full Data Monthly v2020 0.25deg (PSL)
liwa,2019,3,365.91,-5.125,104.125,GPCC Full Data Monthly v2020 0.25deg (PSL)
liwa,2019,4,416.08,-5.125,104.125,GPCC Full Data Monthly v2020 0.25deg (PSL)
liwa,2019,5,125.33,-5.125,104.125,GPCC Full Data Monthly v2020 0.25deg (PSL)
liwa,2019,6,57.22,-5.125,104.125,GPCC Full Data Monthly v2020 0.25deg (PSL)
liwa,2019,7,100.61,-5.125,104.125,GPCC Full Data Monthly v2020 0.25deg (PSL)
liwa,2019,8,5.21,-5.125,104.125,GPCC Full Data Monthly v2020 0.25deg (PSL)
liwa,2019,9,14.72,-5.125,104.125,GPCC Full Data Monthly v2020 0.25deg (PSL)
liwa,2019,10,103.42,-5.125,104.125,GPCC Full Data Monthly v2020 0.25deg (PSL)
liwa,2019,11,120.39,-5.125,104.125,GPCC Full Data Monthly v2020 0.25deg (PSL)
liwa,2019,12,284.67,-5.125,104.125,GPCC Full Data Monthly v2020 0.25deg (PSL)
kepahiang,1981,1,297.21,-3.625,102.625,GPCC Full Data Monthly v2020 0.25deg (PSL)
kepahiang,1981,2,197.37,-3.625,102.625,GPCC Full Data Monthly v2020 0.25deg (PSL)
kepahiang,1981,3,478.36,-3.625,102.625,GPCC Full Data Monthly v2020 0.25deg (PSL)
kepahiang,1981,4,262.26,-3.625,102.625,GPCC Full Data Monthly v2020 0.25deg (PSL)
kepahiang,1981,5,182.55,-3.625,102.625,GPCC Full Data Monthly v2020 0.25deg (PSL)
kepahiang,1981,6,111.87,-3.625,102.625,GPCC Full Data Monthly v2020 0.25deg (PSL)
kepahiang,1981,7,216.88,-3.625,102.625,GPCC Full Data Monthly v2020 0.25deg (PSL)
kepahiang,1981,8,39.41,-3.625,102.625,GPCC Full Data Monthly v2020 0.25deg (PSL)
kepahiang,1981,9,271.67,-3.625,102.625,GPCC Full Data Monthly v2020 0.25deg (PSL)
kepahiang,1981,10,369.02,-3.625,102.625,GPCC Full Data Monthly v2020 0.25deg (PSL)
kepahiang,1981,11,247.88,-3.625,102.625,GPCC Full Data Monthly v2020 0.25deg (PSL)
kepahiang,1981,12,356.95,-3.625,102.625,GPCC Full Data Monthly v2020 0.25deg (PSL)
kepahiang,1982,1,447.26,-3.625,102.625,GPCC Full Data Monthly v2020 0.25deg (PSL)
kepahiang,1982,2,369.25,-3.625,102.625,GPCC Full Data Monthly v2020 0.25deg (PSL)
kepahiang,1982,3,239.08,-3.625,102.625,GPCC Full Data Monthly v2020 0.25deg (PSL)
kepahiang,1982,4,240.62,-3.625,102.625,GPCC Full Data Monthly v2020 0.25deg (PSL)
kepahiang,1982,5,104.35,-3.625,102.625,GPCC Full Data Monthly v2020 0.25deg (PSL)
kepahiang,1982,6,199.25,-3.625,102.625,GPCC Full Data Monthly v2020 0.25deg (PSL)
kepahiang,1982,7,69.99,-3.625,102.625,GPCC Full Data Monthly v2020 0.25deg (PSL)
kepahiang,1982,8,124.88,-3.625,102.625,GPCC Full Data Monthly v2020 0.25deg (PSL)
kepahiang,1982,9,28.72,-3.625,102.625,GPCC Full Data Monthly v2020 0.25deg (PSL)
kepahiang,1982,10,85.21,-3.625,102.625,GPCC Full Data Monthly v2020 0.25deg (PSL)
kepahiang,1982,11,56.93,-3.625,102.625,GPCC Full Data Monthly v2020 0.25deg (PSL)
kepahiang,1982,12,417.23,-3.625,102.625,GPCC Full Data Monthly v2020 0.25deg (PSL)
kepahiang,1983,1,217.31,-3.625,102.625,GPCC Full Data Monthly v2020 0.25deg (PSL)
kepahiang,1983,2,257.74,-3.625,102.625,GPCC Full Data Monthly v2020 0.25deg (PSL)
kepahiang,1983,3,252.38,-3.625,102.625,GPCC Full Data Monthly v2020 0.25deg (PSL)
kepahiang,1983,4,218.97,-3.625,102.625,GPCC Full Data Monthly v2020 0.25deg (PSL)
kepahiang,1983,5,214.23,-3.625,102.625,GPCC Full Data Monthly v2020 0.25deg (PSL)
kepahiang,1983,6,137.6,-3.625,102.625,GPCC Full Data Monthly v2020 0.25deg (PSL)
kepahiang,1983,7,57.39,-3.625,102.625,GPCC Full Data Monthly v2020 0.25deg (PSL)
kepahiang,1983,8,154.16,-3.625,102.625,GPCC Full Data Monthly v2020 0.25deg (PSL)
kepahiang,1983,9,50.8,-3.625,102.625,GPCC Full Data Monthly v2020 0.25deg (PSL)
kepahiang,1983,10,433.96,-3.625,102.625,GPCC Full Data Monthly v2020 0.25deg (PSL)
kepahiang,1983,11,414.49,-3.625,102.625,GPCC Full Data Monthly v2020 0.25deg (PSL)
kepahiang,1983,12,445.01,-3.625,102.625,GPCC Full Data Monthly v2020 0.25deg (PSL)
kepahiang,1984,1,331.16,-3.625,102.625,GPCC Full Data Monthly v2020 0.25deg (PSL)
kepahiang,1984,2,217.66,-3.625,102.625,GPCC Full Data Monthly v2020 0.25deg (PSL)
kepahiang,1984,3,495.08,-3.625,102.625,GPCC Full Data Monthly v2020 0.25deg (PSL)
kepahiang,1984,4,367.19,-3.625,102.625,GPCC Full Data Monthly v2020 0.25deg (PSL)
kepahiang,1984,5,236.37,-3.625,102.625,GPCC Full Data Monthly v2020 0.25deg (PSL)
kepahiang,1984,6,62.36,-3.625,102.625,GPCC Full Data Monthly v2020 0.25deg (PSL)
kepahiang,1984,7,290.53,-3.625,102.625,GPCC Full Data Monthly v2020 0.25deg (PSL)
kepahiang,1984,8,124.01,-3.625,102.625,GPCC Full Data Monthly v2020 0.25deg (PSL)
kepahiang,1984,9,212.87,-3.625,102.625,GPCC Full Data Monthly v2020 0.25deg (PSL)
kepahiang,1984,10,216.57,-3.625,102.625,GPCC Full Data Monthly v2020 0.25deg (PSL)
kepahiang,1984,11,396.54,-3.625,102.625,GPCC Full Data Monthly v2020 0.25deg (PSL)
kepahiang,1984,12,294.74,-3.625,102.625,GPCC Full Data Monthly v2020 0.25deg (PSL)
kepahiang,1985,1,369.05,-3.625,102.625,GPCC Full Data Monthly v2020 0.25deg (PSL)
kepahiang,1985,2,308.46,-3.625,102.625,GPCC Full Data Monthly v2020 0.25deg (PSL)
kepahiang,1985,3,337.13,-3.625,102.625,GPCC Full Data Monthly v2020 0.25deg (PSL)
kepahiang,1985,4,176.35,-3.625,102.625,GPCC Full Data Monthly v2020 0.25deg (PSL)
kepahiang,1985,5,217.76,-3.625,102.625,GPCC Full Data Monthly v2020 0.25deg (PSL)
kepahiang,1985,6,164.71,-3.625,102.625,GPCC Full Data Monthly v2020 0.25deg (PSL)
kepahiang,1985,7,285.49,-3.625,102.625,GPCC Full Data Monthly v2020 0.25deg (PSL)
kepahiang,1985,8,146.07,-3.625,102.625,GPCC Full Data Monthly v2020 0.25deg (PSL)
kepahiang,1985,9,225.35,-3.625,102.625,GPCC Full Data Monthly v2020 0.25deg (PSL)
kepahiang,1985,10,409.02,-3.625,102.625,GPCC Full Data Monthly v2020 0.25deg (PSL)
kepahiang,1985,11,377.7,-3.625,102.625,GPCC Full Data Monthly v2020 0.25deg (PSL)
kepahiang,1985,12,354.66,-3.625,102.625,GPCC Full Data Monthly v2020 0.25deg (PSL)
kepahiang,1986,1,389.97,-3.625,102.625,GPCC Full Data Monthly v2020 0.25deg (PSL)
kepahiang,1986,2,141.12,-3.625,102.625,GPCC Full Data Monthly v2020 0.25deg (PSL)
kepahiang,1986,3,483.84,-3.625,102.625,GPCC Full Data Monthly v2020 0.25deg (PSL)
kepahiang,1986,4,340.85,-3.625,102.625,GPCC Full Data Monthly v2020 0.25deg (PSL)
kepahiang,1986,5,125.58,-3.625,102.625,GPCC Full Data Monthly v2020 0.25deg (PSL)
kepahiang,1986,6,234.06,-3.625,102.625,GPCC Full Data Monthly v2020 0.25deg (PSL)
kepahiang,1986,7,115.37,-3.625,102.625,GPCC Full Data Monthly v2020 0.25deg (PSL)
kepahiang,1986,8,192.96,-3.625,102.625,GPCC Full Data Monthly v2020 0.25deg (PSL)
kepahiang,1986,9,387.42,-3.625,102.625,GPCC Full Data Monthly v2020 0.25deg (PSL)
kepahiang,1986,10,373.52,-3.625,102.625,GPCC Full Data Monthly v2020 0.25deg (PSL)
kepahiang,1986,11,321.11,-3.625,102.625,GPCC Full Data Monthly v2020 0.25deg (PSL)
kepahiang,1986,12,245.86,-3.625,102.625,GPCC Full Data Monthly v2020 0.25deg (PSL)
kepahiang,1987,1,468.59,-3.625,102.625,GPCC Full Data Monthly v2020 0.25deg (PSL)
kepahiang,1987,2,365.18,-3.625,102.625,GPCC Full Data Monthly v2020 0.25deg (PSL)
kepahiang,1987,3,198.71,-3.625,102.625,GPCC Full Data Monthly v2020 0.25deg (PSL)
kepahiang,1987,4,282.51,-3.625,102.625,GPCC Full Data Monthly v2020 0.25deg (PSL)
kepahiang,1987,5,176.47,-3.625,102.625,GPCC Full Data Monthly v2020 0.25deg (PSL)
kepahiang,1987,6,201.3,-3.625,102.625,GPCC Full Data Monthly v2020 0.25deg (PSL)
kepahiang,1987,7,124.88,-3.625,102.625,GPCC Full Data Monthly v2020 0.25deg (PSL)
kepahiang,1987,8,91.73,-3.625,102.625,GPCC Full Data Monthly v2020 0.25deg (PSL)
kepahiang,1987,9,155.02,-3.625,102.625,GPCC Full Data Monthly v2020 0.25deg (PSL)
kepahiang,1987,10,129.61,-3.625,102.625,GPCC Full Data Monthly v2020 0.25deg (PSL)
kepahiang,1987,11,361.79,-3.625,102.625,GPCC Full Data Monthly v2020 0.25deg (PSL)
kepahiang,1987,12,334.7,-3.625,102.625,GPCC Full Data Monthly v2020 0.25deg (PSL)
kepahiang,1988,1,491.66,-3.625,102.625,GPCC Full Data Monthly v2020 0.25deg (PSL)
kepahiang,1988,2,217.49,-3.625,102.625,GPCC Full Data Monthly v2020 0.25deg (PSL)
kepahiang,1988,3,428.23,-3.625,102.625,GPCC Full Data Monthly v2020 0.25deg (PSL)
kepahiang,1988,4,233.66,-3.625,102.625,GPCC Full Data Monthly v2020 0.25deg (PSL)
kepahiang,1988,5,130.71,-3.625,102.625,GPCC Full Data Monthly v2020 0.25deg (PSL)
kepahiang,1988,6,185.45,-3.625,102.625,GPCC Full Data Monthly v2020 0.25deg (PSL)
kepahiang,1988,7,87.3,-3.625,102.625,GPCC Full Data Monthly v2020 0.25deg (PSL)
kepahiang,1988,8,123.27,-3.625,102.625,GPCC Full Data Monthly v2020 0.25deg (PSL)
kepahiang,1988,9,403.43,-3.625,102.625,GPCC Full Data Monthly v2020 0.25deg (PSL)
kepahiang,1988,10,164.78,-3.625,102.625,GPCC Full Data Monthly v2020 0.25deg (PSL)
kepahiang,1988,11,441.82,-3.625,102.625,GPCC Full Data Monthly v2020 0.25deg (PSL)
kepahiang,1988,12,254.77,-3.625,102.625,GPCC Full Data Monthly v2020 0.25deg (PSL)
kepahiang,1989,1,641.0,-3.625,102.625,GPCC Full Data Monthly v2020 0.25deg (PSL)
kepahiang,1989,2,458.17,-3.625,102.625,GPCC Full Data Monthly v2020 0.25deg (PSL)
kepahiang,1989,3,220.76,-3.625,102.625,GPCC Full Data Monthly v2020 0.25deg (PSL)
kepahiang,1989,4,219.53,-3.625,102.625,GPCC Full Data Monthly v2020 0.25deg (PSL)
kepahiang,1989,5,286.18,-3.625,102.625,GPCC Full Data Monthly v2020 0.25deg (PSL)
kepahiang,1989,6,168.49,-3.625,102.625,GPCC Full Data Monthly v2020 0.25deg (PSL)
kepahiang,1989,7,161.99,-3.625,102.625,GPCC Full Data Monthly v2020 0.25deg (PSL)
kepahiang,1989,8,131.88,-3.625,102.625,GPCC Full Data Monthly v2020 0.25deg (PSL)
kepahiang,1989,9,218.2,-3.625,102.625,GPCC Full Data Monthly v2020 0.25deg (PSL)
kepahiang,1989,10,326.71,-3.625,102.625,GPCC Full Data Monthly v2020 0.25deg (PSL)
kepahiang,1989,11,511.01,-3.625,102.625,GPCC Full Data Monthly v2020 0.25deg (PSL)
kepahiang,1989,12,360.34,-3.625,102.625,GPCC Full Data Monthly v2020 0.25deg (PSL)
kepahiang,1990,1,315.78,-3.625,102.625,GPCC Full Data Monthly v2020 0.25deg (PSL)
kepahiang,1990,2,222.86,-3.625,102.625,GPCC Full Data Monthly v2020 0.25deg (PSL)
kepahiang,1990,3,268.41,-3.625,102.625,GPCC Full Data Monthly v2020 0.25deg (PSL)
kepahiang,1990,4,282.39,-3.625,102.625,GPCC Full Data Monthly v2020 0.25deg (PSL)
kepahiang,1990,5,167.79,-3.625,102.625,GPCC Full Data Monthly v2020 0.25deg (PSL)
kepahiang,1990,6,205.79,-3.625,102.625,GPCC Full Data Monthly v2020 0.25deg (PSL)
kepahiang,1990,7,196.69,-3.625,102.625,GPCC Full Data Monthly v2020 0.25deg (PSL)
kepahiang,1990,8,149.31,-3.625,102.625,GPCC Full Data Monthly v2020 0.25deg (PSL)
kepahiang,1990,9,271.98,-3.625,102.625,GPCC Full Data Monthly v2020 0.25deg (PSL)
kepahiang,1990,10,308.47,-3.625,102.625,GPCC Full Data Monthly v2020 0.25deg (PSL)
kepahiang,1990,11,275.03,-3.625,102.625,GPCC Full Data Monthly v2020 0.25deg (PSL)
kepahiang,1990,12,398.23,-3.625,102.625,GPCC Full Data Monthly v2020 0.25deg (PSL)
kepahiang,1991,1,546.83,-3.625,102.625,GPCC Full Data Monthly v2020 0.25deg (PSL)
kepahiang,1991,2,390.42,-3.625,102.625,GPCC Full Data Monthly v2020 0.25deg (PSL)
kepahiang,1991,3,357.47,-3.625,102.625,GPCC Full Data Monthly v2020 0.25deg (PSL)
kepahiang,1991,4,332.63,-3.625,102.625,GPCC Full Data Monthly v2020 0.25deg (PSL)
kepahiang,1991,5,209.7,-3.625,102.625,GPCC Full Data Monthly v2020 0.25deg (PSL)
kepahiang,1991,6,22.07,-3.625,102.625,GPCC Full Data Monthly v2020 0.25deg (PSL)
kepahiang,1991,7,76.83,-3.625,102.625,GPCC Full Data Monthly v2020 0.25deg (PSL)
kepahiang,1991,8,74.46,-3.625,102.625,GPCC Full Data Monthly v2020 0.25deg (PSL)
kepahiang,1991,9,49.82,-3.625,102.625,GPCC Full Data Monthly v2020 0.25deg (PSL)
kepahiang,1991,10,168.48,-3.625,102.625,GPCC Full Data Monthly v2020 0.25deg (PSL)
kepahiang,1991,11,379.11,-3.625,102.625,GPCC Full Data Monthly v2020 0.25deg (PSL)
kepahiang,1991,12,437.55,-3.625,102.625,GPCC Full Data Monthly v2020 0.25deg (PSL)
kepahiang,1992,1,116.22,-3.625,102.625,GPCC Full Data Monthly v2020 0.25deg (PSL)
kepahiang,1992,2,282.81,-3.625,102.625,GPCC Full Data Monthly v2020 0.25deg (PSL)
kepahiang,1992,3,427.46,-3.625,102.625,GPCC Full Data Monthly v2020 0.25deg (PSL)
kepahiang,1992,4,235.71,-3.625,102.625,GPCC Full Data Monthly v2020 0.25deg (PSL)
kepahiang,1992,5,227.53,-3.625,102.625,GPCC Full Data Monthly v2020 0.25deg (PSL)
kepahiang,1992,6,67.97,-3.625,102.625,GPCC Full Data Monthly v2020 0.25deg (PSL)
kepahiang,1992,7,208.88,-3.625,102.625,GPCC Full Data Monthly v2020 0.25deg (PSL)
kepahiang,1992,8,200.61,-3.625,102.625,GPCC Full Data Monthly v2020 0.25deg (PSL)
kepahiang,1992,9,289.41,-3.625,102.625,GPCC Full Data Monthly v2020 0.25deg (PSL)
kepahiang,1992,10,302.98,-3.625,102.625,GPCC Full Data Monthly v2020 0.25deg (PSL)
kepahiang,1992,11,358.7,-3.625,102.625,GPCC Full Data Monthly v2020 0.25deg (PSL)
kepahiang,1992,12,477.72,-3.625,102.625,GPCC Full Data Monthly v2020 0.25deg (PSL)
kepahiang,1993,1,414.88,-3.625,102.625,GPCC Full Data Monthly v2020 0.25deg (PSL)
kepahiang,1993,2,313.16,-3.625,102.625,GPCC Full Data Monthly v2020 0.25deg (PSL)
kepahiang,1993,3,375.58,-3.625,102.625,GPCC Full Data Monthly v2020 0.25deg (PSL)
kepahiang,1993,4,302.23,-3.625,102.625,GPCC Full Data Monthly v2020 0.25deg (PSL)
kepahiang,1993,5,312.62,-3.625,102.625,GPCC Full Data Monthly v2020 0.25deg (PSL)
kepahiang,1993,6,123.92,-3.625,102.625,GPCC Full Data Monthly v2020 0.25deg (PSL)
kepahiang,1993,7,208.16,-3.625,102.625,GPCC Full Data Monthly v2020 0.25deg (PSL)
kepahiang,1993,8,90.87,-3.625,102.625,GPCC Full Data Monthly v2020 0.25deg (PSL)
kepahiang,1993,9,157.9,-3.625,102.625,GPCC Full Data Monthly v2020 0.25deg (PSL)
kepahiang,1993,10,192.24,-3.625,102.625,GPCC Full Data Monthly v2020 0.25deg (PSL)
kepahiang,1993,11,455.58,-3.625,102.625,GPCC Full Data Monthly v2020 0.25deg (PSL)
kepahiang,1993,12,441.76,-3.625,102.625,GPCC Full Data Monthly v2020 0.25deg (PSL)
kepahiang,1994,1,363.32,-3.625,102.625,GPCC Full Data Monthly v2020 0.25deg (PSL)
kepahiang,1994,2,370.08,-3.625,102.625,GPCC Full Data Monthly v2020 0.25deg (PSL)
kepahiang,1994,3,322.11,-3.625,102.625,GPCC Full Data Monthly v2020 0.25deg (PSL)
kepahiang,1994,4,258.93,-3.625,102.625,GPCC Full Data Monthly v2020 0.25deg (PSL)
kepahiang,1994,5,106.18,-3.625,102.625,GPCC Full Data Monthly v2020 0.25deg (PSL)
kepahiang,1994,6,104.42,-3.625,102.625,GPCC Full Data Monthly v2020 0.25deg (PSL)
kepahiang,1994,7,6.59,-3.625,102.625,GPCC Full Data Monthly v2020 0.25deg (PSL)
kepahiang,1994,8,17.89,-3.625,102.625,GPCC Full Data Monthly v2020 0.25deg (PSL)
kepahiang,1994,9,14.6,-3.625,102.625,GPCC Full Data Monthly v2020 0.25deg (PSL)
kepahiang,1994,10,89.46,-3.625,102.625,GPCC Full Data Monthly v2020 0.25deg (PSL)
kepahiang,1994,11,282.2,-3.625,102.625,GPCC Full Data Monthly v2020 0.25deg (PSL)
kepahiang,1994,12,513.09,-3.625,102.625,GPCC Full Data Monthly v2020 0.25deg (PSL)
kepahiang,1995,1,691.75,-3.625,102.625,GPCC Full Data Monthly v2020 0.25deg (PSL)
kepahiang,1995,2,473.69,-3.625,102.625,GPCC Full Data Monthly v2020 0.25deg (PSL)
kepahiang,1995,3,335.03,-3.625,102.625,GPCC Full Data Monthly v2020 0.25deg (PSL)
kepahiang,1995,4,242.41,-3.625,102.625,GPCC Full Data Monthly v2020 0.25deg (PSL)
kepahiang,1995,5,288.89,-3.625,102.625,GPCC Full Data Monthly v2020 0.25deg (PSL)
kepahiang,1995,6,139.11,-3.625,102.625,GPCC Full Data Monthly v2020 0.25deg (PSL)
kepahiang,1995,7,167.94,-3.625,102.625,GPCC Full Data Monthly v2020 0.25deg (PSL)
kepahiang,1995,8,59.19,-3.625,102.625,GPCC Full Data Monthly v2020 0.25deg (PSL)
kepahiang,1995,9,174.77,-3.625,102.625,GPCC Full Data Monthly v2020 0.25deg (PSL)
kepahiang,1995,10,305.99,-3.625,102.625,GPCC Full Data Monthly v2020 0.25deg (PSL)
kepahiang,1995,11,401.04,-3.625,102.625,GPCC Full Data Monthly v2020 0.25deg (PSL)
kepahiang,1995,12,243.24,-3.625,102.625,GPCC Full Data Monthly v2020 0.25deg (PSL)
kepahiang,1996,1,314.78,-3.625,102.625,GPCC Full Data Monthly v2020 0.25deg (PSL)
kepahiang,1996,2,294.68,-3.625,102.625,GPCC Full Data Monthly v2020 0.25deg (PSL)
kepahiang,1996,3,286.64,-3.625,102.625,GPCC Full Data Monthly v2020 0.25deg (PSL)
kepahiang,1996,4,273.94,-3.625,102.625,GPCC Full Data Monthly v2020 0.25deg (PSL)
kepahiang,1996,5,87.91,-3.625,102.625,GPCC Full Data Monthly v2020 0.25deg (PSL)
kepahiang,1996,6,195.11,-3.625,102.625,GPCC Full Data Monthly v2020 0.25deg (PSL)
kepahiang,1996,7,122.44,-3.625,102.625,GPCC Full Data Monthly v2020 0.25deg (PSL)
kepahiang,1996,8,239.55,-3.625,102.625,GPCC Full Data Monthly v2020 0.25deg (PSL)
kepahiang,1996,9,291.38,-3.625,102.625,GPCC Full Data Monthly v2020 0.25deg (PSL)
kepahiang,1996,10,279.15,-3.625,102.625,GPCC Full Data Monthly v2020 0.25deg (PSL)
kepahiang,1996,11,266.83,-3.625,102.625,GPCC Full Data Monthly v2020 0.25deg (PSL)
kepahiang,1996,12,496.14,-3.625,102.625,GPCC Full Data Monthly v2020 0.25deg (PSL)
kepahiang,1997,1,251.76,-3.625,102.625,GPCC Full Data Monthly v2020 0.25deg (PSL)
kepahiang,1997,2,147.66,-3.625,102.625,GPCC Full Data Monthly v2020 0.25deg (PSL)
kepahiang,1997,3,161.59,-3.625,102.625,GPCC Full Data Monthly v2020 0.25deg (PSL)
kepahiang,1997,4,195.07,-3.625,102.625,GPCC Full Data Monthly v2020 0.25deg (PSL)
kepahiang,1997,5,228.89,-3.625,102.625,GPCC Full Data Monthly v2020 0.25deg (PSL)
kepahiang,1997,6,51.08,-3.625,102.625,GPCC Full Data Monthly v2020 0.25deg (PSL)
kepahiang,1997,7,81.13,-3.625,102.625,GPCC Full Data Monthly v2020 0.25deg (PSL)
kepahiang,1997,8,58.08,-3.625,102.625,GPCC Full Data Monthly v2020 0.25deg (PSL)
kepahiang,1997,9,11.26,-3.625,102.625,GPCC Full Data Monthly v2020 0.25deg (PSL)
kepahiang,1997,10,0.0,-3.625,102.625,GPCC Full Data Monthly v2020 0.25deg (PSL)
kepahiang,1997,11,225.06,-3.625,102.625,GPCC Full Data Monthly v2020 0.25deg (PSL)
kepahiang,1997,12,145.87,-3.625,102.625,GPCC Full Data Monthly v2020 0.25deg (PSL)
kepahiang,1998,1,277.02,-3.625,102.625,GPCC Full Data Monthly v2020 0.25deg (PSL)
kepahiang,1998,2,294.7,-3.625,102.625,GPCC Full Data Monthly v2020 0.25deg (PSL)
kepahiang,1998,3,285.86,-3.625,102.625,GPCC Full Data Monthly v2020 0.25deg (PSL)
kepahiang,1998,4,411.99,-3.625,102.625,GPCC Full Data Monthly v2020 0.25deg (PSL)
kepahiang,1998,5,318.62,-3.625,102.625,GPCC Full Data Monthly v2020 0.25deg (PSL)
kepahiang,1998,6,147.54,-3.625,102.625,GPCC Full Data Monthly v2020 0.25deg (PSL)
kepahiang,1998,7,287.19,-3.625,102.625,GPCC Full Data Monthly v2020 0.25deg (PSL)
kepahiang,1998,8,317.21,-3.625,102.625,GPCC Full Data Monthly v2020 0.25deg (PSL)
kepahiang,1998,9,314.87,-3.625,102.625,GPCC Full Data Monthly v2020 0.25deg (PSL)
kepahiang,1998,10,346.76,-3.625,102.625,GPCC Full Data Monthly v2020 0.25deg (PSL)
kepahiang,1998,11,259.03,-3.625,102.625,GPCC Full Data Monthly v2020 0.25deg (PSL)
kepahiang,1998,12,324.62,-3.625,102.625,GPCC Full Data Monthly v2020 0.25deg (PSL)
kepahiang,1999,1,375.58,-3.625,102.625,GPCC Full Data Monthly v2020 0.25deg (PSL)
kepahiang,1999,2,307.4,-3.625,102.625,GPCC Full Data Monthly v2020 0.25deg (PSL)
kepahiang,1999,3,265.17,-3.625,102.625,GPCC Full Data Monthly v2020 0.25deg (PSL)
kepahiang,1999,4,143.7,-3.625,102.625,GPCC Full Data Monthly v2020 0.25deg (PSL)
kepahiang,1999,5,167.02,-3.625,102.625,GPCC Full Data Monthly v2020 0.25deg (PSL)
kepahiang,1999,6,177.01,-3.625,102.625,GPCC Full Data Monthly v2020 0.25deg (PSL)
kepahiang,1999,7,155.97,-3.625,102.625,GPCC Full Data Monthly v2020 0.25deg (PSL)
kepahiang,1999,8,157.75,-3.625,102.625,GPCC Full Data Monthly v2020 0.25deg (PSL)
kepahiang,1999,9,126.78,-3.625,102.625,GPCC Full Data Monthly v2020 0.25deg (PSL)
kepahiang,1999,10,465.2,-3.625,102.625,GPCC Full Data Monthly v2020 0.25deg (PSL)
kepahiang,1999,11,465.78,-3.625,102.625,GPCC Full Data Monthly v2020 0.25deg (PSL)
kepahiang,1999,12,416.23,-3.625,102.625,GPCC Full Data Monthly v2020 0.25deg (PSL)
kepahiang,2000,1,406.24,-3.625,102.625,GPCC Full Data Monthly v2020 0.25deg (PSL)
kepahiang,2000,2,212.21,-3.625,102.625,GPCC Full Data Monthly v2020 0.25deg (PSL)
kepahiang,2000,3,179.13,-3.625,102.625,GPCC Full Data Monthly v2020 0.25deg (PSL)
kepahiang,2000,4,370.11,-3.625,102.625,GPCC Full Data Monthly v2020 0.25deg (PSL)
kepahiang,2000,5,106.9,-3.625,102.625,GPCC Full Data Monthly v2020 0.25deg (PSL)
kepahiang,2000,6,217.22,-3.625,102.625,GPCC Full Data Monthly v2020 0.25deg (PSL)
kepahiang,2000,7,174.03,-3.625,102.625,GPCC Full Data Monthly v2020 0.25deg (PSL)
kepahiang,2000,8,192.73,-3.625,102.625,GPCC Full Data Monthly v2020 0.25deg (PSL)
kepahiang,2000,9,116.38,-3.625,102.625,GPCC Full Data Monthly v2020 0.25deg (PSL)
kepahiang,2000,10,328.62,-3.625,102.625,GPCC Full Data Monthly v2020 0.25deg (PSL)
kepahiang,2000,11,525.32,-3.625,102.625,GPCC Full Data Monthly v2020 0.25deg (PSL)
kepahiang,2000,12,501.22,-3.625,102.625,GPCC Full Data Monthly v2020 0.25deg (PSL)
kepahiang,2001,1,320.22,-3.625,102.625,GPCC Full Data Monthly v2020 0.25deg (PSL)
kepahiang,2001,2,500.97,-3.625,102.625,GPCC Full Data Monthly v2020 0.25deg (PSL)
kepahiang,2001,3,369.25,-3.625,102.625,GPCC Full Data Monthly v2020 0.25deg (PSL)
kepahiang,2001,4,215.09,-3.625,102.625,GPCC Full Data Monthly v2020 0.25deg (PSL)
kepahiang,2001,5,284.89,-3.625,102.625,GPCC Full Data Monthly v2020 0.25deg (PSL)
kepahiang,2001,6,99.87,-3.625,102.625,GPCC Full Data Monthly v2020 0.25deg (PSL)
kepahiang,2001,7,138.53,-3.625,102.625,GPCC Full Data Monthly v2020 0.25deg (PSL)
kepahiang,2001,8,115.57,-3.625,102.625,GPCC Full Data Monthly v2020 0.25deg (PSL)
kepahiang,2001,9,227.02,-3.625,102.625,GPCC Full Data Monthly v2020 0.25deg (PSL)
kepahiang,2001,10,435.3,-3.625,102.625,GPCC Full Data Monthly v2020 0.25deg (PSL)
kepahiang,2001,11,350.29,-3.625,102.625,GPCC Full Data Monthly v2020 0.25deg (PSL)
kepahiang,2001,12,310.43,-3.625,102.625,GPCC Full Data Monthly v2020 0.25deg (PSL)
kepahiang,2002,1,365.71,-3.625,102.625,GPCC Full Data Monthly v2020 0.25deg (PSL)
kepahiang,2002,2,238.04,-3.625,102.625,GPCC Full Data Monthly v2020 0.25deg (PSL)
kepahiang,2002,3,369.21,-3.625,102.625,GPCC Full Data Monthly v2020 0.25deg (PSL)
kepahiang,2002,4,366.02,-3.625,102.625,GPCC Full Data Monthly v2020 0.25deg (PSL)
kepahiang,2002,5,229.82,-3.625,102.625,GPCC Full Data Monthly v2020 0.25deg (PSL)
kepahiang,2002,6,95.41,-3.625,102.625,GPCC Full Data Monthly v2020 0.25deg (PSL)
kepahiang,2002,7,130.16,-3.625,102.625,GPCC Full Data Monthly v2020 0.25deg (PSL)
kepahiang,2002,8,82.98,-3.625,102.625,GPCC Full Data Monthly v2020 0.25deg (PSL)
kepahiang,2002,9,159.06,-3.625,102.625,GPCC Full Data Monthly v2020 0.25deg (PSL)
kepahiang,2002,10,14.48,-3.625,102.625,GPCC Full Data Monthly v2020 0.25deg (PSL)
kepahiang,2002,11,370.8,-3.625,102.625,GPCC Full Data Monthly v2020 0.25deg (PSL)
kepahiang,2002,12,360.74,-3.625,102.625,GPCC Full Data Monthly v2020 0.25deg (PSL)
kepahiang,2003,1,339.03,-3.625,102.625,GPCC Full Data Monthly v2020 0.25deg (PSL)
kepahiang,2003,2,342.65,-3.625,102.625,GPCC Full Data Monthly v2020 0.25deg (PSL)
kepahiang,2003,3,203.26,-3.625,102.625,GPCC Full Data Monthly v2020 0.25deg (PSL)
kepahiang,2003,4,345.14,-3.625,102.625,GPCC Full Data Monthly v2020 0.25deg (PSL)
kepahiang,2003,5,190.03,-3.625,102.625,GPCC Full Data Monthly v2020 0.25deg (PSL)
kepahiang,2003,6,45.73,-3.625,102.625,GPCC Full Data Monthly v2020 0.25deg (PSL)
kepahiang,2003,7,104.77,-3.625,102.625,GPCC Full Data Monthly v2020 0.25deg (PSL)
kepahiang,2003,8,195.97,-3.625,102.625,GPCC Full Data Monthly v2020 0.25deg (PSL)
kepahiang,2003,9,115.73,-3.625,102.625,GPCC Full Data Monthly v2020 0.25deg (PSL)
kepahiang,2003,10,440.46,-3.625,102.625,GPCC Full Data Monthly v2020 0.25deg (PSL)
kepahiang,2003,11,301.43,-3.625,102.625,GPCC Full Data Monthly v2020 0.25deg (PSL)
kepahiang,2003,12,343.16,-3.625,102.625,GPCC Full Data Monthly v2020 0.25deg (PSL)
kepahiang,2004,1,148.87,-3.625,102.625,GPCC Full Data Monthly v2020 0.25deg (PSL)
kepahiang,2004,2,180.35,-3.625,102.625,GPCC Full Data Monthly v2020 0.25deg (PSL)
kepahiang,2004,3,181.83,-3.625,102.625,GPCC Full Data Monthly v2020 0.25deg (PSL)
kepahiang,2004,4,287.09,-3.625,102.625,GPCC Full Data Monthly v2020 0.25deg (PSL)
kepahiang,2004,5,416.67,-3.625,102.625,GPCC Full Data Monthly v2020 0.25deg (PSL)
kepahiang,2004,6,26.85,-3.625,102.625,GPCC Full Data Monthly v2020 0.25deg (PSL)
kepahiang,2004,7,146.13,-3.625,102.625,GPCC Full Data Monthly v2020 0.25deg (PSL)
kepahiang,2004,8,91.54,-3.625,102.625,GPCC Full Data Monthly v2020 0.25deg (PSL)
kepahiang,2004,9,176.37,-3.625,102.625,GPCC Full Data Monthly v2020 0.25deg (PSL)
kepahiang,2004,10,181.02,-3.625,102.625,GPCC Full Data Monthly v2020 0.25deg (PSL)
kepahiang,2004,11,353.6,-3.625,102.625,GPCC Full Data Monthly v2020 0.25deg (PSL)
kepahiang,2004,12,391.5,-3.625,102.625,GPCC Full Data Monthly v2020 0.25deg (PSL)
kepahiang,2005,1,375.21,-3.625,102.625,GPCC Full Data Monthly v2020 0.25deg (PSL)
kepahiang,2005,2,209.0,-3.625,102.625,GPCC Full Data Monthly v2020 0.25deg (PSL)
kepahiang,2005,3,397.26,-3.625,102.625,GPCC Full Data Monthly v2020 0.25deg (PSL)
kepahiang,2005,4,185.07,-3.625,102.625,GPCC Full Data Monthly v2020 0.25deg (PSL)
kepahiang,2005,5,252.55,-3.625,102.625,GPCC Full Data Monthly v2020 0.25deg (PSL)
kepahiang,2005,6,250.55,-3.625,102.625,GPCC Full Data Monthly v2020 0.25deg (PSL)
kepahiang,2005,7,225.07,-3.625,102.625,GPCC Full Data Monthly v2020 0.25deg (PSL)
kepahiang,2005,8,203.17,-3.625,102.625,GPCC Full Data Monthly v2020 0.25deg (PSL)
kepahiang,2005,9,121.75,-3.625,102.625,GPCC Full Data Monthly v2020 0.25deg (PSL)
kepahiang,2005,10,329.9,-3.625,102.625,GPCC Full Data Monthly v2020 0.25deg (PSL)
kepahiang,2005,11,480.41,-3.625,102.625,GPCC Full Data Monthly v2020 0.25deg (PSL)
kepahiang,2005,12,541.05,-3.625,102.625,GPCC Full Data Monthly v2020 0.25deg (PSL)
kepahiang,2006,1,505.09,-3.625,102.625,GPCC Full Data Monthly v2020 0.25deg (PSL)
kepahiang,2006,2,441.94,-3.625,102.625,GPCC Full Data Monthly v2020 0.25deg (PSL)
kepahiang,2006,3,285.25,-3.625,102.625,GPCC Full Data Monthly v2020 0.25deg (PSL)
kepahiang,2006,4,331.48,-3.625,102.625,GPCC Full Data Monthly v2020 0.25deg (PSL)
kepahiang,2006,5,75.64,-3.625,102.625,GPCC Full Data Monthly v2020 0.25deg (PSL)
kepahiang,2006,6,190.37,-3.625,102.625,GPCC Full Data Monthly v2020 0.25deg (PSL)
kepahiang,2006,7,176.32,-3.625,102.625,GPCC Full Data Monthly v2020 0.25deg (PSL)
kepahiang,2006,8,33.41,-3.625,102.625,GPCC Full Data Monthly v2020 0.25deg (PSL)
kepahiang,2006,9,31.57,-3.625,102.625,GPCC Full Data Monthly v2020 0.25deg (PSL)
kepahiang,2006,10,25.65,-3.625,102.625,GPCC Full Data Monthly v2020 0.25deg (PSL)
kepahiang,2006,11,101.49,-3.625,102.625,GPCC Full Data Monthly v2020 0.25deg (PSL)
kepahiang,2006,12,342.7,-3.625,102.625,GPCC Full Data Monthly v2020 0.25deg (PSL)
kepahiang,2007,1,451.12,-3.625,102.625,GPCC Full Data Monthly v2020 0.25deg (PSL)
kepahiang,2007,2,234.51,-3.625,102.625,GPCC Full Data Monthly v2020 0.25deg (PSL)
kepahiang,2007,3,303.15,-3.625,102.625,GPCC Full Data Monthly v2020 0.25deg (PSL)
kepahiang,2007,4,253.98,-3.625,102.625,GPCC Full Data Monthly v2020 0.25deg (PSL)
kepahiang,2007,5,188.54,-3.625,102.625,GPCC Full Data Monthly v2020 0.25deg (PSL)
kepahiang,2007,6,193.58,-3.625,102.625,GPCC Full Data Monthly v2020 0.25deg (PSL)
kepahiang,2007,7,220.62,-3.625,102.625,GPCC Full Data Monthly v2020 0.25deg (PSL)
kepahiang,2007,8,69.33,-3.625,102.625,GPCC Full Data Monthly v2020 0.25deg (PSL)
kepahiang,2007,9,165.75,-3.625,102.625,GPCC Full Data Monthly v2020 0.25deg (PSL)
kepahiang,2007,10,231.82,-3.625,102.625,GPCC Full Data Monthly v2020 0.25deg (PSL)
kepahiang,2007,11,217.6,-3.625,102.625,GPCC Full Data Monthly v2020 0.25deg (PSL)
kepahiang,2007,12,342.49,-3.625,102.625,GPCC Full Data Monthly v2020 0.25deg (PSL)
kepahiang,2008,1,260.86,-3.625,102.625,GPCC Full Data Monthly v2020 0.25deg (PSL)
kepahiang,2008,2,202.71,-3.625,102.625,GPCC Full Data Monthly v2020 0.25deg (PSL)
kepahiang,2008,3,449.51,-3.625,102.625,GPCC Full Data Monthly v2020 0.25deg (PSL)
kepahiang,2008,4,337.73,-3.625,102.625,GPCC Full Data Monthly v2020 0.25deg (PSL)
kepahiang,2008,5,92.33,-3.625,102.625,GPCC Full Data Monthly v2020 0.25deg (PSL)
kepahiang,2008,6,83.69,-3.625,102.625,GPCC Full Data Monthly v2020 0.25deg (PSL)
kepahiang,2008,7,47.35,-3.625,102.625,GPCC Full Data Monthly v2020 0.25deg (PSL)
kepahiang,2008,8,265.94,-3.625,102.625,GPCC Full Data Monthly v2020 0.25deg (PSL)
kepahiang,2008,9,192.98,-3.625,102.625,GPCC Full Data Monthly v2020 0.25deg (PSL)
kepahiang,2008,10,295.84,-3.625,102.625,GPCC Full Data Monthly v2020 0.25deg (PSL)
kepahiang,2008,11,607.75,-3.625,102.625,GPCC Full Data Monthly v2020 0.25deg (PSL)
kepahiang,2008,12,696.68,-3.625,102.625,GPCC Full Data Monthly v2020 0.25deg (PSL)
kepahiang,2009,1,314.95,-3.625,102.625,GPCC Full Data Monthly v2020 0.25deg (PSL)
kepahiang,2009,2,373.26,-3.625,102.625,GPCC Full Data Monthly v2020 0.25deg (PSL)
kepahiang,2009,3,329.22,-3.625,102.625,GPCC Full Data Monthly v2020 0.25deg (PSL)
kepahiang,2009,4,451.44,-3.625,102.625,GPCC Full Data Monthly v2020 0.25deg (PSL)
kepahiang,2009,5,175.62,-3.625,102.625,GPCC Full Data Monthly v2020 0.25deg (PSL)
kepahiang,2009,6,213.67,-3.625,102.625,GPCC Full Data Monthly v2020 0.25deg (PSL)
kepahiang,2009,7,109.53,-3.625,102.625,GPCC Full Data Monthly v2020 0.25deg (PSL)
kepahiang,2009,8,143.11,-3.625,102.625,GPCC Full Data Monthly v2020 0.25deg (PSL)
kepahiang,2009,9,219.78,-3.625,102.625,GPCC Full Data Monthly v2020 0.25deg (PSL)
kepahiang,2009,10,357.85,-3.625,102.625,GPCC Full Data Monthly v2020 0.25deg (PSL)
kepahiang,2009,11,445.26,-3.625,102.625,GPCC Full Data Monthly v2020 0.25deg (PSL)
kepahiang,2009,12,493.58,-3.625,102.625,GPCC Full Data Monthly v2020 0.25deg (PSL)
kepahiang,2010,1,237.67,-3.625,102.625,GPCC Full Data Monthly v2020 0.25deg (PSL)
kepahiang,2010,2,414.33,-3.625,102.625,GPCC Full Data Monthly v2020 0.25deg (PSL)
kepahiang,2010,3,573.43,-3.625,102.625,GPCC Full Data Monthly v2020 0.25deg (PSL)
kepahiang,2010,4,220.12,-3.625,102.625,GPCC Full Data Monthly v2020 0.25deg (PSL)
kepahiang,2010,5,180.91,-3.625,102.625,GPCC Full Data Monthly v2020 0.25deg (PSL)
kepahiang,2010,6,254.29,-3.625,102.625,GPCC Full Data Monthly v2020 0.25deg (PSL)
kepahiang,2010,7,252.95,-3.625,102.625,GPCC Full Data Monthly v2020 0.25deg (PSL)
kepahiang,2010,8,237.79,-3.625,102.625,GPCC Full Data Monthly v2020 0.25deg (PSL)
kepahiang,2010,9,347.63,-3.625,102.625,GPCC Full Data Monthly v2020 0.25deg (PSL)
kepahiang,2010,10,348.19,-3.625,102.625,GPCC Full Data Monthly v2020 0.25deg (PSL)
kepahiang,2010,11,305.66,-3.625,102.625,GPCC Full Data Monthly v2020 0.25deg (PSL)
kepahiang,2010,12,329.53,-3.625,102.625,GPCC Full Data Monthly v2020 0.25deg (PSL)
kepahiang,2011,1,199.79,-3.625,102.625,GPCC Full Data Monthly v2020 0.25deg (PSL)
kepahiang,2011,2,106.75,-3.625,102.625,GPCC Full Data Monthly v2020 0.25deg (PSL)
kepahiang,2011,3,278.26,-3.625,102.625,GPCC Full Data Monthly v2020 0.25deg (PSL)
kepahiang,2011,4,409.32,-3.625,102.625,GPCC Full Data Monthly v2020 0.25deg (PSL)
kepahiang,2011,5,306.87,-3.625,102.625,GPCC Full Data Monthly v2020 0.25deg (PSL)
kepahiang,2011,6,205.51,-3.625,102.625,GPCC Full Data Monthly v2020 0.25deg (PSL)
kepahiang,2011,7,132.49,-3.625,102.625,GPCC Full Data Monthly v2020 0.25deg (PSL)
kepahiang,2011,8,91.83,-3.625,102.625,GPCC Full Data Monthly v2020 0.25deg (PSL)
kepahiang,2011,9,164.07,-3.625,102.625,GPCC Full Data Monthly v2020 0.25deg (PSL)
kepahiang,2011,10,225.84,-3.625,102.625,GPCC Full Data Monthly v2020 0.25deg (PSL)
kepahiang,2011,11,302.11,-3.625,102.625,GPCC Full Data Monthly v2020 0.25deg (PSL)
kepahiang,2011,12,284.8,-3.625,102.625,GPCC Full Data Monthly v2020 0.25deg (PSL)
kepahiang,2012,1,248.96,-3.625,102.625,GPCC Full Data Monthly v2020 0.25deg (PSL)
kepahiang,2012,2,290.27,-3.625,102.625,GPCC Full Data Monthly v2020 0.25deg (PSL)
kepahiang,2012,3,217.38,-3.625,102.625,GPCC Full Data Monthly v2020 0.25deg (PSL)
kepahiang,2012,4,529.79,-3.625,102.625,GPCC Full Data Monthly v2020 0.25deg (PSL)
kepahiang,2012,5,195.4,-3.625,102.625,GPCC Full Data Monthly v2020 0.25deg (PSL)
kepahiang,2012,6,180.23,-3.625,102.625,GPCC Full Data Monthly v2020 0.25deg (PSL)
kepahiang,2012,7,174.28,-3.625,102.625,GPCC Full Data Monthly v2020 0.25deg (PSL)
kepahiang,2012,8,71.16,-3.625,102.625,GPCC Full Data Monthly v2020 0.25deg (PSL)
kepahiang,2012,9,54.71,-3.625,102.625,GPCC Full Data Monthly v2020 0.25deg (PSL)
kepahiang,2012,10,335.92,-3.625,102.625,GPCC Full Data Monthly v2020 0.25deg (PSL)
kepahiang,2012,11,527.02,-3.625,102.625,GPCC Full Data Monthly v2020 0.25deg (PSL)
kepahiang,2012,12,605.11,-3.625,102.625,GPCC Full Data Monthly v2020 0.25deg (PSL)
kepahiang,2013,1,636.77,-3.625,102.625,GPCC Full Data Monthly v2020 0.25deg (PSL)
kepahiang,2013,2,510.74,-3.625,102.625,GPCC Full Data Monthly v2020 0.25deg (PSL)
kepahiang,2013,3,376.34,-3.625,102.625,GPCC Full Data Monthly v2020 0.25deg (PSL)
kepahiang,2013,4,465.04,-3.625,102.625,GPCC Full Data Monthly v2020 0.25deg (PSL)
kepahiang,2013,5,269.16,-3.625,102.625,GPCC Full Data Monthly v2020 0.25deg (PSL)
kepahiang,2013,6,230.58,-3.625,102.625,GPCC Full Data Monthly v2020 0.25deg (PSL)
kepahiang,2013,7,343.97,-3.625,102.625,GPCC Full Data Monthly v2020 0.25deg (PSL)
kepahiang,2013,8,119.79,-3.625,102.625,GPCC Full Data Monthly v2020 0.25deg (PSL)
kepahiang,2013,9,247.21,-3.625,102.625,GPCC Full Data Monthly v2020 0.25deg (PSL)
kepahiang,2013,10,142.72,-3.625,102.625,GPCC Full Data Monthly v2020 0.25deg (PSL)
kepahiang,2013,11,455.76,-3.625,102.625,GPCC Full Data Monthly v2020 0.25deg (PSL)
kepahiang,2013,12,293.69,-3.625,102.625,GPCC Full Data Monthly v2020 0.25deg (PSL)
kepahiang,2014,1,319.47,-3.625,102.625,GPCC Full Data Monthly v2020 0.25deg (PSL)
kepahiang,2014,2,226.9,-3.625,102.625,GPCC Full Data Monthly v2020 0.25deg (PSL)
kepahiang,2014,3,169.15,-3.625,102.625,GPCC Full Data Monthly v2020 0.25deg (PSL)
kepahiang,2014,4,427.66,-3.625,102.625,GPCC Full Data Monthly v2020 0.25deg (PSL)
kepahiang,2014,5,303.19,-3.625,102.625,GPCC Full Data Monthly v2020 0.25deg (PSL)
kepahiang,2014,6,62.42,-3.625,102.625,GPCC Full Data Monthly v2020 0.25deg (PSL)
kepahiang,2014,7,121.33,-3.625,102.625,GPCC Full Data Monthly v2020 0.25deg (PSL)
kepahiang,2014,8,288.02,-3.625,102.625,GPCC Full Data Monthly v2020 0.25deg (PSL)
kepahiang,2014,9,10.05,-3.625,102.625,GPCC Full Data Monthly v2020 0.25deg (PSL)
kepahiang,2014,10,82.31,-3.625,102.625,GPCC Full Data Monthly v2020 0.25deg (PSL)
kepahiang,2014,11,635.2,-3.625,102.625,GPCC Full Data Monthly v2020 0.25deg (PSL)
kepahiang,2014,12,336.46,-3.625,102.625,GPCC Full Data Monthly v2020 0.25deg (PSL)
kepahiang,2015,1,403.52,-3.625,102.625,GPCC Full Data Monthly v2020 0.25deg (PSL)
kepahiang,2015,2,329.51,-3.625,102.625,GPCC Full Data Monthly v2020 0.25deg (PSL)
kepahiang,2015,3,169.44,-3.625,102.625,GPCC Full Data Monthly v2020 0.25deg (PSL)
kepahiang,2015,4,365.1,-3.625,102.625,GPCC Full Data Monthly v2020 0.25deg (PSL)
kepahiang,2015,5,26.3,-3.625,102.625,GPCC Full Data Monthly v2020 0.25deg (PSL)
kepahiang,2015,6,117.17,-3.625,102.625,GPCC Full Data Monthly v2020 0.25deg (PSL)
kepahiang,2015,7,3.22,-3.625,102.625,GPCC Full Data Monthly v2020 0.25deg (PSL)
kepahiang,2015,8,107.55,-3.625,102.625,GPCC Full Data Monthly v2020 0.25deg (PSL)
kepahiang,2015,9,9.62,-3.625,102.625,GPCC Full Data Monthly v2020 0.25deg (PSL)
kepahiang,2015,10,0.0,-3.625,102.625,GPCC Full Data Monthly v2020 0.25deg (PSL)
kepahiang,2015,11,221.76,-3.625,102.625,GPCC Full Data Monthly v2020 0.25deg (PSL)
kepahiang,2015,12,486.31,-3.625,102.625,GPCC Full Data Monthly v2020 0.25deg (PSL)
kepahiang,2016,1,261.26,-3.625,102.625,GPCC Full Data Monthly v2020 0.25deg (PSL)
kepahiang,2016,2,396.0,-3.625,102.625,GPCC Full Data Monthly v2020 0.25deg (PSL)
kepahiang,2016,3,469.52,-3.625,102.625,GPCC Full Data Monthly v2020 0.25deg (PSL)
kepahiang,2016,4,215.59,-3.625,102.625,GPCC Full Data Monthly v2020 0.25deg (PSL)
kepahiang,2016,5,228.08,-3.625,102.625,GPCC Full Data Monthly v2020 0.25deg (PSL)
kepahiang,2016,6,66.87,-3.625,102.625,GPCC Full Data Monthly v2020 0.25deg (PSL)
kepahiang,2016,7,111.4,-3.625,102.625,GPCC Full Data Monthly v2020 0.25deg (PSL)
kepahiang,2016,8,425.1,-3.625,102.625,GPCC Full Data Monthly v2020 0.25deg (PSL)
kepahiang,2016,9,115.32,-3.625,102.625,GPCC Full Data Monthly v2020 0.25deg (PSL)
kepahiang,2016,10,230.58,-3.625,102.625,GPCC Full Data Monthly v2020 0.25deg (PSL)
kepahiang,2016,11,507.78,-3.625,102.625,GPCC Full Data Monthly v2020 0.25deg (PSL)
kepahiang,2016,12,288.63,-3.625,102.625,GPCC Full Data Monthly v2020 0.25deg (PSL)
kepahiang,2017,1,287.66,-3.625,102.625,GPCC Full Data Monthly v2020 0.25deg (PSL)
kepahiang,2017,2,440.13,-3.625,102.625,GPCC Full Data Monthly v2020 0.25deg (PSL)
kepahiang,2017,3,250.85,-3.625,102.625,GPCC Full Data Monthly v2020 0.25deg (PSL)
kepahiang,2017,4,266.2,-3.625,102.625,GPCC Full Data Monthly v2020 0.25deg (PSL)
kepahiang,2017,5,221.54,-3.625,102.625,GPCC Full Data Monthly v2020 0.25deg (PSL)
kepahiang,2017,6,119.27,-3.625,102.625,GPCC Full Data Monthly v2020 0.25deg (PSL)
kepahiang,2017,7,74.86,-3.625,102.625,GPCC Full Data Monthly v2020 0.25deg (PSL)
kepahiang,2017,8,220.49,-3.625,102.625,GPCC Full Data Monthly v2020 0.25deg (PSL)
kepahiang,2017,9,367.75,-3.625,102.625,GPCC Full Data Monthly v2020 0.25deg (PSL)
kepahiang,2017,10,219.94,-3.625,102.625,GPCC Full Data Monthly v2020 0.25deg (PSL)
kepahiang,2017,11,324.78,-3.625,102.625,GPCC Full Data Monthly v2020 0.25deg (PSL)
kepahiang,2017,12,340.72,-3.625,102.625,GPCC Full Data Monthly v2020 0.25deg (PSL)
kepahiang,2018,1,183.57,-3.625,102.625,GPCC Full Data Monthly v2020 0.25deg (PSL)
kepahiang,2018,2,220.11,-3.625,102.625,GPCC Full Data Monthly v2020 0.25deg (PSL)
kepahiang,2018,3,215.17,-3.625,102.625,GPCC Full Data Monthly v2020 0.25deg (PSL)
kepahiang,2018,4,244.15,-3.625,102.625,GPCC Full Data Monthly v2020 0.25deg (PSL)
kepahiang,2018,5,126.37,-3.625,102.625,GPCC Full Data Monthly v2020 0.25deg (PSL)
kepahiang,2018,6,155.07,-3.625,102.625,GPCC Full Data Monthly v2020 0.25deg (PSL)
kepahiang,2018,7,0.0,-3.625,102.625,GPCC Full Data Monthly v2020 0.25deg (PSL)
kepahiang,2018,8,266.97,-3.625,102.625,GPCC Full Data Monthly v2020 0.25deg (PSL)
kepahiang,2018,9,94.52,-3.625,102.625,GPCC Full Data Monthly v2020 0.25deg (PSL)
kepahiang,2018,10,220.27,-3.625,102.625,GPCC Full Data Monthly v2020 0.25deg (PSL)
kepahiang,2018,11,406.5,-3.625,102.625,GPCC Full Data Monthly v2020 0.25deg (PSL)
kepahiang,2018,12,483.1,-3.625,102.625,GPCC Full Data Monthly v2020 0.25deg (PSL)
kepahiang,2019,1,323.46,-3.625,102.625,GPCC Full Data Monthly v2020 0.25deg (PSL)
kepahiang,2019,2,149.51,-3.625,102.625,GPCC Full Data Monthly v2020 0.25deg (PSL)
kepahiang,2019,3,249.1,-3.625,102.625,GPCC Full Data Monthly v2020 0.25deg (PSL)
kepahiang,2019,4,279.52,-3.625,102.625,GPCC Full Data Monthly v2020 0.25deg (PSL)
kepahiang,2019,5,86.12,-3.625,102.625,GPCC Full Data Monthly v2020 0.25deg (PSL)
kepahiang,2019,6,96.6,-3.625,102.625,GPCC Full Data Monthly v2020 0.25deg (PSL)
kepahiang,2019,7,176.16,-3.625,102.625,GPCC Full Data Monthly v2020 0.25deg (PSL)
kepahiang,2019,8,0.0,-3.625,102.625,GPCC Full Data Monthly v2020 0.25deg (PSL)
kepahiang,2019,9,0.0,-3.625,102.625,GPCC Full Data Monthly v2020 0.25deg (PSL)
kepahiang,2019,10,0.0,-3.625,102.625,GPCC Full Data Monthly v2020 0.25deg (PSL)
kepahiang,2019,11,0.0,-3.625,102.625,GPCC Full Data Monthly v2020 0.25deg (PSL)
kepahiang,2019,12,284.73,-3.625,102.625,GPCC Full Data Monthly v2020 0.25deg (PSL)
