=== xl/worksheets/sheet1.xml (Tipo de Cambio Diario) ===
Banco Central de Honduras			
Subgerencia de Estudios Económicos		
		
Precio Promedio del Dólar de los Estados Unidos de América		
Serie Diaria 2000-2026		
(Lempiras por US$1.00)		
Fecha	Compra 1/	Venta
Enero 2/	14.536666666666669	14.717142857142855				
36528	14.5	14.68				
36529	14.5	14.69				
36530	14.51	14.69				
36531	14.51	14.69				
36532	14.51	14.7				
36535	14.51	14.69				
36536	14.51	14.69				
36537	14.53	14.71				
36538	14.54	14.71				
36539	14.54	14.71				
36542	14.54	14.72				
36543	14.54	14.71				
36544	14.55	14.74				
36545	14.55	14.73				
36546	14.55	14.73				
36549	14.55	14.73				
36550	14.55	14.73				
36551	14.57	14.75				
36552	14.57	14.75				
36553	14.57	14.75				
36556	14.57	14.76				
Febrero 2/	14.611699999999995	14.786999999999999				
36557	14.57	14.75				
36558	14.59	14.77				
36559	14.59	14.77				
36560	14.6	14.77				
36563	14.6	14.77				
36564	14.6	14.78				
36565	14.62	14.79				
36566	14.616	14.792				
36567	14.616	14.7844				
36570	14.615500000000001	14.790900000000001				
36571	14.6166	14.7919				
36572	14.6173	14.7867				
36573	14.6174	14.7896				
36574	14.6174	14.8004				
36577	14.617699999999999	14.7949				
36578	14.617800000000001	14.7989				
36579	14.624000000000001	14.7989				
36580	14.625400000000001	14.7927				
36581	14.6244	14.799099999999999				
36584	14.6251	14.8033				
36585	14.6251	14.8033				
Marzo 2/	14.65286956521739	14.825239130434785				
36586	14.629099999999999	14.8019				
36587	14.6296	14.8				
36588	14.629799999999999	14.805300000000001				
36591	14.629799999999999	14.8157				
36592	14.630100000000001	14.802300000000001				
36593	14.6462	14.8216				
36594	14.6455	14.8232				
36595	14.6469	14.818899999999999				
36598	14.646699999999999	14.8241				
36599	14.6454	14.8172				
36600	14.655900000000001	14.8283				
36601	14.6577	14.828099999999999				
36602	14.657500000000001	14.830299999999999				
36605	14.657999999999999	14.8307				
36606	14.657	14.8218				
36607	14.664199999999999	14.838100000000001				
36608	14.6655	14.8291				
36609	14.6648	14.8375				
36612	14.6655	14.838699999999999				
36613	14.665800000000001	14.833299999999999				
36614	14.674899999999999	14.8429				
36615	14.6751	14.845700000000001				
36616	14.675000000000001	14.845800000000001						
Abril 2/	14.695300000000001	14.871600000000003				
36619	14.6753	14.85				
36620	14.675700000000001	14.850300000000001				
36621	14.686199999999999	14.8596				
36622	14.686500000000001	14.860900000000001				
36623	14.6861	14.8551				
36626	14.6867	14.866199999999999				
36627	14.6869	14.8649				
36628	14.696899999999999	14.8651				
36629	14.697900000000001	14.869899999999999				
36633	14.698	14.872999999999999				
36634	14.6982	14.869300000000001				
36635	14.6981	14.871				
36640	14.709	14.9129				
36641	14.7088	14.9095				
36642	14.7102	14.882999999999999				
36643	14.7095	14.8847				
36644	14.710100000000001	14.8718				
Mayo 2/	14.761239130434785	14.940004347826086				
36647	14.790100000000001	14.963900000000001				
36648	14.726900000000001	14.9085				
36649	14.727399999999999	14.905099999999999				
36650	14.727600000000001	14.908300000000001				
36651	14.7277	14.9025				
36654	14.728	14.902100000000001				
36655	14.750500000000001	14.9367				
36656	14.7539	14.9339				
36657	14.7463	14.9276				
36658	14.7544	14.9374				
36661	14.7547	14.9336				
36662	14.7691	14.9518				
36663	14.7677	14.9459				
36664	14.7676	14.946999999999999				
36665	14.7677	14.936299999999999				
36668	14.7681	14.9598				
36669	14.78	14.962300000000001				
36670	14.7797	14.9483				
36671	14.7803	14.9481				
36672	14.7805	14.966100000000001				
36675	14.7806	14.961499999999999				
36676	14.7897	14.973699999999999				
36677	14.79	14.9597				
Junio 2/	14.796886363636366	14.97148181818182				
36678	14.790100000000001	14.963900000000001				
36679	14.7904	14.9605				
36682	14.7903	14.9726				
36683	14.7902	14.9725				
36684	14.7903	14.9687				
36685	14.790699999999999	14.9621				
36686	14.790800000000001	14.964499999999999				
36689	14.791	14.963699999999999				
36690	14.789400000000001	14.963100000000001				
36691	14.7898	14.9573				
36692	14.7898	14.9642				
36693	14.7902	14.965199999999999				
36696	14.7902	14.972799999999999				
36697	14.7973	14.967000000000001				
36698	14.797800000000001	14.9688				
36699	14.797700000000001	14.9719				
36700	14.797800000000001	14.967499999999999				
36703	14.7951	14.9703				
36704	14.8172	14.989699999999999				
36705	14.820600000000001	15.0015				
36706	14.82	14.9917				
36707	14.8148	14.9931				
Julio 2/	14.84987619047619	15.027819047619047				
36710	14.8154	14.9907				
36711	14.8606	15.026199999999999				
36712	14.833299999999999	15.0334				
36713	14.833399999999999	15.019600000000001				
36714	14.8337	15.0108				
36717	14.833600000000001	15.0099				
36718	14.8416	15.018700000000001				
36719	14.841799999999999	15.0146				
36720	14.84	15.022500000000001				
36721	14.841799999999999	15.0129				
36724	14.841699999999999	15.02				
36725	14.8529	15.0322				
36726	14.8538	15.028				
36727	14.8536	15.0242				
36728	14.853400000000001	15.04				
36731	14.853999999999999	15.0304				
36732	14.8729	15.046900000000001				
36733	14.8721	15.0517				
36734	14.873200000000001	15.0511				
36735	14.871700000000001	15.045				
36738	14.8729	15.055400000000001				
Agosto 2/	14.910673913043475	15.080834782608695				
36739	14.88	15.0555				
36740	14.881500000000001	15.0626				
36741	14.8811	15.051500000000001				
36742	14.8819	15.058199999999999				
36745	14.8818	15.059200000000001				
36746	14.900399999999999	15.0543				
36747	14.9009	15.053800000000001				
36748	14.900499999999999	15.067				
36749	14.8969	15.0694				
36752	14.901300000000001	15.075200000000001				
36753	14.9192	15.087400000000001				
36754	14.9201	15.0939				
36755	14.9192	15.0907				
36756	14.920199999999999	15.087199999999999				
36759	14.920400000000001	15.1035				
36760	14.922800000000001	15.1052				
36761	14.9155	15.0946				
36762	14.9224	15.0944				
36763	14.927300000000001	15.0913				
36766	14.928000000000001	15.0984				
36767	14.9413	15.097099999999999				
36768	14.941599999999999	15.105600000000001				
36769	14.9412	15.103199999999999				
Septiembre 2/	14.979130000000001	15.154284999999998				
36770	14.9419	15.1104				
36773	14.941800000000001	15.1121				
36774	14.9595	15.132300000000001				
36775	14.9604	15.1303				
36776	14.9605	15.1289				
36777	14.959	15.138299999999999				
36780	14.960900000000001	15.1389				
36781	14.972300000000001	15.1493				
36782	14.9739	15.146000000000001				
36783	14.973000000000001	15.1503				
36787	14.973699999999999	15.1503				
36788	14.9735	15.1532				
36789	14.999599999999999	15.1492				
36790	14.9999	15.1729				
36791	14.9979	15.178900000000001				
36794	15	15.1873				
36795	15.0001	15.1844				
36796	15.0105	15.1921				
36797	15.010199999999999	15.1898				
36798	15.013999999999999	15.190799999999999				
Octubre 2/	15.032550000000001	15.212450000000004				
36801	15.0146	15.2029				
36803	15.014699999999999	15.173299999999999				
36804	15.0143	15.1822				
36805	15.016	15.18				
36808	15.016299999999999	15.1799				
36809	15.0166	15.190799999999999				
36810	15.0167	15.2013				
36812	15.0299	15.214700000000001				
36815	15.030200000000001	15.214				
36816	15.030200000000001	15.207700000000001				
36817	15.0288	15.2141				
36818	15.0116	15.209				
36819	15.045400000000001	15.228899999999999				
36822	15.044700000000001	15.2281				
36823	15.0395	15.2263				
36824	15.0457	15.2212				
36825	15.0291	15.226599999999999				
36826	15.0688	15.249000000000001				
36829	15.0688	15.248799999999999				
36830	15.069100000000001	15.2502				
Noviembre 2/	15.087668181818181	15.26625454545454				
36831	15.069699999999999	15.2455				
36832	15.069699999999999	15.2456				
36833	15.085699999999999	15.261200000000001				
36836	15.068300000000001	15.267099999999999				
36837	15.085900000000001	15.267899999999999				
36838	15.084199999999999	15.2628				
36839	15.0852	15.262700000000001				
36840	15.084300000000001	15.250400000000001				
36843	15.063000000000001	15.2631				
36844	15.058299999999999	15.269299999999999				
36845	15.077999999999999	15.254799999999999				
36846	15.084899999999999	15.2582				
36847	15.096299999999999	15.2669				
36850	15.0966	15.2616				
36851	15.0968	15.2766				
36852	15.097300000000001	15.2729				
36853	15.085699999999999	15.2279				
36854	15.1105	15.2906				
36857	15.1119	15.2828				
36858	15.097899999999999	15.292199999999999				
36859	15.106400000000001	15.293799999999999				
36860	15.1121	15.2837				
Diciembre 2/	15.13007	15.3094				
36861	15.127700000000001	15.3085				
36864	15.1295	15.3003				
36865	15.118499999999999	15.3201				
36866	15.130699999999999	15.3081				
36867	15.130599999999999	15.3154				
36868	15.125500000000001	15.3033				
36871	15.1256	15.2981				
36872	15.1259	15.3034				
36873	15.1258	15.302199999999999				
36874	15.126200000000001	15.3056				
36875	15.130599999999999	15.2963				
36878	15.129	15.309900000000001				
36879	15.1304	15.3124				
36880	15.130800000000001	15.303900000000001				
36881	15.1311	15.3154				
36882	15.1394	15.315300000000001				
36886	15.1386	15.3127				
36887	15.1343	15.319000000000001				
36888	15.137700000000001	15.3161				
36889	15.1335	15.321999999999999				
Enero 2/	15.14614090909091	15.326159090909094				
36893	15.1311	15.305				
36894	15.1311	15.3195				
36895	15.131399999999999	15.2814				
36896	15.13	15.304				
36899	15.1175	15.3124				
36900	15.135400000000001	15.315799999999999				
36901	15.1355	15.312799999999999				
36902	15.135899999999999	15.308299999999999				
36903	15.136100000000001	15.3218				
36906	15.1364	15.316800000000001				
36907	15.1469	15.3217				
36908	15.147500000000001	15.3208				
36909	15.146800000000001	15.3118				
36910	15.1473	15.337899999999999				
36913	15.148199999999999	15.3238				
36914	15.163500000000001	15.3405				
36915	15.1639	15.3491				
36916	15.1454	15.3414				
36917	15.164	15.3462				
36920	15.1609	15.352499999999999				
36921	15.1812	15.368399999999999				
36922	15.1791	15.3636				
Febrero 2/	15.199184999999996	15.382760000000001				
36923	15.162800000000001	15.3591				
36924	15.180400000000001	15.373699999999999				
36927	15.167899999999999	15.3627				
36928	15.191599999999999	15.3805				
36929	15.1935	15.371700000000001				
36930	15.1935	15.3766				
36931	15.1922	15.378				
36934	15.1943	15.3742				
36935	15.195499999999999	15.3864				
36936	15.195399999999999	15.3728				
36937	15.195600000000001	15.3719				
36938	15.1957	15.37				
36941	15.196	15.3834				
36942	15.213699999999999	15.3995				
36943	15.214499999999999	15.3834				
36944	15.215	15.3916				
36945	15.2166	15.4039				
36948	15.216100000000001	15.3963				
36949	15.2265	15.4117				
36950	15.226900000000001	15.4078				
Marzo 2/	15.247909090909088	15.429236363636363				
36951	15.226900000000001	15.4077				
36952	15.227600000000001	15.4069				
36955	15.2278	15.4145				
36956	15.234500000000001	15.400399999999999				
36957	15.235900000000001	15.416399999999999				
36958	15.235799999999999	15.4171				
36959	15.2363	15.4171				
36963	15.234500000000001	15.4207				
36964	15.2386	15.4217				
36965	15.2392	15.4185				
36966	15.2393	15.4092				
36967	15.2394	15.429500000000001				
36969	15.239699999999999	15.4316				
36970	15.255800000000001	15.444900000000001				
36971	15.256600000000001	15.429399999999999				
36972	15.255800000000001	15.437200000000001				
36973	15.2569	15.427099999999999				
36976	15.2569	15.4451				
36977	15.276999999999999	15.4648				
36978	15.2761	15.465299999999999				
36979	15.2811	15.452199999999999				
36980	15.282299999999999	15.4659				
Abril 2/	15.310315789473686	15.49106315789474				
36983	15.282299999999999	15.471399999999999				
36984	15.292899999999999	15.4618				
36985	15.2963	15.476699999999999				
36986	15.296200000000001	15.4811				
36987	15.295999999999999	15.4779				
36990	15.2966	15.4732				
36991	15.315899999999999	15.516500000000001				
36992	15.309699999999999	15.4839				
36997	15.3086	15.5				
36998	15.310600000000001	15.5151				
36999	15.311299999999999	15.4712				
37000	15.316599999999999	15.503299999999999				
37001	15.3165	15.4739				
37004	15.316800000000001	15.4975				
37005	15.317	15.493399999999999				
37006	15.3171	15.4978				
37007	15.3315	15.5161				
37008	15.332000000000001	15.5129				
37011	15.332100000000001	15.506500000000001				
Mayo 2/	15.365813636363635	15.544763636363633				
37013	15.332700000000001	15.5243				
37014	15.3323	15.5146				
37015	15.3544	15.5207				
37018	15.352	15.538399999999999				
37019	15.3536	15.5398				
37020	15.354699999999999	15.538				
37021	15.354900000000001	15.5131				
37022	15.359299999999999	15.545400000000001				
37025	15.359500000000001	15.5426				
37026	15.359	15.5549				
37027	15.359500000000001	15.5206				
37028	15.3604	15.541700000000001				
37029	15.376099999999999	15.561				
37032	15.3764	15.554399999999999				
37033	15.3765	15.537100000000001				
37034	15.376300000000001	15.555899999999999				
37035	15.376899999999999	15.5548				
37036	15.386200000000001	15.560600000000001				
37039	15.3865	15.5709				
37040	15.3866	15.5723				
37041	15.386900000000001	15.5623				
37042	15.3872	15.561400000000001				
Junio 2/	15.430485714285716	15.614957142857142				
37043	15.410299999999999	15.5969				
37046	15.4101	15.5909				
37047	15.410399999999999	15.5989				
37048	15.410299999999999	15.5898				
37049	15.408300000000001	15.5985				
37050	15.42	15.6076				
37053	15.423	15.6099				
37054	15.423	15.6127				
37055	15.416499999999999	15.605600000000001				
37056	15.423500000000001	15.589700000000001				
37057	15.4384	15.616400000000001				
37060	15.4344	15.6312				
37061	15.438700000000001	15.6341				
37062	15.4389	15.607799999999999				
37063	15.439299999999999	15.622999999999999				
37064	15.4459	15.6281				
37067	15.4459	15.6335				
37068	15.4476	15.6333				
37069	15.446999999999999	15.6271				
37070	15.4472	15.632099999999999				
37071	15.461499999999999	15.647				
Julio 2/	15.488504761904764	15.67269047619048				
37075	15.4605	15.654999999999999				
37076	15.4603	15.647399999999999				
37077	15.4617	15.6526				
37078	15.4831	15.666700000000001				
37081	15.480399999999999	15.668699999999999				
37082	15.479200000000001	15.6694				
37083	15.480600000000001	15.6669				
37084	15.478300000000001	15.674099999999999				
37085	15.488899999999999	15.678699999999999				
37088	15.493399999999999	15.669				
37089	15.4956	15.6755				
37090	15.494400000000001	15.6791				
37091	15.496600000000001	15.680099999999999				
37092	15.500299999999999	15.673999999999999				
37095	15.499599999999999	15.688700000000001				
37096	15.5008	15.6792				
37097	15.4999	15.676600000000001				
37098	15.4963	15.675000000000001				
37099	15.502700000000001	15.687200000000001				
37102	15.5029	15.6813				
37103	15.5031	15.6813				
Agosto 2/	15.524452173913044	15.707995652173912				
37104	15.5031	15.6813				
37105	15.5038	15.693899999999999				
37106	15.5138	15.6967				
37109	15.513	15.698499999999999				
37110	15.5131	15.7035				
37111	15.5143	15.699199999999999				
37112	15.5146	15.6973				
37113	15.5236	15.7142				
37116	15.521800000000001	15.7019				
37117	15.523899999999999	15.706099999999999				
37118	15.524100000000001	15.696				
37119	15.521800000000001	15.693099999999999				
37120	15.532	15.710800000000001				
37123	15.5313	15.7094				
37124	15.532400000000001	15.7324				
37125	15.5327	15.7219				
37126	15.521599999999999	15.7203				
37127	15.534599999999999	15.722099999999999				
37130	15.5349	15.7113				
37131	15.5351	15.722				
37132	15.5349	15.710699999999999				
37133	15.535500000000001	15.7173				
37134	15.5465	15.724				
Septiembre 2/	15.588605000000001	15.765010000000004				
37137	15.548299999999999	15.7399				
37138	15.548500000000001	15.7407				
37139	15.543200000000001	15.726100000000001				
37140	15.548500000000001	15.7273				
37141	15.5749	15.7674				
37144	15.570499999999999	15.765000000000001				
37145	15.574999999999999	15.756500000000001				
37146	15.5745	15.7498				
37147	15.576000000000001	15.746				
37148	15.6037	15.772600000000001				
37151	15.6022	15.766500000000001				
37152	15.5989	15.7651				
37153	15.601599999999999	15.779400000000001				
37154	15.5977	15.767899999999999				
37155	15.6128	15.776899999999999				
37158	15.612399999999999	15.7814				
37159	15.6129	15.779199999999999				
37160	15.613799999999999	15.7735				
37161	15.614599999999999	15.787100000000001				
37162	15.642099999999999	15.831899999999999				
Octubre 2/	15.683689999999999	15.85787				
37165	15.633599999999999	15.7834				
37166	15.6374	15.8193				
37168	15.637	15.8085				
37169	15.638	15.793200000000001				
37172	15.6646	15.849				
37173	15.6676	15.8361				
37174	15.665699999999999	15.834199999999999				
37175	15.6677	15.839				
37179	15.668100000000001	15.838699999999999				
37180	15.6858	15.875500000000001				
37181	15.6952	15.8528				
37182	15.696099999999999	15.8619				
37183	15.694800000000001	15.870200000000001				
37187	15.693099999999999	15.8748				
37188	15.7256	15.8988				
37189	15.7277	15.8947				
37190	15.727499999999999	15.898999999999999				
37193	15.726699999999999	15.8992				
37194	15.724399999999999	15.911799999999999				
37195	15.6972	15.917299999999999				
Noviembre 2/	15.797652380952384	15.973861904761904				
37196	15.752700000000001	15.924099999999999				
37197	15.7616	15.939399999999999				
37200	15.757999999999999	15.938599999999999				
37201	15.7638	15.932399999999999				
37202	15.782500000000001	15.9429				
37203	15.780799999999999	15.947100000000001				
37204	15.7811	15.9544				
37207	15.7829	15.962199999999999				
37208	15.783300000000001	15.9679				
37209	15.7956	15.956799999999999				
37210	15.8003	15.9922				
37211	15.8004	15.9817				
37214	15.7982	15.974				
37215	15.8009	15.988799999999999				
37216	15.8146	16.002800000000001				
37217	15.827999999999999	15.9918				
37218	15.821400000000001	16.003399999999999				
37222	15.829000000000001	15.987				
37223	15.829499999999999	16.011099999999999				
37224	15.8367	16.011900000000001				
37225	15.849399999999999	16.040600000000001				
Diciembre 2/	15.880210000000002	16.049609999999998				
37228	15.851000000000001	16.034300000000002				
37229	15.850899999999999	16.024000000000001				
37230	15.850300000000001	16.0183				
37231	15.8695	16.031500000000001				
37232	15.8644	16.040900000000001				
37235	15.8697	16.044699999999999				
37236	15.867800000000001	16.044499999999999				
37237	15.870699999999999	16.039899999999999				
37238	15.8848	16.055199999999999				
37239	15.882999999999999	16.067299999999999				
37242	15.885300000000001	16.047799999999999				
37243	15.8851	16.063700000000001				
37244	15.885999999999999	16.044599999999999				
37245	15.8902	16.057300000000001				
37246	15.891299999999999	16.0838				
37249	15.891400000000001	16.055				
37251	15.8917	16.0489				
37252	15.8912	16.040900000000001				
37253	15.9168	16.072099999999999				
37256	15.9131	16.077500000000001				
Enero 2/	15.970340909090909	16.132072727272728				
37258	15.9131	16.077500000000001				
37259	15.918900000000001	16.062899999999999				
37260	15.915100000000001	16.082699999999999				
37263	15.9193	16.087599999999998				
37264	15.943899999999999	16.119299999999999				
37265	15.948399999999999	16.111799999999999				
37266	15.9483	16.113299999999999				
37267	15.949	16.101900000000001				
37270	15.947699999999999	16.111499999999999				
37271	15.9635	16.146999999999998				
37272	15.9726	16.136900000000001				
37273	15.9748	16.127700000000001				
37274	15.9763	16.131				
37277	15.975199999999999	16.1297				
37278	15.998200000000001	16.1648				
37279	16.003	16.148299999999999				
37280	15.9994	16.158300000000001				
37281	16.0032	16.158999999999999				
37284	16.003599999999999	16.160900000000002				
37285	16.023900000000001	16.203499999999998				
37286	16.0246	16.179600000000001				
37287	16.025500000000001	16.1904				
Febrero 2/	16.072260000000004	16.245989999999999				
37288	16.021000000000001	16.1904				
37291	16.026	16.1936				
37292	16.053999999999998	16.217300000000002				
37293	16.056100000000001	16.237100000000002				
37294	16.0534	16.218900000000001				
37295	16.0564	16.229299999999999				
37298	16.0566	16.221299999999999				
37299	16.073799999999999	16.271599999999999				
37300	16.068999999999999	16.241900000000001				
37301	16.074400000000001	16.245699999999999				
37302	16.0763	16.2516				
37305	16.0764	16.2454				
37306	16.085899999999999	16.266999999999999				
37307	16.084299999999999	16.260300000000001				
37308	16.0867	16.2637				
37309	16.0867	16.261900000000001				
37312	16.085599999999999	16.260999999999999				
37313	16.1066	16.282699999999998				
37314	16.107800000000001	16.276199999999999				
37315	16.1082	16.282900000000001				
Marzo 2/	16.151873684210525	16.324836842105267				
37316	16.109200000000001	16.2803				
37319	16.109400000000001	16.2819				
37320	16.129300000000001	16.318999999999999				
37321	16.133500000000002	16.310300000000002				
37322	16.130500000000001	16.2973				
37323	16.134399999999999	16.303100000000001				
37326	16.133800000000001	16.309899999999999				
37327	16.1538	16.321999999999999				
37328	16.1495	16.329000000000001				
37329	16.1554	16.309799999999999				
37330	16.155799999999999	16.3201				
37333	16.155999999999999	16.342199999999998				
37334	16.167400000000001	16.357600000000001				
37335	16.172999999999998	16.3383				
37336	16.170400000000001	16.3368				
37337	16.173100000000002	16.339700000000001				
37340	16.172599999999999	16.361799999999999				
37341	16.187999999999999	16.349				
37342	16.1905	16.363800000000001				
Abril 2/	16.227971428571429	16.404085714285717				
37347	16.1875	16.3508				
37348	16.190200000000001	16.374500000000001				
37349	16.190999999999999	16.3553				
37350	16.203499999999998	16.379899999999999				
37351	16.21	16.387599999999999				
37354	16.2102	16.3901				
37355	16.2102	16.397500000000001				
37356	16.208500000000001	16.388500000000001				
37357	16.226199999999999	16.4284				
37358	16.2288	16.412600000000001				
37362	16.227	16.4101				
37363	16.229099999999999	16.391200000000001				
37364	16.229299999999999	16.401900000000001				
37365	16.248200000000001	16.410299999999999				
37368	16.248699999999999	16.432300000000001				
37369	16.2471	16.4297				
37370	16.247199999999999	16.426400000000001				
37371	16.251200000000001	16.415900000000001				
37372	16.262799999999999	16.4285				
37375	16.265599999999999	16.4329				
37376	16.2651	16.441400000000002				
Mayo 2/	16.305340909090912	16.480781818181818				
37378	16.2651	16.4392				
37379	16.265899999999998	16.4419				
37382	16.276399999999999	16.460799999999999				
37383	16.281300000000002	16.462199999999999				
37384	16.278400000000001	16.4618				
37385	16.2821	16.455200000000001				
37386	16.282800000000002	16.457999999999998				
37389	16.294599999999999	16.479500000000002				
37390	16.2971	16.505700000000001				
37391	16.296700000000001	16.4605				
37392	16.2974	16.465699999999998				
37393	16.298100000000002	16.4574				
37396	16.319600000000001	16.4968				
37397	16.3186	16.483799999999999				
37398	16.322500000000002	16.502099999999999				
37399	16.322800000000001	16.492799999999999				
37400	16.324000000000002	16.4907				
37403	16.336400000000001	16.519400000000001				
37404	16.337800000000001	16.5243				
37405	16.34	16.503299999999999				
37406	16.339400000000001	16.5063				
37407	16.340499999999999	16.509799999999998				
Junio 2/	16.394314999999999	16.573970000000003				
37410	16.360499999999998	16.5489				
37411	16.366499999999998	16.558900000000001				
37412	16.366599999999998	16.533999999999999				
37413	16.368300000000001	16.5413				
37414	16.366099999999999	16.536200000000001				
37417	16.380800000000001	16.5669				
37418	16.379000000000001	16.569900000000001				
37419	16.379000000000001	16.543199999999999				
37420	16.380500000000001	16.566800000000001				
37421	16.381399999999999	16.5685				
37424	16.402200000000001	16.576899999999998				
37425	16.405100000000001	16.587800000000001				
37426	16.406099999999999	16.578800000000001				
37427	16.4055	16.5791				
37428	16.405899999999999	16.589500000000001				
37431	16.4252	16.6189				
37432	16.426500000000001	16.611999999999998				
37433	16.427499999999998	16.602599999999999				
37434	16.425699999999999	16.601700000000001				
37435	16.427900000000001	16.5975				
Julio 2/	16.466247826086953	16.642734782608695				
37438	16.438600000000001	16.602799999999998				
37439	16.439	16.620699999999999				
37440	16.438199999999998	16.613199999999999				
37441	16.440300000000001	16.613499999999998				
37442	16.4405	16.635899999999999				
37445	16.450299999999999	16.621600000000001				
37446	16.448699999999999	16.613099999999999				
37447	16.450700000000001	16.617000000000001				
37448	16.4511	16.626100000000001				
37449	16.4511	16.627500000000001				
37452	16.4697	16.6556				
37453	16.471599999999999	16.652999999999999				
37454	16.471699999999998	16.628599999999999				
37455	16.472200000000001	16.640499999999999				
37456	16.470700000000001	16.650200000000002				
37459	16.484400000000001	16.654399999999999				
37460	16.483799999999999	16.660900000000002				
37461	16.482099999999999	16.6587				
37462	16.485299999999999	16.671600000000002				
37463	16.484999999999999	16.667100000000001				
37466	16.498799999999999	16.6905				
37467	16.4998	16.674199999999999				
37468	16.5001	16.686199999999999				
Agosto 2/	16.547445454545453	16.731040909090908				
37469	16.500399999999999	16.6814				
37470	16.5002	16.6846				
37473	16.5213	16.697299999999998				
37474	16.520600000000002	16.720400000000001				
37475	16.521899999999999	16.710599999999999				
37476	16.522099999999998	16.716000000000001				
37477	16.522300000000001	16.709800000000001				
37480	16.543700000000001	16.709800000000001				
37481	16.540299999999998	16.7196				
37482	16.540800000000001	16.722899999999999				
37483	16.543600000000001	16.7347				
37484	16.5441	16.735800000000001				
37487	16.564900000000002	16.743300000000001				
37488	16.561499999999999	16.741700000000002				
37489	16.563199999999998	16.753399999999999				
37490	16.5654	16.749099999999999				
37491	16.562999999999999	16.754000000000001				
37494	16.580500000000001	16.752300000000002				
37495	16.5808	16.7712				
37496	16.581	16.7546				
37497	16.5809	16.762599999999999				
37498	16.581299999999999	16.7578				
Septiembre 2/	16.639245000000003	16.824825000000001				
37501	16.606999999999999	16.7866				
37502	16.610199999999999	16.792100000000001				
37503	16.610499999999998	16.788499999999999				
37504	16.610499999999998	16.784600000000001				
37505	16.611000000000001	16.8078				
37508	16.624199999999998	16.788900000000002				
37509	16.626100000000001	16.812999999999999				
37510	16.626999999999999	16.828099999999999				
37511	16.6188	16.8217				
37512	16.627700000000001	16.828099999999999				
37516	16.6509	16.833400000000001				
37517	16.651299999999999	16.824100000000001				
37518	16.650099999999998	16.830100000000002				
37519	16.650700000000001	16.8306				
37522	16.651700000000002	16.838699999999999				
37523	16.671199999999999	16.8551				
37524	16.6709	16.841899999999999				
37525	16.672000000000001	16.864000000000001				
37526	16.670000000000002	16.862300000000001				
37529	16.673100000000002	16.876899999999999				
Octubre 2/	16.726523809523808	16.925461904761907				
37530	16.6906	16.8765				
37531	16.692599999999999	16.8919				
37533	16.692399999999999	16.886700000000001				
37536	16.693200000000001	16.904199999999999				
37537	16.6935	16.896000000000001				
37538	16.710999999999999	16.910599999999999				
37539	16.712199999999999	16.913799999999998				
37540	16.712199999999999	16.915500000000002				
37543	16.711600000000001	16.909600000000001				
37544	16.712800000000001	16.916699999999999				
37545	16.734300000000001	16.931699999999999				
37546	16.7347	16.920100000000001				
37547	16.7347	16.925599999999999				
37551	16.734999999999999	16.9375				
37552	16.735299999999999	16.942499999999999				
37553	16.755299999999998	16.9514				
37554	16.756599999999999	16.963699999999999				
37557	16.757300000000001	16.959700000000002				
37558	16.757400000000001	16.9511				
37559	16.7576	16.957599999999999				
37560	16.776700000000002	16.972300000000001				
Noviembre 2/	16.800504761904762	16.996223809523809				
37561	16.777799999999999	16.9846				
37564	16.777699999999999	16.9754				
37565	16.7743	16.9739				
37566	16.778199999999998	16.977699999999999				
37567	16.7897	16.979199999999999				
37568	16.790299999999998	16.989999999999998				
37571	16.790600000000001	16.9924				
37572	16.7911	16.989899999999999				
37573	16.791399999999999	17.000499999999999				
37574	16.8003	16.988600000000002				
37575	16.800899999999999	16.993300000000001				
37578	16.8003	17.0032				
37579	16.800999999999998	17.008500000000002				
37580	16.801600000000001	17.010999999999999				
37581	16.812799999999999	16.994299999999999				
37582	16.813300000000002	17.0032				
37585	16.813700000000001	17.000299999999999				
37586	16.8141	16.990600000000001				
37587	16.814	17.026199999999999				
37588	16.837800000000001	17.0199				
37589	16.839700000000001	17.018000000000001				
Diciembre 2/	16.88178095238095	17.068338095238094				
37592	16.840399999999999	17.031300000000002				
37593	16.840800000000002	17.011900000000001				
37594	16.8401	17.022500000000001				
37595	16.863299999999999	17.049600000000002				
37596	16.863800000000001	17.036799999999999				
37599	16.8628	17.0578				
37600	16.864000000000001	17.069099999999999				
37601	16.8644	17.049099999999999				
37602	16.881499999999999	17.069500000000001				
37603	16.882300000000001	17.075399999999998				
37606	16.8825	17.089099999999998				
37607	16.882400000000001	17.040600000000001				
37608	16.882899999999999	17.071000000000002				
37609	16.900099999999998	17.0685				
37610	16.900200000000002	17.074000000000002				
37613	16.900500000000001	17.089300000000001				
37614	16.900400000000001	17.065300000000001				
37616	16.901	17.0809				
37617	16.9194	17.113				
37620	16.921299999999999	17.122299999999999				
37621	16.923300000000001	17.148099999999999				
Enero 2/	16.963509090909088	17.15261818181818				
37623	16.923300000000001	17.111599999999999				
37624	16.923300000000001	17.114100000000001				
37627	16.9236	17.110399999999998				
37628	16.940200000000001	17.115500000000001				
37629	16.940200000000001	17.145900000000001				
37630	16.9405	17.131799999999998				
37631	16.9407	17.1479				
37634	16.940799999999999	17.130099999999999				
37635	16.9633	17.1556				
37636	16.964300000000001	17.147400000000001				
37637	16.965199999999999	17.138000000000002				
37638	16.964700000000001	17.156400000000001				
37641	16.965599999999998	17.147300000000001				
37642	16.981100000000001	17.164200000000001				
37643	16.9833	17.1797				
37644	16.983799999999999	17.171199999999999				
37645	16.983899999999998	17.172699999999999				
37648	16.984000000000002	17.186299999999999				
37649	16.9955	17.171500000000002				
37650	16.996700000000001	17.188099999999999				
37651	16.996600000000001	17.1814				
37652	16.996600000000001	17.1905				
Febrero 2/	17.037275000000001	17.232430000000001				
37655	16.997399999999999	17.204000000000001				
37656	17.0124	17.215900000000001				
37657	17.014700000000001	17.2166				
37658	17.016200000000001	17.221699999999998				
37659	17.015999999999998	17.227599999999999				
37662	17.0166	17.2193				
37663	17.035399999999999	17.2408				
37664	17.0352	17.226500000000001				
37665	17.036000000000001	17.219799999999999				
37666	17.0366	17.2224				
37669	17.036999999999999	17.2255				
37670	17.047699999999999	17.244700000000002				
37671	17.049099999999999	17.241599999999998				
37672	17.049600000000002	17.216699999999999				
37673	17.049700000000001	17.249500000000001				
37676	17.049900000000001	17.235299999999999				
37677	17.059799999999999	17.2498				
37678	17.061199999999999	17.249600000000001				
37679	17.0624	17.244599999999998				
37680	17.0626	17.276700000000002				
Marzo 2/	17.107623809523808	17.305033333333334				
37683	17.0627	17.2653				
37684	17.0839	17.2866				
37685	17.084399999999999	17.278400000000001				
37686	17.0837	17.280799999999999				
37687	17.0855	17.290900000000001				
37690	17.067799999999998	17.285299999999999				
37691	17.1023	17.302700000000002				
37692	17.102900000000002	17.303000000000001				
37693	17.103300000000001	17.296600000000002				
37694	17.104099999999999	17.297499999999999				
37697	17.104500000000002	17.303100000000001				
37698	17.113	17.323599999999999				
37699	17.113399999999999	17.300999999999998				
37700	17.113399999999999	17.307400000000001				
37701	17.114100000000001	17.317				
37704	17.1142	17.322700000000001				
37705	17.139900000000001	17.314				
37706	17.1403	17.3462				
37707	17.142099999999999	17.337700000000002				
37708	17.142299999999999	17.326499999999999				
37711	17.142299999999999	17.319400000000002				
Abril 2/	17.184673684210527	17.381231578947371				
37712	17.1602	17.359400000000001				
37713	17.164100000000001	17.343699999999998				
37714	17.165299999999998	17.354500000000002				
37715	17.164899999999999	17.3596				
37718	17.165600000000001	17.376999999999999				
37719	17.174499999999998	17.348700000000001				
37720	17.1752	17.3674				
37721	17.175999999999998	17.370100000000001				
37722	17.1754	17.3735				
37726	17.176200000000001	17.382300000000001				
37727	17.192900000000002	17.387				
37732	17.195799999999998	17.4039				
37733	17.1953	17.410299999999999				
37734	17.197800000000001	17.4011				
37735	17.1983	17.409700000000001				
37736	17.206700000000001	17.400300000000001				
37739	17.208300000000001	17.394200000000001				
37740	17.208100000000002	17.4085				
37741	17.208200000000001	17.392199999999999				
Mayo 2/	17.233776190476185	17.430152380952382				
37743	17.208500000000001	17.420400000000001				
37746	17.216899999999999	17.422000000000001				
37747	17.219799999999999	17.420000000000002				
37748	17.219200000000001	17.427099999999999				
37749	17.2197	17.438300000000002				
37750	17.22	17.418299999999999				
37753	17.229600000000001	17.427				
37754	17.229399999999998	17.429600000000001				
37755	17.2301	17.4328				
37756	17.2302	17.43				
37757	17.2302	17.436199999999999				
37760	17.2379	17.438500000000001				
37761	17.238499999999998	17.423300000000001				
37762	17.238299999999999	17.423500000000001				
37763	17.238700000000001	17.434000000000001				
37764	17.239000000000001	17.43				
37767	17.250499999999999	17.441700000000001				
37768	17.2529	17.437799999999999				
37769	17.253	17.426400000000001				
37770	17.253399999999999	17.434100000000001				
37771	17.253499999999999	17.4422				
Junio 2/	17.294395238095234	17.490542857142852				
37774	17.264500000000002	17.456800000000001				
37775	17.265499999999999	17.458500000000001				
37776	17.265699999999999	17.453299999999999				
37777	17.265899999999998	17.443899999999999				
37778	17.265799999999999	17.453199999999999				
37781	17.283899999999999	17.482800000000001				
37782	17.2849	17.4831				
37783	17.2852	17.478999999999999				
37784	17.286000000000001	17.481400000000001				
37785	17.286100000000001	17.495799999999999				
37788	17.299900000000001	17.506699999999999				
37789	17.300999999999998	17.521899999999999				
37790	17.302099999999999	17.491199999999999				
37791	17.300999999999998	17.506699999999999				
37792	17.302199999999999	17.499199999999998				
37795	17.315300000000001	17.517499999999998				
37796	17.317	17.510000000000002				
37797	17.316800000000001	17.5062				
37798	17.317699999999999	17.5152				
37799	17.317799999999998	17.5044				
37802	17.338000000000001	17.534600000000001				
Julio 2/	17.376978260869567	17.563334782608695				
37803	17.338200000000001	17.518999999999998				
37804	17.3384	17.528700000000001				
37805	17.339500000000001	17.518699999999999				
37806	17.339600000000001	17.538499999999999				
37809	17.357700000000001	17.546900000000001				
37810	17.358000000000001	17.553799999999999				
37811	17.3599	17.5566				
37812	17.3599	17.558800000000002				
37813	17.360199999999999	17.563199999999998				
37816	17.3766	17.576000000000001				
37817	17.3767	17.576000000000001				
37818	17.377099999999999	17.567900000000002				
37819	17.376100000000001	17.5672				
37820	17.376999999999999	17.571300000000001				
37823	17.3931	17.581299999999999				
37824	17.393599999999999	17.537099999999999				
37825	17.394200000000001	17.574300000000001				
37826	17.394300000000001	17.5641				
37827	17.395099999999999	17.569700000000001				
37830	17.414100000000001	17.592199999999998				
37831	17.416399999999999	17.585999999999999				
37832	17.417300000000001	17.598299999999998				
37833	17.4175	17.6111				
Agosto 2/	17.454047619047621	17.649809523809527				
37834	17.417400000000001	17.6051				
37837	17.427800000000001	17.6084				
37838	17.4282	17.6204				
37839	17.428799999999999	17.627600000000001				
37840	17.425899999999999	17.629300000000001				
37841	17.428999999999998	17.630700000000001				
37844	17.447199999999999	17.641400000000001				
37845	17.446899999999999	17.6708				
37846	17.449400000000001	17.654199999999999				
37847	17.4499	17.652799999999999				
37848	17.450700000000001	17.638200000000001				
37851	17.462700000000002	17.6571				
37852	17.463200000000001	17.659500000000001				
37853	17.463699999999999	17.662800000000001				
37854	17.463999999999999	17.6541				
37855	17.463899999999999	17.6555				
37858	17.481400000000001	17.667999999999999				
37859	17.482700000000001	17.677399999999999				
37860	17.484000000000002	17.668600000000001				
37861	17.484100000000002	17.684699999999999				
37862	17.484100000000002	17.679400000000001				
Septiembre 2/	17.533352380952383	17.726566666666667				
37865	17.5044	17.688800000000001				
37866	17.506900000000002	17.692599999999999				
37867	17.507400000000001	17.698399999999999				
37868	17.506599999999999	17.714600000000001				
37869	17.5077	17.705400000000001				
37872	17.5242	17.7178				
37873	17.523299999999999	17.714200000000002				
37874	17.524899999999999	17.7225				
37875	17.5258	17.713999999999999				
37876	17.5261	17.727799999999998				
37880	17.540299999999998	17.735499999999998				
37881	17.541	17.738299999999999				
37882	17.541	17.7376				
37883	17.541899999999998	17.733799999999999				
37886	17.542000000000002	17.740400000000001				
37887	17.5535	17.757000000000001				
37888	17.5547	17.748699999999999				
37889	17.5549	17.750399999999999				
37890	17.5547	17.737200000000001				
37893	17.555299999999999	17.742000000000001				
37894	17.563800000000001	17.7409				
Octubre 2/	17.595795454545456	17.797268181818183				
37895	17.563700000000001	17.766100000000002				
37896	17.5641	17.765899999999998				
37897	17.5641	17.760400000000001				
37901	17.564599999999999	17.762799999999999				
37902	17.5778	17.786799999999999				
37903	17.5764	17.777999999999999				
37904	17.5779	17.776199999999999				
37907	17.577300000000001	17.7852				
37908	17.578299999999999	17.775700000000001				
37909	17.598099999999999	17.793299999999999				
37910	17.5992	17.792999999999999				
37911	17.600200000000001	17.805199999999999				
37914	17.600300000000001	17.799199999999999				
37915	17.596399999999999	17.815000000000001				
37916	17.611499999999999	17.810099999999998				
37917	17.6129	17.824300000000001				
37918	17.613399999999999	17.813300000000002				
37921	17.6129	17.8109				
37922	17.613800000000001	17.825299999999999				
37923	17.633199999999999	17.8276				
37924	17.635300000000001	17.832599999999999				
37925	17.636099999999999	17.832999999999998				
Noviembre 2/	17.672020000000003	17.875805				
37928	17.6357	17.8339				
37929	17.636700000000001	17.848600000000001				
37930	17.653400000000001	17.8504				
37931	17.653700000000001	17.861000000000001				
37932	17.6541	17.860199999999999				
37935	17.654199999999999	17.862100000000002				
37936	17.654800000000002	17.866299999999999				
37937	17.6738	17.8751				
37938	17.673100000000002	17.873200000000001				
37939	17.674700000000001	17.878799999999998				
37942	17.674700000000001	17.884499999999999				
37943	17.6661	17.8733				
37944	17.690999999999999	17.886199999999999				
37945	17.689699999999998	17.8977				
37946	17.687100000000001	17.916899999999998				
37949	17.691700000000001	17.901299999999999				
37950	17.692399999999999	17.8813				
37951	17.694400000000002	17.8827				
37952	17.694500000000001	17.895				
37953	17.694600000000001	17.887599999999999				
Diciembre 2/	17.726768181818183	17.930218181818177				
37956	17.694700000000001	17.8918				
37957	17.694900000000001	17.909300000000002				
37958	17.712	17.903700000000001				
37959	17.711099999999998	17.919799999999999				
37960	17.712599999999998	17.9101				
37963	17.713000000000001	17.9087				
37964	17.7134	17.914200000000001				
37965	17.7255	17.923200000000001				
37966	17.725899999999999	17.9238				
37967	17.7258	17.925999999999998				
37970	17.7258	17.918299999999999				
37971	17.725999999999999	17.922799999999999				
37972	17.7348	17.933399999999999				
37973	17.7349	17.932200000000002				
37974	17.734500000000001	17.947900000000001				
37977	17.735099999999999	17.9421				
37978	17.735600000000002	17.948				
37979	17.7471	17.953199999999999				
37981	17.745000000000001	17.960599999999999				
37984	17.7455	17.947600000000001				
37985	17.747599999999998	17.941600000000001				
37986	17.748100000000001	17.986499999999999				
Enero 2/	17.783009523809522	17.978023809523808				
37988	17.748200000000001	17.9436				
37991	17.759	17.9602				
37992	17.759599999999999	17.9543				
37993	17.759699999999999	17.9575				
37994	17.760000000000002	17.9556				
37995	17.760400000000001	17.950199999999999				
37998	17.773199999999999	17.956199999999999				
37999	17.773299999999999	17.960899999999999				
38000	17.773599999999998	17.964300000000001				
38001	17.771999999999998	17.963000000000001				
38002	17.773399999999999	17.970099999999999				
38005	17.791	17.962199999999999				
38006	17.7896	17.978200000000001				
38007	17.791399999999999	17.9922				
38008	17.783100000000001	17.986899999999999				
38009	17.7912	17.995100000000001				
38012	17.816600000000001	18.0123				
38013	17.815999999999999	18.014399999999998				
38014	17.817399999999999	18.009799999999998				
38015	17.8169	18.021599999999999				
38016	17.817599999999999	18.029900000000001				
Febrero 2/	17.857345000000002	18.058465000000002				
38019	17.834299999999999	18.0412				
38020	17.834399999999999	18.039899999999999				
38021	17.8353	18.026499999999999				
38022	17.834900000000001	18.025600000000001				
38023	17.835100000000001	18.033899999999999				
38026	17.851900000000001	18.051600000000001				
38027	17.851700000000001	18.066600000000001				
38028	17.852499999999999	18.057700000000001				
38029	17.852499999999999	18.0624				
38030	17.852799999999998	18.048999999999999				
38033	17.862200000000001	18.0548				
38034	17.863499999999998	18.073799999999999				
38035	17.8642	18.056100000000001				
38036	17.864000000000001	18.073699999999999				
38037	17.864000000000001	18.064699999999998				
38040	17.878	18.084499999999998				
38041	17.877400000000002	18.0871				
38042	17.879300000000001	18.0641				
38043	17.879200000000001	18.072199999999999				
38044	17.8797	18.0839				
Marzo 2/	17.942595652173914	18.14067826086956				
38047	17.8996	18.106000000000002				
38048	17.900400000000001	18.0974				
38049	17.900400000000001	18.089200000000002				
38050	17.900300000000001	18.090299999999999				
38051	17.9011	18.1143				
38054	17.926400000000001	18.125599999999999				
38055	17.9269	18.134399999999999				
38056	17.927199999999999	18.131699999999999				
38057	17.927099999999999	18.133299999999998				
38058	17.927800000000001	18.133600000000001				
38061	17.946100000000001	18.147400000000001				
38062	17.948799999999999	18.1495				
38063	17.950299999999999	18.1493				
38064	17.9513	18.148				
38065	17.952000000000002	18.154				
38068	17.9663	18.151299999999999				
38069	17.968499999999999	18.170100000000001				
38070	17.968800000000002	18.167000000000002				
38071	17.968900000000001	18.167100000000001				
38072	17.968800000000002	18.164400000000001				
38075	17.984400000000001	18.179600000000001				
38076	17.983499999999999	18.175599999999999				
38077	17.9848	18.156500000000001				
Abril 2/	18.023126315789472	18.21842105263158				
38078	17.9849	18.186699999999998				
38079	17.985199999999999	18.188400000000001				
38082	18.004200000000001	18.174700000000001				
38083	18.0045	18.202999999999999				
38089	18.0044	18.203800000000001				
38090	18.0047	18.182300000000001				
38091	18.003699999999998	18.218900000000001				
38092	18.017499999999998	18.2254				
38093	18.0197	18.221699999999998				
38096	18.021100000000001	18.219899999999999				
38097	18.019100000000002	18.225999999999999				
38098	18.020800000000001	18.2209				
38099	18.043299999999999	18.223299999999998				
38100	18.042100000000001	18.223700000000001				
38103	18.044499999999999	18.231200000000001				
38104	18.044799999999999	18.2409				
38105	18.045400000000001	18.219899999999999				
38106	18.064299999999999	18.269600000000001				
38107	18.065200000000001	18.2697				
Mayo 2/	18.098142857142861	18.301414285714287				
38110	18.0654	18.2562				
38111	18.0657	18.2803				
38112	18.0657	18.223099999999999				
38113	18.0808	18.278400000000001				
38114	18.080300000000001	18.2803				
38117	18.0807	18.2805				
38118	18.081900000000001	18.2912				
38119	18.082000000000001	18.298999999999999				
38120	18.090499999999999	18.301300000000001				
38121	18.0916	18.2942				
38124	18.091999999999999	18.293500000000002				
38125	18.093699999999998	18.286100000000001				
38126	18.092700000000001	18.296099999999999				
38127	18.1172	18.3249				
38128	18.119700000000002	18.325099999999999				
38131	18.117999999999999	18.327300000000001				
38132	18.1206	18.328399999999998				
38133	18.121500000000001	18.336400000000001				
38134	18.133500000000002	18.3446				
38135	18.132999999999999	18.336300000000001				
38138	18.134499999999999	18.346499999999999				
Junio 2/	18.169054545454546	18.375172727272727				
38139	18.133900000000001	18.352499999999999				
38140	18.134799999999998	18.351299999999998				
38141	18.147600000000001	18.357399999999998				
38142	18.147500000000001	18.352799999999998				
38145	18.148199999999999	18.348500000000001				
38146	18.147400000000001	18.352399999999999				
38147	18.148399999999999	18.3461				
38148	18.161999999999999	18.363299999999999				
38149	18.162600000000001	18.367799999999999				
38152	18.161799999999999	18.375599999999999				
38153	18.162700000000001	18.375599999999999				
38154	18.163	18.3812				
38155	18.1798	18.380099999999999				
38156	18.180700000000002	18.377199999999998				
38159	18.179400000000001	18.390899999999998				
38160	18.180800000000001	18.387599999999999				
38161	18.181899999999999	18.384499999999999				
38162	18.193999999999999	18.401199999999999				
38163	18.1999	18.3992				
38166	18.200600000000001	18.403099999999998				
38167	18.201000000000001	18.393999999999998				
38168	18.2012	18.4115				
Julio 2/	18.239831818181816	18.447886363636368				
38169	18.212700000000002	18.412600000000001				
38170	18.212299999999999	18.4206				
38173	18.2135	18.432300000000001				
38174	18.213699999999999	18.430700000000002				
38175	18.211200000000002	18.423100000000002				
38176	18.228999999999999	18.437999999999999				
38177	18.228100000000001	18.441400000000002				
38180	18.229199999999999	18.4222				
38181	18.2287	18.440300000000001				
38182	18.229600000000001	18.432600000000001				
38183	18.241199999999999	18.456600000000002				
38184	18.2425	18.4529				
38187	18.2422	18.451499999999999				
38188	18.242599999999999	18.4604				
38189	18.242899999999999	18.4512				
38190	18.260300000000001	18.463200000000001				
38191	18.2591	18.464200000000002				
38194	18.260400000000001	18.456800000000001				
38195	18.2606	18.466699999999999				
38196	18.260899999999999	18.467500000000001				
38197	18.277699999999999	18.482700000000001				
38198	18.277899999999999	18.486000000000001				
Agosto 2/	18.327368181818176	18.53768181818182				
38201	18.278199999999998	18.497599999999998				
38202	18.278400000000001	18.506900000000002				
38203	18.278700000000001	18.4984				
38204	18.3078	18.517600000000002				
38205	18.3078	18.5246				
38208	18.306799999999999	18.5181				
38209	18.309000000000001	18.517600000000002				
38210	18.308800000000002	18.511800000000001				
38211	18.3309	18.533100000000001				
38212	18.330300000000001	18.531099999999999				
38215	18.3306	18.5382				
38216	18.331499999999998	18.539000000000001				
38217	18.332000000000001	18.541699999999999				
38218	18.3446	18.546800000000001				
38219	18.344799999999999	18.556699999999999				
38222	18.345199999999998	18.5548				
38223	18.345199999999998	18.558700000000002				
38224	18.345800000000001	18.553000000000001				
38225	18.361499999999999	18.566299999999998				
38226	18.3614	18.566299999999998				
38229	18.361000000000001	18.5762				
38230	18.361799999999999	18.5745				
Septiembre 2/	18.409809523809525	18.622576190476192				
38231	18.362300000000001	18.586500000000001				
38232	18.379200000000001	18.601500000000001				
38233	18.383299999999998	18.5929				
38236	18.383700000000001	18.5959				
38237	18.383900000000001	18.592099999999999				
38238	18.384899999999998	18.596599999999999				
38239	18.404299999999999	18.6114				
38240	18.404800000000002	18.623799999999999				
38243	18.404800000000002	18.607199999999999				
38244	18.4055	18.629000000000001				
38246	18.405999999999999	18.628				
38247	18.420000000000002	18.630500000000001				
38250	18.4191	18.6157				
38251	18.420400000000001	18.6266				
38252	18.4208	18.634699999999999				
38253	18.421099999999999	18.643799999999999				
38254	18.4392	18.655100000000001				
38257	18.440799999999999	18.652100000000001				
38258	18.440000000000001	18.6477				
38259	18.4407	18.656099999999999				
38260	18.441199999999998	18.646899999999999				
Octubre 2/	18.484619047619049	18.69554761904762				
38261	18.4588	18.671199999999999				
38264	18.460100000000001	18.678899999999999				
38265	18.4588	18.645800000000001				
38266	18.459700000000002	18.680900000000001				
38267	18.459	18.6755				
38268	18.474699999999999	18.687899999999999				
38271	18.4757	18.6816				
38272	18.476500000000001	18.686599999999999				
38273	18.476400000000002	18.692299999999999				
38274	18.477399999999999	18.697600000000001				
38275	18.493200000000002	18.689499999999999				
38278	18.4923	18.712399999999999				
38279	18.4937	18.6999				
38280	18.4938	18.716100000000001				
38281	18.4938	18.7074				
38282	18.506799999999998	18.696000000000002				
38285	18.5078	18.720199999999998				
38286	18.488099999999999	18.710100000000001				
38287	18.5076	18.7241				
38288	18.508500000000002	18.712599999999998				
38289	18.514299999999999	18.719899999999999				
Noviembre 2/	18.536045454545448	18.750127272727273				
38292	18.514500000000002	18.73				
38293	18.514500000000002	18.734200000000001				
38294	18.514800000000001	18.713999999999999				
38295	18.5152	18.714300000000001				
38296	18.522600000000001	18.729099999999999				
38299	18.522099999999998	18.737200000000001				
38300	18.523299999999999	18.742699999999999				
38301	18.523499999999999	18.734500000000001				
38302	18.523599999999998	18.744299999999999				
38303	18.537500000000001	18.755299999999998				
38306	18.5367	18.7577				
38307	18.537800000000001	18.745999999999999				
38308	18.537700000000001	18.758700000000001				
38309	18.538	18.750800000000002				
38310	18.548200000000001	18.764800000000001				
38313	18.548500000000001	18.7651				
38314	18.548999999999999	18.770499999999998				
38315	18.5489	18.763999999999999				
38316	18.549299999999999	18.759599999999999				
38317	18.562100000000001	18.773199999999999				
38320	18.5626	18.781600000000001				
38321	18.5626	18.775200000000002				
Diciembre 2/	18.59334347826087	18.810217391304345				
38322	18.562999999999999	18.787099999999999				
38323	18.563199999999998	18.782499999999999				
38324	18.570699999999999	18.774899999999999				
38327	18.571100000000001	18.7761				
38328	18.571000000000002	18.785				
38329	18.571200000000001	18.777899999999999				
38330	18.571400000000001	18.784700000000001				
38331	18.581800000000001	18.796600000000002				
38334	18.582000000000001	18.797899999999998				
38335	18.5823	18.786300000000001				
38336	18.5824	18.798100000000002				
38337	18.582599999999999	18.794699999999999				
38338	18.603000000000002	18.814399999999999				
38341	18.603899999999999	18.818899999999999				
38342	18.603400000000001	18.8184				
38343	18.604700000000001	18.8246				
38344	18.6051	18.822299999999998				
38345	18.619499999999999	18.8293				
38348	18.6203	18.84				
38349	18.62	18.845500000000001				
38350	18.6203	18.831800000000001				
38351	18.621300000000002	18.835799999999999				
38352	18.6327	18.912199999999999				
Enero 2/	18.660080952380955	18.883119047619051				
38355	18.632200000000001	18.8522				
38356	18.632000000000001	18.8629				
38357	18.632400000000001	18.854600000000001				
38358	18.6325	18.860700000000001				
38359	18.632899999999999	18.858799999999999				
38362	18.644400000000001	18.8522				
38363	18.6449	18.867699999999999				
38364	18.644600000000001	18.8782				
38365	18.6447	18.854700000000001				
38366	18.645299999999999	18.866199999999999				
38369	18.668500000000002	18.899899999999999				
38370	18.658200000000001	18.8918				
38371	18.670500000000001	18.878900000000002				
38372	18.6693	18.885899999999999				
38373	18.670400000000001	18.891300000000001				
38376	18.6873	18.918399999999998				
38377	18.687000000000001	18.920400000000001				
38378	18.686900000000001	18.902200000000001				
38379	18.6874	18.913900000000002				
38380	18.6877	18.906199999999998				
38383	18.7026	18.9284				
Febrero 2/	18.726615000000002	18.952090000000005				
38384	18.7028	18.934799999999999				
38385	18.704000000000001	18.940000000000001				
38386	18.703199999999999	18.930700000000002				
38387	18.7042	18.921700000000001				
38390	18.7178	18.9558				
38391	18.717400000000001	18.940999999999999				
38392	18.7181	18.936599999999999				
38393	18.717500000000001	18.9421				
38394	18.7181	18.946000000000002				
38397	18.730799999999999	18.961099999999998				
38398	18.731300000000001	18.936599999999999				
38399	18.730699999999999	18.960699999999999				
38400	18.731000000000002	18.961400000000001				
38401	18.731100000000001	18.959399999999999				
38404	18.7437	18.979399999999998				
38405	18.744499999999999	18.9634				
38406	18.7439	18.973500000000001				
38407	18.7441	18.959800000000001				
38408	18.745000000000001	18.959199999999999				
38411	18.7531	18.9786				
Marzo 2/	18.764947619047621	18.996447619047622				
38412	18.7531	18.989100000000001				
38413	18.7529	18.9877				
38414	18.753	18.985499999999998				
38415	18.753399999999999	18.994900000000001				
38418	18.758199999999999	18.983599999999999				
38419	18.758299999999998	18.9832				
38420	18.758299999999998	18.992899999999999				
38421	18.758400000000002	18.9742				
38422	18.758500000000002	18.990400000000001				
38425	18.7685	18.9894				
38426	18.767800000000001	18.997399999999999				
38427	18.7681	19.000699999999998				
38428	18.769100000000002	18.994399999999999				
38429	18.769100000000002	19.0291				
38432	18.772600000000001	19.017800000000001				
38433	18.773	19				
38434	18.773	19				
38439	18.7728	19.011299999999999				
38440	18.770299999999999	18.9999				
38441	18.773099999999999	18.9956				
38442	18.782399999999999	19.008299999999998				
Abril 2/	18.813957142857145	19.042223809523808				
38443	18.784199999999998	19.011399999999998				
38446	18.784300000000002	19.008800000000001				
38447	18.784500000000001	19.010999999999999				
38448	18.7852	19.001300000000001				
38449	18.802600000000002	19.0261				
38450	18.802600000000002	19.031600000000001				
38453	18.803999999999998	19.041499999999999				
38454	18.803999999999998	19.042899999999999				
38455	18.804600000000001	19.023700000000002				
38456	18.818000000000001	19.036100000000001				
38457	18.816800000000001	19.0108				
38460	18.818899999999999	19.055800000000001				
38461	18.8187	19.027699999999999				
38462	18.8187	19.083100000000002				
38463	18.831499999999998	19.061800000000002				
38464	18.831499999999998	19.061399999999999				
38467	18.832100000000001	19.0745				
38468	18.831499999999998	19.0441				
38469	18.832599999999999	19.059899999999999				
38470	18.844200000000001	19.062100000000001				
38471	18.842600000000001	19.1111				
Mayo 2/	18.854899999999997	19.011754545454547				
38474	18.8446	19.094000000000001				
38475	18.852499999999999	19.085599999999999				
38476	18.8447	19.096				
38477	18.854500000000002	19.086200000000002				
38478	18.8536	19.090499999999999				
38481	18.853999999999999	19.000699999999998				
38482	18.854500000000002	18.986599999999999				
38483	18.854199999999999	18.984500000000001				
38484	18.8567	18.9862				
38485	18.8551	18.9878				
38488	18.8568	18.9878				
38489	18.856999999999999	18.988800000000001				
38490	18.856999999999999	18.989000000000001				
38491	18.8568	18.987200000000001				
38492	18.8569	18.988299999999999				
38495	18.856999999999999	18.987100000000002				
38496	18.857099999999999	18.9909				
38497	18.857099999999999	18.988800000000001				
38498	18.8569	18.988600000000002				
38499	18.8569	18.986699999999999				
38502	18.856999999999999	18.988600000000002				
38503	18.8569	18.988700000000001				
Junio 2/	18.860440909090908	18.993845454545454				
38504	18.8248	18.989000000000001				
38505	18.8569	18.988900000000001				
38506	18.8569	18.988800000000001				
38509	18.8569	18.988900000000001				
38510	18.856999999999999	18.987500000000001				
38511	18.856999999999999	18.989000000000001				
38512	18.8611	18.993300000000001				
38513	18.8612	18.992999999999999				
38516	18.8613	18.992999999999999				
38517	18.8612	18.993400000000001				
38518	18.861499999999999	18.993200000000002				
38519	18.8644	18.9968				
38520	18.864899999999999	18.9971				
38523	18.864899999999999	18.9969				
38524	18.864999999999998	18.9971				
38525	18.864999999999998	18.997				
38526	18.864899999999999	18.9969				
38527	18.864899999999999	18.9969				
38530	18.864999999999998	18.997				
38531	18.864999999999998	18.997				
38532	18.864999999999998	18.997				
38533	18.864899999999999	18.9969				
Julio 2/	18.867371428571431	18.99921904761905				
38534	18.864999999999998	18.997				
38537	18.864999999999998	18.997				
38538	18.864999999999998	18.997				
38539	18.864999999999998	18.997				
38540	18.8643	18.996600000000001				
38541	18.864899999999999	18.9968				
38544	18.864999999999998	18.997				
38545	18.864899999999999	18.9969				
38546	18.864999999999998	18.996600000000001				
38547	18.8691	19.001300000000001				
38548	18.869	19.001200000000001				
38551	18.869199999999999	19.0014				
38552	18.869299999999999	19.001200000000001				
38553	18.869299999999999	19.001300000000001				
38554	18.869299999999999	19.001300000000001				
38555	18.869299999999999	18.999300000000002				
38558	18.869199999999999	19.001200000000001				
38559	18.869199999999999	19.001300000000001				
38560	18.869299999999999	18.999700000000001				
38561	18.869199999999999	19.001200000000001				
38562	18.869299999999999	19.001300000000001				
Agosto 2/	18.870291304347823	19.002295652173906				
38565	18.869299999999999	19.001100000000001				
38566	18.869299999999999	19.000800000000002				
38567	18.869399999999999	19.0014				
38568	18.869299999999999	19.001200000000001				
38569	18.869299999999999	19.001300000000001				
38572	18.869299999999999	19.001300000000001				
38573	18.869299999999999	19.001300000000001				
38574	18.869299999999999	19.0014				
38575	18.869199999999999	19.001200000000001				
38576	18.869199999999999	19.001200000000001				
38579	18.869299999999999	19.0014				
38580	18.869199999999999	19.001100000000001				
38581	18.869299999999999	19.0014				
38582	18.871300000000002	19.003699999999998				
38583	18.871600000000001	19.003699999999998				
38586	18.871500000000001	19.003399999999999				
38587	18.871500000000001	19.003599999999999				
38588	18.871700000000001	19.003699999999998				
38589	18.871600000000001	19.003499999999999				
38590	18.871700000000001	19.003699999999998				
38593	18.871700000000001	19.003799999999998				
38594	18.871700000000001	19.003699999999998				
38595	18.871700000000001	19.003900000000002				
Septiembre 2/	18.880228571428567	19.012290476190472				
38596	18.875	19.006900000000002				
38597	18.8751	19.007400000000001				
38600	18.875299999999999	19.007300000000001				
38601	18.875299999999999	19.007300000000001				
38602	18.875399999999999	19.007200000000001				
38603	18.878	19.010400000000001				
38604	18.8781	19.010100000000001				
38607	18.8782	19.010300000000001				
38608	18.878299999999999	19.010200000000001				
38609	18.878299999999999	19.010400000000001				
38611	18.880299999999998	19.012499999999999				
38614	18.880299999999998	19.012499999999999				
38615	18.880199999999999	19.012499999999999				
38616	18.880400000000002	19.0124				
38617	18.880400000000002	19.012499999999999				
38618	18.885200000000001	19.017399999999999				
38621	18.885100000000001	19.017299999999999				
38622	18.885200000000001	19.017299999999999				
38623	18.885300000000001	19.017399999999999				
38624	18.885400000000001	19.0166				
38625	18.89	19.022200000000002				
Octubre 2/	18.894155000000001	19.026339999999998				
38629	18.89	19.022099999999998				
38630	18.89	19.022200000000002				
38631	18.889900000000001	19.022200000000002				
38632	18.8901	19.022200000000002				
38635	18.8947	19.0274				
38636	18.8947	19.0275				
38637	18.895	19.0275				
38638	18.895299999999999	19.0274				
38639	18.895199999999999	19.026700000000002				
38642	18.895199999999999	19.026700000000002				
38643	18.895199999999999	19.0275				
38644	18.895499999999998	19.027699999999999				
38645	18.895299999999999	19.0275				
38646	18.895399999999999	19.0275				
38649	18.895399999999999	19.0275				
38650	18.895199999999999	19.0275				
38651	18.895099999999999	19.0273				
38652	18.895299999999999	19.0274				
38653	18.895299999999999	19.0274				
38656	18.895299999999999	19.0276				
Noviembre 2/	18.895218181818183	19.027409090909092				
38657	18.895299999999999	19.0275				
38658	18.895199999999999	19.0273				
38659	18.895299999999999	19.0276				
38660	18.895299999999999	19.0276				
38663	18.895199999999999	19.0274				
38664	18.895299999999999	19.0275				
38665	18.895099999999999	19.0275				
38666	18.895	19.0275				
38667	18.895199999999999	19.0274				
38670	18.8948	19.0273				
38671	18.895299999999999	19.0273				
38672	18.895199999999999	19.0275				
38673	18.895199999999999	19.027200000000001				
38674	18.895399999999999	19.027200000000001				
38677	18.895199999999999	19.0274				
38678	18.895199999999999	19.0273				
38679	18.895299999999999	19.0273				
38680	18.895299999999999	19.0274				
38681	18.895299999999999	19.0275				
38684	18.895199999999999	19.0275				
38685	18.895199999999999	19.0275				
38686	18.895299999999999	19.0273				
Diciembre 2/	18.895309090909088	19.026863636363636				
38687	18.895199999999999	19.0274				
38688	18.895299999999999	19.0274				
38691	18.8965	19.028300000000002				
38692	18.895199999999999	19.0273				
38693	18.895299999999999	19.0275				
38694	18.895299999999999	19.0274				
38695	18.895299999999999	19.0275				
38698	18.895299999999999	19.0275				
38699	18.895299999999999	19.0275				
38700	18.895299999999999	19.027000000000001				
38701	18.895199999999999	19.021000000000001				
38702	18.895199999999999	19.026800000000001				
38705	18.895299999999999	19.0275				
38706	18.895199999999999	19.021799999999999				
38707	18.895299999999999	19.0275				
38708	18.895199999999999	19.0273				
38709	18.895299999999999	19.0275				
38712	18.895299999999999	19.0275				
38713	18.895199999999999	19.0274				
38714	18.895199999999999	19.0274				
38715	18.895199999999999	19.027200000000001				
38716	18.895199999999999	19.0273				
Enero 2/	18.895252380952378	19.027409523809528				
38720	18.895299999999999	19.0274				
38721	18.895199999999999	19.0275				
38722	18.895299999999999	19.0275				
38723	18.895299999999999	19.0275				
38726	18.895299999999999	19.0275				
38727	18.895299999999999	19.0275				
38728	18.895199999999999	19.0275				
38729	18.895299999999999	19.0273				
38730	18.895199999999999	19.0275				
38733	18.895199999999999	19.0273				
38734	18.895199999999999	19.0273				
38735	18.895199999999999	19.0275				
38736	18.895199999999999	19.0273				
38737	18.895299999999999	19.027100000000001				
38740	18.895299999999999	19.0274				
38741	18.895299999999999	19.0274				
38742	18.895199999999999	19.0274				
38743	18.895199999999999	19.0273				
38744	18.895299999999999	19.0276				
38747	18.895299999999999	19.0274				
38748	18.895199999999999	19.0274				
Febrero 2/	18.895219999999991	19.027340000000002				
38749	18.895299999999999	19.0273				
38750	18.895199999999999	19.0274				
38751	18.895199999999999	19.0275				
38754	18.895199999999999	19.027000000000001				
38755	18.895199999999999	19.0273				
38756	18.895299999999999	19.0274				
38757	18.895199999999999	19.0273				
38758	18.895199999999999	19.0274				
38761	18.895199999999999	19.0274				
38762	18.895199999999999	19.027200000000001				
38763	18.895299999999999	19.0274				
38764	18.895199999999999	19.0275				
38765	18.895199999999999	19.0274				
38768	18.895299999999999	19.0273				
38769	18.895199999999999	19.0273				
38770	18.895199999999999	19.0273				
38771	18.895199999999999	19.0275				
38772	18.895199999999999	19.027200000000001				
38775	18.895199999999999	19.0273				
38776	18.895199999999999	19.0274				
Marzo 2/	18.895339130434778	19.027430434782612				
38777	18.895199999999999	19.0274				
38778	18.895199999999999	19.0274				
38779	18.895199999999999	19.0274				
38782	18.895299999999999	19.0274				
38783	18.895299999999999	19.0275				
38784	18.895199999999999	19.0274				
38785	18.895199999999999	19.0275				
38786	18.895299999999999	19.0276				
38789	18.895199999999999	19.0274				
38790	18.897600000000001	19.027899999999999				
38791	18.895199999999999	19.0275				
38792	18.895299999999999	19.0273				
38793	18.895399999999999	19.0275				
38796	18.895199999999999	19.0274				
38797	18.895299999999999	19.0273				
38798	18.895199999999999	19.0275				
38799	18.895199999999999	19.0273				
38800	18.895199999999999	19.0273				
38803	18.895199999999999	19.0275				
38804	18.895199999999999	19.0273				
38805	18.895299999999999	19.0274				
38806	18.895199999999999	19.0273				
38807	18.895199999999999	19.0274				
Abril 2/	18.895217647058818	19.027382352941174				
38810	18.895199999999999	19.0274				
38811	18.895199999999999	19.0274				
38812	18.895299999999999	19.0275				
38813	18.895299999999999	19.0275				
38814	18.895199999999999	19.0273				
38817	18.895199999999999	19.0275				
38818	18.895199999999999	19.027200000000001				
38824	18.895199999999999	19.027200000000001				
38825	18.895199999999999	19.0274				
38826	18.895199999999999	19.0273				
38827	18.895199999999999	19.0274				
38828	18.895199999999999	19.0273				
38831	18.895199999999999	19.0275				
38832	18.895199999999999	19.0274				
38833	18.895199999999999	19.0274				
38834	18.895299999999999	19.0274				
38835	18.895199999999999	19.0274				
Mayo 2/	18.895209090909084	19.027372727272731				
38839	18.895199999999999	19.0273				
38840	18.895199999999999	19.0275				
38841	18.895299999999999	19.0275				
38842	18.895199999999999	19.0275				
38845	18.895199999999999	19.0274				
38846	18.895199999999999	19.0275				
38847	18.895199999999999	19.0273				
38848	18.895199999999999	19.0274				
38849	18.895199999999999	19.0274				
38852	18.895399999999999	19.0276				
38853	18.895199999999999	19.0273				
38854	18.895199999999999	19.027200000000001				
38855	18.895199999999999	19.0274				
38856	18.895199999999999	19.0275				
38859	18.895199999999999	19.0274				
38860	18.895199999999999	19.027100000000001				
38861	18.895199999999999	19.0275				
38862	18.895199999999999	19.027200000000001				
38863	18.895199999999999	19.0273				
38866	18.895099999999999	19.0273				
38867	18.895199999999999	19.0274				
38868	18.895199999999999	19.027200000000001				
Junio 2/	18.895213636363628	19.027272727272727				
38869	18.895199999999999	19.0273				
38870	18.895199999999999	19.026900000000001				
38873	18.895199999999999	19.026399999999999				
38874	18.895199999999999	19.027100000000001				
38875	18.895199999999999	19.0274				
38876	18.895299999999999	19.0274				
38877	18.895199999999999	19.0275				
38880	18.895199999999999	19.0274				
38881	18.895299999999999	19.0275				
38882	18.895199999999999	19.0274				
38883	18.895199999999999	19.0273				
38884	18.895299999999999	19.0274				
38887	18.895199999999999	19.0274				
38888	18.895199999999999	19.0274				
38889	18.895199999999999	19.0274				
38890	18.895199999999999	19.0274				
38891	18.895199999999999	19.027200000000001				
38894	18.895199999999999	19.0274				
38895	18.895199999999999	19.0273				
38896	18.895199999999999	19.026700000000002				
38897	18.895199999999999	19.0274				
38898	18.895199999999999	19.0274				
Julio 2/	18.895185714285709	19.026804761904764				
38901	18.895199999999999	19.026800000000001				
38902	18.895199999999999	19.027200000000001				
38903	18.895199999999999	19.0273				
38904	18.895199999999999	19.0274				
38905	18.895199999999999	19.0274				
38908	18.895199999999999	19.0273				
38909	18.895199999999999	19.027200000000001				
38910	18.895199999999999	19.027200000000001				
38911	18.895199999999999	19.0273				
38912	18.895199999999999	19.0273				
38915	18.895099999999999	19.027200000000001				
38916	18.895199999999999	19.0274				
38917	18.895199999999999	19.0273				
38918	18.895199999999999	19.027200000000001				
38919	18.895099999999999	19.027200000000001				
38922	18.895199999999999	19.0274				
38923	18.895099999999999	19.026399999999999				
38924	18.895199999999999	19.0273				
38925	18.895199999999999	19.0273				
38926	18.895199999999999	19.0274				
38929	18.895199999999999	19.0184				
Agosto 2/	18.895191304347819	19.026769565217393				
38930	18.895099999999999	19.0273				
38931	18.895199999999999	19.0273				
38932	18.895199999999999	19.0274				
38933	18.895199999999999	19.0274				
38936	18.895099999999999	19.027000000000001				
38937	18.895199999999999	19.0274				
38938	18.895199999999999	19.0273				
38939	18.895199999999999	19.0274				
38940	18.895199999999999	19.0273				
38943	18.895199999999999	19.0274				
38944	18.895199999999999	19.0273				
38945	18.895199999999999	19.027100000000001				
38946	18.895199999999999	19.0274				
38947	18.895199999999999	19.0275				
38950	18.895199999999999	19.0274				
38951	18.895199999999999	19.0152				
38952	18.895199999999999	19.027200000000001				
38953	18.895199999999999	19.027200000000001				
38954	18.895199999999999	19.027200000000001				
38957	18.895199999999999	19.0273				
38958	18.895199999999999	19.0274				
38959	18.895199999999999	19.027100000000001				
38960	18.895199999999999	19.027200000000001				
Septiembre 2/	18.89517	19.027320000000003				
38961	18.895199999999999	19.0273				
38964	18.895199999999999	19.0274				
38965	18.895199999999999	19.0273				
38966	18.895199999999999	19.0274				
38967	18.895199999999999	19.0273				
38968	18.895199999999999	19.0274				
38971	18.895199999999999	19.0273				
38972	18.895199999999999	19.027100000000001				
38973	18.895099999999999	19.0273				
38974	18.895199999999999	19.0274				
38978	18.895199999999999	19.0274				
38979	18.895199999999999	19.0274				
38980	18.895099999999999	19.0273				
38981	18.895099999999999	19.0273				
38982	18.895199999999999	19.0274				
38985	18.895199999999999	19.0273				
38986	18.895099999999999	19.0273				
38987	18.895099999999999	19.0273				
38988	18.895199999999999	19.027200000000001				
38989	18.895099999999999	19.0273				
Octubre2/	18.895159999999997	19.027205000000002				
38992	18.895199999999999	19.0273				
38993	18.895199999999999	19.027200000000001				
38994	18.895099999999999	19.027100000000001				
38995	18.895199999999999	19.0274				
38996	18.895099999999999	19.0273				
39000	18.895199999999999	19.0273				
39001	18.895199999999999	19.0274				
39002	18.895099999999999	19.027200000000001				
39003	18.895199999999999	19.0274				
39007	18.895199999999999	19.027200000000001				
39008	18.895199999999999	19.0273				
39009	18.895099999999999	19.0261				
39010	18.895199999999999	19.027200000000001				
39013	18.895099999999999	19.0273				
39014	18.895099999999999	19.027200000000001				
39015	18.895199999999999	19.0274				
39016	18.895199999999999	19.0274				
39017	18.895099999999999	19.026800000000001				
39020	18.895099999999999	19.0273				
39021	18.895199999999999	19.0273				
Noviembre 2/	18.895154545454549	19.027200000000001				
39022	18.895199999999999	19.0274				
39023	18.895199999999999	19.027200000000001				
39024	18.895199999999999	19.0274				
39027	18.895199999999999	19.027000000000001				
39028	18.895099999999999	19.027200000000001				
39029	18.895199999999999	19.027100000000001				
39030	18.895199999999999	19.0273				
39031	18.895199999999999	19.0274				
39034	18.895199999999999	19.0273				
39035	18.895199999999999	19.0273				
39036	18.895099999999999	19.0273				
39037	18.895199999999999	19.0273				
39038	18.895099999999999	19.0273				
39041	18.895099999999999	19.0273				
39042	18.895099999999999	19.0273				
39043	18.895199999999999	19.027000000000001				
39044	18.895099999999999	19.0274				
39045	18.895099999999999	19.027000000000001				
39048	18.895199999999999	19.026499999999999				
39049	18.895099999999999	19.027200000000001				
39050	18.895099999999999	19.026900000000001				
39051	18.895099999999999	19.0273				
Diciembre 2/	18.895140000000005	19.027259999999998				
39052	18.895099999999999	19.027100000000001				
39055	18.895199999999999	19.0273				
39056	18.895199999999999	19.0274				
39057	18.895199999999999	19.0273				
39058	18.895199999999999	19.027699999999999				
39059	18.895199999999999	19.0274				
39062	18.895099999999999	19.027200000000001				
39063	18.895099999999999	19.027100000000001				
39064	18.895099999999999	19.027200000000001				
39065	18.895099999999999	19.027200000000001				
39066	18.895099999999999	19.0273				
39069	18.895199999999999	19.0273				
39070	18.895099999999999	19.0273				
39071	18.895199999999999	19.0273				
39072	18.895099999999999	19.027200000000001				
39073	18.895099999999999	19.027000000000001				
39074	18.895099999999999	19.027200000000001				
39075	18.895099999999999	19.027200000000001				
39076	18.895099999999999	19.027100000000001				
39077	18.895199999999999	19.0274				
Enero 2/	18.89510000000001	19.02718181818182				
39084	18.895099999999999	19.027200000000001				
39085	18.895099999999999	19.027100000000001				
39086	18.895099999999999	19.027200000000001				
39087	18.895099999999999	19.027000000000001				
39090	18.895099999999999	19.027200000000001				
39091	18.895099999999999	19.0273				
39092	18.895099999999999	19.027200000000001				
39093	18.895099999999999	19.027200000000001				
39094	18.895099999999999	19.0273				
39097	18.895099999999999	19.027200000000001				
39098	18.895099999999999	19.0274				
39099	18.895099999999999	19.026900000000001				
39100	18.895099999999999	19.027200000000001				
39101	18.895099999999999	19.0273				
39104	18.895099999999999	19.027200000000001				
39105	18.895099999999999	19.026700000000002				
39106	18.895099999999999	19.027100000000001				
39107	18.895099999999999	19.027200000000001				
39108	18.895099999999999	19.0273				
39111	18.895099999999999	19.0273				
39112	18.895099999999999	19.027200000000001				
39113	18.895099999999999	19.0273				
Febrero 2/	18.895100000000006	19.027220000000007				
39114	18.895099999999999	19.027200000000001				
39115	18.895099999999999	19.0273				
39118	18.895099999999999	19.027200000000001				
39119	18.895099999999999	19.027100000000001				
39120	18.895099999999999	19.027200000000001				
39121	18.895099999999999	19.0273				
39122	18.895099999999999	19.0274				
39125	18.895099999999999	19.027100000000001				
39126	18.895099999999999	19.0273				
39127	18.895099999999999	19.0273				
39128	18.895099999999999	19.0274				
39129	18.895099999999999	19.027200000000001				
39132	18.895099999999999	19.027000000000001				
39133	18.895099999999999	19.0273				
39134	18.895099999999999	19.0273				
39135	18.895099999999999	19.027200000000001				
39136	18.895099999999999	19.027100000000001				
39139	18.895099999999999	19.027100000000001				
39140	18.895099999999999	19.0273				
39141	18.895099999999999	19.027100000000001				
Marzo 2/	18.895104545454554	19.026786363636365				
39142	18.895099999999999	19.027200000000001				
39143	18.895099999999999	19.0274				
39146	18.895099999999999	19.027200000000001				
39147	18.895199999999999	19.026800000000001				
39148	18.895099999999999	19.0275				
39149	18.895099999999999	19.017700000000001				
39150	18.895099999999999	19.0274				
39153	18.895099999999999	19.0273				
39154	18.895099999999999	19.027200000000001				
39155	18.895099999999999	19.027100000000001				
39156	18.895099999999999	19.027200000000001				
39157	18.895099999999999	19.027200000000001				
39160	18.895099999999999	19.0273				
39161	18.895099999999999	19.0273				
39162	18.895099999999999	19.027200000000001				
39163	18.895099999999999	19.0273				
39164	18.895099999999999	19.027200000000001				
39167	18.895099999999999	19.027100000000001				
39168	18.895099999999999	19.027100000000001				
39169	18.895099999999999	19.027100000000001				
39170	18.895099999999999	19.027200000000001				
39171	18.895099999999999	19.0273				
Abril 2/	18.895100000000006	19.027172222222219				
39174	18.895099999999999	19.027100000000001				
39175	18.895099999999999	19.027200000000001				
39181	18.895099999999999	19.027000000000001				
39182	18.895099999999999	19.027200000000001				
39183	18.895099999999999	19.0273				
39184	18.895099999999999	19.027200000000001				
39185	18.895099999999999	19.027200000000001				
39188	18.895099999999999	19.027000000000001				
39189	18.895099999999999	19.0273				
39190	18.895099999999999	19.027100000000001				
39191	18.895099999999999	19.027200000000001				
39192	18.895099999999999	19.0273				
39195	18.895099999999999	19.027100000000001				
39196	18.895099999999999	19.027200000000001				
39197	18.895099999999999	19.027200000000001				
39198	18.895099999999999	19.0273				
39199	18.895099999999999	19.027200000000001				
39202	18.895099999999999	19.027000000000001				
Mayo 2/	18.89510000000001	19.027222727272729				
39204	18.895099999999999	19.027200000000001				
39205	18.895099999999999	19.027200000000001				
39206	18.895099999999999	19.027200000000001				
39209	18.895099999999999	19.027699999999999				
39210	18.895099999999999	19.027200000000001				
39211	18.895099999999999	19.027000000000001				
39212	18.895099999999999	19.027000000000001				
39213	18.895099999999999	19.027200000000001				
39216	18.895099999999999	19.0273				
39217	18.895099999999999	19.027200000000001				
39218	18.895099999999999	19.0273				
39219	18.895099999999999	19.027200000000001				
39220	18.895099999999999	19.027200000000001				
39223	18.895099999999999	19.0273				
39224	18.895099999999999	19.027200000000001				
39225	18.895099999999999	19.027200000000001				
39226	18.895099999999999	19.027200000000001				
39227	18.895099999999999	19.0273				
39230	18.895099999999999	19.027000000000001				
39231	18.895099999999999	19.0273				
39232	18.895099999999999	19.027200000000001				
39233	18.895099999999999	19.0273				
Junio 2/	18.895100000000006	19.027014285714287				
39234	18.895099999999999	19.0273				
39237	18.895099999999999	19.0273				
39238	18.895099999999999	19.0273				
39239	18.895099999999999	19.027100000000001				
39240	18.895099999999999	19.027200000000001				
39241	18.895099999999999	19.0273				
39244	18.895099999999999	19.027100000000001				
39245	18.895099999999999	19.0273				
39246	18.895099999999999	19.027200000000001				
39247	18.895099999999999	19.027200000000001				
39248	18.895099999999999	19.027200000000001				
39251	18.895099999999999	19.026900000000001				
39252	18.895099999999999	19.023499999999999				
39253	18.895099999999999	19.0273				
39254	18.895099999999999	19.027200000000001				
39255	18.895099999999999	19.027200000000001				
39258	18.895099999999999	19.0273				
39259	18.895099999999999	19.027200000000001				
39260	18.895099999999999	19.027100000000001				
39261	18.895099999999999	19.026900000000001				
39262	18.895099999999999	19.027200000000001				
Julio 2/	18.89510000000001	19.027145454545462				
39265	18.895099999999999	19.027200000000001				
39266	18.895099999999999	19.027200000000001				
39267	18.895099999999999	19.027100000000001				
39268	18.895099999999999	19.026700000000002				
39269	18.895099999999999	19.026700000000002				
39272	18.895099999999999	19.027200000000001				
39273	18.895099999999999	19.027100000000001				
39274	18.895099999999999	19.027100000000001				
39275	18.895099999999999	19.026900000000001				
39276	18.895099999999999	19.027200000000001				
39279	18.895099999999999	19.027200000000001				
39280	18.895099999999999	19.0273				
39281	18.895099999999999	19.027100000000001				
39282	18.895099999999999	19.0273				
39283	18.895099999999999	19.0273				
39286	18.895099999999999	19.0273				
39287	18.895099999999999	19.0273				
39288	18.895099999999999	19.027100000000001				
39289	18.895099999999999	19.027200000000001				
39290	18.895099999999999	19.0273				
39293	18.895099999999999	19.0273				
39294	18.895099999999999	19.027100000000001				
Agosto 2/	18.895104347826098	19.027060869565219				
39295	18.895099999999999	19.027200000000001				
39296	18.895099999999999	19.026800000000001				
39297	18.895199999999999	19.027200000000001				
39300	18.895099999999999	19.026900000000001				
39301	18.895099999999999	19.027200000000001				
39302	18.895099999999999	19.027200000000001				
39303	18.895099999999999	19.027200000000001				
39304	18.895099999999999	19.0273				
39307	18.895099999999999	19.0273				
39308	18.895099999999999	19.027200000000001				
39309	18.895099999999999	19.027200000000001				
39310	18.895099999999999	19.027200000000001				
39311	18.895099999999999	19.026				
39314	18.895099999999999	19.027200000000001				
39315	18.895099999999999	19.027100000000001				
39316	18.895099999999999	19.027200000000001				
39317	18.895099999999999	19.027000000000001				
39318	18.895099999999999	19.0273				
39321	18.895099999999999	19.027200000000001				
39322	18.895099999999999	19.0259				
39323	18.895099999999999	19.027100000000001				
39324	18.895099999999999	19.027200000000001				
39325	18.895099999999999	19.0273				
Septiembre 2/	18.895100000000006	19.027060000000002				
39328	18.895099999999999	19.0273				
39329	18.895099999999999	19.026900000000001				
39330	18.895099999999999	19.027000000000001				
39331	18.895099999999999	19.027200000000001				
39332	18.895099999999999	19.026800000000001				
39335	18.895099999999999	19.026800000000001				
39336	18.895099999999999	19.027100000000001				
39337	18.895099999999999	19.027000000000001				
39338	18.895099999999999	19.027200000000001				
39339	18.895099999999999	19.027000000000001				
39342	18.895099999999999	19.0273				
39343	18.895099999999999	19.026700000000002				
39344	18.895099999999999	19.026900000000001				
39345	18.895099999999999	19.027200000000001				
39346	18.895099999999999	19.027100000000001				
39349	18.895099999999999	19.027100000000001				
39350	18.895099999999999	19.027000000000001				
39351	18.895099999999999	19.027200000000001				
39352	18.895099999999999	19.0273				
39353	18.895099999999999	19.027100000000001				
Octubre2/	18.895100000000006	19.027059999999999				
39356	18.895099999999999	19.027200000000001				
39357	18.895099999999999	19.026700000000002				
39358	18.895099999999999	19.0273				
39359	18.895099999999999	19.0273				
39360	18.895099999999999	19.027100000000001				
39364	18.895099999999999	19.027100000000001				
39365	18.895099999999999	19.027100000000001				
39366	18.895099999999999	19.0273				
39367	18.895099999999999	19.026800000000001				
39371	18.895099999999999	19.026599999999998				
39372	18.895099999999999	19.027000000000001				
39373	18.895099999999999	19.027200000000001				
39377	18.895099999999999	19.026900000000001				
39378	18.895099999999999	19.027200000000001				
39379	18.895099999999999	19.027200000000001				
39380	18.895099999999999	19.026800000000001				
39381	18.895099999999999	19.027200000000001				
39384	18.895099999999999	19.027000000000001				
39385	18.895099999999999	19.027200000000001				
39386	18.895099999999999	19.027000000000001				
Noviembre 2/	18.895109090909099	19.027200000000008				
39387	18.895099999999999	19.0273				
39388	18.895099999999999	19.027200000000001				
39391	18.895099999999999	19.027000000000001				
39392	18.895099999999999	19.0273				
39393	18.895099999999999	19.027000000000001				
39394	18.895099999999999	19.027100000000001				
39395	18.895099999999999	19.027200000000001				
39398	18.895099999999999	19.0273				
39399	18.895099999999999	19.026800000000001				
39400	18.895099999999999	19.026800000000001				
39401	18.895099999999999	19.027100000000001				
39402	18.895199999999999	19.0274				
39405	18.895100000000003	19.0274				
39406	18.895199999999999	19.0274				
39407	18.895099999999999	19.0273				
39408	18.895099999999999	19.0273				
39409	18.895099999999999	19.027100000000001				
39412	18.895099999999999	19.0274				
39413	18.895099999999999	19.0273				
39414	18.895099999999999	19.027200000000001				
39415	18.895099999999999	19.0273				
39416	18.895099999999999	19.027200000000001				
Diciembre 2/	18.895100000000006	19.027105555555551				
39419	18.895099999999999	19.0274				
39420	18.895099999999999	19.027100000000001				
39421	18.895099999999999	19.0273				
39422	18.895099999999999	19.0273				
39423	18.895099999999999	19.027100000000001				
39426	18.895099999999999	19.0274				
39427	18.895099999999999	19.027100000000001				
39428	18.895099999999999	19.0273				
39429	18.895099999999999	19.027200000000001				
39430	18.895099999999999	19.0274				
39433	18.895099999999999	19.0273				
39434	18.895099999999999	19.027000000000001				
39435	18.895099999999999	19.027100000000001				
39436	18.895099999999999	19.0273				
39437	18.895099999999999	19.026900000000001				
39442	18.895099999999999	19.0261				
39443	18.895099999999999	19.026800000000001				
39444	18.895099999999999	19.026800000000001				
Enero 2/	18.89510000000001	19.027213636363641				
39449	18.895099999999999	19.0274				
39450	18.895099999999999	19.027000000000001				
39451	18.895099999999999	19.027100000000001				
39454	18.895099999999999	19.0273				
39455	18.895099999999999	19.027100000000001				
39456	18.895099999999999	19.0274				
39457	18.895099999999999	19.027000000000001				
39458	18.895099999999999	19.027100000000001				
39461	18.895099999999999	19.0274				
39462	18.895099999999999	19.027200000000001				
39463	18.895099999999999	19.0273				
39464	18.895099999999999	19.0273				
39465	18.895099999999999	19.0273				
39468	18.895099999999999	19.027200000000001				
39469	18.895099999999999	19.026900000000001				
39470	18.895099999999999	19.027200000000001				
39471	18.895099999999999	19.027000000000001				
39472	18.895099999999999	19.0273				
39475	18.895099999999999	19.0274				
39476	18.895099999999999	19.027200000000001				
39477	18.895099999999999	19.0273				
39478	18.895099999999999	19.0273				
Febrero 2/	18.895119047619051	19.027295238095238				
39479	18.895099999999999	19.0273				
39482	18.895099999999999	19.027200000000001				
39483	18.895099999999999	19.027200000000001				
39484	18.895099999999999	19.0273				
39485	18.895099999999999	19.0273				
39486	18.895099999999999	19.0273				
39489	18.895099999999999	19.027200000000001				
39490	18.895099999999999	19.0273				
39491	18.895099999999999	19.027100000000001				
39492	18.895099999999999	19.0273				
39493	18.895099999999999	19.027200000000001				
39496	18.895099999999999	19.0273				
39497	18.895099999999999	19.027200000000001				
39498	18.895099999999999	19.0273				
39499	18.895099999999999	19.0273				
39500	18.895099999999999	19.0274				
39503	18.895099999999999	19.0273				
39504	18.895199999999999	19.0275				
39505	18.895199999999999	19.0274				
39506	18.895199999999999	19.0274				
39507	18.895199999999999	19.0274				
Marzo 2/	18.896999999999998	19.029305555555556				
39510	18.895199999999999	19.0275				
39511	18.895299999999999	19.0276				
39512	18.895399999999999	19.027699999999999				
39513	18.895499999999998	19.027699999999999				
39514	18.895700000000001	19.028099999999998				
39517	18.895900000000001	19.027999999999999				
39518	18.8962	19.028600000000001				
39519	18.896699999999999	19.0291				
39520	18.897300000000001	19.029900000000001				
39521	18.898099999999999	19.0303				
39524	18.898099999999999	19.0304				
39525	18.898199999999999	19.0305				
39531	18.898299999999999	19.0305				
39532	18.898099999999999	19.0303				
39533	18.8979	19.030200000000001				
39534	18.8978	19.030100000000001				
39535	18.898099999999999	19.0305				
39538	18.898199999999999	19.0305				
Abril 2/	18.903613636363637	19.038822727272731				
39539	18.898599999999998	19.030899999999999				
39540	18.8992	19.031300000000002				
39541	18.8992	19.031400000000001				
39542	18.8993	19.031500000000001				
39545	18.8996	19.031700000000001				
39546	18.8993	19.031300000000002				
39547	18.898800000000001	19.031199999999998				
39548	18.8992	19.031199999999998				
39549	18.898900000000001	19.031199999999998				
39552	18.898900000000001	19.031199999999998				
39553	18.899000000000001	19.031099999999999				
39554	18.898800000000001	19.031199999999998				
39555	18.898900000000001	19.030899999999999				
39556	18.898499999999999	19.0303				
39559	18.898299999999999	19.0305				
39560	18.898599999999998	19.030999999999999				
39561	18.898800000000001	19.031199999999998				
39562	18.8992	19.031500000000001				
39563	18.899999999999999	19.0321				
39566	18.906400000000001	19.043500000000002				
39567	18.9239	19.075099999999999				
39568	18.9681	19.142800000000001				
Mayo 2/	18.914463636363632	19.045454545454547				
39569	18.9681	19.142800000000001				
39570	19.097300000000001	19.1479				
39573	18.898700000000002	19.0305				
39574	18.896599999999999	19.028199999999998				
39575	18.895900000000001	19.027999999999999				
39576	18.8977	19.028400000000001				
39577	18.899899999999999	19.028400000000001				
39580	18.8962	19.028199999999998				
39581	18.895900000000001	19.028199999999998				
39582	18.896100000000001	19.028300000000002				
39583	18.895700000000001	19.028500000000001				
39584	18.896100000000001	19.028400000000001				
39587	18.8964	19.030899999999999				
39588	18.901900000000001	19.037099999999999				
39589	18.9041	19.037299999999998				
39590	18.907	19.040400000000002				
39591	18.909500000000001	19.042400000000001				
39594	18.909500000000001	19.043399999999998				
39595	18.9114	19.045200000000001				
39596	18.912099999999999	19.046500000000002				
39597	18.914899999999999	19.0504				
39598	18.917200000000001	19.050599999999999				
Junio 2/	18.898909523809522	19.030714285714289				
39601	18.9191	19.047799999999999				
39602	18.908899999999999	19.040400000000002				
39603	18.908300000000001	19.040500000000002				
39604	18.899799999999999	19.032599999999999				
39605	18.899799999999999	19.032				
39608	18.897099999999998	19.028199999999998				
39609	18.895600000000002	19.027799999999999				
39610	18.898399999999999	19.027999999999999				
39611	18.8962	19.027699999999999				
39612	18.895499999999998	19.027799999999999				
39615	18.895499999999998	19.027699999999999				
39616	18.895299999999999	19.027699999999999				
39617	18.895499999999998	19.0276				
39618	18.895399999999999	19.027699999999999				
39619	18.895399999999999	19.027799999999999				
39622	18.895600000000002	19.027999999999999				
39623	18.896999999999998	19.028700000000001				
39624	18.896699999999999	19.0291				
39625	18.897400000000001	19.029699999999998				
39626	18.8978	19.029399999999999				
39629	18.896799999999999	19.0288				
Julio 2/	18.895021739130431	19.027613043478262				
39630	18.896699999999999	19.0288				
39631	18.896799999999999	19.028700000000001				
39632	18.896000000000001	19.027799999999999				
39633	18.895600000000002	19.027699999999999				
39636	18.895499999999998	19.027699999999999				
39637	18.895399999999999	19.0276				
39638	18.895299999999999	19.0274				
39639	18.895299999999999	19.0276				
39640	18.895299999999999	19.027699999999999				
39643	18.895299999999999	19.0276				
39644	18.895299999999999	19.0276				
39645	18.895199999999999	19.0274				
39646	18.895299999999999	19.0276				
39647	18.895199999999999	19.0275				
39650	18.895199999999999	19.0275				
39651	18.895199999999999	19.0275				
39652	18.895199999999999	19.0273				
39653	18.895199999999999	19.027100000000001				
39654	18.895199999999999	19.0274				
39657	18.895199999999999	19.0273				
39658	18.8858	19.0274				
39659	18.895099999999999	19.0274				
39660	18.895199999999999	19.0275				
Agosto 2/	18.895152380952382	19.027433333333331				
39661	18.895099999999999	19.0274				
39664	18.895199999999999	19.0275				
39665	18.895099999999999	19.0274				
39666	18.895199999999999	19.0275				
39667	18.895199999999999	19.0274				
39668	18.895199999999999	19.0274				
39671	18.895099999999999	19.0275				
39672	18.895299999999999	19.028199999999998				
39673	18.895099999999999	19.027200000000001				
39674	18.895199999999999	19.0275				
39675	18.895199999999999	19.0275				
39678	18.895099999999999	19.0274				
39679	18.895099999999999	19.0274				
39680	18.895099999999999	19.0275				
39681	18.895199999999999	19.0275				
39682	18.895199999999999	19.0275				
39685	18.895199999999999	19.027000000000001				
39686	18.895099999999999	19.0274				
39687	18.895099999999999	19.0274				
39688	18.895099999999999	19.027100000000001				
39689	18.895099999999999	19.0274				
Septiembre 2/	18.895123809523813	19.027409523809521				
39692	18.895099999999999	19.0274				
39693	18.895099999999999	19.027200000000001				
39694	18.895099999999999	19.0275				
39695	18.895099999999999	19.0274				
39696	18.895099999999999	19.0273				
39699	18.895099999999999	19.0273				
39700	18.895099999999999	19.0274				
39701	18.895099999999999	19.0274				
39702	18.895099999999999	19.0274				
39703	18.895099999999999	19.0275				
39707	18.895199999999999	19.0274				
39708	18.895099999999999	19.0274				
39709	18.895099999999999	19.0275				
39710	18.895199999999999	19.0275				
39713	18.895199999999999	19.0275				
39714	18.895199999999999	19.0275				
39715	18.895099999999999	19.0274				
39716	18.895199999999999	19.0275				
39717	18.895099999999999	19.0274				
39720	18.895099999999999	19.0274				
39721	18.895099999999999	19.0273				
Octubre2/	18.895119047619055	19.02737619047619				
39722	18.895099999999999	19.0274				
39723	18.895199999999999	19.0275				
39724	18.895099999999999	19.0273				
39728	18.895099999999999	19.0275				
39729	18.895199999999999	19.0274				
39730	18.895099999999999	19.0275				
39731	18.895199999999999	19.0274				
39734	18.895099999999999	19.0273				
39735	18.895099999999999	19.0274				
39736	18.895099999999999	19.0274				
39737	18.895099999999999	19.0273				
39738	18.895099999999999	19.0274				
39741	18.895099999999999	19.0274				
39742	18.895199999999999	19.0274				
39743	18.895099999999999	19.0274				
39744	18.895099999999999	19.0274				
39745	18.895099999999999	19.0274				
39749	18.895099999999999	19.0274				
39750	18.895099999999999	19.026900000000001				
39751	18.895099999999999	19.0274				
39752	18.895099999999999	19.0274				
Noviembre 2/	18.895114285714289	19.027380952380952				
39754	18.895099999999999	19.0274				
39755	18.895099999999999	19.0274				
39756	18.895099999999999	19.0274				
39757	18.895099999999999	19.0274				
39758	18.895099999999999	19.0274				
39759	18.895099999999999	19.0274				
39762	18.895099999999999	19.0275				
39763	18.895199999999999	19.027799999999999				
39764	18.895099999999999	19.0273				
39765	18.895099999999999	19.0273				
39766	18.895099999999999	19.0273				
39769	18.895099999999999	19.0274				
39770	18.895099999999999	19.027200000000001				
39771	18.895099999999999	19.0274				
39772	18.895199999999999	19.0274				
39773	18.895099999999999	19.0274				
39776	18.895099999999999	19.0275				
39777	18.895199999999999	19.0275				
39778	18.895099999999999	19.0273				
39779	18.895099999999999	19.0274				
39780	18.895099999999999	19.026900000000001				
Diciembre 2/	18.89510000000001	19.027277272727272				
39783	18.895099999999999	19.026800000000001				
39784	18.895099999999999	19.0274				
39785	18.895100000000003	19.027400000000004				
39786	18.895099999999999	19.0274				
39787	18.895099999999999	19.0273				
39790	18.895199999999999	19.0275				
39791	18.895099999999999	19.0274				
39792	18.895099999999999	19.027200000000001				
39793	18.895099999999999	19.0274				
39794	18.895099999999999	19.0274				
39797	18.895099999999999	19.0273				
39798	18.895099999999999	19.0274				
39799	18.895099999999999	19.0274				
39800	18.895099999999999	19.0273				
39801	18.895099999999999	19.0275				
39804	18.895199999999999	19.0274				
39805	18.895099999999999	19.0274				
39806	18.8949	19.0274				
39808	18.895099999999999	19.0274				
39811	18.895099999999999	19.025600000000001				
39812	18.895099999999999	19.0274				
39813	18.895099999999999	19.0274				
Enero 2/	18.895100000000006	19.027323809523811				
39815	18.895099999999999	19.0274				
39818	18.895099999999999	19.0274				
39819	18.895099999999999	19.0274				
39820	18.895099999999999	19.0274				
39821	18.895099999999999	19.0273				
39822	18.895099999999999	19.026700000000002				
39825	18.895099999999999	19.0274				
39826	18.895099999999999	19.0274				
39827	18.895099999999999	19.0274				
39828	18.895099999999999	19.0274				
39829	18.895099999999999	19.0274				
39832	18.895099999999999	19.0273				
39833	18.895099999999999	19.0274				
39834	18.895099999999999	19.0274				
39835	18.895099999999999	19.0276				
39836	18.895099999999999	19.0274				
39839	18.895099999999999	19.027000000000001				
39840	18.895099999999999	19.0274				
39841	18.895099999999999	19.0274				
39842	18.895099999999999	19.027000000000001				
39843	18.895099999999999	19.0273				
Febrero 2/	18.895100000000006	19.027284999999999				
39846	18.895099999999999	19.0274				
39847	18.895099999999999	19.026499999999999				
39848	18.895099999999999	19.0274				
39849	18.895099999999999	19.0274				
39850	18.895099999999999	19.0273				
39853	18.895099999999999	19.0274				
39854	18.895099999999999	19.026800000000001				
39855	18.895099999999999	19.0274				
39856	18.895099999999999	19.0274				
39857	18.895099999999999	19.0275				
39860	18.895099999999999	19.0274				
39861	18.895099999999999	19.0274				
39862	18.895099999999999	19.0274				
39863	18.895099999999999	19.0273				
39864	18.895099999999999	19.0274				
39867	18.895099999999999	19.0273				
39868	18.895099999999999	19.0274				
39869	18.895099999999999	19.0274				
39870	18.895099999999999	19.026800000000001				
39871	18.895099999999999	19.0274						
Marzo 2/	18.89510000000001	19.027381818181819				
39874	18.895099999999999	19.0274				
39875	18.895099999999999	19.0274				
39876	18.895099999999999	19.0274				
39877	18.895099999999999	19.0274				
39878	18.895099999999999	19.0274				
39881	18.895099999999999	19.0274				
39882	18.895099999999999	19.0274				
39883	18.895099999999999	19.0274				
39884	18.895099999999999	19.027200000000001				
39885	18.895099999999999	19.0274				
39888	18.895099999999999	19.0274				
39889	18.895099999999999	19.0274				
39890	18.895099999999999	19.0273				
39891	18.895099999999999	19.0274				
39892	18.895099999999999	19.0274				
39895	18.895099999999999	19.0274				
39896	18.895099999999999	19.0274				
39897	18.895099999999999	19.0273				
39898	18.895099999999999	19.0274				
39899	18.895099999999999	19.0274				
39902	18.895099999999999	19.0274				
39903	18.895099999999999	19.0274				
Abril 2/	18.895100000000006	19.027394444444447				
39904	18.895099999999999	19.0274				
39905	18.895099999999999	19.0274				
39906	18.895099999999999	19.0274				
39909	18.895099999999999	19.0274				
39910	18.895099999999999	19.0274				
39916	18.895099999999999	19.0274				
39917	18.895099999999999	19.0274				
39918	18.895099999999999	19.0274				
39919	18.895099999999999	19.0274				
39920	18.895099999999999	19.0274				
39924	18.895099999999999	19.0274				
39925	18.895099999999999	19.0274				
39926	18.895099999999999	19.0274				
39927	18.895099999999999	19.0273				
39930	18.895099999999999	19.0274				
39931	18.895099999999999	19.0274				
39932	18.895099999999999	19.0274				
39933	18.895099999999999	19.0274				
Mayo 2/	18.895100000000006	19.027365000000003				
39937	18.895099999999999	19.0274				
39938	18.895099999999999	19.0274				
39939	18.895099999999999	19.0274				
39940	18.895099999999999	19.0274				
39941	18.895099999999999	19.0274				
39944	18.895099999999999	19.0274				
39945	18.895099999999999	19.026900000000001				
39946	18.895099999999999	19.0273				
39947	18.895099999999999	19.0274				
39948	18.895099999999999	19.0274				
39951	18.895099999999999	19.0274				
39952	18.895099999999999	19.0274				
39953	18.895099999999999	19.0274				
39954	18.895099999999999	19.0274				
39955	18.895099999999999	19.0274				
39958	18.895099999999999	19.0274				
39959	18.895099999999999	19.0273				
39960	18.895099999999999	19.0274				
39961	18.895099999999999	19.0274				
39962	18.895099999999999	19.0274				
Junio 2/	18.89510000000001	19.027286363636364				
39965	18.895099999999999	19.0274				
39966	18.895099999999999	19.0274				
39967	18.895099999999999	19.0274				
39968	18.895099999999999	19.026499999999999				
39969	18.895099999999999	19.0273				
39972	18.895099999999999	19.0274				
39973	18.895099999999999	19.0274				
39974	18.895099999999999	19.0274				
39975	18.895099999999999	19.027200000000001				
39976	18.895099999999999	19.0274				
39979	18.895099999999999	19.0274				
39980	18.895099999999999	19.027200000000001				
39981	18.895099999999999	19.0274				
39982	18.895099999999999	19.0274				
39983	18.895099999999999	19.0274				
39986	18.895099999999999	19.0274				
39987	18.895099999999999	19.0274				
39988	18.895099999999999	19.0274				
39989	18.895099999999999	19.027200000000001				
39990	18.895099999999999	19.0274				
39993	18.895099999999999	19.026800000000001				
39994	18.895099999999999	19.027100000000001				
Julio 2/	18.89510000000001	19.02727391304348				
39995	18.895099999999999	19.0274				
39996	18.895099999999999	19.0274				
39997	18.895099999999999	19.026800000000001				
40000	18.895099999999999	19.027100000000001				
40001	18.895099999999999	19.0274				
40002	18.895099999999999	19.0274				
40003	18.895099999999999	19.0273				
40004	18.895099999999999	19.027100000000001				
40007	18.895099999999999	19.0274				
40008	18.895099999999999	19.026800000000001				
40009	18.895099999999999	19.0274				
40010	18.895099999999999	19.027000000000001				
40011	18.895099999999999	19.0273				
40014	18.895099999999999	19.0274				
40015	18.895099999999999	19.0274				
40016	18.895099999999999	19.027200000000001				
40017	18.895099999999999	19.0274				
40018	18.895099999999999	19.0274				
40021	18.895099999999999	19.0274				
40022	18.895099999999999	19.027200000000001				
40023	18.895099999999999	19.0273				
40024	18.895099999999999	19.0274				
40025	18.895099999999999	19.0274				
Agosto 2/	18.895100000000006	19.02704285714286				
40028	18.895099999999999	19.027100000000001				
40029	18.895099999999999	19.0274				
40030	18.895099999999999	19.0274				
40031	18.895099999999999	19.023800000000001				
40032	18.895099999999999	19.026900000000001				
40035	18.895099999999999	19.026800000000001				
40036	18.895099999999999	19.0274				
40037	18.895099999999999	19.0274				
40038	18.895099999999999	19.026900000000001				
40039	18.895099999999999	19.0274				
40042	18.895099999999999	19.0273				
40043	18.895099999999999	19.0274				
40044	18.895099999999999	19.0274				
40045	18.895099999999999	19.026800000000001				
40046	18.895099999999999	19.0273				
40049	18.895099999999999	19.0273				
40050	18.895099999999999	19.0274				
40051	18.895099999999999	19.027200000000001				
40052	18.895099999999999	19.026599999999998				
40053	18.895099999999999	19.0274				
40056	18.895099999999999	19.0273				
Septiembre 2/	18.895110000000006	19.027215000000002				
40057	18.895099999999999	19.0273				
40058	18.895099999999999	19.027200000000001				
40059	18.895099999999999	19.0274				
40060	18.895099999999999	19.026599999999998				
40063	18.895099999999999	19.0273				
40064	18.895099999999999	19.0273				
40065	18.895099999999999	19.0273				
40066	18.895099999999999	19.026299999999999				
40067	18.895099999999999	19.0274				
40070	18.895299999999999	19.0274				
40072	18.895099999999999	19.0274				
40073	18.895099999999999	19.0273				
40074	18.895099999999999	19.0274				
40077	18.895099999999999	19.0274				
40079	18.895099999999999	19.0274				
40080	18.895099999999999	19.026599999999998				
40081	18.895099999999999	19.0273				
40084	18.895099999999999	19.0273				
40085	18.895099999999999	19.0273				
40086	18.895099999999999	19.0274				
Octubre 2/	18.895100000000006	19.027380000000001				
40087	18.895099999999999	19.0273				
40088	18.895099999999999	19.0274				
40091	18.895099999999999	19.0273				
40092	18.895099999999999	19.0274				
40093	18.895099999999999	19.0274				
40094	18.895099999999999	19.0274				
40095	18.895099999999999	19.0274				
40099	18.895099999999999	19.027899999999999				
40100	18.895099999999999	19.0273				
40101	18.895099999999999	19.0273				
40102	18.895099999999999	19.0274				
40105	18.895099999999999	19.0273				
40106	18.895099999999999	19.0274				
40107	18.895099999999999	19.0274				
40108	18.895099999999999	19.0274				
40109	18.895099999999999	19.0274				
40113	18.895099999999999	19.0274				
40114	18.895099999999999	19.027200000000001				
40115	18.895099999999999	19.0274				
40116	18.895099999999999	19.027200000000001				
Noviembre 2/	18.895100000000006	19.027242857142859				
40119	18.895099999999999	19.0273				
40120	18.895099999999999	19.0274				
40121	18.895099999999999	19.027100000000001				
40122	18.895099999999999	19.027200000000001				
40123	18.895099999999999	19.026900000000001				
40126	18.895099999999999	19.027200000000001				
40127	18.895099999999999	19.0274				
40128	18.895099999999999	19.0274				
40129	18.895099999999999	19.027200000000001				
40130	18.895099999999999	19.026599999999998				
40133	18.895099999999999	19.0274				
40134	18.895099999999999	19.0273				
40135	18.895099999999999	19.0273				
40136	18.895099999999999	19.0274				
40137	18.895099999999999	19.0274				
40140	18.895099999999999	19.0273				
40141	18.895099999999999	19.0274				
40142	18.895099999999999	19.027200000000001				
40143	18.895099999999999	19.0273				
40144	18.895099999999999	19.027200000000001				
40147	18.895099999999999	19.027200000000001				
Diciembre 2/	18.895091304347833	19.027156521739133				
40148	18.895099999999999	19.0273				
40149	18.895099999999999	19.027100000000001				
40150	18.895099999999999	19.027200000000001				
40151	18.895099999999999	19.0273				
40154	18.895099999999999	19.023800000000001				
40155	18.895099999999999	19.0273				
40156	18.895099999999999	19.0273				
40157	18.895099999999999	19.0273				
40158	18.895099999999999	19.0274				
40161	18.895099999999999	19.0274				
40162	18.895099999999999	19.0274				
40163	18.895099999999999	19.0274				
40164	18.895099999999999	19.027200000000001				
40165	18.895099999999999	19.0274				
40168	18.895099999999999	19.0273				
40169	18.895099999999999	19.027200000000001				
40170	18.895	19.0273				
40171	18.895099999999999	19.027100000000001				
40172	18.895	19.0273				
40175	18.895099999999999	19.0274				
40176	18.895099999999999	19.0274				
40177	18.895099999999999	19.0274				
40178	18.895099999999999	19.0274				
Enero 2/	18.893733333333341	19.027304761904766				
40179	18.895099999999999	19.0274				
40182	18.895099999999999	19.027200000000001				
40183	18.895099999999999	19.0274				
40184	18.895099999999999	19.0274				
40185	18.895099999999999	19.0274				
40186	18.895099999999999	19.027000000000001				
40189	18.895099999999999	19.027100000000001				
40190	18.895099999999999	19.0274				
40191	18.866399999999999	19.0274				
40192	18.895099999999999	19.0273				
40193	18.895099999999999	19.0273				
40196	18.895099999999999	19.0273				
40197	18.895099999999999	19.0273				
40198	18.895099999999999	19.0274				
40199	18.895099999999999	19.0274				
40200	18.895099999999999	19.0273				
40203	18.895099999999999	19.027200000000001				
40204	18.895099999999999	19.0273				
40205	18.895099999999999	19.0274				
40206	18.895099999999999	19.0274				
40207	18.895099999999999	19.027100000000001				
Febrero 2/	18.895100000000006	19.027335000000001				
40210	18.895099999999999	19.0274				
40211	18.895099999999999	19.0274				
40212	18.895099999999999	19.0273				
40213	18.895099999999999	19.0274				
40214	18.895099999999999	19.0273				
40217	18.895099999999999	19.0273				
40218	18.895099999999999	19.0273				
40219	18.895099999999999	19.0273				
40220	18.895099999999999	19.0274				
40221	18.895099999999999	19.0273				
40224	18.895099999999999	19.0274				
40225	18.895099999999999	19.0273				
40226	18.895099999999999	19.0274				
40227	18.895099999999999	19.0273				
40228	18.895099999999999	19.0274				
40231	18.895099999999999	19.027200000000001				
40232	18.895099999999999	19.0273				
40233	18.895099999999999	19.0274				
40234	18.895099999999999	19.0273				
40235	18.895099999999999	19.0273				
Marzo 2/	18.89510000000001	19.027321739130436				
40238	18.895099999999999	19.0274				
40239	18.895099999999999	19.0273				
40240	18.895099999999999	19.0273				
40241	18.895099999999999	19.0274				
40242	18.895099999999999	19.027200000000001				
40245	18.895099999999999	19.0273				
40246	18.895099999999999	19.0273				
40247	18.895099999999999	19.0274				
40248	18.895099999999999	19.027200000000001				
40249	18.895099999999999	19.0274				
40252	18.895099999999999	19.0274				
40253	18.895099999999999	19.026900000000001				
40254	18.895099999999999	19.0274				
40255	18.895099999999999	19.0274				
40256	18.895099999999999	19.027200000000001				
40259	18.895099999999999	19.0273				
40260	18.895099999999999	19.0274				
40261	18.895099999999999	19.0273				
40262	18.895099999999999	19.0274				
40263	18.895099999999999	19.0273				
40266	18.895099999999999	19.0274				
40267	18.895099999999999	19.0274				
40268	18.895099999999999	19.0274				
Abril 2/	18.895100000000006	19.027126315789477				
40273	18.895099999999999	19.0273				
40274	18.895099999999999	19.0274				
40275	18.895099999999999	19.0273				
40276	18.895099999999999	19.023800000000001				
40277	18.895099999999999	19.0273				
40280	18.895099999999999	19.0274				
40281	18.895099999999999	19.0274				
40282	18.895099999999999	19.0273				
40283	18.895099999999999	19.0273				
40284	18.895099999999999	19.0274				
40288	18.895099999999999	19.0274				
40289	18.895099999999999	19.0273				
40290	18.895099999999999	19.0273				
40291	18.895099999999999	19.0273				
40294	18.895099999999999	19.0273				
40295	18.895099999999999	19.0273				
40296	18.895099999999999	19.027100000000001				
40297	18.895099999999999	19.027200000000001				
40298	18.895099999999999	19.0273				
Mayo 2/	18.895100000000006	19.027328571428576				
40301	18.895099999999999	19.0273				
40302	18.895099999999999	19.0274				
40303	18.895099999999999	19.0273				
40304	18.895099999999999	19.0273				
40305	18.895099999999999	19.0274				
40308	18.895099999999999	19.0274				
40309	18.895099999999999	19.0273				
40310	18.895099999999999	19.0273				
40311	18.895099999999999	19.0273				
40312	18.895099999999999	19.0274				
40315	18.895099999999999	19.027200000000001				
40316	18.895099999999999	19.0274				
40317	18.895099999999999	19.0273				
40318	18.895099999999999	19.0273				
40319	18.895099999999999	19.0273				
40322	18.895099999999999	19.0274				
40323	18.895099999999999	19.0273				
40324	18.895099999999999	19.0273				
40325	18.895099999999999	19.0274				
40326	18.895099999999999	19.0273				
40329	18.895099999999999	19.0273				
Junio 2/	18.89510000000001	19.027313636363644				
40330	18.895099999999999	19.0274				
40331	18.895099999999999	19.0274				
40332	18.895099999999999	19.0273				
40333	18.895099999999999	19.0274				
40336	18.895099999999999	19.027100000000001				
40337	18.895099999999999	19.0273				
40338	18.895099999999999	19.0273				
40339	18.895099999999999	19.0273				
40340	18.895099999999999	19.0273				
40343	18.895099999999999	19.0274				
40344	18.895099999999999	19.0274				
40345	18.895099999999999	19.0274				
40346	18.895099999999999	19.0273				
40347	18.895099999999999	19.0273				
40350	18.895099999999999	19.0274				
40351	18.895099999999999	19.0273				
40352	18.895099999999999	19.027200000000001				
40353	18.895099999999999	19.0273				
40354	18.895099999999999	19.0273				
40357	18.895099999999999	19.0274				
40358	18.895099999999999	19.0273				
40359	18.895099999999999	19.027100000000001				
Julio 2/	18.89510000000001	19.026586363636365				
40360	18.895099999999999	19.0273				
40361	18.895099999999999	19.0273				
40364	18.895099999999999	19.0274				
40365	18.895099999999999	19.0274				
40366	18.895099999999999	19.0274				
40367	18.895099999999999	19.0274				
40368	18.895099999999999	19.0273				
40371	18.895099999999999	19.0273				
40372	18.895099999999999	19.0273				
40373	18.895099999999999	19.0274				
40374	18.895099999999999	19.0274				
40375	18.895099999999999	19.0274				
40378	18.895099999999999	19.0274				
40379	18.895099999999999	19.0273				
40380	18.895099999999999	19.0168				
40381	18.895099999999999	19.023199999999999				
40382	18.895099999999999	19.025600000000001				
40385	18.895099999999999	19.0273				
40386	18.895099999999999	19.027100000000001				
40387	18.895099999999999	19.0274				
40388	18.895099999999999	19.0273				
40389	18.895099999999999	19.027200000000001				
Agosto 2/	18.895095454545462	19.026154545454549				
40392	18.895099999999999	19.0273				
40393	18.895099999999999	19.026800000000001				
40394	18.895099999999999	19.027200000000001				
40395	18.895099999999999	19.0273				
40396	18.895099999999999	19.027100000000001				
40399	18.895099999999999	19.027200000000001				
40400	18.895099999999999	19.0273				
40401	18.895099999999999	19.0274				
40402	18.895099999999999	19.027100000000001				
40403	18.895099999999999	19.0274				
40406	18.895099999999999	19.0274				
40407	18.895099999999999	19.0274				
40408	18.895099999999999	19.026800000000001				
40409	18.895099999999999	19.0273				
40410	18.895099999999999	19.026700000000002				
40413	18.895099999999999	19.0274				
40414	18.895099999999999	19.0273				
40415	18.895099999999999	19.027200000000001				
40416	18.895	19.004799999999999				
40417	18.895099999999999	19.0274				
40420	18.895099999999999	19.027100000000001				
40421	18.895099999999999	19.026499999999999				
Septiembre 2/	18.895100000000006	19.026276190476189				
40422	18.895099999999999	19.0273				
40423	18.895099999999999	19.027200000000001				
40424	18.895099999999999	19.027000000000001				
40427	18.895099999999999	19.025099999999998				
40428	18.895099999999999	19.0273				
40429	18.895099999999999	19.0273				
40430	18.895099999999999	19.0274				
40431	18.895099999999999	19.0274				
40434	18.895099999999999	19.027200000000001				
40435	18.895099999999999	19.027200000000001				
40437	18.895099999999999	19.0273				
40438	18.895099999999999	19.026800000000001				
40441	18.895099999999999	19.027100000000001				
40442	18.895099999999999	19.0273				
40443	18.895099999999999	19.011199999999999				
40444	18.895099999999999	19.0274				
40445	18.895099999999999	19.0274				
40448	18.895099999999999	19.025200000000002				
40449	18.895099999999999	19.0273				
40450	18.895099999999999	19.027200000000001				
40451	18.895099999999999	19.027200000000001				
Octubre 2/	18.895100000000006	19.026978947368423				
40452	18.895099999999999	19.027200000000001				
40455	18.895099999999999	19.027200000000001				
40456	18.895099999999999	19.0273				
40457	18.895099999999999	19.027100000000001				
40458	18.895099999999999	19.0274				
40459	18.895099999999999	19.0274				
40462	18.895099999999999	19.0273				
40463	18.895099999999999	19.0273				
40464	18.895099999999999	19.0274				
40465	18.895099999999999	19.027100000000001				
40466	18.895099999999999	19.027200000000001				
40470	18.895099999999999	19.027100000000001				
40471	18.895099999999999	19.0273				
40472	18.895099999999999	19.026700000000002				
40473	18.895099999999999	19.0274				
40477	18.895099999999999	19.0273				
40478	18.895099999999999	19.0274				
40479	18.895099999999999	19.0273				
40480	18.895099999999999	19.022200000000002				
Noviembre 2/	18.89510000000001	19.026227272727276				
40483	18.895099999999999	19.0273				
40484	18.895099999999999	19.0274				
40485	18.895099999999999	19.026700000000002				
40486	18.895099999999999	19.026900000000001				
40487	18.895099999999999	19.026700000000002				
40490	18.895099999999999	19.0274				
40491	18.895099999999999	19.027000000000001				
40492	18.895099999999999	19.0273				
40493	18.895099999999999	19.0273				
40494	18.895099999999999	19.027200000000001				
40497	18.895099999999999	19.0274				
40498	18.895099999999999	19.0273				
40499	18.895099999999999	19.025300000000001				
40500	18.895099999999999	19.026299999999999				
40501	18.895099999999999	19.025300000000001				
40504	18.895099999999999	19.0274				
40505	18.895099999999999	19.0273				
40506	18.895099999999999	19.027200000000001				
40507	18.895099999999999	19.0273				
40508	18.895099999999999	19.027200000000001				
40511	18.895099999999999	19.0273				
40512	18.895099999999999	19.0105				
Diciembre 2/	18.89510000000001	19.02648695652174				
40513	18.895099999999999	19.0273				
40514	18.895099999999999	19.0273				
40515	18.895099999999999	19.008900000000001				
40518	18.895099999999999	19.026599999999998				
40519	18.895099999999999	19.0273				
40520	18.895099999999999	19.0273				
40521	18.895099999999999	19.0273				
40522	18.895099999999999	19.0274				
40525	18.895099999999999	19.0274				
40526	18.895099999999999	19.0274				
40527	18.895099999999999	19.027100000000001				
40528	18.895099999999999	19.027100000000001				
40529	18.895099999999999	19.027200000000001				
40532	18.895099999999999	19.0273				
40533	18.895099999999999	19.0274				
40534	18.895099999999999	19.0274				
40535	18.895099999999999	19.0273				
40536	18.895099999999999	19.0274				
40539	18.895099999999999	19.0274				
40540	18.895099999999999	19.0274				
40541	18.895099999999999	19.0273				
40542	18.895099999999999	19.0274				
40543	18.895099999999999	19.0273				
Enero 2/	18.895100000000006	19.027161904761904				
40546	18.895099999999999	19.0274				
40547	18.895099999999999	19.0274				
40548	18.895099999999999	19.026700000000002				
40549	18.895099999999999	19.026599999999998				
40550	18.895099999999999	19.027200000000001				
40553	18.895099999999999	19.0273				
40554	18.895099999999999	19.027100000000001				
40555	18.895099999999999	19.0274				
40556	18.895099999999999	19.0274				
40557	18.895099999999999	19.0273				
40560	18.895099999999999	19.0273				
40561	18.895099999999999	19.0274				
40562	18.895099999999999	19.0273				
40563	18.895099999999999	19.0274				
40564	18.895099999999999	19.0273				
40567	18.895099999999999	19.026599999999998				
40568	18.895099999999999	19.0274				
40569	18.895099999999999	19.0273				
40570	18.895099999999999	19.0273				
40571	18.895099999999999	19.027200000000001				
40574	18.895099999999999	19.0261				
Febrero 2/	18.895100000000006	19.02732				
40575	18.895099999999999	19.0273				
40576	18.895099999999999	19.0273				
40577	18.895099999999999	19.0273				
40578	18.895099999999999	19.027100000000001				
40581	18.895099999999999	19.0274				
40582	18.895099999999999	19.0274				
40583	18.895099999999999	19.027200000000001				
40584	18.895099999999999	19.0273				
40585	18.895099999999999	19.027200000000001				
40588	18.895099999999999	19.0273				
40589	18.895099999999999	19.0274				
40590	18.895099999999999	19.027200000000001				
40591	18.895099999999999	19.0274				
40592	18.895099999999999	19.0273				
40595	18.895099999999999	19.0274				
40596	18.895099999999999	19.0274				
40597	18.895099999999999	19.0274				
40598	18.895099999999999	19.0274				
40599	18.895099999999999	19.0274				
40602	18.895099999999999	19.0273				
Marzo 2/	18.89510000000001	19.027286956521742				
40603	18.895099999999999	19.0273				
40604	18.895099999999999	19.027200000000001				
40605	18.895099999999999	19.0273				
40606	18.895099999999999	19.0273				
40609	18.895099999999999	19.0274				
40610	18.895099999999999	19.027200000000001				
40611	18.895099999999999	19.0273				
40612	18.895099999999999	19.026900000000001				
40613	18.895099999999999	19.0273				
40616	18.895099999999999	19.0274				
40617	18.895099999999999	19.0274				
40618	18.895099999999999	19.0273				
40619	18.895099999999999	19.0274				
40620	18.895099999999999	19.027200000000001				
40623	18.895099999999999	19.0274				
40624	18.895099999999999	19.0274				
40625	18.895099999999999	19.0273				
40626	18.895099999999999	19.027200000000001				
40627	18.895099999999999	19.027200000000001				
40630	18.895099999999999	19.0274				
40631	18.895099999999999	19.027200000000001				
40632	18.895099999999999	19.0273				
40633	18.895099999999999	19.0273				
Abril 2/	18.895100000000006	19.027262499999999				
40634	18.895099999999999	19.027100000000001				
40637	18.895099999999999	19.0274				
40638	18.895099999999999	19.027100000000001				
40639	18.895099999999999	19.0273				
40640	18.895099999999999	19.0273				
40641	18.895099999999999	19.0274				
40644	18.895099999999999	19.0274				
40645	18.895099999999999	19.0273				
40646	18.895099999999999	19.0273				
40647	18.895099999999999	19.0273				
40648	18.895099999999999	19.0273				
40658	18.895099999999999	19.0273				
40659	18.895099999999999	19.0273				
40660	18.895099999999999	19.026700000000002				
40661	18.895099999999999	19.0273				
40662	18.895099999999999	19.0274				
Mayo 2/	18.89510000000001	19.027272727272727				
40665	18.895099999999999	19.0273				
40666	18.895099999999999	19.0274				
40667	18.895099999999999	19.0273				
40668	18.895099999999999	19.0273				
40669	18.895099999999999	19.027000000000001				
40672	18.895099999999999	19.027200000000001				
40673	18.895099999999999	19.0273				
40674	18.895099999999999	19.0273				
40675	18.895099999999999	19.027200000000001				
40676	18.895099999999999	19.027200000000001				
40679	18.895099999999999	19.0273				
40680	18.895099999999999	19.0273				
40681	18.895099999999999	19.0273				
40682	18.895099999999999	19.0273				
40683	18.895099999999999	19.0273				
40686	18.895099999999999	19.0274				
40687	18.895099999999999	19.0274				
40688	18.895099999999999	19.0273				
40689	18.895099999999999	19.0273				
40690	18.895099999999999	19.027200000000001				
40693	18.895099999999999	19.0274				
40694	18.895099999999999	19.027000000000001				
Junio 2/	18.89510000000001	19.02731363636364				
40695	18.895099999999999	19.0273				
40696	18.895099999999999	19.0273				
40697	18.895099999999999	19.0273				
40700	18.895099999999999	19.027200000000001				
40701	18.895099999999999	19.0274				
40702	18.895099999999999	19.027200000000001				
40703	18.895099999999999	19.0274				
40704	18.895099999999999	19.0273				
40707	18.895099999999999	19.0273				
40708	18.895099999999999	19.0273				
40709	18.895099999999999	19.0273				
40710	18.895099999999999	19.0273				
40711	18.895099999999999	19.0273				
40714	18.895099999999999	19.0273				
40715	18.895099999999999	19.0274				
40716	18.895099999999999	19.0273				
40717	18.895099999999999	19.0273				
40718	18.895099999999999	19.027200000000001				
40721	18.895099999999999	19.0274				
40722	18.895099999999999	19.0274				
40723	18.895099999999999	19.0274				
40724	18.895099999999999	19.0273				
Julio 2/	18.867742857142861	18.999857142857145				
40725	18.895099999999999	19.0274				
40728	18.895099999999999	19.0273				
40729	18.895099999999999	19.0273				
40730	18.895099999999999	19.0273				
40731	18.895099999999999	19.027000000000001				
40732	18.895099999999999	19.0274				
40735	18.895099999999999	19.0274				
40736	18.895099999999999	19.0274				
40737	18.895099999999999	19.027200000000001				
40738	18.895099999999999	19.026900000000001				
40739	18.895099999999999	19.0273				
40742	18.895099999999999	19.0273				
40743	18.895099999999999	19.027100000000001				
40744	18.895099999999999	19.027200000000001				
40745	18.895099999999999	19.027200000000001				
40746	18.895099999999999	19.027200000000001				
40749	18.895099999999999	18.9634				
40750	18.6694	18.857900000000001				
40751	18.718299999999999	18.854900000000001				
40752	18.843800000000002	18.962399999999999				
40753	18.7744	18.922499999999999				
Agosto 2/	18.848513043478263	18.976995652173912				
40756	18.829699999999999	18.957000000000001				
40757	18.814900000000002	18.949400000000001				
40758	18.811699999999998	18.937200000000001				
40759	18.799499999999998	18.9315				
40760	18.8185	18.931899999999999				
40763	18.836099999999998	18.968699999999998				
40764	18.835599999999999	18.9621				
40765	18.8355	18.962499999999999				
40766	18.843499999999999	18.962399999999999				
40767	18.8386	18.969200000000001				
40770	18.842400000000001	18.965599999999998				
40771	18.848400000000002	18.972799999999999				
40772	18.853100000000001	18.9755				
40773	18.855499999999999	18.987200000000001				
40774	18.858599999999999	18.990600000000001				
40777	18.861599999999999	18.992999999999999				
40778	18.865200000000002	18.998100000000001				
40779	18.8691	19.001100000000001				
40780	18.873000000000001	19.005099999999999				
40781	18.876799999999999	19.0059				
40784	18.879799999999999	19.0123				
40785	18.883099999999999	19.013300000000001				
40786	18.8856	19.0185				
Septiembre 2/	18.92587142857143	19.057809523809524				
40787	18.8904	19.023900000000001				
40788	18.894100000000002	19.026700000000002				
40791	18.897600000000001	19.029199999999999				
40792	18.901	19.033300000000001				
40793	18.904599999999999	19.037299999999998				
40794	18.908100000000001	19.0349				
40795	18.9117	19.035299999999999				
40798	18.915199999999999	19.048100000000002				
40799	18.918700000000001	19.051400000000001				
40800	18.9223	19.053799999999999				
40802	18.925899999999999	19.058800000000002				
40805	18.929400000000001	19.061399999999999				
40806	18.9329	19.066199999999998				
40807	18.936399999999999	19.069500000000001				
40808	18.940100000000001	19.071100000000001				
40809	18.9436	19.075800000000001				
40812	18.947199999999999	19.080500000000001				
40813	18.950600000000001	19.0839				
40814	18.9543	19.087700000000002				
40815	18.957799999999999	19.091000000000001				
40816	18.961400000000001	19.094200000000001				
Octubre 2/	18.99443888888889	19.125638888888886				
40820	18.9649	19.098500000000001				
40821	18.968399999999999	19.101800000000001				
40822	18.972000000000001	19.104800000000001				
40823	18.9755	19.104600000000001				
40826	18.978899999999999	19.103899999999999				
40827	18.9819	19.116299999999999				
40828	18.985099999999999	19.118200000000002				
40829	18.9893	19.115200000000002				
40830	18.992899999999999	19.123000000000001				
40834	18.996400000000001	19.1297				
40835	18.9999	19.132999999999999				
40836	19.003299999999999	19.136700000000001				
40837	19.006799999999998	19.137799999999999				
40841	19.009699999999999	19.143000000000001				
40842	19.013500000000001	19.1465				
40843	19.017199999999999	19.1479				
40844	19.020299999999999	19.154499999999999				
40847	19.023900000000001	19.146100000000001				
Noviembre 2/	18.983940909090908	19.115240909090911				
40848	19.026599999999998	19.159300000000002				
40849	19.011199999999999	19.151900000000001				
40850	19.03	19.1434				
40851	19.014600000000002	19.139500000000002				
40854	19.024000000000001	19.1571				
40855	19.0182	19.151800000000001				
40856	19.0154	19.150400000000001				
40857	19.011700000000001	19.1416				
40858	19.003599999999999	19.135300000000001				
40861	18.988399999999999	19.1145				
40862	18.964600000000001	19.1021				
40863	18.9724	19.1067				
40864	18.953800000000001	19.0824				
40865	18.940300000000001	19.068200000000001				
40868	18.933499999999999	19.065799999999999				
40869	18.942399999999999	19.078099999999999				
40870	18.959199999999999	19.0928				
40871	18.965299999999999	19.097899999999999				
40872	18.966699999999999	19.096900000000002				
40875	18.965800000000002	19.098199999999999				
40876	18.967500000000001	19.101199999999999				
40877	18.971499999999999	19.100200000000001				
Diciembre 2/	19.011857142857142	19.143457142857145				
40878	18.976900000000001	19.106200000000001				
40879	18.9818	19.106000000000002				
40882	18.971499999999999	19.117999999999999				
40883	18.9878	19.120999999999999				
40884	18.9908	19.1249				
40885	18.994399999999999	19.127199999999998				
40886	18.998200000000001	19.130099999999999				
40889	19.002099999999999	19.1356				
40890	19.005500000000001	19.1388				
40891	19.009	19.143000000000001				
40892	19.012499999999999	19.1464				
40893	19.016100000000002	19.1464				
40896	19.0197	19.151399999999999				
40897	19.023199999999999	19.154599999999999				
40898	19.026900000000001	19.1553				
40899	19.0305	19.1585				
40900	19.033999999999999	19.1586				
40904	19.037600000000001	19.171199999999999				
40905	19.037199999999999	19.165400000000002				
40906	19.044899999999998	19.172000000000001				
40907	19.048400000000001	19.181999999999999				
Enero 2/	19.087709523809522	19.214271428571429				
40911	19.0519	19.1858				
40912	19.055499999999999	19.1815				
40913	19.059100000000001	19.183599999999998				
40914	19.0627	19.191400000000002				
40917	19.066299999999998	19.193200000000001				
40918	19.069800000000001	19.203900000000001				
40919	19.073499999999999	19.1967				
40920	19.077000000000002	19.204999999999998				
40921	19.0806	19.2042				
40924	19.084099999999999	19.217099999999999				
40925	19.087700000000002	19.222000000000001				
40926	19.091200000000001	19.219100000000001				
40927	19.094799999999999	19.199100000000001				
40928	19.098500000000001	19.2239				
40931	19.1021	19.2256				
40932	19.105499999999999	19.2317				
40933	19.109100000000002	19.2348				
40934	19.1128	19.244199999999999				
40935	19.116399999999999	19.237100000000002				
40938	19.119900000000001	19.247599999999998				
40939	19.1234	19.252199999999998				
Febrero 2/	19.162909523809525	19.296152380952382				
40940	19.126999999999999	19.261500000000002				
40941	19.130600000000001	19.2651				
40942	19.1342	19.2684				
40945	19.137799999999999	19.264600000000002				
40946	19.141300000000001	19.2759				
40947	19.1449	19.279399999999999				
40948	19.148499999999999	19.283000000000001				
40949	19.152200000000001	19.285699999999999				
40952	19.1557	19.290400000000002				
40953	19.159300000000002	19.2898				
40954	19.1629	19.293500000000002				
40955	19.166399999999999	19.298300000000001				
40956	19.170100000000001	19.302399999999999				
40959	19.1738	19.307400000000001				
40960	19.177	19.312899999999999				
40961	19.180900000000001	19.314299999999999				
40962	19.1845	19.316199999999998				
40963	19.188099999999999	19.321400000000001				
40966	19.191700000000001	19.3248				
40967	19.1953	19.330300000000001				
40968	19.198899999999998	19.3339				
Marzo 2/	19.240354545454544	19.374445454545452				
40969	19.202500000000001	19.337299999999999				
40970	19.206099999999999	19.341000000000001				
40973	19.209700000000002	19.344799999999999				
40974	19.2133	19.3477				
40975	19.216899999999999	19.352599999999999				
40976	19.220600000000001	19.3552				
40977	19.2242	19.359100000000002				
40980	19.227699999999999	19.361799999999999				
40981	19.231300000000001	19.361999999999998				
40982	19.235399999999998	19.369399999999999				
40983	19.238600000000002	19.3733				
40984	19.242100000000001	19.374600000000001				
40987	19.245699999999999	19.380500000000001				
40988	19.249600000000001	19.382100000000001				
40989	19.2529	19.386800000000001				
40990	19.256499999999999	19.389399999999998				
40991	19.260100000000001	19.395199999999999				
40994	19.2637	19.3995				
40995	19.267299999999999	19.3995				
40996	19.270900000000001	19.405000000000001				
40997	19.2745	19.408799999999999				
40998	19.278199999999998	19.412199999999999				
Abril 2/	19.30468947368421	19.439984210526319				
41001	19.2819	19.416899999999998				
41002	19.2819	19.416899999999998				
41003	19.2819	19.416899999999998				
41008	19.2819	19.4175				
41009	19.285499999999999	19.4207				
41010	19.289100000000001	19.423200000000001				
41011	19.2926	19.4284				
41012	19.296399999999998	19.430199999999999				
41015	19.299800000000001	19.436				
41016	19.3034	19.4391				
41017	19.307099999999998	19.440899999999999				
41018	19.3108	19.446400000000001				
41019	19.314399999999999	19.4495				
41022	19.318000000000001	19.4541				
41023	19.3215	19.457899999999999				
41024	19.325299999999999	19.461400000000001				
41025	19.328900000000001	19.464500000000001				
41026	19.3325	19.4678				
41029	19.336200000000002	19.471399999999999				
Mayo2/	19.377786363636368	19.513613636363637				
41031	19.3398	19.4755				
41032	19.343299999999999	19.479299999999999				
41033	19.347000000000001	19.482700000000001				
41036	19.3506	19.486599999999999				
41037	19.354299999999999	19.490200000000002				
41038	19.357900000000001	19.493600000000001				
41039	19.361599999999999	19.497499999999999				
41040	19.364999999999998	19.501000000000001				
41043	19.3688	19.5046				
41044	19.372299999999999	19.508199999999999				
41045	19.376000000000001	19.511900000000001				
41046	19.3796	19.514900000000001				
41047	19.3825	19.519100000000002				
41050	19.386900000000001	19.5229				
41051	19.3904	19.527100000000001				
41052	19.394100000000002	19.530100000000001				
41053	19.3978	19.533899999999999				
41054	19.401399999999999	19.534400000000002				
41057	19.405100000000001	19.5397				
41058	19.4085	19.544799999999999				
41059	19.412299999999998	19.548999999999999				
41060	19.4161	19.552499999999998				
Junio2/	19.456114285714285	19.592547619047622				
41061	19.419599999999999	19.556000000000001				
41064	19.423300000000001	19.559799999999999				
41065	19.4269	19.563500000000001				
41066	19.430599999999998	19.5639				
41067	19.434200000000001	19.570599999999999				
41068	19.437899999999999	19.5748				
41071	19.441500000000001	19.5778				
41072	19.4451	19.581600000000002				
41073	19.448899999999998	19.5854				
41074	19.452500000000001	19.589300000000001				
41075	19.456099999999999	19.592700000000001				
41078	19.459800000000001	19.596599999999999				
41079	19.4634	19.599900000000002				
41080	19.467099999999999	19.603899999999999				
41081	19.470600000000001	19.607099999999999				
41082	19.474399999999999	19.6111				
41085	19.478000000000002	19.614799999999999				
41086	19.4816	19.618400000000001				
41087	19.485299999999999	19.622399999999999				
41088	19.489000000000001	19.6252				
41089	19.492599999999999	19.628699999999998				
Julio2/	19.534649999999999	19.671986363636361				
41092	19.496400000000001	19.633099999999999				
41093	19.4999	19.6371				
41094	19.503699999999998	19.640799999999999				
41095	19.507100000000001	19.644600000000001				
41096	19.510899999999999	19.648099999999999				
41099	19.514500000000002	19.651599999999998				
41100	19.5181	19.6557				
41101	19.521699999999999	19.659400000000002				
41102	19.525500000000001	19.6631				
41103	19.5291	19.666499999999999				
41106	19.532800000000002	19.670200000000001				
41107	19.5364	19.6737				
41108	19.540099999999999	19.677900000000001				
41109	19.543700000000001	19.680700000000002				
41110	19.5474	19.684899999999999				
41113	19.551100000000002	19.688500000000001				
41114	19.5548	19.6921				
41115	19.558499999999999	19.695900000000002				
41116	19.562100000000001	19.698899999999998				
41117	19.565899999999999	19.703299999999999				
41120	19.569500000000001	19.706900000000001				
41121	19.5731	19.710699999999999				
Agosto 2/	19.617239130434779	19.755047826086958				
41122	19.576799999999999	19.714600000000001				
41123	19.580500000000001	19.7181				
41124	19.584199999999999	19.721599999999999				
41127	19.587900000000001	19.725300000000001				
41128	19.5914	19.729099999999999				
41129	19.595199999999998	19.7333				
41130	19.5989	19.736599999999999				
41131	19.602599999999999	19.740400000000001				
41134	19.606200000000001	19.7441				
41135	19.6098	19.748000000000001				
41136	19.613600000000002	19.7502				
41137	19.6172	19.754899999999999				
41138	19.620899999999999	19.758900000000001				
41141	19.624600000000001	19.762799999999999				
41142	19.6282	19.766300000000001				
41143	19.632000000000001	19.7699				
41144	19.6356	19.773700000000002				
41145	19.639299999999999	19.777200000000001				
41148	19.643000000000001	19.7807				
41149	19.646799999999999	19.7849				
41150	19.650099999999998	19.7881				
41151	19.654	19.791899999999998				
41152	19.657699999999998	19.795500000000001				
Septiembre 2/	19.696494999999999	19.834785				
41155	19.6615	19.799299999999999				
41156	19.6648	19.803100000000001				
41157	19.668700000000001	19.806899999999999				
41158	19.6724	19.810600000000001				
41159	19.676100000000002	19.814				
41162	19.6797	19.818000000000001				
41163	19.683399999999999	19.821999999999999				
41164	19.687200000000001	19.825800000000001				
41165	19.690899999999999	19.829000000000001				
41166	19.694700000000001	19.8324				
41169	19.698399999999999	19.836500000000001				
41170	19.702100000000002	19.840499999999999				
41171	19.7058	19.844200000000001				
41172	19.709499999999998	19.847999999999999				
41173	19.713200000000001	19.851600000000001				
41176	19.716899999999999	19.855699999999999				
41177	19.720600000000001	19.858899999999998				
41178	19.724299999999999	19.8628				
41179	19.728000000000002	19.866299999999999				
41180	19.7317	19.870100000000001				
Octubre2/	19.770308695652176	19.908726086956527				
41183	19.735399999999998	19.8735				
41184	19.739100000000001	19.8767				
41185	19.742799999999999	19.881399999999999				
41186	19.746500000000001	19.884699999999999				
41187	19.7502	19.888500000000001				
41190	19.753900000000002	19.892199999999999				
41191	19.753900000000002	19.892299999999999				
41192	19.7576	19.895099999999999				
41193	19.761299999999999	19.8996				
41194	19.765000000000001	19.903300000000002				
41197	19.768699999999999	19.9071				
41198	19.768699999999999	19.907399999999999				
41199	19.772400000000001	19.910900000000002				
41200	19.7761	19.9148				
41201	19.779800000000002	19.9178				
41204	19.7835	19.921800000000001				
41205	19.7835	19.922499999999999				
41206	19.787199999999999	19.925899999999999				
41207	19.790900000000001	19.929300000000001				
41208	19.794599999999999	19.933700000000002				
41211	19.798300000000001	19.937000000000001				
41212	19.802	19.941099999999999				
41213	19.805700000000002	19.944099999999999				
Noviembre 2/	19.848518181818182	19.98745454545455				
41214	19.8094	19.9483				
41215	19.813099999999999	19.951000000000001				
41218	19.8169	19.9558				
41219	19.820599999999999	19.959700000000002				
41220	19.824300000000001	19.962900000000001				
41221	19.827999999999999	19.966999999999999				
41222	19.831800000000001	19.970600000000001				
41223	19.8355	19.974900000000002				
41226	19.839099999999998	19.978100000000001				
41227	19.8429	19.982500000000002				
41228	19.846699999999998	19.985700000000001				
41229	19.8504	19.989799999999999				
41232	19.854099999999999	19.992699999999999				
41233	19.857800000000001	19.9971				
41234	19.861599999999999	20.000900000000001				
41235	19.865300000000001	20.004300000000001				
41236	19.869	20.0076				
41239	19.872699999999998	20.011900000000001				
41240	19.8765	20.014900000000001				
41241	19.880199999999999	20.019100000000002				
41242	19.883900000000001	20.023				
41243	19.887599999999999	20.026199999999999				
Diciembre 2/	19.926760000000002	20.066144999999999				
41246	19.891400000000001	20.0306				
41247	19.895099999999999	20.034300000000002				
41248	19.898800000000001	20.038599999999999				
41249	19.9025	20.041599999999999				
41250	19.906300000000002	20.0457				
41253	19.91	20.048999999999999				
41254	19.913699999999999	20.0532				
41255	19.917400000000001	20.057099999999998				
41256	19.921199999999999	20.060700000000001				
41257	19.924900000000001	20.064299999999999				
41260	19.928599999999999	20.067799999999998				
41261	19.932300000000001	20.070599999999999				
41262	19.9361	20.075900000000001				
41263	19.939800000000002	20.079000000000001				
41264	19.9435	20.0825				
41267	19.947199999999999	20.0868				
41269	19.951000000000001	20.090499999999999				
41270	19.954799999999999	20.0947				
41271	19.958400000000001	20.097999999999999				
41274	19.962199999999999	20.102				
Enero 2/	20.001577272727271	20.14215909090909				
41276	19.962199999999999	20.1023				
41277	19.965900000000001	20.1052				
41278	19.9697	20.11				
41281	19.973400000000002	20.1127				
41282	19.9772	20.1173				
41283	19.980899999999998	20.121700000000001				
41284	19.9847	20.134499999999999				
41285	19.988399999999999	20.129000000000001				
41288	19.9923	20.132100000000001				
41289	19.995899999999999	20.135100000000001				
41290	19.999700000000001	20.1404				
41291	20.003399999999999	20.143599999999999				
41292	20.007300000000001	20.1477				
41295	20.010899999999999	20.151499999999999				
41296	20.014700000000001	20.154699999999998				
41297	20.0184	20.159099999999999				
41298	20.022200000000002	20.1629				
41299	20.026	20.1663				
41302	20.029699999999998	20.170100000000001				
41303	20.0335	20.173200000000001				
41304	20.037299999999998	20.177499999999998				
41305	20.041	20.180599999999998				
Febrero 2/	20.080485000000003	20.219124999999998				
41306	20.044799999999999	20.185500000000001				
41309	20.048400000000001	20.188800000000001				
41310	20.052299999999999	20.192299999999999				
41311	20.056000000000001	20.1967				
41312	20.059799999999999	20.200199999999999				
41313	20.063500000000001	20.204599999999999				
41316	20.067299999999999	20.2074				
41317	20.071000000000002	20.211600000000001				
41318	20.0748	20.215699999999998				
41319	20.078499999999998	20.219200000000001				
41320	20.0824	20.222300000000001				
41323	20.086099999999998	20.2258				
41324	20.0898	20.2301				
41325	20.093699999999998	20.235099999999999				
41326	20.0974	20.238299999999999				
41327	20.101299999999998	20.2361				
41330	20.105	20.245699999999999				
41331	20.108799999999999	20.2273				
41332	20.112500000000001	20.2484				
41333	20.116299999999999	20.2514				
Marzo 2/	20.151966666666663	20.283483333333329				
41334	20.120100000000001	20.253699999999998				
41337	20.123899999999999	20.2607				
41338	20.127600000000001	20.258700000000001				
41339	20.131399999999999	20.272400000000001				
41340	20.135200000000001	20.241				
41341	20.138999999999999	20.267099999999999				
41344	20.142700000000001	20.270900000000001				
41345	20.1465	20.286300000000001				
41346	20.150300000000001	20.275300000000001				
41347	20.1541	20.29				
41348	20.157800000000002	20.288399999999999				
41351	20.1616	20.293500000000002				
41352	20.165400000000002	20.292200000000001				
41353	20.1692	20.294599999999999				
41354	20.172899999999998	20.297599999999999				
41355	20.1767	20.3169				
41358	20.180499999999999	20.3218				
41359	20.180499999999999	20.3216				
Abril 2/	20.218327272727272	20.356895454545452				
41365	20.180499999999999	20.3218				
41366	20.1843	20.325299999999999				
41367	20.187999999999999	20.315000000000001				
41368	20.191800000000001	20.317799999999998				
41369	20.195599999999999	20.324999999999999				
41372	20.199400000000001	20.332999999999998				
41373	20.202999999999999	20.3446				
41374	20.206900000000001	20.3489				
41375	20.210699999999999	20.336200000000002				
41376	20.214500000000001	20.3553				
41379	20.218299999999999	20.3598				
41380	20.218299999999999	20.3598				
41381	20.222100000000001	20.363399999999999				
41382	20.225899999999999	20.367899999999999				
41383	20.229700000000001	20.371700000000001				
41386	20.233499999999999	20.375299999999999				
41387	20.237200000000001	20.378900000000002				
41388	20.241099999999999	20.383299999999998				
41389	20.244900000000001	20.386900000000001				
41390	20.248699999999999	20.3902				
41393	20.252500000000001	20.394300000000001				
41394	20.2563	20.397300000000001				
Mayo2/	20.299981818181816	20.442290909090914				
41396	20.260100000000001	20.402200000000001				
41397	20.2639	20.405899999999999				
41400	20.267700000000001	20.409199999999998				
41401	20.2714	20.413599999999999				
41402	20.275200000000002	20.4178				
41403	20.2791	20.421600000000002				
41404	20.282900000000001	20.4251				
41407	20.2867	20.429099999999998				
41408	20.290500000000002	20.432500000000001				
41409	20.2943	20.437100000000001				
41410	20.298100000000002	20.4404				
41411	20.3019	20.444299999999998				
41414	20.305700000000002	20.448499999999999				
41415	20.3094	20.4512				
41416	20.313300000000002	20.456				
41417	20.3171	20.459900000000001				
41418	20.320900000000002	20.4635				
41421	20.3247	20.4678				
41422	20.328399999999998	20.4709				
41423	20.3323	20.473600000000001				
41424	20.336099999999998	20.478200000000001				
41425	20.3399	20.481999999999999				
Junio2/	20.380034999999999	20.522789999999997				
41428	20.343699999999998	20.4863				
41429	20.3474	20.490400000000001				
41430	20.351400000000002	20.4909				
41431	20.3552	20.497900000000001				
41432	20.359000000000002	20.502099999999999				
41435	20.3628	20.505800000000001				
41436	20.366599999999998	20.509799999999998				
41437	20.3705	20.5137				
41438	20.374300000000002	20.5166				
41439	20.3781	20.521100000000001				
41442	20.382000000000001	20.524999999999999				
41443	20.3858	20.5288				
41444	20.389600000000002	20.532599999999999				
41445	20.3934	20.536799999999999				
41446	20.397300000000001	20.540199999999999				
41449	20.4011	20.5443				
41450	20.404800000000002	20.5472				
41451	20.4087	20.551400000000001				
41452	20.412600000000001	20.555800000000001				
41453	20.416399999999999	20.559100000000001				
Julio2/	20.45634347826087	20.599221739130439				
41456	20.420200000000001	20.562999999999999				
41457	20.4239	20.564900000000002				
41458	20.427900000000001	20.5684				
41459	20.431699999999999	20.573699999999999				
41460	20.435400000000001	20.5747				
41463	20.410699999999999	20.555399999999999				
41464	20.4192	20.563800000000001				
41465	20.432500000000001	20.577300000000001				
41466	20.446000000000002	20.589300000000001				
41467	20.450800000000001	20.5945				
41470	20.455500000000001	20.599299999999999				
41471	20.460100000000001	20.6038				
41472	20.4694	20.613099999999999				
41473	20.4786	20.622699999999998				
41474	20.4832	20.626999999999999				
41477	20.4879	20.631699999999999				
41478	20.4923	20.635200000000001				
41479	20.490600000000001	20.632899999999999				
41480	20.488800000000001	20.6313				
41481	20.482399999999998	20.624700000000001				
41484	20.475899999999999	20.617799999999999				
41485	20.4697	20.611699999999999				
41486	20.463200000000001	20.605899999999998				
Agosto 2/	20.459227272727276	20.601968181818179				
41487	20.456700000000001	20.599599999999999				
41488	20.456600000000002	20.598400000000002				
41491	20.456499999999998	20.596499999999999				
41492	20.456399999999999	20.598299999999998				
41493	20.455500000000001	20.597899999999999				
41494	20.454599999999999	20.597300000000001				
41495	20.453700000000001	20.596499999999999				
41498	20.4528	20.595600000000001				
41499	20.451899999999998	20.5945				
41500	20.452400000000001	20.595099999999999				
41501	20.4529	20.596299999999999				
41502	20.456700000000001	20.599599999999999				
41505	20.4557	20.598600000000001				
41506	20.457100000000001	20.600200000000001				
41507	20.459700000000002	20.602799999999998				
41508	20.462399999999999	20.605799999999999				
41509	20.463799999999999	20.6069				
41512	20.4651	20.608499999999999				
41513	20.4663	20.609500000000001				
41514	20.4694	20.612100000000002				
41515	20.4725	20.6159				
41516	20.474299999999999	20.6174				
Septiembre 2/	20.525571428571428	20.668633333333332				
41519	20.475999999999999	20.619399999999999				
41520	20.477699999999999	20.622				
41521	20.4831	20.627300000000002				
41522	20.488499999999998	20.6327				
41523	20.492100000000001	20.635999999999999				
41526	20.4956	20.639600000000002				
41527	20.499300000000002	20.645199999999999				
41528	20.51	20.655000000000001				
41529	20.521000000000001	20.664899999999999				
41530	20.528400000000001	20.672499999999999				
41533	20.535499999999999	20.679300000000001				
41534	20.535699999999999	20.6812				
41535	20.5427	20.682099999999998				
41536	20.551100000000002	20.6906				
41537	20.5593	20.702999999999999				
41540	20.560400000000001	20.7041				
41541	20.561399999999999	20.704899999999999				
41542	20.5624	20.6995				
41543	20.557500000000001	20.700700000000001				
41544	20.552600000000002	20.693000000000001				
41547	20.546700000000001	20.688300000000002				
Octubre2/	20.531204761904764	20.672628571428568				
41548	20.5411	20.683399999999999				
41549	20.535399999999999	20.6769				
41550	20.529499999999999	20.671500000000002				
41551	20.523800000000001	20.667000000000002				
41555	20.524000000000001	20.667400000000001				
41556	20.5242	20.660799999999998				
41557	20.5245	20.6676				
41558	20.524799999999999	20.664400000000001				
41561	20.525099999999998	20.663399999999999				
41562	20.525099999999998	20.663				
41563	20.525099999999998	20.663599999999999				
41564	20.525099999999998	20.668399999999998				
41565	20.5276	20.671299999999999				
41569	20.5303	20.6724				
41570	20.532699999999998	20.672799999999999				
41571	20.535299999999999	20.678699999999999				
41572	20.5379	20.679400000000001				
41575	20.54	20.683399999999999				
41576	20.541799999999999	20.685500000000001				
41577	20.5413	20.6815				
41578	20.540700000000001	20.6828				
Noviembre 2/	20.550342857142855	20.694152380952385				
41579	20.540099999999999	20.6829				
41582	20.536799999999999	20.68				
41583	20.5334	20.6754				
41584	20.5307	20.673500000000001				
41585	20.527799999999999	20.6708				
41586	20.525300000000001	20.668399999999998				
41589	20.526299999999999	20.67				
41590	20.5275	20.671399999999998				
41591	20.531700000000001	20.6754				
41592	20.535799999999998	20.6799				
41593	20.540099999999999	20.6843				
41596	20.547999999999998	20.6922				
41597	20.555700000000002	20.700500000000002				
41598	20.559899999999999	20.704599999999999				
41599	20.564399999999999	20.7089				
41600	20.5684	20.712399999999999				
41603	20.574300000000001	20.719000000000001				
41604	20.58	20.724499999999999				
41605	20.581800000000001	20.725899999999999				
41606	20.5837	20.727699999999999				
41607	20.5855	20.729500000000002				
Diciembre 2/	20.59389047619047	20.737766666666666				
41610	20.587800000000001	20.732199999999999				
41611	20.590499999999999	20.734200000000001				
41612	20.5914	20.735299999999999				
41613	20.592199999999998	20.7361				
41614	20.5931	20.736799999999999				
41617	20.593800000000002	20.738				
41618	20.5946	20.738700000000001				
41619	20.5947	20.738499999999998				
41620	20.5945	20.738800000000001				
41621	20.5947	20.738199999999999				
41624	20.5947	20.738600000000002				
41625	20.5947	20.738800000000001				
41626	20.5946	20.738199999999999				
41627	20.5947	20.738600000000002				
41628	20.5947	20.7378				
41631	20.5947	20.738499999999998				
41632	20.5947	20.738299999999999				
41634	20.5947	20.738399999999999				
41635	20.5947	20.738399999999999				
41638	20.5947	20.739000000000001				
41639	20.5975	20.741700000000002				
Enero 2/	20.626459090909091	20.770859090909092				
41641	20.597300000000001	20.741800000000001				
41642	20.600200000000001	20.744399999999999				
41645	20.603000000000002	20.747399999999999				
41646	20.605799999999999	20.75				
41647	20.608699999999999	20.753699999999998				
41648	20.6127	20.757400000000001				
41649	20.616599999999998	20.7607				
41652	20.617799999999999	20.761800000000001				
41653	20.6191	20.763400000000001				
41654	20.620200000000001	20.764800000000001				
41655	20.625	20.769300000000001				
41656	20.629799999999999	20.7746				
41659	20.633700000000001	20.778600000000001				
41660	20.637599999999999	20.782499999999999				
41661	20.641400000000001	20.785900000000002				
41662	20.644100000000002	20.788399999999999				
41663	20.6465	20.790600000000001				
41666	20.645399999999999	20.7896				
41667	20.644200000000001	20.7883				
41668	20.642900000000001	20.786999999999999				
41669	20.644300000000001	20.788399999999999				
41670	20.645800000000001	20.790299999999998				
Febrero 2/	20.673604999999995	20.818284999999999				
41673	20.648499999999999	20.793299999999999				
41674	20.651299999999999	20.796099999999999				
41675	20.6541	20.798500000000001				
41676	20.6571	20.8019				
41677	20.6602	20.804200000000002				
41680	20.660299999999999	20.805199999999999				
41681	20.660900000000002	20.805199999999999				
41682	20.661100000000001	20.805900000000001				
41683	20.666	20.811199999999999				
41684	20.670999999999999	20.815899999999999				
41687	20.675899999999999	20.821100000000001				
41688	20.680800000000001	20.8264				
41689	20.6858	20.8307				
41690	20.689599999999999	20.834800000000001				
41691	20.6937	20.838200000000001				
41694	20.692799999999998	20.837499999999999				
41695	20.692	20.835999999999999				
41696	20.690999999999999	20.834499999999998				
41697	20.690300000000001	20.835000000000001				
41698	20.689699999999998	20.834099999999999				
Marzo 2/	20.730138095238093	20.875390476190471				
41701	20.6891	20.834800000000001				
41702	20.6906	20.834599999999998				
41703	20.690799999999999	20.835899999999999				
41704	20.696200000000001	20.841999999999999				
41705	20.701899999999998	20.847200000000001				
41708	20.706900000000001	20.8523				
41709	20.7118	20.857800000000001				
41710	20.717099999999999	20.8629				
41711	20.7256	20.871500000000001				
41712	20.734200000000001	20.879200000000001				
41715	20.7376	20.883500000000002				
41716	20.741199999999999	20.886299999999999				
41717	20.744599999999998	20.8902				
41718	20.7498	20.895700000000001				
41719	20.754999999999999	20.9				
41722	20.756799999999998	20.9023				
41723	20.758600000000001	20.904				
41724	20.760400000000001	20.904499999999999				
41725	20.757899999999999	20.902899999999999				
41726	20.755500000000001	20.8995				
41729	20.751300000000001	20.896100000000001				
Abril 2/	20.774422222222221	20.919916666666666				
41730	20.747	20.891300000000001				
41731	20.742899999999999	20.887499999999999				
41732	20.7437	20.888200000000001				
41733	20.744800000000001	20.890699999999999				
41736	20.75	20.895800000000001				
41737	20.755400000000002	20.901299999999999				
41738	20.760999999999999	20.9072				
41739	20.770099999999999	20.916699999999999				
41740	20.779499999999999	20.924800000000001				
41744	20.782900000000001	20.927900000000001				
41750	20.783000000000001	20.928799999999999				
41751	20.786300000000001	20.932300000000001				
41752	20.7896	20.934200000000001				
41753	20.794899999999998	20.940799999999999				
41754	20.799800000000001	20.945799999999998				
41757	20.801400000000001	20.947099999999999				
41758	20.802900000000001	20.948599999999999				
41759	20.804400000000001	20.9495				
Mayo2/	20.821080952380953	20.965971428571429				
41761	20.805299999999999	20.950900000000001				
41764	20.8066	20.952100000000002				
41765	20.8063	20.9498				
41766	20.806000000000001	20.9498				
41767	20.805599999999998	20.9499				
41768	20.8063	20.951499999999999				
41771	20.807099999999998	20.952200000000001				
41772	20.808	20.953800000000001				
41773	20.8093	20.954999999999998				
41774	20.810500000000001	20.956499999999998				
41775	20.833200000000001	20.9542				
41778	20.816199999999998	20.962900000000001				
41779	20.818300000000001	20.964600000000001				
41780	20.820699999999999	20.966699999999999				
41781	20.822900000000001	20.970099999999999				
41782	20.8292	20.976299999999998				
41785	20.835699999999999	20.982900000000001				
41786	20.8398	20.9876				
41787	20.845600000000001	20.992799999999999				
41788	20.8506	20.998999999999999				
41789	20.859500000000001	21.006799999999998				
Junio2/	20.919928571428564	21.067985714285719				
41792	20.8675	21.0151				
41793	20.871300000000002	21.0183				
41794	20.874500000000001	21.021899999999999				
41795	20.879300000000001	21.032900000000001				
41796	20.885999999999999	21.034099999999999				
41799	20.893799999999999	21.041699999999999				
41800	20.8978	21.044799999999999				
41801	20.902200000000001	21.049700000000001				
41802	20.906400000000001	21.054099999999998				
41803	20.914300000000001	21.062200000000001				
41806	20.921800000000001	21.0703				
41807	20.926200000000001	21.074100000000001				
41808	20.930299999999999	21.0777				
41809	20.935300000000002	21.082999999999998				
41810	20.943000000000001	21.091200000000001				
41813	20.9512	21.099799999999998				
41814	20.954499999999999	21.103400000000001				
41815	20.959599999999998	21.106999999999999				
41816	20.9636	21.112200000000001				
41817	20.9681	21.115200000000002				
41820	20.971800000000002	21.119				
Julio2/	20.964939130434782	21.11122608695652				
41821	20.971699999999998	21.117599999999999				
41822	20.971499999999999	21.116900000000001				
41823	20.971	21.117000000000001				
41824	20.969200000000001	21.114799999999999				
41827	20.967300000000002	21.113299999999999				
41828	20.965599999999998	21.1112				
41829	20.963999999999999	21.109100000000002				
41830	20.963000000000001	21.108000000000001				
41831	20.960100000000001	21.1051				
41834	20.958200000000001	21.104099999999999				
41835	20.957599999999999	21.103100000000001				
41836	20.957100000000001	21.102799999999998				
41837	20.956600000000002	21.102699999999999				
41838	20.9574	21.103300000000001				
41841	20.958100000000002	21.104900000000001				
41842	20.959199999999999	21.105899999999998				
41843	20.9603	21.1066				
41844	20.9618	21.109000000000002				
41845	20.965699999999998	21.113499999999998				
41848	20.970099999999999	21.117899999999999				
41849	20.972799999999999	21.120699999999999				
41850	20.976400000000002	21.1233				
41851	20.978899999999999	21.127400000000002				
Agosto 2/	21.051566666666673	21.201471428571431				
41852	20.988	21.136399999999998				
41855	20.9954	21.1449				
41856	21.0017	21.151				
41857	21.005099999999999	21.156700000000001				
41858	21.013500000000001	21.1632				
41859	21.022500000000001	21.173100000000002				
41862	21.033300000000001	21.184000000000001				
41863	21.038	21.1889				
41864	21.042899999999999	21.193300000000001				
41865	21.0471	21.197199999999999				
41866	21.057700000000001	21.206700000000001				
41869	21.064399999999999	21.2149				
41870	21.0656	21.217600000000001				
41871	21.072900000000001	21.221399999999999				
41872	21.075099999999999	21.2254				
41873	21.082799999999999	21.2319				
41876	21.088999999999999	21.238199999999999				
41877	21.090399999999999	21.2408				
41878	21.094899999999999	21.2438				
41879	21.098700000000001	21.247399999999999				
41880	21.103899999999999	21.254100000000001				
Septiembre 2/	21.165071428571427	21.315409523809521				
41883	21.110399999999998	21.260899999999999				
41884	21.1157	21.2654				
41885	21.118600000000001	21.269300000000001				
41886	21.124400000000001	21.273800000000001				
41887	21.131	21.280899999999999				
41890	21.138100000000001	21.287700000000001				
41891	21.140699999999999	21.291				
41892	21.145	21.2944				
41893	21.148199999999999	21.297499999999999				
41894	21.156400000000001	21.305299999999999				
41898	21.161799999999999	21.312100000000001				
41899	21.165500000000002	21.315200000000001				
41900	21.1709	21.319900000000001				
41901	21.1751	21.3246				
41904	21.184799999999999	21.335599999999999				
41905	21.193300000000001	21.346599999999999				
41906	21.2011	21.353000000000002				
41907	21.2089	21.360099999999999				
41908	21.215	21.3674				
41911	21.225999999999999	21.376300000000001				
41912	21.235600000000002	21.386600000000001				
Octubre2/	21.288829999999997	21.43863				
41913	21.239699999999999	21.388500000000001				
41914	21.243099999999998	21.392399999999999				
41915	21.246300000000002	21.395900000000001				
41918	21.2544	21.4057				
41919	21.262599999999999	21.414300000000001				
41920	21.2698	21.420200000000001				
41921	21.2759	21.426600000000001				
41922	21.282399999999999	21.4328				
41925	21.291899999999998	21.442900000000002				
41926	21.299199999999999	21.451499999999999				
41927	21.3049	21.454599999999999				
41928	21.309000000000001	21.459299999999999				
41929	21.312200000000001	21.4618				
41932	21.314399999999999	21.464500000000001				
41933	21.316299999999998	21.465599999999998				
41934	21.315200000000001	21.463799999999999				
41935	21.313500000000001	21.4621				
41936	21.311800000000002	21.4603				
41939	21.308700000000002	21.456600000000002				
41940	21.305299999999999	21.453199999999999				
Noviembre 2/	21.354580000000006	21.505584999999996				
41946	21.3034	21.4514				
41947	21.3018	21.450099999999999				
41948	21.300599999999999	21.447800000000001				
41949	21.3033	21.450399999999998				
41950	21.304600000000001	21.453900000000001				
41953	21.309100000000001	21.459				
41954	21.311399999999999	21.463100000000001				
41955	21.3154	21.468299999999999				
41956	21.3308	21.4833				
41957	21.345199999999998	21.497800000000002				
41960	21.355399999999999	21.508900000000001				
41961	21.3659	21.518599999999999				
41962	21.3766	21.5291				
41963	21.389399999999998	21.5428				
41964	21.4039	21.555700000000002				
41967	21.4072	21.559200000000001				
41968	21.410799999999998	21.5623				
41969	21.413799999999998	21.564699999999998				
41970	21.419499999999999	21.5703				
41971	21.423500000000001	21.574999999999999				
Diciembre 2/	21.475268181818187	21.626259090909095				
41974	21.426200000000001	21.577000000000002				
41975	21.4282	21.578099999999999				
41976	21.43	21.580500000000001				
41977	21.4361	21.5868				
41978	21.441600000000001	21.5928				
41981	21.4466	21.596499999999999				
41982	21.4513	21.6022				
41983	21.4556	21.6069				
41984	21.464600000000001	21.616299999999999				
41985	21.473600000000001	21.625				
41988	21.4785	21.6296				
41989	21.482700000000001	21.6342				
41990	21.486999999999998	21.6389				
41991	21.493600000000001	21.645299999999999				
41992	21.500299999999999	21.651900000000001				
41995	21.5031	21.654299999999999				
41996	21.505400000000002	21.655799999999999				
41997	21.506699999999999	21.657800000000002				
41999	21.509799999999998	21.660900000000002				
42002	21.511099999999999	21.6616				
42003	21.511500000000002	21.662299999999998				
42004	21.5124	21.663				
Enero 2/	21.606090476190474	21.757338095238097				
42006	21.5124	21.663				
42009	21.5123	21.6629				
42010	21.5212	21.671800000000001				
42011	21.53	21.680700000000002				
42012	21.539000000000001	21.689800000000002				
42013	21.547899999999998	21.698699999999999				
42016	21.556899999999999	21.707799999999999				
42017	21.573	21.724				
42018	21.589099999999998	21.740200000000002				
42019	21.5962	21.747399999999999				
42020	21.603300000000001	21.7545				
42023	21.610499999999998	21.761800000000001				
42024	21.626100000000001	21.7775				
42025	21.6417	21.793199999999999				
42026	21.650200000000002	21.8018				
42027	21.6587	21.810300000000002				
42030	21.667200000000001	21.818899999999999				
42031	21.682099999999998	21.8339				
42032	21.696999999999999	21.8489				
42033	21.703399999999998	21.8553				
42034	21.709700000000002	21.861699999999999				
Febrero 2/	21.775470000000002	21.927895000000003				
42037	21.716100000000001	21.868099999999998				
42038	21.727699999999999	21.879799999999999				
42039	21.7393	21.891500000000001				
42040	21.744599999999998	21.896799999999999				
42041	21.749700000000001	21.901900000000001				
42044	21.754999999999999	21.907299999999999				
42045	21.764299999999999	21.916699999999999				
42046	21.773499999999999	21.925899999999999				
42047	21.7775	21.9299				
42048	21.781700000000001	21.934200000000001				
42051	21.785699999999999	21.938199999999998				
42052	21.7911	21.9436				
42053	21.796399999999998	21.949000000000002				
42054	21.797699999999999	21.950299999999999				
42055	21.799099999999999	21.951699999999999				
42058	21.8004	21.952999999999999				
42059	21.801600000000001	21.9542				
42060	21.802800000000001	21.955400000000001				
42061	21.802700000000002	21.955300000000001				
42062	21.802499999999998	21.955100000000002				
Marzo 2/	21.835825	21.988670000000003				
42065	21.802399999999999	21.954999999999998				
42066	21.802299999999999	21.954899999999999				
42067	21.802199999999999	21.954799999999999				
42068	21.802199999999999	21.954799999999999				
42069	21.802299999999999	21.954899999999999				
42072	21.802299999999999	21.954899999999999				
42073	21.807099999999998	21.959700000000002				
42074	21.812100000000001	21.9648				
42075	21.8169	21.9696				
42076	21.8217	21.974499999999999				
42079	21.826499999999999	21.979299999999999				
42080	21.837199999999999	21.990100000000002				
42081	21.847899999999999	22.000800000000002				
42082	21.8538	22.006799999999998				
42083	21.859500000000001	22.012499999999999				
42086	21.865400000000001	22.0185				
42087	21.8765	22.029599999999999				
42088	21.887499999999999	22.040700000000001				
42089	21.892800000000001	22.045999999999999				
42090	21.8979	22.051200000000001				
Abril 2/	21.940305555555558	22.093894444444445				
42100	21.903199999999998	22.0565				
42101	21.911000000000001	22.064399999999999				
42102	21.918900000000001	22.072299999999998				
42103	21.921600000000002	22.075099999999999				
42104	21.924399999999999	22.0779				
42107	21.927099999999999	22.0806				
42108	21.928699999999999	22.0822				
42109	21.930299999999999	22.0838				
42110	21.929200000000002	22.082699999999999				
42111	21.928100000000001	22.081600000000002				
42115	21.927	22.080500000000001				
42116	21.936900000000001	22.090499999999999				
42117	21.9467	22.100300000000001				
42118	21.957599999999999	22.1113				
42121	21.968499999999999	22.122299999999999				
42122	21.979399999999998	22.133299999999998				
42123	21.988800000000001	22.142700000000001				
42124	21.998100000000001	22.152100000000001				
Mayo 2/	21.93779	22.091349999999998				
42128	21.996600000000001	22.150600000000001				
42129	21.995000000000001	22.149000000000001				
42130	21.993500000000001	22.147500000000001				
42131	21.987500000000001	22.141400000000001				
42132	21.9816	22.1355				
42135	21.9773	22.1311				
42136	21.972999999999999	22.126799999999999				
42137	21.968599999999999	22.122399999999999				
42138	21.9558	22.109500000000001				
42139	21.943000000000001	22.096599999999999				
42142	21.9345	22.088000000000001				
42143	21.926100000000002	22.079599999999999				
42144	21.9176	22.071000000000002				
42145	21.905100000000001	22.058399999999999				
42146	21.892600000000002	22.0458				
42149	21.888500000000001	22.041699999999999				
42150	21.884399999999999	22.037600000000001				
42151	21.880299999999998	22.0335				
42152	21.878399999999999	22.031500000000001				
42153	21.8764	22.029499999999999				
Junio 2/	21.924704545454542	22.07817272727273				
42156	21.878499999999999	22.031600000000001				
42157	21.880500000000001	22.0337				
42158	21.8827	22.035900000000002				
42159	21.896699999999999	22.05				
42160	21.910799999999998	22.0642				
42163	21.922899999999998	22.0764				
42164	21.934899999999999	22.0884				
42165	21.946899999999999	22.1005				
42166	21.954699999999999	22.1084				
42167	21.962499999999999	22.116199999999999				
42170	21.958200000000001	22.111899999999999				
42171	21.9541	22.107800000000001				
42172	21.9498	22.103400000000001				
42173	21.942499999999999	22.0961				
42174	21.935199999999998	22.088699999999999				
42177	21.931999999999999	22.0855				
42178	21.928999999999998	22.0825				
42179	21.925899999999999	22.0794				
42180	21.9192	22.072600000000001				
42181	21.912500000000001	22.065899999999999				
42184	21.908799999999999	22.062200000000001				
42185	21.905200000000001	22.058499999999999				
Julio 2/	21.919126086956521	22.072556521739127				
42186	21.901499999999999	22.0548				
42187	21.8994	22.052700000000002				
42188	21.897200000000002	22.0505				
42191	21.898700000000002	22.052				
42192	21.900200000000002	22.0535				
42193	21.901700000000002	22.055				
42194	21.903199999999998	22.0565				
42195	21.904699999999998	22.058				
42198	21.904699999999998	22.058				
42199	21.904699999999998	22.058				
42200	21.904699999999998	22.058				
42201	21.908000000000001	22.061399999999999				
42202	21.9114	22.064800000000002				
42205	21.9148	22.068200000000001				
42206	21.918199999999999	22.0716				
42207	21.921500000000002	22.074999999999999				
42208	21.9299	22.083400000000001				
42209	21.938199999999998	22.091799999999999				
42212	21.943200000000001	22.096800000000002				
42213	21.9482	22.101800000000001				
42214	21.953199999999999	22.1069				
42215	21.9619	22.115600000000001				
42216	21.970700000000001	22.124500000000001				
Agosto 2/	21.980742857142857	22.134614285714292				
42219	21.974599999999999	22.128399999999999				
42220	21.9785	22.132300000000001				
42221	21.982299999999999	22.136199999999999				
42222	21.984000000000002	22.137899999999998				
42223	21.985600000000002	22.139500000000002				
42226	21.9834	22.1373				
42227	21.981200000000001	22.135100000000001				
42228	21.978999999999999	22.132899999999999				
42229	21.979900000000001	22.133800000000001				
42230	21.980799999999999	22.134699999999999				
42233	21.984000000000002	22.137899999999998				
42234	21.987200000000001	22.141100000000002				
42235	21.990300000000001	22.144200000000001				
42236	21.989599999999999	22.1435				
42237	21.988900000000001	22.142800000000001				
42240	21.985099999999999	22.138999999999999				
42241	21.981300000000001	22.135200000000001				
42242	21.977499999999999	22.1313				
42243	21.971800000000002	22.125599999999999				
42244	21.966200000000001	22.12				
42247	21.964400000000001	22.118200000000002				
Septiembre 2/	21.948009523809521	22.101642857142863				
42248	21.962499999999999	22.116199999999999				
42249	21.960599999999999	22.1143				
42250	21.948899999999998	22.102499999999999				
42251	21.937100000000001	22.090699999999998				
42254	21.927099999999999	22.0806				
42255	21.917200000000001	22.070599999999999				
42256	21.9072	22.060600000000001				
42257	21.907	22.060300000000002				
42258	21.9068	22.060099999999998				
42261	21.916599999999999	22.07				
42263	21.926300000000001	22.079799999999999				
42264	21.9361	22.089700000000001				
42265	21.9497	22.103300000000001				
42268	21.9634	22.117100000000001				
42269	21.967300000000002	22.121099999999998				
42270	21.9712	22.125				
42271	21.975200000000001	22.129000000000001				
42272	21.978999999999999	22.132899999999999				
42275	21.983000000000001	22.136900000000001				
42276	21.983000000000001	22.136900000000001				
42277	21.983000000000001	22.136900000000001				
Octubre 2/	22.038531578947371	22.192799999999995				
42278	21.983000000000001	22.136900000000001				
42279	21.991199999999999	22.145099999999999				
42282	21.999500000000001	22.153500000000001				
42283	22.0078	22.161899999999999				
42289	22.016200000000001	22.170300000000001				
42290	22.0245	22.178699999999999				
42291	22.0349	22.1891				
42292	22.045400000000001	22.1997				
42293	22.047599999999999	22.201899999999998				
42296	22.049700000000001	22.204000000000001				
42297	22.0519	22.206299999999999				
42298	22.054099999999998	22.208500000000001				
42299	22.0563	22.210699999999999				
42300	22.0563	22.210699999999999				
42303	22.0563	22.210699999999999				
42304	22.0563	22.210699999999999				
42305	22.061599999999999	22.216000000000001				
42306	22.0671	22.221599999999999				
42307	22.072399999999998	22.226900000000001				
Noviembre 2/	22.145080952380948	22.300095238095238				
42310	22.0778	22.232299999999999				
42311	22.083100000000002	22.2377				
42312	22.092700000000001	22.247299999999999				
42313	22.1022	22.256900000000002				
42314	22.106400000000001	22.261099999999999				
42317	22.110600000000002	22.2654				
42318	22.114799999999999	22.269600000000001				
42319	22.123100000000001	22.277999999999999				
42320	22.131599999999999	22.2865				
42321	22.135999999999999	22.291				
42324	22.1402	22.295200000000001				
42325	22.144600000000001	22.299600000000002				
42326	22.155100000000001	22.310199999999998				
42327	22.165600000000001	22.320799999999998				
42328	22.171700000000001	22.326899999999998				
42331	22.178000000000001	22.333200000000001				
42332	22.184100000000001	22.339400000000001				
42333	22.1953	22.3507				
42334	22.206399999999999	22.361799999999999				
42335	22.211200000000002	22.366700000000002				
42338	22.216200000000001	22.371700000000001				
Diciembre 2/	22.290499999999994	22.446531818181821				
42339	22.221	22.3765				
42340	22.229700000000001	22.385300000000001				
42341	22.238399999999999	22.394100000000002				
42342	22.242100000000001	22.3978				
42345	22.245899999999999	22.401599999999998				
42346	22.249600000000001	22.4053				
42347	22.2578	22.413599999999999				
42348	22.265899999999998	22.421800000000001				
42349	22.270199999999999	22.426100000000002				
42352	22.2744	22.430299999999999				
42353	22.2788	22.434799999999999				
42354	22.289400000000001	22.445399999999999				
42355	22.299900000000001	22.456				
42356	22.3062	22.462299999999999				
42359	22.3124	22.468599999999999				
42360	22.3187	22.474900000000002				
42361	22.329799999999999	22.4861				
42362	22.340900000000001	22.497299999999999				
42366	22.345800000000001	22.502199999999998				
42367	22.3508	22.507300000000001				
42368	22.355699999999999	22.5122				
42369	22.367599999999999	22.5242				
Enero 2/	22.454819999999994	22.612015				
42373	22.367599999999999	22.5242				
42374	22.3794	22.536100000000001				
42375	22.386199999999999	22.542899999999999				
42376	22.3931	22.549900000000001				
42377	22.4	22.556799999999999				
42380	22.4115	22.5684				
42381	22.422899999999998	22.579899999999999				
42382	22.427499999999998	22.584499999999998				
42383	22.431899999999999	22.588899999999999				
42384	22.436399999999999	22.593499999999999				
42387	22.452100000000002	22.609300000000001				
42388	22.4678	22.6251				
42389	22.478899999999999	22.636299999999999				
42390	22.490100000000002	22.647500000000001				
42391	22.501200000000001	22.6587				
42394	22.5152	22.672799999999999				
42395	22.529299999999999	22.687000000000001				
42396	22.5322	22.689900000000002				
42397	22.5351	22.692799999999998				
42398	22.538	22.695799999999998				
Febrero 2/	22.587499999999999	22.745595238095245				
42401	22.547799999999999	22.7056				
42402	22.557500000000001	22.715399999999999				
42403	22.564399999999999	22.7224				
42404	22.571300000000001	22.729299999999999				
42405	22.578099999999999	22.7361				
42408	22.584900000000001	22.742999999999999				
42409	22.591799999999999	22.7499				
42410	22.591799999999999	22.7499				
42411	22.591799999999999	22.7499				
42412	22.591799999999999	22.7499				
42415	22.591799999999999	22.7499				
42416	22.591799999999999	22.7499				
42417	22.591799999999999	22.7499				
42418	22.591799999999999	22.7499				
42419	22.591799999999999	22.7499				
42422	22.5945	22.752700000000001				
42423	22.597100000000001	22.755299999999998				
42424	22.599900000000002	22.758099999999999				
42425	22.602599999999999	22.7608				
42426	22.6053	22.763500000000001				
42429	22.607900000000001	22.766200000000001				
Marzo 2/	22.626094444444441	22.784505555555555				
42430	22.610700000000001	22.768999999999998				
42431	22.610700000000001	22.768999999999998				
42432	22.610700000000001	22.768999999999998				
42433	22.610700000000001	22.768999999999998				
42436	22.6143	22.772600000000001				
42437	22.617799999999999	22.7761				
42438	22.621500000000001	22.779900000000001				
42439	22.6251	22.7835				
42440	22.628699999999998	22.787099999999999				
42443	22.632300000000001	22.790700000000001				
42444	22.635899999999999	22.7944				
42445	22.635899999999999	22.7944				
42446	22.635899999999999	22.7944				
42447	22.635899999999999	22.7944				
42457	22.635899999999999	22.7944				
42458	22.635899999999999	22.7944				
42459	22.635899999999999	22.7944				
42460	22.635899999999999	22.7944				
Abril 2/	22.590244999999999	22.748380000000001				
42461	22.635899999999999	22.7944				
42464	22.6312	22.7896				
42465	22.6264	22.784800000000001				
42466	22.621700000000001	22.780100000000001				
42467	22.616800000000001	22.775099999999998				
42468	22.612100000000002	22.770399999999999				
42471	22.599900000000002	22.758099999999999				
42472	22.587499999999999	22.7456				
42473	22.580100000000002	22.738199999999999				
42474	22.572600000000001	22.730599999999999				
42475	22.565100000000001	22.723099999999999				
42479	22.562200000000001	22.720099999999999				
42480	22.5594	22.717300000000002				
42481	22.564	22.721900000000002				
42482	22.5686	22.726600000000001				
42485	22.5732	22.731200000000001				
42486	22.578099999999999	22.7361				
42487	22.583100000000002	22.741199999999999				
42488	22.583400000000001	22.741499999999998				
42489	22.583600000000001	22.741700000000002				
Mayo 2/	22.608000000000001	22.766238095238101				
42493	22.5839	22.742000000000001				
42494	22.5853	22.743400000000001				
42495	22.5868	22.744900000000001				
42496	22.587900000000001	22.745999999999999				
42499	22.589099999999998	22.747199999999999				
42500	22.590199999999999	22.7483				
42501	22.5914	22.749500000000001				
42502	22.592500000000001	22.750599999999999				
42503	22.592500000000001	22.750599999999999				
42506	22.592500000000001	22.750599999999999				
42507	22.592500000000001	22.750599999999999				
42508	22.5977	22.7559				
42509	22.603000000000002	22.761199999999999				
42510	22.6082	22.766500000000001				
42513	22.613399999999999	22.771699999999999				
42514	22.618600000000001	22.776900000000001				
42515	22.630700000000001	22.789100000000001				
42516	22.642800000000001	22.801300000000001				
42517	22.6496	22.8081				
42520	22.656300000000002	22.814900000000002				
42521	22.6631	22.8217				
Junio 2/	22.741709090909094	22.900890909090915				
42522	22.677499999999998	22.836200000000002				
42523	22.692	22.8508				
42524	22.6996	22.858499999999999				
42527	22.7073	22.866299999999999				
42528	22.715	22.873999999999999				
42529	22.725200000000001	22.8843				
42530	22.735499999999998	22.894600000000001				
42531	22.738099999999999	22.897300000000001				
42534	22.7408	22.9				
42535	22.743400000000001	22.9026				
42536	22.745999999999999	22.905200000000001				
42537	22.7486	22.907800000000002				
42538	22.7486	22.907800000000002				
42541	22.7486	22.907800000000002				
42542	22.7486	22.907800000000002				
42543	22.7544	22.913699999999999				
42544	22.760200000000001	22.919499999999999				
42545	22.765999999999998	22.9254				
42548	22.771899999999999	22.9313				
42549	22.7776	22.937000000000001				
42550	22.7835	22.943000000000001				
42551	22.789200000000001	22.948699999999999				
Julio 2/	22.839438095238094	22.999314285714288				
42552	22.789200000000001	22.948699999999999				
42555	22.789200000000001	22.948699999999999				
42556	22.789200000000001	22.948699999999999				
42557	22.798400000000001	22.957999999999998				
42558	22.807700000000001	22.967400000000001				
42559	22.8169	22.976600000000001				
42562	22.8261	22.985900000000001				
42563	22.8353	22.995100000000001				
42564	22.8446	23.0045				
42565	22.8538	23.0138				
42566	22.8538	23.0138				
42569	22.8538	23.0138				
42570	22.8538	23.0138				
42571	22.856200000000001	23.016200000000001				
42572	22.858699999999999	23.018699999999999				
42573	22.8611	23.021100000000001				
42576	22.863700000000001	23.023700000000002				
42577	22.866099999999999	23.026199999999999				
42578	22.868600000000001	23.028700000000001				
42579	22.870999999999999	23.031099999999999				
42580	22.870999999999999	23.031099999999999				
Agosto 2/	22.888978260869568	23.049226086956523				
42583	22.870999999999999	23.031099999999999				
42584	22.870999999999999	23.031099999999999				
42585	22.874300000000002	23.034400000000002				
42586	22.877500000000001	23.037600000000001				
42587	22.880700000000001	23.040900000000001				
42590	22.8841	23.0443				
42591	22.8873	23.047499999999999				
42592	22.890499999999999	23.050699999999999				
42593	22.893799999999999	23.054099999999998				
42594	22.893799999999999	23.054099999999998				
42597	22.893799999999999	23.054099999999998				
42598	22.893799999999999	23.054099999999998				
42599	22.893799999999999	23.054099999999998				
42600	22.893799999999999	23.054099999999998				
42601	22.893799999999999	23.054099999999998				
42604	22.893799999999999	23.054099999999998				
42605	22.893799999999999	23.054099999999998				
42606	22.893799999999999	23.054099999999998				
42607	22.893799999999999	23.054099999999998				
42608	22.893799999999999	23.054099999999998				
42611	22.893799999999999	23.054099999999998				
42612	22.893799999999999	23.054099999999998				
42613	22.896899999999999	23.057200000000002				
Septiembre 2/	22.965619047619043	23.126376190476186				
42614	22.899899999999999	23.060199999999998				
42615	22.903099999999998	23.063400000000001				
42618	22.906099999999999	23.066400000000002				
42619	22.909199999999998	23.069600000000001				
42620	22.9223	23.082799999999999				
42621	22.935199999999998	23.095700000000001				
42622	22.9451	23.105699999999999				
42625	22.955100000000002	23.1158				
42626	22.965	23.125800000000002				
42627	22.974900000000002	23.1357				
42629	22.9848	23.145700000000001				
42632	22.9848	23.145700000000001				
42633	22.9848	23.145700000000001				
42634	22.9848	23.145700000000001				
42635	22.988199999999999	23.149100000000001				
42636	22.991700000000002	23.1526				
42639	22.995200000000001	23.156199999999998				
42640	22.998699999999999	23.159700000000001				
42641	23.002099999999999	23.1631				
42642	23.016400000000001	23.177499999999998				
42643	23.0306	23.191800000000001				
Octubre 2/	23.081483333333335	23.243055555555554				
42646	23.041399999999999	23.2027				
42647	23.052199999999999	23.2136				
42653	23.062999999999999	23.224399999999999				
42654	23.073799999999999	23.235299999999999				
42655	23.084599999999998	23.246200000000002				
42656	23.084599999999998	23.246200000000002				
42657	23.084599999999998	23.246200000000002				
42660	23.084599999999998	23.246200000000002				
42661	23.084599999999998	23.246200000000002				
42662	23.084599999999998	23.246200000000002				
42663	23.084599999999998	23.246200000000002				
42664	23.084599999999998	23.246200000000002				
42667	23.084599999999998	23.246200000000002				
42668	23.088000000000001	23.249600000000001				
42669	23.0915	23.2531				
42670	23.094999999999999	23.256699999999999				
42671	23.098500000000001	23.260200000000001				
42674	23.101900000000001	23.2636				
Noviembre 2/	23.180459090909093	23.342731818181822				
42675	23.108000000000001	23.2698				
42676	23.114100000000001	23.2759				
42677	23.116700000000002	23.278500000000001				
42678	23.119199999999999	23.280999999999999				
42681	23.1218	23.2837				
42682	23.1282	23.290099999999999				
42683	23.134699999999999	23.296600000000002				
42684	23.138500000000001	23.3005				
42685	23.142299999999999	23.304300000000001				
42688	23.1462	23.308199999999999				
42689	23.15	23.312100000000001				
42690	23.1538	23.315899999999999				
42691	23.1538	23.315899999999999				
42692	23.1538	23.315899999999999				
42695	23.1538	23.315899999999999				
42696	23.183399999999999	23.345700000000001				
42697	23.213100000000001	23.375599999999999				
42698	23.242699999999999	23.4054				
42699	23.272400000000001	23.435300000000002				
42702	23.302	23.4651				
42703	23.341200000000001	23.5046				
42704	23.380400000000002	23.5441				
Diciembre 2/	23.456028571428583	23.620228571428566				
42705	23.389900000000001	23.553599999999999				
42706	23.3994	23.563199999999998				
42709	23.408899999999999	23.572800000000001				
42710	23.424299999999999	23.5883				
42711	23.439699999999998	23.6038				
42712	23.445499999999999	23.6096				
42713	23.451499999999999	23.6157				
42716	23.4574	23.621600000000001				
42717	23.463200000000001	23.627400000000002				
42718	23.469100000000001	23.633400000000002				
42719	23.469100000000001	23.633400000000002				
42720	23.469100000000001	23.633400000000002				
42723	23.469100000000001	23.633400000000002				
42724	23.469100000000001	23.633400000000002				
42725	23.469100000000001	23.633400000000002				
42726	23.469100000000001	23.633400000000002				
42727	23.469100000000001	23.633400000000002				
42731	23.469100000000001	23.633400000000002				
42732	23.480399999999999	23.6448				
42733	23.491599999999998	23.655999999999999				
42734	23.5029	23.667400000000001				
Enero 2/	23.587390476190478	23.752509523809529				
42738	23.5029	23.667400000000001				
42739	23.514199999999999	23.678799999999999				
42740	23.525500000000001	23.690200000000001				
42741	23.541499999999999	23.706299999999999				
42744	23.557500000000001	23.7224				
42745	23.5623	23.7272				
42746	23.5669	23.7319				
42747	23.5717	23.736699999999999				
42748	23.582699999999999	23.747800000000002				
42751	23.593599999999999	23.758800000000001				
42752	23.599799999999998	23.765000000000001				
42753	23.606000000000002	23.7712				
42754	23.612200000000001	23.7775				
42755	23.619	23.784300000000002				
42758	23.625699999999998	23.7911				
42759	23.626300000000001	23.791699999999999				
42760	23.626899999999999	23.792300000000001				
42761	23.627500000000001	23.792899999999999				
42762	23.626000000000001	23.791399999999999				
42765	23.624500000000001	23.789899999999999				
42766	23.622499999999999	23.7879				
Febrero 2/	23.567299999999999	23.732265000000002				
42767	23.6205	23.785799999999998				
42768	23.618400000000001	23.7837				
42769	23.610499999999998	23.7758				
42772	23.602499999999999	23.767700000000001				
42773	23.596599999999999	23.761800000000001				
42774	23.590699999999998	23.755800000000001				
42775	23.584800000000001	23.7499				
42776	23.5731	23.738099999999999				
42779	23.561399999999999	23.726299999999998				
42780	23.555499999999999	23.720400000000001				
42781	23.549700000000001	23.714500000000001				
42782	23.543800000000001	23.708600000000001				
42783	23.540299999999998	23.705100000000002				
42786	23.5366	23.7014				
42787	23.538900000000002	23.703700000000001				
42788	23.5411	23.7059				
42789	23.543299999999999	23.708100000000002				
42790	23.545100000000001	23.709900000000001				
42793	23.546800000000001	23.711600000000001				
42794	23.546399999999998	23.711200000000002				
Marzo 2/	23.531665217391303	23.696391304347827				
42795	23.545999999999999	23.710799999999999				
42796	23.5456	23.7104				
42797	23.5443	23.709099999999999				
42800	23.543099999999999	23.707899999999999				
42801	23.542300000000001	23.707100000000001				
42802	23.541399999999999	23.706199999999999				
42803	23.540600000000001	23.705400000000001				
42804	23.5395	23.7043				
42807	23.538399999999999	23.703199999999999				
42808	23.5381	23.7029				
42809	23.537600000000001	23.702400000000001				
42810	23.537299999999998	23.702100000000002				
42811	23.535799999999998	23.700600000000001				
42814	23.534300000000002	23.699000000000002				
42815	23.533100000000001	23.697800000000001				
42816	23.5318	23.6965				
42817	23.5306	23.6953				
42818	23.524899999999999	23.689599999999999				
42821	23.519200000000001	23.683800000000002				
42822	23.514600000000002	23.679200000000002				
42823	23.510200000000001	23.674800000000001				
42824	23.505600000000001	23.670100000000001				
42825	23.494	23.6585				
Abril 2/	23.462326666666666	23.626559999999998				
42828	23.482399999999998	23.646799999999999				
42829	23.475300000000001	23.639600000000002				
42830	23.468299999999999	23.6326				
42831	23.461200000000002	23.625399999999999				
42832	23.454699999999999	23.6189				
42842	23.448399999999999	23.612500000000001				
42843	23.449100000000001	23.613199999999999				
42844	23.4498	23.613900000000001				
42845	23.450500000000002	23.614699999999999				
42846	23.455300000000001	23.619499999999999				
42849	23.4602	23.624400000000001				
42850	23.464300000000001	23.628599999999999				
42851	23.468399999999999	23.6327				
42852	23.4725	23.636800000000001				
42853	23.474499999999999	23.6388				
Mayo 2/	23.470236363636367	23.634527272727272				
42857	23.476500000000001	23.640799999999999				
42858	23.474399999999999	23.6387				
42859	23.4724	23.636700000000001				
42860	23.470300000000002	23.634599999999999				
42863	23.467500000000001	23.631799999999998				
42864	23.464600000000001	23.628900000000002				
42865	23.463899999999999	23.6281				
42866	23.4633	23.627500000000001				
42867	23.462599999999998	23.626799999999999				
42870	23.4634	23.627600000000001				
42871	23.464300000000001	23.628599999999999				
42872	23.465900000000001	23.630199999999999				
42873	23.467500000000001	23.631799999999998				
42874	23.469100000000001	23.633400000000002				
42877	23.4724	23.636700000000001				
42878	23.4757	23.64				
42879	23.477499999999999	23.6418				
42880	23.479299999999999	23.643699999999999				
42881	23.481000000000002	23.645399999999999				
42884	23.476400000000002	23.640699999999999				
42885	23.471800000000002	23.636099999999999				
42886	23.465399999999999	23.6297				
Junio 2/	23.44368636363636	23.607795454545453				
42887	23.459099999999999	23.6233				
42888	23.4527	23.616900000000001				
42891	23.4466	23.610700000000001				
42892	23.4406	23.604700000000001				
42893	23.440899999999999	23.605				
42894	23.441199999999998	23.6053				
42895	23.441500000000001	23.605599999999999				
42898	23.441800000000001	23.605899999999998				
42899	23.4421	23.606200000000001				
42900	23.4421	23.606200000000001				
42901	23.4421	23.606200000000001				
42902	23.4421	23.606200000000001				
42905	23.4421	23.606200000000001				
42906	23.4421	23.606200000000001				
42907	23.4421	23.606200000000001				
42908	23.4421	23.606200000000001				
42909	23.4421	23.606200000000001				
42912	23.442599999999999	23.6067				
42913	23.443100000000001	23.607199999999999				
42914	23.4436	23.607700000000001				
42915	23.443999999999999	23.6081				
42916	23.444500000000001	23.608599999999999				
Julio 2/	23.434961904761906	23.599004761904762				
42919	23.447299999999998	23.6114				
42920	23.4499	23.614000000000001				
42921	23.452100000000002	23.616299999999999				
42922	23.4543	23.618500000000001				
42923	23.456499999999998	23.620699999999999				
42926	23.4527	23.616900000000001				
42927	23.449000000000002	23.613099999999999				
42928	23.443000000000001	23.607099999999999				
42929	23.437100000000001	23.601199999999999				
42930	23.431100000000001	23.595099999999999				
42933	23.4282	23.592199999999998				
42934	23.4252	23.589200000000002				
42935	23.4283	23.592300000000002				
42936	23.4312	23.595199999999998				
42937	23.434200000000001	23.598199999999999				
42940	23.4316	23.595600000000001				
42941	23.428899999999999	23.5929				
42942	23.423200000000001	23.587199999999999				
42943	23.4175	23.581399999999999				
42944	23.411799999999999	23.575700000000001				
42947	23.4011	23.564900000000002				
Agosto 2/	23.372326086956527	23.535952173913046				
42948	23.3904	23.554099999999998				
42949	23.385300000000001	23.548999999999999				
42950	23.380299999999998	23.544				
42951	23.3752	23.538799999999998				
42954	23.3703	23.533899999999999				
42955	23.365200000000002	23.5288				
42956	23.365200000000002	23.5288				
42957	23.365200000000002	23.5288				
42958	23.365200000000002	23.5288				
42961	23.365200000000002	23.5288				
42962	23.365200000000002	23.5288				
42963	23.365200000000002	23.5288				
42964	23.365200000000002	23.5288				
42965	23.365200000000002	23.5288				
42968	23.3674	23.530999999999999				
42969	23.369399999999999	23.533000000000001				
42970	23.371500000000001	23.5351				
42971	23.3735	23.537099999999999				
42972	23.375599999999999	23.539200000000001				
42975	23.377800000000001	23.541399999999999				
42976	23.379899999999999	23.543600000000001				
42977	23.38	23.543700000000001				
42978	23.380099999999999	23.543800000000001				
Septiembre 2/	23.382735000000004	23.54644				
42979	23.380199999999999	23.543900000000001				
42982	23.380199999999999	23.543900000000001				
42983	23.380299999999998	23.544				
42984	23.380299999999998	23.544				
42985	23.380299999999998	23.544				
42986	23.380299999999998	23.544				
42989	23.380600000000001	23.5443				
42990	23.380800000000001	23.544499999999999				
42991	23.3811	23.544799999999999				
42992	23.381399999999999	23.545100000000001				
42996	23.381699999999999	23.545400000000001				
42997	23.381900000000002	23.5456				
42998	23.382200000000001	23.5459				
42999	23.382200000000001	23.5459				
43000	23.382200000000001	23.5459				
43003	23.382200000000001	23.5459				
43004	23.385000000000002	23.5487				
43005	23.387799999999999	23.551500000000001				
43006	23.390599999999999	23.554300000000001				
43007	23.3934	23.557200000000002				
Octubre 2/	23.466164705882356	23.630423529411761				
43017	23.3962	23.56				
43018	23.404900000000001	23.5687				
43019	23.413599999999999	23.577500000000001				
43020	23.419599999999999	23.583500000000001				
43021	23.4255	23.589500000000001				
43024	23.4315	23.595500000000001				
43025	23.446300000000001	23.610399999999998				
43026	23.461300000000001	23.625499999999999				
43027	23.470300000000002	23.634599999999999				
43028	23.479399999999998	23.643799999999999				
43031	23.488399999999999	23.652799999999999				
43032	23.5	23.6645				
43033	23.511700000000001	23.676300000000001				
43034	23.514399999999998	23.678999999999998				
43035	23.516999999999999	23.6816				
43038	23.5198	23.6844				
43039	23.524899999999999	23.689599999999999				
Noviembre 2/	23.568261904761901	23.733242857142859				
43040	23.530200000000001	23.694900000000001				
43041	23.532699999999998	23.697399999999998				
43042	23.5351	23.6998				
43045	23.537600000000001	23.702400000000001				
43046	23.546099999999999	23.710899999999999				
43047	23.5547	23.7196				
43048	23.560700000000001	23.7256				
43049	23.566600000000001	23.7316				
43052	23.572600000000001	23.7376				
43053	23.5791	23.744199999999999				
43054	23.5854	23.750499999999999				
43055	23.585799999999999	23.750900000000001				
43056	23.586300000000001	23.7514				
43059	23.5867	23.751799999999999				
43060	23.585899999999999	23.751000000000001				
43061	23.585000000000001	23.7501				
43062	23.5838	23.748899999999999				
43063	23.582599999999999	23.747699999999998				
43067	23.581399999999999	23.746500000000001				
43068	23.578900000000001	23.744				
43069	23.5763	23.741299999999999				
Diciembre 2/	23.557952631578946	23.722863157894732				
43073	23.573799999999999	23.738800000000001				
43074	23.572600000000001	23.7376				
43075	23.5655	23.730499999999999				
43076	23.558499999999999	23.723400000000002				
43077	23.552700000000002	23.717600000000001				
43080	23.546900000000001	23.7117				
43081	23.5412	23.706				
43082	23.5382	23.702999999999999				
43083	23.5352	23.6999				
43084	23.5381	23.7029				
43087	23.540900000000001	23.7057				
43088	23.543700000000001	23.708500000000001				
43089	23.5519	23.716799999999999				
43090	23.56	23.724900000000002				
43091	23.565300000000001	23.7303				
43095	23.570699999999999	23.735700000000001				
43096	23.576000000000001	23.741				
43097	23.582000000000001	23.7471				
43098	23.587900000000001	23.753				
Enero 2/	23.598881818181816	23.764049999999987				
43102	23.587900000000001	23.753				
43103	23.5886	23.753699999999998				
43104	23.589200000000002	23.754300000000001				
43105	23.5898	23.754899999999999				
43108	23.592600000000001	23.7577				
43109	23.595400000000001	23.7606				
43110	23.5975	23.762699999999999				
43111	23.599799999999998	23.765000000000001				
43112	23.601900000000001	23.767099999999999				
43115	23.604099999999999	23.769300000000001				
43116	23.606200000000001	23.7714				
43117	23.606200000000001	23.7714				
43118	23.606200000000001	23.7714				
43119	23.606200000000001	23.7714				
43122	23.606200000000001	23.7714				
43123	23.606200000000001	23.7714				
43124	23.606200000000001	23.7714				
43125	23.606200000000001	23.7714				
43126	23.606200000000001	23.7714				
43129	23.598500000000001	23.7637				
43130	23.591000000000001	23.7561				
43131	23.583300000000001	23.7484				
Febrero 2/	23.563805000000002	23.728764999999999				
43132	23.575700000000001	23.7407				
43133	23.568000000000001	23.733000000000001				
43136	23.560500000000001	23.7254				
43137	23.552800000000001	23.717700000000001				
43138	23.552800000000001	23.717700000000001				
43139	23.552800000000001	23.717700000000001				
43140	23.552800000000001	23.717700000000001				
43143	23.552299999999999	23.717199999999998				
43144	23.5517	23.7166				
43145	23.551200000000001	23.716100000000001				
43146	23.550699999999999	23.715599999999998				
43147	23.5502	23.7151				
43150	23.556000000000001	23.7209				
43151	23.562000000000001	23.726900000000001				
43152	23.5685	23.733499999999999				
43153	23.574999999999999	23.74				
43154	23.581499999999998	23.746600000000001				
43157	23.5854	23.750499999999999				
43158	23.589400000000001	23.7545				
43159	23.5868	23.751899999999999				
Marzo 2/	23.616310526315797	23.781631578947369				
43160	23.584299999999999	23.749400000000001				
43161	23.581800000000001	23.7469				
43164	23.584499999999998	23.749600000000001				
43165	23.587199999999999	23.752300000000002				
43166	23.592500000000001	23.7576				
43167	23.597799999999999	23.763000000000002				
43168	23.603100000000001	23.7683				
43171	23.611799999999999	23.777100000000001				
43172	23.6205	23.785799999999998				
43173	23.623899999999999	23.789300000000001				
43174	23.627300000000002	23.7927				
43175	23.630800000000001	23.796199999999999				
43178	23.6342	23.799600000000002				
43179	23.637599999999999	23.803100000000001				
43180	23.637599999999999	23.803100000000001				
43181	23.637599999999999	23.803100000000001				
43182	23.637599999999999	23.803100000000001				
43185	23.639900000000001	23.805399999999999				
43186	23.639900000000001	23.805399999999999				
Abril 2/	23.651419047619044	23.816995238095235				
43192	23.639900000000001	23.805399999999999				
43193	23.642099999999999	23.807600000000001				
43194	23.644300000000001	23.809799999999999				
43195	23.646599999999999	23.812100000000001				
43196	23.648800000000001	23.814299999999999				
43199	23.6511	23.816700000000001				
43200	23.653300000000002	23.818899999999999				
43201	23.653300000000002	23.818899999999999				
43202	23.653300000000002	23.818899999999999				
43203	23.653300000000002	23.818899999999999				
43206	23.653300000000002	23.818899999999999				
43207	23.653400000000001	23.818999999999999				
43208	23.653400000000001	23.818999999999999				
43209	23.653400000000001	23.818999999999999				
43210	23.653400000000001	23.818999999999999				
43213	23.653500000000001	23.819099999999999				
43214	23.653500000000001	23.819099999999999				
43215	23.653500000000001	23.819099999999999				
43216	23.653500000000001	23.819099999999999				
43217	23.653500000000001	23.819099999999999				
43220	23.659400000000002	23.824999999999999				
Mayo2/	23.801586363636364	23.968209090909092				
43222	23.665199999999999	23.8309				
43223	23.671099999999999	23.8368				
43224	23.6769	23.842600000000001				
43227	23.6828	23.848600000000001				
43228	23.7029	23.8688				
43229	23.722899999999999	23.888999999999999				
43230	23.737100000000002	23.903300000000002				
43231	23.751300000000001	23.9176				
43234	23.765499999999999	23.931899999999999				
43235	23.791	23.9575				
43236	23.816500000000001	23.9832				
43237	23.8278	23.994599999999998				
43238	23.838999999999999	24.0059				
43241	23.850300000000001	24.017299999999999				
43242	23.865600000000001	24.032699999999998				
43243	23.880800000000001	24.047999999999998				
43244	23.884799999999998	24.052				
43245	23.8888	24.056000000000001				
43248	23.892800000000001	24.06				
43249	23.900600000000001	24.067900000000002				
43250	23.9086	24.076000000000001				
43251	23.912600000000001	24.08				
Junio2/	23.952557142857145	24.120228571428569				
43252	23.916599999999999	24.084				
43255	23.920500000000001	24.087900000000001				
43256	23.927099999999999	24.0946				
43257	23.933800000000002	24.101299999999998				
43258	23.936399999999999	24.103999999999999				
43259	23.9389	24.1065				
43262	23.941500000000001	24.109100000000002				
43263	23.946100000000001	24.113700000000001				
43264	23.950500000000002	24.118200000000002				
43265	23.952400000000001	24.120100000000001				
43266	23.9543	24.122				
43269	23.956099999999999	24.123799999999999				
43270	23.959199999999999	24.126899999999999				
43271	23.962399999999999	24.130099999999999				
43272	23.9636	24.1313				
43273	23.9648	24.1326				
43276	23.966000000000001	24.133800000000001				
43277	23.971299999999999	24.139099999999999				
43278	23.976700000000001	24.144500000000001				
43279	23.980699999999999	24.148599999999998				
43280	23.9848	24.152699999999999				
Julio 2/	23.986168181818183	24.154063636363638				
43283	23.988800000000001	24.156700000000001				
43284	23.992000000000001	24.1599				
43285	23.995200000000001	24.1632				
43286	23.994299999999999	24.162299999999998				
43287	23.993500000000001	24.1615				
43290	23.992599999999999	24.160499999999999				
43291	23.992699999999999	24.160599999999999				
43292	23.992699999999999	24.160599999999999				
43293	23.993600000000001	24.1616				
43294	23.994599999999998	24.162600000000001				
43297	23.9955	24.163499999999999				
43298	23.9924	24.160299999999999				
43299	23.9895	24.157399999999999				
43300	23.985600000000002	24.153500000000001				
43301	23.9815	24.1494				
43304	23.977599999999999	24.145399999999999				
43305	23.974599999999999	24.142399999999999				
43306	23.971599999999999	24.139399999999998				
43307	23.9726	24.1404				
43308	23.973500000000001	24.141300000000001				
43311	23.974399999999999	24.142199999999999				
43312	23.976900000000001	24.1447				
Agosto 2/	23.997621739130437	24.165608695652171				
43313	23.979399999999998	24.147300000000001				
43314	23.981000000000002	24.148900000000001				
43315	23.982700000000001	24.150600000000001				
43318	23.984300000000001	24.152200000000001				
43319	23.985099999999999	24.152999999999999				
43320	23.985900000000001	24.1538				
43321	23.985199999999999	24.153099999999998				
43322	23.984500000000001	24.1524				
43325	23.983799999999999	24.151700000000002				
43326	23.984999999999999	24.152899999999999				
43327	23.9863	24.154199999999999				
43328	23.988299999999999	24.156199999999998				
43329	23.990400000000001	24.158300000000001				
43332	23.9924	24.160299999999999				
43333	23.9986	24.166599999999999				
43334	24.004799999999999	24.172799999999999				
43335	24.008900000000001	24.177				
43336	24.013100000000001	24.1812				
43339	24.017199999999999	24.185300000000002				
43340	24.022400000000001	24.1906				
43341	24.0276	24.195799999999998				
43342	24.028700000000001	24.196899999999999				
43343	24.029699999999998	24.197900000000001				
Septiembre 2/	24.039345000000004	24.207625				
43346	24.030799999999999	24.199000000000002				
43347	24.029800000000002	24.198				
43348	24.0288	24.196999999999999				
43349	24.026800000000001	24.195				
43350	24.024799999999999	24.193000000000001				
43353	24.0227	24.190899999999999				
43354	24.023700000000002	24.1919				
43355	24.024699999999999	24.192900000000002				
43356	24.027699999999999	24.195900000000002				
43357	24.0307	24.198899999999998				
43360	24.033799999999999	24.202000000000002				
43361	24.040199999999999	24.208500000000001				
43362	24.046800000000001	24.2151				
43363	24.0502	24.218599999999999				
43364	24.053699999999999	24.222100000000001				
43367	24.057099999999998	24.2255				
43368	24.058800000000002	24.2272				
43369	24.060400000000001	24.2288				
43370	24.058599999999998	24.227				
43371	24.056799999999999	24.225200000000001				
Octubre 2/	24.074044444444443	24.242577777777779				
43381	24.055	24.223400000000002				
43382	24.0534	24.221800000000002				
43383	24.0518	24.220199999999998				
43384	24.052	24.220400000000001				
43385	24.052299999999999	24.220700000000001				
43388	24.052499999999998	24.2209				
43389	24.058	24.226400000000002				
43390	24.063500000000001	24.2319				
43391	24.0686	24.237100000000002				
43392	24.073799999999999	24.2423				
43395	24.078900000000001	24.247499999999999				
43396	24.085599999999999	24.254200000000001				
43397	24.092199999999998	24.2608				
43398	24.093800000000002	24.262499999999999				
43399	24.095199999999998	24.2639				
43402	24.096699999999998	24.2654				
43403	24.102	24.270700000000001				
43404	24.107500000000002	24.276299999999999				
Noviembre2/	24.222409090909085	24.391972727272726				
43405	24.1114	24.280200000000001				
43406	24.115400000000001	24.284199999999998				
43409	24.119299999999999	24.2881				
43410	24.136399999999998	24.305399999999999				
43411	24.153300000000002	24.322399999999998				
43412	24.166499999999999	24.335699999999999				
43413	24.179500000000001	24.348800000000001				
43416	24.192599999999999	24.361899999999999				
43417	24.2102	24.3797				
43418	24.227799999999998	24.397400000000001				
43419	24.232199999999999	24.401800000000001				
43420	24.236699999999999	24.406400000000001				
43423	24.241099999999999	24.410799999999998				
43424	24.253299999999999	24.423100000000002				
43425	24.265599999999999	24.435500000000001				
43426	24.273199999999999	24.443100000000001				
43427	24.280999999999999	24.451000000000001				
43430	24.288699999999999	24.4587				
43431	24.296500000000002	24.4666				
43432	24.304099999999998	24.4742				
43433	24.304099999999998	24.4742				
43434	24.304099999999998	24.4742				
Diciembre2/	24.328657894736846	24.498947368421049				
43437	24.304099999999998	24.4742				
43438	24.308399999999999	24.4786				
43439	24.3126	24.482800000000001				
43440	24.3169	24.487100000000002				
43441	24.321100000000001	24.491299999999999				
43444	24.325299999999999	24.4956				
43445	24.329599999999999	24.4999				
43446	24.3338	24.504100000000001				
43447	24.3338	24.504100000000001				
43448	24.3338	24.504100000000001				
43451	24.3338	24.504100000000001				
43452	24.334199999999999	24.5045				
43453	24.334700000000002	24.504999999999999				
43454	24.335100000000001	24.505400000000002				
43455	24.3355	24.505800000000001				
43460	24.3369	24.507300000000001				
43461	24.337800000000001	24.508199999999999				
43462	24.3383	24.508700000000001				
43465	24.338799999999999	24.5092				
Enero2/	24.337213636363639	24.507613636363626				
43467	24.338799999999999	24.5092				
43468	24.339300000000001	24.509699999999999				
43469	24.339200000000002	24.509599999999999				
43472	24.339099999999998	24.509499999999999				
43473	24.3386	24.509				
43474	24.338100000000001	24.508500000000002				
43475	24.337599999999998	24.507999999999999				
43476	24.337	24.507400000000001				
43479	24.336500000000001	24.506900000000002				
43480	24.336500000000001	24.506900000000002				
43481	24.336500000000001	24.506900000000002				
43482	24.336500000000001	24.506900000000002				
43483	24.336500000000001	24.506900000000002				
43486	24.336500000000001	24.506900000000002				
43487	24.336500000000001	24.506900000000002				
43488	24.336500000000001	24.506900000000002				
43489	24.336500000000001	24.506900000000002				
43490	24.336500000000001	24.506900000000002				
43493	24.336500000000001	24.506900000000002				
43494	24.336500000000001	24.506900000000002				
43495	24.336500000000001	24.506900000000002				
43496	24.336500000000001	24.506900000000002				
Febrero2/	24.38353	24.554219999999997				
43497	24.341699999999999	24.5121				
43500	24.346900000000002	24.517299999999999				
43501	24.3521	24.522600000000001				
43502	24.357299999999999	24.527799999999999				
43503	24.362500000000001	24.533000000000001				
43504	24.367699999999999	24.5383				
43507	24.372900000000001	24.543500000000002				
43508	24.372900000000001	24.543500000000002				
43509	24.372900000000001	24.543500000000002				
43510	24.372900000000001	24.543500000000002				
43511	24.378599999999999	24.549299999999999				
43514	24.3843	24.555				
43515	24.39	24.560700000000001				
43516	24.394400000000001	24.565200000000001				
43517	24.4009	24.5717				
43518	24.408999999999999	24.579899999999999				
43521	24.418399999999998	24.589300000000001				
43522	24.421800000000001	24.5928				
43523	24.4251	24.5961				
43524	24.4283	24.599299999999999				
Marzo2/	24.422923809523809	24.593866666666663				
43525	24.4299	24.600899999999999				
43528	24.4312	24.6022				
43529	24.349299999999999	24.5197				
43530	24.427	24.597999999999999				
43531	24.4209	24.591799999999999				
43532	24.419499999999999	24.590399999999999				
43535	24.4177	24.5886				
43536	24.417100000000001	24.588000000000001				
43537	24.415900000000001	24.5868				
43538	24.417400000000001	24.5883				
43539	24.420400000000001	24.5913				
43542	24.420999999999999	24.591899999999999				
43543	24.4252	24.5962				
43544	24.429099999999998	24.600100000000001				
43545	24.432700000000001	24.6037				
43546	24.435600000000001	24.6066				
43549	24.436900000000001	24.608000000000001				
43550	24.436800000000002	24.607900000000001				
43551	24.433199999999999	24.604199999999999				
43552	24.433	24.603999999999999				
43553	24.4316	24.602599999999999				
Abril2/	24.433088235294115	24.604111764705884				
43556	24.427199999999999	24.598199999999999				
43557	24.4193	24.590199999999999				
43558	24.422000000000001	24.593				
43559	24.418600000000001	24.589500000000001				
43560	24.422699999999999	24.593699999999998						
43563	24.426100000000002	24.597100000000001				
43564	24.429500000000001	24.6005				
43565	24.433499999999999	24.604500000000002				
43566	24.4346	24.605599999999999				
43567	24.435600000000001	24.6066				
43577	24.441800000000001	24.6129				
43578	24.431999999999999	24.603000000000002				
43579	24.446899999999999	24.617999999999999				
43580	24.4421	24.613199999999999				
43581	24.447399999999998	24.618500000000001				
43584	24.4453	24.616399999999999				
43585	24.437899999999999	24.609000000000002				
Mayo2/	24.457490909090907	24.628700000000002				
43587	24.4252	24.5962				
43588	24.427800000000001	24.598800000000001				
43591	24.4373	24.6084				
43592	24.432700000000001	24.6037				
43593	24.442	24.613099999999999				
43594	24.441600000000001	24.6127				
43595	24.450199999999999	24.621400000000001				
43598	24.4498	24.620899999999999				
43599	24.445900000000002	24.617000000000001				
43600	24.454000000000001	24.6252				
43601	24.455400000000001	24.6266				
43602	24.452000000000002	24.623200000000001				
43605	24.459800000000001	24.631				
43606	24.464400000000001	24.6357				
43607	24.4663	24.637599999999999				
43608	24.469799999999999	24.641100000000002				
43609	24.474699999999999	24.646000000000001				
43612	24.477399999999999	24.648700000000002				
43613	24.481000000000002	24.6524				
43614	24.484000000000002	24.6554				
43615	24.485800000000001	24.6572				
43616	24.4877	24.659099999999999				
Junio2/	24.505320000000005	24.676869999999997				
43619	24.490600000000001	24.661999999999999				
43620	24.491700000000002	24.6631				
43621	24.494399999999999	24.665900000000001				
43622	24.4954	24.666899999999998				
43623	24.496400000000001	24.667899999999999				
43626	24.4999	24.671399999999998				
43627	24.503299999999999	24.674800000000001				
43628	24.505700000000001	24.677199999999999				
43629	24.508099999999999	24.6797				
43630	24.5105	24.682099999999998				
43633	24.5123	24.683900000000001				
43634	24.513999999999999	24.685600000000001				
43635	24.513300000000001	24.684899999999999				
43636	24.512699999999999	24.6843				
43637	24.512	24.683599999999998				
43640	24.510999999999999	24.682600000000001				
43641	24.509899999999998	24.6815				
43642	24.5093	24.680900000000001				
43643	24.508299999999998	24.6799				
43644	24.5076	24.679200000000002				
Julio2/	24.499482608695658	24.670973913043479				
43647	24.506699999999999	24.6782				
43648	24.505400000000002	24.6769				
43649	24.5015	24.672999999999998				
43650	24.502500000000001	24.673999999999999				
43651	24.500499999999999	24.672000000000001				
43654	24.500599999999999	24.6721				
43655	24.4834	24.654800000000002				
43656	24.489599999999999	24.661000000000001				
43657	24.4803	24.651700000000002				
43658	24.489699999999999	24.661100000000001				
43661	24.490400000000001	24.661799999999999				
43662	24.484999999999999	24.656400000000001				
43663	24.497	24.668500000000002				
43664	24.485900000000001	24.657299999999999				
43665	24.498000000000001	24.669499999999999				
43668	24.504899999999999	24.676400000000001				
43669	24.507100000000001	24.678599999999999				
43670	24.509699999999999	24.6813				
43671	24.507400000000001	24.678999999999998				
43672	24.511700000000001	24.683299999999999				
43675	24.510899999999999	24.682500000000001				
43676	24.506399999999999	24.677900000000001				
43677	24.513500000000001	24.685099999999998				
Agosto2/	24.540631818181826	24.712409090909091				
43678	24.511199999999999	24.6828				
43679	24.508099999999999	24.6797				
43682	24.517399999999999	24.689				
43683	24.518999999999998	24.6906				
43684	24.5214	24.693000000000001				
43685	24.5228	24.694500000000001				
43686	24.5288	24.700500000000002				
43689	24.5351	24.706800000000001				
43690	24.540099999999999	24.7119				
43691	24.5334	24.705100000000002				
43692	24.539000000000001	24.710799999999999				
43693	24.544	24.715800000000002				
43696	24.547899999999998	24.7197				
43697	24.5444	24.716200000000001				
43698	24.554300000000001	24.726199999999999				
43699	24.555399999999999	24.7273				
43700	24.555900000000001	24.727799999999998				
43703	24.5593	24.731200000000001				
43704	24.561499999999999	24.7334				
43705	24.561499999999999	24.7334				
43706	24.562000000000001	24.733899999999998				
43707	24.571400000000001	24.743400000000001				
Septiembre2/	24.605589473684208	24.777831578947364				
43710	24.578700000000001	24.750800000000002				
43711	24.5687	24.7407				
43712	24.584399999999999	24.756499999999999				
43713	24.5791	24.751200000000001				
43714	24.589200000000002	24.761299999999999				
43717	24.5947	24.7669				
43718	24.5932	24.7654				
43719	24.603300000000001	24.775500000000001				
43720	24.602399999999999	24.7746				
43721	24.618500000000001	24.790800000000001				
43725	24.620100000000001	24.792400000000001				
43726	24.6145	24.786799999999999				
43727	24.619599999999998	24.791899999999998				
43728	24.6218	24.7942				
43731	24.629300000000001	24.8017				
43732	24.621200000000002	24.793500000000002				
43733	24.6204	24.7927				
43734	24.624099999999999	24.796500000000002				
43735	24.623000000000001	24.795400000000001				
Octubre2/	24.634973684210525	24.807415789473687				
43745	24.625599999999999	24.797999999999998				
43746	24.5748	24.7468				
43747	24.628699999999998	24.801100000000002				
43748	24.630199999999999	24.802600000000002				
43749	24.629100000000001	24.801500000000001				
43752	24.631399999999999	24.803799999999999				
43753	24.628299999999999	24.800699999999999				
43754	24.643000000000001	24.8155				
43755	24.640699999999999	24.813199999999998				
43756	24.648800000000001	24.821300000000001				
43759	24.6496	24.822099999999999				
43760	24.651	24.823599999999999				
43761	24.649699999999999	24.822199999999999				
43762	24.651199999999999	24.823799999999999				
43763	24.640799999999999	24.813300000000002				
43766	24.646799999999999	24.819299999999998				
43767	24.620799999999999	24.793099999999999				
43768	24.636299999999999	24.808800000000002				
43769	24.637699999999999	24.810199999999998				
Noviembre2/	24.636852380952384	24.809295238095235				
43770	24.634799999999998	24.807200000000002				
43773	24.629899999999999	24.802299999999999				
43774	24.625699999999998	24.797999999999998				
43775	24.6233	24.7956				
43776	24.6389	24.811299999999999				
43777	24.638100000000001	24.810500000000001				
43780	24.639099999999999	24.811599999999999				
43781	24.641400000000001	24.8139				
43782	24.640899999999998	24.813400000000001				
43783	24.640699999999999	24.813199999999998				
43784	24.635100000000001	24.807500000000001				
43787	24.637699999999999	24.810199999999998				
43788	24.6249	24.7973				
43789	24.629300000000001	24.8017				
43790	24.6343	24.806699999999999				
43791	24.639399999999998	24.811900000000001				
43794	24.645299999999999	24.817799999999998				
43795	24.639399999999998	24.811900000000001				
43796	24.6373	24.809699999999999				
43797	24.648099999999999	24.820599999999999				
43798	24.650300000000001	24.822900000000001				
Diciembre2/	24.645414285714288	24.817923809523812				
43801	24.641999999999999	24.814499999999999				
43802	24.632200000000001	24.804600000000001				
43803	24.636099999999999	24.808599999999998				
43804	24.642499999999998	24.815000000000001				
43805	24.647600000000001	24.8201				
43808	24.648399999999999	24.820900000000002				
43809	24.641200000000001	24.813700000000001				
43810	24.646000000000001	24.8185				
43811	24.6493	24.8218				
43812	24.6477	24.8202				
43815	24.648800000000001	24.821300000000001				
43816	24.657	24.829599999999999				
43817	24.6523	24.8249				
43818	24.653199999999998	24.825800000000001				
43819	24.656199999999998	24.828800000000001				
43822	24.6478	24.8203				
43823	24.6433	24.815799999999999				
43825	24.6434	24.815899999999999				
43826	24.642299999999999	24.814800000000002				
43829	24.641400000000001	24.8139				
43830	24.635000000000002	24.807400000000001				
Enero2/	24.649518181818181	24.822081818181815				
43832	24.635000000000002	24.807400000000001				
43833	24.617599999999999	24.789899999999999				
43836	24.64	24.8125				
43837	24.6402	24.8127				
43838	24.648599999999998	24.821100000000001				
43839	24.651700000000002	24.824300000000001				
43840	24.653500000000001	24.8261				
43843	24.654800000000002	24.827400000000001				
43844	24.654800000000002	24.827400000000001				
43845	24.6541	24.826699999999999				
43846	24.653300000000002	24.825900000000001				
43847	24.652899999999999	24.825500000000002				
43850	24.652699999999999	24.825299999999999				
43851	24.653099999999998	24.825700000000001				
43852	24.6539	24.826499999999999				
43853	24.654699999999998	24.827300000000001				
43854	24.654900000000001	24.827500000000001				
43857	24.654699999999998	24.827300000000001				
43858	24.654	24.826599999999999				
43859	24.6526	24.825199999999999				
43860	24.651199999999999	24.823799999999999				
43861	24.6511	24.823699999999999				
Febrero2/	24.671419999999998	24.844115000000002				
43864	24.6511	24.823699999999999				
43865	24.651900000000001	24.8245				
43866	24.653400000000001	24.826000000000001				
43867	24.654800000000002	24.827400000000001				
43868	24.657299999999999	24.829899999999999				
43871	24.6602	24.832799999999999				
43872	24.662500000000001	24.835100000000001				
43873	24.663599999999999	24.836200000000002				
43874	24.6663	24.838899999999999				
43875	24.668900000000001	24.8416				
43878	24.672499999999999	24.845199999999998				
43879	24.674600000000002	24.847300000000001				
43880	24.675699999999999	24.848400000000002				
43881	24.678699999999999	24.851500000000001				
43882	24.682300000000001	24.8551				
43885	24.6858	24.858599999999999				
43886	24.688300000000002	24.8611				
43887	24.691199999999998	24.864000000000001				
43888	24.692699999999999	24.865500000000001				
43889	24.6966	24.869499999999999				
Marzo2/	24.715222727272728	24.888227272727274				
43892	24.6999	24.872800000000002				
43893	24.702500000000001	24.875399999999999				
43894	24.703600000000002	24.8765				
43895	24.7072	24.880199999999999				
43896	24.710699999999999	24.883700000000001				
43899	24.715800000000002	24.8888				
43900	24.7148	24.887799999999999				
43901	24.709700000000002	24.8827				
43902	24.714300000000001	24.8873						
43903	24.716000000000001	24.888999999999999				
43906	24.7149	24.887899999999998				
43907	24.710799999999999	24.883800000000001				
43908	24.710799999999999	24.883800000000001				
43909	24.703499999999998	24.8764				
43910	24.702100000000002	24.875				
43913	24.7059	24.878799999999998				
43914	24.7117	24.884699999999999				
43915	24.7179	24.890899999999998				
43916	24.724900000000002	24.898				
43917	24.735099999999999	24.908200000000001				
43920	24.748799999999999	24.922000000000001				
43921	24.754000000000001	24.927299999999999				
Abril2/	24.805818181818186	24.97945				
43922	24.755199999999999	24.9285				
43923	24.767700000000001	24.941099999999999				
43924	24.764700000000001	24.938099999999999				
43927	24.796299999999999	24.969899999999999				
43928	24.794899999999998	24.968499999999999				
43929	24.793399999999998	24.966999999999999				
43930	24.806799999999999	24.980399999999999				
43931	24.806799999999999	24.980399999999999				
43934	24.806799999999999	24.980399999999999				
43935	24.809799999999999	24.983499999999999				
43936	24.809899999999999	24.983599999999999				
43937	24.8141	24.9878				
43938	24.816299999999998	24.99				
43941	24.821100000000001	24.994800000000001				
43942	24.8201	24.9938				
43943	24.820799999999998	24.994499999999999				
43944	24.8216	24.9954				
43945	24.821300000000001	24.995000000000001				
43948	24.820499999999999	24.994199999999999				
43949	24.8203	24.994				
43950	24.82	24.9937				
43951	24.819600000000001	24.993300000000001				
Mayo2/	24.830380952380946	25.004166666666666				
43952	24.819199999999999	24.992899999999999				
43955	24.819400000000002	24.993099999999998				
43956	24.820799999999998	24.994499999999999				
43957	24.824100000000001	24.997900000000001				
43958	24.828399999999998	25.002199999999998				
43959	24.8306	25.0044				
43962	24.833400000000001	25.007200000000001				
43963	24.834	25.0078				
43964	24.833100000000002	25.006900000000002				
43965	24.8294	25.0032				
43966	24.828199999999999	25.001999999999999				
43969	24.831600000000002	25.005400000000002				
43970	24.831600000000002	25.005400000000002				
43971	24.831600000000002	25.005400000000002				
43972	24.832599999999999	25.006399999999999				
43973	24.833600000000001	25.007400000000001				
43976	24.834499999999998	25.008299999999998				
43977	24.835100000000001	25.008900000000001				
43978	24.835699999999999	25.009499999999999				
43979	24.835699999999999	25.009499999999999				
43980	24.8354	25.0092				
Junio2/	24.775468181818177	24.948890909090906				
43983	24.835100000000001	25.008900000000001				
43984	24.8323	25.0061				
43985	24.829499999999999	25.003299999999999				
43986	24.8233	24.9971				
43987	24.822700000000001	24.996500000000001				
43990	24.8184	24.992100000000001				
43991	24.811399999999999	24.985099999999999				
43992	24.805499999999999	24.979099999999999				
43993	24.8004	24.974				
43994	24.799299999999999	24.972899999999999				
43997	24.790500000000002	24.963999999999999				
43998	24.7818	24.955300000000001				
43999	24.773399999999999	24.9468				
44000	24.758900000000001	24.932200000000002				
44001	24.7469	24.920100000000001				
44004	24.734300000000001	24.907399999999999				
44005	24.7271	24.900200000000002				
44006	24.712599999999998	24.8856				
44007	24.711400000000001	24.884399999999999				
44008	24.7135	24.886500000000002				
44011	24.717099999999999	24.8901				
44012	24.7149	24.887899999999998				
Julio2/	24.679073913043478	24.85173913043478				
44013	24.71	24.881				
44014	24.710100000000001	24.883099999999999				
44015	24.706399999999999	24.879300000000001				
44018	24.703700000000001	24.8766				
44019	24.700800000000001	24.873699999999999				
44020	24.7012	24.874099999999999				
44021	24.692900000000002	24.8658				
44022	24.6968	24.869700000000002				
44025	24.6907	24.863499999999998				
44026	24.6875	24.860299999999999				
44027	24.6798	24.852599999999999				
44028	24.673100000000002	24.845800000000001				
44029	24.672899999999998	24.845600000000001				
44032	24.6693	24.841999999999999				
44033	24.667000000000002	24.839700000000001				
44034	24.669599999999999	24.842300000000002				
44035	24.669899999999998	24.842600000000001				
44036	24.6676	24.840199999999999				
44039	24.664999999999999	24.837700000000002				
44040	24.657599999999999	24.830200000000001				
44041	24.648900000000001	24.821400000000001				
44042	24.642800000000001	24.815300000000001				
44043	24.635100000000001	24.807500000000001				
Agosto2/	24.541028571428569	24.712809523809522				
44046	24.626799999999999	24.799199999999999				
44047	24.614699999999999	24.786999999999999				
44048	24.601400000000002	24.773599999999998				
44049	24.587399999999999	24.759499999999999				
44050	24.575800000000001	24.747800000000002				
44053	24.562100000000001	24.734000000000002				
44054	24.550899999999999	24.722799999999999				
44055	24.534099999999999	24.7058				
44056	24.5261	24.697800000000001				
44057	24.523900000000001	24.695599999999999				
44060	24.514700000000001	24.686299999999999				
44061	24.5123	24.683900000000001				
44062	24.5016	24.673100000000002				
44063	24.502600000000001	24.674099999999999				
44064	24.514800000000001	24.686399999999999				
44067	24.522400000000001	24.694099999999999				
44068	24.520700000000001	24.692299999999999				
44069	24.520499999999998	24.6921				
44070	24.519600000000001	24.691199999999998				
44071	24.516200000000001	24.687799999999999				
44074	24.513000000000002	24.6846				
Septiembre2/	24.482780952380949	24.654152380952382				
44075	24.5092	24.680800000000001				
44076	24.5046	24.676100000000002				
44077	24.5032	24.674700000000001				
44078	24.502500000000001	24.673999999999999				
44081	24.502300000000002	24.6738				
44082	24.5	24.671500000000002				
44083	24.496400000000001	24.667899999999999				
44084	24.492899999999999	24.664400000000001				
44085	24.488900000000001	24.660299999999999				
44088	24.485700000000001	24.6571				
44090	24.482299999999999	24.653700000000001				
44091	24.476400000000002	24.6477				
44092	24.475899999999999	24.647200000000002				
44095	24.4758	24.647099999999998				
44096	24.4757	24.646999999999998				
44097	24.472200000000001	24.6435				
44098	24.468399999999999	24.639700000000001				
44099	24.464099999999998	24.635300000000001				
44102	24.459199999999999	24.630400000000002				
44103	24.454499999999999	24.625699999999998				
44104	24.4482	24.619299999999999				
Octubre2/	24.398	24.5688				
44105	24.4438	24.614899999999999				
44106	24.441500000000001	24.6126				
44109	24.44	24.6111				
44110	24.4373	24.6084				
44111	24.43	24.600999999999999				
44112	24.428699999999999	24.599699999999999				
44113	24.428799999999999	24.599799999999998				
44116	24.4331	24.604099999999999				
44117	24.428599999999999	24.599599999999999				
44118	24.428699999999999	24.599699999999999				
44119	24.4221	24.5931				
44120	24.4117	24.582599999999999				
44123	24.403400000000001	24.574200000000001				
44124	24.3933	24.5641				
44125	24.380700000000001	24.551400000000001				
44126	24.367999999999999	24.538599999999999				
44127	24.361699999999999	24.5322				
44130	24.3522	24.5227				
44131	24.343	24.513400000000001				
44132	24.3277	24.498000000000001				
44133	24.324999999999999	24.4953				
44134	24.327300000000001	24.497599999999998				
Noviembre2/	24.2852	24.455200000000001				
44137	24.326899999999998	24.497199999999999				
44138	24.317599999999999	24.4878				
44139	24.308299999999999	24.4785				
44140	24.307400000000001	24.477599999999999				
44141	24.305900000000001	24.475999999999999				
44144	24.312799999999999	24.483000000000001				
44145	24.315200000000001	24.485399999999998				
44146	24.304099999999998	24.4742				
44147	24.302499999999998	24.4726				
44148	24.307099999999998	24.4772				
44151	24.309899999999999	24.4801				
44152	24.304300000000001	24.474399999999999				
44153	24.299600000000002	24.4697				
44154	24.2774	24.447299999999998				
44155	24.275700000000001	24.445599999999999				
44158	24.265899999999998	24.4358				
44159	24.2546	24.424399999999999				
44160	24.2394	24.409099999999999				
44161	24.224900000000002	24.394500000000001				
44162	24.213899999999999	24.383400000000002				
44165	24.215800000000002	24.385300000000001				
Diciembre 2/	24.148672727272722	24.317713636363631				
44166	24.204499999999999	24.373899999999999				
44167	24.200800000000001	24.370200000000001				
44168	24.189	24.3583				
44169	24.1907	24.36				
44172	24.183399999999999	24.352699999999999				
44173	24.185500000000001	24.354800000000001				
44174	24.172000000000001	24.341200000000001				
44175	24.1662	24.3354				
44176	24.155999999999999	24.325099999999999				
44179	24.153300000000002	24.322399999999998				
44180	24.1509	24.32				
44181	24.148599999999998	24.317599999999999				
44182	24.1435	24.3125				
44183	24.1325	24.301400000000001				
44186	24.1251	24.294				
44187	24.122699999999998	24.291599999999999				
44188	24.113700000000001	24.282499999999999				
44189	24.103100000000001	24.271799999999999				
44193	24.1035	24.272200000000002				
44194	24.099599999999999	24.2683				
44195	24.112100000000002	24.280899999999999				
44196	24.114100000000001	24.282900000000001				
Enero 2/	24.096350000000005	24.265015000000005				
44200	24.114100000000001	24.282900000000001				
44201	24.108899999999998	24.277699999999999				
44202	24.102599999999999	24.2713				
44203	24.0977	24.266400000000001				
44204	24.091000000000001	24.259599999999999				
44207	24.103000000000002	24.271699999999999				
44208	24.099	24.267700000000001				
44209	24.103100000000001	24.271799999999999				
44210	24.1052	24.273900000000001				
44211	24.105699999999999	24.2744				
44214	24.105499999999999	24.2742				
44215	24.096599999999999	24.2653				
44216	24.086500000000001	24.255099999999999				
44217	24.086200000000002	24.254799999999999				
44218	24.0899	24.258500000000002				
44221	24.0915	24.260100000000001				
44222	24.0855	24.254100000000001				
44223	24.084	24.252600000000001				
44224	24.083400000000001	24.251999999999999				
44225	24.087599999999998	24.2562				
Febrero 2/	24.076130000000003	24.244670000000003				
44228	24.094899999999999	24.2636				
44229	24.082799999999999	24.2514				
44230	24.078800000000001	24.247399999999999				
44231	24.076799999999999	24.2453				
44232	24.077300000000001	24.245799999999999				
44235	24.078499999999998	24.247				
44236	24.0733	24.241800000000001				
44237	24.0718	24.240300000000001				
44238	24.0684	24.236899999999999				
44239	24.064699999999998	24.2332				
44242	24.0778	24.246300000000002				
44243	24.070799999999998	24.2393				
44244	24.067	24.235499999999998				
44245	24.077500000000001	24.245999999999999				
44246	24.078900000000001	24.247499999999999				
44249	24.085999999999999	24.2546				
44250	24.078800000000001	24.247399999999999				
44251	24.068100000000001	24.236599999999999				
44252	24.0717	24.240200000000002				
44253	24.078700000000001	24.247299999999999				
Marzo 2/	24.029049999999998	24.19725				
44256	24.072800000000001	24.241299999999999				
44257	24.061900000000001	24.2303				
44258	24.049700000000001	24.218				
44259	24.036100000000001	24.2044				
44260	24.0336	24.201799999999999				
44263	24.031500000000001	24.1997				
44264	24.026499999999999	24.194700000000001				
44265	24.0124	24.180499999999999				
44266	24.013500000000001	24.1816				
44267	24.02	24.188099999999999				
44270	24.023800000000001	24.192				
44271	24.014600000000002	24.182700000000001				
44272	24.013500000000001	24.1816				
44273	24.016200000000001	24.1843				
44274	24.026900000000001	24.1951				
44277	24.0379	24.206199999999999				
44278	24.0261	24.194299999999998				
44279	24.0168	24.184899999999999				
44280	24.016999999999999	24.185099999999998				
44281	24.026700000000002	24.194900000000001				
44284	24.034099999999999	24.202300000000001				
44285	24.0275	24.195699999999999				
Abril 2/	24.013778947368422	24.181873684210526				
44291	24.0199	24.187999999999999				
44292	24.0228	24.190999999999999				
44293	24.019600000000001	24.1877				
44294	24.0166	24.184699999999999				
44295	24.012699999999999	24.180800000000001				
44298	24.0197	24.187799999999999				
44299	24.0183	24.186399999999999				
44300	24.013300000000001	24.1814				
44301	24.011399999999998	24.179500000000001				
44302	24.0167	24.184799999999999				
44306	24.0228	24.190999999999999				
44307	24.021999999999998	24.190200000000001				
44308	24.014600000000002	24.182700000000001				
44309	24.013300000000001	24.1814				
44312	24.009899999999998	24.178000000000001				
44313	24.005400000000002	24.173400000000001				
44314	24.002099999999999	24.170100000000001				
44315	24.001200000000001	24.1692				
44316	23.999500000000001	24.1675				
Mayo 2/	23.998319047619045	24.166290476190479				
44319	23.998799999999999	24.166699999999999				
44320	23.9939	24.161899999999999				
44321	23.990500000000001	24.1584				
44322	23.989699999999999	24.157599999999999				
44323	23.993400000000001	24.1614				
44326	24.002400000000002	24.170400000000001				
44327	23.988900000000001	24.1568				
44328	23.975899999999999	24.143699999999999				
44329	23.9756	24.1434				
44330	23.980399999999999	24.148299999999999				
44333	23.991199999999999	24.159099999999999				
44334	23.986899999999999	24.154800000000002				
44335	23.977499999999999	24.145299999999999				
44336	23.988299999999999	24.156199999999998				
44337	24.005099999999999	24.173100000000002				
44340	24.0166	24.184699999999999				
44341	24.018000000000001	24.1861				
44342	24.005800000000001	24.1738				
44343	24.018799999999999	24.186900000000001				
44344	24.029800000000002	24.198				
44347	24.037199999999999	24.205500000000001				
Junio 2/	23.964504545454545	24.132259090909088				
44348	24.032699999999998	24.200900000000001				
44349	24.021999999999998	24.190200000000001				
44350	24.019600000000001	24.1877						
44351	24.0244	24.192599999999999				
44354	24.031600000000001	24.1998				
44355	24.023	24.191199999999998				
44356	24.014700000000001	24.1828				
44357	24.008500000000002	24.176600000000001				
44358	24.002400000000002	24.170400000000001						
44361	24.000499999999999	24.168500000000002						
44362	23.9892	24.1571						
44363	23.971800000000002	24.139600000000002						
44364	23.954699999999999	24.122399999999999						
44365	23.9434	24.111000000000001						
44368	23.9438	24.1114						
44369	23.922499999999999	24.09						
44370	23.8994	24.066700000000001						
44371	23.8874	24.054600000000001						
44372	23.891500000000001	24.058700000000002						
44375	23.8918	24.059000000000001						
44376	23.879100000000001	24.046299999999999						
44377	23.865100000000002	24.0322						
Julio 2/	23.764595454545454	23.930936363636363				
44378	23.849799999999998	24.0167				
44379	23.833600000000001	24.000399999999999				
44382	23.817399999999999	23.984100000000002				
44383	23.802600000000002	23.969200000000001				
44384	23.784400000000002	23.950900000000001				
44385	23.776399999999999	23.942799999999998				
44386	23.788599999999999	23.955100000000002				
44389	23.8109	23.977599999999999				
44390	23.787800000000001	23.9543				
44391	23.7698	23.936199999999999				
44392	23.765999999999998	23.932400000000001				
44393	23.7605	23.9268				
44396	23.759399999999999	23.925699999999999				
44397	23.744	23.9102				
44398	23.721	23.887				
44399	23.715399999999999	23.881399999999999				
44400	23.715	23.881				
44403	23.737100000000002	23.903300000000002				
44404	23.729500000000002	23.895600000000002				
44405	23.7151	23.8811				
44406	23.715499999999999	23.881499999999999				
44407	23.721299999999999	23.8873				
Agosto 2/	23.759890909090906	23.926231818181815				
44410	23.737400000000001	23.903600000000001				
44411	23.731000000000002	23.897099999999998				
44412	23.724799999999998	23.890899999999998				
44413	23.722100000000001	23.888200000000001				
44414	23.724399999999999	23.890499999999999				
44417	23.726099999999999	23.892199999999999				
44418	23.723400000000002	23.889500000000002				
44419	23.7239	23.89				
44420	23.724900000000002	23.890999999999998				
44421	23.730399999999999	23.8965				
44424	23.737100000000002	23.903300000000002				
44425	23.738399999999999	23.904599999999999				
44426	23.738299999999999	23.904499999999999				
44427	23.741499999999998	23.907699999999998				
44428	23.754100000000001	23.920400000000001				
44431	23.769400000000001	23.9358				
44432	23.777200000000001	23.9436				
44433	23.793700000000001	23.9603				
44434	23.808199999999999	23.974900000000002				
44435	23.827400000000001	23.994199999999999				
44438	23.865600000000001	24.032699999999998				
44439	23.898299999999999	24.0656				
Septiembre 2/	24.058742857142857	24.227161904761907				
44440	23.927600000000002	24.095099999999999				
44441	23.9544	24.1221				
44442	23.975999999999999	24.143799999999999				
44445	24.0138	24.181899999999999						
44446	24.029599999999999	24.197800000000001				
44447	24.042000000000002	24.2103				
44448	24.0624	24.230799999999999				
44449	24.081399999999999	24.25				
44452	24.0898	24.258400000000002				
44453	24.094200000000001	24.262899999999998				
44455	24.096299999999999	24.265000000000001				
44456	24.095700000000001	24.264399999999998				
44459	24.094000000000001	24.262699999999999				
44460	24.091699999999999	24.260300000000001				
44461	24.0884	24.257000000000001				
44462	24.085599999999999	24.254200000000001				
44463	24.083600000000001	24.252199999999998				
44466	24.082599999999999	24.251200000000001				
44467	24.081900000000001	24.250499999999999				
44468	24.081299999999999	24.2499				
44469	24.081299999999999	24.2499				
Octubre 2/	24.08763888888889	24.256250000000001				
44470	24.081499999999998	24.2501				
44473	24.082100000000001	24.250699999999998				
44474	24.083400000000001	24.251999999999999				
44480	24.085000000000001	24.253599999999999				
44481	24.086099999999998	24.2547				
44482	24.085100000000001	24.253699999999998				
44483	24.086200000000002	24.254799999999999				
44484	24.086600000000001	24.255199999999999				
44487	24.089400000000001	24.257999999999999				
44488	24.0837	24.252300000000002				
44489	24.0702	24.238700000000001				
44490	24.078499999999998	24.247				
44491	24.0867	24.255299999999998				
44494	24.092199999999998	24.2608				
44495	24.095700000000001	24.264399999999998				
44496	24.0989	24.267600000000002				
44497	24.102	24.270700000000001				
44498	24.104199999999999	24.2729				
Noviembre 2/	24.10690454545454	24.275645454545455				
44501	24.105699999999999	24.2744				
44502	24.106000000000002	24.274699999999999				
44503	24.105399999999999	24.274100000000001				
44504	24.104399999999998	24.273099999999999				
44505	24.103000000000002	24.271699999999999				
44508	24.102	24.270700000000001				
44509	24.101299999999998	24.27				
44510	24.1004	24.269100000000002				
44511	24.1005	24.269200000000001				
44512	24.101099999999999	24.2698				
44515	24.101700000000001	24.270399999999999				
44516	24.102399999999999	24.271100000000001				
44517	24.1035	24.272200000000002				
44518	24.105399999999999	24.274100000000001				
44519	24.106999999999999	24.275700000000001				
44522	24.108000000000001	24.276800000000001				
44523	24.108799999999999	24.2776				
44524	24.110099999999999	24.2789				
44525	24.113099999999999	24.2819				
44526	24.115100000000002	24.283899999999999				
44529	24.1235	24.292400000000001				
44530	24.1235	24.292400000000001				
Diciembre 2/	24.243908695652181	24.413608695652176				
44531	24.129000000000001	24.297899999999998				
44532	24.140599999999999	24.3096				
44533	24.147200000000002	24.316199999999998				
44536	24.1617	24.3308				
44537	24.170100000000001	24.339300000000001				
44538	24.1828	24.3521				
44539	24.189800000000002	24.359100000000002				
44540	24.2041	24.3735				
44543	24.2136	24.383099999999999				
44544	24.2225	24.392099999999999				
44545	24.231999999999999	24.401599999999998					
44546	24.258800000000001	24.428599999999999					
44547	24.271699999999999	24.441600000000001					
44550	24.2925	24.462499999999999					
44551	24.301600000000001	24.471699999999998					
44552	24.302900000000001	24.472999999999999					
44553	24.301600000000001	24.471699999999998					
44554	24.305399999999999	24.4755					
44557	24.302199999999999	24.472300000000001					
44558	24.302700000000002	24.472799999999999					
44559	24.3094	24.479600000000001					
44560	24.322299999999998	24.492599999999999					
44561	24.345400000000001	24.515799999999999					
Enero 2/	24.428790476190482	24.599790476190474				
44564	24.345400000000001	24.515799999999999					
44565	24.348800000000001	24.519200000000001					
44566	24.356000000000002	24.526499999999999					
44567	24.365400000000001	24.536000000000001					
44568	24.3858	24.5565					
44571	24.3962	24.567					
44572	24.413	24.5839					
44573	24.423300000000001	24.5943					
44574	24.427900000000001	24.5989					
44575	24.431899999999999	24.602900000000002					
44578	24.440899999999999	24.611999999999998					
44579	24.448399999999999	24.619499999999999					
44580	24.4557	24.626899999999999					
44581	24.460100000000001	24.6313					
44582	24.4635	24.634699999999999					
44585	24.4666	24.637899999999998					
44586	24.469799999999999	24.641100000000002					
44587	24.4739	24.645199999999999					
44588	24.4756	24.646899999999999					
44589	24.4773	24.648599999999998					
44592	24.479099999999999	24.650500000000001					
Febrero 2/	24.491229999999998	24.662700000000001				
44593	24.4801	24.651499999999999					
44594	24.479800000000001	24.651199999999999					
44595	24.481300000000001	24.652699999999999					
44596	24.4831	24.654499999999999					
44599	24.4849	24.656300000000002					
44600	24.486899999999999	24.658300000000001					
44601	24.488800000000001	24.6602					
44602	24.490300000000001	24.6617					
44603	24.491900000000001	24.6633					
44606	24.493200000000002	24.6647					
44607	24.494599999999998	24.6661					
44608	24.496099999999998	24.6676					
44609	24.496400000000001	24.667899999999999					
44610	24.4968	24.668299999999999					
44613	24.4969	24.668399999999998					
44614	24.4969	24.668399999999998					
44615	24.4968	24.668299999999999					
44616	24.496700000000001	24.668199999999999					
44617	24.496600000000001	24.668099999999999					
44620	24.496500000000001	24.667999999999999					
Marzo 2/	24.375182608695649	24.545821739130425				
44621	24.496200000000002	24.6677				
44622	24.495899999999999	24.667400000000001					
44623	24.495799999999999	24.667300000000001					
44624	24.4956	24.667100000000001					
44627	24.4956	24.667100000000001					
44628	24.3492	24.519600000000001					
44629	24.346299999999999	24.5167					
44630	24.3432	24.5136		
44631	24.3401	24.5105		
44634	24.339700000000001	24.510100000000001		
44635	24.339300000000001	24.509699999999999			
44636	24.337599999999998	24.507999999999999		
44637	24.335799999999999	24.5062		
44638	24.3383	24.508700000000001		
44641	24.340699999999998	24.511099999999999		
44642	24.343299999999999	24.5137		
44643	24.343299999999999	24.5137		
44644	24.343299999999999	24.5137		
44645	24.343299999999999	24.5137		
44648	24.342700000000001	24.513100000000001			
44649	24.341999999999999	24.5124			
44650	24.3414	24.511800000000001			
44651	24.340599999999998	24.510999999999999			
Abril 2/	24.33732777777778	24.507700000000007			
44652	24.3398	24.510200000000001			
44655	24.338899999999999	24.5093			
44656	24.338000000000001	24.508400000000002			
44657	24.337700000000002	24.508099999999999			
44658	24.337499999999999	24.507899999999999			
44659	24.337299999999999	24.5077			
44662	24.336600000000001	24.507000000000001			
44663	24.335799999999999	24.5062			
44669	24.335100000000001	24.505400000000002			
44670	24.334399999999999	24.5047			
44671	24.3338	24.504100000000001			
44672	24.334399999999999	24.5047			
44673	24.335100000000001	24.505400000000002			
44676	24.336400000000001	24.506799999999998			
44677	24.337199999999999	24.5076			
44678	24.338999999999999	24.509399999999999			
44679	24.3413	24.511700000000001			
44680	24.343599999999999	24.513999999999999			
Mayo 2/	24.376214285714287	24.546857142857139			
44684	24.3447	24.5151			
44685	24.343800000000002	24.514199999999999			
44686	24.347000000000001	24.517399999999999			
44687	24.351700000000001	24.522200000000002			
44690	24.3565	24.527000000000001			
44691	24.360399999999998	24.530899999999999			
44692	24.3644	24.535			
44693	24.368500000000001	24.539100000000001			
44694	24.3736	24.5442			
44697	24.379000000000001	24.549700000000001			
44698	24.380800000000001	24.551500000000001			
44699	24.3825	24.5532			
44700	24.3841	24.5548			
44701	24.387599999999999	24.558299999999999			
44704	24.390999999999998	24.561699999999998			
44705	24.3934	24.5642			
44706	24.395800000000001	24.566600000000001			
44707	24.398099999999999	24.568899999999999			
44708	24.399000000000001	24.569800000000001			
44711	24.399799999999999	24.570599999999999			
44712	24.398800000000001	24.569600000000001			
Junio 2/	24.392890909090909	24.563636363636363			
44713	24.3977	24.5685			
44714	24.3964	24.5672			
44715	24.393899999999999	24.564699999999998			
44718	24.391400000000001	24.562100000000001			
44719	24.39	24.560700000000001			
44720	24.3887	24.5594			
44721	24.3872	24.5579			
44722	24.385999999999999	24.556699999999999			
44725	24.384799999999998	24.555499999999999			
44726	24.384699999999999	24.555399999999999			
44727	24.384699999999999	24.555399999999999			
44728	24.384699999999999	24.555399999999999			
44729	24.386199999999999	24.556899999999999			
44732	24.388000000000002	24.558700000000002			
44733	24.389500000000002	24.560199999999998			
44734	24.390999999999998	24.561699999999998			
44735	24.392700000000001	24.563400000000001			
44736	24.397300000000001	24.568100000000001			
44739	24.402000000000001	24.572800000000001			
44740	24.4054	24.5762			
44741	24.408899999999999	24.579799999999999			
44742	24.412400000000002	24.583300000000001			
Julio 2/	24.431361904761904	24.602376190476186			
44743	24.414999999999999	24.585899999999999			
44746	24.4178	24.588699999999999			
44747	24.4176	24.5885			
44748	24.417300000000001	24.588200000000001			
44749	24.416899999999998	24.587800000000001			
44750	24.417100000000001	24.588000000000001			
44753	24.417300000000001	24.588200000000001			
44754	24.418199999999999	24.589099999999998			
44755	24.4191	24.59			
44756	24.42	24.590900000000001			
44757	24.424099999999999	24.595099999999999			
44760	24.4285	24.599499999999999			
44761	24.432099999999998	24.603100000000001			
44762	24.4358	24.6069			
44763	24.439699999999998	24.610800000000001			
44764	24.4452	24.616299999999999			
44767	24.450900000000001	24.6221			
44768	24.453299999999999	24.624500000000001			
44769	24.4558	24.626999999999999			
44770	24.458200000000001	24.6294			
44771	24.4587	24.629899999999999			
Agosto 2/	24.457147826086956	24.579460869565217			
44774	24.459	24.581299999999999			
44775	24.457699999999999	24.58			
44776	24.456099999999999	24.578399999999998			
44777	24.454499999999999	24.576799999999999			
44778	24.452999999999999	24.575299999999999			
44781	24.451499999999999	24.573799999999999			
44782	24.451699999999999	24.574000000000002			
44783	24.451899999999998	24.574200000000001			
44784	24.452100000000002	24.574400000000001			
44785	24.452400000000001	24.5747			
44788	24.4527	24.574999999999999			
44789	24.4526	24.5749			
44790	24.4527	24.574999999999999			
44791	24.4527	24.574999999999999			
44792	24.4528	24.575099999999999			
44795	24.4529	24.575199999999999			
44796	24.4529	24.575199999999999			
44797	24.4529	24.575199999999999			
44798	24.4529	24.575199999999999			
44799	24.461400000000001	24.5837			
44802	24.470199999999998	24.592600000000001			
44803	24.479199999999999	24.601600000000001			
44804	24.488600000000002	24.611000000000001			
Septiembre 2/	24.588633333333334	24.711580952380949			
44805	24.498100000000001	24.6206			
44806	24.5137	24.636299999999999			
44809	24.529900000000001	24.6525			
44810	24.538	24.660699999999999			
44811	24.5459	24.668600000000001			
44812	24.553899999999999	24.6767			
44813	24.566299999999998	24.6891			
44816	24.578900000000001	24.701799999999999			
44817	24.585599999999999	24.708500000000001			
44818	24.592099999999999	24.7151			
44820	24.598299999999998	24.721299999999999			
44823	24.6067	24.729700000000001			
44824	24.615200000000002	24.738299999999999			
44825	24.619299999999999	24.7424			
44826	24.623100000000001	24.746200000000002			
44827	24.6266	24.749700000000001			
44830	24.630199999999999	24.753399999999999			
44831	24.633600000000001	24.756799999999998			
44832	24.634599999999999	24.7578			
44833	24.635400000000001	24.758600000000001			
44834	24.635899999999999	24.7591			
Octubre 2/	24.672371428571431	24.795738095238097			
44837	24.641300000000001	24.764500000000002			
44838	24.6465	24.7697			
44839	24.652000000000001	24.775300000000001			
44840	24.652000000000001	24.775300000000001			
44841	24.652000000000001	24.775300000000001			
44844	24.652000000000001	24.775300000000001			
44845	24.657399999999999	24.7807			
44846	24.663	24.786300000000001			
44847	24.669799999999999	24.793099999999999			
44848	24.6767	24.8001			
44851	24.678999999999998	24.802399999999999			
44852	24.6812	24.804600000000001			
44853	24.683299999999999	24.806699999999999			
44854	24.685600000000001	24.809000000000001			
44855	24.687899999999999	24.811299999999999			
44858	24.6889	24.8123			
44859	24.689800000000002	24.813199999999998			
44860	24.6905	24.814			
44861	24.6905	24.814			
44862	24.6904	24.8139			
44865	24.69	24.813500000000001			
Noviembre 2/	24.66868181818182	24.79202272727273			
44866	24.689299999999999	24.8127			
44867	24.688700000000001	24.812100000000001			
44868	24.686399999999999	24.809799999999999			
44869	24.683900000000001	24.807300000000001			
44872	24.681899999999999	24.805299999999999			
44873	24.68	24.8034			
44874	24.677800000000001	24.801200000000001			
44875	24.676500000000001	24.799900000000001			
44876	24.675000000000001	24.798400000000001			
44879	24.6752	24.7986			
44880	24.6755	24.7989			
44881	24.675899999999999	24.799299999999999			
44882	24.6736	24.797000000000001			
44883	24.671199999999999	24.794599999999999			
44886	24.668099999999999	24.791399999999999			
44887	24.664999999999999	24.7883			
44888	24.661899999999999	24.7852			
44889	24.6541	24.7774			
44890	24.646000000000001	24.769200000000001			
44893	24.640599999999999	24.7638			
44894	24.635000000000002	24.758199999999999			
44895	24.6294	24.752500000000001			
Diciembre 2/	24.610642857142857	24.733690476190478			
44896	24.6248	24.747900000000001			
44897	24.620200000000001	24.743300000000001			
44900	24.620100000000001	24.743200000000002			
44901	24.620200000000001	24.743300000000001			
44902	24.6206	24.7437			
44903	24.619399999999999	24.7425			
44904	24.618300000000001	24.741399999999999			
44907	24.616199999999999	24.7393			
44908	24.6142	24.737300000000001			
44909	24.612300000000001	24.735399999999998			
44910	24.6099	24.732900000000001			
44911	24.607299999999999	24.7303			
44914	24.6065	24.729500000000002			
44915	24.605599999999999	24.7286			
44916	24.604800000000001	24.727799999999998			
44917	24.603300000000001	24.726299999999998			
44918	24.601900000000001	24.724900000000002			
44922	24.600999999999999	24.724			
44923	24.6	24.722999999999999			
44924	24.5991	24.722100000000001			
44925	24.597799999999999	24.720800000000001			
Enero 2/	24.585580952380958	24.708519047619049
44929	24.597799999999999	24.720800000000001
44930	24.596499999999999	24.7195
44931	24.5959	24.718900000000001
44932	24.595400000000001	24.718399999999999
44935	24.594799999999999	24.7178
44936	24.594000000000001	24.716999999999999
44937	24.5931	24.716100000000001
44938	24.592700000000001	24.715699999999998
44939	24.592300000000002	24.715299999999999
44942	24.591999999999999	24.715
44943	24.590399999999999	24.7134
44944	24.588699999999999	24.711600000000001
44945	24.587199999999999	24.710100000000001
44946	24.585799999999999	24.7087
44949	24.584399999999999	24.7073
44950	24.579699999999999	24.7026
44951	24.5748	24.697700000000001
44952	24.571100000000001	24.693999999999999
44953	24.567399999999999	24.690200000000001
44956	24.563600000000001	24.686399999999999
44957	24.5596	24.682400000000001
Febrero 2/	24.555230000000002	24.678004999999995
44958	24.555499999999999	24.6783
44959	24.554600000000001	24.677399999999999
44960	24.553799999999999	24.676600000000001
44963	24.553100000000001	24.675899999999999
44964	24.5519	24.674700000000001
44965	24.550899999999999	24.6737
44966	24.549900000000001	24.672599999999999
44967	24.548999999999999	24.671700000000001
44970	24.548300000000001	24.670999999999999
44971	24.549099999999999	24.671800000000001
44972	24.549900000000001	24.672599999999999
44973	24.551300000000001	24.674099999999999
44974	24.552700000000002	24.6755
44977	24.554300000000001	24.677099999999999
44978	24.557500000000001	24.680299999999999
44979	24.5608	24.683599999999998
44980	24.5627	24.685500000000001
44981	24.564499999999999	24.6873
44984	24.566400000000002	24.6892
44985	24.5684	24.691199999999998
Marzo 2/	24.576021739130432	24.698921739130434
44986	24.5703	24.693200000000001
44987	24.570699999999999	24.6936
44988	24.571000000000002	24.693899999999999
44991	24.571300000000001	24.694199999999999
44992	24.572299999999998	24.6952
44993	24.5733	24.696200000000001
44994	24.574300000000001	24.697199999999999
44995	24.5748	24.697700000000001
44998	24.5762	24.699100000000001
44999	24.576699999999999	24.6996	
45000	24.577100000000002	24.7	
45001	24.576799999999999	24.6997	
45002	24.5764	24.699300000000001	
45005	24.576000000000001	24.698899999999998	
45006	24.5764	24.699300000000001	
45007	24.576799999999999	24.6997	
45008	24.5777	24.700600000000001
45009	24.578700000000001	24.701599999999999
45012	24.579599999999999	24.702500000000001
45013	24.580200000000001	24.703099999999999
45014	24.5808	24.703700000000001
45015	24.5806	24.703499999999998
45016	24.580500000000001	24.703399999999998
Abril 2/	24.566187500000002	24.689025000000001
45019	24.580300000000001	24.703199999999999	
45020	24.578499999999998	24.7014		
45026	24.576599999999999	24.6995	
45027	24.574999999999999	24.697900000000001	
45028	24.5732	24.696100000000001	
45029	24.5715	24.694400000000002	
45030	24.5687	24.691500000000001	
45034	24.5657	24.688500000000001	
45035	24.5642	24.687000000000001	
45036	24.5627	24.685500000000001	
45037	24.561299999999999	24.684100000000001	
45040	24.559200000000001	24.681999999999999	
45041	24.556999999999999	24.6798	
45042	24.556000000000001	24.678799999999999	
45043	24.555	24.677800000000001	
45044	24.554099999999998	24.6769	
 Mayo 2/	24.55870909090909	24.68151363636364	
45048	24.5534	24.676200000000001	
45049	24.552700000000002	24.6755	
45050	24.552700000000002	24.6755	
45051	24.552700000000002	24.6755	
45054	24.552800000000001	24.675599999999999	
45055	24.553699999999999	24.676500000000001	
45056	24.5547	24.677499999999998	
45057	24.555399999999999	24.6782	
45058	24.5562	24.678999999999998	
45061	24.556999999999999	24.6798	
45062	24.5579	24.680700000000002	
45063	24.558800000000002	24.6816	
45064	24.559000000000001	24.681799999999999	
45065	24.559200000000001	24.681999999999999	
45068	24.5593	24.682099999999998	
45069	24.560400000000001	24.683199999999999	
45070	24.561699999999998	24.6845	
45071	24.562899999999999	24.685700000000001	
45072	24.5642	24.687000000000001	
45075	24.5655	24.688300000000002	
45076	24.568999999999999	24.691800000000001	
45077	24.572399999999998	24.6953
Junio 2/	24.593563636363637	24.716540909090906
45078	24.5749	24.697800000000001
45079	24.577500000000001	24.700399999999998
45082	24.580100000000002	24.702999999999999
45083	24.584099999999999	24.707000000000001
45084	24.588200000000001	24.711099999999998
45085	24.590399999999999	24.7134
45086	24.592400000000001	24.715399999999999
45089	24.5944	24.717400000000001
45090	24.596499999999999	24.7195
45091	24.598700000000001	24.721699999999998
45092	24.599399999999999	24.7224
45093	24.6	24.722999999999999
45096	24.6005	24.723500000000001
45097	24.6004	24.723400000000002
45098	24.6004	24.723400000000002
45099	24.600100000000001	24.723099999999999
45100	24.599699999999999	24.7227
45103	24.599399999999999	24.7224
45104	24.5976	24.720600000000001
45105	24.5959	24.718900000000001
45106	24.5946	24.717600000000001
45107	24.5932	24.716200000000001
Julio 2/	24.59116666666667	24.714142857142861
45110	24.591799999999999	24.7148
45111	24.590900000000001	24.713899999999999
45112	24.5899	24.712800000000001
45113	24.5901	24.713100000000001
45114	24.590399999999999	24.7134
45117	24.590800000000002	24.713799999999999
45118	24.591799999999999	24.7148
45119	24.5929	24.715900000000001
45120	24.593499999999999	24.7165
45121	24.594200000000001	24.717199999999998
45124	24.594899999999999	24.7179
45125	24.595500000000001	24.718499999999999
45126	24.5961	24.719100000000001
45127	24.596	24.719000000000001
45128	24.5959	24.718900000000001
45131	24.595700000000001	24.718699999999998
45132	24.592199999999998	24.715199999999999
45133	24.5885	24.711400000000001
45134	24.584900000000001	24.707799999999999
45135	24.581199999999999	24.7041
45138	24.577300000000001	24.700199999999999
Agosto 2/	24.588465217391306	24.71141304347826
45139	24.5747	24.697600000000001
45140	24.571899999999999	24.694800000000001
45141	24.572399999999998	24.6953
45142	24.573	24.695900000000002
45145	24.573799999999999	24.6967
45146	24.576000000000001	24.698899999999998
45147	24.578199999999999	24.7011
45148	24.579499999999999	24.702400000000001
45149	24.581	24.703900000000001
45152	24.5824	24.705300000000001
45153	24.585699999999999	24.708600000000001
45154	24.588999999999999	24.7119
45155	24.591200000000001	24.714200000000002
45156	24.593399999999999	24.7164
45159	24.595600000000001	24.718599999999999
45160	24.597899999999999	24.7209
45161	24.600300000000001	24.723299999999998
45162	24.600899999999999	24.7239	
45163	24.601400000000002	24.724399999999999
45166	24.601800000000001	24.724799999999998
45167	24.603400000000001	24.726400000000002
45168	24.604900000000001	24.727900000000002
45169	24.606300000000001	24.729299999999999
Septiembre 2/	24.623795000000001	24.746919999999999	
45170	24.607700000000001	24.730699999999999
45173	24.609200000000001	24.732199999999999
45174	24.6112	24.734300000000001
45175	24.613099999999999	24.7362
45176	24.614100000000001	24.737200000000001
45177	24.614999999999998	24.738099999999999
45180	24.616	24.739100000000001
45181	24.617799999999999	24.7409
45182	24.619800000000001	24.742899999999999
45183	24.621200000000002	24.744299999999999
45187	24.622399999999999	24.7455	
45188	24.623699999999999	24.7468	
45189	24.626899999999999	24.75	
45190	24.630199999999999	24.753399999999999	
45191	24.6325	24.755700000000001	
45194	24.634899999999998	24.758099999999999	
45195	24.6372	24.760400000000001	
45196	24.639500000000002	24.762699999999999	
45197	24.6416	24.764800000000001	
45198	24.6419	24.7651	
Octubre 2/	24.660405263157894	24.78371052631579	
45201	24.642199999999999	24.7654	
45202	24.642299999999999	24.765499999999999	
45208	24.644500000000001	24.767700000000001	
45209	24.646699999999999	24.7699	
45210	24.6492	24.772400000000001	
45211	24.651599999999998	24.774899999999999	
45212	24.654	24.7773	
45215	24.657599999999999	24.780899999999999	
45216	24.6614	24.784700000000001	
45217	24.6631	24.7864	
45218	24.6648	24.7881	
45219	24.666499999999999	24.7898	
45222	24.668399999999998	24.791699999999999	
45223	24.670500000000001	24.793900000000001
45224	24.671299999999999	24.794699999999999
45225	24.671900000000001	24.795300000000001
45226	24.672599999999999	24.795999999999999
45229	24.6739	24.7973
45230	24.6752	24.7986
Noviembre 2/	24.674431818181823	24.797813636363632	
45231	24.676300000000001	24.799700000000001
45232	24.677299999999999	24.800699999999999
45233	24.6783	24.8017
45236	24.6798	24.8032
45237	24.6812	24.804600000000001
45238	24.681999999999999	24.805399999999999
45239	24.682700000000001	24.806100000000001
45240	24.683399999999999	24.806799999999999
45243	24.682200000000002	24.805599999999998
45244	24.681000000000001	24.804400000000001
45245	24.679099999999998	24.802499999999998
45246	24.677399999999999	24.800799999999999
45247	24.6754	24.7988
45250	24.673400000000001	24.796800000000001
45251	24.671199999999999	24.794599999999999
45252	24.6708	24.7942
45253	24.670400000000001	24.793800000000001
45254	24.67	24.793399999999998
45257	24.666499999999999	24.7898
45258	24.6631	24.7864
45259	24.659700000000001	24.783000000000001
45260	24.656300000000002	24.779599999999999
Diciembre 2/	24.646204999999998	24.769438400000002	
45261	24.652799999999999	24.7761
45264	24.648499999999999	24.771699999999999
45265	24.644200000000001	24.767399999999999
45266	24.642800000000001	24.765999999999998
45267	24.641400000000001	24.764600000000002
45268	24.64	24.763200000000001
45271	24.639700000000001	24.762899999999998
45272	24.639500000000002	24.762699999999999
45273	24.6401	24.763300000000001
45274	24.640699999999999	24.7639
45275	24.6416	24.764800000000001
45278	24.644100000000002	24.767299999999999
45279	24.646699999999999	24.7699
45280	24.648499999999999	24.771699999999999
45281	24.650500000000001	24.773800000000001
45282	24.6525	24.7758
45286	24.653099999999998	24.776399999999999
45287	24.653600000000001	24.776867999999997
45288	24.6525	24.7758
45289	24.651299999999999	24.7746
Enero 2/	24.642527272727275	24.765736363636368
45293	24.651299999999999	24.7746
45294	24.65	24.773299999999999
45295	24.647200000000002	24.770399999999999
45296	24.644500000000001	24.767700000000001
45299	24.642900000000001	24.766100000000002
45300	24.641400000000001	24.764600000000002
45301	24.639700000000001	24.762899999999998
45302	24.6386	24.761800000000001
45303	24.6374	24.7606
45306	24.637499999999999	24.7607
45307	24.637799999999999	24.760999999999999
45308	24.638100000000001	24.761299999999999
45309	24.6388	24.762
45310	24.639700000000001	24.762899999999998
45313	24.6401	24.763300000000001
45314	24.640699999999999	24.7639
45315	24.641200000000001	24.764399999999998
45316	24.642800000000001	24.765999999999998
45317	24.644500000000001	24.767700000000001
45320	24.645800000000001	24.768999999999998
45321	24.647099999999998	24.770299999999999
45322	24.648499999999999	24.771699999999999
Febrero 2/	24.663152380952379	24.786480952380956
45323	24.650400000000001	24.773700000000002
45324	24.6523	24.775600000000001
45327	24.653099999999998	24.776399999999999
45328	24.6539	24.777200000000001
45329	24.654599999999999	24.777899999999999
45330	24.655999999999999	24.779299999999999
45331	24.657399999999999	24.7807
45334	24.658300000000001	24.781600000000001
45335	24.659300000000002	24.782599999999999
45336	24.6601	24.7834
45337	24.662299999999998	24.785599999999999
45338	24.664300000000001	24.787600000000001
45341	24.665800000000001	24.789100000000001
45342	24.667300000000001	24.790600000000001
45343	24.668800000000001	24.792100000000001
45344	24.6709	24.7943
45345	24.672799999999999	24.796199999999999
45348	24.6736	24.797000000000001
45349	24.674399999999999	24.797799999999999
45350	24.6751	24.798500000000001
45351	24.6755	24.7989
Marzo 2/	24.672461111111112	24.795838888888888
45352	24.675799999999999	24.799199999999999
45355	24.675599999999999	24.798999999999999
45356	24.6753	24.7987
45357	24.675000000000001	24.798400000000001
45358	24.674800000000001	24.798200000000001
45359	24.674600000000002	24.797999999999998
45362	24.674600000000002	24.797999999999998
45363	24.674700000000001	24.798100000000002
45364	24.674700000000001	24.798100000000002
45365	24.674099999999999	24.797499999999999
45366	24.673300000000001	24.796700000000001
45369	24.672499999999999	24.7959
45370	24.671700000000001	24.795100000000001
45371	24.6708	24.7942
45372	24.668900000000001	24.792200000000001
45373	24.667100000000001	24.790400000000002
45376	24.666	24.789300000000001
45377	24.6648	24.7881
Abril 2/	24.667623809523814	24.790942857142856
45383	24.663599999999999	24.786899999999999
45384	24.6632	24.7865
45385	24.662700000000001	24.786000000000001
45386	24.6632	24.7865
45387	24.663699999999999	24.786999999999999
45390	24.664300000000001	24.787600000000001
45391	24.665299999999998	24.788599999999999
45392	24.6663	24.7896
45393	24.666699999999999	24.79
45394	24.667200000000001	24.790500000000002
45398	24.6676	24.790900000000001
45399	24.6676	24.790900000000001
45400	24.6676	24.790900000000001
45401	24.667300000000001	24.790600000000001
45404	24.666799999999999	24.790099999999999
45405	24.666399999999999	24.7897
45406	24.668700000000001	24.792000000000002
45407	24.671099999999999	24.794499999999999
45408	24.6739	24.7973
45411	24.6769	24.8003
45412	24.68	24.8034
Mayo 2/	24.692390909090907	24.81586363636363
45414	24.684200000000001	24.807600000000001
45415	24.688700000000001	24.812100000000001
45418	24.6906	24.8141
45419	24.692399999999999	24.815899999999999
45420	24.694199999999999	24.817699999999999
45421	24.695499999999999	24.818999999999999
45422	24.6968	24.8203
45425	24.6968	24.8203
45426	24.6967	24.8202
45427	24.6965	24.82
45428	24.695799999999998	24.819299999999998
45429	24.694900000000001	24.8184
45432	24.694500000000001	24.818000000000001
45433	24.694099999999999	24.817599999999999
45434	24.6936	24.8171
45435	24.692399999999999	24.815899999999999
45436	24.691199999999998	24.814699999999998
45439	24.6905	24.814
45440	24.689599999999999	24.812999999999999
45441	24.688700000000001	24.812100000000001
45442	24.687899999999999	24.811299999999999
45443	24.687000000000001	24.810400000000001
Junio 2/	24.706935000000009	24.830459999999999
45446	24.686699999999998	24.810099999999998
45447	24.686599999999999	24.81
45448	24.686299999999999	24.809699999999999
45449	24.6874	24.8108
45450	24.688600000000001	24.812000000000001
45453	24.689900000000002	24.813300000000002
45454	24.691199999999998	24.814699999999998
45455	24.692499999999999	24.815999999999999
45456	24.696400000000001	24.819900000000001
45457	24.700500000000002	24.824000000000002
45460	24.703399999999998	24.826899999999998
45461	24.706199999999999	24.829699999999999
45462	24.709199999999999	24.832699999999999
45463	24.715699999999998	24.839300000000001
45464	24.7224	24.846
45467	24.726600000000001	24.850200000000001
45468	24.731000000000002	24.854700000000001
45469	24.735199999999999	24.858899999999998
45470	24.7393	24.863
45471	24.743600000000001	24.8673
Julio 2/	24.744317391304342	24.868019347826088
45474	24.744499999999999	24.868200000000002
45475	24.745100000000001	24.8688
45476	24.7456	24.869299999999999
45477	24.746400000000001	24.870100000000001
45478	24.747	24.870699999999999
45481	24.747699999999998	24.871400000000001
45482	24.748100000000001	24.8718
45483	24.7486	24.872299999999999
45484	24.748799999999999	24.872499999999999
45485	24.748999999999999	24.872744999999995
45488	24.748799999999999	24.872499999999999
45489	24.748699999999999	24.872399999999999
45490	24.7485	24.872199999999999
45491	24.7471	24.870799999999999
45492	24.745699999999999	24.869399999999999
45495	24.744399999999999	24.868099999999998
45496	24.742999999999999	24.866700000000002
45497	24.741599999999998	24.865300000000001
45498	24.7393	24.863
45499	24.736999999999998	24.860700000000001
45502	24.735900000000001	24.8596
45503	24.7348	24.858499999999999
45504	24.733699999999999	24.857399999999998
Agosto 2/	24.751490909090908	24.875254545454549
45505	24.734500000000001	24.8582
45506	24.735399999999998	24.859100000000002
45509	24.737100000000002	24.860800000000001
45510	24.739000000000001	24.8627
45511	24.741	24.864699999999999
45512	24.744499999999999	24.868200000000002
45513	24.748100000000001	24.8718
45516	24.7499	24.8736
45517	24.751899999999999	24.875699999999998
45518	24.753799999999998	24.877600000000001
45519	24.755600000000001	24.8794
45520	24.757400000000001	24.8812
45523	24.7578	24.881599999999999
45524	24.757999999999999	24.881799999999998
45525	24.758199999999999	24.882000000000001
45526	24.758400000000002	24.882200000000001
45527	24.758500000000002	24.882300000000001
45530	24.758600000000001	24.882400000000001
45531	24.758700000000001	24.8825
45532	24.758800000000001	24.8826
45533	24.758800000000001	24.8826
45534	24.758800000000001	24.8826
Septiembre 2/	24.787610526315792	24.911547368421058
45537	24.758800000000001	24.8826	
45538	24.758800000000001	24.8826	
45539	24.758900000000001	24.8827	
45540	24.760400000000001	24.8842	
45541	24.762	24.8858	
45544	24.763500000000001	24.8873	
45545	24.7651	24.8889	
45546	24.7667	24.890499999999999	
45547	24.773499999999999	24.897400000000001	
45548	24.7805	24.904399999999999	
45552	24.786200000000001	24.9101	
45553	24.792000000000002	24.916	
45554	24.797899999999998	24.921900000000001	
45555	24.807200000000002	24.9312	
45558	24.816700000000001	24.940799999999999	
45559	24.8215	24.945599999999999	
45560	24.8261	24.950199999999999	
45561	24.8307	24.954899999999999	
45562	24.838100000000001	24.962299999999999	
Octubre 2/	24.899047368421055	25.023542105263154	
45572	24.845500000000001	24.9697	
45573	24.849599999999999	24.973800000000001	
45574	24.8537	24.978000000000002	
45575	24.857600000000001	24.9819	
45576	24.864799999999999	24.989100000000001	
45579	24.8721	24.996500000000001	
45580	24.8766	25.001000000000001	
45581	24.881	25.005400000000002	
45582	24.8855	25.009899999999998	
45583	24.894400000000001	25.018899999999999	
45586	24.903500000000001	25.027999999999999	
45587	24.909300000000002	25.033799999999999	
45588	24.914999999999999	25.0396	
45589	24.9207	25.045300000000001	
45590	24.932400000000001	25.057099999999998	
45593	24.943999999999999	25.0687	
45594	24.9514	25.0762	
45595	24.9587	25.083500000000001	
45596	24.966100000000001	25.090900000000001	
Noviembre 2/	25.073347619047613	25.198723809523806	
45597	24.9786	25.1035	
45600	24.991299999999999	25.116299999999999	
45601	24.9985	25.1235	
45602	25.005600000000001	25.130600000000001	
45603	25.012499999999999	25.137599999999999	
45604	25.024799999999999	25.149899999999999	
45607	25.037099999999999	25.162299999999998	
45608	25.0443	25.169499999999999	
45609	25.051400000000001	25.1767	
45610	25.058399999999999	25.183700000000002	
45611	25.070799999999998	25.196200000000001	
45614	25.083600000000001	25.209
45615	25.091100000000001	25.2166
45616	25.098600000000001	25.2241
45617	25.106000000000002	25.2315
45618	25.120100000000001	25.245699999999999
45621	25.134499999999999	25.260200000000001
45622	25.1434	25.269100000000002
45623	25.152200000000001	25.277999999999999
45624	25.160900000000002	25.2867
45625	25.176600000000001	25.302499999999998
Diciembre 2/	25.292994736842108	25.419473684210526
45628	25.192399999999999	25.3184
45629	25.201599999999999	25.3276
45630	25.210899999999999	25.337
45631	25.219899999999999	25.346
45632	25.235600000000002	25.361799999999999
45635	25.2515	25.377800000000001
45636	25.260899999999999	25.3872
45637	25.270099999999999	25.3965
45638	25.2791	25.4055
45639	25.294799999999999	25.421299999999999
45642	25.3108	25.4374
45643	25.3203	25.446899999999999	
45644	25.3294	25.456	
45645	25.3385	25.465199999999999	
45646	25.3521	25.478899999999999	
45652	25.3659	25.492699999999999	
45653	25.373100000000001	25.5	
45656	25.38	25.506900000000002	
45657	25.38	25.506900000000002	
Enero 2/	25.448668181818185	25.575909090909093	
45659	25.38	25.506900000000002	
45660	25.386700000000001	25.5136	
45663	25.396000000000001	25.523	
45664	25.4055	25.532499999999999	
45665	25.410299999999999	25.537400000000002	
45666	25.4148	25.541899999999998	
45667	25.4191	25.546199999999999	
45670	25.427299999999999	25.554400000000001	
45671	25.435300000000002	25.5625	
45672	25.440799999999999	25.568000000000001	
45673	25.446000000000002	25.5732	
45674	25.4512	25.578499999999998	
45677	25.459800000000001	25.5871	
45678	25.468499999999999	25.595800000000001	
45679	25.473299999999998	25.6007	
45680	25.478100000000001	25.605499999999999	
45681	25.482700000000001	25.610099999999999	
45684	25.4895	25.616900000000001	
45685	25.496400000000001	25.623899999999999	
45686	25.4999	25.627400000000002	
45687	25.5032	25.630700000000001	
45688	25.5063	25.633800000000001	
Febrero 2/	25.555589999999995	25.68336	
45691	25.511700000000001	25.639299999999999	
45692	25.516999999999999	25.644600000000001	
45693	25.520299999999999	25.6479	
45694	25.523399999999999	25.651	
45695	25.526399999999999	25.654	
45698	25.532900000000001	25.660599999999999	
45699	25.5396	25.667300000000001	
45700	25.544	25.671700000000001	
45701	25.5486	25.676300000000001	
45702	25.553000000000001	25.680800000000001	
45705	25.560400000000001	25.688199999999998	
45706	25.567900000000002	25.695699999999999	
45707	25.572099999999999	25.7	
45708	25.5761	25.704000000000001	
45709	25.580200000000001	25.708100000000002	
45712	25.5839	25.7118	
45713	25.587599999999998	25.715499999999999	
45714	25.5884	25.7163	
45715	25.588999999999999	25.716899999999999	
45716	25.589300000000001	25.717199999999998	
Marzo 2/	25.609295000000003	25.737354999999997	
45719	25.590699999999998	25.718699999999998	
45720	25.591999999999999	25.72	
45721	25.593499999999999	25.721499999999999	
45722	25.594899999999999	25.722899999999999	
45723	25.5962	25.7242	
45727	25.600999999999999	25.728999999999999	
45728	25.605899999999998	25.733899999999998	
45729	25.6098	25.7378	
45730	25.613700000000001	25.741800000000001	
45733	25.617699999999999	25.745799999999999	
45734	25.6191	25.747199999999999	
45735	25.620200000000001	25.7483	
45736	25.617899999999999	25.745999999999999	
45737	25.615500000000001	25.743600000000001	
45740	25.6129	25.741	
45741	25.613199999999999	25.741299999999999	
45742	25.613399999999999	25.741499999999998	
45743	25.616299999999999	25.744399999999999	
45744	25.619499999999999	25.747599999999998	
45747	25.622499999999999	25.750599999999999	
Abril 2/	25.698182352941174	25.826676470588239	
45748	25.630600000000001	25.758800000000001	
45749	25.6389	25.767099999999999	
45750	25.644400000000001	25.772600000000001	
45751	25.650099999999998	25.778400000000001	
45754	25.655899999999999	25.784199999999998	
45755	25.667300000000001	25.7956	
45756	25.678899999999999	25.807300000000001	
45757	25.686	25.814399999999999	
45758	25.693200000000001	25.8217	
45768	25.700299999999999	25.828800000000001	
45769	25.7136	25.842199999999998	
45770	25.7273	25.855899999999998	
45771	25.735800000000001	25.8645	
45772	25.744199999999999	25.872900000000001	
45775	25.752500000000001	25.8813	
45776	25.767399999999999	25.8962	
45777	25.782699999999998	25.9116	
Mayo 2/	25.89220952380953	26.02167142857143	
45779	25.791799999999999	25.9208	
45782	25.800699999999999	25.9297	
45783	25.8094	25.938400000000001	
45784	25.8247	25.953800000000001	
45785	25.840199999999999	25.9694	
45786	25.849299999999999	25.9785	
45789	25.8581	25.987400000000001	
45790	25.866800000000001	25.996099999999998	
45791	25.8797	26.0091	
45792	25.892800000000001	26.022300000000001	
45793	25.8994	26.0289	
45796	25.905899999999999	26.035399999999999	
45797	25.912099999999999	26.041699999999999	
45798	25.9224	26.052	
45799	25.9328	26.0625	
45800	25.939	26.0687	
45803	25.944900000000001	26.0746	
45804	25.950700000000001	26.080500000000001	
45805	25.9619	26.091699999999999	
45806	25.973299999999998	26.103200000000001	
45807	25.980499999999999	26.110399999999998	
Junio 2/	26.063590476190477	26.193909523809523	
45810	25.9876	26.1175	
45811	25.994700000000002	26.124700000000001	
45812	26.007200000000001	26.1372	
45813	26.0199	26.15	
45814	26.0274	26.157499999999999	
45817	26.034800000000001	26.164999999999999	
45818	26.042000000000002	26.1722	
45819	26.051600000000001	26.181899999999999	
45820	26.061299999999999	26.191600000000001	
45821	26.0656	26.195900000000002	
45824	26.069700000000001	26.2	
45825	26.073499999999999	26.203900000000001	
45826	26.08	26.2104	
45827	26.086400000000001	26.216799999999999	
45828	26.090399999999999	26.2209	
45831	26.0943	26.224799999999998	
45832	26.097999999999999	26.2285	
45833	26.104700000000001	26.235199999999999	
45834	26.1114	26.242000000000001	
45835	26.115500000000001	26.246099999999998	
45838	26.119399999999999	26.25	
Julio 2/	26.188999999999993	26.319943478260871	
45839	26.1233	26.253900000000002	
45840	26.131499999999999	26.2622	
45841	26.139800000000001	26.270499999999998	
45842	26.145299999999999	26.276	
45845	26.150600000000001	26.281400000000001	
45846	26.155999999999999	26.286799999999999	
45847	26.164100000000001	26.294899999999998	
45848	26.171199999999999	26.302099999999999	
45849	26.1782	26.309100000000001	
45852	26.181100000000001	26.312000000000001	
45853	26.189299999999999	26.3202	
45854	26.1953	26.3263	
45855	26.2041	26.335100000000001	
45856	26.212700000000002	26.343800000000002	
45859	26.2182	26.349299999999999	
45860	26.223700000000001	26.354800000000001	
45861	26.186499999999999	26.317399999999999	
45862	26.206	26.337	
45863	26.247599999999998	26.378799999999998	
45866	26.256	26.3873	
45867	26.2577	26.388999999999999	
45868	26.198899999999998	26.329899999999999	
45869	26.209900000000001	26.340900000000001	
Agosto 2/	26.062433333333338	26.192742857142857	
45870	26.207799999999999	26.338799999999999	
45873	26.227499999999999	26.358599999999999	
45874	26.221399999999999	26.352499999999999	
45875	26.0214	26.151499999999999	
45876	26.046700000000001	26.1769	
45877	26.111599999999999	26.2422	
45880	26.130500000000001	26.261199999999999	
45881	26.0825	26.212900000000001	
45882	26.006499999999999	26.136500000000002	
45883	26.027899999999999	26.158000000000001	
45884	26.032800000000002	26.163	
45887	26.048100000000002	26.1783	
45888	26.055599999999998	26.1859	
45889	25.938199999999998	26.067900000000002	
45890	25.973500000000001	26.103400000000001	
45891	26.042999999999999	26.173200000000001	
45894	26.0321	26.162299999999998	
45895	26.049700000000001	26.1799	
45896	26.004899999999999	26.134899999999998	
45897	26.015999999999998	26.146100000000001	
45898	26.0334	26.163599999999999	
Septiembre 2/	26.078378947368421	26.208773684210527	
45901	26.0215	26.151599999999998	
45902	25.996700000000001	26.1267	
45903	25.983899999999998	26.113800000000001	
45904	26.0519	26.182200000000002	
45905	26.038699999999999	26.168900000000001	
45908	26.0944	26.224900000000002	
45909	26.058399999999999	26.188700000000001	
45910	26.042899999999999	26.173100000000002	
45911	26.049800000000001	26.18	
45912	26.0532	26.183499999999999	
45916	26.094000000000001	26.224499999999999	
45917	26.067399999999999	26.197700000000001	
45918	26.070499999999999	26.200900000000001	
45919	26.105	26.235499999999998	
45922	26.131699999999999	26.2624	
45923	26.142299999999999	26.273	
45924	26.163599999999999	26.2944	
45925	26.157499999999999	26.2883	
45926	26.165800000000001	26.296600000000002	
Octubre 2/	26.208350000000003	26.339394999999996	
45936	26.169599999999999	26.3004	
45937	26.140699999999999	26.2714	
45938	26.159300000000002	26.290099999999999	
45939	26.172499999999999	26.3034	
45940	26.180199999999999	26.3111	
45943	26.169499999999999	26.3003	
45944	26.180499999999999	26.311399999999999	
45945	26.183299999999999	26.3142	
45946	26.179600000000001	26.310500000000001	
45947	26.199100000000001	26.330100000000002	
45950	26.200299999999999	26.331299999999999	
45951	26.210999999999999	26.342099999999999	
45952	26.187000000000001	26.317900000000002	
45953	26.210699999999999	26.341799999999999	
45954	26.261199999999999	26.392499999999998	
45957	26.278700000000001	26.4101	
45958	26.292300000000001	26.4238	
45959	26.2395	26.370699999999999	
45960	26.2576	26.3889	
45961	26.2944	26.425899999999999	
Noviembre 2/	26.282355000000003	26.413765000000001	
45964	26.2942	26.425699999999999	
45965	26.275700000000001	26.4071	
45966	26.239699999999999	26.370899999999999	
45967	26.2546	26.385899999999999	
45968	26.273800000000001	26.405200000000001	
45971	26.2866	26.417999999999999	
45972	26.2683	26.3996	
45973	26.261600000000001	26.392900000000001	
45974	26.265899999999998	26.397200000000002	
45975	26.268000000000001	26.3993	
45978	26.2804	26.411799999999999	
45979	26.282599999999999	26.414000000000001	
45980	26.282	26.413399999999999	
45981	26.2865	26.417899999999999	
45982	26.303699999999999	26.435199999999998	
45985	26.2926	26.424099999999999	
45986	26.3081	26.439599999999999	
45987	26.293900000000001	26.4254	
45988	26.3111	26.442699999999999	
45989	26.317799999999998	26.449400000000001	
Diciembre 2/	26.343990000000002	26.475709999999992	
45993	26.345099999999999	26.476800000000001	
45994	26.311699999999998	26.443300000000001	
45995	26.326699999999999	26.458300000000001	
45996	26.328600000000002	26.4602	
45999	26.336099999999998	26.4678	
46000	26.3047	26.436199999999999	
46001	26.330300000000001	26.462	
46002	26.308299999999999	26.439800000000002	
46003	26.334599999999998	26.4663	
46006	26.3369	26.468599999999999	
46007	26.345500000000001	26.4772	
46008	26.3324	26.464099999999998	
46009	26.3413	26.472999999999999	
46010	26.3688	26.500599999999999	
46013	26.370899999999999	26.502800000000001	
46014	26.366	26.497800000000002	
46015	26.366499999999998	26.4983	
46020	26.379000000000001	26.510899999999999	
46021	26.372699999999998	26.5046	
46022	26.373699999999999	26.505600000000001	
Enero 2/	26.414214285714291	26.54629930952381	
46024	26.373699999999999	26.505600000000001	
46027	26.373699999999999	26.505600000000001	
46028	26.371300000000002	26.5032	
46029	26.3766	26.508500000000002	
46030	26.395499999999998	26.5275	
46031	26.430700000000002	26.562899999999999	
46034	26.413799999999998	26.5459	
46035	26.406400000000001	26.538399999999999	
46036	26.3977	26.529688499999999	
46037	26.417300000000001	26.549399999999999	
46038	26.430800000000001	26.562999999999999	
46041	26.414300000000001	26.546399999999998	
46042	26.4194	26.551496999999998	
46043	26.408300000000001	26.540299999999998	
46044	26.431999999999999	26.5642	
46045	26.441299999999998	26.573499999999999	
46048	26.433	26.565200000000001	
46049	26.441299999999998	26.573499999999999	
46050	26.4314	26.563600000000001	
46051	26.440899999999999	26.5731	
46052	26.449100000000001	26.581299999999999	
Febrero 2/	26.477305000000001	26.609694999999999	
46055	26.4635	26.595800000000001	
46056	26.4465	26.578700000000001	
46057	26.448699999999999	26.5809	
46058	26.4527	26.585000000000001	
46059	26.46	26.592300000000002	
46062	26.474799999999998	26.607199999999999	
46063	26.487400000000001	26.619800000000001	
46064	26.458500000000001	26.590800000000002	
46065	26.466899999999999	26.5992	
46066	26.4787	26.6111	
46069	26.513999999999999	26.646599999999999	
46070	26.472100000000001	26.604500000000002	
46071	26.4771	26.609500000000001	
46072	26.4849	26.6173	
46073	26.4907	26.623200000000001	
46076	26.498699999999999	26.6312	
46077	26.488099999999999	26.6205	
46078	26.4986	26.6311	
46079	26.491	26.6235	
46080	26.493200000000002	26.625699999999998	
Marzo 2/	26.51867727272727	26.65127727272727	
46083	26.505700000000001	26.638200000000001	
46084	26.502400000000002	26.634899999999998	
46085	26.51	26.642600000000002	
46086	26.500599999999999	26.633099999999999	
46087	26.500399999999999	26.632899999999999	
46090	26.5136	26.6462	
46091	26.5137	26.6463	
46092	26.4969	26.6294	
46093	26.5002	26.6327	
46094	26.5199	26.6525	
46097	26.513300000000001	26.645900000000001	
46098	26.507899999999999	26.6404	
46099	26.5106	26.6432	
46100	26.513100000000001	26.645700000000001	
46101	26.5243	26.6569	
46104	26.522500000000001	26.655100000000001	
46105	26.532900000000001	26.665600000000001	
46106	26.539400000000001	26.6721	
46107	26.535599999999999	26.668299999999999	
46108	26.535799999999998	26.668500000000002	
46111	26.548999999999999	26.681699999999999	
46112	26.563099999999999	26.695900000000002	
Abril 2/	26.570390000000003	26.703240000000001	
46113	26.5456	26.6783	
46118	26.540900000000001	26.6736	
46119	26.548999999999999	26.681699999999999	
46120	26.545500000000001	26.6782	
46121	26.551500000000001	26.6843	
46122	26.5578	26.6906	
46125	26.554300000000001	26.687100000000001	
46126	26.560500000000001	26.693300000000001	
46127	26.563800000000001	26.6966	
46128	26.5731	26.706	
46129	26.5715	26.7044	
46132	26.576799999999999	26.709700000000002	
46133	26.568999999999999	26.701799999999999	
46134	26.5791	26.712	
46135	26.586200000000002	26.719100000000001	
46136	26.585999999999999	26.718900000000001	
46139	26.595800000000001	26.7288	
46140	26.596499999999999	26.729500000000002	
46141	26.606100000000001	26.739100000000001	
46142	26.598800000000001	26.7318	
Mayo 2/	26.628544999999995	26.761685	
46146	26.597100000000001	26.7301	
46147	26.602699999999999	26.735700000000001	
46148	26.6021	26.735099999999999	
46149	26.601800000000001	26.7348	
46150	26.612300000000001	26.7454	
46153	26.615100000000002	26.748200000000001	
46154	26.62	26.7531	
46155	26.618400000000001	26.7515	
46156	26.623200000000001	26.7563	
46157	26.6356	26.768799999999999	
46160	26.627099999999999	26.760200000000001	
46161	26.627500000000001	26.7606	
46162	26.6282	26.761299999999999	
46163	26.643799999999999	26.777000000000001	
46164	26.644100000000002	26.7773	
46167	26.646999999999998	26.780200000000001	
46168	26.654299999999999	26.787600000000001	
46169	26.6526	26.785900000000002	
46170	26.6572	26.790500000000002	
46171	26.660799999999998	26.7941	
Junio 2/	26.693363636363642	26.826827272727268	
46174	26.656199999999998	26.7895	
46175	26.659099999999999	26.792400000000001	
46176	26.666699999999999	26.8	
46177	26.668900000000001	26.802199999999999	
46178	26.669	26.802299999999999	
46181	26.684200000000001	26.817599999999999	
46182	26.671900000000001	26.805299999999999	
46183	26.6844	26.817799999999998	
46184	26.683599999999998	26.817	
46185	26.692900000000002	26.8264	
46188	26.685500000000001	26.818899999999999	
46189	26.692	26.825500000000002	
46190	26.694600000000001	26.828099999999999	
46191	26.704000000000001	26.837499999999999	
46192	26.7074	26.840900000000001	
46195	26.7135	26.847100000000001	
46196	26.7166	26.850200000000001	
46197	26.719000000000001	26.852599999999999	
46198	26.716999999999999	26.8506	
46199	26.727499999999999	26.8611	
46202	26.721699999999998	26.8553	
46203	26.718299999999999	26.851900000000001	
Julio 2/	26.762969565217389	26.896786956521741	
46204	26.734200000000001	26.867899999999999	
46205	26.735600000000002	26.869299999999999	
46206	26.739699999999999	26.8734	
46209	26.741399999999999	26.8751	
46210	26.738299999999999	26.872	
46211	26.747399999999999	26.8811	
46212	26.749400000000001	26.883099999999999	
46213	26.752800000000001	26.886600000000001	
46216	26.763500000000001	26.897300000000001	
46217	26.756499999999999	26.8903	
46218	26.757999999999999	26.8918	
46219	26.764900000000001	26.898700000000002	
46220	26.765899999999998	26.899699999999999	
46223	26.765699999999999	26.8995	
46224	26.7638	26.897600000000001	
46225	26.7744	26.908300000000001	
46226	26.772200000000002	26.906099999999999	
46227	26.776800000000001	26.910699999999999	
46230	26.782399999999999	26.9163	
46231	26.788499999999999	26.9224	
46232	26.790199999999999	26.924199999999999	
46233	26.793199999999999	26.927199999999999	
46234	26.793500000000002	26.927499999999998		
Agosto 2/	26.830628571428569	26.964785714285714		
46237	26.811399999999999	26.945499999999999		
46238	26.8003	26.9343		
46239	26.809899999999999	26.943899999999999		
46240	26.809799999999999	26.9438		
46241	26.8141	26.9482		
46244	26.811199999999999	26.9453		
46245	26.8108	26.944900000000001		
46246	26.8218	26.9559		
46247	26.8187	26.9528		
46248	26.823	26.957100000000001		
46251	26.827999999999999	26.9621		
46252	26.830500000000001	26.964700000000001		
46253	26.8368	26.971		
46254	26.8368	26.971		
46255	26.842500000000001	26.976700000000001		
46258	26.8476	26.9818		
46259	26.851800000000001	26.9861		
46260	26.8522	26.986499999999999		
46261	26.853200000000001	26.987500000000001		
46262	26.866700000000002	27.001000000000001		
46265	26.866099999999999	27.000399999999999		
Septiembre 3/	26.877972222222226	27.012355555555558		
46266	26.865600000000001	26.9999		
46267	26.862400000000001	26.996700000000001		
46268	26.864999999999998	26.999300000000002		
46269	26.864999999999998	26.999300000000002		
46272	26.872699999999998	27.007100000000001		
46273	26.874300000000002	27.008700000000001		
46274	26.869299999999999	27.003599999999999		
46275	26.883099999999999	27.017499999999998		
46276	26.882899999999999	27.017299999999999		
46279	26.883299999999998	27.017700000000001		
46281	26.882999999999999	27.017399999999999		
46282	26.880500000000001	27.014900000000001		
46283	26.881699999999999	27.016100000000002		
46286	26.8904	27.024899999999999		
46287	26.886199999999999	27.020600000000002		
46288	26.880800000000001	27.0152		
46289	26.8842	27.018599999999999		
46290	26.8931	27.0276	
1/ Corresponde al Tipo de Cambio de Referencia (TCR)				
2/ El tipo de cambio mensual, es el promedio simple de los tipos de cambio diarios de cada mes.	
3/ Promedio simple de los días transcurridos.	
Fecha de actualización:	46289
https://www.bch.hn/estadisticas-y-publicaciones-economicas/tipo-de-cambio-nominal
