town,date,tmin_c,grid_lat,grid_lon
comayagua,2005-01-01,17.168,14.25,272.25
ocotepeque,2005-01-01,17.516,14.25,270.75
copan,2005-01-01,15.691,14.75,271.25
comayagua,2005-01-02,18.63,14.25,272.25
ocotepeque,2005-01-02,18.523,14.25,270.75
copan,2005-01-02,14.484,14.75,271.25
comayagua,2005-01-03,18.856,14.25,272.25
ocotepeque,2005-01-03,19.014,14.25,270.75
copan,2005-01-03,16.524,14.75,271.25
comayagua,2005-01-04,16.765,14.25,272.25
ocotepeque,2005-01-04,18.012,14.25,270.75
copan,2005-01-04,15.24,14.75,271.25
comayagua,2005-01-05,15.417,14.25,272.25
ocotepeque,2005-01-05,15.055,14.25,270.75
copan,2005-01-05,10.015,14.75,271.25
comayagua,2005-01-06,15.791,14.25,272.25
ocotepeque,2005-01-06,18.836,14.25,270.75
copan,2005-01-06,13.516,14.75,271.25
comayagua,2005-01-07,19.062,14.25,272.25
ocotepeque,2005-01-07,20.694,14.25,270.75
copan,2005-01-07,17.523,14.75,271.25
comayagua,2005-01-08,19.784,14.25,272.25
ocotepeque,2005-01-08,18.417,14.25,270.75
copan,2005-01-08,18.366,14.75,271.25
comayagua,2005-01-09,17.932,14.25,272.25
ocotepeque,2005-01-09,18.032,14.25,270.75
copan,2005-01-09,15.621,14.75,271.25
comayagua,2005-01-10,15.245,14.25,272.25
ocotepeque,2005-01-10,15.96,14.25,270.75
copan,2005-01-10,12.072,14.75,271.25
comayagua,2005-01-11,16.366,14.25,272.25
ocotepeque,2005-01-11,15.98,14.25,270.75
copan,2005-01-11,11.286,14.75,271.25
comayagua,2005-01-12,15.948,14.25,272.25
ocotepeque,2005-01-12,17.383,14.25,270.75
copan,2005-01-12,17.597,14.75,271.25
comayagua,2005-01-13,22.474,14.25,272.25
ocotepeque,2005-01-13,17.83,14.25,270.75
copan,2005-01-13,20.217,14.75,271.25
comayagua,2005-01-14,18.792,14.25,272.25
ocotepeque,2005-01-14,19.064,14.25,270.75
copan,2005-01-14,17.751,14.75,271.25
comayagua,2005-01-15,15.698,14.25,272.25
ocotepeque,2005-01-15,18.17,14.25,270.75
copan,2005-01-15,13.705,14.75,271.25
comayagua,2005-01-16,16.43,14.25,272.25
ocotepeque,2005-01-16,17.795,14.25,270.75
copan,2005-01-16,12.634,14.75,271.25
comayagua,2005-01-17,14.367,14.25,272.25
ocotepeque,2005-01-17,16.898,14.25,270.75
copan,2005-01-17,12.047,14.75,271.25
comayagua,2005-01-18,13.095,14.25,272.25
ocotepeque,2005-01-18,15.743,14.25,270.75
copan,2005-01-18,11.459,14.75,271.25
comayagua,2005-01-19,15.192,14.25,272.25
ocotepeque,2005-01-19,15.725,14.25,270.75
copan,2005-01-19,11.44,14.75,271.25
comayagua,2005-01-20,16.012,14.25,272.25
ocotepeque,2005-01-20,15.203,14.25,270.75
copan,2005-01-20,11.712,14.75,271.25
comayagua,2005-01-21,10.545,14.25,272.25
ocotepeque,2005-01-21,12.988,14.25,270.75
copan,2005-01-21,6.619,14.75,271.25
comayagua,2005-01-22,10.718,14.25,272.25
ocotepeque,2005-01-22,18.013,14.25,270.75
copan,2005-01-22,18.242,14.75,271.25
comayagua,2005-01-23,15.693,14.25,272.25
ocotepeque,2005-01-23,14.658,14.25,270.75
copan,2005-01-23,12.946,14.75,271.25
comayagua,2005-01-24,13.543,14.25,272.25
ocotepeque,2005-01-24,21.546,14.25,270.75
copan,2005-01-24,9.967,14.75,271.25
comayagua,2005-01-25,13.99,14.25,272.25
ocotepeque,2005-01-25,19.937,14.25,270.75
copan,2005-01-25,12.529,14.75,271.25
comayagua,2005-01-26,12.871,14.25,272.25
ocotepeque,2005-01-26,15.38,14.25,270.75
copan,2005-01-26,11.567,14.75,271.25
comayagua,2005-01-27,15.185,14.25,272.25
ocotepeque,2005-01-27,15.445,14.25,270.75
copan,2005-01-27,12.047,14.75,271.25
comayagua,2005-01-28,13.8,14.25,272.25
ocotepeque,2005-01-28,14.021,14.25,270.75
copan,2005-01-28,8.824,14.75,271.25
comayagua,2005-01-29,15.93,14.25,272.25
ocotepeque,2005-01-29,18.735,14.25,270.75
copan,2005-01-29,14.871,14.75,271.25
comayagua,2005-01-30,17.914,14.25,272.25
ocotepeque,2005-01-30,18.367,14.25,270.75
copan,2005-01-30,15.495,14.75,271.25
comayagua,2005-01-31,16.604,14.25,272.25
ocotepeque,2005-01-31,18.088,14.25,270.75
copan,2005-01-31,15.072,14.75,271.25
comayagua,2005-02-01,15.722,14.25,272.25
ocotepeque,2005-02-01,17.478,14.25,270.75
copan,2005-02-01,15.197,14.75,271.25
comayagua,2005-02-02,15.489,14.25,272.25
ocotepeque,2005-02-02,18.84,14.25,270.75
copan,2005-02-02,14.684,14.75,271.25
comayagua,2005-02-03,18.141,14.25,272.25
ocotepeque,2005-02-03,21.503,14.25,270.75
copan,2005-02-03,16.892,14.75,271.25
comayagua,2005-02-04,17.139,14.25,272.25
ocotepeque,2005-02-04,17.902,14.25,270.75
copan,2005-02-04,13.497,14.75,271.25
comayagua,2005-02-05,14.158,14.25,272.25
ocotepeque,2005-02-05,18.024,14.25,270.75
copan,2005-02-05,13.68,14.75,271.25
comayagua,2005-02-06,16.862,14.25,272.25
ocotepeque,2005-02-06,18.689,14.25,270.75
copan,2005-02-06,14.864,14.75,271.25
comayagua,2005-02-07,16.021,14.25,272.25
ocotepeque,2005-02-07,17.634,14.25,270.75
copan,2005-02-07,14.74,14.75,271.25
comayagua,2005-02-08,13.716,14.25,272.25
ocotepeque,2005-02-08,11.616,14.25,270.75
copan,2005-02-08,9.087,14.75,271.25
comayagua,2005-02-09,15.351,14.25,272.25
ocotepeque,2005-02-09,15.347,14.25,270.75
copan,2005-02-09,14.0,14.75,271.25
comayagua,2005-02-10,15.94,14.25,272.25
ocotepeque,2005-02-10,14.697,14.25,270.75
copan,2005-02-10,13.707,14.75,271.25
comayagua,2005-02-11,16.786,14.25,272.25
ocotepeque,2005-02-11,16.116,14.25,270.75
copan,2005-02-11,14.744,14.75,271.25
comayagua,2005-02-12,17.029,14.25,272.25
ocotepeque,2005-02-12,16.537,14.25,270.75
copan,2005-02-12,15.377,14.75,271.25
comayagua,2005-02-13,15.42,14.25,272.25
ocotepeque,2005-02-13,15.111,14.25,270.75
copan,2005-02-13,12.276,14.75,271.25
comayagua,2005-02-14,9.727,14.25,272.25
ocotepeque,2005-02-14,9.536,14.25,270.75
copan,2005-02-14,8.899,14.75,271.25
comayagua,2005-02-15,15.187,14.25,272.25
ocotepeque,2005-02-15,13.559,14.25,270.75
copan,2005-02-15,12.678,14.75,271.25
comayagua,2005-02-16,16.119,14.25,272.25
ocotepeque,2005-02-16,16.032,14.25,270.75
copan,2005-02-16,15.025,14.75,271.25
comayagua,2005-02-17,17.835,14.25,272.25
ocotepeque,2005-02-17,18.204,14.25,270.75
copan,2005-02-17,16.883,14.75,271.25
comayagua,2005-02-18,16.879,14.25,272.25
ocotepeque,2005-02-18,20.509,14.25,270.75
copan,2005-02-18,9.698,14.75,271.25
comayagua,2005-02-19,16.017,14.25,272.25
ocotepeque,2005-02-19,16.629,14.25,270.75
copan,2005-02-19,9.222,14.75,271.25
comayagua,2005-02-20,16.165,14.25,272.25
ocotepeque,2005-02-20,17.609,14.25,270.75
copan,2005-02-20,14.578,14.75,271.25
comayagua,2005-02-21,16.974,14.25,272.25
ocotepeque,2005-02-21,17.562,14.25,270.75
copan,2005-02-21,13.689,14.75,271.25
comayagua,2005-02-22,15.928,14.25,272.25
ocotepeque,2005-02-22,17.409,14.25,270.75
copan,2005-02-22,13.259,14.75,271.25
comayagua,2005-02-23,17.407,14.25,272.25
ocotepeque,2005-02-23,16.888,14.25,270.75
copan,2005-02-23,11.753,14.75,271.25
comayagua,2005-02-24,15.357,14.25,272.25
ocotepeque,2005-02-24,21.862,14.25,270.75
copan,2005-02-24,16.13,14.75,271.25
comayagua,2005-02-25,15.982,14.25,272.25
ocotepeque,2005-02-25,18.723,14.25,270.75
copan,2005-02-25,16.336,14.75,271.25
comayagua,2005-02-26,25.904,14.25,272.25
ocotepeque,2005-02-26,20.065,14.25,270.75
copan,2005-02-26,17.25,14.75,271.25
comayagua,2005-02-27,15.435,14.25,272.25
ocotepeque,2005-02-27,17.606,14.25,270.75
copan,2005-02-27,15.717,14.75,271.25
comayagua,2005-02-28,16.263,14.25,272.25
ocotepeque,2005-02-28,19.962,14.25,270.75
copan,2005-02-28,21.721,14.75,271.25
comayagua,2005-03-01,20.386,14.25,272.25
ocotepeque,2005-03-01,20.641,14.25,270.75
copan,2005-03-01,19.603,14.75,271.25
comayagua,2005-03-02,18.148,14.25,272.25
ocotepeque,2005-03-02,22.116,14.25,270.75
copan,2005-03-02,17.621,14.75,271.25
comayagua,2005-03-03,21.543,14.25,272.25
ocotepeque,2005-03-03,22.838,14.25,270.75
copan,2005-03-03,18.457,14.75,271.25
comayagua,2005-03-04,19.835,14.25,272.25
ocotepeque,2005-03-04,20.059,14.25,270.75
copan,2005-03-04,18.726,14.75,271.25
comayagua,2005-03-05,17.008,14.25,272.25
ocotepeque,2005-03-05,20.301,14.25,270.75
copan,2005-03-05,15.576,14.75,271.25
comayagua,2005-03-06,21.364,14.25,272.25
ocotepeque,2005-03-06,20.017,14.25,270.75
copan,2005-03-06,15.935,14.75,271.25
comayagua,2005-03-07,15.032,14.25,272.25
ocotepeque,2005-03-07,19.062,14.25,270.75
copan,2005-03-07,15.097,14.75,271.25
comayagua,2005-03-08,18.53,14.25,272.25
ocotepeque,2005-03-08,19.862,14.25,270.75
copan,2005-03-08,18.903,14.75,271.25
comayagua,2005-03-09,18.989,14.25,272.25
ocotepeque,2005-03-09,19.887,14.25,270.75
copan,2005-03-09,18.769,14.75,271.25
comayagua,2005-03-10,19.465,14.25,272.25
ocotepeque,2005-03-10,19.64,14.25,270.75
copan,2005-03-10,16.581,14.75,271.25
comayagua,2005-03-11,18.912,14.25,272.25
ocotepeque,2005-03-11,23.83,14.25,270.75
copan,2005-03-11,16.219,14.75,271.25
comayagua,2005-03-12,19.448,14.25,272.25
ocotepeque,2005-03-12,20.754,14.25,270.75
copan,2005-03-12,16.216,14.75,271.25
comayagua,2005-03-13,17.948,14.25,272.25
ocotepeque,2005-03-13,23.805,14.25,270.75
copan,2005-03-13,16.973,14.75,271.25
comayagua,2005-03-14,14.828,14.25,272.25
ocotepeque,2005-03-14,21.567,14.25,270.75
copan,2005-03-14,14.818,14.75,271.25
comayagua,2005-03-15,17.294,14.25,272.25
ocotepeque,2005-03-15,20.913,14.25,270.75
copan,2005-03-15,15.879,14.75,271.25
comayagua,2005-03-16,18.453,14.25,272.25
ocotepeque,2005-03-16,21.003,14.25,270.75
copan,2005-03-16,19.605,14.75,271.25
comayagua,2005-03-17,15.081,14.25,272.25
ocotepeque,2005-03-17,23.063,14.25,270.75
copan,2005-03-17,16.47,14.75,271.25
comayagua,2005-03-18,21.006,14.25,272.25
ocotepeque,2005-03-18,20.735,14.25,270.75
copan,2005-03-18,18.006,14.75,271.25
comayagua,2005-03-19,19.203,14.25,272.25
ocotepeque,2005-03-19,19.506,14.25,270.75
copan,2005-03-19,17.315,14.75,271.25
comayagua,2005-03-20,20.06,14.25,272.25
ocotepeque,2005-03-20,20.735,14.25,270.75
copan,2005-03-20,17.507,14.75,271.25
comayagua,2005-03-21,19.269,14.25,272.25
ocotepeque,2005-03-21,20.49,14.25,270.75
copan,2005-03-21,16.778,14.75,271.25
comayagua,2005-03-22,17.561,14.25,272.25
ocotepeque,2005-03-22,19.72,14.25,270.75
copan,2005-03-22,17.842,14.75,271.25
comayagua,2005-03-23,20.867,14.25,272.25
ocotepeque,2005-03-23,23.809,14.25,270.75
copan,2005-03-23,18.915,14.75,271.25
comayagua,2005-03-24,19.489,14.25,272.25
ocotepeque,2005-03-24,22.077,14.25,270.75
copan,2005-03-24,17.233,14.75,271.25
comayagua,2005-03-25,19.201,14.25,272.25
ocotepeque,2005-03-25,21.143,14.25,270.75
copan,2005-03-25,17.967,14.75,271.25
comayagua,2005-03-26,19.977,14.25,272.25
ocotepeque,2005-03-26,22.451,14.25,270.75
copan,2005-03-26,23.459,14.75,271.25
comayagua,2005-03-27,20.628,14.25,272.25
ocotepeque,2005-03-27,22.049,14.25,270.75
copan,2005-03-27,24.403,14.75,271.25
comayagua,2005-03-28,20.103,14.25,272.25
ocotepeque,2005-03-28,21.635,14.25,270.75
copan,2005-03-28,18.806,14.75,271.25
comayagua,2005-03-29,21.036,14.25,272.25
ocotepeque,2005-03-29,20.282,14.25,270.75
copan,2005-03-29,18.01,14.75,271.25
comayagua,2005-03-30,19.571,14.25,272.25
ocotepeque,2005-03-30,20.549,14.25,270.75
copan,2005-03-30,19.587,14.75,271.25
comayagua,2005-03-31,21.259,14.25,272.25
ocotepeque,2005-03-31,24.279,14.25,270.75
copan,2005-03-31,21.995,14.75,271.25
comayagua,2005-04-01,20.402,14.25,272.25
ocotepeque,2005-04-01,24.118,14.25,270.75
copan,2005-04-01,21.424,14.75,271.25
comayagua,2005-04-02,19.675,14.25,272.25
ocotepeque,2005-04-02,20.796,14.25,270.75
copan,2005-04-02,19.452,14.75,271.25
comayagua,2005-04-03,22.402,14.25,272.25
ocotepeque,2005-04-03,19.581,14.25,270.75
copan,2005-04-03,19.337,14.75,271.25
comayagua,2005-04-04,18.122,14.25,272.25
ocotepeque,2005-04-04,22.022,14.25,270.75
copan,2005-04-04,15.981,14.75,271.25
comayagua,2005-04-05,19.503,14.25,272.25
ocotepeque,2005-04-05,19.982,14.25,270.75
copan,2005-04-05,18.919,14.75,271.25
comayagua,2005-04-06,14.217,14.25,272.25
ocotepeque,2005-04-06,18.593,14.25,270.75
copan,2005-04-06,14.951,14.75,271.25
comayagua,2005-04-07,17.971,14.25,272.25
ocotepeque,2005-04-07,20.751,14.25,270.75
copan,2005-04-07,18.74,14.75,271.25
comayagua,2005-04-08,19.396,14.25,272.25
ocotepeque,2005-04-08,20.661,14.25,270.75
copan,2005-04-08,16.95,14.75,271.25
comayagua,2005-04-09,23.226,14.25,272.25
ocotepeque,2005-04-09,21.836,14.25,270.75
copan,2005-04-09,19.957,14.75,271.25
comayagua,2005-04-10,19.907,14.25,272.25
ocotepeque,2005-04-10,25.542,14.25,270.75
copan,2005-04-10,21.834,14.75,271.25
comayagua,2005-04-11,20.099,14.25,272.25
ocotepeque,2005-04-11,26.618,14.25,270.75
copan,2005-04-11,24.779,14.75,271.25
comayagua,2005-04-12,20.446,14.25,272.25
ocotepeque,2005-04-12,21.313,14.25,270.75
copan,2005-04-12,20.007,14.75,271.25
comayagua,2005-04-13,21.749,14.25,272.25
ocotepeque,2005-04-13,21.828,14.25,270.75
copan,2005-04-13,19.869,14.75,271.25
comayagua,2005-04-14,20.073,14.25,272.25
ocotepeque,2005-04-14,21.212,14.25,270.75
copan,2005-04-14,17.69,14.75,271.25
comayagua,2005-04-15,20.403,14.25,272.25
ocotepeque,2005-04-15,22.377,14.25,270.75
copan,2005-04-15,19.662,14.75,271.25
comayagua,2005-04-16,20.385,14.25,272.25
ocotepeque,2005-04-16,23.326,14.25,270.75
copan,2005-04-16,16.468,14.75,271.25
comayagua,2005-04-17,17.333,14.25,272.25
ocotepeque,2005-04-17,20.064,14.25,270.75
copan,2005-04-17,16.003,14.75,271.25
comayagua,2005-04-18,16.494,14.25,272.25
ocotepeque,2005-04-18,19.653,14.25,270.75
copan,2005-04-18,15.711,14.75,271.25
comayagua,2005-04-19,16.424,14.25,272.25
ocotepeque,2005-04-19,18.446,14.25,270.75
copan,2005-04-19,11.275,14.75,271.25
comayagua,2005-04-20,19.547,14.25,272.25
ocotepeque,2005-04-20,18.591,14.25,270.75
copan,2005-04-20,15.396,14.75,271.25
comayagua,2005-04-21,16.483,14.25,272.25
ocotepeque,2005-04-21,22.784,14.25,270.75
copan,2005-04-21,14.786,14.75,271.25
comayagua,2005-04-22,17.016,14.25,272.25
ocotepeque,2005-04-22,21.069,14.25,270.75
copan,2005-04-22,15.329,14.75,271.25
comayagua,2005-04-23,16.363,14.25,272.25
ocotepeque,2005-04-23,21.841,14.25,270.75
copan,2005-04-23,14.502,14.75,271.25
comayagua,2005-04-24,19.625,14.25,272.25
ocotepeque,2005-04-24,24.041,14.25,270.75
copan,2005-04-24,18.732,14.75,271.25
comayagua,2005-04-25,17.726,14.25,272.25
ocotepeque,2005-04-25,22.377,14.25,270.75
copan,2005-04-25,16.893,14.75,271.25
comayagua,2005-04-26,18.842,14.25,272.25
ocotepeque,2005-04-26,20.559,14.25,270.75
copan,2005-04-26,23.276,14.75,271.25
comayagua,2005-04-27,15.911,14.25,272.25
ocotepeque,2005-04-27,18.897,14.25,270.75
copan,2005-04-27,15.485,14.75,271.25
comayagua,2005-04-28,21.907,14.25,272.25
ocotepeque,2005-04-28,24.628,14.25,270.75
copan,2005-04-28,19.786,14.75,271.25
comayagua,2005-04-29,22.274,14.25,272.25
ocotepeque,2005-04-29,22.837,14.25,270.75
copan,2005-04-29,18.775,14.75,271.25
comayagua,2005-04-30,21.276,14.25,272.25
ocotepeque,2005-04-30,23.627,14.25,270.75
copan,2005-04-30,21.089,14.75,271.25
comayagua,2005-05-01,20.097,14.25,272.25
ocotepeque,2005-05-01,24.554,14.25,270.75
copan,2005-05-01,21.199,14.75,271.25
comayagua,2005-05-02,20.741,14.25,272.25
ocotepeque,2005-05-02,21.758,14.25,270.75
copan,2005-05-02,19.086,14.75,271.25
comayagua,2005-05-03,18.837,14.25,272.25
ocotepeque,2005-05-03,20.059,14.25,270.75
copan,2005-05-03,18.034,14.75,271.25
comayagua,2005-05-04,18.872,14.25,272.25
ocotepeque,2005-05-04,19.527,14.25,270.75
copan,2005-05-04,18.308,14.75,271.25
comayagua,2005-05-05,18.392,14.25,272.25
ocotepeque,2005-05-05,20.783,14.25,270.75
copan,2005-05-05,22.826,14.75,271.25
comayagua,2005-05-06,18.468,14.25,272.25
ocotepeque,2005-05-06,20.159,14.25,270.75
copan,2005-05-06,16.509,14.75,271.25
comayagua,2005-05-07,20.071,14.25,272.25
ocotepeque,2005-05-07,20.574,14.25,270.75
copan,2005-05-07,17.658,14.75,271.25
comayagua,2005-05-08,19.643,14.25,272.25
ocotepeque,2005-05-08,20.046,14.25,270.75
copan,2005-05-08,15.987,14.75,271.25
comayagua,2005-05-09,24.94,14.25,272.25
ocotepeque,2005-05-09,21.344,14.25,270.75
copan,2005-05-09,22.068,14.75,271.25
comayagua,2005-05-10,20.918,14.25,272.25
ocotepeque,2005-05-10,24.277,14.25,270.75
copan,2005-05-10,18.478,14.75,271.25
comayagua,2005-05-11,20.335,14.25,272.25
ocotepeque,2005-05-11,24.259,14.25,270.75
copan,2005-05-11,18.652,14.75,271.25
comayagua,2005-05-12,21.042,14.25,272.25
ocotepeque,2005-05-12,20.6,14.25,270.75
copan,2005-05-12,19.123,14.75,271.25
comayagua,2005-05-13,18.798,14.25,272.25
ocotepeque,2005-05-13,21.381,14.25,270.75
copan,2005-05-13,18.302,14.75,271.25
comayagua,2005-05-14,20.43,14.25,272.25
ocotepeque,2005-05-14,20.401,14.25,270.75
copan,2005-05-14,18.208,14.75,271.25
comayagua,2005-05-15,23.611,14.25,272.25
ocotepeque,2005-05-15,23.731,14.25,270.75
copan,2005-05-15,16.863,14.75,271.25
comayagua,2005-05-16,18.886,14.25,272.25
ocotepeque,2005-05-16,21.991,14.25,270.75
copan,2005-05-16,15.77,14.75,271.25
comayagua,2005-05-17,18.697,14.25,272.25
ocotepeque,2005-05-17,22.388,14.25,270.75
copan,2005-05-17,17.936,14.75,271.25
comayagua,2005-05-18,20.46,14.25,272.25
ocotepeque,2005-05-18,20.53,14.25,270.75
copan,2005-05-18,19.108,14.75,271.25
comayagua,2005-05-19,16.897,14.25,272.25
ocotepeque,2005-05-19,19.66,14.25,270.75
copan,2005-05-19,17.803,14.75,271.25
comayagua,2005-05-20,15.192,14.25,272.25
ocotepeque,2005-05-20,15.786,14.25,270.75
copan,2005-05-20,14.717,14.75,271.25
comayagua,2005-05-21,16.785,14.25,272.25
ocotepeque,2005-05-21,19.252,14.25,270.75
copan,2005-05-21,16.803,14.75,271.25
comayagua,2005-05-22,18.894,14.25,272.25
ocotepeque,2005-05-22,19.435,14.25,270.75
copan,2005-05-22,15.649,14.75,271.25
comayagua,2005-05-23,18.574,14.25,272.25
ocotepeque,2005-05-23,18.781,14.25,270.75
copan,2005-05-23,17.99,14.75,271.25
comayagua,2005-05-24,18.822,14.25,272.25
ocotepeque,2005-05-24,19.163,14.25,270.75
copan,2005-05-24,17.611,14.75,271.25
comayagua,2005-05-25,21.107,14.25,272.25
ocotepeque,2005-05-25,21.26,14.25,270.75
copan,2005-05-25,20.5,14.75,271.25
comayagua,2005-05-26,18.652,14.25,272.25
ocotepeque,2005-05-26,20.794,14.25,270.75
copan,2005-05-26,17.561,14.75,271.25
comayagua,2005-05-27,18.321,14.25,272.25
ocotepeque,2005-05-27,20.517,14.25,270.75
copan,2005-05-27,17.919,14.75,271.25
comayagua,2005-05-28,19.435,14.25,272.25
ocotepeque,2005-05-28,23.914,14.25,270.75
copan,2005-05-28,21.015,14.75,271.25
comayagua,2005-05-29,22.424,14.25,272.25
ocotepeque,2005-05-29,26.026,14.25,270.75
copan,2005-05-29,22.869,14.75,271.25
comayagua,2005-05-30,19.041,14.25,272.25
ocotepeque,2005-05-30,20.666,14.25,270.75
copan,2005-05-30,24.213,14.75,271.25
comayagua,2005-05-31,18.163,14.25,272.25
ocotepeque,2005-05-31,20.185,14.25,270.75
copan,2005-05-31,18.422,14.75,271.25
comayagua,2005-06-01,20.105,14.25,272.25
ocotepeque,2005-06-01,20.541,14.25,270.75
copan,2005-06-01,18.128,14.75,271.25
comayagua,2005-06-02,18.677,14.25,272.25
ocotepeque,2005-06-02,20.725,14.25,270.75
copan,2005-06-02,19.045,14.75,271.25
comayagua,2005-06-03,19.048,14.25,272.25
ocotepeque,2005-06-03,21.0,14.25,270.75
copan,2005-06-03,18.126,14.75,271.25
comayagua,2005-06-04,19.213,14.25,272.25
ocotepeque,2005-06-04,20.585,14.25,270.75
copan,2005-06-04,19.449,14.75,271.25
comayagua,2005-06-05,19.82,14.25,272.25
ocotepeque,2005-06-05,23.261,14.25,270.75
copan,2005-06-05,17.848,14.75,271.25
comayagua,2005-06-06,18.964,14.25,272.25
ocotepeque,2005-06-06,21.586,14.25,270.75
copan,2005-06-06,19.081,14.75,271.25
comayagua,2005-06-07,18.905,14.25,272.25
ocotepeque,2005-06-07,20.086,14.25,270.75
copan,2005-06-07,18.117,14.75,271.25
comayagua,2005-06-08,20.07,14.25,272.25
ocotepeque,2005-06-08,20.599,14.25,270.75
copan,2005-06-08,19.077,14.75,271.25
comayagua,2005-06-09,25.867,14.25,272.25
ocotepeque,2005-06-09,21.757,14.25,270.75
copan,2005-06-09,22.101,14.75,271.25
comayagua,2005-06-10,18.577,14.25,272.25
ocotepeque,2005-06-10,19.586,14.25,270.75
copan,2005-06-10,17.532,14.75,271.25
comayagua,2005-06-11,20.452,14.25,272.25
ocotepeque,2005-06-11,20.933,14.25,270.75
copan,2005-06-11,19.22,14.75,271.25
comayagua,2005-06-12,20.318,14.25,272.25
ocotepeque,2005-06-12,20.508,14.25,270.75
copan,2005-06-12,19.031,14.75,271.25
comayagua,2005-06-13,21.05,14.25,272.25
ocotepeque,2005-06-13,24.37,14.25,270.75
copan,2005-06-13,20.483,14.75,271.25
comayagua,2005-06-14,19.532,14.25,272.25
ocotepeque,2005-06-14,24.84,14.25,270.75
copan,2005-06-14,19.209,14.75,271.25
comayagua,2005-06-15,19.118,14.25,272.25
ocotepeque,2005-06-15,20.344,14.25,270.75
copan,2005-06-15,18.704,14.75,271.25
comayagua,2005-06-16,21.121,14.25,272.25
ocotepeque,2005-06-16,22.455,14.25,270.75
copan,2005-06-16,23.74,14.75,271.25
comayagua,2005-06-17,19.994,14.25,272.25
ocotepeque,2005-06-17,23.583,14.25,270.75
copan,2005-06-17,18.449,14.75,271.25
comayagua,2005-06-18,20.292,14.25,272.25
ocotepeque,2005-06-18,21.18,14.25,270.75
copan,2005-06-18,20.993,14.75,271.25
comayagua,2005-06-19,24.275,14.25,272.25
ocotepeque,2005-06-19,22.012,14.25,270.75
copan,2005-06-19,24.722,14.75,271.25
comayagua,2005-06-20,21.485,14.25,272.25
ocotepeque,2005-06-20,21.905,14.25,270.75
copan,2005-06-20,20.829,14.75,271.25
comayagua,2005-06-21,23.507,14.25,272.25
ocotepeque,2005-06-21,21.029,14.25,270.75
copan,2005-06-21,23.077,14.75,271.25
comayagua,2005-06-22,19.762,14.25,272.25
ocotepeque,2005-06-22,20.487,14.25,270.75
copan,2005-06-22,19.244,14.75,271.25
comayagua,2005-06-23,18.815,14.25,272.25
ocotepeque,2005-06-23,21.356,14.25,270.75
copan,2005-06-23,23.055,14.75,271.25
comayagua,2005-06-24,19.744,14.25,272.25
ocotepeque,2005-06-24,21.115,14.25,270.75
copan,2005-06-24,18.918,14.75,271.25
comayagua,2005-06-25,19.253,14.25,272.25
ocotepeque,2005-06-25,21.201,14.25,270.75
copan,2005-06-25,19.832,14.75,271.25
comayagua,2005-06-26,19.919,14.25,272.25
ocotepeque,2005-06-26,20.689,14.25,270.75
copan,2005-06-26,18.988,14.75,271.25
comayagua,2005-06-27,19.374,14.25,272.25
ocotepeque,2005-06-27,20.825,14.25,270.75
copan,2005-06-27,18.638,14.75,271.25
comayagua,2005-06-28,18.779,14.25,272.25
ocotepeque,2005-06-28,21.079,14.25,270.75
copan,2005-06-28,18.902,14.75,271.25
comayagua,2005-06-29,19.251,14.25,272.25
ocotepeque,2005-06-29,20.192,14.25,270.75
copan,2005-06-29,19.697,14.75,271.25
comayagua,2005-06-30,18.093,14.25,272.25
ocotepeque,2005-06-30,20.462,14.25,270.75
copan,2005-06-30,18.491,14.75,271.25
comayagua,2005-07-01,19.337,14.25,272.25
ocotepeque,2005-07-01,19.769,14.25,270.75
copan,2005-07-01,17.823,14.75,271.25
comayagua,2005-07-02,17.687,14.25,272.25
ocotepeque,2005-07-02,20.05,14.25,270.75
copan,2005-07-02,17.049,14.75,271.25
comayagua,2005-07-03,18.114,14.25,272.25
ocotepeque,2005-07-03,21.39,14.25,270.75
copan,2005-07-03,17.952,14.75,271.25
comayagua,2005-07-04,18.837,14.25,272.25
ocotepeque,2005-07-04,21.541,14.25,270.75
copan,2005-07-04,20.785,14.75,271.25
comayagua,2005-07-05,17.316,14.25,272.25
ocotepeque,2005-07-05,19.883,14.25,270.75
copan,2005-07-05,17.453,14.75,271.25
comayagua,2005-07-06,19.629,14.25,272.25
ocotepeque,2005-07-06,21.339,14.25,270.75
copan,2005-07-06,19.513,14.75,271.25
comayagua,2005-07-07,17.736,14.25,272.25
ocotepeque,2005-07-07,20.252,14.25,270.75
copan,2005-07-07,17.046,14.75,271.25
comayagua,2005-07-08,18.804,14.25,272.25
ocotepeque,2005-07-08,19.164,14.25,270.75
copan,2005-07-08,16.052,14.75,271.25
comayagua,2005-07-09,17.968,14.25,272.25
ocotepeque,2005-07-09,24.469,14.25,270.75
copan,2005-07-09,26.637,14.75,271.25
comayagua,2005-07-10,19.431,14.25,272.25
ocotepeque,2005-07-10,20.512,14.25,270.75
copan,2005-07-10,19.085,14.75,271.25
comayagua,2005-07-11,19.709,14.25,272.25
ocotepeque,2005-07-11,23.415,14.25,270.75
copan,2005-07-11,21.389,14.75,271.25
comayagua,2005-07-12,18.513,14.25,272.25
ocotepeque,2005-07-12,19.107,14.25,270.75
copan,2005-07-12,17.332,14.75,271.25
comayagua,2005-07-13,18.846,14.25,272.25
ocotepeque,2005-07-13,20.135,14.25,270.75
copan,2005-07-13,17.958,14.75,271.25
comayagua,2005-07-14,19.102,14.25,272.25
ocotepeque,2005-07-14,20.33,14.25,270.75
copan,2005-07-14,19.26,14.75,271.25
comayagua,2005-07-15,19.402,14.25,272.25
ocotepeque,2005-07-15,19.269,14.25,270.75
copan,2005-07-15,18.241,14.75,271.25
comayagua,2005-07-16,19.35,14.25,272.25
ocotepeque,2005-07-16,18.497,14.25,270.75
copan,2005-07-16,18.583,14.75,271.25
comayagua,2005-07-17,19.892,14.25,272.25
ocotepeque,2005-07-17,22.628,14.25,270.75
copan,2005-07-17,19.177,14.75,271.25
comayagua,2005-07-18,18.146,14.25,272.25
ocotepeque,2005-07-18,20.282,14.25,270.75
copan,2005-07-18,18.519,14.75,271.25
comayagua,2005-07-19,19.529,14.25,272.25
ocotepeque,2005-07-19,20.045,14.25,270.75
copan,2005-07-19,17.344,14.75,271.25
comayagua,2005-07-20,20.508,14.25,272.25
ocotepeque,2005-07-20,20.643,14.25,270.75
copan,2005-07-20,20.452,14.75,271.25
comayagua,2005-07-21,21.704,14.25,272.25
ocotepeque,2005-07-21,20.659,14.25,270.75
copan,2005-07-21,20.643,14.75,271.25
comayagua,2005-07-22,18.762,14.25,272.25
ocotepeque,2005-07-22,20.473,14.25,270.75
copan,2005-07-22,20.836,14.75,271.25
comayagua,2005-07-23,19.867,14.25,272.25
ocotepeque,2005-07-23,20.197,14.25,270.75
copan,2005-07-23,19.712,14.75,271.25
comayagua,2005-07-24,19.445,14.25,272.25
ocotepeque,2005-07-24,20.405,14.25,270.75
copan,2005-07-24,21.493,14.75,271.25
comayagua,2005-07-25,20.105,14.25,272.25
ocotepeque,2005-07-25,21.075,14.25,270.75
copan,2005-07-25,22.496,14.75,271.25
comayagua,2005-07-26,20.384,14.25,272.25
ocotepeque,2005-07-26,21.514,14.25,270.75
copan,2005-07-26,19.195,14.75,271.25
comayagua,2005-07-27,19.435,14.25,272.25
ocotepeque,2005-07-27,20.784,14.25,270.75
copan,2005-07-27,18.76,14.75,271.25
comayagua,2005-07-28,20.522,14.25,272.25
ocotepeque,2005-07-28,21.746,14.25,270.75
copan,2005-07-28,19.4,14.75,271.25
comayagua,2005-07-29,21.569,14.25,272.25
ocotepeque,2005-07-29,22.056,14.25,270.75
copan,2005-07-29,19.529,14.75,271.25
comayagua,2005-07-30,19.955,14.25,272.25
ocotepeque,2005-07-30,20.794,14.25,270.75
copan,2005-07-30,18.653,14.75,271.25
comayagua,2005-07-31,20.83,14.25,272.25
ocotepeque,2005-07-31,23.685,14.25,270.75
copan,2005-07-31,18.887,14.75,271.25
comayagua,2005-08-01,20.67,14.25,272.25
ocotepeque,2005-08-01,25.857,14.25,270.75
copan,2005-08-01,22.369,14.75,271.25
comayagua,2005-08-02,25.723,14.25,272.25
ocotepeque,2005-08-02,22.659,14.25,270.75
copan,2005-08-02,23.348,14.75,271.25
comayagua,2005-08-03,18.92,14.25,272.25
ocotepeque,2005-08-03,20.015,14.25,270.75
copan,2005-08-03,18.063,14.75,271.25
comayagua,2005-08-04,20.866,14.25,272.25
ocotepeque,2005-08-04,21.39,14.25,270.75
copan,2005-08-04,19.206,14.75,271.25
comayagua,2005-08-05,21.284,14.25,272.25
ocotepeque,2005-08-05,20.908,14.25,270.75
copan,2005-08-05,19.827,14.75,271.25
comayagua,2005-08-06,22.833,14.25,272.25
ocotepeque,2005-08-06,21.927,14.25,270.75
copan,2005-08-06,22.056,14.75,271.25
comayagua,2005-08-07,20.985,14.25,272.25
ocotepeque,2005-08-07,20.269,14.25,270.75
copan,2005-08-07,20.475,14.75,271.25
comayagua,2005-08-08,27.677,14.25,272.25
ocotepeque,2005-08-08,22.477,14.25,270.75
copan,2005-08-08,25.093,14.75,271.25
comayagua,2005-08-09,19.665,14.25,272.25
ocotepeque,2005-08-09,18.5,14.25,270.75
copan,2005-08-09,18.545,14.75,271.25
comayagua,2005-08-10,19.925,14.25,272.25
ocotepeque,2005-08-10,18.977,14.25,270.75
copan,2005-08-10,18.73,14.75,271.25
comayagua,2005-08-11,20.414,14.25,272.25
ocotepeque,2005-08-11,25.882,14.25,270.75
copan,2005-08-11,17.61,14.75,271.25
comayagua,2005-08-12,18.25,14.25,272.25
ocotepeque,2005-08-12,19.831,14.25,270.75
copan,2005-08-12,17.831,14.75,271.25
comayagua,2005-08-13,18.253,14.25,272.25
ocotepeque,2005-08-13,20.114,14.25,270.75
copan,2005-08-13,18.179,14.75,271.25
comayagua,2005-08-14,17.981,14.25,272.25
ocotepeque,2005-08-14,19.605,14.25,270.75
copan,2005-08-14,16.775,14.75,271.25
comayagua,2005-08-15,18.75,14.25,272.25
ocotepeque,2005-08-15,20.164,14.25,270.75
copan,2005-08-15,18.301,14.75,271.25
comayagua,2005-08-16,20.147,14.25,272.25
ocotepeque,2005-08-16,22.075,14.25,270.75
copan,2005-08-16,22.333,14.75,271.25
comayagua,2005-08-17,19.165,14.25,272.25
ocotepeque,2005-08-17,20.203,14.25,270.75
copan,2005-08-17,18.59,14.75,271.25
comayagua,2005-08-18,19.783,14.25,272.25
ocotepeque,2005-08-18,20.31,14.25,270.75
copan,2005-08-18,19.449,14.75,271.25
comayagua,2005-08-19,18.628,14.25,272.25
ocotepeque,2005-08-19,22.201,14.25,270.75
copan,2005-08-19,18.463,14.75,271.25
comayagua,2005-08-20,18.511,14.25,272.25
ocotepeque,2005-08-20,20.166,14.25,270.75
copan,2005-08-20,18.331,14.75,271.25
comayagua,2005-08-21,19.976,14.25,272.25
ocotepeque,2005-08-21,22.213,14.25,270.75
copan,2005-08-21,19.183,14.75,271.25
comayagua,2005-08-22,16.732,14.25,272.25
ocotepeque,2005-08-22,18.912,14.25,270.75
copan,2005-08-22,16.511,14.75,271.25
comayagua,2005-08-23,18.208,14.25,272.25
ocotepeque,2005-08-23,21.061,14.25,270.75
copan,2005-08-23,19.584,14.75,271.25
comayagua,2005-08-24,18.852,14.25,272.25
ocotepeque,2005-08-24,21.902,14.25,270.75
copan,2005-08-24,24.367,14.75,271.25
comayagua,2005-08-25,16.485,14.25,272.25
ocotepeque,2005-08-25,20.029,14.25,270.75
copan,2005-08-25,17.047,14.75,271.25
comayagua,2005-08-26,21.174,14.25,272.25
ocotepeque,2005-08-26,20.982,14.25,270.75
copan,2005-08-26,24.126,14.75,271.25
comayagua,2005-08-27,16.635,14.25,272.25
ocotepeque,2005-08-27,19.184,14.25,270.75
copan,2005-08-27,17.619,14.75,271.25
comayagua,2005-08-28,17.698,14.25,272.25
ocotepeque,2005-08-28,21.328,14.25,270.75
copan,2005-08-28,19.045,14.75,271.25
comayagua,2005-08-29,18.648,14.25,272.25
ocotepeque,2005-08-29,20.67,14.25,270.75
copan,2005-08-29,18.545,14.75,271.25
comayagua,2005-08-30,19.176,14.25,272.25
ocotepeque,2005-08-30,20.174,14.25,270.75
copan,2005-08-30,18.808,14.75,271.25
comayagua,2005-08-31,20.036,14.25,272.25
ocotepeque,2005-08-31,21.681,14.25,270.75
copan,2005-08-31,23.202,14.75,271.25
comayagua,2005-09-01,18.866,14.25,272.25
ocotepeque,2005-09-01,21.249,14.25,270.75
copan,2005-09-01,19.282,14.75,271.25
comayagua,2005-09-02,18.212,14.25,272.25
ocotepeque,2005-09-02,18.622,14.25,270.75
copan,2005-09-02,17.515,14.75,271.25
comayagua,2005-09-03,18.511,14.25,272.25
ocotepeque,2005-09-03,21.32,14.25,270.75
copan,2005-09-03,18.808,14.75,271.25
comayagua,2005-09-04,20.827,14.25,272.25
ocotepeque,2005-09-04,21.393,14.25,270.75
copan,2005-09-04,22.069,14.75,271.25
comayagua,2005-09-05,18.426,14.25,272.25
ocotepeque,2005-09-05,19.455,14.25,270.75
copan,2005-09-05,17.31,14.75,271.25
comayagua,2005-09-06,22.558,14.25,272.25
ocotepeque,2005-09-06,20.48,14.25,270.75
copan,2005-09-06,18.606,14.75,271.25
comayagua,2005-09-07,19.893,14.25,272.25
ocotepeque,2005-09-07,20.227,14.25,270.75
copan,2005-09-07,20.076,14.75,271.25
comayagua,2005-09-08,21.317,14.25,272.25
ocotepeque,2005-09-08,20.585,14.25,270.75
copan,2005-09-08,19.64,14.75,271.25
comayagua,2005-09-09,19.455,14.25,272.25
ocotepeque,2005-09-09,20.24,14.25,270.75
copan,2005-09-09,19.104,14.75,271.25
comayagua,2005-09-10,19.231,14.25,272.25
ocotepeque,2005-09-10,23.068,14.25,270.75
copan,2005-09-10,17.729,14.75,271.25
comayagua,2005-09-11,19.145,14.25,272.25
ocotepeque,2005-09-11,20.456,14.25,270.75
copan,2005-09-11,19.33,14.75,271.25
comayagua,2005-09-12,18.897,14.25,272.25
ocotepeque,2005-09-12,19.763,14.25,270.75
copan,2005-09-12,18.796,14.75,271.25
comayagua,2005-09-13,23.543,14.25,272.25
ocotepeque,2005-09-13,20.315,14.25,270.75
copan,2005-09-13,17.389,14.75,271.25
comayagua,2005-09-14,19.019,14.25,272.25
ocotepeque,2005-09-14,24.012,14.25,270.75
copan,2005-09-14,21.108,14.75,271.25
comayagua,2005-09-15,17.438,14.25,272.25
ocotepeque,2005-09-15,20.811,14.25,270.75
copan,2005-09-15,15.516,14.75,271.25
comayagua,2005-09-16,19.03,14.25,272.25
ocotepeque,2005-09-16,19.564,14.25,270.75
copan,2005-09-16,17.666,14.75,271.25
comayagua,2005-09-17,20.421,14.25,272.25
ocotepeque,2005-09-17,19.289,14.25,270.75
copan,2005-09-17,18.243,14.75,271.25
comayagua,2005-09-18,19.499,14.25,272.25
ocotepeque,2005-09-18,25.085,14.25,270.75
copan,2005-09-18,17.606,14.75,271.25
comayagua,2005-09-19,20.21,14.25,272.25
ocotepeque,2005-09-19,23.26,14.25,270.75
copan,2005-09-19,16.913,14.75,271.25
comayagua,2005-09-20,19.148,14.25,272.25
ocotepeque,2005-09-20,23.176,14.25,270.75
copan,2005-09-20,19.226,14.75,271.25
comayagua,2005-09-21,18.42,14.25,272.25
ocotepeque,2005-09-21,21.134,14.25,270.75
copan,2005-09-21,17.678,14.75,271.25
comayagua,2005-09-22,18.545,14.25,272.25
ocotepeque,2005-09-22,21.453,14.25,270.75
copan,2005-09-22,17.858,14.75,271.25
comayagua,2005-09-23,20.597,14.25,272.25
ocotepeque,2005-09-23,20.655,14.25,270.75
copan,2005-09-23,22.457,14.75,271.25
comayagua,2005-09-24,19.986,14.25,272.25
ocotepeque,2005-09-24,21.246,14.25,270.75
copan,2005-09-24,18.646,14.75,271.25
comayagua,2005-09-25,16.181,14.25,272.25
ocotepeque,2005-09-25,19.873,14.25,270.75
copan,2005-09-25,15.42,14.75,271.25
comayagua,2005-09-26,18.8,14.25,272.25
ocotepeque,2005-09-26,23.248,14.25,270.75
copan,2005-09-26,17.744,14.75,271.25
comayagua,2005-09-27,17.009,14.25,272.25
ocotepeque,2005-09-27,20.687,14.25,270.75
copan,2005-09-27,17.072,14.75,271.25
comayagua,2005-09-28,19.068,14.25,272.25
ocotepeque,2005-09-28,21.01,14.25,270.75
copan,2005-09-28,18.631,14.75,271.25
comayagua,2005-09-29,18.219,14.25,272.25
ocotepeque,2005-09-29,21.973,14.25,270.75
copan,2005-09-29,19.124,14.75,271.25
comayagua,2005-09-30,21.757,14.25,272.25
ocotepeque,2005-09-30,21.688,14.25,270.75
copan,2005-09-30,18.662,14.75,271.25
comayagua,2005-10-01,18.81,14.25,272.25
ocotepeque,2005-10-01,21.457,14.25,270.75
copan,2005-10-01,18.363,14.75,271.25
comayagua,2005-10-02,19.239,14.25,272.25
ocotepeque,2005-10-02,21.924,14.25,270.75
copan,2005-10-02,21.162,14.75,271.25
comayagua,2005-10-03,19.086,14.25,272.25
ocotepeque,2005-10-03,19.212,14.25,270.75
copan,2005-10-03,18.547,14.75,271.25
comayagua,2005-10-04,18.817,14.25,272.25
ocotepeque,2005-10-04,20.557,14.25,270.75
copan,2005-10-04,18.322,14.75,271.25
comayagua,2005-10-05,19.275,14.25,272.25
ocotepeque,2005-10-05,20.219,14.25,270.75
copan,2005-10-05,18.463,14.75,271.25
comayagua,2005-10-06,18.788,14.25,272.25
ocotepeque,2005-10-06,20.723,14.25,270.75
copan,2005-10-06,18.58,14.75,271.25
comayagua,2005-10-07,19.044,14.25,272.25
ocotepeque,2005-10-07,22.095,14.25,270.75
copan,2005-10-07,18.215,14.75,271.25
comayagua,2005-10-08,18.272,14.25,272.25
ocotepeque,2005-10-08,20.817,14.25,270.75
copan,2005-10-08,18.056,14.75,271.25
comayagua,2005-10-09,18.236,14.25,272.25
ocotepeque,2005-10-09,20.919,14.25,270.75
copan,2005-10-09,21.389,14.75,271.25
comayagua,2005-10-10,19.58,14.25,272.25
ocotepeque,2005-10-10,18.793,14.25,270.75
copan,2005-10-10,17.539,14.75,271.25
comayagua,2005-10-11,18.707,14.25,272.25
ocotepeque,2005-10-11,22.249,14.25,270.75
copan,2005-10-11,19.347,14.75,271.25
comayagua,2005-10-12,23.257,14.25,272.25
ocotepeque,2005-10-12,22.684,14.25,270.75
copan,2005-10-12,17.732,14.75,271.25
comayagua,2005-10-13,19.804,14.25,272.25
ocotepeque,2005-10-13,21.665,14.25,270.75
copan,2005-10-13,18.439,14.75,271.25
comayagua,2005-10-14,21.888,14.25,272.25
ocotepeque,2005-10-14,23.388,14.25,270.75
copan,2005-10-14,18.301,14.75,271.25
comayagua,2005-10-15,18.99,14.25,272.25
ocotepeque,2005-10-15,22.812,14.25,270.75
copan,2005-10-15,17.725,14.75,271.25
comayagua,2005-10-16,18.453,14.25,272.25
ocotepeque,2005-10-16,22.139,14.25,270.75
copan,2005-10-16,16.669,14.75,271.25
comayagua,2005-10-17,18.793,14.25,272.25
ocotepeque,2005-10-17,22.251,14.25,270.75
copan,2005-10-17,17.49,14.75,271.25
comayagua,2005-10-18,19.283,14.25,272.25
ocotepeque,2005-10-18,19.482,14.25,270.75
copan,2005-10-18,19.431,14.75,271.25
comayagua,2005-10-19,20.179,14.25,272.25
ocotepeque,2005-10-19,22.16,14.25,270.75
copan,2005-10-19,18.259,14.75,271.25
comayagua,2005-10-20,16.761,14.25,272.25
ocotepeque,2005-10-20,18.815,14.25,270.75
copan,2005-10-20,16.513,14.75,271.25
comayagua,2005-10-21,19.601,14.25,272.25
ocotepeque,2005-10-21,21.562,14.25,270.75
copan,2005-10-21,19.571,14.75,271.25
comayagua,2005-10-22,19.479,14.25,272.25
ocotepeque,2005-10-22,22.675,14.25,270.75
copan,2005-10-22,18.021,14.75,271.25
comayagua,2005-10-23,18.36,14.25,272.25
ocotepeque,2005-10-23,21.904,14.25,270.75
copan,2005-10-23,17.354,14.75,271.25
comayagua,2005-10-24,19.852,14.25,272.25
ocotepeque,2005-10-24,23.467,14.25,270.75
copan,2005-10-24,17.871,14.75,271.25
comayagua,2005-10-25,18.179,14.25,272.25
ocotepeque,2005-10-25,21.828,14.25,270.75
copan,2005-10-25,17.115,14.75,271.25
comayagua,2005-10-26,14.699,14.25,272.25
ocotepeque,2005-10-26,19.98,14.25,270.75
copan,2005-10-26,13.959,14.75,271.25
comayagua,2005-10-27,16.596,14.25,272.25
ocotepeque,2005-10-27,23.239,14.25,270.75
copan,2005-10-27,21.508,14.75,271.25
comayagua,2005-10-28,15.671,14.25,272.25
ocotepeque,2005-10-28,15.464,14.25,270.75
copan,2005-10-28,12.268,14.75,271.25
comayagua,2005-10-29,17.845,14.25,272.25
ocotepeque,2005-10-29,21.764,14.25,270.75
copan,2005-10-29,19.26,14.75,271.25
comayagua,2005-10-30,17.951,14.25,272.25
ocotepeque,2005-10-30,23.29,14.25,270.75
copan,2005-10-30,19.77,14.75,271.25
comayagua,2005-10-31,18.346,14.25,272.25
ocotepeque,2005-10-31,21.792,14.25,270.75
copan,2005-10-31,16.134,14.75,271.25
comayagua,2005-11-01,18.532,14.25,272.25
ocotepeque,2005-11-01,22.019,14.25,270.75
copan,2005-11-01,16.167,14.75,271.25
comayagua,2005-11-02,17.277,14.25,272.25
ocotepeque,2005-11-02,20.501,14.25,270.75
copan,2005-11-02,15.254,14.75,271.25
comayagua,2005-11-03,17.108,14.25,272.25
ocotepeque,2005-11-03,21.808,14.25,270.75
copan,2005-11-03,16.974,14.75,271.25
comayagua,2005-11-04,17.182,14.25,272.25
ocotepeque,2005-11-04,20.132,14.25,270.75
copan,2005-11-04,14.902,14.75,271.25
comayagua,2005-11-05,18.284,14.25,272.25
ocotepeque,2005-11-05,21.901,14.25,270.75
copan,2005-11-05,16.983,14.75,271.25
comayagua,2005-11-06,19.422,14.25,272.25
ocotepeque,2005-11-06,21.711,14.25,270.75
copan,2005-11-06,17.769,14.75,271.25
comayagua,2005-11-07,17.554,14.25,272.25
ocotepeque,2005-11-07,21.555,14.25,270.75
copan,2005-11-07,15.711,14.75,271.25
comayagua,2005-11-08,19.416,14.25,272.25
ocotepeque,2005-11-08,22.989,14.25,270.75
copan,2005-11-08,17.116,14.75,271.25
comayagua,2005-11-09,21.022,14.25,272.25
ocotepeque,2005-11-09,22.431,14.25,270.75
copan,2005-11-09,19.122,14.75,271.25
comayagua,2005-11-10,19.802,14.25,272.25
ocotepeque,2005-11-10,23.104,14.25,270.75
copan,2005-11-10,18.184,14.75,271.25
comayagua,2005-11-11,17.409,14.25,272.25
ocotepeque,2005-11-11,21.856,14.25,270.75
copan,2005-11-11,18.099,14.75,271.25
comayagua,2005-11-12,14.903,14.25,272.25
ocotepeque,2005-11-12,20.255,14.25,270.75
copan,2005-11-12,11.394,14.75,271.25
comayagua,2005-11-13,17.337,14.25,272.25
ocotepeque,2005-11-13,21.114,14.25,270.75
copan,2005-11-13,15.887,14.75,271.25
comayagua,2005-11-14,20.477,14.25,272.25
ocotepeque,2005-11-14,22.707,14.25,270.75
copan,2005-11-14,17.131,14.75,271.25
comayagua,2005-11-15,18.562,14.25,272.25
ocotepeque,2005-11-15,23.019,14.25,270.75
copan,2005-11-15,17.008,14.75,271.25
comayagua,2005-11-16,19.75,14.25,272.25
ocotepeque,2005-11-16,23.826,14.25,270.75
copan,2005-11-16,20.835,14.75,271.25
comayagua,2005-11-17,17.812,14.25,272.25
ocotepeque,2005-11-17,22.274,14.25,270.75
copan,2005-11-17,16.439,14.75,271.25
comayagua,2005-11-18,18.28,14.25,272.25
ocotepeque,2005-11-18,22.151,14.25,270.75
copan,2005-11-18,16.082,14.75,271.25
comayagua,2005-11-19,18.976,14.25,272.25
ocotepeque,2005-11-19,22.095,14.25,270.75
copan,2005-11-19,16.044,14.75,271.25
comayagua,2005-11-20,19.923,14.25,272.25
ocotepeque,2005-11-20,22.342,14.25,270.75
copan,2005-11-20,15.051,14.75,271.25
comayagua,2005-11-21,19.997,14.25,272.25
ocotepeque,2005-11-21,23.582,14.25,270.75
copan,2005-11-21,20.525,14.75,271.25
comayagua,2005-11-22,19.072,14.25,272.25
ocotepeque,2005-11-22,22.105,14.25,270.75
copan,2005-11-22,18.04,14.75,271.25
comayagua,2005-11-23,15.357,14.25,272.25
ocotepeque,2005-11-23,17.912,14.25,270.75
copan,2005-11-23,12.878,14.75,271.25
comayagua,2005-11-24,13.892,14.25,272.25
ocotepeque,2005-11-24,19.436,14.25,270.75
copan,2005-11-24,16.898,14.75,271.25
comayagua,2005-11-25,3.9,14.25,272.25
ocotepeque,2005-11-25,15.989,14.25,270.75
copan,2005-11-25,7.455,14.75,271.25
comayagua,2005-11-26,3.467,14.25,272.25
ocotepeque,2005-11-26,17.705,14.25,270.75
copan,2005-11-26,11.671,14.75,271.25
comayagua,2005-11-27,11.228,14.25,272.25
ocotepeque,2005-11-27,17.86,14.25,270.75
copan,2005-11-27,9.826,14.75,271.25
comayagua,2005-11-28,13.935,14.25,272.25
ocotepeque,2005-11-28,27.357,14.25,270.75
copan,2005-11-28,21.819,14.75,271.25
comayagua,2005-11-29,15.87,14.25,272.25
ocotepeque,2005-11-29,24.772,14.25,270.75
copan,2005-11-29,21.254,14.75,271.25
comayagua,2005-11-30,20.009,14.25,272.25
ocotepeque,2005-11-30,23.225,14.25,270.75
copan,2005-11-30,18.002,14.75,271.25
comayagua,2005-12-01,17.594,14.25,272.25
ocotepeque,2005-12-01,22.485,14.25,270.75
copan,2005-12-01,18.835,14.75,271.25
comayagua,2005-12-02,17.935,14.25,272.25
ocotepeque,2005-12-02,20.894,14.25,270.75
copan,2005-12-02,14.814,14.75,271.25
comayagua,2005-12-03,17.858,14.25,272.25
ocotepeque,2005-12-03,21.892,14.25,270.75
copan,2005-12-03,17.421,14.75,271.25
comayagua,2005-12-04,19.0,14.25,272.25
ocotepeque,2005-12-04,20.387,14.25,270.75
copan,2005-12-04,14.787,14.75,271.25
comayagua,2005-12-05,16.583,14.25,272.25
ocotepeque,2005-12-05,20.178,14.25,270.75
copan,2005-12-05,12.55,14.75,271.25
comayagua,2005-12-06,18.712,14.25,272.25
ocotepeque,2005-12-06,22.266,14.25,270.75
copan,2005-12-06,17.927,14.75,271.25
comayagua,2005-12-07,18.128,14.25,272.25
ocotepeque,2005-12-07,21.271,14.25,270.75
copan,2005-12-07,14.754,14.75,271.25
comayagua,2005-12-08,17.948,14.25,272.25
ocotepeque,2005-12-08,22.528,14.25,270.75
copan,2005-12-08,17.445,14.75,271.25
comayagua,2005-12-09,18.666,14.25,272.25
ocotepeque,2005-12-09,22.233,14.25,270.75
copan,2005-12-09,19.273,14.75,271.25
comayagua,2005-12-10,19.413,14.25,272.25
ocotepeque,2005-12-10,21.969,14.25,270.75
copan,2005-12-10,16.947,14.75,271.25
comayagua,2005-12-11,19.288,14.25,272.25
ocotepeque,2005-12-11,22.076,14.25,270.75
copan,2005-12-11,16.204,14.75,271.25
comayagua,2005-12-12,18.331,14.25,272.25
ocotepeque,2005-12-12,21.467,14.25,270.75
copan,2005-12-12,15.608,14.75,271.25
comayagua,2005-12-13,18.052,14.25,272.25
ocotepeque,2005-12-13,21.224,14.25,270.75
copan,2005-12-13,15.552,14.75,271.25
comayagua,2005-12-14,16.044,14.25,272.25
ocotepeque,2005-12-14,19.486,14.25,270.75
copan,2005-12-14,11.846,14.75,271.25
comayagua,2005-12-15,13.063,14.25,272.25
ocotepeque,2005-12-15,19.923,14.25,270.75
copan,2005-12-15,12.369,14.75,271.25
comayagua,2005-12-16,18.491,14.25,272.25
ocotepeque,2005-12-16,22.335,14.25,270.75
copan,2005-12-16,18.649,14.75,271.25
comayagua,2005-12-17,16.65,14.25,272.25
ocotepeque,2005-12-17,20.247,14.25,270.75
copan,2005-12-17,16.327,14.75,271.25
comayagua,2005-12-18,15.295,14.25,272.25
ocotepeque,2005-12-18,20.16,14.25,270.75
copan,2005-12-18,15.938,14.75,271.25
comayagua,2005-12-19,19.084,14.25,272.25
ocotepeque,2005-12-19,21.617,14.25,270.75
copan,2005-12-19,16.597,14.75,271.25
comayagua,2005-12-20,18.042,14.25,272.25
ocotepeque,2005-12-20,21.789,14.25,270.75
copan,2005-12-20,18.537,14.75,271.25
comayagua,2005-12-21,17.846,14.25,272.25
ocotepeque,2005-12-21,20.734,14.25,270.75
copan,2005-12-21,16.257,14.75,271.25
comayagua,2005-12-22,17.362,14.25,272.25
ocotepeque,2005-12-22,19.631,14.25,270.75
copan,2005-12-22,13.914,14.75,271.25
comayagua,2005-12-23,16.312,14.25,272.25
ocotepeque,2005-12-23,19.318,14.25,270.75
copan,2005-12-23,14.046,14.75,271.25
comayagua,2005-12-24,14.174,14.25,272.25
ocotepeque,2005-12-24,18.798,14.25,270.75
copan,2005-12-24,12.288,14.75,271.25
comayagua,2005-12-25,20.734,14.25,272.25
ocotepeque,2005-12-25,21.434,14.25,270.75
copan,2005-12-25,18.069,14.75,271.25
comayagua,2005-12-26,17.573,14.25,272.25
ocotepeque,2005-12-26,19.662,14.25,270.75
copan,2005-12-26,15.204,14.75,271.25
comayagua,2005-12-27,15.457,14.25,272.25
ocotepeque,2005-12-27,20.149,14.25,270.75
copan,2005-12-27,13.463,14.75,271.25
comayagua,2005-12-28,14.125,14.25,272.25
ocotepeque,2005-12-28,20.911,14.25,270.75
copan,2005-12-28,18.903,14.75,271.25
comayagua,2005-12-29,14.601,14.25,272.25
ocotepeque,2005-12-29,19.129,14.25,270.75
copan,2005-12-29,14.393,14.75,271.25
comayagua,2005-12-30,17.026,14.25,272.25
ocotepeque,2005-12-30,20.652,14.25,270.75
copan,2005-12-30,15.686,14.75,271.25
comayagua,2005-12-31,16.581,14.25,272.25
ocotepeque,2005-12-31,21.017,14.25,270.75
copan,2005-12-31,15.544,14.75,271.25
comayagua,2006-01-01,17.363,14.25,272.25
ocotepeque,2006-01-01,22.635,14.25,270.75
copan,2006-01-01,19.637,14.75,271.25
comayagua,2006-01-02,14.506,14.25,272.25
ocotepeque,2006-01-02,21.941,14.25,270.75
copan,2006-01-02,17.686,14.75,271.25
comayagua,2006-01-03,17.947,14.25,272.25
ocotepeque,2006-01-03,20.266,14.25,270.75
copan,2006-01-03,13.404,14.75,271.25
comayagua,2006-01-04,18.553,14.25,272.25
ocotepeque,2006-01-04,21.322,14.25,270.75
copan,2006-01-04,15.153,14.75,271.25
comayagua,2006-01-05,19.088,14.25,272.25
ocotepeque,2006-01-05,21.554,14.25,270.75
copan,2006-01-05,17.533,14.75,271.25
comayagua,2006-01-06,17.08,14.25,272.25
ocotepeque,2006-01-06,19.843,14.25,270.75
copan,2006-01-06,14.144,14.75,271.25
comayagua,2006-01-07,14.757,14.25,272.25
ocotepeque,2006-01-07,17.189,14.25,270.75
copan,2006-01-07,11.255,14.75,271.25
comayagua,2006-01-08,12.131,14.25,272.25
ocotepeque,2006-01-08,15.358,14.25,270.75
copan,2006-01-08,7.898,14.75,271.25
comayagua,2006-01-09,15.316,14.25,272.25
ocotepeque,2006-01-09,22.471,14.25,270.75
copan,2006-01-09,16.517,14.75,271.25
comayagua,2006-01-10,17.452,14.25,272.25
ocotepeque,2006-01-10,20.302,14.25,270.75
copan,2006-01-10,14.548,14.75,271.25
comayagua,2006-01-11,18.639,14.25,272.25
ocotepeque,2006-01-11,22.08,14.25,270.75
copan,2006-01-11,20.362,14.75,271.25
comayagua,2006-01-12,18.035,14.25,272.25
ocotepeque,2006-01-12,21.366,14.25,270.75
copan,2006-01-12,18.167,14.75,271.25
comayagua,2006-01-13,18.015,14.25,272.25
ocotepeque,2006-01-13,21.417,14.25,270.75
copan,2006-01-13,14.348,14.75,271.25
comayagua,2006-01-14,19.125,14.25,272.25
ocotepeque,2006-01-14,18.277,14.25,270.75
copan,2006-01-14,15.505,14.75,271.25
comayagua,2006-01-15,17.52,14.25,272.25
ocotepeque,2006-01-15,21.938,14.25,270.75
copan,2006-01-15,18.869,14.75,271.25
comayagua,2006-01-16,12.98,14.25,272.25
ocotepeque,2006-01-16,19.633,14.25,270.75
copan,2006-01-16,14.643,14.75,271.25
comayagua,2006-01-17,12.636,14.25,272.25
ocotepeque,2006-01-17,18.765,14.25,270.75
copan,2006-01-17,13.693,14.75,271.25
comayagua,2006-01-18,16.438,14.25,272.25
ocotepeque,2006-01-18,20.326,14.25,270.75
copan,2006-01-18,18.032,14.75,271.25
comayagua,2006-01-19,15.744,14.25,272.25
ocotepeque,2006-01-19,17.872,14.25,270.75
copan,2006-01-19,12.232,14.75,271.25
comayagua,2006-01-20,15.607,14.25,272.25
ocotepeque,2006-01-20,18.513,14.25,270.75
copan,2006-01-20,12.443,14.75,271.25
comayagua,2006-01-21,15.897,14.25,272.25
ocotepeque,2006-01-21,20.183,14.25,270.75
copan,2006-01-21,14.694,14.75,271.25
comayagua,2006-01-22,18.727,14.25,272.25
ocotepeque,2006-01-22,20.753,14.25,270.75
copan,2006-01-22,14.655,14.75,271.25
comayagua,2006-01-23,20.319,14.25,272.25
ocotepeque,2006-01-23,22.307,14.25,270.75
copan,2006-01-23,18.607,14.75,271.25
comayagua,2006-01-24,18.607,14.25,272.25
ocotepeque,2006-01-24,23.065,14.25,270.75
copan,2006-01-24,19.414,14.75,271.25
comayagua,2006-01-25,18.054,14.25,272.25
ocotepeque,2006-01-25,18.032,14.25,270.75
copan,2006-01-25,16.828,14.75,271.25
comayagua,2006-01-26,17.877,14.25,272.25
ocotepeque,2006-01-26,18.199,14.25,270.75
copan,2006-01-26,16.703,14.75,271.25
comayagua,2006-01-27,18.409,14.25,272.25
ocotepeque,2006-01-27,18.704,14.25,270.75
copan,2006-01-27,16.392,14.75,271.25
comayagua,2006-01-28,17.785,14.25,272.25
ocotepeque,2006-01-28,16.737,14.25,270.75
copan,2006-01-28,15.205,14.75,271.25
comayagua,2006-01-29,17.221,14.25,272.25
ocotepeque,2006-01-29,15.108,14.25,270.75
copan,2006-01-29,13.301,14.75,271.25
comayagua,2006-01-30,18.583,14.25,272.25
ocotepeque,2006-01-30,19.714,14.25,270.75
copan,2006-01-30,19.019,14.75,271.25
comayagua,2006-01-31,16.434,14.25,272.25
ocotepeque,2006-01-31,16.67,14.25,270.75
copan,2006-01-31,15.57,14.75,271.25
comayagua,2006-02-01,17.582,14.25,272.25
ocotepeque,2006-02-01,15.13,14.25,270.75
copan,2006-02-01,13.315,14.75,271.25
comayagua,2006-02-02,14.556,14.25,272.25
ocotepeque,2006-02-02,15.681,14.25,270.75
copan,2006-02-02,14.532,14.75,271.25
comayagua,2006-02-03,15.736,14.25,272.25
ocotepeque,2006-02-03,17.804,14.25,270.75
copan,2006-02-03,16.561,14.75,271.25
comayagua,2006-02-04,19.324,14.25,272.25
ocotepeque,2006-02-04,19.261,14.25,270.75
copan,2006-02-04,18.264,14.75,271.25
comayagua,2006-02-05,17.603,14.25,272.25
ocotepeque,2006-02-05,18.032,14.25,270.75
copan,2006-02-05,16.402,14.75,271.25
comayagua,2006-02-06,16.131,14.25,272.25
ocotepeque,2006-02-06,14.734,14.25,270.75
copan,2006-02-06,13.817,14.75,271.25
comayagua,2006-02-07,18.179,14.25,272.25
ocotepeque,2006-02-07,16.666,14.25,270.75
copan,2006-02-07,15.613,14.75,271.25
comayagua,2006-02-08,17.536,14.25,272.25
ocotepeque,2006-02-08,18.992,14.25,270.75
copan,2006-02-08,17.652,14.75,271.25
comayagua,2006-02-09,15.94,14.25,272.25
ocotepeque,2006-02-09,16.769,14.25,270.75
copan,2006-02-09,15.229,14.75,271.25
comayagua,2006-02-10,17.616,14.25,272.25
ocotepeque,2006-02-10,16.583,14.25,270.75
copan,2006-02-10,13.72,14.75,271.25
comayagua,2006-02-11,13.603,14.25,272.25
ocotepeque,2006-02-11,15.216,14.25,270.75
copan,2006-02-11,14.139,14.75,271.25
comayagua,2006-02-12,17.771,14.25,272.25
ocotepeque,2006-02-12,15.473,14.25,270.75
copan,2006-02-12,12.874,14.75,271.25
comayagua,2006-02-13,15.303,14.25,272.25
ocotepeque,2006-02-13,12.558,14.25,270.75
copan,2006-02-13,10.172,14.75,271.25
comayagua,2006-02-14,12.764,14.25,272.25
ocotepeque,2006-02-14,14.326,14.25,270.75
copan,2006-02-14,13.358,14.75,271.25
comayagua,2006-02-15,18.167,14.25,272.25
ocotepeque,2006-02-15,20.461,14.25,270.75
copan,2006-02-15,20.214,14.75,271.25
comayagua,2006-02-16,22.131,14.25,272.25
ocotepeque,2006-02-16,22.069,14.25,270.75
copan,2006-02-16,22.19,14.75,271.25
comayagua,2006-02-17,17.712,14.25,272.25
ocotepeque,2006-02-17,20.737,14.25,270.75
copan,2006-02-17,14.514,14.75,271.25
comayagua,2006-02-18,17.0,14.25,272.25
ocotepeque,2006-02-18,20.787,14.25,270.75
copan,2006-02-18,14.636,14.75,271.25
comayagua,2006-02-19,18.789,14.25,272.25
ocotepeque,2006-02-19,22.397,14.25,270.75
copan,2006-02-19,18.914,14.75,271.25
comayagua,2006-02-20,16.859,14.25,272.25
ocotepeque,2006-02-20,17.085,14.25,270.75
copan,2006-02-20,15.759,14.75,271.25
comayagua,2006-02-21,18.121,14.25,272.25
ocotepeque,2006-02-21,25.845,14.25,270.75
copan,2006-02-21,15.806,14.75,271.25
comayagua,2006-02-22,24.267,14.25,272.25
ocotepeque,2006-02-22,21.527,14.25,270.75
copan,2006-02-22,18.781,14.75,271.25
comayagua,2006-02-23,17.577,14.25,272.25
ocotepeque,2006-02-23,20.576,14.25,270.75
copan,2006-02-23,15.662,14.75,271.25
comayagua,2006-02-24,19.417,14.25,272.25
ocotepeque,2006-02-24,18.258,14.25,270.75
copan,2006-02-24,14.756,14.75,271.25
comayagua,2006-02-25,16.533,14.25,272.25
ocotepeque,2006-02-25,21.058,14.25,270.75
copan,2006-02-25,15.15,14.75,271.25
comayagua,2006-02-26,12.293,14.25,272.25
ocotepeque,2006-02-26,19.808,14.25,270.75
copan,2006-02-26,11.235,14.75,271.25
comayagua,2006-02-27,16.395,14.25,272.25
ocotepeque,2006-02-27,19.252,14.25,270.75
copan,2006-02-27,9.932,14.75,271.25
comayagua,2006-02-28,17.78,14.25,272.25
ocotepeque,2006-02-28,20.509,14.25,270.75
copan,2006-02-28,13.878,14.75,271.25
comayagua,2006-03-01,16.223,14.25,272.25
ocotepeque,2006-03-01,18.728,14.25,270.75
copan,2006-03-01,17.892,14.75,271.25
comayagua,2006-03-02,16.727,14.25,272.25
ocotepeque,2006-03-02,16.288,14.25,270.75
copan,2006-03-02,14.902,14.75,271.25
comayagua,2006-03-03,17.957,14.25,272.25
ocotepeque,2006-03-03,20.246,14.25,270.75
copan,2006-03-03,20.039,14.75,271.25
comayagua,2006-03-04,17.833,14.25,272.25
ocotepeque,2006-03-04,21.268,14.25,270.75
copan,2006-03-04,21.442,14.75,271.25
comayagua,2006-03-05,18.146,14.25,272.25
ocotepeque,2006-03-05,16.315,14.25,270.75
copan,2006-03-05,15.007,14.75,271.25
comayagua,2006-03-06,21.166,14.25,272.25
ocotepeque,2006-03-06,19.568,14.25,270.75
copan,2006-03-06,17.685,14.75,271.25
comayagua,2006-03-07,15.156,14.25,272.25
ocotepeque,2006-03-07,16.305,14.25,270.75
copan,2006-03-07,14.466,14.75,271.25
comayagua,2006-03-08,15.75,14.25,272.25
ocotepeque,2006-03-08,12.505,14.25,270.75
copan,2006-03-08,10.872,14.75,271.25
comayagua,2006-03-09,16.945,14.25,272.25
ocotepeque,2006-03-09,20.238,14.25,270.75
copan,2006-03-09,19.252,14.75,271.25
comayagua,2006-03-10,17.171,14.25,272.25
ocotepeque,2006-03-10,15.853,14.25,270.75
copan,2006-03-10,14.4,14.75,271.25
comayagua,2006-03-11,15.389,14.25,272.25
ocotepeque,2006-03-11,19.227,14.25,270.75
copan,2006-03-11,17.476,14.75,271.25
comayagua,2006-03-12,12.528,14.25,272.25
ocotepeque,2006-03-12,14.013,14.25,270.75
copan,2006-03-12,12.451,14.75,271.25
comayagua,2006-03-13,18.756,14.25,272.25
ocotepeque,2006-03-13,21.751,14.25,270.75
copan,2006-03-13,22.182,14.75,271.25
comayagua,2006-03-14,16.779,14.25,272.25
ocotepeque,2006-03-14,16.464,14.25,270.75
copan,2006-03-14,14.784,14.75,271.25
comayagua,2006-03-15,19.441,14.25,272.25
ocotepeque,2006-03-15,17.018,14.25,270.75
copan,2006-03-15,14.817,14.75,271.25
comayagua,2006-03-16,18.496,14.25,272.25
ocotepeque,2006-03-16,18.111,14.25,270.75
copan,2006-03-16,16.296,14.75,271.25
comayagua,2006-03-17,15.404,14.25,272.25
ocotepeque,2006-03-17,14.754,14.25,270.75
copan,2006-03-17,13.178,14.75,271.25
comayagua,2006-03-18,17.882,14.25,272.25
ocotepeque,2006-03-18,16.451,14.25,270.75
copan,2006-03-18,14.364,14.75,271.25
comayagua,2006-03-19,22.258,14.25,272.25
ocotepeque,2006-03-19,20.828,14.25,270.75
copan,2006-03-19,20.354,14.75,271.25
comayagua,2006-03-20,17.861,14.25,272.25
ocotepeque,2006-03-20,17.223,14.25,270.75
copan,2006-03-20,13.364,14.75,271.25
comayagua,2006-03-21,22.224,14.25,272.25
ocotepeque,2006-03-21,23.027,14.25,270.75
copan,2006-03-21,21.984,14.75,271.25
comayagua,2006-03-22,19.18,14.25,272.25
ocotepeque,2006-03-22,19.26,14.25,270.75
copan,2006-03-22,15.598,14.75,271.25
comayagua,2006-03-23,17.953,14.25,272.25
ocotepeque,2006-03-23,18.939,14.25,270.75
copan,2006-03-23,18.282,14.75,271.25
comayagua,2006-03-24,16.08,14.25,272.25
ocotepeque,2006-03-24,14.742,14.25,270.75
copan,2006-03-24,13.59,14.75,271.25
comayagua,2006-03-25,18.351,14.25,272.25
ocotepeque,2006-03-25,16.493,14.25,270.75
copan,2006-03-25,14.276,14.75,271.25
comayagua,2006-03-26,16.615,14.25,272.25
ocotepeque,2006-03-26,15.435,14.25,270.75
copan,2006-03-26,14.084,14.75,271.25
comayagua,2006-03-27,16.813,14.25,272.25
ocotepeque,2006-03-27,16.164,14.25,270.75
copan,2006-03-27,14.983,14.75,271.25
comayagua,2006-03-28,17.224,14.25,272.25
ocotepeque,2006-03-28,16.216,14.25,270.75
copan,2006-03-28,14.967,14.75,271.25
comayagua,2006-03-29,16.826,14.25,272.25
ocotepeque,2006-03-29,16.026,14.25,270.75
copan,2006-03-29,14.472,14.75,271.25
comayagua,2006-03-30,18.163,14.25,272.25
ocotepeque,2006-03-30,16.726,14.25,270.75
copan,2006-03-30,15.246,14.75,271.25
comayagua,2006-03-31,20.834,14.25,272.25
ocotepeque,2006-03-31,21.41,14.25,270.75
copan,2006-03-31,20.802,14.75,271.25
comayagua,2006-04-01,18.472,14.25,272.25
ocotepeque,2006-04-01,17.383,14.25,270.75
copan,2006-04-01,15.988,14.75,271.25
comayagua,2006-04-02,19.006,14.25,272.25
ocotepeque,2006-04-02,16.723,14.25,270.75
copan,2006-04-02,14.462,14.75,271.25
comayagua,2006-04-03,16.501,14.25,272.25
ocotepeque,2006-04-03,15.486,14.25,270.75
copan,2006-04-03,13.593,14.75,271.25
comayagua,2006-04-04,18.165,14.25,272.25
ocotepeque,2006-04-04,22.183,14.25,270.75
copan,2006-04-04,22.248,14.75,271.25
comayagua,2006-04-05,17.157,14.25,272.25
ocotepeque,2006-04-05,20.308,14.25,270.75
copan,2006-04-05,19.447,14.75,271.25
comayagua,2006-04-06,15.879,14.25,272.25
ocotepeque,2006-04-06,18.912,14.25,270.75
copan,2006-04-06,18.403,14.75,271.25
comayagua,2006-04-07,15.402,14.25,272.25
ocotepeque,2006-04-07,19.931,14.25,270.75
copan,2006-04-07,21.654,14.75,271.25
comayagua,2006-04-08,20.304,14.25,272.25
ocotepeque,2006-04-08,21.769,14.25,270.75
copan,2006-04-08,20.396,14.75,271.25
comayagua,2006-04-09,17.223,14.25,272.25
ocotepeque,2006-04-09,17.305,14.25,270.75
copan,2006-04-09,15.887,14.75,271.25
comayagua,2006-04-10,19.554,14.25,272.25
ocotepeque,2006-04-10,20.463,14.25,270.75
copan,2006-04-10,19.636,14.75,271.25
comayagua,2006-04-11,18.376,14.25,272.25
ocotepeque,2006-04-11,17.166,14.25,270.75
copan,2006-04-11,15.926,14.75,271.25
comayagua,2006-04-12,20.629,14.25,272.25
ocotepeque,2006-04-12,15.47,14.25,270.75
copan,2006-04-12,12.864,14.75,271.25
comayagua,2006-04-13,14.399,14.25,272.25
ocotepeque,2006-04-13,12.66,14.25,270.75
copan,2006-04-13,11.098,14.75,271.25
comayagua,2006-04-14,14.754,14.25,272.25
ocotepeque,2006-04-14,12.966,14.25,270.75
copan,2006-04-14,10.696,14.75,271.25
comayagua,2006-04-15,13.181,14.25,272.25
ocotepeque,2006-04-15,16.887,14.25,270.75
copan,2006-04-15,18.783,14.75,271.25
comayagua,2006-04-16,17.214,14.25,272.25
ocotepeque,2006-04-16,18.558,14.25,270.75
copan,2006-04-16,15.982,14.75,271.25
comayagua,2006-04-17,17.612,14.25,272.25
ocotepeque,2006-04-17,17.911,14.25,270.75
copan,2006-04-17,16.965,14.75,271.25
comayagua,2006-04-18,20.256,14.25,272.25
ocotepeque,2006-04-18,20.753,14.25,270.75
copan,2006-04-18,20.803,14.75,271.25
comayagua,2006-04-19,19.612,14.25,272.25
ocotepeque,2006-04-19,27.226,14.25,270.75
copan,2006-04-19,17.135,14.75,271.25
comayagua,2006-04-20,18.294,14.25,272.25
ocotepeque,2006-04-20,18.417,14.25,270.75
copan,2006-04-20,17.251,14.75,271.25
comayagua,2006-04-21,28.463,14.25,272.25
ocotepeque,2006-04-21,28.607,14.25,270.75
copan,2006-04-21,27.252,14.75,271.25
comayagua,2006-04-22,19.669,14.25,272.25
ocotepeque,2006-04-22,19.481,14.25,270.75
copan,2006-04-22,18.529,14.75,271.25
comayagua,2006-04-23,21.935,14.25,272.25
ocotepeque,2006-04-23,20.307,14.25,270.75
copan,2006-04-23,18.419,14.75,271.25
comayagua,2006-04-24,18.771,14.25,272.25
ocotepeque,2006-04-24,17.963,14.25,270.75
copan,2006-04-24,17.008,14.75,271.25
comayagua,2006-04-25,17.465,14.25,272.25
ocotepeque,2006-04-25,18.332,14.25,270.75
copan,2006-04-25,17.2,14.75,271.25
comayagua,2006-04-26,17.2,14.25,272.25
ocotepeque,2006-04-26,16.527,14.25,270.75
copan,2006-04-26,14.926,14.75,271.25
comayagua,2006-04-27,15.902,14.25,272.25
ocotepeque,2006-04-27,16.104,14.25,270.75
copan,2006-04-27,14.187,14.75,271.25
comayagua,2006-04-28,18.682,14.25,272.25
ocotepeque,2006-04-28,25.769,14.25,270.75
copan,2006-04-28,15.221,14.75,271.25
comayagua,2006-04-29,20.677,14.25,272.25
ocotepeque,2006-04-29,20.778,14.25,270.75
copan,2006-04-29,18.923,14.75,271.25
comayagua,2006-04-30,21.911,14.25,272.25
ocotepeque,2006-04-30,21.406,14.25,270.75
copan,2006-04-30,20.29,14.75,271.25
comayagua,2006-05-01,19.849,14.25,272.25
ocotepeque,2006-05-01,21.233,14.25,270.75
copan,2006-05-01,20.677,14.75,271.25
comayagua,2006-05-02,18.697,14.25,272.25
ocotepeque,2006-05-02,18.276,14.25,270.75
copan,2006-05-02,17.315,14.75,271.25
comayagua,2006-05-03,18.376,14.25,272.25
ocotepeque,2006-05-03,17.131,14.25,270.75
copan,2006-05-03,16.092,14.75,271.25
comayagua,2006-05-04,17.51,14.25,272.25
ocotepeque,2006-05-04,23.721,14.25,270.75
copan,2006-05-04,17.267,14.75,271.25
comayagua,2006-05-05,17.84,14.25,272.25
ocotepeque,2006-05-05,24.31,14.25,270.75
copan,2006-05-05,17.341,14.75,271.25
comayagua,2006-05-06,18.015,14.25,272.25
ocotepeque,2006-05-06,23.187,14.25,270.75
copan,2006-05-06,17.446,14.75,271.25
comayagua,2006-05-07,19.128,14.25,272.25
ocotepeque,2006-05-07,25.323,14.25,270.75
copan,2006-05-07,27.837,14.75,271.25
comayagua,2006-05-08,20.716,14.25,272.25
ocotepeque,2006-05-08,21.372,14.25,270.75
copan,2006-05-08,20.018,14.75,271.25
comayagua,2006-05-09,19.463,14.25,272.25
ocotepeque,2006-05-09,18.717,14.25,270.75
copan,2006-05-09,17.844,14.75,271.25
comayagua,2006-05-10,24.27,14.25,272.25
ocotepeque,2006-05-10,26.139,14.25,270.75
copan,2006-05-10,25.779,14.75,271.25
comayagua,2006-05-11,22.079,14.25,272.25
ocotepeque,2006-05-11,24.246,14.25,270.75
copan,2006-05-11,22.653,14.75,271.25
comayagua,2006-05-12,20.524,14.25,272.25
ocotepeque,2006-05-12,23.111,14.25,270.75
copan,2006-05-12,21.096,14.75,271.25
comayagua,2006-05-13,19.553,14.25,272.25
ocotepeque,2006-05-13,21.572,14.25,270.75
copan,2006-05-13,19.735,14.75,271.25
comayagua,2006-05-14,18.281,14.25,272.25
ocotepeque,2006-05-14,18.732,14.25,270.75
copan,2006-05-14,18.099,14.75,271.25
comayagua,2006-05-15,17.734,14.25,272.25
ocotepeque,2006-05-15,21.531,14.25,270.75
copan,2006-05-15,15.906,14.75,271.25
comayagua,2006-05-16,19.381,14.25,272.25
ocotepeque,2006-05-16,21.56,14.25,270.75
copan,2006-05-16,18.006,14.75,271.25
comayagua,2006-05-17,18.849,14.25,272.25
ocotepeque,2006-05-17,22.32,14.25,270.75
copan,2006-05-17,18.379,14.75,271.25
comayagua,2006-05-18,19.128,14.25,272.25
ocotepeque,2006-05-18,22.669,14.25,270.75
copan,2006-05-18,17.78,14.75,271.25
comayagua,2006-05-19,20.173,14.25,272.25
ocotepeque,2006-05-19,22.725,14.25,270.75
copan,2006-05-19,17.644,14.75,271.25
comayagua,2006-05-20,18.973,14.25,272.25
ocotepeque,2006-05-20,17.582,14.25,270.75
copan,2006-05-20,16.243,14.75,271.25
comayagua,2006-05-21,18.921,14.25,272.25
ocotepeque,2006-05-21,18.613,14.25,270.75
copan,2006-05-21,17.864,14.75,271.25
comayagua,2006-05-22,19.186,14.25,272.25
ocotepeque,2006-05-22,19.597,14.25,270.75
copan,2006-05-22,18.659,14.75,271.25
comayagua,2006-05-23,17.308,14.25,272.25
ocotepeque,2006-05-23,17.791,14.25,270.75
copan,2006-05-23,17.416,14.75,271.25
comayagua,2006-05-24,18.857,14.25,272.25
ocotepeque,2006-05-24,21.162,14.25,270.75
copan,2006-05-24,20.299,14.75,271.25
comayagua,2006-05-25,18.974,14.25,272.25
ocotepeque,2006-05-25,18.492,14.25,270.75
copan,2006-05-25,17.405,14.75,271.25
comayagua,2006-05-26,19.713,14.25,272.25
ocotepeque,2006-05-26,22.035,14.25,270.75
copan,2006-05-26,21.84,14.75,271.25
comayagua,2006-05-27,18.62,14.25,272.25
ocotepeque,2006-05-27,19.861,14.25,270.75
copan,2006-05-27,19.272,14.75,271.25
comayagua,2006-05-28,19.136,14.25,272.25
ocotepeque,2006-05-28,22.538,14.25,270.75
copan,2006-05-28,22.894,14.75,271.25
comayagua,2006-05-29,18.66,14.25,272.25
ocotepeque,2006-05-29,19.706,14.25,270.75
copan,2006-05-29,18.723,14.75,271.25
comayagua,2006-05-30,19.18,14.25,272.25
ocotepeque,2006-05-30,19.716,14.25,270.75
copan,2006-05-30,17.518,14.75,271.25
comayagua,2006-05-31,18.57,14.25,272.25
ocotepeque,2006-05-31,18.667,14.25,270.75
copan,2006-05-31,17.923,14.75,271.25
comayagua,2006-06-01,19.007,14.25,272.25
ocotepeque,2006-06-01,20.781,14.25,270.75
copan,2006-06-01,19.717,14.75,271.25
comayagua,2006-06-02,19.865,14.25,272.25
ocotepeque,2006-06-02,20.738,14.25,270.75
copan,2006-06-02,21.056,14.75,271.25
comayagua,2006-06-03,17.209,14.25,272.25
ocotepeque,2006-06-03,18.42,14.25,270.75
copan,2006-06-03,17.887,14.75,271.25
comayagua,2006-06-04,20.763,14.25,272.25
ocotepeque,2006-06-04,20.593,14.25,270.75
copan,2006-06-04,20.758,14.75,271.25
comayagua,2006-06-05,20.336,14.25,272.25
ocotepeque,2006-06-05,21.314,14.25,270.75
copan,2006-06-05,21.467,14.75,271.25
comayagua,2006-06-06,19.257,14.25,272.25
ocotepeque,2006-06-06,19.028,14.25,270.75
copan,2006-06-06,19.232,14.75,271.25
comayagua,2006-06-07,19.266,14.25,272.25
ocotepeque,2006-06-07,18.895,14.25,270.75
copan,2006-06-07,18.302,14.75,271.25
comayagua,2006-06-08,18.329,14.25,272.25
ocotepeque,2006-06-08,21.672,14.25,270.75
copan,2006-06-08,17.753,14.75,271.25
comayagua,2006-06-09,19.064,14.25,272.25
ocotepeque,2006-06-09,22.117,14.25,270.75
copan,2006-06-09,18.859,14.75,271.25
comayagua,2006-06-10,18.608,14.25,272.25
ocotepeque,2006-06-10,19.819,14.25,270.75
copan,2006-06-10,17.651,14.75,271.25
comayagua,2006-06-11,18.437,14.25,272.25
ocotepeque,2006-06-11,20.626,14.25,270.75
copan,2006-06-11,17.37,14.75,271.25
comayagua,2006-06-12,20.324,14.25,272.25
ocotepeque,2006-06-12,23.238,14.25,270.75
copan,2006-06-12,20.852,14.75,271.25
comayagua,2006-06-13,21.251,14.25,272.25
ocotepeque,2006-06-13,22.493,14.25,270.75
copan,2006-06-13,21.847,14.75,271.25
comayagua,2006-06-14,22.558,14.25,272.25
ocotepeque,2006-06-14,22.722,14.25,270.75
copan,2006-06-14,20.04,14.75,271.25
comayagua,2006-06-15,18.976,14.25,272.25
ocotepeque,2006-06-15,21.152,14.25,270.75
copan,2006-06-15,17.802,14.75,271.25
comayagua,2006-06-16,17.769,14.25,272.25
ocotepeque,2006-06-16,21.713,14.25,270.75
copan,2006-06-16,15.911,14.75,271.25
comayagua,2006-06-17,17.655,14.25,272.25
ocotepeque,2006-06-17,22.97,14.25,270.75
copan,2006-06-17,20.49,14.75,271.25
comayagua,2006-06-18,17.454,14.25,272.25
ocotepeque,2006-06-18,22.938,14.25,270.75
copan,2006-06-18,17.247,14.75,271.25
comayagua,2006-06-19,19.705,14.25,272.25
ocotepeque,2006-06-19,23.406,14.25,270.75
copan,2006-06-19,18.693,14.75,271.25
comayagua,2006-06-20,18.726,14.25,272.25
ocotepeque,2006-06-20,22.835,14.25,270.75
copan,2006-06-20,16.715,14.75,271.25
comayagua,2006-06-21,23.302,14.25,272.25
ocotepeque,2006-06-21,23.499,14.25,270.75
copan,2006-06-21,22.493,14.75,271.25
comayagua,2006-06-22,23.331,14.25,272.25
ocotepeque,2006-06-22,24.311,14.25,270.75
copan,2006-06-22,20.914,14.75,271.25
comayagua,2006-06-23,23.555,14.25,272.25
ocotepeque,2006-06-23,24.205,14.25,270.75
copan,2006-06-23,23.536,14.75,271.25
comayagua,2006-06-24,21.103,14.25,272.25
ocotepeque,2006-06-24,22.445,14.25,270.75
copan,2006-06-24,21.977,14.75,271.25
comayagua,2006-06-25,21.788,14.25,272.25
ocotepeque,2006-06-25,22.025,14.25,270.75
copan,2006-06-25,21.721,14.75,271.25
comayagua,2006-06-26,18.998,14.25,272.25
ocotepeque,2006-06-26,21.776,14.25,270.75
copan,2006-06-26,17.488,14.75,271.25
comayagua,2006-06-27,20.08,14.25,272.25
ocotepeque,2006-06-27,22.934,14.25,270.75
copan,2006-06-27,19.585,14.75,271.25
comayagua,2006-06-28,19.731,14.25,272.25
ocotepeque,2006-06-28,19.832,14.25,270.75
copan,2006-06-28,19.88,14.75,271.25
comayagua,2006-06-29,19.921,14.25,272.25
ocotepeque,2006-06-29,21.32,14.25,270.75
copan,2006-06-29,20.541,14.75,271.25
comayagua,2006-06-30,19.772,14.25,272.25
ocotepeque,2006-06-30,19.03,14.25,270.75
copan,2006-06-30,18.604,14.75,271.25
comayagua,2006-07-01,21.108,14.25,272.25
ocotepeque,2006-07-01,20.161,14.25,270.75
copan,2006-07-01,19.239,14.75,271.25
comayagua,2006-07-02,21.459,14.25,272.25
ocotepeque,2006-07-02,18.902,14.25,270.75
copan,2006-07-02,18.21,14.75,271.25
comayagua,2006-07-03,20.902,14.25,272.25
ocotepeque,2006-07-03,19.785,14.25,270.75
copan,2006-07-03,19.613,14.75,271.25
comayagua,2006-07-04,21.621,14.25,272.25
ocotepeque,2006-07-04,21.721,14.25,270.75
copan,2006-07-04,21.176,14.75,271.25
comayagua,2006-07-05,19.694,14.25,272.25
ocotepeque,2006-07-05,19.321,14.25,270.75
copan,2006-07-05,18.778,14.75,271.25
comayagua,2006-07-06,22.428,14.25,272.25
ocotepeque,2006-07-06,18.492,14.25,270.75
copan,2006-07-06,17.99,14.75,271.25
comayagua,2006-07-07,20.45,14.25,272.25
ocotepeque,2006-07-07,19.725,14.25,270.75
copan,2006-07-07,18.734,14.75,271.25
comayagua,2006-07-08,19.854,14.25,272.25
ocotepeque,2006-07-08,19.86,14.25,270.75
copan,2006-07-08,19.529,14.75,271.25
comayagua,2006-07-09,23.355,14.25,272.25
ocotepeque,2006-07-09,23.487,14.25,270.75
copan,2006-07-09,22.879,14.75,271.25
comayagua,2006-07-10,19.557,14.25,272.25
ocotepeque,2006-07-10,19.45,14.25,270.75
copan,2006-07-10,19.069,14.75,271.25
comayagua,2006-07-11,19.541,14.25,272.25
ocotepeque,2006-07-11,18.505,14.25,270.75
copan,2006-07-11,18.209,14.75,271.25
comayagua,2006-07-12,19.067,14.25,272.25
ocotepeque,2006-07-12,17.911,14.25,270.75
copan,2006-07-12,17.891,14.75,271.25
comayagua,2006-07-13,20.267,14.25,272.25
ocotepeque,2006-07-13,19.329,14.25,270.75
copan,2006-07-13,18.454,14.75,271.25
comayagua,2006-07-14,20.662,14.25,272.25
ocotepeque,2006-07-14,19.969,14.25,270.75
copan,2006-07-14,18.906,14.75,271.25
comayagua,2006-07-15,21.0,14.25,272.25
ocotepeque,2006-07-15,19.547,14.25,270.75
copan,2006-07-15,18.149,14.75,271.25
comayagua,2006-07-16,19.336,14.25,272.25
ocotepeque,2006-07-16,18.481,14.25,270.75
copan,2006-07-16,18.216,14.75,271.25
comayagua,2006-07-17,20.322,14.25,272.25
ocotepeque,2006-07-17,24.171,14.25,270.75
copan,2006-07-17,20.438,14.75,271.25
comayagua,2006-07-18,18.75,14.25,272.25
ocotepeque,2006-07-18,22.39,14.25,270.75
copan,2006-07-18,17.267,14.75,271.25
comayagua,2006-07-19,19.636,14.25,272.25
ocotepeque,2006-07-19,20.809,14.25,270.75
copan,2006-07-19,18.512,14.75,271.25
comayagua,2006-07-20,18.655,14.25,272.25
ocotepeque,2006-07-20,19.357,14.25,270.75
copan,2006-07-20,19.052,14.75,271.25
comayagua,2006-07-21,18.731,14.25,272.25
ocotepeque,2006-07-21,18.04,14.25,270.75
copan,2006-07-21,17.837,14.75,271.25
comayagua,2006-07-22,17.642,14.25,272.25
ocotepeque,2006-07-22,17.272,14.25,270.75
copan,2006-07-22,16.673,14.75,271.25
comayagua,2006-07-23,16.747,14.25,272.25
ocotepeque,2006-07-23,17.199,14.25,270.75
copan,2006-07-23,17.344,14.75,271.25
comayagua,2006-07-24,18.24,14.25,272.25
ocotepeque,2006-07-24,17.196,14.25,270.75
copan,2006-07-24,17.399,14.75,271.25
comayagua,2006-07-25,20.772,14.25,272.25
ocotepeque,2006-07-25,21.112,14.25,270.75
copan,2006-07-25,20.823,14.75,271.25
comayagua,2006-07-26,17.132,14.25,272.25
ocotepeque,2006-07-26,15.53,14.25,270.75
copan,2006-07-26,15.294,14.75,271.25
comayagua,2006-07-27,16.13,14.25,272.25
ocotepeque,2006-07-27,18.159,14.25,270.75
copan,2006-07-27,16.829,14.75,271.25
comayagua,2006-07-28,17.768,14.25,272.25
ocotepeque,2006-07-28,17.36,14.25,270.75
copan,2006-07-28,16.778,14.75,271.25
comayagua,2006-07-29,22.785,14.25,272.25
ocotepeque,2006-07-29,24.204,14.25,270.75
copan,2006-07-29,22.717,14.75,271.25
comayagua,2006-07-30,21.169,14.25,272.25
ocotepeque,2006-07-30,23.503,14.25,270.75
copan,2006-07-30,22.327,14.75,271.25
comayagua,2006-07-31,23.718,14.25,272.25
ocotepeque,2006-07-31,22.211,14.25,270.75
copan,2006-07-31,22.677,14.75,271.25
comayagua,2006-08-01,19.143,14.25,272.25
ocotepeque,2006-08-01,20.088,14.25,270.75
copan,2006-08-01,19.015,14.75,271.25
comayagua,2006-08-02,18.932,14.25,272.25
ocotepeque,2006-08-02,18.796,14.25,270.75
copan,2006-08-02,17.887,14.75,271.25
comayagua,2006-08-03,19.524,14.25,272.25
ocotepeque,2006-08-03,19.472,14.25,270.75
copan,2006-08-03,19.406,14.75,271.25
comayagua,2006-08-04,18.763,14.25,272.25
ocotepeque,2006-08-04,18.271,14.25,270.75
copan,2006-08-04,18.065,14.75,271.25
comayagua,2006-08-05,25.429,14.25,272.25
ocotepeque,2006-08-05,27.829,14.25,270.75
copan,2006-08-05,27.098,14.75,271.25
comayagua,2006-08-06,20.396,14.25,272.25
ocotepeque,2006-08-06,24.093,14.25,270.75
copan,2006-08-06,20.82,14.75,271.25
comayagua,2006-08-07,21.125,14.25,272.25
ocotepeque,2006-08-07,21.236,14.25,270.75
copan,2006-08-07,21.324,14.75,271.25
comayagua,2006-08-08,20.116,14.25,272.25
ocotepeque,2006-08-08,23.945,14.25,270.75
copan,2006-08-08,17.161,14.75,271.25
comayagua,2006-08-09,18.46,14.25,272.25
ocotepeque,2006-08-09,22.74,14.25,270.75
copan,2006-08-09,18.965,14.75,271.25
comayagua,2006-08-10,22.542,14.25,272.25
ocotepeque,2006-08-10,24.269,14.25,270.75
copan,2006-08-10,21.913,14.75,271.25
comayagua,2006-08-11,20.21,14.25,272.25
ocotepeque,2006-08-11,20.623,14.25,270.75
copan,2006-08-11,20.677,14.75,271.25
comayagua,2006-08-12,19.257,14.25,272.25
ocotepeque,2006-08-12,21.036,14.25,270.75
copan,2006-08-12,21.224,14.75,271.25
comayagua,2006-08-13,20.962,14.25,272.25
ocotepeque,2006-08-13,21.594,14.25,270.75
copan,2006-08-13,20.425,14.75,271.25
comayagua,2006-08-14,16.471,14.25,272.25
ocotepeque,2006-08-14,16.921,14.25,270.75
copan,2006-08-14,16.724,14.75,271.25
comayagua,2006-08-15,16.836,14.25,272.25
ocotepeque,2006-08-15,19.017,14.25,270.75
copan,2006-08-15,17.723,14.75,271.25
comayagua,2006-08-16,16.45,14.25,272.25
ocotepeque,2006-08-16,19.003,14.25,270.75
copan,2006-08-16,17.386,14.75,271.25
comayagua,2006-08-17,18.581,14.25,272.25
ocotepeque,2006-08-17,18.607,14.25,270.75
copan,2006-08-17,17.372,14.75,271.25
comayagua,2006-08-18,18.83,14.25,272.25
ocotepeque,2006-08-18,19.56,14.25,270.75
copan,2006-08-18,18.546,14.75,271.25
comayagua,2006-08-19,22.404,14.25,272.25
ocotepeque,2006-08-19,20.85,14.25,270.75
copan,2006-08-19,21.029,14.75,271.25
comayagua,2006-08-20,17.345,14.25,272.25
ocotepeque,2006-08-20,19.187,14.25,270.75
copan,2006-08-20,18.106,14.75,271.25
comayagua,2006-08-21,23.845,14.25,272.25
ocotepeque,2006-08-21,21.902,14.25,270.75
copan,2006-08-21,22.937,14.75,271.25
comayagua,2006-08-22,19.615,14.25,272.25
ocotepeque,2006-08-22,19.549,14.25,270.75
copan,2006-08-22,19.537,14.75,271.25
comayagua,2006-08-23,22.74,14.25,272.25
ocotepeque,2006-08-23,21.328,14.25,270.75
copan,2006-08-23,21.206,14.75,271.25
comayagua,2006-08-24,18.888,14.25,272.25
ocotepeque,2006-08-24,18.061,14.25,270.75
copan,2006-08-24,18.203,14.75,271.25
comayagua,2006-08-25,16.562,14.25,272.25
ocotepeque,2006-08-25,16.585,14.25,270.75
copan,2006-08-25,15.797,14.75,271.25
comayagua,2006-08-26,18.144,14.25,272.25
ocotepeque,2006-08-26,16.552,14.25,270.75
copan,2006-08-26,15.802,14.75,271.25
comayagua,2006-08-27,17.216,14.25,272.25
ocotepeque,2006-08-27,19.073,14.25,270.75
copan,2006-08-27,18.012,14.75,271.25
comayagua,2006-08-28,18.815,14.25,272.25
ocotepeque,2006-08-28,18.824,14.25,270.75
copan,2006-08-28,18.586,14.75,271.25
comayagua,2006-08-29,26.683,14.25,272.25
ocotepeque,2006-08-29,22.34,14.25,270.75
copan,2006-08-29,21.588,14.75,271.25
comayagua,2006-08-30,24.497,14.25,272.25
ocotepeque,2006-08-30,21.617,14.25,270.75
copan,2006-08-30,21.586,14.75,271.25
comayagua,2006-08-31,20.579,14.25,272.25
ocotepeque,2006-08-31,24.005,14.25,270.75
copan,2006-08-31,20.839,14.75,271.25
comayagua,2006-09-01,20.289,14.25,272.25
ocotepeque,2006-09-01,22.54,14.25,270.75
copan,2006-09-01,18.315,14.75,271.25
comayagua,2006-09-02,18.982,14.25,272.25
ocotepeque,2006-09-02,20.395,14.25,270.75
copan,2006-09-02,19.499,14.75,271.25
comayagua,2006-09-03,22.56,14.25,272.25
ocotepeque,2006-09-03,20.378,14.25,270.75
copan,2006-09-03,20.522,14.75,271.25
comayagua,2006-09-04,18.319,14.25,272.25
ocotepeque,2006-09-04,18.125,14.25,270.75
copan,2006-09-04,17.771,14.75,271.25
comayagua,2006-09-05,17.648,14.25,272.25
ocotepeque,2006-09-05,18.474,14.25,270.75
copan,2006-09-05,18.601,14.75,271.25
comayagua,2006-09-06,18.901,14.25,272.25
ocotepeque,2006-09-06,18.029,14.25,270.75
copan,2006-09-06,17.507,14.75,271.25
comayagua,2006-09-07,18.968,14.25,272.25
ocotepeque,2006-09-07,18.236,14.25,270.75
copan,2006-09-07,17.584,14.75,271.25
comayagua,2006-09-08,18.173,14.25,272.25
ocotepeque,2006-09-08,16.909,14.25,270.75
copan,2006-09-08,16.9,14.75,271.25
comayagua,2006-09-09,18.394,14.25,272.25
ocotepeque,2006-09-09,18.778,14.25,270.75
copan,2006-09-09,17.932,14.75,271.25
comayagua,2006-09-10,18.417,14.25,272.25
ocotepeque,2006-09-10,24.822,14.25,270.75
copan,2006-09-10,21.806,14.75,271.25
comayagua,2006-09-11,18.393,14.25,272.25
ocotepeque,2006-09-11,21.542,14.25,270.75
copan,2006-09-11,17.291,14.75,271.25
comayagua,2006-09-12,18.487,14.25,272.25
ocotepeque,2006-09-12,19.336,14.25,270.75
copan,2006-09-12,18.564,14.75,271.25
comayagua,2006-09-13,16.423,14.25,272.25
ocotepeque,2006-09-13,18.518,14.25,270.75
copan,2006-09-13,17.367,14.75,271.25
comayagua,2006-09-14,17.107,14.25,272.25
ocotepeque,2006-09-14,16.69,14.25,270.75
copan,2006-09-14,16.216,14.75,271.25
comayagua,2006-09-15,21.935,14.25,272.25
ocotepeque,2006-09-15,23.297,14.25,270.75
copan,2006-09-15,24.803,14.75,271.25
comayagua,2006-09-16,16.707,14.25,272.25
ocotepeque,2006-09-16,17.507,14.25,270.75
copan,2006-09-16,17.532,14.75,271.25
comayagua,2006-09-17,20.196,14.25,272.25
ocotepeque,2006-09-17,19.982,14.25,270.75
copan,2006-09-17,19.284,14.75,271.25
comayagua,2006-09-18,18.689,14.25,272.25
ocotepeque,2006-09-18,17.833,14.25,270.75
copan,2006-09-18,17.796,14.75,271.25
comayagua,2006-09-19,18.409,14.25,272.25
ocotepeque,2006-09-19,17.75,14.25,270.75
copan,2006-09-19,17.639,14.75,271.25
comayagua,2006-09-20,19.323,14.25,272.25
ocotepeque,2006-09-20,18.569,14.25,270.75
copan,2006-09-20,16.352,14.75,271.25
comayagua,2006-09-21,17.063,14.25,272.25
ocotepeque,2006-09-21,17.932,14.25,270.75
copan,2006-09-21,17.766,14.75,271.25
comayagua,2006-09-22,17.755,14.25,272.25
ocotepeque,2006-09-22,19.138,14.25,270.75
copan,2006-09-22,17.909,14.75,271.25
comayagua,2006-09-23,17.365,14.25,272.25
ocotepeque,2006-09-23,17.243,14.25,270.75
copan,2006-09-23,17.157,14.75,271.25
comayagua,2006-09-24,17.302,14.25,272.25
ocotepeque,2006-09-24,18.463,14.25,270.75
copan,2006-09-24,18.148,14.75,271.25
comayagua,2006-09-25,16.26,14.25,272.25
ocotepeque,2006-09-25,17.05,14.25,270.75
copan,2006-09-25,17.138,14.75,271.25
comayagua,2006-09-26,18.224,14.25,272.25
ocotepeque,2006-09-26,17.855,14.25,270.75
copan,2006-09-26,18.153,14.75,271.25
comayagua,2006-09-27,22.978,14.25,272.25
ocotepeque,2006-09-27,18.96,14.25,270.75
copan,2006-09-27,18.738,14.75,271.25
comayagua,2006-09-28,18.836,14.25,272.25
ocotepeque,2006-09-28,18.41,14.25,270.75
copan,2006-09-28,18.51,14.75,271.25
comayagua,2006-09-29,18.24,14.25,272.25
ocotepeque,2006-09-29,19.072,14.25,270.75
copan,2006-09-29,17.802,14.75,271.25
comayagua,2006-09-30,16.242,14.25,272.25
ocotepeque,2006-09-30,18.582,14.25,270.75
copan,2006-09-30,17.238,14.75,271.25
comayagua,2006-10-01,19.005,14.25,272.25
ocotepeque,2006-10-01,18.615,14.25,270.75
copan,2006-10-01,18.491,14.75,271.25
comayagua,2006-10-02,24.465,14.25,272.25
ocotepeque,2006-10-02,21.695,14.25,270.75
copan,2006-10-02,21.936,14.75,271.25
comayagua,2006-10-03,17.332,14.25,272.25
ocotepeque,2006-10-03,19.038,14.25,270.75
copan,2006-10-03,17.669,14.75,271.25
comayagua,2006-10-04,18.622,14.25,272.25
ocotepeque,2006-10-04,19.02,14.25,270.75
copan,2006-10-04,17.96,14.75,271.25
comayagua,2006-10-05,19.663,14.25,272.25
ocotepeque,2006-10-05,18.553,14.25,270.75
copan,2006-10-05,17.784,14.75,271.25
comayagua,2006-10-06,18.829,14.25,272.25
ocotepeque,2006-10-06,18.283,14.25,270.75
copan,2006-10-06,17.922,14.75,271.25
comayagua,2006-10-07,20.432,14.25,272.25
ocotepeque,2006-10-07,19.502,14.25,270.75
copan,2006-10-07,18.956,14.75,271.25
comayagua,2006-10-08,18.566,14.25,272.25
ocotepeque,2006-10-08,18.7,14.25,270.75
copan,2006-10-08,18.473,14.75,271.25
comayagua,2006-10-09,19.259,14.25,272.25
ocotepeque,2006-10-09,18.776,14.25,270.75
copan,2006-10-09,18.519,14.75,271.25
comayagua,2006-10-10,19.82,14.25,272.25
ocotepeque,2006-10-10,19.209,14.25,270.75
copan,2006-10-10,18.49,14.75,271.25
comayagua,2006-10-11,18.74,14.25,272.25
ocotepeque,2006-10-11,18.077,14.25,270.75
copan,2006-10-11,17.314,14.75,271.25
comayagua,2006-10-12,18.957,14.25,272.25
ocotepeque,2006-10-12,18.952,14.25,270.75
copan,2006-10-12,18.461,14.75,271.25
comayagua,2006-10-13,18.749,14.25,272.25
ocotepeque,2006-10-13,22.026,14.25,270.75
copan,2006-10-13,23.609,14.75,271.25
comayagua,2006-10-14,18.178,14.25,272.25
ocotepeque,2006-10-14,18.333,14.25,270.75
copan,2006-10-14,18.213,14.75,271.25
comayagua,2006-10-15,22.996,14.25,272.25
ocotepeque,2006-10-15,22.79,14.25,270.75
copan,2006-10-15,23.818,14.75,271.25
comayagua,2006-10-16,21.542,14.25,272.25
ocotepeque,2006-10-16,19.2,14.25,270.75
copan,2006-10-16,18.16,14.75,271.25
comayagua,2006-10-17,17.23,14.25,272.25
ocotepeque,2006-10-17,16.687,14.25,270.75
copan,2006-10-17,16.186,14.75,271.25
comayagua,2006-10-18,18.698,14.25,272.25
ocotepeque,2006-10-18,18.831,14.25,270.75
copan,2006-10-18,18.715,14.75,271.25
comayagua,2006-10-19,19.941,14.25,272.25
ocotepeque,2006-10-19,20.594,14.25,270.75
copan,2006-10-19,21.669,14.75,271.25
comayagua,2006-10-20,19.434,14.25,272.25
ocotepeque,2006-10-20,18.952,14.25,270.75
copan,2006-10-20,18.212,14.75,271.25
comayagua,2006-10-21,19.485,14.25,272.25
ocotepeque,2006-10-21,17.99,14.25,270.75
copan,2006-10-21,17.061,14.75,271.25
comayagua,2006-10-22,19.979,14.25,272.25
ocotepeque,2006-10-22,19.31,14.25,270.75
copan,2006-10-22,19.342,14.75,271.25
comayagua,2006-10-23,17.837,14.25,272.25
ocotepeque,2006-10-23,18.339,14.25,270.75
copan,2006-10-23,17.952,14.75,271.25
comayagua,2006-10-24,19.143,14.25,272.25
ocotepeque,2006-10-24,18.126,14.25,270.75
copan,2006-10-24,17.433,14.75,271.25
comayagua,2006-10-25,21.746,14.25,272.25
ocotepeque,2006-10-25,21.177,14.25,270.75
copan,2006-10-25,21.182,14.75,271.25
comayagua,2006-10-26,17.922,14.25,272.25
ocotepeque,2006-10-26,17.22,14.25,270.75
copan,2006-10-26,16.86,14.75,271.25
comayagua,2006-10-27,17.491,14.25,272.25
ocotepeque,2006-10-27,18.92,14.25,270.75
copan,2006-10-27,19.035,14.75,271.25
comayagua,2006-10-28,23.004,14.25,272.25
ocotepeque,2006-10-28,19.532,14.25,270.75
copan,2006-10-28,18.574,14.75,271.25
comayagua,2006-10-29,18.453,14.25,272.25
ocotepeque,2006-10-29,17.054,14.25,270.75
copan,2006-10-29,16.019,14.75,271.25
comayagua,2006-10-30,20.623,14.25,272.25
ocotepeque,2006-10-30,19.062,14.25,270.75
copan,2006-10-30,18.675,14.75,271.25
comayagua,2006-10-31,17.11,14.25,272.25
ocotepeque,2006-10-31,16.724,14.25,270.75
copan,2006-10-31,16.335,14.75,271.25
comayagua,2006-11-01,19.385,14.25,272.25
ocotepeque,2006-11-01,18.568,14.25,270.75
copan,2006-11-01,18.095,14.75,271.25
comayagua,2006-11-02,19.575,14.25,272.25
ocotepeque,2006-11-02,18.847,14.25,270.75
copan,2006-11-02,18.017,14.75,271.25
comayagua,2006-11-03,20.083,14.25,272.25
ocotepeque,2006-11-03,22.777,14.25,270.75
copan,2006-11-03,19.489,14.75,271.25
comayagua,2006-11-04,21.672,14.25,272.25
ocotepeque,2006-11-04,23.206,14.25,270.75
copan,2006-11-04,20.548,14.75,271.25
comayagua,2006-11-05,19.858,14.25,272.25
ocotepeque,2006-11-05,23.243,14.25,270.75
copan,2006-11-05,18.985,14.75,271.25
comayagua,2006-11-06,19.978,14.25,272.25
ocotepeque,2006-11-06,24.009,14.25,270.75
copan,2006-11-06,21.845,14.75,271.25
comayagua,2006-11-07,16.389,14.25,272.25
ocotepeque,2006-11-07,16.49,14.25,270.75
copan,2006-11-07,15.313,14.75,271.25
comayagua,2006-11-08,21.563,14.25,272.25
ocotepeque,2006-11-08,21.926,14.25,270.75
copan,2006-11-08,23.105,14.75,271.25
comayagua,2006-11-09,17.074,14.25,272.25
ocotepeque,2006-11-09,15.976,14.25,270.75
copan,2006-11-09,14.732,14.75,271.25
comayagua,2006-11-10,18.563,14.25,272.25
ocotepeque,2006-11-10,19.662,14.25,270.75
copan,2006-11-10,18.444,14.75,271.25
comayagua,2006-11-11,17.628,14.25,272.25
ocotepeque,2006-11-11,18.872,14.25,270.75
copan,2006-11-11,17.918,14.75,271.25
comayagua,2006-11-12,17.696,14.25,272.25
ocotepeque,2006-11-12,18.207,14.25,270.75
copan,2006-11-12,17.505,14.75,271.25
comayagua,2006-11-13,16.473,14.25,272.25
ocotepeque,2006-11-13,16.23,14.25,270.75
copan,2006-11-13,15.32,14.75,271.25
comayagua,2006-11-14,22.094,14.25,272.25
ocotepeque,2006-11-14,20.745,14.25,270.75
copan,2006-11-14,20.181,14.75,271.25
comayagua,2006-11-15,16.313,14.25,272.25
ocotepeque,2006-11-15,18.094,14.25,270.75
copan,2006-11-15,17.142,14.75,271.25
comayagua,2006-11-16,19.465,14.25,272.25
ocotepeque,2006-11-16,18.764,14.25,270.75
copan,2006-11-16,17.877,14.75,271.25
comayagua,2006-11-17,16.298,14.25,272.25
ocotepeque,2006-11-17,19.797,14.25,270.75
copan,2006-11-17,16.915,14.75,271.25
comayagua,2006-11-18,19.479,14.25,272.25
ocotepeque,2006-11-18,20.24,14.25,270.75
copan,2006-11-18,17.689,14.75,271.25
comayagua,2006-11-19,17.27,14.25,272.25
ocotepeque,2006-11-19,16.742,14.25,270.75
copan,2006-11-19,15.102,14.75,271.25
comayagua,2006-11-20,15.497,14.25,272.25
ocotepeque,2006-11-20,14.313,14.25,270.75
copan,2006-11-20,13.807,14.75,271.25
comayagua,2006-11-21,16.759,14.25,272.25
ocotepeque,2006-11-21,13.735,14.25,270.75
copan,2006-11-21,13.451,14.75,271.25
comayagua,2006-11-22,12.182,14.25,272.25
ocotepeque,2006-11-22,10.385,14.25,270.75
copan,2006-11-22,9.831,14.75,271.25
comayagua,2006-11-23,10.556,14.25,272.25
ocotepeque,2006-11-23,8.344,14.25,270.75
copan,2006-11-23,7.316,14.75,271.25
comayagua,2006-11-24,10.155,14.25,272.25
ocotepeque,2006-11-24,10.609,14.25,270.75
copan,2006-11-24,10.194,14.75,271.25
comayagua,2006-11-25,13.844,14.25,272.25
ocotepeque,2006-11-25,12.654,14.25,270.75
copan,2006-11-25,12.331,14.75,271.25
comayagua,2006-11-26,16.245,14.25,272.25
ocotepeque,2006-11-26,14.813,14.25,270.75
copan,2006-11-26,14.253,14.75,271.25
comayagua,2006-11-27,18.556,14.25,272.25
ocotepeque,2006-11-27,16.458,14.25,270.75
copan,2006-11-27,15.862,14.75,271.25
comayagua,2006-11-28,18.18,14.25,272.25
ocotepeque,2006-11-28,17.034,14.25,270.75
copan,2006-11-28,16.003,14.75,271.25
comayagua,2006-11-29,20.848,14.25,272.25
ocotepeque,2006-11-29,17.601,14.25,270.75
copan,2006-11-29,16.332,14.75,271.25
comayagua,2006-11-30,19.779,14.25,272.25
ocotepeque,2006-11-30,18.712,14.25,270.75
copan,2006-11-30,17.004,14.75,271.25
comayagua,2006-12-01,19.626,14.25,272.25
ocotepeque,2006-12-01,17.777,14.25,270.75
copan,2006-12-01,16.341,14.75,271.25
comayagua,2006-12-02,20.533,14.25,272.25
ocotepeque,2006-12-02,19.716,14.25,270.75
copan,2006-12-02,17.933,14.75,271.25
comayagua,2006-12-03,18.781,14.25,272.25
ocotepeque,2006-12-03,18.624,14.25,270.75
copan,2006-12-03,18.345,14.75,271.25
comayagua,2006-12-04,21.478,14.25,272.25
ocotepeque,2006-12-04,18.19,14.25,270.75
copan,2006-12-04,17.924,14.75,271.25
comayagua,2006-12-05,15.43,14.25,272.25
ocotepeque,2006-12-05,16.988,14.25,270.75
copan,2006-12-05,15.781,14.75,271.25
comayagua,2006-12-06,15.952,14.25,272.25
ocotepeque,2006-12-06,15.578,14.25,270.75
copan,2006-12-06,14.889,14.75,271.25
comayagua,2006-12-07,16.806,14.25,272.25
ocotepeque,2006-12-07,15.972,14.25,270.75
copan,2006-12-07,15.427,14.75,271.25
comayagua,2006-12-08,18.232,14.25,272.25
ocotepeque,2006-12-08,17.187,14.25,270.75
copan,2006-12-08,16.511,14.75,271.25
comayagua,2006-12-09,17.218,14.25,272.25
ocotepeque,2006-12-09,16.13,14.25,270.75
copan,2006-12-09,15.508,14.75,271.25
comayagua,2006-12-10,16.743,14.25,272.25
ocotepeque,2006-12-10,15.896,14.25,270.75
copan,2006-12-10,14.773,14.75,271.25
comayagua,2006-12-11,17.729,14.25,272.25
ocotepeque,2006-12-11,16.423,14.25,270.75
copan,2006-12-11,16.046,14.75,271.25
comayagua,2006-12-12,17.602,14.25,272.25
ocotepeque,2006-12-12,15.63,14.25,270.75
copan,2006-12-12,14.118,14.75,271.25
comayagua,2006-12-13,17.488,14.25,272.25
ocotepeque,2006-12-13,17.569,14.25,270.75
copan,2006-12-13,17.317,14.75,271.25
comayagua,2006-12-14,18.313,14.25,272.25
ocotepeque,2006-12-14,17.148,14.25,270.75
copan,2006-12-14,16.665,14.75,271.25
comayagua,2006-12-15,18.293,14.25,272.25
ocotepeque,2006-12-15,17.534,14.25,270.75
copan,2006-12-15,16.482,14.75,271.25
comayagua,2006-12-16,17.768,14.25,272.25
ocotepeque,2006-12-16,18.139,14.25,270.75
copan,2006-12-16,16.622,14.75,271.25
comayagua,2006-12-17,17.419,14.25,272.25
ocotepeque,2006-12-17,17.258,14.25,270.75
copan,2006-12-17,16.852,14.75,271.25
comayagua,2006-12-18,16.801,14.25,272.25
ocotepeque,2006-12-18,17.566,14.25,270.75
copan,2006-12-18,17.362,14.75,271.25
comayagua,2006-12-19,17.78,14.25,272.25
ocotepeque,2006-12-19,17.2,14.25,270.75
copan,2006-12-19,16.435,14.75,271.25
comayagua,2006-12-20,17.69,14.25,272.25
ocotepeque,2006-12-20,17.104,14.25,270.75
copan,2006-12-20,16.489,14.75,271.25
comayagua,2006-12-21,15.539,14.25,272.25
ocotepeque,2006-12-21,19.544,14.25,270.75
copan,2006-12-21,17.333,14.75,271.25
comayagua,2006-12-22,17.466,14.25,272.25
ocotepeque,2006-12-22,18.752,14.25,270.75
copan,2006-12-22,17.753,14.75,271.25
comayagua,2006-12-23,15.161,14.25,272.25
ocotepeque,2006-12-23,16.572,14.25,270.75
copan,2006-12-23,16.277,14.75,271.25
comayagua,2006-12-24,18.151,14.25,272.25
ocotepeque,2006-12-24,17.339,14.25,270.75
copan,2006-12-24,14.914,14.75,271.25
comayagua,2006-12-25,18.052,14.25,272.25
ocotepeque,2006-12-25,17.881,14.25,270.75
copan,2006-12-25,16.875,14.75,271.25
comayagua,2006-12-26,15.991,14.25,272.25
ocotepeque,2006-12-26,15.637,14.25,270.75
copan,2006-12-26,14.601,14.75,271.25
comayagua,2006-12-27,13.355,14.25,272.25
ocotepeque,2006-12-27,11.87,14.25,270.75
copan,2006-12-27,11.138,14.75,271.25
comayagua,2006-12-28,11.639,14.25,272.25
ocotepeque,2006-12-28,11.173,14.25,270.75
copan,2006-12-28,10.835,14.75,271.25
comayagua,2006-12-29,15.671,14.25,272.25
ocotepeque,2006-12-29,13.536,14.25,270.75
copan,2006-12-29,12.295,14.75,271.25
comayagua,2006-12-30,17.188,14.25,272.25
ocotepeque,2006-12-30,16.749,14.25,270.75
copan,2006-12-30,15.677,14.75,271.25
comayagua,2006-12-31,14.588,14.25,272.25
ocotepeque,2006-12-31,14.677,14.25,270.75
copan,2006-12-31,14.19,14.75,271.25
comayagua,2007-01-01,19.428,14.25,272.25
ocotepeque,2007-01-01,18.777,14.25,270.75
copan,2007-01-01,18.003,14.75,271.25
comayagua,2007-01-02,19.66,14.25,272.25
ocotepeque,2007-01-02,18.732,14.25,270.75
copan,2007-01-02,17.506,14.75,271.25
comayagua,2007-01-03,18.567,14.25,272.25
ocotepeque,2007-01-03,18.335,14.25,270.75
copan,2007-01-03,17.778,14.75,271.25
comayagua,2007-01-04,16.224,14.25,272.25
ocotepeque,2007-01-04,16.111,14.25,270.75
copan,2007-01-04,15.268,14.75,271.25
comayagua,2007-01-05,16.452,14.25,272.25
ocotepeque,2007-01-05,26.086,14.25,270.75
copan,2007-01-05,16.215,14.75,271.25
comayagua,2007-01-06,20.349,14.25,272.25
ocotepeque,2007-01-06,20.699,14.25,270.75
copan,2007-01-06,16.299,14.75,271.25
comayagua,2007-01-07,16.144,14.25,272.25
ocotepeque,2007-01-07,17.796,14.25,270.75
copan,2007-01-07,15.778,14.75,271.25
comayagua,2007-01-08,18.498,14.25,272.25
ocotepeque,2007-01-08,18.191,14.25,270.75
copan,2007-01-08,17.507,14.75,271.25
comayagua,2007-01-09,17.2,14.25,272.25
ocotepeque,2007-01-09,15.681,14.25,270.75
copan,2007-01-09,14.501,14.75,271.25
comayagua,2007-01-10,16.285,14.25,272.25
ocotepeque,2007-01-10,15.173,14.25,270.75
copan,2007-01-10,13.685,14.75,271.25
comayagua,2007-01-11,16.799,14.25,272.25
ocotepeque,2007-01-11,16.148,14.25,270.75
copan,2007-01-11,15.18,14.75,271.25
comayagua,2007-01-12,16.383,14.25,272.25
ocotepeque,2007-01-12,15.671,14.25,270.75
copan,2007-01-12,14.725,14.75,271.25
comayagua,2007-01-13,18.086,14.25,272.25
ocotepeque,2007-01-13,17.82,14.25,270.75
copan,2007-01-13,15.429,14.75,271.25
comayagua,2007-01-14,17.724,14.25,272.25
ocotepeque,2007-01-14,16.001,14.25,270.75
copan,2007-01-14,15.008,14.75,271.25
comayagua,2007-01-15,16.609,14.25,272.25
ocotepeque,2007-01-15,14.973,14.25,270.75
copan,2007-01-15,13.949,14.75,271.25
comayagua,2007-01-16,20.049,14.25,272.25
ocotepeque,2007-01-16,22.514,14.25,270.75
copan,2007-01-16,16.352,14.75,271.25
comayagua,2007-01-17,21.179,14.25,272.25
ocotepeque,2007-01-17,21.642,14.25,270.75
copan,2007-01-17,18.846,14.75,271.25
comayagua,2007-01-18,17.986,14.25,272.25
ocotepeque,2007-01-18,22.002,14.25,270.75
copan,2007-01-18,15.052,14.75,271.25
comayagua,2007-01-19,16.041,14.25,272.25
ocotepeque,2007-01-19,14.624,14.25,270.75
copan,2007-01-19,13.393,14.75,271.25
comayagua,2007-01-20,15.536,14.25,272.25
ocotepeque,2007-01-20,13.68,14.25,270.75
copan,2007-01-20,12.532,14.75,271.25
comayagua,2007-01-21,14.716,14.25,272.25
ocotepeque,2007-01-21,14.667,14.25,270.75
copan,2007-01-21,14.393,14.75,271.25
comayagua,2007-01-22,13.719,14.25,272.25
ocotepeque,2007-01-22,14.603,14.25,270.75
copan,2007-01-22,14.518,14.75,271.25
comayagua,2007-01-23,13.83,14.25,272.25
ocotepeque,2007-01-23,15.225,14.25,270.75
copan,2007-01-23,14.902,14.75,271.25
comayagua,2007-01-24,15.783,14.25,272.25
ocotepeque,2007-01-24,15.872,14.25,270.75
copan,2007-01-24,15.591,14.75,271.25
comayagua,2007-01-25,18.012,14.25,272.25
ocotepeque,2007-01-25,18.109,14.25,270.75
copan,2007-01-25,17.006,14.75,271.25
comayagua,2007-01-26,17.619,14.25,272.25
ocotepeque,2007-01-26,16.434,14.25,270.75
copan,2007-01-26,14.918,14.75,271.25
comayagua,2007-01-27,15.356,14.25,272.25
ocotepeque,2007-01-27,15.532,14.25,270.75
copan,2007-01-27,14.753,14.75,271.25
comayagua,2007-01-28,16.618,14.25,272.25
ocotepeque,2007-01-28,16.73,14.25,270.75
copan,2007-01-28,14.955,14.75,271.25
comayagua,2007-01-29,16.988,14.25,272.25
ocotepeque,2007-01-29,16.224,14.25,270.75
copan,2007-01-29,15.266,14.75,271.25
comayagua,2007-01-30,14.938,14.25,272.25
ocotepeque,2007-01-30,15.667,14.25,270.75
copan,2007-01-30,14.563,14.75,271.25
comayagua,2007-01-31,15.406,14.25,272.25
ocotepeque,2007-01-31,14.916,14.25,270.75
copan,2007-01-31,14.122,14.75,271.25
comayagua,2007-02-01,13.226,14.25,272.25
ocotepeque,2007-02-01,14.492,14.25,270.75
copan,2007-02-01,14.048,14.75,271.25
comayagua,2007-02-02,12.725,14.25,272.25
ocotepeque,2007-02-02,15.157,14.25,270.75
copan,2007-02-02,15.276,14.75,271.25
comayagua,2007-02-03,13.729,14.25,272.25
ocotepeque,2007-02-03,15.697,14.25,270.75
copan,2007-02-03,15.2,14.75,271.25
comayagua,2007-02-04,16.533,14.25,272.25
ocotepeque,2007-02-04,16.059,14.25,270.75
copan,2007-02-04,14.625,14.75,271.25
comayagua,2007-02-05,16.215,14.25,272.25
ocotepeque,2007-02-05,16.29,14.25,270.75
copan,2007-02-05,15.473,14.75,271.25
comayagua,2007-02-06,16.878,14.25,272.25
ocotepeque,2007-02-06,16.703,14.25,270.75
copan,2007-02-06,15.347,14.75,271.25
comayagua,2007-02-07,16.934,14.25,272.25
ocotepeque,2007-02-07,16.513,14.25,270.75
copan,2007-02-07,15.099,14.75,271.25
comayagua,2007-02-08,17.601,14.25,272.25
ocotepeque,2007-02-08,16.938,14.25,270.75
copan,2007-02-08,15.406,14.75,271.25
comayagua,2007-02-09,15.349,14.25,272.25
ocotepeque,2007-02-09,15.664,14.25,270.75
copan,2007-02-09,14.338,14.75,271.25
comayagua,2007-02-10,15.141,14.25,272.25
ocotepeque,2007-02-10,14.291,14.25,270.75
copan,2007-02-10,12.535,14.75,271.25
comayagua,2007-02-11,15.5,14.25,272.25
ocotepeque,2007-02-11,15.652,14.25,270.75
copan,2007-02-11,15.161,14.75,271.25
comayagua,2007-02-12,15.082,14.25,272.25
ocotepeque,2007-02-12,14.472,14.25,270.75
copan,2007-02-12,12.62,14.75,271.25
comayagua,2007-02-13,11.458,14.25,272.25
ocotepeque,2007-02-13,12.795,14.25,270.75
copan,2007-02-13,11.637,14.75,271.25
comayagua,2007-02-14,12.869,14.25,272.25
ocotepeque,2007-02-14,13.822,14.25,270.75
copan,2007-02-14,13.032,14.75,271.25
comayagua,2007-02-15,14.707,14.25,272.25
ocotepeque,2007-02-15,15.731,14.25,270.75
copan,2007-02-15,14.486,14.75,271.25
comayagua,2007-02-16,15.167,14.25,272.25
ocotepeque,2007-02-16,16.38,14.25,270.75
copan,2007-02-16,14.955,14.75,271.25
comayagua,2007-02-17,16.319,14.25,272.25
ocotepeque,2007-02-17,16.733,14.25,270.75
copan,2007-02-17,15.199,14.75,271.25
comayagua,2007-02-18,13.518,14.25,272.25
ocotepeque,2007-02-18,13.224,14.25,270.75
copan,2007-02-18,10.64,14.75,271.25
comayagua,2007-02-19,13.399,14.25,272.25
ocotepeque,2007-02-19,11.595,14.25,270.75
copan,2007-02-19,9.118,14.75,271.25
comayagua,2007-02-20,12.507,14.25,272.25
ocotepeque,2007-02-20,13.137,14.25,270.75
copan,2007-02-20,11.897,14.75,271.25
comayagua,2007-02-21,9.866,14.25,272.25
ocotepeque,2007-02-21,11.24,14.25,270.75
copan,2007-02-21,10.242,14.75,271.25
comayagua,2007-02-22,18.109,14.25,272.25
ocotepeque,2007-02-22,17.276,14.25,270.75
copan,2007-02-22,16.607,14.75,271.25
comayagua,2007-02-23,16.738,14.25,272.25
ocotepeque,2007-02-23,15.992,14.25,270.75
copan,2007-02-23,14.516,14.75,271.25
comayagua,2007-02-24,14.095,14.25,272.25
ocotepeque,2007-02-24,13.7,14.25,270.75
copan,2007-02-24,12.78,14.75,271.25
comayagua,2007-02-25,11.55,14.25,272.25
ocotepeque,2007-02-25,12.257,14.25,270.75
copan,2007-02-25,11.433,14.75,271.25
comayagua,2007-02-26,11.376,14.25,272.25
ocotepeque,2007-02-26,19.77,14.25,270.75
copan,2007-02-26,14.202,14.75,271.25
comayagua,2007-02-27,17.614,14.25,272.25
ocotepeque,2007-02-27,14.542,14.25,270.75
copan,2007-02-27,13.295,14.75,271.25
comayagua,2007-02-28,14.168,14.25,272.25
ocotepeque,2007-02-28,15.088,14.25,270.75
copan,2007-02-28,14.153,14.75,271.25
comayagua,2007-03-01,15.754,14.25,272.25
ocotepeque,2007-03-01,16.52,14.25,270.75
copan,2007-03-01,16.216,14.75,271.25
comayagua,2007-03-02,12.596,14.25,272.25
ocotepeque,2007-03-02,13.624,14.25,270.75
copan,2007-03-02,13.371,14.75,271.25
comayagua,2007-03-03,15.083,14.25,272.25
ocotepeque,2007-03-03,16.939,14.25,270.75
copan,2007-03-03,16.728,14.75,271.25
comayagua,2007-03-04,14.814,14.25,272.25
ocotepeque,2007-03-04,13.3,14.25,270.75
copan,2007-03-04,12.176,14.75,271.25
comayagua,2007-03-05,15.71,14.25,272.25
ocotepeque,2007-03-05,15.334,14.25,270.75
copan,2007-03-05,13.521,14.75,271.25
comayagua,2007-03-06,15.216,14.25,272.25
ocotepeque,2007-03-06,13.453,14.25,270.75
copan,2007-03-06,11.895,14.75,271.25
comayagua,2007-03-07,14.628,14.25,272.25
ocotepeque,2007-03-07,13.712,14.25,270.75
copan,2007-03-07,12.096,14.75,271.25
comayagua,2007-03-08,15.737,14.25,272.25
ocotepeque,2007-03-08,15.489,14.25,270.75
copan,2007-03-08,14.501,14.75,271.25
comayagua,2007-03-09,16.556,14.25,272.25
ocotepeque,2007-03-09,16.426,14.25,270.75
copan,2007-03-09,15.702,14.75,271.25
comayagua,2007-03-10,20.158,14.25,272.25
ocotepeque,2007-03-10,17.008,14.25,270.75
copan,2007-03-10,15.793,14.75,271.25
comayagua,2007-03-11,18.284,14.25,272.25
ocotepeque,2007-03-11,17.846,14.25,270.75
copan,2007-03-11,16.739,14.75,271.25
comayagua,2007-03-12,16.599,14.25,272.25
ocotepeque,2007-03-12,17.26,14.25,270.75
copan,2007-03-12,16.087,14.75,271.25
comayagua,2007-03-13,17.175,14.25,272.25
ocotepeque,2007-03-13,16.781,14.25,270.75
copan,2007-03-13,15.173,14.75,271.25
comayagua,2007-03-14,17.587,14.25,272.25
ocotepeque,2007-03-14,16.1,14.25,270.75
copan,2007-03-14,14.487,14.75,271.25
comayagua,2007-03-15,15.423,14.25,272.25
ocotepeque,2007-03-15,16.513,14.25,270.75
copan,2007-03-15,15.49,14.75,271.25
comayagua,2007-03-16,20.262,14.25,272.25
ocotepeque,2007-03-16,16.339,14.25,270.75
copan,2007-03-16,15.677,14.75,271.25
comayagua,2007-03-17,17.928,14.25,272.25
ocotepeque,2007-03-17,17.573,14.25,270.75
copan,2007-03-17,16.207,14.75,271.25
comayagua,2007-03-18,16.626,14.25,272.25
ocotepeque,2007-03-18,15.789,14.25,270.75
copan,2007-03-18,14.511,14.75,271.25
comayagua,2007-03-19,16.808,14.25,272.25
ocotepeque,2007-03-19,15.973,14.25,270.75
copan,2007-03-19,14.247,14.75,271.25
comayagua,2007-03-20,14.845,14.25,272.25
ocotepeque,2007-03-20,12.96,14.25,270.75
copan,2007-03-20,11.122,14.75,271.25
comayagua,2007-03-21,18.187,14.25,272.25
ocotepeque,2007-03-21,17.153,14.25,270.75
copan,2007-03-21,15.64,14.75,271.25
comayagua,2007-03-22,18.926,14.25,272.25
ocotepeque,2007-03-22,18.03,14.25,270.75
copan,2007-03-22,16.355,14.75,271.25
comayagua,2007-03-23,17.525,14.25,272.25
ocotepeque,2007-03-23,15.935,14.25,270.75
copan,2007-03-23,14.097,14.75,271.25
comayagua,2007-03-24,16.298,14.25,272.25
ocotepeque,2007-03-24,15.21,14.25,270.75
copan,2007-03-24,12.957,14.75,271.25
comayagua,2007-03-25,17.021,14.25,272.25
ocotepeque,2007-03-25,14.73,14.25,270.75
copan,2007-03-25,12.892,14.75,271.25
comayagua,2007-03-26,15.385,14.25,272.25
ocotepeque,2007-03-26,14.482,14.25,270.75
copan,2007-03-26,12.236,14.75,271.25
comayagua,2007-03-27,16.981,14.25,272.25
ocotepeque,2007-03-27,15.116,14.25,270.75
copan,2007-03-27,12.972,14.75,271.25
comayagua,2007-03-28,17.569,14.25,272.25
ocotepeque,2007-03-28,16.342,14.25,270.75
copan,2007-03-28,14.384,14.75,271.25
comayagua,2007-03-29,18.102,14.25,272.25
ocotepeque,2007-03-29,18.396,14.25,270.75
copan,2007-03-29,17.085,14.75,271.25
comayagua,2007-03-30,18.9,14.25,272.25
ocotepeque,2007-03-30,18.755,14.25,270.75
copan,2007-03-30,17.676,14.75,271.25
comayagua,2007-03-31,18.571,14.25,272.25
ocotepeque,2007-03-31,18.284,14.25,270.75
copan,2007-03-31,16.873,14.75,271.25
comayagua,2007-04-01,19.409,14.25,272.25
ocotepeque,2007-04-01,18.622,14.25,270.75
copan,2007-04-01,16.88,14.75,271.25
comayagua,2007-04-02,19.084,14.25,272.25
ocotepeque,2007-04-02,18.129,14.25,270.75
copan,2007-04-02,16.68,14.75,271.25
comayagua,2007-04-03,18.874,14.25,272.25
ocotepeque,2007-04-03,18.683,14.25,270.75
copan,2007-04-03,16.524,14.75,271.25
comayagua,2007-04-04,18.692,14.25,272.25
ocotepeque,2007-04-04,18.403,14.25,270.75
copan,2007-04-04,16.95,14.75,271.25
comayagua,2007-04-05,16.763,14.25,272.25
ocotepeque,2007-04-05,14.832,14.25,270.75
copan,2007-04-05,12.858,14.75,271.25
comayagua,2007-04-06,17.735,14.25,272.25
ocotepeque,2007-04-06,17.353,14.25,270.75
copan,2007-04-06,15.898,14.75,271.25
comayagua,2007-04-07,17.394,14.25,272.25
ocotepeque,2007-04-07,15.287,14.25,270.75
copan,2007-04-07,13.267,14.75,271.25
comayagua,2007-04-08,17.71,14.25,272.25
ocotepeque,2007-04-08,17.048,14.25,270.75
copan,2007-04-08,15.614,14.75,271.25
comayagua,2007-04-09,18.13,14.25,272.25
ocotepeque,2007-04-09,18.616,14.25,270.75
copan,2007-04-09,17.604,14.75,271.25
comayagua,2007-04-10,16.281,14.25,272.25
ocotepeque,2007-04-10,16.258,14.25,270.75
copan,2007-04-10,15.022,14.75,271.25
comayagua,2007-04-11,16.587,14.25,272.25
ocotepeque,2007-04-11,17.3,14.25,270.75
copan,2007-04-11,15.921,14.75,271.25
comayagua,2007-04-12,14.246,14.25,272.25
ocotepeque,2007-04-12,15.549,14.25,270.75
copan,2007-04-12,14.494,14.75,271.25
comayagua,2007-04-13,17.906,14.25,272.25
ocotepeque,2007-04-13,18.31,14.25,270.75
copan,2007-04-13,16.78,14.75,271.25
comayagua,2007-04-14,17.537,14.25,272.25
ocotepeque,2007-04-14,18.421,14.25,270.75
copan,2007-04-14,16.744,14.75,271.25
comayagua,2007-04-15,17.163,14.25,272.25
ocotepeque,2007-04-15,18.367,14.25,270.75
copan,2007-04-15,17.797,14.75,271.25
comayagua,2007-04-16,17.633,14.25,272.25
ocotepeque,2007-04-16,16.588,14.25,270.75
copan,2007-04-16,15.139,14.75,271.25
comayagua,2007-04-17,15.66,14.25,272.25
ocotepeque,2007-04-17,14.96,14.25,270.75
copan,2007-04-17,13.961,14.75,271.25
comayagua,2007-04-18,16.642,14.25,272.25
ocotepeque,2007-04-18,16.968,14.25,270.75
copan,2007-04-18,16.291,14.75,271.25
comayagua,2007-04-19,20.288,14.25,272.25
ocotepeque,2007-04-19,19.767,14.25,270.75
copan,2007-04-19,18.732,14.75,271.25
comayagua,2007-04-20,19.559,14.25,272.25
ocotepeque,2007-04-20,18.947,14.25,270.75
copan,2007-04-20,17.648,14.75,271.25
comayagua,2007-04-21,19.73,14.25,272.25
ocotepeque,2007-04-21,19.866,14.25,270.75
copan,2007-04-21,18.242,14.75,271.25
comayagua,2007-04-22,16.344,14.25,272.25
ocotepeque,2007-04-22,18.137,14.25,270.75
copan,2007-04-22,16.223,14.75,271.25
comayagua,2007-04-23,15.94,14.25,272.25
ocotepeque,2007-04-23,14.119,14.25,270.75
copan,2007-04-23,12.045,14.75,271.25
comayagua,2007-04-24,17.17,14.25,272.25
ocotepeque,2007-04-24,15.768,14.25,270.75
copan,2007-04-24,14.131,14.75,271.25
comayagua,2007-04-25,17.273,14.25,272.25
ocotepeque,2007-04-25,18.219,14.25,270.75
copan,2007-04-25,17.075,14.75,271.25
comayagua,2007-04-26,18.553,14.25,272.25
ocotepeque,2007-04-26,19.17,14.25,270.75
copan,2007-04-26,18.215,14.75,271.25
comayagua,2007-04-27,16.976,14.25,272.25
ocotepeque,2007-04-27,17.284,14.25,270.75
copan,2007-04-27,15.298,14.75,271.25
comayagua,2007-04-28,17.058,14.25,272.25
ocotepeque,2007-04-28,18.512,14.25,270.75
copan,2007-04-28,17.313,14.75,271.25
comayagua,2007-04-29,18.766,14.25,272.25
ocotepeque,2007-04-29,18.932,14.25,270.75
copan,2007-04-29,17.933,14.75,271.25
comayagua,2007-04-30,17.716,14.25,272.25
ocotepeque,2007-04-30,15.298,14.25,270.75
copan,2007-04-30,13.318,14.75,271.25
comayagua,2007-05-01,18.336,14.25,272.25
ocotepeque,2007-05-01,16.36,14.25,270.75
copan,2007-05-01,15.067,14.75,271.25
comayagua,2007-05-02,17.025,14.25,272.25
ocotepeque,2007-05-02,17.595,14.25,270.75
copan,2007-05-02,17.118,14.75,271.25
comayagua,2007-05-03,18.05,14.25,272.25
ocotepeque,2007-05-03,18.033,14.25,270.75
copan,2007-05-03,17.349,14.75,271.25
comayagua,2007-05-04,17.459,14.25,272.25
ocotepeque,2007-05-04,17.767,14.25,270.75
copan,2007-05-04,16.494,14.75,271.25
comayagua,2007-05-05,17.102,14.25,272.25
ocotepeque,2007-05-05,17.532,14.25,270.75
copan,2007-05-05,16.295,14.75,271.25
comayagua,2007-05-06,19.279,14.25,272.25
ocotepeque,2007-05-06,19.239,14.25,270.75
copan,2007-05-06,18.253,14.75,271.25
comayagua,2007-05-07,17.959,14.25,272.25
ocotepeque,2007-05-07,17.855,14.25,270.75
copan,2007-05-07,17.136,14.75,271.25
comayagua,2007-05-08,18.229,14.25,272.25
ocotepeque,2007-05-08,16.67,14.25,270.75
copan,2007-05-08,15.535,14.75,271.25
comayagua,2007-05-09,13.238,14.25,272.25
ocotepeque,2007-05-09,14.037,14.25,270.75
copan,2007-05-09,11.644,14.75,271.25
comayagua,2007-05-10,14.15,14.25,272.25
ocotepeque,2007-05-10,14.16,14.25,270.75
copan,2007-05-10,12.615,14.75,271.25
comayagua,2007-05-11,18.084,14.25,272.25
ocotepeque,2007-05-11,15.134,14.25,270.75
copan,2007-05-11,13.627,14.75,271.25
comayagua,2007-05-12,18.381,14.25,272.25
ocotepeque,2007-05-12,16.044,14.25,270.75
copan,2007-05-12,14.689,14.75,271.25
comayagua,2007-05-13,19.716,14.25,272.25
ocotepeque,2007-05-13,19.112,14.25,270.75
copan,2007-05-13,17.955,14.75,271.25
comayagua,2007-05-14,18.724,14.25,272.25
ocotepeque,2007-05-14,17.248,14.25,270.75
copan,2007-05-14,15.869,14.75,271.25
comayagua,2007-05-15,18.757,14.25,272.25
ocotepeque,2007-05-15,17.88,14.25,270.75
copan,2007-05-15,15.613,14.75,271.25
comayagua,2007-05-16,18.041,14.25,272.25
ocotepeque,2007-05-16,16.229,14.25,270.75
copan,2007-05-16,14.435,14.75,271.25
comayagua,2007-05-17,18.243,14.25,272.25
ocotepeque,2007-05-17,17.907,14.25,270.75
copan,2007-05-17,17.167,14.75,271.25
comayagua,2007-05-18,18.825,14.25,272.25
ocotepeque,2007-05-18,18.349,14.25,270.75
copan,2007-05-18,17.343,14.75,271.25
comayagua,2007-05-19,18.306,14.25,272.25
ocotepeque,2007-05-19,16.182,14.25,270.75
copan,2007-05-19,14.783,14.75,271.25
comayagua,2007-05-20,17.697,14.25,272.25
ocotepeque,2007-05-20,15.791,14.25,270.75
copan,2007-05-20,14.007,14.75,271.25
comayagua,2007-05-21,17.219,14.25,272.25
ocotepeque,2007-05-21,15.613,14.25,270.75
copan,2007-05-21,14.045,14.75,271.25
comayagua,2007-05-22,15.758,14.25,272.25
ocotepeque,2007-05-22,14.47,14.25,270.75
copan,2007-05-22,12.987,14.75,271.25
comayagua,2007-05-23,16.894,14.25,272.25
ocotepeque,2007-05-23,14.688,14.25,270.75
copan,2007-05-23,13.017,14.75,271.25
comayagua,2007-05-24,19.382,14.25,272.25
ocotepeque,2007-05-24,18.164,14.25,270.75
copan,2007-05-24,17.185,14.75,271.25
comayagua,2007-05-25,17.368,14.25,272.25
ocotepeque,2007-05-25,16.088,14.25,270.75
copan,2007-05-25,14.451,14.75,271.25
comayagua,2007-05-26,15.315,14.25,272.25
ocotepeque,2007-05-26,15.533,14.25,270.75
copan,2007-05-26,14.185,14.75,271.25
comayagua,2007-05-27,16.594,14.25,272.25
ocotepeque,2007-05-27,16.946,14.25,270.75
copan,2007-05-27,15.604,14.75,271.25
comayagua,2007-05-28,16.645,14.25,272.25
ocotepeque,2007-05-28,17.315,14.25,270.75
copan,2007-05-28,16.45,14.75,271.25
comayagua,2007-05-29,18.372,14.25,272.25
ocotepeque,2007-05-29,17.792,14.25,270.75
copan,2007-05-29,16.939,14.75,271.25
comayagua,2007-05-30,18.546,14.25,272.25
ocotepeque,2007-05-30,18.504,14.25,270.75
copan,2007-05-30,16.905,14.75,271.25
comayagua,2007-05-31,18.851,14.25,272.25
ocotepeque,2007-05-31,18.665,14.25,270.75
copan,2007-05-31,17.986,14.75,271.25
comayagua,2007-06-01,18.31,14.25,272.25
ocotepeque,2007-06-01,18.044,14.25,270.75
copan,2007-06-01,18.008,14.75,271.25
comayagua,2007-06-02,19.778,14.25,272.25
ocotepeque,2007-06-02,20.676,14.25,270.75
copan,2007-06-02,21.353,14.75,271.25
comayagua,2007-06-03,17.739,14.25,272.25
ocotepeque,2007-06-03,17.683,14.25,270.75
copan,2007-06-03,18.229,14.75,271.25
comayagua,2007-06-04,17.922,14.25,272.25
ocotepeque,2007-06-04,17.549,14.25,270.75
copan,2007-06-04,17.498,14.75,271.25
comayagua,2007-06-05,18.59,14.25,272.25
ocotepeque,2007-06-05,18.011,14.25,270.75
copan,2007-06-05,17.757,14.75,271.25
comayagua,2007-06-06,20.517,14.25,272.25
ocotepeque,2007-06-06,19.811,14.25,270.75
copan,2007-06-06,18.898,14.75,271.25
comayagua,2007-06-07,17.394,14.25,272.25
ocotepeque,2007-06-07,16.929,14.25,270.75
copan,2007-06-07,16.355,14.75,271.25
comayagua,2007-06-08,16.564,14.25,272.25
ocotepeque,2007-06-08,16.498,14.25,270.75
copan,2007-06-08,16.629,14.75,271.25
comayagua,2007-06-09,17.198,14.25,272.25
ocotepeque,2007-06-09,17.236,14.25,270.75
copan,2007-06-09,17.793,14.75,271.25
comayagua,2007-06-10,18.201,14.25,272.25
ocotepeque,2007-06-10,16.564,14.25,270.75
copan,2007-06-10,15.885,14.75,271.25
comayagua,2007-06-11,17.777,14.25,272.25
ocotepeque,2007-06-11,16.759,14.25,270.75
copan,2007-06-11,16.333,14.75,271.25
comayagua,2007-06-12,18.184,14.25,272.25
ocotepeque,2007-06-12,17.218,14.25,270.75
copan,2007-06-12,16.95,14.75,271.25
comayagua,2007-06-13,19.277,14.25,272.25
ocotepeque,2007-06-13,18.533,14.25,270.75
copan,2007-06-13,17.553,14.75,271.25
comayagua,2007-06-14,18.589,14.25,272.25
ocotepeque,2007-06-14,19.174,14.25,270.75
copan,2007-06-14,18.372,14.75,271.25
comayagua,2007-06-15,18.486,14.25,272.25
ocotepeque,2007-06-15,17.974,14.25,270.75
copan,2007-06-15,17.676,14.75,271.25
comayagua,2007-06-16,18.418,14.25,272.25
ocotepeque,2007-06-16,17.798,14.25,270.75
copan,2007-06-16,17.494,14.75,271.25
comayagua,2007-06-17,17.316,14.25,272.25
ocotepeque,2007-06-17,17.215,14.25,270.75
copan,2007-06-17,16.983,14.75,271.25
comayagua,2007-06-18,17.334,14.25,272.25
ocotepeque,2007-06-18,17.084,14.25,270.75
copan,2007-06-18,16.475,14.75,271.25
comayagua,2007-06-19,18.555,14.25,272.25
ocotepeque,2007-06-19,17.369,14.25,270.75
copan,2007-06-19,16.783,14.75,271.25
comayagua,2007-06-20,19.054,14.25,272.25
ocotepeque,2007-06-20,17.598,14.25,270.75
copan,2007-06-20,17.164,14.75,271.25
comayagua,2007-06-21,19.258,14.25,272.25
ocotepeque,2007-06-21,18.074,14.25,270.75
copan,2007-06-21,17.868,14.75,271.25
comayagua,2007-06-22,19.488,14.25,272.25
ocotepeque,2007-06-22,18.537,14.25,270.75
copan,2007-06-22,18.469,14.75,271.25
comayagua,2007-06-23,17.514,14.25,272.25
ocotepeque,2007-06-23,17.156,14.25,270.75
copan,2007-06-23,17.637,14.75,271.25
comayagua,2007-06-24,17.896,14.25,272.25
ocotepeque,2007-06-24,17.157,14.25,270.75
copan,2007-06-24,16.981,14.75,271.25
comayagua,2007-06-25,15.844,14.25,272.25
ocotepeque,2007-06-25,16.07,14.25,270.75
copan,2007-06-25,15.832,14.75,271.25
comayagua,2007-06-26,19.737,14.25,272.25
ocotepeque,2007-06-26,18.421,14.25,270.75
copan,2007-06-26,17.985,14.75,271.25
comayagua,2007-06-27,19.109,14.25,272.25
ocotepeque,2007-06-27,18.35,14.25,270.75
copan,2007-06-27,17.829,14.75,271.25
comayagua,2007-06-28,18.632,14.25,272.25
ocotepeque,2007-06-28,16.912,14.25,270.75
copan,2007-06-28,16.051,14.75,271.25
comayagua,2007-06-29,15.819,14.25,272.25
ocotepeque,2007-06-29,15.291,14.25,270.75
copan,2007-06-29,14.901,14.75,271.25
comayagua,2007-06-30,17.905,14.25,272.25
ocotepeque,2007-06-30,18.151,14.25,270.75
copan,2007-06-30,18.354,14.75,271.25
comayagua,2007-07-01,18.332,14.25,272.25
ocotepeque,2007-07-01,17.734,14.25,270.75
copan,2007-07-01,17.063,14.75,271.25
comayagua,2007-07-02,18.33,14.25,272.25
ocotepeque,2007-07-02,17.356,14.25,270.75
copan,2007-07-02,16.427,14.75,271.25
comayagua,2007-07-03,20.039,14.25,272.25
ocotepeque,2007-07-03,19.057,14.25,270.75
copan,2007-07-03,18.45,14.75,271.25
comayagua,2007-07-04,19.193,14.25,272.25
ocotepeque,2007-07-04,19.229,14.25,270.75
copan,2007-07-04,18.769,14.75,271.25
comayagua,2007-07-05,18.468,14.25,272.25
ocotepeque,2007-07-05,17.953,14.25,270.75
copan,2007-07-05,17.874,14.75,271.25
comayagua,2007-07-06,19.787,14.25,272.25
ocotepeque,2007-07-06,19.036,14.25,270.75
copan,2007-07-06,18.724,14.75,271.25
comayagua,2007-07-07,18.406,14.25,272.25
ocotepeque,2007-07-07,17.181,14.25,270.75
copan,2007-07-07,16.646,14.75,271.25
comayagua,2007-07-08,19.489,14.25,272.25
ocotepeque,2007-07-08,17.915,14.25,270.75
copan,2007-07-08,17.27,14.75,271.25
comayagua,2007-07-09,17.553,14.25,272.25
ocotepeque,2007-07-09,15.673,14.25,270.75
copan,2007-07-09,15.372,14.75,271.25
comayagua,2007-07-10,17.149,14.25,272.25
ocotepeque,2007-07-10,17.383,14.25,270.75
copan,2007-07-10,17.765,14.75,271.25
comayagua,2007-07-11,17.325,14.25,272.25
ocotepeque,2007-07-11,16.258,14.25,270.75
copan,2007-07-11,15.674,14.75,271.25
comayagua,2007-07-12,17.336,14.25,272.25
ocotepeque,2007-07-12,16.073,14.25,270.75
copan,2007-07-12,15.338,14.75,271.25
comayagua,2007-07-13,19.046,14.25,272.25
ocotepeque,2007-07-13,18.05,14.25,270.75
copan,2007-07-13,17.672,14.75,271.25
comayagua,2007-07-14,18.388,14.25,272.25
ocotepeque,2007-07-14,17.201,14.25,270.75
copan,2007-07-14,17.179,14.75,271.25
comayagua,2007-07-15,18.687,14.25,272.25
ocotepeque,2007-07-15,18.267,14.25,270.75
copan,2007-07-15,17.817,14.75,271.25
comayagua,2007-07-16,15.205,14.25,272.25
ocotepeque,2007-07-16,14.976,14.25,270.75
copan,2007-07-16,15.328,14.75,271.25
comayagua,2007-07-17,16.22,14.25,272.25
ocotepeque,2007-07-17,16.607,14.25,270.75
copan,2007-07-17,16.364,14.75,271.25
comayagua,2007-07-18,17.111,14.25,272.25
ocotepeque,2007-07-18,17.644,14.25,270.75
copan,2007-07-18,17.488,14.75,271.25
comayagua,2007-07-19,16.164,14.25,272.25
ocotepeque,2007-07-19,15.701,14.25,270.75
copan,2007-07-19,15.51,14.75,271.25
comayagua,2007-07-20,15.945,14.25,272.25
ocotepeque,2007-07-20,16.877,14.25,270.75
copan,2007-07-20,16.918,14.75,271.25
comayagua,2007-07-21,17.405,14.25,272.25
ocotepeque,2007-07-21,17.24,14.25,270.75
copan,2007-07-21,16.884,14.75,271.25
comayagua,2007-07-22,18.247,14.25,272.25
ocotepeque,2007-07-22,17.676,14.25,270.75
copan,2007-07-22,16.217,14.75,271.25
comayagua,2007-07-23,18.358,14.25,272.25
ocotepeque,2007-07-23,18.177,14.25,270.75
copan,2007-07-23,17.956,14.75,271.25
comayagua,2007-07-24,18.615,14.25,272.25
ocotepeque,2007-07-24,18.478,14.25,270.75
copan,2007-07-24,17.962,14.75,271.25
comayagua,2007-07-25,16.724,14.25,272.25
ocotepeque,2007-07-25,17.992,14.25,270.75
copan,2007-07-25,18.039,14.75,271.25
comayagua,2007-07-26,16.854,14.25,272.25
ocotepeque,2007-07-26,17.755,14.25,270.75
copan,2007-07-26,17.773,14.75,271.25
comayagua,2007-07-27,16.56,14.25,272.25
ocotepeque,2007-07-27,16.76,14.25,270.75
copan,2007-07-27,16.489,14.75,271.25
comayagua,2007-07-28,17.224,14.25,272.25
ocotepeque,2007-07-28,17.649,14.25,270.75
copan,2007-07-28,17.752,14.75,271.25
comayagua,2007-07-29,16.368,14.25,272.25
ocotepeque,2007-07-29,16.49,14.25,270.75
copan,2007-07-29,16.489,14.75,271.25
comayagua,2007-07-30,16.112,14.25,272.25
ocotepeque,2007-07-30,16.458,14.25,270.75
copan,2007-07-30,16.296,14.75,271.25
comayagua,2007-07-31,16.854,14.25,272.25
ocotepeque,2007-07-31,17.635,14.25,270.75
copan,2007-07-31,17.374,14.75,271.25
comayagua,2007-08-01,18.538,14.25,272.25
ocotepeque,2007-08-01,18.254,14.25,270.75
copan,2007-08-01,17.73,14.75,271.25
comayagua,2007-08-02,18.368,14.25,272.25
ocotepeque,2007-08-02,17.692,14.25,270.75
copan,2007-08-02,17.66,14.75,271.25
comayagua,2007-08-03,16.471,14.25,272.25
ocotepeque,2007-08-03,17.086,14.25,270.75
copan,2007-08-03,16.898,14.75,271.25
comayagua,2007-08-04,19.407,14.25,272.25
ocotepeque,2007-08-04,18.137,14.25,270.75
copan,2007-08-04,17.665,14.75,271.25
comayagua,2007-08-05,18.672,14.25,272.25
ocotepeque,2007-08-05,18.181,14.25,270.75
copan,2007-08-05,18.11,14.75,271.25
comayagua,2007-08-06,17.44,14.25,272.25
ocotepeque,2007-08-06,17.121,14.25,270.75
copan,2007-08-06,16.936,14.75,271.25
comayagua,2007-08-07,18.411,14.25,272.25
ocotepeque,2007-08-07,17.698,14.25,270.75
copan,2007-08-07,17.124,14.75,271.25
comayagua,2007-08-08,18.48,14.25,272.25
ocotepeque,2007-08-08,18.247,14.25,270.75
copan,2007-08-08,18.002,14.75,271.25
comayagua,2007-08-09,18.215,14.25,272.25
ocotepeque,2007-08-09,18.416,14.25,270.75
copan,2007-08-09,18.246,14.75,271.25
comayagua,2007-08-10,19.243,14.25,272.25
ocotepeque,2007-08-10,18.65,14.25,270.75
copan,2007-08-10,18.326,14.75,271.25
comayagua,2007-08-11,19.907,14.25,272.25
ocotepeque,2007-08-11,18.282,14.25,270.75
copan,2007-08-11,17.818,14.75,271.25
comayagua,2007-08-12,19.102,14.25,272.25
ocotepeque,2007-08-12,18.962,14.25,270.75
copan,2007-08-12,18.665,14.75,271.25
comayagua,2007-08-13,18.58,14.25,272.25
ocotepeque,2007-08-13,18.453,14.25,270.75
copan,2007-08-13,18.265,14.75,271.25
comayagua,2007-08-14,18.895,14.25,272.25
ocotepeque,2007-08-14,18.77,14.25,270.75
copan,2007-08-14,18.637,14.75,271.25
comayagua,2007-08-15,18.11,14.25,272.25
ocotepeque,2007-08-15,17.729,14.25,270.75
copan,2007-08-15,17.582,14.75,271.25
comayagua,2007-08-16,18.121,14.25,272.25
ocotepeque,2007-08-16,17.18,14.25,270.75
copan,2007-08-16,16.855,14.75,271.25
comayagua,2007-08-17,18.067,14.25,272.25
ocotepeque,2007-08-17,16.689,14.25,270.75
copan,2007-08-17,16.304,14.75,271.25
comayagua,2007-08-18,18.653,14.25,272.25
ocotepeque,2007-08-18,17.535,14.25,270.75
copan,2007-08-18,17.583,14.75,271.25
comayagua,2007-08-19,17.405,14.25,272.25
ocotepeque,2007-08-19,16.696,14.25,270.75
copan,2007-08-19,16.592,14.75,271.25
comayagua,2007-08-20,17.676,14.25,272.25
ocotepeque,2007-08-20,16.159,14.25,270.75
copan,2007-08-20,15.41,14.75,271.25
comayagua,2007-08-21,17.475,14.25,272.25
ocotepeque,2007-08-21,18.508,14.25,270.75
copan,2007-08-21,18.612,14.75,271.25
comayagua,2007-08-22,18.407,14.25,272.25
ocotepeque,2007-08-22,17.97,14.25,270.75
copan,2007-08-22,18.203,14.75,271.25
comayagua,2007-08-23,18.057,14.25,272.25
ocotepeque,2007-08-23,17.46,14.25,270.75
copan,2007-08-23,16.968,14.75,271.25
comayagua,2007-08-24,17.592,14.25,272.25
ocotepeque,2007-08-24,17.222,14.25,270.75
copan,2007-08-24,17.376,14.75,271.25
comayagua,2007-08-25,16.948,14.25,272.25
ocotepeque,2007-08-25,16.673,14.25,270.75
copan,2007-08-25,16.969,14.75,271.25
comayagua,2007-08-26,17.485,14.25,272.25
ocotepeque,2007-08-26,17.292,14.25,270.75
copan,2007-08-26,16.465,14.75,271.25
comayagua,2007-08-27,17.416,14.25,272.25
ocotepeque,2007-08-27,17.608,14.25,270.75
copan,2007-08-27,17.449,14.75,271.25
comayagua,2007-08-28,17.258,14.25,272.25
ocotepeque,2007-08-28,16.471,14.25,270.75
copan,2007-08-28,16.338,14.75,271.25
comayagua,2007-08-29,18.736,14.25,272.25
ocotepeque,2007-08-29,17.788,14.25,270.75
copan,2007-08-29,17.238,14.75,271.25
comayagua,2007-08-30,17.957,14.25,272.25
ocotepeque,2007-08-30,16.876,14.25,270.75
copan,2007-08-30,16.429,14.75,271.25
comayagua,2007-08-31,16.763,14.25,272.25
ocotepeque,2007-08-31,16.59,14.25,270.75
copan,2007-08-31,16.054,14.75,271.25
comayagua,2007-09-01,17.673,14.25,272.25
ocotepeque,2007-09-01,18.13,14.25,270.75
copan,2007-09-01,18.261,14.75,271.25
comayagua,2007-09-02,17.301,14.25,272.25
ocotepeque,2007-09-02,16.361,14.25,270.75
copan,2007-09-02,16.259,14.75,271.25
comayagua,2007-09-03,18.61,14.25,272.25
ocotepeque,2007-09-03,17.814,14.25,270.75
copan,2007-09-03,17.523,14.75,271.25
comayagua,2007-09-04,17.774,14.25,272.25
ocotepeque,2007-09-04,22.056,14.25,270.75
copan,2007-09-04,17.696,14.75,271.25
comayagua,2007-09-05,17.13,14.25,272.25
ocotepeque,2007-09-05,17.466,14.25,270.75
copan,2007-09-05,16.594,14.75,271.25
comayagua,2007-09-06,18.281,14.25,272.25
ocotepeque,2007-09-06,17.333,14.25,270.75
copan,2007-09-06,16.948,14.75,271.25
comayagua,2007-09-07,17.146,14.25,272.25
ocotepeque,2007-09-07,16.9,14.25,270.75
copan,2007-09-07,17.162,14.75,271.25
comayagua,2007-09-08,17.522,14.25,272.25
ocotepeque,2007-09-08,21.167,14.25,270.75
copan,2007-09-08,16.396,14.75,271.25
comayagua,2007-09-09,17.11,14.25,272.25
ocotepeque,2007-09-09,17.053,14.25,270.75
copan,2007-09-09,16.96,14.75,271.25
comayagua,2007-09-10,16.585,14.25,272.25
ocotepeque,2007-09-10,16.436,14.25,270.75
copan,2007-09-10,16.233,14.75,271.25
comayagua,2007-09-11,18.238,14.25,272.25
ocotepeque,2007-09-11,16.413,14.25,270.75
copan,2007-09-11,15.947,14.75,271.25
comayagua,2007-09-12,18.345,14.25,272.25
ocotepeque,2007-09-12,16.967,14.25,270.75
copan,2007-09-12,16.689,14.75,271.25
comayagua,2007-09-13,16.972,14.25,272.25
ocotepeque,2007-09-13,15.475,14.25,270.75
copan,2007-09-13,14.811,14.75,271.25
comayagua,2007-09-14,17.964,14.25,272.25
ocotepeque,2007-09-14,16.486,14.25,270.75
copan,2007-09-14,15.915,14.75,271.25
comayagua,2007-09-15,18.594,14.25,272.25
ocotepeque,2007-09-15,17.618,14.25,270.75
copan,2007-09-15,17.328,14.75,271.25
comayagua,2007-09-16,18.146,14.25,272.25
ocotepeque,2007-09-16,17.275,14.25,270.75
copan,2007-09-16,16.875,14.75,271.25
comayagua,2007-09-17,18.122,14.25,272.25
ocotepeque,2007-09-17,17.426,14.25,270.75
copan,2007-09-17,16.868,14.75,271.25
comayagua,2007-09-18,19.508,14.25,272.25
ocotepeque,2007-09-18,17.537,14.25,270.75
copan,2007-09-18,16.961,14.75,271.25
comayagua,2007-09-19,17.745,14.25,272.25
ocotepeque,2007-09-19,17.288,14.25,270.75
copan,2007-09-19,17.025,14.75,271.25
comayagua,2007-09-20,18.161,14.25,272.25
ocotepeque,2007-09-20,17.252,14.25,270.75
copan,2007-09-20,16.457,14.75,271.25
comayagua,2007-09-21,18.593,14.25,272.25
ocotepeque,2007-09-21,17.891,14.25,270.75
copan,2007-09-21,17.692,14.75,271.25
comayagua,2007-09-22,18.769,14.25,272.25
ocotepeque,2007-09-22,17.465,14.25,270.75
copan,2007-09-22,16.679,14.75,271.25
comayagua,2007-09-23,18.607,14.25,272.25
ocotepeque,2007-09-23,18.006,14.25,270.75
copan,2007-09-23,17.997,14.75,271.25
comayagua,2007-09-24,18.441,14.25,272.25
ocotepeque,2007-09-24,18.103,14.25,270.75
copan,2007-09-24,17.822,14.75,271.25
comayagua,2007-09-25,17.249,14.25,272.25
ocotepeque,2007-09-25,17.514,14.25,270.75
copan,2007-09-25,17.193,14.75,271.25
comayagua,2007-09-26,17.332,14.25,272.25
ocotepeque,2007-09-26,17.456,14.25,270.75
copan,2007-09-26,17.632,14.75,271.25
comayagua,2007-09-27,17.196,14.25,272.25
ocotepeque,2007-09-27,17.667,14.25,270.75
copan,2007-09-27,17.181,14.75,271.25
comayagua,2007-09-28,17.719,14.25,272.25
ocotepeque,2007-09-28,18.437,14.25,270.75
copan,2007-09-28,18.317,14.75,271.25
comayagua,2007-09-29,19.363,14.25,272.25
ocotepeque,2007-09-29,17.875,14.25,270.75
copan,2007-09-29,17.291,14.75,271.25
comayagua,2007-09-30,18.485,14.25,272.25
ocotepeque,2007-09-30,18.034,14.25,270.75
copan,2007-09-30,17.814,14.75,271.25
comayagua,2007-10-01,18.565,14.25,272.25
ocotepeque,2007-10-01,17.911,14.25,270.75
copan,2007-10-01,17.56,14.75,271.25
comayagua,2007-10-02,17.565,14.25,272.25
ocotepeque,2007-10-02,16.27,14.25,270.75
copan,2007-10-02,15.567,14.75,271.25
comayagua,2007-10-03,17.429,14.25,272.25
ocotepeque,2007-10-03,15.463,14.25,270.75
copan,2007-10-03,14.137,14.75,271.25
comayagua,2007-10-04,14.999,14.25,272.25
ocotepeque,2007-10-04,15.215,14.25,270.75
copan,2007-10-04,14.415,14.75,271.25
comayagua,2007-10-05,17.64,14.25,272.25
ocotepeque,2007-10-05,17.354,14.25,270.75
copan,2007-10-05,16.372,14.75,271.25
comayagua,2007-10-06,15.989,14.25,272.25
ocotepeque,2007-10-06,15.611,14.25,270.75
copan,2007-10-06,14.814,14.75,271.25
comayagua,2007-10-07,18.203,14.25,272.25
ocotepeque,2007-10-07,17.8,14.25,270.75
copan,2007-10-07,17.044,14.75,271.25
comayagua,2007-10-08,17.3,14.25,272.25
ocotepeque,2007-10-08,16.251,14.25,270.75
copan,2007-10-08,15.489,14.75,271.25
comayagua,2007-10-09,18.123,14.25,272.25
ocotepeque,2007-10-09,17.801,14.25,270.75
copan,2007-10-09,17.095,14.75,271.25
comayagua,2007-10-10,18.855,14.25,272.25
ocotepeque,2007-10-10,18.478,14.25,270.75
copan,2007-10-10,18.11,14.75,271.25
comayagua,2007-10-11,19.067,14.25,272.25
ocotepeque,2007-10-11,19.292,14.25,270.75
copan,2007-10-11,19.141,14.75,271.25
comayagua,2007-10-12,18.967,14.25,272.25
ocotepeque,2007-10-12,19.35,14.25,270.75
copan,2007-10-12,19.164,14.75,271.25
comayagua,2007-10-13,18.687,14.25,272.25
ocotepeque,2007-10-13,18.368,14.25,270.75
copan,2007-10-13,18.045,14.75,271.25
comayagua,2007-10-14,18.496,14.25,272.25
ocotepeque,2007-10-14,18.463,14.25,270.75
copan,2007-10-14,18.285,14.75,271.25
comayagua,2007-10-15,18.818,14.25,272.25
ocotepeque,2007-10-15,18.877,14.25,270.75
copan,2007-10-15,18.418,14.75,271.25
comayagua,2007-10-16,18.257,14.25,272.25
ocotepeque,2007-10-16,18.622,14.25,270.75
copan,2007-10-16,18.275,14.75,271.25
comayagua,2007-10-17,18.814,14.25,272.25
ocotepeque,2007-10-17,18.234,14.25,270.75
copan,2007-10-17,18.04,14.75,271.25
comayagua,2007-10-18,18.14,14.25,272.25
ocotepeque,2007-10-18,17.936,14.25,270.75
copan,2007-10-18,17.28,14.75,271.25
comayagua,2007-10-19,18.575,14.25,272.25
ocotepeque,2007-10-19,18.758,14.25,270.75
copan,2007-10-19,18.502,14.75,271.25
comayagua,2007-10-20,17.679,14.25,272.25
ocotepeque,2007-10-20,17.741,14.25,270.75
copan,2007-10-20,17.463,14.75,271.25
comayagua,2007-10-21,18.684,14.25,272.25
ocotepeque,2007-10-21,18.566,14.25,270.75
copan,2007-10-21,18.007,14.75,271.25
comayagua,2007-10-22,17.635,14.25,272.25
ocotepeque,2007-10-22,17.218,14.25,270.75
copan,2007-10-22,16.873,14.75,271.25
comayagua,2007-10-23,15.76,14.25,272.25
ocotepeque,2007-10-23,15.841,14.25,270.75
copan,2007-10-23,15.211,14.75,271.25
comayagua,2007-10-24,17.043,14.25,272.25
ocotepeque,2007-10-24,16.535,14.25,270.75
copan,2007-10-24,16.321,14.75,271.25
comayagua,2007-10-25,16.348,14.25,272.25
ocotepeque,2007-10-25,14.963,14.25,270.75
copan,2007-10-25,14.451,14.75,271.25
comayagua,2007-10-26,14.607,14.25,272.25
ocotepeque,2007-10-26,13.147,14.25,270.75
copan,2007-10-26,12.043,14.75,271.25
comayagua,2007-10-27,15.123,14.25,272.25
ocotepeque,2007-10-27,14.717,14.25,270.75
copan,2007-10-27,14.9,14.75,271.25
comayagua,2007-10-28,15.405,14.25,272.25
ocotepeque,2007-10-28,14.253,14.25,270.75
copan,2007-10-28,13.844,14.75,271.25
comayagua,2007-10-29,17.088,14.25,272.25
ocotepeque,2007-10-29,16.052,14.25,270.75
copan,2007-10-29,15.318,14.75,271.25
comayagua,2007-10-30,18.297,14.25,272.25
ocotepeque,2007-10-30,17.511,14.25,270.75
copan,2007-10-30,17.019,14.75,271.25
comayagua,2007-10-31,18.116,14.25,272.25
ocotepeque,2007-10-31,17.332,14.25,270.75
copan,2007-10-31,16.954,14.75,271.25
comayagua,2007-11-01,15.453,14.25,272.25
ocotepeque,2007-11-01,14.717,14.25,270.75
copan,2007-11-01,13.156,14.75,271.25
comayagua,2007-11-02,17.261,14.25,272.25
ocotepeque,2007-11-02,16.57,14.25,270.75
copan,2007-11-02,15.783,14.75,271.25
comayagua,2007-11-03,17.668,14.25,272.25
ocotepeque,2007-11-03,17.056,14.25,270.75
copan,2007-11-03,16.277,14.75,271.25
comayagua,2007-11-04,16.809,14.25,272.25
ocotepeque,2007-11-04,16.097,14.25,270.75
copan,2007-11-04,15.544,14.75,271.25
comayagua,2007-11-05,15.559,14.25,272.25
ocotepeque,2007-11-05,15.234,14.25,270.75
copan,2007-11-05,14.342,14.75,271.25
comayagua,2007-11-06,15.777,14.25,272.25
ocotepeque,2007-11-06,14.577,14.25,270.75
copan,2007-11-06,13.953,14.75,271.25
comayagua,2007-11-07,16.1,14.25,272.25
ocotepeque,2007-11-07,14.897,14.25,270.75
copan,2007-11-07,14.363,14.75,271.25
comayagua,2007-11-08,15.431,14.25,272.25
ocotepeque,2007-11-08,14.631,14.25,270.75
copan,2007-11-08,14.3,14.75,271.25
comayagua,2007-11-09,14.971,14.25,272.25
ocotepeque,2007-11-09,12.874,14.25,270.75
copan,2007-11-09,11.886,14.75,271.25
comayagua,2007-11-10,15.022,14.25,272.25
ocotepeque,2007-11-10,14.414,14.25,270.75
copan,2007-11-10,14.038,14.75,271.25
comayagua,2007-11-11,13.005,14.25,272.25
ocotepeque,2007-11-11,11.393,14.25,270.75
copan,2007-11-11,10.532,14.75,271.25
comayagua,2007-11-12,14.804,14.25,272.25
ocotepeque,2007-11-12,13.146,14.25,270.75
copan,2007-11-12,11.881,14.75,271.25
comayagua,2007-11-13,17.094,14.25,272.25
ocotepeque,2007-11-13,16.263,14.25,270.75
copan,2007-11-13,15.563,14.75,271.25
comayagua,2007-11-14,17.718,14.25,272.25
ocotepeque,2007-11-14,17.183,14.25,270.75
copan,2007-11-14,16.358,14.75,271.25
comayagua,2007-11-15,18.201,14.25,272.25
ocotepeque,2007-11-15,17.416,14.25,270.75
copan,2007-11-15,16.719,14.75,271.25
comayagua,2007-11-16,15.955,14.25,272.25
ocotepeque,2007-11-16,15.156,14.25,270.75
copan,2007-11-16,14.734,14.75,271.25
comayagua,2007-11-17,15.754,14.25,272.25
ocotepeque,2007-11-17,14.667,14.25,270.75
copan,2007-11-17,14.521,14.75,271.25
comayagua,2007-11-18,13.846,14.25,272.25
ocotepeque,2007-11-18,14.066,14.25,270.75
copan,2007-11-18,13.878,14.75,271.25
comayagua,2007-11-19,18.143,14.25,272.25
ocotepeque,2007-11-19,16.562,14.25,270.75
copan,2007-11-19,15.865,14.75,271.25
comayagua,2007-11-20,18.801,14.25,272.25
ocotepeque,2007-11-20,16.272,14.25,270.75
copan,2007-11-20,15.115,14.75,271.25
comayagua,2007-11-21,18.322,14.25,272.25
ocotepeque,2007-11-21,17.579,14.25,270.75
copan,2007-11-21,17.01,14.75,271.25
comayagua,2007-11-22,17.016,14.25,272.25
ocotepeque,2007-11-22,14.538,14.25,270.75
copan,2007-11-22,13.408,14.75,271.25
comayagua,2007-11-23,18.843,14.25,272.25
ocotepeque,2007-11-23,18.245,14.25,270.75
copan,2007-11-23,18.024,14.75,271.25
comayagua,2007-11-24,17.415,14.25,272.25
ocotepeque,2007-11-24,16.732,14.25,270.75
copan,2007-11-24,16.071,14.75,271.25
comayagua,2007-11-25,15.873,14.25,272.25
ocotepeque,2007-11-25,16.599,14.25,270.75
copan,2007-11-25,16.538,14.75,271.25
comayagua,2007-11-26,17.539,14.25,272.25
ocotepeque,2007-11-26,16.834,14.25,270.75
copan,2007-11-26,16.431,14.75,271.25
comayagua,2007-11-27,19.332,14.25,272.25
ocotepeque,2007-11-27,17.6,14.25,270.75
copan,2007-11-27,16.936,14.75,271.25
comayagua,2007-11-28,18.034,14.25,272.25
ocotepeque,2007-11-28,16.837,14.25,270.75
copan,2007-11-28,16.44,14.75,271.25
comayagua,2007-11-29,17.221,14.25,272.25
ocotepeque,2007-11-29,16.168,14.25,270.75
copan,2007-11-29,15.563,14.75,271.25
comayagua,2007-11-30,16.181,14.25,272.25
ocotepeque,2007-11-30,15.028,14.25,270.75
copan,2007-11-30,14.327,14.75,271.25
comayagua,2007-12-01,15.74,14.25,272.25
ocotepeque,2007-12-01,13.897,14.25,270.75
copan,2007-12-01,12.443,14.75,271.25
comayagua,2007-12-02,15.873,14.25,272.25
ocotepeque,2007-12-02,15.324,14.25,270.75
copan,2007-12-02,14.435,14.75,271.25
comayagua,2007-12-03,16.328,14.25,272.25
ocotepeque,2007-12-03,14.895,14.25,270.75
copan,2007-12-03,14.127,14.75,271.25
comayagua,2007-12-04,15.423,14.25,272.25
ocotepeque,2007-12-04,14.135,14.25,270.75
copan,2007-12-04,12.33,14.75,271.25
comayagua,2007-12-05,10.568,14.25,272.25
ocotepeque,2007-12-05,10.144,14.25,270.75
copan,2007-12-05,9.116,14.75,271.25
comayagua,2007-12-06,10.685,14.25,272.25
ocotepeque,2007-12-06,11.696,14.25,270.75
copan,2007-12-06,11.129,14.75,271.25
comayagua,2007-12-07,14.15,14.25,272.25
ocotepeque,2007-12-07,15.545,14.25,270.75
copan,2007-12-07,14.757,14.75,271.25
comayagua,2007-12-08,15.168,14.25,272.25
ocotepeque,2007-12-08,16.134,14.25,270.75
copan,2007-12-08,15.917,14.75,271.25
comayagua,2007-12-09,17.077,14.25,272.25
ocotepeque,2007-12-09,14.699,14.25,270.75
copan,2007-12-09,13.482,14.75,271.25
comayagua,2007-12-10,16.979,14.25,272.25
ocotepeque,2007-12-10,16.432,14.25,270.75
copan,2007-12-10,16.31,14.75,271.25
comayagua,2007-12-11,16.108,14.25,272.25
ocotepeque,2007-12-11,15.518,14.25,270.75
copan,2007-12-11,14.705,14.75,271.25
comayagua,2007-12-12,16.548,14.25,272.25
ocotepeque,2007-12-12,15.745,14.25,270.75
copan,2007-12-12,15.368,14.75,271.25
comayagua,2007-12-13,15.524,14.25,272.25
ocotepeque,2007-12-13,14.102,14.25,270.75
copan,2007-12-13,13.275,14.75,271.25
comayagua,2007-12-14,16.467,14.25,272.25
ocotepeque,2007-12-14,14.535,14.25,270.75
copan,2007-12-14,13.345,14.75,271.25
comayagua,2007-12-15,10.622,14.25,272.25
ocotepeque,2007-12-15,10.805,14.25,270.75
copan,2007-12-15,9.777,14.75,271.25
comayagua,2007-12-16,13.476,14.25,272.25
ocotepeque,2007-12-16,13.658,14.25,270.75
copan,2007-12-16,12.772,14.75,271.25
comayagua,2007-12-17,16.73,14.25,272.25
ocotepeque,2007-12-17,14.588,14.25,270.75
copan,2007-12-17,13.825,14.75,271.25
comayagua,2007-12-18,15.716,14.25,272.25
ocotepeque,2007-12-18,14.345,14.25,270.75
copan,2007-12-18,13.563,14.75,271.25
comayagua,2007-12-19,16.243,14.25,272.25
ocotepeque,2007-12-19,14.953,14.25,270.75
copan,2007-12-19,14.043,14.75,271.25
comayagua,2007-12-20,15.615,14.25,272.25
ocotepeque,2007-12-20,15.436,14.25,270.75
copan,2007-12-20,14.947,14.75,271.25
comayagua,2007-12-21,11.248,14.25,272.25
ocotepeque,2007-12-21,13.365,14.25,270.75
copan,2007-12-21,13.418,14.75,271.25
comayagua,2007-12-22,12.387,14.25,272.25
ocotepeque,2007-12-22,14.169,14.25,270.75
copan,2007-12-22,14.178,14.75,271.25
comayagua,2007-12-23,14.178,14.25,272.25
ocotepeque,2007-12-23,13.607,14.25,270.75
copan,2007-12-23,13.502,14.75,271.25
comayagua,2007-12-24,15.71,14.25,272.25
ocotepeque,2007-12-24,15.262,14.25,270.75
copan,2007-12-24,15.063,14.75,271.25
comayagua,2007-12-25,15.666,14.25,272.25
ocotepeque,2007-12-25,13.804,14.25,270.75
copan,2007-12-25,12.97,14.75,271.25
comayagua,2007-12-26,14.255,14.25,272.25
ocotepeque,2007-12-26,11.352,14.25,270.75
copan,2007-12-26,9.758,14.75,271.25
comayagua,2007-12-27,12.51,14.25,272.25
ocotepeque,2007-12-27,12.805,14.25,270.75
copan,2007-12-27,12.268,14.75,271.25
comayagua,2007-12-28,16.129,14.25,272.25
ocotepeque,2007-12-28,15.372,14.25,270.75
copan,2007-12-28,15.284,14.75,271.25
comayagua,2007-12-29,17.191,14.25,272.25
ocotepeque,2007-12-29,15.029,14.25,270.75
copan,2007-12-29,13.714,14.75,271.25
comayagua,2007-12-30,15.612,14.25,272.25
ocotepeque,2007-12-30,14.196,14.25,270.75
copan,2007-12-30,13.404,14.75,271.25
comayagua,2007-12-31,17.516,14.25,272.25
ocotepeque,2007-12-31,15.102,14.25,270.75
copan,2007-12-31,13.905,14.75,271.25
comayagua,2008-01-01,17.432,14.25,272.25
ocotepeque,2008-01-01,16.366,14.25,270.75
copan,2008-01-01,15.44,14.75,271.25
comayagua,2008-01-02,16.001,14.25,272.25
ocotepeque,2008-01-02,15.299,14.25,270.75
copan,2008-01-02,13.594,14.75,271.25
comayagua,2008-01-03,12.614,14.25,272.25
ocotepeque,2008-01-03,11.767,14.25,270.75
copan,2008-01-03,10.4,14.75,271.25
comayagua,2008-01-04,11.956,14.25,272.25
ocotepeque,2008-01-04,11.311,14.25,270.75
copan,2008-01-04,9.637,14.75,271.25
comayagua,2008-01-05,14.394,14.25,272.25
ocotepeque,2008-01-05,12.749,14.25,270.75
copan,2008-01-05,11.152,14.75,271.25
comayagua,2008-01-06,16.945,14.25,272.25
ocotepeque,2008-01-06,15.859,14.25,270.75
copan,2008-01-06,14.481,14.75,271.25
comayagua,2008-01-07,15.926,14.25,272.25
ocotepeque,2008-01-07,14.781,14.25,270.75
copan,2008-01-07,13.692,14.75,271.25
comayagua,2008-01-08,15.392,14.25,272.25
ocotepeque,2008-01-08,15.966,14.25,270.75
copan,2008-01-08,15.333,14.75,271.25
comayagua,2008-01-09,15.332,14.25,272.25
ocotepeque,2008-01-09,13.959,14.25,270.75
copan,2008-01-09,13.108,14.75,271.25
comayagua,2008-01-10,15.145,14.25,272.25
ocotepeque,2008-01-10,15.075,14.25,270.75
copan,2008-01-10,14.084,14.75,271.25
comayagua,2008-01-11,13.312,14.25,272.25
ocotepeque,2008-01-11,13.702,14.25,270.75
copan,2008-01-11,12.195,14.75,271.25
comayagua,2008-01-12,14.624,14.25,272.25
ocotepeque,2008-01-12,13.366,14.25,270.75
copan,2008-01-12,12.107,14.75,271.25
comayagua,2008-01-13,14.681,14.25,272.25
ocotepeque,2008-01-13,14.329,14.25,270.75
copan,2008-01-13,12.811,14.75,271.25
comayagua,2008-01-14,15.593,14.25,272.25
ocotepeque,2008-01-14,13.686,14.25,270.75
copan,2008-01-14,11.497,14.75,271.25
comayagua,2008-01-15,15.403,14.25,272.25
ocotepeque,2008-01-15,13.648,14.25,270.75
copan,2008-01-15,12.309,14.75,271.25
comayagua,2008-01-16,13.107,14.25,272.25
ocotepeque,2008-01-16,14.192,14.25,270.75
copan,2008-01-16,13.469,14.75,271.25
comayagua,2008-01-17,13.672,14.25,272.25
ocotepeque,2008-01-17,14.673,14.25,270.75
copan,2008-01-17,13.857,14.75,271.25
comayagua,2008-01-18,16.794,14.25,272.25
ocotepeque,2008-01-18,15.796,14.25,270.75
copan,2008-01-18,14.25,14.75,271.25
comayagua,2008-01-19,15.226,14.25,272.25
ocotepeque,2008-01-19,14.446,14.25,270.75
copan,2008-01-19,13.64,14.75,271.25
comayagua,2008-01-20,16.789,14.25,272.25
ocotepeque,2008-01-20,17.307,14.25,270.75
copan,2008-01-20,15.425,14.75,271.25
comayagua,2008-01-21,16.42,14.25,272.25
ocotepeque,2008-01-21,15.239,14.25,270.75
copan,2008-01-21,14.335,14.75,271.25
comayagua,2008-01-22,16.535,14.25,272.25
ocotepeque,2008-01-22,15.662,14.25,270.75
copan,2008-01-22,14.704,14.75,271.25
comayagua,2008-01-23,16.458,14.25,272.25
ocotepeque,2008-01-23,15.821,14.25,270.75
copan,2008-01-23,14.944,14.75,271.25
comayagua,2008-01-24,17.083,14.25,272.25
ocotepeque,2008-01-24,16.275,14.25,270.75
copan,2008-01-24,15.526,14.75,271.25
comayagua,2008-01-25,17.064,14.25,272.25
ocotepeque,2008-01-25,16.83,14.25,270.75
copan,2008-01-25,16.135,14.75,271.25
comayagua,2008-01-26,17.206,14.25,272.25
ocotepeque,2008-01-26,16.43,14.25,270.75
copan,2008-01-26,15.584,14.75,271.25
comayagua,2008-01-27,16.898,14.25,272.25
ocotepeque,2008-01-27,15.652,14.25,270.75
copan,2008-01-27,14.389,14.75,271.25
comayagua,2008-01-28,16.379,14.25,272.25
ocotepeque,2008-01-28,15.629,14.25,270.75
copan,2008-01-28,14.83,14.75,271.25
comayagua,2008-01-29,15.552,14.25,272.25
ocotepeque,2008-01-29,14.198,14.25,270.75
copan,2008-01-29,13.311,14.75,271.25
comayagua,2008-01-30,10.461,14.25,272.25
ocotepeque,2008-01-30,11.058,14.25,270.75
copan,2008-01-30,9.942,14.75,271.25
comayagua,2008-01-31,10.064,14.25,272.25
ocotepeque,2008-01-31,13.182,14.25,270.75
copan,2008-01-31,13.142,14.75,271.25
comayagua,2008-02-01,11.999,14.25,272.25
ocotepeque,2008-02-01,12.827,14.25,270.75
copan,2008-02-01,11.507,14.75,271.25
comayagua,2008-02-02,15.818,14.25,272.25
ocotepeque,2008-02-02,14.685,14.25,270.75
copan,2008-02-02,12.806,14.75,271.25
comayagua,2008-02-03,14.503,14.25,272.25
ocotepeque,2008-02-03,12.451,14.25,270.75
copan,2008-02-03,9.822,14.75,271.25
comayagua,2008-02-04,13.607,14.25,272.25
ocotepeque,2008-02-04,13.079,14.25,270.75
copan,2008-02-04,12.206,14.75,271.25
comayagua,2008-02-05,13.476,14.25,272.25
ocotepeque,2008-02-05,14.25,14.25,270.75
copan,2008-02-05,12.717,14.75,271.25
comayagua,2008-02-06,15.461,14.25,272.25
ocotepeque,2008-02-06,14.786,14.25,270.75
copan,2008-02-06,13.346,14.75,271.25
comayagua,2008-02-07,15.475,14.25,272.25
ocotepeque,2008-02-07,15.975,14.25,270.75
copan,2008-02-07,14.656,14.75,271.25
comayagua,2008-02-08,16.839,14.25,272.25
ocotepeque,2008-02-08,16.704,14.25,270.75
copan,2008-02-08,15.182,14.75,271.25
comayagua,2008-02-09,16.273,14.25,272.25
ocotepeque,2008-02-09,14.936,14.25,270.75
copan,2008-02-09,12.608,14.75,271.25
comayagua,2008-02-10,16.847,14.25,272.25
ocotepeque,2008-02-10,16.592,14.25,270.75
copan,2008-02-10,15.175,14.75,271.25
comayagua,2008-02-11,17.649,14.25,272.25
ocotepeque,2008-02-11,16.79,14.25,270.75
copan,2008-02-11,15.853,14.75,271.25
comayagua,2008-02-12,16.988,14.25,272.25
ocotepeque,2008-02-12,16.112,14.25,270.75
copan,2008-02-12,15.031,14.75,271.25
comayagua,2008-02-13,16.484,14.25,272.25
ocotepeque,2008-02-13,16.71,14.25,270.75
copan,2008-02-13,15.539,14.75,271.25
comayagua,2008-02-14,17.357,14.25,272.25
ocotepeque,2008-02-14,15.592,14.25,270.75
copan,2008-02-14,13.419,14.75,271.25
comayagua,2008-02-15,18.064,14.25,272.25
ocotepeque,2008-02-15,16.584,14.25,270.75
copan,2008-02-15,15.313,14.75,271.25
comayagua,2008-02-16,16.746,14.25,272.25
ocotepeque,2008-02-16,16.295,14.25,270.75
copan,2008-02-16,15.289,14.75,271.25
comayagua,2008-02-17,13.891,14.25,272.25
ocotepeque,2008-02-17,14.299,14.25,270.75
copan,2008-02-17,12.987,14.75,271.25
comayagua,2008-02-18,14.586,14.25,272.25
ocotepeque,2008-02-18,14.804,14.25,270.75
copan,2008-02-18,13.79,14.75,271.25
comayagua,2008-02-19,14.083,14.25,272.25
ocotepeque,2008-02-19,15.128,14.25,270.75
copan,2008-02-19,14.061,14.75,271.25
comayagua,2008-02-20,17.161,14.25,272.25
ocotepeque,2008-02-20,15.365,14.25,270.75
copan,2008-02-20,12.765,14.75,271.25
comayagua,2008-02-21,15.462,14.25,272.25
ocotepeque,2008-02-21,15.641,14.25,270.75
copan,2008-02-21,15.256,14.75,271.25
comayagua,2008-02-22,14.73,14.25,272.25
ocotepeque,2008-02-22,14.209,14.25,270.75
copan,2008-02-22,12.691,14.75,271.25
comayagua,2008-02-23,12.297,14.25,272.25
ocotepeque,2008-02-23,12.931,14.25,270.75
copan,2008-02-23,12.681,14.75,271.25
comayagua,2008-02-24,14.971,14.25,272.25
ocotepeque,2008-02-24,13.426,14.25,270.75
copan,2008-02-24,11.647,14.75,271.25
comayagua,2008-02-25,15.923,14.25,272.25
ocotepeque,2008-02-25,14.839,14.25,270.75
copan,2008-02-25,13.042,14.75,271.25
comayagua,2008-02-26,15.21,14.25,272.25
ocotepeque,2008-02-26,14.664,14.25,270.75
copan,2008-02-26,12.848,14.75,271.25
comayagua,2008-02-27,17.06,14.25,272.25
ocotepeque,2008-02-27,16.091,14.25,270.75
copan,2008-02-27,14.404,14.75,271.25
comayagua,2008-02-28,15.522,14.25,272.25
ocotepeque,2008-02-28,14.125,14.25,270.75
copan,2008-02-28,12.389,14.75,271.25
comayagua,2008-02-29,15.791,14.25,272.25
ocotepeque,2008-02-29,14.819,14.25,270.75
copan,2008-02-29,13.218,14.75,271.25
comayagua,2008-03-01,16.405,14.25,272.25
ocotepeque,2008-03-01,16.405,14.25,270.75
copan,2008-03-01,15.414,14.75,271.25
comayagua,2008-03-02,17.417,14.25,272.25
ocotepeque,2008-03-02,17.074,14.25,270.75
copan,2008-03-02,15.99,14.75,271.25
comayagua,2008-03-03,19.098,14.25,272.25
ocotepeque,2008-03-03,18.463,14.25,270.75
copan,2008-03-03,15.859,14.75,271.25
comayagua,2008-03-04,14.714,14.25,272.25
ocotepeque,2008-03-04,15.213,14.25,270.75
copan,2008-03-04,14.349,14.75,271.25
comayagua,2008-03-05,20.453,14.25,272.25
ocotepeque,2008-03-05,20.71,14.25,270.75
copan,2008-03-05,19.583,14.75,271.25
comayagua,2008-03-06,18.069,14.25,272.25
ocotepeque,2008-03-06,17.675,14.25,270.75
copan,2008-03-06,16.56,14.75,271.25
comayagua,2008-03-07,18.378,14.25,272.25
ocotepeque,2008-03-07,19.718,14.25,270.75
copan,2008-03-07,18.656,14.75,271.25
comayagua,2008-03-08,14.081,14.25,272.25
ocotepeque,2008-03-08,18.009,14.25,270.75
copan,2008-03-08,14.611,14.75,271.25
comayagua,2008-03-09,13.972,14.25,272.25
ocotepeque,2008-03-09,12.737,14.25,270.75
copan,2008-03-09,11.189,14.75,271.25
comayagua,2008-03-10,15.975,14.25,272.25
ocotepeque,2008-03-10,15.519,14.25,270.75
copan,2008-03-10,14.212,14.75,271.25
comayagua,2008-03-11,16.984,14.25,272.25
ocotepeque,2008-03-11,16.842,14.25,270.75
copan,2008-03-11,15.443,14.75,271.25
comayagua,2008-03-12,15.873,14.25,272.25
ocotepeque,2008-03-12,13.8,14.25,270.75
copan,2008-03-12,11.154,14.75,271.25
comayagua,2008-03-13,13.414,14.25,272.25
ocotepeque,2008-03-13,13.147,14.25,270.75
copan,2008-03-13,11.57,14.75,271.25
comayagua,2008-03-14,15.341,14.25,272.25
ocotepeque,2008-03-14,15.561,14.25,270.75
copan,2008-03-14,13.906,14.75,271.25
comayagua,2008-03-15,12.735,14.25,272.25
ocotepeque,2008-03-15,13.754,14.25,270.75
copan,2008-03-15,12.938,14.75,271.25
comayagua,2008-03-16,13.519,14.25,272.25
ocotepeque,2008-03-16,14.529,14.25,270.75
copan,2008-03-16,13.202,14.75,271.25
comayagua,2008-03-17,17.492,14.25,272.25
ocotepeque,2008-03-17,15.977,14.25,270.75
copan,2008-03-17,14.283,14.75,271.25
comayagua,2008-03-18,17.126,14.25,272.25
ocotepeque,2008-03-18,15.667,14.25,270.75
copan,2008-03-18,15.032,14.75,271.25
comayagua,2008-03-19,15.088,14.25,272.25
ocotepeque,2008-03-19,13.526,14.25,270.75
copan,2008-03-19,13.507,14.75,271.25
comayagua,2008-03-20,18.246,14.25,272.25
ocotepeque,2008-03-20,15.95,14.25,270.75
copan,2008-03-20,14.116,14.75,271.25
comayagua,2008-03-21,16.084,14.25,272.25
ocotepeque,2008-03-21,14.848,14.25,270.75
copan,2008-03-21,13.106,14.75,271.25
comayagua,2008-03-22,15.735,14.25,272.25
ocotepeque,2008-03-22,14.438,14.25,270.75
copan,2008-03-22,12.837,14.75,271.25
comayagua,2008-03-23,16.373,14.25,272.25
ocotepeque,2008-03-23,16.428,14.25,270.75
copan,2008-03-23,15.606,14.75,271.25
comayagua,2008-03-24,16.536,14.25,272.25
ocotepeque,2008-03-24,14.852,14.25,270.75
copan,2008-03-24,12.996,14.75,271.25
comayagua,2008-03-25,17.097,14.25,272.25
ocotepeque,2008-03-25,16.422,14.25,270.75
copan,2008-03-25,14.712,14.75,271.25
comayagua,2008-03-26,15.006,14.25,272.25
ocotepeque,2008-03-26,12.857,14.25,270.75
copan,2008-03-26,10.539,14.75,271.25
comayagua,2008-03-27,16.75,14.25,272.25
ocotepeque,2008-03-27,16.055,14.25,270.75
copan,2008-03-27,14.909,14.75,271.25
comayagua,2008-03-28,18.34,14.25,272.25
ocotepeque,2008-03-28,17.801,14.25,270.75
copan,2008-03-28,17.283,14.75,271.25
comayagua,2008-03-29,18.086,14.25,272.25
ocotepeque,2008-03-29,21.952,14.25,270.75
copan,2008-03-29,19.088,14.75,271.25
comayagua,2008-03-30,16.361,14.25,272.25
ocotepeque,2008-03-30,16.049,14.25,270.75
copan,2008-03-30,16.041,14.75,271.25
comayagua,2008-03-31,14.501,14.25,272.25
ocotepeque,2008-03-31,14.4,14.25,270.75
copan,2008-03-31,14.416,14.75,271.25
comayagua,2008-04-01,14.394,14.25,272.25
ocotepeque,2008-04-01,14.635,14.25,270.75
copan,2008-04-01,13.435,14.75,271.25
comayagua,2008-04-02,18.101,14.25,272.25
ocotepeque,2008-04-02,17.512,14.25,270.75
copan,2008-04-02,16.051,14.75,271.25
comayagua,2008-04-03,17.214,14.25,272.25
ocotepeque,2008-04-03,15.464,14.25,270.75
copan,2008-04-03,13.361,14.75,271.25
comayagua,2008-04-04,16.185,14.25,272.25
ocotepeque,2008-04-04,15.79,14.25,270.75
copan,2008-04-04,14.139,14.75,271.25
comayagua,2008-04-05,18.236,14.25,272.25
ocotepeque,2008-04-05,18.07,14.25,270.75
copan,2008-04-05,16.9,14.75,271.25
comayagua,2008-04-06,15.924,14.25,272.25
ocotepeque,2008-04-06,17.952,14.25,270.75
copan,2008-04-06,17.462,14.75,271.25
comayagua,2008-04-07,15.607,14.25,272.25
ocotepeque,2008-04-07,17.862,14.25,270.75
copan,2008-04-07,17.6,14.75,271.25
comayagua,2008-04-08,17.829,14.25,272.25
ocotepeque,2008-04-08,18.009,14.25,270.75
copan,2008-04-08,16.882,14.75,271.25
comayagua,2008-04-09,16.766,14.25,272.25
ocotepeque,2008-04-09,16.359,14.25,270.75
copan,2008-04-09,14.811,14.75,271.25
comayagua,2008-04-10,16.246,14.25,272.25
ocotepeque,2008-04-10,16.715,14.25,270.75
copan,2008-04-10,15.195,14.75,271.25
comayagua,2008-04-11,14.931,14.25,272.25
ocotepeque,2008-04-11,15.46,14.25,270.75
copan,2008-04-11,15.886,14.75,271.25
comayagua,2008-04-12,14.86,14.25,272.25
ocotepeque,2008-04-12,16.119,14.25,270.75
copan,2008-04-12,16.635,14.75,271.25
comayagua,2008-04-13,14.384,14.25,272.25
ocotepeque,2008-04-13,14.988,14.25,270.75
copan,2008-04-13,15.171,14.75,271.25
comayagua,2008-04-14,17.078,14.25,272.25
ocotepeque,2008-04-14,15.907,14.25,270.75
copan,2008-04-14,14.302,14.75,271.25
comayagua,2008-04-15,13.904,14.25,272.25
ocotepeque,2008-04-15,12.98,14.25,270.75
copan,2008-04-15,12.461,14.75,271.25
comayagua,2008-04-16,15.577,14.25,272.25
ocotepeque,2008-04-16,8.061,14.25,270.75
copan,2008-04-16,2.85,14.75,271.25
comayagua,2008-04-17,15.58,14.25,272.25
ocotepeque,2008-04-17,15.595,14.25,270.75
copan,2008-04-17,14.58,14.75,271.25
comayagua,2008-04-18,16.904,14.25,272.25
ocotepeque,2008-04-18,17.238,14.25,270.75
copan,2008-04-18,16.339,14.75,271.25
comayagua,2008-04-19,18.705,14.25,272.25
ocotepeque,2008-04-19,18.528,14.25,270.75
copan,2008-04-19,17.487,14.75,271.25
comayagua,2008-04-20,19.363,14.25,272.25
ocotepeque,2008-04-20,18.831,14.25,270.75
copan,2008-04-20,17.312,14.75,271.25
comayagua,2008-04-21,19.072,14.25,272.25
ocotepeque,2008-04-21,19.088,14.25,270.75
copan,2008-04-21,18.005,14.75,271.25
comayagua,2008-04-22,19.015,14.25,272.25
ocotepeque,2008-04-22,19.596,14.25,270.75
copan,2008-04-22,18.267,14.75,271.25
comayagua,2008-04-23,16.558,14.25,272.25
ocotepeque,2008-04-23,20.335,14.25,270.75
copan,2008-04-23,23.253,14.75,271.25
comayagua,2008-04-24,16.552,14.25,272.25
ocotepeque,2008-04-24,15.165,14.25,270.75
copan,2008-04-24,13.303,14.75,271.25
comayagua,2008-04-25,14.422,14.25,272.25
ocotepeque,2008-04-25,14.252,14.25,270.75
copan,2008-04-25,12.642,14.75,271.25
comayagua,2008-04-26,14.784,14.25,272.25
ocotepeque,2008-04-26,16.148,14.25,270.75
copan,2008-04-26,16.033,14.75,271.25
comayagua,2008-04-27,14.937,14.25,272.25
ocotepeque,2008-04-27,16.239,14.25,270.75
copan,2008-04-27,14.916,14.75,271.25
comayagua,2008-04-28,14.963,14.25,272.25
ocotepeque,2008-04-28,14.013,14.25,270.75
copan,2008-04-28,11.578,14.75,271.25
comayagua,2008-04-29,16.965,14.25,272.25
ocotepeque,2008-04-29,15.377,14.25,270.75
copan,2008-04-29,13.248,14.75,271.25
comayagua,2008-04-30,16.274,14.25,272.25
ocotepeque,2008-04-30,14.637,14.25,270.75
copan,2008-04-30,12.483,14.75,271.25
comayagua,2008-05-01,15.272,14.25,272.25
ocotepeque,2008-05-01,14.561,14.25,270.75
copan,2008-05-01,13.291,14.75,271.25
comayagua,2008-05-02,18.3,14.25,272.25
ocotepeque,2008-05-02,17.72,14.25,270.75
copan,2008-05-02,16.144,14.75,271.25
comayagua,2008-05-03,18.548,14.25,272.25
ocotepeque,2008-05-03,17.938,14.25,270.75
copan,2008-05-03,17.578,14.75,271.25
comayagua,2008-05-04,19.807,14.25,272.25
ocotepeque,2008-05-04,19.529,14.25,270.75
copan,2008-05-04,19.193,14.75,271.25
comayagua,2008-05-05,19.328,14.25,272.25
ocotepeque,2008-05-05,18.407,14.25,270.75
copan,2008-05-05,17.592,14.75,271.25
comayagua,2008-05-06,17.94,14.25,272.25
ocotepeque,2008-05-06,16.311,14.25,270.75
copan,2008-05-06,14.651,14.75,271.25
comayagua,2008-05-07,15.833,14.25,272.25
ocotepeque,2008-05-07,14.518,14.25,270.75
copan,2008-05-07,13.163,14.75,271.25
comayagua,2008-05-08,16.511,14.25,272.25
ocotepeque,2008-05-08,17.189,14.25,270.75
copan,2008-05-08,16.815,14.75,271.25
comayagua,2008-05-09,17.491,14.25,272.25
ocotepeque,2008-05-09,17.479,14.25,270.75
copan,2008-05-09,16.404,14.75,271.25
comayagua,2008-05-10,22.316,14.25,272.25
ocotepeque,2008-05-10,19.422,14.25,270.75
copan,2008-05-10,16.88,14.75,271.25
comayagua,2008-05-11,19.314,14.25,272.25
ocotepeque,2008-05-11,19.125,14.25,270.75
copan,2008-05-11,18.212,14.75,271.25
comayagua,2008-05-12,18.763,14.25,272.25
ocotepeque,2008-05-12,17.75,14.25,270.75
copan,2008-05-12,16.453,14.75,271.25
comayagua,2008-05-13,18.004,14.25,272.25
ocotepeque,2008-05-13,16.717,14.25,270.75
copan,2008-05-13,16.301,14.75,271.25
comayagua,2008-05-14,17.71,14.25,272.25
ocotepeque,2008-05-14,18.194,14.25,270.75
copan,2008-05-14,18.365,14.75,271.25
comayagua,2008-05-15,17.657,14.25,272.25
ocotepeque,2008-05-15,18.643,14.25,270.75
copan,2008-05-15,18.68,14.75,271.25
comayagua,2008-05-16,19.042,14.25,272.25
ocotepeque,2008-05-16,17.711,14.25,270.75
copan,2008-05-16,17.332,14.75,271.25
comayagua,2008-05-17,18.287,14.25,272.25
ocotepeque,2008-05-17,18.082,14.25,270.75
copan,2008-05-17,17.436,14.75,271.25
comayagua,2008-05-18,18.757,14.25,272.25
ocotepeque,2008-05-18,18.709,14.25,270.75
copan,2008-05-18,17.838,14.75,271.25
comayagua,2008-05-19,17.464,14.25,272.25
ocotepeque,2008-05-19,17.75,14.25,270.75
copan,2008-05-19,16.991,14.75,271.25
comayagua,2008-05-20,17.828,14.25,272.25
ocotepeque,2008-05-20,17.536,14.25,270.75
copan,2008-05-20,16.977,14.75,271.25
comayagua,2008-05-21,17.824,14.25,272.25
ocotepeque,2008-05-21,17.905,14.25,270.75
copan,2008-05-21,17.869,14.75,271.25
comayagua,2008-05-22,19.188,14.25,272.25
ocotepeque,2008-05-22,19.046,14.25,270.75
copan,2008-05-22,18.248,14.75,271.25
comayagua,2008-05-23,19.279,14.25,272.25
ocotepeque,2008-05-23,18.959,14.25,270.75
copan,2008-05-23,18.2,14.75,271.25
comayagua,2008-05-24,19.732,14.25,272.25
ocotepeque,2008-05-24,19.123,14.25,270.75
copan,2008-05-24,18.385,14.75,271.25
comayagua,2008-05-25,18.371,14.25,272.25
ocotepeque,2008-05-25,18.262,14.25,270.75
copan,2008-05-25,17.691,14.75,271.25
comayagua,2008-05-26,17.616,14.25,272.25
ocotepeque,2008-05-26,17.48,14.25,270.75
copan,2008-05-26,16.725,14.75,271.25
comayagua,2008-05-27,18.464,14.25,272.25
ocotepeque,2008-05-27,17.842,14.25,270.75
copan,2008-05-27,17.143,14.75,271.25
comayagua,2008-05-28,18.477,14.25,272.25
ocotepeque,2008-05-28,17.377,14.25,270.75
copan,2008-05-28,16.503,14.75,271.25
comayagua,2008-05-29,18.91,14.25,272.25
ocotepeque,2008-05-29,17.929,14.25,270.75
copan,2008-05-29,17.571,14.75,271.25
comayagua,2008-05-30,18.206,14.25,272.25
ocotepeque,2008-05-30,18.148,14.25,270.75
copan,2008-05-30,17.62,14.75,271.25
comayagua,2008-05-31,18.279,14.25,272.25
ocotepeque,2008-05-31,18.746,14.25,270.75
copan,2008-05-31,18.426,14.75,271.25
comayagua,2008-06-01,18.405,14.25,272.25
ocotepeque,2008-06-01,17.799,14.25,270.75
copan,2008-06-01,17.527,14.75,271.25
comayagua,2008-06-02,19.266,14.25,272.25
ocotepeque,2008-06-02,18.413,14.25,270.75
copan,2008-06-02,17.998,14.75,271.25
comayagua,2008-06-03,18.602,14.25,272.25
ocotepeque,2008-06-03,17.965,14.25,270.75
copan,2008-06-03,17.703,14.75,271.25
comayagua,2008-06-04,18.505,14.25,272.25
ocotepeque,2008-06-04,18.158,14.25,270.75
copan,2008-06-04,18.554,14.75,271.25
comayagua,2008-06-05,18.1,14.25,272.25
ocotepeque,2008-06-05,18.076,14.25,270.75
copan,2008-06-05,18.112,14.75,271.25
comayagua,2008-06-06,18.104,14.25,272.25
ocotepeque,2008-06-06,17.938,14.25,270.75
copan,2008-06-06,18.149,14.75,271.25
comayagua,2008-06-07,17.552,14.25,272.25
ocotepeque,2008-06-07,17.234,14.25,270.75
copan,2008-06-07,16.906,14.75,271.25
comayagua,2008-06-08,18.352,14.25,272.25
ocotepeque,2008-06-08,17.612,14.25,270.75
copan,2008-06-08,17.929,14.75,271.25
comayagua,2008-06-09,17.713,14.25,272.25
ocotepeque,2008-06-09,17.186,14.25,270.75
copan,2008-06-09,16.998,14.75,271.25
comayagua,2008-06-10,17.523,14.25,272.25
ocotepeque,2008-06-10,16.714,14.25,270.75
copan,2008-06-10,15.959,14.75,271.25
comayagua,2008-06-11,17.93,14.25,272.25
ocotepeque,2008-06-11,17.814,14.25,270.75
copan,2008-06-11,17.671,14.75,271.25
comayagua,2008-06-12,18.053,14.25,272.25
ocotepeque,2008-06-12,17.925,14.25,270.75
copan,2008-06-12,17.993,14.75,271.25
comayagua,2008-06-13,16.604,14.25,272.25
ocotepeque,2008-06-13,16.192,14.25,270.75
copan,2008-06-13,16.888,14.75,271.25
comayagua,2008-06-14,18.981,14.25,272.25
ocotepeque,2008-06-14,18.23,14.25,270.75
copan,2008-06-14,18.111,14.75,271.25
comayagua,2008-06-15,19.029,14.25,272.25
ocotepeque,2008-06-15,18.071,14.25,270.75
copan,2008-06-15,17.557,14.75,271.25
comayagua,2008-06-16,18.905,14.25,272.25
ocotepeque,2008-06-16,17.667,14.25,270.75
copan,2008-06-16,17.178,14.75,271.25
comayagua,2008-06-17,19.736,14.25,272.25
ocotepeque,2008-06-17,18.444,14.25,270.75
copan,2008-06-17,17.865,14.75,271.25
comayagua,2008-06-18,24.006,14.25,272.25
ocotepeque,2008-06-18,22.654,14.25,270.75
copan,2008-06-18,24.807,14.75,271.25
comayagua,2008-06-19,19.576,14.25,272.25
ocotepeque,2008-06-19,18.664,14.25,270.75
copan,2008-06-19,18.982,14.75,271.25
comayagua,2008-06-20,18.18,14.25,272.25
ocotepeque,2008-06-20,18.377,14.25,270.75
copan,2008-06-20,18.259,14.75,271.25
comayagua,2008-06-21,18.68,14.25,272.25
ocotepeque,2008-06-21,18.077,14.25,270.75
copan,2008-06-21,18.511,14.75,271.25
comayagua,2008-06-22,19.362,14.25,272.25
ocotepeque,2008-06-22,18.058,14.25,270.75
copan,2008-06-22,17.959,14.75,271.25
comayagua,2008-06-23,19.492,14.25,272.25
ocotepeque,2008-06-23,18.308,14.25,270.75
copan,2008-06-23,18.098,14.75,271.25
comayagua,2008-06-24,19.369,14.25,272.25
ocotepeque,2008-06-24,17.649,14.25,270.75
copan,2008-06-24,17.359,14.75,271.25
comayagua,2008-06-25,19.064,14.25,272.25
ocotepeque,2008-06-25,17.226,14.25,270.75
copan,2008-06-25,16.579,14.75,271.25
comayagua,2008-06-26,18.389,14.25,272.25
ocotepeque,2008-06-26,16.692,14.25,270.75
copan,2008-06-26,16.208,14.75,271.25
comayagua,2008-06-27,18.092,14.25,272.25
ocotepeque,2008-06-27,17.239,14.25,270.75
copan,2008-06-27,17.355,14.75,271.25
comayagua,2008-06-28,19.597,14.25,272.25
ocotepeque,2008-06-28,17.783,14.25,270.75
copan,2008-06-28,17.541,14.75,271.25
comayagua,2008-06-29,18.629,14.25,272.25
ocotepeque,2008-06-29,16.39,14.25,270.75
copan,2008-06-29,15.994,14.75,271.25
comayagua,2008-06-30,18.834,14.25,272.25
ocotepeque,2008-06-30,17.913,14.25,270.75
copan,2008-06-30,17.964,14.75,271.25
comayagua,2008-07-01,20.145,14.25,272.25
ocotepeque,2008-07-01,18.547,14.25,270.75
copan,2008-07-01,18.169,14.75,271.25
comayagua,2008-07-02,17.543,14.25,272.25
ocotepeque,2008-07-02,17.193,14.25,270.75
copan,2008-07-02,16.767,14.75,271.25
comayagua,2008-07-03,18.007,14.25,272.25
ocotepeque,2008-07-03,17.053,14.25,270.75
copan,2008-07-03,16.621,14.75,271.25
comayagua,2008-07-04,18.375,14.25,272.25
ocotepeque,2008-07-04,17.603,14.25,270.75
copan,2008-07-04,17.07,14.75,271.25
comayagua,2008-07-05,19.925,14.25,272.25
ocotepeque,2008-07-05,17.951,14.25,270.75
copan,2008-07-05,17.389,14.75,271.25
comayagua,2008-07-06,19.351,14.25,272.25
ocotepeque,2008-07-06,17.545,14.25,270.75
copan,2008-07-06,16.617,14.75,271.25
comayagua,2008-07-07,18.123,14.25,272.25
ocotepeque,2008-07-07,17.903,14.25,270.75
copan,2008-07-07,17.49,14.75,271.25
comayagua,2008-07-08,17.276,14.25,272.25
ocotepeque,2008-07-08,18.425,14.25,270.75
copan,2008-07-08,18.49,14.75,271.25
comayagua,2008-07-09,17.622,14.25,272.25
ocotepeque,2008-07-09,17.461,14.25,270.75
copan,2008-07-09,17.421,14.75,271.25
comayagua,2008-07-10,17.173,14.25,272.25
ocotepeque,2008-07-10,17.455,14.25,270.75
copan,2008-07-10,17.41,14.75,271.25
comayagua,2008-07-11,18.289,14.25,272.25
ocotepeque,2008-07-11,17.466,14.25,270.75
copan,2008-07-11,17.082,14.75,271.25
comayagua,2008-07-12,17.891,14.25,272.25
ocotepeque,2008-07-12,16.534,14.25,270.75
copan,2008-07-12,15.881,14.75,271.25
comayagua,2008-07-13,17.328,14.25,272.25
ocotepeque,2008-07-13,16.324,14.25,270.75
copan,2008-07-13,15.438,14.75,271.25
comayagua,2008-07-14,18.704,14.25,272.25
ocotepeque,2008-07-14,18.18,14.25,270.75
copan,2008-07-14,17.484,14.75,271.25
comayagua,2008-07-15,17.065,14.25,272.25
ocotepeque,2008-07-15,15.66,14.25,270.75
copan,2008-07-15,15.5,14.75,271.25
comayagua,2008-07-16,16.443,14.25,272.25
ocotepeque,2008-07-16,16.092,14.25,270.75
copan,2008-07-16,15.779,14.75,271.25
comayagua,2008-07-17,18.695,14.25,272.25
ocotepeque,2008-07-17,17.542,14.25,270.75
copan,2008-07-17,16.424,14.75,271.25
comayagua,2008-07-18,19.35,14.25,272.25
ocotepeque,2008-07-18,18.115,14.25,270.75
copan,2008-07-18,17.766,14.75,271.25
comayagua,2008-07-19,18.05,14.25,272.25
ocotepeque,2008-07-19,17.533,14.25,270.75
copan,2008-07-19,16.826,14.75,271.25
comayagua,2008-07-20,17.764,14.25,272.25
ocotepeque,2008-07-20,18.136,14.25,270.75
copan,2008-07-20,17.831,14.75,271.25
comayagua,2008-07-21,17.81,14.25,272.25
ocotepeque,2008-07-21,17.937,14.25,270.75
copan,2008-07-21,17.826,14.75,271.25
comayagua,2008-07-22,17.8,14.25,272.25
ocotepeque,2008-07-22,17.863,14.25,270.75
copan,2008-07-22,17.545,14.75,271.25
comayagua,2008-07-23,16.576,14.25,272.25
ocotepeque,2008-07-23,16.79,14.25,270.75
copan,2008-07-23,16.504,14.75,271.25
comayagua,2008-07-24,17.355,14.25,272.25
ocotepeque,2008-07-24,17.316,14.25,270.75
copan,2008-07-24,17.279,14.75,271.25
comayagua,2008-07-25,17.179,14.25,272.25
ocotepeque,2008-07-25,15.563,14.25,270.75
copan,2008-07-25,15.333,14.75,271.25
comayagua,2008-07-26,19.146,14.25,272.25
ocotepeque,2008-07-26,18.521,14.25,270.75
copan,2008-07-26,18.413,14.75,271.25
comayagua,2008-07-27,18.235,14.25,272.25
ocotepeque,2008-07-27,18.228,14.25,270.75
copan,2008-07-27,17.958,14.75,271.25
comayagua,2008-07-28,17.136,14.25,272.25
ocotepeque,2008-07-28,16.809,14.25,270.75
copan,2008-07-28,16.378,14.75,271.25
comayagua,2008-07-29,16.953,14.25,272.25
ocotepeque,2008-07-29,16.82,14.25,270.75
copan,2008-07-29,16.151,14.75,271.25
comayagua,2008-07-30,17.315,14.25,272.25
ocotepeque,2008-07-30,17.114,14.25,270.75
copan,2008-07-30,16.489,14.75,271.25
comayagua,2008-07-31,17.963,14.25,272.25
ocotepeque,2008-07-31,17.916,14.25,270.75
copan,2008-07-31,17.646,14.75,271.25
comayagua,2008-08-01,17.045,14.25,272.25
ocotepeque,2008-08-01,17.039,14.25,270.75
copan,2008-08-01,16.948,14.75,271.25
comayagua,2008-08-02,16.357,14.25,272.25
ocotepeque,2008-08-02,17.28,14.25,270.75
copan,2008-08-02,17.588,14.75,271.25
comayagua,2008-08-03,17.949,14.25,272.25
ocotepeque,2008-08-03,16.835,14.25,270.75
copan,2008-08-03,16.649,14.75,271.25
comayagua,2008-08-04,17.411,14.25,272.25
ocotepeque,2008-08-04,16.232,14.25,270.75
copan,2008-08-04,15.653,14.75,271.25
comayagua,2008-08-05,17.758,14.25,272.25
ocotepeque,2008-08-05,17.366,14.25,270.75
copan,2008-08-05,16.972,14.75,271.25
comayagua,2008-08-06,17.881,14.25,272.25
ocotepeque,2008-08-06,16.572,14.25,270.75
copan,2008-08-06,16.298,14.75,271.25
comayagua,2008-08-07,19.773,14.25,272.25
ocotepeque,2008-08-07,19.231,14.25,270.75
copan,2008-08-07,19.075,14.75,271.25
comayagua,2008-08-08,19.135,14.25,272.25
ocotepeque,2008-08-08,18.33,14.25,270.75
copan,2008-08-08,18.061,14.75,271.25
comayagua,2008-08-09,17.74,14.25,272.25
ocotepeque,2008-08-09,16.904,14.25,270.75
copan,2008-08-09,16.621,14.75,271.25
comayagua,2008-08-10,16.832,14.25,272.25
ocotepeque,2008-08-10,17.172,14.25,270.75
copan,2008-08-10,17.512,14.75,271.25
comayagua,2008-08-11,16.176,14.25,272.25
ocotepeque,2008-08-11,17.643,14.25,270.75
copan,2008-08-11,18.004,14.75,271.25
comayagua,2008-08-12,17.229,14.25,272.25
ocotepeque,2008-08-12,16.545,14.25,270.75
copan,2008-08-12,16.746,14.75,271.25
comayagua,2008-08-13,18.33,14.25,272.25
ocotepeque,2008-08-13,18.202,14.25,270.75
copan,2008-08-13,18.031,14.75,271.25
comayagua,2008-08-14,18.289,14.25,272.25
ocotepeque,2008-08-14,17.728,14.25,270.75
copan,2008-08-14,17.914,14.75,271.25
comayagua,2008-08-15,16.895,14.25,272.25
ocotepeque,2008-08-15,16.995,14.25,270.75
copan,2008-08-15,16.574,14.75,271.25
comayagua,2008-08-16,17.253,14.25,272.25
ocotepeque,2008-08-16,17.669,14.25,270.75
copan,2008-08-16,17.77,14.75,271.25
comayagua,2008-08-17,18.258,14.25,272.25
ocotepeque,2008-08-17,18.634,14.25,270.75
copan,2008-08-17,18.572,14.75,271.25
comayagua,2008-08-18,17.02,14.25,272.25
ocotepeque,2008-08-18,15.584,14.25,270.75
copan,2008-08-18,15.136,14.75,271.25
comayagua,2008-08-19,17.741,14.25,272.25
ocotepeque,2008-08-19,16.768,14.25,270.75
copan,2008-08-19,16.784,14.75,271.25
comayagua,2008-08-20,18.634,14.25,272.25
ocotepeque,2008-08-20,17.156,14.25,270.75
copan,2008-08-20,16.491,14.75,271.25
comayagua,2008-08-21,18.387,14.25,272.25
ocotepeque,2008-08-21,17.654,14.25,270.75
copan,2008-08-21,17.492,14.75,271.25
comayagua,2008-08-22,16.777,14.25,272.25
ocotepeque,2008-08-22,16.495,14.25,270.75
copan,2008-08-22,16.235,14.75,271.25
comayagua,2008-08-23,17.248,14.25,272.25
ocotepeque,2008-08-23,16.376,14.25,270.75
copan,2008-08-23,15.894,14.75,271.25
comayagua,2008-08-24,15.638,14.25,272.25
ocotepeque,2008-08-24,17.037,14.25,270.75
copan,2008-08-24,15.64,14.75,271.25
comayagua,2008-08-25,17.728,14.25,272.25
ocotepeque,2008-08-25,16.108,14.25,270.75
copan,2008-08-25,15.772,14.75,271.25
comayagua,2008-08-26,18.48,14.25,272.25
ocotepeque,2008-08-26,17.541,14.25,270.75
copan,2008-08-26,17.341,14.75,271.25
comayagua,2008-08-27,18.797,14.25,272.25
ocotepeque,2008-08-27,18.066,14.25,270.75
copan,2008-08-27,17.901,14.75,271.25
comayagua,2008-08-28,18.875,14.25,272.25
ocotepeque,2008-08-28,18.727,14.25,270.75
copan,2008-08-28,18.756,14.75,271.25
comayagua,2008-08-29,18.157,14.25,272.25
ocotepeque,2008-08-29,16.586,14.25,270.75
copan,2008-08-29,15.791,14.75,271.25
comayagua,2008-08-30,17.584,14.25,272.25
ocotepeque,2008-08-30,16.207,14.25,270.75
copan,2008-08-30,15.455,14.75,271.25
comayagua,2008-08-31,18.376,14.25,272.25
ocotepeque,2008-08-31,18.046,14.25,270.75
copan,2008-08-31,18.143,14.75,271.25
comayagua,2008-09-01,19.267,14.25,272.25
ocotepeque,2008-09-01,18.649,14.25,270.75
copan,2008-09-01,18.624,14.75,271.25
comayagua,2008-09-02,18.944,14.25,272.25
ocotepeque,2008-09-02,18.136,14.25,270.75
copan,2008-09-02,17.482,14.75,271.25
comayagua,2008-09-03,18.545,14.25,272.25
ocotepeque,2008-09-03,18.219,14.25,270.75
copan,2008-09-03,18.15,14.75,271.25
comayagua,2008-09-04,18.912,14.25,272.25
ocotepeque,2008-09-04,17.896,14.25,270.75
copan,2008-09-04,17.378,14.75,271.25
comayagua,2008-09-05,18.134,14.25,272.25
ocotepeque,2008-09-05,17.353,14.25,270.75
copan,2008-09-05,17.508,14.75,271.25
comayagua,2008-09-06,18.948,14.25,272.25
ocotepeque,2008-09-06,17.633,14.25,270.75
copan,2008-09-06,17.475,14.75,271.25
comayagua,2008-09-07,16.162,14.25,272.25
ocotepeque,2008-09-07,16.273,14.25,270.75
copan,2008-09-07,16.543,14.75,271.25
comayagua,2008-09-08,18.223,14.25,272.25
ocotepeque,2008-09-08,18.169,14.25,270.75
copan,2008-09-08,18.342,14.75,271.25
comayagua,2008-09-09,17.807,14.25,272.25
ocotepeque,2008-09-09,18.122,14.25,270.75
copan,2008-09-09,17.735,14.75,271.25
comayagua,2008-09-10,18.015,14.25,272.25
ocotepeque,2008-09-10,18.291,14.25,270.75
copan,2008-09-10,18.409,14.75,271.25
comayagua,2008-09-11,17.385,14.25,272.25
ocotepeque,2008-09-11,18.172,14.25,270.75
copan,2008-09-11,18.387,14.75,271.25
comayagua,2008-09-12,17.278,14.25,272.25
ocotepeque,2008-09-12,17.172,14.25,270.75
copan,2008-09-12,17.151,14.75,271.25
comayagua,2008-09-13,16.758,14.25,272.25
ocotepeque,2008-09-13,18.549,14.25,270.75
copan,2008-09-13,17.69,14.75,271.25
comayagua,2008-09-14,16.484,14.25,272.25
ocotepeque,2008-09-14,16.564,14.25,270.75
copan,2008-09-14,16.338,14.75,271.25
comayagua,2008-09-15,16.911,14.25,272.25
ocotepeque,2008-09-15,16.066,14.25,270.75
copan,2008-09-15,15.95,14.75,271.25
comayagua,2008-09-16,18.316,14.25,272.25
ocotepeque,2008-09-16,17.829,14.25,270.75
copan,2008-09-16,17.632,14.75,271.25
comayagua,2008-09-17,18.324,14.25,272.25
ocotepeque,2008-09-17,18.555,14.25,270.75
copan,2008-09-17,18.101,14.75,271.25
comayagua,2008-09-18,18.743,14.25,272.25
ocotepeque,2008-09-18,18.29,14.25,270.75
copan,2008-09-18,17.92,14.75,271.25
comayagua,2008-09-19,18.787,14.25,272.25
ocotepeque,2008-09-19,18.402,14.25,270.75
copan,2008-09-19,17.93,14.75,271.25
comayagua,2008-09-20,17.834,14.25,272.25
ocotepeque,2008-09-20,17.839,14.25,270.75
copan,2008-09-20,17.746,14.75,271.25
comayagua,2008-09-21,18.619,14.25,272.25
ocotepeque,2008-09-21,17.644,14.25,270.75
copan,2008-09-21,17.083,14.75,271.25
comayagua,2008-09-22,19.296,14.25,272.25
ocotepeque,2008-09-22,18.186,14.25,270.75
copan,2008-09-22,17.446,14.75,271.25
comayagua,2008-09-23,19.164,14.25,272.25
ocotepeque,2008-09-23,19.352,14.25,270.75
copan,2008-09-23,19.21,14.75,271.25
comayagua,2008-09-24,18.203,14.25,272.25
ocotepeque,2008-09-24,15.537,14.25,270.75
copan,2008-09-24,14.32,14.75,271.25
comayagua,2008-09-25,19.033,14.25,272.25
ocotepeque,2008-09-25,17.727,14.25,270.75
copan,2008-09-25,18.089,14.75,271.25
comayagua,2008-09-26,18.641,14.25,272.25
ocotepeque,2008-09-26,18.709,14.25,270.75
copan,2008-09-26,18.149,14.75,271.25
comayagua,2008-09-27,18.885,14.25,272.25
ocotepeque,2008-09-27,17.728,14.25,270.75
copan,2008-09-27,17.947,14.75,271.25
comayagua,2008-09-28,18.641,14.25,272.25
ocotepeque,2008-09-28,18.862,14.25,270.75
copan,2008-09-28,18.584,14.75,271.25
comayagua,2008-09-29,18.727,14.25,272.25
ocotepeque,2008-09-29,17.711,14.25,270.75
copan,2008-09-29,17.581,14.75,271.25
comayagua,2008-09-30,17.372,14.25,272.25
ocotepeque,2008-09-30,17.055,14.25,270.75
copan,2008-09-30,16.711,14.75,271.25
comayagua,2008-10-01,18.353,14.25,272.25
ocotepeque,2008-10-01,17.652,14.25,270.75
copan,2008-10-01,17.148,14.75,271.25
comayagua,2008-10-02,18.024,14.25,272.25
ocotepeque,2008-10-02,17.747,14.25,270.75
copan,2008-10-02,17.388,14.75,271.25
comayagua,2008-10-03,19.306,14.25,272.25
ocotepeque,2008-10-03,18.444,14.25,270.75
copan,2008-10-03,17.959,14.75,271.25
comayagua,2008-10-04,18.85,14.25,272.25
ocotepeque,2008-10-04,18.203,14.25,270.75
copan,2008-10-04,17.607,14.75,271.25
comayagua,2008-10-05,18.895,14.25,272.25
ocotepeque,2008-10-05,17.712,14.25,270.75
copan,2008-10-05,17.083,14.75,271.25
comayagua,2008-10-06,18.635,14.25,272.25
ocotepeque,2008-10-06,18.223,14.25,270.75
copan,2008-10-06,17.64,14.75,271.25
comayagua,2008-10-07,19.044,14.25,272.25
ocotepeque,2008-10-07,18.236,14.25,270.75
copan,2008-10-07,17.44,14.75,271.25
comayagua,2008-10-08,18.996,14.25,272.25
ocotepeque,2008-10-08,18.584,14.25,270.75
copan,2008-10-08,18.151,14.75,271.25
comayagua,2008-10-09,17.81,14.25,272.25
ocotepeque,2008-10-09,17.311,14.25,270.75
copan,2008-10-09,16.755,14.75,271.25
comayagua,2008-10-10,17.045,14.25,272.25
ocotepeque,2008-10-10,16.094,14.25,270.75
copan,2008-10-10,15.916,14.75,271.25
comayagua,2008-10-11,18.968,14.25,272.25
ocotepeque,2008-10-11,18.009,14.25,270.75
copan,2008-10-11,17.968,14.75,271.25
comayagua,2008-10-12,17.859,14.25,272.25
ocotepeque,2008-10-12,16.971,14.25,270.75
copan,2008-10-12,16.739,14.75,271.25
comayagua,2008-10-13,17.556,14.25,272.25
ocotepeque,2008-10-13,16.083,14.25,270.75
copan,2008-10-13,15.437,14.75,271.25
comayagua,2008-10-14,17.78,14.25,272.25
ocotepeque,2008-10-14,15.465,14.25,270.75
copan,2008-10-14,14.593,14.75,271.25
comayagua,2008-10-15,13.519,14.25,272.25
ocotepeque,2008-10-15,18.288,14.25,270.75
copan,2008-10-15,17.662,14.75,271.25
comayagua,2008-10-16,17.926,14.25,272.25
ocotepeque,2008-10-16,17.606,14.25,270.75
copan,2008-10-16,16.685,14.75,271.25
comayagua,2008-10-17,18.292,14.25,272.25
ocotepeque,2008-10-17,17.209,14.25,270.75
copan,2008-10-17,16.607,14.75,271.25
comayagua,2008-10-18,18.672,14.25,272.25
ocotepeque,2008-10-18,18.401,14.25,270.75
copan,2008-10-18,17.821,14.75,271.25
comayagua,2008-10-19,18.284,14.25,272.25
ocotepeque,2008-10-19,18.016,14.25,270.75
copan,2008-10-19,17.403,14.75,271.25
comayagua,2008-10-20,19.049,14.25,272.25
ocotepeque,2008-10-20,18.041,14.25,270.75
copan,2008-10-20,17.592,14.75,271.25
comayagua,2008-10-21,18.255,14.25,272.25
ocotepeque,2008-10-21,18.117,14.25,270.75
copan,2008-10-21,17.56,14.75,271.25
comayagua,2008-10-22,18.744,14.25,272.25
ocotepeque,2008-10-22,17.69,14.25,270.75
copan,2008-10-22,17.472,14.75,271.25
comayagua,2008-10-23,18.479,14.25,272.25
ocotepeque,2008-10-23,18.078,14.25,270.75
copan,2008-10-23,17.782,14.75,271.25
comayagua,2008-10-24,18.922,14.25,272.25
ocotepeque,2008-10-24,18.012,14.25,270.75
copan,2008-10-24,17.534,14.75,271.25
comayagua,2008-10-25,18.91,14.25,272.25
ocotepeque,2008-10-25,17.839,14.25,270.75
copan,2008-10-25,17.371,14.75,271.25
comayagua,2008-10-26,19.268,14.25,272.25
ocotepeque,2008-10-26,18.2,14.25,270.75
copan,2008-10-26,17.759,14.75,271.25
comayagua,2008-10-27,19.094,14.25,272.25
ocotepeque,2008-10-27,17.931,14.25,270.75
copan,2008-10-27,17.524,14.75,271.25
comayagua,2008-10-28,16.62,14.25,272.25
ocotepeque,2008-10-28,15.396,14.25,270.75
copan,2008-10-28,14.502,14.75,271.25
comayagua,2008-10-29,16.166,14.25,272.25
ocotepeque,2008-10-29,14.443,14.25,270.75
copan,2008-10-29,13.795,14.75,271.25
comayagua,2008-10-30,15.39,14.25,272.25
ocotepeque,2008-10-30,13.274,14.25,270.75
copan,2008-10-30,13.035,14.75,271.25
comayagua,2008-10-31,16.075,14.25,272.25
ocotepeque,2008-10-31,14.262,14.25,270.75
copan,2008-10-31,13.395,14.75,271.25
comayagua,2008-11-01,16.244,14.25,272.25
ocotepeque,2008-11-01,14.707,14.25,270.75
copan,2008-11-01,13.955,14.75,271.25
comayagua,2008-11-02,16.195,14.25,272.25
ocotepeque,2008-11-02,14.834,14.25,270.75
copan,2008-11-02,14.367,14.75,271.25
comayagua,2008-11-03,16.195,14.25,272.25
ocotepeque,2008-11-03,14.121,14.25,270.75
copan,2008-11-03,13.795,14.75,271.25
comayagua,2008-11-04,15.985,14.25,272.25
ocotepeque,2008-11-04,13.548,14.25,270.75
copan,2008-11-04,12.699,14.75,271.25
comayagua,2008-11-05,23.081,14.25,272.25
ocotepeque,2008-11-05,18.291,14.25,270.75
copan,2008-11-05,17.833,14.75,271.25
comayagua,2008-11-06,14.743,14.25,272.25
ocotepeque,2008-11-06,12.798,14.25,270.75
copan,2008-11-06,11.51,14.75,271.25
comayagua,2008-11-07,15.633,14.25,272.25
ocotepeque,2008-11-07,13.538,14.25,270.75
copan,2008-11-07,12.355,14.75,271.25
comayagua,2008-11-08,16.206,14.25,272.25
ocotepeque,2008-11-08,15.222,14.25,270.75
copan,2008-11-08,14.583,14.75,271.25
comayagua,2008-11-09,15.594,14.25,272.25
ocotepeque,2008-11-09,15.066,14.25,270.75
copan,2008-11-09,14.467,14.75,271.25
comayagua,2008-11-10,14.263,14.25,272.25
ocotepeque,2008-11-10,12.154,14.25,270.75
copan,2008-11-10,9.999,14.75,271.25
comayagua,2008-11-11,15.385,14.25,272.25
ocotepeque,2008-11-11,14.69,14.25,270.75
copan,2008-11-11,13.769,14.75,271.25
comayagua,2008-11-12,15.713,14.25,272.25
ocotepeque,2008-11-12,15.893,14.25,270.75
copan,2008-11-12,15.889,14.75,271.25
comayagua,2008-11-13,16.044,14.25,272.25
ocotepeque,2008-11-13,15.436,14.25,270.75
copan,2008-11-13,14.352,14.75,271.25
comayagua,2008-11-14,15.179,14.25,272.25
ocotepeque,2008-11-14,16.164,14.25,270.75
copan,2008-11-14,15.866,14.75,271.25
comayagua,2008-11-15,14.757,14.25,272.25
ocotepeque,2008-11-15,16.083,14.25,270.75
copan,2008-11-15,15.841,14.75,271.25
comayagua,2008-11-16,17.156,14.25,272.25
ocotepeque,2008-11-16,17.05,14.25,270.75
copan,2008-11-16,15.783,14.75,271.25
comayagua,2008-11-17,15.665,14.25,272.25
ocotepeque,2008-11-17,13.319,14.25,270.75
copan,2008-11-17,12.35,14.75,271.25
comayagua,2008-11-18,15.327,14.25,272.25
ocotepeque,2008-11-18,13.345,14.25,270.75
copan,2008-11-18,12.614,14.75,271.25
comayagua,2008-11-19,14.863,14.25,272.25
ocotepeque,2008-11-19,13.186,14.25,270.75
copan,2008-11-19,12.596,14.75,271.25
comayagua,2008-11-20,14.893,14.25,272.25
ocotepeque,2008-11-20,13.337,14.25,270.75
copan,2008-11-20,13.073,14.75,271.25
comayagua,2008-11-21,14.127,14.25,272.25
ocotepeque,2008-11-21,12.565,14.25,270.75
copan,2008-11-21,11.754,14.75,271.25
comayagua,2008-11-22,15.383,14.25,272.25
ocotepeque,2008-11-22,14.223,14.25,270.75
copan,2008-11-22,13.776,14.75,271.25
comayagua,2008-11-23,15.745,14.25,272.25
ocotepeque,2008-11-23,14.655,14.25,270.75
copan,2008-11-23,13.945,14.75,271.25
comayagua,2008-11-24,15.406,14.25,272.25
ocotepeque,2008-11-24,13.539,14.25,270.75
copan,2008-11-24,12.455,14.75,271.25
comayagua,2008-11-25,16.834,14.25,272.25
ocotepeque,2008-11-25,15.17,14.25,270.75
copan,2008-11-25,14.452,14.75,271.25
comayagua,2008-11-26,15.362,14.25,272.25
ocotepeque,2008-11-26,14.224,14.25,270.75
copan,2008-11-26,14.075,14.75,271.25
comayagua,2008-11-27,15.068,14.25,272.25
ocotepeque,2008-11-27,14.047,14.25,270.75
copan,2008-11-27,13.7,14.75,271.25
comayagua,2008-11-28,14.188,14.25,272.25
ocotepeque,2008-11-28,14.275,14.25,270.75
copan,2008-11-28,14.099,14.75,271.25
comayagua,2008-11-29,11.176,14.25,272.25
ocotepeque,2008-11-29,12.075,14.25,270.75
copan,2008-11-29,10.45,14.75,271.25
comayagua,2008-11-30,13.532,14.25,272.25
ocotepeque,2008-11-30,15.401,14.25,270.75
copan,2008-11-30,15.772,14.75,271.25
comayagua,2008-12-01,12.783,14.25,272.25
ocotepeque,2008-12-01,14.085,14.25,270.75
copan,2008-12-01,13.82,14.75,271.25
comayagua,2008-12-02,14.897,14.25,272.25
ocotepeque,2008-12-02,13.487,14.25,270.75
copan,2008-12-02,12.323,14.75,271.25
comayagua,2008-12-03,14.721,14.25,272.25
ocotepeque,2008-12-03,13.149,14.25,270.75
copan,2008-12-03,11.963,14.75,271.25
comayagua,2008-12-04,14.607,14.25,272.25
ocotepeque,2008-12-04,12.477,14.25,270.75
copan,2008-12-04,11.019,14.75,271.25
comayagua,2008-12-05,17.357,14.25,272.25
ocotepeque,2008-12-05,16.285,14.25,270.75
copan,2008-12-05,15.542,14.75,271.25
comayagua,2008-12-06,16.798,14.25,272.25
ocotepeque,2008-12-06,15.429,14.25,270.75
copan,2008-12-06,14.52,14.75,271.25
comayagua,2008-12-07,16.656,14.25,272.25
ocotepeque,2008-12-07,15.61,14.25,270.75
copan,2008-12-07,15.391,14.75,271.25
comayagua,2008-12-08,15.767,14.25,272.25
ocotepeque,2008-12-08,14.064,14.25,270.75
copan,2008-12-08,13.142,14.75,271.25
comayagua,2008-12-09,15.314,14.25,272.25
ocotepeque,2008-12-09,13.874,14.25,270.75
copan,2008-12-09,13.284,14.75,271.25
comayagua,2008-12-10,15.114,14.25,272.25
ocotepeque,2008-12-10,14.925,14.25,270.75
copan,2008-12-10,13.588,14.75,271.25
comayagua,2008-12-11,17.156,14.25,272.25
ocotepeque,2008-12-11,15.511,14.25,270.75
copan,2008-12-11,14.85,14.75,271.25
comayagua,2008-12-12,14.821,14.25,272.25
ocotepeque,2008-12-12,12.785,14.25,270.75
copan,2008-12-12,11.77,14.75,271.25
comayagua,2008-12-13,13.05,14.25,272.25
ocotepeque,2008-12-13,11.359,14.25,270.75
copan,2008-12-13,10.488,14.75,271.25
comayagua,2008-12-14,10.605,14.25,272.25
ocotepeque,2008-12-14,11.522,14.25,270.75
copan,2008-12-14,11.14,14.75,271.25
comayagua,2008-12-15,14.169,14.25,272.25
ocotepeque,2008-12-15,14.284,14.25,270.75
copan,2008-12-15,13.753,14.75,271.25
comayagua,2008-12-16,17.602,14.25,272.25
ocotepeque,2008-12-16,15.321,14.25,270.75
copan,2008-12-16,14.632,14.75,271.25
comayagua,2008-12-17,17.912,14.25,272.25
ocotepeque,2008-12-17,16.971,14.25,270.75
copan,2008-12-17,16.417,14.75,271.25
comayagua,2008-12-18,17.916,14.25,272.25
ocotepeque,2008-12-18,16.409,14.25,270.75
copan,2008-12-18,15.859,14.75,271.25
comayagua,2008-12-19,14.78,14.25,272.25
ocotepeque,2008-12-19,13.157,14.25,270.75
copan,2008-12-19,12.29,14.75,271.25
comayagua,2008-12-20,15.431,14.25,272.25
ocotepeque,2008-12-20,13.161,14.25,270.75
copan,2008-12-20,12.082,14.75,271.25
comayagua,2008-12-21,13.665,14.25,272.25
ocotepeque,2008-12-21,12.649,14.25,270.75
copan,2008-12-21,12.212,14.75,271.25
comayagua,2008-12-22,16.174,14.25,272.25
ocotepeque,2008-12-22,15.582,14.25,270.75
copan,2008-12-22,15.2,14.75,271.25
comayagua,2008-12-23,15.109,14.25,272.25
ocotepeque,2008-12-23,12.417,14.25,270.75
copan,2008-12-23,11.241,14.75,271.25
comayagua,2008-12-24,14.922,14.25,272.25
ocotepeque,2008-12-24,14.547,14.25,270.75
copan,2008-12-24,14.72,14.75,271.25
comayagua,2008-12-25,17.673,14.25,272.25
ocotepeque,2008-12-25,15.918,14.25,270.75
copan,2008-12-25,14.966,14.75,271.25
comayagua,2008-12-26,17.78,14.25,272.25
ocotepeque,2008-12-26,16.073,14.25,270.75
copan,2008-12-26,15.222,14.75,271.25
comayagua,2008-12-27,15.25,14.25,272.25
ocotepeque,2008-12-27,14.225,14.25,270.75
copan,2008-12-27,14.028,14.75,271.25
comayagua,2008-12-28,15.967,14.25,272.25
ocotepeque,2008-12-28,15.448,14.25,270.75
copan,2008-12-28,14.905,14.75,271.25
comayagua,2008-12-29,17.155,14.25,272.25
ocotepeque,2008-12-29,15.703,14.25,270.75
copan,2008-12-29,14.782,14.75,271.25
comayagua,2008-12-30,17.539,14.25,272.25
ocotepeque,2008-12-30,15.558,14.25,270.75
copan,2008-12-30,14.841,14.75,271.25
comayagua,2008-12-31,16.059,14.25,272.25
ocotepeque,2008-12-31,14.934,14.25,270.75
copan,2008-12-31,14.124,14.75,271.25
comayagua,2009-01-01,15.635,14.25,272.25
ocotepeque,2009-01-01,14.022,14.25,270.75
copan,2009-01-01,12.465,14.75,271.25
comayagua,2009-01-02,14.512,14.25,272.25
ocotepeque,2009-01-02,12.257,14.25,270.75
copan,2009-01-02,10.298,14.75,271.25
comayagua,2009-01-03,14.632,14.25,272.25
ocotepeque,2009-01-03,13.464,14.25,270.75
copan,2009-01-03,13.045,14.75,271.25
comayagua,2009-01-04,13.072,14.25,272.25
ocotepeque,2009-01-04,14.31,14.25,270.75
copan,2009-01-04,13.559,14.75,271.25
comayagua,2009-01-05,15.93,14.25,272.25
ocotepeque,2009-01-05,13.963,14.25,270.75
copan,2009-01-05,13.215,14.75,271.25
comayagua,2009-01-06,13.202,14.25,272.25
ocotepeque,2009-01-06,14.538,14.25,270.75
copan,2009-01-06,14.315,14.75,271.25
comayagua,2009-01-07,12.84,14.25,272.25
ocotepeque,2009-01-07,14.244,14.25,270.75
copan,2009-01-07,13.977,14.75,271.25
comayagua,2009-01-08,14.066,14.25,272.25
ocotepeque,2009-01-08,15.802,14.25,270.75
copan,2009-01-08,14.625,14.75,271.25
comayagua,2009-01-09,16.051,14.25,272.25
ocotepeque,2009-01-09,15.825,14.25,270.75
copan,2009-01-09,14.767,14.75,271.25
comayagua,2009-01-10,14.541,14.25,272.25
ocotepeque,2009-01-10,16.751,14.25,270.75
copan,2009-01-10,15.947,14.75,271.25
comayagua,2009-01-11,14.478,14.25,272.25
ocotepeque,2009-01-11,16.769,14.25,270.75
copan,2009-01-11,15.849,14.75,271.25
comayagua,2009-01-12,17.754,14.25,272.25
ocotepeque,2009-01-12,15.834,14.25,270.75
copan,2009-01-12,14.81,14.75,271.25
comayagua,2009-01-13,16.16,14.25,272.25
ocotepeque,2009-01-13,16.764,14.25,270.75
copan,2009-01-13,15.553,14.75,271.25
comayagua,2009-01-14,18.1,14.25,272.25
ocotepeque,2009-01-14,22.282,14.25,270.75
copan,2009-01-14,15.743,14.75,271.25
comayagua,2009-01-15,14.437,14.25,272.25
ocotepeque,2009-01-15,17.791,14.25,270.75
copan,2009-01-15,14.55,14.75,271.25
comayagua,2009-01-16,15.066,14.25,272.25
ocotepeque,2009-01-16,20.897,14.25,270.75
copan,2009-01-16,15.006,14.75,271.25
comayagua,2009-01-17,16.207,14.25,272.25
ocotepeque,2009-01-17,20.325,14.25,270.75
copan,2009-01-17,13.794,14.75,271.25
comayagua,2009-01-18,15.398,14.25,272.25
ocotepeque,2009-01-18,17.309,14.25,270.75
copan,2009-01-18,13.334,14.75,271.25
comayagua,2009-01-19,15.262,14.25,272.25
ocotepeque,2009-01-19,21.116,14.25,270.75
copan,2009-01-19,13.238,14.75,271.25
comayagua,2009-01-20,13.211,14.25,272.25
ocotepeque,2009-01-20,19.502,14.25,270.75
copan,2009-01-20,10.737,14.75,271.25
comayagua,2009-01-21,14.394,14.25,272.25
ocotepeque,2009-01-21,15.948,14.25,270.75
copan,2009-01-21,10.327,14.75,271.25
comayagua,2009-01-22,12.269,14.25,272.25
ocotepeque,2009-01-22,14.999,14.25,270.75
copan,2009-01-22,8.016,14.75,271.25
comayagua,2009-01-23,11.225,14.25,272.25
ocotepeque,2009-01-23,12.741,14.25,270.75
copan,2009-01-23,8.057,14.75,271.25
comayagua,2009-01-24,13.375,14.25,272.25
ocotepeque,2009-01-24,22.095,14.25,270.75
copan,2009-01-24,12.516,14.75,271.25
comayagua,2009-01-25,14.971,14.25,272.25
ocotepeque,2009-01-25,21.121,14.25,270.75
copan,2009-01-25,14.308,14.75,271.25
comayagua,2009-01-26,13.617,14.25,272.25
ocotepeque,2009-01-26,13.849,14.25,270.75
copan,2009-01-26,10.035,14.75,271.25
comayagua,2009-01-27,16.503,14.25,272.25
ocotepeque,2009-01-27,15.111,14.25,270.75
copan,2009-01-27,13.949,14.75,271.25
comayagua,2009-01-28,15.54,14.25,272.25
ocotepeque,2009-01-28,14.879,14.25,270.75
copan,2009-01-28,13.589,14.75,271.25
comayagua,2009-01-29,15.467,14.25,272.25
ocotepeque,2009-01-29,19.901,14.25,270.75
copan,2009-01-29,11.749,14.75,271.25
comayagua,2009-01-30,15.312,14.25,272.25
ocotepeque,2009-01-30,17.205,14.25,270.75
copan,2009-01-30,15.735,14.75,271.25
comayagua,2009-01-31,16.835,14.25,272.25
ocotepeque,2009-01-31,17.644,14.25,270.75
copan,2009-01-31,14.915,14.75,271.25
comayagua,2009-02-01,17.251,14.25,272.25
ocotepeque,2009-02-01,17.16,14.25,270.75
copan,2009-02-01,14.968,14.75,271.25
comayagua,2009-02-02,14.551,14.25,272.25
ocotepeque,2009-02-02,21.402,14.25,270.75
copan,2009-02-02,14.499,14.75,271.25
comayagua,2009-02-03,17.085,14.25,272.25
ocotepeque,2009-02-03,21.919,14.25,270.75
copan,2009-02-03,15.74,14.75,271.25
comayagua,2009-02-04,16.494,14.25,272.25
ocotepeque,2009-02-04,19.472,14.25,270.75
copan,2009-02-04,13.117,14.75,271.25
comayagua,2009-02-05,13.647,14.25,272.25
ocotepeque,2009-02-05,17.366,14.25,270.75
copan,2009-02-05,10.59,14.75,271.25
comayagua,2009-02-06,13.699,14.25,272.25
ocotepeque,2009-02-06,15.028,14.25,270.75
copan,2009-02-06,11.214,14.75,271.25
comayagua,2009-02-07,12.973,14.25,272.25
ocotepeque,2009-02-07,14.129,14.25,270.75
copan,2009-02-07,9.87,14.75,271.25
comayagua,2009-02-08,15.393,14.25,272.25
ocotepeque,2009-02-08,17.469,14.25,270.75
copan,2009-02-08,12.224,14.75,271.25
comayagua,2009-02-09,16.363,14.25,272.25
ocotepeque,2009-02-09,20.041,14.25,270.75
copan,2009-02-09,14.712,14.75,271.25
comayagua,2009-02-10,16.049,14.25,272.25
ocotepeque,2009-02-10,21.838,14.25,270.75
copan,2009-02-10,14.149,14.75,271.25
comayagua,2009-02-11,12.496,14.25,272.25
ocotepeque,2009-02-11,20.148,14.25,270.75
copan,2009-02-11,11.899,14.75,271.25
comayagua,2009-02-12,16.266,14.25,272.25
ocotepeque,2009-02-12,20.55,14.25,270.75
copan,2009-02-12,13.725,14.75,271.25
comayagua,2009-02-13,16.203,14.25,272.25
ocotepeque,2009-02-13,20.83,14.25,270.75
copan,2009-02-13,13.875,14.75,271.25
comayagua,2009-02-14,16.105,14.25,272.25
ocotepeque,2009-02-14,18.487,14.25,270.75
copan,2009-02-14,13.879,14.75,271.25
comayagua,2009-02-15,17.399,14.25,272.25
ocotepeque,2009-02-15,19.483,14.25,270.75
copan,2009-02-15,16.487,14.75,271.25
comayagua,2009-02-16,18.754,14.25,272.25
ocotepeque,2009-02-16,22.454,14.25,270.75
copan,2009-02-16,16.468,14.75,271.25
comayagua,2009-02-17,16.399,14.25,272.25
ocotepeque,2009-02-17,19.91,14.25,270.75
copan,2009-02-17,13.207,14.75,271.25
comayagua,2009-02-18,14.031,14.25,272.25
ocotepeque,2009-02-18,16.955,14.25,270.75
copan,2009-02-18,9.179,14.75,271.25
comayagua,2009-02-19,12.773,14.25,272.25
ocotepeque,2009-02-19,15.078,14.25,270.75
copan,2009-02-19,13.651,14.75,271.25
comayagua,2009-02-20,18.04,14.25,272.25
ocotepeque,2009-02-20,17.867,14.25,270.75
copan,2009-02-20,15.685,14.75,271.25
comayagua,2009-02-21,16.962,14.25,272.25
ocotepeque,2009-02-21,17.931,14.25,270.75
copan,2009-02-21,15.188,14.75,271.25
comayagua,2009-02-22,16.011,14.25,272.25
ocotepeque,2009-02-22,17.234,14.25,270.75
copan,2009-02-22,13.522,14.75,271.25
comayagua,2009-02-23,16.383,14.25,272.25
ocotepeque,2009-02-23,21.654,14.25,270.75
copan,2009-02-23,14.252,14.75,271.25
comayagua,2009-02-24,15.839,14.25,272.25
ocotepeque,2009-02-24,20.704,14.25,270.75
copan,2009-02-24,13.136,14.75,271.25
comayagua,2009-02-25,16.263,14.25,272.25
ocotepeque,2009-02-25,18.869,14.25,270.75
copan,2009-02-25,11.44,14.75,271.25
comayagua,2009-02-26,16.206,14.25,272.25
ocotepeque,2009-02-26,22.835,14.25,270.75
copan,2009-02-26,11.791,14.75,271.25
comayagua,2009-02-27,16.103,14.25,272.25
ocotepeque,2009-02-27,21.771,14.25,270.75
copan,2009-02-27,14.02,14.75,271.25
comayagua,2009-02-28,16.963,14.25,272.25
ocotepeque,2009-02-28,18.494,14.25,270.75
copan,2009-02-28,13.837,14.75,271.25
comayagua,2009-03-01,16.559,14.25,272.25
ocotepeque,2009-03-01,19.17,14.25,270.75
copan,2009-03-01,15.227,14.75,271.25
comayagua,2009-03-02,14.0,14.25,272.25
ocotepeque,2009-03-02,12.132,14.25,270.75
copan,2009-03-02,10.149,14.75,271.25
comayagua,2009-03-03,11.652,14.25,272.25
ocotepeque,2009-03-03,16.238,14.25,270.75
copan,2009-03-03,8.53,14.75,271.25
comayagua,2009-03-04,13.977,14.25,272.25
ocotepeque,2009-03-04,17.288,14.25,270.75
copan,2009-03-04,11.173,14.75,271.25
comayagua,2009-03-05,14.005,14.25,272.25
ocotepeque,2009-03-05,17.938,14.25,270.75
copan,2009-03-05,10.567,14.75,271.25
comayagua,2009-03-06,14.465,14.25,272.25
ocotepeque,2009-03-06,18.589,14.25,270.75
copan,2009-03-06,11.177,14.75,271.25
comayagua,2009-03-07,16.264,14.25,272.25
ocotepeque,2009-03-07,17.675,14.25,270.75
copan,2009-03-07,15.027,14.75,271.25
comayagua,2009-03-08,17.245,14.25,272.25
ocotepeque,2009-03-08,17.845,14.25,270.75
copan,2009-03-08,14.192,14.75,271.25
comayagua,2009-03-09,16.175,14.25,272.25
ocotepeque,2009-03-09,20.991,14.25,270.75
copan,2009-03-09,12.946,14.75,271.25
comayagua,2009-03-10,16.039,14.25,272.25
ocotepeque,2009-03-10,21.154,14.25,270.75
copan,2009-03-10,12.892,14.75,271.25
comayagua,2009-03-11,16.179,14.25,272.25
ocotepeque,2009-03-11,21.22,14.25,270.75
copan,2009-03-11,13.879,14.75,271.25
comayagua,2009-03-12,15.102,14.25,272.25
ocotepeque,2009-03-12,20.611,14.25,270.75
copan,2009-03-12,10.955,14.75,271.25
comayagua,2009-03-13,14.409,14.25,272.25
ocotepeque,2009-03-13,15.816,14.25,270.75
copan,2009-03-13,10.053,14.75,271.25
comayagua,2009-03-14,16.875,14.25,272.25
ocotepeque,2009-03-14,20.511,14.25,270.75
copan,2009-03-14,13.153,14.75,271.25
comayagua,2009-03-15,15.579,14.25,272.25
ocotepeque,2009-03-15,18.207,14.25,270.75
copan,2009-03-15,14.628,14.75,271.25
comayagua,2009-03-16,17.415,14.25,272.25
ocotepeque,2009-03-16,19.475,14.25,270.75
copan,2009-03-16,13.718,14.75,271.25
comayagua,2009-03-17,17.216,14.25,272.25
ocotepeque,2009-03-17,21.184,14.25,270.75
copan,2009-03-17,15.963,14.75,271.25
comayagua,2009-03-18,15.783,14.25,272.25
ocotepeque,2009-03-18,15.85,14.25,270.75
copan,2009-03-18,12.417,14.75,271.25
comayagua,2009-03-19,14.087,14.25,272.25
ocotepeque,2009-03-19,11.364,14.25,270.75
copan,2009-03-19,9.59,14.75,271.25
comayagua,2009-03-20,13.763,14.25,272.25
ocotepeque,2009-03-20,11.474,14.25,270.75
copan,2009-03-20,8.782,14.75,271.25
comayagua,2009-03-21,15.443,14.25,272.25
ocotepeque,2009-03-21,11.698,14.25,270.75
copan,2009-03-21,9.018,14.75,271.25
comayagua,2009-03-22,14.459,14.25,272.25
ocotepeque,2009-03-22,12.492,14.25,270.75
copan,2009-03-22,10.315,14.75,271.25
comayagua,2009-03-23,14.629,14.25,272.25
ocotepeque,2009-03-23,12.148,14.25,270.75
copan,2009-03-23,9.967,14.75,271.25
comayagua,2009-03-24,14.582,14.25,272.25
ocotepeque,2009-03-24,13.221,14.25,270.75
copan,2009-03-24,11.48,14.75,271.25
comayagua,2009-03-25,13.75,14.25,272.25
ocotepeque,2009-03-25,15.941,14.25,270.75
copan,2009-03-25,16.051,14.75,271.25
comayagua,2009-03-26,15.152,14.25,272.25
ocotepeque,2009-03-26,15.429,14.25,270.75
copan,2009-03-26,14.111,14.75,271.25
comayagua,2009-03-27,15.636,14.25,272.25
ocotepeque,2009-03-27,16.648,14.25,270.75
copan,2009-03-27,15.426,14.75,271.25
comayagua,2009-03-28,15.37,14.25,272.25
ocotepeque,2009-03-28,17.119,14.25,270.75
copan,2009-03-28,17.172,14.75,271.25
comayagua,2009-03-29,14.876,14.25,272.25
ocotepeque,2009-03-29,13.666,14.25,270.75
copan,2009-03-29,12.54,14.75,271.25
comayagua,2009-03-30,17.32,14.25,272.25
ocotepeque,2009-03-30,16.419,14.25,270.75
copan,2009-03-30,15.163,14.75,271.25
comayagua,2009-03-31,18.962,14.25,272.25
ocotepeque,2009-03-31,22.571,14.25,270.75
copan,2009-03-31,16.169,14.75,271.25
comayagua,2009-04-01,17.772,14.25,272.25
ocotepeque,2009-04-01,21.305,14.25,270.75
copan,2009-04-01,14.902,14.75,271.25
comayagua,2009-04-02,17.715,14.25,272.25
ocotepeque,2009-04-02,21.895,14.25,270.75
copan,2009-04-02,17.462,14.75,271.25
comayagua,2009-04-03,16.911,14.25,272.25
ocotepeque,2009-04-03,20.143,14.25,270.75
copan,2009-04-03,13.929,14.75,271.25
comayagua,2009-04-04,14.346,14.25,272.25
ocotepeque,2009-04-04,20.819,14.25,270.75
copan,2009-04-04,13.885,14.75,271.25
comayagua,2009-04-05,16.888,14.25,272.25
ocotepeque,2009-04-05,22.681,14.25,270.75
copan,2009-04-05,18.312,14.75,271.25
comayagua,2009-04-06,14.915,14.25,272.25
ocotepeque,2009-04-06,22.254,14.25,270.75
copan,2009-04-06,15.192,14.75,271.25
comayagua,2009-04-07,21.037,14.25,272.25
ocotepeque,2009-04-07,24.324,14.25,270.75
copan,2009-04-07,15.626,14.75,271.25
comayagua,2009-04-08,18.125,14.25,272.25
ocotepeque,2009-04-08,19.963,14.25,270.75
copan,2009-04-08,13.669,14.75,271.25
comayagua,2009-04-09,24.159,14.25,272.25
ocotepeque,2009-04-09,24.414,14.25,270.75
copan,2009-04-09,23.435,14.75,271.25
comayagua,2009-04-10,24.138,14.25,272.25
ocotepeque,2009-04-10,25.257,14.25,270.75
copan,2009-04-10,23.554,14.75,271.25
comayagua,2009-04-11,20.794,14.25,272.25
ocotepeque,2009-04-11,24.036,14.25,270.75
copan,2009-04-11,21.517,14.75,271.25
comayagua,2009-04-12,19.908,14.25,272.25
ocotepeque,2009-04-12,24.078,14.25,270.75
copan,2009-04-12,21.385,14.75,271.25
comayagua,2009-04-13,17.288,14.25,272.25
ocotepeque,2009-04-13,23.214,14.25,270.75
copan,2009-04-13,16.092,14.75,271.25
comayagua,2009-04-14,15.995,14.25,272.25
ocotepeque,2009-04-14,23.308,14.25,270.75
copan,2009-04-14,17.53,14.75,271.25
comayagua,2009-04-15,18.964,14.25,272.25
ocotepeque,2009-04-15,25.134,14.25,270.75
copan,2009-04-15,17.115,14.75,271.25
comayagua,2009-04-16,16.805,14.25,272.25
ocotepeque,2009-04-16,24.931,14.25,270.75
copan,2009-04-16,14.095,14.75,271.25
comayagua,2009-04-17,17.024,14.25,272.25
ocotepeque,2009-04-17,22.464,14.25,270.75
copan,2009-04-17,16.29,14.75,271.25
comayagua,2009-04-18,18.258,14.25,272.25
ocotepeque,2009-04-18,22.235,14.25,270.75
copan,2009-04-18,15.475,14.75,271.25
comayagua,2009-04-19,17.846,14.25,272.25
ocotepeque,2009-04-19,18.977,14.25,270.75
copan,2009-04-19,14.294,14.75,271.25
comayagua,2009-04-20,17.592,14.25,272.25
ocotepeque,2009-04-20,22.325,14.25,270.75
copan,2009-04-20,14.682,14.75,271.25
comayagua,2009-04-21,17.996,14.25,272.25
ocotepeque,2009-04-21,19.079,14.25,270.75
copan,2009-04-21,14.017,14.75,271.25
comayagua,2009-04-22,18.56,14.25,272.25
ocotepeque,2009-04-22,19.409,14.25,270.75
copan,2009-04-22,14.42,14.75,271.25
comayagua,2009-04-23,18.441,14.25,272.25
ocotepeque,2009-04-23,21.021,14.25,270.75
copan,2009-04-23,14.689,14.75,271.25
comayagua,2009-04-24,18.848,14.25,272.25
ocotepeque,2009-04-24,19.572,14.25,270.75
copan,2009-04-24,16.985,14.75,271.25
comayagua,2009-04-25,17.869,14.25,272.25
ocotepeque,2009-04-25,20.022,14.25,270.75
copan,2009-04-25,16.053,14.75,271.25
comayagua,2009-04-26,19.115,14.25,272.25
ocotepeque,2009-04-26,20.221,14.25,270.75
copan,2009-04-26,16.844,14.75,271.25
comayagua,2009-04-27,19.183,14.25,272.25
ocotepeque,2009-04-27,20.148,14.25,270.75
copan,2009-04-27,16.49,14.75,271.25
comayagua,2009-04-28,19.196,14.25,272.25
ocotepeque,2009-04-28,20.955,14.25,270.75
copan,2009-04-28,17.626,14.75,271.25
comayagua,2009-04-29,19.568,14.25,272.25
ocotepeque,2009-04-29,21.013,14.25,270.75
copan,2009-04-29,17.939,14.75,271.25
comayagua,2009-04-30,19.295,14.25,272.25
ocotepeque,2009-04-30,19.774,14.25,270.75
copan,2009-04-30,16.791,14.75,271.25
comayagua,2009-05-01,18.888,14.25,272.25
ocotepeque,2009-05-01,18.748,14.25,270.75
copan,2009-05-01,16.901,14.75,271.25
comayagua,2009-05-02,17.318,14.25,272.25
ocotepeque,2009-05-02,18.726,14.25,270.75
copan,2009-05-02,17.109,14.75,271.25
comayagua,2009-05-03,17.378,14.25,272.25
ocotepeque,2009-05-03,18.08,14.25,270.75
copan,2009-05-03,16.129,14.75,271.25
comayagua,2009-05-04,18.132,14.25,272.25
ocotepeque,2009-05-04,19.255,14.25,270.75
copan,2009-05-04,16.818,14.75,271.25
comayagua,2009-05-05,18.13,14.25,272.25
ocotepeque,2009-05-05,19.835,14.25,270.75
copan,2009-05-05,16.866,14.75,271.25
comayagua,2009-05-06,18.965,14.25,272.25
ocotepeque,2009-05-06,19.483,14.25,270.75
copan,2009-05-06,17.626,14.75,271.25
comayagua,2009-05-07,18.708,14.25,272.25
ocotepeque,2009-05-07,19.474,14.25,270.75
copan,2009-05-07,17.342,14.75,271.25
comayagua,2009-05-08,19.829,14.25,272.25
ocotepeque,2009-05-08,20.135,14.25,270.75
copan,2009-05-08,17.781,14.75,271.25
comayagua,2009-05-09,18.223,14.25,272.25
ocotepeque,2009-05-09,22.421,14.25,270.75
copan,2009-05-09,17.447,14.75,271.25
comayagua,2009-05-10,17.845,14.25,272.25
ocotepeque,2009-05-10,19.143,14.25,270.75
copan,2009-05-10,16.56,14.75,271.25
comayagua,2009-05-11,18.171,14.25,272.25
ocotepeque,2009-05-11,18.301,14.25,270.75
copan,2009-05-11,11.704,14.75,271.25
comayagua,2009-05-12,17.757,14.25,272.25
ocotepeque,2009-05-12,19.374,14.25,270.75
copan,2009-05-12,17.738,14.75,271.25
comayagua,2009-05-13,18.496,14.25,272.25
ocotepeque,2009-05-13,18.949,14.25,270.75
copan,2009-05-13,17.321,14.75,271.25
comayagua,2009-05-14,18.718,14.25,272.25
ocotepeque,2009-05-14,20.252,14.25,270.75
copan,2009-05-14,18.379,14.75,271.25
comayagua,2009-05-15,20.057,14.25,272.25
ocotepeque,2009-05-15,20.179,14.25,270.75
copan,2009-05-15,18.479,14.75,271.25
comayagua,2009-05-16,17.79,14.25,272.25
ocotepeque,2009-05-16,19.533,14.25,270.75
copan,2009-05-16,17.293,14.75,271.25
comayagua,2009-05-17,18.542,14.25,272.25
ocotepeque,2009-05-17,20.965,14.25,270.75
copan,2009-05-17,18.027,14.75,271.25
comayagua,2009-05-18,18.199,14.25,272.25
ocotepeque,2009-05-18,19.34,14.25,270.75
copan,2009-05-18,15.592,14.75,271.25
comayagua,2009-05-19,19.597,14.25,272.25
ocotepeque,2009-05-19,20.298,14.25,270.75
copan,2009-05-19,17.395,14.75,271.25
comayagua,2009-05-20,17.873,14.25,272.25
ocotepeque,2009-05-20,19.005,14.25,270.75
copan,2009-05-20,14.981,14.75,271.25
comayagua,2009-05-21,18.995,14.25,272.25
ocotepeque,2009-05-21,19.299,14.25,270.75
copan,2009-05-21,14.862,14.75,271.25
comayagua,2009-05-22,18.119,14.25,272.25
ocotepeque,2009-05-22,19.534,14.25,270.75
copan,2009-05-22,16.947,14.75,271.25
comayagua,2009-05-23,17.769,14.25,272.25
ocotepeque,2009-05-23,18.866,14.25,270.75
copan,2009-05-23,17.786,14.75,271.25
comayagua,2009-05-24,17.619,14.25,272.25
ocotepeque,2009-05-24,19.193,14.25,270.75
copan,2009-05-24,17.464,14.75,271.25
comayagua,2009-05-25,19.486,14.25,272.25
ocotepeque,2009-05-25,19.478,14.25,270.75
copan,2009-05-25,17.763,14.75,271.25
comayagua,2009-05-26,18.874,14.25,272.25
ocotepeque,2009-05-26,19.876,14.25,270.75
copan,2009-05-26,17.816,14.75,271.25
comayagua,2009-05-27,19.282,14.25,272.25
ocotepeque,2009-05-27,20.547,14.25,270.75
copan,2009-05-27,17.557,14.75,271.25
comayagua,2009-05-28,18.144,14.25,272.25
ocotepeque,2009-05-28,19.436,14.25,270.75
copan,2009-05-28,18.909,14.75,271.25
comayagua,2009-05-29,17.916,14.25,272.25
ocotepeque,2009-05-29,18.696,14.25,270.75
copan,2009-05-29,16.793,14.75,271.25
comayagua,2009-05-30,18.644,14.25,272.25
ocotepeque,2009-05-30,18.986,14.25,270.75
copan,2009-05-30,17.695,14.75,271.25
comayagua,2009-05-31,18.239,14.25,272.25
ocotepeque,2009-05-31,19.89,14.25,270.75
copan,2009-05-31,16.252,14.75,271.25
comayagua,2009-06-01,19.055,14.25,272.25
ocotepeque,2009-06-01,20.59,14.25,270.75
copan,2009-06-01,17.931,14.75,271.25
comayagua,2009-06-02,18.585,14.25,272.25
ocotepeque,2009-06-02,20.466,14.25,270.75
copan,2009-06-02,18.847,14.75,271.25
comayagua,2009-06-03,18.743,14.25,272.25
ocotepeque,2009-06-03,21.486,14.25,270.75
copan,2009-06-03,18.74,14.75,271.25
comayagua,2009-06-04,18.419,14.25,272.25
ocotepeque,2009-06-04,19.786,14.25,270.75
copan,2009-06-04,18.134,14.75,271.25
comayagua,2009-06-05,19.055,14.25,272.25
ocotepeque,2009-06-05,22.694,14.25,270.75
copan,2009-06-05,16.877,14.75,271.25
comayagua,2009-06-06,22.985,14.25,272.25
ocotepeque,2009-06-06,19.833,14.25,270.75
copan,2009-06-06,16.988,14.75,271.25
comayagua,2009-06-07,19.59,14.25,272.25
ocotepeque,2009-06-07,19.765,14.25,270.75
copan,2009-06-07,16.81,14.75,271.25
comayagua,2009-06-08,17.965,14.25,272.25
ocotepeque,2009-06-08,22.956,14.25,270.75
copan,2009-06-08,17.631,14.75,271.25
comayagua,2009-06-09,17.971,14.25,272.25
ocotepeque,2009-06-09,22.921,14.25,270.75
copan,2009-06-09,18.406,14.75,271.25
comayagua,2009-06-10,18.566,14.25,272.25
ocotepeque,2009-06-10,19.823,14.25,270.75
copan,2009-06-10,16.496,14.75,271.25
comayagua,2009-06-11,16.897,14.25,272.25
ocotepeque,2009-06-11,21.197,14.25,270.75
copan,2009-06-11,18.074,14.75,271.25
comayagua,2009-06-12,17.049,14.25,272.25
ocotepeque,2009-06-12,19.493,14.25,270.75
copan,2009-06-12,15.582,14.75,271.25
comayagua,2009-06-13,18.065,14.25,272.25
ocotepeque,2009-06-13,20.706,14.25,270.75
copan,2009-06-13,18.885,14.75,271.25
comayagua,2009-06-14,16.714,14.25,272.25
ocotepeque,2009-06-14,19.197,14.25,270.75
copan,2009-06-14,15.66,14.75,271.25
comayagua,2009-06-15,18.296,14.25,272.25
ocotepeque,2009-06-15,19.237,14.25,270.75
copan,2009-06-15,17.348,14.75,271.25
comayagua,2009-06-16,17.737,14.25,272.25
ocotepeque,2009-06-16,19.524,14.25,270.75
copan,2009-06-16,17.376,14.75,271.25
comayagua,2009-06-17,18.185,14.25,272.25
ocotepeque,2009-06-17,22.047,14.25,270.75
copan,2009-06-17,17.554,14.75,271.25
comayagua,2009-06-18,18.272,14.25,272.25
ocotepeque,2009-06-18,19.676,14.25,270.75
copan,2009-06-18,17.868,14.75,271.25
comayagua,2009-06-19,18.164,14.25,272.25
ocotepeque,2009-06-19,19.731,14.25,270.75
copan,2009-06-19,17.355,14.75,271.25
comayagua,2009-06-20,18.638,14.25,272.25
ocotepeque,2009-06-20,19.881,14.25,270.75
copan,2009-06-20,17.189,14.75,271.25
comayagua,2009-06-21,19.383,14.25,272.25
ocotepeque,2009-06-21,20.225,14.25,270.75
copan,2009-06-21,18.127,14.75,271.25
comayagua,2009-06-22,17.735,14.25,272.25
ocotepeque,2009-06-22,19.598,14.25,270.75
copan,2009-06-22,17.653,14.75,271.25
comayagua,2009-06-23,18.606,14.25,272.25
ocotepeque,2009-06-23,20.679,14.25,270.75
copan,2009-06-23,18.424,14.75,271.25
comayagua,2009-06-24,17.914,14.25,272.25
ocotepeque,2009-06-24,20.272,14.25,270.75
copan,2009-06-24,16.669,14.75,271.25
comayagua,2009-06-25,17.664,14.25,272.25
ocotepeque,2009-06-25,19.375,14.25,270.75
copan,2009-06-25,16.138,14.75,271.25
comayagua,2009-06-26,17.517,14.25,272.25
ocotepeque,2009-06-26,18.259,14.25,270.75
copan,2009-06-26,16.443,14.75,271.25
comayagua,2009-06-27,17.281,14.25,272.25
ocotepeque,2009-06-27,18.769,14.25,270.75
copan,2009-06-27,16.375,14.75,271.25
comayagua,2009-06-28,16.838,14.25,272.25
ocotepeque,2009-06-28,19.539,14.25,270.75
copan,2009-06-28,17.051,14.75,271.25
comayagua,2009-06-29,20.18,14.25,272.25
ocotepeque,2009-06-29,20.501,14.25,270.75
copan,2009-06-29,17.142,14.75,271.25
comayagua,2009-06-30,18.893,14.25,272.25
ocotepeque,2009-06-30,20.368,14.25,270.75
copan,2009-06-30,17.793,14.75,271.25
comayagua,2009-07-01,18.326,14.25,272.25
ocotepeque,2009-07-01,20.243,14.25,270.75
copan,2009-07-01,17.031,14.75,271.25
comayagua,2009-07-02,19.633,14.25,272.25
ocotepeque,2009-07-02,20.234,14.25,270.75
copan,2009-07-02,18.038,14.75,271.25
comayagua,2009-07-03,18.256,14.25,272.25
ocotepeque,2009-07-03,19.084,14.25,270.75
copan,2009-07-03,16.535,14.75,271.25
comayagua,2009-07-04,19.886,14.25,272.25
ocotepeque,2009-07-04,20.038,14.25,270.75
copan,2009-07-04,18.499,14.75,271.25
comayagua,2009-07-05,19.104,14.25,272.25
ocotepeque,2009-07-05,24.47,14.25,270.75
copan,2009-07-05,18.454,14.75,271.25
comayagua,2009-07-06,18.431,14.25,272.25
ocotepeque,2009-07-06,20.468,14.25,270.75
copan,2009-07-06,15.691,14.75,271.25
comayagua,2009-07-07,18.398,14.25,272.25
ocotepeque,2009-07-07,19.695,14.25,270.75
copan,2009-07-07,17.048,14.75,271.25
comayagua,2009-07-08,19.743,14.25,272.25
ocotepeque,2009-07-08,21.128,14.25,270.75
copan,2009-07-08,18.712,14.75,271.25
comayagua,2009-07-09,18.46,14.25,272.25
ocotepeque,2009-07-09,18.974,14.25,270.75
copan,2009-07-09,17.55,14.75,271.25
comayagua,2009-07-10,18.555,14.25,272.25
ocotepeque,2009-07-10,22.173,14.25,270.75
copan,2009-07-10,18.09,14.75,271.25
comayagua,2009-07-11,17.398,14.25,272.25
ocotepeque,2009-07-11,22.542,14.25,270.75
copan,2009-07-11,15.474,14.75,271.25
comayagua,2009-07-12,19.105,14.25,272.25
ocotepeque,2009-07-12,19.712,14.25,270.75
copan,2009-07-12,17.306,14.75,271.25
comayagua,2009-07-13,18.904,14.25,272.25
ocotepeque,2009-07-13,20.141,14.25,270.75
copan,2009-07-13,17.935,14.75,271.25
comayagua,2009-07-14,19.134,14.25,272.25
ocotepeque,2009-07-14,20.133,14.25,270.75
copan,2009-07-14,18.587,14.75,271.25
comayagua,2009-07-15,19.873,14.25,272.25
ocotepeque,2009-07-15,20.362,14.25,270.75
copan,2009-07-15,17.581,14.75,271.25
comayagua,2009-07-16,20.601,14.25,272.25
ocotepeque,2009-07-16,20.623,14.25,270.75
copan,2009-07-16,19.137,14.75,271.25
comayagua,2009-07-17,20.532,14.25,272.25
ocotepeque,2009-07-17,22.111,14.25,270.75
copan,2009-07-17,18.602,14.75,271.25
comayagua,2009-07-18,19.446,14.25,272.25
ocotepeque,2009-07-18,22.489,14.25,270.75
copan,2009-07-18,16.789,14.75,271.25
comayagua,2009-07-19,20.006,14.25,272.25
ocotepeque,2009-07-19,23.462,14.25,270.75
copan,2009-07-19,18.011,14.75,271.25
comayagua,2009-07-20,19.065,14.25,272.25
ocotepeque,2009-07-20,20.546,14.25,270.75
copan,2009-07-20,17.463,14.75,271.25
comayagua,2009-07-21,18.743,14.25,272.25
ocotepeque,2009-07-21,19.203,14.25,270.75
copan,2009-07-21,15.463,14.75,271.25
comayagua,2009-07-22,18.463,14.25,272.25
ocotepeque,2009-07-22,19.803,14.25,270.75
copan,2009-07-22,17.784,14.75,271.25
comayagua,2009-07-23,19.585,14.25,272.25
ocotepeque,2009-07-23,20.183,14.25,270.75
copan,2009-07-23,18.05,14.75,271.25
comayagua,2009-07-24,20.759,14.25,272.25
ocotepeque,2009-07-24,22.443,14.25,270.75
copan,2009-07-24,18.8,14.75,271.25
comayagua,2009-07-25,19.967,14.25,272.25
ocotepeque,2009-07-25,23.543,14.25,270.75
copan,2009-07-25,18.613,14.75,271.25
comayagua,2009-07-26,20.001,14.25,272.25
ocotepeque,2009-07-26,19.817,14.25,270.75
copan,2009-07-26,18.209,14.75,271.25
comayagua,2009-07-27,18.494,14.25,272.25
ocotepeque,2009-07-27,22.885,14.25,270.75
copan,2009-07-27,16.974,14.75,271.25
comayagua,2009-07-28,20.52,14.25,272.25
ocotepeque,2009-07-28,20.821,14.25,270.75
copan,2009-07-28,18.89,14.75,271.25
comayagua,2009-07-29,19.349,14.25,272.25
ocotepeque,2009-07-29,20.397,14.25,270.75
copan,2009-07-29,18.13,14.75,271.25
comayagua,2009-07-30,19.847,14.25,272.25
ocotepeque,2009-07-30,19.003,14.25,270.75
copan,2009-07-30,18.153,14.75,271.25
comayagua,2009-07-31,20.522,14.25,272.25
ocotepeque,2009-07-31,20.636,14.25,270.75
copan,2009-07-31,18.811,14.75,271.25
comayagua,2009-08-01,20.457,14.25,272.25
ocotepeque,2009-08-01,20.466,14.25,270.75
copan,2009-08-01,18.82,14.75,271.25
comayagua,2009-08-02,18.851,14.25,272.25
ocotepeque,2009-08-02,19.054,14.25,270.75
copan,2009-08-02,16.838,14.75,271.25
comayagua,2009-08-03,19.872,14.25,272.25
ocotepeque,2009-08-03,20.976,14.25,270.75
copan,2009-08-03,18.49,14.75,271.25
comayagua,2009-08-04,19.279,14.25,272.25
ocotepeque,2009-08-04,21.25,14.25,270.75
copan,2009-08-04,18.447,14.75,271.25
comayagua,2009-08-05,19.396,14.25,272.25
ocotepeque,2009-08-05,20.151,14.25,270.75
copan,2009-08-05,18.084,14.75,271.25
comayagua,2009-08-06,19.802,14.25,272.25
ocotepeque,2009-08-06,20.041,14.25,270.75
copan,2009-08-06,18.086,14.75,271.25
comayagua,2009-08-07,21.646,14.25,272.25
ocotepeque,2009-08-07,21.125,14.25,270.75
copan,2009-08-07,21.014,14.75,271.25
comayagua,2009-08-08,20.315,14.25,272.25
ocotepeque,2009-08-08,20.226,14.25,270.75
copan,2009-08-08,20.229,14.75,271.25
comayagua,2009-08-09,19.141,14.25,272.25
ocotepeque,2009-08-09,19.115,14.25,270.75
copan,2009-08-09,17.576,14.75,271.25
comayagua,2009-08-10,17.881,14.25,272.25
ocotepeque,2009-08-10,19.796,14.25,270.75
copan,2009-08-10,16.697,14.75,271.25
comayagua,2009-08-11,17.753,14.25,272.25
ocotepeque,2009-08-11,23.339,14.25,270.75
copan,2009-08-11,17.343,14.75,271.25
comayagua,2009-08-12,18.921,14.25,272.25
ocotepeque,2009-08-12,22.528,14.25,270.75
copan,2009-08-12,16.825,14.75,271.25
comayagua,2009-08-13,19.565,14.25,272.25
ocotepeque,2009-08-13,24.024,14.25,270.75
copan,2009-08-13,18.397,14.75,271.25
comayagua,2009-08-14,20.021,14.25,272.25
ocotepeque,2009-08-14,23.034,14.25,270.75
copan,2009-08-14,18.409,14.75,271.25
comayagua,2009-08-15,18.799,14.25,272.25
ocotepeque,2009-08-15,23.61,14.25,270.75
copan,2009-08-15,17.448,14.75,271.25
comayagua,2009-08-16,19.116,14.25,272.25
ocotepeque,2009-08-16,21.683,14.25,270.75
copan,2009-08-16,17.328,14.75,271.25
comayagua,2009-08-17,18.85,14.25,272.25
ocotepeque,2009-08-17,23.089,14.25,270.75
copan,2009-08-17,18.061,14.75,271.25
comayagua,2009-08-18,19.002,14.25,272.25
ocotepeque,2009-08-18,19.954,14.25,270.75
copan,2009-08-18,18.004,14.75,271.25
comayagua,2009-08-19,19.9,14.25,272.25
ocotepeque,2009-08-19,22.255,14.25,270.75
copan,2009-08-19,18.469,14.75,271.25
comayagua,2009-08-20,18.599,14.25,272.25
ocotepeque,2009-08-20,23.567,14.25,270.75
copan,2009-08-20,17.746,14.75,271.25
comayagua,2009-08-21,18.888,14.25,272.25
ocotepeque,2009-08-21,19.857,14.25,270.75
copan,2009-08-21,18.694,14.75,271.25
comayagua,2009-08-22,20.167,14.25,272.25
ocotepeque,2009-08-22,24.154,14.25,270.75
copan,2009-08-22,19.668,14.75,271.25
comayagua,2009-08-23,18.706,14.25,272.25
ocotepeque,2009-08-23,24.384,14.25,270.75
copan,2009-08-23,18.534,14.75,271.25
comayagua,2009-08-24,19.221,14.25,272.25
ocotepeque,2009-08-24,23.284,14.25,270.75
copan,2009-08-24,18.195,14.75,271.25
comayagua,2009-08-25,19.598,14.25,272.25
ocotepeque,2009-08-25,23.14,14.25,270.75
copan,2009-08-25,17.881,14.75,271.25
comayagua,2009-08-26,19.991,14.25,272.25
ocotepeque,2009-08-26,21.754,14.25,270.75
copan,2009-08-26,18.603,14.75,271.25
comayagua,2009-08-27,19.183,14.25,272.25
ocotepeque,2009-08-27,20.438,14.25,270.75
copan,2009-08-27,18.422,14.75,271.25
comayagua,2009-08-28,19.07,14.25,272.25
ocotepeque,2009-08-28,22.247,14.25,270.75
copan,2009-08-28,17.364,14.75,271.25
comayagua,2009-08-29,16.568,14.25,272.25
ocotepeque,2009-08-29,22.765,14.25,270.75
copan,2009-08-29,18.117,14.75,271.25
comayagua,2009-08-30,16.2,14.25,272.25
ocotepeque,2009-08-30,21.631,14.25,270.75
copan,2009-08-30,15.523,14.75,271.25
comayagua,2009-08-31,19.36,14.25,272.25
ocotepeque,2009-08-31,21.62,14.25,270.75
copan,2009-08-31,17.544,14.75,271.25
comayagua,2009-09-01,18.028,14.25,272.25
ocotepeque,2009-09-01,23.642,14.25,270.75
copan,2009-09-01,17.019,14.75,271.25
comayagua,2009-09-02,19.354,14.25,272.25
ocotepeque,2009-09-02,21.31,14.25,270.75
copan,2009-09-02,19.111,14.75,271.25
comayagua,2009-09-03,19.087,14.25,272.25
ocotepeque,2009-09-03,23.022,14.25,270.75
copan,2009-09-03,16.56,14.75,271.25
comayagua,2009-09-04,18.257,14.25,272.25
ocotepeque,2009-09-04,22.611,14.25,270.75
copan,2009-09-04,16.658,14.75,271.25
comayagua,2009-09-05,19.343,14.25,272.25
ocotepeque,2009-09-05,22.99,14.25,270.75
copan,2009-09-05,17.489,14.75,271.25
comayagua,2009-09-06,18.644,14.25,272.25
ocotepeque,2009-09-06,21.105,14.25,270.75
copan,2009-09-06,17.657,14.75,271.25
comayagua,2009-09-07,18.549,14.25,272.25
ocotepeque,2009-09-07,22.907,14.25,270.75
copan,2009-09-07,18.621,14.75,271.25
comayagua,2009-09-08,18.233,14.25,272.25
ocotepeque,2009-09-08,23.55,14.25,270.75
copan,2009-09-08,19.28,14.75,271.25
comayagua,2009-09-09,18.159,14.25,272.25
ocotepeque,2009-09-09,22.399,14.25,270.75
copan,2009-09-09,17.693,14.75,271.25
comayagua,2009-09-10,19.439,14.25,272.25
ocotepeque,2009-09-10,23.571,14.25,270.75
copan,2009-09-10,17.21,14.75,271.25
comayagua,2009-09-11,17.579,14.25,272.25
ocotepeque,2009-09-11,20.984,14.25,270.75
copan,2009-09-11,16.718,14.75,271.25
comayagua,2009-09-12,17.614,14.25,272.25
ocotepeque,2009-09-12,21.351,14.25,270.75
copan,2009-09-12,17.685,14.75,271.25
comayagua,2009-09-13,17.547,14.25,272.25
ocotepeque,2009-09-13,22.219,14.25,270.75
copan,2009-09-13,16.287,14.75,271.25
comayagua,2009-09-14,19.558,14.25,272.25
ocotepeque,2009-09-14,22.373,14.25,270.75
copan,2009-09-14,17.35,14.75,271.25
comayagua,2009-09-15,17.848,14.25,272.25
ocotepeque,2009-09-15,23.97,14.25,270.75
copan,2009-09-15,19.452,14.75,271.25
comayagua,2009-09-16,17.766,14.25,272.25
ocotepeque,2009-09-16,22.964,14.25,270.75
copan,2009-09-16,17.321,14.75,271.25
comayagua,2009-09-17,19.699,14.25,272.25
ocotepeque,2009-09-17,22.118,14.25,270.75
copan,2009-09-17,18.525,14.75,271.25
comayagua,2009-09-18,18.908,14.25,272.25
ocotepeque,2009-09-18,22.65,14.25,270.75
copan,2009-09-18,18.331,14.75,271.25
comayagua,2009-09-19,19.146,14.25,272.25
ocotepeque,2009-09-19,22.035,14.25,270.75
copan,2009-09-19,17.902,14.75,271.25
comayagua,2009-09-20,19.389,14.25,272.25
ocotepeque,2009-09-20,22.838,14.25,270.75
copan,2009-09-20,18.416,14.75,271.25
comayagua,2009-09-21,18.994,14.25,272.25
ocotepeque,2009-09-21,22.472,14.25,270.75
copan,2009-09-21,18.248,14.75,271.25
comayagua,2009-09-22,19.727,14.25,272.25
ocotepeque,2009-09-22,23.304,14.25,270.75
copan,2009-09-22,18.119,14.75,271.25
comayagua,2009-09-23,20.462,14.25,272.25
ocotepeque,2009-09-23,22.945,14.25,270.75
copan,2009-09-23,18.945,14.75,271.25
comayagua,2009-09-24,19.47,14.25,272.25
ocotepeque,2009-09-24,22.488,14.25,270.75
copan,2009-09-24,17.878,14.75,271.25
comayagua,2009-09-25,18.528,14.25,272.25
ocotepeque,2009-09-25,22.51,14.25,270.75
copan,2009-09-25,17.205,14.75,271.25
comayagua,2009-09-26,18.158,14.25,272.25
ocotepeque,2009-09-26,21.465,14.25,270.75
copan,2009-09-26,17.528,14.75,271.25
comayagua,2009-09-27,18.402,14.25,272.25
ocotepeque,2009-09-27,21.487,14.25,270.75
copan,2009-09-27,16.297,14.75,271.25
comayagua,2009-09-28,18.253,14.25,272.25
ocotepeque,2009-09-28,22.877,14.25,270.75
copan,2009-09-28,17.568,14.75,271.25
comayagua,2009-09-29,20.016,14.25,272.25
ocotepeque,2009-09-29,18.284,14.25,270.75
copan,2009-09-29,17.579,14.75,271.25
comayagua,2009-09-30,17.976,14.25,272.25
ocotepeque,2009-09-30,19.248,14.25,270.75
copan,2009-09-30,17.708,14.75,271.25
comayagua,2009-10-01,18.579,14.25,272.25
ocotepeque,2009-10-01,22.457,14.25,270.75
copan,2009-10-01,19.025,14.75,271.25
comayagua,2009-10-02,17.793,14.25,272.25
ocotepeque,2009-10-02,22.414,14.25,270.75
copan,2009-10-02,16.355,14.75,271.25
comayagua,2009-10-03,19.079,14.25,272.25
ocotepeque,2009-10-03,23.184,14.25,270.75
copan,2009-10-03,18.22,14.75,271.25
comayagua,2009-10-04,17.992,14.25,272.25
ocotepeque,2009-10-04,25.291,14.25,270.75
copan,2009-10-04,18.573,14.75,271.25
comayagua,2009-10-05,18.308,14.25,272.25
ocotepeque,2009-10-05,22.894,14.25,270.75
copan,2009-10-05,18.0,14.75,271.25
comayagua,2009-10-06,19.057,14.25,272.25
ocotepeque,2009-10-06,19.633,14.25,270.75
copan,2009-10-06,18.823,14.75,271.25
comayagua,2009-10-07,18.823,14.25,272.25
ocotepeque,2009-10-07,17.771,14.25,270.75
copan,2009-10-07,17.608,14.75,271.25
comayagua,2009-10-08,18.797,14.25,272.25
ocotepeque,2009-10-08,17.191,14.25,270.75
copan,2009-10-08,16.898,14.75,271.25
comayagua,2009-10-09,18.294,14.25,272.25
ocotepeque,2009-10-09,23.184,14.25,270.75
copan,2009-10-09,16.133,14.75,271.25
comayagua,2009-10-10,17.865,14.25,272.25
ocotepeque,2009-10-10,17.716,14.25,270.75
copan,2009-10-10,17.942,14.75,271.25
comayagua,2009-10-11,19.129,14.25,272.25
ocotepeque,2009-10-11,24.132,14.25,270.75
copan,2009-10-11,18.52,14.75,271.25
comayagua,2009-10-12,17.984,14.25,272.25
ocotepeque,2009-10-12,18.227,14.25,270.75
copan,2009-10-12,18.677,14.75,271.25
comayagua,2009-10-13,20.66,14.25,272.25
ocotepeque,2009-10-13,27.252,14.25,270.75
copan,2009-10-13,19.233,14.75,271.25
comayagua,2009-10-14,17.671,14.25,272.25
ocotepeque,2009-10-14,17.039,14.25,270.75
copan,2009-10-14,17.153,14.75,271.25
comayagua,2009-10-15,16.392,14.25,272.25
ocotepeque,2009-10-15,18.035,14.25,270.75
copan,2009-10-15,16.061,14.75,271.25
comayagua,2009-10-16,16.175,14.25,272.25
ocotepeque,2009-10-16,22.16,14.25,270.75
copan,2009-10-16,17.196,14.75,271.25
comayagua,2009-10-17,18.255,14.25,272.25
ocotepeque,2009-10-17,22.916,14.25,270.75
copan,2009-10-17,15.876,14.75,271.25
comayagua,2009-10-18,18.924,14.25,272.25
ocotepeque,2009-10-18,24.592,14.25,270.75
copan,2009-10-18,16.899,14.75,271.25
comayagua,2009-10-19,17.48,14.25,272.25
ocotepeque,2009-10-19,18.578,14.25,270.75
copan,2009-10-19,15.491,14.75,271.25
comayagua,2009-10-20,16.209,14.25,272.25
ocotepeque,2009-10-20,16.28,14.25,270.75
copan,2009-10-20,14.278,14.75,271.25
comayagua,2009-10-21,17.441,14.25,272.25
ocotepeque,2009-10-21,22.021,14.25,270.75
copan,2009-10-21,15.651,14.75,271.25
comayagua,2009-10-22,16.138,14.25,272.25
ocotepeque,2009-10-22,22.439,14.25,270.75
copan,2009-10-22,15.504,14.75,271.25
comayagua,2009-10-23,18.958,14.25,272.25
ocotepeque,2009-10-23,24.153,14.25,270.75
copan,2009-10-23,18.442,14.75,271.25
comayagua,2009-10-24,18.544,14.25,272.25
ocotepeque,2009-10-24,22.571,14.25,270.75
copan,2009-10-24,16.619,14.75,271.25
comayagua,2009-10-25,17.148,14.25,272.25
ocotepeque,2009-10-25,21.391,14.25,270.75
copan,2009-10-25,13.299,14.75,271.25
comayagua,2009-10-26,17.394,14.25,272.25
ocotepeque,2009-10-26,21.933,14.25,270.75
copan,2009-10-26,15.002,14.75,271.25
comayagua,2009-10-27,18.877,14.25,272.25
ocotepeque,2009-10-27,23.278,14.25,270.75
copan,2009-10-27,17.107,14.75,271.25
comayagua,2009-10-28,18.431,14.25,272.25
ocotepeque,2009-10-28,23.18,14.25,270.75
copan,2009-10-28,17.832,14.75,271.25
comayagua,2009-10-29,16.358,14.25,272.25
ocotepeque,2009-10-29,22.206,14.25,270.75
copan,2009-10-29,15.926,14.75,271.25
comayagua,2009-10-30,17.57,14.25,272.25
ocotepeque,2009-10-30,20.923,14.25,270.75
copan,2009-10-30,15.867,14.75,271.25
comayagua,2009-10-31,17.536,14.25,272.25
ocotepeque,2009-10-31,21.165,14.25,270.75
copan,2009-10-31,16.261,14.75,271.25
comayagua,2009-11-01,18.845,14.25,272.25
ocotepeque,2009-11-01,22.1,14.25,270.75
copan,2009-11-01,17.959,14.75,271.25
comayagua,2009-11-02,18.869,14.25,272.25
ocotepeque,2009-11-02,21.266,14.25,270.75
copan,2009-11-02,17.789,14.75,271.25
comayagua,2009-11-03,18.732,14.25,272.25
ocotepeque,2009-11-03,23.512,14.25,270.75
copan,2009-11-03,17.448,14.75,271.25
comayagua,2009-11-04,18.931,14.25,272.25
ocotepeque,2009-11-04,22.733,14.25,270.75
copan,2009-11-04,17.548,14.75,271.25
comayagua,2009-11-05,17.934,14.25,272.25
ocotepeque,2009-11-05,18.703,14.25,270.75
copan,2009-11-05,16.954,14.75,271.25
comayagua,2009-11-06,17.345,14.25,272.25
ocotepeque,2009-11-06,20.984,14.25,270.75
copan,2009-11-06,15.875,14.75,271.25
comayagua,2009-11-07,18.035,14.25,272.25
ocotepeque,2009-11-07,20.032,14.25,270.75
copan,2009-11-07,16.679,14.75,271.25
comayagua,2009-11-08,17.805,14.25,272.25
ocotepeque,2009-11-08,20.543,14.25,270.75
copan,2009-11-08,17.048,14.75,271.25
comayagua,2009-11-09,16.924,14.25,272.25
ocotepeque,2009-11-09,21.545,14.25,270.75
copan,2009-11-09,17.461,14.75,271.25
comayagua,2009-11-10,19.853,14.25,272.25
ocotepeque,2009-11-10,24.127,14.25,270.75
copan,2009-11-10,18.135,14.75,271.25
comayagua,2009-11-11,18.981,14.25,272.25
ocotepeque,2009-11-11,22.789,14.25,270.75
copan,2009-11-11,17.164,14.75,271.25
comayagua,2009-11-12,17.463,14.25,272.25
ocotepeque,2009-11-12,20.873,14.25,270.75
copan,2009-11-12,14.348,14.75,271.25
comayagua,2009-11-13,15.852,14.25,272.25
ocotepeque,2009-11-13,19.544,14.25,270.75
copan,2009-11-13,12.761,14.75,271.25
comayagua,2009-11-14,15.488,14.25,272.25
ocotepeque,2009-11-14,20.314,14.25,270.75
copan,2009-11-14,12.915,14.75,271.25
comayagua,2009-11-15,23.369,14.25,272.25
ocotepeque,2009-11-15,24.46,14.25,270.75
copan,2009-11-15,23.316,14.75,271.25
comayagua,2009-11-16,23.802,14.25,272.25
ocotepeque,2009-11-16,24.862,14.25,270.75
copan,2009-11-16,23.635,14.75,271.25
comayagua,2009-11-17,23.31,14.25,272.25
ocotepeque,2009-11-17,25.685,14.25,270.75
copan,2009-11-17,24.059,14.75,271.25
comayagua,2009-11-18,22.594,14.25,272.25
ocotepeque,2009-11-18,22.944,14.25,270.75
copan,2009-11-18,21.851,14.75,271.25
comayagua,2009-11-19,16.943,14.25,272.25
ocotepeque,2009-11-19,21.235,14.25,270.75
copan,2009-11-19,14.07,14.75,271.25
comayagua,2009-11-20,22.088,14.25,272.25
ocotepeque,2009-11-20,23.002,14.25,270.75
copan,2009-11-20,21.647,14.75,271.25
comayagua,2009-11-21,22.116,14.25,272.25
ocotepeque,2009-11-21,25.062,14.25,270.75
copan,2009-11-21,22.883,14.75,271.25
comayagua,2009-11-22,23.14,14.25,272.25
ocotepeque,2009-11-22,24.485,14.25,270.75
copan,2009-11-22,22.93,14.75,271.25
comayagua,2009-11-23,22.852,14.25,272.25
ocotepeque,2009-11-23,22.92,14.25,270.75
copan,2009-11-23,19.512,14.75,271.25
comayagua,2009-11-24,23.125,14.25,272.25
ocotepeque,2009-11-24,23.992,14.25,270.75
copan,2009-11-24,21.14,14.75,271.25
comayagua,2009-11-25,26.466,14.25,272.25
ocotepeque,2009-11-25,25.713,14.25,270.75
copan,2009-11-25,25.045,14.75,271.25
comayagua,2009-11-26,24.437,14.25,272.25
ocotepeque,2009-11-26,24.517,14.25,270.75
copan,2009-11-26,23.278,14.75,271.25
comayagua,2009-11-27,23.823,14.25,272.25
ocotepeque,2009-11-27,24.578,14.25,270.75
copan,2009-11-27,23.582,14.75,271.25
comayagua,2009-11-28,21.314,14.25,272.25
ocotepeque,2009-11-28,21.969,14.25,270.75
copan,2009-11-28,18.283,14.75,271.25
comayagua,2009-11-29,20.605,14.25,272.25
ocotepeque,2009-11-29,22.179,14.25,270.75
copan,2009-11-29,20.772,14.75,271.25
comayagua,2009-11-30,14.66,14.25,272.25
ocotepeque,2009-11-30,21.158,14.25,270.75
copan,2009-11-30,15.592,14.75,271.25
comayagua,2009-12-01,13.671,14.25,272.25
ocotepeque,2009-12-01,20.73,14.25,270.75
copan,2009-12-01,14.631,14.75,271.25
comayagua,2009-12-02,13.709,14.25,272.25
ocotepeque,2009-12-02,21.104,14.25,270.75
copan,2009-12-02,14.007,14.75,271.25
comayagua,2009-12-03,12.992,14.25,272.25
ocotepeque,2009-12-03,21.814,14.25,270.75
copan,2009-12-03,14.224,14.75,271.25
comayagua,2009-12-04,18.599,14.25,272.25
ocotepeque,2009-12-04,24.2,14.25,270.75
copan,2009-12-04,15.864,14.75,271.25
comayagua,2009-12-05,17.171,14.25,272.25
ocotepeque,2009-12-05,23.207,14.25,270.75
copan,2009-12-05,16.643,14.75,271.25
comayagua,2009-12-06,18.1,14.25,272.25
ocotepeque,2009-12-06,22.232,14.25,270.75
copan,2009-12-06,16.991,14.75,271.25
comayagua,2009-12-07,16.519,14.25,272.25
ocotepeque,2009-12-07,21.332,14.25,270.75
copan,2009-12-07,14.144,14.75,271.25
comayagua,2009-12-08,16.937,14.25,272.25
ocotepeque,2009-12-08,21.715,14.25,270.75
copan,2009-12-08,17.206,14.75,271.25
comayagua,2009-12-09,12.135,14.25,272.25
ocotepeque,2009-12-09,20.202,14.25,270.75
copan,2009-12-09,12.973,14.75,271.25
comayagua,2009-12-10,11.378,14.25,272.25
ocotepeque,2009-12-10,19.203,14.25,270.75
copan,2009-12-10,12.281,14.75,271.25
comayagua,2009-12-11,16.867,14.25,272.25
ocotepeque,2009-12-11,21.399,14.25,270.75
copan,2009-12-11,13.906,14.75,271.25
comayagua,2009-12-12,17.549,14.25,272.25
ocotepeque,2009-12-12,21.546,14.25,270.75
copan,2009-12-12,15.986,14.75,271.25
comayagua,2009-12-13,17.352,14.25,272.25
ocotepeque,2009-12-13,21.652,14.25,270.75
copan,2009-12-13,15.752,14.75,271.25
comayagua,2009-12-14,18.218,14.25,272.25
ocotepeque,2009-12-14,21.436,14.25,270.75
copan,2009-12-14,14.874,14.75,271.25
comayagua,2009-12-15,21.039,14.25,272.25
ocotepeque,2009-12-15,23.784,14.25,270.75
copan,2009-12-15,22.064,14.75,271.25
comayagua,2009-12-16,17.406,14.25,272.25
ocotepeque,2009-12-16,19.469,14.25,270.75
copan,2009-12-16,17.623,14.75,271.25
comayagua,2009-12-17,16.585,14.25,272.25
ocotepeque,2009-12-17,15.588,14.25,270.75
copan,2009-12-17,15.291,14.75,271.25
comayagua,2009-12-18,19.749,14.25,272.25
ocotepeque,2009-12-18,17.815,14.25,270.75
copan,2009-12-18,17.05,14.75,271.25
comayagua,2009-12-19,17.691,14.25,272.25
ocotepeque,2009-12-19,16.442,14.25,270.75
copan,2009-12-19,15.829,14.75,271.25
comayagua,2009-12-20,15.95,14.25,272.25
ocotepeque,2009-12-20,14.848,14.25,270.75
copan,2009-12-20,14.129,14.75,271.25
comayagua,2009-12-21,14.205,14.25,272.25
ocotepeque,2009-12-21,13.672,14.25,270.75
copan,2009-12-21,13.213,14.75,271.25
comayagua,2009-12-22,13.976,14.25,272.25
ocotepeque,2009-12-22,13.065,14.25,270.75
copan,2009-12-22,12.495,14.75,271.25
comayagua,2009-12-23,11.378,14.25,272.25
ocotepeque,2009-12-23,11.356,14.25,270.75
copan,2009-12-23,10.253,14.75,271.25
comayagua,2009-12-24,15.534,14.25,272.25
ocotepeque,2009-12-24,16.239,14.25,270.75
copan,2009-12-24,16.344,14.75,271.25
comayagua,2009-12-25,9.703,14.25,272.25
ocotepeque,2009-12-25,10.994,14.25,270.75
copan,2009-12-25,11.437,14.75,271.25
comayagua,2009-12-26,14.431,14.25,272.25
ocotepeque,2009-12-26,13.203,14.25,270.75
copan,2009-12-26,12.69,14.75,271.25
comayagua,2009-12-27,14.325,14.25,272.25
ocotepeque,2009-12-27,14.651,14.25,270.75
copan,2009-12-27,15.168,14.75,271.25
comayagua,2009-12-28,16.36,14.25,272.25
ocotepeque,2009-12-28,15.341,14.25,270.75
copan,2009-12-28,14.468,14.75,271.25
comayagua,2009-12-29,17.696,14.25,272.25
ocotepeque,2009-12-29,16.212,14.25,270.75
copan,2009-12-29,15.506,14.75,271.25
comayagua,2009-12-30,16.781,14.25,272.25
ocotepeque,2009-12-30,16.148,14.25,270.75
copan,2009-12-30,16.036,14.75,271.25
comayagua,2009-12-31,17.891,14.25,272.25
ocotepeque,2009-12-31,17.509,14.25,270.75
copan,2009-12-31,17.036,14.75,271.25
comayagua,2010-01-01,16.692,14.25,272.25
ocotepeque,2010-01-01,16.511,14.25,270.75
copan,2010-01-01,16.03,14.75,271.25
comayagua,2010-01-02,18.281,14.25,272.25
ocotepeque,2010-01-02,17.754,14.25,270.75
copan,2010-01-02,16.645,14.75,271.25
comayagua,2010-01-03,16.487,14.25,272.25
ocotepeque,2010-01-03,15.645,14.25,270.75
copan,2010-01-03,14.265,14.75,271.25
comayagua,2010-01-04,16.359,14.25,272.25
ocotepeque,2010-01-04,15.944,14.25,270.75
copan,2010-01-04,14.761,14.75,271.25
comayagua,2010-01-05,15.996,14.25,272.25
ocotepeque,2010-01-05,14.607,14.25,270.75
copan,2010-01-05,13.412,14.75,271.25
comayagua,2010-01-06,15.223,14.25,272.25
ocotepeque,2010-01-06,14.295,14.25,270.75
copan,2010-01-06,12.684,14.75,271.25
comayagua,2010-01-07,14.243,14.25,272.25
ocotepeque,2010-01-07,13.716,14.25,270.75
copan,2010-01-07,12.175,14.75,271.25
comayagua,2010-01-08,14.861,14.25,272.25
ocotepeque,2010-01-08,14.988,14.25,270.75
copan,2010-01-08,14.443,14.75,271.25
comayagua,2010-01-09,16.079,14.25,272.25
ocotepeque,2010-01-09,15.279,14.25,270.75
copan,2010-01-09,14.145,14.75,271.25
comayagua,2010-01-10,13.432,14.25,272.25
ocotepeque,2010-01-10,11.674,14.25,270.75
copan,2010-01-10,10.264,14.75,271.25
comayagua,2010-01-11,10.28,14.25,272.25
ocotepeque,2010-01-11,9.322,14.25,270.75
copan,2010-01-11,7.923,14.75,271.25
comayagua,2010-01-12,11.307,14.25,272.25
ocotepeque,2010-01-12,10.414,14.25,270.75
copan,2010-01-12,8.678,14.75,271.25
comayagua,2010-01-13,13.039,14.25,272.25
ocotepeque,2010-01-13,12.194,14.25,270.75
copan,2010-01-13,10.379,14.75,271.25
comayagua,2010-01-14,13.371,14.25,272.25
ocotepeque,2010-01-14,11.117,14.25,270.75
copan,2010-01-14,9.189,14.75,271.25
comayagua,2010-01-15,12.635,14.25,272.25
ocotepeque,2010-01-15,12.661,14.25,270.75
copan,2010-01-15,12.344,14.75,271.25
comayagua,2010-01-16,14.079,14.25,272.25
ocotepeque,2010-01-16,13.529,14.25,270.75
copan,2010-01-16,13.074,14.75,271.25
comayagua,2010-01-17,17.129,14.25,272.25
ocotepeque,2010-01-17,16.418,14.25,270.75
copan,2010-01-17,15.311,14.75,271.25
comayagua,2010-01-18,19.689,14.25,272.25
ocotepeque,2010-01-18,18.334,14.25,270.75
copan,2010-01-18,16.873,14.75,271.25
comayagua,2010-01-19,14.386,14.25,272.25
ocotepeque,2010-01-19,14.263,14.25,270.75
copan,2010-01-19,13.417,14.75,271.25
comayagua,2010-01-20,12.037,14.25,272.25
ocotepeque,2010-01-20,13.588,14.25,270.75
copan,2010-01-20,13.78,14.75,271.25
comayagua,2010-01-21,10.559,14.25,272.25
ocotepeque,2010-01-21,12.012,14.25,270.75
copan,2010-01-21,11.366,14.75,271.25
comayagua,2010-01-22,10.194,14.25,272.25
ocotepeque,2010-01-22,12.776,14.25,270.75
copan,2010-01-22,12.476,14.75,271.25
comayagua,2010-01-23,19.722,14.25,272.25
ocotepeque,2010-01-23,14.85,14.25,270.75
copan,2010-01-23,14.253,14.75,271.25
comayagua,2010-01-24,14.132,14.25,272.25
ocotepeque,2010-01-24,14.733,14.25,270.75
copan,2010-01-24,16.211,14.75,271.25
comayagua,2010-01-25,12.331,14.25,272.25
ocotepeque,2010-01-25,12.427,14.25,270.75
copan,2010-01-25,12.469,14.75,271.25
comayagua,2010-01-26,17.913,14.25,272.25
ocotepeque,2010-01-26,16.798,14.25,270.75
copan,2010-01-26,15.468,14.75,271.25
comayagua,2010-01-27,16.375,14.25,272.25
ocotepeque,2010-01-27,15.644,14.25,270.75
copan,2010-01-27,14.651,14.75,271.25
comayagua,2010-01-28,17.463,14.25,272.25
ocotepeque,2010-01-28,17.236,14.25,270.75
copan,2010-01-28,16.302,14.75,271.25
comayagua,2010-01-29,17.388,14.25,272.25
ocotepeque,2010-01-29,16.809,14.25,270.75
copan,2010-01-29,15.757,14.75,271.25
comayagua,2010-01-30,14.667,14.25,272.25
ocotepeque,2010-01-30,15.754,14.25,270.75
copan,2010-01-30,16.455,14.75,271.25
comayagua,2010-01-31,17.461,14.25,272.25
ocotepeque,2010-01-31,17.148,14.25,270.75
copan,2010-01-31,16.488,14.75,271.25
comayagua,2010-02-01,17.783,14.25,272.25
ocotepeque,2010-02-01,16.988,14.25,270.75
copan,2010-02-01,15.902,14.75,271.25
comayagua,2010-02-02,18.808,14.25,272.25
ocotepeque,2010-02-02,17.888,14.25,270.75
copan,2010-02-02,16.864,14.75,271.25
comayagua,2010-02-03,18.886,14.25,272.25
ocotepeque,2010-02-03,18.015,14.25,270.75
copan,2010-02-03,16.795,14.75,271.25
comayagua,2010-02-04,14.865,14.25,272.25
ocotepeque,2010-02-04,14.868,14.25,270.75
copan,2010-02-04,14.865,14.75,271.25
comayagua,2010-02-05,11.561,14.25,272.25
ocotepeque,2010-02-05,14.058,14.25,270.75
copan,2010-02-05,14.462,14.75,271.25
comayagua,2010-02-06,17.753,14.25,272.25
ocotepeque,2010-02-06,17.426,14.25,270.75
copan,2010-02-06,16.966,14.75,271.25
comayagua,2010-02-07,17.191,14.25,272.25
ocotepeque,2010-02-07,15.607,14.25,270.75
copan,2010-02-07,13.904,14.75,271.25
comayagua,2010-02-08,15.777,14.25,272.25
ocotepeque,2010-02-08,15.653,14.25,270.75
copan,2010-02-08,14.812,14.75,271.25
comayagua,2010-02-09,17.376,14.25,272.25
ocotepeque,2010-02-09,17.96,14.25,270.75
copan,2010-02-09,17.296,14.75,271.25
comayagua,2010-02-10,18.701,14.25,272.25
ocotepeque,2010-02-10,18.539,14.25,270.75
copan,2010-02-10,17.39,14.75,271.25
comayagua,2010-02-11,18.34,14.25,272.25
ocotepeque,2010-02-11,17.896,14.25,270.75
copan,2010-02-11,16.738,14.75,271.25
comayagua,2010-02-12,13.888,14.25,272.25
ocotepeque,2010-02-12,15.078,14.25,270.75
copan,2010-02-12,14.802,14.75,271.25
comayagua,2010-02-13,15.211,14.25,272.25
ocotepeque,2010-02-13,13.866,14.25,270.75
copan,2010-02-13,12.21,14.75,271.25
comayagua,2010-02-14,11.89,14.25,272.25
ocotepeque,2010-02-14,10.638,14.25,270.75
copan,2010-02-14,9.244,14.75,271.25
comayagua,2010-02-15,15.012,14.25,272.25
ocotepeque,2010-02-15,14.394,14.25,270.75
copan,2010-02-15,13.208,14.75,271.25
comayagua,2010-02-16,17.005,14.25,272.25
ocotepeque,2010-02-16,15.8,14.25,270.75
copan,2010-02-16,14.163,14.75,271.25
comayagua,2010-02-17,15.955,14.25,272.25
ocotepeque,2010-02-17,15.563,14.25,270.75
copan,2010-02-17,13.855,14.75,271.25
comayagua,2010-02-18,15.027,14.25,272.25
ocotepeque,2010-02-18,13.816,14.25,270.75
copan,2010-02-18,11.744,14.75,271.25
comayagua,2010-02-19,15.737,14.25,272.25
ocotepeque,2010-02-19,15.631,14.25,270.75
copan,2010-02-19,14.155,14.75,271.25
comayagua,2010-02-20,13.837,14.25,272.25
ocotepeque,2010-02-20,14.418,14.25,270.75
copan,2010-02-20,14.153,14.75,271.25
comayagua,2010-02-21,14.601,14.25,272.25
ocotepeque,2010-02-21,16.44,14.25,270.75
copan,2010-02-21,16.563,14.75,271.25
comayagua,2010-02-22,19.102,14.25,272.25
ocotepeque,2010-02-22,18.953,14.25,270.75
copan,2010-02-22,18.183,14.75,271.25
comayagua,2010-02-23,15.877,14.25,272.25
ocotepeque,2010-02-23,16.298,14.25,270.75
copan,2010-02-23,15.504,14.75,271.25
comayagua,2010-02-24,17.486,14.25,272.25
ocotepeque,2010-02-24,16.388,14.25,270.75
copan,2010-02-24,14.761,14.75,271.25
comayagua,2010-02-25,14.205,14.25,272.25
ocotepeque,2010-02-25,12.809,14.25,270.75
copan,2010-02-25,11.086,14.75,271.25
comayagua,2010-02-26,11.932,14.25,272.25
ocotepeque,2010-02-26,12.005,14.25,270.75
copan,2010-02-26,10.818,14.75,271.25
comayagua,2010-02-27,17.346,14.25,272.25
ocotepeque,2010-02-27,17.431,14.25,270.75
copan,2010-02-27,15.974,14.75,271.25
comayagua,2010-02-28,17.722,14.25,272.25
ocotepeque,2010-02-28,18.919,14.25,270.75
copan,2010-02-28,17.744,14.75,271.25
comayagua,2010-03-01,11.916,14.25,272.25
ocotepeque,2010-03-01,11.478,14.25,270.75
copan,2010-03-01,9.915,14.75,271.25
comayagua,2010-03-02,15.545,14.25,272.25
ocotepeque,2010-03-02,17.295,14.25,270.75
copan,2010-03-02,16.821,14.75,271.25
comayagua,2010-03-03,16.517,14.25,272.25
ocotepeque,2010-03-03,15.049,14.25,270.75
copan,2010-03-03,13.12,14.75,271.25
comayagua,2010-03-04,14.605,14.25,272.25
ocotepeque,2010-03-04,13.425,14.25,270.75
copan,2010-03-04,12.5,14.75,271.25
comayagua,2010-03-05,15.858,14.25,272.25
ocotepeque,2010-03-05,14.833,14.25,270.75
copan,2010-03-05,13.444,14.75,271.25
comayagua,2010-03-06,15.896,14.25,272.25
ocotepeque,2010-03-06,14.288,14.25,270.75
copan,2010-03-06,12.49,14.75,271.25
comayagua,2010-03-07,15.314,14.25,272.25
ocotepeque,2010-03-07,13.352,14.25,270.75
copan,2010-03-07,11.66,14.75,271.25
comayagua,2010-03-08,12.465,14.25,272.25
ocotepeque,2010-03-08,9.876,14.25,270.75
copan,2010-03-08,8.245,14.75,271.25
comayagua,2010-03-09,14.897,14.25,272.25
ocotepeque,2010-03-09,14.592,14.25,270.75
copan,2010-03-09,10.662,14.75,271.25
comayagua,2010-03-10,13.143,14.25,272.25
ocotepeque,2010-03-10,13.785,14.25,270.75
copan,2010-03-10,13.687,14.75,271.25
comayagua,2010-03-11,17.475,14.25,272.25
ocotepeque,2010-03-11,18.003,14.25,270.75
copan,2010-03-11,17.229,14.75,271.25
comayagua,2010-03-12,18.373,14.25,272.25
ocotepeque,2010-03-12,18.319,14.25,270.75
copan,2010-03-12,17.804,14.75,271.25
comayagua,2010-03-13,19.432,14.25,272.25
ocotepeque,2010-03-13,18.196,14.25,270.75
copan,2010-03-13,16.421,14.75,271.25
comayagua,2010-03-14,17.996,14.25,272.25
ocotepeque,2010-03-14,16.95,14.25,270.75
copan,2010-03-14,15.59,14.75,271.25
comayagua,2010-03-15,18.056,14.25,272.25
ocotepeque,2010-03-15,17.053,14.25,270.75
copan,2010-03-15,15.299,14.75,271.25
comayagua,2010-03-16,20.433,14.25,272.25
ocotepeque,2010-03-16,19.624,14.25,270.75
copan,2010-03-16,18.572,14.75,271.25
comayagua,2010-03-17,20.86,14.25,272.25
ocotepeque,2010-03-17,19.704,14.25,270.75
copan,2010-03-17,18.189,14.75,271.25
comayagua,2010-03-18,16.299,14.25,272.25
ocotepeque,2010-03-18,14.81,14.25,270.75
copan,2010-03-18,13.305,14.75,271.25
comayagua,2010-03-19,15.657,14.25,272.25
ocotepeque,2010-03-19,14.992,14.25,270.75
copan,2010-03-19,13.795,14.75,271.25
comayagua,2010-03-20,14.044,14.25,272.25
ocotepeque,2010-03-20,13.303,14.25,270.75
copan,2010-03-20,11.741,14.75,271.25
comayagua,2010-03-21,14.407,14.25,272.25
ocotepeque,2010-03-21,15.692,14.25,270.75
copan,2010-03-21,15.401,14.75,271.25
comayagua,2010-03-22,17.328,14.25,272.25
ocotepeque,2010-03-22,16.032,14.25,270.75
copan,2010-03-22,14.26,14.75,271.25
comayagua,2010-03-23,13.8,14.25,272.25
ocotepeque,2010-03-23,15.463,14.25,270.75
copan,2010-03-23,14.519,14.75,271.25
comayagua,2010-03-24,18.337,14.25,272.25
ocotepeque,2010-03-24,17.511,14.25,270.75
copan,2010-03-24,16.05,14.75,271.25
comayagua,2010-03-25,15.262,14.25,272.25
ocotepeque,2010-03-25,14.802,14.25,270.75
copan,2010-03-25,13.965,14.75,271.25
comayagua,2010-03-26,16.616,14.25,272.25
ocotepeque,2010-03-26,17.219,14.25,270.75
copan,2010-03-26,17.117,14.75,271.25
comayagua,2010-03-27,15.938,14.25,272.25
ocotepeque,2010-03-27,20.474,14.25,270.75
copan,2010-03-27,16.677,14.75,271.25
comayagua,2010-03-28,17.744,14.25,272.25
ocotepeque,2010-03-28,17.209,14.25,270.75
copan,2010-03-28,16.707,14.75,271.25
comayagua,2010-03-29,19.565,14.25,272.25
ocotepeque,2010-03-29,18.422,14.25,270.75
copan,2010-03-29,16.836,14.75,271.25
comayagua,2010-03-30,17.766,14.25,272.25
ocotepeque,2010-03-30,16.189,14.25,270.75
copan,2010-03-30,14.14,14.75,271.25
comayagua,2010-03-31,16.698,14.25,272.25
ocotepeque,2010-03-31,16.357,14.25,270.75
copan,2010-03-31,15.361,14.75,271.25
comayagua,2010-04-01,18.317,14.25,272.25
ocotepeque,2010-04-01,18.133,14.25,270.75
copan,2010-04-01,16.776,14.75,271.25
comayagua,2010-04-02,17.86,14.25,272.25
ocotepeque,2010-04-02,17.661,14.25,270.75
copan,2010-04-02,17.274,14.75,271.25
comayagua,2010-04-03,19.132,14.25,272.25
ocotepeque,2010-04-03,18.742,14.25,270.75
copan,2010-04-03,17.624,14.75,271.25
comayagua,2010-04-04,19.438,14.25,272.25
ocotepeque,2010-04-04,18.837,14.25,270.75
copan,2010-04-04,17.858,14.75,271.25
comayagua,2010-04-05,19.287,14.25,272.25
ocotepeque,2010-04-05,18.805,14.25,270.75
copan,2010-04-05,17.241,14.75,271.25
comayagua,2010-04-06,19.765,14.25,272.25
ocotepeque,2010-04-06,19.701,14.25,270.75
copan,2010-04-06,17.97,14.75,271.25
comayagua,2010-04-07,19.317,14.25,272.25
ocotepeque,2010-04-07,19.183,14.25,270.75
copan,2010-04-07,18.3,14.75,271.25
comayagua,2010-04-08,19.698,14.25,272.25
ocotepeque,2010-04-08,18.573,14.25,270.75
copan,2010-04-08,17.151,14.75,271.25
comayagua,2010-04-09,19.277,14.25,272.25
ocotepeque,2010-04-09,19.031,14.25,270.75
copan,2010-04-09,18.159,14.75,271.25
comayagua,2010-04-10,19.367,14.25,272.25
ocotepeque,2010-04-10,17.92,14.25,270.75
copan,2010-04-10,16.292,14.75,271.25
comayagua,2010-04-11,19.124,14.25,272.25
ocotepeque,2010-04-11,19.155,14.25,270.75
copan,2010-04-11,18.13,14.75,271.25
comayagua,2010-04-12,17.255,14.25,272.25
ocotepeque,2010-04-12,16.459,14.25,270.75
copan,2010-04-12,14.932,14.75,271.25
comayagua,2010-04-13,16.523,14.25,272.25
ocotepeque,2010-04-13,14.727,14.25,270.75
copan,2010-04-13,12.852,14.75,271.25
comayagua,2010-04-14,18.319,14.25,272.25
ocotepeque,2010-04-14,21.898,14.25,270.75
copan,2010-04-14,17.102,14.75,271.25
comayagua,2010-04-15,18.372,14.25,272.25
ocotepeque,2010-04-15,19.869,14.25,270.75
copan,2010-04-15,17.525,14.75,271.25
comayagua,2010-04-16,18.875,14.25,272.25
ocotepeque,2010-04-16,22.29,14.25,270.75
copan,2010-04-16,16.542,14.75,271.25
comayagua,2010-04-17,18.368,14.25,272.25
ocotepeque,2010-04-17,22.374,14.25,270.75
copan,2010-04-17,16.703,14.75,271.25
comayagua,2010-04-18,17.634,14.25,272.25
ocotepeque,2010-04-18,22.711,14.25,270.75
copan,2010-04-18,16.375,14.75,271.25
comayagua,2010-04-19,18.92,14.25,272.25
ocotepeque,2010-04-19,23.446,14.25,270.75
copan,2010-04-19,15.724,14.75,271.25
comayagua,2010-04-20,18.643,14.25,272.25
ocotepeque,2010-04-20,23.374,14.25,270.75
copan,2010-04-20,17.916,14.75,271.25
comayagua,2010-04-21,19.209,14.25,272.25
ocotepeque,2010-04-21,28.15,14.25,270.75
copan,2010-04-21,18.475,14.75,271.25
comayagua,2010-04-22,18.988,14.25,272.25
ocotepeque,2010-04-22,23.561,14.25,270.75
copan,2010-04-22,17.194,14.75,271.25
comayagua,2010-04-23,18.341,14.25,272.25
ocotepeque,2010-04-23,23.031,14.25,270.75
copan,2010-04-23,17.186,14.75,271.25
comayagua,2010-04-24,19.433,14.25,272.25
ocotepeque,2010-04-24,24.387,14.25,270.75
copan,2010-04-24,17.713,14.75,271.25
comayagua,2010-04-25,19.741,14.25,272.25
ocotepeque,2010-04-25,25.42,14.25,270.75
copan,2010-04-25,20.268,14.75,271.25
comayagua,2010-04-26,18.826,14.25,272.25
ocotepeque,2010-04-26,24.886,14.25,270.75
copan,2010-04-26,18.34,14.75,271.25
comayagua,2010-04-27,20.777,14.25,272.25
ocotepeque,2010-04-27,24.667,14.25,270.75
copan,2010-04-27,18.244,14.75,271.25
comayagua,2010-04-28,20.095,14.25,272.25
ocotepeque,2010-04-28,21.291,14.25,270.75
copan,2010-04-28,19.429,14.75,271.25
comayagua,2010-04-29,19.827,14.25,272.25
ocotepeque,2010-04-29,23.723,14.25,270.75
copan,2010-04-29,19.446,14.75,271.25
comayagua,2010-04-30,20.364,14.25,272.25
ocotepeque,2010-04-30,23.201,14.25,270.75
copan,2010-04-30,18.445,14.75,271.25
comayagua,2010-05-01,20.526,14.25,272.25
ocotepeque,2010-05-01,21.958,14.25,270.75
copan,2010-05-01,19.76,14.75,271.25
comayagua,2010-05-02,19.654,14.25,272.25
ocotepeque,2010-05-02,22.719,14.25,270.75
copan,2010-05-02,18.076,14.75,271.25
comayagua,2010-05-03,18.903,14.25,272.25
ocotepeque,2010-05-03,24.033,14.25,270.75
copan,2010-05-03,19.256,14.75,271.25
comayagua,2010-05-04,19.372,14.25,272.25
ocotepeque,2010-05-04,24.261,14.25,270.75
copan,2010-05-04,19.276,14.75,271.25
comayagua,2010-05-05,18.905,14.25,272.25
ocotepeque,2010-05-05,23.566,14.25,270.75
copan,2010-05-05,16.563,14.75,271.25
comayagua,2010-05-06,17.413,14.25,272.25
ocotepeque,2010-05-06,23.054,14.25,270.75
copan,2010-05-06,14.192,14.75,271.25
comayagua,2010-05-07,21.365,14.25,272.25
ocotepeque,2010-05-07,23.003,14.25,270.75
copan,2010-05-07,15.903,14.75,271.25
comayagua,2010-05-08,19.364,14.25,272.25
ocotepeque,2010-05-08,23.562,14.25,270.75
copan,2010-05-08,16.785,14.75,271.25
comayagua,2010-05-09,20.184,14.25,272.25
ocotepeque,2010-05-09,24.239,14.25,270.75
copan,2010-05-09,17.714,14.75,271.25
comayagua,2010-05-10,18.942,14.25,272.25
ocotepeque,2010-05-10,23.403,14.25,270.75
copan,2010-05-10,15.896,14.75,271.25
comayagua,2010-05-11,19.126,14.25,272.25
ocotepeque,2010-05-11,23.397,14.25,270.75
copan,2010-05-11,16.372,14.75,271.25
comayagua,2010-05-12,19.42,14.25,272.25
ocotepeque,2010-05-12,23.839,14.25,270.75
copan,2010-05-12,16.03,14.75,271.25
comayagua,2010-05-13,20.162,14.25,272.25
ocotepeque,2010-05-13,23.656,14.25,270.75
copan,2010-05-13,17.236,14.75,271.25
comayagua,2010-05-14,18.944,14.25,272.25
ocotepeque,2010-05-14,22.371,14.25,270.75
copan,2010-05-14,15.998,14.75,271.25
comayagua,2010-05-15,19.609,14.25,272.25
ocotepeque,2010-05-15,24.502,14.25,270.75
copan,2010-05-15,17.713,14.75,271.25
comayagua,2010-05-16,18.669,14.25,272.25
ocotepeque,2010-05-16,22.467,14.25,270.75
copan,2010-05-16,18.416,14.75,271.25
comayagua,2010-05-17,19.795,14.25,272.25
ocotepeque,2010-05-17,24.101,14.25,270.75
copan,2010-05-17,19.052,14.75,271.25
comayagua,2010-05-18,19.485,14.25,272.25
ocotepeque,2010-05-18,22.613,14.25,270.75
copan,2010-05-18,19.066,14.75,271.25
comayagua,2010-05-19,20.3,14.25,272.25
ocotepeque,2010-05-19,24.775,14.25,270.75
copan,2010-05-19,18.921,14.75,271.25
comayagua,2010-05-20,20.174,14.25,272.25
ocotepeque,2010-05-20,24.159,14.25,270.75
copan,2010-05-20,19.574,14.75,271.25
comayagua,2010-05-21,20.547,14.25,272.25
ocotepeque,2010-05-21,23.204,14.25,270.75
copan,2010-05-21,19.24,14.75,271.25
comayagua,2010-05-22,23.248,14.25,272.25
ocotepeque,2010-05-22,24.905,14.25,270.75
copan,2010-05-22,21.396,14.75,271.25
comayagua,2010-05-23,23.146,14.25,272.25
ocotepeque,2010-05-23,24.568,14.25,270.75
copan,2010-05-23,22.948,14.75,271.25
comayagua,2010-05-24,20.506,14.25,272.25
ocotepeque,2010-05-24,21.817,14.25,270.75
copan,2010-05-24,20.83,14.75,271.25
comayagua,2010-05-25,21.841,14.25,272.25
ocotepeque,2010-05-25,23.388,14.25,270.75
copan,2010-05-25,22.057,14.75,271.25
comayagua,2010-05-26,20.527,14.25,272.25
ocotepeque,2010-05-26,22.74,14.25,270.75
copan,2010-05-26,19.717,14.75,271.25
comayagua,2010-05-27,18.793,14.25,272.25
ocotepeque,2010-05-27,21.386,14.25,270.75
copan,2010-05-27,18.93,14.75,271.25
comayagua,2010-05-28,18.784,14.25,272.25
ocotepeque,2010-05-28,20.392,14.25,270.75
copan,2010-05-28,18.475,14.75,271.25
comayagua,2010-05-29,19.745,14.25,272.25
ocotepeque,2010-05-29,21.146,14.25,270.75
copan,2010-05-29,20.002,14.75,271.25
comayagua,2010-05-30,18.72,14.25,272.25
ocotepeque,2010-05-30,20.135,14.25,270.75
copan,2010-05-30,18.968,14.75,271.25
comayagua,2010-05-31,18.441,14.25,272.25
ocotepeque,2010-05-31,22.1,14.25,270.75
copan,2010-05-31,19.973,14.75,271.25
comayagua,2010-06-01,19.147,14.25,272.25
ocotepeque,2010-06-01,22.977,14.25,270.75
copan,2010-06-01,18.13,14.75,271.25
comayagua,2010-06-02,19.82,14.25,272.25
ocotepeque,2010-06-02,24.257,14.25,270.75
copan,2010-06-02,20.781,14.75,271.25
comayagua,2010-06-03,19.876,14.25,272.25
ocotepeque,2010-06-03,25.284,14.25,270.75
copan,2010-06-03,25.841,14.75,271.25
comayagua,2010-06-04,19.991,14.25,272.25
ocotepeque,2010-06-04,22.081,14.25,270.75
copan,2010-06-04,18.548,14.75,271.25
comayagua,2010-06-05,19.3,14.25,272.25
ocotepeque,2010-06-05,22.646,14.25,270.75
copan,2010-06-05,18.163,14.75,271.25
comayagua,2010-06-06,18.292,14.25,272.25
ocotepeque,2010-06-06,23.326,14.25,270.75
copan,2010-06-06,18.528,14.75,271.25
comayagua,2010-06-07,17.981,14.25,272.25
ocotepeque,2010-06-07,23.732,14.25,270.75
copan,2010-06-07,17.756,14.75,271.25
comayagua,2010-06-08,18.593,14.25,272.25
ocotepeque,2010-06-08,22.678,14.25,270.75
copan,2010-06-08,17.774,14.75,271.25
comayagua,2010-06-09,18.778,14.25,272.25
ocotepeque,2010-06-09,21.778,14.25,270.75
copan,2010-06-09,17.665,14.75,271.25
comayagua,2010-06-10,18.78,14.25,272.25
ocotepeque,2010-06-10,21.163,14.25,270.75
copan,2010-06-10,17.873,14.75,271.25
comayagua,2010-06-11,18.424,14.25,272.25
ocotepeque,2010-06-11,20.65,14.25,270.75
copan,2010-06-11,17.259,14.75,271.25
comayagua,2010-06-12,18.086,14.25,272.25
ocotepeque,2010-06-12,20.075,14.25,270.75
copan,2010-06-12,16.302,14.75,271.25
comayagua,2010-06-13,18.043,14.25,272.25
ocotepeque,2010-06-13,20.365,14.25,270.75
copan,2010-06-13,17.572,14.75,271.25
comayagua,2010-06-14,18.387,14.25,272.25
ocotepeque,2010-06-14,23.045,14.25,270.75
copan,2010-06-14,17.824,14.75,271.25
comayagua,2010-06-15,18.134,14.25,272.25
ocotepeque,2010-06-15,22.189,14.25,270.75
copan,2010-06-15,16.979,14.75,271.25
comayagua,2010-06-16,19.598,14.25,272.25
ocotepeque,2010-06-16,21.681,14.25,270.75
copan,2010-06-16,17.537,14.75,271.25
comayagua,2010-06-17,18.681,14.25,272.25
ocotepeque,2010-06-17,20.599,14.25,270.75
copan,2010-06-17,17.958,14.75,271.25
comayagua,2010-06-18,20.161,14.25,272.25
ocotepeque,2010-06-18,23.088,14.25,270.75
copan,2010-06-18,17.689,14.75,271.25
comayagua,2010-06-19,18.924,14.25,272.25
ocotepeque,2010-06-19,21.966,14.25,270.75
copan,2010-06-19,16.585,14.75,271.25
comayagua,2010-06-20,18.929,14.25,272.25
ocotepeque,2010-06-20,19.608,14.25,270.75
copan,2010-06-20,17.372,14.75,271.25
comayagua,2010-06-21,21.475,14.25,272.25
ocotepeque,2010-06-21,23.607,14.25,270.75
copan,2010-06-21,20.595,14.75,271.25
comayagua,2010-06-22,19.735,14.25,272.25
ocotepeque,2010-06-22,19.611,14.25,270.75
copan,2010-06-22,17.905,14.75,271.25
comayagua,2010-06-23,19.007,14.25,272.25
ocotepeque,2010-06-23,23.478,14.25,270.75
copan,2010-06-23,18.567,14.75,271.25
comayagua,2010-06-24,19.998,14.25,272.25
ocotepeque,2010-06-24,23.372,14.25,270.75
copan,2010-06-24,19.542,14.75,271.25
comayagua,2010-06-25,20.623,14.25,272.25
ocotepeque,2010-06-25,23.852,14.25,270.75
copan,2010-06-25,19.401,14.75,271.25
comayagua,2010-06-26,19.889,14.25,272.25
ocotepeque,2010-06-26,22.797,14.25,270.75
copan,2010-06-26,19.18,14.75,271.25
comayagua,2010-06-27,19.627,14.25,272.25
ocotepeque,2010-06-27,21.423,14.25,270.75
copan,2010-06-27,19.345,14.75,271.25
comayagua,2010-06-28,19.355,14.25,272.25
ocotepeque,2010-06-28,21.343,14.25,270.75
copan,2010-06-28,19.398,14.75,271.25
comayagua,2010-06-29,18.895,14.25,272.25
ocotepeque,2010-06-29,20.94,14.25,270.75
copan,2010-06-29,18.253,14.75,271.25
comayagua,2010-06-30,19.794,14.25,272.25
ocotepeque,2010-06-30,21.722,14.25,270.75
copan,2010-06-30,19.371,14.75,271.25
comayagua,2010-07-01,18.571,14.25,272.25
ocotepeque,2010-07-01,22.4,14.25,270.75
copan,2010-07-01,17.834,14.75,271.25
comayagua,2010-07-02,18.807,14.25,272.25
ocotepeque,2010-07-02,22.385,14.25,270.75
copan,2010-07-02,16.576,14.75,271.25
comayagua,2010-07-03,24.72,14.25,272.25
ocotepeque,2010-07-03,22.126,14.25,270.75
copan,2010-07-03,17.402,14.75,271.25
comayagua,2010-07-04,18.082,14.25,272.25
ocotepeque,2010-07-04,22.705,14.25,270.75
copan,2010-07-04,17.566,14.75,271.25
comayagua,2010-07-05,19.028,14.25,272.25
ocotepeque,2010-07-05,22.354,14.25,270.75
copan,2010-07-05,18.041,14.75,271.25
comayagua,2010-07-06,19.329,14.25,272.25
ocotepeque,2010-07-06,23.19,14.25,270.75
copan,2010-07-06,18.8,14.75,271.25
comayagua,2010-07-07,19.602,14.25,272.25
ocotepeque,2010-07-07,18.957,14.25,270.75
copan,2010-07-07,18.422,14.75,271.25
comayagua,2010-07-08,18.403,14.25,272.25
ocotepeque,2010-07-08,18.296,14.25,270.75
copan,2010-07-08,18.213,14.75,271.25
comayagua,2010-07-09,20.42,14.25,272.25
ocotepeque,2010-07-09,19.462,14.25,270.75
copan,2010-07-09,18.281,14.75,271.25
comayagua,2010-07-10,19.322,14.25,272.25
ocotepeque,2010-07-10,18.552,14.25,270.75
copan,2010-07-10,17.972,14.75,271.25
comayagua,2010-07-11,19.79,14.25,272.25
ocotepeque,2010-07-11,22.882,14.25,270.75
copan,2010-07-11,18.533,14.75,271.25
comayagua,2010-07-12,19.014,14.25,272.25
ocotepeque,2010-07-12,20.853,14.25,270.75
copan,2010-07-12,18.029,14.75,271.25
comayagua,2010-07-13,18.71,14.25,272.25
ocotepeque,2010-07-13,20.873,14.25,270.75
copan,2010-07-13,17.632,14.75,271.25
comayagua,2010-07-14,17.659,14.25,272.25
ocotepeque,2010-07-14,21.787,14.25,270.75
copan,2010-07-14,16.876,14.75,271.25
comayagua,2010-07-15,19.282,14.25,272.25
ocotepeque,2010-07-15,23.027,14.25,270.75
copan,2010-07-15,17.671,14.75,271.25
comayagua,2010-07-16,18.553,14.25,272.25
ocotepeque,2010-07-16,22.372,14.25,270.75
copan,2010-07-16,15.572,14.75,271.25
comayagua,2010-07-17,19.1,14.25,272.25
ocotepeque,2010-07-17,20.239,14.25,270.75
copan,2010-07-17,17.868,14.75,271.25
comayagua,2010-07-18,18.615,14.25,272.25
ocotepeque,2010-07-18,20.913,14.25,270.75
copan,2010-07-18,17.522,14.75,271.25
comayagua,2010-07-19,18.156,14.25,272.25
ocotepeque,2010-07-19,20.115,14.25,270.75
copan,2010-07-19,15.799,14.75,271.25
comayagua,2010-07-20,18.736,14.25,272.25
ocotepeque,2010-07-20,19.711,14.25,270.75
copan,2010-07-20,18.403,14.75,271.25
comayagua,2010-07-21,18.709,14.25,272.25
ocotepeque,2010-07-21,18.652,14.25,270.75
copan,2010-07-21,18.413,14.75,271.25
comayagua,2010-07-22,18.854,14.25,272.25
ocotepeque,2010-07-22,22.261,14.25,270.75
copan,2010-07-22,18.296,14.75,271.25
comayagua,2010-07-23,18.865,14.25,272.25
ocotepeque,2010-07-23,22.49,14.25,270.75
copan,2010-07-23,18.488,14.75,271.25
comayagua,2010-07-24,19.452,14.25,272.25
ocotepeque,2010-07-24,23.582,14.25,270.75
copan,2010-07-24,18.678,14.75,271.25
comayagua,2010-07-25,18.101,14.25,272.25
ocotepeque,2010-07-25,22.659,14.25,270.75
copan,2010-07-25,17.714,14.75,271.25
comayagua,2010-07-26,18.698,14.25,272.25
ocotepeque,2010-07-26,22.1,14.25,270.75
copan,2010-07-26,17.479,14.75,271.25
comayagua,2010-07-27,18.97,14.25,272.25
ocotepeque,2010-07-27,21.5,14.25,270.75
copan,2010-07-27,17.71,14.75,271.25
comayagua,2010-07-28,18.181,14.25,272.25
ocotepeque,2010-07-28,21.936,14.25,270.75
copan,2010-07-28,16.189,14.75,271.25
comayagua,2010-07-29,19.216,14.25,272.25
ocotepeque,2010-07-29,20.127,14.25,270.75
copan,2010-07-29,18.65,14.75,271.25
comayagua,2010-07-30,19.399,14.25,272.25
ocotepeque,2010-07-30,22.945,14.25,270.75
copan,2010-07-30,18.372,14.75,271.25
comayagua,2010-07-31,19.021,14.25,272.25
ocotepeque,2010-07-31,22.048,14.25,270.75
copan,2010-07-31,17.891,14.75,271.25
comayagua,2010-08-01,19.581,14.25,272.25
ocotepeque,2010-08-01,22.084,14.25,270.75
copan,2010-08-01,18.691,14.75,271.25
comayagua,2010-08-02,19.498,14.25,272.25
ocotepeque,2010-08-02,21.831,14.25,270.75
copan,2010-08-02,17.478,14.75,271.25
comayagua,2010-08-03,19.574,14.25,272.25
ocotepeque,2010-08-03,22.773,14.25,270.75
copan,2010-08-03,19.856,14.75,271.25
comayagua,2010-08-04,18.201,14.25,272.25
ocotepeque,2010-08-04,20.995,14.25,270.75
copan,2010-08-04,17.437,14.75,271.25
comayagua,2010-08-05,19.264,14.25,272.25
ocotepeque,2010-08-05,19.396,14.25,270.75
copan,2010-08-05,18.276,14.75,271.25
comayagua,2010-08-06,19.045,14.25,272.25
ocotepeque,2010-08-06,23.903,14.25,270.75
copan,2010-08-06,17.928,14.75,271.25
comayagua,2010-08-07,18.864,14.25,272.25
ocotepeque,2010-08-07,22.728,14.25,270.75
copan,2010-08-07,18.645,14.75,271.25
comayagua,2010-08-08,20.003,14.25,272.25
ocotepeque,2010-08-08,23.131,14.25,270.75
copan,2010-08-08,18.59,14.75,271.25
comayagua,2010-08-09,17.54,14.25,272.25
ocotepeque,2010-08-09,22.519,14.25,270.75
copan,2010-08-09,16.439,14.75,271.25
comayagua,2010-08-10,17.065,14.25,272.25
ocotepeque,2010-08-10,22.016,14.25,270.75
copan,2010-08-10,17.001,14.75,271.25
comayagua,2010-08-11,18.96,14.25,272.25
ocotepeque,2010-08-11,22.585,14.25,270.75
copan,2010-08-11,18.248,14.75,271.25
comayagua,2010-08-12,18.842,14.25,272.25
ocotepeque,2010-08-12,22.88,14.25,270.75
copan,2010-08-12,17.422,14.75,271.25
comayagua,2010-08-13,18.586,14.25,272.25
ocotepeque,2010-08-13,23.542,14.25,270.75
copan,2010-08-13,18.122,14.75,271.25
comayagua,2010-08-14,17.805,14.25,272.25
ocotepeque,2010-08-14,21.056,14.25,270.75
copan,2010-08-14,16.902,14.75,271.25
comayagua,2010-08-15,19.409,14.25,272.25
ocotepeque,2010-08-15,21.465,14.25,270.75
copan,2010-08-15,17.504,14.75,271.25
comayagua,2010-08-16,18.875,14.25,272.25
ocotepeque,2010-08-16,22.621,14.25,270.75
copan,2010-08-16,18.065,14.75,271.25
comayagua,2010-08-17,18.386,14.25,272.25
ocotepeque,2010-08-17,22.364,14.25,270.75
copan,2010-08-17,17.753,14.75,271.25
comayagua,2010-08-18,18.403,14.25,272.25
ocotepeque,2010-08-18,20.46,14.25,270.75
copan,2010-08-18,17.301,14.75,271.25
comayagua,2010-08-19,19.347,14.25,272.25
ocotepeque,2010-08-19,21.978,14.25,270.75
copan,2010-08-19,17.696,14.75,271.25
comayagua,2010-08-20,19.152,14.25,272.25
ocotepeque,2010-08-20,21.168,14.25,270.75
copan,2010-08-20,17.728,14.75,271.25
comayagua,2010-08-21,19.127,14.25,272.25
ocotepeque,2010-08-21,21.115,14.25,270.75
copan,2010-08-21,16.721,14.75,271.25
comayagua,2010-08-22,19.438,14.25,272.25
ocotepeque,2010-08-22,19.494,14.25,270.75
copan,2010-08-22,17.952,14.75,271.25
comayagua,2010-08-23,18.403,14.25,272.25
ocotepeque,2010-08-23,21.443,14.25,270.75
copan,2010-08-23,16.798,14.75,271.25
comayagua,2010-08-24,22.469,14.25,272.25
ocotepeque,2010-08-24,21.215,14.25,270.75
copan,2010-08-24,22.674,14.75,271.25
comayagua,2010-08-25,18.749,14.25,272.25
ocotepeque,2010-08-25,18.461,14.25,270.75
copan,2010-08-25,18.093,14.75,271.25
comayagua,2010-08-26,18.05,14.25,272.25
ocotepeque,2010-08-26,21.891,14.25,270.75
copan,2010-08-26,17.703,14.75,271.25
comayagua,2010-08-27,19.254,14.25,272.25
ocotepeque,2010-08-27,21.332,14.25,270.75
copan,2010-08-27,18.603,14.75,271.25
comayagua,2010-08-28,21.143,14.25,272.25
ocotepeque,2010-08-28,23.843,14.25,270.75
copan,2010-08-28,18.725,14.75,271.25
comayagua,2010-08-29,18.788,14.25,272.25
ocotepeque,2010-08-29,21.145,14.25,270.75
copan,2010-08-29,17.11,14.75,271.25
comayagua,2010-08-30,18.702,14.25,272.25
ocotepeque,2010-08-30,21.055,14.25,270.75
copan,2010-08-30,17.037,14.75,271.25
comayagua,2010-08-31,17.403,14.25,272.25
ocotepeque,2010-08-31,20.823,14.25,270.75
copan,2010-08-31,17.585,14.75,271.25
comayagua,2010-09-01,18.119,14.25,272.25
ocotepeque,2010-09-01,22.986,14.25,270.75
copan,2010-09-01,16.965,14.75,271.25
comayagua,2010-09-02,19.095,14.25,272.25
ocotepeque,2010-09-02,22.341,14.25,270.75
copan,2010-09-02,16.95,14.75,271.25
comayagua,2010-09-03,19.155,14.25,272.25
ocotepeque,2010-09-03,18.695,14.25,270.75
copan,2010-09-03,17.125,14.75,271.25
comayagua,2010-09-04,18.511,14.25,272.25
ocotepeque,2010-09-04,21.906,14.25,270.75
copan,2010-09-04,18.62,14.75,271.25
comayagua,2010-09-05,18.297,14.25,272.25
ocotepeque,2010-09-05,21.638,14.25,270.75
copan,2010-09-05,17.592,14.75,271.25
comayagua,2010-09-06,18.997,14.25,272.25
ocotepeque,2010-09-06,22.987,14.25,270.75
copan,2010-09-06,18.086,14.75,271.25
comayagua,2010-09-07,18.943,14.25,272.25
ocotepeque,2010-09-07,20.96,14.25,270.75
copan,2010-09-07,17.497,14.75,271.25
comayagua,2010-09-08,19.481,14.25,272.25
ocotepeque,2010-09-08,19.336,14.25,270.75
copan,2010-09-08,17.804,14.75,271.25
comayagua,2010-09-09,18.373,14.25,272.25
ocotepeque,2010-09-09,22.553,14.25,270.75
copan,2010-09-09,18.35,14.75,271.25
comayagua,2010-09-10,19.032,14.25,272.25
ocotepeque,2010-09-10,22.551,14.25,270.75
copan,2010-09-10,17.489,14.75,271.25
comayagua,2010-09-11,18.407,14.25,272.25
ocotepeque,2010-09-11,23.521,14.25,270.75
copan,2010-09-11,17.737,14.75,271.25
comayagua,2010-09-12,19.619,14.25,272.25
ocotepeque,2010-09-12,22.536,14.25,270.75
copan,2010-09-12,18.52,14.75,271.25
comayagua,2010-09-13,20.053,14.25,272.25
ocotepeque,2010-09-13,22.25,14.25,270.75
copan,2010-09-13,18.218,14.75,271.25
comayagua,2010-09-14,19.341,14.25,272.25
ocotepeque,2010-09-14,22.806,14.25,270.75
copan,2010-09-14,18.42,14.75,271.25
comayagua,2010-09-15,17.378,14.25,272.25
ocotepeque,2010-09-15,19.903,14.25,270.75
copan,2010-09-15,16.207,14.75,271.25
comayagua,2010-09-16,18.924,14.25,272.25
ocotepeque,2010-09-16,20.817,14.25,270.75
copan,2010-09-16,16.807,14.75,271.25
comayagua,2010-09-17,19.809,14.25,272.25
ocotepeque,2010-09-17,21.425,14.25,270.75
copan,2010-09-17,17.023,14.75,271.25
comayagua,2010-09-18,18.499,14.25,272.25
ocotepeque,2010-09-18,22.695,14.25,270.75
copan,2010-09-18,17.942,14.75,271.25
comayagua,2010-09-19,18.244,14.25,272.25
ocotepeque,2010-09-19,22.154,14.25,270.75
copan,2010-09-19,17.651,14.75,271.25
comayagua,2010-09-20,19.061,14.25,272.25
ocotepeque,2010-09-20,22.054,14.25,270.75
copan,2010-09-20,17.649,14.75,271.25
comayagua,2010-09-21,18.422,14.25,272.25
ocotepeque,2010-09-21,22.394,14.25,270.75
copan,2010-09-21,18.025,14.75,271.25
comayagua,2010-09-22,18.02,14.25,272.25
ocotepeque,2010-09-22,21.276,14.25,270.75
copan,2010-09-22,16.537,14.75,271.25
comayagua,2010-09-23,16.481,14.25,272.25
ocotepeque,2010-09-23,22.138,14.25,270.75
copan,2010-09-23,15.17,14.75,271.25
comayagua,2010-09-24,18.673,14.25,272.25
ocotepeque,2010-09-24,22.448,14.25,270.75
copan,2010-09-24,18.327,14.75,271.25
comayagua,2010-09-25,18.073,14.25,272.25
ocotepeque,2010-09-25,20.087,14.25,270.75
copan,2010-09-25,17.212,14.75,271.25
comayagua,2010-09-26,18.733,14.25,272.25
ocotepeque,2010-09-26,20.159,14.25,270.75
copan,2010-09-26,17.311,14.75,271.25
comayagua,2010-09-27,18.877,14.25,272.25
ocotepeque,2010-09-27,20.572,14.25,270.75
copan,2010-09-27,19.578,14.75,271.25
comayagua,2010-09-28,19.226,14.25,272.25
ocotepeque,2010-09-28,21.257,14.25,270.75
copan,2010-09-28,19.584,14.75,271.25
comayagua,2010-09-29,18.908,14.25,272.25
ocotepeque,2010-09-29,20.644,14.25,270.75
copan,2010-09-29,18.705,14.75,271.25
comayagua,2010-09-30,18.719,14.25,272.25
ocotepeque,2010-09-30,19.737,14.25,270.75
copan,2010-09-30,17.963,14.75,271.25
comayagua,2010-10-01,18.959,14.25,272.25
ocotepeque,2010-10-01,20.746,14.25,270.75
copan,2010-10-01,17.902,14.75,271.25
comayagua,2010-10-02,18.583,14.25,272.25
ocotepeque,2010-10-02,21.121,14.25,270.75
copan,2010-10-02,16.192,14.75,271.25
comayagua,2010-10-03,17.72,14.25,272.25
ocotepeque,2010-10-03,21.767,14.25,270.75
copan,2010-10-03,15.551,14.75,271.25
comayagua,2010-10-04,18.202,14.25,272.25
ocotepeque,2010-10-04,21.634,14.25,270.75
copan,2010-10-04,14.802,14.75,271.25
comayagua,2010-10-05,17.296,14.25,272.25
ocotepeque,2010-10-05,21.039,14.25,270.75
copan,2010-10-05,15.242,14.75,271.25
comayagua,2010-10-06,18.236,14.25,272.25
ocotepeque,2010-10-06,21.601,14.25,270.75
copan,2010-10-06,15.944,14.75,271.25
comayagua,2010-10-07,16.028,14.25,272.25
ocotepeque,2010-10-07,22.844,14.25,270.75
copan,2010-10-07,10.689,14.75,271.25
comayagua,2010-10-08,16.565,14.25,272.25
ocotepeque,2010-10-08,21.006,14.25,270.75
copan,2010-10-08,15.122,14.75,271.25
comayagua,2010-10-09,16.268,14.25,272.25
ocotepeque,2010-10-09,20.772,14.25,270.75
copan,2010-10-09,14.929,14.75,271.25
comayagua,2010-10-10,16.696,14.25,272.25
ocotepeque,2010-10-10,20.633,14.25,270.75
copan,2010-10-10,14.007,14.75,271.25
comayagua,2010-10-11,16.468,14.25,272.25
ocotepeque,2010-10-11,16.567,14.25,270.75
copan,2010-10-11,14.093,14.75,271.25
comayagua,2010-10-12,18.207,14.25,272.25
ocotepeque,2010-10-12,22.184,14.25,270.75
copan,2010-10-12,16.84,14.75,271.25
comayagua,2010-10-13,19.144,14.25,272.25
ocotepeque,2010-10-13,22.687,14.25,270.75
copan,2010-10-13,17.735,14.75,271.25
comayagua,2010-10-14,18.627,14.25,272.25
ocotepeque,2010-10-14,21.181,14.25,270.75
copan,2010-10-14,12.056,14.75,271.25
comayagua,2010-10-15,18.097,14.25,272.25
ocotepeque,2010-10-15,21.257,14.25,270.75
copan,2010-10-15,15.783,14.75,271.25
comayagua,2010-10-16,18.218,14.25,272.25
ocotepeque,2010-10-16,22.202,14.25,270.75
copan,2010-10-16,15.52,14.75,271.25
comayagua,2010-10-17,18.461,14.25,272.25
ocotepeque,2010-10-17,21.87,14.25,270.75
copan,2010-10-17,15.684,14.75,271.25
comayagua,2010-10-18,20.083,14.25,272.25
ocotepeque,2010-10-18,22.593,14.25,270.75
copan,2010-10-18,18.763,14.75,271.25
comayagua,2010-10-19,17.168,14.25,272.25
ocotepeque,2010-10-19,21.7,14.25,270.75
copan,2010-10-19,14.519,14.75,271.25
comayagua,2010-10-20,16.32,14.25,272.25
ocotepeque,2010-10-20,22.591,14.25,270.75
copan,2010-10-20,13.599,14.75,271.25
comayagua,2010-10-21,21.094,14.25,272.25
ocotepeque,2010-10-21,22.852,14.25,270.75
copan,2010-10-21,17.53,14.75,271.25
comayagua,2010-10-22,18.45,14.25,272.25
ocotepeque,2010-10-22,21.037,14.25,270.75
copan,2010-10-22,16.686,14.75,271.25
comayagua,2010-10-23,22.82,14.25,272.25
ocotepeque,2010-10-23,21.802,14.25,270.75
copan,2010-10-23,16.152,14.75,271.25
comayagua,2010-10-24,22.038,14.25,272.25
ocotepeque,2010-10-24,22.334,14.25,270.75
copan,2010-10-24,18.02,14.75,271.25
comayagua,2010-10-25,22.652,14.25,272.25
ocotepeque,2010-10-25,21.691,14.25,270.75
copan,2010-10-25,16.332,14.75,271.25
comayagua,2010-10-26,21.738,14.25,272.25
ocotepeque,2010-10-26,23.426,14.25,270.75
copan,2010-10-26,19.756,14.75,271.25
comayagua,2010-10-27,20.728,14.25,272.25
ocotepeque,2010-10-27,22.02,14.25,270.75
copan,2010-10-27,19.348,14.75,271.25
comayagua,2010-10-28,21.013,14.25,272.25
ocotepeque,2010-10-28,24.448,14.25,270.75
copan,2010-10-28,21.146,14.75,271.25
comayagua,2010-10-29,19.359,14.25,272.25
ocotepeque,2010-10-29,22.701,14.25,270.75
copan,2010-10-29,16.811,14.75,271.25
comayagua,2010-10-30,20.894,14.25,272.25
ocotepeque,2010-10-30,22.314,14.25,270.75
copan,2010-10-30,17.378,14.75,271.25
comayagua,2010-10-31,21.413,14.25,272.25
ocotepeque,2010-10-31,22.764,14.25,270.75
copan,2010-10-31,19.963,14.75,271.25
comayagua,2010-11-01,18.055,14.25,272.25
ocotepeque,2010-11-01,23.006,14.25,270.75
copan,2010-11-01,15.928,14.75,271.25
comayagua,2010-11-02,18.869,14.25,272.25
ocotepeque,2010-11-02,22.976,14.25,270.75
copan,2010-11-02,17.465,14.75,271.25
comayagua,2010-11-03,18.587,14.25,272.25
ocotepeque,2010-11-03,23.534,14.25,270.75
copan,2010-11-03,15.599,14.75,271.25
comayagua,2010-11-04,18.325,14.25,272.25
ocotepeque,2010-11-04,22.056,14.25,270.75
copan,2010-11-04,16.524,14.75,271.25
comayagua,2010-11-05,13.98,14.25,272.25
ocotepeque,2010-11-05,18.594,14.25,270.75
copan,2010-11-05,9.623,14.75,271.25
comayagua,2010-11-06,15.21,14.25,272.25
ocotepeque,2010-11-06,18.534,14.25,270.75
copan,2010-11-06,11.813,14.75,271.25
comayagua,2010-11-07,13.847,14.25,272.25
ocotepeque,2010-11-07,17.872,14.25,270.75
copan,2010-11-07,9.998,14.75,271.25
comayagua,2010-11-08,12.88,14.25,272.25
ocotepeque,2010-11-08,17.492,14.25,270.75
copan,2010-11-08,10.103,14.75,271.25
comayagua,2010-11-09,13.773,14.25,272.25
ocotepeque,2010-11-09,17.957,14.25,270.75
copan,2010-11-09,11.109,14.75,271.25
comayagua,2010-11-10,12.842,14.25,272.25
ocotepeque,2010-11-10,17.131,14.25,270.75
copan,2010-11-10,9.486,14.75,271.25
comayagua,2010-11-11,14.503,14.25,272.25
ocotepeque,2010-11-11,19.492,14.25,270.75
copan,2010-11-11,11.956,14.75,271.25
comayagua,2010-11-12,16.425,14.25,272.25
ocotepeque,2010-11-12,20.248,14.25,270.75
copan,2010-11-12,14.966,14.75,271.25
comayagua,2010-11-13,14.863,14.25,272.25
ocotepeque,2010-11-13,19.492,14.25,270.75
copan,2010-11-13,10.529,14.75,271.25
comayagua,2010-11-14,22.447,14.25,272.25
ocotepeque,2010-11-14,20.821,14.25,270.75
copan,2010-11-14,12.844,14.75,271.25
comayagua,2010-11-15,9.651,14.25,272.25
ocotepeque,2010-11-15,18.133,14.25,270.75
copan,2010-11-15,9.393,14.75,271.25
comayagua,2010-11-16,15.11,14.25,272.25
ocotepeque,2010-11-16,21.217,14.25,270.75
copan,2010-11-16,12.132,14.75,271.25
comayagua,2010-11-17,17.627,14.25,272.25
ocotepeque,2010-11-17,21.14,14.25,270.75
copan,2010-11-17,14.472,14.75,271.25
comayagua,2010-11-18,18.868,14.25,272.25
ocotepeque,2010-11-18,21.509,14.25,270.75
copan,2010-11-18,15.06,14.75,271.25
comayagua,2010-11-19,18.716,14.25,272.25
ocotepeque,2010-11-19,22.514,14.25,270.75
copan,2010-11-19,17.253,14.75,271.25
comayagua,2010-11-20,18.353,14.25,272.25
ocotepeque,2010-11-20,18.881,14.25,270.75
copan,2010-11-20,17.299,14.75,271.25
comayagua,2010-11-21,16.68,14.25,272.25
ocotepeque,2010-11-21,20.673,14.25,270.75
copan,2010-11-21,14.542,14.75,271.25
comayagua,2010-11-22,16.575,14.25,272.25
ocotepeque,2010-11-22,20.135,14.25,270.75
copan,2010-11-22,11.774,14.75,271.25
comayagua,2010-11-23,16.752,14.25,272.25
ocotepeque,2010-11-23,21.919,14.25,270.75
copan,2010-11-23,14.393,14.75,271.25
comayagua,2010-11-24,16.679,14.25,272.25
ocotepeque,2010-11-24,16.639,14.25,270.75
copan,2010-11-24,12.902,14.75,271.25
comayagua,2010-11-25,16.901,14.25,272.25
ocotepeque,2010-11-25,20.491,14.25,270.75
copan,2010-11-25,12.996,14.75,271.25
comayagua,2010-11-26,14.452,14.25,272.25
ocotepeque,2010-11-26,21.613,14.25,270.75
copan,2010-11-26,15.318,14.75,271.25
comayagua,2010-11-27,17.755,14.25,272.25
ocotepeque,2010-11-27,21.702,14.25,270.75
copan,2010-11-27,14.442,14.75,271.25
comayagua,2010-11-28,17.624,14.25,272.25
ocotepeque,2010-11-28,22.311,14.25,270.75
copan,2010-11-28,16.423,14.75,271.25
comayagua,2010-11-29,15.757,14.25,272.25
ocotepeque,2010-11-29,17.001,14.25,270.75
copan,2010-11-29,13.711,14.75,271.25
comayagua,2010-11-30,15.49,14.25,272.25
ocotepeque,2010-11-30,23.247,14.25,270.75
copan,2010-11-30,16.69,14.75,271.25
comayagua,2010-12-01,17.597,14.25,272.25
ocotepeque,2010-12-01,23.951,14.25,270.75
copan,2010-12-01,16.461,14.75,271.25
comayagua,2010-12-02,16.605,14.25,272.25
ocotepeque,2010-12-02,16.659,14.25,270.75
copan,2010-12-02,15.235,14.75,271.25
comayagua,2010-12-03,16.285,14.25,272.25
ocotepeque,2010-12-03,16.729,14.25,270.75
copan,2010-12-03,14.218,14.75,271.25
comayagua,2010-12-04,16.319,14.25,272.25
ocotepeque,2010-12-04,20.112,14.25,270.75
copan,2010-12-04,13.291,14.75,271.25
comayagua,2010-12-05,15.47,14.25,272.25
ocotepeque,2010-12-05,19.454,14.25,270.75
copan,2010-12-05,11.216,14.75,271.25
comayagua,2010-12-06,15.44,14.25,272.25
ocotepeque,2010-12-06,15.289,14.25,270.75
copan,2010-12-06,13.091,14.75,271.25
comayagua,2010-12-07,15.426,14.25,272.25
ocotepeque,2010-12-07,18.964,14.25,270.75
copan,2010-12-07,12.729,14.75,271.25
comayagua,2010-12-08,14.291,14.25,272.25
ocotepeque,2010-12-08,19.024,14.25,270.75
copan,2010-12-08,11.568,14.75,271.25
comayagua,2010-12-09,15.161,14.25,272.25
ocotepeque,2010-12-09,12.977,14.25,270.75
copan,2010-12-09,11.765,14.75,271.25
comayagua,2010-12-10,13.024,14.25,272.25
ocotepeque,2010-12-10,13.986,14.25,270.75
copan,2010-12-10,10.602,14.75,271.25
comayagua,2010-12-11,12.014,14.25,272.25
ocotepeque,2010-12-11,17.001,14.25,270.75
copan,2010-12-11,8.467,14.75,271.25
comayagua,2010-12-12,9.627,14.25,272.25
ocotepeque,2010-12-12,18.097,14.25,270.75
copan,2010-12-12,8.693,14.75,271.25
comayagua,2010-12-13,14.088,14.25,272.25
ocotepeque,2010-12-13,17.729,14.25,270.75
copan,2010-12-13,11.165,14.75,271.25
comayagua,2010-12-14,12.29,14.25,272.25
ocotepeque,2010-12-14,13.411,14.25,270.75
copan,2010-12-14,10.341,14.75,271.25
comayagua,2010-12-15,11.282,14.25,272.25
ocotepeque,2010-12-15,15.103,14.25,270.75
copan,2010-12-15,10.244,14.75,271.25
comayagua,2010-12-16,7.077,14.25,272.25
ocotepeque,2010-12-16,17.107,14.25,270.75
copan,2010-12-16,6.719,14.75,271.25
comayagua,2010-12-17,8.571,14.25,272.25
ocotepeque,2010-12-17,16.816,14.25,270.75
copan,2010-12-17,8.355,14.75,271.25
comayagua,2010-12-18,10.424,14.25,272.25
ocotepeque,2010-12-18,17.866,14.25,270.75
copan,2010-12-18,12.226,14.75,271.25
comayagua,2010-12-19,13.196,14.25,272.25
ocotepeque,2010-12-19,18.738,14.25,270.75
copan,2010-12-19,10.721,14.75,271.25
comayagua,2010-12-20,15.044,14.25,272.25
ocotepeque,2010-12-20,18.119,14.25,270.75
copan,2010-12-20,10.251,14.75,271.25
comayagua,2010-12-21,14.002,14.25,272.25
ocotepeque,2010-12-21,17.505,14.25,270.75
copan,2010-12-21,9.293,14.75,271.25
comayagua,2010-12-22,12.991,14.25,272.25
ocotepeque,2010-12-22,18.27,14.25,270.75
copan,2010-12-22,10.534,14.75,271.25
comayagua,2010-12-23,12.159,14.25,272.25
ocotepeque,2010-12-23,16.632,14.25,270.75
copan,2010-12-23,7.142,14.75,271.25
comayagua,2010-12-24,15.055,14.25,272.25
ocotepeque,2010-12-24,18.897,14.25,270.75
copan,2010-12-24,13.257,14.75,271.25
comayagua,2010-12-25,15.462,14.25,272.25
ocotepeque,2010-12-25,20.147,14.25,270.75
copan,2010-12-25,14.001,14.75,271.25
comayagua,2010-12-26,14.347,14.25,272.25
ocotepeque,2010-12-26,19.502,14.25,270.75
copan,2010-12-26,12.638,14.75,271.25
comayagua,2010-12-27,13.802,14.25,272.25
ocotepeque,2010-12-27,17.451,14.25,270.75
copan,2010-12-27,11.213,14.75,271.25
comayagua,2010-12-28,13.051,14.25,272.25
ocotepeque,2010-12-28,16.36,14.25,270.75
copan,2010-12-28,10.236,14.75,271.25
comayagua,2010-12-29,13.284,14.25,272.25
ocotepeque,2010-12-29,17.722,14.25,270.75
copan,2010-12-29,9.92,14.75,271.25
comayagua,2010-12-30,13.474,14.25,272.25
ocotepeque,2010-12-30,19.047,14.25,270.75
copan,2010-12-30,11.56,14.75,271.25
comayagua,2010-12-31,20.763,14.25,272.25
ocotepeque,2010-12-31,21.571,14.25,270.75
copan,2010-12-31,17.633,14.75,271.25
comayagua,2011-01-01,12.772,14.25,272.25
ocotepeque,2011-01-01,20.638,14.25,270.75
copan,2011-01-01,14.061,14.75,271.25
comayagua,2011-01-02,18.33,14.25,272.25
ocotepeque,2011-01-02,21.31,14.25,270.75
copan,2011-01-02,16.293,14.75,271.25
comayagua,2011-01-03,16.85,14.25,272.25
ocotepeque,2011-01-03,20.379,14.25,270.75
copan,2011-01-03,14.219,14.75,271.25
comayagua,2011-01-04,15.495,14.25,272.25
ocotepeque,2011-01-04,18.999,14.25,270.75
copan,2011-01-04,11.114,14.75,271.25
comayagua,2011-01-05,15.333,14.25,272.25
ocotepeque,2011-01-05,18.977,14.25,270.75
copan,2011-01-05,11.473,14.75,271.25
comayagua,2011-01-06,11.598,14.25,272.25
ocotepeque,2011-01-06,19.118,14.25,270.75
copan,2011-01-06,13.649,14.75,271.25
comayagua,2011-01-07,18.991,14.25,272.25
ocotepeque,2011-01-07,18.729,14.25,270.75
copan,2011-01-07,12.462,14.75,271.25
comayagua,2011-01-08,10.536,14.25,272.25
ocotepeque,2011-01-08,18.227,14.25,270.75
copan,2011-01-08,10.467,14.75,271.25
comayagua,2011-01-09,12.455,14.25,272.25
ocotepeque,2011-01-09,18.924,14.25,270.75
copan,2011-01-09,11.756,14.75,271.25
comayagua,2011-01-10,10.491,14.25,272.25
ocotepeque,2011-01-10,18.619,14.25,270.75
copan,2011-01-10,10.771,14.75,271.25
comayagua,2011-01-11,17.791,14.25,272.25
ocotepeque,2011-01-11,21.903,14.25,270.75
copan,2011-01-11,14.049,14.75,271.25
comayagua,2011-01-12,18.633,14.25,272.25
ocotepeque,2011-01-12,21.613,14.25,270.75
copan,2011-01-12,15.997,14.75,271.25
comayagua,2011-01-13,16.874,14.25,272.25
ocotepeque,2011-01-13,19.874,14.25,270.75
copan,2011-01-13,13.47,14.75,271.25
comayagua,2011-01-14,15.991,14.25,272.25
ocotepeque,2011-01-14,20.564,14.25,270.75
copan,2011-01-14,13.168,14.75,271.25
comayagua,2011-01-15,14.706,14.25,272.25
ocotepeque,2011-01-15,18.274,14.25,270.75
copan,2011-01-15,11.695,14.75,271.25
comayagua,2011-01-16,14.061,14.25,272.25
ocotepeque,2011-01-16,20.332,14.25,270.75
copan,2011-01-16,12.927,14.75,271.25
comayagua,2011-01-17,13.5,14.25,272.25
ocotepeque,2011-01-17,20.074,14.25,270.75
copan,2011-01-17,12.438,14.75,271.25
comayagua,2011-01-18,14.909,14.25,272.25
ocotepeque,2011-01-18,21.323,14.25,270.75
copan,2011-01-18,15.89,14.75,271.25
comayagua,2011-01-19,16.807,14.25,272.25
ocotepeque,2011-01-19,22.578,14.25,270.75
copan,2011-01-19,17.162,14.75,271.25
comayagua,2011-01-20,15.63,14.25,272.25
ocotepeque,2011-01-20,21.278,14.25,270.75
copan,2011-01-20,14.755,14.75,271.25
comayagua,2011-01-21,14.494,14.25,272.25
ocotepeque,2011-01-21,20.782,14.25,270.75
copan,2011-01-21,14.071,14.75,271.25
comayagua,2011-01-22,16.467,14.25,272.25
ocotepeque,2011-01-22,20.791,14.25,270.75
copan,2011-01-22,14.546,14.75,271.25
comayagua,2011-01-23,18.008,14.25,272.25
ocotepeque,2011-01-23,21.304,14.25,270.75
copan,2011-01-23,15.385,14.75,271.25
comayagua,2011-01-24,16.411,14.25,272.25
ocotepeque,2011-01-24,20.92,14.25,270.75
copan,2011-01-24,15.287,14.75,271.25
comayagua,2011-01-25,14.547,14.25,272.25
ocotepeque,2011-01-25,21.069,14.25,270.75
copan,2011-01-25,15.808,14.75,271.25
comayagua,2011-01-26,17.586,14.25,272.25
ocotepeque,2011-01-26,22.135,14.25,270.75
copan,2011-01-26,13.83,14.75,271.25
comayagua,2011-01-27,17.434,14.25,272.25
ocotepeque,2011-01-27,21.329,14.25,270.75
copan,2011-01-27,15.182,14.75,271.25
comayagua,2011-01-28,17.101,14.25,272.25
ocotepeque,2011-01-28,20.649,14.25,270.75
copan,2011-01-28,15.155,14.75,271.25
comayagua,2011-01-29,16.885,14.25,272.25
ocotepeque,2011-01-29,19.802,14.25,270.75
copan,2011-01-29,13.961,14.75,271.25
comayagua,2011-01-30,14.516,14.25,272.25
ocotepeque,2011-01-30,19.27,14.25,270.75
copan,2011-01-30,12.442,14.75,271.25
comayagua,2011-01-31,13.6,14.25,272.25
ocotepeque,2011-01-31,19.973,14.25,270.75
copan,2011-01-31,14.242,14.75,271.25
comayagua,2011-02-01,15.711,14.25,272.25
ocotepeque,2011-02-01,17.212,14.25,270.75
copan,2011-02-01,13.238,14.75,271.25
comayagua,2011-02-02,12.902,14.25,272.25
ocotepeque,2011-02-02,20.472,14.25,270.75
copan,2011-02-02,13.484,14.75,271.25
comayagua,2011-02-03,14.899,14.25,272.25
ocotepeque,2011-02-03,20.7,14.25,270.75
copan,2011-02-03,12.868,14.75,271.25
comayagua,2011-02-04,16.883,14.25,272.25
ocotepeque,2011-02-04,20.637,14.25,270.75
copan,2011-02-04,13.545,14.75,271.25
comayagua,2011-02-05,16.557,14.25,272.25
ocotepeque,2011-02-05,21.281,14.25,270.75
copan,2011-02-05,14.662,14.75,271.25
comayagua,2011-02-06,14.429,14.25,272.25
ocotepeque,2011-02-06,18.65,14.25,270.75
copan,2011-02-06,10.707,14.75,271.25
comayagua,2011-02-07,12.355,14.25,272.25
ocotepeque,2011-02-07,20.228,14.25,270.75
copan,2011-02-07,14.169,14.75,271.25
comayagua,2011-02-08,17.104,14.25,272.25
ocotepeque,2011-02-08,23.373,14.25,270.75
copan,2011-02-08,13.597,14.75,271.25
comayagua,2011-02-09,13.651,14.25,272.25
ocotepeque,2011-02-09,19.607,14.25,270.75
copan,2011-02-09,10.914,14.75,271.25
comayagua,2011-02-10,14.099,14.25,272.25
ocotepeque,2011-02-10,20.302,14.25,270.75
copan,2011-02-10,13.028,14.75,271.25
comayagua,2011-02-11,18.771,14.25,272.25
ocotepeque,2011-02-11,21.299,14.25,270.75
copan,2011-02-11,13.775,14.75,271.25
comayagua,2011-02-12,15.932,14.25,272.25
ocotepeque,2011-02-12,21.82,14.25,270.75
copan,2011-02-12,15.23,14.75,271.25
comayagua,2011-02-13,15.731,14.25,272.25
ocotepeque,2011-02-13,20.524,14.25,270.75
copan,2011-02-13,12.693,14.75,271.25
comayagua,2011-02-14,16.074,14.25,272.25
ocotepeque,2011-02-14,19.358,14.25,270.75
copan,2011-02-14,13.095,14.75,271.25
comayagua,2011-02-15,18.454,14.25,272.25
ocotepeque,2011-02-15,21.582,14.25,270.75
copan,2011-02-15,16.991,14.75,271.25
comayagua,2011-02-16,16.222,14.25,272.25
ocotepeque,2011-02-16,16.629,14.25,270.75
copan,2011-02-16,14.449,14.75,271.25
comayagua,2011-02-17,16.849,14.25,272.25
ocotepeque,2011-02-17,20.589,14.25,270.75
copan,2011-02-17,13.827,14.75,271.25
comayagua,2011-02-18,16.114,14.25,272.25
ocotepeque,2011-02-18,21.913,14.25,270.75
copan,2011-02-18,14.461,14.75,271.25
comayagua,2011-02-19,17.36,14.25,272.25
ocotepeque,2011-02-19,17.794,14.25,270.75
copan,2011-02-19,15.534,14.75,271.25
comayagua,2011-02-20,16.556,14.25,272.25
ocotepeque,2011-02-20,20.575,14.25,270.75
copan,2011-02-20,13.958,14.75,271.25
comayagua,2011-02-21,20.597,14.25,272.25
ocotepeque,2011-02-21,27.807,14.25,270.75
copan,2011-02-21,19.07,14.75,271.25
comayagua,2011-02-22,19.971,14.25,272.25
ocotepeque,2011-02-22,20.499,14.25,270.75
copan,2011-02-22,20.115,14.75,271.25
comayagua,2011-02-23,19.266,14.25,272.25
ocotepeque,2011-02-23,19.91,14.25,270.75
copan,2011-02-23,18.882,14.75,271.25
comayagua,2011-02-24,15.985,14.25,272.25
ocotepeque,2011-02-24,20.229,14.25,270.75
copan,2011-02-24,13.163,14.75,271.25
comayagua,2011-02-25,15.085,14.25,272.25
ocotepeque,2011-02-25,25.002,14.25,270.75
copan,2011-02-25,13.008,14.75,271.25
comayagua,2011-02-26,16.02,14.25,272.25
ocotepeque,2011-02-26,19.984,14.25,270.75
copan,2011-02-26,13.353,14.75,271.25
comayagua,2011-02-27,18.099,14.25,272.25
ocotepeque,2011-02-27,18.549,14.25,270.75
copan,2011-02-27,15.892,14.75,271.25
comayagua,2011-02-28,17.341,14.25,272.25
ocotepeque,2011-02-28,20.951,14.25,270.75
copan,2011-02-28,15.303,14.75,271.25
comayagua,2011-03-01,15.954,14.25,272.25
ocotepeque,2011-03-01,22.457,14.25,270.75
copan,2011-03-01,15.573,14.75,271.25
comayagua,2011-03-02,15.955,14.25,272.25
ocotepeque,2011-03-02,21.158,14.25,270.75
copan,2011-03-02,12.997,14.75,271.25
comayagua,2011-03-03,13.774,14.25,272.25
ocotepeque,2011-03-03,14.196,14.25,270.75
copan,2011-03-03,9.976,14.75,271.25
comayagua,2011-03-04,15.213,14.25,272.25
ocotepeque,2011-03-04,24.986,14.25,270.75
copan,2011-03-04,19.164,14.75,271.25
comayagua,2011-03-05,12.359,14.25,272.25
ocotepeque,2011-03-05,19.816,14.25,270.75
copan,2011-03-05,9.191,14.75,271.25
comayagua,2011-03-06,14.355,14.25,272.25
ocotepeque,2011-03-06,19.147,14.25,270.75
copan,2011-03-06,12.356,14.75,271.25
comayagua,2011-03-07,14.448,14.25,272.25
ocotepeque,2011-03-07,19.685,14.25,270.75
copan,2011-03-07,11.21,14.75,271.25
comayagua,2011-03-08,15.594,14.25,272.25
ocotepeque,2011-03-08,21.202,14.25,270.75
copan,2011-03-08,14.408,14.75,271.25
comayagua,2011-03-09,16.464,14.25,272.25
ocotepeque,2011-03-09,18.032,14.25,270.75
copan,2011-03-09,14.441,14.75,271.25
comayagua,2011-03-10,17.468,14.25,272.25
ocotepeque,2011-03-10,19.197,14.25,270.75
copan,2011-03-10,14.21,14.75,271.25
comayagua,2011-03-11,15.714,14.25,272.25
ocotepeque,2011-03-11,20.639,14.25,270.75
copan,2011-03-11,14.307,14.75,271.25
comayagua,2011-03-12,15.825,14.25,272.25
ocotepeque,2011-03-12,20.505,14.25,270.75
copan,2011-03-12,13.47,14.75,271.25
comayagua,2011-03-13,18.092,14.25,272.25
ocotepeque,2011-03-13,21.118,14.25,270.75
copan,2011-03-13,15.702,14.75,271.25
comayagua,2011-03-14,15.859,14.25,272.25
ocotepeque,2011-03-14,21.156,14.25,270.75
copan,2011-03-14,14.633,14.75,271.25
comayagua,2011-03-15,16.787,14.25,272.25
ocotepeque,2011-03-15,21.028,14.25,270.75
copan,2011-03-15,13.267,14.75,271.25
comayagua,2011-03-16,18.252,14.25,272.25
ocotepeque,2011-03-16,21.634,14.25,270.75
copan,2011-03-16,15.915,14.75,271.25
comayagua,2011-03-17,18.037,14.25,272.25
ocotepeque,2011-03-17,21.637,14.25,270.75
copan,2011-03-17,15.605,14.75,271.25
comayagua,2011-03-18,16.464,14.25,272.25
ocotepeque,2011-03-18,17.453,14.25,270.75
copan,2011-03-18,12.481,14.75,271.25
comayagua,2011-03-19,16.286,14.25,272.25
ocotepeque,2011-03-19,20.351,14.25,270.75
copan,2011-03-19,12.198,14.75,271.25
comayagua,2011-03-20,17.403,14.25,272.25
ocotepeque,2011-03-20,21.473,14.25,270.75
copan,2011-03-20,15.019,14.75,271.25
comayagua,2011-03-21,15.406,14.25,272.25
ocotepeque,2011-03-21,19.917,14.25,270.75
copan,2011-03-21,11.417,14.75,271.25
comayagua,2011-03-22,13.736,14.25,272.25
ocotepeque,2011-03-22,18.111,14.25,270.75
copan,2011-03-22,8.644,14.75,271.25
comayagua,2011-03-23,14.244,14.25,272.25
ocotepeque,2011-03-23,18.3,14.25,270.75
copan,2011-03-23,8.709,14.75,271.25
comayagua,2011-03-24,12.088,14.25,272.25
ocotepeque,2011-03-24,21.793,14.25,270.75
copan,2011-03-24,10.891,14.75,271.25
comayagua,2011-03-25,14.885,14.25,272.25
ocotepeque,2011-03-25,20.609,14.25,270.75
copan,2011-03-25,11.803,14.75,271.25
comayagua,2011-03-26,16.713,14.25,272.25
ocotepeque,2011-03-26,20.065,14.25,270.75
copan,2011-03-26,13.35,14.75,271.25
comayagua,2011-03-27,17.383,14.25,272.25
ocotepeque,2011-03-27,22.277,14.25,270.75
copan,2011-03-27,19.712,14.75,271.25
comayagua,2011-03-28,18.244,14.25,272.25
ocotepeque,2011-03-28,22.804,14.25,270.75
copan,2011-03-28,19.617,14.75,271.25
comayagua,2011-03-29,21.528,14.25,272.25
ocotepeque,2011-03-29,20.888,14.25,270.75
copan,2011-03-29,18.972,14.75,271.25
comayagua,2011-03-30,24.713,14.25,272.25
ocotepeque,2011-03-30,24.905,14.25,270.75
copan,2011-03-30,22.422,14.75,271.25
comayagua,2011-03-31,19.197,14.25,272.25
ocotepeque,2011-03-31,23.94,14.25,270.75
copan,2011-03-31,18.918,14.75,271.25
comayagua,2011-04-01,15.858,14.25,272.25
ocotepeque,2011-04-01,21.632,14.25,270.75
copan,2011-04-01,15.052,14.75,271.25
comayagua,2011-04-02,19.596,14.25,272.25
ocotepeque,2011-04-02,22.923,14.25,270.75
copan,2011-04-02,17.104,14.75,271.25
comayagua,2011-04-03,16.261,14.25,272.25
ocotepeque,2011-04-03,21.768,14.25,270.75
copan,2011-04-03,12.112,14.75,271.25
comayagua,2011-04-04,18.397,14.25,272.25
ocotepeque,2011-04-04,22.941,14.25,270.75
copan,2011-04-04,15.573,14.75,271.25
comayagua,2011-04-05,16.099,14.25,272.25
ocotepeque,2011-04-05,18.641,14.25,270.75
copan,2011-04-05,14.294,14.75,271.25
comayagua,2011-04-06,18.911,14.25,272.25
ocotepeque,2011-04-06,22.575,14.25,270.75
copan,2011-04-06,14.507,14.75,271.25
comayagua,2011-04-07,18.752,14.25,272.25
ocotepeque,2011-04-07,22.557,14.25,270.75
copan,2011-04-07,15.843,14.75,271.25
comayagua,2011-04-08,16.103,14.25,272.25
ocotepeque,2011-04-08,22.296,14.25,270.75
copan,2011-04-08,15.734,14.75,271.25
comayagua,2011-04-09,18.18,14.25,272.25
ocotepeque,2011-04-09,22.685,14.25,270.75
copan,2011-04-09,15.614,14.75,271.25
comayagua,2011-04-10,17.377,14.25,272.25
ocotepeque,2011-04-10,18.889,14.25,270.75
copan,2011-04-10,13.957,14.75,271.25
comayagua,2011-04-11,19.917,14.25,272.25
ocotepeque,2011-04-11,22.271,14.25,270.75
copan,2011-04-11,19.21,14.75,271.25
comayagua,2011-04-12,18.546,14.25,272.25
ocotepeque,2011-04-12,22.395,14.25,270.75
copan,2011-04-12,16.757,14.75,271.25
comayagua,2011-04-13,14.62,14.25,272.25
ocotepeque,2011-04-13,20.985,14.25,270.75
copan,2011-04-13,11.401,14.75,271.25
comayagua,2011-04-14,12.988,14.25,272.25
ocotepeque,2011-04-14,22.926,14.25,270.75
copan,2011-04-14,20.077,14.75,271.25
comayagua,2011-04-15,14.22,14.25,272.25
ocotepeque,2011-04-15,20.777,14.25,270.75
copan,2011-04-15,12.894,14.75,271.25
comayagua,2011-04-16,15.505,14.25,272.25
ocotepeque,2011-04-16,23.203,14.25,270.75
copan,2011-04-16,16.266,14.75,271.25
comayagua,2011-04-17,17.634,14.25,272.25
ocotepeque,2011-04-17,16.781,14.25,270.75
copan,2011-04-17,13.849,14.75,271.25
comayagua,2011-04-18,13.506,14.25,272.25
ocotepeque,2011-04-18,17.051,14.25,270.75
copan,2011-04-18,12.528,14.75,271.25
comayagua,2011-04-19,18.278,14.25,272.25
ocotepeque,2011-04-19,23.465,14.25,270.75
copan,2011-04-19,16.611,14.75,271.25
comayagua,2011-04-20,18.364,14.25,272.25
ocotepeque,2011-04-20,24.254,14.25,270.75
copan,2011-04-20,18.77,14.75,271.25
comayagua,2011-04-21,17.13,14.25,272.25
ocotepeque,2011-04-21,18.102,14.25,270.75
copan,2011-04-21,14.907,14.75,271.25
comayagua,2011-04-22,16.308,14.25,272.25
ocotepeque,2011-04-22,17.543,14.25,270.75
copan,2011-04-22,15.049,14.75,271.25
comayagua,2011-04-23,17.123,14.25,272.25
ocotepeque,2011-04-23,20.683,14.25,270.75
copan,2011-04-23,16.811,14.75,271.25
comayagua,2011-04-24,17.15,14.25,272.25
ocotepeque,2011-04-24,16.476,14.25,270.75
copan,2011-04-24,14.808,14.75,271.25
comayagua,2011-04-25,19.514,14.25,272.25
ocotepeque,2011-04-25,22.379,14.25,270.75
copan,2011-04-25,16.87,14.75,271.25
comayagua,2011-04-26,19.677,14.25,272.25
ocotepeque,2011-04-26,20.477,14.25,270.75
copan,2011-04-26,19.596,14.75,271.25
comayagua,2011-04-27,18.546,14.25,272.25
ocotepeque,2011-04-27,22.948,14.25,270.75
copan,2011-04-27,16.848,14.75,271.25
comayagua,2011-04-28,15.207,14.25,272.25
ocotepeque,2011-04-28,23.156,14.25,270.75
copan,2011-04-28,14.258,14.75,271.25
comayagua,2011-04-29,19.072,14.25,272.25
ocotepeque,2011-04-29,24.068,14.25,270.75
copan,2011-04-29,16.686,14.75,271.25
comayagua,2011-04-30,22.112,14.25,272.25
ocotepeque,2011-04-30,24.069,14.25,270.75
copan,2011-04-30,20.229,14.75,271.25
comayagua,2011-05-01,24.796,14.25,272.25
ocotepeque,2011-05-01,25.106,14.25,270.75
copan,2011-05-01,23.872,14.75,271.25
comayagua,2011-05-02,18.418,14.25,272.25
ocotepeque,2011-05-02,24.096,14.25,270.75
copan,2011-05-02,16.759,14.75,271.25
comayagua,2011-05-03,18.683,14.25,272.25
ocotepeque,2011-05-03,22.861,14.25,270.75
copan,2011-05-03,16.815,14.75,271.25
comayagua,2011-05-04,19.442,14.25,272.25
ocotepeque,2011-05-04,23.415,14.25,270.75
copan,2011-05-04,17.297,14.75,271.25
comayagua,2011-05-05,19.049,14.25,272.25
ocotepeque,2011-05-05,23.357,14.25,270.75
copan,2011-05-05,17.178,14.75,271.25
comayagua,2011-05-06,16.223,14.25,272.25
ocotepeque,2011-05-06,21.598,14.25,270.75
copan,2011-05-06,12.372,14.75,271.25
comayagua,2011-05-07,18.931,14.25,272.25
ocotepeque,2011-05-07,22.092,14.25,270.75
copan,2011-05-07,14.373,14.75,271.25
comayagua,2011-05-08,16.672,14.25,272.25
ocotepeque,2011-05-08,21.807,14.25,270.75
copan,2011-05-08,13.054,14.75,271.25
comayagua,2011-05-09,20.285,14.25,272.25
ocotepeque,2011-05-09,24.087,14.25,270.75
copan,2011-05-09,18.121,14.75,271.25
comayagua,2011-05-10,20.127,14.25,272.25
ocotepeque,2011-05-10,22.051,14.25,270.75
copan,2011-05-10,18.183,14.75,271.25
comayagua,2011-05-11,19.002,14.25,272.25
ocotepeque,2011-05-11,22.608,14.25,270.75
copan,2011-05-11,17.652,14.75,271.25
comayagua,2011-05-12,19.44,14.25,272.25
ocotepeque,2011-05-12,22.757,14.25,270.75
copan,2011-05-12,17.718,14.75,271.25
comayagua,2011-05-13,20.009,14.25,272.25
ocotepeque,2011-05-13,24.525,14.25,270.75
copan,2011-05-13,18.063,14.75,271.25
comayagua,2011-05-14,20.248,14.25,272.25
ocotepeque,2011-05-14,23.161,14.25,270.75
copan,2011-05-14,18.048,14.75,271.25
comayagua,2011-05-15,16.698,14.25,272.25
ocotepeque,2011-05-15,22.859,14.25,270.75
copan,2011-05-15,15.249,14.75,271.25
comayagua,2011-05-16,16.918,14.25,272.25
ocotepeque,2011-05-16,19.233,14.25,270.75
copan,2011-05-16,16.896,14.75,271.25
comayagua,2011-05-17,18.212,14.25,272.25
ocotepeque,2011-05-17,20.766,14.25,270.75
copan,2011-05-17,17.42,14.75,271.25
comayagua,2011-05-18,18.861,14.25,272.25
ocotepeque,2011-05-18,22.95,14.25,270.75
copan,2011-05-18,18.202,14.75,271.25
comayagua,2011-05-19,17.666,14.25,272.25
ocotepeque,2011-05-19,22.182,14.25,270.75
copan,2011-05-19,17.232,14.75,271.25
comayagua,2011-05-20,19.94,14.25,272.25
ocotepeque,2011-05-20,23.625,14.25,270.75
copan,2011-05-20,18.658,14.75,271.25
comayagua,2011-05-21,18.81,14.25,272.25
ocotepeque,2011-05-21,21.601,14.25,270.75
copan,2011-05-21,17.28,14.75,271.25
comayagua,2011-05-22,17.656,14.25,272.25
ocotepeque,2011-05-22,21.502,14.25,270.75
copan,2011-05-22,16.234,14.75,271.25
comayagua,2011-05-23,17.255,14.25,272.25
ocotepeque,2011-05-23,21.651,14.25,270.75
copan,2011-05-23,15.381,14.75,271.25
comayagua,2011-05-24,18.59,14.25,272.25
ocotepeque,2011-05-24,20.33,14.25,270.75
copan,2011-05-24,17.262,14.75,271.25
comayagua,2011-05-25,20.478,14.25,272.25
ocotepeque,2011-05-25,24.822,14.25,270.75
copan,2011-05-25,17.963,14.75,271.25
comayagua,2011-05-26,19.552,14.25,272.25
ocotepeque,2011-05-26,20.006,14.25,270.75
copan,2011-05-26,19.422,14.75,271.25
comayagua,2011-05-27,18.514,14.25,272.25
ocotepeque,2011-05-27,21.024,14.25,270.75
copan,2011-05-27,16.813,14.75,271.25
comayagua,2011-05-28,19.001,14.25,272.25
ocotepeque,2011-05-28,23.095,14.25,270.75
copan,2011-05-28,17.521,14.75,271.25
comayagua,2011-05-29,18.863,14.25,272.25
ocotepeque,2011-05-29,21.476,14.25,270.75
copan,2011-05-29,17.629,14.75,271.25
comayagua,2011-05-30,18.591,14.25,272.25
ocotepeque,2011-05-30,21.04,14.25,270.75
copan,2011-05-30,17.504,14.75,271.25
comayagua,2011-05-31,20.229,14.25,272.25
ocotepeque,2011-05-31,24.757,14.25,270.75
copan,2011-05-31,17.785,14.75,271.25
comayagua,2011-06-01,19.895,14.25,272.25
ocotepeque,2011-06-01,24.14,14.25,270.75
copan,2011-06-01,16.109,14.75,271.25
comayagua,2011-06-02,18.141,14.25,272.25
ocotepeque,2011-06-02,22.152,14.25,270.75
copan,2011-06-02,14.873,14.75,271.25
comayagua,2011-06-03,17.77,14.25,272.25
ocotepeque,2011-06-03,22.163,14.25,270.75
copan,2011-06-03,14.74,14.75,271.25
comayagua,2011-06-04,17.868,14.25,272.25
ocotepeque,2011-06-04,22.979,14.25,270.75
copan,2011-06-04,14.917,14.75,271.25
comayagua,2011-06-05,18.423,14.25,272.25
ocotepeque,2011-06-05,24.428,14.25,270.75
copan,2011-06-05,15.104,14.75,271.25
comayagua,2011-06-06,19.543,14.25,272.25
ocotepeque,2011-06-06,21.759,14.25,270.75
copan,2011-06-06,15.03,14.75,271.25
comayagua,2011-06-07,19.461,14.25,272.25
ocotepeque,2011-06-07,21.723,14.25,270.75
copan,2011-06-07,17.53,14.75,271.25
comayagua,2011-06-08,19.488,14.25,272.25
ocotepeque,2011-06-08,23.052,14.25,270.75
copan,2011-06-08,17.599,14.75,271.25
comayagua,2011-06-09,18.372,14.25,272.25
ocotepeque,2011-06-09,22.748,14.25,270.75
copan,2011-06-09,17.451,14.75,271.25
comayagua,2011-06-10,19.463,14.25,272.25
ocotepeque,2011-06-10,23.394,14.25,270.75
copan,2011-06-10,18.607,14.75,271.25
comayagua,2011-06-11,18.662,14.25,272.25
ocotepeque,2011-06-11,23.105,14.25,270.75
copan,2011-06-11,17.088,14.75,271.25
comayagua,2011-06-12,19.873,14.25,272.25
ocotepeque,2011-06-12,22.994,14.25,270.75
copan,2011-06-12,16.234,14.75,271.25
comayagua,2011-06-13,20.53,14.25,272.25
ocotepeque,2011-06-13,23.719,14.25,270.75
copan,2011-06-13,18.63,14.75,271.25
comayagua,2011-06-14,20.318,14.25,272.25
ocotepeque,2011-06-14,24.151,14.25,270.75
copan,2011-06-14,19.337,14.75,271.25
comayagua,2011-06-15,18.724,14.25,272.25
ocotepeque,2011-06-15,23.922,14.25,270.75
copan,2011-06-15,17.555,14.75,271.25
comayagua,2011-06-16,18.781,14.25,272.25
ocotepeque,2011-06-16,20.813,14.25,270.75
copan,2011-06-16,16.529,14.75,271.25
comayagua,2011-06-17,18.749,14.25,272.25
ocotepeque,2011-06-17,21.575,14.25,270.75
copan,2011-06-17,17.212,14.75,271.25
comayagua,2011-06-18,18.547,14.25,272.25
ocotepeque,2011-06-18,21.441,14.25,270.75
copan,2011-06-18,16.64,14.75,271.25
comayagua,2011-06-19,18.699,14.25,272.25
ocotepeque,2011-06-19,21.731,14.25,270.75
copan,2011-06-19,16.763,14.75,271.25
comayagua,2011-06-20,19.764,14.25,272.25
ocotepeque,2011-06-20,23.201,14.25,270.75
copan,2011-06-20,18.225,14.75,271.25
comayagua,2011-06-21,19.338,14.25,272.25
ocotepeque,2011-06-21,22.266,14.25,270.75
copan,2011-06-21,18.168,14.75,271.25
comayagua,2011-06-22,18.464,14.25,272.25
ocotepeque,2011-06-22,23.182,14.25,270.75
copan,2011-06-22,17.555,14.75,271.25
comayagua,2011-06-23,19.474,14.25,272.25
ocotepeque,2011-06-23,21.323,14.25,270.75
copan,2011-06-23,17.735,14.75,271.25
comayagua,2011-06-24,17.684,14.25,272.25
ocotepeque,2011-06-24,22.058,14.25,270.75
copan,2011-06-24,16.513,14.75,271.25
comayagua,2011-06-25,18.299,14.25,272.25
ocotepeque,2011-06-25,21.938,14.25,270.75
copan,2011-06-25,16.954,14.75,271.25
comayagua,2011-06-26,19.084,14.25,272.25
ocotepeque,2011-06-26,20.803,14.25,270.75
copan,2011-06-26,18.142,14.75,271.25
comayagua,2011-06-27,18.589,14.25,272.25
ocotepeque,2011-06-27,21.186,14.25,270.75
copan,2011-06-27,17.068,14.75,271.25
comayagua,2011-06-28,17.62,14.25,272.25
ocotepeque,2011-06-28,22.485,14.25,270.75
copan,2011-06-28,16.789,14.75,271.25
comayagua,2011-06-29,19.284,14.25,272.25
ocotepeque,2011-06-29,23.392,14.25,270.75
copan,2011-06-29,18.744,14.75,271.25
comayagua,2011-06-30,18.138,14.25,272.25
ocotepeque,2011-06-30,20.645,14.25,270.75
copan,2011-06-30,16.986,14.75,271.25
comayagua,2011-07-01,18.959,14.25,272.25
ocotepeque,2011-07-01,20.609,14.25,270.75
copan,2011-07-01,18.646,14.75,271.25
comayagua,2011-07-02,18.212,14.25,272.25
ocotepeque,2011-07-02,21.449,14.25,270.75
copan,2011-07-02,17.359,14.75,271.25
comayagua,2011-07-03,18.655,14.25,272.25
ocotepeque,2011-07-03,21.081,14.25,270.75
copan,2011-07-03,17.548,14.75,271.25
comayagua,2011-07-04,19.635,14.25,272.25
ocotepeque,2011-07-04,21.989,14.25,270.75
copan,2011-07-04,17.525,14.75,271.25
comayagua,2011-07-05,18.968,14.25,272.25
ocotepeque,2011-07-05,22.029,14.25,270.75
copan,2011-07-05,17.821,14.75,271.25
comayagua,2011-07-06,21.449,14.25,272.25
ocotepeque,2011-07-06,22.731,14.25,270.75
copan,2011-07-06,18.509,14.75,271.25
comayagua,2011-07-07,18.683,14.25,272.25
ocotepeque,2011-07-07,22.266,14.25,270.75
copan,2011-07-07,17.568,14.75,271.25
comayagua,2011-07-08,19.091,14.25,272.25
ocotepeque,2011-07-08,21.488,14.25,270.75
copan,2011-07-08,17.847,14.75,271.25
comayagua,2011-07-09,17.701,14.25,272.25
ocotepeque,2011-07-09,22.419,14.25,270.75
copan,2011-07-09,17.476,14.75,271.25
comayagua,2011-07-10,19.193,14.25,272.25
ocotepeque,2011-07-10,23.628,14.25,270.75
copan,2011-07-10,17.172,14.75,271.25
comayagua,2011-07-11,18.808,14.25,272.25
ocotepeque,2011-07-11,23.048,14.25,270.75
copan,2011-07-11,17.449,14.75,271.25
comayagua,2011-07-12,19.198,14.25,272.25
ocotepeque,2011-07-12,21.157,14.25,270.75
copan,2011-07-12,18.163,14.75,271.25
comayagua,2011-07-13,18.621,14.25,272.25
ocotepeque,2011-07-13,20.944,14.25,270.75
copan,2011-07-13,17.743,14.75,271.25
comayagua,2011-07-14,17.101,14.25,272.25
ocotepeque,2011-07-14,20.862,14.25,270.75
copan,2011-07-14,16.703,14.75,271.25
comayagua,2011-07-15,17.069,14.25,272.25
ocotepeque,2011-07-15,21.832,14.25,270.75
copan,2011-07-15,15.723,14.75,271.25
comayagua,2011-07-16,18.186,14.25,272.25
ocotepeque,2011-07-16,15.985,14.25,270.75
copan,2011-07-16,15.189,14.75,271.25
comayagua,2011-07-17,18.582,14.25,272.25
ocotepeque,2011-07-17,17.178,14.25,270.75
copan,2011-07-17,16.567,14.75,271.25
comayagua,2011-07-18,17.357,14.25,272.25
ocotepeque,2011-07-18,17.18,14.25,270.75
copan,2011-07-18,16.942,14.75,271.25
comayagua,2011-07-19,17.598,14.25,272.25
ocotepeque,2011-07-19,18.079,14.25,270.75
copan,2011-07-19,18.138,14.75,271.25
comayagua,2011-07-20,19.217,14.25,272.25
ocotepeque,2011-07-20,18.745,14.25,270.75
copan,2011-07-20,18.983,14.75,271.25
comayagua,2011-07-21,19.675,14.25,272.25
ocotepeque,2011-07-21,17.45,14.25,270.75
copan,2011-07-21,16.554,14.75,271.25
comayagua,2011-07-22,18.501,14.25,272.25
ocotepeque,2011-07-22,17.103,14.25,270.75
copan,2011-07-22,16.406,14.75,271.25
comayagua,2011-07-23,18.682,14.25,272.25
ocotepeque,2011-07-23,16.792,14.25,270.75
copan,2011-07-23,15.798,14.75,271.25
comayagua,2011-07-24,20.163,14.25,272.25
ocotepeque,2011-07-24,18.452,14.25,270.75
copan,2011-07-24,18.163,14.75,271.25
comayagua,2011-07-25,20.116,14.25,272.25
ocotepeque,2011-07-25,18.243,14.25,270.75
copan,2011-07-25,17.938,14.75,271.25
comayagua,2011-07-26,18.561,14.25,272.25
ocotepeque,2011-07-26,17.721,14.25,270.75
copan,2011-07-26,17.247,14.75,271.25
comayagua,2011-07-27,18.613,14.25,272.25
ocotepeque,2011-07-27,23.464,14.25,270.75
copan,2011-07-27,17.565,14.75,271.25
comayagua,2011-07-28,18.302,14.25,272.25
ocotepeque,2011-07-28,23.166,14.25,270.75
copan,2011-07-28,17.49,14.75,271.25
comayagua,2011-07-29,17.494,14.25,272.25
ocotepeque,2011-07-29,23.679,14.25,270.75
copan,2011-07-29,17.003,14.75,271.25
comayagua,2011-07-30,17.839,14.25,272.25
ocotepeque,2011-07-30,21.257,14.25,270.75
copan,2011-07-30,14.831,14.75,271.25
comayagua,2011-07-31,21.304,14.25,272.25
ocotepeque,2011-07-31,23.562,14.25,270.75
copan,2011-07-31,19.885,14.75,271.25
comayagua,2011-08-01,19.379,14.25,272.25
ocotepeque,2011-08-01,20.533,14.25,270.75
copan,2011-08-01,15.635,14.75,271.25
comayagua,2011-08-02,20.898,14.25,272.25
ocotepeque,2011-08-02,22.348,14.25,270.75
copan,2011-08-02,16.872,14.75,271.25
comayagua,2011-08-03,19.749,14.25,272.25
ocotepeque,2011-08-03,24.159,14.25,270.75
copan,2011-08-03,18.837,14.75,271.25
comayagua,2011-08-04,19.285,14.25,272.25
ocotepeque,2011-08-04,24.043,14.25,270.75
copan,2011-08-04,18.481,14.75,271.25
comayagua,2011-08-05,18.695,14.25,272.25
ocotepeque,2011-08-05,22.999,14.25,270.75
copan,2011-08-05,15.917,14.75,271.25
comayagua,2011-08-06,19.115,14.25,272.25
ocotepeque,2011-08-06,23.575,14.25,270.75
copan,2011-08-06,17.845,14.75,271.25
comayagua,2011-08-07,19.721,14.25,272.25
ocotepeque,2011-08-07,23.411,14.25,270.75
copan,2011-08-07,17.918,14.75,271.25
comayagua,2011-08-08,17.018,14.25,272.25
ocotepeque,2011-08-08,23.531,14.25,270.75
copan,2011-08-08,17.252,14.75,271.25
comayagua,2011-08-09,17.37,14.25,272.25
ocotepeque,2011-08-09,20.023,14.25,270.75
copan,2011-08-09,17.407,14.75,271.25
comayagua,2011-08-10,17.522,14.25,272.25
ocotepeque,2011-08-10,23.143,14.25,270.75
copan,2011-08-10,16.189,14.75,271.25
comayagua,2011-08-11,18.011,14.25,272.25
ocotepeque,2011-08-11,23.855,14.25,270.75
copan,2011-08-11,16.969,14.75,271.25
comayagua,2011-08-12,17.333,14.25,272.25
ocotepeque,2011-08-12,22.078,14.25,270.75
copan,2011-08-12,16.779,14.75,271.25
comayagua,2011-08-13,18.579,14.25,272.25
ocotepeque,2011-08-13,23.762,14.25,270.75
copan,2011-08-13,16.44,14.75,271.25
comayagua,2011-08-14,18.083,14.25,272.25
ocotepeque,2011-08-14,20.914,14.25,270.75
copan,2011-08-14,16.123,14.75,271.25
comayagua,2011-08-15,18.457,14.25,272.25
ocotepeque,2011-08-15,20.715,14.25,270.75
copan,2011-08-15,15.737,14.75,271.25
comayagua,2011-08-16,17.953,14.25,272.25
ocotepeque,2011-08-16,19.676,14.25,270.75
copan,2011-08-16,16.758,14.75,271.25
comayagua,2011-08-17,19.934,14.25,272.25
ocotepeque,2011-08-17,22.048,14.25,270.75
copan,2011-08-17,16.909,14.75,271.25
comayagua,2011-08-18,19.361,14.25,272.25
ocotepeque,2011-08-18,23.671,14.25,270.75
copan,2011-08-18,17.866,14.75,271.25
comayagua,2011-08-19,18.11,14.25,272.25
ocotepeque,2011-08-19,23.244,14.25,270.75
copan,2011-08-19,16.064,14.75,271.25
comayagua,2011-08-20,19.157,14.25,272.25
ocotepeque,2011-08-20,21.93,14.25,270.75
copan,2011-08-20,17.756,14.75,271.25
comayagua,2011-08-21,18.507,14.25,272.25
ocotepeque,2011-08-21,21.521,14.25,270.75
copan,2011-08-21,15.661,14.75,271.25
comayagua,2011-08-22,18.46,14.25,272.25
ocotepeque,2011-08-22,22.912,14.25,270.75
copan,2011-08-22,16.831,14.75,271.25
comayagua,2011-08-23,18.045,14.25,272.25
ocotepeque,2011-08-23,20.542,14.25,270.75
copan,2011-08-23,15.399,14.75,271.25
comayagua,2011-08-24,19.285,14.25,272.25
ocotepeque,2011-08-24,22.692,14.25,270.75
copan,2011-08-24,17.769,14.75,271.25
comayagua,2011-08-25,18.864,14.25,272.25
ocotepeque,2011-08-25,22.661,14.25,270.75
copan,2011-08-25,18.472,14.75,271.25
comayagua,2011-08-26,19.421,14.25,272.25
ocotepeque,2011-08-26,22.057,14.25,270.75
copan,2011-08-26,18.296,14.75,271.25
comayagua,2011-08-27,18.842,14.25,272.25
ocotepeque,2011-08-27,21.862,14.25,270.75
copan,2011-08-27,17.896,14.75,271.25
comayagua,2011-08-28,19.399,14.25,272.25
ocotepeque,2011-08-28,23.166,14.25,270.75
copan,2011-08-28,17.599,14.75,271.25
comayagua,2011-08-29,18.026,14.25,272.25
ocotepeque,2011-08-29,21.382,14.25,270.75
copan,2011-08-29,17.612,14.75,271.25
comayagua,2011-08-30,18.7,14.25,272.25
ocotepeque,2011-08-30,22.705,14.25,270.75
copan,2011-08-30,18.809,14.75,271.25
comayagua,2011-08-31,18.363,14.25,272.25
ocotepeque,2011-08-31,22.006,14.25,270.75
copan,2011-08-31,16.986,14.75,271.25
comayagua,2011-09-01,13.913,14.25,272.25
ocotepeque,2011-09-01,21.664,14.25,270.75
copan,2011-09-01,16.67,14.75,271.25
comayagua,2011-09-02,17.671,14.25,272.25
ocotepeque,2011-09-02,22.862,14.25,270.75
copan,2011-09-02,16.232,14.75,271.25
comayagua,2011-09-03,17.528,14.25,272.25
ocotepeque,2011-09-03,21.34,14.25,270.75
copan,2011-09-03,16.559,14.75,271.25
comayagua,2011-09-04,18.986,14.25,272.25
ocotepeque,2011-09-04,21.391,14.25,270.75
copan,2011-09-04,16.695,14.75,271.25
comayagua,2011-09-05,19.05,14.25,272.25
ocotepeque,2011-09-05,21.533,14.25,270.75
copan,2011-09-05,19.013,14.75,271.25
comayagua,2011-09-06,18.113,14.25,272.25
ocotepeque,2011-09-06,21.193,14.25,270.75
copan,2011-09-06,17.342,14.75,271.25
comayagua,2011-09-07,22.749,14.25,272.25
ocotepeque,2011-09-07,24.191,14.25,270.75
copan,2011-09-07,21.386,14.75,271.25
comayagua,2011-09-08,23.95,14.25,272.25
ocotepeque,2011-09-08,24.117,14.25,270.75
copan,2011-09-08,21.117,14.75,271.25
comayagua,2011-09-09,17.948,14.25,272.25
ocotepeque,2011-09-09,22.985,14.25,270.75
copan,2011-09-09,15.968,14.75,271.25
comayagua,2011-09-10,17.401,14.25,272.25
ocotepeque,2011-09-10,22.501,14.25,270.75
copan,2011-09-10,17.64,14.75,271.25
comayagua,2011-09-11,18.218,14.25,272.25
ocotepeque,2011-09-11,22.666,14.25,270.75
copan,2011-09-11,18.126,14.75,271.25
comayagua,2011-09-12,19.267,14.25,272.25
ocotepeque,2011-09-12,22.137,14.25,270.75
copan,2011-09-12,18.219,14.75,271.25
comayagua,2011-09-13,19.136,14.25,272.25
ocotepeque,2011-09-13,22.105,14.25,270.75
copan,2011-09-13,17.776,14.75,271.25
comayagua,2011-09-14,18.944,14.25,272.25
ocotepeque,2011-09-14,23.397,14.25,270.75
copan,2011-09-14,18.959,14.75,271.25
comayagua,2011-09-15,17.82,14.25,272.25
ocotepeque,2011-09-15,22.254,14.25,270.75
copan,2011-09-15,16.227,14.75,271.25
comayagua,2011-09-16,18.741,14.25,272.25
ocotepeque,2011-09-16,22.641,14.25,270.75
copan,2011-09-16,18.417,14.75,271.25
comayagua,2011-09-17,18.836,14.25,272.25
ocotepeque,2011-09-17,24.302,14.25,270.75
copan,2011-09-17,16.65,14.75,271.25
comayagua,2011-09-18,18.287,14.25,272.25
ocotepeque,2011-09-18,18.228,14.25,270.75
copan,2011-09-18,16.422,14.75,271.25
comayagua,2011-09-19,18.698,14.25,272.25
ocotepeque,2011-09-19,21.463,14.25,270.75
copan,2011-09-19,18.27,14.75,271.25
comayagua,2011-09-20,18.077,14.25,272.25
ocotepeque,2011-09-20,21.582,14.25,270.75
copan,2011-09-20,17.306,14.75,271.25
comayagua,2011-09-21,17.829,14.25,272.25
ocotepeque,2011-09-21,21.752,14.25,270.75
copan,2011-09-21,16.816,14.75,271.25
comayagua,2011-09-22,18.408,14.25,272.25
ocotepeque,2011-09-22,24.471,14.25,270.75
copan,2011-09-22,17.763,14.75,271.25
comayagua,2011-09-23,18.419,14.25,272.25
ocotepeque,2011-09-23,18.4,14.25,270.75
copan,2011-09-23,17.839,14.75,271.25
comayagua,2011-09-24,19.327,14.25,272.25
ocotepeque,2011-09-24,18.172,14.25,270.75
copan,2011-09-24,17.97,14.75,271.25
comayagua,2011-09-25,18.452,14.25,272.25
ocotepeque,2011-09-25,16.979,14.25,270.75
copan,2011-09-25,16.491,14.75,271.25
comayagua,2011-09-26,16.088,14.25,272.25
ocotepeque,2011-09-26,16.695,14.25,270.75
copan,2011-09-26,16.627,14.75,271.25
comayagua,2011-09-27,17.613,14.25,272.25
ocotepeque,2011-09-27,17.189,14.25,270.75
copan,2011-09-27,16.627,14.75,271.25
comayagua,2011-09-28,17.552,14.25,272.25
ocotepeque,2011-09-28,17.741,14.25,270.75
copan,2011-09-28,17.329,14.75,271.25
comayagua,2011-09-29,18.63,14.25,272.25
ocotepeque,2011-09-29,18.258,14.25,270.75
copan,2011-09-29,18.041,14.75,271.25
comayagua,2011-09-30,18.976,14.25,272.25
ocotepeque,2011-09-30,22.755,14.25,270.75
copan,2011-09-30,17.945,14.75,271.25
comayagua,2011-10-01,18.6,14.25,272.25
ocotepeque,2011-10-01,21.553,14.25,270.75
copan,2011-10-01,17.655,14.75,271.25
comayagua,2011-10-02,19.502,14.25,272.25
ocotepeque,2011-10-02,22.484,14.25,270.75
copan,2011-10-02,18.126,14.75,271.25
comayagua,2011-10-03,19.352,14.25,272.25
ocotepeque,2011-10-03,22.903,14.25,270.75
copan,2011-10-03,16.631,14.75,271.25
comayagua,2011-10-04,18.443,14.25,272.25
ocotepeque,2011-10-04,22.704,14.25,270.75
copan,2011-10-04,18.455,14.75,271.25
comayagua,2011-10-05,18.828,14.25,272.25
ocotepeque,2011-10-05,21.575,14.25,270.75
copan,2011-10-05,18.017,14.75,271.25
comayagua,2011-10-06,19.581,14.25,272.25
ocotepeque,2011-10-06,22.486,14.25,270.75
copan,2011-10-06,17.63,14.75,271.25
comayagua,2011-10-07,20.179,14.25,272.25
ocotepeque,2011-10-07,23.002,14.25,270.75
copan,2011-10-07,17.511,14.75,271.25
comayagua,2011-10-08,18.432,14.25,272.25
ocotepeque,2011-10-08,20.875,14.25,270.75
copan,2011-10-08,15.506,14.75,271.25
comayagua,2011-10-09,18.021,14.25,272.25
ocotepeque,2011-10-09,21.623,14.25,270.75
copan,2011-10-09,15.844,14.75,271.25
comayagua,2011-10-10,18.618,14.25,272.25
ocotepeque,2011-10-10,22.488,14.25,270.75
copan,2011-10-10,17.568,14.75,271.25
comayagua,2011-10-11,19.076,14.25,272.25
ocotepeque,2011-10-11,21.614,14.25,270.75
copan,2011-10-11,17.974,14.75,271.25
comayagua,2011-10-12,19.372,14.25,272.25
ocotepeque,2011-10-12,20.813,14.25,270.75
copan,2011-10-12,18.417,14.75,271.25
comayagua,2011-10-13,19.12,14.25,272.25
ocotepeque,2011-10-13,20.151,14.25,270.75
copan,2011-10-13,17.599,14.75,271.25
comayagua,2011-10-14,18.558,14.25,272.25
ocotepeque,2011-10-14,20.414,14.25,270.75
copan,2011-10-14,17.586,14.75,271.25
comayagua,2011-10-15,18.761,14.25,272.25
ocotepeque,2011-10-15,19.85,14.25,270.75
copan,2011-10-15,17.946,14.75,271.25
comayagua,2011-10-16,18.435,14.25,272.25
ocotepeque,2011-10-16,19.972,14.25,270.75
copan,2011-10-16,17.802,14.75,271.25
comayagua,2011-10-17,18.834,14.25,272.25
ocotepeque,2011-10-17,20.202,14.25,270.75
copan,2011-10-17,18.419,14.75,271.25
comayagua,2011-10-18,18.343,14.25,272.25
ocotepeque,2011-10-18,20.06,14.25,270.75
copan,2011-10-18,18.026,14.75,271.25
comayagua,2011-10-19,17.776,14.25,272.25
ocotepeque,2011-10-19,19.48,14.25,270.75
copan,2011-10-19,16.407,14.75,271.25
comayagua,2011-10-20,16.885,14.25,272.25
ocotepeque,2011-10-20,17.593,14.25,270.75
copan,2011-10-20,14.897,14.75,271.25
comayagua,2011-10-21,16.57,14.25,272.25
ocotepeque,2011-10-21,20.083,14.25,270.75
copan,2011-10-21,13.549,14.75,271.25
comayagua,2011-10-22,17.096,14.25,272.25
ocotepeque,2011-10-22,21.4,14.25,270.75
copan,2011-10-22,14.737,14.75,271.25
comayagua,2011-10-23,16.048,14.25,272.25
ocotepeque,2011-10-23,19.755,14.25,270.75
copan,2011-10-23,14.892,14.75,271.25
comayagua,2011-10-24,16.147,14.25,272.25
ocotepeque,2011-10-24,19.717,14.25,270.75
copan,2011-10-24,12.986,14.75,271.25
comayagua,2011-10-25,15.943,14.25,272.25
ocotepeque,2011-10-25,19.85,14.25,270.75
copan,2011-10-25,13.904,14.75,271.25
comayagua,2011-10-26,16.445,14.25,272.25
ocotepeque,2011-10-26,20.634,14.25,270.75
copan,2011-10-26,14.037,14.75,271.25
comayagua,2011-10-27,17.067,14.25,272.25
ocotepeque,2011-10-27,21.398,14.25,270.75
copan,2011-10-27,14.81,14.75,271.25
comayagua,2011-10-28,16.076,14.25,272.25
ocotepeque,2011-10-28,21.999,14.25,270.75
copan,2011-10-28,14.28,14.75,271.25
comayagua,2011-10-29,18.825,14.25,272.25
ocotepeque,2011-10-29,23.036,14.25,270.75
copan,2011-10-29,17.286,14.75,271.25
comayagua,2011-10-30,18.005,14.25,272.25
ocotepeque,2011-10-30,21.68,14.25,270.75
copan,2011-10-30,15.741,14.75,271.25
comayagua,2011-10-31,17.671,14.25,272.25
ocotepeque,2011-10-31,21.004,14.25,270.75
copan,2011-10-31,14.54,14.75,271.25
comayagua,2011-11-01,16.694,14.25,272.25
ocotepeque,2011-11-01,21.357,14.25,270.75
copan,2011-11-01,14.728,14.75,271.25
comayagua,2011-11-02,18.879,14.25,272.25
ocotepeque,2011-11-02,18.537,14.25,270.75
copan,2011-11-02,16.034,14.75,271.25
comayagua,2011-11-03,18.881,14.25,272.25
ocotepeque,2011-11-03,22.863,14.25,270.75
copan,2011-11-03,17.197,14.75,271.25
comayagua,2011-11-04,18.707,14.25,272.25
ocotepeque,2011-11-04,22.448,14.25,270.75
copan,2011-11-04,16.79,14.75,271.25
comayagua,2011-11-05,18.283,14.25,272.25
ocotepeque,2011-11-05,21.853,14.25,270.75
copan,2011-11-05,15.617,14.75,271.25
comayagua,2011-11-06,20.482,14.25,272.25
ocotepeque,2011-11-06,22.222,14.25,270.75
copan,2011-11-06,17.042,14.75,271.25
comayagua,2011-11-07,18.407,14.25,272.25
ocotepeque,2011-11-07,22.614,14.25,270.75
copan,2011-11-07,17.37,14.75,271.25
comayagua,2011-11-08,16.193,14.25,272.25
ocotepeque,2011-11-08,20.804,14.25,270.75
copan,2011-11-08,12.548,14.75,271.25
comayagua,2011-11-09,12.176,14.25,272.25
ocotepeque,2011-11-09,19.928,14.25,270.75
copan,2011-11-09,11.41,14.75,271.25
comayagua,2011-11-10,16.146,14.25,272.25
ocotepeque,2011-11-10,20.206,14.25,270.75
copan,2011-11-10,12.615,14.75,271.25
comayagua,2011-11-11,18.264,14.25,272.25
ocotepeque,2011-11-11,21.607,14.25,270.75
copan,2011-11-11,15.493,14.75,271.25
comayagua,2011-11-12,17.337,14.25,272.25
ocotepeque,2011-11-12,20.867,14.25,270.75
copan,2011-11-12,14.775,14.75,271.25
comayagua,2011-11-13,16.826,14.25,272.25
ocotepeque,2011-11-13,20.961,14.25,270.75
copan,2011-11-13,14.844,14.75,271.25
comayagua,2011-11-14,16.98,14.25,272.25
ocotepeque,2011-11-14,20.544,14.25,270.75
copan,2011-11-14,13.187,14.75,271.25
comayagua,2011-11-15,15.468,14.25,272.25
ocotepeque,2011-11-15,21.729,14.25,270.75
copan,2011-11-15,15.738,14.75,271.25
comayagua,2011-11-16,17.953,14.25,272.25
ocotepeque,2011-11-16,22.732,14.25,270.75
copan,2011-11-16,17.453,14.75,271.25
comayagua,2011-11-17,17.997,14.25,272.25
ocotepeque,2011-11-17,17.641,14.25,270.75
copan,2011-11-17,18.006,14.75,271.25
comayagua,2011-11-18,17.058,14.25,272.25
ocotepeque,2011-11-18,15.237,14.25,270.75
copan,2011-11-18,14.404,14.75,271.25
comayagua,2011-11-19,17.169,14.25,272.25
ocotepeque,2011-11-19,15.505,14.25,270.75
copan,2011-11-19,14.729,14.75,271.25
comayagua,2011-11-20,17.98,14.25,272.25
ocotepeque,2011-11-20,16.889,14.25,270.75
copan,2011-11-20,16.394,14.75,271.25
comayagua,2011-11-21,20.592,14.25,272.25
ocotepeque,2011-11-21,17.349,14.25,270.75
copan,2011-11-21,16.816,14.75,271.25
comayagua,2011-11-22,17.635,14.25,272.25
ocotepeque,2011-11-22,16.991,14.25,270.75
copan,2011-11-22,17.032,14.75,271.25
comayagua,2011-11-23,14.762,14.25,272.25
ocotepeque,2011-11-23,14.685,14.25,270.75
copan,2011-11-23,14.612,14.75,271.25
comayagua,2011-11-24,15.956,14.25,272.25
ocotepeque,2011-11-24,13.557,14.25,270.75
copan,2011-11-24,12.545,14.75,271.25
comayagua,2011-11-25,15.282,14.25,272.25
ocotepeque,2011-11-25,13.712,14.25,270.75
copan,2011-11-25,12.81,14.75,271.25
comayagua,2011-11-26,12.719,14.25,272.25
ocotepeque,2011-11-26,10.664,14.25,270.75
copan,2011-11-26,9.514,14.75,271.25
comayagua,2011-11-27,16.345,14.25,272.25
ocotepeque,2011-11-27,16.582,14.25,270.75
copan,2011-11-27,16.956,14.75,271.25
comayagua,2011-11-28,15.44,14.25,272.25
ocotepeque,2011-11-28,13.305,14.25,270.75
copan,2011-11-28,12.467,14.75,271.25
comayagua,2011-11-29,13.61,14.25,272.25
ocotepeque,2011-11-29,11.482,14.25,270.75
copan,2011-11-29,10.87,14.75,271.25
comayagua,2011-11-30,12.98,14.25,272.25
ocotepeque,2011-11-30,10.945,14.25,270.75
copan,2011-11-30,10.483,14.75,271.25
comayagua,2011-12-01,12.096,14.25,272.25
ocotepeque,2011-12-01,9.406,14.25,270.75
copan,2011-12-01,7.793,14.75,271.25
comayagua,2011-12-02,13.991,14.25,272.25
ocotepeque,2011-12-02,12.658,14.25,270.75
copan,2011-12-02,11.965,14.75,271.25
comayagua,2011-12-03,13.69,14.25,272.25
ocotepeque,2011-12-03,11.376,14.25,270.75
copan,2011-12-03,10.498,14.75,271.25
comayagua,2011-12-04,15.383,14.25,272.25
ocotepeque,2011-12-04,19.448,14.25,270.75
copan,2011-12-04,13.616,14.75,271.25
comayagua,2011-12-05,18.177,14.25,272.25
ocotepeque,2011-12-05,21.129,14.25,270.75
copan,2011-12-05,15.736,14.75,271.25
comayagua,2011-12-06,14.885,14.25,272.25
ocotepeque,2011-12-06,20.094,14.25,270.75
copan,2011-12-06,11.815,14.75,271.25
comayagua,2011-12-07,17.022,14.25,272.25
ocotepeque,2011-12-07,21.364,14.25,270.75
copan,2011-12-07,15.33,14.75,271.25
comayagua,2011-12-08,17.467,14.25,272.25
ocotepeque,2011-12-08,16.575,14.25,270.75
copan,2011-12-08,15.384,14.75,271.25
comayagua,2011-12-09,16.785,14.25,272.25
ocotepeque,2011-12-09,22.307,14.25,270.75
copan,2011-12-09,14.776,14.75,271.25
comayagua,2011-12-10,16.554,14.25,272.25
ocotepeque,2011-12-10,19.887,14.25,270.75
copan,2011-12-10,14.529,14.75,271.25
comayagua,2011-12-11,15.267,14.25,272.25
ocotepeque,2011-12-11,14.051,14.25,270.75
copan,2011-12-11,13.286,14.75,271.25
comayagua,2011-12-12,13.865,14.25,272.25
ocotepeque,2011-12-12,15.214,14.25,270.75
copan,2011-12-12,13.754,14.75,271.25
comayagua,2011-12-13,14.326,14.25,272.25
ocotepeque,2011-12-13,15.094,14.25,270.75
copan,2011-12-13,14.433,14.75,271.25
comayagua,2011-12-14,16.931,14.25,272.25
ocotepeque,2011-12-14,15.53,14.25,270.75
copan,2011-12-14,15.223,14.75,271.25
comayagua,2011-12-15,16.236,14.25,272.25
ocotepeque,2011-12-15,14.154,14.25,270.75
copan,2011-12-15,12.986,14.75,271.25
comayagua,2011-12-16,17.386,14.25,272.25
ocotepeque,2011-12-16,16.541,14.25,270.75
copan,2011-12-16,16.078,14.75,271.25
comayagua,2011-12-17,15.468,14.25,272.25
ocotepeque,2011-12-17,13.732,14.25,270.75
copan,2011-12-17,12.455,14.75,271.25
comayagua,2011-12-18,16.491,14.25,272.25
ocotepeque,2011-12-18,14.346,14.25,270.75
copan,2011-12-18,12.745,14.75,271.25
comayagua,2011-12-19,15.885,14.25,272.25
ocotepeque,2011-12-19,14.559,14.25,270.75
copan,2011-12-19,13.621,14.75,271.25
comayagua,2011-12-20,13.153,14.25,272.25
ocotepeque,2011-12-20,13.54,14.25,270.75
copan,2011-12-20,13.598,14.75,271.25
comayagua,2011-12-21,14.192,14.25,272.25
ocotepeque,2011-12-21,15.324,14.25,270.75
copan,2011-12-21,15.57,14.75,271.25
comayagua,2011-12-22,14.666,14.25,272.25
ocotepeque,2011-12-22,14.694,14.25,270.75
copan,2011-12-22,14.137,14.75,271.25
comayagua,2011-12-23,17.704,14.25,272.25
ocotepeque,2011-12-23,15.601,14.25,270.75
copan,2011-12-23,14.743,14.75,271.25
comayagua,2011-12-24,17.06,14.25,272.25
ocotepeque,2011-12-24,15.869,14.25,270.75
copan,2011-12-24,16.191,14.75,271.25
comayagua,2011-12-25,17.457,14.25,272.25
ocotepeque,2011-12-25,15.989,14.25,270.75
copan,2011-12-25,14.976,14.75,271.25
comayagua,2011-12-26,17.417,14.25,272.25
ocotepeque,2011-12-26,15.451,14.25,270.75
copan,2011-12-26,14.669,14.75,271.25
comayagua,2011-12-27,15.181,14.25,272.25
ocotepeque,2011-12-27,14.388,14.25,270.75
copan,2011-12-27,13.179,14.75,271.25
comayagua,2011-12-28,17.421,14.25,272.25
ocotepeque,2011-12-28,15.692,14.25,270.75
copan,2011-12-28,14.819,14.75,271.25
comayagua,2011-12-29,13.656,14.25,272.25
ocotepeque,2011-12-29,13.575,14.25,270.75
copan,2011-12-29,12.502,14.75,271.25
comayagua,2011-12-30,16.554,14.25,272.25
ocotepeque,2011-12-30,20.343,14.25,270.75
copan,2011-12-30,14.696,14.75,271.25
comayagua,2011-12-31,19.287,14.25,272.25
ocotepeque,2011-12-31,21.878,14.25,270.75
copan,2011-12-31,16.933,14.75,271.25
comayagua,2012-01-01,16.964,14.25,272.25
ocotepeque,2012-01-01,22.585,14.25,270.75
copan,2012-01-01,15.95,14.75,271.25
comayagua,2012-01-02,21.048,14.25,272.25
ocotepeque,2012-01-02,22.505,14.25,270.75
copan,2012-01-02,17.02,14.75,271.25
comayagua,2012-01-03,17.534,14.25,272.25
ocotepeque,2012-01-03,20.446,14.25,270.75
copan,2012-01-03,14.717,14.75,271.25
comayagua,2012-01-04,14.013,14.25,272.25
ocotepeque,2012-01-04,17.55,14.25,270.75
copan,2012-01-04,11.313,14.75,271.25
comayagua,2012-01-05,13.617,14.25,272.25
ocotepeque,2012-01-05,14.348,14.25,270.75
copan,2012-01-05,12.434,14.75,271.25
comayagua,2012-01-06,14.182,14.25,272.25
ocotepeque,2012-01-06,13.23,14.25,270.75
copan,2012-01-06,12.639,14.75,271.25
comayagua,2012-01-07,13.92,14.25,272.25
ocotepeque,2012-01-07,13.571,14.25,270.75
copan,2012-01-07,13.459,14.75,271.25
comayagua,2012-01-08,17.073,14.25,272.25
ocotepeque,2012-01-08,16.774,14.25,270.75
copan,2012-01-08,16.123,14.75,271.25
comayagua,2012-01-09,16.573,14.25,272.25
ocotepeque,2012-01-09,16.947,14.25,270.75
copan,2012-01-09,15.671,14.75,271.25
comayagua,2012-01-10,19.808,14.25,272.25
ocotepeque,2012-01-10,18.33,14.25,270.75
copan,2012-01-10,17.018,14.75,271.25
comayagua,2012-01-11,15.976,14.25,272.25
ocotepeque,2012-01-11,15.989,14.25,270.75
copan,2012-01-11,15.459,14.75,271.25
comayagua,2012-01-12,14.507,14.25,272.25
ocotepeque,2012-01-12,15.225,14.25,270.75
copan,2012-01-12,14.945,14.75,271.25
comayagua,2012-01-13,21.626,14.25,272.25
ocotepeque,2012-01-13,18.57,14.25,270.75
copan,2012-01-13,17.901,14.75,271.25
comayagua,2012-01-14,18.078,14.25,272.25
ocotepeque,2012-01-14,17.457,14.25,270.75
copan,2012-01-14,16.038,14.75,271.25
comayagua,2012-01-15,17.528,14.25,272.25
ocotepeque,2012-01-15,16.768,14.25,270.75
copan,2012-01-15,15.683,14.75,271.25
comayagua,2012-01-16,17.578,14.25,272.25
ocotepeque,2012-01-16,15.492,14.25,270.75
copan,2012-01-16,14.083,14.75,271.25
comayagua,2012-01-17,17.648,14.25,272.25
ocotepeque,2012-01-17,16.905,14.25,270.75
copan,2012-01-17,15.833,14.75,271.25
comayagua,2012-01-18,19.351,14.25,272.25
ocotepeque,2012-01-18,16.446,14.25,270.75
copan,2012-01-18,15.461,14.75,271.25
comayagua,2012-01-19,15.437,14.25,272.25
ocotepeque,2012-01-19,13.128,14.25,270.75
copan,2012-01-19,11.162,14.75,271.25
comayagua,2012-01-20,15.865,14.25,272.25
ocotepeque,2012-01-20,14.056,14.25,270.75
copan,2012-01-20,12.19,14.75,271.25
comayagua,2012-01-21,12.978,14.25,272.25
ocotepeque,2012-01-21,13.935,14.25,270.75
copan,2012-01-21,14.043,14.75,271.25
comayagua,2012-01-22,16.91,14.25,272.25
ocotepeque,2012-01-22,16.749,14.25,270.75
copan,2012-01-22,16.128,14.75,271.25
comayagua,2012-01-23,14.03,14.25,272.25
ocotepeque,2012-01-23,14.4,14.25,270.75
copan,2012-01-23,13.789,14.75,271.25
comayagua,2012-01-24,19.607,14.25,272.25
ocotepeque,2012-01-24,17.584,14.25,270.75
copan,2012-01-24,16.998,14.75,271.25
comayagua,2012-01-25,21.663,14.25,272.25
ocotepeque,2012-01-25,18.343,14.25,270.75
copan,2012-01-25,16.493,14.75,271.25
comayagua,2012-01-26,10.735,14.25,272.25
ocotepeque,2012-01-26,12.281,14.25,270.75
copan,2012-01-26,12.254,14.75,271.25
comayagua,2012-01-27,16.907,14.25,272.25
ocotepeque,2012-01-27,17.003,14.25,270.75
copan,2012-01-27,16.464,14.75,271.25
comayagua,2012-01-28,15.969,14.25,272.25
ocotepeque,2012-01-28,14.342,14.25,270.75
copan,2012-01-28,12.466,14.75,271.25
comayagua,2012-01-29,17.328,14.25,272.25
ocotepeque,2012-01-29,16.783,14.25,270.75
copan,2012-01-29,16.221,14.75,271.25
comayagua,2012-01-30,16.717,14.25,272.25
ocotepeque,2012-01-30,14.95,14.25,270.75
copan,2012-01-30,13.573,14.75,271.25
comayagua,2012-01-31,17.077,14.25,272.25
ocotepeque,2012-01-31,14.999,14.25,270.75
copan,2012-01-31,13.904,14.75,271.25
comayagua,2012-02-01,17.209,14.25,272.25
ocotepeque,2012-02-01,15.817,14.25,270.75
copan,2012-02-01,14.403,14.75,271.25
comayagua,2012-02-02,17.753,14.25,272.25
ocotepeque,2012-02-02,16.888,14.25,270.75
copan,2012-02-02,15.741,14.75,271.25
comayagua,2012-02-03,17.277,14.25,272.25
ocotepeque,2012-02-03,16.894,14.25,270.75
copan,2012-02-03,15.396,14.75,271.25
comayagua,2012-02-04,16.516,14.25,272.25
ocotepeque,2012-02-04,15.016,14.25,270.75
copan,2012-02-04,13.576,14.75,271.25
comayagua,2012-02-05,16.983,14.25,272.25
ocotepeque,2012-02-05,16.312,14.25,270.75
copan,2012-02-05,15.12,14.75,271.25
comayagua,2012-02-06,17.432,14.25,272.25
ocotepeque,2012-02-06,15.852,14.25,270.75
copan,2012-02-06,14.613,14.75,271.25
comayagua,2012-02-07,17.805,14.25,272.25
ocotepeque,2012-02-07,16.221,14.25,270.75
copan,2012-02-07,15.136,14.75,271.25
comayagua,2012-02-08,17.524,14.25,272.25
ocotepeque,2012-02-08,16.276,14.25,270.75
copan,2012-02-08,14.812,14.75,271.25
comayagua,2012-02-09,17.356,14.25,272.25
ocotepeque,2012-02-09,16.047,14.25,270.75
copan,2012-02-09,14.56,14.75,271.25
comayagua,2012-02-10,17.224,14.25,272.25
ocotepeque,2012-02-10,17.297,14.25,270.75
copan,2012-02-10,16.069,14.75,271.25
comayagua,2012-02-11,17.242,14.25,272.25
ocotepeque,2012-02-11,15.59,14.25,270.75
copan,2012-02-11,13.578,14.75,271.25
comayagua,2012-02-12,17.789,14.25,272.25
ocotepeque,2012-02-12,16.285,14.25,270.75
copan,2012-02-12,14.546,14.75,271.25
comayagua,2012-02-13,17.54,14.25,272.25
ocotepeque,2012-02-13,16.012,14.25,270.75
copan,2012-02-13,14.165,14.75,271.25
comayagua,2012-02-14,16.186,14.25,272.25
ocotepeque,2012-02-14,15.77,14.25,270.75
copan,2012-02-14,15.113,14.75,271.25
comayagua,2012-02-15,16.338,14.25,272.25
ocotepeque,2012-02-15,16.534,14.25,270.75
copan,2012-02-15,15.451,14.75,271.25
comayagua,2012-02-16,16.885,14.25,272.25
ocotepeque,2012-02-16,15.868,14.25,270.75
copan,2012-02-16,14.589,14.75,271.25
comayagua,2012-02-17,17.273,14.25,272.25
ocotepeque,2012-02-17,18.305,14.25,270.75
copan,2012-02-17,15.295,14.75,271.25
comayagua,2012-02-18,19.101,14.25,272.25
ocotepeque,2012-02-18,22.004,14.25,270.75
copan,2012-02-18,16.453,14.75,271.25
comayagua,2012-02-19,13.98,14.25,272.25
ocotepeque,2012-02-19,15.648,14.25,270.75
copan,2012-02-19,15.036,14.75,271.25
comayagua,2012-02-20,16.489,14.25,272.25
ocotepeque,2012-02-20,16.077,14.25,270.75
copan,2012-02-20,14.657,14.75,271.25
comayagua,2012-02-21,17.958,14.25,272.25
ocotepeque,2012-02-21,22.053,14.25,270.75
copan,2012-02-21,16.488,14.75,271.25
comayagua,2012-02-22,17.932,14.25,272.25
ocotepeque,2012-02-22,22.173,14.25,270.75
copan,2012-02-22,14.835,14.75,271.25
comayagua,2012-02-23,12.837,14.25,272.25
ocotepeque,2012-02-23,20.368,14.25,270.75
copan,2012-02-23,14.67,14.75,271.25
comayagua,2012-02-24,14.784,14.25,272.25
ocotepeque,2012-02-24,19.702,14.25,270.75
copan,2012-02-24,11.924,14.75,271.25
comayagua,2012-02-25,14.622,14.25,272.25
ocotepeque,2012-02-25,15.355,14.25,270.75
copan,2012-02-25,12.213,14.75,271.25
comayagua,2012-02-26,16.752,14.25,272.25
ocotepeque,2012-02-26,21.774,14.25,270.75
copan,2012-02-26,15.319,14.75,271.25
comayagua,2012-02-27,18.746,14.25,272.25
ocotepeque,2012-02-27,23.657,14.25,270.75
copan,2012-02-27,14.622,14.75,271.25
comayagua,2012-02-28,18.54,14.25,272.25
ocotepeque,2012-02-28,21.44,14.25,270.75
copan,2012-02-28,14.878,14.75,271.25
comayagua,2012-02-29,16.404,14.25,272.25
ocotepeque,2012-02-29,22.133,14.25,270.75
copan,2012-02-29,13.088,14.75,271.25
comayagua,2012-03-01,16.293,14.25,272.25
ocotepeque,2012-03-01,20.716,14.25,270.75
copan,2012-03-01,12.957,14.75,271.25
comayagua,2012-03-02,15.549,14.25,272.25
ocotepeque,2012-03-02,16.055,14.25,270.75
copan,2012-03-02,10.831,14.75,271.25
comayagua,2012-03-03,12.148,14.25,272.25
ocotepeque,2012-03-03,11.79,14.25,270.75
copan,2012-03-03,10.941,14.75,271.25
comayagua,2012-03-04,16.555,14.25,272.25
ocotepeque,2012-03-04,17.019,14.25,270.75
copan,2012-03-04,15.973,14.75,271.25
comayagua,2012-03-05,16.681,14.25,272.25
ocotepeque,2012-03-05,15.047,14.25,270.75
copan,2012-03-05,13.18,14.75,271.25
comayagua,2012-03-06,15.722,14.25,272.25
ocotepeque,2012-03-06,14.767,14.25,270.75
copan,2012-03-06,12.894,14.75,271.25
comayagua,2012-03-07,16.442,14.25,272.25
ocotepeque,2012-03-07,15.785,14.25,270.75
copan,2012-03-07,14.057,14.75,271.25
comayagua,2012-03-08,16.598,14.25,272.25
ocotepeque,2012-03-08,14.395,14.25,270.75
copan,2012-03-08,12.913,14.75,271.25
comayagua,2012-03-09,16.178,14.25,272.25
ocotepeque,2012-03-09,15.483,14.25,270.75
copan,2012-03-09,15.147,14.75,271.25
comayagua,2012-03-10,17.137,14.25,272.25
ocotepeque,2012-03-10,17.034,14.25,270.75
copan,2012-03-10,15.692,14.75,271.25
comayagua,2012-03-11,17.761,14.25,272.25
ocotepeque,2012-03-11,16.848,14.25,270.75
copan,2012-03-11,15.629,14.75,271.25
comayagua,2012-03-12,16.728,14.25,272.25
ocotepeque,2012-03-12,15.748,14.25,270.75
copan,2012-03-12,14.538,14.75,271.25
comayagua,2012-03-13,17.446,14.25,272.25
ocotepeque,2012-03-13,15.775,14.25,270.75
copan,2012-03-13,14.471,14.75,271.25
comayagua,2012-03-14,17.908,14.25,272.25
ocotepeque,2012-03-14,16.93,14.25,270.75
copan,2012-03-14,15.69,14.75,271.25
comayagua,2012-03-15,17.887,14.25,272.25
ocotepeque,2012-03-15,16.744,14.25,270.75
copan,2012-03-15,15.536,14.75,271.25
comayagua,2012-03-16,16.04,14.25,272.25
ocotepeque,2012-03-16,14.664,14.25,270.75
copan,2012-03-16,12.894,14.75,271.25
comayagua,2012-03-17,15.852,14.25,272.25
ocotepeque,2012-03-17,15.074,14.25,270.75
copan,2012-03-17,13.611,14.75,271.25
comayagua,2012-03-18,16.993,14.25,272.25
ocotepeque,2012-03-18,15.468,14.25,270.75
copan,2012-03-18,13.831,14.75,271.25
comayagua,2012-03-19,16.803,14.25,272.25
ocotepeque,2012-03-19,15.634,14.25,270.75
copan,2012-03-19,14.524,14.75,271.25
comayagua,2012-03-20,17.928,14.25,272.25
ocotepeque,2012-03-20,17.638,14.25,270.75
copan,2012-03-20,15.878,14.75,271.25
comayagua,2012-03-21,15.962,14.25,272.25
ocotepeque,2012-03-21,15.51,14.25,270.75
copan,2012-03-21,14.497,14.75,271.25
comayagua,2012-03-22,15.479,14.25,272.25
ocotepeque,2012-03-22,16.189,14.25,270.75
copan,2012-03-22,15.398,14.75,271.25
comayagua,2012-03-23,16.214,14.25,272.25
ocotepeque,2012-03-23,15.792,14.25,270.75
copan,2012-03-23,14.49,14.75,271.25
comayagua,2012-03-24,16.445,14.25,272.25
ocotepeque,2012-03-24,15.152,14.25,270.75
copan,2012-03-24,13.187,14.75,271.25
comayagua,2012-03-25,15.811,14.25,272.25
ocotepeque,2012-03-25,14.714,14.25,270.75
copan,2012-03-25,12.945,14.75,271.25
comayagua,2012-03-26,15.655,14.25,272.25
ocotepeque,2012-03-26,14.147,14.25,270.75
copan,2012-03-26,12.491,14.75,271.25
comayagua,2012-03-27,13.976,14.25,272.25
ocotepeque,2012-03-27,12.273,14.25,270.75
copan,2012-03-27,10.913,14.75,271.25
comayagua,2012-03-28,17.088,14.25,272.25
ocotepeque,2012-03-28,14.74,14.25,270.75
copan,2012-03-28,12.682,14.75,271.25
comayagua,2012-03-29,15.257,14.25,272.25
ocotepeque,2012-03-29,13.795,14.25,270.75
copan,2012-03-29,12.752,14.75,271.25
comayagua,2012-03-30,17.32,14.25,272.25
ocotepeque,2012-03-30,17.718,14.25,270.75
copan,2012-03-30,16.741,14.75,271.25
comayagua,2012-03-31,17.605,14.25,272.25
ocotepeque,2012-03-31,16.678,14.25,270.75
copan,2012-03-31,15.083,14.75,271.25
comayagua,2012-04-01,17.805,14.25,272.25
ocotepeque,2012-04-01,17.225,14.25,270.75
copan,2012-04-01,15.337,14.75,271.25
comayagua,2012-04-02,16.688,14.25,272.25
ocotepeque,2012-04-02,16.071,14.25,270.75
copan,2012-04-02,14.397,14.75,271.25
comayagua,2012-04-03,16.211,14.25,272.25
ocotepeque,2012-04-03,17.317,14.25,270.75
copan,2012-04-03,16.375,14.75,271.25
comayagua,2012-04-04,15.121,14.25,272.25
ocotepeque,2012-04-04,15.218,14.25,270.75
copan,2012-04-04,14.055,14.75,271.25
comayagua,2012-04-05,17.798,14.25,272.25
ocotepeque,2012-04-05,18.159,14.25,270.75
copan,2012-04-05,16.791,14.75,271.25
comayagua,2012-04-06,16.862,14.25,272.25
ocotepeque,2012-04-06,18.38,14.25,270.75
copan,2012-04-06,16.916,14.75,271.25
comayagua,2012-04-07,14.373,14.25,272.25
ocotepeque,2012-04-07,16.562,14.25,270.75
copan,2012-04-07,15.48,14.75,271.25
comayagua,2012-04-08,20.082,14.25,272.25
ocotepeque,2012-04-08,18.591,14.25,270.75
copan,2012-04-08,15.859,14.75,271.25
comayagua,2012-04-09,15.293,14.25,272.25
ocotepeque,2012-04-09,14.371,14.25,270.75
copan,2012-04-09,12.983,14.75,271.25
comayagua,2012-04-10,15.435,14.25,272.25
ocotepeque,2012-04-10,16.191,14.25,270.75
copan,2012-04-10,14.778,14.75,271.25
comayagua,2012-04-11,14.848,14.25,272.25
ocotepeque,2012-04-11,14.381,14.25,270.75
copan,2012-04-11,12.637,14.75,271.25
comayagua,2012-04-12,14.75,14.25,272.25
ocotepeque,2012-04-12,14.186,14.25,270.75
copan,2012-04-12,12.261,14.75,271.25
comayagua,2012-04-13,14.882,14.25,272.25
ocotepeque,2012-04-13,14.613,14.25,270.75
copan,2012-04-13,12.201,14.75,271.25
comayagua,2012-04-14,17.574,14.25,272.25
ocotepeque,2012-04-14,17.465,14.25,270.75
copan,2012-04-14,16.377,14.75,271.25
comayagua,2012-04-15,18.415,14.25,272.25
ocotepeque,2012-04-15,17.97,14.25,270.75
copan,2012-04-15,16.586,14.75,271.25
comayagua,2012-04-16,19.647,14.25,272.25
ocotepeque,2012-04-16,19.348,14.25,270.75
copan,2012-04-16,16.954,14.75,271.25
comayagua,2012-04-17,18.387,14.25,272.25
ocotepeque,2012-04-17,18.466,14.25,270.75
copan,2012-04-17,16.719,14.75,271.25
comayagua,2012-04-18,17.69,14.25,272.25
ocotepeque,2012-04-18,18.281,14.25,270.75
copan,2012-04-18,16.641,14.75,271.25
comayagua,2012-04-19,16.92,14.25,272.25
ocotepeque,2012-04-19,17.729,14.25,270.75
copan,2012-04-19,16.719,14.75,271.25
comayagua,2012-04-20,16.117,14.25,272.25
ocotepeque,2012-04-20,15.796,14.25,270.75
copan,2012-04-20,14.702,14.75,271.25
comayagua,2012-04-21,16.261,14.25,272.25
ocotepeque,2012-04-21,18.592,14.25,270.75
copan,2012-04-21,17.925,14.75,271.25
comayagua,2012-04-22,17.26,14.25,272.25
ocotepeque,2012-04-22,17.988,14.25,270.75
copan,2012-04-22,16.547,14.75,271.25
comayagua,2012-04-23,14.049,14.25,272.25
ocotepeque,2012-04-23,14.011,14.25,270.75
copan,2012-04-23,11.328,14.75,271.25
comayagua,2012-04-24,14.643,14.25,272.25
ocotepeque,2012-04-24,15.724,14.25,270.75
copan,2012-04-24,14.569,14.75,271.25
comayagua,2012-04-25,12.436,14.25,272.25
ocotepeque,2012-04-25,11.98,14.25,270.75
copan,2012-04-25,10.196,14.75,271.25
comayagua,2012-04-26,18.33,14.25,272.25
ocotepeque,2012-04-26,14.446,14.25,270.75
copan,2012-04-26,10.608,14.75,271.25
comayagua,2012-04-27,18.326,14.25,272.25
ocotepeque,2012-04-27,15.566,14.25,270.75
copan,2012-04-27,11.896,14.75,271.25
comayagua,2012-04-28,14.115,14.25,272.25
ocotepeque,2012-04-28,14.658,14.25,270.75
copan,2012-04-28,13.869,14.75,271.25
comayagua,2012-04-29,13.284,14.25,272.25
ocotepeque,2012-04-29,21.619,14.25,270.75
copan,2012-04-29,15.337,14.75,271.25
comayagua,2012-04-30,17.907,14.25,272.25
ocotepeque,2012-04-30,18.346,14.25,270.75
copan,2012-04-30,17.261,14.75,271.25
comayagua,2012-05-01,17.045,14.25,272.25
ocotepeque,2012-05-01,25.149,14.25,270.75
copan,2012-05-01,16.168,14.75,271.25
comayagua,2012-05-02,17.109,14.25,272.25
ocotepeque,2012-05-02,17.925,14.25,270.75
copan,2012-05-02,16.743,14.75,271.25
comayagua,2012-05-03,19.039,14.25,272.25
ocotepeque,2012-05-03,18.414,14.25,270.75
copan,2012-05-03,16.973,14.75,271.25
comayagua,2012-05-04,16.905,14.25,272.25
ocotepeque,2012-05-04,16.886,14.25,270.75
copan,2012-05-04,15.94,14.75,271.25
comayagua,2012-05-05,17.364,14.25,272.25
ocotepeque,2012-05-05,19.282,14.25,270.75
copan,2012-05-05,16.968,14.75,271.25
comayagua,2012-05-06,17.122,14.25,272.25
ocotepeque,2012-05-06,16.569,14.25,270.75
copan,2012-05-06,14.911,14.75,271.25
comayagua,2012-05-07,16.057,14.25,272.25
ocotepeque,2012-05-07,16.432,14.25,270.75
copan,2012-05-07,15.061,14.75,271.25
comayagua,2012-05-08,16.337,14.25,272.25
ocotepeque,2012-05-08,16.001,14.25,270.75
copan,2012-05-08,15.369,14.75,271.25
comayagua,2012-05-09,18.069,14.25,272.25
ocotepeque,2012-05-09,18.181,14.25,270.75
copan,2012-05-09,16.823,14.75,271.25
comayagua,2012-05-10,16.038,14.25,272.25
ocotepeque,2012-05-10,15.809,14.25,270.75
copan,2012-05-10,14.656,14.75,271.25
comayagua,2012-05-11,16.706,14.25,272.25
ocotepeque,2012-05-11,17.41,14.25,270.75
copan,2012-05-11,16.301,14.75,271.25
comayagua,2012-05-12,16.715,14.25,272.25
ocotepeque,2012-05-12,18.931,14.25,270.75
copan,2012-05-12,18.2,14.75,271.25
comayagua,2012-05-13,18.112,14.25,272.25
ocotepeque,2012-05-13,18.423,14.25,270.75
copan,2012-05-13,17.997,14.75,271.25
comayagua,2012-05-14,18.876,14.25,272.25
ocotepeque,2012-05-14,19.006,14.25,270.75
copan,2012-05-14,18.17,14.75,271.25
comayagua,2012-05-15,18.255,14.25,272.25
ocotepeque,2012-05-15,18.861,14.25,270.75
copan,2012-05-15,18.319,14.75,271.25
comayagua,2012-05-16,17.873,14.25,272.25
ocotepeque,2012-05-16,17.921,14.25,270.75
copan,2012-05-16,17.327,14.75,271.25
comayagua,2012-05-17,17.484,14.25,272.25
ocotepeque,2012-05-17,18.343,14.25,270.75
copan,2012-05-17,17.708,14.75,271.25
comayagua,2012-05-18,19.011,14.25,272.25
ocotepeque,2012-05-18,18.901,14.25,270.75
copan,2012-05-18,17.94,14.75,271.25
comayagua,2012-05-19,18.36,14.25,272.25
ocotepeque,2012-05-19,18.434,14.25,270.75
copan,2012-05-19,17.77,14.75,271.25
comayagua,2012-05-20,17.851,14.25,272.25
ocotepeque,2012-05-20,23.733,14.25,270.75
copan,2012-05-20,17.527,14.75,271.25
comayagua,2012-05-21,17.802,14.25,272.25
ocotepeque,2012-05-21,18.299,14.25,270.75
copan,2012-05-21,17.259,14.75,271.25
comayagua,2012-05-22,18.468,14.25,272.25
ocotepeque,2012-05-22,18.909,14.25,270.75
copan,2012-05-22,18.24,14.75,271.25
comayagua,2012-05-23,18.599,14.25,272.25
ocotepeque,2012-05-23,18.967,14.25,270.75
copan,2012-05-23,17.732,14.75,271.25
comayagua,2012-05-24,17.675,14.25,272.25
ocotepeque,2012-05-24,17.587,14.25,270.75
copan,2012-05-24,16.368,14.75,271.25
comayagua,2012-05-25,18.077,14.25,272.25
ocotepeque,2012-05-25,18.359,14.25,270.75
copan,2012-05-25,17.282,14.75,271.25
comayagua,2012-05-26,17.909,14.25,272.25
ocotepeque,2012-05-26,18.65,14.25,270.75
copan,2012-05-26,17.583,14.75,271.25
comayagua,2012-05-27,16.749,14.25,272.25
ocotepeque,2012-05-27,17.456,14.25,270.75
copan,2012-05-27,16.672,14.75,271.25
comayagua,2012-05-28,17.804,14.25,272.25
ocotepeque,2012-05-28,17.891,14.25,270.75
copan,2012-05-28,17.318,14.75,271.25
comayagua,2012-05-29,17.065,14.25,272.25
ocotepeque,2012-05-29,16.662,14.25,270.75
copan,2012-05-29,15.745,14.75,271.25
comayagua,2012-05-30,16.143,14.25,272.25
ocotepeque,2012-05-30,16.273,14.25,270.75
copan,2012-05-30,15.418,14.75,271.25
comayagua,2012-05-31,17.082,14.25,272.25
ocotepeque,2012-05-31,16.798,14.25,270.75
copan,2012-05-31,15.79,14.75,271.25
comayagua,2012-06-01,17.64,14.25,272.25
ocotepeque,2012-06-01,17.347,14.25,270.75
copan,2012-06-01,17.041,14.75,271.25
comayagua,2012-06-02,22.202,14.25,272.25
ocotepeque,2012-06-02,20.892,14.25,270.75
copan,2012-06-02,20.996,14.75,271.25
comayagua,2012-06-03,17.816,14.25,272.25
ocotepeque,2012-06-03,17.759,14.25,270.75
copan,2012-06-03,17.722,14.75,271.25
comayagua,2012-06-04,18.572,14.25,272.25
ocotepeque,2012-06-04,17.524,14.25,270.75
copan,2012-06-04,17.333,14.75,271.25
comayagua,2012-06-05,18.198,14.25,272.25
ocotepeque,2012-06-05,17.716,14.25,270.75
copan,2012-06-05,16.935,14.75,271.25
comayagua,2012-06-06,18.103,14.25,272.25
ocotepeque,2012-06-06,17.771,14.25,270.75
copan,2012-06-06,17.541,14.75,271.25
comayagua,2012-06-07,17.568,14.25,272.25
ocotepeque,2012-06-07,19.079,14.25,270.75
copan,2012-06-07,17.048,14.75,271.25
comayagua,2012-06-08,17.621,14.25,272.25
ocotepeque,2012-06-08,18.941,14.25,270.75
copan,2012-06-08,19.493,14.75,271.25
comayagua,2012-06-09,17.078,14.25,272.25
ocotepeque,2012-06-09,19.092,14.25,270.75
copan,2012-06-09,19.086,14.75,271.25
comayagua,2012-06-10,18.028,14.25,272.25
ocotepeque,2012-06-10,17.424,14.25,270.75
copan,2012-06-10,17.101,14.75,271.25
comayagua,2012-06-11,18.2,14.25,272.25
ocotepeque,2012-06-11,18.525,14.25,270.75
copan,2012-06-11,18.603,14.75,271.25
comayagua,2012-06-12,17.332,14.25,272.25
ocotepeque,2012-06-12,17.64,14.25,270.75
copan,2012-06-12,17.613,14.75,271.25
comayagua,2012-06-13,17.334,14.25,272.25
ocotepeque,2012-06-13,17.901,14.25,270.75
copan,2012-06-13,17.638,14.75,271.25
comayagua,2012-06-14,18.143,14.25,272.25
ocotepeque,2012-06-14,20.728,14.25,270.75
copan,2012-06-14,17.869,14.75,271.25
comayagua,2012-06-15,16.978,14.25,272.25
ocotepeque,2012-06-15,17.217,14.25,270.75
copan,2012-06-15,17.03,14.75,271.25
comayagua,2012-06-16,17.382,14.25,272.25
ocotepeque,2012-06-16,17.32,14.25,270.75
copan,2012-06-16,16.929,14.75,271.25
comayagua,2012-06-17,17.946,14.25,272.25
ocotepeque,2012-06-17,18.259,14.25,270.75
copan,2012-06-17,18.343,14.75,271.25
comayagua,2012-06-18,17.769,14.25,272.25
ocotepeque,2012-06-18,17.961,14.25,270.75
copan,2012-06-18,17.695,14.75,271.25
comayagua,2012-06-19,18.066,14.25,272.25
ocotepeque,2012-06-19,17.437,14.25,270.75
copan,2012-06-19,16.819,14.75,271.25
comayagua,2012-06-20,17.589,14.25,272.25
ocotepeque,2012-06-20,18.303,14.25,270.75
copan,2012-06-20,18.218,14.75,271.25
comayagua,2012-06-21,17.518,14.25,272.25
ocotepeque,2012-06-21,18.511,14.25,270.75
copan,2012-06-21,18.322,14.75,271.25
comayagua,2012-06-22,18.548,14.25,272.25
ocotepeque,2012-06-22,19.564,14.25,270.75
copan,2012-06-22,17.34,14.75,271.25
comayagua,2012-06-23,18.757,14.25,272.25
ocotepeque,2012-06-23,18.628,14.25,270.75
copan,2012-06-23,18.549,14.75,271.25
comayagua,2012-06-24,15.842,14.25,272.25
ocotepeque,2012-06-24,16.292,14.25,270.75
copan,2012-06-24,16.04,14.75,271.25
comayagua,2012-06-25,15.907,14.25,272.25
ocotepeque,2012-06-25,17.261,14.25,270.75
copan,2012-06-25,17.509,14.75,271.25
comayagua,2012-06-26,16.323,14.25,272.25
ocotepeque,2012-06-26,17.687,14.25,270.75
copan,2012-06-26,17.88,14.75,271.25
comayagua,2012-06-27,16.336,14.25,272.25
ocotepeque,2012-06-27,16.754,14.25,270.75
copan,2012-06-27,16.447,14.75,271.25
comayagua,2012-06-28,16.46,14.25,272.25
ocotepeque,2012-06-28,16.867,14.25,270.75
copan,2012-06-28,17.015,14.75,271.25
comayagua,2012-06-29,17.171,14.25,272.25
ocotepeque,2012-06-29,16.647,14.25,270.75
copan,2012-06-29,16.338,14.75,271.25
comayagua,2012-06-30,16.822,14.25,272.25
ocotepeque,2012-06-30,17.148,14.25,270.75
copan,2012-06-30,17.096,14.75,271.25
comayagua,2012-07-01,17.372,14.25,272.25
ocotepeque,2012-07-01,15.962,14.25,270.75
copan,2012-07-01,15.716,14.75,271.25
comayagua,2012-07-02,16.149,14.25,272.25
ocotepeque,2012-07-02,16.466,14.25,270.75
copan,2012-07-02,16.213,14.75,271.25
comayagua,2012-07-03,17.231,14.25,272.25
ocotepeque,2012-07-03,16.396,14.25,270.75
copan,2012-07-03,15.519,14.75,271.25
comayagua,2012-07-04,18.204,14.25,272.25
ocotepeque,2012-07-04,19.565,14.25,270.75
copan,2012-07-04,20.375,14.75,271.25
comayagua,2012-07-05,17.11,14.25,272.25
ocotepeque,2012-07-05,15.758,14.25,270.75
copan,2012-07-05,15.433,14.75,271.25
comayagua,2012-07-06,17.188,14.25,272.25
ocotepeque,2012-07-06,16.578,14.25,270.75
copan,2012-07-06,15.798,14.75,271.25
comayagua,2012-07-07,17.573,14.25,272.25
ocotepeque,2012-07-07,16.95,14.25,270.75
copan,2012-07-07,16.242,14.75,271.25
comayagua,2012-07-08,17.875,14.25,272.25
ocotepeque,2012-07-08,17.083,14.25,270.75
copan,2012-07-08,16.463,14.75,271.25
comayagua,2012-07-09,16.948,14.25,272.25
ocotepeque,2012-07-09,17.079,14.25,270.75
copan,2012-07-09,16.835,14.75,271.25
comayagua,2012-07-10,18.158,14.25,272.25
ocotepeque,2012-07-10,18.31,14.25,270.75
copan,2012-07-10,18.021,14.75,271.25
comayagua,2012-07-11,17.218,14.25,272.25
ocotepeque,2012-07-11,17.551,14.25,270.75
copan,2012-07-11,16.351,14.75,271.25
comayagua,2012-07-12,15.594,14.25,272.25
ocotepeque,2012-07-12,16.786,14.25,270.75
copan,2012-07-12,16.814,14.75,271.25
comayagua,2012-07-13,15.769,14.25,272.25
ocotepeque,2012-07-13,16.095,14.25,270.75
copan,2012-07-13,15.526,14.75,271.25
comayagua,2012-07-14,19.607,14.25,272.25
ocotepeque,2012-07-14,18.725,14.25,270.75
copan,2012-07-14,16.911,14.75,271.25
comayagua,2012-07-15,17.885,14.25,272.25
ocotepeque,2012-07-15,17.696,14.25,270.75
copan,2012-07-15,16.495,14.75,271.25
comayagua,2012-07-16,20.403,14.25,272.25
ocotepeque,2012-07-16,18.013,14.25,270.75
copan,2012-07-16,16.933,14.75,271.25
comayagua,2012-07-17,18.452,14.25,272.25
ocotepeque,2012-07-17,19.695,14.25,270.75
copan,2012-07-17,19.118,14.75,271.25
comayagua,2012-07-18,19.465,14.25,272.25
ocotepeque,2012-07-18,17.624,14.25,270.75
copan,2012-07-18,16.636,14.75,271.25
comayagua,2012-07-19,20.273,14.25,272.25
ocotepeque,2012-07-19,18.524,14.25,270.75
copan,2012-07-19,17.784,14.75,271.25
comayagua,2012-07-20,18.743,14.25,272.25
ocotepeque,2012-07-20,18.034,14.25,270.75
copan,2012-07-20,17.541,14.75,271.25
comayagua,2012-07-21,18.32,14.25,272.25
ocotepeque,2012-07-21,18.126,14.25,270.75
copan,2012-07-21,17.384,14.75,271.25
comayagua,2012-07-22,17.85,14.25,272.25
ocotepeque,2012-07-22,18.079,14.25,270.75
copan,2012-07-22,17.807,14.75,271.25
comayagua,2012-07-23,17.491,14.25,272.25
ocotepeque,2012-07-23,16.927,14.25,270.75
copan,2012-07-23,16.386,14.75,271.25
comayagua,2012-07-24,18.355,14.25,272.25
ocotepeque,2012-07-24,18.237,14.25,270.75
copan,2012-07-24,17.668,14.75,271.25
comayagua,2012-07-25,17.901,14.25,272.25
ocotepeque,2012-07-25,18.468,14.25,270.75
copan,2012-07-25,18.108,14.75,271.25
comayagua,2012-07-26,18.478,14.25,272.25
ocotepeque,2012-07-26,18.058,14.25,270.75
copan,2012-07-26,17.478,14.75,271.25
comayagua,2012-07-27,19.737,14.25,272.25
ocotepeque,2012-07-27,18.645,14.25,270.75
copan,2012-07-27,17.953,14.75,271.25
comayagua,2012-07-28,17.416,14.25,272.25
ocotepeque,2012-07-28,17.927,14.25,270.75
copan,2012-07-28,17.418,14.75,271.25
comayagua,2012-07-29,16.987,14.25,272.25
ocotepeque,2012-07-29,16.757,14.25,270.75
copan,2012-07-29,15.881,14.75,271.25
comayagua,2012-07-30,17.214,14.25,272.25
ocotepeque,2012-07-30,18.235,14.25,270.75
copan,2012-07-30,18.016,14.75,271.25
comayagua,2012-07-31,15.696,14.25,272.25
ocotepeque,2012-07-31,15.16,14.25,270.75
copan,2012-07-31,13.953,14.75,271.25
comayagua,2012-08-01,17.821,14.25,272.25
ocotepeque,2012-08-01,18.234,14.25,270.75
copan,2012-08-01,17.903,14.75,271.25
comayagua,2012-08-02,17.114,14.25,272.25
ocotepeque,2012-08-02,18.093,14.25,270.75
copan,2012-08-02,18.056,14.75,271.25
comayagua,2012-08-03,18.14,14.25,272.25
ocotepeque,2012-08-03,17.65,14.25,270.75
copan,2012-08-03,17.329,14.75,271.25
comayagua,2012-08-04,18.415,14.25,272.25
ocotepeque,2012-08-04,18.047,14.25,270.75
copan,2012-08-04,17.888,14.75,271.25
comayagua,2012-08-05,16.322,14.25,272.25
ocotepeque,2012-08-05,17.155,14.25,270.75
copan,2012-08-05,17.022,14.75,271.25
comayagua,2012-08-06,18.324,14.25,272.25
ocotepeque,2012-08-06,16.448,14.25,270.75
copan,2012-08-06,15.418,14.75,271.25
comayagua,2012-08-07,18.185,14.25,272.25
ocotepeque,2012-08-07,18.392,14.25,270.75
copan,2012-08-07,18.253,14.75,271.25
comayagua,2012-08-08,17.832,14.25,272.25
ocotepeque,2012-08-08,18.451,14.25,270.75
copan,2012-08-08,18.21,14.75,271.25
comayagua,2012-08-09,17.654,14.25,272.25
ocotepeque,2012-08-09,17.85,14.25,270.75
copan,2012-08-09,17.482,14.75,271.25
comayagua,2012-08-10,17.584,14.25,272.25
ocotepeque,2012-08-10,17.493,14.25,270.75
copan,2012-08-10,16.837,14.75,271.25
comayagua,2012-08-11,17.639,14.25,272.25
ocotepeque,2012-08-11,17.071,14.25,270.75
copan,2012-08-11,16.861,14.75,271.25
comayagua,2012-08-12,16.551,14.25,272.25
ocotepeque,2012-08-12,17.266,14.25,270.75
copan,2012-08-12,16.97,14.75,271.25
comayagua,2012-08-13,19.522,14.25,272.25
ocotepeque,2012-08-13,17.984,14.25,270.75
copan,2012-08-13,16.452,14.75,271.25
comayagua,2012-08-14,15.944,14.25,272.25
ocotepeque,2012-08-14,17.362,14.25,270.75
copan,2012-08-14,16.892,14.75,271.25
comayagua,2012-08-15,17.961,14.25,272.25
ocotepeque,2012-08-15,17.279,14.25,270.75
copan,2012-08-15,16.63,14.75,271.25
comayagua,2012-08-16,17.707,14.25,272.25
ocotepeque,2012-08-16,17.354,14.25,270.75
copan,2012-08-16,16.538,14.75,271.25
comayagua,2012-08-17,17.33,14.25,272.25
ocotepeque,2012-08-17,17.695,14.25,270.75
copan,2012-08-17,17.254,14.75,271.25
comayagua,2012-08-18,15.573,14.25,272.25
ocotepeque,2012-08-18,16.028,14.25,270.75
copan,2012-08-18,15.475,14.75,271.25
comayagua,2012-08-19,16.091,14.25,272.25
ocotepeque,2012-08-19,16.343,14.25,270.75
copan,2012-08-19,15.632,14.75,271.25
comayagua,2012-08-20,15.829,14.25,272.25
ocotepeque,2012-08-20,16.532,14.25,270.75
copan,2012-08-20,16.372,14.75,271.25
comayagua,2012-08-21,17.83,14.25,272.25
ocotepeque,2012-08-21,17.02,14.25,270.75
copan,2012-08-21,16.739,14.75,271.25
comayagua,2012-08-22,17.116,14.25,272.25
ocotepeque,2012-08-22,16.476,14.25,270.75
copan,2012-08-22,15.874,14.75,271.25
comayagua,2012-08-23,17.749,14.25,272.25
ocotepeque,2012-08-23,18.576,14.25,270.75
copan,2012-08-23,18.392,14.75,271.25
comayagua,2012-08-24,17.441,14.25,272.25
ocotepeque,2012-08-24,18.336,14.25,270.75
copan,2012-08-24,18.11,14.75,271.25
comayagua,2012-08-25,16.173,14.25,272.25
ocotepeque,2012-08-25,16.407,14.25,270.75
copan,2012-08-25,16.162,14.75,271.25
comayagua,2012-08-26,15.781,14.25,272.25
ocotepeque,2012-08-26,16.534,14.25,270.75
copan,2012-08-26,17.075,14.75,271.25
comayagua,2012-08-27,16.522,14.25,272.25
ocotepeque,2012-08-27,17.361,14.25,270.75
copan,2012-08-27,17.16,14.75,271.25
comayagua,2012-08-28,18.44,14.25,272.25
ocotepeque,2012-08-28,17.711,14.25,270.75
copan,2012-08-28,17.242,14.75,271.25
comayagua,2012-08-29,17.096,14.25,272.25
ocotepeque,2012-08-29,17.016,14.25,270.75
copan,2012-08-29,16.642,14.75,271.25
comayagua,2012-08-30,16.952,14.25,272.25
ocotepeque,2012-08-30,17.153,14.25,270.75
copan,2012-08-30,16.439,14.75,271.25
comayagua,2012-08-31,16.587,14.25,272.25
ocotepeque,2012-08-31,16.548,14.25,270.75
copan,2012-08-31,16.421,14.75,271.25
comayagua,2012-09-01,17.454,14.25,272.25
ocotepeque,2012-09-01,16.731,14.25,270.75
copan,2012-09-01,16.546,14.75,271.25
comayagua,2012-09-02,17.461,14.25,272.25
ocotepeque,2012-09-02,17.63,14.25,270.75
copan,2012-09-02,17.355,14.75,271.25
comayagua,2012-09-03,15.616,14.25,272.25
ocotepeque,2012-09-03,15.953,14.25,270.75
copan,2012-09-03,15.406,14.75,271.25
comayagua,2012-09-04,16.536,14.25,272.25
ocotepeque,2012-09-04,16.537,14.25,270.75
copan,2012-09-04,16.24,14.75,271.25
comayagua,2012-09-05,15.733,14.25,272.25
ocotepeque,2012-09-05,17.582,14.25,270.75
copan,2012-09-05,17.474,14.75,271.25
comayagua,2012-09-06,16.723,14.25,272.25
ocotepeque,2012-09-06,17.534,14.25,270.75
copan,2012-09-06,17.08,14.75,271.25
comayagua,2012-09-07,17.629,14.25,272.25
ocotepeque,2012-09-07,17.716,14.25,270.75
copan,2012-09-07,17.194,14.75,271.25
comayagua,2012-09-08,16.299,14.25,272.25
ocotepeque,2012-09-08,16.234,14.25,270.75
copan,2012-09-08,15.824,14.75,271.25
comayagua,2012-09-09,16.818,14.25,272.25
ocotepeque,2012-09-09,17.02,14.25,270.75
copan,2012-09-09,16.373,14.75,271.25
comayagua,2012-09-10,16.803,14.25,272.25
ocotepeque,2012-09-10,17.424,14.25,270.75
copan,2012-09-10,17.122,14.75,271.25
comayagua,2012-09-11,16.404,14.25,272.25
ocotepeque,2012-09-11,17.441,14.25,270.75
copan,2012-09-11,17.577,14.75,271.25
comayagua,2012-09-12,16.643,14.25,272.25
ocotepeque,2012-09-12,17.942,14.25,270.75
copan,2012-09-12,17.592,14.75,271.25
comayagua,2012-09-13,16.707,14.25,272.25
ocotepeque,2012-09-13,16.004,14.25,270.75
copan,2012-09-13,15.143,14.75,271.25
comayagua,2012-09-14,17.599,14.25,272.25
ocotepeque,2012-09-14,17.586,14.25,270.75
copan,2012-09-14,17.064,14.75,271.25
comayagua,2012-09-15,18.682,14.25,272.25
ocotepeque,2012-09-15,18.092,14.25,270.75
copan,2012-09-15,17.826,14.75,271.25
comayagua,2012-09-16,18.264,14.25,272.25
ocotepeque,2012-09-16,16.937,14.25,270.75
copan,2012-09-16,16.375,14.75,271.25
comayagua,2012-09-17,17.639,14.25,272.25
ocotepeque,2012-09-17,17.461,14.25,270.75
copan,2012-09-17,16.931,14.75,271.25
comayagua,2012-09-18,15.34,14.25,272.25
ocotepeque,2012-09-18,16.078,14.25,270.75
copan,2012-09-18,16.4,14.75,271.25
comayagua,2012-09-19,15.326,14.25,272.25
ocotepeque,2012-09-19,16.504,14.25,270.75
copan,2012-09-19,16.26,14.75,271.25
comayagua,2012-09-20,17.042,14.25,272.25
ocotepeque,2012-09-20,18.151,14.25,270.75
copan,2012-09-20,18.015,14.75,271.25
comayagua,2012-09-21,16.791,14.25,272.25
ocotepeque,2012-09-21,18.093,14.25,270.75
copan,2012-09-21,17.954,14.75,271.25
comayagua,2012-09-22,16.438,14.25,272.25
ocotepeque,2012-09-22,16.562,14.25,270.75
copan,2012-09-22,16.249,14.75,271.25
comayagua,2012-09-23,15.141,14.25,272.25
ocotepeque,2012-09-23,15.645,14.25,270.75
copan,2012-09-23,15.383,14.75,271.25
comayagua,2012-09-24,16.759,14.25,272.25
ocotepeque,2012-09-24,18.198,14.25,270.75
copan,2012-09-24,18.183,14.75,271.25
comayagua,2012-09-25,16.776,14.25,272.25
ocotepeque,2012-09-25,17.206,14.25,270.75
copan,2012-09-25,17.419,14.75,271.25
comayagua,2012-09-26,15.997,14.25,272.25
ocotepeque,2012-09-26,16.536,14.25,270.75
copan,2012-09-26,16.26,14.75,271.25
comayagua,2012-09-27,17.003,14.25,272.25
ocotepeque,2012-09-27,18.022,14.25,270.75
copan,2012-09-27,18.05,14.75,271.25
comayagua,2012-09-28,16.024,14.25,272.25
ocotepeque,2012-09-28,16.85,14.25,270.75
copan,2012-09-28,16.386,14.75,271.25
comayagua,2012-09-29,17.27,14.25,272.25
ocotepeque,2012-09-29,16.329,14.25,270.75
copan,2012-09-29,15.903,14.75,271.25
comayagua,2012-09-30,16.345,14.25,272.25
ocotepeque,2012-09-30,16.941,14.25,270.75
copan,2012-09-30,16.554,14.75,271.25
comayagua,2012-10-01,15.566,14.25,272.25
ocotepeque,2012-10-01,15.791,14.25,270.75
copan,2012-10-01,14.891,14.75,271.25
comayagua,2012-10-02,17.177,14.25,272.25
ocotepeque,2012-10-02,17.76,14.25,270.75
copan,2012-10-02,17.433,14.75,271.25
comayagua,2012-10-03,17.203,14.25,272.25
ocotepeque,2012-10-03,17.481,14.25,270.75
copan,2012-10-03,17.246,14.75,271.25
comayagua,2012-10-04,17.924,14.25,272.25
ocotepeque,2012-10-04,17.357,14.25,270.75
copan,2012-10-04,16.472,14.75,271.25
comayagua,2012-10-05,17.208,14.25,272.25
ocotepeque,2012-10-05,17.658,14.25,270.75
copan,2012-10-05,17.478,14.75,271.25
comayagua,2012-10-06,18.227,14.25,272.25
ocotepeque,2012-10-06,20.825,14.25,270.75
copan,2012-10-06,18.878,14.75,271.25
comayagua,2012-10-07,17.648,14.25,272.25
ocotepeque,2012-10-07,17.217,14.25,270.75
copan,2012-10-07,16.191,14.75,271.25
comayagua,2012-10-08,17.569,14.25,272.25
ocotepeque,2012-10-08,17.205,14.25,270.75
copan,2012-10-08,16.194,14.75,271.25
comayagua,2012-10-09,17.338,14.25,272.25
ocotepeque,2012-10-09,17.795,14.25,270.75
copan,2012-10-09,17.349,14.75,271.25
comayagua,2012-10-10,18.368,14.25,272.25
ocotepeque,2012-10-10,17.991,14.25,270.75
copan,2012-10-10,17.446,14.75,271.25
comayagua,2012-10-11,17.352,14.25,272.25
ocotepeque,2012-10-11,18.146,14.25,270.75
copan,2012-10-11,17.816,14.75,271.25
comayagua,2012-10-12,16.681,14.25,272.25
ocotepeque,2012-10-12,17.118,14.25,270.75
copan,2012-10-12,16.568,14.75,271.25
comayagua,2012-10-13,16.98,14.25,272.25
ocotepeque,2012-10-13,16.689,14.25,270.75
copan,2012-10-13,16.116,14.75,271.25
comayagua,2012-10-14,16.609,14.25,272.25
ocotepeque,2012-10-14,17.049,14.25,270.75
copan,2012-10-14,16.886,14.75,271.25
comayagua,2012-10-15,13.937,14.25,272.25
ocotepeque,2012-10-15,13.852,14.25,270.75
copan,2012-10-15,12.923,14.75,271.25
comayagua,2012-10-16,15.022,14.25,272.25
ocotepeque,2012-10-16,15.804,14.25,270.75
copan,2012-10-16,14.958,14.75,271.25
comayagua,2012-10-17,14.326,14.25,272.25
ocotepeque,2012-10-17,14.985,14.25,270.75
copan,2012-10-17,14.091,14.75,271.25
comayagua,2012-10-18,16.019,14.25,272.25
ocotepeque,2012-10-18,16.155,14.25,270.75
copan,2012-10-18,15.787,14.75,271.25
comayagua,2012-10-19,18.1,14.25,272.25
ocotepeque,2012-10-19,17.546,14.25,270.75
copan,2012-10-19,16.858,14.75,271.25
comayagua,2012-10-20,16.828,14.25,272.25
ocotepeque,2012-10-20,15.978,14.25,270.75
copan,2012-10-20,15.536,14.75,271.25
comayagua,2012-10-21,18.479,14.25,272.25
ocotepeque,2012-10-21,18.767,14.25,270.75
copan,2012-10-21,18.164,14.75,271.25
comayagua,2012-10-22,17.757,14.25,272.25
ocotepeque,2012-10-22,17.749,14.25,270.75
copan,2012-10-22,17.437,14.75,271.25
comayagua,2012-10-23,17.48,14.25,272.25
ocotepeque,2012-10-23,17.149,14.25,270.75
copan,2012-10-23,16.458,14.75,271.25
comayagua,2012-10-24,17.204,14.25,272.25
ocotepeque,2012-10-24,17.084,14.25,270.75
copan,2012-10-24,16.322,14.75,271.25
comayagua,2012-10-25,15.128,14.25,272.25
ocotepeque,2012-10-25,14.758,14.25,270.75
copan,2012-10-25,13.728,14.75,271.25
comayagua,2012-10-26,13.575,14.25,272.25
ocotepeque,2012-10-26,14.087,14.25,270.75
copan,2012-10-26,12.562,14.75,271.25
comayagua,2012-10-27,14.985,14.25,272.25
ocotepeque,2012-10-27,16.203,14.25,270.75
copan,2012-10-27,16.518,14.75,271.25
comayagua,2012-10-28,13.078,14.25,272.25
ocotepeque,2012-10-28,12.81,14.25,270.75
copan,2012-10-28,11.336,14.75,271.25
comayagua,2012-10-29,12.755,14.25,272.25
ocotepeque,2012-10-29,14.248,14.25,270.75
copan,2012-10-29,13.371,14.75,271.25
comayagua,2012-10-30,15.622,14.25,272.25
ocotepeque,2012-10-30,15.422,14.25,270.75
copan,2012-10-30,15.146,14.75,271.25
comayagua,2012-10-31,15.42,14.25,272.25
ocotepeque,2012-10-31,15.869,14.25,270.75
copan,2012-10-31,15.432,14.75,271.25
comayagua,2012-11-01,14.965,14.25,272.25
ocotepeque,2012-11-01,14.98,14.25,270.75
copan,2012-11-01,13.971,14.75,271.25
comayagua,2012-11-02,15.165,14.25,272.25
ocotepeque,2012-11-02,14.927,14.25,270.75
copan,2012-11-02,14.312,14.75,271.25
comayagua,2012-11-03,15.905,14.25,272.25
ocotepeque,2012-11-03,16.128,14.25,270.75
copan,2012-11-03,15.718,14.75,271.25
comayagua,2012-11-04,16.777,14.25,272.25
ocotepeque,2012-11-04,16.024,14.25,270.75
copan,2012-11-04,14.957,14.75,271.25
comayagua,2012-11-05,17.413,14.25,272.25
ocotepeque,2012-11-05,18.094,14.25,270.75
copan,2012-11-05,17.586,14.75,271.25
comayagua,2012-11-06,17.477,14.25,272.25
ocotepeque,2012-11-06,16.635,14.25,270.75
copan,2012-11-06,15.356,14.75,271.25
comayagua,2012-11-07,15.336,14.25,272.25
ocotepeque,2012-11-07,16.104,14.25,270.75
copan,2012-11-07,15.581,14.75,271.25
comayagua,2012-11-08,14.064,14.25,272.25
ocotepeque,2012-11-08,14.772,14.25,270.75
copan,2012-11-08,14.422,14.75,271.25
comayagua,2012-11-09,15.544,14.25,272.25
ocotepeque,2012-11-09,15.921,14.25,270.75
copan,2012-11-09,15.767,14.75,271.25
comayagua,2012-11-10,14.014,14.25,272.25
ocotepeque,2012-11-10,13.148,14.25,270.75
copan,2012-11-10,12.144,14.75,271.25
comayagua,2012-11-11,16.66,14.25,272.25
ocotepeque,2012-11-11,15.372,14.25,270.75
copan,2012-11-11,14.565,14.75,271.25
comayagua,2012-11-12,17.785,14.25,272.25
ocotepeque,2012-11-12,16.874,14.25,270.75
copan,2012-11-12,16.224,14.75,271.25
comayagua,2012-11-13,15.915,14.25,272.25
ocotepeque,2012-11-13,16.117,14.25,270.75
copan,2012-11-13,15.466,14.75,271.25
comayagua,2012-11-14,13.302,14.25,272.25
ocotepeque,2012-11-14,14.025,14.25,270.75
copan,2012-11-14,13.348,14.75,271.25
comayagua,2012-11-15,14.628,14.25,272.25
ocotepeque,2012-11-15,14.529,14.25,270.75
copan,2012-11-15,14.231,14.75,271.25
comayagua,2012-11-16,18.492,14.25,272.25
ocotepeque,2012-11-16,18.546,14.25,270.75
copan,2012-11-16,18.854,14.75,271.25
comayagua,2012-11-17,13.663,14.25,272.25
ocotepeque,2012-11-17,13.603,14.25,270.75
copan,2012-11-17,13.251,14.75,271.25
comayagua,2012-11-18,13.129,14.25,272.25
ocotepeque,2012-11-18,12.994,14.25,270.75
copan,2012-11-18,12.112,14.75,271.25
comayagua,2012-11-19,11.546,14.25,272.25
ocotepeque,2012-11-19,11.154,14.25,270.75
copan,2012-11-19,9.425,14.75,271.25
comayagua,2012-11-20,12.953,14.25,272.25
ocotepeque,2012-11-20,12.828,14.25,270.75
copan,2012-11-20,12.454,14.75,271.25
comayagua,2012-11-21,13.145,14.25,272.25
ocotepeque,2012-11-21,14.367,14.25,270.75
copan,2012-11-21,14.456,14.75,271.25
comayagua,2012-11-22,15.37,14.25,272.25
ocotepeque,2012-11-22,14.831,14.25,270.75
copan,2012-11-22,14.2,14.75,271.25
comayagua,2012-11-23,14.891,14.25,272.25
ocotepeque,2012-11-23,14.642,14.25,270.75
copan,2012-11-23,13.935,14.75,271.25
comayagua,2012-11-24,12.953,14.25,272.25
ocotepeque,2012-11-24,12.18,14.25,270.75
copan,2012-11-24,11.337,14.75,271.25
comayagua,2012-11-25,11.736,14.25,272.25
ocotepeque,2012-11-25,13.235,14.25,270.75
copan,2012-11-25,13.159,14.75,271.25
comayagua,2012-11-26,11.442,14.25,272.25
ocotepeque,2012-11-26,10.76,14.25,270.75
copan,2012-11-26,9.578,14.75,271.25
comayagua,2012-11-27,15.244,14.25,272.25
ocotepeque,2012-11-27,14.806,14.25,270.75
copan,2012-11-27,14.243,14.75,271.25
comayagua,2012-11-28,17.658,14.25,272.25
ocotepeque,2012-11-28,16.745,14.25,270.75
copan,2012-11-28,15.794,14.75,271.25
comayagua,2012-11-29,16.256,14.25,272.25
ocotepeque,2012-11-29,15.268,14.25,270.75
copan,2012-11-29,14.614,14.75,271.25
comayagua,2012-11-30,15.947,14.25,272.25
ocotepeque,2012-11-30,15.504,14.25,270.75
copan,2012-11-30,14.897,14.75,271.25
comayagua,2012-12-01,16.469,14.25,272.25
ocotepeque,2012-12-01,15.781,14.25,270.75
copan,2012-12-01,14.827,14.75,271.25
comayagua,2012-12-02,15.429,14.25,272.25
ocotepeque,2012-12-02,15.373,14.25,270.75
copan,2012-12-02,14.64,14.75,271.25
comayagua,2012-12-03,14.834,14.25,272.25
ocotepeque,2012-12-03,14.4,14.25,270.75
copan,2012-12-03,13.544,14.75,271.25
comayagua,2012-12-04,15.168,14.25,272.25
ocotepeque,2012-12-04,13.034,14.25,270.75
copan,2012-12-04,10.801,14.75,271.25
comayagua,2012-12-05,15.801,14.25,272.25
ocotepeque,2012-12-05,14.924,14.25,270.75
copan,2012-12-05,14.271,14.75,271.25
comayagua,2012-12-06,14.398,14.25,272.25
ocotepeque,2012-12-06,15.034,14.25,270.75
copan,2012-12-06,14.569,14.75,271.25
comayagua,2012-12-07,11.841,14.25,272.25
ocotepeque,2012-12-07,11.1,14.25,270.75
copan,2012-12-07,9.797,14.75,271.25
comayagua,2012-12-08,10.125,14.25,272.25
ocotepeque,2012-12-08,11.021,14.25,270.75
copan,2012-12-08,9.997,14.75,271.25
comayagua,2012-12-09,11.518,14.25,272.25
ocotepeque,2012-12-09,12.346,14.25,270.75
copan,2012-12-09,11.286,14.75,271.25
comayagua,2012-12-10,17.535,14.25,272.25
ocotepeque,2012-12-10,16.757,14.25,270.75
copan,2012-12-10,15.304,14.75,271.25
comayagua,2012-12-11,13.864,14.25,272.25
ocotepeque,2012-12-11,14.877,14.25,270.75
copan,2012-12-11,14.185,14.75,271.25
comayagua,2012-12-12,16.549,14.25,272.25
ocotepeque,2012-12-12,16.369,14.25,270.75
copan,2012-12-12,15.192,14.75,271.25
comayagua,2012-12-13,16.985,14.25,272.25
ocotepeque,2012-12-13,16.755,14.25,270.75
copan,2012-12-13,16.322,14.75,271.25
comayagua,2012-12-14,14.311,14.25,272.25
ocotepeque,2012-12-14,14.726,14.25,270.75
copan,2012-12-14,14.58,14.75,271.25
comayagua,2012-12-15,13.935,14.25,272.25
ocotepeque,2012-12-15,14.447,14.25,270.75
copan,2012-12-15,14.255,14.75,271.25
comayagua,2012-12-16,11.223,14.25,272.25
ocotepeque,2012-12-16,12.74,14.25,270.75
copan,2012-12-16,11.942,14.75,271.25
comayagua,2012-12-17,9.273,14.25,272.25
ocotepeque,2012-12-17,10.756,14.25,270.75
copan,2012-12-17,9.578,14.75,271.25
comayagua,2012-12-18,12.499,14.25,272.25
ocotepeque,2012-12-18,13.169,14.25,270.75
copan,2012-12-18,13.359,14.75,271.25
comayagua,2012-12-19,15.765,14.25,272.25
ocotepeque,2012-12-19,15.195,14.25,270.75
copan,2012-12-19,14.29,14.75,271.25
comayagua,2012-12-20,18.105,14.25,272.25
ocotepeque,2012-12-20,17.117,14.25,270.75
copan,2012-12-20,15.587,14.75,271.25
comayagua,2012-12-21,17.521,14.25,272.25
ocotepeque,2012-12-21,16.691,14.25,270.75
copan,2012-12-21,16.255,14.75,271.25
comayagua,2012-12-22,15.789,14.25,272.25
ocotepeque,2012-12-22,15.068,14.25,270.75
copan,2012-12-22,14.316,14.75,271.25
comayagua,2012-12-23,15.117,14.25,272.25
ocotepeque,2012-12-23,14.271,14.25,270.75
copan,2012-12-23,13.729,14.75,271.25
comayagua,2012-12-24,7.313,14.25,272.25
ocotepeque,2012-12-24,8.403,14.25,270.75
copan,2012-12-24,7.625,14.75,271.25
comayagua,2012-12-25,8.548,14.25,272.25
ocotepeque,2012-12-25,8.516,14.25,270.75
copan,2012-12-25,8.272,14.75,271.25
comayagua,2012-12-26,9.003,14.25,272.25
ocotepeque,2012-12-26,10.772,14.25,270.75
copan,2012-12-26,10.4,14.75,271.25
comayagua,2012-12-27,16.636,14.25,272.25
ocotepeque,2012-12-27,15.577,14.25,270.75
copan,2012-12-27,15.362,14.75,271.25
comayagua,2012-12-28,12.893,14.25,272.25
ocotepeque,2012-12-28,13.993,14.25,270.75
copan,2012-12-28,14.147,14.75,271.25
comayagua,2012-12-29,12.888,14.25,272.25
ocotepeque,2012-12-29,14.095,14.25,270.75
copan,2012-12-29,13.47,14.75,271.25
comayagua,2012-12-30,16.919,14.25,272.25
ocotepeque,2012-12-30,16.312,14.25,270.75
copan,2012-12-30,15.719,14.75,271.25
comayagua,2012-12-31,15.674,14.25,272.25
ocotepeque,2012-12-31,15.583,14.25,270.75
copan,2012-12-31,15.352,14.75,271.25
comayagua,2013-01-01,16.843,14.25,272.25
ocotepeque,2013-01-01,16.801,14.25,270.75
copan,2013-01-01,15.651,14.75,271.25
comayagua,2013-01-02,13.958,14.25,272.25
ocotepeque,2013-01-02,15.141,14.25,270.75
copan,2013-01-02,13.563,14.75,271.25
comayagua,2013-01-03,14.848,14.25,272.25
ocotepeque,2013-01-03,14.085,14.25,270.75
copan,2013-01-03,12.403,14.75,271.25
comayagua,2013-01-04,16.045,14.25,272.25
ocotepeque,2013-01-04,17.494,14.25,270.75
copan,2013-01-04,16.913,14.75,271.25
comayagua,2013-01-05,14.725,14.25,272.25
ocotepeque,2013-01-05,16.457,14.25,270.75
copan,2013-01-05,15.787,14.75,271.25
comayagua,2013-01-06,15.868,14.25,272.25
ocotepeque,2013-01-06,16.032,14.25,270.75
copan,2013-01-06,14.777,14.75,271.25
comayagua,2013-01-07,16.6,14.25,272.25
ocotepeque,2013-01-07,16.432,14.25,270.75
copan,2013-01-07,14.957,14.75,271.25
comayagua,2013-01-08,16.615,14.25,272.25
ocotepeque,2013-01-08,16.753,14.25,270.75
copan,2013-01-08,16.174,14.75,271.25
comayagua,2013-01-09,15.109,14.25,272.25
ocotepeque,2013-01-09,15.203,14.25,270.75
copan,2013-01-09,14.255,14.75,271.25
comayagua,2013-01-10,14.846,14.25,272.25
ocotepeque,2013-01-10,15.808,14.25,270.75
copan,2013-01-10,14.544,14.75,271.25
comayagua,2013-01-11,14.517,14.25,272.25
ocotepeque,2013-01-11,15.068,14.25,270.75
copan,2013-01-11,14.143,14.75,271.25
comayagua,2013-01-12,13.298,14.25,272.25
ocotepeque,2013-01-12,17.168,14.25,270.75
copan,2013-01-12,16.643,14.75,271.25
comayagua,2013-01-13,14.662,14.25,272.25
ocotepeque,2013-01-13,14.93,14.25,270.75
copan,2013-01-13,13.943,14.75,271.25
comayagua,2013-01-14,10.159,14.25,272.25
ocotepeque,2013-01-14,13.968,14.25,270.75
copan,2013-01-14,14.706,14.75,271.25
comayagua,2013-01-15,14.34,14.25,272.25
ocotepeque,2013-01-15,13.898,14.25,270.75
copan,2013-01-15,12.249,14.75,271.25
comayagua,2013-01-16,14.567,14.25,272.25
ocotepeque,2013-01-16,16.499,14.25,270.75
copan,2013-01-16,15.834,14.75,271.25
comayagua,2013-01-17,14.11,14.25,272.25
ocotepeque,2013-01-17,15.423,14.25,270.75
copan,2013-01-17,14.599,14.75,271.25
comayagua,2013-01-18,13.034,14.25,272.25
ocotepeque,2013-01-18,12.334,14.25,270.75
copan,2013-01-18,10.791,14.75,271.25
comayagua,2013-01-19,12.187,14.25,272.25
ocotepeque,2013-01-19,11.958,14.25,270.75
copan,2013-01-19,10.609,14.75,271.25
comayagua,2013-01-20,14.181,14.25,272.25
ocotepeque,2013-01-20,13.609,14.25,270.75
copan,2013-01-20,11.792,14.75,271.25
comayagua,2013-01-21,14.651,14.25,272.25
ocotepeque,2013-01-21,14.642,14.25,270.75
copan,2013-01-21,13.275,14.75,271.25
comayagua,2013-01-22,14.594,14.25,272.25
ocotepeque,2013-01-22,14.123,14.25,270.75
copan,2013-01-22,12.643,14.75,271.25
comayagua,2013-01-23,16.331,14.25,272.25
ocotepeque,2013-01-23,16.103,14.25,270.75
copan,2013-01-23,15.076,14.75,271.25
comayagua,2013-01-24,15.466,14.25,272.25
ocotepeque,2013-01-24,15.832,14.25,270.75
copan,2013-01-24,14.792,14.75,271.25
comayagua,2013-01-25,14.736,14.25,272.25
ocotepeque,2013-01-25,14.355,14.25,270.75
copan,2013-01-25,12.616,14.75,271.25
comayagua,2013-01-26,14.983,14.25,272.25
ocotepeque,2013-01-26,14.88,14.25,270.75
copan,2013-01-26,13.844,14.75,271.25
comayagua,2013-01-27,15.472,14.25,272.25
ocotepeque,2013-01-27,14.347,14.25,270.75
copan,2013-01-27,12.874,14.75,271.25
comayagua,2013-01-28,15.282,14.25,272.25
ocotepeque,2013-01-28,16.223,14.25,270.75
copan,2013-01-28,15.136,14.75,271.25
comayagua,2013-01-29,14.278,14.25,272.25
ocotepeque,2013-01-29,16.522,14.25,270.75
copan,2013-01-29,14.905,14.75,271.25
comayagua,2013-01-30,10.731,14.25,272.25
ocotepeque,2013-01-30,13.483,14.25,270.75
copan,2013-01-30,12.645,14.75,271.25
comayagua,2013-01-31,11.744,14.25,272.25
ocotepeque,2013-01-31,14.298,14.25,270.75
copan,2013-01-31,13.014,14.75,271.25
comayagua,2013-02-01,16.411,14.25,272.25
ocotepeque,2013-02-01,16.606,14.25,270.75
copan,2013-02-01,15.237,14.75,271.25
comayagua,2013-02-02,19.017,14.25,272.25
ocotepeque,2013-02-02,19.092,14.25,270.75
copan,2013-02-02,17.697,14.75,271.25
comayagua,2013-02-03,15.79,14.25,272.25
ocotepeque,2013-02-03,16.616,14.25,270.75
copan,2013-02-03,15.424,14.75,271.25
comayagua,2013-02-04,15.319,14.25,272.25
ocotepeque,2013-02-04,16.336,14.25,270.75
copan,2013-02-04,14.916,14.75,271.25
comayagua,2013-02-05,16.974,14.25,272.25
ocotepeque,2013-02-05,17.137,14.25,270.75
copan,2013-02-05,14.753,14.75,271.25
comayagua,2013-02-06,13.454,14.25,272.25
ocotepeque,2013-02-06,16.747,14.25,270.75
copan,2013-02-06,16.191,14.75,271.25
comayagua,2013-02-07,12.278,14.25,272.25
ocotepeque,2013-02-07,15.078,14.25,270.75
copan,2013-02-07,14.082,14.75,271.25
comayagua,2013-02-08,18.219,14.25,272.25
ocotepeque,2013-02-08,19.46,14.25,270.75
copan,2013-02-08,17.548,14.75,271.25
comayagua,2013-02-09,14.645,14.25,272.25
ocotepeque,2013-02-09,15.057,14.25,270.75
copan,2013-02-09,14.093,14.75,271.25
comayagua,2013-02-10,12.954,14.25,272.25
ocotepeque,2013-02-10,12.787,14.25,270.75
copan,2013-02-10,11.2,14.75,271.25
comayagua,2013-02-11,11.637,14.25,272.25
ocotepeque,2013-02-11,11.718,14.25,270.75
copan,2013-02-11,10.512,14.75,271.25
comayagua,2013-02-12,11.845,14.25,272.25
ocotepeque,2013-02-12,14.309,14.25,270.75
copan,2013-02-12,13.261,14.75,271.25
comayagua,2013-02-13,11.738,14.25,272.25
ocotepeque,2013-02-13,14.015,14.25,270.75
copan,2013-02-13,13.042,14.75,271.25
comayagua,2013-02-14,14.039,14.25,272.25
ocotepeque,2013-02-14,18.412,14.25,270.75
copan,2013-02-14,18.12,14.75,271.25
comayagua,2013-02-15,13.584,14.25,272.25
ocotepeque,2013-02-15,16.534,14.25,270.75
copan,2013-02-15,15.81,14.75,271.25
comayagua,2013-02-16,15.197,14.25,272.25
ocotepeque,2013-02-16,16.487,14.25,270.75
copan,2013-02-16,15.147,14.75,271.25
comayagua,2013-02-17,14.394,14.25,272.25
ocotepeque,2013-02-17,13.173,14.25,270.75
copan,2013-02-17,11.168,14.75,271.25
comayagua,2013-02-18,13.325,14.25,272.25
ocotepeque,2013-02-18,12.554,14.25,270.75
copan,2013-02-18,10.752,14.75,271.25
comayagua,2013-02-19,12.481,14.25,272.25
ocotepeque,2013-02-19,13.3,14.25,270.75
copan,2013-02-19,12.457,14.75,271.25
comayagua,2013-02-20,15.801,14.25,272.25
ocotepeque,2013-02-20,17.211,14.25,270.75
copan,2013-02-20,16.058,14.75,271.25
comayagua,2013-02-21,13.573,14.25,272.25
ocotepeque,2013-02-21,14.575,14.25,270.75
copan,2013-02-21,13.338,14.75,271.25
comayagua,2013-02-22,10.188,14.25,272.25
ocotepeque,2013-02-22,13.425,14.25,270.75
copan,2013-02-22,12.551,14.75,271.25
comayagua,2013-02-23,10.635,14.25,272.25
ocotepeque,2013-02-23,13.051,14.25,270.75
copan,2013-02-23,12.181,14.75,271.25
comayagua,2013-02-24,10.897,14.25,272.25
ocotepeque,2013-02-24,13.564,14.25,270.75
copan,2013-02-24,12.428,14.75,271.25
comayagua,2013-02-25,14.836,14.25,272.25
ocotepeque,2013-02-25,15.048,14.25,270.75
copan,2013-02-25,14.345,14.75,271.25
comayagua,2013-02-26,13.379,14.25,272.25
ocotepeque,2013-02-26,14.748,14.25,270.75
copan,2013-02-26,13.526,14.75,271.25
comayagua,2013-02-27,17.908,14.25,272.25
ocotepeque,2013-02-27,18.263,14.25,270.75
copan,2013-02-27,16.641,14.75,271.25
comayagua,2013-02-28,14.888,14.25,272.25
ocotepeque,2013-02-28,17.167,14.25,270.75
copan,2013-02-28,15.621,14.75,271.25
comayagua,2013-03-01,13.853,14.25,272.25
ocotepeque,2013-03-01,15.482,14.25,270.75
copan,2013-03-01,14.739,14.75,271.25
comayagua,2013-03-02,13.212,14.25,272.25
ocotepeque,2013-03-02,12.383,14.25,270.75
copan,2013-03-02,10.373,14.75,271.25
comayagua,2013-03-03,10.49,14.25,272.25
ocotepeque,2013-03-03,10.208,14.25,270.75
copan,2013-03-03,7.972,14.75,271.25
comayagua,2013-03-04,10.561,14.25,272.25
ocotepeque,2013-03-04,8.511,14.25,270.75
copan,2013-03-04,6.208,14.75,271.25
comayagua,2013-03-05,21.6,14.25,272.25
ocotepeque,2013-03-05,16.128,14.25,270.75
copan,2013-03-05,12.908,14.75,271.25
comayagua,2013-03-06,15.431,14.25,272.25
ocotepeque,2013-03-06,15.629,14.25,270.75
copan,2013-03-06,14.253,14.75,271.25
comayagua,2013-03-07,14.663,14.25,272.25
ocotepeque,2013-03-07,24.487,14.25,270.75
copan,2013-03-07,10.881,14.75,271.25
comayagua,2013-03-08,12.647,14.25,272.25
ocotepeque,2013-03-08,24.088,14.25,270.75
copan,2013-03-08,8.347,14.75,271.25
comayagua,2013-03-09,13.408,14.25,272.25
ocotepeque,2013-03-09,15.322,14.25,270.75
copan,2013-03-09,12.678,14.75,271.25
comayagua,2013-03-10,11.323,14.25,272.25
ocotepeque,2013-03-10,15.859,14.25,270.75
copan,2013-03-10,12.527,14.75,271.25
comayagua,2013-03-11,15.021,14.25,272.25
ocotepeque,2013-03-11,23.281,14.25,270.75
copan,2013-03-11,14.311,14.75,271.25
comayagua,2013-03-12,17.523,14.25,272.25
ocotepeque,2013-03-12,18.064,14.25,270.75
copan,2013-03-12,16.839,14.75,271.25
comayagua,2013-03-13,16.939,14.25,272.25
ocotepeque,2013-03-13,17.867,14.25,270.75
copan,2013-03-13,14.397,14.75,271.25
comayagua,2013-03-14,14.804,14.25,272.25
ocotepeque,2013-03-14,14.782,14.25,270.75
copan,2013-03-14,13.196,14.75,271.25
comayagua,2013-03-15,13.969,14.25,272.25
ocotepeque,2013-03-15,20.37,14.25,270.75
copan,2013-03-15,11.993,14.75,271.25
comayagua,2013-03-16,15.383,14.25,272.25
ocotepeque,2013-03-16,25.048,14.25,270.75
copan,2013-03-16,12.712,14.75,271.25
comayagua,2013-03-17,12.173,14.25,272.25
ocotepeque,2013-03-17,17.095,14.25,270.75
copan,2013-03-17,14.376,14.75,271.25
comayagua,2013-03-18,12.735,14.25,272.25
ocotepeque,2013-03-18,18.337,14.25,270.75
copan,2013-03-18,15.392,14.75,271.25
comayagua,2013-03-19,13.451,14.25,272.25
ocotepeque,2013-03-19,23.744,14.25,270.75
copan,2013-03-19,15.435,14.75,271.25
comayagua,2013-03-20,17.16,14.25,272.25
ocotepeque,2013-03-20,23.995,14.25,270.75
copan,2013-03-20,16.664,14.75,271.25
comayagua,2013-03-21,14.386,14.25,272.25
ocotepeque,2013-03-21,18.103,14.25,270.75
copan,2013-03-21,15.736,14.75,271.25
comayagua,2013-03-22,17.043,14.25,272.25
ocotepeque,2013-03-22,16.513,14.25,270.75
copan,2013-03-22,14.9,14.75,271.25
comayagua,2013-03-23,15.82,14.25,272.25
ocotepeque,2013-03-23,22.647,14.25,270.75
copan,2013-03-23,16.437,14.75,271.25
comayagua,2013-03-24,18.334,14.25,272.25
ocotepeque,2013-03-24,19.835,14.25,270.75
copan,2013-03-24,18.551,14.75,271.25
comayagua,2013-03-25,13.689,14.25,272.25
ocotepeque,2013-03-25,17.708,14.25,270.75
copan,2013-03-25,15.701,14.75,271.25
comayagua,2013-03-26,18.262,14.25,272.25
ocotepeque,2013-03-26,19.184,14.25,270.75
copan,2013-03-26,16.535,14.75,271.25
comayagua,2013-03-27,17.859,14.25,272.25
ocotepeque,2013-03-27,23.601,14.25,270.75
copan,2013-03-27,14.808,14.75,271.25
comayagua,2013-03-28,16.014,14.25,272.25
ocotepeque,2013-03-28,21.97,14.25,270.75
copan,2013-03-28,13.877,14.75,271.25
comayagua,2013-03-29,14.168,14.25,272.25
ocotepeque,2013-03-29,15.721,14.25,270.75
copan,2013-03-29,12.378,14.75,271.25
comayagua,2013-03-30,13.775,14.25,272.25
ocotepeque,2013-03-30,14.744,14.25,270.75
copan,2013-03-30,10.047,14.75,271.25
comayagua,2013-03-31,15.891,14.25,272.25
ocotepeque,2013-03-31,20.738,14.25,270.75
copan,2013-03-31,15.445,14.75,271.25
comayagua,2013-04-01,14.344,14.25,272.25
ocotepeque,2013-04-01,22.749,14.25,270.75
copan,2013-04-01,15.59,14.75,271.25
comayagua,2013-04-02,15.425,14.25,272.25
ocotepeque,2013-04-02,20.263,14.25,270.75
copan,2013-04-02,17.51,14.75,271.25
comayagua,2013-04-03,18.357,14.25,272.25
ocotepeque,2013-04-03,18.797,14.25,270.75
copan,2013-04-03,16.154,14.75,271.25
comayagua,2013-04-04,23.402,14.25,272.25
ocotepeque,2013-04-04,25.265,14.25,270.75
copan,2013-04-04,20.936,14.75,271.25
comayagua,2013-04-05,20.184,14.25,272.25
ocotepeque,2013-04-05,29.044,14.25,270.75
copan,2013-04-05,18.686,14.75,271.25
comayagua,2013-04-06,16.906,14.25,272.25
ocotepeque,2013-04-06,18.596,14.25,270.75
copan,2013-04-06,15.764,14.75,271.25
comayagua,2013-04-07,14.56,14.25,272.25
ocotepeque,2013-04-07,18.176,14.25,270.75
copan,2013-04-07,15.559,14.75,271.25
comayagua,2013-04-08,16.44,14.25,272.25
ocotepeque,2013-04-08,24.811,14.25,270.75
copan,2013-04-08,17.158,14.75,271.25
comayagua,2013-04-09,16.094,14.25,272.25
ocotepeque,2013-04-09,19.187,14.25,270.75
copan,2013-04-09,18.329,14.75,271.25
comayagua,2013-04-10,15.557,14.25,272.25
ocotepeque,2013-04-10,19.003,14.25,270.75
copan,2013-04-10,16.863,14.75,271.25
comayagua,2013-04-11,16.901,14.25,272.25
ocotepeque,2013-04-11,18.897,14.25,270.75
copan,2013-04-11,18.13,14.75,271.25
comayagua,2013-04-12,15.17,14.25,272.25
ocotepeque,2013-04-12,24.101,14.25,270.75
copan,2013-04-12,16.536,14.75,271.25
comayagua,2013-04-13,19.127,14.25,272.25
ocotepeque,2013-04-13,22.596,14.25,270.75
copan,2013-04-13,18.508,14.75,271.25
comayagua,2013-04-14,17.821,14.25,272.25
ocotepeque,2013-04-14,19.765,14.25,270.75
copan,2013-04-14,18.244,14.75,271.25
comayagua,2013-04-15,15.367,14.25,272.25
ocotepeque,2013-04-15,19.153,14.25,270.75
copan,2013-04-15,17.788,14.75,271.25
comayagua,2013-04-16,16.665,14.25,272.25
ocotepeque,2013-04-16,24.644,14.25,270.75
copan,2013-04-16,17.945,14.75,271.25
comayagua,2013-04-17,16.645,14.25,272.25
ocotepeque,2013-04-17,18.065,14.25,270.75
copan,2013-04-17,16.795,14.75,271.25
comayagua,2013-04-18,15.47,14.25,272.25
ocotepeque,2013-04-18,19.033,14.25,270.75
copan,2013-04-18,17.613,14.75,271.25
comayagua,2013-04-19,18.175,14.25,272.25
ocotepeque,2013-04-19,19.872,14.25,270.75
copan,2013-04-19,16.637,14.75,271.25
comayagua,2013-04-20,18.647,14.25,272.25
ocotepeque,2013-04-20,26.767,14.25,270.75
copan,2013-04-20,18.446,14.75,271.25
comayagua,2013-04-21,18.096,14.25,272.25
ocotepeque,2013-04-21,22.542,14.25,270.75
copan,2013-04-21,16.512,14.75,271.25
comayagua,2013-04-22,16.504,14.25,272.25
ocotepeque,2013-04-22,19.864,14.25,270.75
copan,2013-04-22,17.39,14.75,271.25
comayagua,2013-04-23,17.035,14.25,272.25
ocotepeque,2013-04-23,16.5,14.25,270.75
copan,2013-04-23,14.68,14.75,271.25
comayagua,2013-04-24,15.834,14.25,272.25
ocotepeque,2013-04-24,16.369,14.25,270.75
copan,2013-04-24,14.519,14.75,271.25
comayagua,2013-04-25,19.532,14.25,272.25
ocotepeque,2013-04-25,28.156,14.25,270.75
copan,2013-04-25,17.665,14.75,271.25
comayagua,2013-04-26,17.791,14.25,272.25
ocotepeque,2013-04-26,16.791,14.25,270.75
copan,2013-04-26,15.073,14.75,271.25
comayagua,2013-04-27,15.531,14.25,272.25
ocotepeque,2013-04-27,17.055,14.25,270.75
copan,2013-04-27,13.953,14.75,271.25
comayagua,2013-04-28,13.814,14.25,272.25
ocotepeque,2013-04-28,14.947,14.25,270.75
copan,2013-04-28,13.415,14.75,271.25
comayagua,2013-04-29,18.045,14.25,272.25
ocotepeque,2013-04-29,19.357,14.25,270.75
copan,2013-04-29,18.343,14.75,271.25
comayagua,2013-04-30,18.563,14.25,272.25
ocotepeque,2013-04-30,24.769,14.25,270.75
copan,2013-04-30,18.186,14.75,271.25
comayagua,2013-05-01,15.935,14.25,272.25
ocotepeque,2013-05-01,17.597,14.25,270.75
copan,2013-05-01,17.217,14.75,271.25
comayagua,2013-05-02,17.804,14.25,272.25
ocotepeque,2013-05-02,19.7,14.25,270.75
copan,2013-05-02,18.581,14.75,271.25
comayagua,2013-05-03,17.147,14.25,272.25
ocotepeque,2013-05-03,18.291,14.25,270.75
copan,2013-05-03,17.181,14.75,271.25
comayagua,2013-05-04,16.732,14.25,272.25
ocotepeque,2013-05-04,24.068,14.25,270.75
copan,2013-05-04,17.263,14.75,271.25
comayagua,2013-05-05,13.802,14.25,272.25
ocotepeque,2013-05-05,14.827,14.25,270.75
copan,2013-05-05,13.52,14.75,271.25
comayagua,2013-05-06,16.746,14.25,272.25
ocotepeque,2013-05-06,17.596,14.25,270.75
copan,2013-05-06,16.66,14.75,271.25
comayagua,2013-05-07,16.354,14.25,272.25
ocotepeque,2013-05-07,16.374,14.25,270.75
copan,2013-05-07,15.185,14.75,271.25
comayagua,2013-05-08,16.849,14.25,272.25
ocotepeque,2013-05-08,16.791,14.25,270.75
copan,2013-05-08,15.499,14.75,271.25
comayagua,2013-05-09,14.7,14.25,272.25
ocotepeque,2013-05-09,18.353,14.25,270.75
copan,2013-05-09,15.544,14.75,271.25
comayagua,2013-05-10,16.13,14.25,272.25
ocotepeque,2013-05-10,22.563,14.25,270.75
copan,2013-05-10,17.452,14.75,271.25
comayagua,2013-05-11,18.441,14.25,272.25
ocotepeque,2013-05-11,25.735,14.25,270.75
copan,2013-05-11,18.068,14.75,271.25
comayagua,2013-05-12,19.154,14.25,272.25
ocotepeque,2013-05-12,22.925,14.25,270.75
copan,2013-05-12,19.639,14.75,271.25
comayagua,2013-05-13,18.569,14.25,272.25
ocotepeque,2013-05-13,23.331,14.25,270.75
copan,2013-05-13,18.245,14.75,271.25
comayagua,2013-05-14,17.726,14.25,272.25
ocotepeque,2013-05-14,22.289,14.25,270.75
copan,2013-05-14,13.797,14.75,271.25
comayagua,2013-05-15,17.637,14.25,272.25
ocotepeque,2013-05-15,21.635,14.25,270.75
copan,2013-05-15,13.691,14.75,271.25
comayagua,2013-05-16,16.161,14.25,272.25
ocotepeque,2013-05-16,21.671,14.25,270.75
copan,2013-05-16,13.48,14.75,271.25
comayagua,2013-05-17,15.456,14.25,272.25
ocotepeque,2013-05-17,22.631,14.25,270.75
copan,2013-05-17,15.381,14.75,271.25
comayagua,2013-05-18,17.906,14.25,272.25
ocotepeque,2013-05-18,22.554,14.25,270.75
copan,2013-05-18,15.856,14.75,271.25
comayagua,2013-05-19,14.418,14.25,272.25
ocotepeque,2013-05-19,18.719,14.25,270.75
copan,2013-05-19,16.174,14.75,271.25
comayagua,2013-05-20,16.615,14.25,272.25
ocotepeque,2013-05-20,20.895,14.25,270.75
copan,2013-05-20,18.041,14.75,271.25
comayagua,2013-05-21,17.388,14.25,272.25
ocotepeque,2013-05-21,19.421,14.25,270.75
copan,2013-05-21,17.226,14.75,271.25
comayagua,2013-05-22,18.805,14.25,272.25
ocotepeque,2013-05-22,21.623,14.25,270.75
copan,2013-05-22,18.831,14.75,271.25
comayagua,2013-05-23,18.323,14.25,272.25
ocotepeque,2013-05-23,20.883,14.25,270.75
copan,2013-05-23,18.326,14.75,271.25
comayagua,2013-05-24,17.934,14.25,272.25
ocotepeque,2013-05-24,20.225,14.25,270.75
copan,2013-05-24,17.376,14.75,271.25
comayagua,2013-05-25,18.07,14.25,272.25
ocotepeque,2013-05-25,18.348,14.25,270.75
copan,2013-05-25,17.307,14.75,271.25
comayagua,2013-05-26,19.113,14.25,272.25
ocotepeque,2013-05-26,19.628,14.25,270.75
copan,2013-05-26,18.118,14.75,271.25
comayagua,2013-05-27,18.25,14.25,272.25
ocotepeque,2013-05-27,19.143,14.25,270.75
copan,2013-05-27,17.183,14.75,271.25
comayagua,2013-05-28,17.501,14.25,272.25
ocotepeque,2013-05-28,19.508,14.25,270.75
copan,2013-05-28,17.68,14.75,271.25
comayagua,2013-05-29,17.423,14.25,272.25
ocotepeque,2013-05-29,20.255,14.25,270.75
copan,2013-05-29,16.862,14.75,271.25
comayagua,2013-05-30,17.435,14.25,272.25
ocotepeque,2013-05-30,20.257,14.25,270.75
copan,2013-05-30,18.44,14.75,271.25
comayagua,2013-05-31,17.831,14.25,272.25
ocotepeque,2013-05-31,21.877,14.25,270.75
copan,2013-05-31,16.649,14.75,271.25
comayagua,2013-06-01,18.794,14.25,272.25
ocotepeque,2013-06-01,20.003,14.25,270.75
copan,2013-06-01,18.876,14.75,271.25
comayagua,2013-06-02,18.819,14.25,272.25
ocotepeque,2013-06-02,19.265,14.25,270.75
copan,2013-06-02,18.427,14.75,271.25
comayagua,2013-06-03,17.981,14.25,272.25
ocotepeque,2013-06-03,20.362,14.25,270.75
copan,2013-06-03,18.516,14.75,271.25
comayagua,2013-06-04,17.609,14.25,272.25
ocotepeque,2013-06-04,20.429,14.25,270.75
copan,2013-06-04,18.026,14.75,271.25
comayagua,2013-06-05,18.86,14.25,272.25
ocotepeque,2013-06-05,23.522,14.25,270.75
copan,2013-06-05,19.298,14.75,271.25
comayagua,2013-06-06,17.498,14.25,272.25
ocotepeque,2013-06-06,20.603,14.25,270.75
copan,2013-06-06,17.357,14.75,271.25
comayagua,2013-06-07,18.374,14.25,272.25
ocotepeque,2013-06-07,19.929,14.25,270.75
copan,2013-06-07,18.724,14.75,271.25
comayagua,2013-06-08,18.742,14.25,272.25
ocotepeque,2013-06-08,20.294,14.25,270.75
copan,2013-06-08,18.626,14.75,271.25
comayagua,2013-06-09,16.118,14.25,272.25
ocotepeque,2013-06-09,18.828,14.25,270.75
copan,2013-06-09,17.686,14.75,271.25
comayagua,2013-06-10,16.161,14.25,272.25
ocotepeque,2013-06-10,19.959,14.25,270.75
copan,2013-06-10,17.809,14.75,271.25
comayagua,2013-06-11,16.717,14.25,272.25
ocotepeque,2013-06-11,19.299,14.25,270.75
copan,2013-06-11,17.527,14.75,271.25
comayagua,2013-06-12,17.768,14.25,272.25
ocotepeque,2013-06-12,21.769,14.25,270.75
copan,2013-06-12,16.886,14.75,271.25
comayagua,2013-06-13,19.343,14.25,272.25
ocotepeque,2013-06-13,19.498,14.25,270.75
copan,2013-06-13,16.597,14.75,271.25
comayagua,2013-06-14,19.379,14.25,272.25
ocotepeque,2013-06-14,18.894,14.25,270.75
copan,2013-06-14,15.533,14.75,271.25
comayagua,2013-06-15,17.598,14.25,272.25
ocotepeque,2013-06-15,18.704,14.25,270.75
copan,2013-06-15,15.578,14.75,271.25
comayagua,2013-06-16,16.999,14.25,272.25
ocotepeque,2013-06-16,18.551,14.25,270.75
copan,2013-06-16,17.027,14.75,271.25
comayagua,2013-06-17,17.905,14.25,272.25
ocotepeque,2013-06-17,20.369,14.25,270.75
copan,2013-06-17,17.666,14.75,271.25
comayagua,2013-06-18,18.486,14.25,272.25
ocotepeque,2013-06-18,20.914,14.25,270.75
copan,2013-06-18,17.59,14.75,271.25
comayagua,2013-06-19,17.545,14.25,272.25
ocotepeque,2013-06-19,20.61,14.25,270.75
copan,2013-06-19,18.598,14.75,271.25
comayagua,2013-06-20,18.091,14.25,272.25
ocotepeque,2013-06-20,19.734,14.25,270.75
copan,2013-06-20,17.8,14.75,271.25
comayagua,2013-06-21,17.569,14.25,272.25
ocotepeque,2013-06-21,22.65,14.25,270.75
copan,2013-06-21,18.208,14.75,271.25
comayagua,2013-06-22,17.287,14.25,272.25
ocotepeque,2013-06-22,21.363,14.25,270.75
copan,2013-06-22,16.867,14.75,271.25
comayagua,2013-06-23,17.12,14.25,272.25
ocotepeque,2013-06-23,19.453,14.25,270.75
copan,2013-06-23,16.469,14.75,271.25
comayagua,2013-06-24,18.547,14.25,272.25
ocotepeque,2013-06-24,22.85,14.25,270.75
copan,2013-06-24,16.404,14.75,271.25
comayagua,2013-06-25,17.773,14.25,272.25
ocotepeque,2013-06-25,22.317,14.25,270.75
copan,2013-06-25,16.395,14.75,271.25
comayagua,2013-06-26,16.741,14.25,272.25
ocotepeque,2013-06-26,22.128,14.25,270.75
copan,2013-06-26,16.649,14.75,271.25
comayagua,2013-06-27,16.157,14.25,272.25
ocotepeque,2013-06-27,19.709,14.25,270.75
copan,2013-06-27,16.83,14.75,271.25
comayagua,2013-06-28,16.824,14.25,272.25
ocotepeque,2013-06-28,22.64,14.25,270.75
copan,2013-06-28,17.82,14.75,271.25
comayagua,2013-06-29,18.058,14.25,272.25
ocotepeque,2013-06-29,20.524,14.25,270.75
copan,2013-06-29,18.65,14.75,271.25
comayagua,2013-06-30,17.53,14.25,272.25
ocotepeque,2013-06-30,21.451,14.25,270.75
copan,2013-06-30,17.131,14.75,271.25
comayagua,2013-07-01,19.926,14.25,272.25
ocotepeque,2013-07-01,21.566,14.25,270.75
copan,2013-07-01,17.342,14.75,271.25
comayagua,2013-07-02,17.49,14.25,272.25
ocotepeque,2013-07-02,21.731,14.25,270.75
copan,2013-07-02,18.233,14.75,271.25
comayagua,2013-07-03,17.125,14.25,272.25
ocotepeque,2013-07-03,21.81,14.25,270.75
copan,2013-07-03,17.354,14.75,271.25
comayagua,2013-07-04,18.064,14.25,272.25
ocotepeque,2013-07-04,20.962,14.25,270.75
copan,2013-07-04,17.039,14.75,271.25
comayagua,2013-07-05,16.669,14.25,272.25
ocotepeque,2013-07-05,22.747,14.25,270.75
copan,2013-07-05,17.545,14.75,271.25
comayagua,2013-07-06,15.672,14.25,272.25
ocotepeque,2013-07-06,21.855,14.25,270.75
copan,2013-07-06,15.902,14.75,271.25
comayagua,2013-07-07,15.025,14.25,272.25
ocotepeque,2013-07-07,22.756,14.25,270.75
copan,2013-07-07,17.366,14.75,271.25
comayagua,2013-07-08,17.782,14.25,272.25
ocotepeque,2013-07-08,25.766,14.25,270.75
copan,2013-07-08,16.512,14.75,271.25
comayagua,2013-07-09,18.69,14.25,272.25
ocotepeque,2013-07-09,24.725,14.25,270.75
copan,2013-07-09,18.291,14.75,271.25
comayagua,2013-07-10,18.197,14.25,272.25
ocotepeque,2013-07-10,23.044,14.25,270.75
copan,2013-07-10,18.106,14.75,271.25
comayagua,2013-07-11,17.315,14.25,272.25
ocotepeque,2013-07-11,22.243,14.25,270.75
copan,2013-07-11,16.85,14.75,271.25
comayagua,2013-07-12,21.031,14.25,272.25
ocotepeque,2013-07-12,21.563,14.25,270.75
copan,2013-07-12,20.049,14.75,271.25
comayagua,2013-07-13,18.174,14.25,272.25
ocotepeque,2013-07-13,20.15,14.25,270.75
copan,2013-07-13,16.111,14.75,271.25
comayagua,2013-07-14,17.332,14.25,272.25
ocotepeque,2013-07-14,21.565,14.25,270.75
copan,2013-07-14,16.669,14.75,271.25
comayagua,2013-07-15,16.023,14.25,272.25
ocotepeque,2013-07-15,23.298,14.25,270.75
copan,2013-07-15,17.266,14.75,271.25
comayagua,2013-07-16,17.611,14.25,272.25
ocotepeque,2013-07-16,23.62,14.25,270.75
copan,2013-07-16,16.385,14.75,271.25
comayagua,2013-07-17,17.932,14.25,272.25
ocotepeque,2013-07-17,19.901,14.25,270.75
copan,2013-07-17,17.575,14.75,271.25
comayagua,2013-07-18,17.947,14.25,272.25
ocotepeque,2013-07-18,22.674,14.25,270.75
copan,2013-07-18,16.604,14.75,271.25
comayagua,2013-07-19,18.424,14.25,272.25
ocotepeque,2013-07-19,21.936,14.25,270.75
copan,2013-07-19,16.829,14.75,271.25
comayagua,2013-07-20,17.401,14.25,272.25
ocotepeque,2013-07-20,22.662,14.25,270.75
copan,2013-07-20,16.733,14.75,271.25
comayagua,2013-07-21,17.019,14.25,272.25
ocotepeque,2013-07-21,21.701,14.25,270.75
copan,2013-07-21,16.177,14.75,271.25
comayagua,2013-07-22,16.617,14.25,272.25
ocotepeque,2013-07-22,22.596,14.25,270.75
copan,2013-07-22,16.94,14.75,271.25
comayagua,2013-07-23,18.654,14.25,272.25
ocotepeque,2013-07-23,23.504,14.25,270.75
copan,2013-07-23,18.656,14.75,271.25
comayagua,2013-07-24,17.699,14.25,272.25
ocotepeque,2013-07-24,23.674,14.25,270.75
copan,2013-07-24,16.179,14.75,271.25
comayagua,2013-07-25,19.223,14.25,272.25
ocotepeque,2013-07-25,19.845,14.25,270.75
copan,2013-07-25,18.044,14.75,271.25
comayagua,2013-07-26,18.5,14.25,272.25
ocotepeque,2013-07-26,23.562,14.25,270.75
copan,2013-07-26,17.574,14.75,271.25
comayagua,2013-07-27,18.498,14.25,272.25
ocotepeque,2013-07-27,23.077,14.25,270.75
copan,2013-07-27,16.584,14.75,271.25
comayagua,2013-07-28,18.075,14.25,272.25
ocotepeque,2013-07-28,22.937,14.25,270.75
copan,2013-07-28,16.936,14.75,271.25
comayagua,2013-07-29,18.356,14.25,272.25
ocotepeque,2013-07-29,22.762,14.25,270.75
copan,2013-07-29,18.224,14.75,271.25
comayagua,2013-07-30,17.997,14.25,272.25
ocotepeque,2013-07-30,19.335,14.25,270.75
copan,2013-07-30,16.423,14.75,271.25
comayagua,2013-07-31,16.749,14.25,272.25
ocotepeque,2013-07-31,22.79,14.25,270.75
copan,2013-07-31,18.25,14.75,271.25
comayagua,2013-08-01,18.547,14.25,272.25
ocotepeque,2013-08-01,22.652,14.25,270.75
copan,2013-08-01,15.915,14.75,271.25
comayagua,2013-08-02,20.918,14.25,272.25
ocotepeque,2013-08-02,22.556,14.25,270.75
copan,2013-08-02,16.991,14.75,271.25
comayagua,2013-08-03,16.391,14.25,272.25
ocotepeque,2013-08-03,23.518,14.25,270.75
copan,2013-08-03,20.882,14.75,271.25
comayagua,2013-08-04,18.067,14.25,272.25
ocotepeque,2013-08-04,22.771,14.25,270.75
copan,2013-08-04,17.907,14.75,271.25
comayagua,2013-08-05,18.82,14.25,272.25
ocotepeque,2013-08-05,22.929,14.25,270.75
copan,2013-08-05,15.954,14.75,271.25
comayagua,2013-08-06,17.5,14.25,272.25
ocotepeque,2013-08-06,23.806,14.25,270.75
copan,2013-08-06,18.218,14.75,271.25
comayagua,2013-08-07,16.346,14.25,272.25
ocotepeque,2013-08-07,24.16,14.25,270.75
copan,2013-08-07,16.009,14.75,271.25
comayagua,2013-08-08,13.788,14.25,272.25
ocotepeque,2013-08-08,18.035,14.25,270.75
copan,2013-08-08,15.816,14.75,271.25
comayagua,2013-08-09,15.778,14.25,272.25
ocotepeque,2013-08-09,21.734,14.25,270.75
copan,2013-08-09,15.826,14.75,271.25
comayagua,2013-08-10,16.046,14.25,272.25
ocotepeque,2013-08-10,23.18,14.25,270.75
copan,2013-08-10,16.041,14.75,271.25
comayagua,2013-08-11,17.733,14.25,272.25
ocotepeque,2013-08-11,23.159,14.25,270.75
copan,2013-08-11,18.008,14.75,271.25
comayagua,2013-08-12,17.99,14.25,272.25
ocotepeque,2013-08-12,22.05,14.25,270.75
copan,2013-08-12,17.435,14.75,271.25
comayagua,2013-08-13,17.446,14.25,272.25
ocotepeque,2013-08-13,22.771,14.25,270.75
copan,2013-08-13,16.529,14.75,271.25
comayagua,2013-08-14,17.258,14.25,272.25
ocotepeque,2013-08-14,22.458,14.25,270.75
copan,2013-08-14,16.182,14.75,271.25
comayagua,2013-08-15,18.257,14.25,272.25
ocotepeque,2013-08-15,22.478,14.25,270.75
copan,2013-08-15,16.276,14.75,271.25
comayagua,2013-08-16,18.823,14.25,272.25
ocotepeque,2013-08-16,23.498,14.25,270.75
copan,2013-08-16,19.006,14.75,271.25
comayagua,2013-08-17,17.827,14.25,272.25
ocotepeque,2013-08-17,23.222,14.25,270.75
copan,2013-08-17,17.163,14.75,271.25
comayagua,2013-08-18,15.658,14.25,272.25
ocotepeque,2013-08-18,18.697,14.25,270.75
copan,2013-08-18,16.51,14.75,271.25
comayagua,2013-08-19,17.54,14.25,272.25
ocotepeque,2013-08-19,19.586,14.25,270.75
copan,2013-08-19,17.74,14.75,271.25
comayagua,2013-08-20,16.849,14.25,272.25
ocotepeque,2013-08-20,21.657,14.25,270.75
copan,2013-08-20,16.918,14.75,271.25
comayagua,2013-08-21,18.602,14.25,272.25
ocotepeque,2013-08-21,23.877,14.25,270.75
copan,2013-08-21,18.258,14.75,271.25
comayagua,2013-08-22,19.67,14.25,272.25
ocotepeque,2013-08-22,23.217,14.25,270.75
copan,2013-08-22,18.679,14.75,271.25
comayagua,2013-08-23,18.569,14.25,272.25
ocotepeque,2013-08-23,22.882,14.25,270.75
copan,2013-08-23,16.711,14.75,271.25
comayagua,2013-08-24,17.674,14.25,272.25
ocotepeque,2013-08-24,19.259,14.25,270.75
copan,2013-08-24,17.537,14.75,271.25
comayagua,2013-08-25,18.405,14.25,272.25
ocotepeque,2013-08-25,21.331,14.25,270.75
copan,2013-08-25,17.842,14.75,271.25
comayagua,2013-08-26,13.217,14.25,272.25
ocotepeque,2013-08-26,20.28,14.25,270.75
copan,2013-08-26,15.338,14.75,271.25
comayagua,2013-08-27,18.636,14.25,272.25
ocotepeque,2013-08-27,23.683,14.25,270.75
copan,2013-08-27,17.965,14.75,271.25
comayagua,2013-08-28,16.548,14.25,272.25
ocotepeque,2013-08-28,21.961,14.25,270.75
copan,2013-08-28,16.494,14.75,271.25
comayagua,2013-08-29,18.067,14.25,272.25
ocotepeque,2013-08-29,22.914,14.25,270.75
copan,2013-08-29,17.956,14.75,271.25
comayagua,2013-08-30,18.543,14.25,272.25
ocotepeque,2013-08-30,23.754,14.25,270.75
copan,2013-08-30,18.564,14.75,271.25
comayagua,2013-08-31,17.948,14.25,272.25
ocotepeque,2013-08-31,22.611,14.25,270.75
copan,2013-08-31,17.687,14.75,271.25
comayagua,2013-09-01,17.623,14.25,272.25
ocotepeque,2013-09-01,20.323,14.25,270.75
copan,2013-09-01,16.067,14.75,271.25
comayagua,2013-09-02,17.813,14.25,272.25
ocotepeque,2013-09-02,20.947,14.25,270.75
copan,2013-09-02,16.697,14.75,271.25
comayagua,2013-09-03,16.122,14.25,272.25
ocotepeque,2013-09-03,21.352,14.25,270.75
copan,2013-09-03,17.221,14.75,271.25
comayagua,2013-09-04,17.377,14.25,272.25
ocotepeque,2013-09-04,22.107,14.25,270.75
copan,2013-09-04,16.633,14.75,271.25
comayagua,2013-09-05,16.622,14.25,272.25
ocotepeque,2013-09-05,22.465,14.25,270.75
copan,2013-09-05,17.06,14.75,271.25
comayagua,2013-09-06,16.088,14.25,272.25
ocotepeque,2013-09-06,22.648,14.25,270.75
copan,2013-09-06,17.555,14.75,271.25
comayagua,2013-09-07,17.254,14.25,272.25
ocotepeque,2013-09-07,21.028,14.25,270.75
copan,2013-09-07,15.958,14.75,271.25
comayagua,2013-09-08,17.712,14.25,272.25
ocotepeque,2013-09-08,21.385,14.25,270.75
copan,2013-09-08,17.759,14.75,271.25
comayagua,2013-09-09,23.156,14.25,272.25
ocotepeque,2013-09-09,23.321,14.25,270.75
copan,2013-09-09,22.754,14.75,271.25
comayagua,2013-09-10,18.049,14.25,272.25
ocotepeque,2013-09-10,22.732,14.25,270.75
copan,2013-09-10,17.67,14.75,271.25
comayagua,2013-09-11,17.537,14.25,272.25
ocotepeque,2013-09-11,20.914,14.25,270.75
copan,2013-09-11,17.152,14.75,271.25
comayagua,2013-09-12,17.505,14.25,272.25
ocotepeque,2013-09-12,20.452,14.25,270.75
copan,2013-09-12,17.229,14.75,271.25
comayagua,2013-09-13,18.132,14.25,272.25
ocotepeque,2013-09-13,22.526,14.25,270.75
copan,2013-09-13,17.85,14.75,271.25
comayagua,2013-09-14,17.81,14.25,272.25
ocotepeque,2013-09-14,22.491,14.25,270.75
copan,2013-09-14,17.045,14.75,271.25
comayagua,2013-09-15,17.531,14.25,272.25
ocotepeque,2013-09-15,24.178,14.25,270.75
copan,2013-09-15,16.636,14.75,271.25
comayagua,2013-09-16,18.033,14.25,272.25
ocotepeque,2013-09-16,22.157,14.25,270.75
copan,2013-09-16,17.776,14.75,271.25
comayagua,2013-09-17,18.284,14.25,272.25
ocotepeque,2013-09-17,22.803,14.25,270.75
copan,2013-09-17,19.063,14.75,271.25
comayagua,2013-09-18,18.179,14.25,272.25
ocotepeque,2013-09-18,21.917,14.25,270.75
copan,2013-09-18,18.337,14.75,271.25
comayagua,2013-09-19,17.765,14.25,272.25
ocotepeque,2013-09-19,22.404,14.25,270.75
copan,2013-09-19,17.724,14.75,271.25
comayagua,2013-09-20,18.057,14.25,272.25
ocotepeque,2013-09-20,22.319,14.25,270.75
copan,2013-09-20,18.688,14.75,271.25
comayagua,2013-09-21,18.492,14.25,272.25
ocotepeque,2013-09-21,22.633,14.25,270.75
copan,2013-09-21,18.572,14.75,271.25
comayagua,2013-09-22,18.897,14.25,272.25
ocotepeque,2013-09-22,23.305,14.25,270.75
copan,2013-09-22,18.791,14.75,271.25
comayagua,2013-09-23,17.269,14.25,272.25
ocotepeque,2013-09-23,21.418,14.25,270.75
copan,2013-09-23,17.437,14.75,271.25
comayagua,2013-09-24,17.098,14.25,272.25
ocotepeque,2013-09-24,23.347,14.25,270.75
copan,2013-09-24,16.128,14.75,271.25
comayagua,2013-09-25,17.319,14.25,272.25
ocotepeque,2013-09-25,18.955,14.25,270.75
copan,2013-09-25,17.373,14.75,271.25
comayagua,2013-09-26,17.131,14.25,272.25
ocotepeque,2013-09-26,23.928,14.25,270.75
copan,2013-09-26,19.312,14.75,271.25
comayagua,2013-09-27,15.819,14.25,272.25
ocotepeque,2013-09-27,21.858,14.25,270.75
copan,2013-09-27,16.25,14.75,271.25
comayagua,2013-09-28,16.006,14.25,272.25
ocotepeque,2013-09-28,22.405,14.25,270.75
copan,2013-09-28,16.869,14.75,271.25
comayagua,2013-09-29,16.003,14.25,272.25
ocotepeque,2013-09-29,21.408,14.25,270.75
copan,2013-09-29,16.032,14.75,271.25
comayagua,2013-09-30,16.954,14.25,272.25
ocotepeque,2013-09-30,21.454,14.25,270.75
copan,2013-09-30,15.63,14.75,271.25
comayagua,2013-10-01,15.9,14.25,272.25
ocotepeque,2013-10-01,22.663,14.25,270.75
copan,2013-10-01,15.445,14.75,271.25
comayagua,2013-10-02,16.21,14.25,272.25
ocotepeque,2013-10-02,22.329,14.25,270.75
copan,2013-10-02,14.972,14.75,271.25
comayagua,2013-10-03,20.064,14.25,272.25
ocotepeque,2013-10-03,22.02,14.25,270.75
copan,2013-10-03,18.88,14.75,271.25
comayagua,2013-10-04,15.846,14.25,272.25
ocotepeque,2013-10-04,22.483,14.25,270.75
copan,2013-10-04,18.068,14.75,271.25
comayagua,2013-10-05,18.221,14.25,272.25
ocotepeque,2013-10-05,23.86,14.25,270.75
copan,2013-10-05,18.096,14.75,271.25
comayagua,2013-10-06,18.053,14.25,272.25
ocotepeque,2013-10-06,19.897,14.25,270.75
copan,2013-10-06,18.102,14.75,271.25
comayagua,2013-10-07,17.409,14.25,272.25
ocotepeque,2013-10-07,20.12,14.25,270.75
copan,2013-10-07,17.616,14.75,271.25
comayagua,2013-10-08,16.966,14.25,272.25
ocotepeque,2013-10-08,18.681,14.25,270.75
copan,2013-10-08,17.175,14.75,271.25
comayagua,2013-10-09,16.689,14.25,272.25
ocotepeque,2013-10-09,21.592,14.25,270.75
copan,2013-10-09,17.0,14.75,271.25
comayagua,2013-10-10,16.182,14.25,272.25
ocotepeque,2013-10-10,22.63,14.25,270.75
copan,2013-10-10,17.932,14.75,271.25
comayagua,2013-10-11,16.973,14.25,272.25
ocotepeque,2013-10-11,22.718,14.25,270.75
copan,2013-10-11,17.177,14.75,271.25
comayagua,2013-10-12,17.252,14.25,272.25
ocotepeque,2013-10-12,23.195,14.25,270.75
copan,2013-10-12,18.222,14.75,271.25
comayagua,2013-10-13,18.301,14.25,272.25
ocotepeque,2013-10-13,23.255,14.25,270.75
copan,2013-10-13,17.199,14.75,271.25
comayagua,2013-10-14,16.805,14.25,272.25
ocotepeque,2013-10-14,22.22,14.25,270.75
copan,2013-10-14,15.805,14.75,271.25
comayagua,2013-10-15,17.853,14.25,272.25
ocotepeque,2013-10-15,22.766,14.25,270.75
copan,2013-10-15,16.927,14.75,271.25
comayagua,2013-10-16,21.161,14.25,272.25
ocotepeque,2013-10-16,23.712,14.25,270.75
copan,2013-10-16,19.363,14.75,271.25
comayagua,2013-10-17,18.025,14.25,272.25
ocotepeque,2013-10-17,22.497,14.25,270.75
copan,2013-10-17,18.806,14.75,271.25
comayagua,2013-10-18,17.849,14.25,272.25
ocotepeque,2013-10-18,23.54,14.25,270.75
copan,2013-10-18,18.301,14.75,271.25
comayagua,2013-10-19,18.048,14.25,272.25
ocotepeque,2013-10-19,22.033,14.25,270.75
copan,2013-10-19,18.885,14.75,271.25
comayagua,2013-10-20,16.811,14.25,272.25
ocotepeque,2013-10-20,21.582,14.25,270.75
copan,2013-10-20,17.227,14.75,271.25
comayagua,2013-10-21,17.614,14.25,272.25
ocotepeque,2013-10-21,21.807,14.25,270.75
copan,2013-10-21,16.738,14.75,271.25
comayagua,2013-10-22,15.948,14.25,272.25
ocotepeque,2013-10-22,20.907,14.25,270.75
copan,2013-10-22,15.72,14.75,271.25
comayagua,2013-10-23,17.463,14.25,272.25
ocotepeque,2013-10-23,19.154,14.25,270.75
copan,2013-10-23,18.02,14.75,271.25
comayagua,2013-10-24,16.714,14.25,272.25
ocotepeque,2013-10-24,22.645,14.25,270.75
copan,2013-10-24,17.025,14.75,271.25
comayagua,2013-10-25,18.582,14.25,272.25
ocotepeque,2013-10-25,23.649,14.25,270.75
copan,2013-10-25,18.569,14.75,271.25
comayagua,2013-10-26,18.022,14.25,272.25
ocotepeque,2013-10-26,22.652,14.25,270.75
copan,2013-10-26,18.368,14.75,271.25
comayagua,2013-10-27,18.369,14.25,272.25
ocotepeque,2013-10-27,21.175,14.25,270.75
copan,2013-10-27,17.412,14.75,271.25
comayagua,2013-10-28,18.796,14.25,272.25
ocotepeque,2013-10-28,21.412,14.25,270.75
copan,2013-10-28,17.984,14.75,271.25
comayagua,2013-10-29,17.896,14.25,272.25
ocotepeque,2013-10-29,23.313,14.25,270.75
copan,2013-10-29,18.866,14.75,271.25
comayagua,2013-10-30,18.561,14.25,272.25
ocotepeque,2013-10-30,23.438,14.25,270.75
copan,2013-10-30,18.485,14.75,271.25
comayagua,2013-10-31,17.649,14.25,272.25
ocotepeque,2013-10-31,24.719,14.25,270.75
copan,2013-10-31,18.211,14.75,271.25
comayagua,2013-11-01,16.926,14.25,272.25
ocotepeque,2013-11-01,19.407,14.25,270.75
copan,2013-11-01,17.65,14.75,271.25
comayagua,2013-11-02,16.028,14.25,272.25
ocotepeque,2013-11-02,24.005,14.25,270.75
copan,2013-11-02,18.565,14.75,271.25
comayagua,2013-11-03,14.778,14.25,272.25
ocotepeque,2013-11-03,17.758,14.25,270.75
copan,2013-11-03,14.344,14.75,271.25
comayagua,2013-11-04,16.668,14.25,272.25
ocotepeque,2013-11-04,21.962,14.25,270.75
copan,2013-11-04,15.958,14.75,271.25
comayagua,2013-11-05,16.664,14.25,272.25
ocotepeque,2013-11-05,22.531,14.25,270.75
copan,2013-11-05,16.386,14.75,271.25
comayagua,2013-11-06,16.041,14.25,272.25
ocotepeque,2013-11-06,21.454,14.25,270.75
copan,2013-11-06,14.337,14.75,271.25
comayagua,2013-11-07,16.93,14.25,272.25
ocotepeque,2013-11-07,23.222,14.25,270.75
copan,2013-11-07,18.068,14.75,271.25
comayagua,2013-11-08,18.625,14.25,272.25
ocotepeque,2013-11-08,22.524,14.25,270.75
copan,2013-11-08,17.63,14.75,271.25
comayagua,2013-11-09,18.731,14.25,272.25
ocotepeque,2013-11-09,22.416,14.25,270.75
copan,2013-11-09,17.112,14.75,271.25
comayagua,2013-11-10,18.332,14.25,272.25
ocotepeque,2013-11-10,22.44,14.25,270.75
copan,2013-11-10,17.167,14.75,271.25
comayagua,2013-11-11,18.617,14.25,272.25
ocotepeque,2013-11-11,22.297,14.25,270.75
copan,2013-11-11,17.677,14.75,271.25
comayagua,2013-11-12,17.155,14.25,272.25
ocotepeque,2013-11-12,23.61,14.25,270.75
copan,2013-11-12,17.956,14.75,271.25
comayagua,2013-11-13,18.416,14.25,272.25
ocotepeque,2013-11-13,23.185,14.25,270.75
copan,2013-11-13,17.106,14.75,271.25
comayagua,2013-11-14,18.091,14.25,272.25
ocotepeque,2013-11-14,23.222,14.25,270.75
copan,2013-11-14,17.566,14.75,271.25
comayagua,2013-11-15,17.364,14.25,272.25
ocotepeque,2013-11-15,22.541,14.25,270.75
copan,2013-11-15,17.287,14.75,271.25
comayagua,2013-11-16,17.658,14.25,272.25
ocotepeque,2013-11-16,22.93,14.25,270.75
copan,2013-11-16,18.453,14.75,271.25
comayagua,2013-11-17,13.966,14.25,272.25
ocotepeque,2013-11-17,16.068,14.25,270.75
copan,2013-11-17,15.819,14.75,271.25
comayagua,2013-11-18,17.155,14.25,272.25
ocotepeque,2013-11-18,25.453,14.25,270.75
copan,2013-11-18,16.586,14.75,271.25
comayagua,2013-11-19,15.759,14.25,272.25
ocotepeque,2013-11-19,21.953,14.25,270.75
copan,2013-11-19,13.625,14.75,271.25
comayagua,2013-11-20,15.663,14.25,272.25
ocotepeque,2013-11-20,22.288,14.25,270.75
copan,2013-11-20,15.286,14.75,271.25
comayagua,2013-11-21,16.304,14.25,272.25
ocotepeque,2013-11-21,23.137,14.25,270.75
copan,2013-11-21,16.857,14.75,271.25
comayagua,2013-11-22,17.243,14.25,272.25
ocotepeque,2013-11-22,23.148,14.25,270.75
copan,2013-11-22,16.288,14.75,271.25
comayagua,2013-11-23,18.486,14.25,272.25
ocotepeque,2013-11-23,22.416,14.25,270.75
copan,2013-11-23,17.684,14.75,271.25
comayagua,2013-11-24,17.202,14.25,272.25
ocotepeque,2013-11-24,22.2,14.25,270.75
copan,2013-11-24,16.093,14.75,271.25
comayagua,2013-11-25,17.61,14.25,272.25
ocotepeque,2013-11-25,22.282,14.25,270.75
copan,2013-11-25,17.036,14.75,271.25
comayagua,2013-11-26,13.606,14.25,272.25
ocotepeque,2013-11-26,21.914,14.25,270.75
copan,2013-11-26,14.93,14.75,271.25
comayagua,2013-11-27,15.566,14.25,272.25
ocotepeque,2013-11-27,22.089,14.25,270.75
copan,2013-11-27,14.288,14.75,271.25
comayagua,2013-11-28,11.723,14.25,272.25
ocotepeque,2013-11-28,18.095,14.25,270.75
copan,2013-11-28,11.763,14.75,271.25
comayagua,2013-11-29,13.129,14.25,272.25
ocotepeque,2013-11-29,18.758,14.25,270.75
copan,2013-11-29,11.337,14.75,271.25
comayagua,2013-11-30,13.268,14.25,272.25
ocotepeque,2013-11-30,18.724,14.25,270.75
copan,2013-11-30,11.485,14.75,271.25
comayagua,2013-12-01,11.91,14.25,272.25
ocotepeque,2013-12-01,19.362,14.25,270.75
copan,2013-12-01,12.532,14.75,271.25
comayagua,2013-12-02,14.831,14.25,272.25
ocotepeque,2013-12-02,15.251,14.25,270.75
copan,2013-12-02,14.314,14.75,271.25
comayagua,2013-12-03,14.524,14.25,272.25
ocotepeque,2013-12-03,20.717,14.25,270.75
copan,2013-12-03,13.062,14.75,271.25
comayagua,2013-12-04,12.641,14.25,272.25
ocotepeque,2013-12-04,19.474,14.25,270.75
copan,2013-12-04,13.415,14.75,271.25
comayagua,2013-12-05,13.232,14.25,272.25
ocotepeque,2013-12-05,20.343,14.25,270.75
copan,2013-12-05,13.21,14.75,271.25
comayagua,2013-12-06,13.331,14.25,272.25
ocotepeque,2013-12-06,20.884,14.25,270.75
copan,2013-12-06,12.657,14.75,271.25
comayagua,2013-12-07,18.013,14.25,272.25
ocotepeque,2013-12-07,23.68,14.25,270.75
copan,2013-12-07,17.482,14.75,271.25
comayagua,2013-12-08,17.054,14.25,272.25
ocotepeque,2013-12-08,18.477,14.25,270.75
copan,2013-12-08,16.881,14.75,271.25
comayagua,2013-12-09,17.303,14.25,272.25
ocotepeque,2013-12-09,21.459,14.25,270.75
copan,2013-12-09,15.366,14.75,271.25
comayagua,2013-12-10,16.449,14.25,272.25
ocotepeque,2013-12-10,21.702,14.25,270.75
copan,2013-12-10,17.259,14.75,271.25
comayagua,2013-12-11,16.144,14.25,272.25
ocotepeque,2013-12-11,20.256,14.25,270.75
copan,2013-12-11,15.226,14.75,271.25
comayagua,2013-12-12,17.513,14.25,272.25
ocotepeque,2013-12-12,21.17,14.25,270.75
copan,2013-12-12,12.386,14.75,271.25
comayagua,2013-12-13,17.255,14.25,272.25
ocotepeque,2013-12-13,21.708,14.25,270.75
copan,2013-12-13,15.947,14.75,271.25
comayagua,2013-12-14,17.646,14.25,272.25
ocotepeque,2013-12-14,17.943,14.25,270.75
copan,2013-12-14,16.071,14.75,271.25
comayagua,2013-12-15,14.958,14.25,272.25
ocotepeque,2013-12-15,20.696,14.25,270.75
copan,2013-12-15,16.362,14.75,271.25
comayagua,2013-12-16,18.062,14.25,272.25
ocotepeque,2013-12-16,22.736,14.25,270.75
copan,2013-12-16,17.583,14.75,271.25
comayagua,2013-12-17,17.725,14.25,272.25
ocotepeque,2013-12-17,21.684,14.25,270.75
copan,2013-12-17,15.622,14.75,271.25
comayagua,2013-12-18,17.32,14.25,272.25
ocotepeque,2013-12-18,20.776,14.25,270.75
copan,2013-12-18,14.652,14.75,271.25
comayagua,2013-12-19,16.103,14.25,272.25
ocotepeque,2013-12-19,20.319,14.25,270.75
copan,2013-12-19,13.668,14.75,271.25
comayagua,2013-12-20,15.007,14.25,272.25
ocotepeque,2013-12-20,16.541,14.25,270.75
copan,2013-12-20,13.919,14.75,271.25
comayagua,2013-12-21,11.815,14.25,272.25
ocotepeque,2013-12-21,20.997,14.25,270.75
copan,2013-12-21,14.121,14.75,271.25
comayagua,2013-12-22,17.491,14.25,272.25
ocotepeque,2013-12-22,21.755,14.25,270.75
copan,2013-12-22,15.587,14.75,271.25
comayagua,2013-12-23,15.835,14.25,272.25
ocotepeque,2013-12-23,22.069,14.25,270.75
copan,2013-12-23,16.166,14.75,271.25
comayagua,2013-12-24,17.539,14.25,272.25
ocotepeque,2013-12-24,23.554,14.25,270.75
copan,2013-12-24,17.049,14.75,271.25
comayagua,2013-12-25,16.13,14.25,272.25
ocotepeque,2013-12-25,20.866,14.25,270.75
copan,2013-12-25,12.976,14.75,271.25
comayagua,2013-12-26,15.731,14.25,272.25
ocotepeque,2013-12-26,19.331,14.25,270.75
copan,2013-12-26,12.777,14.75,271.25
comayagua,2013-12-27,12.266,14.25,272.25
ocotepeque,2013-12-27,21.602,14.25,270.75
copan,2013-12-27,13.583,14.75,271.25
comayagua,2013-12-28,18.339,14.25,272.25
ocotepeque,2013-12-28,20.883,14.25,270.75
copan,2013-12-28,15.707,14.75,271.25
comayagua,2013-12-29,17.222,14.25,272.25
ocotepeque,2013-12-29,21.769,14.25,270.75
copan,2013-12-29,15.91,14.75,271.25
comayagua,2013-12-30,16.3,14.25,272.25
ocotepeque,2013-12-30,20.722,14.25,270.75
copan,2013-12-30,14.624,14.75,271.25
comayagua,2013-12-31,16.877,14.25,272.25
ocotepeque,2013-12-31,21.969,14.25,270.75
copan,2013-12-31,17.064,14.75,271.25
comayagua,2014-01-01,17.217,14.25,272.25
ocotepeque,2014-01-01,23.818,14.25,270.75
copan,2014-01-01,16.808,14.75,271.25
comayagua,2014-01-02,14.405,14.25,272.25
ocotepeque,2014-01-02,21.231,14.25,270.75
copan,2014-01-02,14.903,14.75,271.25
comayagua,2014-01-03,14.569,14.25,272.25
ocotepeque,2014-01-03,20.792,14.25,270.75
copan,2014-01-03,15.269,14.75,271.25
comayagua,2014-01-04,15.761,14.25,272.25
ocotepeque,2014-01-04,16.676,14.25,270.75
copan,2014-01-04,14.706,14.75,271.25
comayagua,2014-01-05,16.608,14.25,272.25
ocotepeque,2014-01-05,20.169,14.25,270.75
copan,2014-01-05,14.979,14.75,271.25
comayagua,2014-01-06,12.572,14.25,272.25
ocotepeque,2014-01-06,20.472,14.25,270.75
copan,2014-01-06,13.495,14.75,271.25
comayagua,2014-01-07,14.771,14.25,272.25
ocotepeque,2014-01-07,19.996,14.25,270.75
copan,2014-01-07,11.878,14.75,271.25
comayagua,2014-01-08,12.618,14.25,272.25
ocotepeque,2014-01-08,18.823,14.25,270.75
copan,2014-01-08,10.404,14.75,271.25
comayagua,2014-01-09,15.117,14.25,272.25
ocotepeque,2014-01-09,21.502,14.25,270.75
copan,2014-01-09,12.855,14.75,271.25
comayagua,2014-01-10,11.551,14.25,272.25
ocotepeque,2014-01-10,19.609,14.25,270.75
copan,2014-01-10,12.662,14.75,271.25
comayagua,2014-01-11,11.255,14.25,272.25
ocotepeque,2014-01-11,20.56,14.25,270.75
copan,2014-01-11,14.682,14.75,271.25
comayagua,2014-01-12,14.059,14.25,272.25
ocotepeque,2014-01-12,20.757,14.25,270.75
copan,2014-01-12,12.746,14.75,271.25
comayagua,2014-01-13,13.673,14.25,272.25
ocotepeque,2014-01-13,22.157,14.25,270.75
copan,2014-01-13,14.54,14.75,271.25
comayagua,2014-01-14,10.895,14.25,272.25
ocotepeque,2014-01-14,18.924,14.25,270.75
copan,2014-01-14,10.41,14.75,271.25
comayagua,2014-01-15,14.0,14.25,272.25
ocotepeque,2014-01-15,21.097,14.25,270.75
copan,2014-01-15,16.167,14.75,271.25
comayagua,2014-01-16,10.662,14.25,272.25
ocotepeque,2014-01-16,15.724,14.25,270.75
copan,2014-01-16,8.804,14.75,271.25
comayagua,2014-01-17,9.049,14.25,272.25
ocotepeque,2014-01-17,15.618,14.25,270.75
copan,2014-01-17,5.518,14.75,271.25
comayagua,2014-01-18,13.842,14.25,272.25
ocotepeque,2014-01-18,18.242,14.25,270.75
copan,2014-01-18,12.411,14.75,271.25
comayagua,2014-01-19,14.233,14.25,272.25
ocotepeque,2014-01-19,18.389,14.25,270.75
copan,2014-01-19,12.393,14.75,271.25
comayagua,2014-01-20,14.42,14.25,272.25
ocotepeque,2014-01-20,19.474,14.25,270.75
copan,2014-01-20,13.726,14.75,271.25
comayagua,2014-01-21,12.894,14.25,272.25
ocotepeque,2014-01-21,17.859,14.25,270.75
copan,2014-01-21,10.273,14.75,271.25
comayagua,2014-01-22,14.791,14.25,272.25
ocotepeque,2014-01-22,20.084,14.25,270.75
copan,2014-01-22,13.045,14.75,271.25
comayagua,2014-01-23,11.424,14.25,272.25
ocotepeque,2014-01-23,18.095,14.25,270.75
copan,2014-01-23,8.961,14.75,271.25
comayagua,2014-01-24,15.748,14.25,272.25
ocotepeque,2014-01-24,18.125,14.25,270.75
copan,2014-01-24,14.668,14.75,271.25
comayagua,2014-01-25,16.336,14.25,272.25
ocotepeque,2014-01-25,22.08,14.25,270.75
copan,2014-01-25,14.971,14.75,271.25
comayagua,2014-01-26,16.445,14.25,272.25
ocotepeque,2014-01-26,21.907,14.25,270.75
copan,2014-01-26,13.844,14.75,271.25
comayagua,2014-01-27,12.783,14.25,272.25
ocotepeque,2014-01-27,20.193,14.25,270.75
copan,2014-01-27,14.017,14.75,271.25
comayagua,2014-01-28,10.834,14.25,272.25
ocotepeque,2014-01-28,20.189,14.25,270.75
copan,2014-01-28,15.368,14.75,271.25
comayagua,2014-01-29,13.953,14.25,272.25
ocotepeque,2014-01-29,20.947,14.25,270.75
copan,2014-01-29,14.367,14.75,271.25
comayagua,2014-01-30,13.949,14.25,272.25
ocotepeque,2014-01-30,20.792,14.25,270.75
copan,2014-01-30,14.733,14.75,271.25
comayagua,2014-01-31,16.787,14.25,272.25
ocotepeque,2014-01-31,19.682,14.25,270.75
copan,2014-01-31,12.994,14.75,271.25
comayagua,2014-02-01,15.236,14.25,272.25
ocotepeque,2014-02-01,20.214,14.25,270.75
copan,2014-02-01,13.242,14.75,271.25
comayagua,2014-02-02,9.421,14.25,272.25
ocotepeque,2014-02-02,19.955,14.25,270.75
copan,2014-02-02,12.323,14.75,271.25
comayagua,2014-02-03,10.003,14.25,272.25
ocotepeque,2014-02-03,19.362,14.25,270.75
copan,2014-02-03,11.272,14.75,271.25
comayagua,2014-02-04,12.383,14.25,272.25
ocotepeque,2014-02-04,20.611,14.25,270.75
copan,2014-02-04,11.854,14.75,271.25
comayagua,2014-02-05,11.476,14.25,272.25
ocotepeque,2014-02-05,20.557,14.25,270.75
copan,2014-02-05,14.037,14.75,271.25
comayagua,2014-02-06,13.991,14.25,272.25
ocotepeque,2014-02-06,22.518,14.25,270.75
copan,2014-02-06,15.518,14.75,271.25
comayagua,2014-02-07,15.758,14.25,272.25
ocotepeque,2014-02-07,22.065,14.25,270.75
copan,2014-02-07,15.621,14.75,271.25
comayagua,2014-02-08,16.82,14.25,272.25
ocotepeque,2014-02-08,21.642,14.25,270.75
copan,2014-02-08,15.042,14.75,271.25
comayagua,2014-02-09,16.544,14.25,272.25
ocotepeque,2014-02-09,20.235,14.25,270.75
copan,2014-02-09,14.872,14.75,271.25
comayagua,2014-02-10,15.785,14.25,272.25
ocotepeque,2014-02-10,21.224,14.25,270.75
copan,2014-02-10,13.585,14.75,271.25
comayagua,2014-02-11,13.577,14.25,272.25
ocotepeque,2014-02-11,21.342,14.25,270.75
copan,2014-02-11,14.404,14.75,271.25
comayagua,2014-02-12,13.206,14.25,272.25
ocotepeque,2014-02-12,16.833,14.25,270.75
copan,2014-02-12,14.618,14.75,271.25
comayagua,2014-02-13,16.478,14.25,272.25
ocotepeque,2014-02-13,22.723,14.25,270.75
copan,2014-02-13,16.338,14.75,271.25
comayagua,2014-02-14,16.944,14.25,272.25
ocotepeque,2014-02-14,21.692,14.25,270.75
copan,2014-02-14,15.665,14.75,271.25
comayagua,2014-02-15,14.248,14.25,272.25
ocotepeque,2014-02-15,21.023,14.25,270.75
copan,2014-02-15,14.481,14.75,271.25
comayagua,2014-02-16,16.889,14.25,272.25
ocotepeque,2014-02-16,21.513,14.25,270.75
copan,2014-02-16,15.071,14.75,271.25
comayagua,2014-02-17,10.587,14.25,272.25
ocotepeque,2014-02-17,20.742,14.25,270.75
copan,2014-02-17,13.993,14.75,271.25
comayagua,2014-02-18,17.174,14.25,272.25
ocotepeque,2014-02-18,22.013,14.25,270.75
copan,2014-02-18,16.19,14.75,271.25
comayagua,2014-02-19,16.929,14.25,272.25
ocotepeque,2014-02-19,17.864,14.25,270.75
copan,2014-02-19,15.448,14.75,271.25
comayagua,2014-02-20,11.521,14.25,272.25
ocotepeque,2014-02-20,20.549,14.25,270.75
copan,2014-02-20,13.325,14.75,271.25
comayagua,2014-02-21,12.448,14.25,272.25
ocotepeque,2014-02-21,21.375,14.25,270.75
copan,2014-02-21,12.263,14.75,271.25
comayagua,2014-02-22,17.831,14.25,272.25
ocotepeque,2014-02-22,22.682,14.25,270.75
copan,2014-02-22,16.28,14.75,271.25
comayagua,2014-02-23,16.207,14.25,272.25
ocotepeque,2014-02-23,22.253,14.25,270.75
copan,2014-02-23,16.21,14.75,271.25
comayagua,2014-02-24,12.43,14.25,272.25
ocotepeque,2014-02-24,20.297,14.25,270.75
copan,2014-02-24,12.181,14.75,271.25
comayagua,2014-02-25,13.006,14.25,272.25
ocotepeque,2014-02-25,20.772,14.25,270.75
copan,2014-02-25,12.513,14.75,271.25
comayagua,2014-02-26,11.966,14.25,272.25
ocotepeque,2014-02-26,21.031,14.25,270.75
copan,2014-02-26,13.735,14.75,271.25
comayagua,2014-02-27,14.119,14.25,272.25
ocotepeque,2014-02-27,22.657,14.25,270.75
copan,2014-02-27,13.956,14.75,271.25
comayagua,2014-02-28,11.958,14.25,272.25
ocotepeque,2014-02-28,20.457,14.25,270.75
copan,2014-02-28,11.415,14.75,271.25
comayagua,2014-03-01,11.701,14.25,272.25
ocotepeque,2014-03-01,16.543,14.25,270.75
copan,2014-03-01,12.329,14.75,271.25
comayagua,2014-03-02,15.761,14.25,272.25
ocotepeque,2014-03-02,20.872,14.25,270.75
copan,2014-03-02,12.36,14.75,271.25
comayagua,2014-03-03,13.062,14.25,272.25
ocotepeque,2014-03-03,21.451,14.25,270.75
copan,2014-03-03,13.438,14.75,271.25
comayagua,2014-03-04,13.49,14.25,272.25
ocotepeque,2014-03-04,21.399,14.25,270.75
copan,2014-03-04,14.007,14.75,271.25
comayagua,2014-03-05,16.347,14.25,272.25
ocotepeque,2014-03-05,23.065,14.25,270.75
copan,2014-03-05,16.925,14.75,271.25
comayagua,2014-03-06,9.865,14.25,272.25
ocotepeque,2014-03-06,21.694,14.25,270.75
copan,2014-03-06,16.792,14.75,271.25
comayagua,2014-03-07,16.863,14.25,272.25
ocotepeque,2014-03-07,23.189,14.25,270.75
copan,2014-03-07,16.438,14.75,271.25
comayagua,2014-03-08,16.63,14.25,272.25
ocotepeque,2014-03-08,20.707,14.25,270.75
copan,2014-03-08,14.677,14.75,271.25
comayagua,2014-03-09,14.815,14.25,272.25
ocotepeque,2014-03-09,22.397,14.25,270.75
copan,2014-03-09,16.51,14.75,271.25
comayagua,2014-03-10,15.222,14.25,272.25
ocotepeque,2014-03-10,22.34,14.25,270.75
copan,2014-03-10,16.143,14.75,271.25
comayagua,2014-03-11,15.624,14.25,272.25
ocotepeque,2014-03-11,23.117,14.25,270.75
copan,2014-03-11,15.504,14.75,271.25
comayagua,2014-03-12,15.779,14.25,272.25
ocotepeque,2014-03-12,24.494,14.25,270.75
copan,2014-03-12,17.432,14.75,271.25
comayagua,2014-03-13,16.79,14.25,272.25
ocotepeque,2014-03-13,22.954,14.25,270.75
copan,2014-03-13,16.596,14.75,271.25
comayagua,2014-03-14,17.765,14.25,272.25
ocotepeque,2014-03-14,22.313,14.25,270.75
copan,2014-03-14,15.462,14.75,271.25
comayagua,2014-03-15,13.685,14.25,272.25
ocotepeque,2014-03-15,22.781,14.25,270.75
copan,2014-03-15,13.48,14.75,271.25
comayagua,2014-03-16,9.86,14.25,272.25
ocotepeque,2014-03-16,23.104,14.25,270.75
copan,2014-03-16,16.101,14.75,271.25
comayagua,2014-03-17,17.377,14.25,272.25
ocotepeque,2014-03-17,22.749,14.25,270.75
copan,2014-03-17,18.131,14.75,271.25
comayagua,2014-03-18,18.082,14.25,272.25
ocotepeque,2014-03-18,20.811,14.25,270.75
copan,2014-03-18,13.555,14.75,271.25
comayagua,2014-03-19,15.183,14.25,272.25
ocotepeque,2014-03-19,21.423,14.25,270.75
copan,2014-03-19,12.454,14.75,271.25
comayagua,2014-03-20,16.192,14.25,272.25
ocotepeque,2014-03-20,22.822,14.25,270.75
copan,2014-03-20,15.422,14.75,271.25
comayagua,2014-03-21,17.36,14.25,272.25
ocotepeque,2014-03-21,22.933,14.25,270.75
copan,2014-03-21,16.366,14.75,271.25
comayagua,2014-03-22,16.927,14.25,272.25
ocotepeque,2014-03-22,22.213,14.25,270.75
copan,2014-03-22,14.121,14.75,271.25
comayagua,2014-03-23,12.151,14.25,272.25
ocotepeque,2014-03-23,21.793,14.25,270.75
copan,2014-03-23,13.358,14.75,271.25
comayagua,2014-03-24,13.667,14.25,272.25
ocotepeque,2014-03-24,22.385,14.25,270.75
copan,2014-03-24,13.918,14.75,271.25
comayagua,2014-03-25,14.996,14.25,272.25
ocotepeque,2014-03-25,23.353,14.25,270.75
copan,2014-03-25,16.47,14.75,271.25
comayagua,2014-03-26,18.552,14.25,272.25
ocotepeque,2014-03-26,23.523,14.25,270.75
copan,2014-03-26,15.267,14.75,271.25
comayagua,2014-03-27,13.858,14.25,272.25
ocotepeque,2014-03-27,21.997,14.25,270.75
copan,2014-03-27,12.766,14.75,271.25
comayagua,2014-03-28,13.857,14.25,272.25
ocotepeque,2014-03-28,21.482,14.25,270.75
copan,2014-03-28,12.705,14.75,271.25
comayagua,2014-03-29,11.255,14.25,272.25
ocotepeque,2014-03-29,21.73,14.25,270.75
copan,2014-03-29,13.068,14.75,271.25
comayagua,2014-03-30,14.455,14.25,272.25
ocotepeque,2014-03-30,22.38,14.25,270.75
copan,2014-03-30,13.47,14.75,271.25
comayagua,2014-03-31,16.556,14.25,272.25
ocotepeque,2014-03-31,23.068,14.25,270.75
copan,2014-03-31,14.185,14.75,271.25
comayagua,2014-04-01,17.686,14.25,272.25
ocotepeque,2014-04-01,24.95,14.25,270.75
copan,2014-04-01,15.198,14.75,271.25
comayagua,2014-04-02,16.86,14.25,272.25
ocotepeque,2014-04-02,23.066,14.25,270.75
copan,2014-04-02,16.196,14.75,271.25
comayagua,2014-04-03,14.586,14.25,272.25
ocotepeque,2014-04-03,22.606,14.25,270.75
copan,2014-04-03,14.808,14.75,271.25
comayagua,2014-04-04,15.308,14.25,272.25
ocotepeque,2014-04-04,23.702,14.25,270.75
copan,2014-04-04,16.187,14.75,271.25
comayagua,2014-04-05,16.95,14.25,272.25
ocotepeque,2014-04-05,23.534,14.25,270.75
copan,2014-04-05,16.404,14.75,271.25
comayagua,2014-04-06,15.869,14.25,272.25
ocotepeque,2014-04-06,22.834,14.25,270.75
copan,2014-04-06,14.89,14.75,271.25
comayagua,2014-04-07,15.482,14.25,272.25
ocotepeque,2014-04-07,16.665,14.25,270.75
copan,2014-04-07,14.955,14.75,271.25
comayagua,2014-04-08,12.651,14.25,272.25
ocotepeque,2014-04-08,17.018,14.25,270.75
copan,2014-04-08,16.481,14.75,271.25
comayagua,2014-04-09,14.268,14.25,272.25
ocotepeque,2014-04-09,13.815,14.25,270.75
copan,2014-04-09,12.359,14.75,271.25
comayagua,2014-04-10,13.09,14.25,272.25
ocotepeque,2014-04-10,11.607,14.25,270.75
copan,2014-04-10,9.163,14.75,271.25
comayagua,2014-04-11,16.296,14.25,272.25
ocotepeque,2014-04-11,16.152,14.25,270.75
copan,2014-04-11,15.154,14.75,271.25
comayagua,2014-04-12,15.75,14.25,272.25
ocotepeque,2014-04-12,15.95,14.25,270.75
copan,2014-04-12,14.781,14.75,271.25
comayagua,2014-04-13,13.292,14.25,272.25
ocotepeque,2014-04-13,14.386,14.25,270.75
copan,2014-04-13,12.814,14.75,271.25
comayagua,2014-04-14,11.954,14.25,272.25
ocotepeque,2014-04-14,14.64,14.25,270.75
copan,2014-04-14,13.231,14.75,271.25
comayagua,2014-04-15,13.272,14.25,272.25
ocotepeque,2014-04-15,17.504,14.25,270.75
copan,2014-04-15,17.522,14.75,271.25
comayagua,2014-04-16,18.273,14.25,272.25
ocotepeque,2014-04-16,18.635,14.25,270.75
copan,2014-04-16,17.179,14.75,271.25
comayagua,2014-04-17,18.464,14.25,272.25
ocotepeque,2014-04-17,17.909,14.25,270.75
copan,2014-04-17,16.478,14.75,271.25
comayagua,2014-04-18,14.691,14.25,272.25
ocotepeque,2014-04-18,26.657,14.25,270.75
copan,2014-04-18,15.276,14.75,271.25
comayagua,2014-04-19,18.42,14.25,272.25
ocotepeque,2014-04-19,22.964,14.25,270.75
copan,2014-04-19,15.41,14.75,271.25
comayagua,2014-04-20,19.187,14.25,272.25
ocotepeque,2014-04-20,23.599,14.25,270.75
copan,2014-04-20,15.496,14.75,271.25
comayagua,2014-04-21,17.751,14.25,272.25
ocotepeque,2014-04-21,18.789,14.25,270.75
copan,2014-04-21,16.72,14.75,271.25
comayagua,2014-04-22,18.576,14.25,272.25
ocotepeque,2014-04-22,23.646,14.25,270.75
copan,2014-04-22,17.72,14.75,271.25
comayagua,2014-04-23,16.719,14.25,272.25
ocotepeque,2014-04-23,22.629,14.25,270.75
copan,2014-04-23,15.629,14.75,271.25
comayagua,2014-04-24,16.823,14.25,272.25
ocotepeque,2014-04-24,23.448,14.25,270.75
copan,2014-04-24,15.742,14.75,271.25
comayagua,2014-04-25,17.366,14.25,272.25
ocotepeque,2014-04-25,23.568,14.25,270.75
copan,2014-04-25,17.255,14.75,271.25
comayagua,2014-04-26,17.768,14.25,272.25
ocotepeque,2014-04-26,23.349,14.25,270.75
copan,2014-04-26,16.474,14.75,271.25
comayagua,2014-04-27,18.845,14.25,272.25
ocotepeque,2014-04-27,23.011,14.25,270.75
copan,2014-04-27,18.129,14.75,271.25
comayagua,2014-04-28,18.88,14.25,272.25
ocotepeque,2014-04-28,24.535,14.25,270.75
copan,2014-04-28,18.308,14.75,271.25
comayagua,2014-04-29,18.395,14.25,272.25
ocotepeque,2014-04-29,24.443,14.25,270.75
copan,2014-04-29,19.382,14.75,271.25
comayagua,2014-04-30,19.442,14.25,272.25
ocotepeque,2014-04-30,24.604,14.25,270.75
copan,2014-04-30,20.008,14.75,271.25
comayagua,2014-05-01,17.83,14.25,272.25
ocotepeque,2014-05-01,21.499,14.25,270.75
copan,2014-05-01,16.382,14.75,271.25
comayagua,2014-05-02,17.65,14.25,272.25
ocotepeque,2014-05-02,18.973,14.25,270.75
copan,2014-05-02,16.387,14.75,271.25
comayagua,2014-05-03,18.849,14.25,272.25
ocotepeque,2014-05-03,24.251,14.25,270.75
copan,2014-05-03,18.902,14.75,271.25
comayagua,2014-05-04,19.121,14.25,272.25
ocotepeque,2014-05-04,23.645,14.25,270.75
copan,2014-05-04,16.669,14.75,271.25
comayagua,2014-05-05,19.007,14.25,272.25
ocotepeque,2014-05-05,22.429,14.25,270.75
copan,2014-05-05,14.783,14.75,271.25
comayagua,2014-05-06,18.443,14.25,272.25
ocotepeque,2014-05-06,23.045,14.25,270.75
copan,2014-05-06,15.167,14.75,271.25
comayagua,2014-05-07,18.921,14.25,272.25
ocotepeque,2014-05-07,21.567,14.25,270.75
copan,2014-05-07,18.144,14.75,271.25
comayagua,2014-05-08,19.956,14.25,272.25
ocotepeque,2014-05-08,24.762,14.25,270.75
copan,2014-05-08,17.655,14.75,271.25
comayagua,2014-05-09,19.772,14.25,272.25
ocotepeque,2014-05-09,24.063,14.25,270.75
copan,2014-05-09,18.849,14.75,271.25
comayagua,2014-05-10,19.742,14.25,272.25
ocotepeque,2014-05-10,22.233,14.25,270.75
copan,2014-05-10,19.035,14.75,271.25
comayagua,2014-05-11,17.732,14.25,272.25
ocotepeque,2014-05-11,23.415,14.25,270.75
copan,2014-05-11,18.796,14.75,271.25
comayagua,2014-05-12,18.138,14.25,272.25
ocotepeque,2014-05-12,24.546,14.25,270.75
copan,2014-05-12,18.612,14.75,271.25
comayagua,2014-05-13,17.661,14.25,272.25
ocotepeque,2014-05-13,21.652,14.25,270.75
copan,2014-05-13,16.94,14.75,271.25
comayagua,2014-05-14,19.058,14.25,272.25
ocotepeque,2014-05-14,22.763,14.25,270.75
copan,2014-05-14,17.52,14.75,271.25
comayagua,2014-05-15,18.159,14.25,272.25
ocotepeque,2014-05-15,18.661,14.25,270.75
copan,2014-05-15,16.822,14.75,271.25
comayagua,2014-05-16,18.1,14.25,272.25
ocotepeque,2014-05-16,22.772,14.25,270.75
copan,2014-05-16,16.233,14.75,271.25
comayagua,2014-05-17,17.848,14.25,272.25
ocotepeque,2014-05-17,22.208,14.25,270.75
copan,2014-05-17,15.111,14.75,271.25
comayagua,2014-05-18,17.757,14.25,272.25
ocotepeque,2014-05-18,18.598,14.25,270.75
copan,2014-05-18,14.989,14.75,271.25
comayagua,2014-05-19,18.566,14.25,272.25
ocotepeque,2014-05-19,23.142,14.25,270.75
copan,2014-05-19,15.312,14.75,271.25
comayagua,2014-05-20,18.45,14.25,272.25
ocotepeque,2014-05-20,23.599,14.25,270.75
copan,2014-05-20,16.671,14.75,271.25
comayagua,2014-05-21,17.219,14.25,272.25
ocotepeque,2014-05-21,22.928,14.25,270.75
copan,2014-05-21,16.387,14.75,271.25
comayagua,2014-05-22,17.906,14.25,272.25
ocotepeque,2014-05-22,18.926,14.25,270.75
copan,2014-05-22,17.567,14.75,271.25
comayagua,2014-05-23,18.436,14.25,272.25
ocotepeque,2014-05-23,23.568,14.25,270.75
copan,2014-05-23,17.273,14.75,271.25
comayagua,2014-05-24,18.431,14.25,272.25
ocotepeque,2014-05-24,24.277,14.25,270.75
copan,2014-05-24,17.117,14.75,271.25
comayagua,2014-05-25,16.768,14.25,272.25
ocotepeque,2014-05-25,19.624,14.25,270.75
copan,2014-05-25,16.371,14.75,271.25
comayagua,2014-05-26,22.719,14.25,272.25
ocotepeque,2014-05-26,24.453,14.25,270.75
copan,2014-05-26,17.743,14.75,271.25
comayagua,2014-05-27,21.256,14.25,272.25
ocotepeque,2014-05-27,24.364,14.25,270.75
copan,2014-05-27,18.237,14.75,271.25
comayagua,2014-05-28,15.257,14.25,272.25
ocotepeque,2014-05-28,22.975,14.25,270.75
copan,2014-05-28,17.272,14.75,271.25
comayagua,2014-05-29,17.59,14.25,272.25
ocotepeque,2014-05-29,24.137,14.25,270.75
copan,2014-05-29,18.188,14.75,271.25
comayagua,2014-05-30,18.326,14.25,272.25
ocotepeque,2014-05-30,23.943,14.25,270.75
copan,2014-05-30,17.819,14.75,271.25
comayagua,2014-05-31,17.359,14.25,272.25
ocotepeque,2014-05-31,22.63,14.25,270.75
copan,2014-05-31,15.791,14.75,271.25
comayagua,2014-06-01,18.967,14.25,272.25
ocotepeque,2014-06-01,20.96,14.25,270.75
copan,2014-06-01,17.558,14.75,271.25
comayagua,2014-06-02,18.756,14.25,272.25
ocotepeque,2014-06-02,20.549,14.25,270.75
copan,2014-06-02,16.828,14.75,271.25
comayagua,2014-06-03,17.639,14.25,272.25
ocotepeque,2014-06-03,21.496,14.25,270.75
copan,2014-06-03,17.078,14.75,271.25
comayagua,2014-06-04,18.564,14.25,272.25
ocotepeque,2014-06-04,22.653,14.25,270.75
copan,2014-06-04,17.924,14.75,271.25
comayagua,2014-06-05,18.175,14.25,272.25
ocotepeque,2014-06-05,21.849,14.25,270.75
copan,2014-06-05,17.891,14.75,271.25
comayagua,2014-06-06,18.137,14.25,272.25
ocotepeque,2014-06-06,21.717,14.25,270.75
copan,2014-06-06,18.041,14.75,271.25
comayagua,2014-06-07,17.642,14.25,272.25
ocotepeque,2014-06-07,22.234,14.25,270.75
copan,2014-06-07,17.895,14.75,271.25
comayagua,2014-06-08,18.741,14.25,272.25
ocotepeque,2014-06-08,21.854,14.25,270.75
copan,2014-06-08,18.735,14.75,271.25
comayagua,2014-06-09,18.153,14.25,272.25
ocotepeque,2014-06-09,20.814,14.25,270.75
copan,2014-06-09,18.289,14.75,271.25
comayagua,2014-06-10,17.655,14.25,272.25
ocotepeque,2014-06-10,18.854,14.25,270.75
copan,2014-06-10,16.435,14.75,271.25
comayagua,2014-06-11,18.009,14.25,272.25
ocotepeque,2014-06-11,23.298,14.25,270.75
copan,2014-06-11,18.327,14.75,271.25
comayagua,2014-06-12,18.253,14.25,272.25
ocotepeque,2014-06-12,24.28,14.25,270.75
copan,2014-06-12,17.84,14.75,271.25
comayagua,2014-06-13,18.968,14.25,272.25
ocotepeque,2014-06-13,20.51,14.25,270.75
copan,2014-06-13,17.303,14.75,271.25
comayagua,2014-06-14,18.428,14.25,272.25
ocotepeque,2014-06-14,22.789,14.25,270.75
copan,2014-06-14,18.492,14.75,271.25
comayagua,2014-06-15,17.788,14.25,272.25
ocotepeque,2014-06-15,22.489,14.25,270.75
copan,2014-06-15,16.736,14.75,271.25
comayagua,2014-06-16,17.614,14.25,272.25
ocotepeque,2014-06-16,21.218,14.25,270.75
copan,2014-06-16,16.53,14.75,271.25
comayagua,2014-06-17,17.282,14.25,272.25
ocotepeque,2014-06-17,23.825,14.25,270.75
copan,2014-06-17,17.355,14.75,271.25
comayagua,2014-06-18,16.878,14.25,272.25
ocotepeque,2014-06-18,17.969,14.25,270.75
copan,2014-06-18,15.776,14.75,271.25
comayagua,2014-06-19,18.68,14.25,272.25
ocotepeque,2014-06-19,23.014,14.25,270.75
copan,2014-06-19,18.697,14.75,271.25
comayagua,2014-06-20,16.417,14.25,272.25
ocotepeque,2014-06-20,23.13,14.25,270.75
copan,2014-06-20,16.55,14.75,271.25
comayagua,2014-06-21,17.793,14.25,272.25
ocotepeque,2014-06-21,24.053,14.25,270.75
copan,2014-06-21,17.959,14.75,271.25
comayagua,2014-06-22,19.135,14.25,272.25
ocotepeque,2014-06-22,19.6,14.25,270.75
copan,2014-06-22,17.55,14.75,271.25
comayagua,2014-06-23,16.775,14.25,272.25
ocotepeque,2014-06-23,22.169,14.25,270.75
copan,2014-06-23,15.489,14.75,271.25
comayagua,2014-06-24,17.551,14.25,272.25
ocotepeque,2014-06-24,20.861,14.25,270.75
copan,2014-06-24,16.849,14.75,271.25
comayagua,2014-06-25,15.794,14.25,272.25
ocotepeque,2014-06-25,23.039,14.25,270.75
copan,2014-06-25,15.108,14.75,271.25
comayagua,2014-06-26,14.884,14.25,272.25
ocotepeque,2014-06-26,22.412,14.25,270.75
copan,2014-06-26,16.313,14.75,271.25
comayagua,2014-06-27,18.684,14.25,272.25
ocotepeque,2014-06-27,22.888,14.25,270.75
copan,2014-06-27,17.633,14.75,271.25
comayagua,2014-06-28,18.092,14.25,272.25
ocotepeque,2014-06-28,23.905,14.25,270.75
copan,2014-06-28,16.713,14.75,271.25
comayagua,2014-06-29,16.82,14.25,272.25
ocotepeque,2014-06-29,22.584,14.25,270.75
copan,2014-06-29,15.309,14.75,271.25
comayagua,2014-06-30,19.177,14.25,272.25
ocotepeque,2014-06-30,23.687,14.25,270.75
copan,2014-06-30,17.063,14.75,271.25
comayagua,2014-07-01,18.747,14.25,272.25
ocotepeque,2014-07-01,22.834,14.25,270.75
copan,2014-07-01,17.329,14.75,271.25
comayagua,2014-07-02,17.485,14.25,272.25
ocotepeque,2014-07-02,22.902,14.25,270.75
copan,2014-07-02,17.627,14.75,271.25
comayagua,2014-07-03,17.501,14.25,272.25
ocotepeque,2014-07-03,22.722,14.25,270.75
copan,2014-07-03,17.05,14.75,271.25
comayagua,2014-07-04,17.805,14.25,272.25
ocotepeque,2014-07-04,21.705,14.25,270.75
copan,2014-07-04,17.01,14.75,271.25
comayagua,2014-07-05,18.163,14.25,272.25
ocotepeque,2014-07-05,24.041,14.25,270.75
copan,2014-07-05,18.493,14.75,271.25
comayagua,2014-07-06,19.124,14.25,272.25
ocotepeque,2014-07-06,23.6,14.25,270.75
copan,2014-07-06,17.202,14.75,271.25
comayagua,2014-07-07,15.741,14.25,272.25
ocotepeque,2014-07-07,22.281,14.25,270.75
copan,2014-07-07,14.769,14.75,271.25
comayagua,2014-07-08,18.454,14.25,272.25
ocotepeque,2014-07-08,23.137,14.25,270.75
copan,2014-07-08,16.655,14.75,271.25
comayagua,2014-07-09,16.958,14.25,272.25
ocotepeque,2014-07-09,19.284,14.25,270.75
copan,2014-07-09,16.734,14.75,271.25
comayagua,2014-07-10,17.268,14.25,272.25
ocotepeque,2014-07-10,23.096,14.25,270.75
copan,2014-07-10,16.626,14.75,271.25
comayagua,2014-07-11,17.715,14.25,272.25
ocotepeque,2014-07-11,23.276,14.25,270.75
copan,2014-07-11,16.211,14.75,271.25
comayagua,2014-07-12,20.284,14.25,272.25
ocotepeque,2014-07-12,19.584,14.25,270.75
copan,2014-07-12,17.375,14.75,271.25
comayagua,2014-07-13,19.72,14.25,272.25
ocotepeque,2014-07-13,21.195,14.25,270.75
copan,2014-07-13,17.495,14.75,271.25
comayagua,2014-07-14,17.306,14.25,272.25
ocotepeque,2014-07-14,18.571,14.25,270.75
copan,2014-07-14,16.033,14.75,271.25
comayagua,2014-07-15,17.885,14.25,272.25
ocotepeque,2014-07-15,23.426,14.25,270.75
copan,2014-07-15,16.875,14.75,271.25
comayagua,2014-07-16,16.458,14.25,272.25
ocotepeque,2014-07-16,23.988,14.25,270.75
copan,2014-07-16,17.7,14.75,271.25
comayagua,2014-07-17,18.515,14.25,272.25
ocotepeque,2014-07-17,24.487,14.25,270.75
copan,2014-07-17,18.903,14.75,271.25
comayagua,2014-07-18,17.84,14.25,272.25
ocotepeque,2014-07-18,24.301,14.25,270.75
copan,2014-07-18,17.502,14.75,271.25
comayagua,2014-07-19,18.262,14.25,272.25
ocotepeque,2014-07-19,25.038,14.25,270.75
copan,2014-07-19,19.003,14.75,271.25
comayagua,2014-07-20,19.907,14.25,272.25
ocotepeque,2014-07-20,21.028,14.25,270.75
copan,2014-07-20,17.768,14.75,271.25
comayagua,2014-07-21,20.36,14.25,272.25
ocotepeque,2014-07-21,26.32,14.25,270.75
copan,2014-07-21,18.965,14.75,271.25
comayagua,2014-07-22,18.066,14.25,272.25
ocotepeque,2014-07-22,23.676,14.25,270.75
copan,2014-07-22,18.103,14.75,271.25
comayagua,2014-07-23,18.685,14.25,272.25
ocotepeque,2014-07-23,23.945,14.25,270.75
copan,2014-07-23,18.16,14.75,271.25
comayagua,2014-07-24,17.968,14.25,272.25
ocotepeque,2014-07-24,23.832,14.25,270.75
copan,2014-07-24,17.882,14.75,271.25
comayagua,2014-07-25,19.504,14.25,272.25
ocotepeque,2014-07-25,24.11,14.25,270.75
copan,2014-07-25,17.404,14.75,271.25
comayagua,2014-07-26,20.032,14.25,272.25
ocotepeque,2014-07-26,24.294,14.25,270.75
copan,2014-07-26,19.012,14.75,271.25
comayagua,2014-07-27,18.309,14.25,272.25
ocotepeque,2014-07-27,23.214,14.25,270.75
copan,2014-07-27,16.554,14.75,271.25
comayagua,2014-07-28,18.845,14.25,272.25
ocotepeque,2014-07-28,23.221,14.25,270.75
copan,2014-07-28,15.388,14.75,271.25
comayagua,2014-07-29,18.526,14.25,272.25
ocotepeque,2014-07-29,22.019,14.25,270.75
copan,2014-07-29,17.816,14.75,271.25
comayagua,2014-07-30,18.692,14.25,272.25
ocotepeque,2014-07-30,23.781,14.25,270.75
copan,2014-07-30,17.367,14.75,271.25
comayagua,2014-07-31,18.41,14.25,272.25
ocotepeque,2014-07-31,19.203,14.25,270.75
copan,2014-07-31,16.988,14.75,271.25
comayagua,2014-08-01,18.307,14.25,272.25
ocotepeque,2014-08-01,23.988,14.25,270.75
copan,2014-08-01,17.258,14.75,271.25
comayagua,2014-08-02,18.309,14.25,272.25
ocotepeque,2014-08-02,23.614,14.25,270.75
copan,2014-08-02,16.787,14.75,271.25
comayagua,2014-08-03,17.555,14.25,272.25
ocotepeque,2014-08-03,22.386,14.25,270.75
copan,2014-08-03,14.396,14.75,271.25
comayagua,2014-08-04,17.678,14.25,272.25
ocotepeque,2014-08-04,21.275,14.25,270.75
copan,2014-08-04,16.993,14.75,271.25
comayagua,2014-08-05,18.811,14.25,272.25
ocotepeque,2014-08-05,23.767,14.25,270.75
copan,2014-08-05,17.528,14.75,271.25
comayagua,2014-08-06,17.507,14.25,272.25
ocotepeque,2014-08-06,23.857,14.25,270.75
copan,2014-08-06,19.137,14.75,271.25
comayagua,2014-08-07,19.309,14.25,272.25
ocotepeque,2014-08-07,23.704,14.25,270.75
copan,2014-08-07,17.447,14.75,271.25
comayagua,2014-08-08,19.082,14.25,272.25
ocotepeque,2014-08-08,22.273,14.25,270.75
copan,2014-08-08,16.561,14.75,271.25
comayagua,2014-08-09,16.823,14.25,272.25
ocotepeque,2014-08-09,20.851,14.25,270.75
copan,2014-08-09,15.066,14.75,271.25
comayagua,2014-08-10,18.426,14.25,272.25
ocotepeque,2014-08-10,24.296,14.25,270.75
copan,2014-08-10,16.346,14.75,271.25
comayagua,2014-08-11,16.858,14.25,272.25
ocotepeque,2014-08-11,21.987,14.25,270.75
copan,2014-08-11,15.866,14.75,271.25
comayagua,2014-08-12,21.109,14.25,272.25
ocotepeque,2014-08-12,24.898,14.25,270.75
copan,2014-08-12,19.868,14.75,271.25
comayagua,2014-08-13,19.81,14.25,272.25
ocotepeque,2014-08-13,23.787,14.25,270.75
copan,2014-08-13,19.339,14.75,271.25
comayagua,2014-08-14,21.411,14.25,272.25
ocotepeque,2014-08-14,19.723,14.25,270.75
copan,2014-08-14,19.043,14.75,271.25
comayagua,2014-08-15,20.718,14.25,272.25
ocotepeque,2014-08-15,23.014,14.25,270.75
copan,2014-08-15,17.787,14.75,271.25
comayagua,2014-08-16,22.731,14.25,272.25
ocotepeque,2014-08-16,24.854,14.25,270.75
copan,2014-08-16,21.745,14.75,271.25
comayagua,2014-08-17,21.33,14.25,272.25
ocotepeque,2014-08-17,24.252,14.25,270.75
copan,2014-08-17,18.267,14.75,271.25
comayagua,2014-08-18,21.333,14.25,272.25
ocotepeque,2014-08-18,24.489,14.25,270.75
copan,2014-08-18,19.895,14.75,271.25
comayagua,2014-08-19,21.241,14.25,272.25
ocotepeque,2014-08-19,23.47,14.25,270.75
copan,2014-08-19,17.761,14.75,271.25
comayagua,2014-08-20,20.62,14.25,272.25
ocotepeque,2014-08-20,22.8,14.25,270.75
copan,2014-08-20,17.573,14.75,271.25
comayagua,2014-08-21,20.927,14.25,272.25
ocotepeque,2014-08-21,24.469,14.25,270.75
copan,2014-08-21,19.165,14.75,271.25
comayagua,2014-08-22,16.625,14.25,272.25
ocotepeque,2014-08-22,23.783,14.25,270.75
copan,2014-08-22,17.719,14.75,271.25
comayagua,2014-08-23,16.827,14.25,272.25
ocotepeque,2014-08-23,23.496,14.25,270.75
copan,2014-08-23,18.091,14.75,271.25
comayagua,2014-08-24,17.838,14.25,272.25
ocotepeque,2014-08-24,22.352,14.25,270.75
copan,2014-08-24,16.167,14.75,271.25
comayagua,2014-08-25,17.55,14.25,272.25
ocotepeque,2014-08-25,18.645,14.25,270.75
copan,2014-08-25,17.166,14.75,271.25
comayagua,2014-08-26,17.705,14.25,272.25
ocotepeque,2014-08-26,23.981,14.25,270.75
copan,2014-08-26,16.926,14.75,271.25
comayagua,2014-08-27,16.773,14.25,272.25
ocotepeque,2014-08-27,23.043,14.25,270.75
copan,2014-08-27,16.76,14.75,271.25
comayagua,2014-08-28,16.358,14.25,272.25
ocotepeque,2014-08-28,21.343,14.25,270.75
copan,2014-08-28,16.89,14.75,271.25
comayagua,2014-08-29,17.922,14.25,272.25
ocotepeque,2014-08-29,21.321,14.25,270.75
copan,2014-08-29,17.085,14.75,271.25
comayagua,2014-08-30,18.007,14.25,272.25
ocotepeque,2014-08-30,21.736,14.25,270.75
copan,2014-08-30,16.454,14.75,271.25
comayagua,2014-08-31,18.484,14.25,272.25
ocotepeque,2014-08-31,21.632,14.25,270.75
copan,2014-08-31,18.49,14.75,271.25
comayagua,2014-09-01,17.051,14.25,272.25
ocotepeque,2014-09-01,21.566,14.25,270.75
copan,2014-09-01,17.022,14.75,271.25
comayagua,2014-09-02,16.26,14.25,272.25
ocotepeque,2014-09-02,25.145,14.25,270.75
copan,2014-09-02,18.038,14.75,271.25
comayagua,2014-09-03,16.661,14.25,272.25
ocotepeque,2014-09-03,20.941,14.25,270.75
copan,2014-09-03,15.873,14.75,271.25
comayagua,2014-09-04,16.548,14.25,272.25
ocotepeque,2014-09-04,22.741,14.25,270.75
copan,2014-09-04,15.814,14.75,271.25
comayagua,2014-09-05,17.59,14.25,272.25
ocotepeque,2014-09-05,17.694,14.25,270.75
copan,2014-09-05,17.182,14.75,271.25
comayagua,2014-09-06,20.597,14.25,272.25
ocotepeque,2014-09-06,22.61,14.25,270.75
copan,2014-09-06,18.093,14.75,271.25
comayagua,2014-09-07,17.593,14.25,272.25
ocotepeque,2014-09-07,19.044,14.25,270.75
copan,2014-09-07,17.469,14.75,271.25
comayagua,2014-09-08,17.563,14.25,272.25
ocotepeque,2014-09-08,22.825,14.25,270.75
copan,2014-09-08,17.245,14.75,271.25
comayagua,2014-09-09,18.418,14.25,272.25
ocotepeque,2014-09-09,22.509,14.25,270.75
copan,2014-09-09,19.058,14.75,271.25
comayagua,2014-09-10,18.049,14.25,272.25
ocotepeque,2014-09-10,23.987,14.25,270.75
copan,2014-09-10,18.067,14.75,271.25
comayagua,2014-09-11,17.636,14.25,272.25
ocotepeque,2014-09-11,21.415,14.25,270.75
copan,2014-09-11,17.523,14.75,271.25
comayagua,2014-09-12,17.075,14.25,272.25
ocotepeque,2014-09-12,21.334,14.25,270.75
copan,2014-09-12,17.804,14.75,271.25
comayagua,2014-09-13,16.759,14.25,272.25
ocotepeque,2014-09-13,21.848,14.25,270.75
copan,2014-09-13,17.084,14.75,271.25
comayagua,2014-09-14,17.877,14.25,272.25
ocotepeque,2014-09-14,22.555,14.25,270.75
copan,2014-09-14,17.706,14.75,271.25
comayagua,2014-09-15,18.11,14.25,272.25
ocotepeque,2014-09-15,20.469,14.25,270.75
copan,2014-09-15,17.634,14.75,271.25
comayagua,2014-09-16,17.898,14.25,272.25
ocotepeque,2014-09-16,21.839,14.25,270.75
copan,2014-09-16,18.444,14.75,271.25
comayagua,2014-09-17,17.367,14.25,272.25
ocotepeque,2014-09-17,23.338,14.25,270.75
copan,2014-09-17,17.096,14.75,271.25
comayagua,2014-09-18,16.558,14.25,272.25
ocotepeque,2014-09-18,23.484,14.25,270.75
copan,2014-09-18,18.493,14.75,271.25
comayagua,2014-09-19,20.163,14.25,272.25
ocotepeque,2014-09-19,23.738,14.25,270.75
copan,2014-09-19,18.602,14.75,271.25
comayagua,2014-09-20,16.729,14.25,272.25
ocotepeque,2014-09-20,19.609,14.25,270.75
copan,2014-09-20,17.882,14.75,271.25
comayagua,2014-09-21,16.391,14.25,272.25
ocotepeque,2014-09-21,22.203,14.25,270.75
copan,2014-09-21,17.092,14.75,271.25
comayagua,2014-09-22,17.875,14.25,272.25
ocotepeque,2014-09-22,22.638,14.25,270.75
copan,2014-09-22,18.002,14.75,271.25
comayagua,2014-09-23,17.582,14.25,272.25
ocotepeque,2014-09-23,20.361,14.25,270.75
copan,2014-09-23,17.17,14.75,271.25
comayagua,2014-09-24,17.902,14.25,272.25
ocotepeque,2014-09-24,21.652,14.25,270.75
copan,2014-09-24,17.889,14.75,271.25
comayagua,2014-09-25,17.11,14.25,272.25
ocotepeque,2014-09-25,21.288,14.25,270.75
copan,2014-09-25,17.981,14.75,271.25
comayagua,2014-09-26,18.607,14.25,272.25
ocotepeque,2014-09-26,21.299,14.25,270.75
copan,2014-09-26,18.549,14.75,271.25
comayagua,2014-09-27,18.438,14.25,272.25
ocotepeque,2014-09-27,22.296,14.25,270.75
copan,2014-09-27,19.103,14.75,271.25
comayagua,2014-09-28,16.988,14.25,272.25
ocotepeque,2014-09-28,22.727,14.25,270.75
copan,2014-09-28,17.493,14.75,271.25
comayagua,2014-09-29,17.854,14.25,272.25
ocotepeque,2014-09-29,23.336,14.25,270.75
copan,2014-09-29,18.924,14.75,271.25
comayagua,2014-09-30,18.106,14.25,272.25
ocotepeque,2014-09-30,22.761,14.25,270.75
copan,2014-09-30,18.851,14.75,271.25
comayagua,2014-10-01,18.535,14.25,272.25
ocotepeque,2014-10-01,23.348,14.25,270.75
copan,2014-10-01,17.366,14.75,271.25
comayagua,2014-10-02,18.086,14.25,272.25
ocotepeque,2014-10-02,23.369,14.25,270.75
copan,2014-10-02,16.462,14.75,271.25
comayagua,2014-10-03,15.93,14.25,272.25
ocotepeque,2014-10-03,23.929,14.25,270.75
copan,2014-10-03,19.008,14.75,271.25
comayagua,2014-10-04,18.212,14.25,272.25
ocotepeque,2014-10-04,24.254,14.25,270.75
copan,2014-10-04,18.32,14.75,271.25
comayagua,2014-10-05,17.73,14.25,272.25
ocotepeque,2014-10-05,24.192,14.25,270.75
copan,2014-10-05,17.494,14.75,271.25
comayagua,2014-10-06,15.366,14.25,272.25
ocotepeque,2014-10-06,23.273,14.25,270.75
copan,2014-10-06,17.599,14.75,271.25
comayagua,2014-10-07,16.841,14.25,272.25
ocotepeque,2014-10-07,23.267,14.25,270.75
copan,2014-10-07,16.72,14.75,271.25
comayagua,2014-10-08,17.867,14.25,272.25
ocotepeque,2014-10-08,23.487,14.25,270.75
copan,2014-10-08,17.484,14.75,271.25
comayagua,2014-10-09,17.93,14.25,272.25
ocotepeque,2014-10-09,22.364,14.25,270.75
copan,2014-10-09,17.515,14.75,271.25
comayagua,2014-10-10,17.921,14.25,272.25
ocotepeque,2014-10-10,21.076,14.25,270.75
copan,2014-10-10,17.238,14.75,271.25
comayagua,2014-10-11,18.242,14.25,272.25
ocotepeque,2014-10-11,19.732,14.25,270.75
copan,2014-10-11,17.749,14.75,271.25
comayagua,2014-10-12,18.657,14.25,272.25
ocotepeque,2014-10-12,19.964,14.25,270.75
copan,2014-10-12,18.153,14.75,271.25
comayagua,2014-10-13,18.869,14.25,272.25
ocotepeque,2014-10-13,21.218,14.25,270.75
copan,2014-10-13,17.003,14.75,271.25
comayagua,2014-10-14,17.49,14.25,272.25
ocotepeque,2014-10-14,22.161,14.25,270.75
copan,2014-10-14,17.582,14.75,271.25
comayagua,2014-10-15,18.269,14.25,272.25
ocotepeque,2014-10-15,21.227,14.25,270.75
copan,2014-10-15,17.865,14.75,271.25
comayagua,2014-10-16,18.276,14.25,272.25
ocotepeque,2014-10-16,21.689,14.25,270.75
copan,2014-10-16,18.155,14.75,271.25
comayagua,2014-10-17,16.974,14.25,272.25
ocotepeque,2014-10-17,21.964,14.25,270.75
copan,2014-10-17,17.303,14.75,271.25
comayagua,2014-10-18,17.614,14.25,272.25
ocotepeque,2014-10-18,21.556,14.25,270.75
copan,2014-10-18,18.098,14.75,271.25
comayagua,2014-10-19,17.846,14.25,272.25
ocotepeque,2014-10-19,21.665,14.25,270.75
copan,2014-10-19,18.171,14.75,271.25
comayagua,2014-10-20,17.944,14.25,272.25
ocotepeque,2014-10-20,21.121,14.25,270.75
copan,2014-10-20,17.519,14.75,271.25
comayagua,2014-10-21,17.987,14.25,272.25
ocotepeque,2014-10-21,21.43,14.25,270.75
copan,2014-10-21,17.626,14.75,271.25
comayagua,2014-10-22,17.267,14.25,272.25
ocotepeque,2014-10-22,21.656,14.25,270.75
copan,2014-10-22,17.966,14.75,271.25
comayagua,2014-10-23,18.316,14.25,272.25
ocotepeque,2014-10-23,21.469,14.25,270.75
copan,2014-10-23,18.05,14.75,271.25
comayagua,2014-10-24,15.371,14.25,272.25
ocotepeque,2014-10-24,21.732,14.25,270.75
copan,2014-10-24,17.134,14.75,271.25
comayagua,2014-10-25,18.562,14.25,272.25
ocotepeque,2014-10-25,18.935,14.25,270.75
copan,2014-10-25,17.252,14.75,271.25
comayagua,2014-10-26,16.409,14.25,272.25
ocotepeque,2014-10-26,21.509,14.25,270.75
copan,2014-10-26,15.182,14.75,271.25
comayagua,2014-10-27,14.256,14.25,272.25
ocotepeque,2014-10-27,20.332,14.25,270.75
copan,2014-10-27,11.245,14.75,271.25
comayagua,2014-10-28,14.192,14.25,272.25
ocotepeque,2014-10-28,16.409,14.25,270.75
copan,2014-10-28,12.778,14.75,271.25
comayagua,2014-10-29,18.272,14.25,272.25
ocotepeque,2014-10-29,23.12,14.25,270.75
copan,2014-10-29,17.008,14.75,271.25
comayagua,2014-10-30,17.817,14.25,272.25
ocotepeque,2014-10-30,23.655,14.25,270.75
copan,2014-10-30,16.953,14.75,271.25
comayagua,2014-10-31,18.145,14.25,272.25
ocotepeque,2014-10-31,21.248,14.25,270.75
copan,2014-10-31,17.617,14.75,271.25
comayagua,2014-11-01,17.627,14.25,272.25
ocotepeque,2014-11-01,21.399,14.25,270.75
copan,2014-11-01,16.454,14.75,271.25
comayagua,2014-11-02,17.057,14.25,272.25
ocotepeque,2014-11-02,20.911,14.25,270.75
copan,2014-11-02,14.934,14.75,271.25
comayagua,2014-11-03,16.763,14.25,272.25
ocotepeque,2014-11-03,17.8,14.25,270.75
copan,2014-11-03,14.795,14.75,271.25
comayagua,2014-11-04,16.43,14.25,272.25
ocotepeque,2014-11-04,21.073,14.25,270.75
copan,2014-11-04,15.068,14.75,271.25
comayagua,2014-11-05,18.106,14.25,272.25
ocotepeque,2014-11-05,22.632,14.25,270.75
copan,2014-11-05,16.487,14.75,271.25
comayagua,2014-11-06,13.817,14.25,272.25
ocotepeque,2014-11-06,20.458,14.25,270.75
copan,2014-11-06,12.791,14.75,271.25
comayagua,2014-11-07,14.499,14.25,272.25
ocotepeque,2014-11-07,21.041,14.25,270.75
copan,2014-11-07,15.243,14.75,271.25
comayagua,2014-11-08,15.646,14.25,272.25
ocotepeque,2014-11-08,21.98,14.25,270.75
copan,2014-11-08,13.883,14.75,271.25
comayagua,2014-11-09,13.217,14.25,272.25
ocotepeque,2014-11-09,20.574,14.25,270.75
copan,2014-11-09,13.09,14.75,271.25
comayagua,2014-11-10,15.512,14.25,272.25
ocotepeque,2014-11-10,20.355,14.25,270.75
copan,2014-11-10,15.563,14.75,271.25
comayagua,2014-11-11,13.106,14.25,272.25
ocotepeque,2014-11-11,18.949,14.25,270.75
copan,2014-11-11,10.717,14.75,271.25
comayagua,2014-11-12,16.855,14.25,272.25
ocotepeque,2014-11-12,21.368,14.25,270.75
copan,2014-11-12,14.496,14.75,271.25
comayagua,2014-11-13,15.73,14.25,272.25
ocotepeque,2014-11-13,21.2,14.25,270.75
copan,2014-11-13,13.781,14.75,271.25
comayagua,2014-11-14,15.549,14.25,272.25
ocotepeque,2014-11-14,22.486,14.25,270.75
copan,2014-11-14,15.443,14.75,271.25
comayagua,2014-11-15,16.176,14.25,272.25
ocotepeque,2014-11-15,21.168,14.25,270.75
copan,2014-11-15,15.37,14.75,271.25
comayagua,2014-11-16,17.462,14.25,272.25
ocotepeque,2014-11-16,21.613,14.25,270.75
copan,2014-11-16,15.705,14.75,271.25
comayagua,2014-11-17,14.075,14.25,272.25
ocotepeque,2014-11-17,18.55,14.25,270.75
copan,2014-11-17,15.802,14.75,271.25
comayagua,2014-11-18,15.371,14.25,272.25
ocotepeque,2014-11-18,17.963,14.25,270.75
copan,2014-11-18,16.682,14.75,271.25
comayagua,2014-11-19,18.002,14.25,272.25
ocotepeque,2014-11-19,22.819,14.25,270.75
copan,2014-11-19,17.328,14.75,271.25
comayagua,2014-11-20,18.75,14.25,272.25
ocotepeque,2014-11-20,22.546,14.25,270.75
copan,2014-11-20,16.932,14.75,271.25
comayagua,2014-11-21,18.26,14.25,272.25
ocotepeque,2014-11-21,23.287,14.25,270.75
copan,2014-11-21,18.101,14.75,271.25
comayagua,2014-11-22,18.165,14.25,272.25
ocotepeque,2014-11-22,22.753,14.25,270.75
copan,2014-11-22,16.45,14.75,271.25
comayagua,2014-11-23,16.579,14.25,272.25
ocotepeque,2014-11-23,22.209,14.25,270.75
copan,2014-11-23,16.455,14.75,271.25
comayagua,2014-11-24,16.629,14.25,272.25
ocotepeque,2014-11-24,22.39,14.25,270.75
copan,2014-11-24,15.362,14.75,271.25
comayagua,2014-11-25,17.31,14.25,272.25
ocotepeque,2014-11-25,23.794,14.25,270.75
copan,2014-11-25,18.683,14.75,271.25
comayagua,2014-11-26,17.964,14.25,272.25
ocotepeque,2014-11-26,22.227,14.25,270.75
copan,2014-11-26,14.861,14.75,271.25
comayagua,2014-11-27,14.787,14.25,272.25
ocotepeque,2014-11-27,19.753,14.25,270.75
copan,2014-11-27,11.602,14.75,271.25
comayagua,2014-11-28,14.409,14.25,272.25
ocotepeque,2014-11-28,19.194,14.25,270.75
copan,2014-11-28,11.581,14.75,271.25
comayagua,2014-11-29,15.594,14.25,272.25
ocotepeque,2014-11-29,19.481,14.25,270.75
copan,2014-11-29,12.408,14.75,271.25
comayagua,2014-11-30,16.28,14.25,272.25
ocotepeque,2014-11-30,20.418,14.25,270.75
copan,2014-11-30,14.054,14.75,271.25
comayagua,2014-12-01,18.112,14.25,272.25
ocotepeque,2014-12-01,22.022,14.25,270.75
copan,2014-12-01,16.316,14.75,271.25
comayagua,2014-12-02,17.952,14.25,272.25
ocotepeque,2014-12-02,20.244,14.25,270.75
copan,2014-12-02,15.811,14.75,271.25
comayagua,2014-12-03,16.409,14.25,272.25
ocotepeque,2014-12-03,20.572,14.25,270.75
copan,2014-12-03,14.924,14.75,271.25
comayagua,2014-12-04,16.496,14.25,272.25
ocotepeque,2014-12-04,22.578,14.25,270.75
copan,2014-12-04,14.961,14.75,271.25
comayagua,2014-12-05,17.698,14.25,272.25
ocotepeque,2014-12-05,22.746,14.25,270.75
copan,2014-12-05,15.797,14.75,271.25
comayagua,2014-12-06,17.653,14.25,272.25
ocotepeque,2014-12-06,19.129,14.25,270.75
copan,2014-12-06,16.714,14.75,271.25
comayagua,2014-12-07,16.485,14.25,272.25
ocotepeque,2014-12-07,21.557,14.25,270.75
copan,2014-12-07,15.509,14.75,271.25
comayagua,2014-12-08,14.992,14.25,272.25
ocotepeque,2014-12-08,20.545,14.25,270.75
copan,2014-12-08,14.602,14.75,271.25
comayagua,2014-12-09,14.704,14.25,272.25
ocotepeque,2014-12-09,20.028,14.25,270.75
copan,2014-12-09,14.605,14.75,271.25
comayagua,2014-12-10,15.421,14.25,272.25
ocotepeque,2014-12-10,19.793,14.25,270.75
copan,2014-12-10,14.11,14.75,271.25
comayagua,2014-12-11,15.311,14.25,272.25
ocotepeque,2014-12-11,18.934,14.25,270.75
copan,2014-12-11,13.334,14.75,271.25
comayagua,2014-12-12,14.994,14.25,272.25
ocotepeque,2014-12-12,19.68,14.25,270.75
copan,2014-12-12,14.029,14.75,271.25
comayagua,2014-12-13,15.238,14.25,272.25
ocotepeque,2014-12-13,19.661,14.25,270.75
copan,2014-12-13,14.406,14.75,271.25
comayagua,2014-12-14,14.033,14.25,272.25
ocotepeque,2014-12-14,20.652,14.25,270.75
copan,2014-12-14,13.34,14.75,271.25
comayagua,2014-12-15,12.797,14.25,272.25
ocotepeque,2014-12-15,18.906,14.25,270.75
copan,2014-12-15,11.301,14.75,271.25
comayagua,2014-12-16,14.97,14.25,272.25
ocotepeque,2014-12-16,19.09,14.25,270.75
copan,2014-12-16,12.076,14.75,271.25
comayagua,2014-12-17,15.672,14.25,272.25
ocotepeque,2014-12-17,20.18,14.25,270.75
copan,2014-12-17,14.252,14.75,271.25
comayagua,2014-12-18,13.354,14.25,272.25
ocotepeque,2014-12-18,19.591,14.25,270.75
copan,2014-12-18,12.219,14.75,271.25
comayagua,2014-12-19,11.037,14.25,272.25
ocotepeque,2014-12-19,15.663,14.25,270.75
copan,2014-12-19,13.069,14.75,271.25
comayagua,2014-12-20,12.722,14.25,272.25
ocotepeque,2014-12-20,20.069,14.25,270.75
copan,2014-12-20,14.862,14.75,271.25
comayagua,2014-12-21,15.032,14.25,272.25
ocotepeque,2014-12-21,20.469,14.25,270.75
copan,2014-12-21,16.294,14.75,271.25
comayagua,2014-12-22,11.151,14.25,272.25
ocotepeque,2014-12-22,20.105,14.25,270.75
copan,2014-12-22,12.673,14.75,271.25
comayagua,2014-12-23,11.605,14.25,272.25
ocotepeque,2014-12-23,19.716,14.25,270.75
copan,2014-12-23,12.438,14.75,271.25
comayagua,2014-12-24,14.965,14.25,272.25
ocotepeque,2014-12-24,20.819,14.25,270.75
copan,2014-12-24,14.622,14.75,271.25
comayagua,2014-12-25,18.607,14.25,272.25
ocotepeque,2014-12-25,25.292,14.25,270.75
copan,2014-12-25,15.647,14.75,271.25
comayagua,2014-12-26,16.59,14.25,272.25
ocotepeque,2014-12-26,17.531,14.25,270.75
copan,2014-12-26,14.661,14.75,271.25
comayagua,2014-12-27,13.301,14.25,272.25
ocotepeque,2014-12-27,19.608,14.25,270.75
copan,2014-12-27,11.827,14.75,271.25
comayagua,2014-12-28,19.741,14.25,272.25
ocotepeque,2014-12-28,22.895,14.25,270.75
copan,2014-12-28,20.231,14.75,271.25
comayagua,2014-12-29,15.753,14.25,272.25
ocotepeque,2014-12-29,20.053,14.25,270.75
copan,2014-12-29,16.241,14.75,271.25
comayagua,2014-12-30,13.078,14.25,272.25
ocotepeque,2014-12-30,22.082,14.25,270.75
copan,2014-12-30,16.544,14.75,271.25
comayagua,2014-12-31,17.246,14.25,272.25
ocotepeque,2014-12-31,21.472,14.25,270.75
copan,2014-12-31,15.891,14.75,271.25
comayagua,2015-01-01,14.88,14.25,272.25
ocotepeque,2015-01-01,23.421,14.25,270.75
copan,2015-01-01,15.666,14.75,271.25
comayagua,2015-01-02,16.65,14.25,272.25
ocotepeque,2015-01-02,22.643,14.25,270.75
copan,2015-01-02,16.745,14.75,271.25
comayagua,2015-01-03,17.061,14.25,272.25
ocotepeque,2015-01-03,22.137,14.25,270.75
copan,2015-01-03,15.604,14.75,271.25
comayagua,2015-01-04,14.781,14.25,272.25
ocotepeque,2015-01-04,22.652,14.25,270.75
copan,2015-01-04,16.058,14.75,271.25
comayagua,2015-01-05,16.779,14.25,272.25
ocotepeque,2015-01-05,21.437,14.25,270.75
copan,2015-01-05,15.112,14.75,271.25
comayagua,2015-01-06,16.536,14.25,272.25
ocotepeque,2015-01-06,21.74,14.25,270.75
copan,2015-01-06,15.05,14.75,271.25
comayagua,2015-01-07,15.888,14.25,272.25
ocotepeque,2015-01-07,20.139,14.25,270.75
copan,2015-01-07,14.725,14.75,271.25
comayagua,2015-01-08,15.245,14.25,272.25
ocotepeque,2015-01-08,20.333,14.25,270.75
copan,2015-01-08,14.72,14.75,271.25
comayagua,2015-01-09,15.6,14.25,272.25
ocotepeque,2015-01-09,18.98,14.25,270.75
copan,2015-01-09,12.912,14.75,271.25
comayagua,2015-01-10,15.541,14.25,272.25
ocotepeque,2015-01-10,22.194,14.25,270.75
copan,2015-01-10,15.284,14.75,271.25
comayagua,2015-01-11,16.725,14.25,272.25
ocotepeque,2015-01-11,21.572,14.25,270.75
copan,2015-01-11,16.44,14.75,271.25
comayagua,2015-01-12,17.009,14.25,272.25
ocotepeque,2015-01-12,22.413,14.25,270.75
copan,2015-01-12,16.211,14.75,271.25
comayagua,2015-01-13,17.114,14.25,272.25
ocotepeque,2015-01-13,21.346,14.25,270.75
copan,2015-01-13,16.495,14.75,271.25
comayagua,2015-01-14,17.114,14.25,272.25
ocotepeque,2015-01-14,21.958,14.25,270.75
copan,2015-01-14,16.21,14.75,271.25
comayagua,2015-01-15,17.588,14.25,272.25
ocotepeque,2015-01-15,21.713,14.25,270.75
copan,2015-01-15,16.258,14.75,271.25
comayagua,2015-01-16,17.581,14.25,272.25
ocotepeque,2015-01-16,22.091,14.25,270.75
copan,2015-01-16,16.234,14.75,271.25
comayagua,2015-01-17,15.554,14.25,272.25
ocotepeque,2015-01-17,20.983,14.25,270.75
copan,2015-01-17,15.289,14.75,271.25
comayagua,2015-01-18,16.185,14.25,272.25
ocotepeque,2015-01-18,20.519,14.25,270.75
copan,2015-01-18,15.175,14.75,271.25
comayagua,2015-01-19,15.59,14.25,272.25
ocotepeque,2015-01-19,20.185,14.25,270.75
copan,2015-01-19,14.435,14.75,271.25
comayagua,2015-01-20,13.209,14.25,272.25
ocotepeque,2015-01-20,18.631,14.25,270.75
copan,2015-01-20,12.433,14.75,271.25
comayagua,2015-01-21,13.699,14.25,272.25
ocotepeque,2015-01-21,20.376,14.25,270.75
copan,2015-01-21,15.265,14.75,271.25
comayagua,2015-01-22,12.459,14.25,272.25
ocotepeque,2015-01-22,19.946,14.25,270.75
copan,2015-01-22,13.458,14.75,271.25
comayagua,2015-01-23,12.205,14.25,272.25
ocotepeque,2015-01-23,20.173,14.25,270.75
copan,2015-01-23,12.618,14.75,271.25
comayagua,2015-01-24,15.261,14.25,272.25
ocotepeque,2015-01-24,22.05,14.25,270.75
copan,2015-01-24,15.789,14.75,271.25
comayagua,2015-01-25,15.431,14.25,272.25
ocotepeque,2015-01-25,20.139,14.25,270.75
copan,2015-01-25,13.517,14.75,271.25
comayagua,2015-01-26,13.787,14.25,272.25
ocotepeque,2015-01-26,19.302,14.25,270.75
copan,2015-01-26,12.98,14.75,271.25
comayagua,2015-01-27,14.12,14.25,272.25
ocotepeque,2015-01-27,19.593,14.25,270.75
copan,2015-01-27,13.507,14.75,271.25
comayagua,2015-01-28,12.557,14.25,272.25
ocotepeque,2015-01-28,17.624,14.25,270.75
copan,2015-01-28,9.975,14.75,271.25
comayagua,2015-01-29,13.612,14.25,272.25
ocotepeque,2015-01-29,18.546,14.25,270.75
copan,2015-01-29,12.506,14.75,271.25
comayagua,2015-01-30,13.212,14.25,272.25
ocotepeque,2015-01-30,18.071,14.25,270.75
copan,2015-01-30,9.764,14.75,271.25
comayagua,2015-01-31,16.895,14.25,272.25
ocotepeque,2015-01-31,20.362,14.25,270.75
copan,2015-01-31,15.695,14.75,271.25
comayagua,2015-02-01,13.64,14.25,272.25
ocotepeque,2015-02-01,22.017,14.25,270.75
copan,2015-02-01,13.471,14.75,271.25
comayagua,2015-02-02,13.946,14.25,272.25
ocotepeque,2015-02-02,20.636,14.25,270.75
copan,2015-02-02,15.012,14.75,271.25
comayagua,2015-02-03,14.657,14.25,272.25
ocotepeque,2015-02-03,21.454,14.25,270.75
copan,2015-02-03,14.927,14.75,271.25
comayagua,2015-02-04,15.534,14.25,272.25
ocotepeque,2015-02-04,21.083,14.25,270.75
copan,2015-02-04,14.599,14.75,271.25
comayagua,2015-02-05,12.573,14.25,272.25
ocotepeque,2015-02-05,20.091,14.25,270.75
copan,2015-02-05,11.758,14.75,271.25
comayagua,2015-02-06,15.792,14.25,272.25
ocotepeque,2015-02-06,21.532,14.25,270.75
copan,2015-02-06,14.736,14.75,271.25
comayagua,2015-02-07,14.759,14.25,272.25
ocotepeque,2015-02-07,20.149,14.25,270.75
copan,2015-02-07,13.465,14.75,271.25
comayagua,2015-02-08,12.055,14.25,272.25
ocotepeque,2015-02-08,15.15,14.25,270.75
copan,2015-02-08,10.764,14.75,271.25
comayagua,2015-02-09,12.978,14.25,272.25
ocotepeque,2015-02-09,20.428,14.25,270.75
copan,2015-02-09,12.113,14.75,271.25
comayagua,2015-02-10,15.532,14.25,272.25
ocotepeque,2015-02-10,20.098,14.25,270.75
copan,2015-02-10,12.623,14.75,271.25
comayagua,2015-02-11,12.006,14.25,272.25
ocotepeque,2015-02-11,19.195,14.25,270.75
copan,2015-02-11,9.448,14.75,271.25
comayagua,2015-02-12,14.036,14.25,272.25
ocotepeque,2015-02-12,20.038,14.25,270.75
copan,2015-02-12,14.588,14.75,271.25
comayagua,2015-02-13,12.873,14.25,272.25
ocotepeque,2015-02-13,19.943,14.25,270.75
copan,2015-02-13,12.757,14.75,271.25
comayagua,2015-02-14,14.431,14.25,272.25
ocotepeque,2015-02-14,20.69,14.25,270.75
copan,2015-02-14,13.152,14.75,271.25
comayagua,2015-02-15,15.429,14.25,272.25
ocotepeque,2015-02-15,18.4,14.25,270.75
copan,2015-02-15,10.772,14.75,271.25
comayagua,2015-02-16,11.0,14.25,272.25
ocotepeque,2015-02-16,18.612,14.25,270.75
copan,2015-02-16,11.826,14.75,271.25
comayagua,2015-02-17,10.991,14.25,272.25
ocotepeque,2015-02-17,16.333,14.25,270.75
copan,2015-02-17,10.934,14.75,271.25
comayagua,2015-02-18,16.204,14.25,272.25
ocotepeque,2015-02-18,22.761,14.25,270.75
copan,2015-02-18,14.739,14.75,271.25
comayagua,2015-02-19,15.939,14.25,272.25
ocotepeque,2015-02-19,20.967,14.25,270.75
copan,2015-02-19,14.63,14.75,271.25
comayagua,2015-02-20,15.211,14.25,272.25
ocotepeque,2015-02-20,19.776,14.25,270.75
copan,2015-02-20,13.328,14.75,271.25
comayagua,2015-02-21,13.087,14.25,272.25
ocotepeque,2015-02-21,19.654,14.25,270.75
copan,2015-02-21,13.738,14.75,271.25
comayagua,2015-02-22,14.024,14.25,272.25
ocotepeque,2015-02-22,21.032,14.25,270.75
copan,2015-02-22,14.829,14.75,271.25
comayagua,2015-02-23,17.105,14.25,272.25
ocotepeque,2015-02-23,22.743,14.25,270.75
copan,2015-02-23,16.194,14.75,271.25
comayagua,2015-02-24,16.061,14.25,272.25
ocotepeque,2015-02-24,22.615,14.25,270.75
copan,2015-02-24,15.837,14.75,271.25
comayagua,2015-02-25,15.591,14.25,272.25
ocotepeque,2015-02-25,20.977,14.25,270.75
copan,2015-02-25,13.287,14.75,271.25
comayagua,2015-02-26,13.068,14.25,272.25
ocotepeque,2015-02-26,21.411,14.25,270.75
copan,2015-02-26,14.634,14.75,271.25
comayagua,2015-02-27,15.968,14.25,272.25
ocotepeque,2015-02-27,22.645,14.25,270.75
copan,2015-02-27,16.312,14.75,271.25
comayagua,2015-02-28,15.894,14.25,272.25
ocotepeque,2015-02-28,22.195,14.25,270.75
copan,2015-02-28,14.822,14.75,271.25
comayagua,2015-03-01,17.625,14.25,272.25
ocotepeque,2015-03-01,18.442,14.25,270.75
copan,2015-03-01,14.825,14.75,271.25
comayagua,2015-03-02,17.933,14.25,272.25
ocotepeque,2015-03-02,23.297,14.25,270.75
copan,2015-03-02,16.737,14.75,271.25
comayagua,2015-03-03,16.709,14.25,272.25
ocotepeque,2015-03-03,22.364,14.25,270.75
copan,2015-03-03,15.201,14.75,271.25
comayagua,2015-03-04,15.32,14.25,272.25
ocotepeque,2015-03-04,22.619,14.25,270.75
copan,2015-03-04,16.325,14.75,271.25
comayagua,2015-03-05,13.495,14.25,272.25
ocotepeque,2015-03-05,20.891,14.25,270.75
copan,2015-03-05,13.593,14.75,271.25
comayagua,2015-03-06,18.348,14.25,272.25
ocotepeque,2015-03-06,22.7,14.25,270.75
copan,2015-03-06,14.96,14.75,271.25
comayagua,2015-03-07,16.858,14.25,272.25
ocotepeque,2015-03-07,21.747,14.25,270.75
copan,2015-03-07,14.629,14.75,271.25
comayagua,2015-03-08,16.149,14.25,272.25
ocotepeque,2015-03-08,21.014,14.25,270.75
copan,2015-03-08,14.694,14.75,271.25
comayagua,2015-03-09,15.058,14.25,272.25
ocotepeque,2015-03-09,20.976,14.25,270.75
copan,2015-03-09,13.544,14.75,271.25
comayagua,2015-03-10,12.828,14.25,272.25
ocotepeque,2015-03-10,21.793,14.25,270.75
copan,2015-03-10,15.132,14.75,271.25
comayagua,2015-03-11,15.29,14.25,272.25
ocotepeque,2015-03-11,24.598,14.25,270.75
copan,2015-03-11,14.57,14.75,271.25
comayagua,2015-03-12,17.692,14.25,272.25
ocotepeque,2015-03-12,19.162,14.25,270.75
copan,2015-03-12,17.317,14.75,271.25
comayagua,2015-03-13,17.919,14.25,272.25
ocotepeque,2015-03-13,18.545,14.25,270.75
copan,2015-03-13,17.545,14.75,271.25
comayagua,2015-03-14,16.533,14.25,272.25
ocotepeque,2015-03-14,15.596,14.25,270.75
copan,2015-03-14,13.831,14.75,271.25
comayagua,2015-03-15,16.379,14.25,272.25
ocotepeque,2015-03-15,16.361,14.25,270.75
copan,2015-03-15,15.282,14.75,271.25
comayagua,2015-03-16,15.905,14.25,272.25
ocotepeque,2015-03-16,17.097,14.25,270.75
copan,2015-03-16,16.068,14.75,271.25
comayagua,2015-03-17,16.671,14.25,272.25
ocotepeque,2015-03-17,14.947,14.25,270.75
copan,2015-03-17,13.014,14.75,271.25
comayagua,2015-03-18,14.192,14.25,272.25
ocotepeque,2015-03-18,12.874,14.25,270.75
copan,2015-03-18,10.825,14.75,271.25
comayagua,2015-03-19,12.549,14.25,272.25
ocotepeque,2015-03-19,14.386,14.25,270.75
copan,2015-03-19,13.138,14.75,271.25
comayagua,2015-03-20,14.268,14.25,272.25
ocotepeque,2015-03-20,16.165,14.25,270.75
copan,2015-03-20,14.539,14.75,271.25
comayagua,2015-03-21,13.3,14.25,272.25
ocotepeque,2015-03-21,15.846,14.25,270.75
copan,2015-03-21,14.43,14.75,271.25
comayagua,2015-03-22,15.012,14.25,272.25
ocotepeque,2015-03-22,16.748,14.25,270.75
copan,2015-03-22,15.439,14.75,271.25
comayagua,2015-03-23,15.4,14.25,272.25
ocotepeque,2015-03-23,15.17,14.25,270.75
copan,2015-03-23,13.266,14.75,271.25
comayagua,2015-03-24,15.272,14.25,272.25
ocotepeque,2015-03-24,13.089,14.25,270.75
copan,2015-03-24,10.851,14.75,271.25
comayagua,2015-03-25,16.063,14.25,272.25
ocotepeque,2015-03-25,15.114,14.25,270.75
copan,2015-03-25,13.043,14.75,271.25
comayagua,2015-03-26,16.863,14.25,272.25
ocotepeque,2015-03-26,18.224,14.25,270.75
copan,2015-03-26,17.493,14.75,271.25
comayagua,2015-03-27,15.571,14.25,272.25
ocotepeque,2015-03-27,19.226,14.25,270.75
copan,2015-03-27,18.969,14.75,271.25
comayagua,2015-03-28,17.698,14.25,272.25
ocotepeque,2015-03-28,17.849,14.25,270.75
copan,2015-03-28,16.556,14.75,271.25
comayagua,2015-03-29,16.662,14.25,272.25
ocotepeque,2015-03-29,17.241,14.25,270.75
copan,2015-03-29,16.154,14.75,271.25
comayagua,2015-03-30,16.533,14.25,272.25
ocotepeque,2015-03-30,17.289,14.25,270.75
copan,2015-03-30,16.298,14.75,271.25
comayagua,2015-03-31,16.636,14.25,272.25
ocotepeque,2015-03-31,16.549,14.25,270.75
copan,2015-03-31,14.952,14.75,271.25
comayagua,2015-04-01,17.087,14.25,272.25
ocotepeque,2015-04-01,17.17,14.25,270.75
copan,2015-04-01,15.606,14.75,271.25
comayagua,2015-04-02,18.006,14.25,272.25
ocotepeque,2015-04-02,17.72,14.25,270.75
copan,2015-04-02,15.813,14.75,271.25
comayagua,2015-04-03,17.872,14.25,272.25
ocotepeque,2015-04-03,17.907,14.25,270.75
copan,2015-04-03,16.265,14.75,271.25
comayagua,2015-04-04,17.72,14.25,272.25
ocotepeque,2015-04-04,18.69,14.25,270.75
copan,2015-04-04,17.632,14.75,271.25
comayagua,2015-04-05,18.13,14.25,272.25
ocotepeque,2015-04-05,17.588,14.25,270.75
copan,2015-04-05,16.44,14.75,271.25
comayagua,2015-04-06,17.189,14.25,272.25
ocotepeque,2015-04-06,17.496,14.25,270.75
copan,2015-04-06,16.362,14.75,271.25
comayagua,2015-04-07,17.092,14.25,272.25
ocotepeque,2015-04-07,17.121,14.25,270.75
copan,2015-04-07,15.89,14.75,271.25
comayagua,2015-04-08,17.924,14.25,272.25
ocotepeque,2015-04-08,17.403,14.25,270.75
copan,2015-04-08,15.81,14.75,271.25
comayagua,2015-04-09,17.088,14.25,272.25
ocotepeque,2015-04-09,17.533,14.25,270.75
copan,2015-04-09,16.253,14.75,271.25
comayagua,2015-04-10,14.841,14.25,272.25
ocotepeque,2015-04-10,16.631,14.25,270.75
copan,2015-04-10,15.794,14.75,271.25
comayagua,2015-04-11,16.619,14.25,272.25
ocotepeque,2015-04-11,18.113,14.25,270.75
copan,2015-04-11,17.336,14.75,271.25
comayagua,2015-04-12,16.204,14.25,272.25
ocotepeque,2015-04-12,16.42,14.25,270.75
copan,2015-04-12,14.555,14.75,271.25
comayagua,2015-04-13,14.763,14.25,272.25
ocotepeque,2015-04-13,18.201,14.25,270.75
copan,2015-04-13,17.739,14.75,271.25
comayagua,2015-04-14,18.422,14.25,272.25
ocotepeque,2015-04-14,18.823,14.25,270.75
copan,2015-04-14,17.159,14.75,271.25
comayagua,2015-04-15,18.251,14.25,272.25
ocotepeque,2015-04-15,19.239,14.25,270.75
copan,2015-04-15,18.069,14.75,271.25
comayagua,2015-04-16,16.132,14.25,272.25
ocotepeque,2015-04-16,17.935,14.25,270.75
copan,2015-04-16,16.342,14.75,271.25
comayagua,2015-04-17,14.69,14.25,272.25
ocotepeque,2015-04-17,17.397,14.25,270.75
copan,2015-04-17,16.711,14.75,271.25
comayagua,2015-04-18,14.778,14.25,272.25
ocotepeque,2015-04-18,17.878,14.25,270.75
copan,2015-04-18,16.793,14.75,271.25
comayagua,2015-04-19,18.374,14.25,272.25
ocotepeque,2015-04-19,19.269,14.25,270.75
copan,2015-04-19,18.187,14.75,271.25
comayagua,2015-04-20,18.719,14.25,272.25
ocotepeque,2015-04-20,20.873,14.25,270.75
copan,2015-04-20,19.982,14.75,271.25
comayagua,2015-04-21,17.996,14.25,272.25
ocotepeque,2015-04-21,19.464,14.25,270.75
copan,2015-04-21,18.463,14.75,271.25
comayagua,2015-04-22,16.922,14.25,272.25
ocotepeque,2015-04-22,19.217,14.25,270.75
copan,2015-04-22,18.21,14.75,271.25
comayagua,2015-04-23,15.441,14.25,272.25
ocotepeque,2015-04-23,19.164,14.25,270.75
copan,2015-04-23,18.811,14.75,271.25
comayagua,2015-04-24,14.032,14.25,272.25
ocotepeque,2015-04-24,16.765,14.25,270.75
copan,2015-04-24,15.702,14.75,271.25
comayagua,2015-04-25,13.667,14.25,272.25
ocotepeque,2015-04-25,17.979,14.25,270.75
copan,2015-04-25,17.149,14.75,271.25
comayagua,2015-04-26,14.601,14.25,272.25
ocotepeque,2015-04-26,18.016,14.25,270.75
copan,2015-04-26,16.944,14.75,271.25
comayagua,2015-04-27,14.644,14.25,272.25
ocotepeque,2015-04-27,17.89,14.25,270.75
copan,2015-04-27,17.459,14.75,271.25
comayagua,2015-04-28,15.804,14.25,272.25
ocotepeque,2015-04-28,18.924,14.25,270.75
copan,2015-04-28,18.739,14.75,271.25
comayagua,2015-04-29,18.632,14.25,272.25
ocotepeque,2015-04-29,19.776,14.25,270.75
copan,2015-04-29,18.484,14.75,271.25
comayagua,2015-04-30,17.751,14.25,272.25
ocotepeque,2015-04-30,19.749,14.25,270.75
copan,2015-04-30,18.902,14.75,271.25
comayagua,2015-05-01,19.035,14.25,272.25
ocotepeque,2015-05-01,18.353,14.25,270.75
copan,2015-05-01,17.259,14.75,271.25
comayagua,2015-05-02,18.488,14.25,272.25
ocotepeque,2015-05-02,18.746,14.25,270.75
copan,2015-05-02,17.971,14.75,271.25
comayagua,2015-05-03,18.015,14.25,272.25
ocotepeque,2015-05-03,17.939,14.25,270.75
copan,2015-05-03,17.021,14.75,271.25
comayagua,2015-05-04,17.744,14.25,272.25
ocotepeque,2015-05-04,16.863,14.25,270.75
copan,2015-05-04,15.996,14.75,271.25
comayagua,2015-05-05,16.703,14.25,272.25
ocotepeque,2015-05-05,15.517,14.25,270.75
copan,2015-05-05,14.331,14.75,271.25
comayagua,2015-05-06,15.589,14.25,272.25
ocotepeque,2015-05-06,14.335,14.25,270.75
copan,2015-05-06,13.705,14.75,271.25
comayagua,2015-05-07,15.729,14.25,272.25
ocotepeque,2015-05-07,15.149,14.25,270.75
copan,2015-05-07,14.406,14.75,271.25
comayagua,2015-05-08,18.743,14.25,272.25
ocotepeque,2015-05-08,17.889,14.25,270.75
copan,2015-05-08,16.802,14.75,271.25
comayagua,2015-05-09,18.779,14.25,272.25
ocotepeque,2015-05-09,19.184,14.25,270.75
copan,2015-05-09,18.175,14.75,271.25
comayagua,2015-05-10,17.329,14.25,272.25
ocotepeque,2015-05-10,18.208,14.25,270.75
copan,2015-05-10,17.568,14.75,271.25
comayagua,2015-05-11,17.174,14.25,272.25
ocotepeque,2015-05-11,17.886,14.25,270.75
copan,2015-05-11,17.176,14.75,271.25
comayagua,2015-05-12,16.857,14.25,272.25
ocotepeque,2015-05-12,17.736,14.25,270.75
copan,2015-05-12,17.142,14.75,271.25
comayagua,2015-05-13,18.295,14.25,272.25
ocotepeque,2015-05-13,19.026,14.25,270.75
copan,2015-05-13,18.462,14.75,271.25
comayagua,2015-05-14,19.307,14.25,272.25
ocotepeque,2015-05-14,19.295,14.25,270.75
copan,2015-05-14,18.495,14.75,271.25
comayagua,2015-05-15,17.578,14.25,272.25
ocotepeque,2015-05-15,17.591,14.25,270.75
copan,2015-05-15,17.126,14.75,271.25
comayagua,2015-05-16,15.292,14.25,272.25
ocotepeque,2015-05-16,16.724,14.25,270.75
copan,2015-05-16,16.363,14.75,271.25
comayagua,2015-05-17,14.53,14.25,272.25
ocotepeque,2015-05-17,16.095,14.25,270.75
copan,2015-05-17,15.555,14.75,271.25
comayagua,2015-05-18,17.654,14.25,272.25
ocotepeque,2015-05-18,17.312,14.25,270.75
copan,2015-05-18,16.702,14.75,271.25
comayagua,2015-05-19,18.327,14.25,272.25
ocotepeque,2015-05-19,18.211,14.25,270.75
copan,2015-05-19,17.151,14.75,271.25
comayagua,2015-05-20,21.342,14.25,272.25
ocotepeque,2015-05-20,20.633,14.25,270.75
copan,2015-05-20,19.443,14.75,271.25
comayagua,2015-05-21,15.819,14.25,272.25
ocotepeque,2015-05-21,17.176,14.25,270.75
copan,2015-05-21,16.354,14.75,271.25
comayagua,2015-05-22,18.095,14.25,272.25
ocotepeque,2015-05-22,18.877,14.25,270.75
copan,2015-05-22,18.406,14.75,271.25
comayagua,2015-05-23,18.871,14.25,272.25
ocotepeque,2015-05-23,18.383,14.25,270.75
copan,2015-05-23,17.692,14.75,271.25
comayagua,2015-05-24,17.811,14.25,272.25
ocotepeque,2015-05-24,18.552,14.25,270.75
copan,2015-05-24,18.346,14.75,271.25
comayagua,2015-05-25,16.121,14.25,272.25
ocotepeque,2015-05-25,17.895,14.25,270.75
copan,2015-05-25,17.642,14.75,271.25
comayagua,2015-05-26,16.542,14.25,272.25
ocotepeque,2015-05-26,17.855,14.25,270.75
copan,2015-05-26,17.208,14.75,271.25
comayagua,2015-05-27,14.998,14.25,272.25
ocotepeque,2015-05-27,16.987,14.25,270.75
copan,2015-05-27,16.823,14.75,271.25
comayagua,2015-05-28,17.823,14.25,272.25
ocotepeque,2015-05-28,17.924,14.25,270.75
copan,2015-05-28,17.232,14.75,271.25
comayagua,2015-05-29,16.183,14.25,272.25
ocotepeque,2015-05-29,16.316,14.25,270.75
copan,2015-05-29,15.111,14.75,271.25
comayagua,2015-05-30,15.736,14.25,272.25
ocotepeque,2015-05-30,15.169,14.25,270.75
copan,2015-05-30,13.941,14.75,271.25
comayagua,2015-05-31,17.359,14.25,272.25
ocotepeque,2015-05-31,17.571,14.25,270.75
copan,2015-05-31,16.737,14.75,271.25
comayagua,2015-06-01,18.08,14.25,272.25
ocotepeque,2015-06-01,18.608,14.25,270.75
copan,2015-06-01,18.845,14.75,271.25
comayagua,2015-06-02,18.896,14.25,272.25
ocotepeque,2015-06-02,18.92,14.25,270.75
copan,2015-06-02,18.58,14.75,271.25
comayagua,2015-06-03,17.753,14.25,272.25
ocotepeque,2015-06-03,17.531,14.25,270.75
copan,2015-06-03,17.591,14.75,271.25
comayagua,2015-06-04,18.729,14.25,272.25
ocotepeque,2015-06-04,18.753,14.25,270.75
copan,2015-06-04,18.681,14.75,271.25
comayagua,2015-06-05,18.335,14.25,272.25
ocotepeque,2015-06-05,17.897,14.25,270.75
copan,2015-06-05,17.719,14.75,271.25
comayagua,2015-06-06,18.635,14.25,272.25
ocotepeque,2015-06-06,18.199,14.25,270.75
copan,2015-06-06,17.742,14.75,271.25
comayagua,2015-06-07,16.979,14.25,272.25
ocotepeque,2015-06-07,17.399,14.25,270.75
copan,2015-06-07,17.242,14.75,271.25
comayagua,2015-06-08,18.943,14.25,272.25
ocotepeque,2015-06-08,18.418,14.25,270.75
copan,2015-06-08,18.32,14.75,271.25
comayagua,2015-06-09,17.593,14.25,272.25
ocotepeque,2015-06-09,17.357,14.25,270.75
copan,2015-06-09,16.512,14.75,271.25
comayagua,2015-06-10,17.848,14.25,272.25
ocotepeque,2015-06-10,18.651,14.25,270.75
copan,2015-06-10,18.885,14.75,271.25
comayagua,2015-06-11,18.231,14.25,272.25
ocotepeque,2015-06-11,18.349,14.25,270.75
copan,2015-06-11,18.407,14.75,271.25
comayagua,2015-06-12,18.373,14.25,272.25
ocotepeque,2015-06-12,18.585,14.25,270.75
copan,2015-06-12,18.298,14.75,271.25
comayagua,2015-06-13,18.126,14.25,272.25
ocotepeque,2015-06-13,18.129,14.25,270.75
copan,2015-06-13,18.076,14.75,271.25
comayagua,2015-06-14,18.055,14.25,272.25
ocotepeque,2015-06-14,18.374,14.25,270.75
copan,2015-06-14,18.258,14.75,271.25
comayagua,2015-06-15,19.038,14.25,272.25
ocotepeque,2015-06-15,18.884,14.25,270.75
copan,2015-06-15,19.041,14.75,271.25
comayagua,2015-06-16,18.761,14.25,272.25
ocotepeque,2015-06-16,18.922,14.25,270.75
copan,2015-06-16,19.141,14.75,271.25
comayagua,2015-06-17,16.357,14.25,272.25
ocotepeque,2015-06-17,17.179,14.25,270.75
copan,2015-06-17,17.095,14.75,271.25
comayagua,2015-06-18,18.223,14.25,272.25
ocotepeque,2015-06-18,17.371,14.25,270.75
copan,2015-06-18,16.817,14.75,271.25
comayagua,2015-06-19,19.096,14.25,272.25
ocotepeque,2015-06-19,19.062,14.25,270.75
copan,2015-06-19,18.921,14.75,271.25
comayagua,2015-06-20,17.895,14.25,272.25
ocotepeque,2015-06-20,18.621,14.25,270.75
copan,2015-06-20,18.82,14.75,271.25
comayagua,2015-06-21,18.732,14.25,272.25
ocotepeque,2015-06-21,18.709,14.25,270.75
copan,2015-06-21,18.512,14.75,271.25
comayagua,2015-06-22,17.625,14.25,272.25
ocotepeque,2015-06-22,18.069,14.25,270.75
copan,2015-06-22,18.016,14.75,271.25
comayagua,2015-06-23,16.634,14.25,272.25
ocotepeque,2015-06-23,17.066,14.25,270.75
copan,2015-06-23,17.122,14.75,271.25
comayagua,2015-06-24,19.177,14.25,272.25
ocotepeque,2015-06-24,17.852,14.25,270.75
copan,2015-06-24,17.212,14.75,271.25
comayagua,2015-06-25,19.036,14.25,272.25
ocotepeque,2015-06-25,18.119,14.25,270.75
copan,2015-06-25,17.741,14.75,271.25
comayagua,2015-06-26,19.269,14.25,272.25
ocotepeque,2015-06-26,18.407,14.25,270.75
copan,2015-06-26,17.959,14.75,271.25
comayagua,2015-06-27,17.434,14.25,272.25
ocotepeque,2015-06-27,17.125,14.25,270.75
copan,2015-06-27,16.606,14.75,271.25
comayagua,2015-06-28,18.467,14.25,272.25
ocotepeque,2015-06-28,17.478,14.25,270.75
copan,2015-06-28,16.999,14.75,271.25
comayagua,2015-06-29,19.611,14.25,272.25
ocotepeque,2015-06-29,19.511,14.25,270.75
copan,2015-06-29,19.293,14.75,271.25
comayagua,2015-06-30,19.481,14.25,272.25
ocotepeque,2015-06-30,18.841,14.25,270.75
copan,2015-06-30,18.676,14.75,271.25
comayagua,2015-07-01,16.837,14.25,272.25
ocotepeque,2015-07-01,17.505,14.25,270.75
copan,2015-07-01,17.287,14.75,271.25
comayagua,2015-07-02,18.264,14.25,272.25
ocotepeque,2015-07-02,18.374,14.25,270.75
copan,2015-07-02,18.084,14.75,271.25
comayagua,2015-07-03,19.441,14.25,272.25
ocotepeque,2015-07-03,19.321,14.25,270.75
copan,2015-07-03,19.104,14.75,271.25
comayagua,2015-07-04,19.318,14.25,272.25
ocotepeque,2015-07-04,18.698,14.25,270.75
copan,2015-07-04,18.012,14.75,271.25
comayagua,2015-07-05,21.192,14.25,272.25
ocotepeque,2015-07-05,20.257,14.25,270.75
copan,2015-07-05,19.84,14.75,271.25
comayagua,2015-07-06,22.177,14.25,272.25
ocotepeque,2015-07-06,20.995,14.25,270.75
copan,2015-07-06,20.359,14.75,271.25
comayagua,2015-07-07,16.217,14.25,272.25
ocotepeque,2015-07-07,17.463,14.25,270.75
copan,2015-07-07,17.343,14.75,271.25
comayagua,2015-07-08,15.81,14.25,272.25
ocotepeque,2015-07-08,17.117,14.25,270.75
copan,2015-07-08,16.918,14.75,271.25
comayagua,2015-07-09,18.797,14.25,272.25
ocotepeque,2015-07-09,18.326,14.25,270.75
copan,2015-07-09,17.751,14.75,271.25
comayagua,2015-07-10,15.889,14.25,272.25
ocotepeque,2015-07-10,16.749,14.25,270.75
copan,2015-07-10,16.731,14.75,271.25
comayagua,2015-07-11,18.669,14.25,272.25
ocotepeque,2015-07-11,18.463,14.25,270.75
copan,2015-07-11,17.911,14.75,271.25
comayagua,2015-07-12,17.207,14.25,272.25
ocotepeque,2015-07-12,17.767,14.25,270.75
copan,2015-07-12,17.475,14.75,271.25
comayagua,2015-07-13,16.7,14.25,272.25
ocotepeque,2015-07-13,15.542,14.25,270.75
copan,2015-07-13,14.522,14.75,271.25
comayagua,2015-07-14,15.273,14.25,272.25
ocotepeque,2015-07-14,16.064,14.25,270.75
copan,2015-07-14,15.315,14.75,271.25
comayagua,2015-07-15,15.539,14.25,272.25
ocotepeque,2015-07-15,17.209,14.25,270.75
copan,2015-07-15,17.431,14.75,271.25
comayagua,2015-07-16,16.962,14.25,272.25
ocotepeque,2015-07-16,17.919,14.25,270.75
copan,2015-07-16,17.866,14.75,271.25
comayagua,2015-07-17,17.182,14.25,272.25
ocotepeque,2015-07-17,17.967,14.25,270.75
copan,2015-07-17,18.075,14.75,271.25
comayagua,2015-07-18,16.856,14.25,272.25
ocotepeque,2015-07-18,18.032,14.25,270.75
copan,2015-07-18,17.728,14.75,271.25
comayagua,2015-07-19,17.148,14.25,272.25
ocotepeque,2015-07-19,17.837,14.25,270.75
copan,2015-07-19,18.014,14.75,271.25
comayagua,2015-07-20,16.046,14.25,272.25
ocotepeque,2015-07-20,17.533,14.25,270.75
copan,2015-07-20,17.338,14.75,271.25
comayagua,2015-07-21,15.307,14.25,272.25
ocotepeque,2015-07-21,16.937,14.25,270.75
copan,2015-07-21,17.004,14.75,271.25
comayagua,2015-07-22,16.884,14.25,272.25
ocotepeque,2015-07-22,17.476,14.25,270.75
copan,2015-07-22,17.5,14.75,271.25
comayagua,2015-07-23,17.389,14.25,272.25
ocotepeque,2015-07-23,18.614,14.25,270.75
copan,2015-07-23,18.473,14.75,271.25
comayagua,2015-07-24,18.191,14.25,272.25
ocotepeque,2015-07-24,18.382,14.25,270.75
copan,2015-07-24,17.713,14.75,271.25
comayagua,2015-07-25,18.012,14.25,272.25
ocotepeque,2015-07-25,17.555,14.25,270.75
copan,2015-07-25,16.484,14.75,271.25
comayagua,2015-07-26,17.41,14.25,272.25
ocotepeque,2015-07-26,17.712,14.25,270.75
copan,2015-07-26,17.588,14.75,271.25
comayagua,2015-07-27,16.468,14.25,272.25
ocotepeque,2015-07-27,17.134,14.25,270.75
copan,2015-07-27,16.909,14.75,271.25
comayagua,2015-07-28,18.498,14.25,272.25
ocotepeque,2015-07-28,18.228,14.25,270.75
copan,2015-07-28,17.83,14.75,271.25
comayagua,2015-07-29,18.181,14.25,272.25
ocotepeque,2015-07-29,18.413,14.25,270.75
copan,2015-07-29,18.072,14.75,271.25
comayagua,2015-07-30,17.307,14.25,272.25
ocotepeque,2015-07-30,18.361,14.25,270.75
copan,2015-07-30,18.249,14.75,271.25
comayagua,2015-07-31,15.328,14.25,272.25
ocotepeque,2015-07-31,16.314,14.25,270.75
copan,2015-07-31,16.272,14.75,271.25
comayagua,2015-08-01,17.614,14.25,272.25
ocotepeque,2015-08-01,17.382,14.25,270.75
copan,2015-08-01,17.358,14.75,271.25
comayagua,2015-08-02,18.126,14.25,272.25
ocotepeque,2015-08-02,18.117,14.25,270.75
copan,2015-08-02,18.403,14.75,271.25
comayagua,2015-08-03,18.009,14.25,272.25
ocotepeque,2015-08-03,18.096,14.25,270.75
copan,2015-08-03,17.809,14.75,271.25
comayagua,2015-08-04,17.155,14.25,272.25
ocotepeque,2015-08-04,17.265,14.25,270.75
copan,2015-08-04,16.691,14.75,271.25
comayagua,2015-08-05,18.74,14.25,272.25
ocotepeque,2015-08-05,18.152,14.25,270.75
copan,2015-08-05,18.081,14.75,271.25
comayagua,2015-08-06,18.298,14.25,272.25
ocotepeque,2015-08-06,18.791,14.25,270.75
copan,2015-08-06,18.733,14.75,271.25
comayagua,2015-08-07,16.499,14.25,272.25
ocotepeque,2015-08-07,17.429,14.25,270.75
copan,2015-08-07,18.151,14.75,271.25
comayagua,2015-08-08,17.568,14.25,272.25
ocotepeque,2015-08-08,18.498,14.25,270.75
copan,2015-08-08,18.093,14.75,271.25
comayagua,2015-08-09,16.74,14.25,272.25
ocotepeque,2015-08-09,16.573,14.25,270.75
copan,2015-08-09,15.986,14.75,271.25
comayagua,2015-08-10,17.643,14.25,272.25
ocotepeque,2015-08-10,17.806,14.25,270.75
copan,2015-08-10,17.461,14.75,271.25
comayagua,2015-08-11,17.582,14.25,272.25
ocotepeque,2015-08-11,16.808,14.25,270.75
copan,2015-08-11,15.875,14.75,271.25
comayagua,2015-08-12,18.486,14.25,272.25
ocotepeque,2015-08-12,18.048,14.25,270.75
copan,2015-08-12,17.827,14.75,271.25
comayagua,2015-08-13,19.03,14.25,272.25
ocotepeque,2015-08-13,18.624,14.25,270.75
copan,2015-08-13,18.173,14.75,271.25
comayagua,2015-08-14,18.632,14.25,272.25
ocotepeque,2015-08-14,17.598,14.25,270.75
copan,2015-08-14,16.911,14.75,271.25
comayagua,2015-08-15,18.915,14.25,272.25
ocotepeque,2015-08-15,17.611,14.25,270.75
copan,2015-08-15,17.344,14.75,271.25
comayagua,2015-08-16,17.451,14.25,272.25
ocotepeque,2015-08-16,18.111,14.25,270.75
copan,2015-08-16,18.436,14.75,271.25
comayagua,2015-08-17,18.866,14.25,272.25
ocotepeque,2015-08-17,18.577,14.25,270.75
copan,2015-08-17,18.662,14.75,271.25
comayagua,2015-08-18,15.374,14.25,272.25
ocotepeque,2015-08-18,18.15,14.25,270.75
copan,2015-08-18,18.601,14.75,271.25
comayagua,2015-08-19,15.067,14.25,272.25
ocotepeque,2015-08-19,16.521,14.25,270.75
copan,2015-08-19,17.322,14.75,271.25
comayagua,2015-08-20,16.48,14.25,272.25
ocotepeque,2015-08-20,18.084,14.25,270.75
copan,2015-08-20,19.042,14.75,271.25
comayagua,2015-08-21,17.527,14.25,272.25
ocotepeque,2015-08-21,17.167,14.25,270.75
copan,2015-08-21,17.106,14.75,271.25
comayagua,2015-08-22,17.74,14.25,272.25
ocotepeque,2015-08-22,17.78,14.25,270.75
copan,2015-08-22,17.207,14.75,271.25
comayagua,2015-08-23,19.231,14.25,272.25
ocotepeque,2015-08-23,18.085,14.25,270.75
copan,2015-08-23,17.472,14.75,271.25
comayagua,2015-08-24,18.954,14.25,272.25
ocotepeque,2015-08-24,17.272,14.25,270.75
copan,2015-08-24,16.59,14.75,271.25
comayagua,2015-08-25,17.066,14.25,272.25
ocotepeque,2015-08-25,17.126,14.25,270.75
copan,2015-08-25,16.716,14.75,271.25
comayagua,2015-08-26,18.307,14.25,272.25
ocotepeque,2015-08-26,17.249,14.25,270.75
copan,2015-08-26,16.49,14.75,271.25
comayagua,2015-08-27,19.007,14.25,272.25
ocotepeque,2015-08-27,18.591,14.25,270.75
copan,2015-08-27,18.373,14.75,271.25
comayagua,2015-08-28,17.571,14.25,272.25
ocotepeque,2015-08-28,17.986,14.25,270.75
copan,2015-08-28,17.65,14.75,271.25
comayagua,2015-08-29,18.993,14.25,272.25
ocotepeque,2015-08-29,18.295,14.25,270.75
copan,2015-08-29,17.534,14.75,271.25
comayagua,2015-08-30,18.373,14.25,272.25
ocotepeque,2015-08-30,19.185,14.25,270.75
copan,2015-08-30,19.227,14.75,271.25
comayagua,2015-08-31,17.703,14.25,272.25
ocotepeque,2015-08-31,17.912,14.25,270.75
copan,2015-08-31,17.604,14.75,271.25
comayagua,2015-09-01,18.788,14.25,272.25
ocotepeque,2015-09-01,17.878,14.25,270.75
copan,2015-09-01,17.392,14.75,271.25
comayagua,2015-09-02,17.097,14.25,272.25
ocotepeque,2015-09-02,17.863,14.25,270.75
copan,2015-09-02,18.477,14.75,271.25
comayagua,2015-09-03,16.498,14.25,272.25
ocotepeque,2015-09-03,16.621,14.25,270.75
copan,2015-09-03,16.379,14.75,271.25
comayagua,2015-09-04,17.69,14.25,272.25
ocotepeque,2015-09-04,17.177,14.25,270.75
copan,2015-09-04,16.752,14.75,271.25
comayagua,2015-09-05,17.618,14.25,272.25
ocotepeque,2015-09-05,17.336,14.25,270.75
copan,2015-09-05,17.319,14.75,271.25
comayagua,2015-09-06,17.671,14.25,272.25
ocotepeque,2015-09-06,16.973,14.25,270.75
copan,2015-09-06,16.223,14.75,271.25
comayagua,2015-09-07,15.833,14.25,272.25
ocotepeque,2015-09-07,17.232,14.25,270.75
copan,2015-09-07,18.085,14.75,271.25
comayagua,2015-09-08,18.247,14.25,272.25
ocotepeque,2015-09-08,17.928,14.25,270.75
copan,2015-09-08,17.918,14.75,271.25
comayagua,2015-09-09,17.731,14.25,272.25
ocotepeque,2015-09-09,18.429,14.25,270.75
copan,2015-09-09,18.016,14.75,271.25
comayagua,2015-09-10,16.682,14.25,272.25
ocotepeque,2015-09-10,17.578,14.25,270.75
copan,2015-09-10,17.045,14.75,271.25
comayagua,2015-09-11,17.539,14.25,272.25
ocotepeque,2015-09-11,18.718,14.25,270.75
copan,2015-09-11,18.894,14.75,271.25
comayagua,2015-09-12,16.517,14.25,272.25
ocotepeque,2015-09-12,18.584,14.25,270.75
copan,2015-09-12,18.474,14.75,271.25
comayagua,2015-09-13,18.573,14.25,272.25
ocotepeque,2015-09-13,18.28,14.25,270.75
copan,2015-09-13,18.068,14.75,271.25
comayagua,2015-09-14,18.751,14.25,272.25
ocotepeque,2015-09-14,18.616,14.25,270.75
copan,2015-09-14,18.243,14.75,271.25
comayagua,2015-09-15,18.134,14.25,272.25
ocotepeque,2015-09-15,18.991,14.25,270.75
copan,2015-09-15,18.886,14.75,271.25
comayagua,2015-09-16,17.275,14.25,272.25
ocotepeque,2015-09-16,18.233,14.25,270.75
copan,2015-09-16,18.151,14.75,271.25
comayagua,2015-09-17,16.051,14.25,272.25
ocotepeque,2015-09-17,17.915,14.25,270.75
copan,2015-09-17,18.124,14.75,271.25
comayagua,2015-09-18,16.88,14.25,272.25
ocotepeque,2015-09-18,16.734,14.25,270.75
copan,2015-09-18,16.44,14.75,271.25
comayagua,2015-09-19,17.154,14.25,272.25
ocotepeque,2015-09-19,17.79,14.25,270.75
copan,2015-09-19,17.701,14.75,271.25
comayagua,2015-09-20,18.129,14.25,272.25
ocotepeque,2015-09-20,18.115,14.25,270.75
copan,2015-09-20,18.268,14.75,271.25
comayagua,2015-09-21,18.998,14.25,272.25
ocotepeque,2015-09-21,18.829,14.25,270.75
copan,2015-09-21,18.432,14.75,271.25
comayagua,2015-09-22,17.786,14.25,272.25
ocotepeque,2015-09-22,17.519,14.25,270.75
copan,2015-09-22,17.544,14.75,271.25
comayagua,2015-09-23,18.642,14.25,272.25
ocotepeque,2015-09-23,18.227,14.25,270.75
copan,2015-09-23,18.057,14.75,271.25
comayagua,2015-09-24,17.834,14.25,272.25
ocotepeque,2015-09-24,18.145,14.25,270.75
copan,2015-09-24,17.794,14.75,271.25
comayagua,2015-09-25,18.158,14.25,272.25
ocotepeque,2015-09-25,18.227,14.25,270.75
copan,2015-09-25,18.033,14.75,271.25
comayagua,2015-09-26,18.481,14.25,272.25
ocotepeque,2015-09-26,18.209,14.25,270.75
copan,2015-09-26,17.916,14.75,271.25
comayagua,2015-09-27,18.295,14.25,272.25
ocotepeque,2015-09-27,18.686,14.25,270.75
copan,2015-09-27,18.303,14.75,271.25
comayagua,2015-09-28,19.185,14.25,272.25
ocotepeque,2015-09-28,19.106,14.25,270.75
copan,2015-09-28,18.734,14.75,271.25
comayagua,2015-09-29,18.855,14.25,272.25
ocotepeque,2015-09-29,18.715,14.25,270.75
copan,2015-09-29,18.472,14.75,271.25
comayagua,2015-09-30,17.762,14.25,272.25
ocotepeque,2015-09-30,18.461,14.25,270.75
copan,2015-09-30,18.773,14.75,271.25
comayagua,2015-10-01,17.063,14.25,272.25
ocotepeque,2015-10-01,17.881,14.25,270.75
copan,2015-10-01,17.51,14.75,271.25
comayagua,2015-10-02,15.903,14.25,272.25
ocotepeque,2015-10-02,18.479,14.25,270.75
copan,2015-10-02,19.054,14.75,271.25
comayagua,2015-10-03,18.054,14.25,272.25
ocotepeque,2015-10-03,17.947,14.25,270.75
copan,2015-10-03,17.813,14.75,271.25
comayagua,2015-10-04,18.184,14.25,272.25
ocotepeque,2015-10-04,17.832,14.25,270.75
copan,2015-10-04,17.441,14.75,271.25
comayagua,2015-10-05,17.782,14.25,272.25
ocotepeque,2015-10-05,18.727,14.25,270.75
copan,2015-10-05,18.695,14.75,271.25
comayagua,2015-10-06,19.284,14.25,272.25
ocotepeque,2015-10-06,19.347,14.25,270.75
copan,2015-10-06,19.32,14.75,271.25
comayagua,2015-10-07,17.211,14.25,272.25
ocotepeque,2015-10-07,17.884,14.25,270.75
copan,2015-10-07,17.814,14.75,271.25
comayagua,2015-10-08,17.387,14.25,272.25
ocotepeque,2015-10-08,16.001,14.25,270.75
copan,2015-10-08,15.338,14.75,271.25
comayagua,2015-10-09,18.571,14.25,272.25
ocotepeque,2015-10-09,18.022,14.25,270.75
copan,2015-10-09,17.384,14.75,271.25
comayagua,2015-10-10,18.22,14.25,272.25
ocotepeque,2015-10-10,18.589,14.25,270.75
copan,2015-10-10,17.994,14.75,271.25
comayagua,2015-10-11,18.194,14.25,272.25
ocotepeque,2015-10-11,18.36,14.25,270.75
copan,2015-10-11,17.937,14.75,271.25
comayagua,2015-10-12,18.215,14.25,272.25
ocotepeque,2015-10-12,17.868,14.25,270.75
copan,2015-10-12,17.443,14.75,271.25
comayagua,2015-10-13,17.952,14.25,272.25
ocotepeque,2015-10-13,17.409,14.25,270.75
copan,2015-10-13,16.668,14.75,271.25
comayagua,2015-10-14,18.902,14.25,272.25
ocotepeque,2015-10-14,18.156,14.25,270.75
copan,2015-10-14,17.475,14.75,271.25
comayagua,2015-10-15,18.918,14.25,272.25
ocotepeque,2015-10-15,19.2,14.25,270.75
copan,2015-10-15,18.861,14.75,271.25
comayagua,2015-10-16,17.291,14.25,272.25
ocotepeque,2015-10-16,18.337,14.25,270.75
copan,2015-10-16,18.132,14.75,271.25
comayagua,2015-10-17,19.211,14.25,272.25
ocotepeque,2015-10-17,19.004,14.25,270.75
copan,2015-10-17,18.545,14.75,271.25
comayagua,2015-10-18,19.002,14.25,272.25
ocotepeque,2015-10-18,18.934,14.25,270.75
copan,2015-10-18,18.56,14.75,271.25
comayagua,2015-10-19,18.683,14.25,272.25
ocotepeque,2015-10-19,18.912,14.25,270.75
copan,2015-10-19,18.761,14.75,271.25
comayagua,2015-10-20,18.564,14.25,272.25
ocotepeque,2015-10-20,18.153,14.25,270.75
copan,2015-10-20,18.643,14.75,271.25
comayagua,2015-10-21,19.39,14.25,272.25
ocotepeque,2015-10-21,19.025,14.25,270.75
copan,2015-10-21,18.766,14.75,271.25
comayagua,2015-10-22,16.95,14.25,272.25
ocotepeque,2015-10-22,18.701,14.25,270.75
copan,2015-10-22,18.528,14.75,271.25
comayagua,2015-10-23,17.1,14.25,272.25
ocotepeque,2015-10-23,23.964,14.25,270.75
copan,2015-10-23,17.454,14.75,271.25
comayagua,2015-10-24,17.268,14.25,272.25
ocotepeque,2015-10-24,18.409,14.25,270.75
copan,2015-10-24,18.244,14.75,271.25
comayagua,2015-10-25,19.437,14.25,272.25
ocotepeque,2015-10-25,22.622,14.25,270.75
copan,2015-10-25,18.73,14.75,271.25
comayagua,2015-10-26,17.612,14.25,272.25
ocotepeque,2015-10-26,20.344,14.25,270.75
copan,2015-10-26,17.615,14.75,271.25
comayagua,2015-10-27,19.182,14.25,272.25
ocotepeque,2015-10-27,21.792,14.25,270.75
copan,2015-10-27,18.659,14.75,271.25
comayagua,2015-10-28,18.201,14.25,272.25
ocotepeque,2015-10-28,23.235,14.25,270.75
copan,2015-10-28,18.426,14.75,271.25
comayagua,2015-10-29,19.012,14.25,272.25
ocotepeque,2015-10-29,24.249,14.25,270.75
copan,2015-10-29,18.739,14.75,271.25
comayagua,2015-10-30,17.977,14.25,272.25
ocotepeque,2015-10-30,22.221,14.25,270.75
copan,2015-10-30,18.395,14.75,271.25
comayagua,2015-10-31,17.326,14.25,272.25
ocotepeque,2015-10-31,17.512,14.25,270.75
copan,2015-10-31,17.36,14.75,271.25
comayagua,2015-11-01,17.338,14.25,272.25
ocotepeque,2015-11-01,18.951,14.25,270.75
copan,2015-11-01,17.498,14.75,271.25
comayagua,2015-11-02,18.084,14.25,272.25
ocotepeque,2015-11-02,22.717,14.25,270.75
copan,2015-11-02,19.243,14.75,271.25
comayagua,2015-11-03,19.293,14.25,272.25
ocotepeque,2015-11-03,22.656,14.25,270.75
copan,2015-11-03,17.131,14.75,271.25
comayagua,2015-11-04,17.555,14.25,272.25
ocotepeque,2015-11-04,24.448,14.25,270.75
copan,2015-11-04,17.391,14.75,271.25
comayagua,2015-11-05,17.244,14.25,272.25
ocotepeque,2015-11-05,24.175,14.25,270.75
copan,2015-11-05,16.284,14.75,271.25
comayagua,2015-11-06,17.366,14.25,272.25
ocotepeque,2015-11-06,23.808,14.25,270.75
copan,2015-11-06,16.32,14.75,271.25
comayagua,2015-11-07,16.869,14.25,272.25
ocotepeque,2015-11-07,18.293,14.25,270.75
copan,2015-11-07,18.023,14.75,271.25
comayagua,2015-11-08,17.52,14.25,272.25
ocotepeque,2015-11-08,18.161,14.25,270.75
copan,2015-11-08,17.78,14.75,271.25
comayagua,2015-11-09,17.148,14.25,272.25
ocotepeque,2015-11-09,23.32,14.25,270.75
copan,2015-11-09,18.33,14.75,271.25
comayagua,2015-11-10,20.035,14.25,272.25
ocotepeque,2015-11-10,24.023,14.25,270.75
copan,2015-11-10,18.776,14.75,271.25
comayagua,2015-11-11,18.521,14.25,272.25
ocotepeque,2015-11-11,19.443,14.25,270.75
copan,2015-11-11,18.331,14.75,271.25
comayagua,2015-11-12,17.885,14.25,272.25
ocotepeque,2015-11-12,23.82,14.25,270.75
copan,2015-11-12,18.322,14.75,271.25
comayagua,2015-11-13,19.171,14.25,272.25
ocotepeque,2015-11-13,26.438,14.25,270.75
copan,2015-11-13,20.676,14.75,271.25
comayagua,2015-11-14,18.267,14.25,272.25
ocotepeque,2015-11-14,19.09,14.25,270.75
copan,2015-11-14,18.605,14.75,271.25
comayagua,2015-11-15,18.531,14.25,272.25
ocotepeque,2015-11-15,18.952,14.25,270.75
copan,2015-11-15,18.555,14.75,271.25
comayagua,2015-11-16,18.34,14.25,272.25
ocotepeque,2015-11-16,20.092,14.25,270.75
copan,2015-11-16,18.053,14.75,271.25
comayagua,2015-11-17,17.468,14.25,272.25
ocotepeque,2015-11-17,23.503,14.25,270.75
copan,2015-11-17,17.382,14.75,271.25
comayagua,2015-11-18,17.354,14.25,272.25
ocotepeque,2015-11-18,24.133,14.25,270.75
copan,2015-11-18,16.809,14.75,271.25
comayagua,2015-11-19,18.657,14.25,272.25
ocotepeque,2015-11-19,26.55,14.25,270.75
copan,2015-11-19,19.089,14.75,271.25
comayagua,2015-11-20,19.582,14.25,272.25
ocotepeque,2015-11-20,24.584,14.25,270.75
copan,2015-11-20,19.275,14.75,271.25
comayagua,2015-11-21,18.575,14.25,272.25
ocotepeque,2015-11-21,18.835,14.25,270.75
copan,2015-11-21,18.157,14.75,271.25
comayagua,2015-11-22,18.157,14.25,272.25
ocotepeque,2015-11-22,18.664,14.25,270.75
copan,2015-11-22,18.607,14.75,271.25
comayagua,2015-11-23,17.447,14.25,272.25
ocotepeque,2015-11-23,23.119,14.25,270.75
copan,2015-11-23,18.199,14.75,271.25
comayagua,2015-11-24,18.589,14.25,272.25
ocotepeque,2015-11-24,24.162,14.25,270.75
copan,2015-11-24,17.906,14.75,271.25
comayagua,2015-11-25,17.267,14.25,272.25
ocotepeque,2015-11-25,24.469,14.25,270.75
copan,2015-11-25,17.687,14.75,271.25
comayagua,2015-11-26,18.317,14.25,272.25
ocotepeque,2015-11-26,23.839,14.25,270.75
copan,2015-11-26,17.558,14.75,271.25
comayagua,2015-11-27,18.677,14.25,272.25
ocotepeque,2015-11-27,24.003,14.25,270.75
copan,2015-11-27,17.832,14.75,271.25
comayagua,2015-11-28,16.937,14.25,272.25
ocotepeque,2015-11-28,16.606,14.25,270.75
copan,2015-11-28,15.797,14.75,271.25
comayagua,2015-11-29,15.941,14.25,272.25
ocotepeque,2015-11-29,16.165,14.25,270.75
copan,2015-11-29,15.641,14.75,271.25
comayagua,2015-11-30,14.856,14.25,272.25
ocotepeque,2015-11-30,20.431,14.25,270.75
copan,2015-11-30,14.366,14.75,271.25
comayagua,2015-12-01,16.342,14.25,272.25
ocotepeque,2015-12-01,22.649,14.25,270.75
copan,2015-12-01,15.914,14.75,271.25
comayagua,2015-12-02,16.04,14.25,272.25
ocotepeque,2015-12-02,22.043,14.25,270.75
copan,2015-12-02,13.2,14.75,271.25
comayagua,2015-12-03,17.665,14.25,272.25
ocotepeque,2015-12-03,22.436,14.25,270.75
copan,2015-12-03,17.491,14.75,271.25
comayagua,2015-12-04,14.644,14.25,272.25
ocotepeque,2015-12-04,21.71,14.25,270.75
copan,2015-12-04,15.692,14.75,271.25
comayagua,2015-12-05,18.062,14.25,272.25
ocotepeque,2015-12-05,25.066,14.25,270.75
copan,2015-12-05,16.166,14.75,271.25
comayagua,2015-12-06,17.965,14.25,272.25
ocotepeque,2015-12-06,16.81,14.25,270.75
copan,2015-12-06,15.936,14.75,271.25
comayagua,2015-12-07,17.724,14.25,272.25
ocotepeque,2015-12-07,23.664,14.25,270.75
copan,2015-12-07,17.048,14.75,271.25
comayagua,2015-12-08,18.243,14.25,272.25
ocotepeque,2015-12-08,22.126,14.25,270.75
copan,2015-12-08,16.872,14.75,271.25
comayagua,2015-12-09,18.161,14.25,272.25
ocotepeque,2015-12-09,22.116,14.25,270.75
copan,2015-12-09,15.885,14.75,271.25
comayagua,2015-12-10,17.949,14.25,272.25
ocotepeque,2015-12-10,23.157,14.25,270.75
copan,2015-12-10,16.451,14.75,271.25
comayagua,2015-12-11,15.649,14.25,272.25
ocotepeque,2015-12-11,22.658,14.25,270.75
copan,2015-12-11,15.932,14.75,271.25
comayagua,2015-12-12,17.068,14.25,272.25
ocotepeque,2015-12-12,17.821,14.25,270.75
copan,2015-12-12,15.483,14.75,271.25
comayagua,2015-12-13,17.175,14.25,272.25
ocotepeque,2015-12-13,17.031,14.25,270.75
copan,2015-12-13,16.899,14.75,271.25
comayagua,2015-12-14,16.819,14.25,272.25
ocotepeque,2015-12-14,23.5,14.25,270.75
copan,2015-12-14,18.206,14.75,271.25
comayagua,2015-12-15,17.784,14.25,272.25
ocotepeque,2015-12-15,22.218,14.25,270.75
copan,2015-12-15,17.525,14.75,271.25
comayagua,2015-12-16,17.647,14.25,272.25
ocotepeque,2015-12-16,24.27,14.25,270.75
copan,2015-12-16,17.065,14.75,271.25
comayagua,2015-12-17,16.792,14.25,272.25
ocotepeque,2015-12-17,22.808,14.25,270.75
copan,2015-12-17,18.972,14.75,271.25
comayagua,2015-12-18,16.546,14.25,272.25
ocotepeque,2015-12-18,23.666,14.25,270.75
copan,2015-12-18,16.566,14.75,271.25
comayagua,2015-12-19,17.136,14.25,272.25
ocotepeque,2015-12-19,18.195,14.25,270.75
copan,2015-12-19,17.669,14.75,271.25
comayagua,2015-12-20,18.324,14.25,272.25
ocotepeque,2015-12-20,18.144,14.25,270.75
copan,2015-12-20,17.707,14.75,271.25
comayagua,2015-12-21,18.109,14.25,272.25
ocotepeque,2015-12-21,23.271,14.25,270.75
copan,2015-12-21,16.637,14.75,271.25
comayagua,2015-12-22,17.165,14.25,272.25
ocotepeque,2015-12-22,20.516,14.25,270.75
copan,2015-12-22,17.103,14.75,271.25
comayagua,2015-12-23,15.398,14.25,272.25
ocotepeque,2015-12-23,22.796,14.25,270.75
copan,2015-12-23,14.927,14.75,271.25
comayagua,2015-12-24,14.517,14.25,272.25
ocotepeque,2015-12-24,14.379,14.25,270.75
copan,2015-12-24,14.497,14.75,271.25
comayagua,2015-12-25,15.81,14.25,272.25
ocotepeque,2015-12-25,16.197,14.25,270.75
copan,2015-12-25,15.53,14.75,271.25
comayagua,2015-12-26,17.054,14.25,272.25
ocotepeque,2015-12-26,16.953,14.25,270.75
copan,2015-12-26,16.596,14.75,271.25
comayagua,2015-12-27,12.55,14.25,272.25
ocotepeque,2015-12-27,13.848,14.25,270.75
copan,2015-12-27,13.447,14.75,271.25
comayagua,2015-12-28,13.646,14.25,272.25
ocotepeque,2015-12-28,13.565,14.25,270.75
copan,2015-12-28,13.1,14.75,271.25
comayagua,2015-12-29,12.425,14.25,272.25
ocotepeque,2015-12-29,14.093,14.25,270.75
copan,2015-12-29,13.401,14.75,271.25
comayagua,2015-12-30,13.421,14.25,272.25
ocotepeque,2015-12-30,16.119,14.25,270.75
copan,2015-12-30,16.258,14.75,271.25
comayagua,2015-12-31,17.158,14.25,272.25
ocotepeque,2015-12-31,18.158,14.25,270.75
copan,2015-12-31,18.121,14.75,271.25
comayagua,2016-01-01,18.81,14.25,272.25
ocotepeque,2016-01-01,24.628,14.25,270.75
copan,2016-01-01,20.258,14.75,271.25
comayagua,2016-01-02,16.506,14.25,272.25
ocotepeque,2016-01-02,17.406,14.25,270.75
copan,2016-01-02,16.682,14.75,271.25
comayagua,2016-01-03,15.448,14.25,272.25
ocotepeque,2016-01-03,16.472,14.25,270.75
copan,2016-01-03,15.645,14.75,271.25
comayagua,2016-01-04,15.671,14.25,272.25
ocotepeque,2016-01-04,21.141,14.25,270.75
copan,2016-01-04,14.136,14.75,271.25
comayagua,2016-01-05,15.637,14.25,272.25
ocotepeque,2016-01-05,22.039,14.25,270.75
copan,2016-01-05,15.475,14.75,271.25
comayagua,2016-01-06,16.045,14.25,272.25
ocotepeque,2016-01-06,21.792,14.25,270.75
copan,2016-01-06,13.525,14.75,271.25
comayagua,2016-01-07,13.015,14.25,272.25
ocotepeque,2016-01-07,20.102,14.25,270.75
copan,2016-01-07,16.177,14.75,271.25
comayagua,2016-01-08,11.492,14.25,272.25
ocotepeque,2016-01-08,20.273,14.25,270.75
copan,2016-01-08,13.418,14.75,271.25
comayagua,2016-01-09,12.798,14.25,272.25
ocotepeque,2016-01-09,14.596,14.25,270.75
copan,2016-01-09,14.33,14.75,271.25
comayagua,2016-01-10,19.018,14.25,272.25
ocotepeque,2016-01-10,20.435,14.25,270.75
copan,2016-01-10,19.339,14.75,271.25
comayagua,2016-01-11,17.235,14.25,272.25
ocotepeque,2016-01-11,22.976,14.25,270.75
copan,2016-01-11,16.488,14.75,271.25
comayagua,2016-01-12,11.809,14.25,272.25
ocotepeque,2016-01-12,20.765,14.25,270.75
copan,2016-01-12,13.099,14.75,271.25
comayagua,2016-01-13,15.666,14.25,272.25
ocotepeque,2016-01-13,22.08,14.25,270.75
copan,2016-01-13,16.455,14.75,271.25
comayagua,2016-01-14,15.028,14.25,272.25
ocotepeque,2016-01-14,18.898,14.25,270.75
copan,2016-01-14,15.568,14.75,271.25
comayagua,2016-01-15,14.46,14.25,272.25
ocotepeque,2016-01-15,17.093,14.25,270.75
copan,2016-01-15,14.376,14.75,271.25
comayagua,2016-01-16,12.999,14.25,272.25
ocotepeque,2016-01-16,16.259,14.25,270.75
copan,2016-01-16,15.627,14.75,271.25
comayagua,2016-01-17,12.658,14.25,272.25
ocotepeque,2016-01-17,16.385,14.25,270.75
copan,2016-01-17,15.609,14.75,271.25
comayagua,2016-01-18,15.108,14.25,272.25
ocotepeque,2016-01-18,19.707,14.25,270.75
copan,2016-01-18,14.147,14.75,271.25
comayagua,2016-01-19,13.824,14.25,272.25
ocotepeque,2016-01-19,19.563,14.25,270.75
copan,2016-01-19,11.411,14.75,271.25
comayagua,2016-01-20,15.307,14.25,272.25
ocotepeque,2016-01-20,20.371,14.25,270.75
copan,2016-01-20,14.018,14.75,271.25
comayagua,2016-01-21,11.838,14.25,272.25
ocotepeque,2016-01-21,19.436,14.25,270.75
copan,2016-01-21,12.348,14.75,271.25
comayagua,2016-01-22,11.289,14.25,272.25
ocotepeque,2016-01-22,17.518,14.25,270.75
copan,2016-01-22,14.34,14.75,271.25
comayagua,2016-01-23,13.423,14.25,272.25
ocotepeque,2016-01-23,16.787,14.25,270.75
copan,2016-01-23,11.147,14.75,271.25
comayagua,2016-01-24,11.308,14.25,272.25
ocotepeque,2016-01-24,9.494,14.25,270.75
copan,2016-01-24,7.278,14.75,271.25
comayagua,2016-01-25,10.037,14.25,272.25
ocotepeque,2016-01-25,19.561,14.25,270.75
copan,2016-01-25,8.458,14.75,271.25
comayagua,2016-01-26,12.489,14.25,272.25
ocotepeque,2016-01-26,19.462,14.25,270.75
copan,2016-01-26,11.243,14.75,271.25
comayagua,2016-01-27,8.559,14.25,272.25
ocotepeque,2016-01-27,21.558,14.25,270.75
copan,2016-01-27,12.675,14.75,271.25
comayagua,2016-01-28,15.187,14.25,272.25
ocotepeque,2016-01-28,23.222,14.25,270.75
copan,2016-01-28,15.354,14.75,271.25
comayagua,2016-01-29,16.01,14.25,272.25
ocotepeque,2016-01-29,19.66,14.25,270.75
copan,2016-01-29,13.331,14.75,271.25
comayagua,2016-01-30,12.85,14.25,272.25
ocotepeque,2016-01-30,13.262,14.25,270.75
copan,2016-01-30,12.395,14.75,271.25
comayagua,2016-01-31,12.013,14.25,272.25
ocotepeque,2016-01-31,13.584,14.25,270.75
copan,2016-01-31,13.094,14.75,271.25
comayagua,2016-02-01,12.585,14.25,272.25
ocotepeque,2016-02-01,21.735,14.25,270.75
copan,2016-02-01,13.57,14.75,271.25
comayagua,2016-02-02,12.457,14.25,272.25
ocotepeque,2016-02-02,20.803,14.25,270.75
copan,2016-02-02,14.013,14.75,271.25
comayagua,2016-02-03,11.488,14.25,272.25
ocotepeque,2016-02-03,19.466,14.25,270.75
copan,2016-02-03,13.948,14.75,271.25
comayagua,2016-02-04,13.091,14.25,272.25
ocotepeque,2016-02-04,23.024,14.25,270.75
copan,2016-02-04,16.042,14.75,271.25
comayagua,2016-02-05,16.903,14.25,272.25
ocotepeque,2016-02-05,22.05,14.25,270.75
copan,2016-02-05,14.984,14.75,271.25
comayagua,2016-02-06,15.891,14.25,272.25
ocotepeque,2016-02-06,15.429,14.25,270.75
copan,2016-02-06,13.216,14.75,271.25
comayagua,2016-02-07,14.935,14.25,272.25
ocotepeque,2016-02-07,14.781,14.25,270.75
copan,2016-02-07,13.312,14.75,271.25
comayagua,2016-02-08,12.849,14.25,272.25
ocotepeque,2016-02-08,18.86,14.25,270.75
copan,2016-02-08,11.612,14.75,271.25
comayagua,2016-02-09,13.728,14.25,272.25
ocotepeque,2016-02-09,18.634,14.25,270.75
copan,2016-02-09,10.873,14.75,271.25
comayagua,2016-02-10,11.076,14.25,272.25
ocotepeque,2016-02-10,14.041,14.25,270.75
copan,2016-02-10,10.548,14.75,271.25
comayagua,2016-02-11,11.24,14.25,272.25
ocotepeque,2016-02-11,11.451,14.25,270.75
copan,2016-02-11,10.36,14.75,271.25
comayagua,2016-02-12,14.696,14.25,272.25
ocotepeque,2016-02-12,13.754,14.25,270.75
copan,2016-02-12,11.999,14.75,271.25
comayagua,2016-02-13,13.906,14.25,272.25
ocotepeque,2016-02-13,14.357,14.25,270.75
copan,2016-02-13,12.864,14.75,271.25
comayagua,2016-02-14,15.333,14.25,272.25
ocotepeque,2016-02-14,14.63,14.25,270.75
copan,2016-02-14,13.406,14.75,271.25
comayagua,2016-02-15,16.361,14.25,272.25
ocotepeque,2016-02-15,16.042,14.25,270.75
copan,2016-02-15,14.584,14.75,271.25
comayagua,2016-02-16,12.874,14.25,272.25
ocotepeque,2016-02-16,14.363,14.25,270.75
copan,2016-02-16,13.029,14.75,271.25
comayagua,2016-02-17,16.708,14.25,272.25
ocotepeque,2016-02-17,16.613,14.25,270.75
copan,2016-02-17,15.268,14.75,271.25
comayagua,2016-02-18,17.153,14.25,272.25
ocotepeque,2016-02-18,17.246,14.25,270.75
copan,2016-02-18,16.148,14.75,271.25
comayagua,2016-02-19,17.269,14.25,272.25
ocotepeque,2016-02-19,17.318,14.25,270.75
copan,2016-02-19,16.141,14.75,271.25
comayagua,2016-02-20,16.735,14.25,272.25
ocotepeque,2016-02-20,16.859,14.25,270.75
copan,2016-02-20,15.463,14.75,271.25
comayagua,2016-02-21,16.638,14.25,272.25
ocotepeque,2016-02-21,16.12,14.25,270.75
copan,2016-02-21,14.845,14.75,271.25
comayagua,2016-02-22,15.783,14.25,272.25
ocotepeque,2016-02-22,16.235,14.25,270.75
copan,2016-02-22,14.931,14.75,271.25
comayagua,2016-02-23,14.208,14.25,272.25
ocotepeque,2016-02-23,16.651,14.25,270.75
copan,2016-02-23,16.078,14.75,271.25
comayagua,2016-02-24,14.314,14.25,272.25
ocotepeque,2016-02-24,15.828,14.25,270.75
copan,2016-02-24,15.225,14.75,271.25
comayagua,2016-02-25,14.655,14.25,272.25
ocotepeque,2016-02-25,14.692,14.25,270.75
copan,2016-02-25,13.246,14.75,271.25
comayagua,2016-02-26,13.603,14.25,272.25
ocotepeque,2016-02-26,14.009,14.25,270.75
copan,2016-02-26,12.57,14.75,271.25
comayagua,2016-02-27,14.302,14.25,272.25
ocotepeque,2016-02-27,14.138,14.25,270.75
copan,2016-02-27,12.461,14.75,271.25
comayagua,2016-02-28,14.513,14.25,272.25
ocotepeque,2016-02-28,14.155,14.25,270.75
copan,2016-02-28,12.722,14.75,271.25
comayagua,2016-02-29,13.948,14.25,272.25
ocotepeque,2016-02-29,14.263,14.25,270.75
copan,2016-02-29,12.932,14.75,271.25
comayagua,2016-03-01,14.909,14.25,272.25
ocotepeque,2016-03-01,15.194,14.25,270.75
copan,2016-03-01,13.288,14.75,271.25
comayagua,2016-03-02,15.978,14.25,272.25
ocotepeque,2016-03-02,17.33,14.25,270.75
copan,2016-03-02,16.171,14.75,271.25
comayagua,2016-03-03,15.875,14.25,272.25
ocotepeque,2016-03-03,16.811,14.25,270.75
copan,2016-03-03,15.695,14.75,271.25
comayagua,2016-03-04,16.991,14.25,272.25
ocotepeque,2016-03-04,17.938,14.25,270.75
copan,2016-03-04,16.899,14.75,271.25
comayagua,2016-03-05,18.121,14.25,272.25
ocotepeque,2016-03-05,18.517,14.25,270.75
copan,2016-03-05,17.118,14.75,271.25
comayagua,2016-03-06,17.209,14.25,272.25
ocotepeque,2016-03-06,18.366,14.25,270.75
copan,2016-03-06,17.265,14.75,271.25
comayagua,2016-03-07,17.224,14.25,272.25
ocotepeque,2016-03-07,17.342,14.25,270.75
copan,2016-03-07,16.025,14.75,271.25
comayagua,2016-03-08,15.412,14.25,272.25
ocotepeque,2016-03-08,17.599,14.25,270.75
copan,2016-03-08,17.216,14.75,271.25
comayagua,2016-03-09,15.658,14.25,272.25
ocotepeque,2016-03-09,17.287,14.25,270.75
copan,2016-03-09,16.228,14.75,271.25
comayagua,2016-03-10,15.727,14.25,272.25
ocotepeque,2016-03-10,16.924,14.25,270.75
copan,2016-03-10,16.199,14.75,271.25
comayagua,2016-03-11,17.039,14.25,272.25
ocotepeque,2016-03-11,18.248,14.25,270.75
copan,2016-03-11,17.774,14.75,271.25
comayagua,2016-03-12,18.044,14.25,272.25
ocotepeque,2016-03-12,20.482,14.25,270.75
copan,2016-03-12,19.801,14.75,271.25
comayagua,2016-03-13,18.062,14.25,272.25
ocotepeque,2016-03-13,20.042,14.25,270.75
copan,2016-03-13,19.235,14.75,271.25
comayagua,2016-03-14,15.454,14.25,272.25
ocotepeque,2016-03-14,16.697,14.25,270.75
copan,2016-03-14,15.591,14.75,271.25
comayagua,2016-03-15,11.852,14.25,272.25
ocotepeque,2016-03-15,14.96,14.25,270.75
copan,2016-03-15,14.584,14.75,271.25
comayagua,2016-03-16,13.346,14.25,272.25
ocotepeque,2016-03-16,15.258,14.25,270.75
copan,2016-03-16,14.151,14.75,271.25
comayagua,2016-03-17,13.984,14.25,272.25
ocotepeque,2016-03-17,17.908,14.25,270.75
copan,2016-03-17,17.508,14.75,271.25
comayagua,2016-03-18,15.47,14.25,272.25
ocotepeque,2016-03-18,17.572,14.25,270.75
copan,2016-03-18,16.664,14.75,271.25
comayagua,2016-03-19,15.488,14.25,272.25
ocotepeque,2016-03-19,17.546,14.25,270.75
copan,2016-03-19,17.323,14.75,271.25
comayagua,2016-03-20,15.757,14.25,272.25
ocotepeque,2016-03-20,17.268,14.25,270.75
copan,2016-03-20,16.727,14.75,271.25
comayagua,2016-03-21,18.358,14.25,272.25
ocotepeque,2016-03-21,18.205,14.25,270.75
copan,2016-03-21,16.717,14.75,271.25
comayagua,2016-03-22,16.943,14.25,272.25
ocotepeque,2016-03-22,15.603,14.25,270.75
copan,2016-03-22,13.815,14.75,271.25
comayagua,2016-03-23,17.26,14.25,272.25
ocotepeque,2016-03-23,15.927,14.25,270.75
copan,2016-03-23,14.248,14.75,271.25
comayagua,2016-03-24,15.291,14.25,272.25
ocotepeque,2016-03-24,17.638,14.25,270.75
copan,2016-03-24,17.36,14.75,271.25
comayagua,2016-03-25,13.572,14.25,272.25
ocotepeque,2016-03-25,15.181,14.25,270.75
copan,2016-03-25,14.812,14.75,271.25
comayagua,2016-03-26,14.875,14.25,272.25
ocotepeque,2016-03-26,16.181,14.25,270.75
copan,2016-03-26,14.873,14.75,271.25
comayagua,2016-03-27,13.451,14.25,272.25
ocotepeque,2016-03-27,16.347,14.25,270.75
copan,2016-03-27,15.53,14.75,271.25
comayagua,2016-03-28,15.243,14.25,272.25
ocotepeque,2016-03-28,17.087,14.25,270.75
copan,2016-03-28,16.659,14.75,271.25
comayagua,2016-03-29,14.789,14.25,272.25
ocotepeque,2016-03-29,16.484,14.25,270.75
copan,2016-03-29,15.938,14.75,271.25
comayagua,2016-03-30,17.078,14.25,272.25
ocotepeque,2016-03-30,17.399,14.25,270.75
copan,2016-03-30,15.776,14.75,271.25
comayagua,2016-03-31,18.043,14.25,272.25
ocotepeque,2016-03-31,18.801,14.25,270.75
copan,2016-03-31,17.921,14.75,271.25
comayagua,2016-04-01,16.918,14.25,272.25
ocotepeque,2016-04-01,19.144,14.25,270.75
copan,2016-04-01,18.318,14.75,271.25
comayagua,2016-04-02,16.121,14.25,272.25
ocotepeque,2016-04-02,17.927,14.25,270.75
copan,2016-04-02,17.559,14.75,271.25
comayagua,2016-04-03,20.646,14.25,272.25
ocotepeque,2016-04-03,20.351,14.25,270.75
copan,2016-04-03,19.265,14.75,271.25
comayagua,2016-04-04,19.1,14.25,272.25
ocotepeque,2016-04-04,19.196,14.25,270.75
copan,2016-04-04,17.879,14.75,271.25
comayagua,2016-04-05,18.37,14.25,272.25
ocotepeque,2016-04-05,18.372,14.25,270.75
copan,2016-04-05,17.063,14.75,271.25
comayagua,2016-04-06,18.524,14.25,272.25
ocotepeque,2016-04-06,17.662,14.25,270.75
copan,2016-04-06,16.054,14.75,271.25
comayagua,2016-04-07,18.512,14.25,272.25
ocotepeque,2016-04-07,18.23,14.25,270.75
copan,2016-04-07,16.502,14.75,271.25
comayagua,2016-04-08,16.259,14.25,272.25
ocotepeque,2016-04-08,15.809,14.25,270.75
copan,2016-04-08,14.243,14.75,271.25
comayagua,2016-04-09,14.962,14.25,272.25
ocotepeque,2016-04-09,13.727,14.25,270.75
copan,2016-04-09,11.866,14.75,271.25
comayagua,2016-04-10,15.883,14.25,272.25
ocotepeque,2016-04-10,13.603,14.25,270.75
copan,2016-04-10,11.348,14.75,271.25
comayagua,2016-04-11,16.57,14.25,272.25
ocotepeque,2016-04-11,15.844,14.25,270.75
copan,2016-04-11,14.487,14.75,271.25
comayagua,2016-04-12,18.003,14.25,272.25
ocotepeque,2016-04-12,19.09,14.25,270.75
copan,2016-04-12,18.262,14.75,271.25
comayagua,2016-04-13,18.0,14.25,272.25
ocotepeque,2016-04-13,18.959,14.25,270.75
copan,2016-04-13,17.931,14.75,271.25
comayagua,2016-04-14,16.957,14.25,272.25
ocotepeque,2016-04-14,19.342,14.25,270.75
copan,2016-04-14,18.429,14.75,271.25
comayagua,2016-04-15,16.601,14.25,272.25
ocotepeque,2016-04-15,17.461,14.25,270.75
copan,2016-04-15,16.251,14.75,271.25
comayagua,2016-04-16,16.121,14.25,272.25
ocotepeque,2016-04-16,16.582,14.25,270.75
copan,2016-04-16,15.568,14.75,271.25
comayagua,2016-04-17,18.053,14.25,272.25
ocotepeque,2016-04-17,19.794,14.25,270.75
copan,2016-04-17,19.189,14.75,271.25
comayagua,2016-04-18,19.042,14.25,272.25
ocotepeque,2016-04-18,20.528,14.25,270.75
copan,2016-04-18,20.061,14.75,271.25
comayagua,2016-04-19,19.035,14.25,272.25
ocotepeque,2016-04-19,19.49,14.25,270.75
copan,2016-04-19,18.443,14.75,271.25
comayagua,2016-04-20,17.346,14.25,272.25
ocotepeque,2016-04-20,17.452,14.25,270.75
copan,2016-04-20,16.112,14.75,271.25
comayagua,2016-04-21,15.486,14.25,272.25
ocotepeque,2016-04-21,15.386,14.25,270.75
copan,2016-04-21,13.839,14.75,271.25
comayagua,2016-04-22,16.208,14.25,272.25
ocotepeque,2016-04-22,16.216,14.25,270.75
copan,2016-04-22,15.144,14.75,271.25
comayagua,2016-04-23,16.241,14.25,272.25
ocotepeque,2016-04-23,15.8,14.25,270.75
copan,2016-04-23,13.876,14.75,271.25
comayagua,2016-04-24,16.416,14.25,272.25
ocotepeque,2016-04-24,16.018,14.25,270.75
copan,2016-04-24,14.08,14.75,271.25
comayagua,2016-04-25,16.849,14.25,272.25
ocotepeque,2016-04-25,17.661,14.25,270.75
copan,2016-04-25,16.307,14.75,271.25
comayagua,2016-04-26,17.716,14.25,272.25
ocotepeque,2016-04-26,19.387,14.25,270.75
copan,2016-04-26,18.583,14.75,271.25
comayagua,2016-04-27,17.145,14.25,272.25
ocotepeque,2016-04-27,18.675,14.25,270.75
copan,2016-04-27,18.064,14.75,271.25
comayagua,2016-04-28,18.936,14.25,272.25
ocotepeque,2016-04-28,20.612,14.25,270.75
copan,2016-04-28,19.578,14.75,271.25
comayagua,2016-04-29,18.718,14.25,272.25
ocotepeque,2016-04-29,19.967,14.25,270.75
copan,2016-04-29,19.066,14.75,271.25
comayagua,2016-04-30,18.908,14.25,272.25
ocotepeque,2016-04-30,19.989,14.25,270.75
copan,2016-04-30,19.413,14.75,271.25
comayagua,2016-05-01,18.75,14.25,272.25
ocotepeque,2016-05-01,19.038,14.25,270.75
copan,2016-05-01,18.334,14.75,271.25
comayagua,2016-05-02,20.244,14.25,272.25
ocotepeque,2016-05-02,19.657,14.25,270.75
copan,2016-05-02,18.718,14.75,271.25
comayagua,2016-05-03,19.909,14.25,272.25
ocotepeque,2016-05-03,19.261,14.25,270.75
copan,2016-05-03,18.065,14.75,271.25
comayagua,2016-05-04,19.703,14.25,272.25
ocotepeque,2016-05-04,19.232,14.25,270.75
copan,2016-05-04,18.551,14.75,271.25
comayagua,2016-05-05,19.59,14.25,272.25
ocotepeque,2016-05-05,19.469,14.25,270.75
copan,2016-05-05,18.452,14.75,271.25
comayagua,2016-05-06,19.428,14.25,272.25
ocotepeque,2016-05-06,19.584,14.25,270.75
copan,2016-05-06,18.864,14.75,271.25
comayagua,2016-05-07,15.586,14.25,272.25
ocotepeque,2016-05-07,16.101,14.25,270.75
copan,2016-05-07,14.435,14.75,271.25
comayagua,2016-05-08,15.794,14.25,272.25
ocotepeque,2016-05-08,15.638,14.25,270.75
copan,2016-05-08,14.365,14.75,271.25
comayagua,2016-05-09,18.586,14.25,272.25
ocotepeque,2016-05-09,17.518,14.25,270.75
copan,2016-05-09,16.109,14.75,271.25
comayagua,2016-05-10,18.011,14.25,272.25
ocotepeque,2016-05-10,18.043,14.25,270.75
copan,2016-05-10,17.583,14.75,271.25
comayagua,2016-05-11,17.834,14.25,272.25
ocotepeque,2016-05-11,17.336,14.25,270.75
copan,2016-05-11,16.738,14.75,271.25
comayagua,2016-05-12,17.24,14.25,272.25
ocotepeque,2016-05-12,17.451,14.25,270.75
copan,2016-05-12,16.722,14.75,271.25
comayagua,2016-05-13,18.941,14.25,272.25
ocotepeque,2016-05-13,19.341,14.25,270.75
copan,2016-05-13,19.105,14.75,271.25
comayagua,2016-05-14,20.227,14.25,272.25
ocotepeque,2016-05-14,19.405,14.25,270.75
copan,2016-05-14,18.471,14.75,271.25
comayagua,2016-05-15,19.448,14.25,272.25
ocotepeque,2016-05-15,18.197,14.25,270.75
copan,2016-05-15,16.799,14.75,271.25
comayagua,2016-05-16,18.869,14.25,272.25
ocotepeque,2016-05-16,17.703,14.25,270.75
copan,2016-05-16,16.79,14.75,271.25
comayagua,2016-05-17,17.336,14.25,272.25
ocotepeque,2016-05-17,18.514,14.25,270.75
copan,2016-05-17,17.671,14.75,271.25
comayagua,2016-05-18,18.907,14.25,272.25
ocotepeque,2016-05-18,19.898,14.25,270.75
copan,2016-05-18,19.461,14.75,271.25
comayagua,2016-05-19,18.231,14.25,272.25
ocotepeque,2016-05-19,19.105,14.25,270.75
copan,2016-05-19,18.51,14.75,271.25
comayagua,2016-05-20,19.21,14.25,272.25
ocotepeque,2016-05-20,19.069,14.25,270.75
copan,2016-05-20,18.76,14.75,271.25
comayagua,2016-05-21,18.17,14.25,272.25
ocotepeque,2016-05-21,19.41,14.25,270.75
copan,2016-05-21,19.081,14.75,271.25
comayagua,2016-05-22,17.214,14.25,272.25
ocotepeque,2016-05-22,19.618,14.25,270.75
copan,2016-05-22,19.259,14.75,271.25
comayagua,2016-05-23,16.952,14.25,272.25
ocotepeque,2016-05-23,19.595,14.25,270.75
copan,2016-05-23,19.265,14.75,271.25
comayagua,2016-05-24,18.039,14.25,272.25
ocotepeque,2016-05-24,19.626,14.25,270.75
copan,2016-05-24,19.143,14.75,271.25
comayagua,2016-05-25,19.116,14.25,272.25
ocotepeque,2016-05-25,19.565,14.25,270.75
copan,2016-05-25,18.494,14.75,271.25
comayagua,2016-05-26,18.902,14.25,272.25
ocotepeque,2016-05-26,18.748,14.25,270.75
copan,2016-05-26,17.745,14.75,271.25
comayagua,2016-05-27,16.085,14.25,272.25
ocotepeque,2016-05-27,16.576,14.25,270.75
copan,2016-05-27,15.518,14.75,271.25
comayagua,2016-05-28,17.035,14.25,272.25
ocotepeque,2016-05-28,17.899,14.25,270.75
copan,2016-05-28,17.247,14.75,271.25
comayagua,2016-05-29,18.246,14.25,272.25
ocotepeque,2016-05-29,19.427,14.25,270.75
copan,2016-05-29,18.577,14.75,271.25
comayagua,2016-05-30,17.844,14.25,272.25
ocotepeque,2016-05-30,23.427,14.25,270.75
copan,2016-05-30,17.503,14.75,271.25
comayagua,2016-05-31,21.827,14.25,272.25
ocotepeque,2016-05-31,23.039,14.25,270.75
copan,2016-05-31,16.965,14.75,271.25
comayagua,2016-06-01,16.478,14.25,272.25
ocotepeque,2016-06-01,23.193,14.25,270.75
copan,2016-06-01,16.55,14.75,271.25
comayagua,2016-06-02,18.423,14.25,272.25
ocotepeque,2016-06-02,23.186,14.25,270.75
copan,2016-06-02,19.322,14.75,271.25
comayagua,2016-06-03,18.289,14.25,272.25
ocotepeque,2016-06-03,21.971,14.25,270.75
copan,2016-06-03,18.219,14.75,271.25
comayagua,2016-06-04,18.347,14.25,272.25
ocotepeque,2016-06-04,22.083,14.25,270.75
copan,2016-06-04,18.607,14.75,271.25
comayagua,2016-06-05,19.339,14.25,272.25
ocotepeque,2016-06-05,22.624,14.25,270.75
copan,2016-06-05,19.601,14.75,271.25
comayagua,2016-06-06,18.796,14.25,272.25
ocotepeque,2016-06-06,22.287,14.25,270.75
copan,2016-06-06,18.441,14.75,271.25
comayagua,2016-06-07,19.662,14.25,272.25
ocotepeque,2016-06-07,20.579,14.25,270.75
copan,2016-06-07,20.274,14.75,271.25
comayagua,2016-06-08,18.289,14.25,272.25
ocotepeque,2016-06-08,22.693,14.25,270.75
copan,2016-06-08,18.72,14.75,271.25
comayagua,2016-06-09,18.57,14.25,272.25
ocotepeque,2016-06-09,22.362,14.25,270.75
copan,2016-06-09,18.752,14.75,271.25
comayagua,2016-06-10,21.965,14.25,272.25
ocotepeque,2016-06-10,26.405,14.25,270.75
copan,2016-06-10,21.282,14.75,271.25
comayagua,2016-06-11,17.9,14.25,272.25
ocotepeque,2016-06-11,21.508,14.25,270.75
copan,2016-06-11,17.487,14.75,271.25
comayagua,2016-06-12,18.799,14.25,272.25
ocotepeque,2016-06-12,23.405,14.25,270.75
copan,2016-06-12,17.366,14.75,271.25
comayagua,2016-06-13,14.908,14.25,272.25
ocotepeque,2016-06-13,21.446,14.25,270.75
copan,2016-06-13,18.158,14.75,271.25
comayagua,2016-06-14,15.549,14.25,272.25
ocotepeque,2016-06-14,24.22,14.25,270.75
copan,2016-06-14,18.304,14.75,271.25
comayagua,2016-06-15,17.414,14.25,272.25
ocotepeque,2016-06-15,18.865,14.25,270.75
copan,2016-06-15,16.938,14.75,271.25
comayagua,2016-06-16,17.219,14.25,272.25
ocotepeque,2016-06-16,20.653,14.25,270.75
copan,2016-06-16,16.661,14.75,271.25
comayagua,2016-06-17,18.621,14.25,272.25
ocotepeque,2016-06-17,19.874,14.25,270.75
copan,2016-06-17,16.612,14.75,271.25
comayagua,2016-06-18,17.605,14.25,272.25
ocotepeque,2016-06-18,21.701,14.25,270.75
copan,2016-06-18,18.138,14.75,271.25
comayagua,2016-06-19,17.686,14.25,272.25
ocotepeque,2016-06-19,24.926,14.25,270.75
copan,2016-06-19,18.256,14.75,271.25
comayagua,2016-06-20,17.012,14.25,272.25
ocotepeque,2016-06-20,19.977,14.25,270.75
copan,2016-06-20,17.88,14.75,271.25
comayagua,2016-06-21,17.369,14.25,272.25
ocotepeque,2016-06-21,23.189,14.25,270.75
copan,2016-06-21,18.091,14.75,271.25
comayagua,2016-06-22,17.899,14.25,272.25
ocotepeque,2016-06-22,22.461,14.25,270.75
copan,2016-06-22,17.6,14.75,271.25
comayagua,2016-06-23,18.517,14.25,272.25
ocotepeque,2016-06-23,24.486,14.25,270.75
copan,2016-06-23,18.104,14.75,271.25
comayagua,2016-06-24,18.292,14.25,272.25
ocotepeque,2016-06-24,24.965,14.25,270.75
copan,2016-06-24,19.27,14.75,271.25
comayagua,2016-06-25,18.448,14.25,272.25
ocotepeque,2016-06-25,21.116,14.25,270.75
copan,2016-06-25,18.291,14.75,271.25
comayagua,2016-06-26,18.416,14.25,272.25
ocotepeque,2016-06-26,22.964,14.25,270.75
copan,2016-06-26,17.474,14.75,271.25
comayagua,2016-06-27,19.055,14.25,272.25
ocotepeque,2016-06-27,23.223,14.25,270.75
copan,2016-06-27,17.949,14.75,271.25
comayagua,2016-06-28,17.826,14.25,272.25
ocotepeque,2016-06-28,22.78,14.25,270.75
copan,2016-06-28,17.225,14.75,271.25
comayagua,2016-06-29,16.478,14.25,272.25
ocotepeque,2016-06-29,24.773,14.25,270.75
copan,2016-06-29,17.522,14.75,271.25
comayagua,2016-06-30,19.063,14.25,272.25
ocotepeque,2016-06-30,20.986,14.25,270.75
copan,2016-06-30,18.053,14.75,271.25
comayagua,2016-07-01,19.798,14.25,272.25
ocotepeque,2016-07-01,24.809,14.25,270.75
copan,2016-07-01,19.425,14.75,271.25
comayagua,2016-07-02,18.863,14.25,272.25
ocotepeque,2016-07-02,23.523,14.25,270.75
copan,2016-07-02,19.056,14.75,271.25
comayagua,2016-07-03,19.489,14.25,272.25
ocotepeque,2016-07-03,20.379,14.25,270.75
copan,2016-07-03,17.801,14.75,271.25
comayagua,2016-07-04,18.907,14.25,272.25
ocotepeque,2016-07-04,23.87,14.25,270.75
copan,2016-07-04,17.895,14.75,271.25
comayagua,2016-07-05,17.803,14.25,272.25
ocotepeque,2016-07-05,24.111,14.25,270.75
copan,2016-07-05,18.742,14.75,271.25
comayagua,2016-07-06,19.917,14.25,272.25
ocotepeque,2016-07-06,24.282,14.25,270.75
copan,2016-07-06,18.848,14.75,271.25
comayagua,2016-07-07,19.068,14.25,272.25
ocotepeque,2016-07-07,24.491,14.25,270.75
copan,2016-07-07,18.289,14.75,271.25
comayagua,2016-07-08,19.437,14.25,272.25
ocotepeque,2016-07-08,24.263,14.25,270.75
copan,2016-07-08,18.53,14.75,271.25
comayagua,2016-07-09,19.61,14.25,272.25
ocotepeque,2016-07-09,24.795,14.25,270.75
copan,2016-07-09,20.494,14.75,271.25
comayagua,2016-07-10,17.555,14.25,272.25
ocotepeque,2016-07-10,24.474,14.25,270.75
copan,2016-07-10,18.833,14.75,271.25
comayagua,2016-07-11,19.057,14.25,272.25
ocotepeque,2016-07-11,24.239,14.25,270.75
copan,2016-07-11,18.375,14.75,271.25
comayagua,2016-07-12,18.581,14.25,272.25
ocotepeque,2016-07-12,22.107,14.25,270.75
copan,2016-07-12,18.15,14.75,271.25
comayagua,2016-07-13,19.067,14.25,272.25
ocotepeque,2016-07-13,21.356,14.25,270.75
copan,2016-07-13,16.532,14.75,271.25
comayagua,2016-07-14,17.684,14.25,272.25
ocotepeque,2016-07-14,23.724,14.25,270.75
copan,2016-07-14,17.588,14.75,271.25
comayagua,2016-07-15,16.939,14.25,272.25
ocotepeque,2016-07-15,23.839,14.25,270.75
copan,2016-07-15,18.054,14.75,271.25
comayagua,2016-07-16,17.5,14.25,272.25
ocotepeque,2016-07-16,23.052,14.25,270.75
copan,2016-07-16,18.317,14.75,271.25
comayagua,2016-07-17,18.338,14.25,272.25
ocotepeque,2016-07-17,22.241,14.25,270.75
copan,2016-07-17,16.975,14.75,271.25
comayagua,2016-07-18,19.318,14.25,272.25
ocotepeque,2016-07-18,24.068,14.25,270.75
copan,2016-07-18,18.23,14.75,271.25
comayagua,2016-07-19,18.663,14.25,272.25
ocotepeque,2016-07-19,21.935,14.25,270.75
copan,2016-07-19,18.098,14.75,271.25
comayagua,2016-07-20,18.073,14.25,272.25
ocotepeque,2016-07-20,22.108,14.25,270.75
copan,2016-07-20,17.549,14.75,271.25
comayagua,2016-07-21,16.866,14.25,272.25
ocotepeque,2016-07-21,23.961,14.25,270.75
copan,2016-07-21,18.009,14.75,271.25
comayagua,2016-07-22,18.275,14.25,272.25
ocotepeque,2016-07-22,23.549,14.25,270.75
copan,2016-07-22,18.821,14.75,271.25
comayagua,2016-07-23,18.584,14.25,272.25
ocotepeque,2016-07-23,22.855,14.25,270.75
copan,2016-07-23,17.859,14.75,271.25
comayagua,2016-07-24,17.93,14.25,272.25
ocotepeque,2016-07-24,23.48,14.25,270.75
copan,2016-07-24,17.374,14.75,271.25
comayagua,2016-07-25,16.671,14.25,272.25
ocotepeque,2016-07-25,23.296,14.25,270.75
copan,2016-07-25,17.276,14.75,271.25
comayagua,2016-07-26,18.478,14.25,272.25
ocotepeque,2016-07-26,22.472,14.25,270.75
copan,2016-07-26,17.864,14.75,271.25
comayagua,2016-07-27,16.708,14.25,272.25
ocotepeque,2016-07-27,24.281,14.25,270.75
copan,2016-07-27,17.466,14.75,271.25
comayagua,2016-07-28,16.578,14.25,272.25
ocotepeque,2016-07-28,16.913,14.25,270.75
copan,2016-07-28,17.017,14.75,271.25
comayagua,2016-07-29,17.402,14.25,272.25
ocotepeque,2016-07-29,24.665,14.25,270.75
copan,2016-07-29,18.139,14.75,271.25
comayagua,2016-07-30,16.773,14.25,272.25
ocotepeque,2016-07-30,21.257,14.25,270.75
copan,2016-07-30,17.09,14.75,271.25
comayagua,2016-07-31,17.211,14.25,272.25
ocotepeque,2016-07-31,24.244,14.25,270.75
copan,2016-07-31,17.298,14.75,271.25
comayagua,2016-08-01,18.192,14.25,272.25
ocotepeque,2016-08-01,23.812,14.25,270.75
copan,2016-08-01,17.426,14.75,271.25
comayagua,2016-08-02,19.41,14.25,272.25
ocotepeque,2016-08-02,25.054,14.25,270.75
copan,2016-08-02,17.707,14.75,271.25
comayagua,2016-08-03,19.244,14.25,272.25
ocotepeque,2016-08-03,24.099,14.25,270.75
copan,2016-08-03,17.833,14.75,271.25
comayagua,2016-08-04,18.47,14.25,272.25
ocotepeque,2016-08-04,22.659,14.25,270.75
copan,2016-08-04,18.614,14.75,271.25
comayagua,2016-08-05,17.332,14.25,272.25
ocotepeque,2016-08-05,22.806,14.25,270.75
copan,2016-08-05,18.069,14.75,271.25
comayagua,2016-08-06,17.74,14.25,272.25
ocotepeque,2016-08-06,23.499,14.25,270.75
copan,2016-08-06,18.338,14.75,271.25
comayagua,2016-08-07,17.271,14.25,272.25
ocotepeque,2016-08-07,24.577,14.25,270.75
copan,2016-08-07,17.627,14.75,271.25
comayagua,2016-08-08,17.779,14.25,272.25
ocotepeque,2016-08-08,25.781,14.25,270.75
copan,2016-08-08,18.999,14.75,271.25
comayagua,2016-08-09,18.159,14.25,272.25
ocotepeque,2016-08-09,24.439,14.25,270.75
copan,2016-08-09,18.1,14.75,271.25
comayagua,2016-08-10,16.67,14.25,272.25
ocotepeque,2016-08-10,24.175,14.25,270.75
copan,2016-08-10,17.581,14.75,271.25
comayagua,2016-08-11,17.228,14.25,272.25
ocotepeque,2016-08-11,19.488,14.25,270.75
copan,2016-08-11,17.116,14.75,271.25
comayagua,2016-08-12,17.844,14.25,272.25
ocotepeque,2016-08-12,22.701,14.25,270.75
copan,2016-08-12,17.283,14.75,271.25
comayagua,2016-08-13,17.708,14.25,272.25
ocotepeque,2016-08-13,21.751,14.25,270.75
copan,2016-08-13,17.449,14.75,271.25
comayagua,2016-08-14,17.623,14.25,272.25
ocotepeque,2016-08-14,21.977,14.25,270.75
copan,2016-08-14,17.766,14.75,271.25
comayagua,2016-08-15,17.443,14.25,272.25
ocotepeque,2016-08-15,22.334,14.25,270.75
copan,2016-08-15,17.439,14.75,271.25
comayagua,2016-08-16,18.562,14.25,272.25
ocotepeque,2016-08-16,23.396,14.25,270.75
copan,2016-08-16,17.28,14.75,271.25
comayagua,2016-08-17,17.534,14.25,272.25
ocotepeque,2016-08-17,24.034,14.25,270.75
copan,2016-08-17,16.855,14.75,271.25
comayagua,2016-08-18,17.218,14.25,272.25
ocotepeque,2016-08-18,22.477,14.25,270.75
copan,2016-08-18,18.607,14.75,271.25
comayagua,2016-08-19,18.323,14.25,272.25
ocotepeque,2016-08-19,20.485,14.25,270.75
copan,2016-08-19,17.133,14.75,271.25
comayagua,2016-08-20,18.292,14.25,272.25
ocotepeque,2016-08-20,24.88,14.25,270.75
copan,2016-08-20,18.192,14.75,271.25
comayagua,2016-08-21,19.57,14.25,272.25
ocotepeque,2016-08-21,25.678,14.25,270.75
copan,2016-08-21,18.896,14.75,271.25
comayagua,2016-08-22,18.884,14.25,272.25
ocotepeque,2016-08-22,21.98,14.25,270.75
copan,2016-08-22,16.664,14.75,271.25
comayagua,2016-08-23,17.641,14.25,272.25
ocotepeque,2016-08-23,23.056,14.25,270.75
copan,2016-08-23,15.375,14.75,271.25
comayagua,2016-08-24,17.997,14.25,272.25
ocotepeque,2016-08-24,23.853,14.25,270.75
copan,2016-08-24,17.666,14.75,271.25
comayagua,2016-08-25,19.046,14.25,272.25
ocotepeque,2016-08-25,23.989,14.25,270.75
copan,2016-08-25,18.036,14.75,271.25
comayagua,2016-08-26,18.735,14.25,272.25
ocotepeque,2016-08-26,24.359,14.25,270.75
copan,2016-08-26,17.055,14.75,271.25
comayagua,2016-08-27,18.486,14.25,272.25
ocotepeque,2016-08-27,22.752,14.25,270.75
copan,2016-08-27,16.869,14.75,271.25
comayagua,2016-08-28,18.088,14.25,272.25
ocotepeque,2016-08-28,23.426,14.25,270.75
copan,2016-08-28,18.708,14.75,271.25
comayagua,2016-08-29,17.143,14.25,272.25
ocotepeque,2016-08-29,23.117,14.25,270.75
copan,2016-08-29,16.534,14.75,271.25
comayagua,2016-08-30,22.114,14.25,272.25
ocotepeque,2016-08-30,23.819,14.25,270.75
copan,2016-08-30,24.881,14.75,271.25
comayagua,2016-08-31,18.864,14.25,272.25
ocotepeque,2016-08-31,23.694,14.25,270.75
copan,2016-08-31,17.995,14.75,271.25
comayagua,2016-09-01,18.295,14.25,272.25
ocotepeque,2016-09-01,23.579,14.25,270.75
copan,2016-09-01,17.756,14.75,271.25
comayagua,2016-09-02,17.617,14.25,272.25
ocotepeque,2016-09-02,22.315,14.25,270.75
copan,2016-09-02,18.214,14.75,271.25
comayagua,2016-09-03,18.141,14.25,272.25
ocotepeque,2016-09-03,21.101,14.25,270.75
copan,2016-09-03,17.772,14.75,271.25
comayagua,2016-09-04,18.362,14.25,272.25
ocotepeque,2016-09-04,22.553,14.25,270.75
copan,2016-09-04,18.386,14.75,271.25
comayagua,2016-09-05,16.748,14.25,272.25
ocotepeque,2016-09-05,21.752,14.25,270.75
copan,2016-09-05,16.504,14.75,271.25
comayagua,2016-09-06,18.08,14.25,272.25
ocotepeque,2016-09-06,22.556,14.25,270.75
copan,2016-09-06,17.222,14.75,271.25
comayagua,2016-09-07,20.311,14.25,272.25
ocotepeque,2016-09-07,22.978,14.25,270.75
copan,2016-09-07,16.895,14.75,271.25
comayagua,2016-09-08,17.318,14.25,272.25
ocotepeque,2016-09-08,22.75,14.25,270.75
copan,2016-09-08,16.498,14.75,271.25
comayagua,2016-09-09,17.685,14.25,272.25
ocotepeque,2016-09-09,22.637,14.25,270.75
copan,2016-09-09,14.726,14.75,271.25
comayagua,2016-09-10,19.193,14.25,272.25
ocotepeque,2016-09-10,27.18,14.25,270.75
copan,2016-09-10,17.852,14.75,271.25
comayagua,2016-09-11,17.96,14.25,272.25
ocotepeque,2016-09-11,22.181,14.25,270.75
copan,2016-09-11,17.48,14.75,271.25
comayagua,2016-09-12,18.323,14.25,272.25
ocotepeque,2016-09-12,22.012,14.25,270.75
copan,2016-09-12,18.185,14.75,271.25
comayagua,2016-09-13,18.183,14.25,272.25
ocotepeque,2016-09-13,22.22,14.25,270.75
copan,2016-09-13,17.726,14.75,271.25
comayagua,2016-09-14,18.135,14.25,272.25
ocotepeque,2016-09-14,23.333,14.25,270.75
copan,2016-09-14,18.197,14.75,271.25
comayagua,2016-09-15,18.802,14.25,272.25
ocotepeque,2016-09-15,21.769,14.25,270.75
copan,2016-09-15,18.423,14.75,271.25
comayagua,2016-09-16,17.744,14.25,272.25
ocotepeque,2016-09-16,23.134,14.25,270.75
copan,2016-09-16,18.312,14.75,271.25
comayagua,2016-09-17,18.613,14.25,272.25
ocotepeque,2016-09-17,22.006,14.25,270.75
copan,2016-09-17,17.849,14.75,271.25
comayagua,2016-09-18,18.52,14.25,272.25
ocotepeque,2016-09-18,22.444,14.25,270.75
copan,2016-09-18,16.825,14.75,271.25
comayagua,2016-09-19,19.843,14.25,272.25
ocotepeque,2016-09-19,24.087,14.25,270.75
copan,2016-09-19,18.547,14.75,271.25
comayagua,2016-09-20,19.154,14.25,272.25
ocotepeque,2016-09-20,24.135,14.25,270.75
copan,2016-09-20,18.744,14.75,271.25
comayagua,2016-09-21,18.293,14.25,272.25
ocotepeque,2016-09-21,23.017,14.25,270.75
copan,2016-09-21,18.473,14.75,271.25
comayagua,2016-09-22,17.872,14.25,272.25
ocotepeque,2016-09-22,21.826,14.25,270.75
copan,2016-09-22,17.775,14.75,271.25
comayagua,2016-09-23,18.225,14.25,272.25
ocotepeque,2016-09-23,21.384,14.25,270.75
copan,2016-09-23,18.196,14.75,271.25
comayagua,2016-09-24,17.701,14.25,272.25
ocotepeque,2016-09-24,21.201,14.25,270.75
copan,2016-09-24,17.535,14.75,271.25
comayagua,2016-09-25,17.25,14.25,272.25
ocotepeque,2016-09-25,20.942,14.25,270.75
copan,2016-09-25,16.921,14.75,271.25
comayagua,2016-09-26,16.677,14.25,272.25
ocotepeque,2016-09-26,22.218,14.25,270.75
copan,2016-09-26,17.313,14.75,271.25
comayagua,2016-09-27,17.45,14.25,272.25
ocotepeque,2016-09-27,21.054,14.25,270.75
copan,2016-09-27,17.586,14.75,271.25
comayagua,2016-09-28,15.021,14.25,272.25
ocotepeque,2016-09-28,23.84,14.25,270.75
copan,2016-09-28,17.182,14.75,271.25
comayagua,2016-09-29,16.429,14.25,272.25
ocotepeque,2016-09-29,22.864,14.25,270.75
copan,2016-09-29,16.621,14.75,271.25
comayagua,2016-09-30,18.511,14.25,272.25
ocotepeque,2016-09-30,22.318,14.25,270.75
copan,2016-09-30,16.205,14.75,271.25
comayagua,2016-10-01,18.617,14.25,272.25
ocotepeque,2016-10-01,24.17,14.25,270.75
copan,2016-10-01,18.261,14.75,271.25
comayagua,2016-10-02,17.534,14.25,272.25
ocotepeque,2016-10-02,19.183,14.25,270.75
copan,2016-10-02,15.928,14.75,271.25
comayagua,2016-10-03,16.417,14.25,272.25
ocotepeque,2016-10-03,22.798,14.25,270.75
copan,2016-10-03,14.672,14.75,271.25
comayagua,2016-10-04,15.239,14.25,272.25
ocotepeque,2016-10-04,22.561,14.25,270.75
copan,2016-10-04,15.805,14.75,271.25
comayagua,2016-10-05,16.802,14.25,272.25
ocotepeque,2016-10-05,23.449,14.25,270.75
copan,2016-10-05,16.39,14.75,271.25
comayagua,2016-10-06,16.417,14.25,272.25
ocotepeque,2016-10-06,22.005,14.25,270.75
copan,2016-10-06,15.005,14.75,271.25
comayagua,2016-10-07,15.892,14.25,272.25
ocotepeque,2016-10-07,23.108,14.25,270.75
copan,2016-10-07,14.902,14.75,271.25
comayagua,2016-10-08,17.766,14.25,272.25
ocotepeque,2016-10-08,23.597,14.25,270.75
copan,2016-10-08,16.944,14.75,271.25
comayagua,2016-10-09,17.473,14.25,272.25
ocotepeque,2016-10-09,20.853,14.25,270.75
copan,2016-10-09,15.983,14.75,271.25
comayagua,2016-10-10,19.173,14.25,272.25
ocotepeque,2016-10-10,21.938,14.25,270.75
copan,2016-10-10,18.347,14.75,271.25
comayagua,2016-10-11,18.565,14.25,272.25
ocotepeque,2016-10-11,24.097,14.25,270.75
copan,2016-10-11,18.153,14.75,271.25
comayagua,2016-10-12,19.346,14.25,272.25
ocotepeque,2016-10-12,24.147,14.25,270.75
copan,2016-10-12,18.004,14.75,271.25
comayagua,2016-10-13,16.212,14.25,272.25
ocotepeque,2016-10-13,20.406,14.25,270.75
copan,2016-10-13,15.405,14.75,271.25
comayagua,2016-10-14,18.538,14.25,272.25
ocotepeque,2016-10-14,23.364,14.25,270.75
copan,2016-10-14,17.901,14.75,271.25
comayagua,2016-10-15,18.014,14.25,272.25
ocotepeque,2016-10-15,22.586,14.25,270.75
copan,2016-10-15,16.144,14.75,271.25
comayagua,2016-10-16,18.852,14.25,272.25
ocotepeque,2016-10-16,19.675,14.25,270.75
copan,2016-10-16,18.211,14.75,271.25
comayagua,2016-10-17,18.603,14.25,272.25
ocotepeque,2016-10-17,23.779,14.25,270.75
copan,2016-10-17,18.071,14.75,271.25
comayagua,2016-10-18,18.405,14.25,272.25
ocotepeque,2016-10-18,23.505,14.25,270.75
copan,2016-10-18,16.879,14.75,271.25
comayagua,2016-10-19,18.842,14.25,272.25
ocotepeque,2016-10-19,23.843,14.25,270.75
copan,2016-10-19,18.289,14.75,271.25
comayagua,2016-10-20,18.742,14.25,272.25
ocotepeque,2016-10-20,23.736,14.25,270.75
copan,2016-10-20,17.805,14.75,271.25
comayagua,2016-10-21,17.203,14.25,272.25
ocotepeque,2016-10-21,22.2,14.25,270.75
copan,2016-10-21,14.713,14.75,271.25
comayagua,2016-10-22,17.357,14.25,272.25
ocotepeque,2016-10-22,23.294,14.25,270.75
copan,2016-10-22,17.177,14.75,271.25
comayagua,2016-10-23,16.972,14.25,272.25
ocotepeque,2016-10-23,22.209,14.25,270.75
copan,2016-10-23,15.081,14.75,271.25
comayagua,2016-10-24,18.33,14.25,272.25
ocotepeque,2016-10-24,22.856,14.25,270.75
copan,2016-10-24,16.528,14.75,271.25
comayagua,2016-10-25,18.436,14.25,272.25
ocotepeque,2016-10-25,19.707,14.25,270.75
copan,2016-10-25,16.876,14.75,271.25
comayagua,2016-10-26,16.66,14.25,272.25
ocotepeque,2016-10-26,22.265,14.25,270.75
copan,2016-10-26,15.412,14.75,271.25
comayagua,2016-10-27,15.682,14.25,272.25
ocotepeque,2016-10-27,16.167,14.25,270.75
copan,2016-10-27,12.106,14.75,271.25
comayagua,2016-10-28,15.639,14.25,272.25
ocotepeque,2016-10-28,22.131,14.25,270.75
copan,2016-10-28,15.952,14.75,271.25
comayagua,2016-10-29,16.047,14.25,272.25
ocotepeque,2016-10-29,21.882,14.25,270.75
copan,2016-10-29,15.704,14.75,271.25
comayagua,2016-10-30,15.967,14.25,272.25
ocotepeque,2016-10-30,24.002,14.25,270.75
copan,2016-10-30,13.832,14.75,271.25
comayagua,2016-10-31,18.34,14.25,272.25
ocotepeque,2016-10-31,23.34,14.25,270.75
copan,2016-10-31,18.074,14.75,271.25
comayagua,2016-11-01,18.691,14.25,272.25
ocotepeque,2016-11-01,22.217,14.25,270.75
copan,2016-11-01,17.328,14.75,271.25
comayagua,2016-11-02,19.032,14.25,272.25
ocotepeque,2016-11-02,21.704,14.25,270.75
copan,2016-11-02,18.168,14.75,271.25
comayagua,2016-11-03,16.619,14.25,272.25
ocotepeque,2016-11-03,23.012,14.25,270.75
copan,2016-11-03,18.031,14.75,271.25
comayagua,2016-11-04,17.19,14.25,272.25
ocotepeque,2016-11-04,22.373,14.25,270.75
copan,2016-11-04,15.93,14.75,271.25
comayagua,2016-11-05,18.243,14.25,272.25
ocotepeque,2016-11-05,22.594,14.25,270.75
copan,2016-11-05,16.506,14.75,271.25
comayagua,2016-11-06,18.012,14.25,272.25
ocotepeque,2016-11-06,22.931,14.25,270.75
copan,2016-11-06,16.907,14.75,271.25
comayagua,2016-11-07,15.746,14.25,272.25
ocotepeque,2016-11-07,22.178,14.25,270.75
copan,2016-11-07,15.519,14.75,271.25
comayagua,2016-11-08,15.636,14.25,272.25
ocotepeque,2016-11-08,20.685,14.25,270.75
copan,2016-11-08,12.422,14.75,271.25
comayagua,2016-11-09,16.158,14.25,272.25
ocotepeque,2016-11-09,22.467,14.25,270.75
copan,2016-11-09,16.65,14.75,271.25
comayagua,2016-11-10,17.527,14.25,272.25
ocotepeque,2016-11-10,23.512,14.25,270.75
copan,2016-11-10,17.727,14.75,271.25
comayagua,2016-11-11,19.055,14.25,272.25
ocotepeque,2016-11-11,23.832,14.25,270.75
copan,2016-11-11,17.527,14.75,271.25
comayagua,2016-11-12,18.393,14.25,272.25
ocotepeque,2016-11-12,23.86,14.25,270.75
copan,2016-11-12,17.286,14.75,271.25
comayagua,2016-11-13,17.965,14.25,272.25
ocotepeque,2016-11-13,22.894,14.25,270.75
copan,2016-11-13,17.367,14.75,271.25
comayagua,2016-11-14,17.871,14.25,272.25
ocotepeque,2016-11-14,23.181,14.25,270.75
copan,2016-11-14,17.264,14.75,271.25
comayagua,2016-11-15,17.478,14.25,272.25
ocotepeque,2016-11-15,22.455,14.25,270.75
copan,2016-11-15,15.09,14.75,271.25
comayagua,2016-11-16,16.263,14.25,272.25
ocotepeque,2016-11-16,22.149,14.25,270.75
copan,2016-11-16,15.464,14.75,271.25
comayagua,2016-11-17,17.026,14.25,272.25
ocotepeque,2016-11-17,22.602,14.25,270.75
copan,2016-11-17,16.108,14.75,271.25
comayagua,2016-11-18,16.757,14.25,272.25
ocotepeque,2016-11-18,24.104,14.25,270.75
copan,2016-11-18,16.473,14.75,271.25
comayagua,2016-11-19,16.523,14.25,272.25
ocotepeque,2016-11-19,22.051,14.25,270.75
copan,2016-11-19,15.671,14.75,271.25
comayagua,2016-11-20,16.03,14.25,272.25
ocotepeque,2016-11-20,21.74,14.25,270.75
copan,2016-11-20,14.9,14.75,271.25
comayagua,2016-11-21,15.621,14.25,272.25
ocotepeque,2016-11-21,22.116,14.25,270.75
copan,2016-11-21,14.565,14.75,271.25
comayagua,2016-11-22,15.424,14.25,272.25
ocotepeque,2016-11-22,20.083,14.25,270.75
copan,2016-11-22,14.439,14.75,271.25
comayagua,2016-11-23,12.439,14.25,272.25
ocotepeque,2016-11-23,19.82,14.25,270.75
copan,2016-11-23,11.286,14.75,271.25
comayagua,2016-11-24,16.937,14.25,272.25
ocotepeque,2016-11-24,22.413,14.25,270.75
copan,2016-11-24,16.401,14.75,271.25
comayagua,2016-11-25,16.24,14.25,272.25
ocotepeque,2016-11-25,21.818,14.25,270.75
copan,2016-11-25,15.696,14.75,271.25
comayagua,2016-11-26,17.904,14.25,272.25
ocotepeque,2016-11-26,23.214,14.25,270.75
copan,2016-11-26,16.906,14.75,271.25
comayagua,2016-11-27,16.191,14.25,272.25
ocotepeque,2016-11-27,18.801,14.25,270.75
copan,2016-11-27,15.555,14.75,271.25
comayagua,2016-11-28,15.112,14.25,272.25
ocotepeque,2016-11-28,21.765,14.25,270.75
copan,2016-11-28,15.527,14.75,271.25
comayagua,2016-11-29,12.498,14.25,272.25
ocotepeque,2016-11-29,21.305,14.25,270.75
copan,2016-11-29,13.538,14.75,271.25
comayagua,2016-11-30,14.38,14.25,272.25
ocotepeque,2016-11-30,21.62,14.25,270.75
copan,2016-11-30,14.326,14.75,271.25
comayagua,2016-12-01,13.186,14.25,272.25
ocotepeque,2016-12-01,17.522,14.25,270.75
copan,2016-12-01,15.984,14.75,271.25
comayagua,2016-12-02,16.647,14.25,272.25
ocotepeque,2016-12-02,16.501,14.25,270.75
copan,2016-12-02,16.027,14.75,271.25
comayagua,2016-12-03,14.879,14.25,272.25
ocotepeque,2016-12-03,22.816,14.25,270.75
copan,2016-12-03,16.63,14.75,271.25
comayagua,2016-12-04,15.932,14.25,272.25
ocotepeque,2016-12-04,23.899,14.25,270.75
copan,2016-12-04,16.913,14.75,271.25
comayagua,2016-12-05,17.064,14.25,272.25
ocotepeque,2016-12-05,22.661,14.25,270.75
copan,2016-12-05,17.006,14.75,271.25
comayagua,2016-12-06,15.72,14.25,272.25
ocotepeque,2016-12-06,22.079,14.25,270.75
copan,2016-12-06,16.367,14.75,271.25
comayagua,2016-12-07,13.939,14.25,272.25
ocotepeque,2016-12-07,22.324,14.25,270.75
copan,2016-12-07,16.512,14.75,271.25
comayagua,2016-12-08,16.647,14.25,272.25
ocotepeque,2016-12-08,22.972,14.25,270.75
copan,2016-12-08,17.982,14.75,271.25
comayagua,2016-12-09,16.371,14.25,272.25
ocotepeque,2016-12-09,22.382,14.25,270.75
copan,2016-12-09,17.162,14.75,271.25
comayagua,2016-12-10,17.573,14.25,272.25
ocotepeque,2016-12-10,22.291,14.25,270.75
copan,2016-12-10,16.1,14.75,271.25
comayagua,2016-12-11,16.516,14.25,272.25
ocotepeque,2016-12-11,18.481,14.25,270.75
copan,2016-12-11,14.946,14.75,271.25
comayagua,2016-12-12,16.457,14.25,272.25
ocotepeque,2016-12-12,22.269,14.25,270.75
copan,2016-12-12,16.411,14.75,271.25
comayagua,2016-12-13,16.331,14.25,272.25
ocotepeque,2016-12-13,20.416,14.25,270.75
copan,2016-12-13,16.308,14.75,271.25
comayagua,2016-12-14,17.444,14.25,272.25
ocotepeque,2016-12-14,23.174,14.25,270.75
copan,2016-12-14,17.605,14.75,271.25
comayagua,2016-12-15,18.388,14.25,272.25
ocotepeque,2016-12-15,23.084,14.25,270.75
copan,2016-12-15,17.72,14.75,271.25
comayagua,2016-12-16,17.454,14.25,272.25
ocotepeque,2016-12-16,21.959,14.25,270.75
copan,2016-12-16,14.839,14.75,271.25
comayagua,2016-12-17,17.729,14.25,272.25
ocotepeque,2016-12-17,22.836,14.25,270.75
copan,2016-12-17,17.206,14.75,271.25
comayagua,2016-12-18,13.051,14.25,272.25
ocotepeque,2016-12-18,16.999,14.25,270.75
copan,2016-12-18,14.945,14.75,271.25
comayagua,2016-12-19,17.423,14.25,272.25
ocotepeque,2016-12-19,22.683,14.25,270.75
copan,2016-12-19,17.335,14.75,271.25
comayagua,2016-12-20,16.328,14.25,272.25
ocotepeque,2016-12-20,22.485,14.25,270.75
copan,2016-12-20,16.279,14.75,271.25
comayagua,2016-12-21,17.053,14.25,272.25
ocotepeque,2016-12-21,21.43,14.25,270.75
copan,2016-12-21,15.061,14.75,271.25
comayagua,2016-12-22,15.596,14.25,272.25
ocotepeque,2016-12-22,21.095,14.25,270.75
copan,2016-12-22,14.552,14.75,271.25
comayagua,2016-12-23,15.916,14.25,272.25
ocotepeque,2016-12-23,20.764,14.25,270.75
copan,2016-12-23,14.713,14.75,271.25
comayagua,2016-12-24,16.498,14.25,272.25
ocotepeque,2016-12-24,18.821,14.25,270.75
copan,2016-12-24,15.176,14.75,271.25
comayagua,2016-12-25,17.153,14.25,272.25
ocotepeque,2016-12-25,22.177,14.25,270.75
copan,2016-12-25,14.924,14.75,271.25
comayagua,2016-12-26,18.345,14.25,272.25
ocotepeque,2016-12-26,22.456,14.25,270.75
copan,2016-12-26,16.373,14.75,271.25
comayagua,2016-12-27,16.163,14.25,272.25
ocotepeque,2016-12-27,21.606,14.25,270.75
copan,2016-12-27,15.739,14.75,271.25
comayagua,2016-12-28,16.818,14.25,272.25
ocotepeque,2016-12-28,21.59,14.25,270.75
copan,2016-12-28,16.055,14.75,271.25
comayagua,2016-12-29,16.401,14.25,272.25
ocotepeque,2016-12-29,21.618,14.25,270.75
copan,2016-12-29,15.291,14.75,271.25
comayagua,2016-12-30,16.794,14.25,272.25
ocotepeque,2016-12-30,20.513,14.25,270.75
copan,2016-12-30,13.604,14.75,271.25
comayagua,2016-12-31,11.346,14.25,272.25
ocotepeque,2016-12-31,19.565,14.25,270.75
copan,2016-12-31,11.18,14.75,271.25
comayagua,2017-01-01,12.731,14.25,272.25
ocotepeque,2017-01-01,17.679,14.25,270.75
copan,2017-01-01,13.355,14.75,271.25
comayagua,2017-01-02,12.038,14.25,272.25
ocotepeque,2017-01-02,21.18,14.25,270.75
copan,2017-01-02,14.968,14.75,271.25
comayagua,2017-01-03,11.152,14.25,272.25
ocotepeque,2017-01-03,21.014,14.25,270.75
copan,2017-01-03,13.946,14.75,271.25
comayagua,2017-01-04,13.05,14.25,272.25
ocotepeque,2017-01-04,20.785,14.25,270.75
copan,2017-01-04,12.958,14.75,271.25
comayagua,2017-01-05,13.39,14.25,272.25
ocotepeque,2017-01-05,21.055,14.25,270.75
copan,2017-01-05,13.102,14.75,271.25
comayagua,2017-01-06,11.284,14.25,272.25
ocotepeque,2017-01-06,20.909,14.25,270.75
copan,2017-01-06,12.997,14.75,271.25
comayagua,2017-01-07,11.056,14.25,272.25
ocotepeque,2017-01-07,20.946,14.25,270.75
copan,2017-01-07,13.986,14.75,271.25
comayagua,2017-01-08,16.089,14.25,272.25
ocotepeque,2017-01-08,21.626,14.25,270.75
copan,2017-01-08,13.532,14.75,271.25
comayagua,2017-01-09,13.88,14.25,272.25
ocotepeque,2017-01-09,18.046,14.25,270.75
copan,2017-01-09,11.481,14.75,271.25
comayagua,2017-01-10,13.916,14.25,272.25
ocotepeque,2017-01-10,18.398,14.25,270.75
copan,2017-01-10,12.449,14.75,271.25
comayagua,2017-01-11,13.84,14.25,272.25
ocotepeque,2017-01-11,16.241,14.25,270.75
copan,2017-01-11,12.423,14.75,271.25
comayagua,2017-01-12,15.343,14.25,272.25
ocotepeque,2017-01-12,20.564,14.25,270.75
copan,2017-01-12,13.675,14.75,271.25
comayagua,2017-01-13,14.713,14.25,272.25
ocotepeque,2017-01-13,20.133,14.25,270.75
copan,2017-01-13,12.896,14.75,271.25
comayagua,2017-01-14,15.241,14.25,272.25
ocotepeque,2017-01-14,16.671,14.25,270.75
copan,2017-01-14,13.057,14.75,271.25
comayagua,2017-01-15,15.231,14.25,272.25
ocotepeque,2017-01-15,17.301,14.25,270.75
copan,2017-01-15,14.414,14.75,271.25
comayagua,2017-01-16,13.635,14.25,272.25
ocotepeque,2017-01-16,19.368,14.25,270.75
copan,2017-01-16,11.472,14.75,271.25
comayagua,2017-01-17,15.568,14.25,272.25
ocotepeque,2017-01-17,21.136,14.25,270.75
copan,2017-01-17,14.054,14.75,271.25
comayagua,2017-01-18,12.632,14.25,272.25
ocotepeque,2017-01-18,21.438,14.25,270.75
copan,2017-01-18,14.127,14.75,271.25
comayagua,2017-01-19,14.492,14.25,272.25
ocotepeque,2017-01-19,21.816,14.25,270.75
copan,2017-01-19,13.027,14.75,271.25
comayagua,2017-01-20,11.931,14.25,272.25
ocotepeque,2017-01-20,17.61,14.25,270.75
copan,2017-01-20,13.747,14.75,271.25
comayagua,2017-01-21,13.921,14.25,272.25
ocotepeque,2017-01-21,17.219,14.25,270.75
copan,2017-01-21,15.872,14.75,271.25
comayagua,2017-01-22,10.474,14.25,272.25
ocotepeque,2017-01-22,16.315,14.25,270.75
copan,2017-01-22,14.215,14.75,271.25
comayagua,2017-01-23,13.017,14.25,272.25
ocotepeque,2017-01-23,20.522,14.25,270.75
copan,2017-01-23,12.946,14.75,271.25
comayagua,2017-01-24,7.833,14.25,272.25
ocotepeque,2017-01-24,17.924,14.25,270.75
copan,2017-01-24,8.406,14.75,271.25
comayagua,2017-01-25,8.014,14.25,272.25
ocotepeque,2017-01-25,18.111,14.25,270.75
copan,2017-01-25,9.04,14.75,271.25
comayagua,2017-01-26,9.257,14.25,272.25
ocotepeque,2017-01-26,19.172,14.25,270.75
copan,2017-01-26,10.22,14.75,271.25
comayagua,2017-01-27,11.932,14.25,272.25
ocotepeque,2017-01-27,20.517,14.25,270.75
copan,2017-01-27,13.171,14.75,271.25
comayagua,2017-01-28,13.083,14.25,272.25
ocotepeque,2017-01-28,17.989,14.25,270.75
copan,2017-01-28,13.922,14.75,271.25
comayagua,2017-01-29,14.063,14.25,272.25
ocotepeque,2017-01-29,18.204,14.25,270.75
copan,2017-01-29,14.741,14.75,271.25
comayagua,2017-01-30,15.47,14.25,272.25
ocotepeque,2017-01-30,20.767,14.25,270.75
copan,2017-01-30,12.718,14.75,271.25
comayagua,2017-01-31,13.662,14.25,272.25
ocotepeque,2017-01-31,18.381,14.25,270.75
copan,2017-01-31,11.743,14.75,271.25
comayagua,2017-02-01,15.949,14.25,272.25
ocotepeque,2017-02-01,20.482,14.25,270.75
copan,2017-02-01,14.016,14.75,271.25
comayagua,2017-02-02,14.717,14.25,272.25
ocotepeque,2017-02-02,21.363,14.25,270.75
copan,2017-02-02,15.021,14.75,271.25
comayagua,2017-02-03,15.641,14.25,272.25
ocotepeque,2017-02-03,21.298,14.25,270.75
copan,2017-02-03,14.521,14.75,271.25
comayagua,2017-02-04,16.23,14.25,272.25
ocotepeque,2017-02-04,18.856,14.25,270.75
copan,2017-02-04,15.925,14.75,271.25
comayagua,2017-02-05,16.388,14.25,272.25
ocotepeque,2017-02-05,18.423,14.25,270.75
copan,2017-02-05,15.661,14.75,271.25
comayagua,2017-02-06,16.656,14.25,272.25
ocotepeque,2017-02-06,22.195,14.25,270.75
copan,2017-02-06,16.238,14.75,271.25
comayagua,2017-02-07,16.344,14.25,272.25
ocotepeque,2017-02-07,22.036,14.25,270.75
copan,2017-02-07,14.655,14.75,271.25
comayagua,2017-02-08,11.403,14.25,272.25
ocotepeque,2017-02-08,21.981,14.25,270.75
copan,2017-02-08,15.445,14.75,271.25
comayagua,2017-02-09,11.152,14.25,272.25
ocotepeque,2017-02-09,21.106,14.25,270.75
copan,2017-02-09,14.0,14.75,271.25
comayagua,2017-02-10,16.915,14.25,272.25
ocotepeque,2017-02-10,22.373,14.25,270.75
copan,2017-02-10,15.464,14.75,271.25
comayagua,2017-02-11,16.913,14.25,272.25
ocotepeque,2017-02-11,21.732,14.25,270.75
copan,2017-02-11,15.154,14.75,271.25
comayagua,2017-02-12,15.188,14.25,272.25
ocotepeque,2017-02-12,20.408,14.25,270.75
copan,2017-02-12,11.333,14.75,271.25
comayagua,2017-02-13,11.426,14.25,272.25
ocotepeque,2017-02-13,21.027,14.25,270.75
copan,2017-02-13,14.5,14.75,271.25
comayagua,2017-02-14,20.462,14.25,272.25
ocotepeque,2017-02-14,23.119,14.25,270.75
copan,2017-02-14,20.938,14.75,271.25
comayagua,2017-02-15,9.067,14.25,272.25
ocotepeque,2017-02-15,19.858,14.25,270.75
copan,2017-02-15,12.34,14.75,271.25
comayagua,2017-02-16,11.654,14.25,272.25
ocotepeque,2017-02-16,20.916,14.25,270.75
copan,2017-02-16,13.884,14.75,271.25
comayagua,2017-02-17,12.297,14.25,272.25
ocotepeque,2017-02-17,20.605,14.25,270.75
copan,2017-02-17,14.24,14.75,271.25
comayagua,2017-02-18,16.247,14.25,272.25
ocotepeque,2017-02-18,19.638,14.25,270.75
copan,2017-02-18,16.223,14.75,271.25
comayagua,2017-02-19,13.61,14.25,272.25
ocotepeque,2017-02-19,17.387,14.25,270.75
copan,2017-02-19,14.763,14.75,271.25
comayagua,2017-02-20,12.672,14.25,272.25
ocotepeque,2017-02-20,22.27,14.25,270.75
copan,2017-02-20,13.142,14.75,271.25
comayagua,2017-02-21,12.443,14.25,272.25
ocotepeque,2017-02-21,20.998,14.25,270.75
copan,2017-02-21,13.635,14.75,271.25
comayagua,2017-02-22,13.729,14.25,272.25
ocotepeque,2017-02-22,21.358,14.25,270.75
copan,2017-02-22,14.617,14.75,271.25
comayagua,2017-02-23,11.96,14.25,272.25
ocotepeque,2017-02-23,19.966,14.25,270.75
copan,2017-02-23,9.094,14.75,271.25
comayagua,2017-02-24,12.744,14.25,272.25
ocotepeque,2017-02-24,20.838,14.25,270.75
copan,2017-02-24,13.789,14.75,271.25
comayagua,2017-02-25,12.087,14.25,272.25
ocotepeque,2017-02-25,16.838,14.25,270.75
copan,2017-02-25,13.191,14.75,271.25
comayagua,2017-02-26,13.161,14.25,272.25
ocotepeque,2017-02-26,16.947,14.25,270.75
copan,2017-02-26,12.995,14.75,271.25
comayagua,2017-02-27,12.232,14.25,272.25
ocotepeque,2017-02-27,20.544,14.25,270.75
copan,2017-02-27,10.84,14.75,271.25
comayagua,2017-02-28,15.585,14.25,272.25
ocotepeque,2017-02-28,22.768,14.25,270.75
copan,2017-02-28,16.304,14.75,271.25
comayagua,2017-03-01,16.122,14.25,272.25
ocotepeque,2017-03-01,22.898,14.25,270.75
copan,2017-03-01,15.613,14.75,271.25
comayagua,2017-03-02,14.883,14.25,272.25
ocotepeque,2017-03-02,23.118,14.25,270.75
copan,2017-03-02,15.537,14.75,271.25
comayagua,2017-03-03,17.745,14.25,272.25
ocotepeque,2017-03-03,22.546,14.25,270.75
copan,2017-03-03,15.28,14.75,271.25
comayagua,2017-03-04,15.094,14.25,272.25
ocotepeque,2017-03-04,18.377,14.25,270.75
copan,2017-03-04,13.8,14.75,271.25
comayagua,2017-03-05,15.792,14.25,272.25
ocotepeque,2017-03-05,19.043,14.25,270.75
copan,2017-03-05,14.845,14.75,271.25
comayagua,2017-03-06,17.004,14.25,272.25
ocotepeque,2017-03-06,24.161,14.25,270.75
copan,2017-03-06,14.285,14.75,271.25
comayagua,2017-03-07,16.387,14.25,272.25
ocotepeque,2017-03-07,22.056,14.25,270.75
copan,2017-03-07,14.276,14.75,271.25
comayagua,2017-03-08,17.159,14.25,272.25
ocotepeque,2017-03-08,22.866,14.25,270.75
copan,2017-03-08,15.097,14.75,271.25
comayagua,2017-03-09,17.885,14.25,272.25
ocotepeque,2017-03-09,19.884,14.25,270.75
copan,2017-03-09,15.937,14.75,271.25
comayagua,2017-03-10,17.614,14.25,272.25
ocotepeque,2017-03-10,23.143,14.25,270.75
copan,2017-03-10,16.231,14.75,271.25
comayagua,2017-03-11,17.143,14.25,272.25
ocotepeque,2017-03-11,20.347,14.25,270.75
copan,2017-03-11,16.875,14.75,271.25
comayagua,2017-03-12,17.201,14.25,272.25
ocotepeque,2017-03-12,21.545,14.25,270.75
copan,2017-03-12,15.678,14.75,271.25
comayagua,2017-03-13,17.757,14.25,272.25
ocotepeque,2017-03-13,21.253,14.25,270.75
copan,2017-03-13,16.642,14.75,271.25
comayagua,2017-03-14,18.26,14.25,272.25
ocotepeque,2017-03-14,22.425,14.25,270.75
copan,2017-03-14,16.41,14.75,271.25
comayagua,2017-03-15,17.258,14.25,272.25
ocotepeque,2017-03-15,22.014,14.25,270.75
copan,2017-03-15,15.379,14.75,271.25
comayagua,2017-03-16,16.377,14.25,272.25
ocotepeque,2017-03-16,21.835,14.25,270.75
copan,2017-03-16,14.601,14.75,271.25
comayagua,2017-03-17,15.076,14.25,272.25
ocotepeque,2017-03-17,20.86,14.25,270.75
copan,2017-03-17,13.677,14.75,271.25
comayagua,2017-03-18,16.895,14.25,272.25
ocotepeque,2017-03-18,21.92,14.25,270.75
copan,2017-03-18,14.858,14.75,271.25
comayagua,2017-03-19,15.283,14.25,272.25
ocotepeque,2017-03-19,20.987,14.25,270.75
copan,2017-03-19,11.948,14.75,271.25
comayagua,2017-03-20,15.323,14.25,272.25
ocotepeque,2017-03-20,21.018,14.25,270.75
copan,2017-03-20,12.526,14.75,271.25
comayagua,2017-03-21,12.965,14.25,272.25
ocotepeque,2017-03-21,20.184,14.25,270.75
copan,2017-03-21,9.255,14.75,271.25
comayagua,2017-03-22,13.645,14.25,272.25
ocotepeque,2017-03-22,16.289,14.25,270.75
copan,2017-03-22,9.616,14.75,271.25
comayagua,2017-03-23,13.01,14.25,272.25
ocotepeque,2017-03-23,20.347,14.25,270.75
copan,2017-03-23,9.868,14.75,271.25
comayagua,2017-03-24,13.273,14.25,272.25
ocotepeque,2017-03-24,16.966,14.25,270.75
copan,2017-03-24,11.531,14.75,271.25
comayagua,2017-03-25,10.981,14.25,272.25
ocotepeque,2017-03-25,19.932,14.25,270.75
copan,2017-03-25,11.227,14.75,271.25
comayagua,2017-03-26,13.517,14.25,272.25
ocotepeque,2017-03-26,20.82,14.25,270.75
copan,2017-03-26,12.004,14.75,271.25
comayagua,2017-03-27,12.385,14.25,272.25
ocotepeque,2017-03-27,21.239,14.25,270.75
copan,2017-03-27,11.642,14.75,271.25
comayagua,2017-03-28,14.24,14.25,272.25
ocotepeque,2017-03-28,23.304,14.25,270.75
copan,2017-03-28,15.882,14.75,271.25
comayagua,2017-03-29,17.786,14.25,272.25
ocotepeque,2017-03-29,23.989,14.25,270.75
copan,2017-03-29,17.615,14.75,271.25
comayagua,2017-03-30,17.29,14.25,272.25
ocotepeque,2017-03-30,22.512,14.25,270.75
copan,2017-03-30,15.452,14.75,271.25
comayagua,2017-03-31,16.812,14.25,272.25
ocotepeque,2017-03-31,22.556,14.25,270.75
copan,2017-03-31,16.265,14.75,271.25
comayagua,2017-04-01,18.303,14.25,272.25
ocotepeque,2017-04-01,24.275,14.25,270.75
copan,2017-04-01,17.736,14.75,271.25
comayagua,2017-04-02,13.252,14.25,272.25
ocotepeque,2017-04-02,22.557,14.25,270.75
copan,2017-04-02,15.303,14.75,271.25
comayagua,2017-04-03,16.751,14.25,272.25
ocotepeque,2017-04-03,25.712,14.25,270.75
copan,2017-04-03,18.567,14.75,271.25
comayagua,2017-04-04,18.274,14.25,272.25
ocotepeque,2017-04-04,24.525,14.25,270.75
copan,2017-04-04,17.581,14.75,271.25
comayagua,2017-04-05,16.662,14.25,272.25
ocotepeque,2017-04-05,24.523,14.25,270.75
copan,2017-04-05,16.695,14.75,271.25
comayagua,2017-04-06,15.131,14.25,272.25
ocotepeque,2017-04-06,25.894,14.25,270.75
copan,2017-04-06,16.21,14.75,271.25
comayagua,2017-04-07,16.693,14.25,272.25
ocotepeque,2017-04-07,23.825,14.25,270.75
copan,2017-04-07,13.92,14.75,271.25
comayagua,2017-04-08,18.351,14.25,272.25
ocotepeque,2017-04-08,23.142,14.25,270.75
copan,2017-04-08,13.359,14.75,271.25
comayagua,2017-04-09,16.425,14.25,272.25
ocotepeque,2017-04-09,21.681,14.25,270.75
copan,2017-04-09,13.446,14.75,271.25
comayagua,2017-04-10,16.761,14.25,272.25
ocotepeque,2017-04-10,23.047,14.25,270.75
copan,2017-04-10,15.659,14.75,271.25
comayagua,2017-04-11,16.832,14.25,272.25
ocotepeque,2017-04-11,22.153,14.25,270.75
copan,2017-04-11,12.346,14.75,271.25
comayagua,2017-04-12,16.152,14.25,272.25
ocotepeque,2017-04-12,22.1,14.25,270.75
copan,2017-04-12,13.29,14.75,271.25
comayagua,2017-04-13,16.246,14.25,272.25
ocotepeque,2017-04-13,23.496,14.25,270.75
copan,2017-04-13,14.78,14.75,271.25
comayagua,2017-04-14,17.504,14.25,272.25
ocotepeque,2017-04-14,18.896,14.25,270.75
copan,2017-04-14,13.899,14.75,271.25
comayagua,2017-04-15,16.933,14.25,272.25
ocotepeque,2017-04-15,22.474,14.25,270.75
copan,2017-04-15,13.775,14.75,271.25
comayagua,2017-04-16,18.028,14.25,272.25
ocotepeque,2017-04-16,25.049,14.25,270.75
copan,2017-04-16,13.775,14.75,271.25
comayagua,2017-04-17,13.927,14.25,272.25
ocotepeque,2017-04-17,23.248,14.25,270.75
copan,2017-04-17,14.028,14.75,271.25
comayagua,2017-04-18,17.47,14.25,272.25
ocotepeque,2017-04-18,23.618,14.25,270.75
copan,2017-04-18,16.217,14.75,271.25
comayagua,2017-04-19,16.936,14.25,272.25
ocotepeque,2017-04-19,23.7,14.25,270.75
copan,2017-04-19,15.917,14.75,271.25
comayagua,2017-04-20,16.645,14.25,272.25
ocotepeque,2017-04-20,23.634,14.25,270.75
copan,2017-04-20,16.459,14.75,271.25
comayagua,2017-04-21,15.535,14.25,272.25
ocotepeque,2017-04-21,23.149,14.25,270.75
copan,2017-04-21,15.232,14.75,271.25
comayagua,2017-04-22,15.688,14.25,272.25
ocotepeque,2017-04-22,23.167,14.25,270.75
copan,2017-04-22,17.027,14.75,271.25
comayagua,2017-04-23,15.872,14.25,272.25
ocotepeque,2017-04-23,23.53,14.25,270.75
copan,2017-04-23,16.205,14.75,271.25
comayagua,2017-04-24,18.353,14.25,272.25
ocotepeque,2017-04-24,24.2,14.25,270.75
copan,2017-04-24,17.698,14.75,271.25
comayagua,2017-04-25,18.078,14.25,272.25
ocotepeque,2017-04-25,22.402,14.25,270.75
copan,2017-04-25,22.257,14.75,271.25
comayagua,2017-04-26,19.352,14.25,272.25
ocotepeque,2017-04-26,24.315,14.25,270.75
copan,2017-04-26,18.688,14.75,271.25
comayagua,2017-04-27,17.072,14.25,272.25
ocotepeque,2017-04-27,24.426,14.25,270.75
copan,2017-04-27,19.016,14.75,271.25
comayagua,2017-04-28,17.351,14.25,272.25
ocotepeque,2017-04-28,24.525,14.25,270.75
copan,2017-04-28,19.121,14.75,271.25
comayagua,2017-04-29,19.794,14.25,272.25
ocotepeque,2017-04-29,24.968,14.25,270.75
copan,2017-04-29,18.497,14.75,271.25
comayagua,2017-04-30,19.055,14.25,272.25
ocotepeque,2017-04-30,22.167,14.25,270.75
copan,2017-04-30,19.244,14.75,271.25
comayagua,2017-05-01,19.54,14.25,272.25
ocotepeque,2017-05-01,24.234,14.25,270.75
copan,2017-05-01,19.536,14.75,271.25
comayagua,2017-05-02,19.213,14.25,272.25
ocotepeque,2017-05-02,22.46,14.25,270.75
copan,2017-05-02,19.269,14.75,271.25
comayagua,2017-05-03,17.961,14.25,272.25
ocotepeque,2017-05-03,22.901,14.25,270.75
copan,2017-05-03,18.121,14.75,271.25
comayagua,2017-05-04,19.686,14.25,272.25
ocotepeque,2017-05-04,21.444,14.25,270.75
copan,2017-05-04,17.894,14.75,271.25
comayagua,2017-05-05,17.45,14.25,272.25
ocotepeque,2017-05-05,21.932,14.25,270.75
copan,2017-05-05,16.684,14.75,271.25
comayagua,2017-05-06,18.601,14.25,272.25
ocotepeque,2017-05-06,23.314,14.25,270.75
copan,2017-05-06,16.538,14.75,271.25
comayagua,2017-05-07,18.448,14.25,272.25
ocotepeque,2017-05-07,23.71,14.25,270.75
copan,2017-05-07,17.475,14.75,271.25
comayagua,2017-05-08,18.688,14.25,272.25
ocotepeque,2017-05-08,24.14,14.25,270.75
copan,2017-05-08,18.461,14.75,271.25
comayagua,2017-05-09,19.143,14.25,272.25
ocotepeque,2017-05-09,22.058,14.25,270.75
copan,2017-05-09,16.829,14.75,271.25
comayagua,2017-05-10,19.273,14.25,272.25
ocotepeque,2017-05-10,24.923,14.25,270.75
copan,2017-05-10,18.355,14.75,271.25
comayagua,2017-05-11,20.015,14.25,272.25
ocotepeque,2017-05-11,23.219,14.25,270.75
copan,2017-05-11,19.779,14.75,271.25
comayagua,2017-05-12,19.948,14.25,272.25
ocotepeque,2017-05-12,23.973,14.25,270.75
copan,2017-05-12,20.189,14.75,271.25
comayagua,2017-05-13,17.995,14.25,272.25
ocotepeque,2017-05-13,22.407,14.25,270.75
copan,2017-05-13,17.516,14.75,271.25
comayagua,2017-05-14,17.936,14.25,272.25
ocotepeque,2017-05-14,22.346,14.25,270.75
copan,2017-05-14,17.89,14.75,271.25
comayagua,2017-05-15,20.046,14.25,272.25
ocotepeque,2017-05-15,23.888,14.25,270.75
copan,2017-05-15,18.627,14.75,271.25
comayagua,2017-05-16,18.622,14.25,272.25
ocotepeque,2017-05-16,24.08,14.25,270.75
copan,2017-05-16,18.555,14.75,271.25
comayagua,2017-05-17,19.5,14.25,272.25
ocotepeque,2017-05-17,24.143,14.25,270.75
copan,2017-05-17,18.229,14.75,271.25
comayagua,2017-05-18,19.611,14.25,272.25
ocotepeque,2017-05-18,25.491,14.25,270.75
copan,2017-05-18,18.334,14.75,271.25
comayagua,2017-05-19,20.147,14.25,272.25
ocotepeque,2017-05-19,26.192,14.25,270.75
copan,2017-05-19,19.245,14.75,271.25
comayagua,2017-05-20,19.184,14.25,272.25
ocotepeque,2017-05-20,25.203,14.25,270.75
copan,2017-05-20,19.079,14.75,271.25
comayagua,2017-05-21,18.857,14.25,272.25
ocotepeque,2017-05-21,22.335,14.25,270.75
copan,2017-05-21,19.469,14.75,271.25
comayagua,2017-05-22,17.21,14.25,272.25
ocotepeque,2017-05-22,21.584,14.25,270.75
copan,2017-05-22,17.543,14.75,271.25
comayagua,2017-05-23,19.564,14.25,272.25
ocotepeque,2017-05-23,23.155,14.25,270.75
copan,2017-05-23,18.643,14.75,271.25
comayagua,2017-05-24,18.478,14.25,272.25
ocotepeque,2017-05-24,24.112,14.25,270.75
copan,2017-05-24,19.082,14.75,271.25
comayagua,2017-05-25,18.994,14.25,272.25
ocotepeque,2017-05-25,23.785,14.25,270.75
copan,2017-05-25,18.361,14.75,271.25
comayagua,2017-05-26,19.691,14.25,272.25
ocotepeque,2017-05-26,21.389,14.25,270.75
copan,2017-05-26,17.25,14.75,271.25
comayagua,2017-05-27,19.329,14.25,272.25
ocotepeque,2017-05-27,21.693,14.25,270.75
copan,2017-05-27,17.919,14.75,271.25
comayagua,2017-05-28,18.197,14.25,272.25
ocotepeque,2017-05-28,18.94,14.25,270.75
copan,2017-05-28,17.657,14.75,271.25
comayagua,2017-05-29,17.383,14.25,272.25
ocotepeque,2017-05-29,22.924,14.25,270.75
copan,2017-05-29,16.991,14.75,271.25
comayagua,2017-05-30,17.156,14.25,272.25
ocotepeque,2017-05-30,23.087,14.25,270.75
copan,2017-05-30,16.519,14.75,271.25
comayagua,2017-05-31,18.772,14.25,272.25
ocotepeque,2017-05-31,23.569,14.25,270.75
copan,2017-05-31,18.204,14.75,271.25
comayagua,2017-06-01,19.5,14.25,272.25
ocotepeque,2017-06-01,23.2,14.25,270.75
copan,2017-06-01,18.727,14.75,271.25
comayagua,2017-06-02,19.213,14.25,272.25
ocotepeque,2017-06-02,23.364,14.25,270.75
copan,2017-06-02,18.65,14.75,271.25
comayagua,2017-06-03,19.384,14.25,272.25
ocotepeque,2017-06-03,23.211,14.25,270.75
copan,2017-06-03,18.236,14.75,271.25
comayagua,2017-06-04,19.612,14.25,272.25
ocotepeque,2017-06-04,24.723,14.25,270.75
copan,2017-06-04,19.287,14.75,271.25
comayagua,2017-06-05,19.37,14.25,272.25
ocotepeque,2017-06-05,25.374,14.25,270.75
copan,2017-06-05,18.861,14.75,271.25
comayagua,2017-06-06,19.227,14.25,272.25
ocotepeque,2017-06-06,24.112,14.25,270.75
copan,2017-06-06,17.897,14.75,271.25
comayagua,2017-06-07,19.058,14.25,272.25
ocotepeque,2017-06-07,23.283,14.25,270.75
copan,2017-06-07,19.351,14.75,271.25
comayagua,2017-06-08,18.53,14.25,272.25
ocotepeque,2017-06-08,23.096,14.25,270.75
copan,2017-06-08,18.259,14.75,271.25
comayagua,2017-06-09,19.242,14.25,272.25
ocotepeque,2017-06-09,22.263,14.25,270.75
copan,2017-06-09,18.434,14.75,271.25
comayagua,2017-06-10,18.777,14.25,272.25
ocotepeque,2017-06-10,21.266,14.25,270.75
copan,2017-06-10,17.542,14.75,271.25
comayagua,2017-06-11,19.003,14.25,272.25
ocotepeque,2017-06-11,19.667,14.25,270.75
copan,2017-06-11,18.155,14.75,271.25
comayagua,2017-06-12,19.036,14.25,272.25
ocotepeque,2017-06-12,22.808,14.25,270.75
copan,2017-06-12,18.676,14.75,271.25
comayagua,2017-06-13,19.227,14.25,272.25
ocotepeque,2017-06-13,22.829,14.25,270.75
copan,2017-06-13,17.6,14.75,271.25
comayagua,2017-06-14,18.237,14.25,272.25
ocotepeque,2017-06-14,21.033,14.25,270.75
copan,2017-06-14,17.835,14.75,271.25
comayagua,2017-06-15,19.411,14.25,272.25
ocotepeque,2017-06-15,22.303,14.25,270.75
copan,2017-06-15,18.913,14.75,271.25
comayagua,2017-06-16,19.022,14.25,272.25
ocotepeque,2017-06-16,22.13,14.25,270.75
copan,2017-06-16,18.555,14.75,271.25
comayagua,2017-06-17,18.838,14.25,272.25
ocotepeque,2017-06-17,22.113,14.25,270.75
copan,2017-06-17,18.413,14.75,271.25
comayagua,2017-06-18,19.041,14.25,272.25
ocotepeque,2017-06-18,21.393,14.25,270.75
copan,2017-06-18,17.703,14.75,271.25
comayagua,2017-06-19,19.489,14.25,272.25
ocotepeque,2017-06-19,22.652,14.25,270.75
copan,2017-06-19,18.619,14.75,271.25
comayagua,2017-06-20,19.268,14.25,272.25
ocotepeque,2017-06-20,21.907,14.25,270.75
copan,2017-06-20,18.01,14.75,271.25
comayagua,2017-06-21,18.939,14.25,272.25
ocotepeque,2017-06-21,21.995,14.25,270.75
copan,2017-06-21,17.587,14.75,271.25
comayagua,2017-06-22,18.986,14.25,272.25
ocotepeque,2017-06-22,21.996,14.25,270.75
copan,2017-06-22,18.369,14.75,271.25
comayagua,2017-06-23,18.122,14.25,272.25
ocotepeque,2017-06-23,22.101,14.25,270.75
copan,2017-06-23,18.268,14.75,271.25
comayagua,2017-06-24,18.797,14.25,272.25
ocotepeque,2017-06-24,23.478,14.25,270.75
copan,2017-06-24,18.398,14.75,271.25
comayagua,2017-06-25,20.742,14.25,272.25
ocotepeque,2017-06-25,24.016,14.25,270.75
copan,2017-06-25,19.596,14.75,271.25
comayagua,2017-06-26,19.388,14.25,272.25
ocotepeque,2017-06-26,25.421,14.25,270.75
copan,2017-06-26,18.366,14.75,271.25
comayagua,2017-06-27,18.363,14.25,272.25
ocotepeque,2017-06-27,21.964,14.25,270.75
copan,2017-06-27,17.704,14.75,271.25
comayagua,2017-06-28,17.993,14.25,272.25
ocotepeque,2017-06-28,22.131,14.25,270.75
copan,2017-06-28,17.696,14.75,271.25
comayagua,2017-06-29,19.469,14.25,272.25
ocotepeque,2017-06-29,24.577,14.25,270.75
copan,2017-06-29,18.7,14.75,271.25
comayagua,2017-06-30,17.931,14.25,272.25
ocotepeque,2017-06-30,23.886,14.25,270.75
copan,2017-06-30,16.661,14.75,271.25
comayagua,2017-07-01,18.638,14.25,272.25
ocotepeque,2017-07-01,19.816,14.25,270.75
copan,2017-07-01,17.629,14.75,271.25
comayagua,2017-07-02,19.883,14.25,272.25
ocotepeque,2017-07-02,22.581,14.25,270.75
copan,2017-07-02,18.215,14.75,271.25
comayagua,2017-07-03,19.504,14.25,272.25
ocotepeque,2017-07-03,22.691,14.25,270.75
copan,2017-07-03,16.638,14.75,271.25
comayagua,2017-07-04,19.502,14.25,272.25
ocotepeque,2017-07-04,23.412,14.25,270.75
copan,2017-07-04,18.162,14.75,271.25
comayagua,2017-07-05,18.501,14.25,272.25
ocotepeque,2017-07-05,21.517,14.25,270.75
copan,2017-07-05,17.809,14.75,271.25
comayagua,2017-07-06,18.316,14.25,272.25
ocotepeque,2017-07-06,21.764,14.25,270.75
copan,2017-07-06,17.195,14.75,271.25
comayagua,2017-07-07,19.353,14.25,272.25
ocotepeque,2017-07-07,22.493,14.25,270.75
copan,2017-07-07,17.494,14.75,271.25
comayagua,2017-07-08,18.387,14.25,272.25
ocotepeque,2017-07-08,23.362,14.25,270.75
copan,2017-07-08,17.906,14.75,271.25
comayagua,2017-07-09,18.558,14.25,272.25
ocotepeque,2017-07-09,23.234,14.25,270.75
copan,2017-07-09,18.01,14.75,271.25
comayagua,2017-07-10,19.318,14.25,272.25
ocotepeque,2017-07-10,26.197,14.25,270.75
copan,2017-07-10,18.838,14.75,271.25
comayagua,2017-07-11,18.738,14.25,272.25
ocotepeque,2017-07-11,23.056,14.25,270.75
copan,2017-07-11,17.639,14.75,271.25
comayagua,2017-07-12,18.368,14.25,272.25
ocotepeque,2017-07-12,23.159,14.25,270.75
copan,2017-07-12,16.597,14.75,271.25
comayagua,2017-07-13,18.774,14.25,272.25
ocotepeque,2017-07-13,22.46,14.25,270.75
copan,2017-07-13,17.328,14.75,271.25
comayagua,2017-07-14,17.034,14.25,272.25
ocotepeque,2017-07-14,22.603,14.25,270.75
copan,2017-07-14,15.263,14.75,271.25
comayagua,2017-07-15,18.6,14.25,272.25
ocotepeque,2017-07-15,22.382,14.25,270.75
copan,2017-07-15,17.335,14.75,271.25
comayagua,2017-07-16,19.499,14.25,272.25
ocotepeque,2017-07-16,22.491,14.25,270.75
copan,2017-07-16,17.973,14.75,271.25
comayagua,2017-07-17,19.313,14.25,272.25
ocotepeque,2017-07-17,22.954,14.25,270.75
copan,2017-07-17,17.983,14.75,271.25
comayagua,2017-07-18,19.375,14.25,272.25
ocotepeque,2017-07-18,22.26,14.25,270.75
copan,2017-07-18,18.55,14.75,271.25
comayagua,2017-07-19,20.055,14.25,272.25
ocotepeque,2017-07-19,24.229,14.25,270.75
copan,2017-07-19,18.431,14.75,271.25
comayagua,2017-07-20,20.509,14.25,272.25
ocotepeque,2017-07-20,27.68,14.25,270.75
copan,2017-07-20,24.173,14.75,271.25
comayagua,2017-07-21,19.779,14.25,272.25
ocotepeque,2017-07-21,19.619,14.25,270.75
copan,2017-07-21,18.427,14.75,271.25
comayagua,2017-07-22,19.233,14.25,272.25
ocotepeque,2017-07-22,25.176,14.25,270.75
copan,2017-07-22,18.188,14.75,271.25
comayagua,2017-07-23,19.254,14.25,272.25
ocotepeque,2017-07-23,24.131,14.25,270.75
copan,2017-07-23,18.095,14.75,271.25
comayagua,2017-07-24,17.989,14.25,272.25
ocotepeque,2017-07-24,24.697,14.25,270.75
copan,2017-07-24,19.176,14.75,271.25
comayagua,2017-07-25,20.902,14.25,272.25
ocotepeque,2017-07-25,25.26,14.25,270.75
copan,2017-07-25,19.516,14.75,271.25
comayagua,2017-07-26,20.44,14.25,272.25
ocotepeque,2017-07-26,26.173,14.25,270.75
copan,2017-07-26,19.371,14.75,271.25
comayagua,2017-07-27,19.044,14.25,272.25
ocotepeque,2017-07-27,24.451,14.25,270.75
copan,2017-07-27,17.671,14.75,271.25
comayagua,2017-07-28,19.252,14.25,272.25
ocotepeque,2017-07-28,24.094,14.25,270.75
copan,2017-07-28,17.517,14.75,271.25
comayagua,2017-07-29,17.923,14.25,272.25
ocotepeque,2017-07-29,22.123,14.25,270.75
copan,2017-07-29,16.784,14.75,271.25
comayagua,2017-07-30,17.805,14.25,272.25
ocotepeque,2017-07-30,23.498,14.25,270.75
copan,2017-07-30,16.411,14.75,271.25
comayagua,2017-07-31,18.029,14.25,272.25
ocotepeque,2017-07-31,20.21,14.25,270.75
copan,2017-07-31,16.926,14.75,271.25
comayagua,2017-08-01,16.317,14.25,272.25
ocotepeque,2017-08-01,21.143,14.25,270.75
copan,2017-08-01,16.281,14.75,271.25
comayagua,2017-08-02,18.048,14.25,272.25
ocotepeque,2017-08-02,22.396,14.25,270.75
copan,2017-08-02,16.825,14.75,271.25
comayagua,2017-08-03,18.382,14.25,272.25
ocotepeque,2017-08-03,23.028,14.25,270.75
copan,2017-08-03,16.06,14.75,271.25
comayagua,2017-08-04,20.687,14.25,272.25
ocotepeque,2017-08-04,25.31,14.25,270.75
copan,2017-08-04,19.202,14.75,271.25
comayagua,2017-08-05,19.935,14.25,272.25
ocotepeque,2017-08-05,24.623,14.25,270.75
copan,2017-08-05,18.362,14.75,271.25
comayagua,2017-08-06,19.898,14.25,272.25
ocotepeque,2017-08-06,24.834,14.25,270.75
copan,2017-08-06,17.996,14.75,271.25
comayagua,2017-08-07,19.531,14.25,272.25
ocotepeque,2017-08-07,21.365,14.25,270.75
copan,2017-08-07,17.87,14.75,271.25
comayagua,2017-08-08,18.434,14.25,272.25
ocotepeque,2017-08-08,23.122,14.25,270.75
copan,2017-08-08,17.995,14.75,271.25
comayagua,2017-08-09,14.133,14.25,272.25
ocotepeque,2017-08-09,23.038,14.25,270.75
copan,2017-08-09,18.282,14.75,271.25
comayagua,2017-08-10,17.525,14.25,272.25
ocotepeque,2017-08-10,20.844,14.25,270.75
copan,2017-08-10,17.224,14.75,271.25
comayagua,2017-08-11,17.771,14.25,272.25
ocotepeque,2017-08-11,23.329,14.25,270.75
copan,2017-08-11,22.349,14.75,271.25
comayagua,2017-08-12,19.096,14.25,272.25
ocotepeque,2017-08-12,24.235,14.25,270.75
copan,2017-08-12,18.408,14.75,271.25
comayagua,2017-08-13,19.629,14.25,272.25
ocotepeque,2017-08-13,23.472,14.25,270.75
copan,2017-08-13,19.39,14.75,271.25
comayagua,2017-08-14,19.529,14.25,272.25
ocotepeque,2017-08-14,22.259,14.25,270.75
copan,2017-08-14,18.152,14.75,271.25
comayagua,2017-08-15,17.02,14.25,272.25
ocotepeque,2017-08-15,22.497,14.25,270.75
copan,2017-08-15,16.303,14.75,271.25
comayagua,2017-08-16,19.91,14.25,272.25
ocotepeque,2017-08-16,24.162,14.25,270.75
copan,2017-08-16,19.308,14.75,271.25
comayagua,2017-08-17,19.636,14.25,272.25
ocotepeque,2017-08-17,22.436,14.25,270.75
copan,2017-08-17,18.163,14.75,271.25
comayagua,2017-08-18,18.442,14.25,272.25
ocotepeque,2017-08-18,23.294,14.25,270.75
copan,2017-08-18,16.877,14.75,271.25
comayagua,2017-08-19,19.085,14.25,272.25
ocotepeque,2017-08-19,24.07,14.25,270.75
copan,2017-08-19,18.256,14.75,271.25
comayagua,2017-08-20,20.017,14.25,272.25
ocotepeque,2017-08-20,24.444,14.25,270.75
copan,2017-08-20,18.737,14.75,271.25
comayagua,2017-08-21,19.471,14.25,272.25
ocotepeque,2017-08-21,22.53,14.25,270.75
copan,2017-08-21,18.596,14.75,271.25
comayagua,2017-08-22,17.029,14.25,272.25
ocotepeque,2017-08-22,23.114,14.25,270.75
copan,2017-08-22,16.743,14.75,271.25
comayagua,2017-08-23,19.467,14.25,272.25
ocotepeque,2017-08-23,24.008,14.25,270.75
copan,2017-08-23,17.787,14.75,271.25
comayagua,2017-08-24,17.957,14.25,272.25
ocotepeque,2017-08-24,21.026,14.25,270.75
copan,2017-08-24,16.597,14.75,271.25
comayagua,2017-08-25,18.836,14.25,272.25
ocotepeque,2017-08-25,21.877,14.25,270.75
copan,2017-08-25,19.223,14.75,271.25
comayagua,2017-08-26,18.436,14.25,272.25
ocotepeque,2017-08-26,22.096,14.25,270.75
copan,2017-08-26,17.918,14.75,271.25
comayagua,2017-08-27,16.549,14.25,272.25
ocotepeque,2017-08-27,22.835,14.25,270.75
copan,2017-08-27,16.273,14.75,271.25
comayagua,2017-08-28,16.355,14.25,272.25
ocotepeque,2017-08-28,22.978,14.25,270.75
copan,2017-08-28,16.4,14.75,271.25
comayagua,2017-08-29,17.431,14.25,272.25
ocotepeque,2017-08-29,23.666,14.25,270.75
copan,2017-08-29,17.055,14.75,271.25
comayagua,2017-08-30,17.372,14.25,272.25
ocotepeque,2017-08-30,22.488,14.25,270.75
copan,2017-08-30,16.244,14.75,271.25
comayagua,2017-08-31,17.861,14.25,272.25
ocotepeque,2017-08-31,21.038,14.25,270.75
copan,2017-08-31,16.84,14.75,271.25
comayagua,2017-09-01,17.637,14.25,272.25
ocotepeque,2017-09-01,21.254,14.25,270.75
copan,2017-09-01,17.476,14.75,271.25
comayagua,2017-09-02,18.409,14.25,272.25
ocotepeque,2017-09-02,23.388,14.25,270.75
copan,2017-09-02,17.794,14.75,271.25
comayagua,2017-09-03,18.325,14.25,272.25
ocotepeque,2017-09-03,20.702,14.25,270.75
copan,2017-09-03,17.054,14.75,271.25
comayagua,2017-09-04,17.741,14.25,272.25
ocotepeque,2017-09-04,24.908,14.25,270.75
copan,2017-09-04,17.256,14.75,271.25
comayagua,2017-09-05,18.022,14.25,272.25
ocotepeque,2017-09-05,23.923,14.25,270.75
copan,2017-09-05,18.575,14.75,271.25
comayagua,2017-09-06,15.721,14.25,272.25
ocotepeque,2017-09-06,22.58,14.25,270.75
copan,2017-09-06,17.08,14.75,271.25
comayagua,2017-09-07,18.294,14.25,272.25
ocotepeque,2017-09-07,21.802,14.25,270.75
copan,2017-09-07,19.189,14.75,271.25
comayagua,2017-09-08,19.205,14.25,272.25
ocotepeque,2017-09-08,21.926,14.25,270.75
copan,2017-09-08,17.116,14.75,271.25
comayagua,2017-09-09,18.018,14.25,272.25
ocotepeque,2017-09-09,21.287,14.25,270.75
copan,2017-09-09,16.477,14.75,271.25
comayagua,2017-09-10,16.894,14.25,272.25
ocotepeque,2017-09-10,21.009,14.25,270.75
copan,2017-09-10,17.224,14.75,271.25
comayagua,2017-09-11,18.521,14.25,272.25
ocotepeque,2017-09-11,21.654,14.25,270.75
copan,2017-09-11,17.422,14.75,271.25
comayagua,2017-09-12,18.621,14.25,272.25
ocotepeque,2017-09-12,22.949,14.25,270.75
copan,2017-09-12,17.326,14.75,271.25
comayagua,2017-09-13,18.731,14.25,272.25
ocotepeque,2017-09-13,23.886,14.25,270.75
copan,2017-09-13,16.666,14.75,271.25
comayagua,2017-09-14,18.399,14.25,272.25
ocotepeque,2017-09-14,21.777,14.25,270.75
copan,2017-09-14,17.551,14.75,271.25
comayagua,2017-09-15,18.004,14.25,272.25
ocotepeque,2017-09-15,25.234,14.25,270.75
copan,2017-09-15,17.848,14.75,271.25
comayagua,2017-09-16,18.67,14.25,272.25
ocotepeque,2017-09-16,24.726,14.25,270.75
copan,2017-09-16,19.865,14.75,271.25
comayagua,2017-09-17,19.607,14.25,272.25
ocotepeque,2017-09-17,24.594,14.25,270.75
copan,2017-09-17,19.242,14.75,271.25
comayagua,2017-09-18,18.081,14.25,272.25
ocotepeque,2017-09-18,21.995,14.25,270.75
copan,2017-09-18,18.406,14.75,271.25
comayagua,2017-09-19,18.657,14.25,272.25
ocotepeque,2017-09-19,22.394,14.25,270.75
copan,2017-09-19,17.808,14.75,271.25
comayagua,2017-09-20,18.262,14.25,272.25
ocotepeque,2017-09-20,22.655,14.25,270.75
copan,2017-09-20,17.553,14.75,271.25
comayagua,2017-09-21,17.55,14.25,272.25
ocotepeque,2017-09-21,21.811,14.25,270.75
copan,2017-09-21,17.436,14.75,271.25
comayagua,2017-09-22,18.512,14.25,272.25
ocotepeque,2017-09-22,21.908,14.25,270.75
copan,2017-09-22,18.224,14.75,271.25
comayagua,2017-09-23,19.044,14.25,272.25
ocotepeque,2017-09-23,22.896,14.25,270.75
copan,2017-09-23,18.431,14.75,271.25
comayagua,2017-09-24,18.433,14.25,272.25
ocotepeque,2017-09-24,21.888,14.25,270.75
copan,2017-09-24,17.782,14.75,271.25
comayagua,2017-09-25,19.222,14.25,272.25
ocotepeque,2017-09-25,22.009,14.25,270.75
copan,2017-09-25,17.98,14.75,271.25
comayagua,2017-09-26,18.745,14.25,272.25
ocotepeque,2017-09-26,21.478,14.25,270.75
copan,2017-09-26,18.046,14.75,271.25
comayagua,2017-09-27,19.321,14.25,272.25
ocotepeque,2017-09-27,21.961,14.25,270.75
copan,2017-09-27,19.025,14.75,271.25
comayagua,2017-09-28,19.251,14.25,272.25
ocotepeque,2017-09-28,22.781,14.25,270.75
copan,2017-09-28,18.598,14.75,271.25
comayagua,2017-09-29,19.301,14.25,272.25
ocotepeque,2017-09-29,22.059,14.25,270.75
copan,2017-09-29,18.666,14.75,271.25
comayagua,2017-09-30,19.467,14.25,272.25
ocotepeque,2017-09-30,22.033,14.25,270.75
copan,2017-09-30,18.451,14.75,271.25
comayagua,2017-10-01,19.623,14.25,272.25
ocotepeque,2017-10-01,22.089,14.25,270.75
copan,2017-10-01,18.314,14.75,271.25
comayagua,2017-10-02,19.17,14.25,272.25
ocotepeque,2017-10-02,21.856,14.25,270.75
copan,2017-10-02,18.446,14.75,271.25
comayagua,2017-10-03,19.232,14.25,272.25
ocotepeque,2017-10-03,23.099,14.25,270.75
copan,2017-10-03,16.234,14.75,271.25
comayagua,2017-10-04,18.207,14.25,272.25
ocotepeque,2017-10-04,20.378,14.25,270.75
copan,2017-10-04,17.941,14.75,271.25
comayagua,2017-10-05,19.478,14.25,272.25
ocotepeque,2017-10-05,21.675,14.25,270.75
copan,2017-10-05,18.464,14.75,271.25
comayagua,2017-10-06,18.629,14.25,272.25
ocotepeque,2017-10-06,21.003,14.25,270.75
copan,2017-10-06,17.505,14.75,271.25
comayagua,2017-10-07,17.244,14.25,272.25
ocotepeque,2017-10-07,20.936,14.25,270.75
copan,2017-10-07,17.387,14.75,271.25
comayagua,2017-10-08,17.917,14.25,272.25
ocotepeque,2017-10-08,21.717,14.25,270.75
copan,2017-10-08,17.57,14.75,271.25
comayagua,2017-10-09,17.957,14.25,272.25
ocotepeque,2017-10-09,23.346,14.25,270.75
copan,2017-10-09,17.77,14.75,271.25
comayagua,2017-10-10,17.844,14.25,272.25
ocotepeque,2017-10-10,22.537,14.25,270.75
copan,2017-10-10,16.825,14.75,271.25
comayagua,2017-10-11,17.414,14.25,272.25
ocotepeque,2017-10-11,21.371,14.25,270.75
copan,2017-10-11,16.034,14.75,271.25
comayagua,2017-10-12,18.246,14.25,272.25
ocotepeque,2017-10-12,17.247,14.25,270.75
copan,2017-10-12,16.99,14.75,271.25
comayagua,2017-10-13,18.667,14.25,272.25
ocotepeque,2017-10-13,17.982,14.25,270.75
copan,2017-10-13,17.889,14.75,271.25
comayagua,2017-10-14,18.986,14.25,272.25
ocotepeque,2017-10-14,24.015,14.25,270.75
copan,2017-10-14,17.665,14.75,271.25
comayagua,2017-10-15,19.976,14.25,272.25
ocotepeque,2017-10-15,24.021,14.25,270.75
copan,2017-10-15,18.974,14.75,271.25
comayagua,2017-10-16,20.172,14.25,272.25
ocotepeque,2017-10-16,24.252,14.25,270.75
copan,2017-10-16,18.126,14.75,271.25
comayagua,2017-10-17,20.415,14.25,272.25
ocotepeque,2017-10-17,25.236,14.25,270.75
copan,2017-10-17,18.635,14.75,271.25
comayagua,2017-10-18,20.601,14.25,272.25
ocotepeque,2017-10-18,25.504,14.25,270.75
copan,2017-10-18,18.583,14.75,271.25
comayagua,2017-10-19,20.374,14.25,272.25
ocotepeque,2017-10-19,24.345,14.25,270.75
copan,2017-10-19,18.593,14.75,271.25
comayagua,2017-10-20,20.46,14.25,272.25
ocotepeque,2017-10-20,24.203,14.25,270.75
copan,2017-10-20,19.045,14.75,271.25
comayagua,2017-10-21,19.548,14.25,272.25
ocotepeque,2017-10-21,24.029,14.25,270.75
copan,2017-10-21,18.682,14.75,271.25
comayagua,2017-10-22,19.099,14.25,272.25
ocotepeque,2017-10-22,21.489,14.25,270.75
copan,2017-10-22,17.744,14.75,271.25
comayagua,2017-10-23,19.287,14.25,272.25
ocotepeque,2017-10-23,20.268,14.25,270.75
copan,2017-10-23,17.277,14.75,271.25
comayagua,2017-10-24,19.902,14.25,272.25
ocotepeque,2017-10-24,21.666,14.25,270.75
copan,2017-10-24,18.727,14.75,271.25
comayagua,2017-10-25,18.111,14.25,272.25
ocotepeque,2017-10-25,23.513,14.25,270.75
copan,2017-10-25,17.964,14.75,271.25
comayagua,2017-10-26,17.39,14.25,272.25
ocotepeque,2017-10-26,20.866,14.25,270.75
copan,2017-10-26,14.615,14.75,271.25
comayagua,2017-10-27,15.741,14.25,272.25
ocotepeque,2017-10-27,20.013,14.25,270.75
copan,2017-10-27,14.063,14.75,271.25
comayagua,2017-10-28,18.145,14.25,272.25
ocotepeque,2017-10-28,20.786,14.25,270.75
copan,2017-10-28,16.825,14.75,271.25
comayagua,2017-10-29,18.031,14.25,272.25
ocotepeque,2017-10-29,21.856,14.25,270.75
copan,2017-10-29,16.197,14.75,271.25
comayagua,2017-10-30,15.608,14.25,272.25
ocotepeque,2017-10-30,20.476,14.25,270.75
copan,2017-10-30,13.164,14.75,271.25
comayagua,2017-10-31,17.572,14.25,272.25
ocotepeque,2017-10-31,22.214,14.25,270.75
copan,2017-10-31,15.883,14.75,271.25
comayagua,2017-11-01,18.134,14.25,272.25
ocotepeque,2017-11-01,21.816,14.25,270.75
copan,2017-11-01,13.645,14.75,271.25
comayagua,2017-11-02,19.083,14.25,272.25
ocotepeque,2017-11-02,23.584,14.25,270.75
copan,2017-11-02,16.208,14.75,271.25
comayagua,2017-11-03,20.129,14.25,272.25
ocotepeque,2017-11-03,23.403,14.25,270.75
copan,2017-11-03,17.784,14.75,271.25
comayagua,2017-11-04,18.931,14.25,272.25
ocotepeque,2017-11-04,24.303,14.25,270.75
copan,2017-11-04,16.524,14.75,271.25
comayagua,2017-11-05,17.122,14.25,272.25
ocotepeque,2017-11-05,21.692,14.25,270.75
copan,2017-11-05,15.654,14.75,271.25
comayagua,2017-11-06,18.069,14.25,272.25
ocotepeque,2017-11-06,22.254,14.25,270.75
copan,2017-11-06,16.072,14.75,271.25
comayagua,2017-11-07,18.489,14.25,272.25
ocotepeque,2017-11-07,22.301,14.25,270.75
copan,2017-11-07,15.609,14.75,271.25
comayagua,2017-11-08,18.091,14.25,272.25
ocotepeque,2017-11-08,23.173,14.25,270.75
copan,2017-11-08,14.657,14.75,271.25
comayagua,2017-11-09,14.824,14.25,272.25
ocotepeque,2017-11-09,20.609,14.25,270.75
copan,2017-11-09,11.059,14.75,271.25
comayagua,2017-11-10,18.217,14.25,272.25
ocotepeque,2017-11-10,22.495,14.25,270.75
copan,2017-11-10,15.892,14.75,271.25
comayagua,2017-11-11,18.563,14.25,272.25
ocotepeque,2017-11-11,22.844,14.25,270.75
copan,2017-11-11,16.732,14.75,271.25
comayagua,2017-11-12,19.231,14.25,272.25
ocotepeque,2017-11-12,23.635,14.25,270.75
copan,2017-11-12,16.883,14.75,271.25
comayagua,2017-11-13,18.879,14.25,272.25
ocotepeque,2017-11-13,23.142,14.25,270.75
copan,2017-11-13,16.499,14.75,271.25
comayagua,2017-11-14,18.23,14.25,272.25
ocotepeque,2017-11-14,22.186,14.25,270.75
copan,2017-11-14,15.226,14.75,271.25
comayagua,2017-11-15,18.905,14.25,272.25
ocotepeque,2017-11-15,22.522,14.25,270.75
copan,2017-11-15,15.688,14.75,271.25
comayagua,2017-11-16,18.003,14.25,272.25
ocotepeque,2017-11-16,23.103,14.25,270.75
copan,2017-11-16,17.198,14.75,271.25
comayagua,2017-11-17,17.053,14.25,272.25
ocotepeque,2017-11-17,21.836,14.25,270.75
copan,2017-11-17,14.208,14.75,271.25
comayagua,2017-11-18,14.796,14.25,272.25
ocotepeque,2017-11-18,20.595,14.25,270.75
copan,2017-11-18,11.83,14.75,271.25
comayagua,2017-11-19,14.353,14.25,272.25
ocotepeque,2017-11-19,21.813,14.25,270.75
copan,2017-11-19,10.729,14.75,271.25
comayagua,2017-11-20,16.668,14.25,272.25
ocotepeque,2017-11-20,22.207,14.25,270.75
copan,2017-11-20,15.511,14.75,271.25
comayagua,2017-11-21,15.531,14.25,272.25
ocotepeque,2017-11-21,21.074,14.25,270.75
copan,2017-11-21,14.785,14.75,271.25
comayagua,2017-11-22,10.679,14.25,272.25
ocotepeque,2017-11-22,20.367,14.25,270.75
copan,2017-11-22,11.531,14.75,271.25
comayagua,2017-11-23,17.858,14.25,272.25
ocotepeque,2017-11-23,21.141,14.25,270.75
copan,2017-11-23,15.418,14.75,271.25
comayagua,2017-11-24,15.19,14.25,272.25
ocotepeque,2017-11-24,21.125,14.25,270.75
copan,2017-11-24,14.8,14.75,271.25
comayagua,2017-11-25,14.763,14.25,272.25
ocotepeque,2017-11-25,20.411,14.25,270.75
copan,2017-11-25,12.049,14.75,271.25
comayagua,2017-11-26,16.571,14.25,272.25
ocotepeque,2017-11-26,22.047,14.25,270.75
copan,2017-11-26,15.401,14.75,271.25
comayagua,2017-11-27,18.03,14.25,272.25
ocotepeque,2017-11-27,21.229,14.25,270.75
copan,2017-11-27,14.693,14.75,271.25
comayagua,2017-11-28,14.297,14.25,272.25
ocotepeque,2017-11-28,19.069,14.25,270.75
copan,2017-11-28,9.652,14.75,271.25
comayagua,2017-11-29,16.277,14.25,272.25
ocotepeque,2017-11-29,20.974,14.25,270.75
copan,2017-11-29,15.188,14.75,271.25
comayagua,2017-11-30,17.541,14.25,272.25
ocotepeque,2017-11-30,21.484,14.25,270.75
copan,2017-11-30,15.583,14.75,271.25
comayagua,2017-12-01,18.708,14.25,272.25
ocotepeque,2017-12-01,21.863,14.25,270.75
copan,2017-12-01,16.335,14.75,271.25
comayagua,2017-12-02,17.689,14.25,272.25
ocotepeque,2017-12-02,21.475,14.25,270.75
copan,2017-12-02,14.767,14.75,271.25
comayagua,2017-12-03,17.909,14.25,272.25
ocotepeque,2017-12-03,22.388,14.25,270.75
copan,2017-12-03,16.63,14.75,271.25
comayagua,2017-12-04,17.181,14.25,272.25
ocotepeque,2017-12-04,22.707,14.25,270.75
copan,2017-12-04,19.023,14.75,271.25
comayagua,2017-12-05,17.738,14.25,272.25
ocotepeque,2017-12-05,22.068,14.25,270.75
copan,2017-12-05,15.163,14.75,271.25
comayagua,2017-12-06,18.041,14.25,272.25
ocotepeque,2017-12-06,22.003,14.25,270.75
copan,2017-12-06,15.929,14.75,271.25
comayagua,2017-12-07,19.186,14.25,272.25
ocotepeque,2017-12-07,22.955,14.25,270.75
copan,2017-12-07,17.379,14.75,271.25
comayagua,2017-12-08,16.94,14.25,272.25
ocotepeque,2017-12-08,18.92,14.25,270.75
copan,2017-12-08,15.697,14.75,271.25
comayagua,2017-12-09,17.486,14.25,272.25
ocotepeque,2017-12-09,21.719,14.25,270.75
copan,2017-12-09,14.456,14.75,271.25
comayagua,2017-12-10,12.756,14.25,272.25
ocotepeque,2017-12-10,17.371,14.25,270.75
copan,2017-12-10,10.543,14.75,271.25
comayagua,2017-12-11,13.992,14.25,272.25
ocotepeque,2017-12-11,16.875,14.25,270.75
copan,2017-12-11,11.105,14.75,271.25
comayagua,2017-12-12,10.488,14.25,272.25
ocotepeque,2017-12-12,18.149,14.25,270.75
copan,2017-12-12,9.799,14.75,271.25
comayagua,2017-12-13,14.924,14.25,272.25
ocotepeque,2017-12-13,18.238,14.25,270.75
copan,2017-12-13,11.892,14.75,271.25
comayagua,2017-12-14,12.254,14.25,272.25
ocotepeque,2017-12-14,18.883,14.25,270.75
copan,2017-12-14,10.519,14.75,271.25
comayagua,2017-12-15,15.665,14.25,272.25
ocotepeque,2017-12-15,20.222,14.25,270.75
copan,2017-12-15,14.658,14.75,271.25
comayagua,2017-12-16,18.357,14.25,272.25
ocotepeque,2017-12-16,22.676,14.25,270.75
copan,2017-12-16,16.966,14.75,271.25
comayagua,2017-12-17,16.804,14.25,272.25
ocotepeque,2017-12-17,22.178,14.25,270.75
copan,2017-12-17,15.209,14.75,271.25
comayagua,2017-12-18,19.602,14.25,272.25
ocotepeque,2017-12-18,23.133,14.25,270.75
copan,2017-12-18,17.505,14.75,271.25
comayagua,2017-12-19,17.616,14.25,272.25
ocotepeque,2017-12-19,23.778,14.25,270.75
copan,2017-12-19,15.423,14.75,271.25
comayagua,2017-12-20,17.129,14.25,272.25
ocotepeque,2017-12-20,18.618,14.25,270.75
copan,2017-12-20,15.214,14.75,271.25
comayagua,2017-12-21,17.831,14.25,272.25
ocotepeque,2017-12-21,22.379,14.25,270.75
copan,2017-12-21,15.398,14.75,271.25
comayagua,2017-12-22,18.068,14.25,272.25
ocotepeque,2017-12-22,22.328,14.25,270.75
copan,2017-12-22,15.448,14.75,271.25
comayagua,2017-12-23,18.76,14.25,272.25
ocotepeque,2017-12-23,22.334,14.25,270.75
copan,2017-12-23,16.715,14.75,271.25
comayagua,2017-12-24,20.395,14.25,272.25
ocotepeque,2017-12-24,20.18,14.25,270.75
copan,2017-12-24,18.449,14.75,271.25
comayagua,2017-12-25,17.186,14.25,272.25
ocotepeque,2017-12-25,20.519,14.25,270.75
copan,2017-12-25,13.987,14.75,271.25
comayagua,2017-12-26,17.376,14.25,272.25
ocotepeque,2017-12-26,20.822,14.25,270.75
copan,2017-12-26,14.621,14.75,271.25
comayagua,2017-12-27,16.192,14.25,272.25
ocotepeque,2017-12-27,21.018,14.25,270.75
copan,2017-12-27,14.522,14.75,271.25
comayagua,2017-12-28,16.174,14.25,272.25
ocotepeque,2017-12-28,20.178,14.25,270.75
copan,2017-12-28,13.802,14.75,271.25
comayagua,2017-12-29,17.31,14.25,272.25
ocotepeque,2017-12-29,20.831,14.25,270.75
copan,2017-12-29,14.513,14.75,271.25
comayagua,2017-12-30,17.161,14.25,272.25
ocotepeque,2017-12-30,21.156,14.25,270.75
copan,2017-12-30,15.115,14.75,271.25
comayagua,2017-12-31,17.151,14.25,272.25
ocotepeque,2017-12-31,21.136,14.25,270.75
copan,2017-12-31,14.669,14.75,271.25
comayagua,2018-01-01,16.824,14.25,272.25
ocotepeque,2018-01-01,22.331,14.25,270.75
copan,2018-01-01,15.762,14.75,271.25
comayagua,2018-01-02,16.53,14.25,272.25
ocotepeque,2018-01-02,20.836,14.25,270.75
copan,2018-01-02,14.354,14.75,271.25
comayagua,2018-01-03,16.67,14.25,272.25
ocotepeque,2018-01-03,21.798,14.25,270.75
copan,2018-01-03,14.601,14.75,271.25
comayagua,2018-01-04,16.233,14.25,272.25
ocotepeque,2018-01-04,20.171,14.25,270.75
copan,2018-01-04,13.646,14.75,271.25
comayagua,2018-01-05,15.506,14.25,272.25
ocotepeque,2018-01-05,22.781,14.25,270.75
copan,2018-01-05,13.01,14.75,271.25
comayagua,2018-01-06,13.274,14.25,272.25
ocotepeque,2018-01-06,17.907,14.25,270.75
copan,2018-01-06,11.567,14.75,271.25
comayagua,2018-01-07,15.28,14.25,272.25
ocotepeque,2018-01-07,18.457,14.25,270.75
copan,2018-01-07,12.864,14.75,271.25
comayagua,2018-01-08,9.217,14.25,272.25
ocotepeque,2018-01-08,19.316,14.25,270.75
copan,2018-01-08,8.027,14.75,271.25
comayagua,2018-01-09,16.665,14.25,272.25
ocotepeque,2018-01-09,23.383,14.25,270.75
copan,2018-01-09,11.567,14.75,271.25
comayagua,2018-01-10,13.551,14.25,272.25
ocotepeque,2018-01-10,18.458,14.25,270.75
copan,2018-01-10,10.076,14.75,271.25
comayagua,2018-01-11,11.678,14.25,272.25
ocotepeque,2018-01-11,12.287,14.25,270.75
copan,2018-01-11,11.884,14.75,271.25
comayagua,2018-01-12,10.455,14.25,272.25
ocotepeque,2018-01-12,11.845,14.25,270.75
copan,2018-01-12,11.216,14.75,271.25
comayagua,2018-01-13,14.74,14.25,272.25
ocotepeque,2018-01-13,18.408,14.25,270.75
copan,2018-01-13,11.212,14.75,271.25
comayagua,2018-01-14,13.131,14.25,272.25
ocotepeque,2018-01-14,16.346,14.25,270.75
copan,2018-01-14,10.269,14.75,271.25
comayagua,2018-01-15,12.688,14.25,272.25
ocotepeque,2018-01-15,16.571,14.25,270.75
copan,2018-01-15,10.41,14.75,271.25
comayagua,2018-01-16,13.491,14.25,272.25
ocotepeque,2018-01-16,17.385,14.25,270.75
copan,2018-01-16,10.695,14.75,271.25
comayagua,2018-01-17,12.22,14.25,272.25
ocotepeque,2018-01-17,17.367,14.25,270.75
copan,2018-01-17,10.793,14.75,271.25
comayagua,2018-01-18,14.507,14.25,272.25
ocotepeque,2018-01-18,16.016,14.25,270.75
copan,2018-01-18,11.812,14.75,271.25
comayagua,2018-01-19,13.402,14.25,272.25
ocotepeque,2018-01-19,23.575,14.25,270.75
copan,2018-01-19,12.809,14.75,271.25
comayagua,2018-01-20,16.102,14.25,272.25
ocotepeque,2018-01-20,15.335,14.25,270.75
copan,2018-01-20,14.045,14.75,271.25
comayagua,2018-01-21,17.541,14.25,272.25
ocotepeque,2018-01-21,21.587,14.25,270.75
copan,2018-01-21,15.735,14.75,271.25
comayagua,2018-01-22,17.728,14.25,272.25
ocotepeque,2018-01-22,26.999,14.25,270.75
copan,2018-01-22,17.041,14.75,271.25
comayagua,2018-01-23,18.003,14.25,272.25
ocotepeque,2018-01-23,18.282,14.25,270.75
copan,2018-01-23,15.862,14.75,271.25
comayagua,2018-01-24,18.164,14.25,272.25
ocotepeque,2018-01-24,26.005,14.25,270.75
copan,2018-01-24,16.527,14.75,271.25
comayagua,2018-01-25,17.751,14.25,272.25
ocotepeque,2018-01-25,18.238,14.25,270.75
copan,2018-01-25,16.067,14.75,271.25
comayagua,2018-01-26,17.832,14.25,272.25
ocotepeque,2018-01-26,25.528,14.25,270.75
copan,2018-01-26,15.771,14.75,271.25
comayagua,2018-01-27,17.633,14.25,272.25
ocotepeque,2018-01-27,25.355,14.25,270.75
copan,2018-01-27,15.128,14.75,271.25
comayagua,2018-01-28,17.465,14.25,272.25
ocotepeque,2018-01-28,17.459,14.25,270.75
copan,2018-01-28,14.98,14.75,271.25
comayagua,2018-01-29,18.889,14.25,272.25
ocotepeque,2018-01-29,26.281,14.25,270.75
copan,2018-01-29,16.949,14.75,271.25
comayagua,2018-01-30,17.712,14.25,272.25
ocotepeque,2018-01-30,16.985,14.25,270.75
copan,2018-01-30,15.798,14.75,271.25
comayagua,2018-01-31,16.449,14.25,272.25
ocotepeque,2018-01-31,20.293,14.25,270.75
copan,2018-01-31,13.458,14.75,271.25
comayagua,2018-02-01,16.214,14.25,272.25
ocotepeque,2018-02-01,16.215,14.25,270.75
copan,2018-02-01,13.506,14.75,271.25
comayagua,2018-02-02,17.524,14.25,272.25
ocotepeque,2018-02-02,17.77,14.25,270.75
copan,2018-02-02,15.388,14.75,271.25
comayagua,2018-02-03,18.393,14.25,272.25
ocotepeque,2018-02-03,26.079,14.25,270.75
copan,2018-02-03,16.199,14.75,271.25
comayagua,2018-02-04,16.696,14.25,272.25
ocotepeque,2018-02-04,21.075,14.25,270.75
copan,2018-02-04,14.954,14.75,271.25
comayagua,2018-02-05,17.156,14.25,272.25
ocotepeque,2018-02-05,16.707,14.25,270.75
copan,2018-02-05,15.867,14.75,271.25
comayagua,2018-02-06,18.406,14.25,272.25
ocotepeque,2018-02-06,24.481,14.25,270.75
copan,2018-02-06,16.005,14.75,271.25
comayagua,2018-02-07,17.0,14.25,272.25
ocotepeque,2018-02-07,17.526,14.25,270.75
copan,2018-02-07,15.588,14.75,271.25
comayagua,2018-02-08,18.114,14.25,272.25
ocotepeque,2018-02-08,22.334,14.25,270.75
copan,2018-02-08,16.232,14.75,271.25
comayagua,2018-02-09,17.43,14.25,272.25
ocotepeque,2018-02-09,25.516,14.25,270.75
copan,2018-02-09,14.32,14.75,271.25
comayagua,2018-02-10,16.844,14.25,272.25
ocotepeque,2018-02-10,17.339,14.25,270.75
copan,2018-02-10,15.577,14.75,271.25
comayagua,2018-02-11,17.933,14.25,272.25
ocotepeque,2018-02-11,18.525,14.25,270.75
copan,2018-02-11,15.523,14.75,271.25
comayagua,2018-02-12,16.365,14.25,272.25
ocotepeque,2018-02-12,16.484,14.25,270.75
copan,2018-02-12,16.314,14.75,271.25
comayagua,2018-02-13,15.673,14.25,272.25
ocotepeque,2018-02-13,22.436,14.25,270.75
copan,2018-02-13,14.535,14.75,271.25
comayagua,2018-02-14,16.934,14.25,272.25
ocotepeque,2018-02-14,17.29,14.25,270.75
copan,2018-02-14,14.665,14.75,271.25
comayagua,2018-02-15,16.342,14.25,272.25
ocotepeque,2018-02-15,22.115,14.25,270.75
copan,2018-02-15,14.792,14.75,271.25
comayagua,2018-02-16,15.275,14.25,272.25
ocotepeque,2018-02-16,16.164,14.25,270.75
copan,2018-02-16,13.627,14.75,271.25
comayagua,2018-02-17,13.853,14.25,272.25
ocotepeque,2018-02-17,21.331,14.25,270.75
copan,2018-02-17,14.581,14.75,271.25
comayagua,2018-02-18,15.111,14.25,272.25
ocotepeque,2018-02-18,17.387,14.25,270.75
copan,2018-02-18,14.593,14.75,271.25
comayagua,2018-02-19,15.405,14.25,272.25
ocotepeque,2018-02-19,16.989,14.25,270.75
copan,2018-02-19,14.22,14.75,271.25
comayagua,2018-02-20,13.98,14.25,272.25
ocotepeque,2018-02-20,15.623,14.25,270.75
copan,2018-02-20,13.571,14.75,271.25
comayagua,2018-02-21,16.452,14.25,272.25
ocotepeque,2018-02-21,21.126,14.25,270.75
copan,2018-02-21,14.149,14.75,271.25
comayagua,2018-02-22,16.111,14.25,272.25
ocotepeque,2018-02-22,15.936,14.25,270.75
copan,2018-02-22,15.072,14.75,271.25
comayagua,2018-02-23,16.522,14.25,272.25
ocotepeque,2018-02-23,21.538,14.25,270.75
copan,2018-02-23,12.82,14.75,271.25
comayagua,2018-02-24,16.599,14.25,272.25
ocotepeque,2018-02-24,22.205,14.25,270.75
copan,2018-02-24,14.636,14.75,271.25
comayagua,2018-02-25,12.942,14.25,272.25
ocotepeque,2018-02-25,20.587,14.25,270.75
copan,2018-02-25,13.839,14.75,271.25
comayagua,2018-02-26,11.684,14.25,272.25
ocotepeque,2018-02-26,19.654,14.25,270.75
copan,2018-02-26,12.085,14.75,271.25
comayagua,2018-02-27,15.992,14.25,272.25
ocotepeque,2018-02-27,20.799,14.25,270.75
copan,2018-02-27,13.272,14.75,271.25
comayagua,2018-02-28,14.896,14.25,272.25
ocotepeque,2018-02-28,20.513,14.25,270.75
copan,2018-02-28,12.736,14.75,271.25
comayagua,2018-03-01,14.068,14.25,272.25
ocotepeque,2018-03-01,21.045,14.25,270.75
copan,2018-03-01,14.012,14.75,271.25
comayagua,2018-03-02,15.572,14.25,272.25
ocotepeque,2018-03-02,21.696,14.25,270.75
copan,2018-03-02,13.626,14.75,271.25
comayagua,2018-03-03,17.498,14.25,272.25
ocotepeque,2018-03-03,22.492,14.25,270.75
copan,2018-03-03,14.636,14.75,271.25
comayagua,2018-03-04,15.51,14.25,272.25
ocotepeque,2018-03-04,20.678,14.25,270.75
copan,2018-03-04,12.515,14.75,271.25
comayagua,2018-03-05,15.982,14.25,272.25
ocotepeque,2018-03-05,20.364,14.25,270.75
copan,2018-03-05,12.346,14.75,271.25
comayagua,2018-03-06,13.86,14.25,272.25
ocotepeque,2018-03-06,20.034,14.25,270.75
copan,2018-03-06,12.351,14.75,271.25
comayagua,2018-03-07,13.485,14.25,272.25
ocotepeque,2018-03-07,20.346,14.25,270.75
copan,2018-03-07,11.362,14.75,271.25
comayagua,2018-03-08,16.408,14.25,272.25
ocotepeque,2018-03-08,19.975,14.25,270.75
copan,2018-03-08,10.794,14.75,271.25
comayagua,2018-03-09,15.848,14.25,272.25
ocotepeque,2018-03-09,21.434,14.25,270.75
copan,2018-03-09,14.518,14.75,271.25
comayagua,2018-03-10,15.088,14.25,272.25
ocotepeque,2018-03-10,21.754,14.25,270.75
copan,2018-03-10,15.358,14.75,271.25
comayagua,2018-03-11,11.861,14.25,272.25
ocotepeque,2018-03-11,22.191,14.25,270.75
copan,2018-03-11,13.272,14.75,271.25
comayagua,2018-03-12,15.658,14.25,272.25
ocotepeque,2018-03-12,23.515,14.25,270.75
copan,2018-03-12,14.815,14.75,271.25
comayagua,2018-03-13,18.213,14.25,272.25
ocotepeque,2018-03-13,26.486,14.25,270.75
copan,2018-03-13,18.277,14.75,271.25
comayagua,2018-03-14,18.836,14.25,272.25
ocotepeque,2018-03-14,23.497,14.25,270.75
copan,2018-03-14,15.371,14.75,271.25
comayagua,2018-03-15,18.849,14.25,272.25
ocotepeque,2018-03-15,22.825,14.25,270.75
copan,2018-03-15,15.358,14.75,271.25
comayagua,2018-03-16,17.701,14.25,272.25
ocotepeque,2018-03-16,25.385,14.25,270.75
copan,2018-03-16,17.185,14.75,271.25
comayagua,2018-03-17,18.253,14.25,272.25
ocotepeque,2018-03-17,22.347,14.25,270.75
copan,2018-03-17,12.353,14.75,271.25
comayagua,2018-03-18,17.588,14.25,272.25
ocotepeque,2018-03-18,23.234,14.25,270.75
copan,2018-03-18,17.049,14.75,271.25
comayagua,2018-03-19,13.786,14.25,272.25
ocotepeque,2018-03-19,22.638,14.25,270.75
copan,2018-03-19,15.467,14.75,271.25
comayagua,2018-03-20,14.467,14.25,272.25
ocotepeque,2018-03-20,21.741,14.25,270.75
copan,2018-03-20,14.67,14.75,271.25
comayagua,2018-03-21,18.552,14.25,272.25
ocotepeque,2018-03-21,23.831,14.25,270.75
copan,2018-03-21,16.304,14.75,271.25
comayagua,2018-03-22,18.422,14.25,272.25
ocotepeque,2018-03-22,23.248,14.25,270.75
copan,2018-03-22,15.022,14.75,271.25
comayagua,2018-03-23,18.827,14.25,272.25
ocotepeque,2018-03-23,23.008,14.25,270.75
copan,2018-03-23,15.73,14.75,271.25
comayagua,2018-03-24,16.763,14.25,272.25
ocotepeque,2018-03-24,22.074,14.25,270.75
copan,2018-03-24,13.315,14.75,271.25
comayagua,2018-03-25,16.224,14.25,272.25
ocotepeque,2018-03-25,22.45,14.25,270.75
copan,2018-03-25,16.037,14.75,271.25
comayagua,2018-03-26,17.806,14.25,272.25
ocotepeque,2018-03-26,23.256,14.25,270.75
copan,2018-03-26,14.765,14.75,271.25
comayagua,2018-03-27,18.376,14.25,272.25
ocotepeque,2018-03-27,23.806,14.25,270.75
copan,2018-03-27,16.295,14.75,271.25
comayagua,2018-03-28,19.208,14.25,272.25
ocotepeque,2018-03-28,24.117,14.25,270.75
copan,2018-03-28,16.979,14.75,271.25
comayagua,2018-03-29,14.879,14.25,272.25
ocotepeque,2018-03-29,23.41,14.25,270.75
copan,2018-03-29,16.697,14.75,271.25
comayagua,2018-03-30,14.065,14.25,272.25
ocotepeque,2018-03-30,23.81,14.25,270.75
copan,2018-03-30,16.269,14.75,271.25
comayagua,2018-03-31,22.426,14.25,272.25
ocotepeque,2018-03-31,25.649,14.25,270.75
copan,2018-03-31,22.097,14.75,271.25
comayagua,2018-04-01,15.49,14.25,272.25
ocotepeque,2018-04-01,22.077,14.25,270.75
copan,2018-04-01,13.272,14.75,271.25
comayagua,2018-04-02,14.765,14.25,272.25
ocotepeque,2018-04-02,21.555,14.25,270.75
copan,2018-04-02,11.817,14.75,271.25
comayagua,2018-04-03,18.799,14.25,272.25
ocotepeque,2018-04-03,20.194,14.25,270.75
copan,2018-04-03,15.517,14.75,271.25
comayagua,2018-04-04,16.824,14.25,272.25
ocotepeque,2018-04-04,22.783,14.25,270.75
copan,2018-04-04,17.675,14.75,271.25
comayagua,2018-04-05,19.01,14.25,272.25
ocotepeque,2018-04-05,23.683,14.25,270.75
copan,2018-04-05,17.159,14.75,271.25
comayagua,2018-04-06,13.265,14.25,272.25
ocotepeque,2018-04-06,20.85,14.25,270.75
copan,2018-04-06,10.929,14.75,271.25
comayagua,2018-04-07,18.837,14.25,272.25
ocotepeque,2018-04-07,23.503,14.25,270.75
copan,2018-04-07,16.809,14.75,271.25
comayagua,2018-04-08,16.659,14.25,272.25
ocotepeque,2018-04-08,22.953,14.25,270.75
copan,2018-04-08,17.161,14.75,271.25
comayagua,2018-04-09,17.029,14.25,272.25
ocotepeque,2018-04-09,21.51,14.25,270.75
copan,2018-04-09,15.219,14.75,271.25
comayagua,2018-04-10,16.006,14.25,272.25
ocotepeque,2018-04-10,24.239,14.25,270.75
copan,2018-04-10,18.073,14.75,271.25
comayagua,2018-04-11,18.528,14.25,272.25
ocotepeque,2018-04-11,21.862,14.25,270.75
copan,2018-04-11,17.73,14.75,271.25
comayagua,2018-04-12,18.686,14.25,272.25
ocotepeque,2018-04-12,23.438,14.25,270.75
copan,2018-04-12,16.697,14.75,271.25
comayagua,2018-04-13,17.416,14.25,272.25
ocotepeque,2018-04-13,21.345,14.25,270.75
copan,2018-04-13,15.087,14.75,271.25
comayagua,2018-04-14,19.708,14.25,272.25
ocotepeque,2018-04-14,25.099,14.25,270.75
copan,2018-04-14,18.85,14.75,271.25
comayagua,2018-04-15,20.499,14.25,272.25
ocotepeque,2018-04-15,24.403,14.25,270.75
copan,2018-04-15,19.415,14.75,271.25
comayagua,2018-04-16,16.691,14.25,272.25
ocotepeque,2018-04-16,22.726,14.25,270.75
copan,2018-04-16,15.638,14.75,271.25
comayagua,2018-04-17,16.459,14.25,272.25
ocotepeque,2018-04-17,21.525,14.25,270.75
copan,2018-04-17,14.565,14.75,271.25
comayagua,2018-04-18,16.046,14.25,272.25
ocotepeque,2018-04-18,23.614,14.25,270.75
copan,2018-04-18,14.339,14.75,271.25
comayagua,2018-04-19,17.658,14.25,272.25
ocotepeque,2018-04-19,23.48,14.25,270.75
copan,2018-04-19,15.687,14.75,271.25
comayagua,2018-04-20,19.782,14.25,272.25
ocotepeque,2018-04-20,25.42,14.25,270.75
copan,2018-04-20,19.023,14.75,271.25
comayagua,2018-04-21,19.107,14.25,272.25
ocotepeque,2018-04-21,24.688,14.25,270.75
copan,2018-04-21,17.26,14.75,271.25
comayagua,2018-04-22,18.022,14.25,272.25
ocotepeque,2018-04-22,21.283,14.25,270.75
copan,2018-04-22,15.821,14.75,271.25
comayagua,2018-04-23,17.87,14.25,272.25
ocotepeque,2018-04-23,24.576,14.25,270.75
copan,2018-04-23,15.943,14.75,271.25
comayagua,2018-04-24,20.065,14.25,272.25
ocotepeque,2018-04-24,24.077,14.25,270.75
copan,2018-04-24,17.117,14.75,271.25
comayagua,2018-04-25,18.686,14.25,272.25
ocotepeque,2018-04-25,24.788,14.25,270.75
copan,2018-04-25,18.08,14.75,271.25
comayagua,2018-04-26,16.949,14.25,272.25
ocotepeque,2018-04-26,23.141,14.25,270.75
copan,2018-04-26,16.317,14.75,271.25
comayagua,2018-04-27,18.349,14.25,272.25
ocotepeque,2018-04-27,21.661,14.25,270.75
copan,2018-04-27,17.791,14.75,271.25
comayagua,2018-04-28,18.107,14.25,272.25
ocotepeque,2018-04-28,23.261,14.25,270.75
copan,2018-04-28,16.998,14.75,271.25
comayagua,2018-04-29,20.187,14.25,272.25
ocotepeque,2018-04-29,25.92,14.25,270.75
copan,2018-04-29,21.442,14.75,271.25
comayagua,2018-04-30,20.487,14.25,272.25
ocotepeque,2018-04-30,25.631,14.25,270.75
copan,2018-04-30,18.496,14.75,271.25
comayagua,2018-05-01,19.528,14.25,272.25
ocotepeque,2018-05-01,23.189,14.25,270.75
copan,2018-05-01,17.461,14.75,271.25
comayagua,2018-05-02,19.832,14.25,272.25
ocotepeque,2018-05-02,24.189,14.25,270.75
copan,2018-05-02,19.111,14.75,271.25
comayagua,2018-05-03,19.496,14.25,272.25
ocotepeque,2018-05-03,24.113,14.25,270.75
copan,2018-05-03,18.423,14.75,271.25
comayagua,2018-05-04,17.375,14.25,272.25
ocotepeque,2018-05-04,23.768,14.25,270.75
copan,2018-05-04,17.312,14.75,271.25
comayagua,2018-05-05,17.815,14.25,272.25
ocotepeque,2018-05-05,23.55,14.25,270.75
copan,2018-05-05,14.764,14.75,271.25
comayagua,2018-05-06,17.32,14.25,272.25
ocotepeque,2018-05-06,23.01,14.25,270.75
copan,2018-05-06,14.811,14.75,271.25
comayagua,2018-05-07,18.38,14.25,272.25
ocotepeque,2018-05-07,24.529,14.25,270.75
copan,2018-05-07,17.503,14.75,271.25
comayagua,2018-05-08,18.709,14.25,272.25
ocotepeque,2018-05-08,23.616,14.25,270.75
copan,2018-05-08,17.387,14.75,271.25
comayagua,2018-05-09,17.374,14.25,272.25
ocotepeque,2018-05-09,23.013,14.25,270.75
copan,2018-05-09,14.091,14.75,271.25
comayagua,2018-05-10,16.307,14.25,272.25
ocotepeque,2018-05-10,21.071,14.25,270.75
copan,2018-05-10,14.602,14.75,271.25
comayagua,2018-05-11,18.255,14.25,272.25
ocotepeque,2018-05-11,21.911,14.25,270.75
copan,2018-05-11,15.453,14.75,271.25
comayagua,2018-05-12,19.444,14.25,272.25
ocotepeque,2018-05-12,22.537,14.25,270.75
copan,2018-05-12,21.665,14.75,271.25
comayagua,2018-05-13,18.086,14.25,272.25
ocotepeque,2018-05-13,21.655,14.25,270.75
copan,2018-05-13,16.257,14.75,271.25
comayagua,2018-05-14,18.682,14.25,272.25
ocotepeque,2018-05-14,21.06,14.25,270.75
copan,2018-05-14,17.415,14.75,271.25
comayagua,2018-05-15,17.777,14.25,272.25
ocotepeque,2018-05-15,21.718,14.25,270.75
copan,2018-05-15,17.311,14.75,271.25
comayagua,2018-05-16,16.753,14.25,272.25
ocotepeque,2018-05-16,21.382,14.25,270.75
copan,2018-05-16,16.317,14.75,271.25
comayagua,2018-05-17,16.943,14.25,272.25
ocotepeque,2018-05-17,22.007,14.25,270.75
copan,2018-05-17,16.82,14.75,271.25
comayagua,2018-05-18,18.309,14.25,272.25
ocotepeque,2018-05-18,21.379,14.25,270.75
copan,2018-05-18,17.576,14.75,271.25
comayagua,2018-05-19,18.536,14.25,272.25
ocotepeque,2018-05-19,22.912,14.25,270.75
copan,2018-05-19,17.881,14.75,271.25
comayagua,2018-05-20,18.687,14.25,272.25
ocotepeque,2018-05-20,21.537,14.25,270.75
copan,2018-05-20,17.368,14.75,271.25
comayagua,2018-05-21,18.564,14.25,272.25
ocotepeque,2018-05-21,20.195,14.25,270.75
copan,2018-05-21,16.582,14.75,271.25
comayagua,2018-05-22,16.771,14.25,272.25
ocotepeque,2018-05-22,21.907,14.25,270.75
copan,2018-05-22,15.903,14.75,271.25
comayagua,2018-05-23,17.677,14.25,272.25
ocotepeque,2018-05-23,23.572,14.25,270.75
copan,2018-05-23,17.743,14.75,271.25
comayagua,2018-05-24,19.808,14.25,272.25
ocotepeque,2018-05-24,21.685,14.25,270.75
copan,2018-05-24,17.181,14.75,271.25
comayagua,2018-05-25,18.746,14.25,272.25
ocotepeque,2018-05-25,22.002,14.25,270.75
copan,2018-05-25,18.381,14.75,271.25
comayagua,2018-05-26,18.661,14.25,272.25
ocotepeque,2018-05-26,22.29,14.25,270.75
copan,2018-05-26,18.891,14.75,271.25
comayagua,2018-05-27,19.205,14.25,272.25
ocotepeque,2018-05-27,22.807,14.25,270.75
copan,2018-05-27,18.254,14.75,271.25
comayagua,2018-05-28,19.421,14.25,272.25
ocotepeque,2018-05-28,24.393,14.25,270.75
copan,2018-05-28,19.247,14.75,271.25
comayagua,2018-05-29,19.025,14.25,272.25
ocotepeque,2018-05-29,23.901,14.25,270.75
copan,2018-05-29,19.128,14.75,271.25
comayagua,2018-05-30,19.898,14.25,272.25
ocotepeque,2018-05-30,23.111,14.25,270.75
copan,2018-05-30,19.344,14.75,271.25
comayagua,2018-05-31,18.407,14.25,272.25
ocotepeque,2018-05-31,22.097,14.25,270.75
copan,2018-05-31,17.884,14.75,271.25
comayagua,2018-06-01,17.619,14.25,272.25
ocotepeque,2018-06-01,21.672,14.25,270.75
copan,2018-06-01,17.372,14.75,271.25
comayagua,2018-06-02,19.026,14.25,272.25
ocotepeque,2018-06-02,23.371,14.25,270.75
copan,2018-06-02,17.716,14.75,271.25
comayagua,2018-06-03,18.378,14.25,272.25
ocotepeque,2018-06-03,22.413,14.25,270.75
copan,2018-06-03,16.777,14.75,271.25
comayagua,2018-06-04,18.942,14.25,272.25
ocotepeque,2018-06-04,19.221,14.25,270.75
copan,2018-06-04,17.532,14.75,271.25
comayagua,2018-06-05,19.182,14.25,272.25
ocotepeque,2018-06-05,24.01,14.25,270.75
copan,2018-06-05,17.787,14.75,271.25
comayagua,2018-06-06,18.261,14.25,272.25
ocotepeque,2018-06-06,21.263,14.25,270.75
copan,2018-06-06,17.499,14.75,271.25
comayagua,2018-06-07,18.255,14.25,272.25
ocotepeque,2018-06-07,21.275,14.25,270.75
copan,2018-06-07,17.836,14.75,271.25
comayagua,2018-06-08,18.22,14.25,272.25
ocotepeque,2018-06-08,21.501,14.25,270.75
copan,2018-06-08,17.47,14.75,271.25
comayagua,2018-06-09,19.81,14.25,272.25
ocotepeque,2018-06-09,21.678,14.25,270.75
copan,2018-06-09,17.926,14.75,271.25
comayagua,2018-06-10,18.085,14.25,272.25
ocotepeque,2018-06-10,21.797,14.25,270.75
copan,2018-06-10,15.626,14.75,271.25
comayagua,2018-06-11,17.134,14.25,272.25
ocotepeque,2018-06-11,23.526,14.25,270.75
copan,2018-06-11,16.955,14.75,271.25
comayagua,2018-06-12,17.759,14.25,272.25
ocotepeque,2018-06-12,22.82,14.25,270.75
copan,2018-06-12,17.455,14.75,271.25
comayagua,2018-06-13,18.823,14.25,272.25
ocotepeque,2018-06-13,23.269,14.25,270.75
copan,2018-06-13,18.422,14.75,271.25
comayagua,2018-06-14,19.019,14.25,272.25
ocotepeque,2018-06-14,23.16,14.25,270.75
copan,2018-06-14,17.604,14.75,271.25
comayagua,2018-06-15,18.401,14.25,272.25
ocotepeque,2018-06-15,22.748,14.25,270.75
copan,2018-06-15,17.848,14.75,271.25
comayagua,2018-06-16,18.567,14.25,272.25
ocotepeque,2018-06-16,21.845,14.25,270.75
copan,2018-06-16,17.829,14.75,271.25
comayagua,2018-06-17,19.181,14.25,272.25
ocotepeque,2018-06-17,22.379,14.25,270.75
copan,2018-06-17,18.229,14.75,271.25
comayagua,2018-06-18,17.821,14.25,272.25
ocotepeque,2018-06-18,23.411,14.25,270.75
copan,2018-06-18,17.311,14.75,271.25
comayagua,2018-06-19,17.854,14.25,272.25
ocotepeque,2018-06-19,23.199,14.25,270.75
copan,2018-06-19,18.134,14.75,271.25
comayagua,2018-06-20,18.61,14.25,272.25
ocotepeque,2018-06-20,22.93,14.25,270.75
copan,2018-06-20,18.175,14.75,271.25
comayagua,2018-06-21,18.302,14.25,272.25
ocotepeque,2018-06-21,21.628,14.25,270.75
copan,2018-06-21,18.615,14.75,271.25
comayagua,2018-06-22,17.841,14.25,272.25
ocotepeque,2018-06-22,24.423,14.25,270.75
copan,2018-06-22,17.412,14.75,271.25
comayagua,2018-06-23,17.587,14.25,272.25
ocotepeque,2018-06-23,24.165,14.25,270.75
copan,2018-06-23,17.904,14.75,271.25
comayagua,2018-06-24,17.379,14.25,272.25
ocotepeque,2018-06-24,21.669,14.25,270.75
copan,2018-06-24,18.98,14.75,271.25
comayagua,2018-06-25,18.553,14.25,272.25
ocotepeque,2018-06-25,24.149,14.25,270.75
copan,2018-06-25,17.472,14.75,271.25
comayagua,2018-06-26,17.507,14.25,272.25
ocotepeque,2018-06-26,24.581,14.25,270.75
copan,2018-06-26,17.288,14.75,271.25
comayagua,2018-06-27,18.367,14.25,272.25
ocotepeque,2018-06-27,22.198,14.25,270.75
copan,2018-06-27,17.227,14.75,271.25
comayagua,2018-06-28,19.654,14.25,272.25
ocotepeque,2018-06-28,21.623,14.25,270.75
copan,2018-06-28,18.273,14.75,271.25
comayagua,2018-06-29,19.003,14.25,272.25
ocotepeque,2018-06-29,23.622,14.25,270.75
copan,2018-06-29,16.849,14.75,271.25
comayagua,2018-06-30,18.375,14.25,272.25
ocotepeque,2018-06-30,23.562,14.25,270.75
copan,2018-06-30,17.521,14.75,271.25
comayagua,2018-07-01,17.819,14.25,272.25
ocotepeque,2018-07-01,24.19,14.25,270.75
copan,2018-07-01,16.858,14.75,271.25
comayagua,2018-07-02,17.634,14.25,272.25
ocotepeque,2018-07-02,23.239,14.25,270.75
copan,2018-07-02,17.326,14.75,271.25
comayagua,2018-07-03,17.916,14.25,272.25
ocotepeque,2018-07-03,23.597,14.25,270.75
copan,2018-07-03,17.354,14.75,271.25
comayagua,2018-07-04,18.497,14.25,272.25
ocotepeque,2018-07-04,24.821,14.25,270.75
copan,2018-07-04,17.028,14.75,271.25
comayagua,2018-07-05,19.174,14.25,272.25
ocotepeque,2018-07-05,22.806,14.25,270.75
copan,2018-07-05,18.079,14.75,271.25
comayagua,2018-07-06,20.003,14.25,272.25
ocotepeque,2018-07-06,23.787,14.25,270.75
copan,2018-07-06,18.586,14.75,271.25
comayagua,2018-07-07,18.58,14.25,272.25
ocotepeque,2018-07-07,24.075,14.25,270.75
copan,2018-07-07,16.674,14.75,271.25
comayagua,2018-07-08,19.542,14.25,272.25
ocotepeque,2018-07-08,25.767,14.25,270.75
copan,2018-07-08,17.922,14.75,271.25
comayagua,2018-07-09,19.956,14.25,272.25
ocotepeque,2018-07-09,21.422,14.25,270.75
copan,2018-07-09,17.923,14.75,271.25
comayagua,2018-07-10,19.968,14.25,272.25
ocotepeque,2018-07-10,24.002,14.25,270.75
copan,2018-07-10,17.791,14.75,271.25
comayagua,2018-07-11,19.023,14.25,272.25
ocotepeque,2018-07-11,23.289,14.25,270.75
copan,2018-07-11,16.677,14.75,271.25
comayagua,2018-07-12,19.394,14.25,272.25
ocotepeque,2018-07-12,23.421,14.25,270.75
copan,2018-07-12,15.858,14.75,271.25
comayagua,2018-07-13,18.555,14.25,272.25
ocotepeque,2018-07-13,22.3,14.25,270.75
copan,2018-07-13,18.254,14.75,271.25
comayagua,2018-07-14,19.028,14.25,272.25
ocotepeque,2018-07-14,23.624,14.25,270.75
copan,2018-07-14,17.278,14.75,271.25
comayagua,2018-07-15,19.598,14.25,272.25
ocotepeque,2018-07-15,23.987,14.25,270.75
copan,2018-07-15,16.991,14.75,271.25
comayagua,2018-07-16,18.291,14.25,272.25
ocotepeque,2018-07-16,23.945,14.25,270.75
copan,2018-07-16,17.414,14.75,271.25
comayagua,2018-07-17,19.917,14.25,272.25
ocotepeque,2018-07-17,23.99,14.25,270.75
copan,2018-07-17,17.824,14.75,271.25
comayagua,2018-07-18,20.78,14.25,272.25
ocotepeque,2018-07-18,25.05,14.25,270.75
copan,2018-07-18,18.626,14.75,271.25
comayagua,2018-07-19,19.702,14.25,272.25
ocotepeque,2018-07-19,20.403,14.25,270.75
copan,2018-07-19,17.413,14.75,271.25
comayagua,2018-07-20,18.367,14.25,272.25
ocotepeque,2018-07-20,23.8,14.25,270.75
copan,2018-07-20,18.067,14.75,271.25
comayagua,2018-07-21,19.558,14.25,272.25
ocotepeque,2018-07-21,24.921,14.25,270.75
copan,2018-07-21,17.949,14.75,271.25
comayagua,2018-07-22,20.635,14.25,272.25
ocotepeque,2018-07-22,24.906,14.25,270.75
copan,2018-07-22,18.599,14.75,271.25
comayagua,2018-07-23,19.046,14.25,272.25
ocotepeque,2018-07-23,24.337,14.25,270.75
copan,2018-07-23,17.806,14.75,271.25
comayagua,2018-07-24,17.501,14.25,272.25
ocotepeque,2018-07-24,23.909,14.25,270.75
copan,2018-07-24,17.764,14.75,271.25
comayagua,2018-07-25,18.294,14.25,272.25
ocotepeque,2018-07-25,24.14,14.25,270.75
copan,2018-07-25,16.612,14.75,271.25
comayagua,2018-07-26,18.681,14.25,272.25
ocotepeque,2018-07-26,23.484,14.25,270.75
copan,2018-07-26,16.343,14.75,271.25
comayagua,2018-07-27,19.02,14.25,272.25
ocotepeque,2018-07-27,24.3,14.25,270.75
copan,2018-07-27,18.453,14.75,271.25
comayagua,2018-07-28,20.019,14.25,272.25
ocotepeque,2018-07-28,23.27,14.25,270.75
copan,2018-07-28,18.576,14.75,271.25
comayagua,2018-07-29,18.532,14.25,272.25
ocotepeque,2018-07-29,22.26,14.25,270.75
copan,2018-07-29,16.602,14.75,271.25
comayagua,2018-07-30,18.347,14.25,272.25
ocotepeque,2018-07-30,23.989,14.25,270.75
copan,2018-07-30,16.908,14.75,271.25
comayagua,2018-07-31,18.432,14.25,272.25
ocotepeque,2018-07-31,21.979,14.25,270.75
copan,2018-07-31,18.439,14.75,271.25
comayagua,2018-08-01,17.185,14.25,272.25
ocotepeque,2018-08-01,22.337,14.25,270.75
copan,2018-08-01,17.584,14.75,271.25
comayagua,2018-08-02,18.014,14.25,272.25
ocotepeque,2018-08-02,21.769,14.25,270.75
copan,2018-08-02,16.145,14.75,271.25
comayagua,2018-08-03,17.629,14.25,272.25
ocotepeque,2018-08-03,22.476,14.25,270.75
copan,2018-08-03,17.28,14.75,271.25
comayagua,2018-08-04,18.071,14.25,272.25
ocotepeque,2018-08-04,21.62,14.25,270.75
copan,2018-08-04,17.218,14.75,271.25
comayagua,2018-08-05,17.961,14.25,272.25
ocotepeque,2018-08-05,23.699,14.25,270.75
copan,2018-08-05,17.519,14.75,271.25
comayagua,2018-08-06,20.322,14.25,272.25
ocotepeque,2018-08-06,24.207,14.25,270.75
copan,2018-08-06,19.158,14.75,271.25
comayagua,2018-08-07,18.826,14.25,272.25
ocotepeque,2018-08-07,22.819,14.25,270.75
copan,2018-08-07,17.118,14.75,271.25
comayagua,2018-08-08,18.096,14.25,272.25
ocotepeque,2018-08-08,23.719,14.25,270.75
copan,2018-08-08,16.327,14.75,271.25
comayagua,2018-08-09,19.506,14.25,272.25
ocotepeque,2018-08-09,24.182,14.25,270.75
copan,2018-08-09,18.767,14.75,271.25
comayagua,2018-08-10,18.01,14.25,272.25
ocotepeque,2018-08-10,22.293,14.25,270.75
copan,2018-08-10,17.964,14.75,271.25
comayagua,2018-08-11,19.661,14.25,272.25
ocotepeque,2018-08-11,25.299,14.25,270.75
copan,2018-08-11,18.063,14.75,271.25
comayagua,2018-08-12,19.048,14.25,272.25
ocotepeque,2018-08-12,24.235,14.25,270.75
copan,2018-08-12,18.295,14.75,271.25
comayagua,2018-08-13,18.209,14.25,272.25
ocotepeque,2018-08-13,21.68,14.25,270.75
copan,2018-08-13,17.709,14.75,271.25
comayagua,2018-08-14,16.152,14.25,272.25
ocotepeque,2018-08-14,20.368,14.25,270.75
copan,2018-08-14,15.232,14.75,271.25
comayagua,2018-08-15,19.445,14.25,272.25
ocotepeque,2018-08-15,23.057,14.25,270.75
copan,2018-08-15,18.082,14.75,271.25
comayagua,2018-08-16,18.732,14.25,272.25
ocotepeque,2018-08-16,21.828,14.25,270.75
copan,2018-08-16,17.22,14.75,271.25
comayagua,2018-08-17,18.915,14.25,272.25
ocotepeque,2018-08-17,23.739,14.25,270.75
copan,2018-08-17,17.562,14.75,271.25
comayagua,2018-08-18,18.763,14.25,272.25
ocotepeque,2018-08-18,22.909,14.25,270.75
copan,2018-08-18,17.878,14.75,271.25
comayagua,2018-08-19,19.363,14.25,272.25
ocotepeque,2018-08-19,23.036,14.25,270.75
copan,2018-08-19,17.969,14.75,271.25
comayagua,2018-08-20,17.838,14.25,272.25
ocotepeque,2018-08-20,21.725,14.25,270.75
copan,2018-08-20,18.479,14.75,271.25
comayagua,2018-08-21,19.699,14.25,272.25
ocotepeque,2018-08-21,24.24,14.25,270.75
copan,2018-08-21,19.156,14.75,271.25
comayagua,2018-08-22,20.488,14.25,272.25
ocotepeque,2018-08-22,23.782,14.25,270.75
copan,2018-08-22,19.771,14.75,271.25
comayagua,2018-08-23,20.353,14.25,272.25
ocotepeque,2018-08-23,24.568,14.25,270.75
copan,2018-08-23,18.543,14.75,271.25
comayagua,2018-08-24,14.788,14.25,272.25
ocotepeque,2018-08-24,22.388,14.25,270.75
copan,2018-08-24,18.23,14.75,271.25
comayagua,2018-08-25,18.818,14.25,272.25
ocotepeque,2018-08-25,22.223,14.25,270.75
copan,2018-08-25,17.199,14.75,271.25
comayagua,2018-08-26,19.223,14.25,272.25
ocotepeque,2018-08-26,22.014,14.25,270.75
copan,2018-08-26,18.103,14.75,271.25
comayagua,2018-08-27,18.294,14.25,272.25
ocotepeque,2018-08-27,22.228,14.25,270.75
copan,2018-08-27,16.503,14.75,271.25
comayagua,2018-08-28,19.125,14.25,272.25
ocotepeque,2018-08-28,24.247,14.25,270.75
copan,2018-08-28,18.38,14.75,271.25
comayagua,2018-08-29,17.996,14.25,272.25
ocotepeque,2018-08-29,20.097,14.25,270.75
copan,2018-08-29,17.401,14.75,271.25
comayagua,2018-08-30,18.506,14.25,272.25
ocotepeque,2018-08-30,20.266,14.25,270.75
copan,2018-08-30,18.262,14.75,271.25
comayagua,2018-08-31,18.449,14.25,272.25
ocotepeque,2018-08-31,23.966,14.25,270.75
copan,2018-08-31,18.191,14.75,271.25
comayagua,2018-09-01,16.971,14.25,272.25
ocotepeque,2018-09-01,21.538,14.25,270.75
copan,2018-09-01,17.489,14.75,271.25
comayagua,2018-09-02,16.404,14.25,272.25
ocotepeque,2018-09-02,21.514,14.25,270.75
copan,2018-09-02,16.762,14.75,271.25
comayagua,2018-09-03,18.792,14.25,272.25
ocotepeque,2018-09-03,21.419,14.25,270.75
copan,2018-09-03,16.768,14.75,271.25
comayagua,2018-09-04,17.508,14.25,272.25
ocotepeque,2018-09-04,22.301,14.25,270.75
copan,2018-09-04,17.167,14.75,271.25
comayagua,2018-09-05,17.672,14.25,272.25
ocotepeque,2018-09-05,22.946,14.25,270.75
copan,2018-09-05,17.269,14.75,271.25
comayagua,2018-09-06,18.786,14.25,272.25
ocotepeque,2018-09-06,21.743,14.25,270.75
copan,2018-09-06,17.486,14.75,271.25
comayagua,2018-09-07,18.189,14.25,272.25
ocotepeque,2018-09-07,23.883,14.25,270.75
copan,2018-09-07,16.62,14.75,271.25
comayagua,2018-09-08,16.462,14.25,272.25
ocotepeque,2018-09-08,21.886,14.25,270.75
copan,2018-09-08,17.218,14.75,271.25
comayagua,2018-09-09,16.979,14.25,272.25
ocotepeque,2018-09-09,22.061,14.25,270.75
copan,2018-09-09,18.323,14.75,271.25
comayagua,2018-09-10,18.251,14.25,272.25
ocotepeque,2018-09-10,19.782,14.25,270.75
copan,2018-09-10,17.383,14.75,271.25
comayagua,2018-09-11,18.634,14.25,272.25
ocotepeque,2018-09-11,19.866,14.25,270.75
copan,2018-09-11,17.499,14.75,271.25
comayagua,2018-09-12,18.675,14.25,272.25
ocotepeque,2018-09-12,22.553,14.25,270.75
copan,2018-09-12,18.496,14.75,271.25
comayagua,2018-09-13,18.239,14.25,272.25
ocotepeque,2018-09-13,23.044,14.25,270.75
copan,2018-09-13,18.379,14.75,271.25
comayagua,2018-09-14,17.554,14.25,272.25
ocotepeque,2018-09-14,22.787,14.25,270.75
copan,2018-09-14,18.802,14.75,271.25
comayagua,2018-09-15,17.168,14.25,272.25
ocotepeque,2018-09-15,18.697,14.25,270.75
copan,2018-09-15,18.835,14.75,271.25
comayagua,2018-09-16,18.283,14.25,272.25
ocotepeque,2018-09-16,22.202,14.25,270.75
copan,2018-09-16,18.48,14.75,271.25
comayagua,2018-09-17,19.252,14.25,272.25
ocotepeque,2018-09-17,17.624,14.25,270.75
copan,2018-09-17,17.203,14.75,271.25
comayagua,2018-09-18,19.104,14.25,272.25
ocotepeque,2018-09-18,23.41,14.25,270.75
copan,2018-09-18,17.251,14.75,271.25
comayagua,2018-09-19,18.677,14.25,272.25
ocotepeque,2018-09-19,22.543,14.25,270.75
copan,2018-09-19,16.627,14.75,271.25
comayagua,2018-09-20,19.226,14.25,272.25
ocotepeque,2018-09-20,25.412,14.25,270.75
copan,2018-09-20,18.428,14.75,271.25
comayagua,2018-09-21,21.474,14.25,272.25
ocotepeque,2018-09-21,22.368,14.25,270.75
copan,2018-09-21,17.354,14.75,271.25
comayagua,2018-09-22,19.811,14.25,272.25
ocotepeque,2018-09-22,21.068,14.25,270.75
copan,2018-09-22,20.846,14.75,271.25
comayagua,2018-09-23,17.798,14.25,272.25
ocotepeque,2018-09-23,19.432,14.25,270.75
copan,2018-09-23,16.68,14.75,271.25
comayagua,2018-09-24,17.482,14.25,272.25
ocotepeque,2018-09-24,25.349,14.25,270.75
copan,2018-09-24,17.538,14.75,271.25
comayagua,2018-09-25,18.568,14.25,272.25
ocotepeque,2018-09-25,22.711,14.25,270.75
copan,2018-09-25,17.712,14.75,271.25
comayagua,2018-09-26,20.015,14.25,272.25
ocotepeque,2018-09-26,22.108,14.25,270.75
copan,2018-09-26,21.669,14.75,271.25
comayagua,2018-09-27,21.146,14.25,272.25
ocotepeque,2018-09-27,21.492,14.25,270.75
copan,2018-09-27,17.76,14.75,271.25
comayagua,2018-09-28,18.15,14.25,272.25
ocotepeque,2018-09-28,24.562,14.25,270.75
copan,2018-09-28,18.25,14.75,271.25
comayagua,2018-09-29,17.841,14.25,272.25
ocotepeque,2018-09-29,23.531,14.25,270.75
copan,2018-09-29,18.181,14.75,271.25
comayagua,2018-09-30,16.292,14.25,272.25
ocotepeque,2018-09-30,23.203,14.25,270.75
copan,2018-09-30,17.08,14.75,271.25
comayagua,2018-10-01,19.08,14.25,272.25
ocotepeque,2018-10-01,23.135,14.25,270.75
copan,2018-10-01,17.58,14.75,271.25
comayagua,2018-10-02,19.884,14.25,272.25
ocotepeque,2018-10-02,23.568,14.25,270.75
copan,2018-10-02,17.977,14.75,271.25
comayagua,2018-10-03,19.101,14.25,272.25
ocotepeque,2018-10-03,23.067,14.25,270.75
copan,2018-10-03,17.212,14.75,271.25
comayagua,2018-10-04,20.33,14.25,272.25
ocotepeque,2018-10-04,22.889,14.25,270.75
copan,2018-10-04,18.367,14.75,271.25
comayagua,2018-10-05,19.245,14.25,272.25
ocotepeque,2018-10-05,23.025,14.25,270.75
copan,2018-10-05,17.963,14.75,271.25
comayagua,2018-10-06,18.265,14.25,272.25
ocotepeque,2018-10-06,22.011,14.25,270.75
copan,2018-10-06,18.559,14.75,271.25
comayagua,2018-10-07,18.156,14.25,272.25
ocotepeque,2018-10-07,20.879,14.25,270.75
copan,2018-10-07,18.494,14.75,271.25
comayagua,2018-10-08,18.881,14.25,272.25
ocotepeque,2018-10-08,20.796,14.25,270.75
copan,2018-10-08,18.062,14.75,271.25
comayagua,2018-10-09,18.937,14.25,272.25
ocotepeque,2018-10-09,21.04,14.25,270.75
copan,2018-10-09,19.149,14.75,271.25
comayagua,2018-10-10,19.37,14.25,272.25
ocotepeque,2018-10-10,21.343,14.25,270.75
copan,2018-10-10,19.723,14.75,271.25
comayagua,2018-10-11,20.126,14.25,272.25
ocotepeque,2018-10-11,22.789,14.25,270.75
copan,2018-10-11,18.896,14.75,271.25
comayagua,2018-10-12,16.421,14.25,272.25
ocotepeque,2018-10-12,21.52,14.25,270.75
copan,2018-10-12,16.428,14.75,271.25
comayagua,2018-10-13,16.503,14.25,272.25
ocotepeque,2018-10-13,21.689,14.25,270.75
copan,2018-10-13,16.561,14.75,271.25
comayagua,2018-10-14,16.493,14.25,272.25
ocotepeque,2018-10-14,22.37,14.25,270.75
copan,2018-10-14,16.414,14.75,271.25
comayagua,2018-10-15,22.846,14.25,272.25
ocotepeque,2018-10-15,23.163,14.25,270.75
copan,2018-10-15,22.246,14.75,271.25
comayagua,2018-10-16,19.459,14.25,272.25
ocotepeque,2018-10-16,21.297,14.25,270.75
copan,2018-10-16,18.44,14.75,271.25
comayagua,2018-10-17,18.999,14.25,272.25
ocotepeque,2018-10-17,21.502,14.25,270.75
copan,2018-10-17,18.606,14.75,271.25
comayagua,2018-10-18,18.49,14.25,272.25
ocotepeque,2018-10-18,21.663,14.25,270.75
copan,2018-10-18,18.011,14.75,271.25
comayagua,2018-10-19,17.869,14.25,272.25
ocotepeque,2018-10-19,20.528,14.25,270.75
copan,2018-10-19,17.344,14.75,271.25
comayagua,2018-10-20,16.554,14.25,272.25
ocotepeque,2018-10-20,22.607,14.25,270.75
copan,2018-10-20,16.839,14.75,271.25
comayagua,2018-10-21,17.999,14.25,272.25
ocotepeque,2018-10-21,20.374,14.25,270.75
copan,2018-10-21,18.331,14.75,271.25
comayagua,2018-10-22,16.508,14.25,272.25
ocotepeque,2018-10-22,23.134,14.25,270.75
copan,2018-10-22,17.611,14.75,271.25
comayagua,2018-10-23,19.505,14.25,272.25
ocotepeque,2018-10-23,23.881,14.25,270.75
copan,2018-10-23,18.435,14.75,271.25
comayagua,2018-10-24,18.664,14.25,272.25
ocotepeque,2018-10-24,23.481,14.25,270.75
copan,2018-10-24,17.488,14.75,271.25
comayagua,2018-10-25,17.274,14.25,272.25
ocotepeque,2018-10-25,22.884,14.25,270.75
copan,2018-10-25,16.095,14.75,271.25
comayagua,2018-10-26,18.553,14.25,272.25
ocotepeque,2018-10-26,24.357,14.25,270.75
copan,2018-10-26,18.651,14.75,271.25
comayagua,2018-10-27,17.756,14.25,272.25
ocotepeque,2018-10-27,24.964,14.25,270.75
copan,2018-10-27,18.62,14.75,271.25
comayagua,2018-10-28,18.479,14.25,272.25
ocotepeque,2018-10-28,19.649,14.25,270.75
copan,2018-10-28,17.569,14.75,271.25
comayagua,2018-10-29,17.934,14.25,272.25
ocotepeque,2018-10-29,22.746,14.25,270.75
copan,2018-10-29,16.781,14.75,271.25
comayagua,2018-10-30,18.817,14.25,272.25
ocotepeque,2018-10-30,24.237,14.25,270.75
copan,2018-10-30,17.579,14.75,271.25
comayagua,2018-10-31,17.829,14.25,272.25
ocotepeque,2018-10-31,22.76,14.25,270.75
copan,2018-10-31,16.898,14.75,271.25
comayagua,2018-11-01,17.261,14.25,272.25
ocotepeque,2018-11-01,23.564,14.25,270.75
copan,2018-11-01,18.295,14.75,271.25
comayagua,2018-11-02,18.18,14.25,272.25
ocotepeque,2018-11-02,23.378,14.25,270.75
copan,2018-11-02,18.475,14.75,271.25
comayagua,2018-11-03,16.309,14.25,272.25
ocotepeque,2018-11-03,24.49,14.25,270.75
copan,2018-11-03,18.365,14.75,271.25
comayagua,2018-11-04,17.429,14.25,272.25
ocotepeque,2018-11-04,22.068,14.25,270.75
copan,2018-11-04,18.315,14.75,271.25
comayagua,2018-11-05,16.824,14.25,272.25
ocotepeque,2018-11-05,22.905,14.25,270.75
copan,2018-11-05,16.74,14.75,271.25
comayagua,2018-11-06,17.399,14.25,272.25
ocotepeque,2018-11-06,23.431,14.25,270.75
copan,2018-11-06,17.208,14.75,271.25
comayagua,2018-11-07,18.223,14.25,272.25
ocotepeque,2018-11-07,22.221,14.25,270.75
copan,2018-11-07,16.521,14.75,271.25
comayagua,2018-11-08,18.256,14.25,272.25
ocotepeque,2018-11-08,22.42,14.25,270.75
copan,2018-11-08,14.381,14.75,271.25
comayagua,2018-11-09,18.558,14.25,272.25
ocotepeque,2018-11-09,23.703,14.25,270.75
copan,2018-11-09,18.273,14.75,271.25
comayagua,2018-11-10,18.132,14.25,272.25
ocotepeque,2018-11-10,23.367,14.25,270.75
copan,2018-11-10,17.46,14.75,271.25
comayagua,2018-11-11,17.245,14.25,272.25
ocotepeque,2018-11-11,22.083,14.25,270.75
copan,2018-11-11,14.695,14.75,271.25
comayagua,2018-11-12,17.681,14.25,272.25
ocotepeque,2018-11-12,22.806,14.25,270.75
copan,2018-11-12,17.387,14.75,271.25
comayagua,2018-11-13,15.295,14.25,272.25
ocotepeque,2018-11-13,22.914,14.25,270.75
copan,2018-11-13,16.613,14.75,271.25
comayagua,2018-11-14,17.462,14.25,272.25
ocotepeque,2018-11-14,23.5,14.25,270.75
copan,2018-11-14,15.761,14.75,271.25
comayagua,2018-11-15,17.022,14.25,272.25
ocotepeque,2018-11-15,21.366,14.25,270.75
copan,2018-11-15,14.071,14.75,271.25
comayagua,2018-11-16,16.907,14.25,272.25
ocotepeque,2018-11-16,21.127,14.25,270.75
copan,2018-11-16,14.575,14.75,271.25
comayagua,2018-11-17,16.005,14.25,272.25
ocotepeque,2018-11-17,21.086,14.25,270.75
copan,2018-11-17,14.741,14.75,271.25
comayagua,2018-11-18,16.763,14.25,272.25
ocotepeque,2018-11-18,22.287,14.25,270.75
copan,2018-11-18,16.009,14.75,271.25
comayagua,2018-11-19,19.098,14.25,272.25
ocotepeque,2018-11-19,23.547,14.25,270.75
copan,2018-11-19,17.498,14.75,271.25
comayagua,2018-11-20,19.127,14.25,272.25
ocotepeque,2018-11-20,24.262,14.25,270.75
copan,2018-11-20,17.813,14.75,271.25
comayagua,2018-11-21,19.672,14.25,272.25
ocotepeque,2018-11-21,23.497,14.25,270.75
copan,2018-11-21,17.564,14.75,271.25
comayagua,2018-11-22,17.687,14.25,272.25
ocotepeque,2018-11-22,22.69,14.25,270.75
copan,2018-11-22,15.139,14.75,271.25
comayagua,2018-11-23,20.784,14.25,272.25
ocotepeque,2018-11-23,23.073,14.25,270.75
copan,2018-11-23,16.606,14.75,271.25
comayagua,2018-11-24,12.286,14.25,272.25
ocotepeque,2018-11-24,21.082,14.25,270.75
copan,2018-11-24,13.816,14.75,271.25
comayagua,2018-11-25,15.177,14.25,272.25
ocotepeque,2018-11-25,23.364,14.25,270.75
copan,2018-11-25,17.687,14.75,271.25
comayagua,2018-11-26,15.337,14.25,272.25
ocotepeque,2018-11-26,22.732,14.25,270.75
copan,2018-11-26,16.05,14.75,271.25
comayagua,2018-11-27,18.626,14.25,272.25
ocotepeque,2018-11-27,22.772,14.25,270.75
copan,2018-11-27,17.289,14.75,271.25
comayagua,2018-11-28,18.676,14.25,272.25
ocotepeque,2018-11-28,22.745,14.25,270.75
copan,2018-11-28,16.003,14.75,271.25
comayagua,2018-11-29,18.443,14.25,272.25
ocotepeque,2018-11-29,21.727,14.25,270.75
copan,2018-11-29,17.452,14.75,271.25
comayagua,2018-11-30,16.202,14.25,272.25
ocotepeque,2018-11-30,22.561,14.25,270.75
copan,2018-11-30,16.451,14.75,271.25
comayagua,2018-12-01,12.638,14.25,272.25
ocotepeque,2018-12-01,21.951,14.25,270.75
copan,2018-12-01,15.314,14.75,271.25
comayagua,2018-12-02,12.919,14.25,272.25
ocotepeque,2018-12-02,21.242,14.25,270.75
copan,2018-12-02,14.533,14.75,271.25
comayagua,2018-12-03,13.132,14.25,272.25
ocotepeque,2018-12-03,21.48,14.25,270.75
copan,2018-12-03,13.739,14.75,271.25
comayagua,2018-12-04,17.841,14.25,272.25
ocotepeque,2018-12-04,21.407,14.25,270.75
copan,2018-12-04,15.388,14.75,271.25
comayagua,2018-12-05,17.839,14.25,272.25
ocotepeque,2018-12-05,22.469,14.25,270.75
copan,2018-12-05,15.447,14.75,271.25
comayagua,2018-12-06,17.665,14.25,272.25
ocotepeque,2018-12-06,21.845,14.25,270.75
copan,2018-12-06,13.822,14.75,271.25
comayagua,2018-12-07,14.512,14.25,272.25
ocotepeque,2018-12-07,22.283,14.25,270.75
copan,2018-12-07,15.153,14.75,271.25
comayagua,2018-12-08,14.955,14.25,272.25
ocotepeque,2018-12-08,22.128,14.25,270.75
copan,2018-12-08,16.768,14.75,271.25
comayagua,2018-12-09,14.297,14.25,272.25
ocotepeque,2018-12-09,21.315,14.25,270.75
copan,2018-12-09,15.241,14.75,271.25
comayagua,2018-12-10,17.744,14.25,272.25
ocotepeque,2018-12-10,21.585,14.25,270.75
copan,2018-12-10,14.588,14.75,271.25
comayagua,2018-12-11,16.87,14.25,272.25
ocotepeque,2018-12-11,21.413,14.25,270.75
copan,2018-12-11,13.734,14.75,271.25
comayagua,2018-12-12,15.467,14.25,272.25
ocotepeque,2018-12-12,19.68,14.25,270.75
copan,2018-12-12,12.758,14.75,271.25
comayagua,2018-12-13,13.697,14.25,272.25
ocotepeque,2018-12-13,20.598,14.25,270.75
copan,2018-12-13,13.793,14.75,271.25
comayagua,2018-12-14,12.783,14.25,272.25
ocotepeque,2018-12-14,20.651,14.25,270.75
copan,2018-12-14,13.368,14.75,271.25
comayagua,2018-12-15,14.622,14.25,272.25
ocotepeque,2018-12-15,21.343,14.25,270.75
copan,2018-12-15,13.565,14.75,271.25
comayagua,2018-12-16,14.424,14.25,272.25
ocotepeque,2018-12-16,18.943,14.25,270.75
copan,2018-12-16,12.957,14.75,271.25
comayagua,2018-12-17,14.937,14.25,272.25
ocotepeque,2018-12-17,19.361,14.25,270.75
copan,2018-12-17,12.543,14.75,271.25
comayagua,2018-12-18,14.977,14.25,272.25
ocotepeque,2018-12-18,19.28,14.25,270.75
copan,2018-12-18,12.551,14.75,271.25
comayagua,2018-12-19,13.361,14.25,272.25
ocotepeque,2018-12-19,15.363,14.25,270.75
copan,2018-12-19,12.391,14.75,271.25
comayagua,2018-12-20,14.986,14.25,272.25
ocotepeque,2018-12-20,21.479,14.25,270.75
copan,2018-12-20,16.274,14.75,271.25
comayagua,2018-12-21,16.044,14.25,272.25
ocotepeque,2018-12-21,19.914,14.25,270.75
copan,2018-12-21,14.42,14.75,271.25
comayagua,2018-12-22,13.812,14.25,272.25
ocotepeque,2018-12-22,18.039,14.25,270.75
copan,2018-12-22,10.628,14.75,271.25
comayagua,2018-12-23,14.721,14.25,272.25
ocotepeque,2018-12-23,19.834,14.25,270.75
copan,2018-12-23,13.929,14.75,271.25
comayagua,2018-12-24,17.768,14.25,272.25
ocotepeque,2018-12-24,22.861,14.25,270.75
copan,2018-12-24,16.477,14.75,271.25
comayagua,2018-12-25,18.356,14.25,272.25
ocotepeque,2018-12-25,22.704,14.25,270.75
copan,2018-12-25,15.681,14.75,271.25
comayagua,2018-12-26,16.287,14.25,272.25
ocotepeque,2018-12-26,22.998,14.25,270.75
copan,2018-12-26,15.401,14.75,271.25
comayagua,2018-12-27,15.107,14.25,272.25
ocotepeque,2018-12-27,20.694,14.25,270.75
copan,2018-12-27,13.887,14.75,271.25
comayagua,2018-12-28,11.915,14.25,272.25
ocotepeque,2018-12-28,20.063,14.25,270.75
copan,2018-12-28,12.462,14.75,271.25
comayagua,2018-12-29,14.871,14.25,272.25
ocotepeque,2018-12-29,20.959,14.25,270.75
copan,2018-12-29,13.001,14.75,271.25
comayagua,2018-12-30,12.523,14.25,272.25
ocotepeque,2018-12-30,20.999,14.25,270.75
copan,2018-12-30,13.484,14.75,271.25
comayagua,2018-12-31,14.866,14.25,272.25
ocotepeque,2018-12-31,20.683,14.25,270.75
copan,2018-12-31,14.169,14.75,271.25
comayagua,2019-01-01,17.215,14.25,272.25
ocotepeque,2019-01-01,23.646,14.25,270.75
copan,2019-01-01,14.571,14.75,271.25
comayagua,2019-01-02,18.702,14.25,272.25
ocotepeque,2019-01-02,24.527,14.25,270.75
copan,2019-01-02,16.353,14.75,271.25
comayagua,2019-01-03,15.902,14.25,272.25
ocotepeque,2019-01-03,21.521,14.25,270.75
copan,2019-01-03,14.711,14.75,271.25
comayagua,2019-01-04,15.057,14.25,272.25
ocotepeque,2019-01-04,21.291,14.25,270.75
copan,2019-01-04,13.062,14.75,271.25
comayagua,2019-01-05,16.183,14.25,272.25
ocotepeque,2019-01-05,22.111,14.25,270.75
copan,2019-01-05,17.063,14.75,271.25
comayagua,2019-01-06,14.725,14.25,272.25
ocotepeque,2019-01-06,21.129,14.25,270.75
copan,2019-01-06,14.014,14.75,271.25
comayagua,2019-01-07,17.315,14.25,272.25
ocotepeque,2019-01-07,22.126,14.25,270.75
copan,2019-01-07,15.077,14.75,271.25
comayagua,2019-01-08,15.451,14.25,272.25
ocotepeque,2019-01-08,20.239,14.25,270.75
copan,2019-01-08,13.144,14.75,271.25
comayagua,2019-01-09,17.7,14.25,272.25
ocotepeque,2019-01-09,21.203,14.25,270.75
copan,2019-01-09,14.922,14.75,271.25
comayagua,2019-01-10,16.739,14.25,272.25
ocotepeque,2019-01-10,22.061,14.25,270.75
copan,2019-01-10,14.902,14.75,271.25
comayagua,2019-01-11,17.088,14.25,272.25
ocotepeque,2019-01-11,21.421,14.25,270.75
copan,2019-01-11,14.034,14.75,271.25
comayagua,2019-01-12,12.566,14.25,272.25
ocotepeque,2019-01-12,20.134,14.25,270.75
copan,2019-01-12,14.234,14.75,271.25
comayagua,2019-01-13,14.203,14.25,272.25
ocotepeque,2019-01-13,22.399,14.25,270.75
copan,2019-01-13,15.479,14.75,271.25
comayagua,2019-01-14,17.214,14.25,272.25
ocotepeque,2019-01-14,20.934,14.25,270.75
copan,2019-01-14,15.191,14.75,271.25
comayagua,2019-01-15,16.662,14.25,272.25
ocotepeque,2019-01-15,21.825,14.25,270.75
copan,2019-01-15,15.197,14.75,271.25
comayagua,2019-01-16,16.411,14.25,272.25
ocotepeque,2019-01-16,17.032,14.25,270.75
copan,2019-01-16,14.925,14.75,271.25
comayagua,2019-01-17,17.343,14.25,272.25
ocotepeque,2019-01-17,20.883,14.25,270.75
copan,2019-01-17,15.283,14.75,271.25
comayagua,2019-01-18,16.895,14.25,272.25
ocotepeque,2019-01-18,20.503,14.25,270.75
copan,2019-01-18,15.128,14.75,271.25
comayagua,2019-01-19,14.198,14.25,272.25
ocotepeque,2019-01-19,19.954,14.25,270.75
copan,2019-01-19,13.933,14.75,271.25
comayagua,2019-01-20,15.96,14.25,272.25
ocotepeque,2019-01-20,21.654,14.25,270.75
copan,2019-01-20,14.833,14.75,271.25
comayagua,2019-01-21,14.702,14.25,272.25
ocotepeque,2019-01-21,18.288,14.25,270.75
copan,2019-01-21,11.807,14.75,271.25
comayagua,2019-01-22,13.526,14.25,272.25
ocotepeque,2019-01-22,18.361,14.25,270.75
copan,2019-01-22,16.01,14.75,271.25
comayagua,2019-01-23,15.066,14.25,272.25
ocotepeque,2019-01-23,19.844,14.25,270.75
copan,2019-01-23,12.492,14.75,271.25
comayagua,2019-01-24,16.348,14.25,272.25
ocotepeque,2019-01-24,21.318,14.25,270.75
copan,2019-01-24,15.145,14.75,271.25
comayagua,2019-01-25,18.076,14.25,272.25
ocotepeque,2019-01-25,24.257,14.25,270.75
copan,2019-01-25,16.186,14.75,271.25
comayagua,2019-01-26,14.692,14.25,272.25
ocotepeque,2019-01-26,21.348,14.25,270.75
copan,2019-01-26,15.725,14.75,271.25
comayagua,2019-01-27,12.038,14.25,272.25
ocotepeque,2019-01-27,22.756,14.25,270.75
copan,2019-01-27,15.917,14.75,271.25
comayagua,2019-01-28,15.085,14.25,272.25
ocotepeque,2019-01-28,18.267,14.25,270.75
copan,2019-01-28,11.168,14.75,271.25
comayagua,2019-01-29,12.84,14.25,272.25
ocotepeque,2019-01-29,17.589,14.25,270.75
copan,2019-01-29,9.822,14.75,271.25
comayagua,2019-01-30,16.223,14.25,272.25
ocotepeque,2019-01-30,20.393,14.25,270.75
copan,2019-01-30,14.087,14.75,271.25
comayagua,2019-01-31,18.226,14.25,272.25
ocotepeque,2019-01-31,22.88,14.25,270.75
copan,2019-01-31,14.395,14.75,271.25
comayagua,2019-02-01,17.694,14.25,272.25
ocotepeque,2019-02-01,21.689,14.25,270.75
copan,2019-02-01,15.603,14.75,271.25
comayagua,2019-02-02,13.317,14.25,272.25
ocotepeque,2019-02-02,21.668,14.25,270.75
copan,2019-02-02,16.474,14.75,271.25
comayagua,2019-02-03,11.979,14.25,272.25
ocotepeque,2019-02-03,20.446,14.25,270.75
copan,2019-02-03,13.742,14.75,271.25
comayagua,2019-02-04,14.948,14.25,272.25
ocotepeque,2019-02-04,20.229,14.25,270.75
copan,2019-02-04,15.065,14.75,271.25
comayagua,2019-02-05,15.983,14.25,272.25
ocotepeque,2019-02-05,20.318,14.25,270.75
copan,2019-02-05,13.829,14.75,271.25
comayagua,2019-02-06,16.328,14.25,272.25
ocotepeque,2019-02-06,20.947,14.25,270.75
copan,2019-02-06,13.065,14.75,271.25
comayagua,2019-02-07,15.928,14.25,272.25
ocotepeque,2019-02-07,23.162,14.25,270.75
copan,2019-02-07,13.615,14.75,271.25
comayagua,2019-02-08,17.701,14.25,272.25
ocotepeque,2019-02-08,21.833,14.25,270.75
copan,2019-02-08,15.548,14.75,271.25
comayagua,2019-02-09,18.829,14.25,272.25
ocotepeque,2019-02-09,22.33,14.25,270.75
copan,2019-02-09,16.213,14.75,271.25
comayagua,2019-02-10,13.874,14.25,272.25
ocotepeque,2019-02-10,20.827,14.25,270.75
copan,2019-02-10,11.973,14.75,271.25
comayagua,2019-02-11,16.622,14.25,272.25
ocotepeque,2019-02-11,22.986,14.25,270.75
copan,2019-02-11,13.592,14.75,271.25
comayagua,2019-02-12,13.074,14.25,272.25
ocotepeque,2019-02-12,20.893,14.25,270.75
copan,2019-02-12,12.868,14.75,271.25
comayagua,2019-02-13,19.577,14.25,272.25
ocotepeque,2019-02-13,23.245,14.25,270.75
copan,2019-02-13,16.238,14.75,271.25
comayagua,2019-02-14,18.186,14.25,272.25
ocotepeque,2019-02-14,21.511,14.25,270.75
copan,2019-02-14,16.156,14.75,271.25
comayagua,2019-02-15,13.784,14.25,272.25
ocotepeque,2019-02-15,20.758,14.25,270.75
copan,2019-02-15,15.056,14.75,271.25
comayagua,2019-02-16,13.806,14.25,272.25
ocotepeque,2019-02-16,21.779,14.25,270.75
copan,2019-02-16,15.987,14.75,271.25
comayagua,2019-02-17,15.647,14.25,272.25
ocotepeque,2019-02-17,22.181,14.25,270.75
copan,2019-02-17,17.675,14.75,271.25
comayagua,2019-02-18,21.282,14.25,272.25
ocotepeque,2019-02-18,21.546,14.25,270.75
copan,2019-02-18,17.281,14.75,271.25
comayagua,2019-02-19,17.294,14.25,272.25
ocotepeque,2019-02-19,22.74,14.25,270.75
copan,2019-02-19,15.301,14.75,271.25
comayagua,2019-02-20,17.723,14.25,272.25
ocotepeque,2019-02-20,21.653,14.25,270.75
copan,2019-02-20,15.504,14.75,271.25
comayagua,2019-02-21,18.658,14.25,272.25
ocotepeque,2019-02-21,23.185,14.25,270.75
copan,2019-02-21,18.89,14.75,271.25
comayagua,2019-02-22,19.223,14.25,272.25
ocotepeque,2019-02-22,23.8,14.25,270.75
copan,2019-02-22,15.68,14.75,271.25
comayagua,2019-02-23,17.697,14.25,272.25
ocotepeque,2019-02-23,22.742,14.25,270.75
copan,2019-02-23,18.1,14.75,271.25
comayagua,2019-02-24,16.382,14.25,272.25
ocotepeque,2019-02-24,22.925,14.25,270.75
copan,2019-02-24,18.398,14.75,271.25
comayagua,2019-02-25,18.865,14.25,272.25
ocotepeque,2019-02-25,24.245,14.25,270.75
copan,2019-02-25,17.432,14.75,271.25
comayagua,2019-02-26,16.872,14.25,272.25
ocotepeque,2019-02-26,21.295,14.25,270.75
copan,2019-02-26,13.763,14.75,271.25
comayagua,2019-02-27,16.053,14.25,272.25
ocotepeque,2019-02-27,21.046,14.25,270.75
copan,2019-02-27,14.599,14.75,271.25
comayagua,2019-02-28,16.095,14.25,272.25
ocotepeque,2019-02-28,21.504,14.25,270.75
copan,2019-02-28,13.557,14.75,271.25
comayagua,2019-03-01,16.956,14.25,272.25
ocotepeque,2019-03-01,22.486,14.25,270.75
copan,2019-03-01,15.306,14.75,271.25
comayagua,2019-03-02,11.968,14.25,272.25
ocotepeque,2019-03-02,21.529,14.25,270.75
copan,2019-03-02,12.791,14.75,271.25
comayagua,2019-03-03,16.381,14.25,272.25
ocotepeque,2019-03-03,22.597,14.25,270.75
copan,2019-03-03,14.86,14.75,271.25
comayagua,2019-03-04,16.571,14.25,272.25
ocotepeque,2019-03-04,23.858,14.25,270.75
copan,2019-03-04,16.852,14.75,271.25
comayagua,2019-03-05,18.197,14.25,272.25
ocotepeque,2019-03-05,24.535,14.25,270.75
copan,2019-03-05,16.502,14.75,271.25
comayagua,2019-03-06,18.877,14.25,272.25
ocotepeque,2019-03-06,22.973,14.25,270.75
copan,2019-03-06,15.816,14.75,271.25
comayagua,2019-03-07,18.295,14.25,272.25
ocotepeque,2019-03-07,22.669,14.25,270.75
copan,2019-03-07,15.756,14.75,271.25
comayagua,2019-03-08,18.807,14.25,272.25
ocotepeque,2019-03-08,22.58,14.25,270.75
copan,2019-03-08,15.558,14.75,271.25
comayagua,2019-03-09,17.813,14.25,272.25
ocotepeque,2019-03-09,23.585,14.25,270.75
copan,2019-03-09,16.112,14.75,271.25
comayagua,2019-03-10,13.652,14.25,272.25
ocotepeque,2019-03-10,21.137,14.25,270.75
copan,2019-03-10,13.14,14.75,271.25
comayagua,2019-03-11,17.898,14.25,272.25
ocotepeque,2019-03-11,27.204,14.25,270.75
copan,2019-03-11,15.347,14.75,271.25
comayagua,2019-03-12,18.946,14.25,272.25
ocotepeque,2019-03-12,26.76,14.25,270.75
copan,2019-03-12,17.481,14.75,271.25
comayagua,2019-03-13,18.318,14.25,272.25
ocotepeque,2019-03-13,24.809,14.25,270.75
copan,2019-03-13,17.35,14.75,271.25
comayagua,2019-03-14,13.147,14.25,272.25
ocotepeque,2019-03-14,22.108,14.25,270.75
copan,2019-03-14,13.901,14.75,271.25
comayagua,2019-03-15,13.598,14.25,272.25
ocotepeque,2019-03-15,21.94,14.25,270.75
copan,2019-03-15,13.693,14.75,271.25
comayagua,2019-03-16,16.127,14.25,272.25
ocotepeque,2019-03-16,23.706,14.25,270.75
copan,2019-03-16,14.167,14.75,271.25
comayagua,2019-03-17,16.811,14.25,272.25
ocotepeque,2019-03-17,22.227,14.25,270.75
copan,2019-03-17,14.291,14.75,271.25
comayagua,2019-03-18,16.428,14.25,272.25
ocotepeque,2019-03-18,21.686,14.25,270.75
copan,2019-03-18,12.487,14.75,271.25
comayagua,2019-03-19,15.925,14.25,272.25
ocotepeque,2019-03-19,22.768,14.25,270.75
copan,2019-03-19,12.731,14.75,271.25
comayagua,2019-03-20,16.748,14.25,272.25
ocotepeque,2019-03-20,22.075,14.25,270.75
copan,2019-03-20,14.3,14.75,271.25
comayagua,2019-03-21,17.552,14.25,272.25
ocotepeque,2019-03-21,22.273,14.25,270.75
copan,2019-03-21,12.769,14.75,271.25
comayagua,2019-03-22,17.927,14.25,272.25
ocotepeque,2019-03-22,18.18,14.25,270.75
copan,2019-03-22,14.74,14.75,271.25
comayagua,2019-03-23,14.918,14.25,272.25
ocotepeque,2019-03-23,21.458,14.25,270.75
copan,2019-03-23,12.273,14.75,271.25
comayagua,2019-03-24,11.622,14.25,272.25
ocotepeque,2019-03-24,19.405,14.25,270.75
copan,2019-03-24,8.605,14.75,271.25
comayagua,2019-03-25,13.746,14.25,272.25
ocotepeque,2019-03-25,22.555,14.25,270.75
copan,2019-03-25,9.575,14.75,271.25
comayagua,2019-03-26,16.075,14.25,272.25
ocotepeque,2019-03-26,22.408,14.25,270.75
copan,2019-03-26,12.724,14.75,271.25
comayagua,2019-03-27,17.163,14.25,272.25
ocotepeque,2019-03-27,22.71,14.25,270.75
copan,2019-03-27,14.309,14.75,271.25
comayagua,2019-03-28,15.706,14.25,272.25
ocotepeque,2019-03-28,21.334,14.25,270.75
copan,2019-03-28,11.088,14.75,271.25
comayagua,2019-03-29,15.002,14.25,272.25
ocotepeque,2019-03-29,21.771,14.25,270.75
copan,2019-03-29,12.821,14.75,271.25
comayagua,2019-03-30,11.262,14.25,272.25
ocotepeque,2019-03-30,20.9,14.25,270.75
copan,2019-03-30,11.278,14.75,271.25
comayagua,2019-03-31,11.784,14.25,272.25
ocotepeque,2019-03-31,21.755,14.25,270.75
copan,2019-03-31,12.547,14.75,271.25
comayagua,2019-04-01,17.872,14.25,272.25
ocotepeque,2019-04-01,22.585,14.25,270.75
copan,2019-04-01,14.622,14.75,271.25
comayagua,2019-04-02,18.065,14.25,272.25
ocotepeque,2019-04-02,24.288,14.25,270.75
copan,2019-04-02,14.978,14.75,271.25
comayagua,2019-04-03,19.348,14.25,272.25
ocotepeque,2019-04-03,23.933,14.25,270.75
copan,2019-04-03,17.372,14.75,271.25
comayagua,2019-04-04,17.851,14.25,272.25
ocotepeque,2019-04-04,23.483,14.25,270.75
copan,2019-04-04,15.981,14.75,271.25
comayagua,2019-04-05,18.573,14.25,272.25
ocotepeque,2019-04-05,22.316,14.25,270.75
copan,2019-04-05,17.873,14.75,271.25
comayagua,2019-04-06,15.7,14.25,272.25
ocotepeque,2019-04-06,23.171,14.25,270.75
copan,2019-04-06,16.905,14.75,271.25
comayagua,2019-04-07,15.998,14.25,272.25
ocotepeque,2019-04-07,24.599,14.25,270.75
copan,2019-04-07,16.792,14.75,271.25
comayagua,2019-04-08,18.194,14.25,272.25
ocotepeque,2019-04-08,24.51,14.25,270.75
copan,2019-04-08,18.127,14.75,271.25
comayagua,2019-04-09,21.544,14.25,272.25
ocotepeque,2019-04-09,24.611,14.25,270.75
copan,2019-04-09,18.949,14.75,271.25
comayagua,2019-04-10,18.888,14.25,272.25
ocotepeque,2019-04-10,23.574,14.25,270.75
copan,2019-04-10,16.502,14.75,271.25
comayagua,2019-04-11,17.968,14.25,272.25
ocotepeque,2019-04-11,23.034,14.25,270.75
copan,2019-04-11,15.871,14.75,271.25
comayagua,2019-04-12,16.155,14.25,272.25
ocotepeque,2019-04-12,23.336,14.25,270.75
copan,2019-04-12,17.692,14.75,271.25
comayagua,2019-04-13,16.561,14.25,272.25
ocotepeque,2019-04-13,17.508,14.25,270.75
copan,2019-04-13,15.838,14.75,271.25
comayagua,2019-04-14,18.045,14.25,272.25
ocotepeque,2019-04-14,26.613,14.25,270.75
copan,2019-04-14,20.037,14.75,271.25
comayagua,2019-04-15,20.492,14.25,272.25
ocotepeque,2019-04-15,25.197,14.25,270.75
copan,2019-04-15,18.712,14.75,271.25
comayagua,2019-04-16,20.3,14.25,272.25
ocotepeque,2019-04-16,25.356,14.25,270.75
copan,2019-04-16,18.374,14.75,271.25
comayagua,2019-04-17,18.687,14.25,272.25
ocotepeque,2019-04-17,23.771,14.25,270.75
copan,2019-04-17,16.373,14.75,271.25
comayagua,2019-04-18,17.134,14.25,272.25
ocotepeque,2019-04-18,22.985,14.25,270.75
copan,2019-04-18,16.734,14.75,271.25
comayagua,2019-04-19,18.284,14.25,272.25
ocotepeque,2019-04-19,24.318,14.25,270.75
copan,2019-04-19,17.961,14.75,271.25
comayagua,2019-04-20,16.448,14.25,272.25
ocotepeque,2019-04-20,22.144,14.25,270.75
copan,2019-04-20,14.477,14.75,271.25
comayagua,2019-04-21,16.265,14.25,272.25
ocotepeque,2019-04-21,21.622,14.25,270.75
copan,2019-04-21,11.192,14.75,271.25
comayagua,2019-04-22,16.88,14.25,272.25
ocotepeque,2019-04-22,22.633,14.25,270.75
copan,2019-04-22,15.038,14.75,271.25
comayagua,2019-04-23,18.138,14.25,272.25
ocotepeque,2019-04-23,23.01,14.25,270.75
copan,2019-04-23,15.434,14.75,271.25
comayagua,2019-04-24,18.527,14.25,272.25
ocotepeque,2019-04-24,24.137,14.25,270.75
copan,2019-04-24,17.146,14.75,271.25
comayagua,2019-04-25,21.551,14.25,272.25
ocotepeque,2019-04-25,23.629,14.25,270.75
copan,2019-04-25,17.033,14.75,271.25
comayagua,2019-04-26,20.898,14.25,272.25
ocotepeque,2019-04-26,25.468,14.25,270.75
copan,2019-04-26,24.602,14.75,271.25
comayagua,2019-04-27,15.704,14.25,272.25
ocotepeque,2019-04-27,24.252,14.25,270.75
copan,2019-04-27,16.214,14.75,271.25
comayagua,2019-04-28,13.614,14.25,272.25
ocotepeque,2019-04-28,23.026,14.25,270.75
copan,2019-04-28,13.868,14.75,271.25
comayagua,2019-04-29,19.573,14.25,272.25
ocotepeque,2019-04-29,24.993,14.25,270.75
copan,2019-04-29,17.865,14.75,271.25
comayagua,2019-04-30,20.823,14.25,272.25
ocotepeque,2019-04-30,22.025,14.25,270.75
copan,2019-04-30,18.322,14.75,271.25
comayagua,2019-05-01,19.971,14.25,272.25
ocotepeque,2019-05-01,22.912,14.25,270.75
copan,2019-05-01,17.83,14.75,271.25
comayagua,2019-05-02,17.716,14.25,272.25
ocotepeque,2019-05-02,20.736,14.25,270.75
copan,2019-05-02,16.237,14.75,271.25
comayagua,2019-05-03,17.659,14.25,272.25
ocotepeque,2019-05-03,23.812,14.25,270.75
copan,2019-05-03,17.335,14.75,271.25
comayagua,2019-05-04,18.464,14.25,272.25
ocotepeque,2019-05-04,21.581,14.25,270.75
copan,2019-05-04,18.136,14.75,271.25
comayagua,2019-05-05,19.579,14.25,272.25
ocotepeque,2019-05-05,23.791,14.25,270.75
copan,2019-05-05,18.768,14.75,271.25
comayagua,2019-05-06,20.568,14.25,272.25
ocotepeque,2019-05-06,22.77,14.25,270.75
copan,2019-05-06,18.725,14.75,271.25
comayagua,2019-05-07,19.908,14.25,272.25
ocotepeque,2019-05-07,24.357,14.25,270.75
copan,2019-05-07,19.487,14.75,271.25
comayagua,2019-05-08,18.379,14.25,272.25
ocotepeque,2019-05-08,23.676,14.25,270.75
copan,2019-05-08,19.051,14.75,271.25
comayagua,2019-05-09,19.684,14.25,272.25
ocotepeque,2019-05-09,25.347,14.25,270.75
copan,2019-05-09,18.955,14.75,271.25
comayagua,2019-05-10,20.963,14.25,272.25
ocotepeque,2019-05-10,24.805,14.25,270.75
copan,2019-05-10,18.931,14.75,271.25
comayagua,2019-05-11,18.721,14.25,272.25
ocotepeque,2019-05-11,22.94,14.25,270.75
copan,2019-05-11,18.368,14.75,271.25
comayagua,2019-05-12,17.026,14.25,272.25
ocotepeque,2019-05-12,23.776,14.25,270.75
copan,2019-05-12,16.753,14.75,271.25
comayagua,2019-05-13,19.092,14.25,272.25
ocotepeque,2019-05-13,24.943,14.25,270.75
copan,2019-05-13,18.02,14.75,271.25
comayagua,2019-05-14,20.405,14.25,272.25
ocotepeque,2019-05-14,23.964,14.25,270.75
copan,2019-05-14,19.718,14.75,271.25
comayagua,2019-05-15,19.973,14.25,272.25
ocotepeque,2019-05-15,23.26,14.25,270.75
copan,2019-05-15,20.207,14.75,271.25
comayagua,2019-05-16,19.802,14.25,272.25
ocotepeque,2019-05-16,23.158,14.25,270.75
copan,2019-05-16,19.116,14.75,271.25
comayagua,2019-05-17,18.521,14.25,272.25
ocotepeque,2019-05-17,22.978,14.25,270.75
copan,2019-05-17,19.246,14.75,271.25
comayagua,2019-05-18,18.35,14.25,272.25
ocotepeque,2019-05-18,20.828,14.25,270.75
copan,2019-05-18,17.719,14.75,271.25
comayagua,2019-05-19,17.854,14.25,272.25
ocotepeque,2019-05-19,23.153,14.25,270.75
copan,2019-05-19,17.79,14.75,271.25
comayagua,2019-05-20,18.579,14.25,272.25
ocotepeque,2019-05-20,21.885,14.25,270.75
copan,2019-05-20,18.603,14.75,271.25
comayagua,2019-05-21,17.698,14.25,272.25
ocotepeque,2019-05-21,23.737,14.25,270.75
copan,2019-05-21,17.268,14.75,271.25
comayagua,2019-05-22,18.794,14.25,272.25
ocotepeque,2019-05-22,22.721,14.25,270.75
copan,2019-05-22,17.414,14.75,271.25
comayagua,2019-05-23,19.668,14.25,272.25
ocotepeque,2019-05-23,24.466,14.25,270.75
copan,2019-05-23,18.44,14.75,271.25
comayagua,2019-05-24,19.719,14.25,272.25
ocotepeque,2019-05-24,21.989,14.25,270.75
copan,2019-05-24,18.517,14.75,271.25
comayagua,2019-05-25,19.86,14.25,272.25
ocotepeque,2019-05-25,23.567,14.25,270.75
copan,2019-05-25,18.557,14.75,271.25
comayagua,2019-05-26,18.307,14.25,272.25
ocotepeque,2019-05-26,23.761,14.25,270.75
copan,2019-05-26,17.474,14.75,271.25
comayagua,2019-05-27,19.348,14.25,272.25
ocotepeque,2019-05-27,23.64,14.25,270.75
copan,2019-05-27,17.932,14.75,271.25
comayagua,2019-05-28,19.724,14.25,272.25
ocotepeque,2019-05-28,21.715,14.25,270.75
copan,2019-05-28,18.921,14.75,271.25
comayagua,2019-05-29,19.108,14.25,272.25
ocotepeque,2019-05-29,21.852,14.25,270.75
copan,2019-05-29,17.701,14.75,271.25
comayagua,2019-05-30,19.878,14.25,272.25
ocotepeque,2019-05-30,22.168,14.25,270.75
copan,2019-05-30,19.171,14.75,271.25
comayagua,2019-05-31,19.906,14.25,272.25
ocotepeque,2019-05-31,23.042,14.25,270.75
copan,2019-05-31,19.54,14.75,271.25
comayagua,2019-06-01,19.411,14.25,272.25
ocotepeque,2019-06-01,23.4,14.25,270.75
copan,2019-06-01,19.247,14.75,271.25
comayagua,2019-06-02,20.487,14.25,272.25
ocotepeque,2019-06-02,24.635,14.25,270.75
copan,2019-06-02,19.208,14.75,271.25
comayagua,2019-06-03,18.621,14.25,272.25
ocotepeque,2019-06-03,19.62,14.25,270.75
copan,2019-06-03,18.152,14.75,271.25
comayagua,2019-06-04,18.596,14.25,272.25
ocotepeque,2019-06-04,23.827,14.25,270.75
copan,2019-06-04,18.711,14.75,271.25
comayagua,2019-06-05,19.886,14.25,272.25
ocotepeque,2019-06-05,26.724,14.25,270.75
copan,2019-06-05,20.148,14.75,271.25
comayagua,2019-06-06,18.376,14.25,272.25
ocotepeque,2019-06-06,25.794,14.25,270.75
copan,2019-06-06,17.798,14.75,271.25
comayagua,2019-06-07,19.513,14.25,272.25
ocotepeque,2019-06-07,24.41,14.25,270.75
copan,2019-06-07,19.587,14.75,271.25
comayagua,2019-06-08,19.75,14.25,272.25
ocotepeque,2019-06-08,25.809,14.25,270.75
copan,2019-06-08,19.818,14.75,271.25
comayagua,2019-06-09,18.626,14.25,272.25
ocotepeque,2019-06-09,24.007,14.25,270.75
copan,2019-06-09,19.396,14.75,271.25
comayagua,2019-06-10,17.683,14.25,272.25
ocotepeque,2019-06-10,22.869,14.25,270.75
copan,2019-06-10,17.384,14.75,271.25
comayagua,2019-06-11,19.419,14.25,272.25
ocotepeque,2019-06-11,23.497,14.25,270.75
copan,2019-06-11,17.586,14.75,271.25
comayagua,2019-06-12,17.352,14.25,272.25
ocotepeque,2019-06-12,22.922,14.25,270.75
copan,2019-06-12,17.814,14.75,271.25
comayagua,2019-06-13,17.952,14.25,272.25
ocotepeque,2019-06-13,21.92,14.25,270.75
copan,2019-06-13,18.259,14.75,271.25
comayagua,2019-06-14,18.83,14.25,272.25
ocotepeque,2019-06-14,25.328,14.25,270.75
copan,2019-06-14,19.204,14.75,271.25
comayagua,2019-06-15,19.89,14.25,272.25
ocotepeque,2019-06-15,26.585,14.25,270.75
copan,2019-06-15,19.543,14.75,271.25
comayagua,2019-06-16,22.199,14.25,272.25
ocotepeque,2019-06-16,24.914,14.25,270.75
copan,2019-06-16,19.176,14.75,271.25
comayagua,2019-06-17,18.376,14.25,272.25
ocotepeque,2019-06-17,23.153,14.25,270.75
copan,2019-06-17,18.613,14.75,271.25
comayagua,2019-06-18,19.101,14.25,272.25
ocotepeque,2019-06-18,24.972,14.25,270.75
copan,2019-06-18,18.298,14.75,271.25
comayagua,2019-06-19,20.442,14.25,272.25
ocotepeque,2019-06-19,26.106,14.25,270.75
copan,2019-06-19,19.658,14.75,271.25
comayagua,2019-06-20,20.09,14.25,272.25
ocotepeque,2019-06-20,24.122,14.25,270.75
copan,2019-06-20,19.983,14.75,271.25
comayagua,2019-06-21,20.032,14.25,272.25
ocotepeque,2019-06-21,25.321,14.25,270.75
copan,2019-06-21,18.365,14.75,271.25
comayagua,2019-06-22,19.862,14.25,272.25
ocotepeque,2019-06-22,23.811,14.25,270.75
copan,2019-06-22,18.167,14.75,271.25
comayagua,2019-06-23,19.294,14.25,272.25
ocotepeque,2019-06-23,24.22,14.25,270.75
copan,2019-06-23,17.044,14.75,271.25
comayagua,2019-06-24,16.209,14.25,272.25
ocotepeque,2019-06-24,23.283,14.25,270.75
copan,2019-06-24,15.718,14.75,271.25
comayagua,2019-06-25,16.769,14.25,272.25
ocotepeque,2019-06-25,24.015,14.25,270.75
copan,2019-06-25,17.243,14.75,271.25
comayagua,2019-06-26,18.15,14.25,272.25
ocotepeque,2019-06-26,20.914,14.25,270.75
copan,2019-06-26,16.662,14.75,271.25
comayagua,2019-06-27,19.592,14.25,272.25
ocotepeque,2019-06-27,23.33,14.25,270.75
copan,2019-06-27,17.501,14.75,271.25
comayagua,2019-06-28,19.861,14.25,272.25
ocotepeque,2019-06-28,24.242,14.25,270.75
copan,2019-06-28,18.274,14.75,271.25
comayagua,2019-06-29,19.266,14.25,272.25
ocotepeque,2019-06-29,23.612,14.25,270.75
copan,2019-06-29,17.998,14.75,271.25
comayagua,2019-06-30,19.858,14.25,272.25
ocotepeque,2019-06-30,24.721,14.25,270.75
copan,2019-06-30,18.324,14.75,271.25
comayagua,2019-07-01,19.266,14.25,272.25
ocotepeque,2019-07-01,22.46,14.25,270.75
copan,2019-07-01,18.738,14.75,271.25
comayagua,2019-07-02,19.317,14.25,272.25
ocotepeque,2019-07-02,23.832,14.25,270.75
copan,2019-07-02,18.185,14.75,271.25
comayagua,2019-07-03,18.459,14.25,272.25
ocotepeque,2019-07-03,24.345,14.25,270.75
copan,2019-07-03,17.727,14.75,271.25
comayagua,2019-07-04,17.728,14.25,272.25
ocotepeque,2019-07-04,24.06,14.25,270.75
copan,2019-07-04,17.32,14.75,271.25
comayagua,2019-07-05,17.112,14.25,272.25
ocotepeque,2019-07-05,23.52,14.25,270.75
copan,2019-07-05,16.795,14.75,271.25
comayagua,2019-07-06,19.361,14.25,272.25
ocotepeque,2019-07-06,23.456,14.25,270.75
copan,2019-07-06,18.223,14.75,271.25
comayagua,2019-07-07,19.056,14.25,272.25
ocotepeque,2019-07-07,24.623,14.25,270.75
copan,2019-07-07,18.707,14.75,271.25
comayagua,2019-07-08,19.623,14.25,272.25
ocotepeque,2019-07-08,22.263,14.25,270.75
copan,2019-07-08,18.11,14.75,271.25
comayagua,2019-07-09,19.596,14.25,272.25
ocotepeque,2019-07-09,22.06,14.25,270.75
copan,2019-07-09,19.059,14.75,271.25
comayagua,2019-07-10,16.035,14.25,272.25
ocotepeque,2019-07-10,23.348,14.25,270.75
copan,2019-07-10,17.207,14.75,271.25
comayagua,2019-07-11,17.738,14.25,272.25
ocotepeque,2019-07-11,24.07,14.25,270.75
copan,2019-07-11,16.898,14.75,271.25
comayagua,2019-07-12,16.631,14.25,272.25
ocotepeque,2019-07-12,21.688,14.25,270.75
copan,2019-07-12,16.381,14.75,271.25
comayagua,2019-07-13,16.966,14.25,272.25
ocotepeque,2019-07-13,22.19,14.25,270.75
copan,2019-07-13,16.642,14.75,271.25
comayagua,2019-07-14,17.299,14.25,272.25
ocotepeque,2019-07-14,23.405,14.25,270.75
copan,2019-07-14,17.5,14.75,271.25
comayagua,2019-07-15,18.483,14.25,272.25
ocotepeque,2019-07-15,24.433,14.25,270.75
copan,2019-07-15,18.811,14.75,271.25
comayagua,2019-07-16,18.392,14.25,272.25
ocotepeque,2019-07-16,20.649,14.25,270.75
copan,2019-07-16,17.033,14.75,271.25
comayagua,2019-07-17,18.766,14.25,272.25
ocotepeque,2019-07-17,24.279,14.25,270.75
copan,2019-07-17,18.666,14.75,271.25
comayagua,2019-07-18,19.509,14.25,272.25
ocotepeque,2019-07-18,22.544,14.25,270.75
copan,2019-07-18,17.912,14.75,271.25
comayagua,2019-07-19,18.874,14.25,272.25
ocotepeque,2019-07-19,24.046,14.25,270.75
copan,2019-07-19,17.489,14.75,271.25
comayagua,2019-07-20,19.874,14.25,272.25
ocotepeque,2019-07-20,20.62,14.25,270.75
copan,2019-07-20,17.53,14.75,271.25
comayagua,2019-07-21,19.97,14.25,272.25
ocotepeque,2019-07-21,24.394,14.25,270.75
copan,2019-07-21,18.485,14.75,271.25
comayagua,2019-07-22,17.722,14.25,272.25
ocotepeque,2019-07-22,23.623,14.25,270.75
copan,2019-07-22,18.114,14.75,271.25
comayagua,2019-07-23,16.724,14.25,272.25
ocotepeque,2019-07-23,23.785,14.25,270.75
copan,2019-07-23,17.34,14.75,271.25
comayagua,2019-07-24,18.601,14.25,272.25
ocotepeque,2019-07-24,21.685,14.25,270.75
copan,2019-07-24,18.289,14.75,271.25
comayagua,2019-07-25,19.077,14.25,272.25
ocotepeque,2019-07-25,23.875,14.25,270.75
copan,2019-07-25,19.068,14.75,271.25
comayagua,2019-07-26,17.383,14.25,272.25
ocotepeque,2019-07-26,21.017,14.25,270.75
copan,2019-07-26,17.115,14.75,271.25
comayagua,2019-07-27,18.965,14.25,272.25
ocotepeque,2019-07-27,23.822,14.25,270.75
copan,2019-07-27,17.684,14.75,271.25
comayagua,2019-07-28,20.318,14.25,272.25
ocotepeque,2019-07-28,26.001,14.25,270.75
copan,2019-07-28,20.564,14.75,271.25
comayagua,2019-07-29,17.951,14.25,272.25
ocotepeque,2019-07-29,22.203,14.25,270.75
copan,2019-07-29,16.351,14.75,271.25
comayagua,2019-07-30,20.144,14.25,272.25
ocotepeque,2019-07-30,25.756,14.25,270.75
copan,2019-07-30,19.748,14.75,271.25
comayagua,2019-07-31,19.25,14.25,272.25
ocotepeque,2019-07-31,25.582,14.25,270.75
copan,2019-07-31,17.475,14.75,271.25
comayagua,2019-08-01,19.112,14.25,272.25
ocotepeque,2019-08-01,25.994,14.25,270.75
copan,2019-08-01,19.461,14.75,271.25
comayagua,2019-08-02,19.592,14.25,272.25
ocotepeque,2019-08-02,23.743,14.25,270.75
copan,2019-08-02,16.765,14.75,271.25
comayagua,2019-08-03,19.488,14.25,272.25
ocotepeque,2019-08-03,23.705,14.25,270.75
copan,2019-08-03,19.355,14.75,271.25
comayagua,2019-08-04,18.755,14.25,272.25
ocotepeque,2019-08-04,25.003,14.25,270.75
copan,2019-08-04,19.132,14.75,271.25
comayagua,2019-08-05,18.087,14.25,272.25
ocotepeque,2019-08-05,28.021,14.25,270.75
copan,2019-08-05,19.351,14.75,271.25
comayagua,2019-08-06,16.837,14.25,272.25
ocotepeque,2019-08-06,22.706,14.25,270.75
copan,2019-08-06,16.578,14.75,271.25
comayagua,2019-08-07,19.972,14.25,272.25
ocotepeque,2019-08-07,27.002,14.25,270.75
copan,2019-08-07,20.293,14.75,271.25
comayagua,2019-08-08,18.478,14.25,272.25
ocotepeque,2019-08-08,23.715,14.25,270.75
copan,2019-08-08,19.156,14.75,271.25
comayagua,2019-08-09,23.028,14.25,272.25
ocotepeque,2019-08-09,23.307,14.25,270.75
copan,2019-08-09,19.014,14.75,271.25
comayagua,2019-08-10,19.057,14.25,272.25
ocotepeque,2019-08-10,24.487,14.25,270.75
copan,2019-08-10,18.431,14.75,271.25
comayagua,2019-08-11,20.67,14.25,272.25
ocotepeque,2019-08-11,25.862,14.25,270.75
copan,2019-08-11,18.692,14.75,271.25
comayagua,2019-08-12,20.192,14.25,272.25
ocotepeque,2019-08-12,25.042,14.25,270.75
copan,2019-08-12,18.749,14.75,271.25
comayagua,2019-08-13,20.424,14.25,272.25
ocotepeque,2019-08-13,25.101,14.25,270.75
copan,2019-08-13,18.633,14.75,271.25
comayagua,2019-08-14,18.777,14.25,272.25
ocotepeque,2019-08-14,24.755,14.25,270.75
copan,2019-08-14,18.367,14.75,271.25
comayagua,2019-08-15,19.144,14.25,272.25
ocotepeque,2019-08-15,22.042,14.25,270.75
copan,2019-08-15,18.393,14.75,271.25
comayagua,2019-08-16,17.757,14.25,272.25
ocotepeque,2019-08-16,21.817,14.25,270.75
copan,2019-08-16,18.963,14.75,271.25
comayagua,2019-08-17,17.885,14.25,272.25
ocotepeque,2019-08-17,20.94,14.25,270.75
copan,2019-08-17,17.371,14.75,271.25
comayagua,2019-08-18,17.41,14.25,272.25
ocotepeque,2019-08-18,22.385,14.25,270.75
copan,2019-08-18,17.23,14.75,271.25
comayagua,2019-08-19,17.511,14.25,272.25
ocotepeque,2019-08-19,21.537,14.25,270.75
copan,2019-08-19,16.679,14.75,271.25
comayagua,2019-08-20,17.543,14.25,272.25
ocotepeque,2019-08-20,23.424,14.25,270.75
copan,2019-08-20,17.702,14.75,271.25
comayagua,2019-08-21,18.138,14.25,272.25
ocotepeque,2019-08-21,23.819,14.25,270.75
copan,2019-08-21,18.314,14.75,271.25
comayagua,2019-08-22,18.358,14.25,272.25
ocotepeque,2019-08-22,22.269,14.25,270.75
copan,2019-08-22,18.304,14.75,271.25
comayagua,2019-08-23,17.168,14.25,272.25
ocotepeque,2019-08-23,25.796,14.25,270.75
copan,2019-08-23,18.221,14.75,271.25
comayagua,2019-08-24,17.947,14.25,272.25
ocotepeque,2019-08-24,24.005,14.25,270.75
copan,2019-08-24,17.083,14.75,271.25
comayagua,2019-08-25,17.281,14.25,272.25
ocotepeque,2019-08-25,22.931,14.25,270.75
copan,2019-08-25,17.282,14.75,271.25
comayagua,2019-08-26,17.364,14.25,272.25
ocotepeque,2019-08-26,23.78,14.25,270.75
copan,2019-08-26,16.68,14.75,271.25
comayagua,2019-08-27,18.342,14.25,272.25
ocotepeque,2019-08-27,24.106,14.25,270.75
copan,2019-08-27,17.915,14.75,271.25
comayagua,2019-08-28,18.993,14.25,272.25
ocotepeque,2019-08-28,24.99,14.25,270.75
copan,2019-08-28,18.17,14.75,271.25
comayagua,2019-08-29,18.608,14.25,272.25
ocotepeque,2019-08-29,26.017,14.25,270.75
copan,2019-08-29,19.17,14.75,271.25
comayagua,2019-08-30,18.239,14.25,272.25
ocotepeque,2019-08-30,23.652,14.25,270.75
copan,2019-08-30,16.449,14.75,271.25
comayagua,2019-08-31,17.9,14.25,272.25
ocotepeque,2019-08-31,24.128,14.25,270.75
copan,2019-08-31,16.559,14.75,271.25
comayagua,2019-09-01,19.024,14.25,272.25
ocotepeque,2019-09-01,22.618,14.25,270.75
copan,2019-09-01,18.674,14.75,271.25
comayagua,2019-09-02,18.747,14.25,272.25
ocotepeque,2019-09-02,21.542,14.25,270.75
copan,2019-09-02,17.722,14.75,271.25
comayagua,2019-09-03,15.315,14.25,272.25
ocotepeque,2019-09-03,21.804,14.25,270.75
copan,2019-09-03,15.556,14.75,271.25
comayagua,2019-09-04,17.117,14.25,272.25
ocotepeque,2019-09-04,23.417,14.25,270.75
copan,2019-09-04,16.667,14.75,271.25
comayagua,2019-09-05,18.286,14.25,272.25
ocotepeque,2019-09-05,22.574,14.25,270.75
copan,2019-09-05,18.189,14.75,271.25
comayagua,2019-09-06,18.735,14.25,272.25
ocotepeque,2019-09-06,22.342,14.25,270.75
copan,2019-09-06,17.47,14.75,271.25
comayagua,2019-09-07,19.32,14.25,272.25
ocotepeque,2019-09-07,25.637,14.25,270.75
copan,2019-09-07,18.747,14.75,271.25
comayagua,2019-09-08,19.605,14.25,272.25
ocotepeque,2019-09-08,24.775,14.25,270.75
copan,2019-09-08,19.403,14.75,271.25
comayagua,2019-09-09,18.853,14.25,272.25
ocotepeque,2019-09-09,25.39,14.25,270.75
copan,2019-09-09,18.321,14.75,271.25
comayagua,2019-09-10,16.811,14.25,272.25
ocotepeque,2019-09-10,22.126,14.25,270.75
copan,2019-09-10,18.968,14.75,271.25
comayagua,2019-09-11,18.621,14.25,272.25
ocotepeque,2019-09-11,22.696,14.25,270.75
copan,2019-09-11,18.154,14.75,271.25
comayagua,2019-09-12,19.567,14.25,272.25
ocotepeque,2019-09-12,24.189,14.25,270.75
copan,2019-09-12,18.943,14.75,271.25
comayagua,2019-09-13,19.05,14.25,272.25
ocotepeque,2019-09-13,24.444,14.25,270.75
copan,2019-09-13,17.982,14.75,271.25
comayagua,2019-09-14,17.843,14.25,272.25
ocotepeque,2019-09-14,22.772,14.25,270.75
copan,2019-09-14,18.75,14.75,271.25
comayagua,2019-09-15,20.582,14.25,272.25
ocotepeque,2019-09-15,25.089,14.25,270.75
copan,2019-09-15,19.682,14.75,271.25
comayagua,2019-09-16,19.088,14.25,272.25
ocotepeque,2019-09-16,21.884,14.25,270.75
copan,2019-09-16,18.126,14.75,271.25
comayagua,2019-09-17,19.387,14.25,272.25
ocotepeque,2019-09-17,22.131,14.25,270.75
copan,2019-09-17,18.795,14.75,271.25
comayagua,2019-09-18,17.967,14.25,272.25
ocotepeque,2019-09-18,24.397,14.25,270.75
copan,2019-09-18,17.305,14.75,271.25
comayagua,2019-09-19,17.973,14.25,272.25
ocotepeque,2019-09-19,23.719,14.25,270.75
copan,2019-09-19,16.388,14.75,271.25
comayagua,2019-09-20,17.422,14.25,272.25
ocotepeque,2019-09-20,23.162,14.25,270.75
copan,2019-09-20,17.344,14.75,271.25
comayagua,2019-09-21,16.274,14.25,272.25
ocotepeque,2019-09-21,21.595,14.25,270.75
copan,2019-09-21,16.516,14.75,271.25
comayagua,2019-09-22,18.201,14.25,272.25
ocotepeque,2019-09-22,21.046,14.25,270.75
copan,2019-09-22,18.285,14.75,271.25
comayagua,2019-09-23,18.409,14.25,272.25
ocotepeque,2019-09-23,22.684,14.25,270.75
copan,2019-09-23,17.673,14.75,271.25
comayagua,2019-09-24,18.985,14.25,272.25
ocotepeque,2019-09-24,23.555,14.25,270.75
copan,2019-09-24,18.436,14.75,271.25
comayagua,2019-09-25,18.806,14.25,272.25
ocotepeque,2019-09-25,22.721,14.25,270.75
copan,2019-09-25,17.88,14.75,271.25
comayagua,2019-09-26,19.123,14.25,272.25
ocotepeque,2019-09-26,21.715,14.25,270.75
copan,2019-09-26,18.184,14.75,271.25
comayagua,2019-09-27,18.202,14.25,272.25
ocotepeque,2019-09-27,21.712,14.25,270.75
copan,2019-09-27,18.109,14.75,271.25
comayagua,2019-09-28,18.957,14.25,272.25
ocotepeque,2019-09-28,21.723,14.25,270.75
copan,2019-09-28,18.215,14.75,271.25
comayagua,2019-09-29,17.864,14.25,272.25
ocotepeque,2019-09-29,21.895,14.25,270.75
copan,2019-09-29,18.439,14.75,271.25
comayagua,2019-09-30,18.43,14.25,272.25
ocotepeque,2019-09-30,23.442,14.25,270.75
copan,2019-09-30,16.571,14.75,271.25
comayagua,2019-10-01,18.568,14.25,272.25
ocotepeque,2019-10-01,21.171,14.25,270.75
copan,2019-10-01,17.868,14.75,271.25
comayagua,2019-10-02,17.115,14.25,272.25
ocotepeque,2019-10-02,24.056,14.25,270.75
copan,2019-10-02,16.888,14.75,271.25
comayagua,2019-10-03,17.638,14.25,272.25
ocotepeque,2019-10-03,21.723,14.25,270.75
copan,2019-10-03,17.226,14.75,271.25
comayagua,2019-10-04,18.248,14.25,272.25
ocotepeque,2019-10-04,21.938,14.25,270.75
copan,2019-10-04,17.465,14.75,271.25
comayagua,2019-10-05,18.067,14.25,272.25
ocotepeque,2019-10-05,21.903,14.25,270.75
copan,2019-10-05,17.98,14.75,271.25
comayagua,2019-10-06,17.953,14.25,272.25
ocotepeque,2019-10-06,21.898,14.25,270.75
copan,2019-10-06,17.708,14.75,271.25
comayagua,2019-10-07,18.257,14.25,272.25
ocotepeque,2019-10-07,21.692,14.25,270.75
copan,2019-10-07,17.788,14.75,271.25
comayagua,2019-10-08,17.768,14.25,272.25
ocotepeque,2019-10-08,22.144,14.25,270.75
copan,2019-10-08,17.375,14.75,271.25
comayagua,2019-10-09,17.893,14.25,272.25
ocotepeque,2019-10-09,24.622,14.25,270.75
copan,2019-10-09,17.9,14.75,271.25
comayagua,2019-10-10,17.322,14.25,272.25
ocotepeque,2019-10-10,21.751,14.25,270.75
copan,2019-10-10,15.951,14.75,271.25
comayagua,2019-10-11,17.437,14.25,272.25
ocotepeque,2019-10-11,20.223,14.25,270.75
copan,2019-10-11,16.586,14.75,271.25
comayagua,2019-10-12,19.068,14.25,272.25
ocotepeque,2019-10-12,23.406,14.25,270.75
copan,2019-10-12,17.831,14.75,271.25
comayagua,2019-10-13,18.817,14.25,272.25
ocotepeque,2019-10-13,23.923,14.25,270.75
copan,2019-10-13,18.195,14.75,271.25
comayagua,2019-10-14,19.35,14.25,272.25
ocotepeque,2019-10-14,22.179,14.25,270.75
copan,2019-10-14,18.416,14.75,271.25
comayagua,2019-10-15,17.889,14.25,272.25
ocotepeque,2019-10-15,20.989,14.25,270.75
copan,2019-10-15,17.291,14.75,271.25
comayagua,2019-10-16,18.946,14.25,272.25
ocotepeque,2019-10-16,21.247,14.25,270.75
copan,2019-10-16,16.925,14.75,271.25
comayagua,2019-10-17,16.454,14.25,272.25
ocotepeque,2019-10-17,25.181,14.25,270.75
copan,2019-10-17,16.99,14.75,271.25
comayagua,2019-10-18,16.972,14.25,272.25
ocotepeque,2019-10-18,23.837,14.25,270.75
copan,2019-10-18,17.03,14.75,271.25
comayagua,2019-10-19,18.601,14.25,272.25
ocotepeque,2019-10-19,22.035,14.25,270.75
copan,2019-10-19,17.651,14.75,271.25
comayagua,2019-10-20,18.349,14.25,272.25
ocotepeque,2019-10-20,22.696,14.25,270.75
copan,2019-10-20,17.46,14.75,271.25
comayagua,2019-10-21,17.063,14.25,272.25
ocotepeque,2019-10-21,25.987,14.25,270.75
copan,2019-10-21,18.673,14.75,271.25
comayagua,2019-10-22,17.805,14.25,272.25
ocotepeque,2019-10-22,22.0,14.25,270.75
copan,2019-10-22,16.183,14.75,271.25
comayagua,2019-10-23,18.797,14.25,272.25
ocotepeque,2019-10-23,22.264,14.25,270.75
copan,2019-10-23,18.408,14.75,271.25
comayagua,2019-10-24,17.731,14.25,272.25
ocotepeque,2019-10-24,22.886,14.25,270.75
copan,2019-10-24,18.24,14.75,271.25
comayagua,2019-10-25,17.704,14.25,272.25
ocotepeque,2019-10-25,23.653,14.25,270.75
copan,2019-10-25,18.141,14.75,271.25
comayagua,2019-10-26,19.612,14.25,272.25
ocotepeque,2019-10-26,23.911,14.25,270.75
copan,2019-10-26,22.398,14.75,271.25
comayagua,2019-10-27,18.558,14.25,272.25
ocotepeque,2019-10-27,23.291,14.25,270.75
copan,2019-10-27,18.636,14.75,271.25
comayagua,2019-10-28,19.236,14.25,272.25
ocotepeque,2019-10-28,21.124,14.25,270.75
copan,2019-10-28,18.009,14.75,271.25
comayagua,2019-10-29,17.318,14.25,272.25
ocotepeque,2019-10-29,26.043,14.25,270.75
copan,2019-10-29,17.502,14.75,271.25
comayagua,2019-10-30,16.654,14.25,272.25
ocotepeque,2019-10-30,24.663,14.25,270.75
copan,2019-10-30,17.622,14.75,271.25
comayagua,2019-10-31,16.563,14.25,272.25
ocotepeque,2019-10-31,23.666,14.25,270.75
copan,2019-10-31,16.447,14.75,271.25
comayagua,2019-11-01,18.209,14.25,272.25
ocotepeque,2019-11-01,22.862,14.25,270.75
copan,2019-11-01,17.663,14.75,271.25
comayagua,2019-11-02,19.19,14.25,272.25
ocotepeque,2019-11-02,24.929,14.25,270.75
copan,2019-11-02,18.419,14.75,271.25
comayagua,2019-11-03,18.682,14.25,272.25
ocotepeque,2019-11-03,22.864,14.25,270.75
copan,2019-11-03,17.614,14.75,271.25
comayagua,2019-11-04,18.784,14.25,272.25
ocotepeque,2019-11-04,20.584,14.25,270.75
copan,2019-11-04,17.128,14.75,271.25
comayagua,2019-11-05,18.195,14.25,272.25
ocotepeque,2019-11-05,23.561,14.25,270.75
copan,2019-11-05,17.186,14.75,271.25
comayagua,2019-11-06,18.005,14.25,272.25
ocotepeque,2019-11-06,16.281,14.25,270.75
copan,2019-11-06,15.613,14.75,271.25
comayagua,2019-11-07,18.909,14.25,272.25
ocotepeque,2019-11-07,19.999,14.25,270.75
copan,2019-11-07,17.923,14.75,271.25
comayagua,2019-11-08,19.523,14.25,272.25
ocotepeque,2019-11-08,25.071,14.25,270.75
copan,2019-11-08,18.769,14.75,271.25
comayagua,2019-11-09,18.948,14.25,272.25
ocotepeque,2019-11-09,23.645,14.25,270.75
copan,2019-11-09,17.78,14.75,271.25
comayagua,2019-11-10,18.432,14.25,272.25
ocotepeque,2019-11-10,24.883,14.25,270.75
copan,2019-11-10,17.675,14.75,271.25
comayagua,2019-11-11,18.309,14.25,272.25
ocotepeque,2019-11-11,22.942,14.25,270.75
copan,2019-11-11,17.988,14.75,271.25
comayagua,2019-11-12,14.652,14.25,272.25
ocotepeque,2019-11-12,24.443,14.25,270.75
copan,2019-11-12,15.941,14.75,271.25
comayagua,2019-11-13,17.685,14.25,272.25
ocotepeque,2019-11-13,23.372,14.25,270.75
copan,2019-11-13,17.43,14.75,271.25
comayagua,2019-11-14,15.042,14.25,272.25
ocotepeque,2019-11-14,23.227,14.25,270.75
copan,2019-11-14,15.574,14.75,271.25
comayagua,2019-11-15,18.064,14.25,272.25
ocotepeque,2019-11-15,22.324,14.25,270.75
copan,2019-11-15,18.368,14.75,271.25
comayagua,2019-11-16,17.04,14.25,272.25
ocotepeque,2019-11-16,24.948,14.25,270.75
copan,2019-11-16,18.76,14.75,271.25
comayagua,2019-11-17,17.343,14.25,272.25
ocotepeque,2019-11-17,22.518,14.25,270.75
copan,2019-11-17,16.38,14.75,271.25
comayagua,2019-11-18,15.192,14.25,272.25
ocotepeque,2019-11-18,20.772,14.25,270.75
copan,2019-11-18,14.354,14.75,271.25
comayagua,2019-11-19,15.461,14.25,272.25
ocotepeque,2019-11-19,20.524,14.25,270.75
copan,2019-11-19,13.646,14.75,271.25
comayagua,2019-11-20,15.76,14.25,272.25
ocotepeque,2019-11-20,20.571,14.25,270.75
copan,2019-11-20,13.036,14.75,271.25
comayagua,2019-11-21,16.906,14.25,272.25
ocotepeque,2019-11-21,22.641,14.25,270.75
copan,2019-11-21,16.8,14.75,271.25
comayagua,2019-11-22,14.898,14.25,272.25
ocotepeque,2019-11-22,21.895,14.25,270.75
copan,2019-11-22,17.368,14.75,271.25
comayagua,2019-11-23,17.222,14.25,272.25
ocotepeque,2019-11-23,22.765,14.25,270.75
copan,2019-11-23,17.192,14.75,271.25
comayagua,2019-11-24,17.737,14.25,272.25
ocotepeque,2019-11-24,22.829,14.25,270.75
copan,2019-11-24,17.496,14.75,271.25
comayagua,2019-11-25,17.609,14.25,272.25
ocotepeque,2019-11-25,23.249,14.25,270.75
copan,2019-11-25,16.176,14.75,271.25
comayagua,2019-11-26,17.737,14.25,272.25
ocotepeque,2019-11-26,22.58,14.25,270.75
copan,2019-11-26,15.609,14.75,271.25
comayagua,2019-11-27,18.168,14.25,272.25
ocotepeque,2019-11-27,23.998,14.25,270.75
copan,2019-11-27,18.172,14.75,271.25
comayagua,2019-11-28,20.077,14.25,272.25
ocotepeque,2019-11-28,24.075,14.25,270.75
copan,2019-11-28,18.364,14.75,271.25
comayagua,2019-11-29,18.729,14.25,272.25
ocotepeque,2019-11-29,23.826,14.25,270.75
copan,2019-11-29,18.53,14.75,271.25
comayagua,2019-11-30,15.639,14.25,272.25
ocotepeque,2019-11-30,21.653,14.25,270.75
copan,2019-11-30,13.875,14.75,271.25
comayagua,2019-12-01,14.381,14.25,272.25
ocotepeque,2019-12-01,21.27,14.25,270.75
copan,2019-12-01,14.509,14.75,271.25
comayagua,2019-12-02,17.007,14.25,272.25
ocotepeque,2019-12-02,21.659,14.25,270.75
copan,2019-12-02,16.923,14.75,271.25
comayagua,2019-12-03,16.836,14.25,272.25
ocotepeque,2019-12-03,21.094,14.25,270.75
copan,2019-12-03,14.51,14.75,271.25
comayagua,2019-12-04,14.464,14.25,272.25
ocotepeque,2019-12-04,21.62,14.25,270.75
copan,2019-12-04,14.313,14.75,271.25
comayagua,2019-12-05,15.997,14.25,272.25
ocotepeque,2019-12-05,22.002,14.25,270.75
copan,2019-12-05,16.095,14.75,271.25
comayagua,2019-12-06,16.254,14.25,272.25
ocotepeque,2019-12-06,21.452,14.25,270.75
copan,2019-12-06,14.508,14.75,271.25
comayagua,2019-12-07,15.358,14.25,272.25
ocotepeque,2019-12-07,23.163,14.25,270.75
copan,2019-12-07,16.43,14.75,271.25
comayagua,2019-12-08,16.637,14.25,272.25
ocotepeque,2019-12-08,22.799,14.25,270.75
copan,2019-12-08,16.809,14.75,271.25
comayagua,2019-12-09,15.593,14.25,272.25
ocotepeque,2019-12-09,21.513,14.25,270.75
copan,2019-12-09,14.264,14.75,271.25
comayagua,2019-12-10,18.64,14.25,272.25
ocotepeque,2019-12-10,22.688,14.25,270.75
copan,2019-12-10,16.158,14.75,271.25
comayagua,2019-12-11,17.963,14.25,272.25
ocotepeque,2019-12-11,23.087,14.25,270.75
copan,2019-12-11,17.325,14.75,271.25
comayagua,2019-12-12,19.224,14.25,272.25
ocotepeque,2019-12-12,23.169,14.25,270.75
copan,2019-12-12,17.676,14.75,271.25
comayagua,2019-12-13,22.552,14.25,272.25
ocotepeque,2019-12-13,24.115,14.25,270.75
copan,2019-12-13,22.801,14.75,271.25
comayagua,2019-12-14,15.968,14.25,272.25
ocotepeque,2019-12-14,22.434,14.25,270.75
copan,2019-12-14,15.207,14.75,271.25
comayagua,2019-12-15,13.393,14.25,272.25
ocotepeque,2019-12-15,21.79,14.25,270.75
copan,2019-12-15,15.846,14.75,271.25
comayagua,2019-12-16,15.773,14.25,272.25
ocotepeque,2019-12-16,23.985,14.25,270.75
copan,2019-12-16,14.155,14.75,271.25
comayagua,2019-12-17,16.932,14.25,272.25
ocotepeque,2019-12-17,24.543,14.25,270.75
copan,2019-12-17,17.573,14.75,271.25
comayagua,2019-12-18,19.203,14.25,272.25
ocotepeque,2019-12-18,22.954,14.25,270.75
copan,2019-12-18,18.385,14.75,271.25
comayagua,2019-12-19,16.284,14.25,272.25
ocotepeque,2019-12-19,20.302,14.25,270.75
copan,2019-12-19,13.511,14.75,271.25
comayagua,2019-12-20,15.389,14.25,272.25
ocotepeque,2019-12-20,16.748,14.25,270.75
copan,2019-12-20,12.868,14.75,271.25
comayagua,2019-12-21,15.571,14.25,272.25
ocotepeque,2019-12-21,20.55,14.25,270.75
copan,2019-12-21,14.257,14.75,271.25
comayagua,2019-12-22,16.569,14.25,272.25
ocotepeque,2019-12-22,22.576,14.25,270.75
copan,2019-12-22,15.784,14.75,271.25
comayagua,2019-12-23,18.796,14.25,272.25
ocotepeque,2019-12-23,22.411,14.25,270.75
copan,2019-12-23,16.515,14.75,271.25
comayagua,2019-12-24,16.985,14.25,272.25
ocotepeque,2019-12-24,21.086,14.25,270.75
copan,2019-12-24,14.684,14.75,271.25
comayagua,2019-12-25,14.533,14.25,272.25
ocotepeque,2019-12-25,20.711,14.25,270.75
copan,2019-12-25,14.254,14.75,271.25
comayagua,2019-12-26,12.974,14.25,272.25
ocotepeque,2019-12-26,19.977,14.25,270.75
copan,2019-12-26,12.443,14.75,271.25
comayagua,2019-12-27,13.06,14.25,272.25
ocotepeque,2019-12-27,19.935,14.25,270.75
copan,2019-12-27,11.372,14.75,271.25
comayagua,2019-12-28,9.274,14.25,272.25
ocotepeque,2019-12-28,20.045,14.25,270.75
copan,2019-12-28,12.94,14.75,271.25
comayagua,2019-12-29,11.185,14.25,272.25
ocotepeque,2019-12-29,16.674,14.25,270.75
copan,2019-12-29,12.861,14.75,271.25
comayagua,2019-12-30,14.157,14.25,272.25
ocotepeque,2019-12-30,22.181,14.25,270.75
copan,2019-12-30,15.198,14.75,271.25
comayagua,2019-12-31,16.895,14.25,272.25
ocotepeque,2019-12-31,22.813,14.25,270.75
copan,2019-12-31,15.897,14.75,271.25
comayagua,2020-01-01,16.72,14.25,272.25
ocotepeque,2020-01-01,21.353,14.25,270.75
copan,2020-01-01,14.464,14.75,271.25
comayagua,2020-01-02,13.645,14.25,272.25
ocotepeque,2020-01-02,21.219,14.25,270.75
copan,2020-01-02,13.871,14.75,271.25
comayagua,2020-01-03,8.896,14.25,272.25
ocotepeque,2020-01-03,21.408,14.25,270.75
copan,2020-01-03,14.332,14.75,271.25
comayagua,2020-01-04,14.02,14.25,272.25
ocotepeque,2020-01-04,21.611,14.25,270.75
copan,2020-01-04,16.157,14.75,271.25
comayagua,2020-01-05,15.13,14.25,272.25
ocotepeque,2020-01-05,21.017,14.25,270.75
copan,2020-01-05,14.33,14.75,271.25
comayagua,2020-01-06,15.257,14.25,272.25
ocotepeque,2020-01-06,19.801,14.25,270.75
copan,2020-01-06,13.431,14.75,271.25
comayagua,2020-01-07,16.165,14.25,272.25
ocotepeque,2020-01-07,20.893,14.25,270.75
copan,2020-01-07,14.632,14.75,271.25
comayagua,2020-01-08,16.364,14.25,272.25
ocotepeque,2020-01-08,21.233,14.25,270.75
copan,2020-01-08,14.476,14.75,271.25
comayagua,2020-01-09,16.406,14.25,272.25
ocotepeque,2020-01-09,20.641,14.25,270.75
copan,2020-01-09,14.2,14.75,271.25
comayagua,2020-01-10,17.159,14.25,272.25
ocotepeque,2020-01-10,22.707,14.25,270.75
copan,2020-01-10,15.57,14.75,271.25
comayagua,2020-01-11,17.39,14.25,272.25
ocotepeque,2020-01-11,22.896,14.25,270.75
copan,2020-01-11,16.511,14.75,271.25
comayagua,2020-01-12,17.548,14.25,272.25
ocotepeque,2020-01-12,23.459,14.25,270.75
copan,2020-01-12,16.293,14.75,271.25
comayagua,2020-01-13,18.545,14.25,272.25
ocotepeque,2020-01-13,22.996,14.25,270.75
copan,2020-01-13,16.356,14.75,271.25
comayagua,2020-01-14,18.504,14.25,272.25
ocotepeque,2020-01-14,22.915,14.25,270.75
copan,2020-01-14,16.717,14.75,271.25
comayagua,2020-01-15,17.575,14.25,272.25
ocotepeque,2020-01-15,22.625,14.25,270.75
copan,2020-01-15,16.203,14.75,271.25
comayagua,2020-01-16,17.76,14.25,272.25
ocotepeque,2020-01-16,21.939,14.25,270.75
copan,2020-01-16,15.191,14.75,271.25
comayagua,2020-01-17,18.697,14.25,272.25
ocotepeque,2020-01-17,23.58,14.25,270.75
copan,2020-01-17,17.281,14.75,271.25
comayagua,2020-01-18,15.693,14.25,272.25
ocotepeque,2020-01-18,23.342,14.25,270.75
copan,2020-01-18,17.241,14.75,271.25
comayagua,2020-01-19,17.494,14.25,272.25
ocotepeque,2020-01-19,22.897,14.25,270.75
copan,2020-01-19,17.431,14.75,271.25
comayagua,2020-01-20,17.931,14.25,272.25
ocotepeque,2020-01-20,22.445,14.25,270.75
copan,2020-01-20,16.172,14.75,271.25
comayagua,2020-01-21,17.129,14.25,272.25
ocotepeque,2020-01-21,20.845,14.25,270.75
copan,2020-01-21,13.777,14.75,271.25
comayagua,2020-01-22,14.409,14.25,272.25
ocotepeque,2020-01-22,19.291,14.25,270.75
copan,2020-01-22,12.561,14.75,271.25
comayagua,2020-01-23,10.221,14.25,272.25
ocotepeque,2020-01-23,18.455,14.25,270.75
copan,2020-01-23,10.155,14.75,271.25
comayagua,2020-01-24,14.996,14.25,272.25
ocotepeque,2020-01-24,20.742,14.25,270.75
copan,2020-01-24,13.581,14.75,271.25
comayagua,2020-01-25,12.739,14.25,272.25
ocotepeque,2020-01-25,16.244,14.25,270.75
copan,2020-01-25,13.491,14.75,271.25
comayagua,2020-01-26,10.796,14.25,272.25
ocotepeque,2020-01-26,16.732,14.25,270.75
copan,2020-01-26,12.722,14.75,271.25
comayagua,2020-01-27,13.898,14.25,272.25
ocotepeque,2020-01-27,20.433,14.25,270.75
copan,2020-01-27,13.497,14.75,271.25
comayagua,2020-01-28,13.142,14.25,272.25
ocotepeque,2020-01-28,20.679,14.25,270.75
copan,2020-01-28,13.18,14.75,271.25
comayagua,2020-01-29,14.734,14.25,272.25
ocotepeque,2020-01-29,19.945,14.25,270.75
copan,2020-01-29,16.228,14.75,271.25
comayagua,2020-01-30,15.94,14.25,272.25
ocotepeque,2020-01-30,22.155,14.25,270.75
copan,2020-01-30,16.974,14.75,271.25
comayagua,2020-01-31,17.075,14.25,272.25
ocotepeque,2020-01-31,22.426,14.25,270.75
copan,2020-01-31,17.336,14.75,271.25
comayagua,2020-02-01,11.794,14.25,272.25
ocotepeque,2020-02-01,23.233,14.25,270.75
copan,2020-02-01,18.399,14.75,271.25
comayagua,2020-02-02,17.314,14.25,272.25
ocotepeque,2020-02-02,22.414,14.25,270.75
copan,2020-02-02,15.003,14.75,271.25
comayagua,2020-02-03,16.383,14.25,272.25
ocotepeque,2020-02-03,20.183,14.25,270.75
copan,2020-02-03,13.787,14.75,271.25
comayagua,2020-02-04,16.337,14.25,272.25
ocotepeque,2020-02-04,21.511,14.25,270.75
copan,2020-02-04,16.466,14.75,271.25
comayagua,2020-02-05,14.739,14.25,272.25
ocotepeque,2020-02-05,21.355,14.25,270.75
copan,2020-02-05,13.753,14.75,271.25
comayagua,2020-02-06,13.784,14.25,272.25
ocotepeque,2020-02-06,22.216,14.25,270.75
copan,2020-02-06,16.568,14.75,271.25
comayagua,2020-02-07,12.631,14.25,272.25
ocotepeque,2020-02-07,21.621,14.25,270.75
copan,2020-02-07,15.55,14.75,271.25
comayagua,2020-02-08,15.329,14.25,272.25
ocotepeque,2020-02-08,22.343,14.25,270.75
copan,2020-02-08,16.019,14.75,271.25
comayagua,2020-02-09,15.43,14.25,272.25
ocotepeque,2020-02-09,22.31,14.25,270.75
copan,2020-02-09,16.558,14.75,271.25
comayagua,2020-02-10,18.814,14.25,272.25
ocotepeque,2020-02-10,22.664,14.25,270.75
copan,2020-02-10,17.213,14.75,271.25
comayagua,2020-02-11,15.982,14.25,272.25
ocotepeque,2020-02-11,21.847,14.25,270.75
copan,2020-02-11,14.162,14.75,271.25
comayagua,2020-02-12,14.078,14.25,272.25
ocotepeque,2020-02-12,21.415,14.25,270.75
copan,2020-02-12,14.648,14.75,271.25
comayagua,2020-02-13,12.757,14.25,272.25
ocotepeque,2020-02-13,21.429,14.25,270.75
copan,2020-02-13,14.226,14.75,271.25
comayagua,2020-02-14,16.983,14.25,272.25
ocotepeque,2020-02-14,22.227,14.25,270.75
copan,2020-02-14,14.56,14.75,271.25
comayagua,2020-02-15,17.579,14.25,272.25
ocotepeque,2020-02-15,22.783,14.25,270.75
copan,2020-02-15,16.789,14.75,271.25
comayagua,2020-02-16,13.145,14.25,272.25
ocotepeque,2020-02-16,23.034,14.25,270.75
copan,2020-02-16,15.605,14.75,271.25
comayagua,2020-02-17,17.988,14.25,272.25
ocotepeque,2020-02-17,22.26,14.25,270.75
copan,2020-02-17,16.672,14.75,271.25
comayagua,2020-02-18,17.977,14.25,272.25
ocotepeque,2020-02-18,24.51,14.25,270.75
copan,2020-02-18,14.877,14.75,271.25
comayagua,2020-02-19,17.77,14.25,272.25
ocotepeque,2020-02-19,24.146,14.25,270.75
copan,2020-02-19,16.977,14.75,271.25
comayagua,2020-02-20,19.521,14.25,272.25
ocotepeque,2020-02-20,23.086,14.25,270.75
copan,2020-02-20,17.179,14.75,271.25
comayagua,2020-02-21,19.658,14.25,272.25
ocotepeque,2020-02-21,23.465,14.25,270.75
copan,2020-02-21,17.709,14.75,271.25
comayagua,2020-02-22,16.712,14.25,272.25
ocotepeque,2020-02-22,21.665,14.25,270.75
copan,2020-02-22,13.142,14.75,271.25
comayagua,2020-02-23,16.684,14.25,272.25
ocotepeque,2020-02-23,21.738,14.25,270.75
copan,2020-02-23,15.457,14.75,271.25
comayagua,2020-02-24,13.357,14.25,272.25
ocotepeque,2020-02-24,20.423,14.25,270.75
copan,2020-02-24,13.18,14.75,271.25
comayagua,2020-02-25,17.007,14.25,272.25
ocotepeque,2020-02-25,21.507,14.25,270.75
copan,2020-02-25,14.605,14.75,271.25
comayagua,2020-02-26,13.202,14.25,272.25
ocotepeque,2020-02-26,20.635,14.25,270.75
copan,2020-02-26,14.187,14.75,271.25
comayagua,2020-02-27,18.922,14.25,272.25
ocotepeque,2020-02-27,24.84,14.25,270.75
copan,2020-02-27,14.094,14.75,271.25
comayagua,2020-02-28,15.785,14.25,272.25
ocotepeque,2020-02-28,20.36,14.25,270.75
copan,2020-02-28,12.716,14.75,271.25
comayagua,2020-02-29,14.747,14.25,272.25
ocotepeque,2020-02-29,19.664,14.25,270.75
copan,2020-02-29,12.932,14.75,271.25
comayagua,2020-03-01,15.154,14.25,272.25
ocotepeque,2020-03-01,20.095,14.25,270.75
copan,2020-03-01,12.714,14.75,271.25
comayagua,2020-03-02,16.161,14.25,272.25
ocotepeque,2020-03-02,22.283,14.25,270.75
copan,2020-03-02,16.118,14.75,271.25
comayagua,2020-03-03,15.956,14.25,272.25
ocotepeque,2020-03-03,23.408,14.25,270.75
copan,2020-03-03,16.476,14.75,271.25
comayagua,2020-03-04,14.737,14.25,272.25
ocotepeque,2020-03-04,21.925,14.25,270.75
copan,2020-03-04,14.646,14.75,271.25
comayagua,2020-03-05,12.27,14.25,272.25
ocotepeque,2020-03-05,21.883,14.25,270.75
copan,2020-03-05,13.823,14.75,271.25
comayagua,2020-03-06,20.936,14.25,272.25
ocotepeque,2020-03-06,25.026,14.25,270.75
copan,2020-03-06,17.375,14.75,271.25
comayagua,2020-03-07,17.113,14.25,272.25
ocotepeque,2020-03-07,21.795,14.25,270.75
copan,2020-03-07,14.616,14.75,271.25
comayagua,2020-03-08,16.159,14.25,272.25
ocotepeque,2020-03-08,21.608,14.25,270.75
copan,2020-03-08,14.585,14.75,271.25
comayagua,2020-03-09,18.265,14.25,272.25
ocotepeque,2020-03-09,22.444,14.25,270.75
copan,2020-03-09,15.873,14.75,271.25
comayagua,2020-03-10,18.947,14.25,272.25
ocotepeque,2020-03-10,23.245,14.25,270.75
copan,2020-03-10,16.789,14.75,271.25
comayagua,2020-03-11,17.989,14.25,272.25
ocotepeque,2020-03-11,21.6,14.25,270.75
copan,2020-03-11,15.284,14.75,271.25
comayagua,2020-03-12,20.304,14.25,272.25
ocotepeque,2020-03-12,21.682,14.25,270.75
copan,2020-03-12,12.193,14.75,271.25
comayagua,2020-03-13,16.702,14.25,272.25
ocotepeque,2020-03-13,22.427,14.25,270.75
copan,2020-03-13,15.833,14.75,271.25
comayagua,2020-03-14,15.975,14.25,272.25
ocotepeque,2020-03-14,23.055,14.25,270.75
copan,2020-03-14,17.257,14.75,271.25
comayagua,2020-03-15,15.357,14.25,272.25
ocotepeque,2020-03-15,22.463,14.25,270.75
copan,2020-03-15,16.235,14.75,271.25
comayagua,2020-03-16,19.023,14.25,272.25
ocotepeque,2020-03-16,23.319,14.25,270.75
copan,2020-03-16,16.913,14.75,271.25
comayagua,2020-03-17,18.097,14.25,272.25
ocotepeque,2020-03-17,22.296,14.25,270.75
copan,2020-03-17,17.133,14.75,271.25
comayagua,2020-03-18,25.117,14.25,272.25
ocotepeque,2020-03-18,23.692,14.25,270.75
copan,2020-03-18,15.004,14.75,271.25
comayagua,2020-03-19,17.587,14.25,272.25
ocotepeque,2020-03-19,21.041,14.25,270.75
copan,2020-03-19,15.12,14.75,271.25
comayagua,2020-03-20,17.263,14.25,272.25
ocotepeque,2020-03-20,21.026,14.25,270.75
copan,2020-03-20,15.328,14.75,271.25
comayagua,2020-03-21,23.223,14.25,272.25
ocotepeque,2020-03-21,25.666,14.25,270.75
copan,2020-03-21,24.993,14.75,271.25
comayagua,2020-03-22,16.402,14.25,272.25
ocotepeque,2020-03-22,21.439,14.25,270.75
copan,2020-03-22,16.524,14.75,271.25
comayagua,2020-03-23,23.517,14.25,272.25
ocotepeque,2020-03-23,23.763,14.25,270.75
copan,2020-03-23,22.363,14.75,271.25
comayagua,2020-03-24,29.047,14.25,272.25
ocotepeque,2020-03-24,24.951,14.25,270.75
copan,2020-03-24,22.093,14.75,271.25
comayagua,2020-03-25,17.456,14.25,272.25
ocotepeque,2020-03-25,21.19,14.25,270.75
copan,2020-03-25,16.061,14.75,271.25
comayagua,2020-03-26,16.788,14.25,272.25
ocotepeque,2020-03-26,21.367,14.25,270.75
copan,2020-03-26,15.173,14.75,271.25
comayagua,2020-03-27,18.474,14.25,272.25
ocotepeque,2020-03-27,21.997,14.25,270.75
copan,2020-03-27,15.314,14.75,271.25
comayagua,2020-03-28,12.99,14.25,272.25
ocotepeque,2020-03-28,21.805,14.25,270.75
copan,2020-03-28,16.212,14.75,271.25
comayagua,2020-03-29,22.952,14.25,272.25
ocotepeque,2020-03-29,24.829,14.25,270.75
copan,2020-03-29,23.003,14.75,271.25
comayagua,2020-03-30,18.465,14.25,272.25
ocotepeque,2020-03-30,21.439,14.25,270.75
copan,2020-03-30,16.034,14.75,271.25
comayagua,2020-03-31,21.65,14.25,272.25
ocotepeque,2020-03-31,24.654,14.25,270.75
copan,2020-03-31,21.91,14.75,271.25
comayagua,2020-04-01,19.314,14.25,272.25
ocotepeque,2020-04-01,22.648,14.25,270.75
copan,2020-04-01,18.432,14.75,271.25
comayagua,2020-04-02,18.517,14.25,272.25
ocotepeque,2020-04-02,21.528,14.25,270.75
copan,2020-04-02,16.341,14.75,271.25
comayagua,2020-04-03,17.317,14.25,272.25
ocotepeque,2020-04-03,26.977,14.25,270.75
copan,2020-04-03,15.736,14.75,271.25
comayagua,2020-04-04,24.563,14.25,272.25
ocotepeque,2020-04-04,26.991,14.25,270.75
copan,2020-04-04,25.343,14.75,271.25
comayagua,2020-04-05,21.864,14.25,272.25
ocotepeque,2020-04-05,25.511,14.25,270.75
copan,2020-04-05,20.093,14.75,271.25
comayagua,2020-04-06,19.955,14.25,272.25
ocotepeque,2020-04-06,27.413,14.25,270.75
copan,2020-04-06,18.084,14.75,271.25
comayagua,2020-04-07,20.559,14.25,272.25
ocotepeque,2020-04-07,26.469,14.25,270.75
copan,2020-04-07,18.403,14.75,271.25
comayagua,2020-04-08,21.492,14.25,272.25
ocotepeque,2020-04-08,30.014,14.25,270.75
copan,2020-04-08,19.075,14.75,271.25
comayagua,2020-04-09,19.358,14.25,272.25
ocotepeque,2020-04-09,26.331,14.25,270.75
copan,2020-04-09,18.376,14.75,271.25
comayagua,2020-04-10,25.86,14.25,272.25
ocotepeque,2020-04-10,27.688,14.25,270.75
copan,2020-04-10,19.042,14.75,271.25
comayagua,2020-04-11,20.724,14.25,272.25
ocotepeque,2020-04-11,25.34,14.25,270.75
copan,2020-04-11,18.643,14.75,271.25
comayagua,2020-04-12,17.643,14.25,272.25
ocotepeque,2020-04-12,25.248,14.25,270.75
copan,2020-04-12,19.157,14.75,271.25
comayagua,2020-04-13,17.487,14.25,272.25
ocotepeque,2020-04-13,19.271,14.25,270.75
copan,2020-04-13,19.04,14.75,271.25
comayagua,2020-04-14,19.041,14.25,272.25
ocotepeque,2020-04-14,26.1,14.25,270.75
copan,2020-04-14,20.094,14.75,271.25
comayagua,2020-04-15,18.82,14.25,272.25
ocotepeque,2020-04-15,21.201,14.25,270.75
copan,2020-04-15,21.009,14.75,271.25
comayagua,2020-04-16,29.418,14.25,272.25
ocotepeque,2020-04-16,20.828,14.25,270.75
copan,2020-04-16,18.336,14.75,271.25
comayagua,2020-04-17,18.452,14.25,272.25
ocotepeque,2020-04-17,25.697,14.25,270.75
copan,2020-04-17,19.315,14.75,271.25
comayagua,2020-04-18,18.012,14.25,272.25
ocotepeque,2020-04-18,24.586,14.25,270.75
copan,2020-04-18,16.594,14.75,271.25
comayagua,2020-04-19,16.515,14.25,272.25
ocotepeque,2020-04-19,24.202,14.25,270.75
copan,2020-04-19,16.365,14.75,271.25
comayagua,2020-04-20,21.786,14.25,272.25
ocotepeque,2020-04-20,25.458,14.25,270.75
copan,2020-04-20,19.348,14.75,271.25
comayagua,2020-04-21,18.818,14.25,272.25
ocotepeque,2020-04-21,26.873,14.25,270.75
copan,2020-04-21,18.177,14.75,271.25
comayagua,2020-04-22,19.108,14.25,272.25
ocotepeque,2020-04-22,25.385,14.25,270.75
copan,2020-04-22,18.704,14.75,271.25
comayagua,2020-04-23,26.278,14.25,272.25
ocotepeque,2020-04-23,26.102,14.25,270.75
copan,2020-04-23,19.179,14.75,271.25
comayagua,2020-04-24,18.81,14.25,272.25
ocotepeque,2020-04-24,25.874,14.25,270.75
copan,2020-04-24,19.754,14.75,271.25
comayagua,2020-04-25,20.325,14.25,272.25
ocotepeque,2020-04-25,25.459,14.25,270.75
copan,2020-04-25,19.974,14.75,271.25
comayagua,2020-04-26,19.202,14.25,272.25
ocotepeque,2020-04-26,23.785,14.25,270.75
copan,2020-04-26,19.325,14.75,271.25
comayagua,2020-04-27,18.673,14.25,272.25
ocotepeque,2020-04-27,20.169,14.25,270.75
copan,2020-04-27,19.168,14.75,271.25
comayagua,2020-04-28,19.391,14.25,272.25
ocotepeque,2020-04-28,19.173,14.25,270.75
copan,2020-04-28,18.009,14.75,271.25
comayagua,2020-04-29,21.21,14.25,272.25
ocotepeque,2020-04-29,25.512,14.25,270.75
copan,2020-04-29,18.785,14.75,271.25
comayagua,2020-04-30,20.038,14.25,272.25
ocotepeque,2020-04-30,24.491,14.25,270.75
copan,2020-04-30,19.324,14.75,271.25
comayagua,2020-05-01,18.608,14.25,272.25
ocotepeque,2020-05-01,25.391,14.25,270.75
copan,2020-05-01,18.515,14.75,271.25
comayagua,2020-05-02,18.953,14.25,272.25
ocotepeque,2020-05-02,24.879,14.25,270.75
copan,2020-05-02,17.589,14.75,271.25
comayagua,2020-05-03,19.151,14.25,272.25
ocotepeque,2020-05-03,25.19,14.25,270.75
copan,2020-05-03,17.708,14.75,271.25
comayagua,2020-05-04,20.748,14.25,272.25
ocotepeque,2020-05-04,25.95,14.25,270.75
copan,2020-05-04,21.695,14.75,271.25
comayagua,2020-05-05,20.818,14.25,272.25
ocotepeque,2020-05-05,25.9,14.25,270.75
copan,2020-05-05,18.752,14.75,271.25
comayagua,2020-05-06,20.151,14.25,272.25
ocotepeque,2020-05-06,22.672,14.25,270.75
copan,2020-05-06,19.2,14.75,271.25
comayagua,2020-05-07,21.03,14.25,272.25
ocotepeque,2020-05-07,25.464,14.25,270.75
copan,2020-05-07,19.458,14.75,271.25
comayagua,2020-05-08,21.772,14.25,272.25
ocotepeque,2020-05-08,23.378,14.25,270.75
copan,2020-05-08,19.562,14.75,271.25
comayagua,2020-05-09,19.515,14.25,272.25
ocotepeque,2020-05-09,24.031,14.25,270.75
copan,2020-05-09,19.863,14.75,271.25
comayagua,2020-05-10,20.386,14.25,272.25
ocotepeque,2020-05-10,25.846,14.25,270.75
copan,2020-05-10,18.465,14.75,271.25
comayagua,2020-05-11,22.249,14.25,272.25
ocotepeque,2020-05-11,27.596,14.25,270.75
copan,2020-05-11,19.411,14.75,271.25
comayagua,2020-05-12,21.055,14.25,272.25
ocotepeque,2020-05-12,25.588,14.25,270.75
copan,2020-05-12,16.914,14.75,271.25
comayagua,2020-05-13,19.548,14.25,272.25
ocotepeque,2020-05-13,24.499,14.25,270.75
copan,2020-05-13,17.752,14.75,271.25
comayagua,2020-05-14,20.864,14.25,272.25
ocotepeque,2020-05-14,22.805,14.25,270.75
copan,2020-05-14,19.912,14.75,271.25
comayagua,2020-05-15,19.498,14.25,272.25
ocotepeque,2020-05-15,23.587,14.25,270.75
copan,2020-05-15,17.65,14.75,271.25
comayagua,2020-05-16,21.533,14.25,272.25
ocotepeque,2020-05-16,26.421,14.25,270.75
copan,2020-05-16,20.231,14.75,271.25
comayagua,2020-05-17,20.603,14.25,272.25
ocotepeque,2020-05-17,25.801,14.25,270.75
copan,2020-05-17,19.357,14.75,271.25
comayagua,2020-05-18,19.601,14.25,272.25
ocotepeque,2020-05-18,22.001,14.25,270.75
copan,2020-05-18,17.713,14.75,271.25
comayagua,2020-05-19,19.276,14.25,272.25
ocotepeque,2020-05-19,22.695,14.25,270.75
copan,2020-05-19,18.571,14.75,271.25
comayagua,2020-05-20,19.632,14.25,272.25
ocotepeque,2020-05-20,23.111,14.25,270.75
copan,2020-05-20,18.733,14.75,271.25
comayagua,2020-05-21,19.914,14.25,272.25
ocotepeque,2020-05-21,24.584,14.25,270.75
copan,2020-05-21,19.048,14.75,271.25
comayagua,2020-05-22,20.403,14.25,272.25
ocotepeque,2020-05-22,24.226,14.25,270.75
copan,2020-05-22,18.528,14.75,271.25
comayagua,2020-05-23,19.841,14.25,272.25
ocotepeque,2020-05-23,24.124,14.25,270.75
copan,2020-05-23,18.718,14.75,271.25
comayagua,2020-05-24,20.341,14.25,272.25
ocotepeque,2020-05-24,25.213,14.25,270.75
copan,2020-05-24,19.46,14.75,271.25
comayagua,2020-05-25,20.446,14.25,272.25
ocotepeque,2020-05-25,25.975,14.25,270.75
copan,2020-05-25,19.154,14.75,271.25
comayagua,2020-05-26,19.78,14.25,272.25
ocotepeque,2020-05-26,26.197,14.25,270.75
copan,2020-05-26,19.419,14.75,271.25
comayagua,2020-05-27,19.297,14.25,272.25
ocotepeque,2020-05-27,21.322,14.25,270.75
copan,2020-05-27,18.197,14.75,271.25
comayagua,2020-05-28,19.867,14.25,272.25
ocotepeque,2020-05-28,24.598,14.25,270.75
copan,2020-05-28,16.25,14.75,271.25
comayagua,2020-05-29,25.816,14.25,272.25
ocotepeque,2020-05-29,28.005,14.25,270.75
copan,2020-05-29,26.692,14.75,271.25
comayagua,2020-05-30,19.691,14.25,272.25
ocotepeque,2020-05-30,21.369,14.25,270.75
copan,2020-05-30,18.718,14.75,271.25
comayagua,2020-05-31,19.249,14.25,272.25
ocotepeque,2020-05-31,21.151,14.25,270.75
copan,2020-05-31,18.411,14.75,271.25
comayagua,2020-06-01,19.17,14.25,272.25
ocotepeque,2020-06-01,21.999,14.25,270.75
copan,2020-06-01,18.553,14.75,271.25
comayagua,2020-06-02,20.262,14.25,272.25
ocotepeque,2020-06-02,22.039,14.25,270.75
copan,2020-06-02,19.1,14.75,271.25
comayagua,2020-06-03,19.571,14.25,272.25
ocotepeque,2020-06-03,22.233,14.25,270.75
copan,2020-06-03,19.069,14.75,271.25
comayagua,2020-06-04,19.672,14.25,272.25
ocotepeque,2020-06-04,22.331,14.25,270.75
copan,2020-06-04,18.512,14.75,271.25
comayagua,2020-06-05,19.42,14.25,272.25
ocotepeque,2020-06-05,22.211,14.25,270.75
copan,2020-06-05,19.189,14.75,271.25
comayagua,2020-06-06,20.201,14.25,272.25
ocotepeque,2020-06-06,22.655,14.25,270.75
copan,2020-06-06,18.967,14.75,271.25
comayagua,2020-06-07,19.42,14.25,272.25
ocotepeque,2020-06-07,24.51,14.25,270.75
copan,2020-06-07,19.273,14.75,271.25
comayagua,2020-06-08,19.727,14.25,272.25
ocotepeque,2020-06-08,25.883,14.25,270.75
copan,2020-06-08,20.176,14.75,271.25
comayagua,2020-06-09,20.143,14.25,272.25
ocotepeque,2020-06-09,24.8,14.25,270.75
copan,2020-06-09,20.774,14.75,271.25
comayagua,2020-06-10,21.414,14.25,272.25
ocotepeque,2020-06-10,25.497,14.25,270.75
copan,2020-06-10,20.502,14.75,271.25
comayagua,2020-06-11,20.589,14.25,272.25
ocotepeque,2020-06-11,23.031,14.25,270.75
copan,2020-06-11,20.13,14.75,271.25
comayagua,2020-06-12,20.275,14.25,272.25
ocotepeque,2020-06-12,25.299,14.25,270.75
copan,2020-06-12,18.418,14.75,271.25
comayagua,2020-06-13,18.926,14.25,272.25
ocotepeque,2020-06-13,25.824,14.25,270.75
copan,2020-06-13,17.381,14.75,271.25
comayagua,2020-06-14,20.159,14.25,272.25
ocotepeque,2020-06-14,23.711,14.25,270.75
copan,2020-06-14,16.95,14.75,271.25
comayagua,2020-06-15,19.63,14.25,272.25
ocotepeque,2020-06-15,25.922,14.25,270.75
copan,2020-06-15,17.214,14.75,271.25
comayagua,2020-06-16,20.343,14.25,272.25
ocotepeque,2020-06-16,25.023,14.25,270.75
copan,2020-06-16,18.524,14.75,271.25
comayagua,2020-06-17,19.555,14.25,272.25
ocotepeque,2020-06-17,23.131,14.25,270.75
copan,2020-06-17,18.436,14.75,271.25
comayagua,2020-06-18,19.045,14.25,272.25
ocotepeque,2020-06-18,23.568,14.25,270.75
copan,2020-06-18,19.031,14.75,271.25
comayagua,2020-06-19,19.548,14.25,272.25
ocotepeque,2020-06-19,25.001,14.25,270.75
copan,2020-06-19,18.751,14.75,271.25
comayagua,2020-06-20,18.665,14.25,272.25
ocotepeque,2020-06-20,25.439,14.25,270.75
copan,2020-06-20,19.078,14.75,271.25
comayagua,2020-06-21,19.925,14.25,272.25
ocotepeque,2020-06-21,26.197,14.25,270.75
copan,2020-06-21,18.513,14.75,271.25
comayagua,2020-06-22,20.032,14.25,272.25
ocotepeque,2020-06-22,24.003,14.25,270.75
copan,2020-06-22,19.353,14.75,271.25
comayagua,2020-06-23,20.576,14.25,272.25
ocotepeque,2020-06-23,26.172,14.25,270.75
copan,2020-06-23,19.404,14.75,271.25
comayagua,2020-06-24,19.216,14.25,272.25
ocotepeque,2020-06-24,23.173,14.25,270.75
copan,2020-06-24,18.192,14.75,271.25
comayagua,2020-06-25,17.184,14.25,272.25
ocotepeque,2020-06-25,22.082,14.25,270.75
copan,2020-06-25,16.584,14.75,271.25
comayagua,2020-06-26,19.259,14.25,272.25
ocotepeque,2020-06-26,25.002,14.25,270.75
copan,2020-06-26,17.622,14.75,271.25
comayagua,2020-06-27,19.33,14.25,272.25
ocotepeque,2020-06-27,25.301,14.25,270.75
copan,2020-06-27,18.409,14.75,271.25
comayagua,2020-06-28,18.062,14.25,272.25
ocotepeque,2020-06-28,24.466,14.25,270.75
copan,2020-06-28,16.387,14.75,271.25
comayagua,2020-06-29,23.982,14.25,272.25
ocotepeque,2020-06-29,26.775,14.25,270.75
copan,2020-06-29,23.33,14.75,271.25
comayagua,2020-06-30,22.598,14.25,272.25
ocotepeque,2020-06-30,23.188,14.25,270.75
copan,2020-06-30,20.624,14.75,271.25
comayagua,2020-07-01,18.807,14.25,272.25
ocotepeque,2020-07-01,23.366,14.25,270.75
copan,2020-07-01,16.404,14.75,271.25
comayagua,2020-07-02,18.42,14.25,272.25
ocotepeque,2020-07-02,22.585,14.25,270.75
copan,2020-07-02,17.43,14.75,271.25
comayagua,2020-07-03,19.208,14.25,272.25
ocotepeque,2020-07-03,26.153,14.25,270.75
copan,2020-07-03,18.552,14.75,271.25
comayagua,2020-07-04,20.044,14.25,272.25
ocotepeque,2020-07-04,21.768,14.25,270.75
copan,2020-07-04,17.697,14.75,271.25
comayagua,2020-07-05,19.599,14.25,272.25
ocotepeque,2020-07-05,22.798,14.25,270.75
copan,2020-07-05,17.57,14.75,271.25
comayagua,2020-07-06,19.664,14.25,272.25
ocotepeque,2020-07-06,25.001,14.25,270.75
copan,2020-07-06,18.636,14.75,271.25
comayagua,2020-07-07,17.506,14.25,272.25
ocotepeque,2020-07-07,23.785,14.25,270.75
copan,2020-07-07,17.723,14.75,271.25
comayagua,2020-07-08,19.243,14.25,272.25
ocotepeque,2020-07-08,21.542,14.25,270.75
copan,2020-07-08,-0.473,14.75,271.25
comayagua,2020-07-09,20.694,14.25,272.25
ocotepeque,2020-07-09,25.484,14.25,270.75
copan,2020-07-09,19.219,14.75,271.25
comayagua,2020-07-10,20.232,14.25,272.25
ocotepeque,2020-07-10,21.065,14.25,270.75
copan,2020-07-10,17.921,14.75,271.25
comayagua,2020-07-11,18.286,14.25,272.25
ocotepeque,2020-07-11,20.808,14.25,270.75
copan,2020-07-11,16.52,14.75,271.25
comayagua,2020-07-12,19.889,14.25,272.25
ocotepeque,2020-07-12,25.029,14.25,270.75
copan,2020-07-12,18.529,14.75,271.25
comayagua,2020-07-13,19.221,14.25,272.25
ocotepeque,2020-07-13,25.833,14.25,270.75
copan,2020-07-13,18.34,14.75,271.25
comayagua,2020-07-14,19.761,14.25,272.25
ocotepeque,2020-07-14,25.062,14.25,270.75
copan,2020-07-14,18.547,14.75,271.25
comayagua,2020-07-15,19.926,14.25,272.25
ocotepeque,2020-07-15,25.213,14.25,270.75
copan,2020-07-15,18.164,14.75,271.25
comayagua,2020-07-16,20.116,14.25,272.25
ocotepeque,2020-07-16,24.713,14.25,270.75
copan,2020-07-16,17.714,14.75,271.25
comayagua,2020-07-17,21.058,14.25,272.25
ocotepeque,2020-07-17,25.55,14.25,270.75
copan,2020-07-17,18.661,14.75,271.25
comayagua,2020-07-18,21.037,14.25,272.25
ocotepeque,2020-07-18,25.632,14.25,270.75
copan,2020-07-18,18.712,14.75,271.25
comayagua,2020-07-19,21.392,14.25,272.25
ocotepeque,2020-07-19,26.798,14.25,270.75
copan,2020-07-19,23.203,14.75,271.25
comayagua,2020-07-20,19.953,14.25,272.25
ocotepeque,2020-07-20,24.235,14.25,270.75
copan,2020-07-20,18.364,14.75,271.25
comayagua,2020-07-21,18.816,14.25,272.25
ocotepeque,2020-07-21,21.652,14.25,270.75
copan,2020-07-21,16.759,14.75,271.25
comayagua,2020-07-22,18.494,14.25,272.25
ocotepeque,2020-07-22,22.246,14.25,270.75
copan,2020-07-22,17.265,14.75,271.25
comayagua,2020-07-23,18.727,14.25,272.25
ocotepeque,2020-07-23,26.127,14.25,270.75
copan,2020-07-23,17.124,14.75,271.25
comayagua,2020-07-24,18.283,14.25,272.25
ocotepeque,2020-07-24,24.461,14.25,270.75
copan,2020-07-24,19.216,14.75,271.25
comayagua,2020-07-25,18.459,14.25,272.25
ocotepeque,2020-07-25,26.478,14.25,270.75
copan,2020-07-25,16.797,14.75,271.25
comayagua,2020-07-26,19.283,14.25,272.25
ocotepeque,2020-07-26,23.419,14.25,270.75
copan,2020-07-26,17.4,14.75,271.25
comayagua,2020-07-27,19.043,14.25,272.25
ocotepeque,2020-07-27,25.879,14.25,270.75
copan,2020-07-27,16.78,14.75,271.25
comayagua,2020-07-28,18.633,14.25,272.25
ocotepeque,2020-07-28,22.42,14.25,270.75
copan,2020-07-28,17.285,14.75,271.25
comayagua,2020-07-29,17.805,14.25,272.25
ocotepeque,2020-07-29,23.298,14.25,270.75
copan,2020-07-29,17.394,14.75,271.25
comayagua,2020-07-30,19.739,14.25,272.25
ocotepeque,2020-07-30,25.42,14.25,270.75
copan,2020-07-30,18.037,14.75,271.25
comayagua,2020-07-31,21.557,14.25,272.25
ocotepeque,2020-07-31,27.136,14.25,270.75
copan,2020-07-31,19.185,14.75,271.25
comayagua,2020-08-01,19.936,14.25,272.25
ocotepeque,2020-08-01,25.394,14.25,270.75
copan,2020-08-01,16.636,14.75,271.25
comayagua,2020-08-02,20.936,14.25,272.25
ocotepeque,2020-08-02,25.959,14.25,270.75
copan,2020-08-02,18.568,14.75,271.25
comayagua,2020-08-03,22.761,14.25,272.25
ocotepeque,2020-08-03,29.341,14.25,270.75
copan,2020-08-03,20.841,14.75,271.25
comayagua,2020-08-04,19.519,14.25,272.25
ocotepeque,2020-08-04,24.082,14.25,270.75
copan,2020-08-04,18.298,14.75,271.25
comayagua,2020-08-05,19.333,14.25,272.25
ocotepeque,2020-08-05,22.1,14.25,270.75
copan,2020-08-05,18.371,14.75,271.25
comayagua,2020-08-06,19.283,14.25,272.25
ocotepeque,2020-08-06,24.222,14.25,270.75
copan,2020-08-06,18.274,14.75,271.25
comayagua,2020-08-07,18.727,14.25,272.25
ocotepeque,2020-08-07,22.537,14.25,270.75
copan,2020-08-07,18.348,14.75,271.25
comayagua,2020-08-08,19.086,14.25,272.25
ocotepeque,2020-08-08,23.125,14.25,270.75
copan,2020-08-08,18.429,14.75,271.25
comayagua,2020-08-09,20.485,14.25,272.25
ocotepeque,2020-08-09,25.931,14.25,270.75
copan,2020-08-09,19.041,14.75,271.25
comayagua,2020-08-10,20.064,14.25,272.25
ocotepeque,2020-08-10,23.565,14.25,270.75
copan,2020-08-10,18.57,14.75,271.25
comayagua,2020-08-11,19.908,14.25,272.25
ocotepeque,2020-08-11,22.608,14.25,270.75
copan,2020-08-11,18.394,14.75,271.25
comayagua,2020-08-12,20.557,14.25,272.25
ocotepeque,2020-08-12,28.04,14.25,270.75
copan,2020-08-12,19.213,14.75,271.25
comayagua,2020-08-13,19.575,14.25,272.25
ocotepeque,2020-08-13,24.539,14.25,270.75
copan,2020-08-13,18.681,14.75,271.25
comayagua,2020-08-14,20.374,14.25,272.25
ocotepeque,2020-08-14,22.974,14.25,270.75
copan,2020-08-14,18.533,14.75,271.25
comayagua,2020-08-15,23.571,14.25,272.25
ocotepeque,2020-08-15,22.419,14.25,270.75
copan,2020-08-15,22.424,14.75,271.25
comayagua,2020-08-16,21.306,14.25,272.25
ocotepeque,2020-08-16,24.859,14.25,270.75
copan,2020-08-16,19.233,14.75,271.25
comayagua,2020-08-17,19.758,14.25,272.25
ocotepeque,2020-08-17,23.187,14.25,270.75
copan,2020-08-17,18.551,14.75,271.25
comayagua,2020-08-18,20.375,14.25,272.25
ocotepeque,2020-08-18,23.104,14.25,270.75
copan,2020-08-18,18.499,14.75,271.25
comayagua,2020-08-19,19.793,14.25,272.25
ocotepeque,2020-08-19,23.118,14.25,270.75
copan,2020-08-19,17.641,14.75,271.25
comayagua,2020-08-20,19.852,14.25,272.25
ocotepeque,2020-08-20,23.894,14.25,270.75
copan,2020-08-20,18.226,14.75,271.25
comayagua,2020-08-21,19.489,14.25,272.25
ocotepeque,2020-08-21,23.48,14.25,270.75
copan,2020-08-21,18.638,14.75,271.25
comayagua,2020-08-22,19.33,14.25,272.25
ocotepeque,2020-08-22,22.535,14.25,270.75
copan,2020-08-22,18.037,14.75,271.25
comayagua,2020-08-23,18.705,14.25,272.25
ocotepeque,2020-08-23,22.011,14.25,270.75
copan,2020-08-23,17.432,14.75,271.25
comayagua,2020-08-24,21.462,14.25,272.25
ocotepeque,2020-08-24,23.983,14.25,270.75
copan,2020-08-24,18.206,14.75,271.25
comayagua,2020-08-25,17.834,14.25,272.25
ocotepeque,2020-08-25,17.077,14.25,270.75
copan,2020-08-25,17.578,14.75,271.25
comayagua,2020-08-26,19.241,14.25,272.25
ocotepeque,2020-08-26,24.036,14.25,270.75
copan,2020-08-26,21.882,14.75,271.25
comayagua,2020-08-27,18.872,14.25,272.25
ocotepeque,2020-08-27,21.602,14.25,270.75
copan,2020-08-27,17.859,14.75,271.25
comayagua,2020-08-28,22.268,14.25,272.25
ocotepeque,2020-08-28,23.384,14.25,270.75
copan,2020-08-28,18.8,14.75,271.25
comayagua,2020-08-29,17.925,14.25,272.25
ocotepeque,2020-08-29,24.01,14.25,270.75
copan,2020-08-29,19.149,14.75,271.25
comayagua,2020-08-30,16.16,14.25,272.25
ocotepeque,2020-08-30,21.211,14.25,270.75
copan,2020-08-30,15.874,14.75,271.25
comayagua,2020-08-31,15.177,14.25,272.25
ocotepeque,2020-08-31,23.479,14.25,270.75
copan,2020-08-31,15.753,14.75,271.25
comayagua,2020-09-01,16.573,14.25,272.25
ocotepeque,2020-09-01,26.407,14.25,270.75
copan,2020-09-01,17.68,14.75,271.25
comayagua,2020-09-02,18.627,14.25,272.25
ocotepeque,2020-09-02,17.733,14.25,270.75
copan,2020-09-02,17.567,14.75,271.25
comayagua,2020-09-03,18.138,14.25,272.25
ocotepeque,2020-09-03,16.825,14.25,270.75
copan,2020-09-03,16.517,14.75,271.25
comayagua,2020-09-04,17.024,14.25,272.25
ocotepeque,2020-09-04,16.689,14.25,270.75
copan,2020-09-04,17.203,14.75,271.25
comayagua,2020-09-05,17.497,14.25,272.25
ocotepeque,2020-09-05,17.231,14.25,270.75
copan,2020-09-05,17.626,14.75,271.25
comayagua,2020-09-06,18.232,14.25,272.25
ocotepeque,2020-09-06,17.726,14.25,270.75
copan,2020-09-06,17.791,14.75,271.25
comayagua,2020-09-07,18.939,14.25,272.25
ocotepeque,2020-09-07,18.41,14.25,270.75
copan,2020-09-07,18.512,14.75,271.25
comayagua,2020-09-08,17.637,14.25,272.25
ocotepeque,2020-09-08,22.602,14.25,270.75
copan,2020-09-08,17.765,14.75,271.25
comayagua,2020-09-09,18.899,14.25,272.25
ocotepeque,2020-09-09,23.295,14.25,270.75
copan,2020-09-09,17.601,14.75,271.25
comayagua,2020-09-10,18.51,14.25,272.25
ocotepeque,2020-09-10,25.918,14.25,270.75
copan,2020-09-10,17.862,14.75,271.25
comayagua,2020-09-11,18.574,14.25,272.25
ocotepeque,2020-09-11,23.63,14.25,270.75
copan,2020-09-11,18.923,14.75,271.25
comayagua,2020-09-12,19.458,14.25,272.25
ocotepeque,2020-09-12,22.362,14.25,270.75
copan,2020-09-12,18.297,14.75,271.25
comayagua,2020-09-13,17.673,14.25,272.25
ocotepeque,2020-09-13,22.618,14.25,270.75
copan,2020-09-13,18.442,14.75,271.25
comayagua,2020-09-14,18.187,14.25,272.25
ocotepeque,2020-09-14,22.722,14.25,270.75
copan,2020-09-14,17.786,14.75,271.25
comayagua,2020-09-15,18.427,14.25,272.25
ocotepeque,2020-09-15,25.434,14.25,270.75
copan,2020-09-15,18.22,14.75,271.25
comayagua,2020-09-16,18.579,14.25,272.25
ocotepeque,2020-09-16,23.129,14.25,270.75
copan,2020-09-16,17.678,14.75,271.25
comayagua,2020-09-17,18.92,14.25,272.25
ocotepeque,2020-09-17,20.513,14.25,270.75
copan,2020-09-17,17.274,14.75,271.25
comayagua,2020-09-18,18.31,14.25,272.25
ocotepeque,2020-09-18,23.418,14.25,270.75
copan,2020-09-18,17.415,14.75,271.25
comayagua,2020-09-19,20.297,14.25,272.25
ocotepeque,2020-09-19,23.974,14.25,270.75
copan,2020-09-19,18.811,14.75,271.25
comayagua,2020-09-20,19.136,14.25,272.25
ocotepeque,2020-09-20,21.66,14.25,270.75
copan,2020-09-20,19.079,14.75,271.25
comayagua,2020-09-21,22.78,14.25,272.25
ocotepeque,2020-09-21,25.522,14.25,270.75
copan,2020-09-21,19.206,14.75,271.25
comayagua,2020-09-22,18.909,14.25,272.25
ocotepeque,2020-09-22,25.191,14.25,270.75
copan,2020-09-22,18.08,14.75,271.25
comayagua,2020-09-23,18.351,14.25,272.25
ocotepeque,2020-09-23,24.401,14.25,270.75
copan,2020-09-23,17.03,14.75,271.25
comayagua,2020-09-24,18.135,14.25,272.25
ocotepeque,2020-09-24,22.041,14.25,270.75
copan,2020-09-24,18.064,14.75,271.25
comayagua,2020-09-25,18.808,14.25,272.25
ocotepeque,2020-09-25,20.872,14.25,270.75
copan,2020-09-25,17.533,14.75,271.25
comayagua,2020-09-26,20.535,14.25,272.25
ocotepeque,2020-09-26,22.326,14.25,270.75
copan,2020-09-26,17.653,14.75,271.25
comayagua,2020-09-27,17.478,14.25,272.25
ocotepeque,2020-09-27,23.726,14.25,270.75
copan,2020-09-27,17.384,14.75,271.25
comayagua,2020-09-28,16.397,14.25,272.25
ocotepeque,2020-09-28,24.463,14.25,270.75
copan,2020-09-28,16.845,14.75,271.25
comayagua,2020-09-29,17.48,14.25,272.25
ocotepeque,2020-09-29,22.359,14.25,270.75
copan,2020-09-29,16.68,14.75,271.25
comayagua,2020-09-30,18.993,14.25,272.25
ocotepeque,2020-09-30,22.629,14.25,270.75
copan,2020-09-30,18.484,14.75,271.25
comayagua,2020-10-01,18.454,14.25,272.25
ocotepeque,2020-10-01,23.315,14.25,270.75
copan,2020-10-01,17.503,14.75,271.25
comayagua,2020-10-02,18.97,14.25,272.25
ocotepeque,2020-10-02,24.588,14.25,270.75
copan,2020-10-02,18.556,14.75,271.25
comayagua,2020-10-03,20.761,14.25,272.25
ocotepeque,2020-10-03,23.964,14.25,270.75
copan,2020-10-03,21.947,14.75,271.25
comayagua,2020-10-04,19.303,14.25,272.25
ocotepeque,2020-10-04,22.191,14.25,270.75
copan,2020-10-04,17.489,14.75,271.25
comayagua,2020-10-05,17.667,14.25,272.25
ocotepeque,2020-10-05,23.547,14.25,270.75
copan,2020-10-05,17.3,14.75,271.25
comayagua,2020-10-06,17.79,14.25,272.25
ocotepeque,2020-10-06,26.207,14.25,270.75
copan,2020-10-06,17.145,14.75,271.25
comayagua,2020-10-07,17.485,14.25,272.25
ocotepeque,2020-10-07,23.094,14.25,270.75
copan,2020-10-07,16.047,14.75,271.25
comayagua,2020-10-08,18.051,14.25,272.25
ocotepeque,2020-10-08,21.65,14.25,270.75
copan,2020-10-08,17.882,14.75,271.25
comayagua,2020-10-09,18.279,14.25,272.25
ocotepeque,2020-10-09,24.162,14.25,270.75
copan,2020-10-09,18.412,14.75,271.25
comayagua,2020-10-10,18.408,14.25,272.25
ocotepeque,2020-10-10,24.554,14.25,270.75
copan,2020-10-10,18.115,14.75,271.25
comayagua,2020-10-11,17.442,14.25,272.25
ocotepeque,2020-10-11,24.751,14.25,270.75
copan,2020-10-11,18.095,14.75,271.25
comayagua,2020-10-12,18.414,14.25,272.25
ocotepeque,2020-10-12,25.346,14.25,270.75
copan,2020-10-12,19.222,14.75,271.25
comayagua,2020-10-13,19.931,14.25,272.25
ocotepeque,2020-10-13,25.447,14.25,270.75
copan,2020-10-13,19.307,14.75,271.25
comayagua,2020-10-14,19.255,14.25,272.25
ocotepeque,2020-10-14,23.97,14.25,270.75
copan,2020-10-14,18.494,14.75,271.25
comayagua,2020-10-15,19.043,14.25,272.25
ocotepeque,2020-10-15,24.6,14.25,270.75
copan,2020-10-15,18.323,14.75,271.25
comayagua,2020-10-16,19.145,14.25,272.25
ocotepeque,2020-10-16,23.211,14.25,270.75
copan,2020-10-16,18.41,14.75,271.25
comayagua,2020-10-17,18.156,14.25,272.25
ocotepeque,2020-10-17,24.258,14.25,270.75
copan,2020-10-17,18.648,14.75,271.25
comayagua,2020-10-18,19.086,14.25,272.25
ocotepeque,2020-10-18,24.255,14.25,270.75
copan,2020-10-18,18.194,14.75,271.25
comayagua,2020-10-19,19.161,14.25,272.25
ocotepeque,2020-10-19,23.827,14.25,270.75
copan,2020-10-19,17.953,14.75,271.25
comayagua,2020-10-20,18.395,14.25,272.25
ocotepeque,2020-10-20,24.661,14.25,270.75
copan,2020-10-20,17.577,14.75,271.25
comayagua,2020-10-21,18.621,14.25,272.25
ocotepeque,2020-10-21,23.974,14.25,270.75
copan,2020-10-21,17.96,14.75,271.25
comayagua,2020-10-22,17.909,14.25,272.25
ocotepeque,2020-10-22,22.691,14.25,270.75
copan,2020-10-22,16.628,14.75,271.25
comayagua,2020-10-23,17.447,14.25,272.25
ocotepeque,2020-10-23,23.104,14.25,270.75
copan,2020-10-23,17.265,14.75,271.25
comayagua,2020-10-24,18.301,14.25,272.25
ocotepeque,2020-10-24,23.536,14.25,270.75
copan,2020-10-24,17.696,14.75,271.25
comayagua,2020-10-25,19.673,14.25,272.25
ocotepeque,2020-10-25,24.232,14.25,270.75
copan,2020-10-25,19.19,14.75,271.25
comayagua,2020-10-26,17.433,14.25,272.25
ocotepeque,2020-10-26,22.214,14.25,270.75
copan,2020-10-26,16.265,14.75,271.25
comayagua,2020-10-27,19.099,14.25,272.25
ocotepeque,2020-10-27,23.603,14.25,270.75
copan,2020-10-27,17.602,14.75,271.25
comayagua,2020-10-28,18.168,14.25,272.25
ocotepeque,2020-10-28,25.105,14.25,270.75
copan,2020-10-28,18.116,14.75,271.25
comayagua,2020-10-29,18.309,14.25,272.25
ocotepeque,2020-10-29,20.961,14.25,270.75
copan,2020-10-29,17.369,14.75,271.25
comayagua,2020-10-30,19.933,14.25,272.25
ocotepeque,2020-10-30,24.072,14.25,270.75
copan,2020-10-30,17.701,14.75,271.25
comayagua,2020-10-31,18.849,14.25,272.25
ocotepeque,2020-10-31,24.257,14.25,270.75
copan,2020-10-31,17.933,14.75,271.25
comayagua,2020-11-01,18.313,14.25,272.25
ocotepeque,2020-11-01,24.573,14.25,270.75
copan,2020-11-01,17.476,14.75,271.25
comayagua,2020-11-02,18.754,14.25,272.25
ocotepeque,2020-11-02,23.739,14.25,270.75
copan,2020-11-02,17.186,14.75,271.25
comayagua,2020-11-03,17.598,14.25,272.25
ocotepeque,2020-11-03,21.626,14.25,270.75
copan,2020-11-03,16.392,14.75,271.25
comayagua,2020-11-04,17.088,14.25,272.25
ocotepeque,2020-11-04,20.171,14.25,270.75
copan,2020-11-04,16.249,14.75,271.25
comayagua,2020-11-05,18.471,14.25,272.25
ocotepeque,2020-11-05,19.458,14.25,270.75
copan,2020-11-05,12.164,14.75,271.25
comayagua,2020-11-06,18.797,14.25,272.25
ocotepeque,2020-11-06,21.757,14.25,270.75
copan,2020-11-06,17.899,14.75,271.25
comayagua,2020-11-07,18.441,14.25,272.25
ocotepeque,2020-11-07,21.671,14.25,270.75
copan,2020-11-07,17.842,14.75,271.25
comayagua,2020-11-08,19.317,14.25,272.25
ocotepeque,2020-11-08,23.083,14.25,270.75
copan,2020-11-08,17.916,14.75,271.25
comayagua,2020-11-09,16.81,14.25,272.25
ocotepeque,2020-11-09,21.672,14.25,270.75
copan,2020-11-09,16.116,14.75,271.25
comayagua,2020-11-10,19.165,14.25,272.25
ocotepeque,2020-11-10,23.84,14.25,270.75
copan,2020-11-10,17.143,14.75,271.25
comayagua,2020-11-11,17.912,14.25,272.25
ocotepeque,2020-11-11,22.743,14.25,270.75
copan,2020-11-11,16.34,14.75,271.25
comayagua,2020-11-12,20.561,14.25,272.25
ocotepeque,2020-11-12,23.419,14.25,270.75
copan,2020-11-12,16.514,14.75,271.25
comayagua,2020-11-13,18.136,14.25,272.25
ocotepeque,2020-11-13,24.4,14.25,270.75
copan,2020-11-13,16.465,14.75,271.25
comayagua,2020-11-14,16.486,14.25,272.25
ocotepeque,2020-11-14,23.206,14.25,270.75
copan,2020-11-14,15.514,14.75,271.25
comayagua,2020-11-15,15.706,14.25,272.25
ocotepeque,2020-11-15,23.389,14.25,270.75
copan,2020-11-15,16.578,14.75,271.25
comayagua,2020-11-16,18.222,14.25,272.25
ocotepeque,2020-11-16,23.292,14.25,270.75
copan,2020-11-16,16.747,14.75,271.25
comayagua,2020-11-17,16.677,14.25,272.25
ocotepeque,2020-11-17,20.11,14.25,270.75
copan,2020-11-17,15.23,14.75,271.25
comayagua,2020-11-18,17.115,14.25,272.25
ocotepeque,2020-11-18,18.554,14.25,270.75
copan,2020-11-18,15.098,14.75,271.25
comayagua,2020-11-19,20.134,14.25,272.25
ocotepeque,2020-11-19,18.386,14.25,270.75
copan,2020-11-19,18.109,14.75,271.25
comayagua,2020-11-20,18.686,14.25,272.25
ocotepeque,2020-11-20,17.893,14.25,270.75
copan,2020-11-20,17.57,14.75,271.25
comayagua,2020-11-21,19.196,14.25,272.25
ocotepeque,2020-11-21,24.035,14.25,270.75
copan,2020-11-21,17.787,14.75,271.25
comayagua,2020-11-22,18.796,14.25,272.25
ocotepeque,2020-11-22,23.708,14.25,270.75
copan,2020-11-22,17.686,14.75,271.25
comayagua,2020-11-23,19.222,14.25,272.25
ocotepeque,2020-11-23,24.151,14.25,270.75
copan,2020-11-23,17.597,14.75,271.25
comayagua,2020-11-24,18.464,14.25,272.25
ocotepeque,2020-11-24,23.297,14.25,270.75
copan,2020-11-24,16.67,14.75,271.25
comayagua,2020-11-25,17.749,14.25,272.25
ocotepeque,2020-11-25,23.25,14.25,270.75
copan,2020-11-25,14.0,14.75,271.25
comayagua,2020-11-26,18.979,14.25,272.25
ocotepeque,2020-11-26,24.089,14.25,270.75
copan,2020-11-26,17.906,14.75,271.25
comayagua,2020-11-27,18.644,14.25,272.25
ocotepeque,2020-11-27,23.856,14.25,270.75
copan,2020-11-27,17.576,14.75,271.25
comayagua,2020-11-28,17.736,14.25,272.25
ocotepeque,2020-11-28,16.199,14.25,270.75
copan,2020-11-28,15.499,14.75,271.25
comayagua,2020-11-29,15.013,14.25,272.25
ocotepeque,2020-11-29,22.918,14.25,270.75
copan,2020-11-29,16.5,14.75,271.25
comayagua,2020-11-30,17.706,14.25,272.25
ocotepeque,2020-11-30,23.414,14.25,270.75
copan,2020-11-30,18.164,14.75,271.25
comayagua,2020-12-01,17.28,14.25,272.25
ocotepeque,2020-12-01,22.22,14.25,270.75
copan,2020-12-01,15.186,14.75,271.25
comayagua,2020-12-02,16.446,14.25,272.25
ocotepeque,2020-12-02,21.262,14.25,270.75
copan,2020-12-02,14.785,14.75,271.25
comayagua,2020-12-03,16.459,14.25,272.25
ocotepeque,2020-12-03,22.711,14.25,270.75
copan,2020-12-03,15.958,14.75,271.25
comayagua,2020-12-04,17.795,14.25,272.25
ocotepeque,2020-12-04,17.426,14.25,270.75
copan,2020-12-04,17.429,14.75,271.25
comayagua,2020-12-05,18.279,14.25,272.25
ocotepeque,2020-12-05,17.733,14.25,270.75
copan,2020-12-05,17.353,14.75,271.25
comayagua,2020-12-06,17.393,14.25,272.25
ocotepeque,2020-12-06,23.682,14.25,270.75
copan,2020-12-06,18.032,14.75,271.25
comayagua,2020-12-07,17.334,14.25,272.25
ocotepeque,2020-12-07,22.581,14.25,270.75
copan,2020-12-07,16.614,14.75,271.25
comayagua,2020-12-08,16.495,14.25,272.25
ocotepeque,2020-12-08,20.841,14.25,270.75
copan,2020-12-08,14.201,14.75,271.25
comayagua,2020-12-09,14.757,14.25,272.25
ocotepeque,2020-12-09,20.196,14.25,270.75
copan,2020-12-09,13.13,14.75,271.25
comayagua,2020-12-10,12.836,14.25,272.25
ocotepeque,2020-12-10,19.244,14.25,270.75
copan,2020-12-10,11.458,14.75,271.25
comayagua,2020-12-11,13.787,14.25,272.25
ocotepeque,2020-12-11,20.759,14.25,270.75
copan,2020-12-11,13.41,14.75,271.25
comayagua,2020-12-12,12.202,14.25,272.25
ocotepeque,2020-12-12,20.626,14.25,270.75
copan,2020-12-12,13.484,14.75,271.25
comayagua,2020-12-13,16.675,14.25,272.25
ocotepeque,2020-12-13,22.91,14.25,270.75
copan,2020-12-13,16.501,14.75,271.25
comayagua,2020-12-14,13.772,14.25,272.25
ocotepeque,2020-12-14,23.303,14.25,270.75
copan,2020-12-14,16.82,14.75,271.25
comayagua,2020-12-15,16.217,14.25,272.25
ocotepeque,2020-12-15,16.424,14.25,270.75
copan,2020-12-15,16.697,14.75,271.25
comayagua,2020-12-16,12.726,14.25,272.25
ocotepeque,2020-12-16,22.089,14.25,270.75
copan,2020-12-16,16.204,14.75,271.25
comayagua,2020-12-17,18.08,14.25,272.25
ocotepeque,2020-12-17,22.693,14.25,270.75
copan,2020-12-17,16.488,14.75,271.25
comayagua,2020-12-18,18.713,14.25,272.25
ocotepeque,2020-12-18,25.286,14.25,270.75
copan,2020-12-18,17.052,14.75,271.25
comayagua,2020-12-19,15.655,14.25,272.25
ocotepeque,2020-12-19,21.273,14.25,270.75
copan,2020-12-19,13.602,14.75,271.25
comayagua,2020-12-20,16.293,14.25,272.25
ocotepeque,2020-12-20,22.003,14.25,270.75
copan,2020-12-20,16.041,14.75,271.25
comayagua,2020-12-21,16.996,14.25,272.25
ocotepeque,2020-12-21,19.658,14.25,270.75
copan,2020-12-21,16.249,14.75,271.25
comayagua,2020-12-22,18.684,14.25,272.25
ocotepeque,2020-12-22,19.609,14.25,270.75
copan,2020-12-22,16.672,14.75,271.25
comayagua,2020-12-23,18.174,14.25,272.25
ocotepeque,2020-12-23,22.955,14.25,270.75
copan,2020-12-23,16.781,14.75,271.25
comayagua,2020-12-24,14.632,14.25,272.25
ocotepeque,2020-12-24,22.047,14.25,270.75
copan,2020-12-24,15.406,14.75,271.25
comayagua,2020-12-25,18.009,14.25,272.25
ocotepeque,2020-12-25,22.721,14.25,270.75
copan,2020-12-25,15.231,14.75,271.25
comayagua,2020-12-26,14.04,14.25,272.25
ocotepeque,2020-12-26,17.871,14.25,270.75
copan,2020-12-26,10.541,14.75,271.25
comayagua,2020-12-27,17.272,14.25,272.25
ocotepeque,2020-12-27,21.127,14.25,270.75
copan,2020-12-27,19.593,14.75,271.25
comayagua,2020-12-28,13.656,14.25,272.25
ocotepeque,2020-12-28,19.169,14.25,270.75
copan,2020-12-28,12.872,14.75,271.25
comayagua,2020-12-29,14.313,14.25,272.25
ocotepeque,2020-12-29,19.548,14.25,270.75
copan,2020-12-29,12.667,14.75,271.25
comayagua,2020-12-30,14.383,14.25,272.25
ocotepeque,2020-12-30,20.677,14.25,270.75
copan,2020-12-30,14.55,14.75,271.25
comayagua,2020-12-31,15.251,14.25,272.25
ocotepeque,2020-12-31,20.098,14.25,270.75
copan,2020-12-31,14.755,14.75,271.25
comayagua,2021-01-01,14.521,14.25,272.25
ocotepeque,2021-01-01,21.416,14.25,270.75
copan,2021-01-01,15.714,14.75,271.25
comayagua,2021-01-02,17.048,14.25,272.25
ocotepeque,2021-01-02,22.272,14.25,270.75
copan,2021-01-02,16.715,14.75,271.25
comayagua,2021-01-03,17.933,14.25,272.25
ocotepeque,2021-01-03,22.446,14.25,270.75
copan,2021-01-03,16.162,14.75,271.25
comayagua,2021-01-04,17.923,14.25,272.25
ocotepeque,2021-01-04,21.553,14.25,270.75
copan,2021-01-04,17.193,14.75,271.25
comayagua,2021-01-05,15.577,14.25,272.25
ocotepeque,2021-01-05,20.587,14.25,270.75
copan,2021-01-05,12.909,14.75,271.25
comayagua,2021-01-06,19.41,14.25,272.25
ocotepeque,2021-01-06,21.396,14.25,270.75
copan,2021-01-06,13.305,14.75,271.25
comayagua,2021-01-07,13.381,14.25,272.25
ocotepeque,2021-01-07,21.361,14.25,270.75
copan,2021-01-07,13.354,14.75,271.25
comayagua,2021-01-08,17.162,14.25,272.25
ocotepeque,2021-01-08,22.536,14.25,270.75
copan,2021-01-08,16.139,14.75,271.25
comayagua,2021-01-09,16.895,14.25,272.25
ocotepeque,2021-01-09,21.822,14.25,270.75
copan,2021-01-09,14.97,14.75,271.25
comayagua,2021-01-10,14.486,14.25,272.25
ocotepeque,2021-01-10,20.306,14.25,270.75
copan,2021-01-10,13.172,14.75,271.25
comayagua,2021-01-11,17.165,14.25,272.25
ocotepeque,2021-01-11,21.803,14.25,270.75
copan,2021-01-11,16.056,14.75,271.25
comayagua,2021-01-12,18.422,14.25,272.25
ocotepeque,2021-01-12,22.736,14.25,270.75
copan,2021-01-12,16.105,14.75,271.25
comayagua,2021-01-13,17.841,14.25,272.25
ocotepeque,2021-01-13,22.794,14.25,270.75
copan,2021-01-13,16.398,14.75,271.25
comayagua,2021-01-14,16.848,14.25,272.25
ocotepeque,2021-01-14,22.34,14.25,270.75
copan,2021-01-14,15.464,14.75,271.25
comayagua,2021-01-15,17.396,14.25,272.25
ocotepeque,2021-01-15,23.04,14.25,270.75
copan,2021-01-15,16.775,14.75,271.25
comayagua,2021-01-16,17.836,14.25,272.25
ocotepeque,2021-01-16,24.758,14.25,270.75
copan,2021-01-16,16.35,14.75,271.25
comayagua,2021-01-17,15.735,14.25,272.25
ocotepeque,2021-01-17,15.38,14.25,270.75
copan,2021-01-17,14.365,14.75,271.25
comayagua,2021-01-18,17.031,14.25,272.25
ocotepeque,2021-01-18,21.634,14.25,270.75
copan,2021-01-18,15.304,14.75,271.25
comayagua,2021-01-19,17.512,14.25,272.25
ocotepeque,2021-01-19,23.127,14.25,270.75
copan,2021-01-19,16.0,14.75,271.25
comayagua,2021-01-20,17.856,14.25,272.25
ocotepeque,2021-01-20,22.682,14.25,270.75
copan,2021-01-20,15.881,14.75,271.25
comayagua,2021-01-21,17.317,14.25,272.25
ocotepeque,2021-01-21,17.135,14.25,270.75
copan,2021-01-21,16.416,14.75,271.25
comayagua,2021-01-22,14.855,14.25,272.25
ocotepeque,2021-01-22,13.263,14.25,270.75
copan,2021-01-22,11.811,14.75,271.25
comayagua,2021-01-23,12.874,14.25,272.25
ocotepeque,2021-01-23,14.974,14.25,270.75
copan,2021-01-23,15.652,14.75,271.25
comayagua,2021-01-24,15.869,14.25,272.25
ocotepeque,2021-01-24,15.659,14.25,270.75
copan,2021-01-24,15.438,14.75,271.25
comayagua,2021-01-25,14.79,14.25,272.25
ocotepeque,2021-01-25,23.081,14.25,270.75
copan,2021-01-25,15.484,14.75,271.25
comayagua,2021-01-26,12.923,14.25,272.25
ocotepeque,2021-01-26,13.248,14.25,270.75
copan,2021-01-26,13.304,14.75,271.25
comayagua,2021-01-27,13.342,14.25,272.25
ocotepeque,2021-01-27,21.691,14.25,270.75
copan,2021-01-27,13.706,14.75,271.25
comayagua,2021-01-28,17.655,14.25,272.25
ocotepeque,2021-01-28,23.155,14.25,270.75
copan,2021-01-28,16.198,14.75,271.25
comayagua,2021-01-29,16.138,14.25,272.25
ocotepeque,2021-01-29,21.091,14.25,270.75
copan,2021-01-29,14.223,14.75,271.25
comayagua,2021-01-30,17.349,14.25,272.25
ocotepeque,2021-01-30,21.53,14.25,270.75
copan,2021-01-30,14.958,14.75,271.25
comayagua,2021-01-31,15.506,14.25,272.25
ocotepeque,2021-01-31,21.584,14.25,270.75
copan,2021-01-31,14.284,14.75,271.25
comayagua,2021-02-01,17.708,14.25,272.25
ocotepeque,2021-02-01,23.057,14.25,270.75
copan,2021-02-01,15.841,14.75,271.25
comayagua,2021-02-02,16.068,14.25,272.25
ocotepeque,2021-02-02,17.448,14.25,270.75
copan,2021-02-02,12.026,14.75,271.25
comayagua,2021-02-03,12.14,14.25,272.25
ocotepeque,2021-02-03,17.953,14.25,270.75
copan,2021-02-03,9.795,14.75,271.25
comayagua,2021-02-04,13.797,14.25,272.25
ocotepeque,2021-02-04,21.126,14.25,270.75
copan,2021-02-04,10.66,14.75,271.25
comayagua,2021-02-05,9.518,14.25,272.25
ocotepeque,2021-02-05,19.443,14.25,270.75
copan,2021-02-05,10.216,14.75,271.25
comayagua,2021-02-06,15.379,14.25,272.25
ocotepeque,2021-02-06,22.14,14.25,270.75
copan,2021-02-06,16.629,14.75,271.25
comayagua,2021-02-07,11.336,14.25,272.25
ocotepeque,2021-02-07,21.212,14.25,270.75
copan,2021-02-07,13.541,14.75,271.25
comayagua,2021-02-08,17.272,14.25,272.25
ocotepeque,2021-02-08,21.061,14.25,270.75
copan,2021-02-08,17.271,14.75,271.25
comayagua,2021-02-09,15.969,14.25,272.25
ocotepeque,2021-02-09,22.722,14.25,270.75
copan,2021-02-09,15.926,14.75,271.25
comayagua,2021-02-10,16.867,14.25,272.25
ocotepeque,2021-02-10,23.374,14.25,270.75
copan,2021-02-10,15.299,14.75,271.25
comayagua,2021-02-11,13.287,14.25,272.25
ocotepeque,2021-02-11,24.008,14.25,270.75
copan,2021-02-11,14.44,14.75,271.25
comayagua,2021-02-12,13.693,14.25,272.25
ocotepeque,2021-02-12,21.669,14.25,270.75
copan,2021-02-12,15.043,14.75,271.25
comayagua,2021-02-13,14.94,14.25,272.25
ocotepeque,2021-02-13,22.062,14.25,270.75
copan,2021-02-13,15.839,14.75,271.25
comayagua,2021-02-14,13.721,14.25,272.25
ocotepeque,2021-02-14,22.02,14.25,270.75
copan,2021-02-14,15.37,14.75,271.25
comayagua,2021-02-15,13.603,14.25,272.25
ocotepeque,2021-02-15,25.426,14.25,270.75
copan,2021-02-15,15.994,14.75,271.25
comayagua,2021-02-16,15.549,14.25,272.25
ocotepeque,2021-02-16,23.065,14.25,270.75
copan,2021-02-16,16.494,14.75,271.25
comayagua,2021-02-17,14.912,14.25,272.25
ocotepeque,2021-02-17,22.436,14.25,270.75
copan,2021-02-17,15.908,14.75,271.25
comayagua,2021-02-18,16.819,14.25,272.25
ocotepeque,2021-02-18,23.916,14.25,270.75
copan,2021-02-18,18.174,14.75,271.25
comayagua,2021-02-19,16.301,14.25,272.25
ocotepeque,2021-02-19,17.899,14.25,270.75
copan,2021-02-19,17.115,14.75,271.25
comayagua,2021-02-20,15.384,14.25,272.25
ocotepeque,2021-02-20,14.287,14.25,270.75
copan,2021-02-20,12.953,14.75,271.25
comayagua,2021-02-21,15.635,14.25,272.25
ocotepeque,2021-02-21,27.037,14.25,270.75
copan,2021-02-21,16.226,14.75,271.25
comayagua,2021-02-22,17.119,14.25,272.25
ocotepeque,2021-02-22,22.503,14.25,270.75
copan,2021-02-22,15.653,14.75,271.25
comayagua,2021-02-23,17.282,14.25,272.25
ocotepeque,2021-02-23,22.758,14.25,270.75
copan,2021-02-23,14.856,14.75,271.25
comayagua,2021-02-24,19.083,14.25,272.25
ocotepeque,2021-02-24,23.23,14.25,270.75
copan,2021-02-24,16.487,14.75,271.25
comayagua,2021-02-25,19.15,14.25,272.25
ocotepeque,2021-02-25,23.458,14.25,270.75
copan,2021-02-25,17.231,14.75,271.25
comayagua,2021-02-26,18.37,14.25,272.25
ocotepeque,2021-02-26,23.047,14.25,270.75
copan,2021-02-26,16.211,14.75,271.25
comayagua,2021-02-27,16.502,14.25,272.25
ocotepeque,2021-02-27,22.918,14.25,270.75
copan,2021-02-27,15.114,14.75,271.25
comayagua,2021-02-28,16.735,14.25,272.25
ocotepeque,2021-02-28,24.466,14.25,270.75
copan,2021-02-28,15.949,14.75,271.25
comayagua,2021-03-01,16.853,14.25,272.25
ocotepeque,2021-03-01,23.526,14.25,270.75
copan,2021-03-01,16.292,14.75,271.25
comayagua,2021-03-02,15.336,14.25,272.25
ocotepeque,2021-03-02,22.701,14.25,270.75
copan,2021-03-02,13.651,14.75,271.25
comayagua,2021-03-03,16.779,14.25,272.25
ocotepeque,2021-03-03,23.86,14.25,270.75
copan,2021-03-03,16.254,14.75,271.25
comayagua,2021-03-04,14.313,14.25,272.25
ocotepeque,2021-03-04,21.864,14.25,270.75
copan,2021-03-04,11.477,14.75,271.25
comayagua,2021-03-05,14.406,14.25,272.25
ocotepeque,2021-03-05,22.407,14.25,270.75
copan,2021-03-05,12.53,14.75,271.25
comayagua,2021-03-06,14.037,14.25,272.25
ocotepeque,2021-03-06,14.256,14.25,270.75
copan,2021-03-06,13.875,14.75,271.25
comayagua,2021-03-07,18.618,14.25,272.25
ocotepeque,2021-03-07,24.123,14.25,270.75
copan,2021-03-07,15.866,14.75,271.25
comayagua,2021-03-08,17.566,14.25,272.25
ocotepeque,2021-03-08,23.12,14.25,270.75
copan,2021-03-08,15.418,14.75,271.25
comayagua,2021-03-09,16.228,14.25,272.25
ocotepeque,2021-03-09,21.696,14.25,270.75
copan,2021-03-09,14.301,14.75,271.25
comayagua,2021-03-10,17.357,14.25,272.25
ocotepeque,2021-03-10,23.758,14.25,270.75
copan,2021-03-10,15.366,14.75,271.25
comayagua,2021-03-11,17.921,14.25,272.25
ocotepeque,2021-03-11,23.677,14.25,270.75
copan,2021-03-11,15.529,14.75,271.25
comayagua,2021-03-12,17.974,14.25,272.25
ocotepeque,2021-03-12,23.512,14.25,270.75
copan,2021-03-12,15.832,14.75,271.25
comayagua,2021-03-13,18.488,14.25,272.25
ocotepeque,2021-03-13,24.364,14.25,270.75
copan,2021-03-13,16.259,14.75,271.25
comayagua,2021-03-14,15.713,14.25,272.25
ocotepeque,2021-03-14,24.757,14.25,270.75
copan,2021-03-14,14.028,14.75,271.25
comayagua,2021-03-15,16.075,14.25,272.25
ocotepeque,2021-03-15,23.319,14.25,270.75
copan,2021-03-15,16.402,14.75,271.25
comayagua,2021-03-16,16.524,14.25,272.25
ocotepeque,2021-03-16,23.748,14.25,270.75
copan,2021-03-16,16.318,14.75,271.25
comayagua,2021-03-17,12.858,14.25,272.25
ocotepeque,2021-03-17,22.863,14.25,270.75
copan,2021-03-17,12.952,14.75,271.25
comayagua,2021-03-18,12.079,14.25,272.25
ocotepeque,2021-03-18,22.291,14.25,270.75
copan,2021-03-18,13.668,14.75,271.25
comayagua,2021-03-19,18.04,14.25,272.25
ocotepeque,2021-03-19,24.712,14.25,270.75
copan,2021-03-19,17.31,14.75,271.25
comayagua,2021-03-20,18.278,14.25,272.25
ocotepeque,2021-03-20,24.392,14.25,270.75
copan,2021-03-20,16.626,14.75,271.25
comayagua,2021-03-21,16.632,14.25,272.25
ocotepeque,2021-03-21,22.772,14.25,270.75
copan,2021-03-21,14.866,14.75,271.25
comayagua,2021-03-22,16.01,14.25,272.25
ocotepeque,2021-03-22,23.302,14.25,270.75
copan,2021-03-22,14.327,14.75,271.25
comayagua,2021-03-23,17.1,14.25,272.25
ocotepeque,2021-03-23,27.412,14.25,270.75
copan,2021-03-23,20.321,14.75,271.25
comayagua,2021-03-24,21.308,14.25,272.25
ocotepeque,2021-03-24,26.535,14.25,270.75
copan,2021-03-24,16.418,14.75,271.25
comayagua,2021-03-25,16.241,14.25,272.25
ocotepeque,2021-03-25,23.754,14.25,270.75
copan,2021-03-25,15.816,14.75,271.25
comayagua,2021-03-26,14.334,14.25,272.25
ocotepeque,2021-03-26,23.728,14.25,270.75
copan,2021-03-26,15.612,14.75,271.25
comayagua,2021-03-27,15.001,14.25,272.25
ocotepeque,2021-03-27,24.267,14.25,270.75
copan,2021-03-27,14.434,14.75,271.25
comayagua,2021-03-28,16.311,14.25,272.25
ocotepeque,2021-03-28,23.284,14.25,270.75
copan,2021-03-28,14.477,14.75,271.25
comayagua,2021-03-29,18.658,14.25,272.25
ocotepeque,2021-03-29,25.127,14.25,270.75
copan,2021-03-29,17.58,14.75,271.25
comayagua,2021-03-30,18.337,14.25,272.25
ocotepeque,2021-03-30,24.353,14.25,270.75
copan,2021-03-30,16.473,14.75,271.25
comayagua,2021-03-31,17.553,14.25,272.25
ocotepeque,2021-03-31,23.58,14.25,270.75
copan,2021-03-31,15.419,14.75,271.25
comayagua,2021-04-01,19.394,14.25,272.25
ocotepeque,2021-04-01,25.781,14.25,270.75
copan,2021-04-01,18.222,14.75,271.25
comayagua,2021-04-02,17.982,14.25,272.25
ocotepeque,2021-04-02,24.837,14.25,270.75
copan,2021-04-02,16.071,14.75,271.25
comayagua,2021-04-03,18.079,14.25,272.25
ocotepeque,2021-04-03,23.938,14.25,270.75
copan,2021-04-03,15.498,14.75,271.25
comayagua,2021-04-04,16.73,14.25,272.25
ocotepeque,2021-04-04,22.703,14.25,270.75
copan,2021-04-04,14.911,14.75,271.25
comayagua,2021-04-05,16.761,14.25,272.25
ocotepeque,2021-04-05,21.131,14.25,270.75
copan,2021-04-05,14.456,14.75,271.25
comayagua,2021-04-06,16.866,14.25,272.25
ocotepeque,2021-04-06,22.134,14.25,270.75
copan,2021-04-06,13.648,14.75,271.25
comayagua,2021-04-07,17.614,14.25,272.25
ocotepeque,2021-04-07,23.368,14.25,270.75
copan,2021-04-07,17.705,14.75,271.25
comayagua,2021-04-08,16.165,14.25,272.25
ocotepeque,2021-04-08,23.291,14.25,270.75
copan,2021-04-08,15.942,14.75,271.25
comayagua,2021-04-09,15.32,14.25,272.25
ocotepeque,2021-04-09,25.097,14.25,270.75
copan,2021-04-09,16.56,14.75,271.25
comayagua,2021-04-10,22.255,14.25,272.25
ocotepeque,2021-04-10,25.482,14.25,270.75
copan,2021-04-10,19.113,14.75,271.25
comayagua,2021-04-11,17.316,14.25,272.25
ocotepeque,2021-04-11,24.581,14.25,270.75
copan,2021-04-11,18.51,14.75,271.25
comayagua,2021-04-12,14.945,14.25,272.25
ocotepeque,2021-04-12,24.978,14.25,270.75
copan,2021-04-12,18.237,14.75,271.25
comayagua,2021-04-13,15.862,14.25,272.25
ocotepeque,2021-04-13,24.685,14.25,270.75
copan,2021-04-13,16.743,14.75,271.25
comayagua,2021-04-14,18.877,14.25,272.25
ocotepeque,2021-04-14,24.692,14.25,270.75
copan,2021-04-14,18.724,14.75,271.25
comayagua,2021-04-15,16.797,14.25,272.25
ocotepeque,2021-04-15,24.257,14.25,270.75
copan,2021-04-15,18.404,14.75,271.25
comayagua,2021-04-16,17.153,14.25,272.25
ocotepeque,2021-04-16,25.024,14.25,270.75
copan,2021-04-16,17.869,14.75,271.25
comayagua,2021-04-17,19.022,14.25,272.25
ocotepeque,2021-04-17,24.701,14.25,270.75
copan,2021-04-17,17.788,14.75,271.25
comayagua,2021-04-18,18.976,14.25,272.25
ocotepeque,2021-04-18,25.393,14.25,270.75
copan,2021-04-18,19.836,14.75,271.25
comayagua,2021-04-19,18.975,14.25,272.25
ocotepeque,2021-04-19,24.275,14.25,270.75
copan,2021-04-19,23.335,14.75,271.25
comayagua,2021-04-20,18.329,14.25,272.25
ocotepeque,2021-04-20,22.124,14.25,270.75
copan,2021-04-20,18.015,14.75,271.25
comayagua,2021-04-21,18.779,14.25,272.25
ocotepeque,2021-04-21,25.573,14.25,270.75
copan,2021-04-21,17.494,14.75,271.25
comayagua,2021-04-22,18.069,14.25,272.25
ocotepeque,2021-04-22,25.119,14.25,270.75
copan,2021-04-22,16.749,14.75,271.25
comayagua,2021-04-23,16.279,14.25,272.25
ocotepeque,2021-04-23,23.146,14.25,270.75
copan,2021-04-23,14.608,14.75,271.25
comayagua,2021-04-24,17.925,14.25,272.25
ocotepeque,2021-04-24,24.175,14.25,270.75
copan,2021-04-24,16.913,14.75,271.25
comayagua,2021-04-25,16.517,14.25,272.25
ocotepeque,2021-04-25,24.227,14.25,270.75
copan,2021-04-25,17.36,14.75,271.25
comayagua,2021-04-26,18.631,14.25,272.25
ocotepeque,2021-04-26,23.48,14.25,270.75
copan,2021-04-26,17.188,14.75,271.25
comayagua,2021-04-27,17.779,14.25,272.25
ocotepeque,2021-04-27,23.852,14.25,270.75
copan,2021-04-27,16.046,14.75,271.25
comayagua,2021-04-28,17.361,14.25,272.25
ocotepeque,2021-04-28,24.31,14.25,270.75
copan,2021-04-28,17.557,14.75,271.25
comayagua,2021-04-29,17.956,14.25,272.25
ocotepeque,2021-04-29,24.138,14.25,270.75
copan,2021-04-29,18.286,14.75,271.25
comayagua,2021-04-30,19.076,14.25,272.25
ocotepeque,2021-04-30,25.246,14.25,270.75
copan,2021-04-30,19.261,14.75,271.25
comayagua,2021-05-01,20.822,14.25,272.25
ocotepeque,2021-05-01,22.707,14.25,270.75
copan,2021-05-01,17.078,14.75,271.25
comayagua,2021-05-02,19.068,14.25,272.25
ocotepeque,2021-05-02,25.297,14.25,270.75
copan,2021-05-02,18.367,14.75,271.25
comayagua,2021-05-03,18.375,14.25,272.25
ocotepeque,2021-05-03,23.595,14.25,270.75
copan,2021-05-03,18.709,14.75,271.25
comayagua,2021-05-04,18.39,14.25,272.25
ocotepeque,2021-05-04,22.612,14.25,270.75
copan,2021-05-04,18.409,14.75,271.25
comayagua,2021-05-05,17.663,14.25,272.25
ocotepeque,2021-05-05,23.261,14.25,270.75
copan,2021-05-05,17.287,14.75,271.25
comayagua,2021-05-06,18.815,14.25,272.25
ocotepeque,2021-05-06,22.294,14.25,270.75
copan,2021-05-06,18.24,14.75,271.25
comayagua,2021-05-07,18.331,14.25,272.25
ocotepeque,2021-05-07,20.802,14.25,270.75
copan,2021-05-07,18.265,14.75,271.25
comayagua,2021-05-08,19.697,14.25,272.25
ocotepeque,2021-05-08,24.477,14.25,270.75
copan,2021-05-08,18.633,14.75,271.25
comayagua,2021-05-09,17.609,14.25,272.25
ocotepeque,2021-05-09,22.939,14.25,270.75
copan,2021-05-09,16.839,14.75,271.25
comayagua,2021-05-10,17.23,14.25,272.25
ocotepeque,2021-05-10,23.965,14.25,270.75
copan,2021-05-10,16.116,14.75,271.25
comayagua,2021-05-11,19.032,14.25,272.25
ocotepeque,2021-05-11,24.703,14.25,270.75
copan,2021-05-11,16.948,14.75,271.25
comayagua,2021-05-12,18.134,14.25,272.25
ocotepeque,2021-05-12,24.841,14.25,270.75
copan,2021-05-12,18.403,14.75,271.25
comayagua,2021-05-13,19.041,14.25,272.25
ocotepeque,2021-05-13,25.417,14.25,270.75
copan,2021-05-13,19.048,14.75,271.25
comayagua,2021-05-14,20.28,14.25,272.25
ocotepeque,2021-05-14,25.578,14.25,270.75
copan,2021-05-14,19.367,14.75,271.25
comayagua,2021-05-15,19.305,14.25,272.25
ocotepeque,2021-05-15,20.55,14.25,270.75
copan,2021-05-15,17.783,14.75,271.25
comayagua,2021-05-16,22.685,14.25,272.25
ocotepeque,2021-05-16,25.222,14.25,270.75
copan,2021-05-16,22.712,14.75,271.25
comayagua,2021-05-17,19.387,14.25,272.25
ocotepeque,2021-05-17,24.895,14.25,270.75
copan,2021-05-17,19.073,14.75,271.25
comayagua,2021-05-18,19.063,14.25,272.25
ocotepeque,2021-05-18,27.008,14.25,270.75
copan,2021-05-18,18.682,14.75,271.25
comayagua,2021-05-19,19.683,14.25,272.25
ocotepeque,2021-05-19,25.906,14.25,270.75
copan,2021-05-19,22.25,14.75,271.25
comayagua,2021-05-20,16.495,14.25,272.25
ocotepeque,2021-05-20,24.703,14.25,270.75
copan,2021-05-20,18.397,14.75,271.25
comayagua,2021-05-21,19.577,14.25,272.25
ocotepeque,2021-05-21,25.632,14.25,270.75
copan,2021-05-21,18.751,14.75,271.25
comayagua,2021-05-22,20.807,14.25,272.25
ocotepeque,2021-05-22,25.184,14.25,270.75
copan,2021-05-22,19.703,14.75,271.25
comayagua,2021-05-23,19.937,14.25,272.25
ocotepeque,2021-05-23,23.003,14.25,270.75
copan,2021-05-23,18.508,14.75,271.25
comayagua,2021-05-24,22.541,14.25,272.25
ocotepeque,2021-05-24,24.532,14.25,270.75
copan,2021-05-24,18.611,14.75,271.25
comayagua,2021-05-25,19.734,14.25,272.25
ocotepeque,2021-05-25,22.949,14.25,270.75
copan,2021-05-25,18.437,14.75,271.25
comayagua,2021-05-26,19.641,14.25,272.25
ocotepeque,2021-05-26,22.914,14.25,270.75
copan,2021-05-26,17.681,14.75,271.25
comayagua,2021-05-27,19.368,14.25,272.25
ocotepeque,2021-05-27,24.536,14.25,270.75
copan,2021-05-27,19.294,14.75,271.25
comayagua,2021-05-28,16.677,14.25,272.25
ocotepeque,2021-05-28,23.582,14.25,270.75
copan,2021-05-28,16.537,14.75,271.25
comayagua,2021-05-29,17.155,14.25,272.25
ocotepeque,2021-05-29,23.978,14.25,270.75
copan,2021-05-29,17.305,14.75,271.25
comayagua,2021-05-30,18.796,14.25,272.25
ocotepeque,2021-05-30,22.515,14.25,270.75
copan,2021-05-30,19.124,14.75,271.25
comayagua,2021-05-31,19.196,14.25,272.25
ocotepeque,2021-05-31,23.545,14.25,270.75
copan,2021-05-31,17.597,14.75,271.25
comayagua,2021-06-01,19.324,14.25,272.25
ocotepeque,2021-06-01,24.874,14.25,270.75
copan,2021-06-01,17.846,14.75,271.25
comayagua,2021-06-02,19.187,14.25,272.25
ocotepeque,2021-06-02,23.44,14.25,270.75
copan,2021-06-02,18.532,14.75,271.25
comayagua,2021-06-03,19.505,14.25,272.25
ocotepeque,2021-06-03,24.59,14.25,270.75
copan,2021-06-03,18.611,14.75,271.25
comayagua,2021-06-04,18.824,14.25,272.25
ocotepeque,2021-06-04,23.575,14.25,270.75
copan,2021-06-04,18.716,14.75,271.25
comayagua,2021-06-05,18.61,14.25,272.25
ocotepeque,2021-06-05,24.814,14.25,270.75
copan,2021-06-05,19.297,14.75,271.25
comayagua,2021-06-06,19.355,14.25,272.25
ocotepeque,2021-06-06,24.537,14.25,270.75
copan,2021-06-06,19.067,14.75,271.25
comayagua,2021-06-07,18.486,14.25,272.25
ocotepeque,2021-06-07,23.533,14.25,270.75
copan,2021-06-07,18.994,14.75,271.25
comayagua,2021-06-08,17.894,14.25,272.25
ocotepeque,2021-06-08,22.499,14.25,270.75
copan,2021-06-08,17.038,14.75,271.25
comayagua,2021-06-09,18.182,14.25,272.25
ocotepeque,2021-06-09,22.423,14.25,270.75
copan,2021-06-09,18.005,14.75,271.25
comayagua,2021-06-10,17.24,14.25,272.25
ocotepeque,2021-06-10,21.896,14.25,270.75
copan,2021-06-10,17.218,14.75,271.25
comayagua,2021-06-11,18.232,14.25,272.25
ocotepeque,2021-06-11,22.621,14.25,270.75
copan,2021-06-11,17.815,14.75,271.25
comayagua,2021-06-12,19.52,14.25,272.25
ocotepeque,2021-06-12,22.725,14.25,270.75
copan,2021-06-12,17.793,14.75,271.25
comayagua,2021-06-13,18.721,14.25,272.25
ocotepeque,2021-06-13,25.084,14.25,270.75
copan,2021-06-13,17.806,14.75,271.25
comayagua,2021-06-14,19.385,14.25,272.25
ocotepeque,2021-06-14,22.809,14.25,270.75
copan,2021-06-14,17.713,14.75,271.25
comayagua,2021-06-15,18.597,14.25,272.25
ocotepeque,2021-06-15,21.897,14.25,270.75
copan,2021-06-15,17.744,14.75,271.25
comayagua,2021-06-16,19.334,14.25,272.25
ocotepeque,2021-06-16,22.053,14.25,270.75
copan,2021-06-16,18.239,14.75,271.25
comayagua,2021-06-17,19.268,14.25,272.25
ocotepeque,2021-06-17,23.632,14.25,270.75
copan,2021-06-17,17.675,14.75,271.25
comayagua,2021-06-18,19.327,14.25,272.25
ocotepeque,2021-06-18,22.815,14.25,270.75
copan,2021-06-18,17.291,14.75,271.25
comayagua,2021-06-19,17.268,14.25,272.25
ocotepeque,2021-06-19,24.108,14.25,270.75
copan,2021-06-19,17.559,14.75,271.25
comayagua,2021-06-20,18.089,14.25,272.25
ocotepeque,2021-06-20,22.871,14.25,270.75
copan,2021-06-20,17.737,14.75,271.25
comayagua,2021-06-21,16.713,14.25,272.25
ocotepeque,2021-06-21,21.876,14.25,270.75
copan,2021-06-21,15.917,14.75,271.25
comayagua,2021-06-22,17.861,14.25,272.25
ocotepeque,2021-06-22,21.717,14.25,270.75
copan,2021-06-22,16.585,14.75,271.25
comayagua,2021-06-23,17.916,14.25,272.25
ocotepeque,2021-06-23,21.229,14.25,270.75
copan,2021-06-23,16.455,14.75,271.25
comayagua,2021-06-24,17.158,14.25,272.25
ocotepeque,2021-06-24,21.796,14.25,270.75
copan,2021-06-24,16.94,14.75,271.25
comayagua,2021-06-25,17.034,14.25,272.25
ocotepeque,2021-06-25,22.251,14.25,270.75
copan,2021-06-25,17.151,14.75,271.25
comayagua,2021-06-26,17.793,14.25,272.25
ocotepeque,2021-06-26,21.082,14.25,270.75
copan,2021-06-26,17.087,14.75,271.25
comayagua,2021-06-27,17.252,14.25,272.25
ocotepeque,2021-06-27,21.216,14.25,270.75
copan,2021-06-27,16.049,14.75,271.25
comayagua,2021-06-28,18.759,14.25,272.25
ocotepeque,2021-06-28,22.037,14.25,270.75
copan,2021-06-28,17.711,14.75,271.25
comayagua,2021-06-29,18.115,14.25,272.25
ocotepeque,2021-06-29,21.797,14.25,270.75
copan,2021-06-29,17.574,14.75,271.25
comayagua,2021-06-30,17.357,14.25,272.25
ocotepeque,2021-06-30,22.904,14.25,270.75
copan,2021-06-30,16.509,14.75,271.25
comayagua,2021-07-01,17.596,14.25,272.25
ocotepeque,2021-07-01,23.204,14.25,270.75
copan,2021-07-01,17.387,14.75,271.25
comayagua,2021-07-02,17.487,14.25,272.25
ocotepeque,2021-07-02,22.092,14.25,270.75
copan,2021-07-02,18.416,14.75,271.25
comayagua,2021-07-03,19.806,14.25,272.25
ocotepeque,2021-07-03,24.876,14.25,270.75
copan,2021-07-03,18.147,14.75,271.25
comayagua,2021-07-04,18.305,14.25,272.25
ocotepeque,2021-07-04,22.175,14.25,270.75
copan,2021-07-04,19.151,14.75,271.25
comayagua,2021-07-05,18.19,14.25,272.25
ocotepeque,2021-07-05,22.01,14.25,270.75
copan,2021-07-05,17.923,14.75,271.25
comayagua,2021-07-06,18.176,14.25,272.25
ocotepeque,2021-07-06,22.945,14.25,270.75
copan,2021-07-06,17.53,14.75,271.25
comayagua,2021-07-07,22.68,14.25,272.25
ocotepeque,2021-07-07,24.093,14.25,270.75
copan,2021-07-07,18.003,14.75,271.25
comayagua,2021-07-08,17.395,14.25,272.25
ocotepeque,2021-07-08,24.516,14.25,270.75
copan,2021-07-08,17.578,14.75,271.25
comayagua,2021-07-09,19.896,14.25,272.25
ocotepeque,2021-07-09,26.043,14.25,270.75
copan,2021-07-09,18.627,14.75,271.25
comayagua,2021-07-10,19.571,14.25,272.25
ocotepeque,2021-07-10,21.447,14.25,270.75
copan,2021-07-10,18.362,14.75,271.25
comayagua,2021-07-11,20.037,14.25,272.25
ocotepeque,2021-07-11,19.667,14.25,270.75
copan,2021-07-11,18.476,14.75,271.25
comayagua,2021-07-12,18.341,14.25,272.25
ocotepeque,2021-07-12,20.02,14.25,270.75
copan,2021-07-12,17.321,14.75,271.25
comayagua,2021-07-13,19.559,14.25,272.25
ocotepeque,2021-07-13,20.16,14.25,270.75
copan,2021-07-13,18.336,14.75,271.25
comayagua,2021-07-14,19.474,14.25,272.25
ocotepeque,2021-07-14,22.004,14.25,270.75
copan,2021-07-14,19.194,14.75,271.25
comayagua,2021-07-15,19.521,14.25,272.25
ocotepeque,2021-07-15,17.634,14.25,270.75
copan,2021-07-15,17.462,14.75,271.25
comayagua,2021-07-16,18.785,14.25,272.25
ocotepeque,2021-07-16,18.206,14.25,270.75
copan,2021-07-16,18.306,14.75,271.25
comayagua,2021-07-17,18.267,14.25,272.25
ocotepeque,2021-07-17,23.91,14.25,270.75
copan,2021-07-17,17.828,14.75,271.25
comayagua,2021-07-18,19.145,14.25,272.25
ocotepeque,2021-07-18,21.649,14.25,270.75
copan,2021-07-18,17.999,14.75,271.25
comayagua,2021-07-19,18.786,14.25,272.25
ocotepeque,2021-07-19,25.018,14.25,270.75
copan,2021-07-19,18.278,14.75,271.25
comayagua,2021-07-20,20.535,14.25,272.25
ocotepeque,2021-07-20,24.536,14.25,270.75
copan,2021-07-20,18.524,14.75,271.25
comayagua,2021-07-21,19.948,14.25,272.25
ocotepeque,2021-07-21,25.037,14.25,270.75
copan,2021-07-21,18.866,14.75,271.25
comayagua,2021-07-22,20.083,14.25,272.25
ocotepeque,2021-07-22,24.31,14.25,270.75
copan,2021-07-22,18.485,14.75,271.25
comayagua,2021-07-23,19.975,14.25,272.25
ocotepeque,2021-07-23,22.873,14.25,270.75
copan,2021-07-23,17.86,14.75,271.25
comayagua,2021-07-24,19.273,14.25,272.25
ocotepeque,2021-07-24,23.705,14.25,270.75
copan,2021-07-24,17.139,14.75,271.25
comayagua,2021-07-25,19.039,14.25,272.25
ocotepeque,2021-07-25,22.933,14.25,270.75
copan,2021-07-25,16.227,14.75,271.25
comayagua,2021-07-26,15.798,14.25,272.25
ocotepeque,2021-07-26,22.504,14.25,270.75
copan,2021-07-26,15.56,14.75,271.25
comayagua,2021-07-27,16.638,14.25,272.25
ocotepeque,2021-07-27,23.235,14.25,270.75
copan,2021-07-27,16.009,14.75,271.25
comayagua,2021-07-28,18.03,14.25,272.25
ocotepeque,2021-07-28,22.072,14.25,270.75
copan,2021-07-28,17.315,14.75,271.25
comayagua,2021-07-29,18.467,14.25,272.25
ocotepeque,2021-07-29,23.861,14.25,270.75
copan,2021-07-29,18.36,14.75,271.25
comayagua,2021-07-30,20.442,14.25,272.25
ocotepeque,2021-07-30,25.505,14.25,270.75
copan,2021-07-30,19.116,14.75,271.25
comayagua,2021-07-31,19.318,14.25,272.25
ocotepeque,2021-07-31,24.907,14.25,270.75
copan,2021-07-31,19.005,14.75,271.25
comayagua,2021-08-01,19.886,14.25,272.25
ocotepeque,2021-08-01,24.394,14.25,270.75
copan,2021-08-01,19.035,14.75,271.25
comayagua,2021-08-02,18.997,14.25,272.25
ocotepeque,2021-08-02,24.496,14.25,270.75
copan,2021-08-02,18.707,14.75,271.25
comayagua,2021-08-03,18.556,14.25,272.25
ocotepeque,2021-08-03,22.57,14.25,270.75
copan,2021-08-03,17.536,14.75,271.25
comayagua,2021-08-04,17.848,14.25,272.25
ocotepeque,2021-08-04,24.191,14.25,270.75
copan,2021-08-04,17.602,14.75,271.25
comayagua,2021-08-05,18.248,14.25,272.25
ocotepeque,2021-08-05,22.427,14.25,270.75
copan,2021-08-05,17.837,14.75,271.25
comayagua,2021-08-06,17.937,14.25,272.25
ocotepeque,2021-08-06,20.148,14.25,270.75
copan,2021-08-06,17.86,14.75,271.25
comayagua,2021-08-07,18.024,14.25,272.25
ocotepeque,2021-08-07,21.215,14.25,270.75
copan,2021-08-07,17.358,14.75,271.25
comayagua,2021-08-08,16.809,14.25,272.25
ocotepeque,2021-08-08,22.375,14.25,270.75
copan,2021-08-08,17.092,14.75,271.25
comayagua,2021-08-09,16.767,14.25,272.25
ocotepeque,2021-08-09,23.779,14.25,270.75
copan,2021-08-09,17.623,14.75,271.25
comayagua,2021-08-10,17.764,14.25,272.25
ocotepeque,2021-08-10,24.951,14.25,270.75
copan,2021-08-10,17.164,14.75,271.25
comayagua,2021-08-11,19.102,14.25,272.25
ocotepeque,2021-08-11,23.7,14.25,270.75
copan,2021-08-11,18.397,14.75,271.25
comayagua,2021-08-12,18.485,14.25,272.25
ocotepeque,2021-08-12,22.274,14.25,270.75
copan,2021-08-12,18.073,14.75,271.25
comayagua,2021-08-13,18.849,14.25,272.25
ocotepeque,2021-08-13,24.111,14.25,270.75
copan,2021-08-13,19.266,14.75,271.25
comayagua,2021-08-14,17.831,14.25,272.25
ocotepeque,2021-08-14,25.933,14.25,270.75
copan,2021-08-14,16.789,14.75,271.25
comayagua,2021-08-15,17.996,14.25,272.25
ocotepeque,2021-08-15,23.907,14.25,270.75
copan,2021-08-15,17.952,14.75,271.25
comayagua,2021-08-16,17.728,14.25,272.25
ocotepeque,2021-08-16,24.302,14.25,270.75
copan,2021-08-16,18.082,14.75,271.25
comayagua,2021-08-17,19.397,14.25,272.25
ocotepeque,2021-08-17,23.067,14.25,270.75
copan,2021-08-17,17.949,14.75,271.25
comayagua,2021-08-18,19.719,14.25,272.25
ocotepeque,2021-08-18,22.65,14.25,270.75
copan,2021-08-18,19.32,14.75,271.25
comayagua,2021-08-19,18.541,14.25,272.25
ocotepeque,2021-08-19,25.016,14.25,270.75
copan,2021-08-19,17.965,14.75,271.25
comayagua,2021-08-20,17.58,14.25,272.25
ocotepeque,2021-08-20,21.788,14.25,270.75
copan,2021-08-20,17.408,14.75,271.25
comayagua,2021-08-21,18.523,14.25,272.25
ocotepeque,2021-08-21,22.29,14.25,270.75
copan,2021-08-21,17.89,14.75,271.25
comayagua,2021-08-22,18.155,14.25,272.25
ocotepeque,2021-08-22,22.904,14.25,270.75
copan,2021-08-22,18.918,14.75,271.25
comayagua,2021-08-23,18.607,14.25,272.25
ocotepeque,2021-08-23,22.123,14.25,270.75
copan,2021-08-23,18.58,14.75,271.25
comayagua,2021-08-24,18.414,14.25,272.25
ocotepeque,2021-08-24,22.612,14.25,270.75
copan,2021-08-24,19.078,14.75,271.25
comayagua,2021-08-25,18.804,14.25,272.25
ocotepeque,2021-08-25,23.108,14.25,270.75
copan,2021-08-25,17.611,14.75,271.25
comayagua,2021-08-26,18.053,14.25,272.25
ocotepeque,2021-08-26,24.05,14.25,270.75
copan,2021-08-26,18.38,14.75,271.25
comayagua,2021-08-27,18.017,14.25,272.25
ocotepeque,2021-08-27,23.26,14.25,270.75
copan,2021-08-27,17.527,14.75,271.25
comayagua,2021-08-28,19.417,14.25,272.25
ocotepeque,2021-08-28,23.104,14.25,270.75
copan,2021-08-28,18.039,14.75,271.25
comayagua,2021-08-29,17.297,14.25,272.25
ocotepeque,2021-08-29,23.303,14.25,270.75
copan,2021-08-29,17.404,14.75,271.25
comayagua,2021-08-30,17.197,14.25,272.25
ocotepeque,2021-08-30,23.85,14.25,270.75
copan,2021-08-30,18.348,14.75,271.25
comayagua,2021-08-31,17.452,14.25,272.25
ocotepeque,2021-08-31,21.971,14.25,270.75
copan,2021-08-31,17.685,14.75,271.25
comayagua,2021-09-01,18.32,14.25,272.25
ocotepeque,2021-09-01,22.157,14.25,270.75
copan,2021-09-01,17.694,14.75,271.25
comayagua,2021-09-02,18.625,14.25,272.25
ocotepeque,2021-09-02,24.719,14.25,270.75
copan,2021-09-02,19.194,14.75,271.25
comayagua,2021-09-03,19.484,14.25,272.25
ocotepeque,2021-09-03,22.756,14.25,270.75
copan,2021-09-03,18.062,14.75,271.25
comayagua,2021-09-04,18.793,14.25,272.25
ocotepeque,2021-09-04,22.218,14.25,270.75
copan,2021-09-04,17.635,14.75,271.25
comayagua,2021-09-05,17.363,14.25,272.25
ocotepeque,2021-09-05,22.613,14.25,270.75
copan,2021-09-05,17.296,14.75,271.25
comayagua,2021-09-06,17.138,14.25,272.25
ocotepeque,2021-09-06,25.221,14.25,270.75
copan,2021-09-06,19.211,14.75,271.25
comayagua,2021-09-07,18.699,14.25,272.25
ocotepeque,2021-09-07,22.656,14.25,270.75
copan,2021-09-07,18.763,14.75,271.25
comayagua,2021-09-08,17.509,14.25,272.25
ocotepeque,2021-09-08,25.766,14.25,270.75
copan,2021-09-08,19.327,14.75,271.25
comayagua,2021-09-09,17.593,14.25,272.25
ocotepeque,2021-09-09,23.622,14.25,270.75
copan,2021-09-09,19.262,14.75,271.25
comayagua,2021-09-10,18.302,14.25,272.25
ocotepeque,2021-09-10,21.317,14.25,270.75
copan,2021-09-10,18.404,14.75,271.25
comayagua,2021-09-11,20.986,14.25,272.25
ocotepeque,2021-09-11,22.453,14.25,270.75
copan,2021-09-11,18.432,14.75,271.25
comayagua,2021-09-12,18.517,14.25,272.25
ocotepeque,2021-09-12,23.755,14.25,270.75
copan,2021-09-12,16.903,14.75,271.25
comayagua,2021-09-13,16.593,14.25,272.25
ocotepeque,2021-09-13,23.525,14.25,270.75
copan,2021-09-13,17.239,14.75,271.25
comayagua,2021-09-14,17.107,14.25,272.25
ocotepeque,2021-09-14,22.68,14.25,270.75
copan,2021-09-14,17.987,14.75,271.25
comayagua,2021-09-15,18.709,14.25,272.25
ocotepeque,2021-09-15,23.292,14.25,270.75
copan,2021-09-15,18.221,14.75,271.25
comayagua,2021-09-16,18.583,14.25,272.25
ocotepeque,2021-09-16,23.043,14.25,270.75
copan,2021-09-16,17.621,14.75,271.25
comayagua,2021-09-17,17.254,14.25,272.25
ocotepeque,2021-09-17,24.071,14.25,270.75
copan,2021-09-17,17.371,14.75,271.25
comayagua,2021-09-18,17.061,14.25,272.25
ocotepeque,2021-09-18,24.015,14.25,270.75
copan,2021-09-18,16.652,14.75,271.25
comayagua,2021-09-19,18.844,14.25,272.25
ocotepeque,2021-09-19,24.45,14.25,270.75
copan,2021-09-19,19.274,14.75,271.25
comayagua,2021-09-20,18.061,14.25,272.25
ocotepeque,2021-09-20,22.316,14.25,270.75
copan,2021-09-20,19.081,14.75,271.25
comayagua,2021-09-21,19.788,14.25,272.25
ocotepeque,2021-09-21,24.629,14.25,270.75
copan,2021-09-21,18.954,14.75,271.25
comayagua,2021-09-22,19.796,14.25,272.25
ocotepeque,2021-09-22,23.872,14.25,270.75
copan,2021-09-22,19.073,14.75,271.25
comayagua,2021-09-23,18.725,14.25,272.25
ocotepeque,2021-09-23,23.834,14.25,270.75
copan,2021-09-23,17.947,14.75,271.25
comayagua,2021-09-24,17.905,14.25,272.25
ocotepeque,2021-09-24,23.854,14.25,270.75
copan,2021-09-24,17.01,14.75,271.25
comayagua,2021-09-25,18.082,14.25,272.25
ocotepeque,2021-09-25,23.402,14.25,270.75
copan,2021-09-25,17.366,14.75,271.25
comayagua,2021-09-26,17.811,14.25,272.25
ocotepeque,2021-09-26,23.911,14.25,270.75
copan,2021-09-26,17.613,14.75,271.25
comayagua,2021-09-27,18.159,14.25,272.25
ocotepeque,2021-09-27,23.589,14.25,270.75
copan,2021-09-27,18.228,14.75,271.25
comayagua,2021-09-28,15.928,14.25,272.25
ocotepeque,2021-09-28,23.117,14.25,270.75
copan,2021-09-28,17.203,14.75,271.25
comayagua,2021-09-29,16.912,14.25,272.25
ocotepeque,2021-09-29,23.723,14.25,270.75
copan,2021-09-29,17.903,14.75,271.25
comayagua,2021-09-30,18.466,14.25,272.25
ocotepeque,2021-09-30,23.607,14.25,270.75
copan,2021-09-30,19.007,14.75,271.25
comayagua,2021-10-01,18.967,14.25,272.25
ocotepeque,2021-10-01,23.512,14.25,270.75
copan,2021-10-01,18.301,14.75,271.25
comayagua,2021-10-02,17.554,14.25,272.25
ocotepeque,2021-10-02,24.617,14.25,270.75
copan,2021-10-02,18.109,14.75,271.25
comayagua,2021-10-03,21.165,14.25,272.25
ocotepeque,2021-10-03,25.994,14.25,270.75
copan,2021-10-03,18.37,14.75,271.25
comayagua,2021-10-04,18.869,14.25,272.25
ocotepeque,2021-10-04,24.374,14.25,270.75
copan,2021-10-04,17.342,14.75,271.25
comayagua,2021-10-05,18.852,14.25,272.25
ocotepeque,2021-10-05,25.096,14.25,270.75
copan,2021-10-05,18.401,14.75,271.25
comayagua,2021-10-06,19.826,14.25,272.25
ocotepeque,2021-10-06,24.017,14.25,270.75
copan,2021-10-06,21.985,14.75,271.25
comayagua,2021-10-07,19.257,14.25,272.25
ocotepeque,2021-10-07,24.506,14.25,270.75
copan,2021-10-07,18.899,14.75,271.25
comayagua,2021-10-08,19.277,14.25,272.25
ocotepeque,2021-10-08,24.326,14.25,270.75
copan,2021-10-08,19.083,14.75,271.25
comayagua,2021-10-09,19.358,14.25,272.25
ocotepeque,2021-10-09,24.015,14.25,270.75
copan,2021-10-09,17.886,14.75,271.25
comayagua,2021-10-10,18.558,14.25,272.25
ocotepeque,2021-10-10,23.634,14.25,270.75
copan,2021-10-10,17.494,14.75,271.25
comayagua,2021-10-11,17.526,14.25,272.25
ocotepeque,2021-10-11,24.11,14.25,270.75
copan,2021-10-11,18.076,14.75,271.25
comayagua,2021-10-12,18.982,14.25,272.25
ocotepeque,2021-10-12,25.124,14.25,270.75
copan,2021-10-12,19.073,14.75,271.25
comayagua,2021-10-13,18.085,14.25,272.25
ocotepeque,2021-10-13,22.057,14.25,270.75
copan,2021-10-13,17.298,14.75,271.25
comayagua,2021-10-14,16.685,14.25,272.25
ocotepeque,2021-10-14,23.442,14.25,270.75
copan,2021-10-14,16.374,14.75,271.25
comayagua,2021-10-15,17.842,14.25,272.25
ocotepeque,2021-10-15,23.843,14.25,270.75
copan,2021-10-15,16.874,14.75,271.25
comayagua,2021-10-16,15.72,14.25,272.25
ocotepeque,2021-10-16,23.555,14.25,270.75
copan,2021-10-16,15.861,14.75,271.25
comayagua,2021-10-17,18.264,14.25,272.25
ocotepeque,2021-10-17,23.435,14.25,270.75
copan,2021-10-17,16.034,14.75,271.25
comayagua,2021-10-18,18.749,14.25,272.25
ocotepeque,2021-10-18,21.219,14.25,270.75
copan,2021-10-18,17.652,14.75,271.25
comayagua,2021-10-19,18.637,14.25,272.25
ocotepeque,2021-10-19,21.924,14.25,270.75
copan,2021-10-19,17.643,14.75,271.25
comayagua,2021-10-20,18.652,14.25,272.25
ocotepeque,2021-10-20,22.041,14.25,270.75
copan,2021-10-20,17.884,14.75,271.25
comayagua,2021-10-21,17.278,14.25,272.25
ocotepeque,2021-10-21,24.315,14.25,270.75
copan,2021-10-21,17.738,14.75,271.25
comayagua,2021-10-22,17.385,14.25,272.25
ocotepeque,2021-10-22,24.539,14.25,270.75
copan,2021-10-22,18.791,14.75,271.25
comayagua,2021-10-23,18.139,14.25,272.25
ocotepeque,2021-10-23,23.553,14.25,270.75
copan,2021-10-23,18.767,14.75,271.25
comayagua,2021-10-24,17.983,14.25,272.25
ocotepeque,2021-10-24,24.274,14.25,270.75
copan,2021-10-24,19.245,14.75,271.25
comayagua,2021-10-25,18.507,14.25,272.25
ocotepeque,2021-10-25,24.388,14.25,270.75
copan,2021-10-25,18.097,14.75,271.25
comayagua,2021-10-26,19.442,14.25,272.25
ocotepeque,2021-10-26,25.732,14.25,270.75
copan,2021-10-26,20.203,14.75,271.25
comayagua,2021-10-27,18.714,14.25,272.25
ocotepeque,2021-10-27,25.234,14.25,270.75
copan,2021-10-27,19.52,14.75,271.25
comayagua,2021-10-28,18.175,14.25,272.25
ocotepeque,2021-10-28,24.611,14.25,270.75
copan,2021-10-28,19.708,14.75,271.25
comayagua,2021-10-29,18.545,14.25,272.25
ocotepeque,2021-10-29,24.942,14.25,270.75
copan,2021-10-29,19.01,14.75,271.25
comayagua,2021-10-30,18.137,14.25,272.25
ocotepeque,2021-10-30,22.974,14.25,270.75
copan,2021-10-30,16.567,14.75,271.25
comayagua,2021-10-31,20.234,14.25,272.25
ocotepeque,2021-10-31,22.663,14.25,270.75
copan,2021-10-31,13.349,14.75,271.25
comayagua,2021-11-01,17.444,14.25,272.25
ocotepeque,2021-11-01,22.751,14.25,270.75
copan,2021-11-01,14.785,14.75,271.25
comayagua,2021-11-02,18.435,14.25,272.25
ocotepeque,2021-11-02,24.778,14.25,270.75
copan,2021-11-02,16.963,14.75,271.25
comayagua,2021-11-03,17.645,14.25,272.25
ocotepeque,2021-11-03,23.412,14.25,270.75
copan,2021-11-03,16.564,14.75,271.25
comayagua,2021-11-04,16.618,14.25,272.25
ocotepeque,2021-11-04,22.303,14.25,270.75
copan,2021-11-04,15.951,14.75,271.25
comayagua,2021-11-05,18.213,14.25,272.25
ocotepeque,2021-11-05,24.048,14.25,270.75
copan,2021-11-05,17.672,14.75,271.25
comayagua,2021-11-06,18.235,14.25,272.25
ocotepeque,2021-11-06,23.198,14.25,270.75
copan,2021-11-06,16.553,14.75,271.25
comayagua,2021-11-07,17.047,14.25,272.25
ocotepeque,2021-11-07,22.565,14.25,270.75
copan,2021-11-07,14.728,14.75,271.25
comayagua,2021-11-08,18.072,14.25,272.25
ocotepeque,2021-11-08,22.556,14.25,270.75
copan,2021-11-08,15.543,14.75,271.25
comayagua,2021-11-09,16.152,14.25,272.25
ocotepeque,2021-11-09,22.157,14.25,270.75
copan,2021-11-09,14.788,14.75,271.25
comayagua,2021-11-10,14.028,14.25,272.25
ocotepeque,2021-11-10,20.821,14.25,270.75
copan,2021-11-10,11.548,14.75,271.25
comayagua,2021-11-11,16.466,14.25,272.25
ocotepeque,2021-11-11,22.701,14.25,270.75
copan,2021-11-11,15.05,14.75,271.25
comayagua,2021-11-12,17.843,14.25,272.25
ocotepeque,2021-11-12,24.066,14.25,270.75
copan,2021-11-12,17.509,14.75,271.25
comayagua,2021-11-13,18.968,14.25,272.25
ocotepeque,2021-11-13,23.958,14.25,270.75
copan,2021-11-13,16.855,14.75,271.25
comayagua,2021-11-14,18.28,14.25,272.25
ocotepeque,2021-11-14,24.444,14.25,270.75
copan,2021-11-14,17.451,14.75,271.25
comayagua,2021-11-15,17.764,14.25,272.25
ocotepeque,2021-11-15,24.331,14.25,270.75
copan,2021-11-15,16.939,14.75,271.25
comayagua,2021-11-16,17.959,14.25,272.25
ocotepeque,2021-11-16,23.48,14.25,270.75
copan,2021-11-16,16.568,14.75,271.25
comayagua,2021-11-17,17.715,14.25,272.25
ocotepeque,2021-11-17,23.943,14.25,270.75
copan,2021-11-17,16.991,14.75,271.25
comayagua,2021-11-18,18.068,14.25,272.25
ocotepeque,2021-11-18,23.188,14.25,270.75
copan,2021-11-18,17.467,14.75,271.25
comayagua,2021-11-19,17.795,14.25,272.25
ocotepeque,2021-11-19,24.211,14.25,270.75
copan,2021-11-19,17.529,14.75,271.25
comayagua,2021-11-20,17.583,14.25,272.25
ocotepeque,2021-11-20,22.821,14.25,270.75
copan,2021-11-20,15.428,14.75,271.25
comayagua,2021-11-21,17.982,14.25,272.25
ocotepeque,2021-11-21,23.668,14.25,270.75
copan,2021-11-21,16.962,14.75,271.25
comayagua,2021-11-22,17.08,14.25,272.25
ocotepeque,2021-11-22,22.931,14.25,270.75
copan,2021-11-22,14.729,14.75,271.25
comayagua,2021-11-23,17.381,14.25,272.25
ocotepeque,2021-11-23,23.467,14.25,270.75
copan,2021-11-23,16.489,14.75,271.25
comayagua,2021-11-24,15.381,14.25,272.25
ocotepeque,2021-11-24,21.183,14.25,270.75
copan,2021-11-24,12.649,14.75,271.25
comayagua,2021-11-25,16.472,14.25,272.25
ocotepeque,2021-11-25,22.993,14.25,270.75
copan,2021-11-25,15.792,14.75,271.25
comayagua,2021-11-26,17.171,14.25,272.25
ocotepeque,2021-11-26,22.705,14.25,270.75
copan,2021-11-26,15.869,14.75,271.25
comayagua,2021-11-27,16.537,14.25,272.25
ocotepeque,2021-11-27,21.875,14.25,270.75
copan,2021-11-27,15.746,14.75,271.25
comayagua,2021-11-28,14.864,14.25,272.25
ocotepeque,2021-11-28,22.331,14.25,270.75
copan,2021-11-28,13.049,14.75,271.25
comayagua,2021-11-29,16.396,14.25,272.25
ocotepeque,2021-11-29,22.922,14.25,270.75
copan,2021-11-29,15.767,14.75,271.25
comayagua,2021-11-30,15.955,14.25,272.25
ocotepeque,2021-11-30,22.347,14.25,270.75
copan,2021-11-30,15.428,14.75,271.25
comayagua,2021-12-01,15.462,14.25,272.25
ocotepeque,2021-12-01,19.023,14.25,270.75
copan,2021-12-01,13.83,14.75,271.25
comayagua,2021-12-02,16.164,14.25,272.25
ocotepeque,2021-12-02,22.457,14.25,270.75
copan,2021-12-02,14.798,14.75,271.25
comayagua,2021-12-03,17.654,14.25,272.25
ocotepeque,2021-12-03,22.675,14.25,270.75
copan,2021-12-03,16.298,14.75,271.25
comayagua,2021-12-04,17.462,14.25,272.25
ocotepeque,2021-12-04,22.63,14.25,270.75
copan,2021-12-04,15.793,14.75,271.25
comayagua,2021-12-05,17.484,14.25,272.25
ocotepeque,2021-12-05,22.838,14.25,270.75
copan,2021-12-05,16.098,14.75,271.25
comayagua,2021-12-06,18.016,14.25,272.25
ocotepeque,2021-12-06,24.057,14.25,270.75
copan,2021-12-06,17.61,14.75,271.25
comayagua,2021-12-07,18.263,14.25,272.25
ocotepeque,2021-12-07,23.525,14.25,270.75
copan,2021-12-07,16.899,14.75,271.25
comayagua,2021-12-08,18.839,14.25,272.25
ocotepeque,2021-12-08,24.48,14.25,270.75
copan,2021-12-08,17.729,14.75,271.25
comayagua,2021-12-09,18.224,14.25,272.25
ocotepeque,2021-12-09,23.502,14.25,270.75
copan,2021-12-09,17.191,14.75,271.25
comayagua,2021-12-10,16.474,14.25,272.25
ocotepeque,2021-12-10,22.496,14.25,270.75
copan,2021-12-10,15.9,14.75,271.25
comayagua,2021-12-11,14.548,14.25,272.25
ocotepeque,2021-12-11,22.316,14.25,270.75
copan,2021-12-11,16.082,14.75,271.25
comayagua,2021-12-12,18.683,14.25,272.25
ocotepeque,2021-12-12,23.488,14.25,270.75
copan,2021-12-12,18.242,14.75,271.25
comayagua,2021-12-13,17.101,14.25,272.25
ocotepeque,2021-12-13,22.354,14.25,270.75
copan,2021-12-13,15.877,14.75,271.25
comayagua,2021-12-14,17.689,14.25,272.25
ocotepeque,2021-12-14,22.476,14.25,270.75
copan,2021-12-14,16.472,14.75,271.25
comayagua,2021-12-15,17.62,14.25,272.25
ocotepeque,2021-12-15,23.044,14.25,270.75
copan,2021-12-15,16.487,14.75,271.25
comayagua,2021-12-16,17.501,14.25,272.25
ocotepeque,2021-12-16,22.668,14.25,270.75
copan,2021-12-16,15.64,14.75,271.25
comayagua,2021-12-17,17.498,14.25,272.25
ocotepeque,2021-12-17,23.48,14.25,270.75
copan,2021-12-17,16.721,14.75,271.25
comayagua,2021-12-18,17.305,14.25,272.25
ocotepeque,2021-12-18,23.168,14.25,270.75
copan,2021-12-18,16.664,14.75,271.25
comayagua,2021-12-19,22.123,14.25,272.25
ocotepeque,2021-12-19,23.112,14.25,270.75
copan,2021-12-19,17.892,14.75,271.25
comayagua,2021-12-20,18.325,14.25,272.25
ocotepeque,2021-12-20,23.553,14.25,270.75
copan,2021-12-20,17.366,14.75,271.25
comayagua,2021-12-21,15.33,14.25,272.25
ocotepeque,2021-12-21,21.383,14.25,270.75
copan,2021-12-21,15.224,14.75,271.25
comayagua,2021-12-22,17.259,14.25,272.25
ocotepeque,2021-12-22,22.418,14.25,270.75
copan,2021-12-22,16.502,14.75,271.25
comayagua,2021-12-23,15.315,14.25,272.25
ocotepeque,2021-12-23,20.764,14.25,270.75
copan,2021-12-23,14.613,14.75,271.25
comayagua,2021-12-24,15.544,14.25,272.25
ocotepeque,2021-12-24,18.878,14.25,270.75
copan,2021-12-24,10.558,14.75,271.25
comayagua,2021-12-25,12.978,14.25,272.25
ocotepeque,2021-12-25,17.698,14.25,270.75
copan,2021-12-25,13.134,14.75,271.25
comayagua,2021-12-26,14.379,14.25,272.25
ocotepeque,2021-12-26,20.995,14.25,270.75
copan,2021-12-26,13.713,14.75,271.25
comayagua,2021-12-27,17.112,14.25,272.25
ocotepeque,2021-12-27,20.898,14.25,270.75
copan,2021-12-27,12.873,14.75,271.25
comayagua,2021-12-28,15.642,14.25,272.25
ocotepeque,2021-12-28,22.444,14.25,270.75
copan,2021-12-28,15.435,14.75,271.25
comayagua,2021-12-29,20.582,14.25,272.25
ocotepeque,2021-12-29,23.064,14.25,270.75
copan,2021-12-29,20.254,14.75,271.25
comayagua,2021-12-30,14.91,14.25,272.25
ocotepeque,2021-12-30,22.256,14.25,270.75
copan,2021-12-30,15.726,14.75,271.25
comayagua,2021-12-31,13.004,14.25,272.25
ocotepeque,2021-12-31,21.835,14.25,270.75
copan,2021-12-31,14.082,14.75,271.25
comayagua,2022-01-01,15.851,14.25,272.25
ocotepeque,2022-01-01,22.5,14.25,270.75
copan,2022-01-01,15.976,14.75,271.25
comayagua,2022-01-02,14.794,14.25,272.25
ocotepeque,2022-01-02,22.593,14.25,270.75
copan,2022-01-02,15.926,14.75,271.25
comayagua,2022-01-03,18.772,14.25,272.25
ocotepeque,2022-01-03,23.559,14.25,270.75
copan,2022-01-03,16.756,14.75,271.25
comayagua,2022-01-04,17.792,14.25,272.25
ocotepeque,2022-01-04,21.706,14.25,270.75
copan,2022-01-04,16.047,14.75,271.25
comayagua,2022-01-05,16.16,14.25,272.25
ocotepeque,2022-01-05,21.509,14.25,270.75
copan,2022-01-05,14.849,14.75,271.25
comayagua,2022-01-06,12.465,14.25,272.25
ocotepeque,2022-01-06,21.417,14.25,270.75
copan,2022-01-06,15.969,14.75,271.25
comayagua,2022-01-07,16.343,14.25,272.25
ocotepeque,2022-01-07,22.43,14.25,270.75
copan,2022-01-07,17.096,14.75,271.25
comayagua,2022-01-08,16.85,14.25,272.25
ocotepeque,2022-01-08,21.499,14.25,270.75
copan,2022-01-08,14.444,14.75,271.25
comayagua,2022-01-09,17.234,14.25,272.25
ocotepeque,2022-01-09,22.691,14.25,270.75
copan,2022-01-09,16.156,14.75,271.25
comayagua,2022-01-10,17.644,14.25,272.25
ocotepeque,2022-01-10,22.372,14.25,270.75
copan,2022-01-10,16.718,14.75,271.25
comayagua,2022-01-11,17.202,14.25,272.25
ocotepeque,2022-01-11,22.442,14.25,270.75
copan,2022-01-11,15.911,14.75,271.25
comayagua,2022-01-12,16.254,14.25,272.25
ocotepeque,2022-01-12,21.931,14.25,270.75
copan,2022-01-12,15.314,14.75,271.25
comayagua,2022-01-13,14.777,14.25,272.25
ocotepeque,2022-01-13,21.19,14.25,270.75
copan,2022-01-13,13.895,14.75,271.25
comayagua,2022-01-14,15.447,14.25,272.25
ocotepeque,2022-01-14,20.761,14.25,270.75
copan,2022-01-14,12.703,14.75,271.25
comayagua,2022-01-15,10.806,14.25,272.25
ocotepeque,2022-01-15,20.468,14.25,270.75
copan,2022-01-15,11.743,14.75,271.25
comayagua,2022-01-16,12.16,14.25,272.25
ocotepeque,2022-01-16,20.688,14.25,270.75
copan,2022-01-16,13.171,14.75,271.25
comayagua,2022-01-17,15.169,14.25,272.25
ocotepeque,2022-01-17,19.331,14.25,270.75
copan,2022-01-17,12.742,14.75,271.25
comayagua,2022-01-18,13.833,14.25,272.25
ocotepeque,2022-01-18,19.585,14.25,270.75
copan,2022-01-18,13.018,14.75,271.25
comayagua,2022-01-19,14.658,14.25,272.25
ocotepeque,2022-01-19,19.626,14.25,270.75
copan,2022-01-19,14.64,14.75,271.25
comayagua,2022-01-20,15.598,14.25,272.25
ocotepeque,2022-01-20,19.876,14.25,270.75
copan,2022-01-20,15.684,14.75,271.25
comayagua,2022-01-21,15.937,14.25,272.25
ocotepeque,2022-01-21,23.655,14.25,270.75
copan,2022-01-21,15.841,14.75,271.25
comayagua,2022-01-22,16.374,14.25,272.25
ocotepeque,2022-01-22,22.659,14.25,270.75
copan,2022-01-22,16.559,14.75,271.25
comayagua,2022-01-23,17.236,14.25,272.25
ocotepeque,2022-01-23,22.642,14.25,270.75
copan,2022-01-23,16.42,14.75,271.25
comayagua,2022-01-24,17.898,14.25,272.25
ocotepeque,2022-01-24,22.582,14.25,270.75
copan,2022-01-24,16.423,14.75,271.25
comayagua,2022-01-25,11.427,14.25,272.25
ocotepeque,2022-01-25,20.887,14.25,270.75
copan,2022-01-25,12.427,14.75,271.25
comayagua,2022-01-26,12.883,14.25,272.25
ocotepeque,2022-01-26,21.828,14.25,270.75
copan,2022-01-26,14.318,14.75,271.25
comayagua,2022-01-27,21.17,14.25,272.25
ocotepeque,2022-01-27,22.59,14.25,270.75
copan,2022-01-27,15.569,14.75,271.25
comayagua,2022-01-28,20.495,14.25,272.25
ocotepeque,2022-01-28,23.0,14.25,270.75
copan,2022-01-28,15.706,14.75,271.25
comayagua,2022-01-29,16.55,14.25,272.25
ocotepeque,2022-01-29,20.283,14.25,270.75
copan,2022-01-29,15.143,14.75,271.25
comayagua,2022-01-30,14.827,14.25,272.25
ocotepeque,2022-01-30,18.019,14.25,270.75
copan,2022-01-30,12.383,14.75,271.25
comayagua,2022-01-31,15.487,14.25,272.25
ocotepeque,2022-01-31,20.038,14.25,270.75
copan,2022-01-31,12.795,14.75,271.25
comayagua,2022-02-01,12.147,14.25,272.25
ocotepeque,2022-02-01,20.77,14.25,270.75
copan,2022-02-01,12.493,14.75,271.25
comayagua,2022-02-02,13.732,14.25,272.25
ocotepeque,2022-02-02,21.437,14.25,270.75
copan,2022-02-02,14.204,14.75,271.25
comayagua,2022-02-03,13.196,14.25,272.25
ocotepeque,2022-02-03,21.948,14.25,270.75
copan,2022-02-03,14.609,14.75,271.25
comayagua,2022-02-04,14.759,14.25,272.25
ocotepeque,2022-02-04,22.335,14.25,270.75
copan,2022-02-04,14.711,14.75,271.25
comayagua,2022-02-05,17.993,14.25,272.25
ocotepeque,2022-02-05,21.045,14.25,270.75
copan,2022-02-05,16.751,14.75,271.25
comayagua,2022-02-06,15.609,14.25,272.25
ocotepeque,2022-02-06,19.612,14.25,270.75
copan,2022-02-06,14.683,14.75,271.25
comayagua,2022-02-07,16.135,14.25,272.25
ocotepeque,2022-02-07,22.269,14.25,270.75
copan,2022-02-07,15.208,14.75,271.25
comayagua,2022-02-08,13.224,14.25,272.25
ocotepeque,2022-02-08,20.353,14.25,270.75
copan,2022-02-08,10.974,14.75,271.25
comayagua,2022-02-09,16.614,14.25,272.25
ocotepeque,2022-02-09,22.152,14.25,270.75
copan,2022-02-09,14.624,14.75,271.25
comayagua,2022-02-10,15.301,14.25,272.25
ocotepeque,2022-02-10,20.942,14.25,270.75
copan,2022-02-10,14.308,14.75,271.25
comayagua,2022-02-11,15.989,14.25,272.25
ocotepeque,2022-02-11,21.67,14.25,270.75
copan,2022-02-11,15.154,14.75,271.25
comayagua,2022-02-12,15.959,14.25,272.25
ocotepeque,2022-02-12,19.076,14.25,270.75
copan,2022-02-12,14.535,14.75,271.25
comayagua,2022-02-13,18.56,14.25,272.25
ocotepeque,2022-02-13,20.762,14.25,270.75
copan,2022-02-13,17.377,14.75,271.25
comayagua,2022-02-14,16.029,14.25,272.25
ocotepeque,2022-02-14,19.68,14.25,270.75
copan,2022-02-14,12.889,14.75,271.25
comayagua,2022-02-15,14.928,14.25,272.25
ocotepeque,2022-02-15,20.313,14.25,270.75
copan,2022-02-15,12.519,14.75,271.25
comayagua,2022-02-16,16.378,14.25,272.25
ocotepeque,2022-02-16,21.161,14.25,270.75
copan,2022-02-16,13.903,14.75,271.25
comayagua,2022-02-17,14.93,14.25,272.25
ocotepeque,2022-02-17,20.749,14.25,270.75
copan,2022-02-17,13.308,14.75,271.25
comayagua,2022-02-18,16.571,14.25,272.25
ocotepeque,2022-02-18,21.805,14.25,270.75
copan,2022-02-18,15.294,14.75,271.25
comayagua,2022-02-19,17.253,14.25,272.25
ocotepeque,2022-02-19,24.847,14.25,270.75
copan,2022-02-19,10.234,14.75,271.25
comayagua,2022-02-20,17.43,14.25,272.25
ocotepeque,2022-02-20,22.907,14.25,270.75
copan,2022-02-20,15.459,14.75,271.25
comayagua,2022-02-21,17.109,14.25,272.25
ocotepeque,2022-02-21,22.199,14.25,270.75
copan,2022-02-21,15.055,14.75,271.25
comayagua,2022-02-22,16.989,14.25,272.25
ocotepeque,2022-02-22,22.716,14.25,270.75
copan,2022-02-22,15.718,14.75,271.25
comayagua,2022-02-23,16.802,14.25,272.25
ocotepeque,2022-02-23,22.958,14.25,270.75
copan,2022-02-23,15.727,14.75,271.25
comayagua,2022-02-24,17.415,14.25,272.25
ocotepeque,2022-02-24,23.527,14.25,270.75
copan,2022-02-24,16.324,14.75,271.25
comayagua,2022-02-25,18.312,14.25,272.25
ocotepeque,2022-02-25,23.843,14.25,270.75
copan,2022-02-25,17.278,14.75,271.25
comayagua,2022-02-26,16.373,14.25,272.25
ocotepeque,2022-02-26,22.351,14.25,270.75
copan,2022-02-26,15.206,14.75,271.25
comayagua,2022-02-27,16.401,14.25,272.25
ocotepeque,2022-02-27,21.588,14.25,270.75
copan,2022-02-27,13.92,14.75,271.25
comayagua,2022-02-28,17.33,14.25,272.25
ocotepeque,2022-02-28,23.219,14.25,270.75
copan,2022-02-28,15.239,14.75,271.25
comayagua,2022-03-01,15.63,14.25,272.25
ocotepeque,2022-03-01,22.339,14.25,270.75
copan,2022-03-01,14.402,14.75,271.25
comayagua,2022-03-02,15.949,14.25,272.25
ocotepeque,2022-03-02,22.272,14.25,270.75
copan,2022-03-02,14.389,14.75,271.25
comayagua,2022-03-03,16.95,14.25,272.25
ocotepeque,2022-03-03,23.709,14.25,270.75
copan,2022-03-03,15.424,14.75,271.25
comayagua,2022-03-04,16.435,14.25,272.25
ocotepeque,2022-03-04,23.051,14.25,270.75
copan,2022-03-04,15.302,14.75,271.25
comayagua,2022-03-05,15.709,14.25,272.25
ocotepeque,2022-03-05,21.418,14.25,270.75
copan,2022-03-05,13.417,14.75,271.25
comayagua,2022-03-06,15.83,14.25,272.25
ocotepeque,2022-03-06,22.21,14.25,270.75
copan,2022-03-06,14.476,14.75,271.25
comayagua,2022-03-07,16.29,14.25,272.25
ocotepeque,2022-03-07,23.519,14.25,270.75
copan,2022-03-07,16.981,14.75,271.25
comayagua,2022-03-08,17.006,14.25,272.25
ocotepeque,2022-03-08,23.064,14.25,270.75
copan,2022-03-08,17.532,14.75,271.25
comayagua,2022-03-09,19.072,14.25,272.25
ocotepeque,2022-03-09,23.736,14.25,270.75
copan,2022-03-09,19.293,14.75,271.25
comayagua,2022-03-10,17.952,14.25,272.25
ocotepeque,2022-03-10,25.127,14.25,270.75
copan,2022-03-10,18.653,14.75,271.25
comayagua,2022-03-11,18.025,14.25,272.25
ocotepeque,2022-03-11,24.408,14.25,270.75
copan,2022-03-11,18.172,14.75,271.25
comayagua,2022-03-12,18.016,14.25,272.25
ocotepeque,2022-03-12,23.851,14.25,270.75
copan,2022-03-12,16.755,14.75,271.25
comayagua,2022-03-13,16.712,14.25,272.25
ocotepeque,2022-03-13,24.069,14.25,270.75
copan,2022-03-13,16.544,14.75,271.25
comayagua,2022-03-14,17.678,14.25,272.25
ocotepeque,2022-03-14,24.25,14.25,270.75
copan,2022-03-14,16.22,14.75,271.25
comayagua,2022-03-15,17.43,14.25,272.25
ocotepeque,2022-03-15,23.704,14.25,270.75
copan,2022-03-15,16.888,14.75,271.25
comayagua,2022-03-16,17.581,14.25,272.25
ocotepeque,2022-03-16,23.515,14.25,270.75
copan,2022-03-16,16.952,14.75,271.25
comayagua,2022-03-17,17.846,14.25,272.25
ocotepeque,2022-03-17,22.697,14.25,270.75
copan,2022-03-17,15.64,14.75,271.25
comayagua,2022-03-18,16.888,14.25,272.25
ocotepeque,2022-03-18,25.445,14.25,270.75
copan,2022-03-18,18.412,14.75,271.25
comayagua,2022-03-19,20.923,14.25,272.25
ocotepeque,2022-03-19,24.701,14.25,270.75
copan,2022-03-19,17.598,14.75,271.25
comayagua,2022-03-20,19.156,14.25,272.25
ocotepeque,2022-03-20,25.331,14.25,270.75
copan,2022-03-20,18.2,14.75,271.25
comayagua,2022-03-21,18.244,14.25,272.25
ocotepeque,2022-03-21,23.654,14.25,270.75
copan,2022-03-21,17.247,14.75,271.25
comayagua,2022-03-22,14.267,14.25,272.25
ocotepeque,2022-03-22,23.818,14.25,270.75
copan,2022-03-22,15.705,14.75,271.25
comayagua,2022-03-23,15.812,14.25,272.25
ocotepeque,2022-03-23,24.447,14.25,270.75
copan,2022-03-23,16.939,14.75,271.25
comayagua,2022-03-24,20.359,14.25,272.25
ocotepeque,2022-03-24,25.942,14.25,270.75
copan,2022-03-24,19.504,14.75,271.25
comayagua,2022-03-25,17.497,14.25,272.25
ocotepeque,2022-03-25,22.957,14.25,270.75
copan,2022-03-25,14.354,14.75,271.25
comayagua,2022-03-26,16.478,14.25,272.25
ocotepeque,2022-03-26,22.307,14.25,270.75
copan,2022-03-26,14.397,14.75,271.25
comayagua,2022-03-27,15.697,14.25,272.25
ocotepeque,2022-03-27,21.58,14.25,270.75
copan,2022-03-27,14.049,14.75,271.25
comayagua,2022-03-28,16.18,14.25,272.25
ocotepeque,2022-03-28,22.703,14.25,270.75
copan,2022-03-28,13.946,14.75,271.25
comayagua,2022-03-29,17.352,14.25,272.25
ocotepeque,2022-03-29,23.078,14.25,270.75
copan,2022-03-29,15.838,14.75,271.25
comayagua,2022-03-30,18.662,14.25,272.25
ocotepeque,2022-03-30,21.938,14.25,270.75
copan,2022-03-30,18.149,14.75,271.25
comayagua,2022-03-31,17.442,14.25,272.25
ocotepeque,2022-03-31,24.94,14.25,270.75
copan,2022-03-31,18.539,14.75,271.25
comayagua,2022-04-01,15.731,14.25,272.25
ocotepeque,2022-04-01,25.464,14.25,270.75
copan,2022-04-01,18.583,14.75,271.25
comayagua,2022-04-02,17.889,14.25,272.25
ocotepeque,2022-04-02,24.419,14.25,270.75
copan,2022-04-02,16.963,14.75,271.25
comayagua,2022-04-03,17.725,14.25,272.25
ocotepeque,2022-04-03,24.402,14.25,270.75
copan,2022-04-03,17.087,14.75,271.25
comayagua,2022-04-04,17.194,14.25,272.25
ocotepeque,2022-04-04,21.569,14.25,270.75
copan,2022-04-04,16.136,14.75,271.25
comayagua,2022-04-05,19.946,14.25,272.25
ocotepeque,2022-04-05,25.623,14.25,270.75
copan,2022-04-05,19.227,14.75,271.25
comayagua,2022-04-06,17.073,14.25,272.25
ocotepeque,2022-04-06,24.698,14.25,270.75
copan,2022-04-06,17.563,14.75,271.25
comayagua,2022-04-07,17.233,14.25,272.25
ocotepeque,2022-04-07,25.791,14.25,270.75
copan,2022-04-07,19.823,14.75,271.25
comayagua,2022-04-08,20.431,14.25,272.25
ocotepeque,2022-04-08,25.369,14.25,270.75
copan,2022-04-08,19.36,14.75,271.25
comayagua,2022-04-09,18.129,14.25,272.25
ocotepeque,2022-04-09,22.85,14.25,270.75
copan,2022-04-09,16.462,14.75,271.25
comayagua,2022-04-10,17.706,14.25,272.25
ocotepeque,2022-04-10,23.14,14.25,270.75
copan,2022-04-10,15.729,14.75,271.25
comayagua,2022-04-11,17.685,14.25,272.25
ocotepeque,2022-04-11,26.609,14.25,270.75
copan,2022-04-11,14.884,14.75,271.25
comayagua,2022-04-12,18.219,14.25,272.25
ocotepeque,2022-04-12,24.989,14.25,270.75
copan,2022-04-12,17.448,14.75,271.25
comayagua,2022-04-13,15.957,14.25,272.25
ocotepeque,2022-04-13,24.313,14.25,270.75
copan,2022-04-13,16.644,14.75,271.25
comayagua,2022-04-14,15.746,14.25,272.25
ocotepeque,2022-04-14,24.692,14.25,270.75
copan,2022-04-14,15.7,14.75,271.25
comayagua,2022-04-15,17.239,14.25,272.25
ocotepeque,2022-04-15,24.981,14.25,270.75
copan,2022-04-15,16.045,14.75,271.25
comayagua,2022-04-16,18.78,14.25,272.25
ocotepeque,2022-04-16,23.779,14.25,270.75
copan,2022-04-16,17.588,14.75,271.25
comayagua,2022-04-17,17.573,14.25,272.25
ocotepeque,2022-04-17,23.985,14.25,270.75
copan,2022-04-17,17.143,14.75,271.25
comayagua,2022-04-18,18.394,14.25,272.25
ocotepeque,2022-04-18,24.915,14.25,270.75
copan,2022-04-18,16.514,14.75,271.25
comayagua,2022-04-19,19.141,14.25,272.25
ocotepeque,2022-04-19,25.364,14.25,270.75
copan,2022-04-19,21.511,14.75,271.25
comayagua,2022-04-20,15.277,14.25,272.25
ocotepeque,2022-04-20,23.166,14.25,270.75
copan,2022-04-20,13.313,14.75,271.25
comayagua,2022-04-21,14.341,14.25,272.25
ocotepeque,2022-04-21,20.77,14.25,270.75
copan,2022-04-21,13.382,14.75,271.25
comayagua,2022-04-22,17.051,14.25,272.25
ocotepeque,2022-04-22,24.13,14.25,270.75
copan,2022-04-22,16.27,14.75,271.25
comayagua,2022-04-23,18.084,14.25,272.25
ocotepeque,2022-04-23,24.448,14.25,270.75
copan,2022-04-23,16.989,14.75,271.25
comayagua,2022-04-24,17.378,14.25,272.25
ocotepeque,2022-04-24,23.147,14.25,270.75
copan,2022-04-24,15.291,14.75,271.25
comayagua,2022-04-25,16.417,14.25,272.25
ocotepeque,2022-04-25,23.296,14.25,270.75
copan,2022-04-25,16.559,14.75,271.25
comayagua,2022-04-26,17.49,14.25,272.25
ocotepeque,2022-04-26,23.685,14.25,270.75
copan,2022-04-26,16.983,14.75,271.25
comayagua,2022-04-27,19.647,14.25,272.25
ocotepeque,2022-04-27,24.967,14.25,270.75
copan,2022-04-27,17.99,14.75,271.25
comayagua,2022-04-28,19.718,14.25,272.25
ocotepeque,2022-04-28,23.148,14.25,270.75
copan,2022-04-28,17.809,14.75,271.25
comayagua,2022-04-29,18.997,14.25,272.25
ocotepeque,2022-04-29,24.348,14.25,270.75
copan,2022-04-29,18.292,14.75,271.25
comayagua,2022-04-30,19.041,14.25,272.25
ocotepeque,2022-04-30,22.338,14.25,270.75
copan,2022-04-30,18.582,14.75,271.25
comayagua,2022-05-01,18.567,14.25,272.25
ocotepeque,2022-05-01,26.867,14.25,270.75
copan,2022-05-01,18.585,14.75,271.25
comayagua,2022-05-02,16.787,14.25,272.25
ocotepeque,2022-05-02,23.575,14.25,270.75
copan,2022-05-02,16.83,14.75,271.25
comayagua,2022-05-03,19.505,14.25,272.25
ocotepeque,2022-05-03,23.286,14.25,270.75
copan,2022-05-03,18.223,14.75,271.25
comayagua,2022-05-04,19.675,14.25,272.25
ocotepeque,2022-05-04,25.495,14.25,270.75
copan,2022-05-04,19.896,14.75,271.25
comayagua,2022-05-05,18.314,14.25,272.25
ocotepeque,2022-05-05,22.061,14.25,270.75
copan,2022-05-05,18.264,14.75,271.25
comayagua,2022-05-06,19.478,14.25,272.25
ocotepeque,2022-05-06,23.294,14.25,270.75
copan,2022-05-06,19.627,14.75,271.25
comayagua,2022-05-07,18.47,14.25,272.25
ocotepeque,2022-05-07,24.715,14.25,270.75
copan,2022-05-07,18.636,14.75,271.25
comayagua,2022-05-08,19.337,14.25,272.25
ocotepeque,2022-05-08,24.983,14.25,270.75
copan,2022-05-08,19.027,14.75,271.25
comayagua,2022-05-09,18.026,14.25,272.25
ocotepeque,2022-05-09,22.891,14.25,270.75
copan,2022-05-09,18.772,14.75,271.25
comayagua,2022-05-10,22.995,14.25,272.25
ocotepeque,2022-05-10,25.415,14.25,270.75
copan,2022-05-10,19.783,14.75,271.25
comayagua,2022-05-11,17.435,14.25,272.25
ocotepeque,2022-05-11,23.83,14.25,270.75
copan,2022-05-11,16.163,14.75,271.25
comayagua,2022-05-12,18.114,14.25,272.25
ocotepeque,2022-05-12,23.977,14.25,270.75
copan,2022-05-12,15.806,14.75,271.25
comayagua,2022-05-13,16.363,14.25,272.25
ocotepeque,2022-05-13,23.451,14.25,270.75
copan,2022-05-13,14.544,14.75,271.25
comayagua,2022-05-14,20.11,14.25,272.25
ocotepeque,2022-05-14,25.044,14.25,270.75
copan,2022-05-14,21.02,14.75,271.25
comayagua,2022-05-15,13.573,14.25,272.25
ocotepeque,2022-05-15,23.139,14.25,270.75
copan,2022-05-15,13.317,14.75,271.25
comayagua,2022-05-16,18.49,14.25,272.25
ocotepeque,2022-05-16,26.189,14.25,270.75
copan,2022-05-16,22.42,14.75,271.25
comayagua,2022-05-17,17.459,14.25,272.25
ocotepeque,2022-05-17,24.043,14.25,270.75
copan,2022-05-17,15.331,14.75,271.25
comayagua,2022-05-18,22.695,14.25,272.25
ocotepeque,2022-05-18,24.999,14.25,270.75
copan,2022-05-18,23.212,14.75,271.25
comayagua,2022-05-19,19.561,14.25,272.25
ocotepeque,2022-05-19,19.987,14.25,270.75
copan,2022-05-19,18.112,14.75,271.25
comayagua,2022-05-20,19.3,14.25,272.25
ocotepeque,2022-05-20,23.015,14.25,270.75
copan,2022-05-20,19.233,14.75,271.25
comayagua,2022-05-21,19.202,14.25,272.25
ocotepeque,2022-05-21,23.221,14.25,270.75
copan,2022-05-21,19.217,14.75,271.25
comayagua,2022-05-22,19.14,14.25,272.25
ocotepeque,2022-05-22,23.081,14.25,270.75
copan,2022-05-22,18.894,14.75,271.25
comayagua,2022-05-23,18.135,14.25,272.25
ocotepeque,2022-05-23,21.109,14.25,270.75
copan,2022-05-23,17.765,14.75,271.25
comayagua,2022-05-24,18.532,14.25,272.25
ocotepeque,2022-05-24,22.801,14.25,270.75
copan,2022-05-24,17.808,14.75,271.25
comayagua,2022-05-25,18.118,14.25,272.25
ocotepeque,2022-05-25,23.107,14.25,270.75
copan,2022-05-25,18.709,14.75,271.25
comayagua,2022-05-26,18.184,14.25,272.25
ocotepeque,2022-05-26,22.88,14.25,270.75
copan,2022-05-26,17.83,14.75,271.25
comayagua,2022-05-27,18.683,14.25,272.25
ocotepeque,2022-05-27,23.913,14.25,270.75
copan,2022-05-27,18.386,14.75,271.25
comayagua,2022-05-28,17.312,14.25,272.25
ocotepeque,2022-05-28,21.959,14.25,270.75
copan,2022-05-28,16.737,14.75,271.25
comayagua,2022-05-29,18.265,14.25,272.25
ocotepeque,2022-05-29,21.705,14.25,270.75
copan,2022-05-29,17.042,14.75,271.25
comayagua,2022-05-30,18.114,14.25,272.25
ocotepeque,2022-05-30,21.829,14.25,270.75
copan,2022-05-30,18.281,14.75,271.25
comayagua,2022-05-31,18.151,14.25,272.25
ocotepeque,2022-05-31,22.114,14.25,270.75
copan,2022-05-31,17.51,14.75,271.25
comayagua,2022-06-01,21.385,14.25,272.25
ocotepeque,2022-06-01,24.166,14.25,270.75
copan,2022-06-01,19.572,14.75,271.25
comayagua,2022-06-02,19.1,14.25,272.25
ocotepeque,2022-06-02,22.9,14.25,270.75
copan,2022-06-02,19.656,14.75,271.25
comayagua,2022-06-03,19.303,14.25,272.25
ocotepeque,2022-06-03,21.73,14.25,270.75
copan,2022-06-03,19.279,14.75,271.25
comayagua,2022-06-04,18.351,14.25,272.25
ocotepeque,2022-06-04,23.148,14.25,270.75
copan,2022-06-04,17.941,14.75,271.25
comayagua,2022-06-05,19.185,14.25,272.25
ocotepeque,2022-06-05,21.751,14.25,270.75
copan,2022-06-05,17.987,14.75,271.25
comayagua,2022-06-06,18.968,14.25,272.25
ocotepeque,2022-06-06,21.813,14.25,270.75
copan,2022-06-06,18.223,14.75,271.25
comayagua,2022-06-07,17.91,14.25,272.25
ocotepeque,2022-06-07,21.809,14.25,270.75
copan,2022-06-07,17.42,14.75,271.25
comayagua,2022-06-08,19.295,14.25,272.25
ocotepeque,2022-06-08,22.436,14.25,270.75
copan,2022-06-08,18.809,14.75,271.25
comayagua,2022-06-09,18.126,14.25,272.25
ocotepeque,2022-06-09,24.551,14.25,270.75
copan,2022-06-09,17.508,14.75,271.25
comayagua,2022-06-10,17.668,14.25,272.25
ocotepeque,2022-06-10,20.265,14.25,270.75
copan,2022-06-10,17.333,14.75,271.25
comayagua,2022-06-11,17.328,14.25,272.25
ocotepeque,2022-06-11,21.565,14.25,270.75
copan,2022-06-11,17.35,14.75,271.25
comayagua,2022-06-12,17.393,14.25,272.25
ocotepeque,2022-06-12,21.714,14.25,270.75
copan,2022-06-12,16.91,14.75,271.25
comayagua,2022-06-13,18.87,14.25,272.25
ocotepeque,2022-06-13,22.053,14.25,270.75
copan,2022-06-13,18.15,14.75,271.25
comayagua,2022-06-14,16.706,14.25,272.25
ocotepeque,2022-06-14,21.202,14.25,270.75
copan,2022-06-14,18.735,14.75,271.25
comayagua,2022-06-15,17.254,14.25,272.25
ocotepeque,2022-06-15,21.276,14.25,270.75
copan,2022-06-15,15.693,14.75,271.25
comayagua,2022-06-16,17.591,14.25,272.25
ocotepeque,2022-06-16,21.293,14.25,270.75
copan,2022-06-16,17.15,14.75,271.25
comayagua,2022-06-17,17.862,14.25,272.25
ocotepeque,2022-06-17,21.689,14.25,270.75
copan,2022-06-17,15.925,14.75,271.25
comayagua,2022-06-18,18.772,14.25,272.25
ocotepeque,2022-06-18,21.686,14.25,270.75
copan,2022-06-18,18.847,14.75,271.25
comayagua,2022-06-19,18.091,14.25,272.25
ocotepeque,2022-06-19,21.816,14.25,270.75
copan,2022-06-19,18.689,14.75,271.25
comayagua,2022-06-20,18.111,14.25,272.25
ocotepeque,2022-06-20,21.65,14.25,270.75
copan,2022-06-20,17.207,14.75,271.25
comayagua,2022-06-21,18.009,14.25,272.25
ocotepeque,2022-06-21,21.211,14.25,270.75
copan,2022-06-21,17.288,14.75,271.25
comayagua,2022-06-22,18.374,14.25,272.25
ocotepeque,2022-06-22,22.924,14.25,270.75
copan,2022-06-22,17.492,14.75,271.25
comayagua,2022-06-23,18.746,14.25,272.25
ocotepeque,2022-06-23,23.669,14.25,270.75
copan,2022-06-23,18.387,14.75,271.25
comayagua,2022-06-24,18.041,14.25,272.25
ocotepeque,2022-06-24,24.929,14.25,270.75
copan,2022-06-24,16.35,14.75,271.25
comayagua,2022-06-25,18.635,14.25,272.25
ocotepeque,2022-06-25,24.302,14.25,270.75
copan,2022-06-25,18.38,14.75,271.25
comayagua,2022-06-26,18.524,14.25,272.25
ocotepeque,2022-06-26,22.677,14.25,270.75
copan,2022-06-26,18.19,14.75,271.25
comayagua,2022-06-27,17.217,14.25,272.25
ocotepeque,2022-06-27,22.919,14.25,270.75
copan,2022-06-27,18.701,14.75,271.25
comayagua,2022-06-28,17.829,14.25,272.25
ocotepeque,2022-06-28,25.362,14.25,270.75
copan,2022-06-28,18.546,14.75,271.25
comayagua,2022-06-29,18.51,14.25,272.25
ocotepeque,2022-06-29,23.812,14.25,270.75
copan,2022-06-29,17.682,14.75,271.25
comayagua,2022-06-30,19.166,14.25,272.25
ocotepeque,2022-06-30,24.508,14.25,270.75
copan,2022-06-30,18.665,14.75,271.25
comayagua,2022-07-01,19.845,14.25,272.25
ocotepeque,2022-07-01,25.308,14.25,270.75
copan,2022-07-01,18.682,14.75,271.25
comayagua,2022-07-02,19.57,14.25,272.25
ocotepeque,2022-07-02,25.982,14.25,270.75
copan,2022-07-02,18.602,14.75,271.25
comayagua,2022-07-03,7.127,14.25,272.25
ocotepeque,2022-07-03,22.128,14.25,270.75
copan,2022-07-03,18.04,14.75,271.25
comayagua,2022-07-04,18.129,14.25,272.25
ocotepeque,2022-07-04,23.574,14.25,270.75
copan,2022-07-04,19.045,14.75,271.25
comayagua,2022-07-05,19.205,14.25,272.25
ocotepeque,2022-07-05,25.787,14.25,270.75
copan,2022-07-05,19.082,14.75,271.25
comayagua,2022-07-06,18.736,14.25,272.25
ocotepeque,2022-07-06,22.764,14.25,270.75
copan,2022-07-06,18.383,14.75,271.25
comayagua,2022-07-07,21.221,14.25,272.25
ocotepeque,2022-07-07,24.631,14.25,270.75
copan,2022-07-07,18.285,14.75,271.25
comayagua,2022-07-08,18.944,14.25,272.25
ocotepeque,2022-07-08,24.952,14.25,270.75
copan,2022-07-08,18.373,14.75,271.25
comayagua,2022-07-09,18.997,14.25,272.25
ocotepeque,2022-07-09,24.885,14.25,270.75
copan,2022-07-09,18.817,14.75,271.25
comayagua,2022-07-10,19.231,14.25,272.25
ocotepeque,2022-07-10,24.94,14.25,270.75
copan,2022-07-10,18.659,14.75,271.25
comayagua,2022-07-11,7.255,14.25,272.25
ocotepeque,2022-07-11,22.587,14.25,270.75
copan,2022-07-11,18.386,14.75,271.25
comayagua,2022-07-12,16.387,14.25,272.25
ocotepeque,2022-07-12,21.171,14.25,270.75
copan,2022-07-12,17.644,14.75,271.25
comayagua,2022-07-13,16.667,14.25,272.25
ocotepeque,2022-07-13,17.335,14.25,270.75
copan,2022-07-13,18.168,14.75,271.25
comayagua,2022-07-14,17.472,14.25,272.25
ocotepeque,2022-07-14,22.343,14.25,270.75
copan,2022-07-14,17.396,14.75,271.25
comayagua,2022-07-15,16.866,14.25,272.25
ocotepeque,2022-07-15,23.56,14.25,270.75
copan,2022-07-15,17.11,14.75,271.25
comayagua,2022-07-16,17.914,14.25,272.25
ocotepeque,2022-07-16,21.347,14.25,270.75
copan,2022-07-16,18.905,14.75,271.25
comayagua,2022-07-17,18.351,14.25,272.25
ocotepeque,2022-07-17,23.647,14.25,270.75
copan,2022-07-17,16.92,14.75,271.25
comayagua,2022-07-18,19.486,14.25,272.25
ocotepeque,2022-07-18,23.383,14.25,270.75
copan,2022-07-18,18.679,14.75,271.25
comayagua,2022-07-19,20.258,14.25,272.25
ocotepeque,2022-07-19,25.392,14.25,270.75
copan,2022-07-19,19.35,14.75,271.25
comayagua,2022-07-20,18.238,14.25,272.25
ocotepeque,2022-07-20,7.631,14.25,270.75
copan,2022-07-20,2.183,14.75,271.25
comayagua,2022-07-21,18.999,14.25,272.25
ocotepeque,2022-07-21,25.117,14.25,270.75
copan,2022-07-21,18.501,14.75,271.25
comayagua,2022-07-22,19.805,14.25,272.25
ocotepeque,2022-07-22,19.98,14.25,270.75
copan,2022-07-22,18.527,14.75,271.25
comayagua,2022-07-23,18.964,14.25,272.25
ocotepeque,2022-07-23,22.255,14.25,270.75
copan,2022-07-23,18.575,14.75,271.25
comayagua,2022-07-24,22.689,14.25,272.25
ocotepeque,2022-07-24,23.383,14.25,270.75
copan,2022-07-24,20.57,14.75,271.25
comayagua,2022-07-25,15.111,14.25,272.25
ocotepeque,2022-07-25,23.199,14.25,270.75
copan,2022-07-25,16.342,14.75,271.25
comayagua,2022-07-26,18.245,14.25,272.25
ocotepeque,2022-07-26,22.648,14.25,270.75
copan,2022-07-26,17.247,14.75,271.25
comayagua,2022-07-27,17.727,14.25,272.25
ocotepeque,2022-07-27,22.304,14.25,270.75
copan,2022-07-27,18.587,14.75,271.25
comayagua,2022-07-28,17.645,14.25,272.25
ocotepeque,2022-07-28,18.628,14.25,270.75
copan,2022-07-28,1.841,14.75,271.25
comayagua,2022-07-29,18.514,14.25,272.25
ocotepeque,2022-07-29,22.816,14.25,270.75
copan,2022-07-29,18.298,14.75,271.25
comayagua,2022-07-30,18.198,14.25,272.25
ocotepeque,2022-07-30,24.861,14.25,270.75
copan,2022-07-30,17.424,14.75,271.25
comayagua,2022-07-31,18.365,14.25,272.25
ocotepeque,2022-07-31,23.071,14.25,270.75
copan,2022-07-31,18.061,14.75,271.25
comayagua,2022-08-01,21.034,14.25,272.25
ocotepeque,2022-08-01,26.31,14.25,270.75
copan,2022-08-01,19.364,14.75,271.25
comayagua,2022-08-02,18.84,14.25,272.25
ocotepeque,2022-08-02,22.989,14.25,270.75
copan,2022-08-02,18.348,14.75,271.25
comayagua,2022-08-03,18.16,14.25,272.25
ocotepeque,2022-08-03,22.624,14.25,270.75
copan,2022-08-03,17.803,14.75,271.25
comayagua,2022-08-04,16.932,14.25,272.25
ocotepeque,2022-08-04,21.389,14.25,270.75
copan,2022-08-04,15.64,14.75,271.25
comayagua,2022-08-05,22.365,14.25,272.25
ocotepeque,2022-08-05,23.631,14.25,270.75
copan,2022-08-05,17.406,14.75,271.25
comayagua,2022-08-06,19.558,14.25,272.25
ocotepeque,2022-08-06,17.906,14.25,270.75
copan,2022-08-06,18.004,14.75,271.25
comayagua,2022-08-07,17.912,14.25,272.25
ocotepeque,2022-08-07,22.009,14.25,270.75
copan,2022-08-07,17.324,14.75,271.25
comayagua,2022-08-08,18.909,14.25,272.25
ocotepeque,2022-08-08,17.245,14.25,270.75
copan,2022-08-08,17.87,14.75,271.25
comayagua,2022-08-09,18.607,14.25,272.25
ocotepeque,2022-08-09,23.857,14.25,270.75
copan,2022-08-09,18.479,14.75,271.25
comayagua,2022-08-10,17.651,14.25,272.25
ocotepeque,2022-08-10,22.395,14.25,270.75
copan,2022-08-10,17.69,14.75,271.25
comayagua,2022-08-11,16.192,14.25,272.25
ocotepeque,2022-08-11,21.479,14.25,270.75
copan,2022-08-11,16.513,14.75,271.25
comayagua,2022-08-12,16.918,14.25,272.25
ocotepeque,2022-08-12,21.797,14.25,270.75
copan,2022-08-12,16.701,14.75,271.25
comayagua,2022-08-13,17.162,14.25,272.25
ocotepeque,2022-08-13,22.549,14.25,270.75
copan,2022-08-13,17.318,14.75,271.25
comayagua,2022-08-14,20.848,14.25,272.25
ocotepeque,2022-08-14,23.74,14.25,270.75
copan,2022-08-14,21.938,14.75,271.25
comayagua,2022-08-15,16.073,14.25,272.25
ocotepeque,2022-08-15,22.761,14.25,270.75
copan,2022-08-15,17.416,14.75,271.25
comayagua,2022-08-16,18.718,14.25,272.25
ocotepeque,2022-08-16,22.359,14.25,270.75
copan,2022-08-16,21.12,14.75,271.25
comayagua,2022-08-17,18.128,14.25,272.25
ocotepeque,2022-08-17,24.006,14.25,270.75
copan,2022-08-17,18.196,14.75,271.25
comayagua,2022-08-18,18.319,14.25,272.25
ocotepeque,2022-08-18,24.449,14.25,270.75
copan,2022-08-18,19.41,14.75,271.25
comayagua,2022-08-19,16.177,14.25,272.25
ocotepeque,2022-08-19,24.49,14.25,270.75
copan,2022-08-19,18.353,14.75,271.25
comayagua,2022-08-20,18.694,14.25,272.25
ocotepeque,2022-08-20,25.383,14.25,270.75
copan,2022-08-20,19.61,14.75,271.25
comayagua,2022-08-21,17.658,14.25,272.25
ocotepeque,2022-08-21,22.484,14.25,270.75
copan,2022-08-21,16.802,14.75,271.25
comayagua,2022-08-22,18.612,14.25,272.25
ocotepeque,2022-08-22,25.027,14.25,270.75
copan,2022-08-22,18.12,14.75,271.25
comayagua,2022-08-23,17.385,14.25,272.25
ocotepeque,2022-08-23,22.581,14.25,270.75
copan,2022-08-23,18.562,14.75,271.25
comayagua,2022-08-24,18.12,14.25,272.25
ocotepeque,2022-08-24,22.485,14.25,270.75
copan,2022-08-24,18.772,14.75,271.25
comayagua,2022-08-25,15.018,14.25,272.25
ocotepeque,2022-08-25,21.497,14.25,270.75
copan,2022-08-25,17.37,14.75,271.25
comayagua,2022-08-26,17.364,14.25,272.25
ocotepeque,2022-08-26,23.56,14.25,270.75
copan,2022-08-26,18.199,14.75,271.25
comayagua,2022-08-27,16.899,14.25,272.25
ocotepeque,2022-08-27,21.734,14.25,270.75
copan,2022-08-27,17.063,14.75,271.25
comayagua,2022-08-28,17.628,14.25,272.25
ocotepeque,2022-08-28,21.891,14.25,270.75
copan,2022-08-28,18.109,14.75,271.25
comayagua,2022-08-29,17.247,14.25,272.25
ocotepeque,2022-08-29,25.141,14.25,270.75
copan,2022-08-29,16.994,14.75,271.25
comayagua,2022-08-30,17.809,14.25,272.25
ocotepeque,2022-08-30,22.774,14.25,270.75
copan,2022-08-30,17.931,14.75,271.25
comayagua,2022-08-31,18.669,14.25,272.25
ocotepeque,2022-08-31,22.452,14.25,270.75
copan,2022-08-31,17.912,14.75,271.25
comayagua,2022-09-01,18.568,14.25,272.25
ocotepeque,2022-09-01,17.924,14.25,270.75
copan,2022-09-01,18.104,14.75,271.25
comayagua,2022-09-02,18.804,14.25,272.25
ocotepeque,2022-09-02,22.248,14.25,270.75
copan,2022-09-02,18.081,14.75,271.25
comayagua,2022-09-03,17.954,14.25,272.25
ocotepeque,2022-09-03,21.934,14.25,270.75
copan,2022-09-03,18.136,14.75,271.25
comayagua,2022-09-04,17.362,14.25,272.25
ocotepeque,2022-09-04,24.264,14.25,270.75
copan,2022-09-04,19.051,14.75,271.25
comayagua,2022-09-05,19.195,14.25,272.25
ocotepeque,2022-09-05,22.459,14.25,270.75
copan,2022-09-05,18.939,14.75,271.25
comayagua,2022-09-06,17.663,14.25,272.25
ocotepeque,2022-09-06,22.056,14.25,270.75
copan,2022-09-06,18.961,14.75,271.25
comayagua,2022-09-07,18.257,14.25,272.25
ocotepeque,2022-09-07,22.989,14.25,270.75
copan,2022-09-07,18.686,14.75,271.25
comayagua,2022-09-08,17.314,14.25,272.25
ocotepeque,2022-09-08,22.513,14.25,270.75
copan,2022-09-08,17.729,14.75,271.25
comayagua,2022-09-09,21.584,14.25,272.25
ocotepeque,2022-09-09,23.627,14.25,270.75
copan,2022-09-09,19.563,14.75,271.25
comayagua,2022-09-10,18.619,14.25,272.25
ocotepeque,2022-09-10,21.923,14.25,270.75
copan,2022-09-10,18.847,14.75,271.25
comayagua,2022-09-11,18.419,14.25,272.25
ocotepeque,2022-09-11,20.941,14.25,270.75
copan,2022-09-11,18.188,14.75,271.25
comayagua,2022-09-12,17.174,14.25,272.25
ocotepeque,2022-09-12,23.039,14.25,270.75
copan,2022-09-12,17.597,14.75,271.25
comayagua,2022-09-13,14.842,14.25,272.25
ocotepeque,2022-09-13,21.034,14.25,270.75
copan,2022-09-13,16.977,14.75,271.25
comayagua,2022-09-14,16.2,14.25,272.25
ocotepeque,2022-09-14,21.15,14.25,270.75
copan,2022-09-14,17.795,14.75,271.25
comayagua,2022-09-15,18.599,14.25,272.25
ocotepeque,2022-09-15,22.649,14.25,270.75
copan,2022-09-15,18.377,14.75,271.25
comayagua,2022-09-16,19.698,14.25,272.25
ocotepeque,2022-09-16,23.94,14.25,270.75
copan,2022-09-16,18.978,14.75,271.25
comayagua,2022-09-17,18.056,14.25,272.25
ocotepeque,2022-09-17,22.279,14.25,270.75
copan,2022-09-17,17.56,14.75,271.25
comayagua,2022-09-18,22.527,14.25,272.25
ocotepeque,2022-09-18,24.703,14.25,270.75
copan,2022-09-18,20.63,14.75,271.25
comayagua,2022-09-19,17.918,14.25,272.25
ocotepeque,2022-09-19,22.467,14.25,270.75
copan,2022-09-19,17.438,14.75,271.25
comayagua,2022-09-20,17.332,14.25,272.25
ocotepeque,2022-09-20,19.371,14.25,270.75
copan,2022-09-20,17.803,14.75,271.25
comayagua,2022-09-21,18.556,14.25,272.25
ocotepeque,2022-09-21,22.084,14.25,270.75
copan,2022-09-21,18.424,14.75,271.25
comayagua,2022-09-22,17.827,14.25,272.25
ocotepeque,2022-09-22,21.651,14.25,270.75
copan,2022-09-22,18.572,14.75,271.25
comayagua,2022-09-23,18.423,14.25,272.25
ocotepeque,2022-09-23,21.953,14.25,270.75
copan,2022-09-23,18.291,14.75,271.25
comayagua,2022-09-24,18.834,14.25,272.25
ocotepeque,2022-09-24,22.171,14.25,270.75
copan,2022-09-24,18.485,14.75,271.25
comayagua,2022-09-25,18.254,14.25,272.25
ocotepeque,2022-09-25,22.58,14.25,270.75
copan,2022-09-25,17.777,14.75,271.25
comayagua,2022-09-26,13.989,14.25,272.25
ocotepeque,2022-09-26,10.799,14.25,270.75
copan,2022-09-26,14.894,14.75,271.25
comayagua,2022-09-27,17.85,14.25,272.25
ocotepeque,2022-09-27,22.861,14.25,270.75
copan,2022-09-27,17.727,14.75,271.25
comayagua,2022-09-28,18.491,14.25,272.25
ocotepeque,2022-09-28,22.135,14.25,270.75
copan,2022-09-28,17.512,14.75,271.25
comayagua,2022-09-29,19.223,14.25,272.25
ocotepeque,2022-09-29,23.275,14.25,270.75
copan,2022-09-29,18.461,14.75,271.25
comayagua,2022-09-30,20.637,14.25,272.25
ocotepeque,2022-09-30,22.865,14.25,270.75
copan,2022-09-30,17.525,14.75,271.25
comayagua,2022-10-01,17.622,14.25,272.25
ocotepeque,2022-10-01,22.847,14.25,270.75
copan,2022-10-01,16.398,14.75,271.25
comayagua,2022-10-02,19.062,14.25,272.25
ocotepeque,2022-10-02,20.807,14.25,270.75
copan,2022-10-02,17.503,14.75,271.25
comayagua,2022-10-03,18.493,14.25,272.25
ocotepeque,2022-10-03,21.818,14.25,270.75
copan,2022-10-03,17.691,14.75,271.25
comayagua,2022-10-04,17.672,14.25,272.25
ocotepeque,2022-10-04,18.354,14.25,270.75
copan,2022-10-04,16.545,14.75,271.25
comayagua,2022-10-05,18.899,14.25,272.25
ocotepeque,2022-10-05,21.566,14.25,270.75
copan,2022-10-05,17.04,14.75,271.25
comayagua,2022-10-06,17.837,14.25,272.25
ocotepeque,2022-10-06,24.242,14.25,270.75
copan,2022-10-06,16.725,14.75,271.25
comayagua,2022-10-07,18.49,14.25,272.25
ocotepeque,2022-10-07,23.966,14.25,270.75
copan,2022-10-07,17.421,14.75,271.25
comayagua,2022-10-08,19.35,14.25,272.25
ocotepeque,2022-10-08,22.151,14.25,270.75
copan,2022-10-08,17.967,14.75,271.25
comayagua,2022-10-09,18.408,14.25,272.25
ocotepeque,2022-10-09,21.411,14.25,270.75
copan,2022-10-09,17.511,14.75,271.25
comayagua,2022-10-10,18.376,14.25,272.25
ocotepeque,2022-10-10,20.305,14.25,270.75
copan,2022-10-10,17.353,14.75,271.25
comayagua,2022-10-11,17.531,14.25,272.25
ocotepeque,2022-10-11,18.026,14.25,270.75
copan,2022-10-11,1.991,14.75,271.25
comayagua,2022-10-12,17.302,14.25,272.25
ocotepeque,2022-10-12,23.713,14.25,270.75
copan,2022-10-12,17.403,14.75,271.25
comayagua,2022-10-13,21.168,14.25,272.25
ocotepeque,2022-10-13,22.174,14.25,270.75
copan,2022-10-13,21.304,14.75,271.25
comayagua,2022-10-14,17.373,14.25,272.25
ocotepeque,2022-10-14,20.749,14.25,270.75
copan,2022-10-14,17.533,14.75,271.25
comayagua,2022-10-15,14.598,14.25,272.25
ocotepeque,2022-10-15,11.598,14.25,270.75
copan,2022-10-15,16.397,14.75,271.25
comayagua,2022-10-16,18.955,14.25,272.25
ocotepeque,2022-10-16,23.641,14.25,270.75
copan,2022-10-16,19.211,14.75,271.25
comayagua,2022-10-17,17.465,14.25,272.25
ocotepeque,2022-10-17,21.442,14.25,270.75
copan,2022-10-17,17.734,14.75,271.25
comayagua,2022-10-18,16.574,14.25,272.25
ocotepeque,2022-10-18,18.469,14.25,270.75
copan,2022-10-18,16.777,14.75,271.25
comayagua,2022-10-19,18.041,14.25,272.25
ocotepeque,2022-10-19,23.429,14.25,270.75
copan,2022-10-19,18.173,14.75,271.25
comayagua,2022-10-20,15.239,14.25,272.25
ocotepeque,2022-10-20,20.644,14.25,270.75
copan,2022-10-20,17.189,14.75,271.25
comayagua,2022-10-21,19.01,14.25,272.25
ocotepeque,2022-10-21,23.603,14.25,270.75
copan,2022-10-21,17.61,14.75,271.25
comayagua,2022-10-22,17.519,14.25,272.25
ocotepeque,2022-10-22,17.709,14.25,270.75
copan,2022-10-22,16.502,14.75,271.25
comayagua,2022-10-23,17.464,14.25,272.25
ocotepeque,2022-10-23,17.99,14.25,270.75
copan,2022-10-23,2.311,14.75,271.25
comayagua,2022-10-24,16.238,14.25,272.25
ocotepeque,2022-10-24,23.91,14.25,270.75
copan,2022-10-24,16.793,14.75,271.25
comayagua,2022-10-25,18.191,14.25,272.25
ocotepeque,2022-10-25,23.934,14.25,270.75
copan,2022-10-25,18.191,14.75,271.25
comayagua,2022-10-26,15.056,14.25,272.25
ocotepeque,2022-10-26,19.718,14.25,270.75
copan,2022-10-26,18.422,14.75,271.25
comayagua,2022-10-27,17.463,14.25,272.25
ocotepeque,2022-10-27,24.01,14.25,270.75
copan,2022-10-27,16.488,14.75,271.25
comayagua,2022-10-28,15.208,14.25,272.25
ocotepeque,2022-10-28,22.377,14.25,270.75
copan,2022-10-28,14.852,14.75,271.25
comayagua,2022-10-29,21.954,14.25,272.25
ocotepeque,2022-10-29,24.29,14.25,270.75
copan,2022-10-29,17.023,14.75,271.25
comayagua,2022-10-30,21.33,14.25,272.25
ocotepeque,2022-10-30,12.675,14.25,270.75
copan,2022-10-30,16.743,14.75,271.25
comayagua,2022-10-31,16.389,14.25,272.25
ocotepeque,2022-10-31,22.79,14.25,270.75
copan,2022-10-31,14.968,14.75,271.25
comayagua,2022-11-01,16.924,14.25,272.25
ocotepeque,2022-11-01,23.781,14.25,270.75
copan,2022-11-01,15.334,14.75,271.25
comayagua,2022-11-02,17.322,14.25,272.25
ocotepeque,2022-11-02,24.479,14.25,270.75
copan,2022-11-02,17.632,14.75,271.25
comayagua,2022-11-03,18.513,14.25,272.25
ocotepeque,2022-11-03,23.372,14.25,270.75
copan,2022-11-03,17.93,14.75,271.25
comayagua,2022-11-04,18.073,14.25,272.25
ocotepeque,2022-11-04,23.105,14.25,270.75
copan,2022-11-04,18.232,14.75,271.25
comayagua,2022-11-05,17.959,14.25,272.25
ocotepeque,2022-11-05,24.69,14.25,270.75
copan,2022-11-05,19.201,14.75,271.25
comayagua,2022-11-06,18.069,14.25,272.25
ocotepeque,2022-11-06,21.607,14.25,270.75
copan,2022-11-06,18.537,14.75,271.25
comayagua,2022-11-07,15.689,14.25,272.25
ocotepeque,2022-11-07,22.43,14.25,270.75
copan,2022-11-07,16.462,14.75,271.25
comayagua,2022-11-08,14.69,14.25,272.25
ocotepeque,2022-11-08,21.856,14.25,270.75
copan,2022-11-08,14.39,14.75,271.25
comayagua,2022-11-09,17.302,14.25,272.25
ocotepeque,2022-11-09,22.415,14.25,270.75
copan,2022-11-09,16.613,14.75,271.25
comayagua,2022-11-10,19.696,14.25,272.25
ocotepeque,2022-11-10,23.03,14.25,270.75
copan,2022-11-10,16.254,14.75,271.25
comayagua,2022-11-11,16.717,14.25,272.25
ocotepeque,2022-11-11,23.535,14.25,270.75
copan,2022-11-11,15.208,14.75,271.25
comayagua,2022-11-12,14.209,14.25,272.25
ocotepeque,2022-11-12,21.314,14.25,270.75
copan,2022-11-12,15.421,14.75,271.25
comayagua,2022-11-13,17.965,14.25,272.25
ocotepeque,2022-11-13,23.641,14.25,270.75
copan,2022-11-13,17.993,14.75,271.25
comayagua,2022-11-14,18.386,14.25,272.25
ocotepeque,2022-11-14,24.132,14.25,270.75
copan,2022-11-14,17.902,14.75,271.25
comayagua,2022-11-15,18.538,14.25,272.25
ocotepeque,2022-11-15,21.45,14.25,270.75
copan,2022-11-15,17.425,14.75,271.25
comayagua,2022-11-16,19.092,14.25,272.25
ocotepeque,2022-11-16,25.387,14.25,270.75
copan,2022-11-16,17.804,14.75,271.25
comayagua,2022-11-17,18.536,14.25,272.25
ocotepeque,2022-11-17,23.727,14.25,270.75
copan,2022-11-17,17.522,14.75,271.25
comayagua,2022-11-18,16.794,14.25,272.25
ocotepeque,2022-11-18,23.118,14.25,270.75
copan,2022-11-18,16.332,14.75,271.25
comayagua,2022-11-19,20.63,14.25,272.25
ocotepeque,2022-11-19,20.352,14.25,270.75
copan,2022-11-19,17.757,14.75,271.25
comayagua,2022-11-20,18.313,14.25,272.25
ocotepeque,2022-11-20,23.011,14.25,270.75
copan,2022-11-20,18.243,14.75,271.25
comayagua,2022-11-21,18.541,14.25,272.25
ocotepeque,2022-11-21,21.088,14.25,270.75
copan,2022-11-21,17.391,14.75,271.25
comayagua,2022-11-22,18.002,14.25,272.25
ocotepeque,2022-11-22,12.483,14.25,270.75
copan,2022-11-22,17.184,14.75,271.25
comayagua,2022-11-23,17.148,14.25,272.25
ocotepeque,2022-11-23,22.891,14.25,270.75
copan,2022-11-23,17.006,14.75,271.25
comayagua,2022-11-24,17.488,14.25,272.25
ocotepeque,2022-11-24,23.197,14.25,270.75
copan,2022-11-24,17.435,14.75,271.25
comayagua,2022-11-25,17.463,14.25,272.25
ocotepeque,2022-11-25,19.439,14.25,270.75
copan,2022-11-25,17.581,14.75,271.25
comayagua,2022-11-26,17.152,14.25,272.25
ocotepeque,2022-11-26,16.672,14.25,270.75
copan,2022-11-26,16.912,14.75,271.25
comayagua,2022-11-27,17.463,14.25,272.25
ocotepeque,2022-11-27,21.733,14.25,270.75
copan,2022-11-27,18.032,14.75,271.25
comayagua,2022-11-28,18.162,14.25,272.25
ocotepeque,2022-11-28,20.328,14.25,270.75
copan,2022-11-28,18.878,14.75,271.25
comayagua,2022-11-29,15.52,14.25,272.25
ocotepeque,2022-11-29,16.698,14.25,270.75
copan,2022-11-29,17.137,14.75,271.25
comayagua,2022-11-30,15.009,14.25,272.25
ocotepeque,2022-11-30,21.87,14.25,270.75
copan,2022-11-30,15.829,14.75,271.25
comayagua,2022-12-01,18.252,14.25,272.25
ocotepeque,2022-12-01,20.821,14.25,270.75
copan,2022-12-01,17.531,14.75,271.25
comayagua,2022-12-02,17.852,14.25,272.25
ocotepeque,2022-12-02,20.726,14.25,270.75
copan,2022-12-02,17.363,14.75,271.25
comayagua,2022-12-03,18.012,14.25,272.25
ocotepeque,2022-12-03,20.615,14.25,270.75
copan,2022-12-03,17.233,14.75,271.25
comayagua,2022-12-04,17.3,14.25,272.25
ocotepeque,2022-12-04,20.753,14.25,270.75
copan,2022-12-04,16.294,14.75,271.25
comayagua,2022-12-05,17.058,14.25,272.25
ocotepeque,2022-12-05,19.458,14.25,270.75
copan,2022-12-05,15.618,14.75,271.25
comayagua,2022-12-06,15.465,14.25,272.25
ocotepeque,2022-12-06,18.855,14.25,270.75
copan,2022-12-06,14.265,14.75,271.25
comayagua,2022-12-07,16.444,14.25,272.25
ocotepeque,2022-12-07,14.25,14.25,270.75
copan,2022-12-07,13.938,14.75,271.25
comayagua,2022-12-08,16.224,14.25,272.25
ocotepeque,2022-12-08,15.692,14.25,270.75
copan,2022-12-08,15.389,14.75,271.25
comayagua,2022-12-09,16.053,14.25,272.25
ocotepeque,2022-12-09,17.778,14.25,270.75
copan,2022-12-09,15.274,14.75,271.25
comayagua,2022-12-10,16.93,14.25,272.25
ocotepeque,2022-12-10,21.712,14.25,270.75
copan,2022-12-10,15.814,14.75,271.25
comayagua,2022-12-11,15.54,14.25,272.25
ocotepeque,2022-12-11,20.779,14.25,270.75
copan,2022-12-11,14.718,14.75,271.25
comayagua,2022-12-12,14.572,14.25,272.25
ocotepeque,2022-12-12,20.427,14.25,270.75
copan,2022-12-12,16.104,14.75,271.25
comayagua,2022-12-13,16.846,14.25,272.25
ocotepeque,2022-12-13,19.973,14.25,270.75
copan,2022-12-13,16.41,14.75,271.25
comayagua,2022-12-14,14.154,14.25,272.25
ocotepeque,2022-12-14,21.317,14.25,270.75
copan,2022-12-14,16.377,14.75,271.25
comayagua,2022-12-15,10.61,14.25,272.25
ocotepeque,2022-12-15,10.019,14.25,270.75
copan,2022-12-15,12.898,14.75,271.25
comayagua,2022-12-16,14.597,14.25,272.25
ocotepeque,2022-12-16,20.999,14.25,270.75
copan,2022-12-16,14.281,14.75,271.25
comayagua,2022-12-17,13.088,14.25,272.25
ocotepeque,2022-12-17,23.744,14.25,270.75
copan,2022-12-17,15.861,14.75,271.25
comayagua,2022-12-18,17.675,14.25,272.25
ocotepeque,2022-12-18,25.101,14.25,270.75
copan,2022-12-18,18.459,14.75,271.25
comayagua,2022-12-19,16.338,14.25,272.25
ocotepeque,2022-12-19,11.222,14.25,270.75
copan,2022-12-19,15.59,14.75,271.25
comayagua,2022-12-20,15.933,14.25,272.25
ocotepeque,2022-12-20,17.038,14.25,270.75
copan,2022-12-20,15.386,14.75,271.25
comayagua,2022-12-21,16.804,14.25,272.25
ocotepeque,2022-12-21,22.608,14.25,270.75
copan,2022-12-21,17.515,14.75,271.25
comayagua,2022-12-22,16.36,14.25,272.25
ocotepeque,2022-12-22,19.816,14.25,270.75
copan,2022-12-22,17.201,14.75,271.25
comayagua,2022-12-23,13.345,14.25,272.25
ocotepeque,2022-12-23,21.001,14.25,270.75
copan,2022-12-23,15.307,14.75,271.25
comayagua,2022-12-24,18.149,14.25,272.25
ocotepeque,2022-12-24,21.381,14.25,270.75
copan,2022-12-24,17.016,14.75,271.25
comayagua,2022-12-25,16.639,14.25,272.25
ocotepeque,2022-12-25,21.447,14.25,270.75
copan,2022-12-25,16.165,14.75,271.25
comayagua,2022-12-26,15.953,14.25,272.25
ocotepeque,2022-12-26,21.165,14.25,270.75
copan,2022-12-26,14.779,14.75,271.25
comayagua,2022-12-27,13.338,14.25,272.25
ocotepeque,2022-12-27,15.447,14.25,270.75
copan,2022-12-27,13.334,14.75,271.25
comayagua,2022-12-28,15.056,14.25,272.25
ocotepeque,2022-12-28,18.544,14.25,270.75
copan,2022-12-28,13.688,14.75,271.25
comayagua,2022-12-29,14.249,14.25,272.25
ocotepeque,2022-12-29,19.323,14.25,270.75
copan,2022-12-29,13.653,14.75,271.25
comayagua,2022-12-30,12.327,14.25,272.25
ocotepeque,2022-12-30,18.954,14.25,270.75
copan,2022-12-30,14.722,14.75,271.25
comayagua,2022-12-31,14.443,14.25,272.25
ocotepeque,2022-12-31,21.536,14.25,270.75
copan,2022-12-31,15.055,14.75,271.25
comayagua,2023-01-01,17.44,14.25,272.25
ocotepeque,2023-01-01,23.264,14.25,270.75
copan,2023-01-01,17.993,14.75,271.25
comayagua,2023-01-02,14.907,14.25,272.25
ocotepeque,2023-01-02,21.431,14.25,270.75
copan,2023-01-02,15.143,14.75,271.25
comayagua,2023-01-03,13.058,14.25,272.25
ocotepeque,2023-01-03,19.221,14.25,270.75
copan,2023-01-03,13.805,14.75,271.25
comayagua,2023-01-04,13.938,14.25,272.25
ocotepeque,2023-01-04,20.963,14.25,270.75
copan,2023-01-04,13.795,14.75,271.25
comayagua,2023-01-05,16.121,14.25,272.25
ocotepeque,2023-01-05,19.323,14.25,270.75
copan,2023-01-05,14.715,14.75,271.25
comayagua,2023-01-06,16.163,14.25,272.25
ocotepeque,2023-01-06,21.023,14.25,270.75
copan,2023-01-06,14.426,14.75,271.25
comayagua,2023-01-07,16.334,14.25,272.25
ocotepeque,2023-01-07,21.275,14.25,270.75
copan,2023-01-07,15.455,14.75,271.25
comayagua,2023-01-08,15.49,14.25,272.25
ocotepeque,2023-01-08,10.001,14.25,270.75
copan,2023-01-08,15.796,14.75,271.25
comayagua,2023-01-09,16.267,14.25,272.25
ocotepeque,2023-01-09,16.719,14.25,270.75
copan,2023-01-09,15.411,14.75,271.25
comayagua,2023-01-10,16.104,14.25,272.25
ocotepeque,2023-01-10,19.059,14.25,270.75
copan,2023-01-10,15.482,14.75,271.25
comayagua,2023-01-11,16.293,14.25,272.25
ocotepeque,2023-01-11,20.062,14.25,270.75
copan,2023-01-11,15.978,14.75,271.25
comayagua,2023-01-12,16.126,14.25,272.25
ocotepeque,2023-01-12,19.192,14.25,270.75
copan,2023-01-12,15.134,14.75,271.25
comayagua,2023-01-13,17.074,14.25,272.25
ocotepeque,2023-01-13,19.616,14.25,270.75
copan,2023-01-13,16.6,14.75,271.25
comayagua,2023-01-14,16.683,14.25,272.25
ocotepeque,2023-01-14,22.973,14.25,270.75
copan,2023-01-14,13.906,14.75,271.25
comayagua,2023-01-15,12.053,14.25,272.25
ocotepeque,2023-01-15,21.807,14.25,270.75
copan,2023-01-15,10.041,14.75,271.25
comayagua,2023-01-16,9.719,14.25,272.25
ocotepeque,2023-01-16,18.406,14.25,270.75
copan,2023-01-16,11.921,14.75,271.25
comayagua,2023-01-17,11.102,14.25,272.25
ocotepeque,2023-01-17,19.527,14.25,270.75
copan,2023-01-17,12.064,14.75,271.25
comayagua,2023-01-18,14.199,14.25,272.25
ocotepeque,2023-01-18,17.696,14.25,270.75
copan,2023-01-18,15.672,14.75,271.25
comayagua,2023-01-19,15.29,14.25,272.25
ocotepeque,2023-01-19,22.141,14.25,270.75
copan,2023-01-19,17.981,14.75,271.25
comayagua,2023-01-20,14.078,14.25,272.25
ocotepeque,2023-01-20,20.858,14.25,270.75
copan,2023-01-20,13.23,14.75,271.25
comayagua,2023-01-21,17.717,14.25,272.25
ocotepeque,2023-01-21,20.673,14.25,270.75
copan,2023-01-21,16.695,14.75,271.25
comayagua,2023-01-22,10.956,14.25,272.25
ocotepeque,2023-01-22,12.212,14.25,270.75
copan,2023-01-22,12.557,14.75,271.25
comayagua,2023-01-23,11.334,14.25,272.25
ocotepeque,2023-01-23,20.964,14.25,270.75
copan,2023-01-23,12.471,14.75,271.25
comayagua,2023-01-24,18.45,14.25,272.25
ocotepeque,2023-01-24,26.813,14.25,270.75
copan,2023-01-24,20.946,14.75,271.25
comayagua,2023-01-25,5.101,14.25,272.25
ocotepeque,2023-01-25,16.886,14.25,270.75
copan,2023-01-25,12.936,14.75,271.25
comayagua,2023-01-26,17.18,14.25,272.25
ocotepeque,2023-01-26,19.71,14.25,270.75
copan,2023-01-26,17.024,14.75,271.25
comayagua,2023-01-27,16.657,14.25,272.25
ocotepeque,2023-01-27,26.532,14.25,270.75
copan,2023-01-27,16.68,14.75,271.25
comayagua,2023-01-28,16.515,14.25,272.25
ocotepeque,2023-01-28,21.749,14.25,270.75
copan,2023-01-28,15.109,14.75,271.25
comayagua,2023-01-29,17.988,14.25,272.25
ocotepeque,2023-01-29,20.121,14.25,270.75
copan,2023-01-29,17.966,14.75,271.25
comayagua,2023-01-30,15.076,14.25,272.25
ocotepeque,2023-01-30,18.664,14.25,270.75
copan,2023-01-30,13.56,14.75,271.25
comayagua,2023-01-31,15.905,14.25,272.25
ocotepeque,2023-01-31,22.55,14.25,270.75
copan,2023-01-31,15.963,14.75,271.25
comayagua,2023-02-01,17.489,14.25,272.25
ocotepeque,2023-02-01,23.525,14.25,270.75
copan,2023-02-01,17.105,14.75,271.25
comayagua,2023-02-02,15.996,14.25,272.25
ocotepeque,2023-02-02,20.017,14.25,270.75
copan,2023-02-02,15.288,14.75,271.25
comayagua,2023-02-03,16.252,14.25,272.25
ocotepeque,2023-02-03,21.253,14.25,270.75
copan,2023-02-03,18.242,14.75,271.25
comayagua,2023-02-04,16.44,14.25,272.25
ocotepeque,2023-02-04,21.468,14.25,270.75
copan,2023-02-04,14.409,14.75,271.25
comayagua,2023-02-05,16.812,14.25,272.25
ocotepeque,2023-02-05,22.066,14.25,270.75
copan,2023-02-05,15.572,14.75,271.25
comayagua,2023-02-06,16.972,14.25,272.25
ocotepeque,2023-02-06,11.454,14.25,270.75
copan,2023-02-06,15.735,14.75,271.25
comayagua,2023-02-07,19.686,14.25,272.25
ocotepeque,2023-02-07,19.229,14.25,270.75
copan,2023-02-07,14.469,14.75,271.25
comayagua,2023-02-08,19.219,14.25,272.25
ocotepeque,2023-02-08,25.058,14.25,270.75
copan,2023-02-08,20.423,14.75,271.25
comayagua,2023-02-09,16.018,14.25,272.25
ocotepeque,2023-02-09,22.547,14.25,270.75
copan,2023-02-09,15.095,14.75,271.25
comayagua,2023-02-10,17.407,14.25,272.25
ocotepeque,2023-02-10,20.157,14.25,270.75
copan,2023-02-10,15.384,14.75,271.25
comayagua,2023-02-11,16.533,14.25,272.25
ocotepeque,2023-02-11,20.627,14.25,270.75
copan,2023-02-11,16.312,14.75,271.25
comayagua,2023-02-12,13.383,14.25,272.25
ocotepeque,2023-02-12,21.381,14.25,270.75
copan,2023-02-12,13.809,14.75,271.25
comayagua,2023-02-13,15.171,14.25,272.25
ocotepeque,2023-02-13,20.054,14.25,270.75
copan,2023-02-13,13.433,14.75,271.25
comayagua,2023-02-14,14.157,14.25,272.25
ocotepeque,2023-02-14,21.209,14.25,270.75
copan,2023-02-14,13.272,14.75,271.25
comayagua,2023-02-15,20.819,14.25,272.25
ocotepeque,2023-02-15,20.154,14.25,270.75
copan,2023-02-15,18.392,14.75,271.25
comayagua,2023-02-16,11.232,14.25,272.25
ocotepeque,2023-02-16,21.6,14.25,270.75
copan,2023-02-16,12.872,14.75,271.25
comayagua,2023-02-17,20.931,14.25,272.25
ocotepeque,2023-02-17,23.308,14.25,270.75
copan,2023-02-17,19.301,14.75,271.25
comayagua,2023-02-18,17.179,14.25,272.25
ocotepeque,2023-02-18,21.65,14.25,270.75
copan,2023-02-18,16.052,14.75,271.25
comayagua,2023-02-19,15.477,14.25,272.25
ocotepeque,2023-02-19,23.15,14.25,270.75
copan,2023-02-19,16.139,14.75,271.25
comayagua,2023-02-20,19.933,14.25,272.25
ocotepeque,2023-02-20,25.364,14.25,270.75
copan,2023-02-20,21.213,14.75,271.25
comayagua,2023-02-21,17.277,14.25,272.25
ocotepeque,2023-02-21,20.804,14.25,270.75
copan,2023-02-21,16.046,14.75,271.25
comayagua,2023-02-22,20.849,14.25,272.25
ocotepeque,2023-02-22,22.61,14.25,270.75
copan,2023-02-22,17.023,14.75,271.25
comayagua,2023-02-23,15.511,14.25,272.25
ocotepeque,2023-02-23,19.073,14.25,270.75
copan,2023-02-23,15.532,14.75,271.25
comayagua,2023-02-24,21.473,14.25,272.25
ocotepeque,2023-02-24,22.93,14.25,270.75
copan,2023-02-24,13.78,14.75,271.25
comayagua,2023-02-25,17.566,14.25,272.25
ocotepeque,2023-02-25,23.546,14.25,270.75
copan,2023-02-25,15.069,14.75,271.25
comayagua,2023-02-26,16.89,14.25,272.25
ocotepeque,2023-02-26,23.051,14.25,270.75
copan,2023-02-26,15.253,14.75,271.25
comayagua,2023-02-27,21.131,14.25,272.25
ocotepeque,2023-02-27,19.154,14.25,270.75
copan,2023-02-27,13.948,14.75,271.25
comayagua,2023-02-28,15.787,14.25,272.25
ocotepeque,2023-02-28,26.776,14.25,270.75
copan,2023-02-28,17.322,14.75,271.25
comayagua,2023-03-01,16.123,14.25,272.25
ocotepeque,2023-03-01,23.866,14.25,270.75
copan,2023-03-01,17.273,14.75,271.25
comayagua,2023-03-02,14.854,14.25,272.25
ocotepeque,2023-03-02,23.302,14.25,270.75
copan,2023-03-02,17.012,14.75,271.25
comayagua,2023-03-03,15.924,14.25,272.25
ocotepeque,2023-03-03,20.929,14.25,270.75
copan,2023-03-03,16.104,14.75,271.25
comayagua,2023-03-04,14.751,14.25,272.25
ocotepeque,2023-03-04,26.979,14.25,270.75
copan,2023-03-04,16.859,14.75,271.25
comayagua,2023-03-05,17.823,14.25,272.25
ocotepeque,2023-03-05,24.852,14.25,270.75
copan,2023-03-05,17.884,14.75,271.25
comayagua,2023-03-06,17.287,14.25,272.25
ocotepeque,2023-03-06,23.081,14.25,270.75
copan,2023-03-06,14.413,14.75,271.25
comayagua,2023-03-07,15.514,14.25,272.25
ocotepeque,2023-03-07,21.983,14.25,270.75
copan,2023-03-07,14.326,14.75,271.25
comayagua,2023-03-08,14.965,14.25,272.25
ocotepeque,2023-03-08,21.851,14.25,270.75
copan,2023-03-08,13.48,14.75,271.25
comayagua,2023-03-09,15.802,14.25,272.25
ocotepeque,2023-03-09,22.527,14.25,270.75
copan,2023-03-09,14.998,14.75,271.25
comayagua,2023-03-10,16.702,14.25,272.25
ocotepeque,2023-03-10,22.934,14.25,270.75
copan,2023-03-10,14.85,14.75,271.25
comayagua,2023-03-11,14.04,14.25,272.25
ocotepeque,2023-03-11,22.372,14.25,270.75
copan,2023-03-11,13.271,14.75,271.25
comayagua,2023-03-12,18.181,14.25,272.25
ocotepeque,2023-03-12,19.891,14.25,270.75
copan,2023-03-12,1.745,14.75,271.25
comayagua,2023-03-13,15.97,14.25,272.25
ocotepeque,2023-03-13,23.595,14.25,270.75
copan,2023-03-13,17.157,14.75,271.25
comayagua,2023-03-14,16.899,14.25,272.25
ocotepeque,2023-03-14,24.395,14.25,270.75
copan,2023-03-14,18.281,14.75,271.25
comayagua,2023-03-15,16.231,14.25,272.25
ocotepeque,2023-03-15,24.538,14.25,270.75
copan,2023-03-15,17.854,14.75,271.25
comayagua,2023-03-16,17.647,14.25,272.25
ocotepeque,2023-03-16,24.548,14.25,270.75
copan,2023-03-16,17.471,14.75,271.25
comayagua,2023-03-17,15.076,14.25,272.25
ocotepeque,2023-03-17,25.438,14.25,270.75
copan,2023-03-17,14.866,14.75,271.25
comayagua,2023-03-18,17.185,14.25,272.25
ocotepeque,2023-03-18,24.218,14.25,270.75
copan,2023-03-18,17.226,14.75,271.25
comayagua,2023-03-19,15.178,14.25,272.25
ocotepeque,2023-03-19,24.162,14.25,270.75
copan,2023-03-19,16.813,14.75,271.25
comayagua,2023-03-20,18.912,14.25,272.25
ocotepeque,2023-03-20,24.563,14.25,270.75
copan,2023-03-20,17.188,14.75,271.25
comayagua,2023-03-21,18.265,14.25,272.25
ocotepeque,2023-03-21,25.127,14.25,270.75
copan,2023-03-21,17.173,14.75,271.25
comayagua,2023-03-22,18.541,14.25,272.25
ocotepeque,2023-03-22,25.61,14.25,270.75
copan,2023-03-22,17.355,14.75,271.25
comayagua,2023-03-23,17.891,14.25,272.25
ocotepeque,2023-03-23,24.705,14.25,270.75
copan,2023-03-23,16.661,14.75,271.25
comayagua,2023-03-24,14.297,14.25,272.25
ocotepeque,2023-03-24,23.496,14.25,270.75
copan,2023-03-24,16.205,14.75,271.25
comayagua,2023-03-25,14.912,14.25,272.25
ocotepeque,2023-03-25,24.6,14.25,270.75
copan,2023-03-25,17.518,14.75,271.25
comayagua,2023-03-26,14.055,14.25,272.25
ocotepeque,2023-03-26,21.07,14.25,270.75
copan,2023-03-26,15.321,14.75,271.25
comayagua,2023-03-27,15.6,14.25,272.25
ocotepeque,2023-03-27,21.845,14.25,270.75
copan,2023-03-27,16.132,14.75,271.25
comayagua,2023-03-28,15.577,14.25,272.25
ocotepeque,2023-03-28,24.433,14.25,270.75
copan,2023-03-28,15.391,14.75,271.25
comayagua,2023-03-29,16.845,14.25,272.25
ocotepeque,2023-03-29,24.149,14.25,270.75
copan,2023-03-29,15.626,14.75,271.25
comayagua,2023-03-30,16.935,14.25,272.25
ocotepeque,2023-03-30,24.25,14.25,270.75
copan,2023-03-30,15.829,14.75,271.25
comayagua,2023-03-31,17.132,14.25,272.25
ocotepeque,2023-03-31,24.544,14.25,270.75
copan,2023-03-31,16.96,14.75,271.25
comayagua,2023-04-01,16.357,14.25,272.25
ocotepeque,2023-04-01,26.384,14.25,270.75
copan,2023-04-01,14.496,14.75,271.25
comayagua,2023-04-02,16.582,14.25,272.25
ocotepeque,2023-04-02,23.767,14.25,270.75
copan,2023-04-02,15.229,14.75,271.25
comayagua,2023-04-03,15.812,14.25,272.25
ocotepeque,2023-04-03,23.073,14.25,270.75
copan,2023-04-03,13.856,14.75,271.25
comayagua,2023-04-04,13.531,14.25,272.25
ocotepeque,2023-04-04,23.817,14.25,270.75
copan,2023-04-04,14.365,14.75,271.25
comayagua,2023-04-05,14.911,14.25,272.25
ocotepeque,2023-04-05,23.792,14.25,270.75
copan,2023-04-05,16.461,14.75,271.25
comayagua,2023-04-06,15.956,14.25,272.25
ocotepeque,2023-04-06,24.495,14.25,270.75
copan,2023-04-06,15.932,14.75,271.25
comayagua,2023-04-07,16.918,14.25,272.25
ocotepeque,2023-04-07,23.371,14.25,270.75
copan,2023-04-07,16.37,14.75,271.25
comayagua,2023-04-08,15.745,14.25,272.25
ocotepeque,2023-04-08,14.888,14.25,270.75
copan,2023-04-08,13.882,14.75,271.25
comayagua,2023-04-09,16.537,14.25,272.25
ocotepeque,2023-04-09,23.505,14.25,270.75
copan,2023-04-09,14.721,14.75,271.25
comayagua,2023-04-10,15.814,14.25,272.25
ocotepeque,2023-04-10,23.856,14.25,270.75
copan,2023-04-10,13.467,14.75,271.25
comayagua,2023-04-11,14.715,14.25,272.25
ocotepeque,2023-04-11,20.592,14.25,270.75
copan,2023-04-11,13.631,14.75,271.25
comayagua,2023-04-12,15.427,14.25,272.25
ocotepeque,2023-04-12,22.028,14.25,270.75
copan,2023-04-12,13.474,14.75,271.25
comayagua,2023-04-13,16.643,14.25,272.25
ocotepeque,2023-04-13,26.322,14.25,270.75
copan,2023-04-13,14.552,14.75,271.25
comayagua,2023-04-14,5.847,14.25,272.25
ocotepeque,2023-04-14,24.297,14.25,270.75
copan,2023-04-14,15.384,14.75,271.25
comayagua,2023-04-15,19.933,14.25,272.25
ocotepeque,2023-04-15,23.008,14.25,270.75
copan,2023-04-15,18.264,14.75,271.25
comayagua,2023-04-16,18.72,14.25,272.25
ocotepeque,2023-04-16,26.122,14.25,270.75
copan,2023-04-16,18.555,14.75,271.25
comayagua,2023-04-17,18.039,14.25,272.25
ocotepeque,2023-04-17,24.716,14.25,270.75
copan,2023-04-17,19.008,14.75,271.25
comayagua,2023-04-18,17.423,14.25,272.25
ocotepeque,2023-04-18,24.418,14.25,270.75
copan,2023-04-18,16.327,14.75,271.25
comayagua,2023-04-19,17.169,14.25,272.25
ocotepeque,2023-04-19,21.927,14.25,270.75
copan,2023-04-19,17.065,14.75,271.25
comayagua,2023-04-20,17.231,14.25,272.25
ocotepeque,2023-04-20,22.541,14.25,270.75
copan,2023-04-20,17.114,14.75,271.25
comayagua,2023-04-21,16.693,14.25,272.25
ocotepeque,2023-04-21,18.488,14.25,270.75
copan,2023-04-21,18.653,14.75,271.25
comayagua,2023-04-22,19.501,14.25,272.25
ocotepeque,2023-04-22,25.736,14.25,270.75
copan,2023-04-22,18.327,14.75,271.25
comayagua,2023-04-23,16.495,14.25,272.25
ocotepeque,2023-04-23,24.232,14.25,270.75
copan,2023-04-23,16.896,14.75,271.25
comayagua,2023-04-24,18.419,14.25,272.25
ocotepeque,2023-04-24,25.059,14.25,270.75
copan,2023-04-24,18.156,14.75,271.25
comayagua,2023-04-25,17.552,14.25,272.25
ocotepeque,2023-04-25,25.185,14.25,270.75
copan,2023-04-25,18.193,14.75,271.25
comayagua,2023-04-26,18.865,14.25,272.25
ocotepeque,2023-04-26,23.131,14.25,270.75
copan,2023-04-26,19.891,14.75,271.25
comayagua,2023-04-27,18.686,14.25,272.25
ocotepeque,2023-04-27,26.985,14.25,270.75
copan,2023-04-27,19.226,14.75,271.25
comayagua,2023-04-28,17.639,14.25,272.25
ocotepeque,2023-04-28,25.604,14.25,270.75
copan,2023-04-28,19.669,14.75,271.25
comayagua,2023-04-29,19.722,14.25,272.25
ocotepeque,2023-04-29,24.996,14.25,270.75
copan,2023-04-29,19.879,14.75,271.25
comayagua,2023-04-30,18.855,14.25,272.25
ocotepeque,2023-04-30,22.524,14.25,270.75
copan,2023-04-30,18.114,14.75,271.25
comayagua,2023-05-01,19.475,14.25,272.25
ocotepeque,2023-05-01,24.85,14.25,270.75
copan,2023-05-01,18.358,14.75,271.25
comayagua,2023-05-02,17.23,14.25,272.25
ocotepeque,2023-05-02,24.674,14.25,270.75
copan,2023-05-02,19.618,14.75,271.25
comayagua,2023-05-03,17.908,14.25,272.25
ocotepeque,2023-05-03,25.002,14.25,270.75
copan,2023-05-03,18.876,14.75,271.25
comayagua,2023-05-04,16.259,14.25,272.25
ocotepeque,2023-05-04,24.446,14.25,270.75
copan,2023-05-04,16.109,14.75,271.25
comayagua,2023-05-05,18.815,14.25,272.25
ocotepeque,2023-05-05,24.696,14.25,270.75
copan,2023-05-05,19.173,14.75,271.25
comayagua,2023-05-06,18.613,14.25,272.25
ocotepeque,2023-05-06,25.273,14.25,270.75
copan,2023-05-06,18.212,14.75,271.25
comayagua,2023-05-07,19.066,14.25,272.25
ocotepeque,2023-05-07,28.302,14.25,270.75
copan,2023-05-07,19.166,14.75,271.25
comayagua,2023-05-08,18.415,14.25,272.25
ocotepeque,2023-05-08,25.263,14.25,270.75
copan,2023-05-08,17.915,14.75,271.25
comayagua,2023-05-09,19.226,14.25,272.25
ocotepeque,2023-05-09,25.703,14.25,270.75
copan,2023-05-09,19.387,14.75,271.25
comayagua,2023-05-10,19.327,14.25,272.25
ocotepeque,2023-05-10,25.481,14.25,270.75
copan,2023-05-10,18.935,14.75,271.25
comayagua,2023-05-11,19.178,14.25,272.25
ocotepeque,2023-05-11,25.084,14.25,270.75
copan,2023-05-11,17.672,14.75,271.25
comayagua,2023-05-12,18.233,14.25,272.25
ocotepeque,2023-05-12,24.511,14.25,270.75
copan,2023-05-12,17.494,14.75,271.25
comayagua,2023-05-13,18.024,14.25,272.25
ocotepeque,2023-05-13,22.196,14.25,270.75
copan,2023-05-13,19.242,14.75,271.25
comayagua,2023-05-14,18.755,14.25,272.25
ocotepeque,2023-05-14,24.293,14.25,270.75
copan,2023-05-14,19.064,14.75,271.25
comayagua,2023-05-15,18.171,14.25,272.25
ocotepeque,2023-05-15,27.802,14.25,270.75
copan,2023-05-15,18.228,14.75,271.25
comayagua,2023-05-16,17.597,14.25,272.25
ocotepeque,2023-05-16,17.284,14.25,270.75
copan,2023-05-16,16.901,14.75,271.25
comayagua,2023-05-17,18.543,14.25,272.25
ocotepeque,2023-05-17,24.896,14.25,270.75
copan,2023-05-17,17.776,14.75,271.25
comayagua,2023-05-18,19.23,14.25,272.25
ocotepeque,2023-05-18,26.65,14.25,270.75
copan,2023-05-18,18.261,14.75,271.25
comayagua,2023-05-19,20.36,14.25,272.25
ocotepeque,2023-05-19,26.863,14.25,270.75
copan,2023-05-19,18.1,14.75,271.25
comayagua,2023-05-20,18.492,14.25,272.25
ocotepeque,2023-05-20,25.381,14.25,270.75
copan,2023-05-20,17.371,14.75,271.25
comayagua,2023-05-21,18.203,14.25,272.25
ocotepeque,2023-05-21,25.46,14.25,270.75
copan,2023-05-21,16.777,14.75,271.25
comayagua,2023-05-22,17.2,14.25,272.25
ocotepeque,2023-05-22,24.886,14.25,270.75
copan,2023-05-22,16.151,14.75,271.25
comayagua,2023-05-23,16.906,14.25,272.25
ocotepeque,2023-05-23,22.88,14.25,270.75
copan,2023-05-23,17.417,14.75,271.25
comayagua,2023-05-24,18.202,14.25,272.25
ocotepeque,2023-05-24,25.349,14.25,270.75
copan,2023-05-24,18.549,14.75,271.25
comayagua,2023-05-25,17.166,14.25,272.25
ocotepeque,2023-05-25,25.71,14.25,270.75
copan,2023-05-25,19.141,14.75,271.25
comayagua,2023-05-26,18.296,14.25,272.25
ocotepeque,2023-05-26,22.457,14.25,270.75
copan,2023-05-26,19.281,14.75,271.25
comayagua,2023-05-27,16.836,14.25,272.25
ocotepeque,2023-05-27,24.409,14.25,270.75
copan,2023-05-27,18.5,14.75,271.25
comayagua,2023-05-28,19.387,14.25,272.25
ocotepeque,2023-05-28,23.316,14.25,270.75
copan,2023-05-28,17.734,14.75,271.25
comayagua,2023-05-29,18.7,14.25,272.25
ocotepeque,2023-05-29,23.534,14.25,270.75
copan,2023-05-29,19.512,14.75,271.25
comayagua,2023-05-30,18.124,14.25,272.25
ocotepeque,2023-05-30,21.875,14.25,270.75
copan,2023-05-30,18.533,14.75,271.25
comayagua,2023-05-31,17.677,14.25,272.25
ocotepeque,2023-05-31,24.759,14.25,270.75
copan,2023-05-31,18.858,14.75,271.25
comayagua,2023-06-01,18.912,14.25,272.25
ocotepeque,2023-06-01,24.63,14.25,270.75
copan,2023-06-01,19.948,14.75,271.25
comayagua,2023-06-02,23.492,14.25,272.25
ocotepeque,2023-06-02,20.616,14.25,270.75
copan,2023-06-02,19.373,14.75,271.25
comayagua,2023-06-03,19.345,14.25,272.25
ocotepeque,2023-06-03,26.017,14.25,270.75
copan,2023-06-03,20.062,14.75,271.25
comayagua,2023-06-04,19.494,14.25,272.25
ocotepeque,2023-06-04,25.975,14.25,270.75
copan,2023-06-04,20.355,14.75,271.25
comayagua,2023-06-05,17.526,14.25,272.25
ocotepeque,2023-06-05,24.162,14.25,270.75
copan,2023-06-05,18.26,14.75,271.25
comayagua,2023-06-06,17.064,14.25,272.25
ocotepeque,2023-06-06,24.895,14.25,270.75
copan,2023-06-06,19.422,14.75,271.25
comayagua,2023-06-07,18.225,14.25,272.25
ocotepeque,2023-06-07,21.881,14.25,270.75
copan,2023-06-07,18.951,14.75,271.25
comayagua,2023-06-08,17.336,14.25,272.25
ocotepeque,2023-06-08,24.856,14.25,270.75
copan,2023-06-08,18.649,14.75,271.25
comayagua,2023-06-09,18.535,14.25,272.25
ocotepeque,2023-06-09,25.297,14.25,270.75
copan,2023-06-09,19.023,14.75,271.25
comayagua,2023-06-10,17.449,14.25,272.25
ocotepeque,2023-06-10,24.303,14.25,270.75
copan,2023-06-10,18.957,14.75,271.25
comayagua,2023-06-11,18.849,14.25,272.25
ocotepeque,2023-06-11,25.075,14.25,270.75
copan,2023-06-11,19.965,14.75,271.25
comayagua,2023-06-12,18.967,14.25,272.25
ocotepeque,2023-06-12,24.542,14.25,270.75
copan,2023-06-12,19.614,14.75,271.25
comayagua,2023-06-13,18.841,14.25,272.25
ocotepeque,2023-06-13,25.446,14.25,270.75
copan,2023-06-13,19.399,14.75,271.25
comayagua,2023-06-14,18.506,14.25,272.25
ocotepeque,2023-06-14,24.911,14.25,270.75
copan,2023-06-14,20.117,14.75,271.25
comayagua,2023-06-15,18.284,14.25,272.25
ocotepeque,2023-06-15,26.185,14.25,270.75
copan,2023-06-15,20.518,14.75,271.25
comayagua,2023-06-16,16.73,14.25,272.25
ocotepeque,2023-06-16,22.726,14.25,270.75
copan,2023-06-16,17.67,14.75,271.25
comayagua,2023-06-17,17.45,14.25,272.25
ocotepeque,2023-06-17,25.56,14.25,270.75
copan,2023-06-17,18.403,14.75,271.25
comayagua,2023-06-18,17.259,14.25,272.25
ocotepeque,2023-06-18,17.843,14.25,270.75
copan,2023-06-18,16.151,14.75,271.25
comayagua,2023-06-19,18.478,14.25,272.25
ocotepeque,2023-06-19,23.564,14.25,270.75
copan,2023-06-19,18.811,14.75,271.25
comayagua,2023-06-20,19.097,14.25,272.25
ocotepeque,2023-06-20,25.815,14.25,270.75
copan,2023-06-20,19.394,14.75,271.25
comayagua,2023-06-21,18.84,14.25,272.25
ocotepeque,2023-06-21,22.497,14.25,270.75
copan,2023-06-21,18.447,14.75,271.25
comayagua,2023-06-22,17.755,14.25,272.25
ocotepeque,2023-06-22,23.159,14.25,270.75
copan,2023-06-22,17.513,14.75,271.25
comayagua,2023-06-23,18.226,14.25,272.25
ocotepeque,2023-06-23,22.949,14.25,270.75
copan,2023-06-23,18.775,14.75,271.25
comayagua,2023-06-24,18.52,14.25,272.25
ocotepeque,2023-06-24,18.486,14.25,270.75
copan,2023-06-24,18.695,14.75,271.25
comayagua,2023-06-25,17.333,14.25,272.25
ocotepeque,2023-06-25,22.011,14.25,270.75
copan,2023-06-25,18.163,14.75,271.25
comayagua,2023-06-26,19.568,14.25,272.25
ocotepeque,2023-06-26,25.295,14.25,270.75
copan,2023-06-26,19.183,14.75,271.25
comayagua,2023-06-27,19.146,14.25,272.25
ocotepeque,2023-06-27,23.482,14.25,270.75
copan,2023-06-27,18.821,14.75,271.25
comayagua,2023-06-28,18.293,14.25,272.25
ocotepeque,2023-06-28,19.132,14.25,270.75
copan,2023-06-28,19.216,14.75,271.25
comayagua,2023-06-29,20.302,14.25,272.25
ocotepeque,2023-06-29,25.649,14.25,270.75
copan,2023-06-29,18.579,14.75,271.25
comayagua,2023-06-30,20.019,14.25,272.25
ocotepeque,2023-06-30,25.045,14.25,270.75
copan,2023-06-30,20.023,14.75,271.25
comayagua,2023-07-01,19.084,14.25,272.25
ocotepeque,2023-07-01,25.903,14.25,270.75
copan,2023-07-01,18.34,14.75,271.25
comayagua,2023-07-02,17.439,14.25,272.25
ocotepeque,2023-07-02,21.743,14.25,270.75
copan,2023-07-02,17.57,14.75,271.25
comayagua,2023-07-03,18.353,14.25,272.25
ocotepeque,2023-07-03,18.648,14.25,270.75
copan,2023-07-03,18.835,14.75,271.25
comayagua,2023-07-04,18.44,14.25,272.25
ocotepeque,2023-07-04,23.155,14.25,270.75
copan,2023-07-04,18.32,14.75,271.25
comayagua,2023-07-05,18.107,14.25,272.25
ocotepeque,2023-07-05,17.82,14.25,270.75
copan,2023-07-05,17.93,14.75,271.25
comayagua,2023-07-06,19.375,14.25,272.25
ocotepeque,2023-07-06,25.344,14.25,270.75
copan,2023-07-06,19.836,14.75,271.25
comayagua,2023-07-07,18.152,14.25,272.25
ocotepeque,2023-07-07,22.624,14.25,270.75
copan,2023-07-07,17.584,14.75,271.25
comayagua,2023-07-08,18.66,14.25,272.25
ocotepeque,2023-07-08,22.033,14.25,270.75
copan,2023-07-08,18.466,14.75,271.25
comayagua,2023-07-09,18.892,14.25,272.25
ocotepeque,2023-07-09,24.384,14.25,270.75
copan,2023-07-09,18.832,14.75,271.25
comayagua,2023-07-10,18.97,14.25,272.25
ocotepeque,2023-07-10,24.442,14.25,270.75
copan,2023-07-10,19.015,14.75,271.25
comayagua,2023-07-11,19.821,14.25,272.25
ocotepeque,2023-07-11,24.644,14.25,270.75
copan,2023-07-11,19.447,14.75,271.25
comayagua,2023-07-12,19.707,14.25,272.25
ocotepeque,2023-07-12,19.786,14.25,270.75
copan,2023-07-12,20.025,14.75,271.25
comayagua,2023-07-13,22.442,14.25,272.25
ocotepeque,2023-07-13,23.436,14.25,270.75
copan,2023-07-13,19.583,14.75,271.25
comayagua,2023-07-14,20.287,14.25,272.25
ocotepeque,2023-07-14,25.291,14.25,270.75
copan,2023-07-14,19.518,14.75,271.25
comayagua,2023-07-15,19.213,14.25,272.25
ocotepeque,2023-07-15,26.809,14.25,270.75
copan,2023-07-15,18.166,14.75,271.25
comayagua,2023-07-16,19.645,14.25,272.25
ocotepeque,2023-07-16,27.776,14.25,270.75
copan,2023-07-16,19.776,14.75,271.25
comayagua,2023-07-17,19.698,14.25,272.25
ocotepeque,2023-07-17,25.524,14.25,270.75
copan,2023-07-17,19.384,14.75,271.25
comayagua,2023-07-18,19.948,14.25,272.25
ocotepeque,2023-07-18,22.75,14.25,270.75
copan,2023-07-18,18.469,14.75,271.25
comayagua,2023-07-19,20.877,14.25,272.25
ocotepeque,2023-07-19,25.785,14.25,270.75
copan,2023-07-19,19.711,14.75,271.25
comayagua,2023-07-20,20.854,14.25,272.25
ocotepeque,2023-07-20,26.182,14.25,270.75
copan,2023-07-20,19.785,14.75,271.25
comayagua,2023-07-21,20.567,14.25,272.25
ocotepeque,2023-07-21,26.472,14.25,270.75
copan,2023-07-21,19.541,14.75,271.25
comayagua,2023-07-22,19.66,14.25,272.25
ocotepeque,2023-07-22,23.589,14.25,270.75
copan,2023-07-22,18.964,14.75,271.25
comayagua,2023-07-23,19.294,14.25,272.25
ocotepeque,2023-07-23,25.7,14.25,270.75
copan,2023-07-23,19.871,14.75,271.25
comayagua,2023-07-24,19.289,14.25,272.25
ocotepeque,2023-07-24,25.84,14.25,270.75
copan,2023-07-24,19.974,14.75,271.25
comayagua,2023-07-25,18.418,14.25,272.25
ocotepeque,2023-07-25,26.004,14.25,270.75
copan,2023-07-25,19.409,14.75,271.25
comayagua,2023-07-26,20.015,14.25,272.25
ocotepeque,2023-07-26,25.623,14.25,270.75
copan,2023-07-26,19.358,14.75,271.25
comayagua,2023-07-27,19.166,14.25,272.25
ocotepeque,2023-07-27,26.079,14.25,270.75
copan,2023-07-27,19.481,14.75,271.25
comayagua,2023-07-28,19.189,14.25,272.25
ocotepeque,2023-07-28,26.31,14.25,270.75
copan,2023-07-28,18.109,14.75,271.25
comayagua,2023-07-29,19.642,14.25,272.25
ocotepeque,2023-07-29,23.581,14.25,270.75
copan,2023-07-29,18.988,14.75,271.25
comayagua,2023-07-30,18.3,14.25,272.25
ocotepeque,2023-07-30,23.646,14.25,270.75
copan,2023-07-30,18.752,14.75,271.25
comayagua,2023-07-31,19.6,14.25,272.25
ocotepeque,2023-07-31,22.726,14.25,270.75
copan,2023-07-31,18.863,14.75,271.25
comayagua,2023-08-01,18.837,14.25,272.25
ocotepeque,2023-08-01,24.547,14.25,270.75
copan,2023-08-01,18.841,14.75,271.25
comayagua,2023-08-02,17.751,14.25,272.25
ocotepeque,2023-08-02,22.524,14.25,270.75
copan,2023-08-02,17.801,14.75,271.25
comayagua,2023-08-03,18.57,14.25,272.25
ocotepeque,2023-08-03,24.375,14.25,270.75
copan,2023-08-03,19.711,14.75,271.25
comayagua,2023-08-04,19.297,14.25,272.25
ocotepeque,2023-08-04,27.984,14.25,270.75
copan,2023-08-04,18.34,14.75,271.25
comayagua,2023-08-05,17.596,14.25,272.25
ocotepeque,2023-08-05,24.846,14.25,270.75
copan,2023-08-05,19.203,14.75,271.25
comayagua,2023-08-06,19.697,14.25,272.25
ocotepeque,2023-08-06,23.76,14.25,270.75
copan,2023-08-06,19.512,14.75,271.25
comayagua,2023-08-07,19.905,14.25,272.25
ocotepeque,2023-08-07,27.979,14.25,270.75
copan,2023-08-07,19.54,14.75,271.25
comayagua,2023-08-08,20.262,14.25,272.25
ocotepeque,2023-08-08,24.211,14.25,270.75
copan,2023-08-08,20.23,14.75,271.25
comayagua,2023-08-09,19.175,14.25,272.25
ocotepeque,2023-08-09,26.335,14.25,270.75
copan,2023-08-09,19.772,14.75,271.25
comayagua,2023-08-10,19.536,14.25,272.25
ocotepeque,2023-08-10,26.694,14.25,270.75
copan,2023-08-10,19.802,14.75,271.25
comayagua,2023-08-11,18.888,14.25,272.25
ocotepeque,2023-08-11,19.411,14.25,270.75
copan,2023-08-11,20.107,14.75,271.25
comayagua,2023-08-12,20.245,14.25,272.25
ocotepeque,2023-08-12,28.132,14.25,270.75
copan,2023-08-12,20.376,14.75,271.25
comayagua,2023-08-13,19.22,14.25,272.25
ocotepeque,2023-08-13,19.311,14.25,270.75
copan,2023-08-13,19.801,14.75,271.25
comayagua,2023-08-14,19.468,14.25,272.25
ocotepeque,2023-08-14,23.367,14.25,270.75
copan,2023-08-14,19.21,14.75,271.25
comayagua,2023-08-15,18.112,14.25,272.25
ocotepeque,2023-08-15,20.815,14.25,270.75
copan,2023-08-15,17.769,14.75,271.25
comayagua,2023-08-16,18.519,14.25,272.25
ocotepeque,2023-08-16,25.376,14.25,270.75
copan,2023-08-16,19.476,14.75,271.25
comayagua,2023-08-17,18.735,14.25,272.25
ocotepeque,2023-08-17,23.958,14.25,270.75
copan,2023-08-17,19.884,14.75,271.25
comayagua,2023-08-18,19.667,14.25,272.25
ocotepeque,2023-08-18,24.041,14.25,270.75
copan,2023-08-18,19.437,14.75,271.25
comayagua,2023-08-19,18.265,14.25,272.25
ocotepeque,2023-08-19,24.207,14.25,270.75
copan,2023-08-19,17.485,14.75,271.25
comayagua,2023-08-20,19.055,14.25,272.25
ocotepeque,2023-08-20,25.422,14.25,270.75
copan,2023-08-20,18.233,14.75,271.25
comayagua,2023-08-21,20.1,14.25,272.25
ocotepeque,2023-08-21,25.725,14.25,270.75
copan,2023-08-21,19.238,14.75,271.25
comayagua,2023-08-22,19.461,14.25,272.25
ocotepeque,2023-08-22,23.437,14.25,270.75
copan,2023-08-22,18.854,14.75,271.25
comayagua,2023-08-23,19.13,14.25,272.25
ocotepeque,2023-08-23,24.386,14.25,270.75
copan,2023-08-23,19.248,14.75,271.25
comayagua,2023-08-24,18.968,14.25,272.25
ocotepeque,2023-08-24,22.261,14.25,270.75
copan,2023-08-24,18.922,14.75,271.25
comayagua,2023-08-25,18.723,14.25,272.25
ocotepeque,2023-08-25,23.384,14.25,270.75
copan,2023-08-25,19.013,14.75,271.25
comayagua,2023-08-26,19.304,14.25,272.25
ocotepeque,2023-08-26,26.078,14.25,270.75
copan,2023-08-26,20.634,14.75,271.25
comayagua,2023-08-27,17.887,14.25,272.25
ocotepeque,2023-08-27,23.208,14.25,270.75
copan,2023-08-27,18.705,14.75,271.25
comayagua,2023-08-28,18.732,14.25,272.25
ocotepeque,2023-08-28,23.677,14.25,270.75
copan,2023-08-28,18.839,14.75,271.25
comayagua,2023-08-29,20.493,14.25,272.25
ocotepeque,2023-08-29,26.814,14.25,270.75
copan,2023-08-29,19.672,14.75,271.25
comayagua,2023-08-30,19.344,14.25,272.25
ocotepeque,2023-08-30,25.514,14.25,270.75
copan,2023-08-30,19.403,14.75,271.25
comayagua,2023-08-31,18.923,14.25,272.25
ocotepeque,2023-08-31,26.097,14.25,270.75
copan,2023-08-31,18.564,14.75,271.25
comayagua,2023-09-01,19.325,14.25,272.25
ocotepeque,2023-09-01,23.404,14.25,270.75
copan,2023-09-01,20.168,14.75,271.25
comayagua,2023-09-02,17.921,14.25,272.25
ocotepeque,2023-09-02,22.951,14.25,270.75
copan,2023-09-02,17.74,14.75,271.25
comayagua,2023-09-03,19.545,14.25,272.25
ocotepeque,2023-09-03,24.193,14.25,270.75
copan,2023-09-03,19.116,14.75,271.25
comayagua,2023-09-04,19.711,14.25,272.25
ocotepeque,2023-09-04,23.998,14.25,270.75
copan,2023-09-04,19.351,14.75,271.25
comayagua,2023-09-05,17.941,14.25,272.25
ocotepeque,2023-09-05,22.248,14.25,270.75
copan,2023-09-05,17.191,14.75,271.25
comayagua,2023-09-06,22.738,14.25,272.25
ocotepeque,2023-09-06,23.439,14.25,270.75
copan,2023-09-06,18.922,14.75,271.25
comayagua,2023-09-07,18.921,14.25,272.25
ocotepeque,2023-09-07,26.016,14.25,270.75
copan,2023-09-07,18.94,14.75,271.25
comayagua,2023-09-08,19.386,14.25,272.25
ocotepeque,2023-09-08,24.649,14.25,270.75
copan,2023-09-08,18.884,14.75,271.25
comayagua,2023-09-09,17.009,14.25,272.25
ocotepeque,2023-09-09,22.576,14.25,270.75
copan,2023-09-09,16.88,14.75,271.25
comayagua,2023-09-10,18.301,14.25,272.25
ocotepeque,2023-09-10,23.284,14.25,270.75
copan,2023-09-10,19.407,14.75,271.25
comayagua,2023-09-11,18.514,14.25,272.25
ocotepeque,2023-09-11,22.789,14.25,270.75
copan,2023-09-11,18.883,14.75,271.25
comayagua,2023-09-12,19.236,14.25,272.25
ocotepeque,2023-09-12,25.517,14.25,270.75
copan,2023-09-12,19.661,14.75,271.25
comayagua,2023-09-13,20.354,14.25,272.25
ocotepeque,2023-09-13,23.139,14.25,270.75
copan,2023-09-13,19.993,14.75,271.25
comayagua,2023-09-14,20.649,14.25,272.25
ocotepeque,2023-09-14,23.81,14.25,270.75
copan,2023-09-14,20.327,14.75,271.25
comayagua,2023-09-15,19.181,14.25,272.25
ocotepeque,2023-09-15,25.691,14.25,270.75
copan,2023-09-15,20.009,14.75,271.25
comayagua,2023-09-16,18.814,14.25,272.25
ocotepeque,2023-09-16,23.595,14.25,270.75
copan,2023-09-16,19.395,14.75,271.25
comayagua,2023-09-17,16.569,14.25,272.25
ocotepeque,2023-09-17,23.662,14.25,270.75
copan,2023-09-17,18.817,14.75,271.25
comayagua,2023-09-18,19.285,14.25,272.25
ocotepeque,2023-09-18,23.191,14.25,270.75
copan,2023-09-18,19.268,14.75,271.25
comayagua,2023-09-19,17.554,14.25,272.25
ocotepeque,2023-09-19,18.132,14.25,270.75
copan,2023-09-19,18.963,14.75,271.25
comayagua,2023-09-20,18.757,14.25,272.25
ocotepeque,2023-09-20,24.254,14.25,270.75
copan,2023-09-20,19.054,14.75,271.25
comayagua,2023-09-21,18.669,14.25,272.25
ocotepeque,2023-09-21,22.815,14.25,270.75
copan,2023-09-21,18.952,14.75,271.25
comayagua,2023-09-22,17.806,14.25,272.25
ocotepeque,2023-09-22,24.208,14.25,270.75
copan,2023-09-22,18.847,14.75,271.25
comayagua,2023-09-23,19.142,14.25,272.25
ocotepeque,2023-09-23,25.713,14.25,270.75
copan,2023-09-23,18.417,14.75,271.25
comayagua,2023-09-24,17.416,14.25,272.25
ocotepeque,2023-09-24,25.146,14.25,270.75
copan,2023-09-24,17.644,14.75,271.25
comayagua,2023-09-25,18.756,14.25,272.25
ocotepeque,2023-09-25,22.135,14.25,270.75
copan,2023-09-25,18.426,14.75,271.25
comayagua,2023-09-26,17.572,14.25,272.25
ocotepeque,2023-09-26,25.374,14.25,270.75
copan,2023-09-26,18.56,14.75,271.25
comayagua,2023-09-27,19.517,14.25,272.25
ocotepeque,2023-09-27,23.789,14.25,270.75
copan,2023-09-27,19.237,14.75,271.25
comayagua,2023-09-28,18.703,14.25,272.25
ocotepeque,2023-09-28,22.911,14.25,270.75
copan,2023-09-28,18.417,14.75,271.25
comayagua,2023-09-29,19.012,14.25,272.25
ocotepeque,2023-09-29,23.895,14.25,270.75
copan,2023-09-29,19.393,14.75,271.25
comayagua,2023-09-30,18.64,14.25,272.25
ocotepeque,2023-09-30,25.104,14.25,270.75
copan,2023-09-30,18.516,14.75,271.25
comayagua,2023-10-01,19.953,14.25,272.25
ocotepeque,2023-10-01,24.582,14.25,270.75
copan,2023-10-01,19.792,14.75,271.25
comayagua,2023-10-02,19.317,14.25,272.25
ocotepeque,2023-10-02,23.326,14.25,270.75
copan,2023-10-02,19.915,14.75,271.25
comayagua,2023-10-03,19.242,14.25,272.25
ocotepeque,2023-10-03,23.738,14.25,270.75
copan,2023-10-03,20.01,14.75,271.25
comayagua,2023-10-04,22.203,14.25,272.25
ocotepeque,2023-10-04,23.399,14.25,270.75
copan,2023-10-04,18.869,14.75,271.25
comayagua,2023-10-05,18.992,14.25,272.25
ocotepeque,2023-10-05,24.512,14.25,270.75
copan,2023-10-05,19.094,14.75,271.25
comayagua,2023-10-06,19.457,14.25,272.25
ocotepeque,2023-10-06,24.311,14.25,270.75
copan,2023-10-06,18.85,14.75,271.25
comayagua,2023-10-07,19.622,14.25,272.25
ocotepeque,2023-10-07,19.195,14.25,270.75
copan,2023-10-07,19.296,14.75,271.25
comayagua,2023-10-08,19.677,14.25,272.25
ocotepeque,2023-10-08,28.034,14.25,270.75
copan,2023-10-08,21.029,14.75,271.25
comayagua,2023-10-09,16.465,14.25,272.25
ocotepeque,2023-10-09,20.302,14.25,270.75
copan,2023-10-09,18.759,14.75,271.25
comayagua,2023-10-10,19.105,14.25,272.25
ocotepeque,2023-10-10,23.227,14.25,270.75
copan,2023-10-10,19.223,14.75,271.25
comayagua,2023-10-11,20.286,14.25,272.25
ocotepeque,2023-10-11,24.739,14.25,270.75
copan,2023-10-11,20.289,14.75,271.25
comayagua,2023-10-12,19.815,14.25,272.25
ocotepeque,2023-10-12,22.68,14.25,270.75
copan,2023-10-12,19.874,14.75,271.25
comayagua,2023-10-13,18.006,14.25,272.25
ocotepeque,2023-10-13,24.524,14.25,270.75
copan,2023-10-13,19.4,14.75,271.25
comayagua,2023-10-14,18.782,14.25,272.25
ocotepeque,2023-10-14,24.922,14.25,270.75
copan,2023-10-14,19.396,14.75,271.25
comayagua,2023-10-15,18.169,14.25,272.25
ocotepeque,2023-10-15,24.469,14.25,270.75
copan,2023-10-15,20.615,14.75,271.25
comayagua,2023-10-16,19.895,14.25,272.25
ocotepeque,2023-10-16,23.809,14.25,270.75
copan,2023-10-16,19.083,14.75,271.25
comayagua,2023-10-17,17.801,14.25,272.25
ocotepeque,2023-10-17,22.397,14.25,270.75
copan,2023-10-17,15.892,14.75,271.25
comayagua,2023-10-18,18.5,14.25,272.25
ocotepeque,2023-10-18,23.516,14.25,270.75
copan,2023-10-18,16.703,14.75,271.25
comayagua,2023-10-19,18.299,14.25,272.25
ocotepeque,2023-10-19,23.861,14.25,270.75
copan,2023-10-19,16.157,14.75,271.25
comayagua,2023-10-20,18.391,14.25,272.25
ocotepeque,2023-10-20,23.659,14.25,270.75
copan,2023-10-20,18.152,14.75,271.25
comayagua,2023-10-21,20.247,14.25,272.25
ocotepeque,2023-10-21,25.266,14.25,270.75
copan,2023-10-21,21.923,14.75,271.25
comayagua,2023-10-22,18.027,14.25,272.25
ocotepeque,2023-10-22,21.488,14.25,270.75
copan,2023-10-22,16.608,14.75,271.25
comayagua,2023-10-23,19.552,14.25,272.25
ocotepeque,2023-10-23,19.188,14.25,270.75
copan,2023-10-23,18.308,14.75,271.25
comayagua,2023-10-24,18.897,14.25,272.25
ocotepeque,2023-10-24,24.193,14.25,270.75
copan,2023-10-24,18.643,14.75,271.25
comayagua,2023-10-25,19.412,14.25,272.25
ocotepeque,2023-10-25,25.207,14.25,270.75
copan,2023-10-25,19.447,14.75,271.25
comayagua,2023-10-26,21.871,14.25,272.25
ocotepeque,2023-10-26,26.106,14.25,270.75
copan,2023-10-26,22.942,14.75,271.25
comayagua,2023-10-27,19.869,14.25,272.25
ocotepeque,2023-10-27,24.757,14.25,270.75
copan,2023-10-27,19.873,14.75,271.25
comayagua,2023-10-28,19.393,14.25,272.25
ocotepeque,2023-10-28,24.107,14.25,270.75
copan,2023-10-28,16.727,14.75,271.25
comayagua,2023-10-29,20.089,14.25,272.25
ocotepeque,2023-10-29,23.268,14.25,270.75
copan,2023-10-29,19.095,14.75,271.25
comayagua,2023-10-30,19.227,14.25,272.25
ocotepeque,2023-10-30,22.101,14.25,270.75
copan,2023-10-30,17.978,14.75,271.25
comayagua,2023-10-31,17.299,14.25,272.25
ocotepeque,2023-10-31,19.486,14.25,270.75
copan,2023-10-31,17.495,14.75,271.25
comayagua,2023-11-01,16.672,14.25,272.25
ocotepeque,2023-11-01,18.572,14.25,270.75
copan,2023-11-01,16.278,14.75,271.25
comayagua,2023-11-02,18.189,14.25,272.25
ocotepeque,2023-11-02,24.28,14.25,270.75
copan,2023-11-02,17.94,14.75,271.25
comayagua,2023-11-03,17.541,14.25,272.25
ocotepeque,2023-11-03,22.941,14.25,270.75
copan,2023-11-03,16.744,14.75,271.25
comayagua,2023-11-04,18.661,14.25,272.25
ocotepeque,2023-11-04,17.254,14.25,270.75
copan,2023-11-04,16.669,14.75,271.25
comayagua,2023-11-05,19.963,14.25,272.25
ocotepeque,2023-11-05,19.14,14.25,270.75
copan,2023-11-05,18.638,14.75,271.25
comayagua,2023-11-06,19.142,14.25,272.25
ocotepeque,2023-11-06,19.088,14.25,270.75
copan,2023-11-06,18.769,14.75,271.25
comayagua,2023-11-07,19.483,14.25,272.25
ocotepeque,2023-11-07,19.306,14.25,270.75
copan,2023-11-07,18.978,14.75,271.25
comayagua,2023-11-08,19.287,14.25,272.25
ocotepeque,2023-11-08,18.906,14.25,270.75
copan,2023-11-08,18.436,14.75,271.25
comayagua,2023-11-09,18.429,14.25,272.25
ocotepeque,2023-11-09,17.724,14.25,270.75
copan,2023-11-09,17.098,14.75,271.25
comayagua,2023-11-10,17.22,14.25,272.25
ocotepeque,2023-11-10,16.772,14.25,270.75
copan,2023-11-10,16.686,14.75,271.25
comayagua,2023-11-11,19.003,14.25,272.25
ocotepeque,2023-11-11,18.802,14.25,270.75
copan,2023-11-11,18.793,14.75,271.25
comayagua,2023-11-12,19.302,14.25,272.25
ocotepeque,2023-11-12,18.879,14.25,270.75
copan,2023-11-12,18.696,14.75,271.25
comayagua,2023-11-13,19.598,14.25,272.25
ocotepeque,2023-11-13,19.087,14.25,270.75
copan,2023-11-13,18.76,14.75,271.25
comayagua,2023-11-14,19.504,14.25,272.25
ocotepeque,2023-11-14,19.513,14.25,270.75
copan,2023-11-14,19.292,14.75,271.25
comayagua,2023-11-15,18.452,14.25,272.25
ocotepeque,2023-11-15,18.568,14.25,270.75
copan,2023-11-15,18.324,14.75,271.25
comayagua,2023-11-16,19.368,14.25,272.25
ocotepeque,2023-11-16,27.212,14.25,270.75
copan,2023-11-16,19.294,14.75,271.25
comayagua,2023-11-17,17.55,14.25,272.25
ocotepeque,2023-11-17,24.094,14.25,270.75
copan,2023-11-17,17.748,14.75,271.25
comayagua,2023-11-18,16.954,14.25,272.25
ocotepeque,2023-11-18,25.478,14.25,270.75
copan,2023-11-18,17.433,14.75,271.25
comayagua,2023-11-19,13.052,14.25,272.25
ocotepeque,2023-11-19,21.909,14.25,270.75
copan,2023-11-19,12.458,14.75,271.25
comayagua,2023-11-20,12.888,14.25,272.25
ocotepeque,2023-11-20,13.886,14.25,270.75
copan,2023-11-20,14.389,14.75,271.25
comayagua,2023-11-21,11.647,14.25,272.25
ocotepeque,2023-11-21,22.356,14.25,270.75
copan,2023-11-21,14.367,14.75,271.25
comayagua,2023-11-22,17.767,14.25,272.25
ocotepeque,2023-11-22,17.565,14.25,270.75
copan,2023-11-22,17.987,14.75,271.25
comayagua,2023-11-23,18.37,14.25,272.25
ocotepeque,2023-11-23,24.161,14.25,270.75
copan,2023-11-23,16.909,14.75,271.25
comayagua,2023-11-24,18.281,14.25,272.25
ocotepeque,2023-11-24,24.71,14.25,270.75
copan,2023-11-24,18.423,14.75,271.25
comayagua,2023-11-25,18.534,14.25,272.25
ocotepeque,2023-11-25,21.893,14.25,270.75
copan,2023-11-25,19.136,14.75,271.25
comayagua,2023-11-26,18.34,14.25,272.25
ocotepeque,2023-11-26,24.971,14.25,270.75
copan,2023-11-26,17.952,14.75,271.25
comayagua,2023-11-27,18.856,14.25,272.25
ocotepeque,2023-11-27,24.772,14.25,270.75
copan,2023-11-27,18.287,14.75,271.25
comayagua,2023-11-28,19.653,14.25,272.25
ocotepeque,2023-11-28,25.769,14.25,270.75
copan,2023-11-28,19.462,14.75,271.25
comayagua,2023-11-29,18.469,14.25,272.25
ocotepeque,2023-11-29,23.746,14.25,270.75
copan,2023-11-29,17.739,14.75,271.25
comayagua,2023-11-30,18.212,14.25,272.25
ocotepeque,2023-11-30,18.215,14.25,270.75
copan,2023-11-30,18.204,14.75,271.25
comayagua,2023-12-01,14.57,14.25,272.25
ocotepeque,2023-12-01,23.338,14.25,270.75
copan,2023-12-01,16.19,14.75,271.25
comayagua,2023-12-02,19.561,14.25,272.25
ocotepeque,2023-12-02,21.225,14.25,270.75
copan,2023-12-02,17.547,14.75,271.25
comayagua,2023-12-03,19.046,14.25,272.25
ocotepeque,2023-12-03,24.254,14.25,270.75
copan,2023-12-03,17.728,14.75,271.25
comayagua,2023-12-04,19.364,14.25,272.25
ocotepeque,2023-12-04,25.028,14.25,270.75
copan,2023-12-04,18.154,14.75,271.25
comayagua,2023-12-05,19.265,14.25,272.25
ocotepeque,2023-12-05,25.354,14.25,270.75
copan,2023-12-05,18.544,14.75,271.25
comayagua,2023-12-06,18.57,14.25,272.25
ocotepeque,2023-12-06,23.972,14.25,270.75
copan,2023-12-06,16.931,14.75,271.25
comayagua,2023-12-07,16.864,14.25,272.25
ocotepeque,2023-12-07,23.037,14.25,270.75
copan,2023-12-07,16.469,14.75,271.25
comayagua,2023-12-08,18.015,14.25,272.25
ocotepeque,2023-12-08,17.709,14.25,270.75
copan,2023-12-08,17.377,14.75,271.25
comayagua,2023-12-09,17.675,14.25,272.25
ocotepeque,2023-12-09,24.121,14.25,270.75
copan,2023-12-09,17.414,14.75,271.25
comayagua,2023-12-10,18.008,14.25,272.25
ocotepeque,2023-12-10,24.85,14.25,270.75
copan,2023-12-10,17.523,14.75,271.25
comayagua,2023-12-11,18.092,14.25,272.25
ocotepeque,2023-12-11,23.855,14.25,270.75
copan,2023-12-11,17.386,14.75,271.25
comayagua,2023-12-12,17.677,14.25,272.25
ocotepeque,2023-12-12,22.995,14.25,270.75
copan,2023-12-12,15.878,14.75,271.25
comayagua,2023-12-13,16.539,14.25,272.25
ocotepeque,2023-12-13,22.435,14.25,270.75
copan,2023-12-13,15.066,14.75,271.25
comayagua,2023-12-14,18.628,14.25,272.25
ocotepeque,2023-12-14,23.892,14.25,270.75
copan,2023-12-14,17.073,14.75,271.25
comayagua,2023-12-15,16.806,14.25,272.25
ocotepeque,2023-12-15,23.264,14.25,270.75
copan,2023-12-15,16.396,14.75,271.25
comayagua,2023-12-16,16.031,14.25,272.25
ocotepeque,2023-12-16,22.929,14.25,270.75
copan,2023-12-16,16.605,14.75,271.25
comayagua,2023-12-17,17.565,14.25,272.25
ocotepeque,2023-12-17,24.133,14.25,270.75
copan,2023-12-17,15.626,14.75,271.25
comayagua,2023-12-18,13.866,14.25,272.25
ocotepeque,2023-12-18,19.515,14.25,270.75
copan,2023-12-18,12.868,14.75,271.25
comayagua,2023-12-19,12.643,14.25,272.25
ocotepeque,2023-12-19,9.283,14.25,270.75
copan,2023-12-19,10.185,14.75,271.25
comayagua,2023-12-20,12.111,14.25,272.25
ocotepeque,2023-12-20,13.411,14.25,270.75
copan,2023-12-20,12.019,14.75,271.25
comayagua,2023-12-21,13.279,14.25,272.25
ocotepeque,2023-12-21,12.953,14.25,270.75
copan,2023-12-21,12.734,14.75,271.25
comayagua,2023-12-22,15.713,14.25,272.25
ocotepeque,2023-12-22,21.036,14.25,270.75
copan,2023-12-22,14.716,14.75,271.25
comayagua,2023-12-23,16.777,14.25,272.25
ocotepeque,2023-12-23,21.793,14.25,270.75
copan,2023-12-23,15.825,14.75,271.25
comayagua,2023-12-24,17.207,14.25,272.25
ocotepeque,2023-12-24,22.484,14.25,270.75
copan,2023-12-24,17.206,14.75,271.25
comayagua,2023-12-25,14.797,14.25,272.25
ocotepeque,2023-12-25,16.24,14.25,270.75
copan,2023-12-25,16.083,14.75,271.25
comayagua,2023-12-26,15.764,14.25,272.25
ocotepeque,2023-12-26,17.269,14.25,270.75
copan,2023-12-26,17.256,14.75,271.25
comayagua,2023-12-27,18.032,14.25,272.25
ocotepeque,2023-12-27,23.686,14.25,270.75
copan,2023-12-27,18.409,14.75,271.25
comayagua,2023-12-28,20.259,14.25,272.25
ocotepeque,2023-12-28,24.861,14.25,270.75
copan,2023-12-28,21.985,14.75,271.25
comayagua,2023-12-29,17.796,14.25,272.25
ocotepeque,2023-12-29,22.607,14.25,270.75
copan,2023-12-29,17.959,14.75,271.25
comayagua,2023-12-30,17.726,14.25,272.25
ocotepeque,2023-12-30,23.338,14.25,270.75
copan,2023-12-30,16.062,14.75,271.25
comayagua,2023-12-31,14.484,14.25,272.25
ocotepeque,2023-12-31,19.638,14.25,270.75
copan,2023-12-31,12.797,14.75,271.25
comayagua,2024-01-01,16.198,14.25,272.25
ocotepeque,2024-01-01,24.561,14.25,270.75
copan,2024-01-01,14.607,14.75,271.25
comayagua,2024-01-02,20.021,14.25,272.25
ocotepeque,2024-01-02,25.754,14.25,270.75
copan,2024-01-02,21.7,14.75,271.25
comayagua,2024-01-03,15.775,14.25,272.25
ocotepeque,2024-01-03,22.696,14.25,270.75
copan,2024-01-03,16.27,14.75,271.25
comayagua,2024-01-04,16.606,14.25,272.25
ocotepeque,2024-01-04,23.149,14.25,270.75
copan,2024-01-04,17.053,14.75,271.25
comayagua,2024-01-05,13.017,14.25,272.25
ocotepeque,2024-01-05,22.275,14.25,270.75
copan,2024-01-05,15.883,14.75,271.25
comayagua,2024-01-06,11.396,14.25,272.25
ocotepeque,2024-01-06,23.897,14.25,270.75
copan,2024-01-06,13.353,14.75,271.25
comayagua,2024-01-07,17.873,14.25,272.25
ocotepeque,2024-01-07,24.863,14.25,270.75
copan,2024-01-07,18.493,14.75,271.25
comayagua,2024-01-08,17.494,14.25,272.25
ocotepeque,2024-01-08,22.4,14.25,270.75
copan,2024-01-08,14.345,14.75,271.25
comayagua,2024-01-09,21.167,14.25,272.25
ocotepeque,2024-01-09,23.002,14.25,270.75
copan,2024-01-09,16.749,14.75,271.25
comayagua,2024-01-10,14.509,14.25,272.25
ocotepeque,2024-01-10,23.643,14.25,270.75
copan,2024-01-10,17.629,14.75,271.25
comayagua,2024-01-11,12.652,14.25,272.25
ocotepeque,2024-01-11,22.339,14.25,270.75
copan,2024-01-11,14.446,14.75,271.25
comayagua,2024-01-12,16.694,14.25,272.25
ocotepeque,2024-01-12,22.367,14.25,270.75
copan,2024-01-12,16.262,14.75,271.25
comayagua,2024-01-13,12.211,14.25,272.25
ocotepeque,2024-01-13,25.852,14.25,270.75
copan,2024-01-13,16.227,14.75,271.25
comayagua,2024-01-14,14.804,14.25,272.25
ocotepeque,2024-01-14,20.759,14.25,270.75
copan,2024-01-14,14.77,14.75,271.25
comayagua,2024-01-15,16.17,14.25,272.25
ocotepeque,2024-01-15,25.232,14.25,270.75
copan,2024-01-15,18.018,14.75,271.25
comayagua,2024-01-16,13.818,14.25,272.25
ocotepeque,2024-01-16,23.127,14.25,270.75
copan,2024-01-16,17.888,14.75,271.25
comayagua,2024-01-17,18.584,14.25,272.25
ocotepeque,2024-01-17,24.716,14.25,270.75
copan,2024-01-17,19.508,14.75,271.25
comayagua,2024-01-18,17.75,14.25,272.25
ocotepeque,2024-01-18,22.884,14.25,270.75
copan,2024-01-18,18.655,14.75,271.25
comayagua,2024-01-19,17.31,14.25,272.25
ocotepeque,2024-01-19,24.311,14.25,270.75
copan,2024-01-19,19.299,14.75,271.25
comayagua,2024-01-20,18.399,14.25,272.25
ocotepeque,2024-01-20,25.282,14.25,270.75
copan,2024-01-20,19.12,14.75,271.25
comayagua,2024-01-21,16.675,14.25,272.25
ocotepeque,2024-01-21,23.535,14.25,270.75
copan,2024-01-21,16.061,14.75,271.25
comayagua,2024-01-22,18.602,14.25,272.25
ocotepeque,2024-01-22,23.773,14.25,270.75
copan,2024-01-22,18.717,14.75,271.25
comayagua,2024-01-23,17.132,14.25,272.25
ocotepeque,2024-01-23,23.231,14.25,270.75
copan,2024-01-23,17.805,14.75,271.25
comayagua,2024-01-24,16.158,14.25,272.25
ocotepeque,2024-01-24,23.916,14.25,270.75
copan,2024-01-24,17.515,14.75,271.25
comayagua,2024-01-25,22.386,14.25,272.25
ocotepeque,2024-01-25,25.159,14.25,270.75
copan,2024-01-25,19.932,14.75,271.25
comayagua,2024-01-26,18.715,14.25,272.25
ocotepeque,2024-01-26,23.967,14.25,270.75
copan,2024-01-26,19.292,14.75,271.25
comayagua,2024-01-27,17.143,14.25,272.25
ocotepeque,2024-01-27,25.29,14.25,270.75
copan,2024-01-27,19.881,14.75,271.25
comayagua,2024-01-28,17.51,14.25,272.25
ocotepeque,2024-01-28,25.721,14.25,270.75
copan,2024-01-28,20.138,14.75,271.25
comayagua,2024-01-29,17.573,14.25,272.25
ocotepeque,2024-01-29,22.961,14.25,270.75
copan,2024-01-29,13.692,14.75,271.25
comayagua,2024-01-30,15.47,14.25,272.25
ocotepeque,2024-01-30,18.294,14.25,270.75
copan,2024-01-30,12.898,14.75,271.25
comayagua,2024-01-31,15.239,14.25,272.25
ocotepeque,2024-01-31,20.154,14.25,270.75
copan,2024-01-31,13.301,14.75,271.25
comayagua,2024-02-01,15.893,14.25,272.25
ocotepeque,2024-02-01,15.444,14.25,270.75
copan,2024-02-01,14.223,14.75,271.25
comayagua,2024-02-02,15.382,14.25,272.25
ocotepeque,2024-02-02,21.768,14.25,270.75
copan,2024-02-02,16.15,14.75,271.25
comayagua,2024-02-03,16.225,14.25,272.25
ocotepeque,2024-02-03,16.719,14.25,270.75
copan,2024-02-03,15.438,14.75,271.25
comayagua,2024-02-04,16.025,14.25,272.25
ocotepeque,2024-02-04,16.52,14.25,270.75
copan,2024-02-04,16.276,14.75,271.25
comayagua,2024-02-05,16.223,14.25,272.25
ocotepeque,2024-02-05,18.525,14.25,270.75
copan,2024-02-05,19.188,14.75,271.25
comayagua,2024-02-06,16.193,14.25,272.25
ocotepeque,2024-02-06,21.398,14.25,270.75
copan,2024-02-06,14.27,14.75,271.25
comayagua,2024-02-07,12.189,14.25,272.25
ocotepeque,2024-02-07,13.699,14.25,270.75
copan,2024-02-07,13.697,14.75,271.25
comayagua,2024-02-08,11.738,14.25,272.25
ocotepeque,2024-02-08,18.703,14.25,270.75
copan,2024-02-08,19.244,14.75,271.25
comayagua,2024-02-09,10.488,14.25,272.25
ocotepeque,2024-02-09,18.207,14.25,270.75
copan,2024-02-09,14.437,14.75,271.25
comayagua,2024-02-10,8.399,14.25,272.25
ocotepeque,2024-02-10,21.35,14.25,270.75
copan,2024-02-10,13.018,14.75,271.25
comayagua,2024-02-11,10.897,14.25,272.25
ocotepeque,2024-02-11,22.574,14.25,270.75
copan,2024-02-11,14.506,14.75,271.25
comayagua,2024-02-12,16.947,14.25,272.25
ocotepeque,2024-02-12,25.192,14.25,270.75
copan,2024-02-12,20.583,14.75,271.25
comayagua,2024-02-13,20.856,14.25,272.25
ocotepeque,2024-02-13,25.562,14.25,270.75
copan,2024-02-13,19.097,14.75,271.25
comayagua,2024-02-14,18.881,14.25,272.25
ocotepeque,2024-02-14,25.194,14.25,270.75
copan,2024-02-14,17.416,14.75,271.25
comayagua,2024-02-15,18.567,14.25,272.25
ocotepeque,2024-02-15,23.688,14.25,270.75
copan,2024-02-15,17.663,14.75,271.25
comayagua,2024-02-16,16.666,14.25,272.25
ocotepeque,2024-02-16,23.543,14.25,270.75
copan,2024-02-16,17.645,14.75,271.25
comayagua,2024-02-17,13.184,14.25,272.25
ocotepeque,2024-02-17,23.959,14.25,270.75
copan,2024-02-17,15.381,14.75,271.25
comayagua,2024-02-18,17.596,14.25,272.25
ocotepeque,2024-02-18,25.35,14.25,270.75
copan,2024-02-18,18.587,14.75,271.25
comayagua,2024-02-19,16.931,14.25,272.25
ocotepeque,2024-02-19,21.671,14.25,270.75
copan,2024-02-19,15.216,14.75,271.25
comayagua,2024-02-20,16.827,14.25,272.25
ocotepeque,2024-02-20,25.18,14.25,270.75
copan,2024-02-20,15.486,14.75,271.25
comayagua,2024-02-21,14.84,14.25,272.25
ocotepeque,2024-02-21,21.758,14.25,270.75
copan,2024-02-21,13.912,14.75,271.25
comayagua,2024-02-22,11.615,14.25,272.25
ocotepeque,2024-02-22,19.908,14.25,270.75
copan,2024-02-22,12.921,14.75,271.25
comayagua,2024-02-23,7.658,14.25,272.25
ocotepeque,2024-02-23,24.246,14.25,270.75
copan,2024-02-23,14.964,14.75,271.25
comayagua,2024-02-24,11.316,14.25,272.25
ocotepeque,2024-02-24,22.518,14.25,270.75
copan,2024-02-24,15.323,14.75,271.25
comayagua,2024-02-25,14.493,14.25,272.25
ocotepeque,2024-02-25,23.037,14.25,270.75
copan,2024-02-25,17.187,14.75,271.25
comayagua,2024-02-26,14.62,14.25,272.25
ocotepeque,2024-02-26,24.92,14.25,270.75
copan,2024-02-26,16.162,14.75,271.25
comayagua,2024-02-27,16.003,14.25,272.25
ocotepeque,2024-02-27,23.262,14.25,270.75
copan,2024-02-27,18.468,14.75,271.25
comayagua,2024-02-28,13.595,14.25,272.25
ocotepeque,2024-02-28,23.341,14.25,270.75
copan,2024-02-28,19.194,14.75,271.25
comayagua,2024-02-29,17.764,14.25,272.25
ocotepeque,2024-02-29,24.576,14.25,270.75
copan,2024-02-29,18.881,14.75,271.25
comayagua,2024-03-01,16.902,14.25,272.25
ocotepeque,2024-03-01,20.474,14.25,270.75
copan,2024-03-01,1.33,14.75,271.25
comayagua,2024-03-02,15.503,14.25,272.25
ocotepeque,2024-03-02,25.304,14.25,270.75
copan,2024-03-02,17.619,14.75,271.25
comayagua,2024-03-03,18.871,14.25,272.25
ocotepeque,2024-03-03,20.121,14.25,270.75
copan,2024-03-03,18.01,14.75,271.25
comayagua,2024-03-04,19.722,14.25,272.25
ocotepeque,2024-03-04,24.842,14.25,270.75
copan,2024-03-04,20.916,14.75,271.25
comayagua,2024-03-05,14.726,14.25,272.25
ocotepeque,2024-03-05,24.716,14.25,270.75
copan,2024-03-05,20.204,14.75,271.25
comayagua,2024-03-06,14.064,14.25,272.25
ocotepeque,2024-03-06,24.82,14.25,270.75
copan,2024-03-06,20.368,14.75,271.25
comayagua,2024-03-07,15.106,14.25,272.25
ocotepeque,2024-03-07,24.957,14.25,270.75
copan,2024-03-07,20.498,14.75,271.25
comayagua,2024-03-08,17.178,14.25,272.25
ocotepeque,2024-03-08,22.882,14.25,270.75
copan,2024-03-08,21.141,14.75,271.25
comayagua,2024-03-09,14.477,14.25,272.25
ocotepeque,2024-03-09,24.613,14.25,270.75
copan,2024-03-09,17.568,14.75,271.25
comayagua,2024-03-10,16.379,14.25,272.25
ocotepeque,2024-03-10,27.175,14.25,270.75
copan,2024-03-10,20.305,14.75,271.25
comayagua,2024-03-11,20.369,14.25,272.25
ocotepeque,2024-03-11,26.095,14.25,270.75
copan,2024-03-11,20.107,14.75,271.25
comayagua,2024-03-12,19.413,14.25,272.25
ocotepeque,2024-03-12,25.093,14.25,270.75
copan,2024-03-12,19.192,14.75,271.25
comayagua,2024-03-13,17.408,14.25,272.25
ocotepeque,2024-03-13,25.218,14.25,270.75
copan,2024-03-13,18.487,14.75,271.25
comayagua,2024-03-14,17.511,14.25,272.25
ocotepeque,2024-03-14,24.943,14.25,270.75
copan,2024-03-14,20.198,14.75,271.25
comayagua,2024-03-15,16.073,14.25,272.25
ocotepeque,2024-03-15,25.577,14.25,270.75
copan,2024-03-15,20.367,14.75,271.25
comayagua,2024-03-16,17.445,14.25,272.25
ocotepeque,2024-03-16,26.909,14.25,270.75
copan,2024-03-16,20.566,14.75,271.25
comayagua,2024-03-17,19.372,14.25,272.25
ocotepeque,2024-03-17,31.346,14.25,270.75
copan,2024-03-17,23.169,14.75,271.25
comayagua,2024-03-18,18.134,14.25,272.25
ocotepeque,2024-03-18,27.347,14.25,270.75
copan,2024-03-18,23.226,14.75,271.25
comayagua,2024-03-19,21.892,14.25,272.25
ocotepeque,2024-03-19,30.22,14.25,270.75
copan,2024-03-19,22.813,14.75,271.25
comayagua,2024-03-20,16.796,14.25,272.25
ocotepeque,2024-03-20,26.604,14.25,270.75
copan,2024-03-20,20.226,14.75,271.25
comayagua,2024-03-21,16.2,14.25,272.25
ocotepeque,2024-03-21,20.056,14.25,270.75
copan,2024-03-21,20.811,14.75,271.25
comayagua,2024-03-22,20.562,14.25,272.25
ocotepeque,2024-03-22,27.74,14.25,270.75
copan,2024-03-22,23.895,14.75,271.25
comayagua,2024-03-23,16.377,14.25,272.25
ocotepeque,2024-03-23,16.341,14.25,270.75
copan,2024-03-23,16.333,14.75,271.25
comayagua,2024-03-24,20.649,14.25,272.25
ocotepeque,2024-03-24,27.362,14.25,270.75
copan,2024-03-24,21.991,14.75,271.25
comayagua,2024-03-25,21.518,14.25,272.25
ocotepeque,2024-03-25,27.397,14.25,270.75
copan,2024-03-25,20.45,14.75,271.25
comayagua,2024-03-26,19.502,14.25,272.25
ocotepeque,2024-03-26,26.429,14.25,270.75
copan,2024-03-26,18.785,14.75,271.25
comayagua,2024-03-27,16.434,14.25,272.25
ocotepeque,2024-03-27,26.337,14.25,270.75
copan,2024-03-27,16.954,14.75,271.25
comayagua,2024-03-28,21.357,14.25,272.25
ocotepeque,2024-03-28,12.145,14.25,270.75
copan,2024-03-28,16.143,14.75,271.25
comayagua,2024-03-29,19.361,14.25,272.25
ocotepeque,2024-03-29,24.463,14.25,270.75
copan,2024-03-29,18.41,14.75,271.25
comayagua,2024-03-30,17.59,14.25,272.25
ocotepeque,2024-03-30,25.618,14.25,270.75
copan,2024-03-30,19.447,14.75,271.25
comayagua,2024-03-31,16.647,14.25,272.25
ocotepeque,2024-03-31,26.286,14.25,270.75
copan,2024-03-31,19.346,14.75,271.25
comayagua,2024-04-01,18.941,14.25,272.25
ocotepeque,2024-04-01,27.768,14.25,270.75
copan,2024-04-01,23.36,14.75,271.25
comayagua,2024-04-02,17.683,14.25,272.25
ocotepeque,2024-04-02,27.009,14.25,270.75
copan,2024-04-02,23.173,14.75,271.25
comayagua,2024-04-03,16.863,14.25,272.25
ocotepeque,2024-04-03,26.236,14.25,270.75
copan,2024-04-03,23.333,14.75,271.25
comayagua,2024-04-04,21.833,14.25,272.25
ocotepeque,2024-04-04,26.442,14.25,270.75
copan,2024-04-04,20.32,14.75,271.25
comayagua,2024-04-05,19.815,14.25,272.25
ocotepeque,2024-04-05,23.041,14.25,270.75
copan,2024-04-05,19.178,14.75,271.25
comayagua,2024-04-06,19.091,14.25,272.25
ocotepeque,2024-04-06,26.589,14.25,270.75
copan,2024-04-06,20.811,14.75,271.25
comayagua,2024-04-07,18.318,14.25,272.25
ocotepeque,2024-04-07,26.284,14.25,270.75
copan,2024-04-07,19.898,14.75,271.25
comayagua,2024-04-08,22.469,14.25,272.25
ocotepeque,2024-04-08,24.639,14.25,270.75
copan,2024-04-08,23.793,14.75,271.25
comayagua,2024-04-09,17.546,14.25,272.25
ocotepeque,2024-04-09,26.736,14.25,270.75
copan,2024-04-09,22.7,14.75,271.25
comayagua,2024-04-10,24.186,14.25,272.25
ocotepeque,2024-04-10,24.524,14.25,270.75
copan,2024-04-10,24.141,14.75,271.25
comayagua,2024-04-11,18.219,14.25,272.25
ocotepeque,2024-04-11,27.34,14.25,270.75
copan,2024-04-11,23.391,14.75,271.25
comayagua,2024-04-12,20.764,14.25,272.25
ocotepeque,2024-04-12,26.495,14.25,270.75
copan,2024-04-12,18.061,14.75,271.25
comayagua,2024-04-13,17.819,14.25,272.25
ocotepeque,2024-04-13,25.858,14.25,270.75
copan,2024-04-13,20.015,14.75,271.25
comayagua,2024-04-14,18.101,14.25,272.25
ocotepeque,2024-04-14,27.491,14.25,270.75
copan,2024-04-14,20.853,14.75,271.25
comayagua,2024-04-15,19.007,14.25,272.25
ocotepeque,2024-04-15,26.497,14.25,270.75
copan,2024-04-15,21.457,14.75,271.25
comayagua,2024-04-16,19.193,14.25,272.25
ocotepeque,2024-04-16,26.53,14.25,270.75
copan,2024-04-16,22.667,14.75,271.25
comayagua,2024-04-17,20.311,14.25,272.25
ocotepeque,2024-04-17,26.984,14.25,270.75
copan,2024-04-17,23.5,14.75,271.25
comayagua,2024-04-18,19.915,14.25,272.25
ocotepeque,2024-04-18,22.273,14.25,270.75
copan,2024-04-18,22.533,14.75,271.25
comayagua,2024-04-19,20.582,14.25,272.25
ocotepeque,2024-04-19,26.267,14.25,270.75
copan,2024-04-19,23.23,14.75,271.25
comayagua,2024-04-20,19.721,14.25,272.25
ocotepeque,2024-04-20,23.126,14.25,270.75
copan,2024-04-20,19.738,14.75,271.25
comayagua,2024-04-21,18.978,14.25,272.25
ocotepeque,2024-04-21,28.246,14.25,270.75
copan,2024-04-21,21.267,14.75,271.25
comayagua,2024-04-22,19.538,14.25,272.25
ocotepeque,2024-04-22,26.079,14.25,270.75
copan,2024-04-22,23.146,14.75,271.25
comayagua,2024-04-23,18.556,14.25,272.25
ocotepeque,2024-04-23,26.999,14.25,270.75
copan,2024-04-23,21.767,14.75,271.25
comayagua,2024-04-24,19.008,14.25,272.25
ocotepeque,2024-04-24,26.723,14.25,270.75
copan,2024-04-24,21.964,14.75,271.25
comayagua,2024-04-25,20.133,14.25,272.25
ocotepeque,2024-04-25,20.857,14.25,270.75
copan,2024-04-25,22.417,14.75,271.25
comayagua,2024-04-26,17.808,14.25,272.25
ocotepeque,2024-04-26,26.338,14.25,270.75
copan,2024-04-26,22.149,14.75,271.25
comayagua,2024-04-27,19.18,14.25,272.25
ocotepeque,2024-04-27,26.309,14.25,270.75
copan,2024-04-27,19.46,14.75,271.25
comayagua,2024-04-28,18.119,14.25,272.25
ocotepeque,2024-04-28,25.056,14.25,270.75
copan,2024-04-28,19.316,14.75,271.25
comayagua,2024-04-29,20.275,14.25,272.25
ocotepeque,2024-04-29,27.502,14.25,270.75
copan,2024-04-29,23.881,14.75,271.25
comayagua,2024-04-30,18.344,14.25,272.25
ocotepeque,2024-04-30,27.173,14.25,270.75
copan,2024-04-30,23.636,14.75,271.25
comayagua,2024-05-01,20.236,14.25,272.25
ocotepeque,2024-05-01,25.016,14.25,270.75
copan,2024-05-01,19.833,14.75,271.25
comayagua,2024-05-02,20.429,14.25,272.25
ocotepeque,2024-05-02,26.917,14.25,270.75
copan,2024-05-02,23.363,14.75,271.25
comayagua,2024-05-03,17.598,14.25,272.25
ocotepeque,2024-05-03,26.629,14.25,270.75
copan,2024-05-03,23.345,14.75,271.25
comayagua,2024-05-04,18.224,14.25,272.25
ocotepeque,2024-05-04,30.13,14.25,270.75
copan,2024-05-04,18.935,14.75,271.25
comayagua,2024-05-05,16.47,14.25,272.25
ocotepeque,2024-05-05,25.946,14.25,270.75
copan,2024-05-05,18.309,14.75,271.25
comayagua,2024-05-06,19.057,14.25,272.25
ocotepeque,2024-05-06,26.427,14.25,270.75
copan,2024-05-06,24.085,14.75,271.25
comayagua,2024-05-07,18.823,14.25,272.25
ocotepeque,2024-05-07,27.188,14.25,270.75
copan,2024-05-07,24.425,14.75,271.25
comayagua,2024-05-08,20.003,14.25,272.25
ocotepeque,2024-05-08,23.102,14.25,270.75
copan,2024-05-08,24.772,14.75,271.25
comayagua,2024-05-09,20.011,14.25,272.25
ocotepeque,2024-05-09,25.69,14.25,270.75
copan,2024-05-09,25.598,14.75,271.25
comayagua,2024-05-10,20.773,14.25,272.25
ocotepeque,2024-05-10,27.517,14.25,270.75
copan,2024-05-10,25.666,14.75,271.25
comayagua,2024-05-11,20.52,14.25,272.25
ocotepeque,2024-05-11,28.309,14.25,270.75
copan,2024-05-11,21.523,14.75,271.25
comayagua,2024-05-12,20.24,14.25,272.25
ocotepeque,2024-05-12,27.803,14.25,270.75
copan,2024-05-12,21.44,14.75,271.25
comayagua,2024-05-13,21.335,14.25,272.25
ocotepeque,2024-05-13,26.756,14.25,270.75
copan,2024-05-13,25.292,14.75,271.25
comayagua,2024-05-14,18.236,14.25,272.25
ocotepeque,2024-05-14,27.019,14.25,270.75
copan,2024-05-14,24.407,14.75,271.25
comayagua,2024-05-15,19.015,14.25,272.25
ocotepeque,2024-05-15,27.451,14.25,270.75
copan,2024-05-15,24.939,14.75,271.25
comayagua,2024-05-16,20.514,14.25,272.25
ocotepeque,2024-05-16,27.063,14.25,270.75
copan,2024-05-16,24.52,14.75,271.25
comayagua,2024-05-17,19.791,14.25,272.25
ocotepeque,2024-05-17,24.765,14.25,270.75
copan,2024-05-17,23.836,14.75,271.25
comayagua,2024-05-18,20.757,14.25,272.25
ocotepeque,2024-05-18,26.271,14.25,270.75
copan,2024-05-18,21.422,14.75,271.25
comayagua,2024-05-19,18.888,14.25,272.25
ocotepeque,2024-05-19,27.25,14.25,270.75
copan,2024-05-19,20.8,14.75,271.25
comayagua,2024-05-20,21.029,14.25,272.25
ocotepeque,2024-05-20,27.3,14.25,270.75
copan,2024-05-20,23.766,14.75,271.25
comayagua,2024-05-21,17.681,14.25,272.25
ocotepeque,2024-05-21,24.465,14.25,270.75
copan,2024-05-21,22.344,14.75,271.25
comayagua,2024-05-22,18.268,14.25,272.25
ocotepeque,2024-05-22,29.893,14.25,270.75
copan,2024-05-22,22.793,14.75,271.25
comayagua,2024-05-23,19.339,14.25,272.25
ocotepeque,2024-05-23,26.988,14.25,270.75
copan,2024-05-23,24.112,14.75,271.25
comayagua,2024-05-24,21.001,14.25,272.25
ocotepeque,2024-05-24,26.584,14.25,270.75
copan,2024-05-24,24.385,14.75,271.25
comayagua,2024-05-25,20.763,14.25,272.25
ocotepeque,2024-05-25,27.298,14.25,270.75
copan,2024-05-25,21.438,14.75,271.25
comayagua,2024-05-26,20.667,14.25,272.25
ocotepeque,2024-05-26,26.94,14.25,270.75
copan,2024-05-26,21.874,14.75,271.25
comayagua,2024-05-27,20.438,14.25,272.25
ocotepeque,2024-05-27,27.718,14.25,270.75
copan,2024-05-27,24.778,14.75,271.25
comayagua,2024-05-28,18.49,14.25,272.25
ocotepeque,2024-05-28,25.714,14.25,270.75
copan,2024-05-28,25.006,14.75,271.25
comayagua,2024-05-29,18.784,14.25,272.25
ocotepeque,2024-05-29,24.285,14.25,270.75
copan,2024-05-29,22.807,14.75,271.25
comayagua,2024-05-30,19.696,14.25,272.25
ocotepeque,2024-05-30,24.368,14.25,270.75
copan,2024-05-30,23.244,14.75,271.25
comayagua,2024-05-31,19.646,14.25,272.25
ocotepeque,2024-05-31,24.524,14.25,270.75
copan,2024-05-31,22.695,14.75,271.25
comayagua,2024-06-01,19.972,14.25,272.25
ocotepeque,2024-06-01,24.681,14.25,270.75
copan,2024-06-01,20.26,14.75,271.25
comayagua,2024-06-02,20.143,14.25,272.25
ocotepeque,2024-06-02,28.866,14.25,270.75
copan,2024-06-02,20.061,14.75,271.25
comayagua,2024-06-03,20.38,14.25,272.25
ocotepeque,2024-06-03,25.373,14.25,270.75
copan,2024-06-03,23.605,14.75,271.25
comayagua,2024-06-04,18.666,14.25,272.25
ocotepeque,2024-06-04,24.967,14.25,270.75
copan,2024-06-04,23.851,14.75,271.25
comayagua,2024-06-05,19.758,14.25,272.25
ocotepeque,2024-06-05,26.338,14.25,270.75
copan,2024-06-05,24.32,14.75,271.25
comayagua,2024-06-06,20.965,14.25,272.25
ocotepeque,2024-06-06,26.124,14.25,270.75
copan,2024-06-06,28.432,14.75,271.25
comayagua,2024-06-07,19.4,14.25,272.25
ocotepeque,2024-06-07,26.12,14.25,270.75
copan,2024-06-07,23.419,14.75,271.25
comayagua,2024-06-08,19.856,14.25,272.25
ocotepeque,2024-06-08,25.511,14.25,270.75
copan,2024-06-08,20.761,14.75,271.25
comayagua,2024-06-09,20.099,14.25,272.25
ocotepeque,2024-06-09,24.315,14.25,270.75
copan,2024-06-09,20.657,14.75,271.25
comayagua,2024-06-10,19.453,14.25,272.25
ocotepeque,2024-06-10,24.16,14.25,270.75
copan,2024-06-10,21.9,14.75,271.25
comayagua,2024-06-11,19.562,14.25,272.25
ocotepeque,2024-06-11,25.154,14.25,270.75
copan,2024-06-11,23.447,14.75,271.25
comayagua,2024-06-12,19.47,14.25,272.25
ocotepeque,2024-06-12,24.062,14.25,270.75
copan,2024-06-12,21.071,14.75,271.25
comayagua,2024-06-13,20.0,14.25,272.25
ocotepeque,2024-06-13,25.767,14.25,270.75
copan,2024-06-13,23.483,14.75,271.25
comayagua,2024-06-14,20.282,14.25,272.25
ocotepeque,2024-06-14,25.393,14.25,270.75
copan,2024-06-14,22.443,14.75,271.25
comayagua,2024-06-15,19.326,14.25,272.25
ocotepeque,2024-06-15,23.582,14.25,270.75
copan,2024-06-15,20.9,14.75,271.25
comayagua,2024-06-16,19.663,14.25,272.25
ocotepeque,2024-06-16,19.334,14.25,270.75
copan,2024-06-16,19.498,14.75,271.25
comayagua,2024-06-17,18.918,14.25,272.25
ocotepeque,2024-06-17,19.763,14.25,270.75
copan,2024-06-17,20.234,14.75,271.25
comayagua,2024-06-18,18.967,14.25,272.25
ocotepeque,2024-06-18,22.001,14.25,270.75
copan,2024-06-18,21.189,14.75,271.25
comayagua,2024-06-19,18.985,14.25,272.25
ocotepeque,2024-06-19,23.682,14.25,270.75
copan,2024-06-19,23.073,14.75,271.25
comayagua,2024-06-20,19.061,14.25,272.25
ocotepeque,2024-06-20,21.476,14.25,270.75
copan,2024-06-20,19.308,14.75,271.25
comayagua,2024-06-21,18.324,14.25,272.25
ocotepeque,2024-06-21,21.593,14.25,270.75
copan,2024-06-21,19.951,14.75,271.25
comayagua,2024-06-22,18.726,14.25,272.25
ocotepeque,2024-06-22,24.086,14.25,270.75
copan,2024-06-22,20.408,14.75,271.25
comayagua,2024-06-23,18.671,14.25,272.25
ocotepeque,2024-06-23,17.843,14.25,270.75
copan,2024-06-23,18.399,14.75,271.25
comayagua,2024-06-24,18.511,14.25,272.25
ocotepeque,2024-06-24,24.695,14.25,270.75
copan,2024-06-24,22.662,14.75,271.25
comayagua,2024-06-25,18.013,14.25,272.25
ocotepeque,2024-06-25,26.564,14.25,270.75
copan,2024-06-25,22.427,14.75,271.25
comayagua,2024-06-26,18.41,14.25,272.25
ocotepeque,2024-06-26,20.8,14.25,270.75
copan,2024-06-26,22.087,14.75,271.25
comayagua,2024-06-27,18.105,14.25,272.25
ocotepeque,2024-06-27,25.164,14.25,270.75
copan,2024-06-27,22.224,14.75,271.25
comayagua,2024-06-28,18.727,14.25,272.25
ocotepeque,2024-06-28,19.268,14.25,270.75
copan,2024-06-28,19.89,14.75,271.25
comayagua,2024-06-29,18.554,14.25,272.25
ocotepeque,2024-06-29,18.614,14.25,270.75
copan,2024-06-29,18.947,14.75,271.25
comayagua,2024-06-30,18.554,14.25,272.25
ocotepeque,2024-06-30,23.869,14.25,270.75
copan,2024-06-30,20.222,14.75,271.25
comayagua,2024-07-01,19.325,14.25,272.25
ocotepeque,2024-07-01,24.675,14.25,270.75
copan,2024-07-01,21.625,14.75,271.25
comayagua,2024-07-02,18.505,14.25,272.25
ocotepeque,2024-07-02,24.303,14.25,270.75
copan,2024-07-02,21.52,14.75,271.25
comayagua,2024-07-03,18.627,14.25,272.25
ocotepeque,2024-07-03,23.935,14.25,270.75
copan,2024-07-03,22.161,14.75,271.25
comayagua,2024-07-04,18.551,14.25,272.25
ocotepeque,2024-07-04,25.402,14.25,270.75
copan,2024-07-04,21.376,14.75,271.25
comayagua,2024-07-05,18.778,14.25,272.25
ocotepeque,2024-07-05,20.305,14.25,270.75
copan,2024-07-05,21.24,14.75,271.25
comayagua,2024-07-06,18.062,14.25,272.25
ocotepeque,2024-07-06,23.526,14.25,270.75
copan,2024-07-06,20.249,14.75,271.25
comayagua,2024-07-07,17.818,14.25,272.25
ocotepeque,2024-07-07,23.697,14.25,270.75
copan,2024-07-07,19.248,14.75,271.25
comayagua,2024-07-08,18.64,14.25,272.25
ocotepeque,2024-07-08,25.142,14.25,270.75
copan,2024-07-08,22.228,14.75,271.25
comayagua,2024-07-09,19.187,14.25,272.25
ocotepeque,2024-07-09,25.669,14.25,270.75
copan,2024-07-09,21.661,14.75,271.25
comayagua,2024-07-10,17.571,14.25,272.25
ocotepeque,2024-07-10,22.593,14.25,270.75
copan,2024-07-10,19.9,14.75,271.25
comayagua,2024-07-11,18.119,14.25,272.25
ocotepeque,2024-07-11,23.694,14.25,270.75
copan,2024-07-11,21.722,14.75,271.25
comayagua,2024-07-12,18.475,14.25,272.25
ocotepeque,2024-07-12,25.91,14.25,270.75
copan,2024-07-12,22.157,14.75,271.25
comayagua,2024-07-13,19.752,14.25,272.25
ocotepeque,2024-07-13,25.084,14.25,270.75
copan,2024-07-13,20.775,14.75,271.25
comayagua,2024-07-14,19.931,14.25,272.25
ocotepeque,2024-07-14,27.229,14.25,270.75
copan,2024-07-14,21.545,14.75,271.25
comayagua,2024-07-15,20.422,14.25,272.25
ocotepeque,2024-07-15,26.366,14.25,270.75
copan,2024-07-15,22.737,14.75,271.25
comayagua,2024-07-16,18.674,14.25,272.25
ocotepeque,2024-07-16,25.27,14.25,270.75
copan,2024-07-16,21.473,14.75,271.25
comayagua,2024-07-17,19.158,14.25,272.25
ocotepeque,2024-07-17,26.412,14.25,270.75
copan,2024-07-17,22.464,14.75,271.25
comayagua,2024-07-18,19.627,14.25,272.25
ocotepeque,2024-07-18,26.917,14.25,270.75
copan,2024-07-18,22.443,14.75,271.25
comayagua,2024-07-19,19.717,14.25,272.25
ocotepeque,2024-07-19,24.296,14.25,270.75
copan,2024-07-19,23.217,14.75,271.25
comayagua,2024-07-20,19.088,14.25,272.25
ocotepeque,2024-07-20,27.891,14.25,270.75
copan,2024-07-20,22.052,14.75,271.25
comayagua,2024-07-21,19.273,14.25,272.25
ocotepeque,2024-07-21,25.075,14.25,270.75
copan,2024-07-21,20.499,14.75,271.25
comayagua,2024-07-22,18.091,14.25,272.25
ocotepeque,2024-07-22,23.809,14.25,270.75
copan,2024-07-22,21.46,14.75,271.25
comayagua,2024-07-23,17.817,14.25,272.25
ocotepeque,2024-07-23,22.888,14.25,270.75
copan,2024-07-23,21.37,14.75,271.25
comayagua,2024-07-24,19.37,14.25,272.25
ocotepeque,2024-07-24,26.706,14.25,270.75
copan,2024-07-24,22.534,14.75,271.25
comayagua,2024-07-25,19.016,14.25,272.25
ocotepeque,2024-07-25,24.974,14.25,270.75
copan,2024-07-25,22.321,14.75,271.25
comayagua,2024-07-26,19.133,14.25,272.25
ocotepeque,2024-07-26,24.285,14.25,270.75
copan,2024-07-26,21.909,14.75,271.25
comayagua,2024-07-27,18.94,14.25,272.25
ocotepeque,2024-07-27,22.532,14.25,270.75
copan,2024-07-27,19.471,14.75,271.25
comayagua,2024-07-28,18.052,14.25,272.25
ocotepeque,2024-07-28,17.348,14.25,270.75
copan,2024-07-28,17.577,14.75,271.25
comayagua,2024-07-29,18.116,14.25,272.25
ocotepeque,2024-07-29,25.471,14.25,270.75
copan,2024-07-29,20.968,14.75,271.25
comayagua,2024-07-30,20.211,14.25,272.25
ocotepeque,2024-07-30,28.72,14.25,270.75
copan,2024-07-30,22.193,14.75,271.25
comayagua,2024-07-31,19.45,14.25,272.25
ocotepeque,2024-07-31,26.506,14.25,270.75
copan,2024-07-31,22.513,14.75,271.25
comayagua,2024-08-01,19.154,14.25,272.25
ocotepeque,2024-08-01,23.545,14.25,270.75
copan,2024-08-01,21.672,14.75,271.25
comayagua,2024-08-02,20.136,14.25,272.25
ocotepeque,2024-08-02,24.134,14.25,270.75
copan,2024-08-02,22.0,14.75,271.25
comayagua,2024-08-03,18.924,14.25,272.25
ocotepeque,2024-08-03,25.815,14.25,270.75
copan,2024-08-03,20.88,14.75,271.25
comayagua,2024-08-04,18.033,14.25,272.25
ocotepeque,2024-08-04,27.042,14.25,270.75
copan,2024-08-04,20.605,14.75,271.25
comayagua,2024-08-05,17.062,14.25,272.25
ocotepeque,2024-08-05,24.413,14.25,270.75
copan,2024-08-05,20.704,14.75,271.25
comayagua,2024-08-06,19.608,14.25,272.25
ocotepeque,2024-08-06,26.778,14.25,270.75
copan,2024-08-06,22.656,14.75,271.25
comayagua,2024-08-07,20.129,14.25,272.25
ocotepeque,2024-08-07,25.547,14.25,270.75
copan,2024-08-07,22.386,14.75,271.25
comayagua,2024-08-08,19.081,14.25,272.25
ocotepeque,2024-08-08,25.399,14.25,270.75
copan,2024-08-08,22.67,14.75,271.25
comayagua,2024-08-09,21.222,14.25,272.25
ocotepeque,2024-08-09,22.708,14.25,270.75
copan,2024-08-09,21.052,14.75,271.25
comayagua,2024-08-10,19.112,14.25,272.25
ocotepeque,2024-08-10,27.073,14.25,270.75
copan,2024-08-10,21.741,14.75,271.25
comayagua,2024-08-11,19.809,14.25,272.25
ocotepeque,2024-08-11,27.611,14.25,270.75
copan,2024-08-11,22.216,14.75,271.25
comayagua,2024-08-12,18.549,14.25,272.25
ocotepeque,2024-08-12,23.635,14.25,270.75
copan,2024-08-12,21.497,14.75,271.25
comayagua,2024-08-13,18.566,14.25,272.25
ocotepeque,2024-08-13,22.978,14.25,270.75
copan,2024-08-13,20.56,14.75,271.25
comayagua,2024-08-14,19.595,14.25,272.25
ocotepeque,2024-08-14,26.479,14.25,270.75
copan,2024-08-14,22.257,14.75,271.25
comayagua,2024-08-15,19.687,14.25,272.25
ocotepeque,2024-08-15,27.519,14.25,270.75
copan,2024-08-15,22.268,14.75,271.25
comayagua,2024-08-16,19.539,14.25,272.25
ocotepeque,2024-08-16,24.884,14.25,270.75
copan,2024-08-16,22.846,14.75,271.25
comayagua,2024-08-17,19.805,14.25,272.25
ocotepeque,2024-08-17,24.058,14.25,270.75
copan,2024-08-17,21.011,14.75,271.25
comayagua,2024-08-18,18.155,14.25,272.25
ocotepeque,2024-08-18,23.909,14.25,270.75
copan,2024-08-18,19.601,14.75,271.25
comayagua,2024-08-19,18.118,14.25,272.25
ocotepeque,2024-08-19,25.962,14.25,270.75
copan,2024-08-19,22.409,14.75,271.25
comayagua,2024-08-20,18.878,14.25,272.25
ocotepeque,2024-08-20,26.768,14.25,270.75
copan,2024-08-20,22.294,14.75,271.25
comayagua,2024-08-21,18.914,14.25,272.25
ocotepeque,2024-08-21,26.634,14.25,270.75
copan,2024-08-21,21.985,14.75,271.25
comayagua,2024-08-22,17.665,14.25,272.25
ocotepeque,2024-08-22,24.068,14.25,270.75
copan,2024-08-22,20.976,14.75,271.25
comayagua,2024-08-23,18.696,14.25,272.25
ocotepeque,2024-08-23,24.279,14.25,270.75
copan,2024-08-23,21.86,14.75,271.25
comayagua,2024-08-24,19.228,14.25,272.25
ocotepeque,2024-08-24,25.235,14.25,270.75
copan,2024-08-24,20.952,14.75,271.25
comayagua,2024-08-25,19.136,14.25,272.25
ocotepeque,2024-08-25,25.382,14.25,270.75
copan,2024-08-25,20.767,14.75,271.25
comayagua,2024-08-26,19.179,14.25,272.25
ocotepeque,2024-08-26,25.236,14.25,270.75
copan,2024-08-26,20.446,14.75,271.25
comayagua,2024-08-27,19.636,14.25,272.25
ocotepeque,2024-08-27,26.916,14.25,270.75
copan,2024-08-27,22.608,14.75,271.25
comayagua,2024-08-28,18.033,14.25,272.25
ocotepeque,2024-08-28,25.686,14.25,270.75
copan,2024-08-28,20.28,14.75,271.25
comayagua,2024-08-29,19.81,14.25,272.25
ocotepeque,2024-08-29,25.389,14.25,270.75
copan,2024-08-29,22.062,14.75,271.25
comayagua,2024-08-30,17.766,14.25,272.25
ocotepeque,2024-08-30,26.513,14.25,270.75
copan,2024-08-30,22.088,14.75,271.25
comayagua,2024-08-31,18.726,14.25,272.25
ocotepeque,2024-08-31,27.479,14.25,270.75
copan,2024-08-31,21.569,14.75,271.25
comayagua,2024-09-01,17.41,14.25,272.25
ocotepeque,2024-09-01,25.666,14.25,270.75
copan,2024-09-01,20.229,14.75,271.25
comayagua,2024-09-02,17.464,14.25,272.25
ocotepeque,2024-09-02,24.96,14.25,270.75
copan,2024-09-02,21.431,14.75,271.25
comayagua,2024-09-03,18.183,14.25,272.25
ocotepeque,2024-09-03,24.618,14.25,270.75
copan,2024-09-03,20.682,14.75,271.25
comayagua,2024-09-04,18.832,14.25,272.25
ocotepeque,2024-09-04,24.062,14.25,270.75
copan,2024-09-04,23.027,14.75,271.25
comayagua,2024-09-05,19.963,14.25,272.25
ocotepeque,2024-09-05,26.595,14.25,270.75
copan,2024-09-05,22.875,14.75,271.25
comayagua,2024-09-06,18.977,14.25,272.25
ocotepeque,2024-09-06,22.411,14.25,270.75
copan,2024-09-06,23.108,14.75,271.25
comayagua,2024-09-07,19.439,14.25,272.25
ocotepeque,2024-09-07,22.581,14.25,270.75
copan,2024-09-07,20.022,14.75,271.25
comayagua,2024-09-08,18.63,14.25,272.25
ocotepeque,2024-09-08,23.461,14.25,270.75
copan,2024-09-08,21.586,14.75,271.25
comayagua,2024-09-09,18.38,14.25,272.25
ocotepeque,2024-09-09,25.323,14.25,270.75
copan,2024-09-09,21.97,14.75,271.25
comayagua,2024-09-10,17.918,14.25,272.25
ocotepeque,2024-09-10,25.209,14.25,270.75
copan,2024-09-10,20.292,14.75,271.25
comayagua,2024-09-11,17.833,14.25,272.25
ocotepeque,2024-09-11,25.311,14.25,270.75
copan,2024-09-11,21.918,14.75,271.25
comayagua,2024-09-12,18.286,14.25,272.25
ocotepeque,2024-09-12,25.231,14.25,270.75
copan,2024-09-12,22.437,14.75,271.25
comayagua,2024-09-13,19.372,14.25,272.25
ocotepeque,2024-09-13,28.182,14.25,270.75
copan,2024-09-13,23.226,14.75,271.25
comayagua,2024-09-14,17.508,14.25,272.25
ocotepeque,2024-09-14,26.547,14.25,270.75
copan,2024-09-14,21.033,14.75,271.25
comayagua,2024-09-15,18.003,14.25,272.25
ocotepeque,2024-09-15,26.105,14.25,270.75
copan,2024-09-15,21.312,14.75,271.25
comayagua,2024-09-16,18.874,14.25,272.25
ocotepeque,2024-09-16,22.417,14.25,270.75
copan,2024-09-16,23.422,14.75,271.25
comayagua,2024-09-17,17.932,14.25,272.25
ocotepeque,2024-09-17,25.522,14.25,270.75
copan,2024-09-17,26.519,14.75,271.25
comayagua,2024-09-18,17.344,14.25,272.25
ocotepeque,2024-09-18,20.205,14.25,270.75
copan,2024-09-18,22.013,14.75,271.25
comayagua,2024-09-19,17.985,14.25,272.25
ocotepeque,2024-09-19,24.087,14.25,270.75
copan,2024-09-19,21.637,14.75,271.25
comayagua,2024-09-20,18.005,14.25,272.25
ocotepeque,2024-09-20,24.563,14.25,270.75
copan,2024-09-20,21.755,14.75,271.25
comayagua,2024-09-21,19.366,14.25,272.25
ocotepeque,2024-09-21,22.211,14.25,270.75
copan,2024-09-21,20.973,14.75,271.25
comayagua,2024-09-22,18.483,14.25,272.25
ocotepeque,2024-09-22,22.863,14.25,270.75
copan,2024-09-22,20.289,14.75,271.25
comayagua,2024-09-23,17.981,14.25,272.25
ocotepeque,2024-09-23,23.877,14.25,270.75
copan,2024-09-23,21.828,14.75,271.25
comayagua,2024-09-24,18.49,14.25,272.25
ocotepeque,2024-09-24,25.847,14.25,270.75
copan,2024-09-24,21.869,14.75,271.25
comayagua,2024-09-25,18.687,14.25,272.25
ocotepeque,2024-09-25,24.058,14.25,270.75
copan,2024-09-25,21.791,14.75,271.25
comayagua,2024-09-26,18.224,14.25,272.25
ocotepeque,2024-09-26,25.691,14.25,270.75
copan,2024-09-26,21.984,14.75,271.25
comayagua,2024-09-27,17.798,14.25,272.25
ocotepeque,2024-09-27,22.906,14.25,270.75
copan,2024-09-27,19.832,14.75,271.25
comayagua,2024-09-28,18.509,14.25,272.25
ocotepeque,2024-09-28,24.277,14.25,270.75
copan,2024-09-28,20.737,14.75,271.25
comayagua,2024-09-29,16.131,14.25,272.25
ocotepeque,2024-09-29,21.95,14.25,270.75
copan,2024-09-29,18.667,14.75,271.25
comayagua,2024-09-30,18.15,14.25,272.25
ocotepeque,2024-09-30,22.711,14.25,270.75
copan,2024-09-30,20.675,14.75,271.25
comayagua,2024-10-01,18.113,14.25,272.25
ocotepeque,2024-10-01,17.626,14.25,270.75
copan,2024-10-01,-0.065,14.75,271.25
comayagua,2024-10-02,17.895,14.25,272.25
ocotepeque,2024-10-02,20.021,14.25,270.75
copan,2024-10-02,21.247,14.75,271.25
comayagua,2024-10-03,18.027,14.25,272.25
ocotepeque,2024-10-03,23.713,14.25,270.75
copan,2024-10-03,22.312,14.75,271.25
comayagua,2024-10-04,17.107,14.25,272.25
ocotepeque,2024-10-04,24.845,14.25,270.75
copan,2024-10-04,22.635,14.75,271.25
comayagua,2024-10-05,20.71,14.25,272.25
ocotepeque,2024-10-05,25.385,14.25,270.75
copan,2024-10-05,22.537,14.75,271.25
comayagua,2024-10-06,18.012,14.25,272.25
ocotepeque,2024-10-06,22.999,14.25,270.75
copan,2024-10-06,19.675,14.75,271.25
comayagua,2024-10-07,18.174,14.25,272.25
ocotepeque,2024-10-07,20.338,14.25,270.75
copan,2024-10-07,21.79,14.75,271.25
comayagua,2024-10-08,17.767,14.25,272.25
ocotepeque,2024-10-08,25.483,14.25,270.75
copan,2024-10-08,21.146,14.75,271.25
comayagua,2024-10-09,19.207,14.25,272.25
ocotepeque,2024-10-09,24.967,14.25,270.75
copan,2024-10-09,21.788,14.75,271.25
comayagua,2024-10-10,18.764,14.25,272.25
ocotepeque,2024-10-10,25.001,14.25,270.75
copan,2024-10-10,20.765,14.75,271.25
comayagua,2024-10-11,17.977,14.25,272.25
ocotepeque,2024-10-11,23.463,14.25,270.75
copan,2024-10-11,19.776,14.75,271.25
comayagua,2024-10-12,18.677,14.25,272.25
ocotepeque,2024-10-12,24.641,14.25,270.75
copan,2024-10-12,20.173,14.75,271.25
comayagua,2024-10-13,18.418,14.25,272.25
ocotepeque,2024-10-13,26.396,14.25,270.75
copan,2024-10-13,20.611,14.75,271.25
comayagua,2024-10-14,20.593,14.25,272.25
ocotepeque,2024-10-14,24.044,14.25,270.75
copan,2024-10-14,19.901,14.75,271.25
comayagua,2024-10-15,17.848,14.25,272.25
ocotepeque,2024-10-15,25.91,14.25,270.75
copan,2024-10-15,20.716,14.75,271.25
comayagua,2024-10-16,18.355,14.25,272.25
ocotepeque,2024-10-16,23.748,14.25,270.75
copan,2024-10-16,21.671,14.75,271.25
comayagua,2024-10-17,18.242,14.25,272.25
ocotepeque,2024-10-17,23.905,14.25,270.75
copan,2024-10-17,20.106,14.75,271.25
comayagua,2024-10-18,19.066,14.25,272.25
ocotepeque,2024-10-18,24.93,14.25,270.75
copan,2024-10-18,20.268,14.75,271.25
comayagua,2024-10-19,19.19,14.25,272.25
ocotepeque,2024-10-19,25.735,14.25,270.75
copan,2024-10-19,21.15,14.75,271.25
comayagua,2024-10-20,19.057,14.25,272.25
ocotepeque,2024-10-20,23.062,14.25,270.75
copan,2024-10-20,20.14,14.75,271.25
comayagua,2024-10-21,18.599,14.25,272.25
ocotepeque,2024-10-21,24.991,14.25,270.75
copan,2024-10-21,21.995,14.75,271.25
comayagua,2024-10-22,19.445,14.25,272.25
ocotepeque,2024-10-22,24.242,14.25,270.75
copan,2024-10-22,19.934,14.75,271.25
comayagua,2024-10-23,18.397,14.25,272.25
ocotepeque,2024-10-23,24.612,14.25,270.75
copan,2024-10-23,19.005,14.75,271.25
comayagua,2024-10-24,18.267,14.25,272.25
ocotepeque,2024-10-24,24.606,14.25,270.75
copan,2024-10-24,18.374,14.75,271.25
comayagua,2024-10-25,17.875,14.25,272.25
ocotepeque,2024-10-25,25.072,14.25,270.75
copan,2024-10-25,19.301,14.75,271.25
comayagua,2024-10-26,19.492,14.25,272.25
ocotepeque,2024-10-26,24.675,14.25,270.75
copan,2024-10-26,20.55,14.75,271.25
comayagua,2024-10-27,19.506,14.25,272.25
ocotepeque,2024-10-27,26.248,14.25,270.75
copan,2024-10-27,21.161,14.75,271.25
comayagua,2024-10-28,18.645,14.25,272.25
ocotepeque,2024-10-28,20.063,14.25,270.75
copan,2024-10-28,20.618,14.75,271.25
comayagua,2024-10-29,18.156,14.25,272.25
ocotepeque,2024-10-29,25.739,14.25,270.75
copan,2024-10-29,19.992,14.75,271.25
comayagua,2024-10-30,18.872,14.25,272.25
ocotepeque,2024-10-30,28.031,14.25,270.75
copan,2024-10-30,21.467,14.75,271.25
comayagua,2024-10-31,18.4,14.25,272.25
ocotepeque,2024-10-31,19.624,14.25,270.75
copan,2024-10-31,20.494,14.75,271.25
comayagua,2024-11-01,18.282,14.25,272.25
ocotepeque,2024-11-01,25.426,14.25,270.75
copan,2024-11-01,20.659,14.75,271.25
comayagua,2024-11-02,20.198,14.25,272.25
ocotepeque,2024-11-02,26.15,14.25,270.75
copan,2024-11-02,20.21,14.75,271.25
comayagua,2024-11-03,18.331,14.25,272.25
ocotepeque,2024-11-03,25.959,14.25,270.75
copan,2024-11-03,20.203,14.75,271.25
comayagua,2024-11-04,17.931,14.25,272.25
ocotepeque,2024-11-04,20.211,14.25,270.75
copan,2024-11-04,21.265,14.75,271.25
comayagua,2024-11-05,20.034,14.25,272.25
ocotepeque,2024-11-05,20.422,14.25,270.75
copan,2024-11-05,21.732,14.75,271.25
comayagua,2024-11-06,17.317,14.25,272.25
ocotepeque,2024-11-06,24.227,14.25,270.75
copan,2024-11-06,20.781,14.75,271.25
comayagua,2024-11-07,13.514,14.25,272.25
ocotepeque,2024-11-07,24.888,14.25,270.75
copan,2024-11-07,19.66,14.75,271.25
comayagua,2024-11-08,14.4,14.25,272.25
ocotepeque,2024-11-08,24.27,14.25,270.75
copan,2024-11-08,20.517,14.75,271.25
comayagua,2024-11-09,14.337,14.25,272.25
ocotepeque,2024-11-09,23.801,14.25,270.75
copan,2024-11-09,17.103,14.75,271.25
comayagua,2024-11-10,18.281,14.25,272.25
ocotepeque,2024-11-10,25.312,14.25,270.75
copan,2024-11-10,19.701,14.75,271.25
comayagua,2024-11-11,18.806,14.25,272.25
ocotepeque,2024-11-11,23.549,14.25,270.75
copan,2024-11-11,19.606,14.75,271.25
comayagua,2024-11-12,18.11,14.25,272.25
ocotepeque,2024-11-12,24.584,14.25,270.75
copan,2024-11-12,19.634,14.75,271.25
comayagua,2024-11-13,19.03,14.25,272.25
ocotepeque,2024-11-13,23.346,14.25,270.75
copan,2024-11-13,19.608,14.75,271.25
comayagua,2024-11-14,19.157,14.25,272.25
ocotepeque,2024-11-14,24.851,14.25,270.75
copan,2024-11-14,19.368,14.75,271.25
comayagua,2024-11-15,18.177,14.25,272.25
ocotepeque,2024-11-15,22.613,14.25,270.75
copan,2024-11-15,17.644,14.75,271.25
comayagua,2024-11-16,17.574,14.25,272.25
ocotepeque,2024-11-16,22.3,14.25,270.75
copan,2024-11-16,18.739,14.75,271.25
comayagua,2024-11-17,18.103,14.25,272.25
ocotepeque,2024-11-17,18.355,14.25,270.75
copan,2024-11-17,18.418,14.75,271.25
comayagua,2024-11-18,18.301,14.25,272.25
ocotepeque,2024-11-18,22.467,14.25,270.75
copan,2024-11-18,19.59,14.75,271.25
comayagua,2024-11-19,18.316,14.25,272.25
ocotepeque,2024-11-19,22.867,14.25,270.75
copan,2024-11-19,21.388,14.75,271.25
comayagua,2024-11-20,17.644,14.25,272.25
ocotepeque,2024-11-20,24.678,14.25,270.75
copan,2024-11-20,21.77,14.75,271.25
comayagua,2024-11-21,18.396,14.25,272.25
ocotepeque,2024-11-21,17.537,14.25,270.75
copan,2024-11-21,17.327,14.75,271.25
comayagua,2024-11-22,16.418,14.25,272.25
ocotepeque,2024-11-22,17.718,14.25,270.75
copan,2024-11-22,16.455,14.75,271.25
comayagua,2024-11-23,15.283,14.25,272.25
ocotepeque,2024-11-23,24.423,14.25,270.75
copan,2024-11-23,17.408,14.75,271.25
comayagua,2024-11-24,13.791,14.25,272.25
ocotepeque,2024-11-24,21.521,14.25,270.75
copan,2024-11-24,15.715,14.75,271.25
comayagua,2024-11-25,15.979,14.25,272.25
ocotepeque,2024-11-25,22.752,14.25,270.75
copan,2024-11-25,17.542,14.75,271.25
comayagua,2024-11-26,18.628,14.25,272.25
ocotepeque,2024-11-26,23.947,14.25,270.75
copan,2024-11-26,17.761,14.75,271.25
comayagua,2024-11-27,17.994,14.25,272.25
ocotepeque,2024-11-27,23.248,14.25,270.75
copan,2024-11-27,16.598,14.75,271.25
comayagua,2024-11-28,21.049,14.25,272.25
ocotepeque,2024-11-28,23.613,14.25,270.75
copan,2024-11-28,18.527,14.75,271.25
comayagua,2024-11-29,15.156,14.25,272.25
ocotepeque,2024-11-29,22.804,14.25,270.75
copan,2024-11-29,17.861,14.75,271.25
comayagua,2024-11-30,16.287,14.25,272.25
ocotepeque,2024-11-30,23.697,14.25,270.75
copan,2024-11-30,17.991,14.75,271.25
comayagua,2024-12-01,19.156,14.25,272.25
ocotepeque,2024-12-01,27.19,14.25,270.75
copan,2024-12-01,22.005,14.75,271.25
comayagua,2024-12-02,17.276,14.25,272.25
ocotepeque,2024-12-02,22.596,14.25,270.75
copan,2024-12-02,16.911,14.75,271.25
comayagua,2024-12-03,15.976,14.25,272.25
ocotepeque,2024-12-03,16.076,14.25,270.75
copan,2024-12-03,16.142,14.75,271.25
comayagua,2024-12-04,16.018,14.25,272.25
ocotepeque,2024-12-04,21.891,14.25,270.75
copan,2024-12-04,17.196,14.75,271.25
comayagua,2024-12-05,16.509,14.25,272.25
ocotepeque,2024-12-05,19.805,14.25,270.75
copan,2024-12-05,15.487,14.75,271.25
comayagua,2024-12-06,16.184,14.25,272.25
ocotepeque,2024-12-06,22.692,14.25,270.75
copan,2024-12-06,15.851,14.75,271.25
comayagua,2024-12-07,16.441,14.25,272.25
ocotepeque,2024-12-07,23.711,14.25,270.75
copan,2024-12-07,18.449,14.75,271.25
comayagua,2024-12-08,17.31,14.25,272.25
ocotepeque,2024-12-08,23.746,14.25,270.75
copan,2024-12-08,19.083,14.75,271.25
comayagua,2024-12-09,17.652,14.25,272.25
ocotepeque,2024-12-09,23.631,14.25,270.75
copan,2024-12-09,17.583,14.75,271.25
comayagua,2024-12-10,17.086,14.25,272.25
ocotepeque,2024-12-10,25.217,14.25,270.75
copan,2024-12-10,19.356,14.75,271.25
comayagua,2024-12-11,16.747,14.25,272.25
ocotepeque,2024-12-11,21.536,14.25,270.75
copan,2024-12-11,19.82,14.75,271.25
comayagua,2024-12-12,18.683,14.25,272.25
ocotepeque,2024-12-12,24.144,14.25,270.75
copan,2024-12-12,18.451,14.75,271.25
comayagua,2024-12-13,16.919,14.25,272.25
ocotepeque,2024-12-13,22.746,14.25,270.75
copan,2024-12-13,16.43,14.75,271.25
comayagua,2024-12-14,17.395,14.25,272.25
ocotepeque,2024-12-14,24.006,14.25,270.75
copan,2024-12-14,18.579,14.75,271.25
comayagua,2024-12-15,16.726,14.25,272.25
ocotepeque,2024-12-15,21.329,14.25,270.75
copan,2024-12-15,17.515,14.75,271.25
comayagua,2024-12-16,15.982,14.25,272.25
ocotepeque,2024-12-16,22.07,14.25,270.75
copan,2024-12-16,15.087,14.75,271.25
comayagua,2024-12-17,16.652,14.25,272.25
ocotepeque,2024-12-17,22.119,14.25,270.75
copan,2024-12-17,16.109,14.75,271.25
comayagua,2024-12-18,17.529,14.25,272.25
ocotepeque,2024-12-18,17.157,14.25,270.75
copan,2024-12-18,16.75,14.75,271.25
comayagua,2024-12-19,18.515,14.25,272.25
ocotepeque,2024-12-19,17.822,14.25,270.75
copan,2024-12-19,17.383,14.75,271.25
comayagua,2024-12-20,17.712,14.25,272.25
ocotepeque,2024-12-20,22.793,14.25,270.75
copan,2024-12-20,16.935,14.75,271.25
comayagua,2024-12-21,17.84,14.25,272.25
ocotepeque,2024-12-21,23.636,14.25,270.75
copan,2024-12-21,18.918,14.75,271.25
comayagua,2024-12-22,14.95,14.25,272.25
ocotepeque,2024-12-22,14.242,14.25,270.75
copan,2024-12-22,14.131,14.75,271.25
comayagua,2024-12-23,15.619,14.25,272.25
ocotepeque,2024-12-23,24.123,14.25,270.75
copan,2024-12-23,14.707,14.75,271.25
comayagua,2024-12-24,15.789,14.25,272.25
ocotepeque,2024-12-24,22.654,14.25,270.75
copan,2024-12-24,16.211,14.75,271.25
comayagua,2024-12-25,17.569,14.25,272.25
ocotepeque,2024-12-25,17.223,14.25,270.75
copan,2024-12-25,16.791,14.75,271.25
comayagua,2024-12-26,15.983,14.25,272.25
ocotepeque,2024-12-26,21.373,14.25,270.75
copan,2024-12-26,17.536,14.75,271.25
comayagua,2024-12-27,17.809,14.25,272.25
ocotepeque,2024-12-27,23.309,14.25,270.75
copan,2024-12-27,18.457,14.75,271.25
comayagua,2024-12-28,19.887,14.25,272.25
ocotepeque,2024-12-28,24.189,14.25,270.75
copan,2024-12-28,20.963,14.75,271.25
comayagua,2024-12-29,17.433,14.25,272.25
ocotepeque,2024-12-29,22.252,14.25,270.75
copan,2024-12-29,18.784,14.75,271.25
comayagua,2024-12-30,18.754,14.25,272.25
ocotepeque,2024-12-30,23.15,14.25,270.75
copan,2024-12-30,20.185,14.75,271.25
comayagua,2024-12-31,20.712,14.25,272.25
ocotepeque,2024-12-31,20.169,14.25,270.75
copan,2024-12-31,17.429,14.75,271.25
comayagua,2025-01-01,17.56,14.25,272.25
ocotepeque,2025-01-01,18.881,14.25,270.75
copan,2025-01-01,17.912,14.75,271.25
comayagua,2025-01-02,17.811,14.25,272.25
ocotepeque,2025-01-02,20.415,14.25,270.75
copan,2025-01-02,17.431,14.75,271.25
comayagua,2025-01-03,16.434,14.25,272.25
ocotepeque,2025-01-03,22.096,14.25,270.75
copan,2025-01-03,16.255,14.75,271.25
comayagua,2025-01-04,15.976,14.25,272.25
ocotepeque,2025-01-04,22.162,14.25,270.75
copan,2025-01-04,17.546,14.75,271.25
comayagua,2025-01-05,16.219,14.25,272.25
ocotepeque,2025-01-05,24.869,14.25,270.75
copan,2025-01-05,18.909,14.75,271.25
comayagua,2025-01-06,13.923,14.25,272.25
ocotepeque,2025-01-06,22.968,14.25,270.75
copan,2025-01-06,18.22,14.75,271.25
comayagua,2025-01-07,18.316,14.25,272.25
ocotepeque,2025-01-07,24.304,14.25,270.75
copan,2025-01-07,17.403,14.75,271.25
comayagua,2025-01-08,17.905,14.25,272.25
ocotepeque,2025-01-08,24.127,14.25,270.75
copan,2025-01-08,17.427,14.75,271.25
comayagua,2025-01-09,17.294,14.25,272.25
ocotepeque,2025-01-09,23.347,14.25,270.75
copan,2025-01-09,16.953,14.75,271.25
comayagua,2025-01-10,13.111,14.25,272.25
ocotepeque,2025-01-10,22.953,14.25,270.75
copan,2025-01-10,22.015,14.75,271.25
comayagua,2025-01-11,14.416,14.25,272.25
ocotepeque,2025-01-11,21.902,14.25,270.75
copan,2025-01-11,15.107,14.75,271.25
comayagua,2025-01-12,13.297,14.25,272.25
ocotepeque,2025-01-12,22.881,14.25,270.75
copan,2025-01-12,15.844,14.75,271.25
comayagua,2025-01-13,13.758,14.25,272.25
ocotepeque,2025-01-13,17.328,14.25,270.75
copan,2025-01-13,18.371,14.75,271.25
comayagua,2025-01-14,18.119,14.25,272.25
ocotepeque,2025-01-14,24.13,14.25,270.75
copan,2025-01-14,19.299,14.75,271.25
comayagua,2025-01-15,15.758,14.25,272.25
ocotepeque,2025-01-15,20.08,14.25,270.75
copan,2025-01-15,21.875,14.75,271.25
comayagua,2025-01-16,16.115,14.25,272.25
ocotepeque,2025-01-16,22.605,14.25,270.75
copan,2025-01-16,17.097,14.75,271.25
comayagua,2025-01-17,14.735,14.25,272.25
ocotepeque,2025-01-17,24.277,14.25,270.75
copan,2025-01-17,16.973,14.75,271.25
comayagua,2025-01-18,10.004,14.25,272.25
ocotepeque,2025-01-18,22.797,14.25,270.75
copan,2025-01-18,13.748,14.75,271.25
comayagua,2025-01-19,12.349,14.25,272.25
ocotepeque,2025-01-19,21.956,14.25,270.75
copan,2025-01-19,14.999,14.75,271.25
comayagua,2025-01-20,19.883,14.25,272.25
ocotepeque,2025-01-20,27.08,14.25,270.75
copan,2025-01-20,18.354,14.75,271.25
comayagua,2025-01-21,18.024,14.25,272.25
ocotepeque,2025-01-21,23.388,14.25,270.75
copan,2025-01-21,18.866,14.75,271.25
comayagua,2025-01-22,17.957,14.25,272.25
ocotepeque,2025-01-22,25.189,14.25,270.75
copan,2025-01-22,18.063,14.75,271.25
comayagua,2025-01-23,14.537,14.25,272.25
ocotepeque,2025-01-23,15.346,14.25,270.75
copan,2025-01-23,14.759,14.75,271.25
comayagua,2025-01-24,16.388,14.25,272.25
ocotepeque,2025-01-24,21.167,14.25,270.75
copan,2025-01-24,14.486,14.75,271.25
comayagua,2025-01-25,16.079,14.25,272.25
ocotepeque,2025-01-25,22.473,14.25,270.75
copan,2025-01-25,17.718,14.75,271.25
comayagua,2025-01-26,18.192,14.25,272.25
ocotepeque,2025-01-26,24.256,14.25,270.75
copan,2025-01-26,20.014,14.75,271.25
comayagua,2025-01-27,17.476,14.25,272.25
ocotepeque,2025-01-27,22.814,14.25,270.75
copan,2025-01-27,17.05,14.75,271.25
comayagua,2025-01-28,19.288,14.25,272.25
ocotepeque,2025-01-28,23.387,14.25,270.75
copan,2025-01-28,17.561,14.75,271.25
comayagua,2025-01-29,17.507,14.25,272.25
ocotepeque,2025-01-29,17.961,14.25,270.75
copan,2025-01-29,17.865,14.75,271.25
comayagua,2025-01-30,18.926,14.25,272.25
ocotepeque,2025-01-30,22.666,14.25,270.75
copan,2025-01-30,19.945,14.75,271.25
comayagua,2025-01-31,18.36,14.25,272.25
ocotepeque,2025-01-31,24.93,14.25,270.75
copan,2025-01-31,20.715,14.75,271.25
comayagua,2025-02-01,16.047,14.25,272.25
ocotepeque,2025-02-01,24.769,14.25,270.75
copan,2025-02-01,18.87,14.75,271.25
comayagua,2025-02-02,16.455,14.25,272.25
ocotepeque,2025-02-02,24.101,14.25,270.75
copan,2025-02-02,18.543,14.75,271.25
comayagua,2025-02-03,18.171,14.25,272.25
ocotepeque,2025-02-03,23.103,14.25,270.75
copan,2025-02-03,18.103,14.75,271.25
comayagua,2025-02-04,16.15,14.25,272.25
ocotepeque,2025-02-04,23.896,14.25,270.75
copan,2025-02-04,18.735,14.75,271.25
comayagua,2025-02-05,17.267,14.25,272.25
ocotepeque,2025-02-05,24.365,14.25,270.75
copan,2025-02-05,15.954,14.75,271.25
comayagua,2025-02-06,18.672,14.25,272.25
ocotepeque,2025-02-06,21.587,14.25,270.75
copan,2025-02-06,18.523,14.75,271.25
comayagua,2025-02-07,18.888,14.25,272.25
ocotepeque,2025-02-07,23.98,14.25,270.75
copan,2025-02-07,19.034,14.75,271.25
comayagua,2025-02-08,18.031,14.25,272.25
ocotepeque,2025-02-08,24.9,14.25,270.75
copan,2025-02-08,19.498,14.75,271.25
comayagua,2025-02-09,16.732,14.25,272.25
ocotepeque,2025-02-09,22.107,14.25,270.75
copan,2025-02-09,18.184,14.75,271.25
comayagua,2025-02-10,17.278,14.25,272.25
ocotepeque,2025-02-10,24.321,14.25,270.75
copan,2025-02-10,18.824,14.75,271.25
comayagua,2025-02-11,16.503,14.25,272.25
ocotepeque,2025-02-11,23.022,14.25,270.75
copan,2025-02-11,17.87,14.75,271.25
comayagua,2025-02-12,18.048,14.25,272.25
ocotepeque,2025-02-12,24.697,14.25,270.75
copan,2025-02-12,19.04,14.75,271.25
comayagua,2025-02-13,16.142,14.25,272.25
ocotepeque,2025-02-13,25.128,14.25,270.75
copan,2025-02-13,20.228,14.75,271.25
comayagua,2025-02-14,21.197,14.25,272.25
ocotepeque,2025-02-14,20.65,14.25,270.75
copan,2025-02-14,19.491,14.75,271.25
comayagua,2025-02-15,15.725,14.25,272.25
ocotepeque,2025-02-15,25.208,14.25,270.75
copan,2025-02-15,18.373,14.75,271.25
comayagua,2025-02-16,12.34,14.25,272.25
ocotepeque,2025-02-16,12.648,14.25,270.75
copan,2025-02-16,12.423,14.75,271.25
comayagua,2025-02-17,18.378,14.25,272.25
ocotepeque,2025-02-17,22.317,14.25,270.75
copan,2025-02-17,19.254,14.75,271.25
comayagua,2025-02-18,18.023,14.25,272.25
ocotepeque,2025-02-18,24.568,14.25,270.75
copan,2025-02-18,19.492,14.75,271.25
comayagua,2025-02-19,19.894,14.25,272.25
ocotepeque,2025-02-19,25.043,14.25,270.75
copan,2025-02-19,20.171,14.75,271.25
comayagua,2025-02-20,17.116,14.25,272.25
ocotepeque,2025-02-20,23.107,14.25,270.75
copan,2025-02-20,19.288,14.75,271.25
comayagua,2025-02-21,18.849,14.25,272.25
ocotepeque,2025-02-21,25.7,14.25,270.75
copan,2025-02-21,18.746,14.75,271.25
comayagua,2025-02-22,19.628,14.25,272.25
ocotepeque,2025-02-22,24.001,14.25,270.75
copan,2025-02-22,20.518,14.75,271.25
comayagua,2025-02-23,17.119,14.25,272.25
ocotepeque,2025-02-23,24.716,14.25,270.75
copan,2025-02-23,18.632,14.75,271.25
comayagua,2025-02-24,21.736,14.25,272.25
ocotepeque,2025-02-24,24.304,14.25,270.75
copan,2025-02-24,17.204,14.75,271.25
comayagua,2025-02-25,18.804,14.25,272.25
ocotepeque,2025-02-25,24.45,14.25,270.75
copan,2025-02-25,18.156,14.75,271.25
comayagua,2025-02-26,17.682,14.25,272.25
ocotepeque,2025-02-26,24.042,14.25,270.75
copan,2025-02-26,22.38,14.75,271.25
comayagua,2025-02-27,20.169,14.25,272.25
ocotepeque,2025-02-27,28.781,14.25,270.75
copan,2025-02-27,19.706,14.75,271.25
comayagua,2025-02-28,18.452,14.25,272.25
ocotepeque,2025-02-28,24.732,14.25,270.75
copan,2025-02-28,19.622,14.75,271.25
comayagua,2025-03-01,18.527,14.25,272.25
ocotepeque,2025-03-01,28.784,14.25,270.75
copan,2025-03-01,21.688,14.75,271.25
comayagua,2025-03-02,17.055,14.25,272.25
ocotepeque,2025-03-02,25.617,14.25,270.75
copan,2025-03-02,19.148,14.75,271.25
comayagua,2025-03-03,18.857,14.25,272.25
ocotepeque,2025-03-03,25.319,14.25,270.75
copan,2025-03-03,18.943,14.75,271.25
comayagua,2025-03-04,18.935,14.25,272.25
ocotepeque,2025-03-04,25.974,14.25,270.75
copan,2025-03-04,26.773,14.75,271.25
comayagua,2025-03-05,17.355,14.25,272.25
ocotepeque,2025-03-05,24.796,14.25,270.75
copan,2025-03-05,20.879,14.75,271.25
comayagua,2025-03-06,23.086,14.25,272.25
ocotepeque,2025-03-06,25.945,14.25,270.75
copan,2025-03-06,20.996,14.75,271.25
comayagua,2025-03-07,15.801,14.25,272.25
ocotepeque,2025-03-07,24.952,14.25,270.75
copan,2025-03-07,18.755,14.75,271.25
comayagua,2025-03-08,12.515,14.25,272.25
ocotepeque,2025-03-08,25.056,14.25,270.75
copan,2025-03-08,16.42,14.75,271.25
comayagua,2025-03-09,16.647,14.25,272.25
ocotepeque,2025-03-09,24.723,14.25,270.75
copan,2025-03-09,19.468,14.75,271.25
comayagua,2025-03-10,15.081,14.25,272.25
ocotepeque,2025-03-10,20.589,14.25,270.75
copan,2025-03-10,19.236,14.75,271.25
comayagua,2025-03-11,20.859,14.25,272.25
ocotepeque,2025-03-11,24.738,14.25,270.75
copan,2025-03-11,18.545,14.75,271.25
comayagua,2025-03-12,22.139,14.25,272.25
ocotepeque,2025-03-12,25.123,14.25,270.75
copan,2025-03-12,20.753,14.75,271.25
comayagua,2025-03-13,17.924,14.25,272.25
ocotepeque,2025-03-13,25.029,14.25,270.75
copan,2025-03-13,21.341,14.75,271.25
comayagua,2025-03-14,19.504,14.25,272.25
ocotepeque,2025-03-14,24.935,14.25,270.75
copan,2025-03-14,21.652,14.75,271.25
comayagua,2025-03-15,18.371,14.25,272.25
ocotepeque,2025-03-15,27.561,14.25,270.75
copan,2025-03-15,20.809,14.75,271.25
comayagua,2025-03-16,14.401,14.25,272.25
ocotepeque,2025-03-16,25.02,14.25,270.75
copan,2025-03-16,18.588,14.75,271.25
comayagua,2025-03-17,20.796,14.25,272.25
ocotepeque,2025-03-17,26.503,14.25,270.75
copan,2025-03-17,20.515,14.75,271.25
comayagua,2025-03-18,18.674,14.25,272.25
ocotepeque,2025-03-18,24.246,14.25,270.75
copan,2025-03-18,16.42,14.75,271.25
comayagua,2025-03-19,20.368,14.25,272.25
ocotepeque,2025-03-19,25.103,14.25,270.75
copan,2025-03-19,18.908,14.75,271.25
comayagua,2025-03-20,18.847,14.25,272.25
ocotepeque,2025-03-20,25.376,14.25,270.75
copan,2025-03-20,21.263,14.75,271.25
comayagua,2025-03-21,20.765,14.25,272.25
ocotepeque,2025-03-21,25.535,14.25,270.75
copan,2025-03-21,19.508,14.75,271.25
comayagua,2025-03-22,14.881,14.25,272.25
ocotepeque,2025-03-22,24.12,14.25,270.75
copan,2025-03-22,17.453,14.75,271.25
comayagua,2025-03-23,12.976,14.25,272.25
ocotepeque,2025-03-23,24.502,14.25,270.75
copan,2025-03-23,17.407,14.75,271.25
comayagua,2025-03-24,18.049,14.25,272.25
ocotepeque,2025-03-24,22.065,14.25,270.75
copan,2025-03-24,21.455,14.75,271.25
comayagua,2025-03-25,18.018,14.25,272.25
ocotepeque,2025-03-25,28.874,14.25,270.75
copan,2025-03-25,21.081,14.75,271.25
comayagua,2025-03-26,22.109,14.25,272.25
ocotepeque,2025-03-26,26.155,14.25,270.75
copan,2025-03-26,21.195,14.75,271.25
comayagua,2025-03-27,18.022,14.25,272.25
ocotepeque,2025-03-27,19.983,14.25,270.75
copan,2025-03-27,20.256,14.75,271.25
comayagua,2025-03-28,17.881,14.25,272.25
ocotepeque,2025-03-28,25.563,14.25,270.75
copan,2025-03-28,20.573,14.75,271.25
comayagua,2025-03-29,18.841,14.25,272.25
ocotepeque,2025-03-29,18.978,14.25,270.75
copan,2025-03-29,17.592,14.75,271.25
comayagua,2025-03-30,20.172,14.25,272.25
ocotepeque,2025-03-30,21.153,14.25,270.75
copan,2025-03-30,19.477,14.75,271.25
comayagua,2025-03-31,22.732,14.25,272.25
ocotepeque,2025-03-31,24.039,14.25,270.75
copan,2025-03-31,23.84,14.75,271.25
comayagua,2025-04-01,23.359,14.25,272.25
ocotepeque,2025-04-01,22.913,14.25,270.75
copan,2025-04-01,22.057,14.75,271.25
comayagua,2025-04-02,18.142,14.25,272.25
ocotepeque,2025-04-02,21.147,14.25,270.75
copan,2025-04-02,22.036,14.75,271.25
comayagua,2025-04-03,18.254,14.25,272.25
ocotepeque,2025-04-03,23.544,14.25,270.75
copan,2025-04-03,23.188,14.75,271.25
comayagua,2025-04-04,18.379,14.25,272.25
ocotepeque,2025-04-04,25.946,14.25,270.75
copan,2025-04-04,22.422,14.75,271.25
comayagua,2025-04-05,21.063,14.25,272.25
ocotepeque,2025-04-05,28.236,14.25,270.75
copan,2025-04-05,23.0,14.75,271.25
comayagua,2025-04-06,15.121,14.25,272.25
ocotepeque,2025-04-06,27.646,14.25,270.75
copan,2025-04-06,19.498,14.75,271.25
comayagua,2025-04-07,18.997,14.25,272.25
ocotepeque,2025-04-07,20.864,14.25,270.75
copan,2025-04-07,21.128,14.75,271.25
comayagua,2025-04-08,20.665,14.25,272.25
ocotepeque,2025-04-08,27.116,14.25,270.75
copan,2025-04-08,18.179,14.75,271.25
comayagua,2025-04-09,17.999,14.25,272.25
ocotepeque,2025-04-09,22.299,14.25,270.75
copan,2025-04-09,14.912,14.75,271.25
comayagua,2025-04-10,19.871,14.25,272.25
ocotepeque,2025-04-10,23.908,14.25,270.75
copan,2025-04-10,16.951,14.75,271.25
comayagua,2025-04-11,17.352,14.25,272.25
ocotepeque,2025-04-11,24.188,14.25,270.75
copan,2025-04-11,18.36,14.75,271.25
comayagua,2025-04-12,13.458,14.25,272.25
ocotepeque,2025-04-12,24.495,14.25,270.75
copan,2025-04-12,16.475,14.75,271.25
comayagua,2025-04-13,16.021,14.25,272.25
ocotepeque,2025-04-13,25.33,14.25,270.75
copan,2025-04-13,19.147,14.75,271.25
comayagua,2025-04-14,13.804,14.25,272.25
ocotepeque,2025-04-14,25.459,14.25,270.75
copan,2025-04-14,15.028,14.75,271.25
comayagua,2025-04-15,21.623,14.25,272.25
ocotepeque,2025-04-15,26.314,14.25,270.75
copan,2025-04-15,18.508,14.75,271.25
comayagua,2025-04-16,17.01,14.25,272.25
ocotepeque,2025-04-16,29.122,14.25,270.75
copan,2025-04-16,18.282,14.75,271.25
comayagua,2025-04-17,18.041,14.25,272.25
ocotepeque,2025-04-17,27.3,14.25,270.75
copan,2025-04-17,19.298,14.75,271.25
comayagua,2025-04-18,21.088,14.25,272.25
ocotepeque,2025-04-18,27.571,14.25,270.75
copan,2025-04-18,23.116,14.75,271.25
comayagua,2025-04-19,16.352,14.25,272.25
ocotepeque,2025-04-19,23.393,14.25,270.75
copan,2025-04-19,17.533,14.75,271.25
comayagua,2025-04-20,18.837,14.25,272.25
ocotepeque,2025-04-20,27.974,14.25,270.75
copan,2025-04-20,22.727,14.75,271.25
comayagua,2025-04-21,18.536,14.25,272.25
ocotepeque,2025-04-21,24.233,14.25,270.75
copan,2025-04-21,22.261,14.75,271.25
comayagua,2025-04-22,17.822,14.25,272.25
ocotepeque,2025-04-22,25.45,14.25,270.75
copan,2025-04-22,22.414,14.75,271.25
comayagua,2025-04-23,21.095,14.25,272.25
ocotepeque,2025-04-23,26.332,14.25,270.75
copan,2025-04-23,22.539,14.75,271.25
comayagua,2025-04-24,18.061,14.25,272.25
ocotepeque,2025-04-24,26.163,14.25,270.75
copan,2025-04-24,21.765,14.75,271.25
comayagua,2025-04-25,23.179,14.25,272.25
ocotepeque,2025-04-25,24.841,14.25,270.75
copan,2025-04-25,21.119,14.75,271.25
comayagua,2025-04-26,17.504,14.25,272.25
ocotepeque,2025-04-26,24.477,14.25,270.75
copan,2025-04-26,18.402,14.75,271.25
comayagua,2025-04-27,14.971,14.25,272.25
ocotepeque,2025-04-27,25.91,14.25,270.75
copan,2025-04-27,15.634,14.75,271.25
comayagua,2025-04-28,18.257,14.25,272.25
ocotepeque,2025-04-28,25.334,14.25,270.75
copan,2025-04-28,20.755,14.75,271.25
comayagua,2025-04-29,17.298,14.25,272.25
ocotepeque,2025-04-29,16.986,14.25,270.75
copan,2025-04-29,16.282,14.75,271.25
comayagua,2025-04-30,16.877,14.25,272.25
ocotepeque,2025-04-30,26.848,14.25,270.75
copan,2025-04-30,27.13,14.75,271.25
comayagua,2025-05-01,18.758,14.25,272.25
ocotepeque,2025-05-01,23.525,14.25,270.75
copan,2025-05-01,22.423,14.75,271.25
comayagua,2025-05-02,19.356,14.25,272.25
ocotepeque,2025-05-02,23.303,14.25,270.75
copan,2025-05-02,22.437,14.75,271.25
comayagua,2025-05-03,21.789,14.25,272.25
ocotepeque,2025-05-03,26.845,14.25,270.75
copan,2025-05-03,23.165,14.75,271.25
comayagua,2025-05-04,17.852,14.25,272.25
ocotepeque,2025-05-04,26.216,14.25,270.75
copan,2025-05-04,19.882,14.75,271.25
comayagua,2025-05-05,18.687,14.25,272.25
ocotepeque,2025-05-05,22.806,14.25,270.75
copan,2025-05-05,23.295,14.75,271.25
comayagua,2025-05-06,17.9,14.25,272.25
ocotepeque,2025-05-06,27.026,14.25,270.75
copan,2025-05-06,24.284,14.75,271.25
comayagua,2025-05-07,18.717,14.25,272.25
ocotepeque,2025-05-07,26.224,14.25,270.75
copan,2025-05-07,23.726,14.75,271.25
comayagua,2025-05-08,18.613,14.25,272.25
ocotepeque,2025-05-08,26.238,14.25,270.75
copan,2025-05-08,24.045,14.75,271.25
comayagua,2025-05-09,19.947,14.25,272.25
ocotepeque,2025-05-09,25.597,14.25,270.75
copan,2025-05-09,23.339,14.75,271.25
comayagua,2025-05-10,17.956,14.25,272.25
ocotepeque,2025-05-10,25.49,14.25,270.75
copan,2025-05-10,20.207,14.75,271.25
comayagua,2025-05-11,22.11,14.25,272.25
ocotepeque,2025-05-11,24.294,14.25,270.75
copan,2025-05-11,20.318,14.75,271.25
comayagua,2025-05-12,19.694,14.25,272.25
ocotepeque,2025-05-12,25.942,14.25,270.75
copan,2025-05-12,20.749,14.75,271.25
comayagua,2025-05-13,18.534,14.25,272.25
ocotepeque,2025-05-13,27.282,14.25,270.75
copan,2025-05-13,22.42,14.75,271.25
comayagua,2025-05-14,19.181,14.25,272.25
ocotepeque,2025-05-14,26.612,14.25,270.75
copan,2025-05-14,21.854,14.75,271.25
comayagua,2025-05-15,24.193,14.25,272.25
ocotepeque,2025-05-15,26.392,14.25,270.75
copan,2025-05-15,23.803,14.75,271.25
comayagua,2025-05-16,18.152,14.25,272.25
ocotepeque,2025-05-16,25.935,14.25,270.75
copan,2025-05-16,23.069,14.75,271.25
comayagua,2025-05-17,19.435,14.25,272.25
ocotepeque,2025-05-17,26.146,14.25,270.75
copan,2025-05-17,20.243,14.75,271.25
comayagua,2025-05-18,20.315,14.25,272.25
ocotepeque,2025-05-18,25.21,14.25,270.75
copan,2025-05-18,20.29,14.75,271.25
comayagua,2025-05-19,18.785,14.25,272.25
ocotepeque,2025-05-19,26.009,14.25,270.75
copan,2025-05-19,20.41,14.75,271.25
comayagua,2025-05-20,20.323,14.25,272.25
ocotepeque,2025-05-20,25.906,14.25,270.75
copan,2025-05-20,22.806,14.75,271.25
comayagua,2025-05-21,18.176,14.25,272.25
ocotepeque,2025-05-21,27.481,14.25,270.75
copan,2025-05-21,24.042,14.75,271.25
comayagua,2025-05-22,18.444,14.25,272.25
ocotepeque,2025-05-22,26.823,14.25,270.75
copan,2025-05-22,24.078,14.75,271.25
comayagua,2025-05-23,20.491,14.25,272.25
ocotepeque,2025-05-23,28.29,14.25,270.75
copan,2025-05-23,24.196,14.75,271.25
comayagua,2025-05-24,18.619,14.25,272.25
ocotepeque,2025-05-24,24.605,14.25,270.75
copan,2025-05-24,19.377,14.75,271.25
comayagua,2025-05-25,20.491,14.25,272.25
ocotepeque,2025-05-25,27.697,14.25,270.75
copan,2025-05-25,23.046,14.75,271.25
comayagua,2025-05-26,17.054,14.25,272.25
ocotepeque,2025-05-26,24.911,14.25,270.75
copan,2025-05-26,23.47,14.75,271.25
comayagua,2025-05-27,18.221,14.25,272.25
ocotepeque,2025-05-27,22.43,14.25,270.75
copan,2025-05-27,23.603,14.75,271.25
comayagua,2025-05-28,19.848,14.25,272.25
ocotepeque,2025-05-28,27.249,14.25,270.75
copan,2025-05-28,23.566,14.75,271.25
comayagua,2025-05-29,17.898,14.25,272.25
ocotepeque,2025-05-29,25.377,14.25,270.75
copan,2025-05-29,23.992,14.75,271.25
comayagua,2025-05-30,20.343,14.25,272.25
ocotepeque,2025-05-30,27.255,14.25,270.75
copan,2025-05-30,24.042,14.75,271.25
comayagua,2025-05-31,20.778,14.25,272.25
ocotepeque,2025-05-31,28.072,14.25,270.75
copan,2025-05-31,24.269,14.75,271.25
comayagua,2025-06-01,17.253,14.25,272.25
ocotepeque,2025-06-01,24.874,14.25,270.75
copan,2025-06-01,19.313,14.75,271.25
comayagua,2025-06-02,18.747,14.25,272.25
ocotepeque,2025-06-02,25.381,14.25,270.75
copan,2025-06-02,23.494,14.75,271.25
comayagua,2025-06-03,16.915,14.25,272.25
ocotepeque,2025-06-03,27.441,14.25,270.75
copan,2025-06-03,19.583,14.75,271.25
comayagua,2025-06-04,18.819,14.25,272.25
ocotepeque,2025-06-04,23.097,14.25,270.75
copan,2025-06-04,23.313,14.75,271.25
comayagua,2025-06-05,17.916,14.25,272.25
ocotepeque,2025-06-05,22.202,14.25,270.75
copan,2025-06-05,20.856,14.75,271.25
comayagua,2025-06-06,19.627,14.25,272.25
ocotepeque,2025-06-06,26.769,14.25,270.75
copan,2025-06-06,24.369,14.75,271.25
comayagua,2025-06-07,19.818,14.25,272.25
ocotepeque,2025-06-07,27.85,14.25,270.75
copan,2025-06-07,23.431,14.75,271.25
comayagua,2025-06-08,17.143,14.25,272.25
ocotepeque,2025-06-08,24.604,14.25,270.75
copan,2025-06-08,20.171,14.75,271.25
comayagua,2025-06-09,16.591,14.25,272.25
ocotepeque,2025-06-09,22.875,14.25,270.75
copan,2025-06-09,20.538,14.75,271.25
comayagua,2025-06-10,16.652,14.25,272.25
ocotepeque,2025-06-10,19.987,14.25,270.75
copan,2025-06-10,21.848,14.75,271.25
comayagua,2025-06-11,15.734,14.25,272.25
ocotepeque,2025-06-11,15.946,14.25,270.75
copan,2025-06-11,16.756,14.75,271.25
comayagua,2025-06-12,17.932,14.25,272.25
ocotepeque,2025-06-12,22.55,14.25,270.75
copan,2025-06-12,19.916,14.75,271.25
comayagua,2025-06-13,20.621,14.25,272.25
ocotepeque,2025-06-13,23.823,14.25,270.75
copan,2025-06-13,21.774,14.75,271.25
comayagua,2025-06-14,18.32,14.25,272.25
ocotepeque,2025-06-14,23.655,14.25,270.75
copan,2025-06-14,19.27,14.75,271.25
comayagua,2025-06-15,17.327,14.25,272.25
ocotepeque,2025-06-15,23.185,14.25,270.75
copan,2025-06-15,18.606,14.75,271.25
comayagua,2025-06-16,18.055,14.25,272.25
ocotepeque,2025-06-16,25.802,14.25,270.75
copan,2025-06-16,21.405,14.75,271.25
comayagua,2025-06-17,17.938,14.25,272.25
ocotepeque,2025-06-17,22.759,14.25,270.75
copan,2025-06-17,21.682,14.75,271.25
comayagua,2025-06-18,17.991,14.25,272.25
ocotepeque,2025-06-18,23.044,14.25,270.75
copan,2025-06-18,21.018,14.75,271.25
comayagua,2025-06-19,18.814,14.25,272.25
ocotepeque,2025-06-19,25.995,14.25,270.75
copan,2025-06-19,21.427,14.75,271.25
comayagua,2025-06-20,18.071,14.25,272.25
ocotepeque,2025-06-20,24.403,14.25,270.75
copan,2025-06-20,20.896,14.75,271.25
comayagua,2025-06-21,17.333,14.25,272.25
ocotepeque,2025-06-21,23.218,14.25,270.75
copan,2025-06-21,18.837,14.75,271.25
comayagua,2025-06-22,17.773,14.25,272.25
ocotepeque,2025-06-22,22.861,14.25,270.75
copan,2025-06-22,17.611,14.75,271.25
comayagua,2025-06-23,17.678,14.25,272.25
ocotepeque,2025-06-23,22.896,14.25,270.75
copan,2025-06-23,20.606,14.75,271.25
comayagua,2025-06-24,17.588,14.25,272.25
ocotepeque,2025-06-24,24.686,14.25,270.75
copan,2025-06-24,20.884,14.75,271.25
comayagua,2025-06-25,21.764,14.25,272.25
ocotepeque,2025-06-25,25.079,14.25,270.75
copan,2025-06-25,22.08,14.75,271.25
comayagua,2025-06-26,17.052,14.25,272.25
ocotepeque,2025-06-26,23.288,14.25,270.75
copan,2025-06-26,21.3,14.75,271.25
comayagua,2025-06-27,18.073,14.25,272.25
ocotepeque,2025-06-27,23.001,14.25,270.75
copan,2025-06-27,21.169,14.75,271.25
comayagua,2025-06-28,20.13,14.25,272.25
ocotepeque,2025-06-28,23.354,14.25,270.75
copan,2025-06-28,21.495,14.75,271.25
comayagua,2025-06-29,17.124,14.25,272.25
ocotepeque,2025-06-29,23.166,14.25,270.75
copan,2025-06-29,18.043,14.75,271.25
comayagua,2025-06-30,18.22,14.25,272.25
ocotepeque,2025-06-30,25.896,14.25,270.75
copan,2025-06-30,21.21,14.75,271.25
comayagua,2025-07-01,18.948,14.25,272.25
ocotepeque,2025-07-01,24.747,14.25,270.75
copan,2025-07-01,21.735,14.75,271.25
comayagua,2025-07-02,17.816,14.25,272.25
ocotepeque,2025-07-02,23.571,14.25,270.75
copan,2025-07-02,21.096,14.75,271.25
comayagua,2025-07-03,19.18,14.25,272.25
ocotepeque,2025-07-03,25.617,14.25,270.75
copan,2025-07-03,19.176,14.75,271.25
comayagua,2025-07-04,17.234,14.25,272.25
ocotepeque,2025-07-04,25.348,14.25,270.75
copan,2025-07-04,18.555,14.75,271.25
comayagua,2025-07-05,18.072,14.25,272.25
ocotepeque,2025-07-05,23.889,14.25,270.75
copan,2025-07-05,19.462,14.75,271.25
comayagua,2025-07-06,16.721,14.25,272.25
ocotepeque,2025-07-06,23.706,14.25,270.75
copan,2025-07-06,18.526,14.75,271.25
comayagua,2025-07-07,16.963,14.25,272.25
ocotepeque,2025-07-07,21.613,14.25,270.75
copan,2025-07-07,21.304,14.75,271.25
comayagua,2025-07-08,16.878,14.25,272.25
ocotepeque,2025-07-08,22.651,14.25,270.75
copan,2025-07-08,20.38,14.75,271.25
comayagua,2025-07-09,18.169,14.25,272.25
ocotepeque,2025-07-09,25.736,14.25,270.75
copan,2025-07-09,21.553,14.75,271.25
comayagua,2025-07-10,17.898,14.25,272.25
ocotepeque,2025-07-10,25.859,14.25,270.75
copan,2025-07-10,21.461,14.75,271.25
comayagua,2025-07-11,17.678,14.25,272.25
ocotepeque,2025-07-11,22.227,14.25,270.75
copan,2025-07-11,21.461,14.75,271.25
comayagua,2025-07-12,23.31,14.25,272.25
ocotepeque,2025-07-12,26.795,14.25,270.75
copan,2025-07-12,22.65,14.75,271.25
comayagua,2025-07-13,17.873,14.25,272.25
ocotepeque,2025-07-13,26.707,14.25,270.75
copan,2025-07-13,19.991,14.75,271.25
comayagua,2025-07-14,17.003,14.25,272.25
ocotepeque,2025-07-14,23.087,14.25,270.75
copan,2025-07-14,21.162,14.75,271.25
comayagua,2025-07-15,23.507,14.25,272.25
ocotepeque,2025-07-15,26.114,14.25,270.75
copan,2025-07-15,22.266,14.75,271.25
comayagua,2025-07-16,18.051,14.25,272.25
ocotepeque,2025-07-16,27.171,14.25,270.75
copan,2025-07-16,21.583,14.75,271.25
comayagua,2025-07-17,18.819,14.25,272.25
ocotepeque,2025-07-17,26.492,14.25,270.75
copan,2025-07-17,22.529,14.75,271.25
comayagua,2025-07-18,18.683,14.25,272.25
ocotepeque,2025-07-18,26.305,14.25,270.75
copan,2025-07-18,22.539,14.75,271.25
comayagua,2025-07-19,19.323,14.25,272.25
ocotepeque,2025-07-19,25.336,14.25,270.75
copan,2025-07-19,20.433,14.75,271.25
comayagua,2025-07-20,19.134,14.25,272.25
ocotepeque,2025-07-20,26.742,14.25,270.75
copan,2025-07-20,20.502,14.75,271.25
comayagua,2025-07-21,21.23,14.25,272.25
ocotepeque,2025-07-21,26.232,14.25,270.75
copan,2025-07-21,22.898,14.75,271.25
comayagua,2025-07-22,18.064,14.25,272.25
ocotepeque,2025-07-22,26.33,14.25,270.75
copan,2025-07-22,21.856,14.75,271.25
comayagua,2025-07-23,17.769,14.25,272.25
ocotepeque,2025-07-23,23.697,14.25,270.75
copan,2025-07-23,21.786,14.75,271.25
comayagua,2025-07-24,18.198,14.25,272.25
ocotepeque,2025-07-24,26.155,14.25,270.75
copan,2025-07-24,21.87,14.75,271.25
comayagua,2025-07-25,23.294,14.25,272.25
ocotepeque,2025-07-25,24.783,14.25,270.75
copan,2025-07-25,21.794,14.75,271.25
comayagua,2025-07-26,18.726,14.25,272.25
ocotepeque,2025-07-26,23.447,14.25,270.75
copan,2025-07-26,19.443,14.75,271.25
comayagua,2025-07-27,18.086,14.25,272.25
ocotepeque,2025-07-27,24.506,14.25,270.75
copan,2025-07-27,20.015,14.75,271.25
comayagua,2025-07-28,19.078,14.25,272.25
ocotepeque,2025-07-28,25.082,14.25,270.75
copan,2025-07-28,21.303,14.75,271.25
comayagua,2025-07-29,18.187,14.25,272.25
ocotepeque,2025-07-29,23.654,14.25,270.75
copan,2025-07-29,20.82,14.75,271.25
comayagua,2025-07-30,18.776,14.25,272.25
ocotepeque,2025-07-30,23.704,14.25,270.75
copan,2025-07-30,19.686,14.75,271.25
comayagua,2025-07-31,18.787,14.25,272.25
ocotepeque,2025-07-31,24.089,14.25,270.75
copan,2025-07-31,21.301,14.75,271.25
comayagua,2025-08-01,18.004,14.25,272.25
ocotepeque,2025-08-01,24.877,14.25,270.75
copan,2025-08-01,22.109,14.75,271.25
comayagua,2025-08-02,19.055,14.25,272.25
ocotepeque,2025-08-02,26.478,14.25,270.75
copan,2025-08-02,21.437,14.75,271.25
comayagua,2025-08-03,18.789,14.25,272.25
ocotepeque,2025-08-03,26.953,14.25,270.75
copan,2025-08-03,21.037,14.75,271.25
comayagua,2025-08-04,19.09,14.25,272.25
ocotepeque,2025-08-04,26.84,14.25,270.75
copan,2025-08-04,25.991,14.75,271.25
comayagua,2025-08-05,17.392,14.25,272.25
ocotepeque,2025-08-05,22.83,14.25,270.75
copan,2025-08-05,20.996,14.75,271.25
comayagua,2025-08-06,16.162,14.25,272.25
ocotepeque,2025-08-06,21.67,14.25,270.75
copan,2025-08-06,20.137,14.75,271.25
comayagua,2025-08-07,16.789,14.25,272.25
ocotepeque,2025-08-07,25.464,14.25,270.75
copan,2025-08-07,21.563,14.75,271.25
comayagua,2025-08-08,18.52,14.25,272.25
ocotepeque,2025-08-08,25.343,14.25,270.75
copan,2025-08-08,21.804,14.75,271.25
comayagua,2025-08-09,19.54,14.25,272.25
ocotepeque,2025-08-09,26.787,14.25,270.75
copan,2025-08-09,21.391,14.75,271.25
comayagua,2025-08-10,18.138,14.25,272.25
ocotepeque,2025-08-10,24.397,14.25,270.75
copan,2025-08-10,20.728,14.75,271.25
comayagua,2025-08-11,17.021,14.25,272.25
ocotepeque,2025-08-11,25.687,14.25,270.75
copan,2025-08-11,21.394,14.75,271.25
comayagua,2025-08-12,16.96,14.25,272.25
ocotepeque,2025-08-12,19.604,14.25,270.75
copan,2025-08-12,21.555,14.75,271.25
comayagua,2025-08-13,16.9,14.25,272.25
ocotepeque,2025-08-13,25.612,14.25,270.75
copan,2025-08-13,21.309,14.75,271.25
comayagua,2025-08-14,15.224,14.25,272.25
ocotepeque,2025-08-14,26.068,14.25,270.75
copan,2025-08-14,19.639,14.75,271.25
comayagua,2025-08-15,16.571,14.25,272.25
ocotepeque,2025-08-15,23.85,14.25,270.75
copan,2025-08-15,22.259,14.75,271.25
comayagua,2025-08-16,16.767,14.25,272.25
ocotepeque,2025-08-16,22.916,14.25,270.75
copan,2025-08-16,18.708,14.75,271.25
comayagua,2025-08-17,17.03,14.25,272.25
ocotepeque,2025-08-17,16.936,14.25,270.75
copan,2025-08-17,17.362,14.75,271.25
comayagua,2025-08-18,17.498,14.25,272.25
ocotepeque,2025-08-18,25.048,14.25,270.75
copan,2025-08-18,22.119,14.75,271.25
comayagua,2025-08-19,18.747,14.25,272.25
ocotepeque,2025-08-19,25.83,14.25,270.75
copan,2025-08-19,21.936,14.75,271.25
comayagua,2025-08-20,18.017,14.25,272.25
ocotepeque,2025-08-20,25.89,14.25,270.75
copan,2025-08-20,22.567,14.75,271.25
comayagua,2025-08-21,17.444,14.25,272.25
ocotepeque,2025-08-21,22.81,14.25,270.75
copan,2025-08-21,21.681,14.75,271.25
comayagua,2025-08-22,15.239,14.25,272.25
ocotepeque,2025-08-22,24.017,14.25,270.75
copan,2025-08-22,20.539,14.75,271.25
comayagua,2025-08-23,15.81,14.25,272.25
ocotepeque,2025-08-23,24.703,14.25,270.75
copan,2025-08-23,19.351,14.75,271.25
comayagua,2025-08-24,16.34,14.25,272.25
ocotepeque,2025-08-24,25.204,14.25,270.75
copan,2025-08-24,19.368,14.75,271.25
comayagua,2025-08-25,17.497,14.25,272.25
ocotepeque,2025-08-25,23.577,14.25,270.75
copan,2025-08-25,22.005,14.75,271.25
comayagua,2025-08-26,17.203,14.25,272.25
ocotepeque,2025-08-26,26.409,14.25,270.75
copan,2025-08-26,23.052,14.75,271.25
comayagua,2025-08-27,19.225,14.25,272.25
ocotepeque,2025-08-27,22.686,14.25,270.75
copan,2025-08-27,22.014,14.75,271.25
comayagua,2025-08-28,17.906,14.25,272.25
ocotepeque,2025-08-28,25.334,14.25,270.75
copan,2025-08-28,20.723,14.75,271.25
comayagua,2025-08-29,16.666,14.25,272.25
ocotepeque,2025-08-29,23.251,14.25,270.75
copan,2025-08-29,21.481,14.75,271.25
comayagua,2025-08-30,16.842,14.25,272.25
ocotepeque,2025-08-30,16.98,14.25,270.75
copan,2025-08-30,17.505,14.75,271.25
comayagua,2025-08-31,18.389,14.25,272.25
ocotepeque,2025-08-31,20.47,14.25,270.75
copan,2025-08-31,20.475,14.75,271.25
comayagua,2025-09-01,16.714,14.25,272.25
ocotepeque,2025-09-01,19.644,14.25,270.75
copan,2025-09-01,21.736,14.75,271.25
comayagua,2025-09-02,18.933,14.25,272.25
ocotepeque,2025-09-02,20.73,14.25,270.75
copan,2025-09-02,21.629,14.75,271.25
comayagua,2025-09-03,17.617,14.25,272.25
ocotepeque,2025-09-03,26.127,14.25,270.75
copan,2025-09-03,22.588,14.75,271.25
comayagua,2025-09-04,17.095,14.25,272.25
ocotepeque,2025-09-04,26.296,14.25,270.75
copan,2025-09-04,18.649,14.75,271.25
comayagua,2025-09-05,16.393,14.25,272.25
ocotepeque,2025-09-05,26.607,14.25,270.75
copan,2025-09-05,21.528,14.75,271.25
comayagua,2025-09-06,16.951,14.25,272.25
ocotepeque,2025-09-06,23.746,14.25,270.75
copan,2025-09-06,19.44,14.75,271.25
comayagua,2025-09-07,17.315,14.25,272.25
ocotepeque,2025-09-07,23.295,14.25,270.75
copan,2025-09-07,18.944,14.75,271.25
comayagua,2025-09-08,17.167,14.25,272.25
ocotepeque,2025-09-08,23.766,14.25,270.75
copan,2025-09-08,18.164,14.75,271.25
comayagua,2025-09-09,17.246,14.25,272.25
ocotepeque,2025-09-09,22.175,14.25,270.75
copan,2025-09-09,19.936,14.75,271.25
comayagua,2025-09-10,16.456,14.25,272.25
ocotepeque,2025-09-10,23.527,14.25,270.75
copan,2025-09-10,20.273,14.75,271.25
comayagua,2025-09-11,17.144,14.25,272.25
ocotepeque,2025-09-11,22.709,14.25,270.75
copan,2025-09-11,20.648,14.75,271.25
comayagua,2025-09-12,18.325,14.25,272.25
ocotepeque,2025-09-12,25.212,14.25,270.75
copan,2025-09-12,20.669,14.75,271.25
comayagua,2025-09-13,18.934,14.25,272.25
ocotepeque,2025-09-13,24.645,14.25,270.75
copan,2025-09-13,22.024,14.75,271.25
comayagua,2025-09-14,18.671,14.25,272.25
ocotepeque,2025-09-14,18.513,14.25,270.75
copan,2025-09-14,18.389,14.75,271.25
comayagua,2025-09-15,17.56,14.25,272.25
ocotepeque,2025-09-15,25.358,14.25,270.75
copan,2025-09-15,24.911,14.75,271.25
comayagua,2025-09-16,17.59,14.25,272.25
ocotepeque,2025-09-16,25.661,14.25,270.75
copan,2025-09-16,20.408,14.75,271.25
comayagua,2025-09-17,16.94,14.25,272.25
ocotepeque,2025-09-17,23.575,14.25,270.75
copan,2025-09-17,21.016,14.75,271.25
comayagua,2025-09-18,16.882,14.25,272.25
ocotepeque,2025-09-18,23.446,14.25,270.75
copan,2025-09-18,20.431,14.75,271.25
comayagua,2025-09-19,17.538,14.25,272.25
ocotepeque,2025-09-19,22.035,14.25,270.75
copan,2025-09-19,20.463,14.75,271.25
comayagua,2025-09-20,17.652,14.25,272.25
ocotepeque,2025-09-20,23.519,14.25,270.75
copan,2025-09-20,19.569,14.75,271.25
comayagua,2025-09-21,17.709,14.25,272.25
ocotepeque,2025-09-21,24.454,14.25,270.75
copan,2025-09-21,20.216,14.75,271.25
comayagua,2025-09-22,17.512,14.25,272.25
ocotepeque,2025-09-22,23.394,14.25,270.75
copan,2025-09-22,21.762,14.75,271.25
comayagua,2025-09-23,16.845,14.25,272.25
ocotepeque,2025-09-23,22.463,14.25,270.75
copan,2025-09-23,21.319,14.75,271.25
comayagua,2025-09-24,18.031,14.25,272.25
ocotepeque,2025-09-24,25.976,14.25,270.75
copan,2025-09-24,21.166,14.75,271.25
comayagua,2025-09-25,17.438,14.25,272.25
ocotepeque,2025-09-25,25.784,14.25,270.75
copan,2025-09-25,20.151,14.75,271.25
comayagua,2025-09-26,17.895,14.25,272.25
ocotepeque,2025-09-26,28.843,14.25,270.75
copan,2025-09-26,27.226,14.75,271.25
comayagua,2025-09-27,16.8,14.25,272.25
ocotepeque,2025-09-27,24.275,14.25,270.75
copan,2025-09-27,19.455,14.75,271.25
comayagua,2025-09-28,16.8,14.25,272.25
ocotepeque,2025-09-28,26.034,14.25,270.75
copan,2025-09-28,20.539,14.75,271.25
comayagua,2025-09-29,17.493,14.25,272.25
ocotepeque,2025-09-29,23.991,14.25,270.75
copan,2025-09-29,23.055,14.75,271.25
comayagua,2025-09-30,17.073,14.25,272.25
ocotepeque,2025-09-30,24.837,14.25,270.75
copan,2025-09-30,26.149,14.75,271.25
comayagua,2025-10-01,18.004,14.25,272.25
ocotepeque,2025-10-01,24.023,14.25,270.75
copan,2025-10-01,21.821,14.75,271.25
comayagua,2025-10-02,17.477,14.25,272.25
ocotepeque,2025-10-02,22.993,14.25,270.75
copan,2025-10-02,20.725,14.75,271.25
comayagua,2025-10-03,16.759,14.25,272.25
ocotepeque,2025-10-03,26.501,14.25,270.75
copan,2025-10-03,18.585,14.75,271.25
comayagua,2025-10-04,18.966,14.25,272.25
ocotepeque,2025-10-04,22.92,14.25,270.75
copan,2025-10-04,19.754,14.75,271.25
comayagua,2025-10-05,17.25,14.25,272.25
ocotepeque,2025-10-05,23.423,14.25,270.75
copan,2025-10-05,19.217,14.75,271.25
comayagua,2025-10-06,18.044,14.25,272.25
ocotepeque,2025-10-06,22.717,14.25,270.75
copan,2025-10-06,21.551,14.75,271.25
comayagua,2025-10-07,18.345,14.25,272.25
ocotepeque,2025-10-07,21.374,14.25,270.75
copan,2025-10-07,20.048,14.75,271.25
comayagua,2025-10-08,16.71,14.25,272.25
ocotepeque,2025-10-08,25.081,14.25,270.75
copan,2025-10-08,21.841,14.75,271.25
comayagua,2025-10-09,16.683,14.25,272.25
ocotepeque,2025-10-09,27.536,14.25,270.75
copan,2025-10-09,21.846,14.75,271.25
comayagua,2025-10-10,17.845,14.25,272.25
ocotepeque,2025-10-10,22.648,14.25,270.75
copan,2025-10-10,21.299,14.75,271.25
comayagua,2025-10-11,16.315,14.25,272.25
ocotepeque,2025-10-11,22.933,14.25,270.75
copan,2025-10-11,18.479,14.75,271.25
comayagua,2025-10-12,16.071,14.25,272.25
ocotepeque,2025-10-12,22.712,14.25,270.75
copan,2025-10-12,17.82,14.75,271.25
comayagua,2025-10-13,17.122,14.25,272.25
ocotepeque,2025-10-13,23.537,14.25,270.75
copan,2025-10-13,20.525,14.75,271.25
comayagua,2025-10-14,17.072,14.25,272.25
ocotepeque,2025-10-14,23.044,14.25,270.75
copan,2025-10-14,21.83,14.75,271.25
comayagua,2025-10-15,16.961,14.25,272.25
ocotepeque,2025-10-15,23.084,14.25,270.75
copan,2025-10-15,19.726,14.75,271.25
comayagua,2025-10-16,16.802,14.25,272.25
ocotepeque,2025-10-16,25.064,14.25,270.75
copan,2025-10-16,20.857,14.75,271.25
comayagua,2025-10-17,17.176,14.25,272.25
ocotepeque,2025-10-17,23.499,14.25,270.75
copan,2025-10-17,21.299,14.75,271.25
comayagua,2025-10-18,18.114,14.25,272.25
ocotepeque,2025-10-18,23.466,14.25,270.75
copan,2025-10-18,18.944,14.75,271.25
comayagua,2025-10-19,17.389,14.25,272.25
ocotepeque,2025-10-19,22.922,14.25,270.75
copan,2025-10-19,18.959,14.75,271.25
comayagua,2025-10-20,17.865,14.25,272.25
ocotepeque,2025-10-20,23.772,14.25,270.75
copan,2025-10-20,22.36,14.75,271.25
comayagua,2025-10-21,17.98,14.25,272.25
ocotepeque,2025-10-21,25.253,14.25,270.75
copan,2025-10-21,22.33,14.75,271.25
comayagua,2025-10-22,18.114,14.25,272.25
ocotepeque,2025-10-22,24.978,14.25,270.75
copan,2025-10-22,21.027,14.75,271.25
comayagua,2025-10-23,17.601,14.25,272.25
ocotepeque,2025-10-23,23.968,14.25,270.75
copan,2025-10-23,20.629,14.75,271.25
comayagua,2025-10-24,17.952,14.25,272.25
ocotepeque,2025-10-24,24.833,14.25,270.75
copan,2025-10-24,19.523,14.75,271.25
comayagua,2025-10-25,17.429,14.25,272.25
ocotepeque,2025-10-25,27.045,14.25,270.75
copan,2025-10-25,20.024,14.75,271.25
comayagua,2025-10-26,21.805,14.25,272.25
ocotepeque,2025-10-26,23.037,14.25,270.75
copan,2025-10-26,20.74,14.75,271.25
comayagua,2025-10-27,17.952,14.25,272.25
ocotepeque,2025-10-27,26.173,14.25,270.75
copan,2025-10-27,23.602,14.75,271.25
comayagua,2025-10-28,18.881,14.25,272.25
ocotepeque,2025-10-28,24.953,14.25,270.75
copan,2025-10-28,19.948,14.75,271.25
comayagua,2025-10-29,18.847,14.25,272.25
ocotepeque,2025-10-29,25.374,14.25,270.75
copan,2025-10-29,21.624,14.75,271.25
comayagua,2025-10-30,17.682,14.25,272.25
ocotepeque,2025-10-30,24.124,14.25,270.75
copan,2025-10-30,19.265,14.75,271.25
comayagua,2025-10-31,16.231,14.25,272.25
ocotepeque,2025-10-31,25.998,14.25,270.75
copan,2025-10-31,18.836,14.75,271.25
comayagua,2025-11-01,16.18,14.25,272.25
ocotepeque,2025-11-01,23.961,14.25,270.75
copan,2025-11-01,18.011,14.75,271.25
comayagua,2025-11-02,17.187,14.25,272.25
ocotepeque,2025-11-02,24.571,14.25,270.75
copan,2025-11-02,17.889,14.75,271.25
comayagua,2025-11-03,17.68,14.25,272.25
ocotepeque,2025-11-03,23.397,14.25,270.75
copan,2025-11-03,17.39,14.75,271.25
comayagua,2025-11-04,16.673,14.25,272.25
ocotepeque,2025-11-04,25.431,14.25,270.75
copan,2025-11-04,17.852,14.75,271.25
comayagua,2025-11-05,17.699,14.25,272.25
ocotepeque,2025-11-05,24.583,14.25,270.75
copan,2025-11-05,19.869,14.75,271.25
comayagua,2025-11-06,17.6,14.25,272.25
ocotepeque,2025-11-06,25.18,14.25,270.75
copan,2025-11-06,20.45,14.75,271.25
comayagua,2025-11-07,16.78,14.25,272.25
ocotepeque,2025-11-07,25.465,14.25,270.75
copan,2025-11-07,19.84,14.75,271.25
comayagua,2025-11-08,16.849,14.25,272.25
ocotepeque,2025-11-08,25.287,14.25,270.75
copan,2025-11-08,18.123,14.75,271.25
comayagua,2025-11-09,18.129,14.25,272.25
ocotepeque,2025-11-09,26.547,14.25,270.75
copan,2025-11-09,20.061,14.75,271.25
comayagua,2025-11-10,18.048,14.25,272.25
ocotepeque,2025-11-10,24.154,14.25,270.75
copan,2025-11-10,19.938,14.75,271.25
comayagua,2025-11-11,17.422,14.25,272.25
ocotepeque,2025-11-11,23.309,14.25,270.75
copan,2025-11-11,16.069,14.75,271.25
comayagua,2025-11-12,14.423,14.25,272.25
ocotepeque,2025-11-12,19.349,14.25,270.75
copan,2025-11-12,13.928,14.75,271.25
comayagua,2025-11-13,16.452,14.25,272.25
ocotepeque,2025-11-13,21.359,14.25,270.75
copan,2025-11-13,14.933,14.75,271.25
comayagua,2025-11-14,15.772,14.25,272.25
ocotepeque,2025-11-14,20.671,14.25,270.75
copan,2025-11-14,17.439,14.75,271.25
comayagua,2025-11-15,17.076,14.25,272.25
ocotepeque,2025-11-15,25.265,14.25,270.75
copan,2025-11-15,18.659,14.75,271.25
comayagua,2025-11-16,16.091,14.25,272.25
ocotepeque,2025-11-16,20.659,14.25,270.75
copan,2025-11-16,16.071,14.75,271.25
comayagua,2025-11-17,17.255,14.25,272.25
ocotepeque,2025-11-17,23.591,14.25,270.75
copan,2025-11-17,20.334,14.75,271.25
comayagua,2025-11-18,16.726,14.25,272.25
ocotepeque,2025-11-18,25.521,14.25,270.75
copan,2025-11-18,21.486,14.75,271.25
comayagua,2025-11-19,16.653,14.25,272.25
ocotepeque,2025-11-19,19.535,14.25,270.75
copan,2025-11-19,21.049,14.75,271.25
comayagua,2025-11-20,16.6,14.25,272.25
ocotepeque,2025-11-20,19.287,14.25,270.75
copan,2025-11-20,20.405,14.75,271.25
comayagua,2025-11-21,15.469,14.25,272.25
ocotepeque,2025-11-21,23.881,14.25,270.75
copan,2025-11-21,19.324,14.75,271.25
comayagua,2025-11-22,17.037,14.25,272.25
ocotepeque,2025-11-22,24.753,14.25,270.75
copan,2025-11-22,18.412,14.75,271.25
comayagua,2025-11-23,16.685,14.25,272.25
ocotepeque,2025-11-23,24.363,14.25,270.75
copan,2025-11-23,18.388,14.75,271.25
comayagua,2025-11-24,17.395,14.25,272.25
ocotepeque,2025-11-24,24.404,14.25,270.75
copan,2025-11-24,18.901,14.75,271.25
comayagua,2025-11-25,17.65,14.25,272.25
ocotepeque,2025-11-25,26.421,14.25,270.75
copan,2025-11-25,20.12,14.75,271.25
comayagua,2025-11-26,18.268,14.25,272.25
ocotepeque,2025-11-26,25.631,14.25,270.75
copan,2025-11-26,20.717,14.75,271.25
comayagua,2025-11-27,18.239,14.25,272.25
ocotepeque,2025-11-27,24.795,14.25,270.75
copan,2025-11-27,20.144,14.75,271.25
comayagua,2025-11-28,16.728,14.25,272.25
ocotepeque,2025-11-28,23.763,14.25,270.75
copan,2025-11-28,18.55,14.75,271.25
comayagua,2025-11-29,16.073,14.25,272.25
ocotepeque,2025-11-29,24.141,14.25,270.75
copan,2025-11-29,18.369,14.75,271.25
comayagua,2025-11-30,19.939,14.25,272.25
ocotepeque,2025-11-30,17.75,14.25,270.75
copan,2025-11-30,17.256,14.75,271.25
comayagua,2025-12-01,17.096,14.25,272.25
ocotepeque,2025-12-01,24.345,14.25,270.75
copan,2025-12-01,19.481,14.75,271.25
comayagua,2025-12-02,16.322,14.25,272.25
ocotepeque,2025-12-02,18.07,14.25,270.75
copan,2025-12-02,18.858,14.75,271.25
comayagua,2025-12-03,17.996,14.25,272.25
ocotepeque,2025-12-03,24.298,14.25,270.75
copan,2025-12-03,20.669,14.75,271.25
comayagua,2025-12-04,16.91,14.25,272.25
ocotepeque,2025-12-04,24.248,14.25,270.75
copan,2025-12-04,19.722,14.75,271.25
comayagua,2025-12-05,14.895,14.25,272.25
ocotepeque,2025-12-05,22.558,14.25,270.75
copan,2025-12-05,19.256,14.75,271.25
comayagua,2025-12-06,13.686,14.25,272.25
ocotepeque,2025-12-06,21.192,14.25,270.75
copan,2025-12-06,16.436,14.75,271.25
comayagua,2025-12-07,16.188,14.25,272.25
ocotepeque,2025-12-07,25.12,14.25,270.75
copan,2025-12-07,18.705,14.75,271.25
comayagua,2025-12-08,15.489,14.25,272.25
ocotepeque,2025-12-08,24.45,14.25,270.75
copan,2025-12-08,20.366,14.75,271.25
comayagua,2025-12-09,17.676,14.25,272.25
ocotepeque,2025-12-09,24.322,14.25,270.75
copan,2025-12-09,20.575,14.75,271.25
comayagua,2025-12-10,16.864,14.25,272.25
ocotepeque,2025-12-10,24.093,14.25,270.75
copan,2025-12-10,19.205,14.75,271.25
comayagua,2025-12-11,16.707,14.25,272.25
ocotepeque,2025-12-11,24.124,14.25,270.75
copan,2025-12-11,19.81,14.75,271.25
comayagua,2025-12-12,17.66,14.25,272.25
ocotepeque,2025-12-12,24.003,14.25,270.75
copan,2025-12-12,19.301,14.75,271.25
comayagua,2025-12-13,18.407,14.25,272.25
ocotepeque,2025-12-13,22.823,14.25,270.75
copan,2025-12-13,19.444,14.75,271.25
comayagua,2025-12-14,17.512,14.25,272.25
ocotepeque,2025-12-14,25.57,14.25,270.75
copan,2025-12-14,20.169,14.75,271.25
comayagua,2025-12-15,17.624,14.25,272.25
ocotepeque,2025-12-15,23.621,14.25,270.75
copan,2025-12-15,18.066,14.75,271.25
comayagua,2025-12-16,17.774,14.25,272.25
ocotepeque,2025-12-16,23.04,14.25,270.75
copan,2025-12-16,16.654,14.75,271.25
comayagua,2025-12-17,16.073,14.25,272.25
ocotepeque,2025-12-17,21.064,14.25,270.75
copan,2025-12-17,18.123,14.75,271.25
comayagua,2025-12-18,15.42,14.25,272.25
ocotepeque,2025-12-18,17.774,14.25,270.75
copan,2025-12-18,18.733,14.75,271.25
comayagua,2025-12-19,21.063,14.25,272.25
ocotepeque,2025-12-19,24.429,14.25,270.75
copan,2025-12-19,20.001,14.75,271.25
comayagua,2025-12-20,17.191,14.25,272.25
ocotepeque,2025-12-20,27.082,14.25,270.75
copan,2025-12-20,19.37,14.75,271.25
comayagua,2025-12-21,20.253,14.25,272.25
ocotepeque,2025-12-21,25.684,14.25,270.75
copan,2025-12-21,20.18,14.75,271.25
comayagua,2025-12-22,17.435,14.25,272.25
ocotepeque,2025-12-22,24.598,14.25,270.75
copan,2025-12-22,18.925,14.75,271.25
comayagua,2025-12-23,17.056,14.25,272.25
ocotepeque,2025-12-23,23.723,14.25,270.75
copan,2025-12-23,18.969,14.75,271.25
comayagua,2025-12-24,17.404,14.25,272.25
ocotepeque,2025-12-24,24.013,14.25,270.75
copan,2025-12-24,19.212,14.75,271.25
comayagua,2025-12-25,17.681,14.25,272.25
ocotepeque,2025-12-25,21.381,14.25,270.75
copan,2025-12-25,18.316,14.75,271.25
comayagua,2025-12-26,16.686,14.25,272.25
ocotepeque,2025-12-26,23.891,14.25,270.75
copan,2025-12-26,18.502,14.75,271.25
comayagua,2025-12-27,16.276,14.25,272.25
ocotepeque,2025-12-27,24.252,14.25,270.75
copan,2025-12-27,18.45,14.75,271.25
comayagua,2025-12-28,15.238,14.25,272.25
ocotepeque,2025-12-28,23.175,14.25,270.75
copan,2025-12-28,16.791,14.75,271.25
comayagua,2025-12-29,14.091,14.25,272.25
ocotepeque,2025-12-29,23.103,14.25,270.75
copan,2025-12-29,17.689,14.75,271.25
comayagua,2025-12-30,16.732,14.25,272.25
ocotepeque,2025-12-30,23.714,14.25,270.75
copan,2025-12-30,17.32,14.75,271.25
comayagua,2025-12-31,15.485,14.25,272.25
ocotepeque,2025-12-31,21.937,14.25,270.75
copan,2025-12-31,15.866,14.75,271.25
comayagua,2026-01-01,14.332,14.25,272.25
ocotepeque,2026-01-01,15.568,14.25,270.75
copan,2026-01-01,15.352,14.75,271.25
comayagua,2026-01-02,16.507,14.25,272.25
ocotepeque,2026-01-02,21.155,14.25,270.75
copan,2026-01-02,16.369,14.75,271.25
comayagua,2026-01-03,11.547,14.25,272.25
ocotepeque,2026-01-03,22.2,14.25,270.75
copan,2026-01-03,15.41,14.75,271.25
comayagua,2026-01-04,11.13,14.25,272.25
ocotepeque,2026-01-04,22.23,14.25,270.75
copan,2026-01-04,13.932,14.75,271.25
comayagua,2026-01-05,14.412,14.25,272.25
ocotepeque,2026-01-05,21.476,14.25,270.75
copan,2026-01-05,16.969,14.75,271.25
comayagua,2026-01-06,21.563,14.25,272.25
ocotepeque,2026-01-06,21.774,14.25,270.75
copan,2026-01-06,22.242,14.75,271.25
comayagua,2026-01-07,13.715,14.25,272.25
ocotepeque,2026-01-07,12.702,14.25,270.75
copan,2026-01-07,16.431,14.75,271.25
comayagua,2026-01-08,12.757,14.25,272.25
ocotepeque,2026-01-08,22.102,14.25,270.75
copan,2026-01-08,16.867,14.75,271.25
comayagua,2026-01-09,13.849,14.25,272.25
ocotepeque,2026-01-09,18.047,14.25,270.75
copan,2026-01-09,18.729,14.75,271.25
comayagua,2026-01-10,15.615,14.25,272.25
ocotepeque,2026-01-10,23.291,14.25,270.75
copan,2026-01-10,16.648,14.75,271.25
comayagua,2026-01-11,16.299,14.25,272.25
ocotepeque,2026-01-11,23.266,14.25,270.75
copan,2026-01-11,17.703,14.75,271.25
comayagua,2026-01-12,15.468,14.25,272.25
ocotepeque,2026-01-12,21.946,14.25,270.75
copan,2026-01-12,15.606,14.75,271.25
comayagua,2026-01-13,15.014,14.25,272.25
ocotepeque,2026-01-13,20.073,14.25,270.75
copan,2026-01-13,15.402,14.75,271.25
comayagua,2026-01-14,14.216,14.25,272.25
ocotepeque,2026-01-14,21.271,14.25,270.75
copan,2026-01-14,15.915,14.75,271.25
comayagua,2026-01-15,15.555,14.25,272.25
ocotepeque,2026-01-15,21.847,14.25,270.75
copan,2026-01-15,15.659,14.75,271.25
comayagua,2026-01-16,15.837,14.25,272.25
ocotepeque,2026-01-16,23.593,14.25,270.75
copan,2026-01-16,17.839,14.75,271.25
comayagua,2026-01-17,15.534,14.25,272.25
ocotepeque,2026-01-17,21.557,14.25,270.75
copan,2026-01-17,15.586,14.75,271.25
comayagua,2026-01-18,16.898,14.25,272.25
ocotepeque,2026-01-18,22.576,14.25,270.75
copan,2026-01-18,17.749,14.75,271.25
comayagua,2026-01-19,16.841,14.25,272.25
ocotepeque,2026-01-19,22.285,14.25,270.75
copan,2026-01-19,15.283,14.75,271.25
comayagua,2026-01-20,16.244,14.25,272.25
ocotepeque,2026-01-20,20.955,14.25,270.75
copan,2026-01-20,14.362,14.75,271.25
comayagua,2026-01-21,16.488,14.25,272.25
ocotepeque,2026-01-21,24.515,14.25,270.75
copan,2026-01-21,14.806,14.75,271.25
comayagua,2026-01-22,17.346,14.25,272.25
ocotepeque,2026-01-22,23.365,14.25,270.75
copan,2026-01-22,17.148,14.75,271.25
comayagua,2026-01-23,18.642,14.25,272.25
ocotepeque,2026-01-23,22.191,14.25,270.75
copan,2026-01-23,17.904,14.75,271.25
comayagua,2026-01-24,15.231,14.25,272.25
ocotepeque,2026-01-24,15.621,14.25,270.75
copan,2026-01-24,14.91,14.75,271.25
comayagua,2026-01-25,12.557,14.25,272.25
ocotepeque,2026-01-25,23.253,14.25,270.75
copan,2026-01-25,16.316,14.75,271.25
comayagua,2026-01-26,12.161,14.25,272.25
ocotepeque,2026-01-26,23.35,14.25,270.75
copan,2026-01-26,18.746,14.75,271.25
comayagua,2026-01-27,20.076,14.25,272.25
ocotepeque,2026-01-27,24.355,14.25,270.75
copan,2026-01-27,17.545,14.75,271.25
comayagua,2026-01-28,15.958,14.25,272.25
ocotepeque,2026-01-28,23.36,14.25,270.75
copan,2026-01-28,14.185,14.75,271.25
comayagua,2026-01-29,15.64,14.25,272.25
ocotepeque,2026-01-29,20.327,14.25,270.75
copan,2026-01-29,13.876,14.75,271.25
comayagua,2026-01-30,14.204,14.25,272.25
ocotepeque,2026-01-30,21.215,14.25,270.75
copan,2026-01-30,15.457,14.75,271.25
comayagua,2026-01-31,15.207,14.25,272.25
ocotepeque,2026-01-31,21.808,14.25,270.75
copan,2026-01-31,16.34,14.75,271.25
comayagua,2026-02-01,13.087,14.25,272.25
ocotepeque,2026-02-01,13.227,14.25,270.75
copan,2026-02-01,12.334,14.75,271.25
comayagua,2026-02-02,10.937,14.25,272.25
ocotepeque,2026-02-02,16.511,14.25,270.75
copan,2026-02-02,10.098,14.75,271.25
comayagua,2026-02-03,12.339,14.25,272.25
ocotepeque,2026-02-03,17.823,14.25,270.75
copan,2026-02-03,12.05,14.75,271.25
comayagua,2026-02-04,15.257,14.25,272.25
ocotepeque,2026-02-04,19.932,14.25,270.75
copan,2026-02-04,19.048,14.75,271.25
comayagua,2026-02-05,16.344,14.25,272.25
ocotepeque,2026-02-05,24.269,14.25,270.75
copan,2026-02-05,14.712,14.75,271.25
comayagua,2026-02-06,15.105,14.25,272.25
ocotepeque,2026-02-06,20.435,14.25,270.75
copan,2026-02-06,14.809,14.75,271.25
comayagua,2026-02-07,11.966,14.25,272.25
ocotepeque,2026-02-07,19.628,14.25,270.75
copan,2026-02-07,14.147,14.75,271.25
comayagua,2026-02-08,11.795,14.25,272.25
ocotepeque,2026-02-08,19.746,14.25,270.75
copan,2026-02-08,13.656,14.75,271.25
comayagua,2026-02-09,14.245,14.25,272.25
ocotepeque,2026-02-09,19.773,14.25,270.75
copan,2026-02-09,14.426,14.75,271.25
comayagua,2026-02-10,14.586,14.25,272.25
ocotepeque,2026-02-10,20.462,14.25,270.75
copan,2026-02-10,15.187,14.75,271.25
comayagua,2026-02-11,14.621,14.25,272.25
ocotepeque,2026-02-11,21.546,14.25,270.75
copan,2026-02-11,16.989,14.75,271.25
comayagua,2026-02-12,15.729,14.25,272.25
ocotepeque,2026-02-12,22.757,14.25,270.75
copan,2026-02-12,18.545,14.75,271.25
comayagua,2026-02-13,17.722,14.25,272.25
ocotepeque,2026-02-13,23.373,14.25,270.75
copan,2026-02-13,18.533,14.75,271.25
comayagua,2026-02-14,10.357,14.25,272.25
ocotepeque,2026-02-14,21.632,14.25,270.75
copan,2026-02-14,13.518,14.75,271.25
comayagua,2026-02-15,8.631,14.25,272.25
ocotepeque,2026-02-15,21.651,14.25,270.75
copan,2026-02-15,13.4,14.75,271.25
comayagua,2026-02-16,17.405,14.25,272.25
ocotepeque,2026-02-16,19.293,14.25,270.75
copan,2026-02-16,18.741,14.75,271.25
comayagua,2026-02-17,17.041,14.25,272.25
ocotepeque,2026-02-17,23.573,14.25,270.75
copan,2026-02-17,20.002,14.75,271.25
comayagua,2026-02-18,15.006,14.25,272.25
ocotepeque,2026-02-18,23.322,14.25,270.75
copan,2026-02-18,18.936,14.75,271.25
comayagua,2026-02-19,14.051,14.25,272.25
ocotepeque,2026-02-19,23.586,14.25,270.75
copan,2026-02-19,20.003,14.75,271.25
comayagua,2026-02-20,12.881,14.25,272.25
ocotepeque,2026-02-20,26.453,14.25,270.75
copan,2026-02-20,20.669,14.75,271.25
comayagua,2026-02-21,12.846,14.25,272.25
ocotepeque,2026-02-21,20.519,14.25,270.75
copan,2026-02-21,14.993,14.75,271.25
comayagua,2026-02-22,17.904,14.25,272.25
ocotepeque,2026-02-22,25.875,14.25,270.75
copan,2026-02-22,20.885,14.75,271.25
comayagua,2026-02-23,17.611,14.25,272.25
ocotepeque,2026-02-23,23.477,14.25,270.75
copan,2026-02-23,16.439,14.75,271.25
comayagua,2026-02-24,13.753,14.25,272.25
ocotepeque,2026-02-24,19.052,14.25,270.75
copan,2026-02-24,11.959,14.75,271.25
comayagua,2026-02-25,13.484,14.25,272.25
ocotepeque,2026-02-25,19.955,14.25,270.75
copan,2026-02-25,14.475,14.75,271.25
comayagua,2026-02-26,11.175,14.25,272.25
ocotepeque,2026-02-26,16.538,14.25,270.75
copan,2026-02-26,14.495,14.75,271.25
comayagua,2026-02-27,13.018,14.25,272.25
ocotepeque,2026-02-27,24.295,14.25,270.75
copan,2026-02-27,20.631,14.75,271.25
comayagua,2026-02-28,15.444,14.25,272.25
ocotepeque,2026-02-28,25.028,14.25,270.75
copan,2026-02-28,17.575,14.75,271.25
comayagua,2026-03-01,15.686,14.25,272.25
ocotepeque,2026-03-01,25.538,14.25,270.75
copan,2026-03-01,17.334,14.75,271.25
comayagua,2026-03-02,17.137,14.25,272.25
ocotepeque,2026-03-02,24.313,14.25,270.75
copan,2026-03-02,19.006,14.75,271.25
comayagua,2026-03-03,17.364,14.25,272.25
ocotepeque,2026-03-03,24.925,14.25,270.75
copan,2026-03-03,20.22,14.75,271.25
comayagua,2026-03-04,17.282,14.25,272.25
ocotepeque,2026-03-04,24.692,14.25,270.75
copan,2026-03-04,20.386,14.75,271.25
comayagua,2026-03-05,16.683,14.25,272.25
ocotepeque,2026-03-05,25.93,14.25,270.75
copan,2026-03-05,20.337,14.75,271.25
comayagua,2026-03-06,17.441,14.25,272.25
ocotepeque,2026-03-06,25.489,14.25,270.75
copan,2026-03-06,20.895,14.75,271.25
comayagua,2026-03-07,16.168,14.25,272.25
ocotepeque,2026-03-07,26.975,14.25,270.75
copan,2026-03-07,16.94,14.75,271.25
comayagua,2026-03-08,17.212,14.25,272.25
ocotepeque,2026-03-08,24.706,14.25,270.75
copan,2026-03-08,17.912,14.75,271.25
comayagua,2026-03-09,17.884,14.25,272.25
ocotepeque,2026-03-09,24.713,14.25,270.75
copan,2026-03-09,20.125,14.75,271.25
comayagua,2026-03-10,18.476,14.25,272.25
ocotepeque,2026-03-10,25.658,14.25,270.75
copan,2026-03-10,20.146,14.75,271.25
comayagua,2026-03-11,17.34,14.25,272.25
ocotepeque,2026-03-11,25.275,14.25,270.75
copan,2026-03-11,21.244,14.75,271.25
comayagua,2026-03-12,17.461,14.25,272.25
ocotepeque,2026-03-12,25.18,14.25,270.75
copan,2026-03-12,21.235,14.75,271.25
comayagua,2026-03-13,17.762,14.25,272.25
ocotepeque,2026-03-13,25.964,14.25,270.75
copan,2026-03-13,20.475,14.75,271.25
comayagua,2026-03-14,16.976,14.25,272.25
ocotepeque,2026-03-14,25.049,14.25,270.75
copan,2026-03-14,18.554,14.75,271.25
comayagua,2026-03-15,17.559,14.25,272.25
ocotepeque,2026-03-15,25.835,14.25,270.75
copan,2026-03-15,20.549,14.75,271.25
comayagua,2026-03-16,15.363,14.25,272.25
ocotepeque,2026-03-16,19.922,14.25,270.75
copan,2026-03-16,21.726,14.75,271.25
comayagua,2026-03-17,16.681,14.25,272.25
ocotepeque,2026-03-17,23.614,14.25,270.75
copan,2026-03-17,19.593,14.75,271.25
comayagua,2026-03-18,16.453,14.25,272.25
ocotepeque,2026-03-18,23.702,14.25,270.75
copan,2026-03-18,17.2,14.75,271.25
comayagua,2026-03-19,17.282,14.25,272.25
ocotepeque,2026-03-19,24.069,14.25,270.75
copan,2026-03-19,17.104,14.75,271.25
comayagua,2026-03-20,15.615,14.25,272.25
ocotepeque,2026-03-20,22.865,14.25,270.75
copan,2026-03-20,15.543,14.75,271.25
comayagua,2026-03-21,14.138,14.25,272.25
ocotepeque,2026-03-21,22.835,14.25,270.75
copan,2026-03-21,16.117,14.75,271.25
comayagua,2026-03-22,13.651,14.25,272.25
ocotepeque,2026-03-22,23.34,14.25,270.75
copan,2026-03-22,14.807,14.75,271.25
comayagua,2026-03-23,14.89,14.25,272.25
ocotepeque,2026-03-23,24.492,14.25,270.75
copan,2026-03-23,15.735,14.75,271.25
comayagua,2026-03-24,13.867,14.25,272.25
ocotepeque,2026-03-24,23.28,14.25,270.75
copan,2026-03-24,17.438,14.75,271.25
comayagua,2026-03-25,15.83,14.25,272.25
ocotepeque,2026-03-25,24.036,14.25,270.75
copan,2026-03-25,19.264,14.75,271.25
comayagua,2026-03-26,15.741,14.25,272.25
ocotepeque,2026-03-26,20.369,14.25,270.75
copan,2026-03-26,21.435,14.75,271.25
comayagua,2026-03-27,17.673,14.25,272.25
ocotepeque,2026-03-27,18.337,14.25,270.75
copan,2026-03-27,17.717,14.75,271.25
comayagua,2026-03-28,16.647,14.25,272.25
ocotepeque,2026-03-28,17.332,14.25,270.75
copan,2026-03-28,16.216,14.75,271.25
comayagua,2026-03-29,14.721,14.25,272.25
ocotepeque,2026-03-29,14.745,14.25,270.75
copan,2026-03-29,13.779,14.75,271.25
comayagua,2026-03-30,16.252,14.25,272.25
ocotepeque,2026-03-30,18.983,14.25,270.75
copan,2026-03-30,18.87,14.75,271.25
comayagua,2026-03-31,17.98,14.25,272.25
ocotepeque,2026-03-31,19.41,14.25,270.75
copan,2026-03-31,19.412,14.75,271.25
comayagua,2026-04-01,17.597,14.25,272.25
ocotepeque,2026-04-01,20.386,14.25,270.75
copan,2026-04-01,20.584,14.75,271.25
comayagua,2026-04-02,15.315,14.25,272.25
ocotepeque,2026-04-02,15.934,14.25,270.75
copan,2026-04-02,15.213,14.75,271.25
comayagua,2026-04-03,14.835,14.25,272.25
ocotepeque,2026-04-03,18.604,14.25,270.75
copan,2026-04-03,19.1,14.75,271.25
comayagua,2026-04-04,17.489,14.25,272.25
ocotepeque,2026-04-04,18.858,14.25,270.75
copan,2026-04-04,17.691,14.75,271.25
comayagua,2026-04-05,16.808,14.25,272.25
ocotepeque,2026-04-05,17.042,14.25,270.75
copan,2026-04-05,16.389,14.75,271.25
comayagua,2026-04-06,16.726,14.25,272.25
ocotepeque,2026-04-06,20.388,14.25,270.75
copan,2026-04-06,20.597,14.75,271.25
comayagua,2026-04-07,16.734,14.25,272.25
ocotepeque,2026-04-07,19.719,14.25,270.75
copan,2026-04-07,20.761,14.75,271.25
comayagua,2026-04-08,16.74,14.25,272.25
ocotepeque,2026-04-08,19.567,14.25,270.75
copan,2026-04-08,20.032,14.75,271.25
comayagua,2026-04-09,17.637,14.25,272.25
ocotepeque,2026-04-09,20.698,14.25,270.75
copan,2026-04-09,21.054,14.75,271.25
comayagua,2026-04-10,17.667,14.25,272.25
ocotepeque,2026-04-10,20.867,14.25,270.75
copan,2026-04-10,21.088,14.75,271.25
comayagua,2026-04-11,18.182,14.25,272.25
ocotepeque,2026-04-11,18.74,14.25,270.75
copan,2026-04-11,17.641,14.75,271.25
comayagua,2026-04-12,17.977,14.25,272.25
ocotepeque,2026-04-12,17.575,14.25,270.75
copan,2026-04-12,16.472,14.75,271.25
comayagua,2026-04-13,17.665,14.25,272.25
ocotepeque,2026-04-13,22.549,14.25,270.75
copan,2026-04-13,23.773,14.75,271.25
comayagua,2026-04-14,15.205,14.25,272.25
ocotepeque,2026-04-14,19.252,14.25,270.75
copan,2026-04-14,19.928,14.75,271.25
comayagua,2026-04-15,16.379,14.25,272.25
ocotepeque,2026-04-15,19.538,14.25,270.75
copan,2026-04-15,19.999,14.75,271.25
comayagua,2026-04-16,15.084,14.25,272.25
ocotepeque,2026-04-16,18.064,14.25,270.75
copan,2026-04-16,18.878,14.75,271.25
comayagua,2026-04-17,15.983,14.25,272.25
ocotepeque,2026-04-17,16.792,14.25,270.75
copan,2026-04-17,15.949,14.75,271.25
comayagua,2026-04-18,15.687,14.25,272.25
ocotepeque,2026-04-18,14.654,14.25,270.75
copan,2026-04-18,14.246,14.75,271.25
comayagua,2026-04-19,17.186,14.25,272.25
ocotepeque,2026-04-19,18.149,14.25,270.75
copan,2026-04-19,17.488,14.75,271.25
comayagua,2026-04-20,18.457,14.25,272.25
ocotepeque,2026-04-20,20.937,14.25,270.75
copan,2026-04-20,21.168,14.75,271.25
comayagua,2026-04-21,20.733,14.25,272.25
ocotepeque,2026-04-21,21.24,14.25,270.75
copan,2026-04-21,21.224,14.75,271.25
comayagua,2026-04-22,17.402,14.25,272.25
ocotepeque,2026-04-22,20.265,14.25,270.75
copan,2026-04-22,20.287,14.75,271.25
comayagua,2026-04-23,16.87,14.25,272.25
ocotepeque,2026-04-23,20.104,14.25,270.75
copan,2026-04-23,21.183,14.75,271.25
comayagua,2026-04-24,16.497,14.25,272.25
ocotepeque,2026-04-24,20.881,14.25,270.75
copan,2026-04-24,21.826,14.75,271.25
comayagua,2026-04-25,15.385,14.25,272.25
ocotepeque,2026-04-25,12.713,14.25,270.75
copan,2026-04-25,10.338,14.75,271.25
comayagua,2026-04-26,17.41,14.25,272.25
ocotepeque,2026-04-26,17.745,14.25,270.75
copan,2026-04-26,16.707,14.75,271.25
comayagua,2026-04-27,19.418,14.25,272.25
ocotepeque,2026-04-27,24.095,14.25,270.75
copan,2026-04-27,23.783,14.75,271.25
comayagua,2026-04-28,16.291,14.25,272.25
ocotepeque,2026-04-28,21.094,14.25,270.75
copan,2026-04-28,22.72,14.75,271.25
comayagua,2026-04-29,20.509,14.25,272.25
ocotepeque,2026-04-29,20.626,14.25,270.75
copan,2026-04-29,21.077,14.75,271.25
comayagua,2026-04-30,16.931,14.25,272.25
ocotepeque,2026-04-30,19.97,14.25,270.75
copan,2026-04-30,20.89,14.75,271.25
comayagua,2026-05-01,17.663,14.25,272.25
ocotepeque,2026-05-01,20.696,14.25,270.75
copan,2026-05-01,22.114,14.75,271.25
comayagua,2026-05-02,25.123,14.25,272.25
ocotepeque,2026-05-02,23.046,14.25,270.75
copan,2026-05-02,21.958,14.75,271.25
comayagua,2026-05-03,18.037,14.25,272.25
ocotepeque,2026-05-03,18.286,14.25,270.75
copan,2026-05-03,18.005,14.75,271.25
comayagua,2026-05-04,19.481,14.25,272.25
ocotepeque,2026-05-04,21.877,14.25,270.75
copan,2026-05-04,22.517,14.75,271.25
comayagua,2026-05-05,17.736,14.25,272.25
ocotepeque,2026-05-05,21.511,14.25,270.75
copan,2026-05-05,22.931,14.75,271.25
comayagua,2026-05-06,18.904,14.25,272.25
ocotepeque,2026-05-06,21.451,14.25,270.75
copan,2026-05-06,20.51,14.75,271.25
comayagua,2026-05-07,18.591,14.25,272.25
ocotepeque,2026-05-07,22.379,14.25,270.75
copan,2026-05-07,23.855,14.75,271.25
comayagua,2026-05-08,17.75,14.25,272.25
ocotepeque,2026-05-08,22.272,14.25,270.75
copan,2026-05-08,24.11,14.75,271.25
comayagua,2026-05-09,18.254,14.25,272.25
ocotepeque,2026-05-09,18.667,14.25,270.75
copan,2026-05-09,18.333,14.75,271.25
comayagua,2026-05-10,17.227,14.25,272.25
ocotepeque,2026-05-10,16.263,14.25,270.75
copan,2026-05-10,16.292,14.75,271.25
comayagua,2026-05-11,17.873,14.25,272.25
ocotepeque,2026-05-11,21.252,14.25,270.75
copan,2026-05-11,22.85,14.75,271.25
comayagua,2026-05-12,17.413,14.25,272.25
ocotepeque,2026-05-12,21.387,14.25,270.75
copan,2026-05-12,22.899,14.75,271.25
comayagua,2026-05-13,19.499,14.25,272.25
ocotepeque,2026-05-13,22.316,14.25,270.75
copan,2026-05-13,22.451,14.75,271.25
comayagua,2026-05-14,14.761,14.25,272.25
ocotepeque,2026-05-14,19.201,14.25,270.75
copan,2026-05-14,21.471,14.75,271.25
comayagua,2026-05-15,15.199,14.25,272.25
ocotepeque,2026-05-15,18.616,14.25,270.75
copan,2026-05-15,20.602,14.75,271.25
comayagua,2026-05-16,16.723,14.25,272.25
ocotepeque,2026-05-16,15.094,14.25,270.75
copan,2026-05-16,15.047,14.75,271.25
comayagua,2026-05-17,18.196,14.25,272.25
ocotepeque,2026-05-17,17.653,14.25,270.75
copan,2026-05-17,17.42,14.75,271.25
comayagua,2026-05-18,17.755,14.25,272.25
ocotepeque,2026-05-18,21.732,14.25,270.75
copan,2026-05-18,23.366,14.75,271.25
comayagua,2026-05-19,19.1,14.25,272.25
ocotepeque,2026-05-19,25.154,14.25,270.75
copan,2026-05-19,28.624,14.75,271.25
comayagua,2026-05-20,18.746,14.25,272.25
ocotepeque,2026-05-20,21.566,14.25,270.75
copan,2026-05-20,23.056,14.75,271.25
comayagua,2026-05-21,18.233,14.25,272.25
ocotepeque,2026-05-21,21.166,14.25,270.75
copan,2026-05-21,22.817,14.75,271.25
comayagua,2026-05-22,17.589,14.25,272.25
ocotepeque,2026-05-22,21.989,14.25,270.75
copan,2026-05-22,23.217,14.75,271.25
comayagua,2026-05-23,19.111,14.25,272.25
ocotepeque,2026-05-23,21.273,14.25,270.75
copan,2026-05-23,20.049,14.75,271.25
comayagua,2026-05-24,18.794,14.25,272.25
ocotepeque,2026-05-24,19.841,14.25,270.75
copan,2026-05-24,19.367,14.75,271.25
comayagua,2026-05-25,20.08,14.25,272.25
ocotepeque,2026-05-25,20.148,14.25,270.75
copan,2026-05-25,19.778,14.75,271.25
comayagua,2026-05-26,19.252,14.25,272.25
ocotepeque,2026-05-26,21.66,14.25,270.75
copan,2026-05-26,22.961,14.75,271.25
comayagua,2026-05-27,16.932,14.25,272.25
ocotepeque,2026-05-27,19.487,14.25,270.75
copan,2026-05-27,20.132,14.75,271.25
comayagua,2026-05-28,18.179,14.25,272.25
ocotepeque,2026-05-28,20.705,14.25,270.75
copan,2026-05-28,21.317,14.75,271.25
comayagua,2026-05-29,18.2,14.25,272.25
ocotepeque,2026-05-29,20.756,14.25,270.75
copan,2026-05-29,21.598,14.75,271.25
comayagua,2026-05-30,17.831,14.25,272.25
ocotepeque,2026-05-30,18.192,14.25,270.75
copan,2026-05-30,17.861,14.75,271.25
comayagua,2026-05-31,17.337,14.25,272.25
ocotepeque,2026-05-31,17.59,14.25,270.75
copan,2026-05-31,17.453,14.75,271.25
comayagua,2026-06-01,18.551,14.25,272.25
ocotepeque,2026-06-01,20.767,14.25,270.75
copan,2026-06-01,22.269,14.75,271.25
comayagua,2026-06-02,18.483,14.25,272.25
ocotepeque,2026-06-02,20.238,14.25,270.75
copan,2026-06-02,20.771,14.75,271.25
comayagua,2026-06-03,19.021,14.25,272.25
ocotepeque,2026-06-03,21.119,14.25,270.75
copan,2026-06-03,22.487,14.75,271.25
comayagua,2026-06-04,19.371,14.25,272.25
ocotepeque,2026-06-04,21.252,14.25,270.75
copan,2026-06-04,22.407,14.75,271.25
comayagua,2026-06-05,17.684,14.25,272.25
ocotepeque,2026-06-05,20.648,14.25,270.75
copan,2026-06-05,22.349,14.75,271.25
comayagua,2026-06-06,17.822,14.25,272.25
ocotepeque,2026-06-06,17.92,14.25,270.75
copan,2026-06-06,18.369,14.75,271.25
comayagua,2026-06-07,19.14,14.25,272.25
ocotepeque,2026-06-07,18.867,14.25,270.75
copan,2026-06-07,19.174,14.75,271.25
comayagua,2026-06-08,18.809,14.25,272.25
ocotepeque,2026-06-08,20.099,14.25,270.75
copan,2026-06-08,20.668,14.75,271.25
comayagua,2026-06-09,17.382,14.25,272.25
ocotepeque,2026-06-09,17.554,14.25,270.75
copan,2026-06-09,17.974,14.75,271.25
comayagua,2026-06-10,18.441,14.25,272.25
ocotepeque,2026-06-10,20.601,14.25,270.75
copan,2026-06-10,21.38,14.75,271.25
comayagua,2026-06-11,18.489,14.25,272.25
ocotepeque,2026-06-11,20.147,14.25,270.75
copan,2026-06-11,20.962,14.75,271.25
comayagua,2026-06-12,17.768,14.25,272.25
ocotepeque,2026-06-12,20.364,14.25,270.75
copan,2026-06-12,21.853,14.75,271.25
comayagua,2026-06-13,16.808,14.25,272.25
ocotepeque,2026-06-13,17.025,14.25,270.75
copan,2026-06-13,17.658,14.75,271.25
comayagua,2026-06-14,19.023,14.25,272.25
ocotepeque,2026-06-14,17.946,14.25,270.75
copan,2026-06-14,18.387,14.75,271.25
comayagua,2026-06-15,18.667,14.25,272.25
ocotepeque,2026-06-15,21.3,14.25,270.75
copan,2026-06-15,22.234,14.75,271.25
comayagua,2026-06-16,18.23,14.25,272.25
ocotepeque,2026-06-16,21.593,14.25,270.75
copan,2026-06-16,23.198,14.75,271.25
comayagua,2026-06-17,16.896,14.25,272.25
ocotepeque,2026-06-17,20.127,14.25,270.75
copan,2026-06-17,21.758,14.75,271.25
comayagua,2026-06-18,16.049,14.25,272.25
ocotepeque,2026-06-18,20.13,14.25,270.75
copan,2026-06-18,22.712,14.75,271.25
comayagua,2026-06-19,16.523,14.25,272.25
ocotepeque,2026-06-19,23.016,14.25,270.75
copan,2026-06-19,26.74,14.75,271.25
comayagua,2026-06-20,16.607,14.25,272.25
ocotepeque,2026-06-20,16.757,14.25,270.75
copan,2026-06-20,17.205,14.75,271.25
comayagua,2026-06-21,15.513,14.25,272.25
ocotepeque,2026-06-21,15.529,14.25,270.75
copan,2026-06-21,15.959,14.75,271.25
comayagua,2026-06-22,17.634,14.25,272.25
ocotepeque,2026-06-22,19.712,14.25,270.75
copan,2026-06-22,20.954,14.75,271.25
comayagua,2026-06-23,18.772,14.25,272.25
ocotepeque,2026-06-23,20.487,14.25,270.75
copan,2026-06-23,21.592,14.75,271.25
comayagua,2026-06-24,18.948,14.25,272.25
ocotepeque,2026-06-24,20.368,14.25,270.75
copan,2026-06-24,21.421,14.75,271.25
comayagua,2026-06-25,17.17,14.25,272.25
ocotepeque,2026-06-25,20.056,14.25,270.75
copan,2026-06-25,21.475,14.75,271.25
comayagua,2026-06-26,18.908,14.25,272.25
ocotepeque,2026-06-26,21.23,14.25,270.75
copan,2026-06-26,22.518,14.75,271.25
comayagua,2026-06-27,18.71,14.25,272.25
ocotepeque,2026-06-27,18.12,14.25,270.75
copan,2026-06-27,18.244,14.75,271.25
comayagua,2026-06-28,23.56,14.25,272.25
ocotepeque,2026-06-28,21.984,14.25,270.75
copan,2026-06-28,21.615,14.75,271.25
comayagua,2026-06-29,18.753,14.25,272.25
ocotepeque,2026-06-29,20.359,14.25,270.75
copan,2026-06-29,21.422,14.75,271.25
comayagua,2026-06-30,20.153,14.25,272.25
ocotepeque,2026-06-30,22.26,14.25,270.75
copan,2026-06-30,22.703,14.75,271.25
comayagua,2026-07-01,20.679,14.25,272.25
ocotepeque,2026-07-01,22.311,14.25,270.75
copan,2026-07-01,23.114,14.75,271.25
comayagua,2026-07-02,18.776,14.25,272.25
ocotepeque,2026-07-02,20.915,14.25,270.75
copan,2026-07-02,21.979,14.75,271.25
comayagua,2026-07-03,19.198,14.25,272.25
ocotepeque,2026-07-03,20.93,14.25,270.75
copan,2026-07-03,22.108,14.75,271.25
comayagua,2026-07-04,18.439,14.25,272.25
ocotepeque,2026-07-04,18.824,14.25,270.75
copan,2026-07-04,18.883,14.75,271.25
comayagua,2026-07-05,18.118,14.25,272.25
ocotepeque,2026-07-05,17.839,14.25,270.75
copan,2026-07-05,18.177,14.75,271.25
comayagua,2026-07-06,17.933,14.25,272.25
ocotepeque,2026-07-06,19.58,14.25,270.75
copan,2026-07-06,20.476,14.75,271.25
comayagua,2026-07-07,18.298,14.25,272.25
ocotepeque,2026-07-07,19.719,14.25,270.75
copan,2026-07-07,20.5,14.75,271.25
comayagua,2026-07-08,19.501,14.25,272.25
ocotepeque,2026-07-08,21.583,14.25,270.75
copan,2026-07-08,22.532,14.75,271.25
comayagua,2026-07-09,19.872,14.25,272.25
ocotepeque,2026-07-09,21.659,14.25,270.75
copan,2026-07-09,22.634,14.75,271.25
comayagua,2026-07-10,20.875,14.25,272.25
ocotepeque,2026-07-10,22.552,14.25,270.75
copan,2026-07-10,22.945,14.75,271.25
comayagua,2026-07-11,17.955,14.25,272.25
ocotepeque,2026-07-11,17.595,14.25,270.75
copan,2026-07-11,17.796,14.75,271.25
comayagua,2026-07-12,23.979,14.25,272.25
ocotepeque,2026-07-12,22.363,14.25,270.75
copan,2026-07-12,21.924,14.75,271.25
comayagua,2026-07-13,19.084,14.25,272.25
ocotepeque,2026-07-13,20.753,14.25,270.75
copan,2026-07-13,21.633,14.75,271.25
comayagua,2026-07-14,18.121,14.25,272.25
ocotepeque,2026-07-14,19.458,14.25,270.75
copan,2026-07-14,20.364,14.75,271.25
comayagua,2026-07-15,18.903,14.25,272.25
ocotepeque,2026-07-15,19.419,14.25,270.75
copan,2026-07-15,20.135,14.75,271.25
comayagua,2026-07-16,18.171,14.25,272.25
ocotepeque,2026-07-16,20.589,14.25,270.75
copan,2026-07-16,21.844,14.75,271.25
comayagua,2026-07-17,18.361,14.25,272.25
ocotepeque,2026-07-17,20.069,14.25,270.75
copan,2026-07-17,21.196,14.75,271.25
comayagua,2026-07-18,18.83,14.25,272.25
ocotepeque,2026-07-18,18.269,14.25,270.75
copan,2026-07-18,18.212,14.75,271.25
comayagua,2026-07-19,21.876,14.25,272.25
ocotepeque,2026-07-19,21.05,14.25,270.75
copan,2026-07-19,20.51,14.75,271.25
comayagua,2026-07-20,18.298,14.25,272.25
ocotepeque,2026-07-20,20.385,14.25,270.75
copan,2026-07-20,21.525,14.75,271.25
comayagua,2026-07-21,17.091,14.25,272.25
ocotepeque,2026-07-21,18.883,14.25,270.75
copan,2026-07-21,20.231,14.75,271.25
comayagua,2026-07-22,19.172,14.25,272.25
ocotepeque,2026-07-22,20.719,14.25,270.75
copan,2026-07-22,21.722,14.75,271.25
comayagua,2026-07-23,19.653,14.25,272.25
ocotepeque,2026-07-23,21.935,14.25,270.75
copan,2026-07-23,22.171,14.75,271.25
comayagua,2026-07-24,17.784,14.25,272.25
ocotepeque,2026-07-24,20.884,14.25,270.75
copan,2026-07-24,21.425,14.75,271.25
comayagua,2026-07-25,17.37,14.25,272.25
ocotepeque,2026-07-25,16.483,14.25,270.75
copan,2026-07-25,16.778,14.75,271.25
comayagua,2026-07-26,17.574,14.25,272.25
ocotepeque,2026-07-26,17.01,14.25,270.75
copan,2026-07-26,17.119,14.75,271.25
comayagua,2026-07-27,17.371,14.25,272.25
ocotepeque,2026-07-27,20.13,14.25,270.75
copan,2026-07-27,21.874,14.75,271.25
comayagua,2026-07-28,17.309,14.25,272.25
ocotepeque,2026-07-28,20.057,14.25,270.75
copan,2026-07-28,21.564,14.75,271.25
comayagua,2026-07-29,16.341,14.25,272.25
ocotepeque,2026-07-29,19.584,14.25,270.75
copan,2026-07-29,21.646,14.75,271.25
comayagua,2026-07-30,17.477,14.25,272.25
ocotepeque,2026-07-30,16.64,14.25,270.75
copan,2026-07-30,17.099,14.75,271.25
comayagua,2026-07-31,19.427,14.25,272.25
ocotepeque,2026-07-31,21.554,14.25,270.75
copan,2026-07-31,22.877,14.75,271.25
comayagua,2026-08-01,18.928,14.25,272.25
ocotepeque,2026-08-01,18.061,14.25,270.75
copan,2026-08-01,18.67,14.75,271.25
comayagua,2026-08-02,17.601,14.25,272.25
ocotepeque,2026-08-02,16.941,14.25,270.75
copan,2026-08-02,17.562,14.75,271.25
comayagua,2026-08-03,17.663,14.25,272.25
ocotepeque,2026-08-03,20.26,14.25,270.75
copan,2026-08-03,21.808,14.75,271.25
comayagua,2026-08-04,18.963,14.25,272.25
ocotepeque,2026-08-04,21.369,14.25,270.75
copan,2026-08-04,23.073,14.75,271.25
comayagua,2026-08-05,18.791,14.25,272.25
ocotepeque,2026-08-05,21.075,14.25,270.75
copan,2026-08-05,22.433,14.75,271.25
comayagua,2026-08-06,17.861,14.25,272.25
ocotepeque,2026-08-06,20.147,14.25,270.75
copan,2026-08-06,21.622,14.75,271.25
comayagua,2026-08-07,19.86,14.25,272.25
ocotepeque,2026-08-07,18.669,14.25,270.75
copan,2026-08-07,18.654,14.75,271.25
comayagua,2026-08-08,19.692,14.25,272.25
ocotepeque,2026-08-08,18.872,14.25,270.75
copan,2026-08-08,18.883,14.75,271.25
comayagua,2026-08-09,19.065,14.25,272.25
ocotepeque,2026-08-09,18.194,14.25,270.75
copan,2026-08-09,18.438,14.75,271.25
comayagua,2026-08-10,19.272,14.25,272.25
ocotepeque,2026-08-10,20.923,14.25,270.75
copan,2026-08-10,22.198,14.75,271.25
comayagua,2026-08-11,19.942,14.25,272.25
ocotepeque,2026-08-11,21.5,14.25,270.75
copan,2026-08-11,22.698,14.75,271.25
comayagua,2026-08-12,18.224,14.25,272.25
ocotepeque,2026-08-12,20.116,14.25,270.75
copan,2026-08-12,21.58,14.75,271.25
comayagua,2026-08-13,19.042,14.25,272.25
ocotepeque,2026-08-13,20.989,14.25,270.75
copan,2026-08-13,22.562,14.75,271.25
comayagua,2026-08-14,21.095,14.25,272.25
ocotepeque,2026-08-14,22.18,14.25,270.75
copan,2026-08-14,23.142,14.75,271.25
comayagua,2026-08-15,20.296,14.25,272.25
ocotepeque,2026-08-15,20.083,14.25,270.75
copan,2026-08-15,20.226,14.75,271.25
comayagua,2026-08-16,19.613,14.25,272.25
ocotepeque,2026-08-16,20.417,14.25,270.75
copan,2026-08-16,20.11,14.75,271.25
comayagua,2026-08-17,19.214,14.25,272.25
ocotepeque,2026-08-17,20.737,14.25,270.75
copan,2026-08-17,21.935,14.75,271.25
comayagua,2026-08-18,19.483,14.25,272.25
ocotepeque,2026-08-18,20.787,14.25,270.75
copan,2026-08-18,21.555,14.75,271.25
comayagua,2026-08-19,18.458,14.25,272.25
ocotepeque,2026-08-19,20.472,14.25,270.75
copan,2026-08-19,21.745,14.75,271.25
comayagua,2026-08-20,19.903,14.25,272.25
ocotepeque,2026-08-20,21.302,14.25,270.75
copan,2026-08-20,22.417,14.75,271.25
comayagua,2026-08-21,21.163,14.25,272.25
ocotepeque,2026-08-21,21.737,14.25,270.75
copan,2026-08-21,21.717,14.75,271.25
comayagua,2026-08-22,19.97,14.25,272.25
ocotepeque,2026-08-22,19.414,14.25,270.75
copan,2026-08-22,19.711,14.75,271.25
comayagua,2026-08-23,18.988,14.25,272.25
ocotepeque,2026-08-23,18.934,14.25,270.75
copan,2026-08-23,19.203,14.75,271.25
comayagua,2026-08-24,19.499,14.25,272.25
ocotepeque,2026-08-24,21.056,14.25,270.75
copan,2026-08-24,22.183,14.75,271.25
comayagua,2026-08-25,20.437,14.25,272.25
ocotepeque,2026-08-25,21.673,14.25,270.75
copan,2026-08-25,22.617,14.75,271.25
comayagua,2026-08-26,20.85,14.25,272.25
ocotepeque,2026-08-26,22.19,14.25,270.75
copan,2026-08-26,22.458,14.75,271.25
comayagua,2026-08-27,19.746,14.25,272.25
ocotepeque,2026-08-27,20.773,14.25,270.75
copan,2026-08-27,21.701,14.75,271.25
comayagua,2026-08-28,20.073,14.25,272.25
ocotepeque,2026-08-28,22.172,14.25,270.75
copan,2026-08-28,23.482,14.75,271.25
comayagua,2026-08-29,19.271,14.25,272.25
ocotepeque,2026-08-29,19.132,14.25,270.75
copan,2026-08-29,19.294,14.75,271.25
comayagua,2026-08-30,19.541,14.25,272.25
ocotepeque,2026-08-30,20.06,14.25,270.75
copan,2026-08-30,20.747,14.75,271.25
comayagua,2026-08-31,19.499,14.25,272.25
ocotepeque,2026-08-31,19.593,14.25,270.75
copan,2026-08-31,19.982,14.75,271.25
comayagua,2026-09-01,19.143,14.25,272.25
ocotepeque,2026-09-01,21.797,14.25,270.75
copan,2026-09-01,23.371,14.75,271.25
comayagua,2026-09-02,20.503,14.25,272.25
ocotepeque,2026-09-02,22.371,14.25,270.75
copan,2026-09-02,23.114,14.75,271.25
comayagua,2026-09-03,17.641,14.25,272.25
ocotepeque,2026-09-03,19.694,14.25,270.75
copan,2026-09-03,20.821,14.75,271.25
comayagua,2026-09-04,19.005,14.25,272.25
ocotepeque,2026-09-04,21.507,14.25,270.75
copan,2026-09-04,23.394,14.75,271.25
comayagua,2026-09-05,18.987,14.25,272.25
ocotepeque,2026-09-05,18.671,14.25,270.75
copan,2026-09-05,18.922,14.75,271.25
comayagua,2026-09-06,24.535,14.25,272.25
ocotepeque,2026-09-06,23.656,14.25,270.75
copan,2026-09-06,23.111,14.75,271.25
comayagua,2026-09-07,18.064,14.25,272.25
ocotepeque,2026-09-07,21.269,14.25,270.75
copan,2026-09-07,23.209,14.75,271.25
comayagua,2026-09-08,17.57,14.25,272.25
ocotepeque,2026-09-08,23.432,14.25,270.75
copan,2026-09-08,26.817,14.75,271.25
comayagua,2026-09-09,19.01,14.25,272.25
ocotepeque,2026-09-09,21.653,14.25,270.75
copan,2026-09-09,23.163,14.75,271.25
comayagua,2026-09-10,18.068,14.25,272.25
ocotepeque,2026-09-10,20.113,14.25,270.75
copan,2026-09-10,22.0,14.75,271.25
comayagua,2026-09-11,18.531,14.25,272.25
ocotepeque,2026-09-11,21.199,14.25,270.75
copan,2026-09-11,23.017,14.75,271.25
comayagua,2026-09-12,22.239,14.25,272.25
ocotepeque,2026-09-12,20.202,14.25,270.75
copan,2026-09-12,20.269,14.75,271.25
comayagua,2026-09-13,18.307,14.25,272.25
ocotepeque,2026-09-13,18.211,14.25,270.75
copan,2026-09-13,18.356,14.75,271.25
comayagua,2026-09-14,19.006,14.25,272.25
ocotepeque,2026-09-14,21.477,14.25,270.75
copan,2026-09-14,23.122,14.75,271.25
comayagua,2026-09-15,19.042,14.25,272.25
ocotepeque,2026-09-15,20.764,14.25,270.75
copan,2026-09-15,21.681,14.75,271.25
comayagua,2026-09-16,18.991,14.25,272.25
ocotepeque,2026-09-16,20.66,14.25,270.75
copan,2026-09-16,21.907,14.75,271.25
comayagua,2026-09-17,18.371,14.25,272.25
ocotepeque,2026-09-17,20.126,14.25,270.75
copan,2026-09-17,21.45,14.75,271.25
comayagua,2026-09-18,18.504,14.25,272.25
ocotepeque,2026-09-18,20.335,14.25,270.75
copan,2026-09-18,21.539,14.75,271.25
comayagua,2026-09-19,18.263,14.25,272.25
ocotepeque,2026-09-19,18.046,14.25,270.75
copan,2026-09-19,18.597,14.75,271.25
comayagua,2026-09-20,18.583,14.25,272.25
ocotepeque,2026-09-20,18.558,14.25,270.75
copan,2026-09-20,18.902,14.75,271.25
comayagua,2026-09-21,18.116,14.25,272.25
ocotepeque,2026-09-21,21.104,14.25,270.75
copan,2026-09-21,22.604,14.75,271.25
comayagua,2026-09-22,19.011,14.25,272.25
ocotepeque,2026-09-22,21.367,14.25,270.75
copan,2026-09-22,22.022,14.75,271.25
comayagua,2026-09-23,18.706,14.25,272.25
ocotepeque,2026-09-23,20.404,14.25,270.75
copan,2026-09-23,21.431,14.75,271.25
