dataset,entity,period,value,unit,source_org,source_title,source_url,quote,confidence,notes
balance_forecast_other,Marex,2026/27,10.5,million 60kg bags,Marex (quoted by ICO),ICO Coffee Market Report - August 2026 (published 10 Sep 2026),https://www.ico.org/documents/cy2025-26/cmr-0826-e.pdf,Marex projecting a global surplus of 10.5 million bags for crop year 2026/27.,medium,Private forecast quoted by ICO (Aug 2026). Read from ICO PDF/text mirrored at github.com/BMR-Com/coffee-analytics (@b7111c9).
balance_forecast_other,Rabobank,2026/27,8.64,million 60kg bags,Rabobank (quoted by ICO),ICO Coffee Market Report - February 2026 (PDF dated 12 Mar 2026),https://www.ico.org/documents/cy2025-26/cmr-0226-e.pdf,"Rabobank projects a 2026/27 surplus of around 8.64 million bags, following three consecutive years of supply deficits.",medium,Private forecast quoted by ICO (NOT an ICO forecast; some press summaries misattribute it to ICO). Reiterated per ICO March 2026 CMR (late March 2026). Read from ICO PDF/text mirrored at github.com/BMR-Com/coffee-analytics (@b7111c9).
balance_forecast_other,Rabobank,2026/27,8.9,million 60kg bags,Rabobank (quoted by ICO),ICO Coffee Market Report - August 2026 (published 10 Sep 2026),https://www.ico.org/documents/cy2025-26/cmr-0826-e.pdf,"Rabobank's quarterly outlook, released on 30 August, also forecasted a surplus of 8.9 million bags",medium,"Private forecast quoted by ICO (Rabobank quarterly, 30 Aug 2026). Read from ICO PDF/text mirrored at github.com/BMR-Com/coffee-analytics (@b7111c9)."
balance_ico,World,CY2020/21,0.4,million 60kg bags,ICO,ICO Coffee Market Report - August 2026 (published 10 Sep 2026),https://www.ico.org/documents/cy2025-26/cmr-0826-e.pdf,Table 3: Total Production 171.3; Consumption 170.9 (million 60-kg bags),medium,"DERIVED by analyst: ICO production minus consumption from Table 3 (Sep 2026 vintage). ICO text confirms deficits in each of 2021/22-2024/25 (four consecutive). Read from a copy of the ICO PDF/text mirrored in public repo github.com/BMR-Com/coffee-analytics (pipeline downloads the CMR from ico.org; pdfs/2026-08.pdf, data/report-text/2026-08.txt @ b7111c9)."
balance_ico,World,CY2021/22,-5.407,million 60kg bags,ICO,"Table 3: World Supply/Demand Balance, ICO Coffee Market Report - February 2026 (PDF dated 12 Mar 2026)",https://www.ico.org/documents/cy2025-26/cmr-0226-e.pdf,"Table 3 (thousand 60-kg bags), coffee year commencing 2021 2022 2023 2024: BALANCE -5,407 -11,070 -3,871 2,443",high,"Coffee-year basis (""Coffee year commencing"" 2021..2024 = CY2021/22..CY2024/25). Vintage: ICO Table 3 as published in Feb 2026 CMR (identical in Mar 2026 CMR, cmr-0326-e.pdf). SUPERSEDED by the 10 Sep 2026 update (Aug 2026 CMR). Source table in thousand 60-kg bags; converted to million (/1000, 3 dp). Official BALANCE row (production - consumption). Note: in this vintage 2024/25 was a SURPLUS (+2.443m); the Sep 2026 revision turned it into a deficit (-6.3m derived). Read from a copy of the ICO PDF/text mirrored in public repo github.com/BMR-Com/coffee-analytics (pipeline downloads the CMR from ico.org; pdfs/2026-02.pdf, data/report-text/2026-02.txt @ b7111c9)."
balance_ico,World,CY2021/22,-8.4,million 60kg bags,ICO,ICO Coffee Market Report - August 2026 (published 10 Sep 2026),https://www.ico.org/documents/cy2025-26/cmr-0826-e.pdf,Table 3: Total Production 168.4; Consumption 176.8 (million 60-kg bags),medium,"DERIVED by analyst: ICO production minus consumption from Table 3 (Sep 2026 vintage). ICO text confirms deficits in each of 2021/22-2024/25 (four consecutive). Read from a copy of the ICO PDF/text mirrored in public repo github.com/BMR-Com/coffee-analytics (pipeline downloads the CMR from ico.org; pdfs/2026-08.pdf, data/report-text/2026-08.txt @ b7111c9)."
balance_ico,World,CY2022/23,-11.070,million 60kg bags,ICO,"Table 3: World Supply/Demand Balance, ICO Coffee Market Report - February 2026 (PDF dated 12 Mar 2026)",https://www.ico.org/documents/cy2025-26/cmr-0226-e.pdf,"Table 3 (thousand 60-kg bags), coffee year commencing 2021 2022 2023 2024: BALANCE -5,407 -11,070 -3,871 2,443",high,"Coffee-year basis (""Coffee year commencing"" 2021..2024 = CY2021/22..CY2024/25). Vintage: ICO Table 3 as published in Feb 2026 CMR (identical in Mar 2026 CMR, cmr-0326-e.pdf). SUPERSEDED by the 10 Sep 2026 update (Aug 2026 CMR). Source table in thousand 60-kg bags; converted to million (/1000, 3 dp). Official BALANCE row (production - consumption). Note: in this vintage 2024/25 was a SURPLUS (+2.443m); the Sep 2026 revision turned it into a deficit (-6.3m derived). Read from a copy of the ICO PDF/text mirrored in public repo github.com/BMR-Com/coffee-analytics (pipeline downloads the CMR from ico.org; pdfs/2026-02.pdf, data/report-text/2026-02.txt @ b7111c9)."
balance_ico,World,CY2022/23,-3.7,million 60kg bags,ICO,ICO Coffee Market Report - August 2026 (published 10 Sep 2026),https://www.ico.org/documents/cy2025-26/cmr-0826-e.pdf,Table 3: Total Production 170.0; Consumption 173.7 (million 60-kg bags),medium,"DERIVED by analyst: ICO production minus consumption from Table 3 (Sep 2026 vintage). ICO text confirms deficits in each of 2021/22-2024/25 (four consecutive). Read from a copy of the ICO PDF/text mirrored in public repo github.com/BMR-Com/coffee-analytics (pipeline downloads the CMR from ico.org; pdfs/2026-08.pdf, data/report-text/2026-08.txt @ b7111c9)."
balance_ico,World,CY2023/24,-3.871,million 60kg bags,ICO,"Table 3: World Supply/Demand Balance, ICO Coffee Market Report - February 2026 (PDF dated 12 Mar 2026)",https://www.ico.org/documents/cy2025-26/cmr-0226-e.pdf,"Table 3 (thousand 60-kg bags), coffee year commencing 2021 2022 2023 2024: BALANCE -5,407 -11,070 -3,871 2,443",high,"Coffee-year basis (""Coffee year commencing"" 2021..2024 = CY2021/22..CY2024/25). Vintage: ICO Table 3 as published in Feb 2026 CMR (identical in Mar 2026 CMR, cmr-0326-e.pdf). SUPERSEDED by the 10 Sep 2026 update (Aug 2026 CMR). Source table in thousand 60-kg bags; converted to million (/1000, 3 dp). Official BALANCE row (production - consumption). Note: in this vintage 2024/25 was a SURPLUS (+2.443m); the Sep 2026 revision turned it into a deficit (-6.3m derived). Read from a copy of the ICO PDF/text mirrored in public repo github.com/BMR-Com/coffee-analytics (pipeline downloads the CMR from ico.org; pdfs/2026-02.pdf, data/report-text/2026-02.txt @ b7111c9)."
balance_ico,World,CY2023/24,-3.0,million 60kg bags,ICO,ICO Coffee Market Report - August 2026 (published 10 Sep 2026),https://www.ico.org/documents/cy2025-26/cmr-0826-e.pdf,Table 3: Total Production 171.6; Consumption 174.6 (million 60-kg bags),medium,"DERIVED by analyst: ICO production minus consumption from Table 3 (Sep 2026 vintage). ICO text confirms deficits in each of 2021/22-2024/25 (four consecutive). Read from a copy of the ICO PDF/text mirrored in public repo github.com/BMR-Com/coffee-analytics (pipeline downloads the CMR from ico.org; pdfs/2026-08.pdf, data/report-text/2026-08.txt @ b7111c9)."
balance_ico,World,CY2024/25,2.443,million 60kg bags,ICO,"Table 3: World Supply/Demand Balance, ICO Coffee Market Report - February 2026 (PDF dated 12 Mar 2026)",https://www.ico.org/documents/cy2025-26/cmr-0226-e.pdf,"Table 3 (thousand 60-kg bags), coffee year commencing 2021 2022 2023 2024: BALANCE -5,407 -11,070 -3,871 2,443",high,"Coffee-year basis (""Coffee year commencing"" 2021..2024 = CY2021/22..CY2024/25). Vintage: ICO Table 3 as published in Feb 2026 CMR (identical in Mar 2026 CMR, cmr-0326-e.pdf). SUPERSEDED by the 10 Sep 2026 update (Aug 2026 CMR). Source table in thousand 60-kg bags; converted to million (/1000, 3 dp). Official BALANCE row (production - consumption). Note: in this vintage 2024/25 was a SURPLUS (+2.443m); the Sep 2026 revision turned it into a deficit (-6.3m derived). Read from a copy of the ICO PDF/text mirrored in public repo github.com/BMR-Com/coffee-analytics (pipeline downloads the CMR from ico.org; pdfs/2026-02.pdf, data/report-text/2026-02.txt @ b7111c9)."
balance_ico,World,CY2024/25,-6.3,million 60kg bags,ICO,ICO Coffee Market Report - August 2026 (published 10 Sep 2026),https://www.ico.org/documents/cy2025-26/cmr-0826-e.pdf,Table 3: Total Production 175.9; Consumption 182.2 (million 60-kg bags),medium,"DERIVED by analyst: ICO production minus consumption from Table 3 (Sep 2026 vintage). ICO text confirms deficits in each of 2021/22-2024/25 (four consecutive). Read from a copy of the ICO PDF/text mirrored in public repo github.com/BMR-Com/coffee-analytics (pipeline downloads the CMR from ico.org; pdfs/2026-08.pdf, data/report-text/2026-08.txt @ b7111c9)."
balance_ico,World,CY2025/26,3.0,million 60kg bags,ICO,ICO Coffee Market Report - August 2026 (published 10 Sep 2026),https://www.ico.org/documents/cy2025-26/cmr-0826-e.pdf,"Following four consecutive coffee years of deficit, from 2021/22 to 2024/25, the global coffee market is projected to record a surplus of 3.0 million bags in 2025/26.",high,"Coffee-year basis (Oct-Sep). Vintage: ICO supply & demand statistics update of 10 Sep 2026 (latest). 2025/26 = estimate. Consumption defined as apparent consumption (production + net trade +/- stock changes; footnote 5). Surplus = production 183.6 - consumption 180.6. Read from a copy of the ICO PDF/text mirrored in public repo github.com/BMR-Com/coffee-analytics (pipeline downloads the CMR from ico.org; pdfs/2026-08.pdf, data/report-text/2026-08.txt @ b7111c9)."
balance_usda_implied,World,2005/06,-7.268,million 60kg bags,USDA FAS (derived),"USDA FAS PSD Online coffee database (psd_coffee_csv.zip), world aggregate - Dec 2025 release vintage",https://github.com/andenick/Foodberg/blob/7b5333b1066caceaef075a4c66b480507235a571/Outputs/Data/WASDE_PSD/wasde_psd_coffee_green__world.csv,Production 117883; Domestic Consumption 125151 (1000 60 KG BAGS),medium,"DERIVED by analyst: production minus domestic consumption, Dec 2025 PSD vintage. USDA does not publish a 'surplus/deficit' line; change in world ending stocks this year = -8.492m (differs from P-C because world exports != world imports and other statistical residuals)."
balance_usda_implied,World,2006/07,9.698,million 60kg bags,USDA FAS (derived),"USDA FAS PSD Online coffee database (psd_coffee_csv.zip), world aggregate - Dec 2025 release vintage",https://github.com/andenick/Foodberg/blob/7b5333b1066caceaef075a4c66b480507235a571/Outputs/Data/WASDE_PSD/wasde_psd_coffee_green__world.csv,Production 134050; Domestic Consumption 124352 (1000 60 KG BAGS),medium,"DERIVED by analyst: production minus domestic consumption, Dec 2025 PSD vintage. USDA does not publish a 'surplus/deficit' line; change in world ending stocks this year = +3.125m (differs from P-C because world exports != world imports and other statistical residuals)."
balance_usda_implied,World,2007/08,-4.520,million 60kg bags,USDA FAS (derived),"USDA FAS PSD Online coffee database (psd_coffee_csv.zip), world aggregate - Dec 2025 release vintage",https://github.com/andenick/Foodberg/blob/7b5333b1066caceaef075a4c66b480507235a571/Outputs/Data/WASDE_PSD/wasde_psd_coffee_green__world.csv,Production 124388; Domestic Consumption 128908 (1000 60 KG BAGS),medium,"DERIVED by analyst: production minus domestic consumption, Dec 2025 PSD vintage. USDA does not publish a 'surplus/deficit' line; change in world ending stocks this year = -4.298m (differs from P-C because world exports != world imports and other statistical residuals)."
balance_usda_implied,World,2008/09,10.884,million 60kg bags,USDA FAS (derived),"USDA FAS PSD Online coffee database (psd_coffee_csv.zip), world aggregate - Dec 2025 release vintage",https://github.com/andenick/Foodberg/blob/7b5333b1066caceaef075a4c66b480507235a571/Outputs/Data/WASDE_PSD/wasde_psd_coffee_green__world.csv,Production 136751; Domestic Consumption 125867 (1000 60 KG BAGS),medium,"DERIVED by analyst: production minus domestic consumption, Dec 2025 PSD vintage. USDA does not publish a 'surplus/deficit' line; change in world ending stocks this year = +8.185m (differs from P-C because world exports != world imports and other statistical residuals)."
balance_usda_implied,World,2009/10,-9.422,million 60kg bags,USDA FAS (derived),"USDA FAS PSD Online coffee database (psd_coffee_csv.zip), world aggregate - Dec 2025 release vintage",https://github.com/andenick/Foodberg/blob/7b5333b1066caceaef075a4c66b480507235a571/Outputs/Data/WASDE_PSD/wasde_psd_coffee_green__world.csv,Production 129774; Domestic Consumption 139196 (1000 60 KG BAGS),medium,"DERIVED by analyst: production minus domestic consumption, Dec 2025 PSD vintage. USDA does not publish a 'surplus/deficit' line; change in world ending stocks this year = -10.748m (differs from P-C because world exports != world imports and other statistical residuals)."
balance_usda_implied,World,2010/11,5.901,million 60kg bags,USDA FAS (derived),"USDA FAS PSD Online coffee database (psd_coffee_csv.zip), world aggregate - Dec 2025 release vintage",https://github.com/andenick/Foodberg/blob/7b5333b1066caceaef075a4c66b480507235a571/Outputs/Data/WASDE_PSD/wasde_psd_coffee_green__world.csv,Production 141409; Domestic Consumption 135508 (1000 60 KG BAGS),medium,"DERIVED by analyst: production minus domestic consumption, Dec 2025 PSD vintage. USDA does not publish a 'surplus/deficit' line; change in world ending stocks this year = -0.205m (differs from P-C because world exports != world imports and other statistical residuals)."
balance_usda_implied,World,2011/12,2.006,million 60kg bags,USDA FAS (derived),"USDA FAS PSD Online coffee database (psd_coffee_csv.zip), world aggregate - Dec 2025 release vintage",https://github.com/andenick/Foodberg/blob/7b5333b1066caceaef075a4c66b480507235a571/Outputs/Data/WASDE_PSD/wasde_psd_coffee_green__world.csv,Production 144837; Domestic Consumption 142831 (1000 60 KG BAGS),medium,"DERIVED by analyst: production minus domestic consumption, Dec 2025 PSD vintage. USDA does not publish a 'surplus/deficit' line; change in world ending stocks this year = -2.892m (differs from P-C because world exports != world imports and other statistical residuals)."
balance_usda_implied,World,2012/13,14.618,million 60kg bags,USDA FAS (derived),"USDA FAS PSD Online coffee database (psd_coffee_csv.zip), world aggregate - Dec 2025 release vintage",https://github.com/andenick/Foodberg/blob/7b5333b1066caceaef075a4c66b480507235a571/Outputs/Data/WASDE_PSD/wasde_psd_coffee_green__world.csv,Production 158018; Domestic Consumption 143400 (1000 60 KG BAGS),medium,"DERIVED by analyst: production minus domestic consumption, Dec 2025 PSD vintage. USDA does not publish a 'surplus/deficit' line; change in world ending stocks this year = +9.617m (differs from P-C because world exports != world imports and other statistical residuals)."
balance_usda_implied,World,2013/14,16.177,million 60kg bags,USDA FAS (derived),"USDA FAS PSD Online coffee database (psd_coffee_csv.zip), world aggregate - Dec 2025 release vintage",https://github.com/andenick/Foodberg/blob/7b5333b1066caceaef075a4c66b480507235a571/Outputs/Data/WASDE_PSD/wasde_psd_coffee_green__world.csv,Production 160054; Domestic Consumption 143877 (1000 60 KG BAGS),medium,"DERIVED by analyst: production minus domestic consumption, Dec 2025 PSD vintage. USDA does not publish a 'surplus/deficit' line; change in world ending stocks this year = +5.819m (differs from P-C because world exports != world imports and other statistical residuals)."
balance_usda_implied,World,2014/15,6.633,million 60kg bags,USDA FAS (derived),"USDA FAS PSD Online coffee database (psd_coffee_csv.zip), world aggregate - Dec 2025 release vintage",https://github.com/andenick/Foodberg/blob/7b5333b1066caceaef075a4c66b480507235a571/Outputs/Data/WASDE_PSD/wasde_psd_coffee_green__world.csv,Production 153796; Domestic Consumption 147163 (1000 60 KG BAGS),medium,"DERIVED by analyst: production minus domestic consumption, Dec 2025 PSD vintage. USDA does not publish a 'surplus/deficit' line; change in world ending stocks this year = +1.948m (differs from P-C because world exports != world imports and other statistical residuals)."
balance_usda_implied,World,2015/16,-0.757,million 60kg bags,USDA FAS (derived),"USDA FAS PSD Online coffee database (psd_coffee_csv.zip), world aggregate - Dec 2025 release vintage",https://github.com/andenick/Foodberg/blob/7b5333b1066caceaef075a4c66b480507235a571/Outputs/Data/WASDE_PSD/wasde_psd_coffee_green__world.csv,Production 152429; Domestic Consumption 153186 (1000 60 KG BAGS),medium,"DERIVED by analyst: production minus domestic consumption, Dec 2025 PSD vintage. USDA does not publish a 'surplus/deficit' line; change in world ending stocks this year = -8.181m (differs from P-C because world exports != world imports and other statistical residuals)."
balance_usda_implied,World,2016/17,5.975,million 60kg bags,USDA FAS (derived),"USDA FAS PSD Online coffee database (psd_coffee_csv.zip), world aggregate - Dec 2025 release vintage",https://github.com/andenick/Foodberg/blob/7b5333b1066caceaef075a4c66b480507235a571/Outputs/Data/WASDE_PSD/wasde_psd_coffee_green__world.csv,Production 161079; Domestic Consumption 155104 (1000 60 KG BAGS),medium,"DERIVED by analyst: production minus domestic consumption, Dec 2025 PSD vintage. USDA does not publish a 'surplus/deficit' line; change in world ending stocks this year = +1.502m (differs from P-C because world exports != world imports and other statistical residuals)."
balance_usda_implied,World,2017/18,-0.813,million 60kg bags,USDA FAS (derived),"USDA FAS PSD Online coffee database (psd_coffee_csv.zip), world aggregate - Dec 2025 release vintage",https://github.com/andenick/Foodberg/blob/7b5333b1066caceaef075a4c66b480507235a571/Outputs/Data/WASDE_PSD/wasde_psd_coffee_green__world.csv,Production 159814; Domestic Consumption 160627 (1000 60 KG BAGS),medium,"DERIVED by analyst: production minus domestic consumption, Dec 2025 PSD vintage. USDA does not publish a 'surplus/deficit' line; change in world ending stocks this year = -4.502m (differs from P-C because world exports != world imports and other statistical residuals)."
balance_usda_implied,World,2018/19,9.853,million 60kg bags,USDA FAS (derived),"USDA FAS PSD Online coffee database (psd_coffee_csv.zip), world aggregate - Dec 2025 release vintage",https://github.com/andenick/Foodberg/blob/7b5333b1066caceaef075a4c66b480507235a571/Outputs/Data/WASDE_PSD/wasde_psd_coffee_green__world.csv,Production 175856; Domestic Consumption 166003 (1000 60 KG BAGS),medium,"DERIVED by analyst: production minus domestic consumption, Dec 2025 PSD vintage. USDA does not publish a 'surplus/deficit' line; change in world ending stocks this year = +4.995m (differs from P-C because world exports != world imports and other statistical residuals)."
balance_usda_implied,World,2019/20,6.675,million 60kg bags,USDA FAS (derived),"USDA FAS PSD Online coffee database (psd_coffee_csv.zip), world aggregate - Dec 2025 release vintage",https://github.com/andenick/Foodberg/blob/7b5333b1066caceaef075a4c66b480507235a571/Outputs/Data/WASDE_PSD/wasde_psd_coffee_green__world.csv,Production 169030; Domestic Consumption 162355 (1000 60 KG BAGS),medium,"DERIVED by analyst: production minus domestic consumption, Dec 2025 PSD vintage. USDA does not publish a 'surplus/deficit' line; change in world ending stocks this year = -1.138m (differs from P-C because world exports != world imports and other statistical residuals)."
balance_usda_implied,World,2020/21,14.456,million 60kg bags,USDA FAS (derived),"USDA FAS PSD Online coffee database (psd_coffee_csv.zip), world aggregate - Dec 2025 release vintage",https://github.com/andenick/Foodberg/blob/7b5333b1066caceaef075a4c66b480507235a571/Outputs/Data/WASDE_PSD/wasde_psd_coffee_green__world.csv,Production 176549; Domestic Consumption 162093 (1000 60 KG BAGS),medium,"DERIVED by analyst: production minus domestic consumption, Dec 2025 PSD vintage. USDA does not publish a 'surplus/deficit' line; change in world ending stocks this year = +1.686m (differs from P-C because world exports != world imports and other statistical residuals)."
balance_usda_implied,World,2021/22,-2.839,million 60kg bags,USDA FAS (derived),"USDA FAS PSD Online coffee database (psd_coffee_csv.zip), world aggregate - Dec 2025 release vintage",https://github.com/andenick/Foodberg/blob/7b5333b1066caceaef075a4c66b480507235a571/Outputs/Data/WASDE_PSD/wasde_psd_coffee_green__world.csv,Production 165044; Domestic Consumption 167883 (1000 60 KG BAGS),medium,"DERIVED by analyst: production minus domestic consumption, Dec 2025 PSD vintage. USDA does not publish a 'surplus/deficit' line; change in world ending stocks this year = -5.554m (differs from P-C because world exports != world imports and other statistical residuals)."
balance_usda_implied,World,2022/23,-4.365,million 60kg bags,USDA FAS (derived),"USDA FAS PSD Online coffee database (psd_coffee_csv.zip), world aggregate - Dec 2025 release vintage",https://github.com/andenick/Foodberg/blob/7b5333b1066caceaef075a4c66b480507235a571/Outputs/Data/WASDE_PSD/wasde_psd_coffee_green__world.csv,Production 164389; Domestic Consumption 168754 (1000 60 KG BAGS),medium,"DERIVED by analyst: production minus domestic consumption, Dec 2025 PSD vintage. USDA does not publish a 'surplus/deficit' line; change in world ending stocks this year = -5.006m (differs from P-C because world exports != world imports and other statistical residuals)."
balance_usda_implied,World,2023/24,5.377,million 60kg bags,USDA FAS (derived),"USDA FAS PSD Online coffee database (psd_coffee_csv.zip), world aggregate - Dec 2025 release vintage",https://github.com/andenick/Foodberg/blob/7b5333b1066caceaef075a4c66b480507235a571/Outputs/Data/WASDE_PSD/wasde_psd_coffee_green__world.csv,Production 169345; Domestic Consumption 163968 (1000 60 KG BAGS),medium,"DERIVED by analyst: production minus domestic consumption, Dec 2025 PSD vintage. USDA does not publish a 'surplus/deficit' line; change in world ending stocks this year = -3.813m (differs from P-C because world exports != world imports and other statistical residuals)."
balance_usda_implied,World,2024/25,3.760,million 60kg bags,USDA FAS (derived),"USDA FAS PSD Online coffee database (psd_coffee_csv.zip), world aggregate - Dec 2025 release vintage",https://github.com/andenick/Foodberg/blob/7b5333b1066caceaef075a4c66b480507235a571/Outputs/Data/WASDE_PSD/wasde_psd_coffee_green__world.csv,Production 175316; Domestic Consumption 171556 (1000 60 KG BAGS),medium,"DERIVED by analyst: production minus domestic consumption, Dec 2025 PSD vintage. USDA does not publish a 'surplus/deficit' line; change in world ending stocks this year = -1.814m (differs from P-C because world exports != world imports and other statistical residuals)."
balance_usda_implied,World,2025/26,4.996,million 60kg bags,USDA FAS (derived),"USDA FAS PSD Online coffee database (psd_coffee_csv.zip), world aggregate - Dec 2025 release vintage",https://github.com/andenick/Foodberg/blob/7b5333b1066caceaef075a4c66b480507235a571/Outputs/Data/WASDE_PSD/wasde_psd_coffee_green__world.csv,Production 178848; Domestic Consumption 173852 (1000 60 KG BAGS),medium,"DERIVED by analyst: production minus domestic consumption, Dec 2025 PSD vintage. USDA does not publish a 'surplus/deficit' line; change in world ending stocks this year = -1.159m (differs from P-C because world exports != world imports and other statistical residuals)."
balance_usda_stock_change,World,2005/06,-8.492,million 60kg bags,USDA FAS (derived),"USDA FAS PSD Online coffee database (psd_coffee_csv.zip), world aggregate - Dec 2025 release vintage",https://github.com/andenick/Foodberg/blob/7b5333b1066caceaef075a4c66b480507235a571/Outputs/Data/WASDE_PSD/wasde_psd_coffee_green__world.csv,Beginning Stocks 41073; Ending Stocks 32581 (1000 60 KG BAGS),medium,DERIVED by analyst: world ending stocks minus beginning stocks (Dec 2025 PSD vintage) - the stock-based USDA-implied surplus(+)/deficit(-). Preferred over production-minus-consumption because USDA world bean exports and imports do not net to zero.
balance_usda_stock_change,World,2006/07,3.125,million 60kg bags,USDA FAS (derived),"USDA FAS PSD Online coffee database (psd_coffee_csv.zip), world aggregate - Dec 2025 release vintage",https://github.com/andenick/Foodberg/blob/7b5333b1066caceaef075a4c66b480507235a571/Outputs/Data/WASDE_PSD/wasde_psd_coffee_green__world.csv,Beginning Stocks 32581; Ending Stocks 35706 (1000 60 KG BAGS),medium,DERIVED by analyst: world ending stocks minus beginning stocks (Dec 2025 PSD vintage) - the stock-based USDA-implied surplus(+)/deficit(-). Preferred over production-minus-consumption because USDA world bean exports and imports do not net to zero.
balance_usda_stock_change,World,2007/08,-4.298,million 60kg bags,USDA FAS (derived),"USDA FAS PSD Online coffee database (psd_coffee_csv.zip), world aggregate - Dec 2025 release vintage",https://github.com/andenick/Foodberg/blob/7b5333b1066caceaef075a4c66b480507235a571/Outputs/Data/WASDE_PSD/wasde_psd_coffee_green__world.csv,Beginning Stocks 35706; Ending Stocks 31408 (1000 60 KG BAGS),medium,DERIVED by analyst: world ending stocks minus beginning stocks (Dec 2025 PSD vintage) - the stock-based USDA-implied surplus(+)/deficit(-). Preferred over production-minus-consumption because USDA world bean exports and imports do not net to zero.
balance_usda_stock_change,World,2008/09,8.185,million 60kg bags,USDA FAS (derived),"USDA FAS PSD Online coffee database (psd_coffee_csv.zip), world aggregate - Dec 2025 release vintage",https://github.com/andenick/Foodberg/blob/7b5333b1066caceaef075a4c66b480507235a571/Outputs/Data/WASDE_PSD/wasde_psd_coffee_green__world.csv,Beginning Stocks 31408; Ending Stocks 39593 (1000 60 KG BAGS),medium,DERIVED by analyst: world ending stocks minus beginning stocks (Dec 2025 PSD vintage) - the stock-based USDA-implied surplus(+)/deficit(-). Preferred over production-minus-consumption because USDA world bean exports and imports do not net to zero.
balance_usda_stock_change,World,2009/10,-10.748,million 60kg bags,USDA FAS (derived),"USDA FAS PSD Online coffee database (psd_coffee_csv.zip), world aggregate - Dec 2025 release vintage",https://github.com/andenick/Foodberg/blob/7b5333b1066caceaef075a4c66b480507235a571/Outputs/Data/WASDE_PSD/wasde_psd_coffee_green__world.csv,Beginning Stocks 39593; Ending Stocks 28845 (1000 60 KG BAGS),medium,DERIVED by analyst: world ending stocks minus beginning stocks (Dec 2025 PSD vintage) - the stock-based USDA-implied surplus(+)/deficit(-). Preferred over production-minus-consumption because USDA world bean exports and imports do not net to zero.
balance_usda_stock_change,World,2010/11,-0.205,million 60kg bags,USDA FAS (derived),"USDA FAS PSD Online coffee database (psd_coffee_csv.zip), world aggregate - Dec 2025 release vintage",https://github.com/andenick/Foodberg/blob/7b5333b1066caceaef075a4c66b480507235a571/Outputs/Data/WASDE_PSD/wasde_psd_coffee_green__world.csv,Beginning Stocks 28845; Ending Stocks 28640 (1000 60 KG BAGS),medium,DERIVED by analyst: world ending stocks minus beginning stocks (Dec 2025 PSD vintage) - the stock-based USDA-implied surplus(+)/deficit(-). Preferred over production-minus-consumption because USDA world bean exports and imports do not net to zero.
balance_usda_stock_change,World,2011/12,-2.892,million 60kg bags,USDA FAS (derived),"USDA FAS PSD Online coffee database (psd_coffee_csv.zip), world aggregate - Dec 2025 release vintage",https://github.com/andenick/Foodberg/blob/7b5333b1066caceaef075a4c66b480507235a571/Outputs/Data/WASDE_PSD/wasde_psd_coffee_green__world.csv,Beginning Stocks 28640; Ending Stocks 25748 (1000 60 KG BAGS),medium,DERIVED by analyst: world ending stocks minus beginning stocks (Dec 2025 PSD vintage) - the stock-based USDA-implied surplus(+)/deficit(-). Preferred over production-minus-consumption because USDA world bean exports and imports do not net to zero.
balance_usda_stock_change,World,2012/13,9.617,million 60kg bags,USDA FAS (derived),"USDA FAS PSD Online coffee database (psd_coffee_csv.zip), world aggregate - Dec 2025 release vintage",https://github.com/andenick/Foodberg/blob/7b5333b1066caceaef075a4c66b480507235a571/Outputs/Data/WASDE_PSD/wasde_psd_coffee_green__world.csv,Beginning Stocks 25748; Ending Stocks 35365 (1000 60 KG BAGS),medium,DERIVED by analyst: world ending stocks minus beginning stocks (Dec 2025 PSD vintage) - the stock-based USDA-implied surplus(+)/deficit(-). Preferred over production-minus-consumption because USDA world bean exports and imports do not net to zero.
balance_usda_stock_change,World,2013/14,5.819,million 60kg bags,USDA FAS (derived),"USDA FAS PSD Online coffee database (psd_coffee_csv.zip), world aggregate - Dec 2025 release vintage",https://github.com/andenick/Foodberg/blob/7b5333b1066caceaef075a4c66b480507235a571/Outputs/Data/WASDE_PSD/wasde_psd_coffee_green__world.csv,Beginning Stocks 35365; Ending Stocks 41184 (1000 60 KG BAGS),medium,DERIVED by analyst: world ending stocks minus beginning stocks (Dec 2025 PSD vintage) - the stock-based USDA-implied surplus(+)/deficit(-). Preferred over production-minus-consumption because USDA world bean exports and imports do not net to zero.
balance_usda_stock_change,World,2014/15,1.948,million 60kg bags,USDA FAS (derived),"USDA FAS PSD Online coffee database (psd_coffee_csv.zip), world aggregate - Dec 2025 release vintage",https://github.com/andenick/Foodberg/blob/7b5333b1066caceaef075a4c66b480507235a571/Outputs/Data/WASDE_PSD/wasde_psd_coffee_green__world.csv,Beginning Stocks 41184; Ending Stocks 43132 (1000 60 KG BAGS),medium,DERIVED by analyst: world ending stocks minus beginning stocks (Dec 2025 PSD vintage) - the stock-based USDA-implied surplus(+)/deficit(-). Preferred over production-minus-consumption because USDA world bean exports and imports do not net to zero.
balance_usda_stock_change,World,2015/16,-8.181,million 60kg bags,USDA FAS (derived),"USDA FAS PSD Online coffee database (psd_coffee_csv.zip), world aggregate - Dec 2025 release vintage",https://github.com/andenick/Foodberg/blob/7b5333b1066caceaef075a4c66b480507235a571/Outputs/Data/WASDE_PSD/wasde_psd_coffee_green__world.csv,Beginning Stocks 43132; Ending Stocks 34951 (1000 60 KG BAGS),medium,DERIVED by analyst: world ending stocks minus beginning stocks (Dec 2025 PSD vintage) - the stock-based USDA-implied surplus(+)/deficit(-). Preferred over production-minus-consumption because USDA world bean exports and imports do not net to zero.
balance_usda_stock_change,World,2016/17,1.502,million 60kg bags,USDA FAS (derived),"USDA FAS PSD Online coffee database (psd_coffee_csv.zip), world aggregate - Dec 2025 release vintage",https://github.com/andenick/Foodberg/blob/7b5333b1066caceaef075a4c66b480507235a571/Outputs/Data/WASDE_PSD/wasde_psd_coffee_green__world.csv,Beginning Stocks 34951; Ending Stocks 36453 (1000 60 KG BAGS),medium,DERIVED by analyst: world ending stocks minus beginning stocks (Dec 2025 PSD vintage) - the stock-based USDA-implied surplus(+)/deficit(-). Preferred over production-minus-consumption because USDA world bean exports and imports do not net to zero.
balance_usda_stock_change,World,2017/18,-4.502,million 60kg bags,USDA FAS (derived),"USDA FAS PSD Online coffee database (psd_coffee_csv.zip), world aggregate - Dec 2025 release vintage",https://github.com/andenick/Foodberg/blob/7b5333b1066caceaef075a4c66b480507235a571/Outputs/Data/WASDE_PSD/wasde_psd_coffee_green__world.csv,Beginning Stocks 36453; Ending Stocks 31951 (1000 60 KG BAGS),medium,DERIVED by analyst: world ending stocks minus beginning stocks (Dec 2025 PSD vintage) - the stock-based USDA-implied surplus(+)/deficit(-). Preferred over production-minus-consumption because USDA world bean exports and imports do not net to zero.
balance_usda_stock_change,World,2018/19,4.995,million 60kg bags,USDA FAS (derived),"USDA FAS PSD Online coffee database (psd_coffee_csv.zip), world aggregate - Dec 2025 release vintage",https://github.com/andenick/Foodberg/blob/7b5333b1066caceaef075a4c66b480507235a571/Outputs/Data/WASDE_PSD/wasde_psd_coffee_green__world.csv,Beginning Stocks 31951; Ending Stocks 36946 (1000 60 KG BAGS),medium,DERIVED by analyst: world ending stocks minus beginning stocks (Dec 2025 PSD vintage) - the stock-based USDA-implied surplus(+)/deficit(-). Preferred over production-minus-consumption because USDA world bean exports and imports do not net to zero.
balance_usda_stock_change,World,2019/20,-1.138,million 60kg bags,USDA FAS (derived),"USDA FAS PSD Online coffee database (psd_coffee_csv.zip), world aggregate - Dec 2025 release vintage",https://github.com/andenick/Foodberg/blob/7b5333b1066caceaef075a4c66b480507235a571/Outputs/Data/WASDE_PSD/wasde_psd_coffee_green__world.csv,Beginning Stocks 36946; Ending Stocks 35808 (1000 60 KG BAGS),medium,DERIVED by analyst: world ending stocks minus beginning stocks (Dec 2025 PSD vintage) - the stock-based USDA-implied surplus(+)/deficit(-). Preferred over production-minus-consumption because USDA world bean exports and imports do not net to zero.
balance_usda_stock_change,World,2020/21,1.686,million 60kg bags,USDA FAS (derived),"USDA FAS PSD Online coffee database (psd_coffee_csv.zip), world aggregate - Dec 2025 release vintage",https://github.com/andenick/Foodberg/blob/7b5333b1066caceaef075a4c66b480507235a571/Outputs/Data/WASDE_PSD/wasde_psd_coffee_green__world.csv,Beginning Stocks 35808; Ending Stocks 37494 (1000 60 KG BAGS),medium,DERIVED by analyst: world ending stocks minus beginning stocks (Dec 2025 PSD vintage) - the stock-based USDA-implied surplus(+)/deficit(-). Preferred over production-minus-consumption because USDA world bean exports and imports do not net to zero.
balance_usda_stock_change,World,2021/22,-5.554,million 60kg bags,USDA FAS (derived),"USDA FAS PSD Online coffee database (psd_coffee_csv.zip), world aggregate - Dec 2025 release vintage",https://github.com/andenick/Foodberg/blob/7b5333b1066caceaef075a4c66b480507235a571/Outputs/Data/WASDE_PSD/wasde_psd_coffee_green__world.csv,Beginning Stocks 37494; Ending Stocks 31940 (1000 60 KG BAGS),medium,DERIVED by analyst: world ending stocks minus beginning stocks (Dec 2025 PSD vintage) - the stock-based USDA-implied surplus(+)/deficit(-). Preferred over production-minus-consumption because USDA world bean exports and imports do not net to zero.
balance_usda_stock_change,World,2022/23,-5.006,million 60kg bags,USDA FAS (derived),"USDA FAS PSD Online coffee database (psd_coffee_csv.zip), world aggregate - Dec 2025 release vintage",https://github.com/andenick/Foodberg/blob/7b5333b1066caceaef075a4c66b480507235a571/Outputs/Data/WASDE_PSD/wasde_psd_coffee_green__world.csv,Beginning Stocks 31940; Ending Stocks 26934 (1000 60 KG BAGS),medium,DERIVED by analyst: world ending stocks minus beginning stocks (Dec 2025 PSD vintage) - the stock-based USDA-implied surplus(+)/deficit(-). Preferred over production-minus-consumption because USDA world bean exports and imports do not net to zero.
balance_usda_stock_change,World,2023/24,-3.813,million 60kg bags,USDA FAS (derived),"USDA FAS PSD Online coffee database (psd_coffee_csv.zip), world aggregate - Dec 2025 release vintage",https://github.com/andenick/Foodberg/blob/7b5333b1066caceaef075a4c66b480507235a571/Outputs/Data/WASDE_PSD/wasde_psd_coffee_green__world.csv,Beginning Stocks 26934; Ending Stocks 23121 (1000 60 KG BAGS),medium,DERIVED by analyst: world ending stocks minus beginning stocks (Dec 2025 PSD vintage) - the stock-based USDA-implied surplus(+)/deficit(-). Preferred over production-minus-consumption because USDA world bean exports and imports do not net to zero.
balance_usda_stock_change,World,2024/25,-1.814,million 60kg bags,USDA FAS (derived),"USDA FAS PSD Online coffee database (psd_coffee_csv.zip), world aggregate - Dec 2025 release vintage",https://github.com/andenick/Foodberg/blob/7b5333b1066caceaef075a4c66b480507235a571/Outputs/Data/WASDE_PSD/wasde_psd_coffee_green__world.csv,Beginning Stocks 23121; Ending Stocks 21307 (1000 60 KG BAGS),medium,DERIVED by analyst: world ending stocks minus beginning stocks (Dec 2025 PSD vintage) - the stock-based USDA-implied surplus(+)/deficit(-). Preferred over production-minus-consumption because USDA world bean exports and imports do not net to zero.
balance_usda_stock_change,World,2025/26,-1.159,million 60kg bags,USDA FAS (derived),"USDA FAS PSD Online coffee database (psd_coffee_csv.zip), world aggregate - Dec 2025 release vintage",https://github.com/andenick/Foodberg/blob/7b5333b1066caceaef075a4c66b480507235a571/Outputs/Data/WASDE_PSD/wasde_psd_coffee_green__world.csv,Beginning Stocks 21307; Ending Stocks 20148 (1000 60 KG BAGS),medium,DERIVED by analyst: world ending stocks minus beginning stocks (Dec 2025 PSD vintage) - the stock-based USDA-implied surplus(+)/deficit(-). Preferred over production-minus-consumption because USDA world bean exports and imports do not net to zero.
consumption_exporting_ico,Exporting countries,CY2021/22,54.438,million 60kg bags,ICO,"Table 3: World Supply/Demand Balance, ICO Coffee Market Report - February 2026 (PDF dated 12 Mar 2026)",https://www.ico.org/documents/cy2025-26/cmr-0226-e.pdf,"Table 3 (thousand 60-kg bags), coffee year commencing 2021 2022 2023 2024: Exporting countries 54,438 55,664 56,344 57,742",high,"Coffee-year basis (""Coffee year commencing"" 2021..2024 = CY2021/22..CY2024/25). Vintage: ICO Table 3 as published in Feb 2026 CMR (identical in Mar 2026 CMR, cmr-0326-e.pdf). SUPERSEDED by the 10 Sep 2026 update (Aug 2026 CMR). Source table in thousand 60-kg bags; converted to million (/1000, 3 dp). Read from a copy of the ICO PDF/text mirrored in public repo github.com/BMR-Com/coffee-analytics (pipeline downloads the CMR from ico.org; pdfs/2026-02.pdf, data/report-text/2026-02.txt @ b7111c9)."
consumption_exporting_ico,Exporting countries,CY2022/23,55.664,million 60kg bags,ICO,"Table 3: World Supply/Demand Balance, ICO Coffee Market Report - February 2026 (PDF dated 12 Mar 2026)",https://www.ico.org/documents/cy2025-26/cmr-0226-e.pdf,"Table 3 (thousand 60-kg bags), coffee year commencing 2021 2022 2023 2024: Exporting countries 54,438 55,664 56,344 57,742",high,"Coffee-year basis (""Coffee year commencing"" 2021..2024 = CY2021/22..CY2024/25). Vintage: ICO Table 3 as published in Feb 2026 CMR (identical in Mar 2026 CMR, cmr-0326-e.pdf). SUPERSEDED by the 10 Sep 2026 update (Aug 2026 CMR). Source table in thousand 60-kg bags; converted to million (/1000, 3 dp). Read from a copy of the ICO PDF/text mirrored in public repo github.com/BMR-Com/coffee-analytics (pipeline downloads the CMR from ico.org; pdfs/2026-02.pdf, data/report-text/2026-02.txt @ b7111c9)."
consumption_exporting_ico,Exporting countries,CY2023/24,56.344,million 60kg bags,ICO,"Table 3: World Supply/Demand Balance, ICO Coffee Market Report - February 2026 (PDF dated 12 Mar 2026)",https://www.ico.org/documents/cy2025-26/cmr-0226-e.pdf,"Table 3 (thousand 60-kg bags), coffee year commencing 2021 2022 2023 2024: Exporting countries 54,438 55,664 56,344 57,742",high,"Coffee-year basis (""Coffee year commencing"" 2021..2024 = CY2021/22..CY2024/25). Vintage: ICO Table 3 as published in Feb 2026 CMR (identical in Mar 2026 CMR, cmr-0326-e.pdf). SUPERSEDED by the 10 Sep 2026 update (Aug 2026 CMR). Source table in thousand 60-kg bags; converted to million (/1000, 3 dp). Read from a copy of the ICO PDF/text mirrored in public repo github.com/BMR-Com/coffee-analytics (pipeline downloads the CMR from ico.org; pdfs/2026-02.pdf, data/report-text/2026-02.txt @ b7111c9)."
consumption_exporting_ico,Exporting countries,CY2024/25,57.742,million 60kg bags,ICO,"Table 3: World Supply/Demand Balance, ICO Coffee Market Report - February 2026 (PDF dated 12 Mar 2026)",https://www.ico.org/documents/cy2025-26/cmr-0226-e.pdf,"Table 3 (thousand 60-kg bags), coffee year commencing 2021 2022 2023 2024: Exporting countries 54,438 55,664 56,344 57,742",high,"Coffee-year basis (""Coffee year commencing"" 2021..2024 = CY2021/22..CY2024/25). Vintage: ICO Table 3 as published in Feb 2026 CMR (identical in Mar 2026 CMR, cmr-0326-e.pdf). SUPERSEDED by the 10 Sep 2026 update (Aug 2026 CMR). Source table in thousand 60-kg bags; converted to million (/1000, 3 dp). Read from a copy of the ICO PDF/text mirrored in public repo github.com/BMR-Com/coffee-analytics (pipeline downloads the CMR from ico.org; pdfs/2026-02.pdf, data/report-text/2026-02.txt @ b7111c9)."
consumption_exporting_ico_hist,Exporting countries (55),1990/91,19.509,million 60kg bags,ICO (via Kaggle/GitHub mirror),"ICO historical statistics (country tables, to 2019/20) as republished in the Kaggle ""Coffee dataset"" (GitHub mirror)",https://github.com/ConnorMoss02/Brewing-Insights/blob/9aaf5291bf43a9ca5c4958902819cfff222b3803/data/raw/Coffee_domestic_consumption.csv,"Header: Country,Coffee type,1990/91,...,2019/20,Total_domestic_consumption; 55 exporting-country rows (kg); e.g. Brazil 2019/20 = 1320000000 kg",low,DERIVED by analyst: sum of all country rows in the ICO historical table (values stored in kg in the mirror; converted kg/60/1e6). ICO data vintage ~2020 (pre-dates current CMR series); CROP-YEAR basis (crop years commencing Apr/Jul/Oct by country) - NOT comparable with the coffee-year CMR series from 2020/21. Use for long-run trend only. Domestic consumption in producing/exporting countries. Compare CMR Feb-2026 vintage: 54.438m in CY2021/22 (coffee-year basis).
consumption_exporting_ico_hist,Exporting countries (55),2000/01,27.068,million 60kg bags,ICO (via Kaggle/GitHub mirror),"ICO historical statistics (country tables, to 2019/20) as republished in the Kaggle ""Coffee dataset"" (GitHub mirror)",https://github.com/ConnorMoss02/Brewing-Insights/blob/9aaf5291bf43a9ca5c4958902819cfff222b3803/data/raw/Coffee_domestic_consumption.csv,"Header: Country,Coffee type,1990/91,...,2019/20,Total_domestic_consumption; 55 exporting-country rows (kg); e.g. Brazil 2019/20 = 1320000000 kg",low,DERIVED by analyst: sum of all country rows in the ICO historical table (values stored in kg in the mirror; converted kg/60/1e6). ICO data vintage ~2020 (pre-dates current CMR series); CROP-YEAR basis (crop years commencing Apr/Jul/Oct by country) - NOT comparable with the coffee-year CMR series from 2020/21. Use for long-run trend only. Domestic consumption in producing/exporting countries. Compare CMR Feb-2026 vintage: 54.438m in CY2021/22 (coffee-year basis).
consumption_exporting_ico_hist,Exporting countries (55),2005/06,33.143,million 60kg bags,ICO (via Kaggle/GitHub mirror),"ICO historical statistics (country tables, to 2019/20) as republished in the Kaggle ""Coffee dataset"" (GitHub mirror)",https://github.com/ConnorMoss02/Brewing-Insights/blob/9aaf5291bf43a9ca5c4958902819cfff222b3803/data/raw/Coffee_domestic_consumption.csv,"Header: Country,Coffee type,1990/91,...,2019/20,Total_domestic_consumption; 55 exporting-country rows (kg); e.g. Brazil 2019/20 = 1320000000 kg",low,DERIVED by analyst: sum of all country rows in the ICO historical table (values stored in kg in the mirror; converted kg/60/1e6). ICO data vintage ~2020 (pre-dates current CMR series); CROP-YEAR basis (crop years commencing Apr/Jul/Oct by country) - NOT comparable with the coffee-year CMR series from 2020/21. Use for long-run trend only. Domestic consumption in producing/exporting countries. Compare CMR Feb-2026 vintage: 54.438m in CY2021/22 (coffee-year basis).
consumption_exporting_ico_hist,Exporting countries (55),2006/07,34.974,million 60kg bags,ICO (via Kaggle/GitHub mirror),"ICO historical statistics (country tables, to 2019/20) as republished in the Kaggle ""Coffee dataset"" (GitHub mirror)",https://github.com/ConnorMoss02/Brewing-Insights/blob/9aaf5291bf43a9ca5c4958902819cfff222b3803/data/raw/Coffee_domestic_consumption.csv,"Header: Country,Coffee type,1990/91,...,2019/20,Total_domestic_consumption; 55 exporting-country rows (kg); e.g. Brazil 2019/20 = 1320000000 kg",low,DERIVED by analyst: sum of all country rows in the ICO historical table (values stored in kg in the mirror; converted kg/60/1e6). ICO data vintage ~2020 (pre-dates current CMR series); CROP-YEAR basis (crop years commencing Apr/Jul/Oct by country) - NOT comparable with the coffee-year CMR series from 2020/21. Use for long-run trend only. Domestic consumption in producing/exporting countries. Compare CMR Feb-2026 vintage: 54.438m in CY2021/22 (coffee-year basis).
consumption_exporting_ico_hist,Exporting countries (55),2007/08,36.911,million 60kg bags,ICO (via Kaggle/GitHub mirror),"ICO historical statistics (country tables, to 2019/20) as republished in the Kaggle ""Coffee dataset"" (GitHub mirror)",https://github.com/ConnorMoss02/Brewing-Insights/blob/9aaf5291bf43a9ca5c4958902819cfff222b3803/data/raw/Coffee_domestic_consumption.csv,"Header: Country,Coffee type,1990/91,...,2019/20,Total_domestic_consumption; 55 exporting-country rows (kg); e.g. Brazil 2019/20 = 1320000000 kg",low,DERIVED by analyst: sum of all country rows in the ICO historical table (values stored in kg in the mirror; converted kg/60/1e6). ICO data vintage ~2020 (pre-dates current CMR series); CROP-YEAR basis (crop years commencing Apr/Jul/Oct by country) - NOT comparable with the coffee-year CMR series from 2020/21. Use for long-run trend only. Domestic consumption in producing/exporting countries. Compare CMR Feb-2026 vintage: 54.438m in CY2021/22 (coffee-year basis).
consumption_exporting_ico_hist,Exporting countries (55),2008/09,38.403,million 60kg bags,ICO (via Kaggle/GitHub mirror),"ICO historical statistics (country tables, to 2019/20) as republished in the Kaggle ""Coffee dataset"" (GitHub mirror)",https://github.com/ConnorMoss02/Brewing-Insights/blob/9aaf5291bf43a9ca5c4958902819cfff222b3803/data/raw/Coffee_domestic_consumption.csv,"Header: Country,Coffee type,1990/91,...,2019/20,Total_domestic_consumption; 55 exporting-country rows (kg); e.g. Brazil 2019/20 = 1320000000 kg",low,DERIVED by analyst: sum of all country rows in the ICO historical table (values stored in kg in the mirror; converted kg/60/1e6). ICO data vintage ~2020 (pre-dates current CMR series); CROP-YEAR basis (crop years commencing Apr/Jul/Oct by country) - NOT comparable with the coffee-year CMR series from 2020/21. Use for long-run trend only. Domestic consumption in producing/exporting countries. Compare CMR Feb-2026 vintage: 54.438m in CY2021/22 (coffee-year basis).
consumption_exporting_ico_hist,Exporting countries (55),2009/10,39.699,million 60kg bags,ICO (via Kaggle/GitHub mirror),"ICO historical statistics (country tables, to 2019/20) as republished in the Kaggle ""Coffee dataset"" (GitHub mirror)",https://github.com/ConnorMoss02/Brewing-Insights/blob/9aaf5291bf43a9ca5c4958902819cfff222b3803/data/raw/Coffee_domestic_consumption.csv,"Header: Country,Coffee type,1990/91,...,2019/20,Total_domestic_consumption; 55 exporting-country rows (kg); e.g. Brazil 2019/20 = 1320000000 kg",low,DERIVED by analyst: sum of all country rows in the ICO historical table (values stored in kg in the mirror; converted kg/60/1e6). ICO data vintage ~2020 (pre-dates current CMR series); CROP-YEAR basis (crop years commencing Apr/Jul/Oct by country) - NOT comparable with the coffee-year CMR series from 2020/21. Use for long-run trend only. Domestic consumption in producing/exporting countries. Compare CMR Feb-2026 vintage: 54.438m in CY2021/22 (coffee-year basis).
consumption_exporting_ico_hist,Exporting countries (55),2010/11,41.646,million 60kg bags,ICO (via Kaggle/GitHub mirror),"ICO historical statistics (country tables, to 2019/20) as republished in the Kaggle ""Coffee dataset"" (GitHub mirror)",https://github.com/ConnorMoss02/Brewing-Insights/blob/9aaf5291bf43a9ca5c4958902819cfff222b3803/data/raw/Coffee_domestic_consumption.csv,"Header: Country,Coffee type,1990/91,...,2019/20,Total_domestic_consumption; 55 exporting-country rows (kg); e.g. Brazil 2019/20 = 1320000000 kg",low,DERIVED by analyst: sum of all country rows in the ICO historical table (values stored in kg in the mirror; converted kg/60/1e6). ICO data vintage ~2020 (pre-dates current CMR series); CROP-YEAR basis (crop years commencing Apr/Jul/Oct by country) - NOT comparable with the coffee-year CMR series from 2020/21. Use for long-run trend only. Domestic consumption in producing/exporting countries. Compare CMR Feb-2026 vintage: 54.438m in CY2021/22 (coffee-year basis).
consumption_exporting_ico_hist,Exporting countries (55),2011/12,43.192,million 60kg bags,ICO (via Kaggle/GitHub mirror),"ICO historical statistics (country tables, to 2019/20) as republished in the Kaggle ""Coffee dataset"" (GitHub mirror)",https://github.com/ConnorMoss02/Brewing-Insights/blob/9aaf5291bf43a9ca5c4958902819cfff222b3803/data/raw/Coffee_domestic_consumption.csv,"Header: Country,Coffee type,1990/91,...,2019/20,Total_domestic_consumption; 55 exporting-country rows (kg); e.g. Brazil 2019/20 = 1320000000 kg",low,DERIVED by analyst: sum of all country rows in the ICO historical table (values stored in kg in the mirror; converted kg/60/1e6). ICO data vintage ~2020 (pre-dates current CMR series); CROP-YEAR basis (crop years commencing Apr/Jul/Oct by country) - NOT comparable with the coffee-year CMR series from 2020/21. Use for long-run trend only. Domestic consumption in producing/exporting countries. Compare CMR Feb-2026 vintage: 54.438m in CY2021/22 (coffee-year basis).
consumption_exporting_ico_hist,Exporting countries (55),2012/13,44.653,million 60kg bags,ICO (via Kaggle/GitHub mirror),"ICO historical statistics (country tables, to 2019/20) as republished in the Kaggle ""Coffee dataset"" (GitHub mirror)",https://github.com/ConnorMoss02/Brewing-Insights/blob/9aaf5291bf43a9ca5c4958902819cfff222b3803/data/raw/Coffee_domestic_consumption.csv,"Header: Country,Coffee type,1990/91,...,2019/20,Total_domestic_consumption; 55 exporting-country rows (kg); e.g. Brazil 2019/20 = 1320000000 kg",low,DERIVED by analyst: sum of all country rows in the ICO historical table (values stored in kg in the mirror; converted kg/60/1e6). ICO data vintage ~2020 (pre-dates current CMR series); CROP-YEAR basis (crop years commencing Apr/Jul/Oct by country) - NOT comparable with the coffee-year CMR series from 2020/21. Use for long-run trend only. Domestic consumption in producing/exporting countries. Compare CMR Feb-2026 vintage: 54.438m in CY2021/22 (coffee-year basis).
consumption_exporting_ico_hist,Exporting countries (55),2013/14,45.324,million 60kg bags,ICO (via Kaggle/GitHub mirror),"ICO historical statistics (country tables, to 2019/20) as republished in the Kaggle ""Coffee dataset"" (GitHub mirror)",https://github.com/ConnorMoss02/Brewing-Insights/blob/9aaf5291bf43a9ca5c4958902819cfff222b3803/data/raw/Coffee_domestic_consumption.csv,"Header: Country,Coffee type,1990/91,...,2019/20,Total_domestic_consumption; 55 exporting-country rows (kg); e.g. Brazil 2019/20 = 1320000000 kg",low,DERIVED by analyst: sum of all country rows in the ICO historical table (values stored in kg in the mirror; converted kg/60/1e6). ICO data vintage ~2020 (pre-dates current CMR series); CROP-YEAR basis (crop years commencing Apr/Jul/Oct by country) - NOT comparable with the coffee-year CMR series from 2020/21. Use for long-run trend only. Domestic consumption in producing/exporting countries. Compare CMR Feb-2026 vintage: 54.438m in CY2021/22 (coffee-year basis).
consumption_exporting_ico_hist,Exporting countries (55),2014/15,46.474,million 60kg bags,ICO (via Kaggle/GitHub mirror),"ICO historical statistics (country tables, to 2019/20) as republished in the Kaggle ""Coffee dataset"" (GitHub mirror)",https://github.com/ConnorMoss02/Brewing-Insights/blob/9aaf5291bf43a9ca5c4958902819cfff222b3803/data/raw/Coffee_domestic_consumption.csv,"Header: Country,Coffee type,1990/91,...,2019/20,Total_domestic_consumption; 55 exporting-country rows (kg); e.g. Brazil 2019/20 = 1320000000 kg",low,DERIVED by analyst: sum of all country rows in the ICO historical table (values stored in kg in the mirror; converted kg/60/1e6). ICO data vintage ~2020 (pre-dates current CMR series); CROP-YEAR basis (crop years commencing Apr/Jul/Oct by country) - NOT comparable with the coffee-year CMR series from 2020/21. Use for long-run trend only. Domestic consumption in producing/exporting countries. Compare CMR Feb-2026 vintage: 54.438m in CY2021/22 (coffee-year basis).
consumption_exporting_ico_hist,Exporting countries (55),2015/16,47.349,million 60kg bags,ICO (via Kaggle/GitHub mirror),"ICO historical statistics (country tables, to 2019/20) as republished in the Kaggle ""Coffee dataset"" (GitHub mirror)",https://github.com/ConnorMoss02/Brewing-Insights/blob/9aaf5291bf43a9ca5c4958902819cfff222b3803/data/raw/Coffee_domestic_consumption.csv,"Header: Country,Coffee type,1990/91,...,2019/20,Total_domestic_consumption; 55 exporting-country rows (kg); e.g. Brazil 2019/20 = 1320000000 kg",low,DERIVED by analyst: sum of all country rows in the ICO historical table (values stored in kg in the mirror; converted kg/60/1e6). ICO data vintage ~2020 (pre-dates current CMR series); CROP-YEAR basis (crop years commencing Apr/Jul/Oct by country) - NOT comparable with the coffee-year CMR series from 2020/21. Use for long-run trend only. Domestic consumption in producing/exporting countries. Compare CMR Feb-2026 vintage: 54.438m in CY2021/22 (coffee-year basis).
consumption_exporting_ico_hist,Exporting countries (55),2016/17,48.334,million 60kg bags,ICO (via Kaggle/GitHub mirror),"ICO historical statistics (country tables, to 2019/20) as republished in the Kaggle ""Coffee dataset"" (GitHub mirror)",https://github.com/ConnorMoss02/Brewing-Insights/blob/9aaf5291bf43a9ca5c4958902819cfff222b3803/data/raw/Coffee_domestic_consumption.csv,"Header: Country,Coffee type,1990/91,...,2019/20,Total_domestic_consumption; 55 exporting-country rows (kg); e.g. Brazil 2019/20 = 1320000000 kg",low,DERIVED by analyst: sum of all country rows in the ICO historical table (values stored in kg in the mirror; converted kg/60/1e6). ICO data vintage ~2020 (pre-dates current CMR series); CROP-YEAR basis (crop years commencing Apr/Jul/Oct by country) - NOT comparable with the coffee-year CMR series from 2020/21. Use for long-run trend only. Domestic consumption in producing/exporting countries. Compare CMR Feb-2026 vintage: 54.438m in CY2021/22 (coffee-year basis).
consumption_exporting_ico_hist,Exporting countries (55),2017/18,49.686,million 60kg bags,ICO (via Kaggle/GitHub mirror),"ICO historical statistics (country tables, to 2019/20) as republished in the Kaggle ""Coffee dataset"" (GitHub mirror)",https://github.com/ConnorMoss02/Brewing-Insights/blob/9aaf5291bf43a9ca5c4958902819cfff222b3803/data/raw/Coffee_domestic_consumption.csv,"Header: Country,Coffee type,1990/91,...,2019/20,Total_domestic_consumption; 55 exporting-country rows (kg); e.g. Brazil 2019/20 = 1320000000 kg",low,DERIVED by analyst: sum of all country rows in the ICO historical table (values stored in kg in the mirror; converted kg/60/1e6). ICO data vintage ~2020 (pre-dates current CMR series); CROP-YEAR basis (crop years commencing Apr/Jul/Oct by country) - NOT comparable with the coffee-year CMR series from 2020/21. Use for long-run trend only. Domestic consumption in producing/exporting countries. Compare CMR Feb-2026 vintage: 54.438m in CY2021/22 (coffee-year basis).
consumption_exporting_ico_hist,Exporting countries (55),2018/19,50.245,million 60kg bags,ICO (via Kaggle/GitHub mirror),"ICO historical statistics (country tables, to 2019/20) as republished in the Kaggle ""Coffee dataset"" (GitHub mirror)",https://github.com/ConnorMoss02/Brewing-Insights/blob/9aaf5291bf43a9ca5c4958902819cfff222b3803/data/raw/Coffee_domestic_consumption.csv,"Header: Country,Coffee type,1990/91,...,2019/20,Total_domestic_consumption; 55 exporting-country rows (kg); e.g. Brazil 2019/20 = 1320000000 kg",low,DERIVED by analyst: sum of all country rows in the ICO historical table (values stored in kg in the mirror; converted kg/60/1e6). ICO data vintage ~2020 (pre-dates current CMR series); CROP-YEAR basis (crop years commencing Apr/Jul/Oct by country) - NOT comparable with the coffee-year CMR series from 2020/21. Use for long-run trend only. Domestic consumption in producing/exporting countries. Compare CMR Feb-2026 vintage: 54.438m in CY2021/22 (coffee-year basis).
consumption_exporting_ico_hist,Exporting countries (55),2019/20,49.982,million 60kg bags,ICO (via Kaggle/GitHub mirror),"ICO historical statistics (country tables, to 2019/20) as republished in the Kaggle ""Coffee dataset"" (GitHub mirror)",https://github.com/ConnorMoss02/Brewing-Insights/blob/9aaf5291bf43a9ca5c4958902819cfff222b3803/data/raw/Coffee_domestic_consumption.csv,"Header: Country,Coffee type,1990/91,...,2019/20,Total_domestic_consumption; 55 exporting-country rows (kg); e.g. Brazil 2019/20 = 1320000000 kg",low,DERIVED by analyst: sum of all country rows in the ICO historical table (values stored in kg in the mirror; converted kg/60/1e6). ICO data vintage ~2020 (pre-dates current CMR series); CROP-YEAR basis (crop years commencing Apr/Jul/Oct by country) - NOT comparable with the coffee-year CMR series from 2020/21. Use for long-run trend only. Domestic consumption in producing/exporting countries. Compare CMR Feb-2026 vintage: 54.438m in CY2021/22 (coffee-year basis).
consumption_importing_ico,Importing countries,CY2021/22,116.062,million 60kg bags,ICO,"Table 3: World Supply/Demand Balance, ICO Coffee Market Report - February 2026 (PDF dated 12 Mar 2026)",https://www.ico.org/documents/cy2025-26/cmr-0226-e.pdf,"Table 3 (thousand 60-kg bags), coffee year commencing 2021 2022 2023 2024: Importing countries (Coffee Years) 116,062 121,191 116,233 117,329",high,"Coffee-year basis (""Coffee year commencing"" 2021..2024 = CY2021/22..CY2024/25). Vintage: ICO Table 3 as published in Feb 2026 CMR (identical in Mar 2026 CMR, cmr-0326-e.pdf). SUPERSEDED by the 10 Sep 2026 update (Aug 2026 CMR). Source table in thousand 60-kg bags; converted to million (/1000, 3 dp). Read from a copy of the ICO PDF/text mirrored in public repo github.com/BMR-Com/coffee-analytics (pipeline downloads the CMR from ico.org; pdfs/2026-02.pdf, data/report-text/2026-02.txt @ b7111c9)."
consumption_importing_ico,Importing countries,CY2022/23,121.191,million 60kg bags,ICO,"Table 3: World Supply/Demand Balance, ICO Coffee Market Report - February 2026 (PDF dated 12 Mar 2026)",https://www.ico.org/documents/cy2025-26/cmr-0226-e.pdf,"Table 3 (thousand 60-kg bags), coffee year commencing 2021 2022 2023 2024: Importing countries (Coffee Years) 116,062 121,191 116,233 117,329",high,"Coffee-year basis (""Coffee year commencing"" 2021..2024 = CY2021/22..CY2024/25). Vintage: ICO Table 3 as published in Feb 2026 CMR (identical in Mar 2026 CMR, cmr-0326-e.pdf). SUPERSEDED by the 10 Sep 2026 update (Aug 2026 CMR). Source table in thousand 60-kg bags; converted to million (/1000, 3 dp). Read from a copy of the ICO PDF/text mirrored in public repo github.com/BMR-Com/coffee-analytics (pipeline downloads the CMR from ico.org; pdfs/2026-02.pdf, data/report-text/2026-02.txt @ b7111c9)."
consumption_importing_ico,Importing countries,CY2023/24,116.233,million 60kg bags,ICO,"Table 3: World Supply/Demand Balance, ICO Coffee Market Report - February 2026 (PDF dated 12 Mar 2026)",https://www.ico.org/documents/cy2025-26/cmr-0226-e.pdf,"Table 3 (thousand 60-kg bags), coffee year commencing 2021 2022 2023 2024: Importing countries (Coffee Years) 116,062 121,191 116,233 117,329",high,"Coffee-year basis (""Coffee year commencing"" 2021..2024 = CY2021/22..CY2024/25). Vintage: ICO Table 3 as published in Feb 2026 CMR (identical in Mar 2026 CMR, cmr-0326-e.pdf). SUPERSEDED by the 10 Sep 2026 update (Aug 2026 CMR). Source table in thousand 60-kg bags; converted to million (/1000, 3 dp). Read from a copy of the ICO PDF/text mirrored in public repo github.com/BMR-Com/coffee-analytics (pipeline downloads the CMR from ico.org; pdfs/2026-02.pdf, data/report-text/2026-02.txt @ b7111c9)."
consumption_importing_ico,Importing countries,CY2024/25,117.329,million 60kg bags,ICO,"Table 3: World Supply/Demand Balance, ICO Coffee Market Report - February 2026 (PDF dated 12 Mar 2026)",https://www.ico.org/documents/cy2025-26/cmr-0226-e.pdf,"Table 3 (thousand 60-kg bags), coffee year commencing 2021 2022 2023 2024: Importing countries (Coffee Years) 116,062 121,191 116,233 117,329",high,"Coffee-year basis (""Coffee year commencing"" 2021..2024 = CY2021/22..CY2024/25). Vintage: ICO Table 3 as published in Feb 2026 CMR (identical in Mar 2026 CMR, cmr-0326-e.pdf). SUPERSEDED by the 10 Sep 2026 update (Aug 2026 CMR). Source table in thousand 60-kg bags; converted to million (/1000, 3 dp). Read from a copy of the ICO PDF/text mirrored in public repo github.com/BMR-Com/coffee-analytics (pipeline downloads the CMR from ico.org; pdfs/2026-02.pdf, data/report-text/2026-02.txt @ b7111c9)."
consumption_importing_members_ico_hist,"Importing ICO members (35: EU members, UK, USA, Japan, Russia, Switzerland, Norway, Tunisia)",1990,59.323,million 60kg bags,ICO (via Kaggle/GitHub mirror),"ICO historical statistics (country tables, to 2019/20) as republished in the Kaggle ""Coffee dataset"" (GitHub mirror)",https://github.com/ConnorMoss02/Brewing-Insights/blob/9aaf5291bf43a9ca5c4958902819cfff222b3803/data/raw/Coffee_importers_consumption.csv,"Header: Country,1990,...,2019,Total_import_consumption; 35 importing-member rows (kg); e.g. United States of America 2019 = 1638600000 kg",low,"DERIVED by analyst: sum of ICO disappearance (consumption) in selected importing MEMBER countries, CALENDAR years; excludes non-members (e.g. China, Korea, Canada, Australia, Middle East) so it is NOT total importing-country consumption. ICO data vintage ~2020. Values in kg in mirror, converted."
consumption_importing_members_ico_hist,"Importing ICO members (35: EU members, UK, USA, Japan, Russia, Switzerland, Norway, Tunisia)",2000,67.260,million 60kg bags,ICO (via Kaggle/GitHub mirror),"ICO historical statistics (country tables, to 2019/20) as republished in the Kaggle ""Coffee dataset"" (GitHub mirror)",https://github.com/ConnorMoss02/Brewing-Insights/blob/9aaf5291bf43a9ca5c4958902819cfff222b3803/data/raw/Coffee_importers_consumption.csv,"Header: Country,1990,...,2019,Total_import_consumption; 35 importing-member rows (kg); e.g. United States of America 2019 = 1638600000 kg",low,"DERIVED by analyst: sum of ICO disappearance (consumption) in selected importing MEMBER countries, CALENDAR years; excludes non-members (e.g. China, Korea, Canada, Australia, Middle East) so it is NOT total importing-country consumption. ICO data vintage ~2020. Values in kg in mirror, converted."
consumption_importing_members_ico_hist,"Importing ICO members (35: EU members, UK, USA, Japan, Russia, Switzerland, Norway, Tunisia)",2005,73.218,million 60kg bags,ICO (via Kaggle/GitHub mirror),"ICO historical statistics (country tables, to 2019/20) as republished in the Kaggle ""Coffee dataset"" (GitHub mirror)",https://github.com/ConnorMoss02/Brewing-Insights/blob/9aaf5291bf43a9ca5c4958902819cfff222b3803/data/raw/Coffee_importers_consumption.csv,"Header: Country,1990,...,2019,Total_import_consumption; 35 importing-member rows (kg); e.g. United States of America 2019 = 1638600000 kg",low,"DERIVED by analyst: sum of ICO disappearance (consumption) in selected importing MEMBER countries, CALENDAR years; excludes non-members (e.g. China, Korea, Canada, Australia, Middle East) so it is NOT total importing-country consumption. ICO data vintage ~2020. Values in kg in mirror, converted."
consumption_importing_members_ico_hist,"Importing ICO members (35: EU members, UK, USA, Japan, Russia, Switzerland, Norway, Tunisia)",2006,74.595,million 60kg bags,ICO (via Kaggle/GitHub mirror),"ICO historical statistics (country tables, to 2019/20) as republished in the Kaggle ""Coffee dataset"" (GitHub mirror)",https://github.com/ConnorMoss02/Brewing-Insights/blob/9aaf5291bf43a9ca5c4958902819cfff222b3803/data/raw/Coffee_importers_consumption.csv,"Header: Country,1990,...,2019,Total_import_consumption; 35 importing-member rows (kg); e.g. United States of America 2019 = 1638600000 kg",low,"DERIVED by analyst: sum of ICO disappearance (consumption) in selected importing MEMBER countries, CALENDAR years; excludes non-members (e.g. China, Korea, Canada, Australia, Middle East) so it is NOT total importing-country consumption. ICO data vintage ~2020. Values in kg in mirror, converted."
consumption_importing_members_ico_hist,"Importing ICO members (35: EU members, UK, USA, Japan, Russia, Switzerland, Norway, Tunisia)",2007,75.446,million 60kg bags,ICO (via Kaggle/GitHub mirror),"ICO historical statistics (country tables, to 2019/20) as republished in the Kaggle ""Coffee dataset"" (GitHub mirror)",https://github.com/ConnorMoss02/Brewing-Insights/blob/9aaf5291bf43a9ca5c4958902819cfff222b3803/data/raw/Coffee_importers_consumption.csv,"Header: Country,1990,...,2019,Total_import_consumption; 35 importing-member rows (kg); e.g. United States of America 2019 = 1638600000 kg",low,"DERIVED by analyst: sum of ICO disappearance (consumption) in selected importing MEMBER countries, CALENDAR years; excludes non-members (e.g. China, Korea, Canada, Australia, Middle East) so it is NOT total importing-country consumption. ICO data vintage ~2020. Values in kg in mirror, converted."
consumption_importing_members_ico_hist,"Importing ICO members (35: EU members, UK, USA, Japan, Russia, Switzerland, Norway, Tunisia)",2008,75.231,million 60kg bags,ICO (via Kaggle/GitHub mirror),"ICO historical statistics (country tables, to 2019/20) as republished in the Kaggle ""Coffee dataset"" (GitHub mirror)",https://github.com/ConnorMoss02/Brewing-Insights/blob/9aaf5291bf43a9ca5c4958902819cfff222b3803/data/raw/Coffee_importers_consumption.csv,"Header: Country,1990,...,2019,Total_import_consumption; 35 importing-member rows (kg); e.g. United States of America 2019 = 1638600000 kg",low,"DERIVED by analyst: sum of ICO disappearance (consumption) in selected importing MEMBER countries, CALENDAR years; excludes non-members (e.g. China, Korea, Canada, Australia, Middle East) so it is NOT total importing-country consumption. ICO data vintage ~2020. Values in kg in mirror, converted."
consumption_importing_members_ico_hist,"Importing ICO members (35: EU members, UK, USA, Japan, Russia, Switzerland, Norway, Tunisia)",2009,73.689,million 60kg bags,ICO (via Kaggle/GitHub mirror),"ICO historical statistics (country tables, to 2019/20) as republished in the Kaggle ""Coffee dataset"" (GitHub mirror)",https://github.com/ConnorMoss02/Brewing-Insights/blob/9aaf5291bf43a9ca5c4958902819cfff222b3803/data/raw/Coffee_importers_consumption.csv,"Header: Country,1990,...,2019,Total_import_consumption; 35 importing-member rows (kg); e.g. United States of America 2019 = 1638600000 kg",low,"DERIVED by analyst: sum of ICO disappearance (consumption) in selected importing MEMBER countries, CALENDAR years; excludes non-members (e.g. China, Korea, Canada, Australia, Middle East) so it is NOT total importing-country consumption. ICO data vintage ~2020. Values in kg in mirror, converted."
consumption_importing_members_ico_hist,"Importing ICO members (35: EU members, UK, USA, Japan, Russia, Switzerland, Norway, Tunisia)",2010,75.930,million 60kg bags,ICO (via Kaggle/GitHub mirror),"ICO historical statistics (country tables, to 2019/20) as republished in the Kaggle ""Coffee dataset"" (GitHub mirror)",https://github.com/ConnorMoss02/Brewing-Insights/blob/9aaf5291bf43a9ca5c4958902819cfff222b3803/data/raw/Coffee_importers_consumption.csv,"Header: Country,1990,...,2019,Total_import_consumption; 35 importing-member rows (kg); e.g. United States of America 2019 = 1638600000 kg",low,"DERIVED by analyst: sum of ICO disappearance (consumption) in selected importing MEMBER countries, CALENDAR years; excludes non-members (e.g. China, Korea, Canada, Australia, Middle East) so it is NOT total importing-country consumption. ICO data vintage ~2020. Values in kg in mirror, converted."
consumption_importing_members_ico_hist,"Importing ICO members (35: EU members, UK, USA, Japan, Russia, Switzerland, Norway, Tunisia)",2011,75.804,million 60kg bags,ICO (via Kaggle/GitHub mirror),"ICO historical statistics (country tables, to 2019/20) as republished in the Kaggle ""Coffee dataset"" (GitHub mirror)",https://github.com/ConnorMoss02/Brewing-Insights/blob/9aaf5291bf43a9ca5c4958902819cfff222b3803/data/raw/Coffee_importers_consumption.csv,"Header: Country,1990,...,2019,Total_import_consumption; 35 importing-member rows (kg); e.g. United States of America 2019 = 1638600000 kg",low,"DERIVED by analyst: sum of ICO disappearance (consumption) in selected importing MEMBER countries, CALENDAR years; excludes non-members (e.g. China, Korea, Canada, Australia, Middle East) so it is NOT total importing-country consumption. ICO data vintage ~2020. Values in kg in mirror, converted."
consumption_importing_members_ico_hist,"Importing ICO members (35: EU members, UK, USA, Japan, Russia, Switzerland, Norway, Tunisia)",2012,76.226,million 60kg bags,ICO (via Kaggle/GitHub mirror),"ICO historical statistics (country tables, to 2019/20) as republished in the Kaggle ""Coffee dataset"" (GitHub mirror)",https://github.com/ConnorMoss02/Brewing-Insights/blob/9aaf5291bf43a9ca5c4958902819cfff222b3803/data/raw/Coffee_importers_consumption.csv,"Header: Country,1990,...,2019,Total_import_consumption; 35 importing-member rows (kg); e.g. United States of America 2019 = 1638600000 kg",low,"DERIVED by analyst: sum of ICO disappearance (consumption) in selected importing MEMBER countries, CALENDAR years; excludes non-members (e.g. China, Korea, Canada, Australia, Middle East) so it is NOT total importing-country consumption. ICO data vintage ~2020. Values in kg in mirror, converted."
consumption_importing_members_ico_hist,"Importing ICO members (35: EU members, UK, USA, Japan, Russia, Switzerland, Norway, Tunisia)",2013,78.400,million 60kg bags,ICO (via Kaggle/GitHub mirror),"ICO historical statistics (country tables, to 2019/20) as republished in the Kaggle ""Coffee dataset"" (GitHub mirror)",https://github.com/ConnorMoss02/Brewing-Insights/blob/9aaf5291bf43a9ca5c4958902819cfff222b3803/data/raw/Coffee_importers_consumption.csv,"Header: Country,1990,...,2019,Total_import_consumption; 35 importing-member rows (kg); e.g. United States of America 2019 = 1638600000 kg",low,"DERIVED by analyst: sum of ICO disappearance (consumption) in selected importing MEMBER countries, CALENDAR years; excludes non-members (e.g. China, Korea, Canada, Australia, Middle East) so it is NOT total importing-country consumption. ICO data vintage ~2020. Values in kg in mirror, converted."
consumption_importing_members_ico_hist,"Importing ICO members (35: EU members, UK, USA, Japan, Russia, Switzerland, Norway, Tunisia)",2014,80.143,million 60kg bags,ICO (via Kaggle/GitHub mirror),"ICO historical statistics (country tables, to 2019/20) as republished in the Kaggle ""Coffee dataset"" (GitHub mirror)",https://github.com/ConnorMoss02/Brewing-Insights/blob/9aaf5291bf43a9ca5c4958902819cfff222b3803/data/raw/Coffee_importers_consumption.csv,"Header: Country,1990,...,2019,Total_import_consumption; 35 importing-member rows (kg); e.g. United States of America 2019 = 1638600000 kg",low,"DERIVED by analyst: sum of ICO disappearance (consumption) in selected importing MEMBER countries, CALENDAR years; excludes non-members (e.g. China, Korea, Canada, Australia, Middle East) so it is NOT total importing-country consumption. ICO data vintage ~2020. Values in kg in mirror, converted."
consumption_importing_members_ico_hist,"Importing ICO members (35: EU members, UK, USA, Japan, Russia, Switzerland, Norway, Tunisia)",2015,80.120,million 60kg bags,ICO (via Kaggle/GitHub mirror),"ICO historical statistics (country tables, to 2019/20) as republished in the Kaggle ""Coffee dataset"" (GitHub mirror)",https://github.com/ConnorMoss02/Brewing-Insights/blob/9aaf5291bf43a9ca5c4958902819cfff222b3803/data/raw/Coffee_importers_consumption.csv,"Header: Country,1990,...,2019,Total_import_consumption; 35 importing-member rows (kg); e.g. United States of America 2019 = 1638600000 kg",low,"DERIVED by analyst: sum of ICO disappearance (consumption) in selected importing MEMBER countries, CALENDAR years; excludes non-members (e.g. China, Korea, Canada, Australia, Middle East) so it is NOT total importing-country consumption. ICO data vintage ~2020. Values in kg in mirror, converted."
consumption_importing_members_ico_hist,"Importing ICO members (35: EU members, UK, USA, Japan, Russia, Switzerland, Norway, Tunisia)",2016,84.087,million 60kg bags,ICO (via Kaggle/GitHub mirror),"ICO historical statistics (country tables, to 2019/20) as republished in the Kaggle ""Coffee dataset"" (GitHub mirror)",https://github.com/ConnorMoss02/Brewing-Insights/blob/9aaf5291bf43a9ca5c4958902819cfff222b3803/data/raw/Coffee_importers_consumption.csv,"Header: Country,1990,...,2019,Total_import_consumption; 35 importing-member rows (kg); e.g. United States of America 2019 = 1638600000 kg",low,"DERIVED by analyst: sum of ICO disappearance (consumption) in selected importing MEMBER countries, CALENDAR years; excludes non-members (e.g. China, Korea, Canada, Australia, Middle East) so it is NOT total importing-country consumption. ICO data vintage ~2020. Values in kg in mirror, converted."
consumption_importing_members_ico_hist,"Importing ICO members (35: EU members, UK, USA, Japan, Russia, Switzerland, Norway, Tunisia)",2017,83.160,million 60kg bags,ICO (via Kaggle/GitHub mirror),"ICO historical statistics (country tables, to 2019/20) as republished in the Kaggle ""Coffee dataset"" (GitHub mirror)",https://github.com/ConnorMoss02/Brewing-Insights/blob/9aaf5291bf43a9ca5c4958902819cfff222b3803/data/raw/Coffee_importers_consumption.csv,"Header: Country,1990,...,2019,Total_import_consumption; 35 importing-member rows (kg); e.g. United States of America 2019 = 1638600000 kg",low,"DERIVED by analyst: sum of ICO disappearance (consumption) in selected importing MEMBER countries, CALENDAR years; excludes non-members (e.g. China, Korea, Canada, Australia, Middle East) so it is NOT total importing-country consumption. ICO data vintage ~2020. Values in kg in mirror, converted."
consumption_importing_members_ico_hist,"Importing ICO members (35: EU members, UK, USA, Japan, Russia, Switzerland, Norway, Tunisia)",2018,86.151,million 60kg bags,ICO (via Kaggle/GitHub mirror),"ICO historical statistics (country tables, to 2019/20) as republished in the Kaggle ""Coffee dataset"" (GitHub mirror)",https://github.com/ConnorMoss02/Brewing-Insights/blob/9aaf5291bf43a9ca5c4958902819cfff222b3803/data/raw/Coffee_importers_consumption.csv,"Header: Country,1990,...,2019,Total_import_consumption; 35 importing-member rows (kg); e.g. United States of America 2019 = 1638600000 kg",low,"DERIVED by analyst: sum of ICO disappearance (consumption) in selected importing MEMBER countries, CALENDAR years; excludes non-members (e.g. China, Korea, Canada, Australia, Middle East) so it is NOT total importing-country consumption. ICO data vintage ~2020. Values in kg in mirror, converted."
consumption_importing_members_ico_hist,"Importing ICO members (35: EU members, UK, USA, Japan, Russia, Switzerland, Norway, Tunisia)",2019,87.065,million 60kg bags,ICO (via Kaggle/GitHub mirror),"ICO historical statistics (country tables, to 2019/20) as republished in the Kaggle ""Coffee dataset"" (GitHub mirror)",https://github.com/ConnorMoss02/Brewing-Insights/blob/9aaf5291bf43a9ca5c4958902819cfff222b3803/data/raw/Coffee_importers_consumption.csv,"Header: Country,1990,...,2019,Total_import_consumption; 35 importing-member rows (kg); e.g. United States of America 2019 = 1638600000 kg",low,"DERIVED by analyst: sum of ICO disappearance (consumption) in selected importing MEMBER countries, CALENDAR years; excludes non-members (e.g. China, Korea, Canada, Australia, Middle East) so it is NOT total importing-country consumption. ICO data vintage ~2020. Values in kg in mirror, converted."
consumption_region_ico,Africa,CY2020/21,12.8,million 60kg bags,ICO,ICO Coffee Market Report - August 2026 (published 10 Sep 2026),https://www.ico.org/documents/cy2025-26/cmr-0826-e.pdf,TOTL CONSUMPTION - REGIONS: Africa 12.8 12.4 11.9 12.2 13.3 13.4,high,"Coffee-year basis (Oct-Sep). Vintage: ICO supply & demand statistics update of 10 Sep 2026 (latest). 2025/26 = estimate. Consumption defined as apparent consumption (production + net trade +/- stock changes; footnote 5). Regional split of world consumption (Table 3). Read from a copy of the ICO PDF/text mirrored in public repo github.com/BMR-Com/coffee-analytics (pipeline downloads the CMR from ico.org; pdfs/2026-08.pdf, data/report-text/2026-08.txt @ b7111c9)."
consumption_region_ico,Africa,CY2021/22,12.677,million 60kg bags,ICO,"Table 3: World Supply/Demand Balance, ICO Coffee Market Report - February 2026 (PDF dated 12 Mar 2026)",https://www.ico.org/documents/cy2025-26/cmr-0226-e.pdf,"Table 3 (thousand 60-kg bags), coffee year commencing 2021 2022 2023 2024: Africa 12,677 12,446 11,566 12,145",high,"Coffee-year basis (""Coffee year commencing"" 2021..2024 = CY2021/22..CY2024/25). Vintage: ICO Table 3 as published in Feb 2026 CMR (identical in Mar 2026 CMR, cmr-0326-e.pdf). SUPERSEDED by the 10 Sep 2026 update (Aug 2026 CMR). Source table in thousand 60-kg bags; converted to million (/1000, 3 dp). Read from a copy of the ICO PDF/text mirrored in public repo github.com/BMR-Com/coffee-analytics (pipeline downloads the CMR from ico.org; pdfs/2026-02.pdf, data/report-text/2026-02.txt @ b7111c9)."
consumption_region_ico,Africa,CY2021/22,12.4,million 60kg bags,ICO,ICO Coffee Market Report - August 2026 (published 10 Sep 2026),https://www.ico.org/documents/cy2025-26/cmr-0826-e.pdf,TOTL CONSUMPTION - REGIONS: Africa 12.8 12.4 11.9 12.2 13.3 13.4,high,"Coffee-year basis (Oct-Sep). Vintage: ICO supply & demand statistics update of 10 Sep 2026 (latest). 2025/26 = estimate. Consumption defined as apparent consumption (production + net trade +/- stock changes; footnote 5). Regional split of world consumption (Table 3). Read from a copy of the ICO PDF/text mirrored in public repo github.com/BMR-Com/coffee-analytics (pipeline downloads the CMR from ico.org; pdfs/2026-08.pdf, data/report-text/2026-08.txt @ b7111c9)."
consumption_region_ico,Africa,CY2022/23,12.446,million 60kg bags,ICO,"Table 3: World Supply/Demand Balance, ICO Coffee Market Report - February 2026 (PDF dated 12 Mar 2026)",https://www.ico.org/documents/cy2025-26/cmr-0226-e.pdf,"Table 3 (thousand 60-kg bags), coffee year commencing 2021 2022 2023 2024: Africa 12,677 12,446 11,566 12,145",high,"Coffee-year basis (""Coffee year commencing"" 2021..2024 = CY2021/22..CY2024/25). Vintage: ICO Table 3 as published in Feb 2026 CMR (identical in Mar 2026 CMR, cmr-0326-e.pdf). SUPERSEDED by the 10 Sep 2026 update (Aug 2026 CMR). Source table in thousand 60-kg bags; converted to million (/1000, 3 dp). Read from a copy of the ICO PDF/text mirrored in public repo github.com/BMR-Com/coffee-analytics (pipeline downloads the CMR from ico.org; pdfs/2026-02.pdf, data/report-text/2026-02.txt @ b7111c9)."
consumption_region_ico,Africa,CY2022/23,11.9,million 60kg bags,ICO,ICO Coffee Market Report - August 2026 (published 10 Sep 2026),https://www.ico.org/documents/cy2025-26/cmr-0826-e.pdf,TOTL CONSUMPTION - REGIONS: Africa 12.8 12.4 11.9 12.2 13.3 13.4,high,"Coffee-year basis (Oct-Sep). Vintage: ICO supply & demand statistics update of 10 Sep 2026 (latest). 2025/26 = estimate. Consumption defined as apparent consumption (production + net trade +/- stock changes; footnote 5). Regional split of world consumption (Table 3). Read from a copy of the ICO PDF/text mirrored in public repo github.com/BMR-Com/coffee-analytics (pipeline downloads the CMR from ico.org; pdfs/2026-08.pdf, data/report-text/2026-08.txt @ b7111c9)."
consumption_region_ico,Africa,CY2023/24,11.566,million 60kg bags,ICO,"Table 3: World Supply/Demand Balance, ICO Coffee Market Report - February 2026 (PDF dated 12 Mar 2026)",https://www.ico.org/documents/cy2025-26/cmr-0226-e.pdf,"Table 3 (thousand 60-kg bags), coffee year commencing 2021 2022 2023 2024: Africa 12,677 12,446 11,566 12,145",high,"Coffee-year basis (""Coffee year commencing"" 2021..2024 = CY2021/22..CY2024/25). Vintage: ICO Table 3 as published in Feb 2026 CMR (identical in Mar 2026 CMR, cmr-0326-e.pdf). SUPERSEDED by the 10 Sep 2026 update (Aug 2026 CMR). Source table in thousand 60-kg bags; converted to million (/1000, 3 dp). Read from a copy of the ICO PDF/text mirrored in public repo github.com/BMR-Com/coffee-analytics (pipeline downloads the CMR from ico.org; pdfs/2026-02.pdf, data/report-text/2026-02.txt @ b7111c9)."
consumption_region_ico,Africa,CY2023/24,12.2,million 60kg bags,ICO,ICO Coffee Market Report - August 2026 (published 10 Sep 2026),https://www.ico.org/documents/cy2025-26/cmr-0826-e.pdf,TOTL CONSUMPTION - REGIONS: Africa 12.8 12.4 11.9 12.2 13.3 13.4,high,"Coffee-year basis (Oct-Sep). Vintage: ICO supply & demand statistics update of 10 Sep 2026 (latest). 2025/26 = estimate. Consumption defined as apparent consumption (production + net trade +/- stock changes; footnote 5). Regional split of world consumption (Table 3). Read from a copy of the ICO PDF/text mirrored in public repo github.com/BMR-Com/coffee-analytics (pipeline downloads the CMR from ico.org; pdfs/2026-08.pdf, data/report-text/2026-08.txt @ b7111c9)."
consumption_region_ico,Africa,CY2024/25,12.145,million 60kg bags,ICO,"Table 3: World Supply/Demand Balance, ICO Coffee Market Report - February 2026 (PDF dated 12 Mar 2026)",https://www.ico.org/documents/cy2025-26/cmr-0226-e.pdf,"Table 3 (thousand 60-kg bags), coffee year commencing 2021 2022 2023 2024: Africa 12,677 12,446 11,566 12,145",high,"Coffee-year basis (""Coffee year commencing"" 2021..2024 = CY2021/22..CY2024/25). Vintage: ICO Table 3 as published in Feb 2026 CMR (identical in Mar 2026 CMR, cmr-0326-e.pdf). SUPERSEDED by the 10 Sep 2026 update (Aug 2026 CMR). Source table in thousand 60-kg bags; converted to million (/1000, 3 dp). Read from a copy of the ICO PDF/text mirrored in public repo github.com/BMR-Com/coffee-analytics (pipeline downloads the CMR from ico.org; pdfs/2026-02.pdf, data/report-text/2026-02.txt @ b7111c9)."
consumption_region_ico,Africa,CY2024/25,13.3,million 60kg bags,ICO,ICO Coffee Market Report - August 2026 (published 10 Sep 2026),https://www.ico.org/documents/cy2025-26/cmr-0826-e.pdf,TOTL CONSUMPTION - REGIONS: Africa 12.8 12.4 11.9 12.2 13.3 13.4,high,"Coffee-year basis (Oct-Sep). Vintage: ICO supply & demand statistics update of 10 Sep 2026 (latest). 2025/26 = estimate. Consumption defined as apparent consumption (production + net trade +/- stock changes; footnote 5). Regional split of world consumption (Table 3). Read from a copy of the ICO PDF/text mirrored in public repo github.com/BMR-Com/coffee-analytics (pipeline downloads the CMR from ico.org; pdfs/2026-08.pdf, data/report-text/2026-08.txt @ b7111c9)."
consumption_region_ico,Africa,CY2025/26,13.4,million 60kg bags,ICO,ICO Coffee Market Report - August 2026 (published 10 Sep 2026),https://www.ico.org/documents/cy2025-26/cmr-0826-e.pdf,TOTL CONSUMPTION - REGIONS: Africa 12.8 12.4 11.9 12.2 13.3 13.4,high,"Coffee-year basis (Oct-Sep). Vintage: ICO supply & demand statistics update of 10 Sep 2026 (latest). 2025/26 = estimate. Consumption defined as apparent consumption (production + net trade +/- stock changes; footnote 5). Regional split of world consumption (Table 3). Read from a copy of the ICO PDF/text mirrored in public repo github.com/BMR-Com/coffee-analytics (pipeline downloads the CMR from ico.org; pdfs/2026-08.pdf, data/report-text/2026-08.txt @ b7111c9)."
consumption_region_ico,Asia & Oceania,CY2020/21,42.6,million 60kg bags,ICO,ICO Coffee Market Report - August 2026 (published 10 Sep 2026),https://www.ico.org/documents/cy2025-26/cmr-0826-e.pdf,TOTL CONSUMPTION - REGIONS: Asia & Oceania 42.6 44.4 45.5 47.6 48.9 48.5,high,"Coffee-year basis (Oct-Sep). Vintage: ICO supply & demand statistics update of 10 Sep 2026 (latest). 2025/26 = estimate. Consumption defined as apparent consumption (production + net trade +/- stock changes; footnote 5). Regional split of world consumption (Table 3). Read from a copy of the ICO PDF/text mirrored in public repo github.com/BMR-Com/coffee-analytics (pipeline downloads the CMR from ico.org; pdfs/2026-08.pdf, data/report-text/2026-08.txt @ b7111c9)."
consumption_region_ico,Asia & Oceania,CY2021/22,42.422,million 60kg bags,ICO,"Table 3: World Supply/Demand Balance, ICO Coffee Market Report - February 2026 (PDF dated 12 Mar 2026)",https://www.ico.org/documents/cy2025-26/cmr-0226-e.pdf,"Table 3 (thousand 60-kg bags), coffee year commencing 2021 2022 2023 2024: Asia & Oceania 42,422 43,534 44,163 47,447",high,"Coffee-year basis (""Coffee year commencing"" 2021..2024 = CY2021/22..CY2024/25). Vintage: ICO Table 3 as published in Feb 2026 CMR (identical in Mar 2026 CMR, cmr-0326-e.pdf). SUPERSEDED by the 10 Sep 2026 update (Aug 2026 CMR). Source table in thousand 60-kg bags; converted to million (/1000, 3 dp). Read from a copy of the ICO PDF/text mirrored in public repo github.com/BMR-Com/coffee-analytics (pipeline downloads the CMR from ico.org; pdfs/2026-02.pdf, data/report-text/2026-02.txt @ b7111c9)."
consumption_region_ico,Asia & Oceania,CY2021/22,44.4,million 60kg bags,ICO,ICO Coffee Market Report - August 2026 (published 10 Sep 2026),https://www.ico.org/documents/cy2025-26/cmr-0826-e.pdf,TOTL CONSUMPTION - REGIONS: Asia & Oceania 42.6 44.4 45.5 47.6 48.9 48.5,high,"Coffee-year basis (Oct-Sep). Vintage: ICO supply & demand statistics update of 10 Sep 2026 (latest). 2025/26 = estimate. Consumption defined as apparent consumption (production + net trade +/- stock changes; footnote 5). Regional split of world consumption (Table 3). Read from a copy of the ICO PDF/text mirrored in public repo github.com/BMR-Com/coffee-analytics (pipeline downloads the CMR from ico.org; pdfs/2026-08.pdf, data/report-text/2026-08.txt @ b7111c9)."
consumption_region_ico,Asia & Oceania,CY2022/23,43.534,million 60kg bags,ICO,"Table 3: World Supply/Demand Balance, ICO Coffee Market Report - February 2026 (PDF dated 12 Mar 2026)",https://www.ico.org/documents/cy2025-26/cmr-0226-e.pdf,"Table 3 (thousand 60-kg bags), coffee year commencing 2021 2022 2023 2024: Asia & Oceania 42,422 43,534 44,163 47,447",high,"Coffee-year basis (""Coffee year commencing"" 2021..2024 = CY2021/22..CY2024/25). Vintage: ICO Table 3 as published in Feb 2026 CMR (identical in Mar 2026 CMR, cmr-0326-e.pdf). SUPERSEDED by the 10 Sep 2026 update (Aug 2026 CMR). Source table in thousand 60-kg bags; converted to million (/1000, 3 dp). Read from a copy of the ICO PDF/text mirrored in public repo github.com/BMR-Com/coffee-analytics (pipeline downloads the CMR from ico.org; pdfs/2026-02.pdf, data/report-text/2026-02.txt @ b7111c9)."
consumption_region_ico,Asia & Oceania,CY2022/23,45.5,million 60kg bags,ICO,ICO Coffee Market Report - August 2026 (published 10 Sep 2026),https://www.ico.org/documents/cy2025-26/cmr-0826-e.pdf,TOTL CONSUMPTION - REGIONS: Asia & Oceania 42.6 44.4 45.5 47.6 48.9 48.5,high,"Coffee-year basis (Oct-Sep). Vintage: ICO supply & demand statistics update of 10 Sep 2026 (latest). 2025/26 = estimate. Consumption defined as apparent consumption (production + net trade +/- stock changes; footnote 5). Regional split of world consumption (Table 3). Read from a copy of the ICO PDF/text mirrored in public repo github.com/BMR-Com/coffee-analytics (pipeline downloads the CMR from ico.org; pdfs/2026-08.pdf, data/report-text/2026-08.txt @ b7111c9)."
consumption_region_ico,Asia & Oceania,CY2023/24,44.163,million 60kg bags,ICO,"Table 3: World Supply/Demand Balance, ICO Coffee Market Report - February 2026 (PDF dated 12 Mar 2026)",https://www.ico.org/documents/cy2025-26/cmr-0226-e.pdf,"Table 3 (thousand 60-kg bags), coffee year commencing 2021 2022 2023 2024: Asia & Oceania 42,422 43,534 44,163 47,447",high,"Coffee-year basis (""Coffee year commencing"" 2021..2024 = CY2021/22..CY2024/25). Vintage: ICO Table 3 as published in Feb 2026 CMR (identical in Mar 2026 CMR, cmr-0326-e.pdf). SUPERSEDED by the 10 Sep 2026 update (Aug 2026 CMR). Source table in thousand 60-kg bags; converted to million (/1000, 3 dp). Read from a copy of the ICO PDF/text mirrored in public repo github.com/BMR-Com/coffee-analytics (pipeline downloads the CMR from ico.org; pdfs/2026-02.pdf, data/report-text/2026-02.txt @ b7111c9)."
consumption_region_ico,Asia & Oceania,CY2023/24,47.6,million 60kg bags,ICO,ICO Coffee Market Report - August 2026 (published 10 Sep 2026),https://www.ico.org/documents/cy2025-26/cmr-0826-e.pdf,TOTL CONSUMPTION - REGIONS: Asia & Oceania 42.6 44.4 45.5 47.6 48.9 48.5,high,"Coffee-year basis (Oct-Sep). Vintage: ICO supply & demand statistics update of 10 Sep 2026 (latest). 2025/26 = estimate. Consumption defined as apparent consumption (production + net trade +/- stock changes; footnote 5). Regional split of world consumption (Table 3). Read from a copy of the ICO PDF/text mirrored in public repo github.com/BMR-Com/coffee-analytics (pipeline downloads the CMR from ico.org; pdfs/2026-08.pdf, data/report-text/2026-08.txt @ b7111c9)."
consumption_region_ico,Asia & Oceania,CY2024/25,47.447,million 60kg bags,ICO,"Table 3: World Supply/Demand Balance, ICO Coffee Market Report - February 2026 (PDF dated 12 Mar 2026)",https://www.ico.org/documents/cy2025-26/cmr-0226-e.pdf,"Table 3 (thousand 60-kg bags), coffee year commencing 2021 2022 2023 2024: Asia & Oceania 42,422 43,534 44,163 47,447",high,"Coffee-year basis (""Coffee year commencing"" 2021..2024 = CY2021/22..CY2024/25). Vintage: ICO Table 3 as published in Feb 2026 CMR (identical in Mar 2026 CMR, cmr-0326-e.pdf). SUPERSEDED by the 10 Sep 2026 update (Aug 2026 CMR). Source table in thousand 60-kg bags; converted to million (/1000, 3 dp). Read from a copy of the ICO PDF/text mirrored in public repo github.com/BMR-Com/coffee-analytics (pipeline downloads the CMR from ico.org; pdfs/2026-02.pdf, data/report-text/2026-02.txt @ b7111c9)."
consumption_region_ico,Asia & Oceania,CY2024/25,48.9,million 60kg bags,ICO,ICO Coffee Market Report - August 2026 (published 10 Sep 2026),https://www.ico.org/documents/cy2025-26/cmr-0826-e.pdf,TOTL CONSUMPTION - REGIONS: Asia & Oceania 42.6 44.4 45.5 47.6 48.9 48.5,high,"Coffee-year basis (Oct-Sep). Vintage: ICO supply & demand statistics update of 10 Sep 2026 (latest). 2025/26 = estimate. Consumption defined as apparent consumption (production + net trade +/- stock changes; footnote 5). Regional split of world consumption (Table 3). Read from a copy of the ICO PDF/text mirrored in public repo github.com/BMR-Com/coffee-analytics (pipeline downloads the CMR from ico.org; pdfs/2026-08.pdf, data/report-text/2026-08.txt @ b7111c9)."
consumption_region_ico,Asia & Oceania,CY2025/26,48.5,million 60kg bags,ICO,ICO Coffee Market Report - August 2026 (published 10 Sep 2026),https://www.ico.org/documents/cy2025-26/cmr-0826-e.pdf,TOTL CONSUMPTION - REGIONS: Asia & Oceania 42.6 44.4 45.5 47.6 48.9 48.5,high,"Coffee-year basis (Oct-Sep). Vintage: ICO supply & demand statistics update of 10 Sep 2026 (latest). 2025/26 = estimate. Consumption defined as apparent consumption (production + net trade +/- stock changes; footnote 5). Regional split of world consumption (Table 3). Read from a copy of the ICO PDF/text mirrored in public repo github.com/BMR-Com/coffee-analytics (pipeline downloads the CMR from ico.org; pdfs/2026-08.pdf, data/report-text/2026-08.txt @ b7111c9)."
consumption_region_ico,Caribbean,CY2020/21,0.1,million 60kg bags,ICO,ICO Coffee Market Report - August 2026 (published 10 Sep 2026),https://www.ico.org/documents/cy2025-26/cmr-0826-e.pdf,TOTL CONSUMPTION - REGIONS: Caribbean 0.1 0.1 0.1 0.1 0.1 0.1,high,"Coffee-year basis (Oct-Sep). Vintage: ICO supply & demand statistics update of 10 Sep 2026 (latest). 2025/26 = estimate. Consumption defined as apparent consumption (production + net trade +/- stock changes; footnote 5). Regional split of world consumption (Table 3). Read from a copy of the ICO PDF/text mirrored in public repo github.com/BMR-Com/coffee-analytics (pipeline downloads the CMR from ico.org; pdfs/2026-08.pdf, data/report-text/2026-08.txt @ b7111c9)."
consumption_region_ico,Caribbean,CY2021/22,0.1,million 60kg bags,ICO,ICO Coffee Market Report - August 2026 (published 10 Sep 2026),https://www.ico.org/documents/cy2025-26/cmr-0826-e.pdf,TOTL CONSUMPTION - REGIONS: Caribbean 0.1 0.1 0.1 0.1 0.1 0.1,high,"Coffee-year basis (Oct-Sep). Vintage: ICO supply & demand statistics update of 10 Sep 2026 (latest). 2025/26 = estimate. Consumption defined as apparent consumption (production + net trade +/- stock changes; footnote 5). Regional split of world consumption (Table 3). Read from a copy of the ICO PDF/text mirrored in public repo github.com/BMR-Com/coffee-analytics (pipeline downloads the CMR from ico.org; pdfs/2026-08.pdf, data/report-text/2026-08.txt @ b7111c9)."
consumption_region_ico,Caribbean,CY2022/23,0.1,million 60kg bags,ICO,ICO Coffee Market Report - August 2026 (published 10 Sep 2026),https://www.ico.org/documents/cy2025-26/cmr-0826-e.pdf,TOTL CONSUMPTION - REGIONS: Caribbean 0.1 0.1 0.1 0.1 0.1 0.1,high,"Coffee-year basis (Oct-Sep). Vintage: ICO supply & demand statistics update of 10 Sep 2026 (latest). 2025/26 = estimate. Consumption defined as apparent consumption (production + net trade +/- stock changes; footnote 5). Regional split of world consumption (Table 3). Read from a copy of the ICO PDF/text mirrored in public repo github.com/BMR-Com/coffee-analytics (pipeline downloads the CMR from ico.org; pdfs/2026-08.pdf, data/report-text/2026-08.txt @ b7111c9)."
consumption_region_ico,Caribbean,CY2023/24,0.1,million 60kg bags,ICO,ICO Coffee Market Report - August 2026 (published 10 Sep 2026),https://www.ico.org/documents/cy2025-26/cmr-0826-e.pdf,TOTL CONSUMPTION - REGIONS: Caribbean 0.1 0.1 0.1 0.1 0.1 0.1,high,"Coffee-year basis (Oct-Sep). Vintage: ICO supply & demand statistics update of 10 Sep 2026 (latest). 2025/26 = estimate. Consumption defined as apparent consumption (production + net trade +/- stock changes; footnote 5). Regional split of world consumption (Table 3). Read from a copy of the ICO PDF/text mirrored in public repo github.com/BMR-Com/coffee-analytics (pipeline downloads the CMR from ico.org; pdfs/2026-08.pdf, data/report-text/2026-08.txt @ b7111c9)."
consumption_region_ico,Caribbean,CY2024/25,0.1,million 60kg bags,ICO,ICO Coffee Market Report - August 2026 (published 10 Sep 2026),https://www.ico.org/documents/cy2025-26/cmr-0826-e.pdf,TOTL CONSUMPTION - REGIONS: Caribbean 0.1 0.1 0.1 0.1 0.1 0.1,high,"Coffee-year basis (Oct-Sep). Vintage: ICO supply & demand statistics update of 10 Sep 2026 (latest). 2025/26 = estimate. Consumption defined as apparent consumption (production + net trade +/- stock changes; footnote 5). Regional split of world consumption (Table 3). Read from a copy of the ICO PDF/text mirrored in public repo github.com/BMR-Com/coffee-analytics (pipeline downloads the CMR from ico.org; pdfs/2026-08.pdf, data/report-text/2026-08.txt @ b7111c9)."
consumption_region_ico,Caribbean,CY2025/26,0.1,million 60kg bags,ICO,ICO Coffee Market Report - August 2026 (published 10 Sep 2026),https://www.ico.org/documents/cy2025-26/cmr-0826-e.pdf,TOTL CONSUMPTION - REGIONS: Caribbean 0.1 0.1 0.1 0.1 0.1 0.1,high,"Coffee-year basis (Oct-Sep). Vintage: ICO supply & demand statistics update of 10 Sep 2026 (latest). 2025/26 = estimate. Consumption defined as apparent consumption (production + net trade +/- stock changes; footnote 5). Regional split of world consumption (Table 3). Read from a copy of the ICO PDF/text mirrored in public repo github.com/BMR-Com/coffee-analytics (pipeline downloads the CMR from ico.org; pdfs/2026-08.pdf, data/report-text/2026-08.txt @ b7111c9)."
consumption_region_ico,Central America & Mexico,CY2020/21,5.8,million 60kg bags,ICO,ICO Coffee Market Report - August 2026 (published 10 Sep 2026),https://www.ico.org/documents/cy2025-26/cmr-0826-e.pdf,TOTL CONSUMPTION - REGIONS: C America & Mexico 5.8 6.0 6.0 6.1 6.2 6.3,high,"Coffee-year basis (Oct-Sep). Vintage: ICO supply & demand statistics update of 10 Sep 2026 (latest). 2025/26 = estimate. Consumption defined as apparent consumption (production + net trade +/- stock changes; footnote 5). Regional split of world consumption (Table 3). Read from a copy of the ICO PDF/text mirrored in public repo github.com/BMR-Com/coffee-analytics (pipeline downloads the CMR from ico.org; pdfs/2026-08.pdf, data/report-text/2026-08.txt @ b7111c9)."
consumption_region_ico,Central America & Mexico,CY2021/22,5.752,million 60kg bags,ICO,"Table 3: World Supply/Demand Balance, ICO Coffee Market Report - February 2026 (PDF dated 12 Mar 2026)",https://www.ico.org/documents/cy2025-26/cmr-0226-e.pdf,"Table 3 (thousand 60-kg bags), coffee year commencing 2021 2022 2023 2024: Caribbean, Mexico & Central America 5,752 5,980 5,957 6,172",high,"Coffee-year basis (""Coffee year commencing"" 2021..2024 = CY2021/22..CY2024/25). Vintage: ICO Table 3 as published in Feb 2026 CMR (identical in Mar 2026 CMR, cmr-0326-e.pdf). SUPERSEDED by the 10 Sep 2026 update (Aug 2026 CMR). Source table in thousand 60-kg bags; converted to million (/1000, 3 dp). ICO label in this table: ""Caribbean, Mexico & Central America"" (Aug 2026 table splits Caribbean separately). Read from a copy of the ICO PDF/text mirrored in public repo github.com/BMR-Com/coffee-analytics (pipeline downloads the CMR from ico.org; pdfs/2026-02.pdf, data/report-text/2026-02.txt @ b7111c9)."
consumption_region_ico,Central America & Mexico,CY2021/22,6.0,million 60kg bags,ICO,ICO Coffee Market Report - August 2026 (published 10 Sep 2026),https://www.ico.org/documents/cy2025-26/cmr-0826-e.pdf,TOTL CONSUMPTION - REGIONS: C America & Mexico 5.8 6.0 6.0 6.1 6.2 6.3,high,"Coffee-year basis (Oct-Sep). Vintage: ICO supply & demand statistics update of 10 Sep 2026 (latest). 2025/26 = estimate. Consumption defined as apparent consumption (production + net trade +/- stock changes; footnote 5). Regional split of world consumption (Table 3). Read from a copy of the ICO PDF/text mirrored in public repo github.com/BMR-Com/coffee-analytics (pipeline downloads the CMR from ico.org; pdfs/2026-08.pdf, data/report-text/2026-08.txt @ b7111c9)."
consumption_region_ico,Central America & Mexico,CY2022/23,5.980,million 60kg bags,ICO,"Table 3: World Supply/Demand Balance, ICO Coffee Market Report - February 2026 (PDF dated 12 Mar 2026)",https://www.ico.org/documents/cy2025-26/cmr-0226-e.pdf,"Table 3 (thousand 60-kg bags), coffee year commencing 2021 2022 2023 2024: Caribbean, Mexico & Central America 5,752 5,980 5,957 6,172",high,"Coffee-year basis (""Coffee year commencing"" 2021..2024 = CY2021/22..CY2024/25). Vintage: ICO Table 3 as published in Feb 2026 CMR (identical in Mar 2026 CMR, cmr-0326-e.pdf). SUPERSEDED by the 10 Sep 2026 update (Aug 2026 CMR). Source table in thousand 60-kg bags; converted to million (/1000, 3 dp). ICO label in this table: ""Caribbean, Mexico & Central America"" (Aug 2026 table splits Caribbean separately). Read from a copy of the ICO PDF/text mirrored in public repo github.com/BMR-Com/coffee-analytics (pipeline downloads the CMR from ico.org; pdfs/2026-02.pdf, data/report-text/2026-02.txt @ b7111c9)."
consumption_region_ico,Central America & Mexico,CY2022/23,6.0,million 60kg bags,ICO,ICO Coffee Market Report - August 2026 (published 10 Sep 2026),https://www.ico.org/documents/cy2025-26/cmr-0826-e.pdf,TOTL CONSUMPTION - REGIONS: C America & Mexico 5.8 6.0 6.0 6.1 6.2 6.3,high,"Coffee-year basis (Oct-Sep). Vintage: ICO supply & demand statistics update of 10 Sep 2026 (latest). 2025/26 = estimate. Consumption defined as apparent consumption (production + net trade +/- stock changes; footnote 5). Regional split of world consumption (Table 3). Read from a copy of the ICO PDF/text mirrored in public repo github.com/BMR-Com/coffee-analytics (pipeline downloads the CMR from ico.org; pdfs/2026-08.pdf, data/report-text/2026-08.txt @ b7111c9)."
consumption_region_ico,Central America & Mexico,CY2023/24,5.957,million 60kg bags,ICO,"Table 3: World Supply/Demand Balance, ICO Coffee Market Report - February 2026 (PDF dated 12 Mar 2026)",https://www.ico.org/documents/cy2025-26/cmr-0226-e.pdf,"Table 3 (thousand 60-kg bags), coffee year commencing 2021 2022 2023 2024: Caribbean, Mexico & Central America 5,752 5,980 5,957 6,172",high,"Coffee-year basis (""Coffee year commencing"" 2021..2024 = CY2021/22..CY2024/25). Vintage: ICO Table 3 as published in Feb 2026 CMR (identical in Mar 2026 CMR, cmr-0326-e.pdf). SUPERSEDED by the 10 Sep 2026 update (Aug 2026 CMR). Source table in thousand 60-kg bags; converted to million (/1000, 3 dp). ICO label in this table: ""Caribbean, Mexico & Central America"" (Aug 2026 table splits Caribbean separately). Read from a copy of the ICO PDF/text mirrored in public repo github.com/BMR-Com/coffee-analytics (pipeline downloads the CMR from ico.org; pdfs/2026-02.pdf, data/report-text/2026-02.txt @ b7111c9)."
consumption_region_ico,Central America & Mexico,CY2023/24,6.1,million 60kg bags,ICO,ICO Coffee Market Report - August 2026 (published 10 Sep 2026),https://www.ico.org/documents/cy2025-26/cmr-0826-e.pdf,TOTL CONSUMPTION - REGIONS: C America & Mexico 5.8 6.0 6.0 6.1 6.2 6.3,high,"Coffee-year basis (Oct-Sep). Vintage: ICO supply & demand statistics update of 10 Sep 2026 (latest). 2025/26 = estimate. Consumption defined as apparent consumption (production + net trade +/- stock changes; footnote 5). Regional split of world consumption (Table 3). Read from a copy of the ICO PDF/text mirrored in public repo github.com/BMR-Com/coffee-analytics (pipeline downloads the CMR from ico.org; pdfs/2026-08.pdf, data/report-text/2026-08.txt @ b7111c9)."
consumption_region_ico,Central America & Mexico,CY2024/25,6.172,million 60kg bags,ICO,"Table 3: World Supply/Demand Balance, ICO Coffee Market Report - February 2026 (PDF dated 12 Mar 2026)",https://www.ico.org/documents/cy2025-26/cmr-0226-e.pdf,"Table 3 (thousand 60-kg bags), coffee year commencing 2021 2022 2023 2024: Caribbean, Mexico & Central America 5,752 5,980 5,957 6,172",high,"Coffee-year basis (""Coffee year commencing"" 2021..2024 = CY2021/22..CY2024/25). Vintage: ICO Table 3 as published in Feb 2026 CMR (identical in Mar 2026 CMR, cmr-0326-e.pdf). SUPERSEDED by the 10 Sep 2026 update (Aug 2026 CMR). Source table in thousand 60-kg bags; converted to million (/1000, 3 dp). ICO label in this table: ""Caribbean, Mexico & Central America"" (Aug 2026 table splits Caribbean separately). Read from a copy of the ICO PDF/text mirrored in public repo github.com/BMR-Com/coffee-analytics (pipeline downloads the CMR from ico.org; pdfs/2026-02.pdf, data/report-text/2026-02.txt @ b7111c9)."
consumption_region_ico,Central America & Mexico,CY2024/25,6.2,million 60kg bags,ICO,ICO Coffee Market Report - August 2026 (published 10 Sep 2026),https://www.ico.org/documents/cy2025-26/cmr-0826-e.pdf,TOTL CONSUMPTION - REGIONS: C America & Mexico 5.8 6.0 6.0 6.1 6.2 6.3,high,"Coffee-year basis (Oct-Sep). Vintage: ICO supply & demand statistics update of 10 Sep 2026 (latest). 2025/26 = estimate. Consumption defined as apparent consumption (production + net trade +/- stock changes; footnote 5). Regional split of world consumption (Table 3). Read from a copy of the ICO PDF/text mirrored in public repo github.com/BMR-Com/coffee-analytics (pipeline downloads the CMR from ico.org; pdfs/2026-08.pdf, data/report-text/2026-08.txt @ b7111c9)."
consumption_region_ico,Central America & Mexico,CY2025/26,6.3,million 60kg bags,ICO,ICO Coffee Market Report - August 2026 (published 10 Sep 2026),https://www.ico.org/documents/cy2025-26/cmr-0826-e.pdf,TOTL CONSUMPTION - REGIONS: C America & Mexico 5.8 6.0 6.0 6.1 6.2 6.3,high,"Coffee-year basis (Oct-Sep). Vintage: ICO supply & demand statistics update of 10 Sep 2026 (latest). 2025/26 = estimate. Consumption defined as apparent consumption (production + net trade +/- stock changes; footnote 5). Regional split of world consumption (Table 3). Read from a copy of the ICO PDF/text mirrored in public repo github.com/BMR-Com/coffee-analytics (pipeline downloads the CMR from ico.org; pdfs/2026-08.pdf, data/report-text/2026-08.txt @ b7111c9)."
consumption_region_ico,Europe,CY2020/21,52.4,million 60kg bags,ICO,ICO Coffee Market Report - August 2026 (published 10 Sep 2026),https://www.ico.org/documents/cy2025-26/cmr-0826-e.pdf,TOTL CONSUMPTION - REGIONS: Europe 52.4 55.3 53.5 52.8 54.8 55.1,high,"Coffee-year basis (Oct-Sep). Vintage: ICO supply & demand statistics update of 10 Sep 2026 (latest). 2025/26 = estimate. Consumption defined as apparent consumption (production + net trade +/- stock changes; footnote 5). Regional split of world consumption (Table 3). Read from a copy of the ICO PDF/text mirrored in public repo github.com/BMR-Com/coffee-analytics (pipeline downloads the CMR from ico.org; pdfs/2026-08.pdf, data/report-text/2026-08.txt @ b7111c9)."
consumption_region_ico,Europe,CY2021/22,52.350,million 60kg bags,ICO,"Table 3: World Supply/Demand Balance, ICO Coffee Market Report - February 2026 (PDF dated 12 Mar 2026)",https://www.ico.org/documents/cy2025-26/cmr-0226-e.pdf,"Table 3 (thousand 60-kg bags), coffee year commencing 2021 2022 2023 2024: Europe 52,350 56,001 54,178 53,552",high,"Coffee-year basis (""Coffee year commencing"" 2021..2024 = CY2021/22..CY2024/25). Vintage: ICO Table 3 as published in Feb 2026 CMR (identical in Mar 2026 CMR, cmr-0326-e.pdf). SUPERSEDED by the 10 Sep 2026 update (Aug 2026 CMR). Source table in thousand 60-kg bags; converted to million (/1000, 3 dp). Read from a copy of the ICO PDF/text mirrored in public repo github.com/BMR-Com/coffee-analytics (pipeline downloads the CMR from ico.org; pdfs/2026-02.pdf, data/report-text/2026-02.txt @ b7111c9)."
consumption_region_ico,Europe,CY2021/22,55.3,million 60kg bags,ICO,ICO Coffee Market Report - August 2026 (published 10 Sep 2026),https://www.ico.org/documents/cy2025-26/cmr-0826-e.pdf,TOTL CONSUMPTION - REGIONS: Europe 52.4 55.3 53.5 52.8 54.8 55.1,high,"Coffee-year basis (Oct-Sep). Vintage: ICO supply & demand statistics update of 10 Sep 2026 (latest). 2025/26 = estimate. Consumption defined as apparent consumption (production + net trade +/- stock changes; footnote 5). Regional split of world consumption (Table 3). Read from a copy of the ICO PDF/text mirrored in public repo github.com/BMR-Com/coffee-analytics (pipeline downloads the CMR from ico.org; pdfs/2026-08.pdf, data/report-text/2026-08.txt @ b7111c9)."
consumption_region_ico,Europe,CY2022/23,56.001,million 60kg bags,ICO,"Table 3: World Supply/Demand Balance, ICO Coffee Market Report - February 2026 (PDF dated 12 Mar 2026)",https://www.ico.org/documents/cy2025-26/cmr-0226-e.pdf,"Table 3 (thousand 60-kg bags), coffee year commencing 2021 2022 2023 2024: Europe 52,350 56,001 54,178 53,552",high,"Coffee-year basis (""Coffee year commencing"" 2021..2024 = CY2021/22..CY2024/25). Vintage: ICO Table 3 as published in Feb 2026 CMR (identical in Mar 2026 CMR, cmr-0326-e.pdf). SUPERSEDED by the 10 Sep 2026 update (Aug 2026 CMR). Source table in thousand 60-kg bags; converted to million (/1000, 3 dp). Read from a copy of the ICO PDF/text mirrored in public repo github.com/BMR-Com/coffee-analytics (pipeline downloads the CMR from ico.org; pdfs/2026-02.pdf, data/report-text/2026-02.txt @ b7111c9)."
consumption_region_ico,Europe,CY2022/23,53.5,million 60kg bags,ICO,ICO Coffee Market Report - August 2026 (published 10 Sep 2026),https://www.ico.org/documents/cy2025-26/cmr-0826-e.pdf,TOTL CONSUMPTION - REGIONS: Europe 52.4 55.3 53.5 52.8 54.8 55.1,high,"Coffee-year basis (Oct-Sep). Vintage: ICO supply & demand statistics update of 10 Sep 2026 (latest). 2025/26 = estimate. Consumption defined as apparent consumption (production + net trade +/- stock changes; footnote 5). Regional split of world consumption (Table 3). Read from a copy of the ICO PDF/text mirrored in public repo github.com/BMR-Com/coffee-analytics (pipeline downloads the CMR from ico.org; pdfs/2026-08.pdf, data/report-text/2026-08.txt @ b7111c9)."
consumption_region_ico,Europe,CY2023/24,54.178,million 60kg bags,ICO,"Table 3: World Supply/Demand Balance, ICO Coffee Market Report - February 2026 (PDF dated 12 Mar 2026)",https://www.ico.org/documents/cy2025-26/cmr-0226-e.pdf,"Table 3 (thousand 60-kg bags), coffee year commencing 2021 2022 2023 2024: Europe 52,350 56,001 54,178 53,552",high,"Coffee-year basis (""Coffee year commencing"" 2021..2024 = CY2021/22..CY2024/25). Vintage: ICO Table 3 as published in Feb 2026 CMR (identical in Mar 2026 CMR, cmr-0326-e.pdf). SUPERSEDED by the 10 Sep 2026 update (Aug 2026 CMR). Source table in thousand 60-kg bags; converted to million (/1000, 3 dp). Read from a copy of the ICO PDF/text mirrored in public repo github.com/BMR-Com/coffee-analytics (pipeline downloads the CMR from ico.org; pdfs/2026-02.pdf, data/report-text/2026-02.txt @ b7111c9)."
consumption_region_ico,Europe,CY2023/24,52.8,million 60kg bags,ICO,ICO Coffee Market Report - August 2026 (published 10 Sep 2026),https://www.ico.org/documents/cy2025-26/cmr-0826-e.pdf,TOTL CONSUMPTION - REGIONS: Europe 52.4 55.3 53.5 52.8 54.8 55.1,high,"Coffee-year basis (Oct-Sep). Vintage: ICO supply & demand statistics update of 10 Sep 2026 (latest). 2025/26 = estimate. Consumption defined as apparent consumption (production + net trade +/- stock changes; footnote 5). Regional split of world consumption (Table 3). Read from a copy of the ICO PDF/text mirrored in public repo github.com/BMR-Com/coffee-analytics (pipeline downloads the CMR from ico.org; pdfs/2026-08.pdf, data/report-text/2026-08.txt @ b7111c9)."
consumption_region_ico,Europe,CY2024/25,53.552,million 60kg bags,ICO,"Table 3: World Supply/Demand Balance, ICO Coffee Market Report - February 2026 (PDF dated 12 Mar 2026)",https://www.ico.org/documents/cy2025-26/cmr-0226-e.pdf,"Table 3 (thousand 60-kg bags), coffee year commencing 2021 2022 2023 2024: Europe 52,350 56,001 54,178 53,552",high,"Coffee-year basis (""Coffee year commencing"" 2021..2024 = CY2021/22..CY2024/25). Vintage: ICO Table 3 as published in Feb 2026 CMR (identical in Mar 2026 CMR, cmr-0326-e.pdf). SUPERSEDED by the 10 Sep 2026 update (Aug 2026 CMR). Source table in thousand 60-kg bags; converted to million (/1000, 3 dp). Read from a copy of the ICO PDF/text mirrored in public repo github.com/BMR-Com/coffee-analytics (pipeline downloads the CMR from ico.org; pdfs/2026-02.pdf, data/report-text/2026-02.txt @ b7111c9)."
consumption_region_ico,Europe,CY2024/25,54.8,million 60kg bags,ICO,ICO Coffee Market Report - August 2026 (published 10 Sep 2026),https://www.ico.org/documents/cy2025-26/cmr-0826-e.pdf,TOTL CONSUMPTION - REGIONS: Europe 52.4 55.3 53.5 52.8 54.8 55.1,high,"Coffee-year basis (Oct-Sep). Vintage: ICO supply & demand statistics update of 10 Sep 2026 (latest). 2025/26 = estimate. Consumption defined as apparent consumption (production + net trade +/- stock changes; footnote 5). Text: Europe = 30.1% of world consumption in 2024/25, 3.3 pp ahead of Asia & Oceania; South America estimated to overtake North America as #3 region in 2025/26. Read from a copy of the ICO PDF/text mirrored in public repo github.com/BMR-Com/coffee-analytics (pipeline downloads the CMR from ico.org; pdfs/2026-08.pdf, data/report-text/2026-08.txt @ b7111c9)."
consumption_region_ico,Europe,CY2025/26,55.1,million 60kg bags,ICO,ICO Coffee Market Report - August 2026 (published 10 Sep 2026),https://www.ico.org/documents/cy2025-26/cmr-0826-e.pdf,TOTL CONSUMPTION - REGIONS: Europe 52.4 55.3 53.5 52.8 54.8 55.1,high,"Coffee-year basis (Oct-Sep). Vintage: ICO supply & demand statistics update of 10 Sep 2026 (latest). 2025/26 = estimate. Consumption defined as apparent consumption (production + net trade +/- stock changes; footnote 5). Regional split of world consumption (Table 3). Read from a copy of the ICO PDF/text mirrored in public repo github.com/BMR-Com/coffee-analytics (pipeline downloads the CMR from ico.org; pdfs/2026-08.pdf, data/report-text/2026-08.txt @ b7111c9)."
consumption_region_ico,North America,CY2020/21,30.2,million 60kg bags,ICO,ICO Coffee Market Report - August 2026 (published 10 Sep 2026),https://www.ico.org/documents/cy2025-26/cmr-0826-e.pdf,TOTL CONSUMPTION - REGIONS: N America 30.2 31.3 28.7 27.8 30.2 28.5,high,"Coffee-year basis (Oct-Sep). Vintage: ICO supply & demand statistics update of 10 Sep 2026 (latest). 2025/26 = estimate. Consumption defined as apparent consumption (production + net trade +/- stock changes; footnote 5). Regional split of world consumption (Table 3). Read from a copy of the ICO PDF/text mirrored in public repo github.com/BMR-Com/coffee-analytics (pipeline downloads the CMR from ico.org; pdfs/2026-08.pdf, data/report-text/2026-08.txt @ b7111c9)."
consumption_region_ico,North America,CY2021/22,30.228,million 60kg bags,ICO,"Table 3: World Supply/Demand Balance, ICO Coffee Market Report - February 2026 (PDF dated 12 Mar 2026)",https://www.ico.org/documents/cy2025-26/cmr-0226-e.pdf,"Table 3 (thousand 60-kg bags), coffee year commencing 2021 2022 2023 2024: North America 30,228 31,324 28,694 27,745",high,"Coffee-year basis (""Coffee year commencing"" 2021..2024 = CY2021/22..CY2024/25). Vintage: ICO Table 3 as published in Feb 2026 CMR (identical in Mar 2026 CMR, cmr-0326-e.pdf). SUPERSEDED by the 10 Sep 2026 update (Aug 2026 CMR). Source table in thousand 60-kg bags; converted to million (/1000, 3 dp). Read from a copy of the ICO PDF/text mirrored in public repo github.com/BMR-Com/coffee-analytics (pipeline downloads the CMR from ico.org; pdfs/2026-02.pdf, data/report-text/2026-02.txt @ b7111c9)."
consumption_region_ico,North America,CY2021/22,31.3,million 60kg bags,ICO,ICO Coffee Market Report - August 2026 (published 10 Sep 2026),https://www.ico.org/documents/cy2025-26/cmr-0826-e.pdf,TOTL CONSUMPTION - REGIONS: N America 30.2 31.3 28.7 27.8 30.2 28.5,high,"Coffee-year basis (Oct-Sep). Vintage: ICO supply & demand statistics update of 10 Sep 2026 (latest). 2025/26 = estimate. Consumption defined as apparent consumption (production + net trade +/- stock changes; footnote 5). Regional split of world consumption (Table 3). Read from a copy of the ICO PDF/text mirrored in public repo github.com/BMR-Com/coffee-analytics (pipeline downloads the CMR from ico.org; pdfs/2026-08.pdf, data/report-text/2026-08.txt @ b7111c9)."
consumption_region_ico,North America,CY2022/23,31.324,million 60kg bags,ICO,"Table 3: World Supply/Demand Balance, ICO Coffee Market Report - February 2026 (PDF dated 12 Mar 2026)",https://www.ico.org/documents/cy2025-26/cmr-0226-e.pdf,"Table 3 (thousand 60-kg bags), coffee year commencing 2021 2022 2023 2024: North America 30,228 31,324 28,694 27,745",high,"Coffee-year basis (""Coffee year commencing"" 2021..2024 = CY2021/22..CY2024/25). Vintage: ICO Table 3 as published in Feb 2026 CMR (identical in Mar 2026 CMR, cmr-0326-e.pdf). SUPERSEDED by the 10 Sep 2026 update (Aug 2026 CMR). Source table in thousand 60-kg bags; converted to million (/1000, 3 dp). Read from a copy of the ICO PDF/text mirrored in public repo github.com/BMR-Com/coffee-analytics (pipeline downloads the CMR from ico.org; pdfs/2026-02.pdf, data/report-text/2026-02.txt @ b7111c9)."
consumption_region_ico,North America,CY2022/23,28.7,million 60kg bags,ICO,ICO Coffee Market Report - August 2026 (published 10 Sep 2026),https://www.ico.org/documents/cy2025-26/cmr-0826-e.pdf,TOTL CONSUMPTION - REGIONS: N America 30.2 31.3 28.7 27.8 30.2 28.5,high,"Coffee-year basis (Oct-Sep). Vintage: ICO supply & demand statistics update of 10 Sep 2026 (latest). 2025/26 = estimate. Consumption defined as apparent consumption (production + net trade +/- stock changes; footnote 5). Regional split of world consumption (Table 3). Read from a copy of the ICO PDF/text mirrored in public repo github.com/BMR-Com/coffee-analytics (pipeline downloads the CMR from ico.org; pdfs/2026-08.pdf, data/report-text/2026-08.txt @ b7111c9)."
consumption_region_ico,North America,CY2023/24,28.694,million 60kg bags,ICO,"Table 3: World Supply/Demand Balance, ICO Coffee Market Report - February 2026 (PDF dated 12 Mar 2026)",https://www.ico.org/documents/cy2025-26/cmr-0226-e.pdf,"Table 3 (thousand 60-kg bags), coffee year commencing 2021 2022 2023 2024: North America 30,228 31,324 28,694 27,745",high,"Coffee-year basis (""Coffee year commencing"" 2021..2024 = CY2021/22..CY2024/25). Vintage: ICO Table 3 as published in Feb 2026 CMR (identical in Mar 2026 CMR, cmr-0326-e.pdf). SUPERSEDED by the 10 Sep 2026 update (Aug 2026 CMR). Source table in thousand 60-kg bags; converted to million (/1000, 3 dp). Read from a copy of the ICO PDF/text mirrored in public repo github.com/BMR-Com/coffee-analytics (pipeline downloads the CMR from ico.org; pdfs/2026-02.pdf, data/report-text/2026-02.txt @ b7111c9)."
consumption_region_ico,North America,CY2023/24,27.8,million 60kg bags,ICO,ICO Coffee Market Report - August 2026 (published 10 Sep 2026),https://www.ico.org/documents/cy2025-26/cmr-0826-e.pdf,TOTL CONSUMPTION - REGIONS: N America 30.2 31.3 28.7 27.8 30.2 28.5,high,"Coffee-year basis (Oct-Sep). Vintage: ICO supply & demand statistics update of 10 Sep 2026 (latest). 2025/26 = estimate. Consumption defined as apparent consumption (production + net trade +/- stock changes; footnote 5). Regional split of world consumption (Table 3). Read from a copy of the ICO PDF/text mirrored in public repo github.com/BMR-Com/coffee-analytics (pipeline downloads the CMR from ico.org; pdfs/2026-08.pdf, data/report-text/2026-08.txt @ b7111c9)."
consumption_region_ico,North America,CY2024/25,27.745,million 60kg bags,ICO,"Table 3: World Supply/Demand Balance, ICO Coffee Market Report - February 2026 (PDF dated 12 Mar 2026)",https://www.ico.org/documents/cy2025-26/cmr-0226-e.pdf,"Table 3 (thousand 60-kg bags), coffee year commencing 2021 2022 2023 2024: North America 30,228 31,324 28,694 27,745",high,"Coffee-year basis (""Coffee year commencing"" 2021..2024 = CY2021/22..CY2024/25). Vintage: ICO Table 3 as published in Feb 2026 CMR (identical in Mar 2026 CMR, cmr-0326-e.pdf). SUPERSEDED by the 10 Sep 2026 update (Aug 2026 CMR). Source table in thousand 60-kg bags; converted to million (/1000, 3 dp). Read from a copy of the ICO PDF/text mirrored in public repo github.com/BMR-Com/coffee-analytics (pipeline downloads the CMR from ico.org; pdfs/2026-02.pdf, data/report-text/2026-02.txt @ b7111c9)."
consumption_region_ico,North America,CY2024/25,30.2,million 60kg bags,ICO,ICO Coffee Market Report - August 2026 (published 10 Sep 2026),https://www.ico.org/documents/cy2025-26/cmr-0826-e.pdf,TOTL CONSUMPTION - REGIONS: N America 30.2 31.3 28.7 27.8 30.2 28.5,high,"Coffee-year basis (Oct-Sep). Vintage: ICO supply & demand statistics update of 10 Sep 2026 (latest). 2025/26 = estimate. Consumption defined as apparent consumption (production + net trade +/- stock changes; footnote 5). Regional split of world consumption (Table 3). Read from a copy of the ICO PDF/text mirrored in public repo github.com/BMR-Com/coffee-analytics (pipeline downloads the CMR from ico.org; pdfs/2026-08.pdf, data/report-text/2026-08.txt @ b7111c9)."
consumption_region_ico,North America,CY2025/26,28.5,million 60kg bags,ICO,ICO Coffee Market Report - August 2026 (published 10 Sep 2026),https://www.ico.org/documents/cy2025-26/cmr-0826-e.pdf,TOTL CONSUMPTION - REGIONS: N America 30.2 31.3 28.7 27.8 30.2 28.5,high,"Coffee-year basis (Oct-Sep). Vintage: ICO supply & demand statistics update of 10 Sep 2026 (latest). 2025/26 = estimate. Consumption defined as apparent consumption (production + net trade +/- stock changes; footnote 5). Regional split of world consumption (Table 3). Read from a copy of the ICO PDF/text mirrored in public repo github.com/BMR-Com/coffee-analytics (pipeline downloads the CMR from ico.org; pdfs/2026-08.pdf, data/report-text/2026-08.txt @ b7111c9)."
consumption_region_ico,South America,CY2020/21,26.9,million 60kg bags,ICO,ICO Coffee Market Report - August 2026 (published 10 Sep 2026),https://www.ico.org/documents/cy2025-26/cmr-0826-e.pdf,TOTL CONSUMPTION - REGIONS: S America 26.9 27.4 28.1 28.2 28.8 28.8,high,"Coffee-year basis (Oct-Sep). Vintage: ICO supply & demand statistics update of 10 Sep 2026 (latest). 2025/26 = estimate. Consumption defined as apparent consumption (production + net trade +/- stock changes; footnote 5). Regional split of world consumption (Table 3). Read from a copy of the ICO PDF/text mirrored in public repo github.com/BMR-Com/coffee-analytics (pipeline downloads the CMR from ico.org; pdfs/2026-08.pdf, data/report-text/2026-08.txt @ b7111c9)."
consumption_region_ico,South America,CY2021/22,27.071,million 60kg bags,ICO,"Table 3: World Supply/Demand Balance, ICO Coffee Market Report - February 2026 (PDF dated 12 Mar 2026)",https://www.ico.org/documents/cy2025-26/cmr-0226-e.pdf,"Table 3 (thousand 60-kg bags), coffee year commencing 2021 2022 2023 2024: South America 27,071 27,570 28,020 28,010",high,"Coffee-year basis (""Coffee year commencing"" 2021..2024 = CY2021/22..CY2024/25). Vintage: ICO Table 3 as published in Feb 2026 CMR (identical in Mar 2026 CMR, cmr-0326-e.pdf). SUPERSEDED by the 10 Sep 2026 update (Aug 2026 CMR). Source table in thousand 60-kg bags; converted to million (/1000, 3 dp). Read from a copy of the ICO PDF/text mirrored in public repo github.com/BMR-Com/coffee-analytics (pipeline downloads the CMR from ico.org; pdfs/2026-02.pdf, data/report-text/2026-02.txt @ b7111c9)."
consumption_region_ico,South America,CY2021/22,27.4,million 60kg bags,ICO,ICO Coffee Market Report - August 2026 (published 10 Sep 2026),https://www.ico.org/documents/cy2025-26/cmr-0826-e.pdf,TOTL CONSUMPTION - REGIONS: S America 26.9 27.4 28.1 28.2 28.8 28.8,high,"Coffee-year basis (Oct-Sep). Vintage: ICO supply & demand statistics update of 10 Sep 2026 (latest). 2025/26 = estimate. Consumption defined as apparent consumption (production + net trade +/- stock changes; footnote 5). Regional split of world consumption (Table 3). Read from a copy of the ICO PDF/text mirrored in public repo github.com/BMR-Com/coffee-analytics (pipeline downloads the CMR from ico.org; pdfs/2026-08.pdf, data/report-text/2026-08.txt @ b7111c9)."
consumption_region_ico,South America,CY2022/23,27.570,million 60kg bags,ICO,"Table 3: World Supply/Demand Balance, ICO Coffee Market Report - February 2026 (PDF dated 12 Mar 2026)",https://www.ico.org/documents/cy2025-26/cmr-0226-e.pdf,"Table 3 (thousand 60-kg bags), coffee year commencing 2021 2022 2023 2024: South America 27,071 27,570 28,020 28,010",high,"Coffee-year basis (""Coffee year commencing"" 2021..2024 = CY2021/22..CY2024/25). Vintage: ICO Table 3 as published in Feb 2026 CMR (identical in Mar 2026 CMR, cmr-0326-e.pdf). SUPERSEDED by the 10 Sep 2026 update (Aug 2026 CMR). Source table in thousand 60-kg bags; converted to million (/1000, 3 dp). Read from a copy of the ICO PDF/text mirrored in public repo github.com/BMR-Com/coffee-analytics (pipeline downloads the CMR from ico.org; pdfs/2026-02.pdf, data/report-text/2026-02.txt @ b7111c9)."
consumption_region_ico,South America,CY2022/23,28.1,million 60kg bags,ICO,ICO Coffee Market Report - August 2026 (published 10 Sep 2026),https://www.ico.org/documents/cy2025-26/cmr-0826-e.pdf,TOTL CONSUMPTION - REGIONS: S America 26.9 27.4 28.1 28.2 28.8 28.8,high,"Coffee-year basis (Oct-Sep). Vintage: ICO supply & demand statistics update of 10 Sep 2026 (latest). 2025/26 = estimate. Consumption defined as apparent consumption (production + net trade +/- stock changes; footnote 5). Regional split of world consumption (Table 3). Read from a copy of the ICO PDF/text mirrored in public repo github.com/BMR-Com/coffee-analytics (pipeline downloads the CMR from ico.org; pdfs/2026-08.pdf, data/report-text/2026-08.txt @ b7111c9)."
consumption_region_ico,South America,CY2023/24,28.020,million 60kg bags,ICO,"Table 3: World Supply/Demand Balance, ICO Coffee Market Report - February 2026 (PDF dated 12 Mar 2026)",https://www.ico.org/documents/cy2025-26/cmr-0226-e.pdf,"Table 3 (thousand 60-kg bags), coffee year commencing 2021 2022 2023 2024: South America 27,071 27,570 28,020 28,010",high,"Coffee-year basis (""Coffee year commencing"" 2021..2024 = CY2021/22..CY2024/25). Vintage: ICO Table 3 as published in Feb 2026 CMR (identical in Mar 2026 CMR, cmr-0326-e.pdf). SUPERSEDED by the 10 Sep 2026 update (Aug 2026 CMR). Source table in thousand 60-kg bags; converted to million (/1000, 3 dp). Read from a copy of the ICO PDF/text mirrored in public repo github.com/BMR-Com/coffee-analytics (pipeline downloads the CMR from ico.org; pdfs/2026-02.pdf, data/report-text/2026-02.txt @ b7111c9)."
consumption_region_ico,South America,CY2023/24,28.2,million 60kg bags,ICO,ICO Coffee Market Report - August 2026 (published 10 Sep 2026),https://www.ico.org/documents/cy2025-26/cmr-0826-e.pdf,TOTL CONSUMPTION - REGIONS: S America 26.9 27.4 28.1 28.2 28.8 28.8,high,"Coffee-year basis (Oct-Sep). Vintage: ICO supply & demand statistics update of 10 Sep 2026 (latest). 2025/26 = estimate. Consumption defined as apparent consumption (production + net trade +/- stock changes; footnote 5). Regional split of world consumption (Table 3). Read from a copy of the ICO PDF/text mirrored in public repo github.com/BMR-Com/coffee-analytics (pipeline downloads the CMR from ico.org; pdfs/2026-08.pdf, data/report-text/2026-08.txt @ b7111c9)."
consumption_region_ico,South America,CY2024/25,28.010,million 60kg bags,ICO,"Table 3: World Supply/Demand Balance, ICO Coffee Market Report - February 2026 (PDF dated 12 Mar 2026)",https://www.ico.org/documents/cy2025-26/cmr-0226-e.pdf,"Table 3 (thousand 60-kg bags), coffee year commencing 2021 2022 2023 2024: South America 27,071 27,570 28,020 28,010",high,"Coffee-year basis (""Coffee year commencing"" 2021..2024 = CY2021/22..CY2024/25). Vintage: ICO Table 3 as published in Feb 2026 CMR (identical in Mar 2026 CMR, cmr-0326-e.pdf). SUPERSEDED by the 10 Sep 2026 update (Aug 2026 CMR). Source table in thousand 60-kg bags; converted to million (/1000, 3 dp). Read from a copy of the ICO PDF/text mirrored in public repo github.com/BMR-Com/coffee-analytics (pipeline downloads the CMR from ico.org; pdfs/2026-02.pdf, data/report-text/2026-02.txt @ b7111c9)."
consumption_region_ico,South America,CY2024/25,28.8,million 60kg bags,ICO,ICO Coffee Market Report - August 2026 (published 10 Sep 2026),https://www.ico.org/documents/cy2025-26/cmr-0826-e.pdf,TOTL CONSUMPTION - REGIONS: S America 26.9 27.4 28.1 28.2 28.8 28.8,high,"Coffee-year basis (Oct-Sep). Vintage: ICO supply & demand statistics update of 10 Sep 2026 (latest). 2025/26 = estimate. Consumption defined as apparent consumption (production + net trade +/- stock changes; footnote 5). Regional split of world consumption (Table 3). Read from a copy of the ICO PDF/text mirrored in public repo github.com/BMR-Com/coffee-analytics (pipeline downloads the CMR from ico.org; pdfs/2026-08.pdf, data/report-text/2026-08.txt @ b7111c9)."
consumption_region_ico,South America,CY2025/26,28.8,million 60kg bags,ICO,ICO Coffee Market Report - August 2026 (published 10 Sep 2026),https://www.ico.org/documents/cy2025-26/cmr-0826-e.pdf,TOTL CONSUMPTION - REGIONS: S America 26.9 27.4 28.1 28.2 28.8 28.8,high,"Coffee-year basis (Oct-Sep). Vintage: ICO supply & demand statistics update of 10 Sep 2026 (latest). 2025/26 = estimate. Consumption defined as apparent consumption (production + net trade +/- stock changes; footnote 5). Regional split of world consumption (Table 3). Read from a copy of the ICO PDF/text mirrored in public repo github.com/BMR-Com/coffee-analytics (pipeline downloads the CMR from ico.org; pdfs/2026-08.pdf, data/report-text/2026-08.txt @ b7111c9)."
consumption_share_region_ico,Europe,CY2024/25,30.1,%,ICO,ICO Coffee Market Report - August 2026 (published 10 Sep 2026),https://www.ico.org/documents/cy2025-26/cmr-0826-e.pdf,"Europe remained the largest coffee-consuming region, accounting for 30.1% of the world's coffee consumption in coffee year 2024/25, 3.3 percentage points ahead of Asia & Oceania.",high,"Coffee-year basis (Oct-Sep). Vintage: ICO supply & demand statistics update of 10 Sep 2026 (latest). 2025/26 = estimate. Consumption defined as apparent consumption (production + net trade +/- stock changes; footnote 5). Implies Asia & Oceania ~26.8% (not recorded separately). Read from a copy of the ICO PDF/text mirrored in public repo github.com/BMR-Com/coffee-analytics (pipeline downloads the CMR from ico.org; pdfs/2026-08.pdf, data/report-text/2026-08.txt @ b7111c9)."
ice_certified_stocks,ICE Europe (London) certified Robusta stocks,2025-03,0.74,million 60kg bags,ICO,ICO Coffee Market Report - February 2026 (PDF dated 12 Mar 2026),https://www.ico.org/documents/cy2025-26/cmr-0226-e.pdf,"Table 5: London 0.74 0.71 0.92 0.87 1.18 1.13 1.08 1.01 0.73 0.71 0.76 0.76 (Mar-25..Feb-26, million 60-kg bags)",high,"ICO CMR Table 5, monthly. Overlapping months Sep-25..Feb-26 identical to Aug 2026 CMR table. Read from ICO PDF/text mirrored at github.com/BMR-Com/coffee-analytics (@b7111c9)."
ice_certified_stocks,ICE Europe (London) certified Robusta stocks,2025-04,0.71,million 60kg bags,ICO,ICO Coffee Market Report - February 2026 (PDF dated 12 Mar 2026),https://www.ico.org/documents/cy2025-26/cmr-0226-e.pdf,"Table 5: London 0.74 0.71 0.92 0.87 1.18 1.13 1.08 1.01 0.73 0.71 0.76 0.76 (Mar-25..Feb-26, million 60-kg bags)",high,"ICO CMR Table 5, monthly. Overlapping months Sep-25..Feb-26 identical to Aug 2026 CMR table. Read from ICO PDF/text mirrored at github.com/BMR-Com/coffee-analytics (@b7111c9)."
ice_certified_stocks,ICE Europe (London) certified Robusta stocks,2025-05,0.92,million 60kg bags,ICO,ICO Coffee Market Report - February 2026 (PDF dated 12 Mar 2026),https://www.ico.org/documents/cy2025-26/cmr-0226-e.pdf,"Table 5: London 0.74 0.71 0.92 0.87 1.18 1.13 1.08 1.01 0.73 0.71 0.76 0.76 (Mar-25..Feb-26, million 60-kg bags)",high,"ICO CMR Table 5, monthly. Overlapping months Sep-25..Feb-26 identical to Aug 2026 CMR table. Read from ICO PDF/text mirrored at github.com/BMR-Com/coffee-analytics (@b7111c9)."
ice_certified_stocks,ICE Europe (London) certified Robusta stocks,2025-06,0.87,million 60kg bags,ICO,ICO Coffee Market Report - February 2026 (PDF dated 12 Mar 2026),https://www.ico.org/documents/cy2025-26/cmr-0226-e.pdf,"Table 5: London 0.74 0.71 0.92 0.87 1.18 1.13 1.08 1.01 0.73 0.71 0.76 0.76 (Mar-25..Feb-26, million 60-kg bags)",high,"ICO CMR Table 5, monthly. Overlapping months Sep-25..Feb-26 identical to Aug 2026 CMR table. Read from ICO PDF/text mirrored at github.com/BMR-Com/coffee-analytics (@b7111c9)."
ice_certified_stocks,ICE Europe (London) certified Robusta stocks,2025-07,1.18,million 60kg bags,ICO,ICO Coffee Market Report - February 2026 (PDF dated 12 Mar 2026),https://www.ico.org/documents/cy2025-26/cmr-0226-e.pdf,"Table 5: London 0.74 0.71 0.92 0.87 1.18 1.13 1.08 1.01 0.73 0.71 0.76 0.76 (Mar-25..Feb-26, million 60-kg bags)",high,"ICO CMR Table 5, monthly. Overlapping months Sep-25..Feb-26 identical to Aug 2026 CMR table. Read from ICO PDF/text mirrored at github.com/BMR-Com/coffee-analytics (@b7111c9)."
ice_certified_stocks,ICE Europe (London) certified Robusta stocks,2025-08,1.13,million 60kg bags,ICO,ICO Coffee Market Report - February 2026 (PDF dated 12 Mar 2026),https://www.ico.org/documents/cy2025-26/cmr-0226-e.pdf,"Table 5: London 0.74 0.71 0.92 0.87 1.18 1.13 1.08 1.01 0.73 0.71 0.76 0.76 (Mar-25..Feb-26, million 60-kg bags)",high,"ICO CMR Table 5, monthly. Overlapping months Sep-25..Feb-26 identical to Aug 2026 CMR table. Read from ICO PDF/text mirrored at github.com/BMR-Com/coffee-analytics (@b7111c9)."
ice_certified_stocks,ICE Europe (London) certified Robusta stocks,2025-09,1.08,million 60kg bags,ICO,ICO Coffee Market Report - August 2026 (published 10 Sep 2026),https://www.ico.org/documents/cy2025-26/cmr-0826-e.pdf,Table 5: Certified stocks (million 60-kg bags) London 1.08 1.01 0.73 0.71 0.76 0.76 0.68 0.65 0.64 0.68 0.69 0.83 (Sep-25..Aug-26),high,"ICO CMR Table 5, monthly (end-of-month level as reported by ICO). Read from ICO PDF/text mirrored at github.com/BMR-Com/coffee-analytics (@b7111c9)."
ice_certified_stocks,ICE Europe (London) certified Robusta stocks,2025-10,1.01,million 60kg bags,ICO,ICO Coffee Market Report - August 2026 (published 10 Sep 2026),https://www.ico.org/documents/cy2025-26/cmr-0826-e.pdf,Table 5: Certified stocks (million 60-kg bags) London 1.08 1.01 0.73 0.71 0.76 0.76 0.68 0.65 0.64 0.68 0.69 0.83 (Sep-25..Aug-26),high,"ICO CMR Table 5, monthly (end-of-month level as reported by ICO). Read from ICO PDF/text mirrored at github.com/BMR-Com/coffee-analytics (@b7111c9)."
ice_certified_stocks,ICE Europe (London) certified Robusta stocks,2025-11,0.73,million 60kg bags,ICO,ICO Coffee Market Report - August 2026 (published 10 Sep 2026),https://www.ico.org/documents/cy2025-26/cmr-0826-e.pdf,Table 5: Certified stocks (million 60-kg bags) London 1.08 1.01 0.73 0.71 0.76 0.76 0.68 0.65 0.64 0.68 0.69 0.83 (Sep-25..Aug-26),high,"ICO CMR Table 5, monthly (end-of-month level as reported by ICO). Read from ICO PDF/text mirrored at github.com/BMR-Com/coffee-analytics (@b7111c9)."
ice_certified_stocks,ICE Europe (London) certified Robusta stocks,2025-12,0.71,million 60kg bags,ICO,ICO Coffee Market Report - August 2026 (published 10 Sep 2026),https://www.ico.org/documents/cy2025-26/cmr-0826-e.pdf,Table 5: Certified stocks (million 60-kg bags) London 1.08 1.01 0.73 0.71 0.76 0.76 0.68 0.65 0.64 0.68 0.69 0.83 (Sep-25..Aug-26),high,"ICO CMR Table 5, monthly (end-of-month level as reported by ICO). Read from ICO PDF/text mirrored at github.com/BMR-Com/coffee-analytics (@b7111c9)."
ice_certified_stocks,ICE Europe (London) certified Robusta stocks,2026-01,0.76,million 60kg bags,ICO,ICO Coffee Market Report - August 2026 (published 10 Sep 2026),https://www.ico.org/documents/cy2025-26/cmr-0826-e.pdf,Table 5: Certified stocks (million 60-kg bags) London 1.08 1.01 0.73 0.71 0.76 0.76 0.68 0.65 0.64 0.68 0.69 0.83 (Sep-25..Aug-26),high,"ICO CMR Table 5, monthly (end-of-month level as reported by ICO). Read from ICO PDF/text mirrored at github.com/BMR-Com/coffee-analytics (@b7111c9)."
ice_certified_stocks,ICE Europe (London) certified Robusta stocks,2026-02,0.76,million 60kg bags,ICO,ICO Coffee Market Report - August 2026 (published 10 Sep 2026),https://www.ico.org/documents/cy2025-26/cmr-0826-e.pdf,Table 5: Certified stocks (million 60-kg bags) London 1.08 1.01 0.73 0.71 0.76 0.76 0.68 0.65 0.64 0.68 0.69 0.83 (Sep-25..Aug-26),high,"ICO CMR Table 5, monthly (end-of-month level as reported by ICO). Read from ICO PDF/text mirrored at github.com/BMR-Com/coffee-analytics (@b7111c9)."
ice_certified_stocks,ICE Europe (London) certified Robusta stocks,2026-03,0.68,million 60kg bags,ICO,ICO Coffee Market Report - August 2026 (published 10 Sep 2026),https://www.ico.org/documents/cy2025-26/cmr-0826-e.pdf,Table 5: Certified stocks (million 60-kg bags) London 1.08 1.01 0.73 0.71 0.76 0.76 0.68 0.65 0.64 0.68 0.69 0.83 (Sep-25..Aug-26),high,"ICO CMR Table 5, monthly (end-of-month level as reported by ICO). Read from ICO PDF/text mirrored at github.com/BMR-Com/coffee-analytics (@b7111c9)."
ice_certified_stocks,ICE Europe (London) certified Robusta stocks,2026-04,0.65,million 60kg bags,ICO,ICO Coffee Market Report - August 2026 (published 10 Sep 2026),https://www.ico.org/documents/cy2025-26/cmr-0826-e.pdf,Table 5: Certified stocks (million 60-kg bags) London 1.08 1.01 0.73 0.71 0.76 0.76 0.68 0.65 0.64 0.68 0.69 0.83 (Sep-25..Aug-26),high,"ICO CMR Table 5, monthly (end-of-month level as reported by ICO). Read from ICO PDF/text mirrored at github.com/BMR-Com/coffee-analytics (@b7111c9)."
ice_certified_stocks,ICE Europe (London) certified Robusta stocks,2026-05,0.64,million 60kg bags,ICO,ICO Coffee Market Report - August 2026 (published 10 Sep 2026),https://www.ico.org/documents/cy2025-26/cmr-0826-e.pdf,Table 5: Certified stocks (million 60-kg bags) London 1.08 1.01 0.73 0.71 0.76 0.76 0.68 0.65 0.64 0.68 0.69 0.83 (Sep-25..Aug-26),high,"ICO CMR Table 5, monthly (end-of-month level as reported by ICO). Read from ICO PDF/text mirrored at github.com/BMR-Com/coffee-analytics (@b7111c9)."
ice_certified_stocks,ICE Europe (London) certified Robusta stocks,2026-06,0.68,million 60kg bags,ICO,ICO Coffee Market Report - August 2026 (published 10 Sep 2026),https://www.ico.org/documents/cy2025-26/cmr-0826-e.pdf,Table 5: Certified stocks (million 60-kg bags) London 1.08 1.01 0.73 0.71 0.76 0.76 0.68 0.65 0.64 0.68 0.69 0.83 (Sep-25..Aug-26),high,"ICO CMR Table 5, monthly (end-of-month level as reported by ICO). Read from ICO PDF/text mirrored at github.com/BMR-Com/coffee-analytics (@b7111c9)."
ice_certified_stocks,ICE Europe (London) certified Robusta stocks,2026-07,0.69,million 60kg bags,ICO,ICO Coffee Market Report - August 2026 (published 10 Sep 2026),https://www.ico.org/documents/cy2025-26/cmr-0826-e.pdf,Table 5: Certified stocks (million 60-kg bags) London 1.08 1.01 0.73 0.71 0.76 0.76 0.68 0.65 0.64 0.68 0.69 0.83 (Sep-25..Aug-26),high,"ICO CMR Table 5, monthly (end-of-month level as reported by ICO). Read from ICO PDF/text mirrored at github.com/BMR-Com/coffee-analytics (@b7111c9)."
ice_certified_stocks,ICE Europe (London) certified Robusta stocks,2026-08,0.83,million 60kg bags,ICO,ICO Coffee Market Report - August 2026 (published 10 Sep 2026),https://www.ico.org/documents/cy2025-26/cmr-0826-e.pdf,Table 5: Certified stocks (million 60-kg bags) London 1.08 1.01 0.73 0.71 0.76 0.76 0.68 0.65 0.64 0.68 0.69 0.83 (Sep-25..Aug-26),high,"ICO CMR Table 5, monthly (end-of-month level as reported by ICO). Read from ICO PDF/text mirrored at github.com/BMR-Com/coffee-analytics (@b7111c9)."
ice_certified_stocks,ICE US (New York) certified Arabica stocks,2025-03,0.8,million 60kg bags,ICO,ICO Coffee Market Report - February 2026 (PDF dated 12 Mar 2026),https://www.ico.org/documents/cy2025-26/cmr-0226-e.pdf,"Table 5: New York 0.80 0.85 0.93 0.91 0.83 0.77 0.62 0.47 0.44 0.48 0.46 0.52 (Mar-25..Feb-26, million 60-kg bags)",high,"ICO CMR Table 5, monthly. Overlapping months Sep-25..Feb-26 identical to Aug 2026 CMR table. Read from ICO PDF/text mirrored at github.com/BMR-Com/coffee-analytics (@b7111c9)."
ice_certified_stocks,ICE US (New York) certified Arabica stocks,2025-04,0.85,million 60kg bags,ICO,ICO Coffee Market Report - February 2026 (PDF dated 12 Mar 2026),https://www.ico.org/documents/cy2025-26/cmr-0226-e.pdf,"Table 5: New York 0.80 0.85 0.93 0.91 0.83 0.77 0.62 0.47 0.44 0.48 0.46 0.52 (Mar-25..Feb-26, million 60-kg bags)",high,"ICO CMR Table 5, monthly. Overlapping months Sep-25..Feb-26 identical to Aug 2026 CMR table. Read from ICO PDF/text mirrored at github.com/BMR-Com/coffee-analytics (@b7111c9)."
ice_certified_stocks,ICE US (New York) certified Arabica stocks,2025-05,0.93,million 60kg bags,ICO,ICO Coffee Market Report - February 2026 (PDF dated 12 Mar 2026),https://www.ico.org/documents/cy2025-26/cmr-0226-e.pdf,"Table 5: New York 0.80 0.85 0.93 0.91 0.83 0.77 0.62 0.47 0.44 0.48 0.46 0.52 (Mar-25..Feb-26, million 60-kg bags)",high,"ICO CMR Table 5, monthly. Overlapping months Sep-25..Feb-26 identical to Aug 2026 CMR table. Read from ICO PDF/text mirrored at github.com/BMR-Com/coffee-analytics (@b7111c9)."
ice_certified_stocks,ICE US (New York) certified Arabica stocks,2025-06,0.91,million 60kg bags,ICO,ICO Coffee Market Report - February 2026 (PDF dated 12 Mar 2026),https://www.ico.org/documents/cy2025-26/cmr-0226-e.pdf,"Table 5: New York 0.80 0.85 0.93 0.91 0.83 0.77 0.62 0.47 0.44 0.48 0.46 0.52 (Mar-25..Feb-26, million 60-kg bags)",high,"ICO CMR Table 5, monthly. Overlapping months Sep-25..Feb-26 identical to Aug 2026 CMR table. Read from ICO PDF/text mirrored at github.com/BMR-Com/coffee-analytics (@b7111c9)."
ice_certified_stocks,ICE US (New York) certified Arabica stocks,2025-07,0.83,million 60kg bags,ICO,ICO Coffee Market Report - February 2026 (PDF dated 12 Mar 2026),https://www.ico.org/documents/cy2025-26/cmr-0226-e.pdf,"Table 5: New York 0.80 0.85 0.93 0.91 0.83 0.77 0.62 0.47 0.44 0.48 0.46 0.52 (Mar-25..Feb-26, million 60-kg bags)",high,"ICO CMR Table 5, monthly. Overlapping months Sep-25..Feb-26 identical to Aug 2026 CMR table. Read from ICO PDF/text mirrored at github.com/BMR-Com/coffee-analytics (@b7111c9)."
ice_certified_stocks,ICE US (New York) certified Arabica stocks,2025-08,0.77,million 60kg bags,ICO,ICO Coffee Market Report - February 2026 (PDF dated 12 Mar 2026),https://www.ico.org/documents/cy2025-26/cmr-0226-e.pdf,"Table 5: New York 0.80 0.85 0.93 0.91 0.83 0.77 0.62 0.47 0.44 0.48 0.46 0.52 (Mar-25..Feb-26, million 60-kg bags)",high,"ICO CMR Table 5, monthly. Overlapping months Sep-25..Feb-26 identical to Aug 2026 CMR table. Read from ICO PDF/text mirrored at github.com/BMR-Com/coffee-analytics (@b7111c9)."
ice_certified_stocks,ICE US (New York) certified Arabica stocks,2025-09,0.62,million 60kg bags,ICO,ICO Coffee Market Report - August 2026 (published 10 Sep 2026),https://www.ico.org/documents/cy2025-26/cmr-0826-e.pdf,Table 5: Certified stocks (million 60-kg bags) New York 0.62 0.47 0.44 0.48 0.46 0.52 0.61 0.55 0.48 0.41 0.29 0.24 (Sep-25..Aug-26),high,"ICO CMR Table 5, monthly (end-of-month level as reported by ICO). Read from ICO PDF/text mirrored at github.com/BMR-Com/coffee-analytics (@b7111c9)."
ice_certified_stocks,ICE US (New York) certified Arabica stocks,2025-10,0.47,million 60kg bags,ICO,ICO Coffee Market Report - August 2026 (published 10 Sep 2026),https://www.ico.org/documents/cy2025-26/cmr-0826-e.pdf,Table 5: Certified stocks (million 60-kg bags) New York 0.62 0.47 0.44 0.48 0.46 0.52 0.61 0.55 0.48 0.41 0.29 0.24 (Sep-25..Aug-26),high,"ICO CMR Table 5, monthly (end-of-month level as reported by ICO). Read from ICO PDF/text mirrored at github.com/BMR-Com/coffee-analytics (@b7111c9)."
ice_certified_stocks,ICE US (New York) certified Arabica stocks,2025-11,0.44,million 60kg bags,ICO,ICO Coffee Market Report - August 2026 (published 10 Sep 2026),https://www.ico.org/documents/cy2025-26/cmr-0826-e.pdf,Table 5: Certified stocks (million 60-kg bags) New York 0.62 0.47 0.44 0.48 0.46 0.52 0.61 0.55 0.48 0.41 0.29 0.24 (Sep-25..Aug-26),high,"ICO CMR Table 5, monthly (end-of-month level as reported by ICO). Read from ICO PDF/text mirrored at github.com/BMR-Com/coffee-analytics (@b7111c9)."
ice_certified_stocks,ICE US (New York) certified Arabica stocks,2025-12,0.48,million 60kg bags,ICO,ICO Coffee Market Report - August 2026 (published 10 Sep 2026),https://www.ico.org/documents/cy2025-26/cmr-0826-e.pdf,Table 5: Certified stocks (million 60-kg bags) New York 0.62 0.47 0.44 0.48 0.46 0.52 0.61 0.55 0.48 0.41 0.29 0.24 (Sep-25..Aug-26),high,"ICO CMR Table 5, monthly (end-of-month level as reported by ICO). Read from ICO PDF/text mirrored at github.com/BMR-Com/coffee-analytics (@b7111c9)."
ice_certified_stocks,ICE US (New York) certified Arabica stocks,2026-01,0.46,million 60kg bags,ICO,ICO Coffee Market Report - August 2026 (published 10 Sep 2026),https://www.ico.org/documents/cy2025-26/cmr-0826-e.pdf,Table 5: Certified stocks (million 60-kg bags) New York 0.62 0.47 0.44 0.48 0.46 0.52 0.61 0.55 0.48 0.41 0.29 0.24 (Sep-25..Aug-26),high,"ICO CMR Table 5, monthly (end-of-month level as reported by ICO). Read from ICO PDF/text mirrored at github.com/BMR-Com/coffee-analytics (@b7111c9)."
ice_certified_stocks,ICE US (New York) certified Arabica stocks,2026-02,0.52,million 60kg bags,ICO,ICO Coffee Market Report - August 2026 (published 10 Sep 2026),https://www.ico.org/documents/cy2025-26/cmr-0826-e.pdf,Table 5: Certified stocks (million 60-kg bags) New York 0.62 0.47 0.44 0.48 0.46 0.52 0.61 0.55 0.48 0.41 0.29 0.24 (Sep-25..Aug-26),high,"ICO CMR Table 5, monthly (end-of-month level as reported by ICO). Read from ICO PDF/text mirrored at github.com/BMR-Com/coffee-analytics (@b7111c9)."
ice_certified_stocks,ICE US (New York) certified Arabica stocks,2026-03,0.61,million 60kg bags,ICO,ICO Coffee Market Report - August 2026 (published 10 Sep 2026),https://www.ico.org/documents/cy2025-26/cmr-0826-e.pdf,Table 5: Certified stocks (million 60-kg bags) New York 0.62 0.47 0.44 0.48 0.46 0.52 0.61 0.55 0.48 0.41 0.29 0.24 (Sep-25..Aug-26),high,"ICO CMR Table 5, monthly (end-of-month level as reported by ICO). Read from ICO PDF/text mirrored at github.com/BMR-Com/coffee-analytics (@b7111c9)."
ice_certified_stocks,ICE US (New York) certified Arabica stocks,2026-04,0.55,million 60kg bags,ICO,ICO Coffee Market Report - August 2026 (published 10 Sep 2026),https://www.ico.org/documents/cy2025-26/cmr-0826-e.pdf,Table 5: Certified stocks (million 60-kg bags) New York 0.62 0.47 0.44 0.48 0.46 0.52 0.61 0.55 0.48 0.41 0.29 0.24 (Sep-25..Aug-26),high,"ICO CMR Table 5, monthly (end-of-month level as reported by ICO). Read from ICO PDF/text mirrored at github.com/BMR-Com/coffee-analytics (@b7111c9)."
ice_certified_stocks,ICE US (New York) certified Arabica stocks,2026-05,0.48,million 60kg bags,ICO,ICO Coffee Market Report - August 2026 (published 10 Sep 2026),https://www.ico.org/documents/cy2025-26/cmr-0826-e.pdf,Table 5: Certified stocks (million 60-kg bags) New York 0.62 0.47 0.44 0.48 0.46 0.52 0.61 0.55 0.48 0.41 0.29 0.24 (Sep-25..Aug-26),high,"ICO CMR Table 5, monthly (end-of-month level as reported by ICO). Read from ICO PDF/text mirrored at github.com/BMR-Com/coffee-analytics (@b7111c9)."
ice_certified_stocks,ICE US (New York) certified Arabica stocks,2026-06,0.41,million 60kg bags,ICO,ICO Coffee Market Report - August 2026 (published 10 Sep 2026),https://www.ico.org/documents/cy2025-26/cmr-0826-e.pdf,Table 5: Certified stocks (million 60-kg bags) New York 0.62 0.47 0.44 0.48 0.46 0.52 0.61 0.55 0.48 0.41 0.29 0.24 (Sep-25..Aug-26),high,"ICO CMR Table 5, monthly (end-of-month level as reported by ICO). Read from ICO PDF/text mirrored at github.com/BMR-Com/coffee-analytics (@b7111c9)."
ice_certified_stocks,ICE US (New York) certified Arabica stocks,2026-07,0.29,million 60kg bags,ICO,ICO Coffee Market Report - August 2026 (published 10 Sep 2026),https://www.ico.org/documents/cy2025-26/cmr-0826-e.pdf,Table 5: Certified stocks (million 60-kg bags) New York 0.62 0.47 0.44 0.48 0.46 0.52 0.61 0.55 0.48 0.41 0.29 0.24 (Sep-25..Aug-26),high,"ICO CMR Table 5, monthly (end-of-month level as reported by ICO). Read from ICO PDF/text mirrored at github.com/BMR-Com/coffee-analytics (@b7111c9)."
ice_certified_stocks,ICE US (New York) certified Arabica stocks,2026-08,0.24,million 60kg bags,ICO,ICO Coffee Market Report - August 2026 (published 10 Sep 2026),https://www.ico.org/documents/cy2025-26/cmr-0826-e.pdf,Table 5: Certified stocks (million 60-kg bags) New York 0.62 0.47 0.44 0.48 0.46 0.52 0.61 0.55 0.48 0.41 0.29 0.24 (Sep-25..Aug-26),high,"ICO CMR Table 5, monthly (end-of-month level as reported by ICO). Read from ICO PDF/text mirrored at github.com/BMR-Com/coffee-analytics (@b7111c9)."
ice_certified_stocks,ICE US (New York) certified Arabica stocks,2026-08-31,0.223976,million 60kg bags,ICO,ICO Coffee Market Report - August 2026 (published 10 Sep 2026),https://www.ico.org/documents/cy2025-26/cmr-0826-e.pdf,"ICE-certified Arabica stocks declined without interruption throughout the month, closing at 223,976 bags on 31 August, the lowest level since 1999.",high,"Daily level 223,976 bags (converted to million). ~68% below a year earlier per same report. Read from ICO PDF/text mirrored at github.com/BMR-Com/coffee-analytics (@b7111c9)."
ice_certified_stocks,"ICE certified stocks, Arabica + Robusta combined",2026-06-30,1.09,million 60kg bags,ICO,ICO Coffee Market Report - June 2026 (PDF dated 13 Jul 2026),https://www.ico.org/documents/cy2025-26/cmr-0626-e.pdf,"Combined ICE-certified stocks (Arabicas and Robustas) fell to 1.09 million bags on 30 June, their lowest level since February 2024.",high,Same report: US certified Arabica stocks 0.41m at end-June 2026 = lowest since February 2024 (i.e. the early-2024 trough was lower). Read from ICO PDF/text mirrored at github.com/BMR-Com/coffee-analytics (@b7111c9).
production_region_ico,Africa,CY2020/21,18.7,million 60kg bags,ICO,ICO Coffee Market Report - August 2026 (published 10 Sep 2026),https://www.ico.org/documents/cy2025-26/cmr-0826-e.pdf,TOTL PRODUCTION - REGIONS: Africa 18.7 19.6 19.0 21.5 23.9 25.0,high,"Coffee-year basis (Oct-Sep). Vintage: ICO supply & demand statistics update of 10 Sep 2026 (latest). 2025/26 = estimate. Consumption defined as apparent consumption (production + net trade +/- stock changes; footnote 5). Regional split of world production (Table 3). Read from a copy of the ICO PDF/text mirrored in public repo github.com/BMR-Com/coffee-analytics (pipeline downloads the CMR from ico.org; pdfs/2026-08.pdf, data/report-text/2026-08.txt @ b7111c9)."
production_region_ico,Africa,CY2021/22,19.589,million 60kg bags,ICO,"Table 3: World Supply/Demand Balance, ICO Coffee Market Report - February 2026 (PDF dated 12 Mar 2026)",https://www.ico.org/documents/cy2025-26/cmr-0226-e.pdf,"Table 3 (thousand 60-kg bags), coffee year commencing 2021 2022 2023 2024: Africa 19,589 18,865 21,173 22,782",high,"Coffee-year basis (""Coffee year commencing"" 2021..2024 = CY2021/22..CY2024/25). Vintage: ICO Table 3 as published in Feb 2026 CMR (identical in Mar 2026 CMR, cmr-0326-e.pdf). SUPERSEDED by the 10 Sep 2026 update (Aug 2026 CMR). Source table in thousand 60-kg bags; converted to million (/1000, 3 dp). Read from a copy of the ICO PDF/text mirrored in public repo github.com/BMR-Com/coffee-analytics (pipeline downloads the CMR from ico.org; pdfs/2026-02.pdf, data/report-text/2026-02.txt @ b7111c9)."
production_region_ico,Africa,CY2021/22,19.6,million 60kg bags,ICO,ICO Coffee Market Report - August 2026 (published 10 Sep 2026),https://www.ico.org/documents/cy2025-26/cmr-0826-e.pdf,TOTL PRODUCTION - REGIONS: Africa 18.7 19.6 19.0 21.5 23.9 25.0,high,"Coffee-year basis (Oct-Sep). Vintage: ICO supply & demand statistics update of 10 Sep 2026 (latest). 2025/26 = estimate. Consumption defined as apparent consumption (production + net trade +/- stock changes; footnote 5). Regional split of world production (Table 3). Read from a copy of the ICO PDF/text mirrored in public repo github.com/BMR-Com/coffee-analytics (pipeline downloads the CMR from ico.org; pdfs/2026-08.pdf, data/report-text/2026-08.txt @ b7111c9)."
production_region_ico,Africa,CY2022/23,18.865,million 60kg bags,ICO,"Table 3: World Supply/Demand Balance, ICO Coffee Market Report - February 2026 (PDF dated 12 Mar 2026)",https://www.ico.org/documents/cy2025-26/cmr-0226-e.pdf,"Table 3 (thousand 60-kg bags), coffee year commencing 2021 2022 2023 2024: Africa 19,589 18,865 21,173 22,782",high,"Coffee-year basis (""Coffee year commencing"" 2021..2024 = CY2021/22..CY2024/25). Vintage: ICO Table 3 as published in Feb 2026 CMR (identical in Mar 2026 CMR, cmr-0326-e.pdf). SUPERSEDED by the 10 Sep 2026 update (Aug 2026 CMR). Source table in thousand 60-kg bags; converted to million (/1000, 3 dp). Read from a copy of the ICO PDF/text mirrored in public repo github.com/BMR-Com/coffee-analytics (pipeline downloads the CMR from ico.org; pdfs/2026-02.pdf, data/report-text/2026-02.txt @ b7111c9)."
production_region_ico,Africa,CY2022/23,19.0,million 60kg bags,ICO,ICO Coffee Market Report - August 2026 (published 10 Sep 2026),https://www.ico.org/documents/cy2025-26/cmr-0826-e.pdf,TOTL PRODUCTION - REGIONS: Africa 18.7 19.6 19.0 21.5 23.9 25.0,high,"Coffee-year basis (Oct-Sep). Vintage: ICO supply & demand statistics update of 10 Sep 2026 (latest). 2025/26 = estimate. Consumption defined as apparent consumption (production + net trade +/- stock changes; footnote 5). Regional split of world production (Table 3). Read from a copy of the ICO PDF/text mirrored in public repo github.com/BMR-Com/coffee-analytics (pipeline downloads the CMR from ico.org; pdfs/2026-08.pdf, data/report-text/2026-08.txt @ b7111c9)."
production_region_ico,Africa,CY2023/24,21.173,million 60kg bags,ICO,"Table 3: World Supply/Demand Balance, ICO Coffee Market Report - February 2026 (PDF dated 12 Mar 2026)",https://www.ico.org/documents/cy2025-26/cmr-0226-e.pdf,"Table 3 (thousand 60-kg bags), coffee year commencing 2021 2022 2023 2024: Africa 19,589 18,865 21,173 22,782",high,"Coffee-year basis (""Coffee year commencing"" 2021..2024 = CY2021/22..CY2024/25). Vintage: ICO Table 3 as published in Feb 2026 CMR (identical in Mar 2026 CMR, cmr-0326-e.pdf). SUPERSEDED by the 10 Sep 2026 update (Aug 2026 CMR). Source table in thousand 60-kg bags; converted to million (/1000, 3 dp). Read from a copy of the ICO PDF/text mirrored in public repo github.com/BMR-Com/coffee-analytics (pipeline downloads the CMR from ico.org; pdfs/2026-02.pdf, data/report-text/2026-02.txt @ b7111c9)."
production_region_ico,Africa,CY2023/24,21.5,million 60kg bags,ICO,ICO Coffee Market Report - August 2026 (published 10 Sep 2026),https://www.ico.org/documents/cy2025-26/cmr-0826-e.pdf,TOTL PRODUCTION - REGIONS: Africa 18.7 19.6 19.0 21.5 23.9 25.0,high,"Coffee-year basis (Oct-Sep). Vintage: ICO supply & demand statistics update of 10 Sep 2026 (latest). 2025/26 = estimate. Consumption defined as apparent consumption (production + net trade +/- stock changes; footnote 5). Regional split of world production (Table 3). Read from a copy of the ICO PDF/text mirrored in public repo github.com/BMR-Com/coffee-analytics (pipeline downloads the CMR from ico.org; pdfs/2026-08.pdf, data/report-text/2026-08.txt @ b7111c9)."
production_region_ico,Africa,CY2024/25,22.782,million 60kg bags,ICO,"Table 3: World Supply/Demand Balance, ICO Coffee Market Report - February 2026 (PDF dated 12 Mar 2026)",https://www.ico.org/documents/cy2025-26/cmr-0226-e.pdf,"Table 3 (thousand 60-kg bags), coffee year commencing 2021 2022 2023 2024: Africa 19,589 18,865 21,173 22,782",high,"Coffee-year basis (""Coffee year commencing"" 2021..2024 = CY2021/22..CY2024/25). Vintage: ICO Table 3 as published in Feb 2026 CMR (identical in Mar 2026 CMR, cmr-0326-e.pdf). SUPERSEDED by the 10 Sep 2026 update (Aug 2026 CMR). Source table in thousand 60-kg bags; converted to million (/1000, 3 dp). Read from a copy of the ICO PDF/text mirrored in public repo github.com/BMR-Com/coffee-analytics (pipeline downloads the CMR from ico.org; pdfs/2026-02.pdf, data/report-text/2026-02.txt @ b7111c9)."
production_region_ico,Africa,CY2024/25,23.9,million 60kg bags,ICO,ICO Coffee Market Report - August 2026 (published 10 Sep 2026),https://www.ico.org/documents/cy2025-26/cmr-0826-e.pdf,TOTL PRODUCTION - REGIONS: Africa 18.7 19.6 19.0 21.5 23.9 25.0,high,"Coffee-year basis (Oct-Sep). Vintage: ICO supply & demand statistics update of 10 Sep 2026 (latest). 2025/26 = estimate. Consumption defined as apparent consumption (production + net trade +/- stock changes; footnote 5). Regional split of world production (Table 3). Read from a copy of the ICO PDF/text mirrored in public repo github.com/BMR-Com/coffee-analytics (pipeline downloads the CMR from ico.org; pdfs/2026-08.pdf, data/report-text/2026-08.txt @ b7111c9)."
production_region_ico,Africa,CY2025/26,25.0,million 60kg bags,ICO,ICO Coffee Market Report - August 2026 (published 10 Sep 2026),https://www.ico.org/documents/cy2025-26/cmr-0826-e.pdf,TOTL PRODUCTION - REGIONS: Africa 18.7 19.6 19.0 21.5 23.9 25.0,high,"Coffee-year basis (Oct-Sep). Vintage: ICO supply & demand statistics update of 10 Sep 2026 (latest). 2025/26 = estimate. Consumption defined as apparent consumption (production + net trade +/- stock changes; footnote 5). Regional split of world production (Table 3). Read from a copy of the ICO PDF/text mirrored in public repo github.com/BMR-Com/coffee-analytics (pipeline downloads the CMR from ico.org; pdfs/2026-08.pdf, data/report-text/2026-08.txt @ b7111c9)."
production_region_ico,Asia & Oceania,CY2020/21,49.9,million 60kg bags,ICO,ICO Coffee Market Report - August 2026 (published 10 Sep 2026),https://www.ico.org/documents/cy2025-26/cmr-0826-e.pdf,TOTL PRODUCTION - REGIONS: Asia & Oceania 49.9 52.9 52.8 47.0 50.4 54.6,high,"Coffee-year basis (Oct-Sep). Vintage: ICO supply & demand statistics update of 10 Sep 2026 (latest). 2025/26 = estimate. Consumption defined as apparent consumption (production + net trade +/- stock changes; footnote 5). Regional split of world production (Table 3). Read from a copy of the ICO PDF/text mirrored in public repo github.com/BMR-Com/coffee-analytics (pipeline downloads the CMR from ico.org; pdfs/2026-08.pdf, data/report-text/2026-08.txt @ b7111c9)."
production_region_ico,Asia & Oceania,CY2021/22,51.063,million 60kg bags,ICO,"Table 3: World Supply/Demand Balance, ICO Coffee Market Report - February 2026 (PDF dated 12 Mar 2026)",https://www.ico.org/documents/cy2025-26/cmr-0226-e.pdf,"Table 3 (thousand 60-kg bags), coffee year commencing 2021 2022 2023 2024: Asia & Oceania 51,063 49,275 46,035 49,637",high,"Coffee-year basis (""Coffee year commencing"" 2021..2024 = CY2021/22..CY2024/25). Vintage: ICO Table 3 as published in Feb 2026 CMR (identical in Mar 2026 CMR, cmr-0326-e.pdf). SUPERSEDED by the 10 Sep 2026 update (Aug 2026 CMR). Source table in thousand 60-kg bags; converted to million (/1000, 3 dp). Read from a copy of the ICO PDF/text mirrored in public repo github.com/BMR-Com/coffee-analytics (pipeline downloads the CMR from ico.org; pdfs/2026-02.pdf, data/report-text/2026-02.txt @ b7111c9)."
production_region_ico,Asia & Oceania,CY2021/22,52.9,million 60kg bags,ICO,ICO Coffee Market Report - August 2026 (published 10 Sep 2026),https://www.ico.org/documents/cy2025-26/cmr-0826-e.pdf,TOTL PRODUCTION - REGIONS: Asia & Oceania 49.9 52.9 52.8 47.0 50.4 54.6,high,"Coffee-year basis (Oct-Sep). Vintage: ICO supply & demand statistics update of 10 Sep 2026 (latest). 2025/26 = estimate. Consumption defined as apparent consumption (production + net trade +/- stock changes; footnote 5). Regional split of world production (Table 3). Read from a copy of the ICO PDF/text mirrored in public repo github.com/BMR-Com/coffee-analytics (pipeline downloads the CMR from ico.org; pdfs/2026-08.pdf, data/report-text/2026-08.txt @ b7111c9)."
production_region_ico,Asia & Oceania,CY2022/23,49.275,million 60kg bags,ICO,"Table 3: World Supply/Demand Balance, ICO Coffee Market Report - February 2026 (PDF dated 12 Mar 2026)",https://www.ico.org/documents/cy2025-26/cmr-0226-e.pdf,"Table 3 (thousand 60-kg bags), coffee year commencing 2021 2022 2023 2024: Asia & Oceania 51,063 49,275 46,035 49,637",high,"Coffee-year basis (""Coffee year commencing"" 2021..2024 = CY2021/22..CY2024/25). Vintage: ICO Table 3 as published in Feb 2026 CMR (identical in Mar 2026 CMR, cmr-0326-e.pdf). SUPERSEDED by the 10 Sep 2026 update (Aug 2026 CMR). Source table in thousand 60-kg bags; converted to million (/1000, 3 dp). Read from a copy of the ICO PDF/text mirrored in public repo github.com/BMR-Com/coffee-analytics (pipeline downloads the CMR from ico.org; pdfs/2026-02.pdf, data/report-text/2026-02.txt @ b7111c9)."
production_region_ico,Asia & Oceania,CY2022/23,52.8,million 60kg bags,ICO,ICO Coffee Market Report - August 2026 (published 10 Sep 2026),https://www.ico.org/documents/cy2025-26/cmr-0826-e.pdf,TOTL PRODUCTION - REGIONS: Asia & Oceania 49.9 52.9 52.8 47.0 50.4 54.6,high,"Coffee-year basis (Oct-Sep). Vintage: ICO supply & demand statistics update of 10 Sep 2026 (latest). 2025/26 = estimate. Consumption defined as apparent consumption (production + net trade +/- stock changes; footnote 5). Regional split of world production (Table 3). Read from a copy of the ICO PDF/text mirrored in public repo github.com/BMR-Com/coffee-analytics (pipeline downloads the CMR from ico.org; pdfs/2026-08.pdf, data/report-text/2026-08.txt @ b7111c9)."
production_region_ico,Asia & Oceania,CY2023/24,46.035,million 60kg bags,ICO,"Table 3: World Supply/Demand Balance, ICO Coffee Market Report - February 2026 (PDF dated 12 Mar 2026)",https://www.ico.org/documents/cy2025-26/cmr-0226-e.pdf,"Table 3 (thousand 60-kg bags), coffee year commencing 2021 2022 2023 2024: Asia & Oceania 51,063 49,275 46,035 49,637",high,"Coffee-year basis (""Coffee year commencing"" 2021..2024 = CY2021/22..CY2024/25). Vintage: ICO Table 3 as published in Feb 2026 CMR (identical in Mar 2026 CMR, cmr-0326-e.pdf). SUPERSEDED by the 10 Sep 2026 update (Aug 2026 CMR). Source table in thousand 60-kg bags; converted to million (/1000, 3 dp). Read from a copy of the ICO PDF/text mirrored in public repo github.com/BMR-Com/coffee-analytics (pipeline downloads the CMR from ico.org; pdfs/2026-02.pdf, data/report-text/2026-02.txt @ b7111c9)."
production_region_ico,Asia & Oceania,CY2023/24,47.0,million 60kg bags,ICO,ICO Coffee Market Report - August 2026 (published 10 Sep 2026),https://www.ico.org/documents/cy2025-26/cmr-0826-e.pdf,TOTL PRODUCTION - REGIONS: Asia & Oceania 49.9 52.9 52.8 47.0 50.4 54.6,high,"Coffee-year basis (Oct-Sep). Vintage: ICO supply & demand statistics update of 10 Sep 2026 (latest). 2025/26 = estimate. Consumption defined as apparent consumption (production + net trade +/- stock changes; footnote 5). Regional split of world production (Table 3). Read from a copy of the ICO PDF/text mirrored in public repo github.com/BMR-Com/coffee-analytics (pipeline downloads the CMR from ico.org; pdfs/2026-08.pdf, data/report-text/2026-08.txt @ b7111c9)."
production_region_ico,Asia & Oceania,CY2024/25,49.637,million 60kg bags,ICO,"Table 3: World Supply/Demand Balance, ICO Coffee Market Report - February 2026 (PDF dated 12 Mar 2026)",https://www.ico.org/documents/cy2025-26/cmr-0226-e.pdf,"Table 3 (thousand 60-kg bags), coffee year commencing 2021 2022 2023 2024: Asia & Oceania 51,063 49,275 46,035 49,637",high,"Coffee-year basis (""Coffee year commencing"" 2021..2024 = CY2021/22..CY2024/25). Vintage: ICO Table 3 as published in Feb 2026 CMR (identical in Mar 2026 CMR, cmr-0326-e.pdf). SUPERSEDED by the 10 Sep 2026 update (Aug 2026 CMR). Source table in thousand 60-kg bags; converted to million (/1000, 3 dp). Read from a copy of the ICO PDF/text mirrored in public repo github.com/BMR-Com/coffee-analytics (pipeline downloads the CMR from ico.org; pdfs/2026-02.pdf, data/report-text/2026-02.txt @ b7111c9)."
production_region_ico,Asia & Oceania,CY2024/25,50.4,million 60kg bags,ICO,ICO Coffee Market Report - August 2026 (published 10 Sep 2026),https://www.ico.org/documents/cy2025-26/cmr-0826-e.pdf,TOTL PRODUCTION - REGIONS: Asia & Oceania 49.9 52.9 52.8 47.0 50.4 54.6,high,"Coffee-year basis (Oct-Sep). Vintage: ICO supply & demand statistics update of 10 Sep 2026 (latest). 2025/26 = estimate. Consumption defined as apparent consumption (production + net trade +/- stock changes; footnote 5). Regional split of world production (Table 3). Read from a copy of the ICO PDF/text mirrored in public repo github.com/BMR-Com/coffee-analytics (pipeline downloads the CMR from ico.org; pdfs/2026-08.pdf, data/report-text/2026-08.txt @ b7111c9)."
production_region_ico,Asia & Oceania,CY2025/26,54.6,million 60kg bags,ICO,ICO Coffee Market Report - August 2026 (published 10 Sep 2026),https://www.ico.org/documents/cy2025-26/cmr-0826-e.pdf,TOTL PRODUCTION - REGIONS: Asia & Oceania 49.9 52.9 52.8 47.0 50.4 54.6,high,"Coffee-year basis (Oct-Sep). Vintage: ICO supply & demand statistics update of 10 Sep 2026 (latest). 2025/26 = estimate. Consumption defined as apparent consumption (production + net trade +/- stock changes; footnote 5). Regional split of world production (Table 3). Read from a copy of the ICO PDF/text mirrored in public repo github.com/BMR-Com/coffee-analytics (pipeline downloads the CMR from ico.org; pdfs/2026-08.pdf, data/report-text/2026-08.txt @ b7111c9)."
production_region_ico,Central America & Mexico,CY2020/21,19.9,million 60kg bags,ICO,ICO Coffee Market Report - August 2026 (published 10 Sep 2026),https://www.ico.org/documents/cy2025-26/cmr-0826-e.pdf,TOTL PRODUCTION - REGIONS: C America & Mexico 19.9 18.7 18.7 17.9 18.9 19.9,high,"Coffee-year basis (Oct-Sep). Vintage: ICO supply & demand statistics update of 10 Sep 2026 (latest). 2025/26 = estimate. Consumption defined as apparent consumption (production + net trade +/- stock changes; footnote 5). Regional split of world production (Table 3). Read from a copy of the ICO PDF/text mirrored in public repo github.com/BMR-Com/coffee-analytics (pipeline downloads the CMR from ico.org; pdfs/2026-08.pdf, data/report-text/2026-08.txt @ b7111c9)."
production_region_ico,Central America & Mexico,CY2021/22,18.053,million 60kg bags,ICO,"Table 3: World Supply/Demand Balance, ICO Coffee Market Report - February 2026 (PDF dated 12 Mar 2026)",https://www.ico.org/documents/cy2025-26/cmr-0226-e.pdf,"Table 3 (thousand 60-kg bags), coffee year commencing 2021 2022 2023 2024: Caribbean, Mexico & Central America 18,053 18,214 17,161 18,304",high,"Coffee-year basis (""Coffee year commencing"" 2021..2024 = CY2021/22..CY2024/25). Vintage: ICO Table 3 as published in Feb 2026 CMR (identical in Mar 2026 CMR, cmr-0326-e.pdf). SUPERSEDED by the 10 Sep 2026 update (Aug 2026 CMR). Source table in thousand 60-kg bags; converted to million (/1000, 3 dp). ICO label in this table: ""Caribbean, Mexico & Central America"". Read from a copy of the ICO PDF/text mirrored in public repo github.com/BMR-Com/coffee-analytics (pipeline downloads the CMR from ico.org; pdfs/2026-02.pdf, data/report-text/2026-02.txt @ b7111c9)."
production_region_ico,Central America & Mexico,CY2021/22,18.7,million 60kg bags,ICO,ICO Coffee Market Report - August 2026 (published 10 Sep 2026),https://www.ico.org/documents/cy2025-26/cmr-0826-e.pdf,TOTL PRODUCTION - REGIONS: C America & Mexico 19.9 18.7 18.7 17.9 18.9 19.9,high,"Coffee-year basis (Oct-Sep). Vintage: ICO supply & demand statistics update of 10 Sep 2026 (latest). 2025/26 = estimate. Consumption defined as apparent consumption (production + net trade +/- stock changes; footnote 5). Regional split of world production (Table 3). Read from a copy of the ICO PDF/text mirrored in public repo github.com/BMR-Com/coffee-analytics (pipeline downloads the CMR from ico.org; pdfs/2026-08.pdf, data/report-text/2026-08.txt @ b7111c9)."
production_region_ico,Central America & Mexico,CY2022/23,18.214,million 60kg bags,ICO,"Table 3: World Supply/Demand Balance, ICO Coffee Market Report - February 2026 (PDF dated 12 Mar 2026)",https://www.ico.org/documents/cy2025-26/cmr-0226-e.pdf,"Table 3 (thousand 60-kg bags), coffee year commencing 2021 2022 2023 2024: Caribbean, Mexico & Central America 18,053 18,214 17,161 18,304",high,"Coffee-year basis (""Coffee year commencing"" 2021..2024 = CY2021/22..CY2024/25). Vintage: ICO Table 3 as published in Feb 2026 CMR (identical in Mar 2026 CMR, cmr-0326-e.pdf). SUPERSEDED by the 10 Sep 2026 update (Aug 2026 CMR). Source table in thousand 60-kg bags; converted to million (/1000, 3 dp). ICO label in this table: ""Caribbean, Mexico & Central America"". Read from a copy of the ICO PDF/text mirrored in public repo github.com/BMR-Com/coffee-analytics (pipeline downloads the CMR from ico.org; pdfs/2026-02.pdf, data/report-text/2026-02.txt @ b7111c9)."
production_region_ico,Central America & Mexico,CY2022/23,18.7,million 60kg bags,ICO,ICO Coffee Market Report - August 2026 (published 10 Sep 2026),https://www.ico.org/documents/cy2025-26/cmr-0826-e.pdf,TOTL PRODUCTION - REGIONS: C America & Mexico 19.9 18.7 18.7 17.9 18.9 19.9,high,"Coffee-year basis (Oct-Sep). Vintage: ICO supply & demand statistics update of 10 Sep 2026 (latest). 2025/26 = estimate. Consumption defined as apparent consumption (production + net trade +/- stock changes; footnote 5). Regional split of world production (Table 3). Read from a copy of the ICO PDF/text mirrored in public repo github.com/BMR-Com/coffee-analytics (pipeline downloads the CMR from ico.org; pdfs/2026-08.pdf, data/report-text/2026-08.txt @ b7111c9)."
production_region_ico,Central America & Mexico,CY2023/24,17.161,million 60kg bags,ICO,"Table 3: World Supply/Demand Balance, ICO Coffee Market Report - February 2026 (PDF dated 12 Mar 2026)",https://www.ico.org/documents/cy2025-26/cmr-0226-e.pdf,"Table 3 (thousand 60-kg bags), coffee year commencing 2021 2022 2023 2024: Caribbean, Mexico & Central America 18,053 18,214 17,161 18,304",high,"Coffee-year basis (""Coffee year commencing"" 2021..2024 = CY2021/22..CY2024/25). Vintage: ICO Table 3 as published in Feb 2026 CMR (identical in Mar 2026 CMR, cmr-0326-e.pdf). SUPERSEDED by the 10 Sep 2026 update (Aug 2026 CMR). Source table in thousand 60-kg bags; converted to million (/1000, 3 dp). ICO label in this table: ""Caribbean, Mexico & Central America"". Read from a copy of the ICO PDF/text mirrored in public repo github.com/BMR-Com/coffee-analytics (pipeline downloads the CMR from ico.org; pdfs/2026-02.pdf, data/report-text/2026-02.txt @ b7111c9)."
production_region_ico,Central America & Mexico,CY2023/24,17.9,million 60kg bags,ICO,ICO Coffee Market Report - August 2026 (published 10 Sep 2026),https://www.ico.org/documents/cy2025-26/cmr-0826-e.pdf,TOTL PRODUCTION - REGIONS: C America & Mexico 19.9 18.7 18.7 17.9 18.9 19.9,high,"Coffee-year basis (Oct-Sep). Vintage: ICO supply & demand statistics update of 10 Sep 2026 (latest). 2025/26 = estimate. Consumption defined as apparent consumption (production + net trade +/- stock changes; footnote 5). Regional split of world production (Table 3). Read from a copy of the ICO PDF/text mirrored in public repo github.com/BMR-Com/coffee-analytics (pipeline downloads the CMR from ico.org; pdfs/2026-08.pdf, data/report-text/2026-08.txt @ b7111c9)."
production_region_ico,Central America & Mexico,CY2024/25,18.304,million 60kg bags,ICO,"Table 3: World Supply/Demand Balance, ICO Coffee Market Report - February 2026 (PDF dated 12 Mar 2026)",https://www.ico.org/documents/cy2025-26/cmr-0226-e.pdf,"Table 3 (thousand 60-kg bags), coffee year commencing 2021 2022 2023 2024: Caribbean, Mexico & Central America 18,053 18,214 17,161 18,304",high,"Coffee-year basis (""Coffee year commencing"" 2021..2024 = CY2021/22..CY2024/25). Vintage: ICO Table 3 as published in Feb 2026 CMR (identical in Mar 2026 CMR, cmr-0326-e.pdf). SUPERSEDED by the 10 Sep 2026 update (Aug 2026 CMR). Source table in thousand 60-kg bags; converted to million (/1000, 3 dp). ICO label in this table: ""Caribbean, Mexico & Central America"". Read from a copy of the ICO PDF/text mirrored in public repo github.com/BMR-Com/coffee-analytics (pipeline downloads the CMR from ico.org; pdfs/2026-02.pdf, data/report-text/2026-02.txt @ b7111c9)."
production_region_ico,Central America & Mexico,CY2024/25,18.9,million 60kg bags,ICO,ICO Coffee Market Report - August 2026 (published 10 Sep 2026),https://www.ico.org/documents/cy2025-26/cmr-0826-e.pdf,TOTL PRODUCTION - REGIONS: C America & Mexico 19.9 18.7 18.7 17.9 18.9 19.9,high,"Coffee-year basis (Oct-Sep). Vintage: ICO supply & demand statistics update of 10 Sep 2026 (latest). 2025/26 = estimate. Consumption defined as apparent consumption (production + net trade +/- stock changes; footnote 5). Regional split of world production (Table 3). Read from a copy of the ICO PDF/text mirrored in public repo github.com/BMR-Com/coffee-analytics (pipeline downloads the CMR from ico.org; pdfs/2026-08.pdf, data/report-text/2026-08.txt @ b7111c9)."
production_region_ico,Central America & Mexico,CY2025/26,19.9,million 60kg bags,ICO,ICO Coffee Market Report - August 2026 (published 10 Sep 2026),https://www.ico.org/documents/cy2025-26/cmr-0826-e.pdf,TOTL PRODUCTION - REGIONS: C America & Mexico 19.9 18.7 18.7 17.9 18.9 19.9,high,"Coffee-year basis (Oct-Sep). Vintage: ICO supply & demand statistics update of 10 Sep 2026 (latest). 2025/26 = estimate. Consumption defined as apparent consumption (production + net trade +/- stock changes; footnote 5). Regional split of world production (Table 3). Read from a copy of the ICO PDF/text mirrored in public repo github.com/BMR-Com/coffee-analytics (pipeline downloads the CMR from ico.org; pdfs/2026-08.pdf, data/report-text/2026-08.txt @ b7111c9)."
production_region_ico,South America,CY2020/21,82.8,million 60kg bags,ICO,ICO Coffee Market Report - August 2026 (published 10 Sep 2026),https://www.ico.org/documents/cy2025-26/cmr-0826-e.pdf,TOTL PRODUCTION - REGIONS: S America 82.8 77.2 79.5 85.2 82.8 84.1,high,"Coffee-year basis (Oct-Sep). Vintage: ICO supply & demand statistics update of 10 Sep 2026 (latest). 2025/26 = estimate. Consumption defined as apparent consumption (production + net trade +/- stock changes; footnote 5). Regional split of world production (Table 3). Read from a copy of the ICO PDF/text mirrored in public repo github.com/BMR-Com/coffee-analytics (pipeline downloads the CMR from ico.org; pdfs/2026-08.pdf, data/report-text/2026-08.txt @ b7111c9)."
production_region_ico,South America,CY2021/22,76.388,million 60kg bags,ICO,"Table 3: World Supply/Demand Balance, ICO Coffee Market Report - February 2026 (PDF dated 12 Mar 2026)",https://www.ico.org/documents/cy2025-26/cmr-0226-e.pdf,"Table 3 (thousand 60-kg bags), coffee year commencing 2021 2022 2023 2024: South America 76,388 79,431 84,338 86,790",high,"Coffee-year basis (""Coffee year commencing"" 2021..2024 = CY2021/22..CY2024/25). Vintage: ICO Table 3 as published in Feb 2026 CMR (identical in Mar 2026 CMR, cmr-0326-e.pdf). SUPERSEDED by the 10 Sep 2026 update (Aug 2026 CMR). Source table in thousand 60-kg bags; converted to million (/1000, 3 dp). Read from a copy of the ICO PDF/text mirrored in public repo github.com/BMR-Com/coffee-analytics (pipeline downloads the CMR from ico.org; pdfs/2026-02.pdf, data/report-text/2026-02.txt @ b7111c9)."
production_region_ico,South America,CY2021/22,77.2,million 60kg bags,ICO,ICO Coffee Market Report - August 2026 (published 10 Sep 2026),https://www.ico.org/documents/cy2025-26/cmr-0826-e.pdf,TOTL PRODUCTION - REGIONS: S America 82.8 77.2 79.5 85.2 82.8 84.1,high,"Coffee-year basis (Oct-Sep). Vintage: ICO supply & demand statistics update of 10 Sep 2026 (latest). 2025/26 = estimate. Consumption defined as apparent consumption (production + net trade +/- stock changes; footnote 5). Regional split of world production (Table 3). Read from a copy of the ICO PDF/text mirrored in public repo github.com/BMR-Com/coffee-analytics (pipeline downloads the CMR from ico.org; pdfs/2026-08.pdf, data/report-text/2026-08.txt @ b7111c9)."
production_region_ico,South America,CY2022/23,79.431,million 60kg bags,ICO,"Table 3: World Supply/Demand Balance, ICO Coffee Market Report - February 2026 (PDF dated 12 Mar 2026)",https://www.ico.org/documents/cy2025-26/cmr-0226-e.pdf,"Table 3 (thousand 60-kg bags), coffee year commencing 2021 2022 2023 2024: South America 76,388 79,431 84,338 86,790",high,"Coffee-year basis (""Coffee year commencing"" 2021..2024 = CY2021/22..CY2024/25). Vintage: ICO Table 3 as published in Feb 2026 CMR (identical in Mar 2026 CMR, cmr-0326-e.pdf). SUPERSEDED by the 10 Sep 2026 update (Aug 2026 CMR). Source table in thousand 60-kg bags; converted to million (/1000, 3 dp). Read from a copy of the ICO PDF/text mirrored in public repo github.com/BMR-Com/coffee-analytics (pipeline downloads the CMR from ico.org; pdfs/2026-02.pdf, data/report-text/2026-02.txt @ b7111c9)."
production_region_ico,South America,CY2022/23,79.5,million 60kg bags,ICO,ICO Coffee Market Report - August 2026 (published 10 Sep 2026),https://www.ico.org/documents/cy2025-26/cmr-0826-e.pdf,TOTL PRODUCTION - REGIONS: S America 82.8 77.2 79.5 85.2 82.8 84.1,high,"Coffee-year basis (Oct-Sep). Vintage: ICO supply & demand statistics update of 10 Sep 2026 (latest). 2025/26 = estimate. Consumption defined as apparent consumption (production + net trade +/- stock changes; footnote 5). Regional split of world production (Table 3). Read from a copy of the ICO PDF/text mirrored in public repo github.com/BMR-Com/coffee-analytics (pipeline downloads the CMR from ico.org; pdfs/2026-08.pdf, data/report-text/2026-08.txt @ b7111c9)."
production_region_ico,South America,CY2023/24,84.338,million 60kg bags,ICO,"Table 3: World Supply/Demand Balance, ICO Coffee Market Report - February 2026 (PDF dated 12 Mar 2026)",https://www.ico.org/documents/cy2025-26/cmr-0226-e.pdf,"Table 3 (thousand 60-kg bags), coffee year commencing 2021 2022 2023 2024: South America 76,388 79,431 84,338 86,790",high,"Coffee-year basis (""Coffee year commencing"" 2021..2024 = CY2021/22..CY2024/25). Vintage: ICO Table 3 as published in Feb 2026 CMR (identical in Mar 2026 CMR, cmr-0326-e.pdf). SUPERSEDED by the 10 Sep 2026 update (Aug 2026 CMR). Source table in thousand 60-kg bags; converted to million (/1000, 3 dp). Read from a copy of the ICO PDF/text mirrored in public repo github.com/BMR-Com/coffee-analytics (pipeline downloads the CMR from ico.org; pdfs/2026-02.pdf, data/report-text/2026-02.txt @ b7111c9)."
production_region_ico,South America,CY2023/24,85.2,million 60kg bags,ICO,ICO Coffee Market Report - August 2026 (published 10 Sep 2026),https://www.ico.org/documents/cy2025-26/cmr-0826-e.pdf,TOTL PRODUCTION - REGIONS: S America 82.8 77.2 79.5 85.2 82.8 84.1,high,"Coffee-year basis (Oct-Sep). Vintage: ICO supply & demand statistics update of 10 Sep 2026 (latest). 2025/26 = estimate. Consumption defined as apparent consumption (production + net trade +/- stock changes; footnote 5). Regional split of world production (Table 3). Read from a copy of the ICO PDF/text mirrored in public repo github.com/BMR-Com/coffee-analytics (pipeline downloads the CMR from ico.org; pdfs/2026-08.pdf, data/report-text/2026-08.txt @ b7111c9)."
production_region_ico,South America,CY2024/25,86.790,million 60kg bags,ICO,"Table 3: World Supply/Demand Balance, ICO Coffee Market Report - February 2026 (PDF dated 12 Mar 2026)",https://www.ico.org/documents/cy2025-26/cmr-0226-e.pdf,"Table 3 (thousand 60-kg bags), coffee year commencing 2021 2022 2023 2024: South America 76,388 79,431 84,338 86,790",high,"Coffee-year basis (""Coffee year commencing"" 2021..2024 = CY2021/22..CY2024/25). Vintage: ICO Table 3 as published in Feb 2026 CMR (identical in Mar 2026 CMR, cmr-0326-e.pdf). SUPERSEDED by the 10 Sep 2026 update (Aug 2026 CMR). Source table in thousand 60-kg bags; converted to million (/1000, 3 dp). Read from a copy of the ICO PDF/text mirrored in public repo github.com/BMR-Com/coffee-analytics (pipeline downloads the CMR from ico.org; pdfs/2026-02.pdf, data/report-text/2026-02.txt @ b7111c9)."
production_region_ico,South America,CY2024/25,82.8,million 60kg bags,ICO,ICO Coffee Market Report - August 2026 (published 10 Sep 2026),https://www.ico.org/documents/cy2025-26/cmr-0826-e.pdf,TOTL PRODUCTION - REGIONS: S America 82.8 77.2 79.5 85.2 82.8 84.1,high,"Coffee-year basis (Oct-Sep). Vintage: ICO supply & demand statistics update of 10 Sep 2026 (latest). 2025/26 = estimate. Consumption defined as apparent consumption (production + net trade +/- stock changes; footnote 5). Regional split of world production (Table 3). Read from a copy of the ICO PDF/text mirrored in public repo github.com/BMR-Com/coffee-analytics (pipeline downloads the CMR from ico.org; pdfs/2026-08.pdf, data/report-text/2026-08.txt @ b7111c9)."
production_region_ico,South America,CY2025/26,84.1,million 60kg bags,ICO,ICO Coffee Market Report - August 2026 (published 10 Sep 2026),https://www.ico.org/documents/cy2025-26/cmr-0826-e.pdf,TOTL PRODUCTION - REGIONS: S America 82.8 77.2 79.5 85.2 82.8 84.1,high,"Coffee-year basis (Oct-Sep). Vintage: ICO supply & demand statistics update of 10 Sep 2026 (latest). 2025/26 = estimate. Consumption defined as apparent consumption (production + net trade +/- stock changes; footnote 5). Regional split of world production (Table 3). Read from a copy of the ICO PDF/text mirrored in public repo github.com/BMR-Com/coffee-analytics (pipeline downloads the CMR from ico.org; pdfs/2026-08.pdf, data/report-text/2026-08.txt @ b7111c9)."
world_bean_exports_usda,World,2005/06,84.813,million 60kg bags,USDA FAS,"USDA FAS PSD Online coffee database (psd_coffee_csv.zip), world aggregate - Dec 2025 release vintage",https://github.com/andenick/Foodberg/blob/7b5333b1066caceaef075a4c66b480507235a571/Outputs/Data/WASDE_PSD/wasde_psd_coffee_green__world.csv,"""Coffee, Green"",World,2005,Bean Exports,(1000 60 KG BAGS),84813.0,1,88,agg",medium,"Green bean exports. USDA PSD market year 2005 (= MY 2005/06; world total aggregates each country's local marketing year). Vintage: PSD bulk download of 2026-06-21 = Dec 2025 USDA release (latest official vintage for this year). World = sum of 88 reporting countries (aggregation by andenick/Foodberg from official psd_coffee_csv.zip; validated: MY2025/26 production 178.848 / consumption 173.852 / ending stocks 20.148 / bean exports 123.825 and MY2024/25 production 175.316 match USDA Dec 2025 report headlines 178.8 / 173.9 / 20.1 / 123.8 / 175.3). Converted from 1000 bags to million bags (/1000, 3 dp)."
world_bean_exports_usda,World,2006/07,95.615,million 60kg bags,USDA FAS,"USDA FAS PSD Online coffee database (psd_coffee_csv.zip), world aggregate - Dec 2025 release vintage",https://github.com/andenick/Foodberg/blob/7b5333b1066caceaef075a4c66b480507235a571/Outputs/Data/WASDE_PSD/wasde_psd_coffee_green__world.csv,"""Coffee, Green"",World,2006,Bean Exports,(1000 60 KG BAGS),95615.0,1,88,agg",medium,"Green bean exports. USDA PSD market year 2006 (= MY 2006/07; world total aggregates each country's local marketing year). Vintage: PSD bulk download of 2026-06-21 = Dec 2025 USDA release (latest official vintage for this year). World = sum of 88 reporting countries (aggregation by andenick/Foodberg from official psd_coffee_csv.zip; validated: MY2025/26 production 178.848 / consumption 173.852 / ending stocks 20.148 / bean exports 123.825 and MY2024/25 production 175.316 match USDA Dec 2025 report headlines 178.8 / 173.9 / 20.1 / 123.8 / 175.3). Converted from 1000 bags to million bags (/1000, 3 dp)."
world_bean_exports_usda,World,2007/08,88.396,million 60kg bags,USDA FAS,"USDA FAS PSD Online coffee database (psd_coffee_csv.zip), world aggregate - Dec 2025 release vintage",https://github.com/andenick/Foodberg/blob/7b5333b1066caceaef075a4c66b480507235a571/Outputs/Data/WASDE_PSD/wasde_psd_coffee_green__world.csv,"""Coffee, Green"",World,2007,Bean Exports,(1000 60 KG BAGS),88396.0,1,89,agg",medium,"Green bean exports. USDA PSD market year 2007 (= MY 2007/08; world total aggregates each country's local marketing year). Vintage: PSD bulk download of 2026-06-21 = Dec 2025 USDA release (latest official vintage for this year). World = sum of 89 reporting countries (aggregation by andenick/Foodberg from official psd_coffee_csv.zip; validated: MY2025/26 production 178.848 / consumption 173.852 / ending stocks 20.148 / bean exports 123.825 and MY2024/25 production 175.316 match USDA Dec 2025 report headlines 178.8 / 173.9 / 20.1 / 123.8 / 175.3). Converted from 1000 bags to million bags (/1000, 3 dp)."
world_bean_exports_usda,World,2008/09,91.727,million 60kg bags,USDA FAS,"USDA FAS PSD Online coffee database (psd_coffee_csv.zip), world aggregate - Dec 2025 release vintage",https://github.com/andenick/Foodberg/blob/7b5333b1066caceaef075a4c66b480507235a571/Outputs/Data/WASDE_PSD/wasde_psd_coffee_green__world.csv,"""Coffee, Green"",World,2008,Bean Exports,(1000 60 KG BAGS),91727.0,1,89,agg",medium,"Green bean exports. USDA PSD market year 2008 (= MY 2008/09; world total aggregates each country's local marketing year). Vintage: PSD bulk download of 2026-06-21 = Dec 2025 USDA release (latest official vintage for this year). World = sum of 89 reporting countries (aggregation by andenick/Foodberg from official psd_coffee_csv.zip; validated: MY2025/26 production 178.848 / consumption 173.852 / ending stocks 20.148 / bean exports 123.825 and MY2024/25 production 175.316 match USDA Dec 2025 report headlines 178.8 / 173.9 / 20.1 / 123.8 / 175.3). Converted from 1000 bags to million bags (/1000, 3 dp)."
world_bean_exports_usda,World,2009/10,92.306,million 60kg bags,USDA FAS,"USDA FAS PSD Online coffee database (psd_coffee_csv.zip), world aggregate - Dec 2025 release vintage",https://github.com/andenick/Foodberg/blob/7b5333b1066caceaef075a4c66b480507235a571/Outputs/Data/WASDE_PSD/wasde_psd_coffee_green__world.csv,"""Coffee, Green"",World,2009,Bean Exports,(1000 60 KG BAGS),92306.0,1,89,agg",medium,"Green bean exports. USDA PSD market year 2009 (= MY 2009/10; world total aggregates each country's local marketing year). Vintage: PSD bulk download of 2026-06-21 = Dec 2025 USDA release (latest official vintage for this year). World = sum of 89 reporting countries (aggregation by andenick/Foodberg from official psd_coffee_csv.zip; validated: MY2025/26 production 178.848 / consumption 173.852 / ending stocks 20.148 / bean exports 123.825 and MY2024/25 production 175.316 match USDA Dec 2025 report headlines 178.8 / 173.9 / 20.1 / 123.8 / 175.3). Converted from 1000 bags to million bags (/1000, 3 dp)."
world_bean_exports_usda,World,2010/11,100.403,million 60kg bags,USDA FAS,"USDA FAS PSD Online coffee database (psd_coffee_csv.zip), world aggregate - Dec 2025 release vintage",https://github.com/andenick/Foodberg/blob/7b5333b1066caceaef075a4c66b480507235a571/Outputs/Data/WASDE_PSD/wasde_psd_coffee_green__world.csv,"""Coffee, Green"",World,2010,Bean Exports,(1000 60 KG BAGS),100403.0,1,91,agg",medium,"Green bean exports. USDA PSD market year 2010 (= MY 2010/11; world total aggregates each country's local marketing year). Vintage: PSD bulk download of 2026-06-21 = Dec 2025 USDA release (latest official vintage for this year). World = sum of 91 reporting countries (aggregation by andenick/Foodberg from official psd_coffee_csv.zip; validated: MY2025/26 production 178.848 / consumption 173.852 / ending stocks 20.148 / bean exports 123.825 and MY2024/25 production 175.316 match USDA Dec 2025 report headlines 178.8 / 173.9 / 20.1 / 123.8 / 175.3). Converted from 1000 bags to million bags (/1000, 3 dp)."
world_bean_exports_usda,World,2011/12,101.144,million 60kg bags,USDA FAS,"USDA FAS PSD Online coffee database (psd_coffee_csv.zip), world aggregate - Dec 2025 release vintage",https://github.com/andenick/Foodberg/blob/7b5333b1066caceaef075a4c66b480507235a571/Outputs/Data/WASDE_PSD/wasde_psd_coffee_green__world.csv,"""Coffee, Green"",World,2011,Bean Exports,(1000 60 KG BAGS),101144.0,1,91,agg",medium,"Green bean exports. USDA PSD market year 2011 (= MY 2011/12; world total aggregates each country's local marketing year). Vintage: PSD bulk download of 2026-06-21 = Dec 2025 USDA release (latest official vintage for this year). World = sum of 91 reporting countries (aggregation by andenick/Foodberg from official psd_coffee_csv.zip; validated: MY2025/26 production 178.848 / consumption 173.852 / ending stocks 20.148 / bean exports 123.825 and MY2024/25 production 175.316 match USDA Dec 2025 report headlines 178.8 / 173.9 / 20.1 / 123.8 / 175.3). Converted from 1000 bags to million bags (/1000, 3 dp)."
world_bean_exports_usda,World,2012/13,104.993,million 60kg bags,USDA FAS,"USDA FAS PSD Online coffee database (psd_coffee_csv.zip), world aggregate - Dec 2025 release vintage",https://github.com/andenick/Foodberg/blob/7b5333b1066caceaef075a4c66b480507235a571/Outputs/Data/WASDE_PSD/wasde_psd_coffee_green__world.csv,"""Coffee, Green"",World,2012,Bean Exports,(1000 60 KG BAGS),104993.0,1,91,agg",medium,"Green bean exports. USDA PSD market year 2012 (= MY 2012/13; world total aggregates each country's local marketing year). Vintage: PSD bulk download of 2026-06-21 = Dec 2025 USDA release (latest official vintage for this year). World = sum of 91 reporting countries (aggregation by andenick/Foodberg from official psd_coffee_csv.zip; validated: MY2025/26 production 178.848 / consumption 173.852 / ending stocks 20.148 / bean exports 123.825 and MY2024/25 production 175.316 match USDA Dec 2025 report headlines 178.8 / 173.9 / 20.1 / 123.8 / 175.3). Converted from 1000 bags to million bags (/1000, 3 dp)."
world_bean_exports_usda,World,2013/14,110.004,million 60kg bags,USDA FAS,"USDA FAS PSD Online coffee database (psd_coffee_csv.zip), world aggregate - Dec 2025 release vintage",https://github.com/andenick/Foodberg/blob/7b5333b1066caceaef075a4c66b480507235a571/Outputs/Data/WASDE_PSD/wasde_psd_coffee_green__world.csv,"""Coffee, Green"",World,2013,Bean Exports,(1000 60 KG BAGS),110004.0,1,91,agg",medium,"Green bean exports. USDA PSD market year 2013 (= MY 2013/14; world total aggregates each country's local marketing year). Vintage: PSD bulk download of 2026-06-21 = Dec 2025 USDA release (latest official vintage for this year). World = sum of 91 reporting countries (aggregation by andenick/Foodberg from official psd_coffee_csv.zip; validated: MY2025/26 production 178.848 / consumption 173.852 / ending stocks 20.148 / bean exports 123.825 and MY2024/25 production 175.316 match USDA Dec 2025 report headlines 178.8 / 173.9 / 20.1 / 123.8 / 175.3). Converted from 1000 bags to million bags (/1000, 3 dp)."
world_bean_exports_usda,World,2014/15,103.755,million 60kg bags,USDA FAS,"USDA FAS PSD Online coffee database (psd_coffee_csv.zip), world aggregate - Dec 2025 release vintage",https://github.com/andenick/Foodberg/blob/7b5333b1066caceaef075a4c66b480507235a571/Outputs/Data/WASDE_PSD/wasde_psd_coffee_green__world.csv,"""Coffee, Green"",World,2014,Bean Exports,(1000 60 KG BAGS),103755.0,1,92,agg",medium,"Green bean exports. USDA PSD market year 2014 (= MY 2014/15; world total aggregates each country's local marketing year). Vintage: PSD bulk download of 2026-06-21 = Dec 2025 USDA release (latest official vintage for this year). World = sum of 92 reporting countries (aggregation by andenick/Foodberg from official psd_coffee_csv.zip; validated: MY2025/26 production 178.848 / consumption 173.852 / ending stocks 20.148 / bean exports 123.825 and MY2024/25 production 175.316 match USDA Dec 2025 report headlines 178.8 / 173.9 / 20.1 / 123.8 / 175.3). Converted from 1000 bags to million bags (/1000, 3 dp)."
world_bean_exports_usda,World,2015/16,112.360,million 60kg bags,USDA FAS,"USDA FAS PSD Online coffee database (psd_coffee_csv.zip), world aggregate - Dec 2025 release vintage",https://github.com/andenick/Foodberg/blob/7b5333b1066caceaef075a4c66b480507235a571/Outputs/Data/WASDE_PSD/wasde_psd_coffee_green__world.csv,"""Coffee, Green"",World,2015,Bean Exports,(1000 60 KG BAGS),112360.0,1,92,agg",medium,"Green bean exports. USDA PSD market year 2015 (= MY 2015/16; world total aggregates each country's local marketing year). Vintage: PSD bulk download of 2026-06-21 = Dec 2025 USDA release (latest official vintage for this year). World = sum of 92 reporting countries (aggregation by andenick/Foodberg from official psd_coffee_csv.zip; validated: MY2025/26 production 178.848 / consumption 173.852 / ending stocks 20.148 / bean exports 123.825 and MY2024/25 production 175.316 match USDA Dec 2025 report headlines 178.8 / 173.9 / 20.1 / 123.8 / 175.3). Converted from 1000 bags to million bags (/1000, 3 dp)."
world_bean_exports_usda,World,2016/17,112.675,million 60kg bags,USDA FAS,"USDA FAS PSD Online coffee database (psd_coffee_csv.zip), world aggregate - Dec 2025 release vintage",https://github.com/andenick/Foodberg/blob/7b5333b1066caceaef075a4c66b480507235a571/Outputs/Data/WASDE_PSD/wasde_psd_coffee_green__world.csv,"""Coffee, Green"",World,2016,Bean Exports,(1000 60 KG BAGS),112675.0,1,93,agg",medium,"Green bean exports. USDA PSD market year 2016 (= MY 2016/17; world total aggregates each country's local marketing year). Vintage: PSD bulk download of 2026-06-21 = Dec 2025 USDA release (latest official vintage for this year). World = sum of 93 reporting countries (aggregation by andenick/Foodberg from official psd_coffee_csv.zip; validated: MY2025/26 production 178.848 / consumption 173.852 / ending stocks 20.148 / bean exports 123.825 and MY2024/25 production 175.316 match USDA Dec 2025 report headlines 178.8 / 173.9 / 20.1 / 123.8 / 175.3). Converted from 1000 bags to million bags (/1000, 3 dp)."
world_bean_exports_usda,World,2017/18,112.919,million 60kg bags,USDA FAS,"USDA FAS PSD Online coffee database (psd_coffee_csv.zip), world aggregate - Dec 2025 release vintage",https://github.com/andenick/Foodberg/blob/7b5333b1066caceaef075a4c66b480507235a571/Outputs/Data/WASDE_PSD/wasde_psd_coffee_green__world.csv,"""Coffee, Green"",World,2017,Bean Exports,(1000 60 KG BAGS),112919.0,1,93,agg",medium,"Green bean exports. USDA PSD market year 2017 (= MY 2017/18; world total aggregates each country's local marketing year). Vintage: PSD bulk download of 2026-06-21 = Dec 2025 USDA release (latest official vintage for this year). World = sum of 93 reporting countries (aggregation by andenick/Foodberg from official psd_coffee_csv.zip; validated: MY2025/26 production 178.848 / consumption 173.852 / ending stocks 20.148 / bean exports 123.825 and MY2024/25 production 175.316 match USDA Dec 2025 report headlines 178.8 / 173.9 / 20.1 / 123.8 / 175.3). Converted from 1000 bags to million bags (/1000, 3 dp)."
world_bean_exports_usda,World,2018/19,121.257,million 60kg bags,USDA FAS,"USDA FAS PSD Online coffee database (psd_coffee_csv.zip), world aggregate - Dec 2025 release vintage",https://github.com/andenick/Foodberg/blob/7b5333b1066caceaef075a4c66b480507235a571/Outputs/Data/WASDE_PSD/wasde_psd_coffee_green__world.csv,"""Coffee, Green"",World,2018,Bean Exports,(1000 60 KG BAGS),121257.0,1,93,agg",medium,"Green bean exports. USDA PSD market year 2018 (= MY 2018/19; world total aggregates each country's local marketing year). Vintage: PSD bulk download of 2026-06-21 = Dec 2025 USDA release (latest official vintage for this year). World = sum of 93 reporting countries (aggregation by andenick/Foodberg from official psd_coffee_csv.zip; validated: MY2025/26 production 178.848 / consumption 173.852 / ending stocks 20.148 / bean exports 123.825 and MY2024/25 production 175.316 match USDA Dec 2025 report headlines 178.8 / 173.9 / 20.1 / 123.8 / 175.3). Converted from 1000 bags to million bags (/1000, 3 dp)."
world_bean_exports_usda,World,2019/20,116.320,million 60kg bags,USDA FAS,"USDA FAS PSD Online coffee database (psd_coffee_csv.zip), world aggregate - Dec 2025 release vintage",https://github.com/andenick/Foodberg/blob/7b5333b1066caceaef075a4c66b480507235a571/Outputs/Data/WASDE_PSD/wasde_psd_coffee_green__world.csv,"""Coffee, Green"",World,2019,Bean Exports,(1000 60 KG BAGS),116320.0,1,93,agg",medium,"Green bean exports. USDA PSD market year 2019 (= MY 2019/20; world total aggregates each country's local marketing year). Vintage: PSD bulk download of 2026-06-21 = Dec 2025 USDA release (latest official vintage for this year). World = sum of 93 reporting countries (aggregation by andenick/Foodberg from official psd_coffee_csv.zip; validated: MY2025/26 production 178.848 / consumption 173.852 / ending stocks 20.148 / bean exports 123.825 and MY2024/25 production 175.316 match USDA Dec 2025 report headlines 178.8 / 173.9 / 20.1 / 123.8 / 175.3). Converted from 1000 bags to million bags (/1000, 3 dp)."
world_bean_exports_usda,World,2020/21,121.158,million 60kg bags,USDA FAS,"USDA FAS PSD Online coffee database (psd_coffee_csv.zip), world aggregate - Dec 2025 release vintage",https://github.com/andenick/Foodberg/blob/7b5333b1066caceaef075a4c66b480507235a571/Outputs/Data/WASDE_PSD/wasde_psd_coffee_green__world.csv,"""Coffee, Green"",World,2020,Bean Exports,(1000 60 KG BAGS),121158.0,1,93,agg",medium,"Green bean exports. USDA PSD market year 2020 (= MY 2020/21; world total aggregates each country's local marketing year). Vintage: PSD bulk download of 2026-06-21 = Dec 2025 USDA release (latest official vintage for this year). World = sum of 93 reporting countries (aggregation by andenick/Foodberg from official psd_coffee_csv.zip; validated: MY2025/26 production 178.848 / consumption 173.852 / ending stocks 20.148 / bean exports 123.825 and MY2024/25 production 175.316 match USDA Dec 2025 report headlines 178.8 / 173.9 / 20.1 / 123.8 / 175.3). Converted from 1000 bags to million bags (/1000, 3 dp)."
world_bean_exports_usda,World,2021/22,118.953,million 60kg bags,USDA FAS,"USDA FAS PSD Online coffee database (psd_coffee_csv.zip), world aggregate - Dec 2025 release vintage",https://github.com/andenick/Foodberg/blob/7b5333b1066caceaef075a4c66b480507235a571/Outputs/Data/WASDE_PSD/wasde_psd_coffee_green__world.csv,"""Coffee, Green"",World,2021,Bean Exports,(1000 60 KG BAGS),118953.0,1,93,agg",medium,"Green bean exports. USDA PSD market year 2021 (= MY 2021/22; world total aggregates each country's local marketing year). Vintage: PSD bulk download of 2026-06-21 = Dec 2025 USDA release (latest official vintage for this year). World = sum of 93 reporting countries (aggregation by andenick/Foodberg from official psd_coffee_csv.zip; validated: MY2025/26 production 178.848 / consumption 173.852 / ending stocks 20.148 / bean exports 123.825 and MY2024/25 production 175.316 match USDA Dec 2025 report headlines 178.8 / 173.9 / 20.1 / 123.8 / 175.3). Converted from 1000 bags to million bags (/1000, 3 dp)."
world_bean_exports_usda,World,2022/23,110.940,million 60kg bags,USDA FAS,"USDA FAS PSD Online coffee database (psd_coffee_csv.zip), world aggregate - Dec 2025 release vintage",https://github.com/andenick/Foodberg/blob/7b5333b1066caceaef075a4c66b480507235a571/Outputs/Data/WASDE_PSD/wasde_psd_coffee_green__world.csv,"""Coffee, Green"",World,2022,Bean Exports,(1000 60 KG BAGS),110940.0,1,93,agg",medium,"Green bean exports. USDA PSD market year 2022 (= MY 2022/23; world total aggregates each country's local marketing year). Vintage: PSD bulk download of 2026-06-21 = Dec 2025 USDA release (latest official vintage for this year). World = sum of 93 reporting countries (aggregation by andenick/Foodberg from official psd_coffee_csv.zip; validated: MY2025/26 production 178.848 / consumption 173.852 / ending stocks 20.148 / bean exports 123.825 and MY2024/25 production 175.316 match USDA Dec 2025 report headlines 178.8 / 173.9 / 20.1 / 123.8 / 175.3). Converted from 1000 bags to million bags (/1000, 3 dp)."
world_bean_exports_usda,World,2023/24,119.180,million 60kg bags,USDA FAS,"USDA FAS PSD Online coffee database (psd_coffee_csv.zip), world aggregate - Dec 2025 release vintage",https://github.com/andenick/Foodberg/blob/7b5333b1066caceaef075a4c66b480507235a571/Outputs/Data/WASDE_PSD/wasde_psd_coffee_green__world.csv,"""Coffee, Green"",World,2023,Bean Exports,(1000 60 KG BAGS),119180.0,1,93,agg",medium,"Green bean exports. USDA PSD market year 2023 (= MY 2023/24; world total aggregates each country's local marketing year). Vintage: PSD bulk download of 2026-06-21 = Dec 2025 USDA release (latest official vintage for this year). World = sum of 93 reporting countries (aggregation by andenick/Foodberg from official psd_coffee_csv.zip; validated: MY2025/26 production 178.848 / consumption 173.852 / ending stocks 20.148 / bean exports 123.825 and MY2024/25 production 175.316 match USDA Dec 2025 report headlines 178.8 / 173.9 / 20.1 / 123.8 / 175.3). Converted from 1000 bags to million bags (/1000, 3 dp)."
world_bean_exports_usda,World,2024/25,121.488,million 60kg bags,USDA FAS,"USDA FAS PSD Online coffee database (psd_coffee_csv.zip), world aggregate - Dec 2025 release vintage",https://github.com/andenick/Foodberg/blob/7b5333b1066caceaef075a4c66b480507235a571/Outputs/Data/WASDE_PSD/wasde_psd_coffee_green__world.csv,"""Coffee, Green"",World,2024,Bean Exports,(1000 60 KG BAGS),121488.0,1,93,agg",medium,"Green bean exports. USDA PSD market year 2024 (= MY 2024/25; world total aggregates each country's local marketing year). Vintage: PSD bulk download of 2026-06-21 = Dec 2025 USDA release (latest official vintage for this year before the Jul 2026 report). World = sum of 93 reporting countries (aggregation by andenick/Foodberg from official psd_coffee_csv.zip; validated: MY2025/26 production 178.848 / consumption 173.852 / ending stocks 20.148 / bean exports 123.825 and MY2024/25 production 175.316 match USDA Dec 2025 report headlines 178.8 / 173.9 / 20.1 / 123.8 / 175.3). Converted from 1000 bags to million bags (/1000, 3 dp)."
world_bean_exports_usda,World,2025/26,123.825,million 60kg bags,USDA FAS,"USDA FAS PSD Online coffee database (psd_coffee_csv.zip), world aggregate - Dec 2025 release vintage",https://github.com/andenick/Foodberg/blob/7b5333b1066caceaef075a4c66b480507235a571/Outputs/Data/WASDE_PSD/wasde_psd_coffee_green__world.csv,"""Coffee, Green"",World,2025,Bean Exports,(1000 60 KG BAGS),123825.0,1,93,agg",medium,"Green bean exports. USDA PSD market year 2025 (= MY 2025/26; world total aggregates each country's local marketing year). Vintage: PSD bulk download of 2026-06-21 = Dec 2025 USDA release (latest official vintage for this year before the Jul 2026 report). World = sum of 93 reporting countries (aggregation by andenick/Foodberg from official psd_coffee_csv.zip; validated: MY2025/26 production 178.848 / consumption 173.852 / ending stocks 20.148 / bean exports 123.825 and MY2024/25 production 175.316 match USDA Dec 2025 report headlines 178.8 / 173.9 / 20.1 / 123.8 / 175.3). Converted from 1000 bags to million bags (/1000, 3 dp)."
world_bean_exports_usda,World,2025/26,123.8,million 60kg bags,USDA FAS,"Coffee: World Markets and Trade, December 2025",https://www.comunicaffe.com/usda-sees-world-coffee-production-for-2025-26-at-an-all-time-high-of-178-8-million-bags-2-consumption-at-a-record-173-9-million-1-3/,World coffee bean exports are forecast 2.3 million bags higher (1.9%) to 123.8 million,medium,Vintage Dec 2025. Green bean exports. Superseded by Jul 2026 vintage (119.5m).
world_bean_exports_usda,World,2025/26,119.5,million 60kg bags,USDA FAS,"Coffee: World Markets and Trade, July 2026",https://apps.fas.usda.gov/psdonline/circulars/coffee.pdf,World bean exports are revised down 4.3 million bags to 119.5 million.,high,Vintage Jul 2026 (latest). Green bean exports only. Revised down from 123.8m (Dec 2025 vintage). Statement as indexed by WebSearch from the USDA circular PDF (apps.fas.usda.gov/psdonline/circulars/coffee.pdf = Jul 2026 edition at time of search).
world_bean_imports_usda,World,2005/06,84.572,million 60kg bags,USDA FAS,"USDA FAS PSD Online coffee database (psd_coffee_csv.zip), world aggregate - Dec 2025 release vintage",https://github.com/andenick/Foodberg/blob/7b5333b1066caceaef075a4c66b480507235a571/Outputs/Data/WASDE_PSD/wasde_psd_coffee_green__world.csv,"""Coffee, Green"",World,2005,Bean Imports,(1000 60 KG BAGS),84572.0,1,88,agg",medium,"Green bean imports. USDA PSD market year 2005 (= MY 2005/06; world total aggregates each country's local marketing year). Vintage: PSD bulk download of 2026-06-21 = Dec 2025 USDA release (latest official vintage for this year). World = sum of 88 reporting countries (aggregation by andenick/Foodberg from official psd_coffee_csv.zip; validated: MY2025/26 production 178.848 / consumption 173.852 / ending stocks 20.148 / bean exports 123.825 and MY2024/25 production 175.316 match USDA Dec 2025 report headlines 178.8 / 173.9 / 20.1 / 123.8 / 175.3). Converted from 1000 bags to million bags (/1000, 3 dp)."
world_bean_imports_usda,World,2006/07,90.244,million 60kg bags,USDA FAS,"USDA FAS PSD Online coffee database (psd_coffee_csv.zip), world aggregate - Dec 2025 release vintage",https://github.com/andenick/Foodberg/blob/7b5333b1066caceaef075a4c66b480507235a571/Outputs/Data/WASDE_PSD/wasde_psd_coffee_green__world.csv,"""Coffee, Green"",World,2006,Bean Imports,(1000 60 KG BAGS),90244.0,1,88,agg",medium,"Green bean imports. USDA PSD market year 2006 (= MY 2006/07; world total aggregates each country's local marketing year). Vintage: PSD bulk download of 2026-06-21 = Dec 2025 USDA release (latest official vintage for this year). World = sum of 88 reporting countries (aggregation by andenick/Foodberg from official psd_coffee_csv.zip; validated: MY2025/26 production 178.848 / consumption 173.852 / ending stocks 20.148 / bean exports 123.825 and MY2024/25 production 175.316 match USDA Dec 2025 report headlines 178.8 / 173.9 / 20.1 / 123.8 / 175.3). Converted from 1000 bags to million bags (/1000, 3 dp)."
world_bean_imports_usda,World,2007/08,89.545,million 60kg bags,USDA FAS,"USDA FAS PSD Online coffee database (psd_coffee_csv.zip), world aggregate - Dec 2025 release vintage",https://github.com/andenick/Foodberg/blob/7b5333b1066caceaef075a4c66b480507235a571/Outputs/Data/WASDE_PSD/wasde_psd_coffee_green__world.csv,"""Coffee, Green"",World,2007,Bean Imports,(1000 60 KG BAGS),89545.0,1,89,agg",medium,"Green bean imports. USDA PSD market year 2007 (= MY 2007/08; world total aggregates each country's local marketing year). Vintage: PSD bulk download of 2026-06-21 = Dec 2025 USDA release (latest official vintage for this year). World = sum of 89 reporting countries (aggregation by andenick/Foodberg from official psd_coffee_csv.zip; validated: MY2025/26 production 178.848 / consumption 173.852 / ending stocks 20.148 / bean exports 123.825 and MY2024/25 production 175.316 match USDA Dec 2025 report headlines 178.8 / 173.9 / 20.1 / 123.8 / 175.3). Converted from 1000 bags to million bags (/1000, 3 dp)."
world_bean_imports_usda,World,2008/09,91.085,million 60kg bags,USDA FAS,"USDA FAS PSD Online coffee database (psd_coffee_csv.zip), world aggregate - Dec 2025 release vintage",https://github.com/andenick/Foodberg/blob/7b5333b1066caceaef075a4c66b480507235a571/Outputs/Data/WASDE_PSD/wasde_psd_coffee_green__world.csv,"""Coffee, Green"",World,2008,Bean Imports,(1000 60 KG BAGS),91085.0,1,89,agg",medium,"Green bean imports. USDA PSD market year 2008 (= MY 2008/09; world total aggregates each country's local marketing year). Vintage: PSD bulk download of 2026-06-21 = Dec 2025 USDA release (latest official vintage for this year). World = sum of 89 reporting countries (aggregation by andenick/Foodberg from official psd_coffee_csv.zip; validated: MY2025/26 production 178.848 / consumption 173.852 / ending stocks 20.148 / bean exports 123.825 and MY2024/25 production 175.316 match USDA Dec 2025 report headlines 178.8 / 173.9 / 20.1 / 123.8 / 175.3). Converted from 1000 bags to million bags (/1000, 3 dp)."
world_bean_imports_usda,World,2009/10,93.136,million 60kg bags,USDA FAS,"USDA FAS PSD Online coffee database (psd_coffee_csv.zip), world aggregate - Dec 2025 release vintage",https://github.com/andenick/Foodberg/blob/7b5333b1066caceaef075a4c66b480507235a571/Outputs/Data/WASDE_PSD/wasde_psd_coffee_green__world.csv,"""Coffee, Green"",World,2009,Bean Imports,(1000 60 KG BAGS),93136.0,1,89,agg",medium,"Green bean imports. USDA PSD market year 2009 (= MY 2009/10; world total aggregates each country's local marketing year). Vintage: PSD bulk download of 2026-06-21 = Dec 2025 USDA release (latest official vintage for this year). World = sum of 89 reporting countries (aggregation by andenick/Foodberg from official psd_coffee_csv.zip; validated: MY2025/26 production 178.848 / consumption 173.852 / ending stocks 20.148 / bean exports 123.825 and MY2024/25 production 175.316 match USDA Dec 2025 report headlines 178.8 / 173.9 / 20.1 / 123.8 / 175.3). Converted from 1000 bags to million bags (/1000, 3 dp)."
world_bean_imports_usda,World,2010/11,97.906,million 60kg bags,USDA FAS,"USDA FAS PSD Online coffee database (psd_coffee_csv.zip), world aggregate - Dec 2025 release vintage",https://github.com/andenick/Foodberg/blob/7b5333b1066caceaef075a4c66b480507235a571/Outputs/Data/WASDE_PSD/wasde_psd_coffee_green__world.csv,"""Coffee, Green"",World,2010,Bean Imports,(1000 60 KG BAGS),97906.0,1,91,agg",medium,"Green bean imports. USDA PSD market year 2010 (= MY 2010/11; world total aggregates each country's local marketing year). Vintage: PSD bulk download of 2026-06-21 = Dec 2025 USDA release (latest official vintage for this year). World = sum of 91 reporting countries (aggregation by andenick/Foodberg from official psd_coffee_csv.zip; validated: MY2025/26 production 178.848 / consumption 173.852 / ending stocks 20.148 / bean exports 123.825 and MY2024/25 production 175.316 match USDA Dec 2025 report headlines 178.8 / 173.9 / 20.1 / 123.8 / 175.3). Converted from 1000 bags to million bags (/1000, 3 dp)."
world_bean_imports_usda,World,2011/12,99.753,million 60kg bags,USDA FAS,"USDA FAS PSD Online coffee database (psd_coffee_csv.zip), world aggregate - Dec 2025 release vintage",https://github.com/andenick/Foodberg/blob/7b5333b1066caceaef075a4c66b480507235a571/Outputs/Data/WASDE_PSD/wasde_psd_coffee_green__world.csv,"""Coffee, Green"",World,2011,Bean Imports,(1000 60 KG BAGS),99753.0,1,91,agg",medium,"Green bean imports. USDA PSD market year 2011 (= MY 2011/12; world total aggregates each country's local marketing year). Vintage: PSD bulk download of 2026-06-21 = Dec 2025 USDA release (latest official vintage for this year). World = sum of 91 reporting countries (aggregation by andenick/Foodberg from official psd_coffee_csv.zip; validated: MY2025/26 production 178.848 / consumption 173.852 / ending stocks 20.148 / bean exports 123.825 and MY2024/25 production 175.316 match USDA Dec 2025 report headlines 178.8 / 173.9 / 20.1 / 123.8 / 175.3). Converted from 1000 bags to million bags (/1000, 3 dp)."
world_bean_imports_usda,World,2012/13,103.642,million 60kg bags,USDA FAS,"USDA FAS PSD Online coffee database (psd_coffee_csv.zip), world aggregate - Dec 2025 release vintage",https://github.com/andenick/Foodberg/blob/7b5333b1066caceaef075a4c66b480507235a571/Outputs/Data/WASDE_PSD/wasde_psd_coffee_green__world.csv,"""Coffee, Green"",World,2012,Bean Imports,(1000 60 KG BAGS),103642.0,1,91,agg",medium,"Green bean imports. USDA PSD market year 2012 (= MY 2012/13; world total aggregates each country's local marketing year). Vintage: PSD bulk download of 2026-06-21 = Dec 2025 USDA release (latest official vintage for this year). World = sum of 91 reporting countries (aggregation by andenick/Foodberg from official psd_coffee_csv.zip; validated: MY2025/26 production 178.848 / consumption 173.852 / ending stocks 20.148 / bean exports 123.825 and MY2024/25 production 175.316 match USDA Dec 2025 report headlines 178.8 / 173.9 / 20.1 / 123.8 / 175.3). Converted from 1000 bags to million bags (/1000, 3 dp)."
world_bean_imports_usda,World,2013/14,104.345,million 60kg bags,USDA FAS,"USDA FAS PSD Online coffee database (psd_coffee_csv.zip), world aggregate - Dec 2025 release vintage",https://github.com/andenick/Foodberg/blob/7b5333b1066caceaef075a4c66b480507235a571/Outputs/Data/WASDE_PSD/wasde_psd_coffee_green__world.csv,"""Coffee, Green"",World,2013,Bean Imports,(1000 60 KG BAGS),104345.0,1,91,agg",medium,"Green bean imports. USDA PSD market year 2013 (= MY 2013/14; world total aggregates each country's local marketing year). Vintage: PSD bulk download of 2026-06-21 = Dec 2025 USDA release (latest official vintage for this year). World = sum of 91 reporting countries (aggregation by andenick/Foodberg from official psd_coffee_csv.zip; validated: MY2025/26 production 178.848 / consumption 173.852 / ending stocks 20.148 / bean exports 123.825 and MY2024/25 production 175.316 match USDA Dec 2025 report headlines 178.8 / 173.9 / 20.1 / 123.8 / 175.3). Converted from 1000 bags to million bags (/1000, 3 dp)."
world_bean_imports_usda,World,2014/15,104.367,million 60kg bags,USDA FAS,"USDA FAS PSD Online coffee database (psd_coffee_csv.zip), world aggregate - Dec 2025 release vintage",https://github.com/andenick/Foodberg/blob/7b5333b1066caceaef075a4c66b480507235a571/Outputs/Data/WASDE_PSD/wasde_psd_coffee_green__world.csv,"""Coffee, Green"",World,2014,Bean Imports,(1000 60 KG BAGS),104367.0,1,92,agg",medium,"Green bean imports. USDA PSD market year 2014 (= MY 2014/15; world total aggregates each country's local marketing year). Vintage: PSD bulk download of 2026-06-21 = Dec 2025 USDA release (latest official vintage for this year). World = sum of 92 reporting countries (aggregation by andenick/Foodberg from official psd_coffee_csv.zip; validated: MY2025/26 production 178.848 / consumption 173.852 / ending stocks 20.148 / bean exports 123.825 and MY2024/25 production 175.316 match USDA Dec 2025 report headlines 178.8 / 173.9 / 20.1 / 123.8 / 175.3). Converted from 1000 bags to million bags (/1000, 3 dp)."
world_bean_imports_usda,World,2015/16,108.945,million 60kg bags,USDA FAS,"USDA FAS PSD Online coffee database (psd_coffee_csv.zip), world aggregate - Dec 2025 release vintage",https://github.com/andenick/Foodberg/blob/7b5333b1066caceaef075a4c66b480507235a571/Outputs/Data/WASDE_PSD/wasde_psd_coffee_green__world.csv,"""Coffee, Green"",World,2015,Bean Imports,(1000 60 KG BAGS),108945.0,1,92,agg",medium,"Green bean imports. USDA PSD market year 2015 (= MY 2015/16; world total aggregates each country's local marketing year). Vintage: PSD bulk download of 2026-06-21 = Dec 2025 USDA release (latest official vintage for this year). World = sum of 92 reporting countries (aggregation by andenick/Foodberg from official psd_coffee_csv.zip; validated: MY2025/26 production 178.848 / consumption 173.852 / ending stocks 20.148 / bean exports 123.825 and MY2024/25 production 175.316 match USDA Dec 2025 report headlines 178.8 / 173.9 / 20.1 / 123.8 / 175.3). Converted from 1000 bags to million bags (/1000, 3 dp)."
world_bean_imports_usda,World,2016/17,109.190,million 60kg bags,USDA FAS,"USDA FAS PSD Online coffee database (psd_coffee_csv.zip), world aggregate - Dec 2025 release vintage",https://github.com/andenick/Foodberg/blob/7b5333b1066caceaef075a4c66b480507235a571/Outputs/Data/WASDE_PSD/wasde_psd_coffee_green__world.csv,"""Coffee, Green"",World,2016,Bean Imports,(1000 60 KG BAGS),109190.0,1,93,agg",medium,"Green bean imports. USDA PSD market year 2016 (= MY 2016/17; world total aggregates each country's local marketing year). Vintage: PSD bulk download of 2026-06-21 = Dec 2025 USDA release (latest official vintage for this year). World = sum of 93 reporting countries (aggregation by andenick/Foodberg from official psd_coffee_csv.zip; validated: MY2025/26 production 178.848 / consumption 173.852 / ending stocks 20.148 / bean exports 123.825 and MY2024/25 production 175.316 match USDA Dec 2025 report headlines 178.8 / 173.9 / 20.1 / 123.8 / 175.3). Converted from 1000 bags to million bags (/1000, 3 dp)."
world_bean_imports_usda,World,2017/18,110.925,million 60kg bags,USDA FAS,"USDA FAS PSD Online coffee database (psd_coffee_csv.zip), world aggregate - Dec 2025 release vintage",https://github.com/andenick/Foodberg/blob/7b5333b1066caceaef075a4c66b480507235a571/Outputs/Data/WASDE_PSD/wasde_psd_coffee_green__world.csv,"""Coffee, Green"",World,2017,Bean Imports,(1000 60 KG BAGS),110925.0,1,93,agg",medium,"Green bean imports. USDA PSD market year 2017 (= MY 2017/18; world total aggregates each country's local marketing year). Vintage: PSD bulk download of 2026-06-21 = Dec 2025 USDA release (latest official vintage for this year). World = sum of 93 reporting countries (aggregation by andenick/Foodberg from official psd_coffee_csv.zip; validated: MY2025/26 production 178.848 / consumption 173.852 / ending stocks 20.148 / bean exports 123.825 and MY2024/25 production 175.316 match USDA Dec 2025 report headlines 178.8 / 173.9 / 20.1 / 123.8 / 175.3). Converted from 1000 bags to million bags (/1000, 3 dp)."
world_bean_imports_usda,World,2018/19,118.128,million 60kg bags,USDA FAS,"USDA FAS PSD Online coffee database (psd_coffee_csv.zip), world aggregate - Dec 2025 release vintage",https://github.com/andenick/Foodberg/blob/7b5333b1066caceaef075a4c66b480507235a571/Outputs/Data/WASDE_PSD/wasde_psd_coffee_green__world.csv,"""Coffee, Green"",World,2018,Bean Imports,(1000 60 KG BAGS),118128.0,1,93,agg",medium,"Green bean imports. USDA PSD market year 2018 (= MY 2018/19; world total aggregates each country's local marketing year). Vintage: PSD bulk download of 2026-06-21 = Dec 2025 USDA release (latest official vintage for this year). World = sum of 93 reporting countries (aggregation by andenick/Foodberg from official psd_coffee_csv.zip; validated: MY2025/26 production 178.848 / consumption 173.852 / ending stocks 20.148 / bean exports 123.825 and MY2024/25 production 175.316 match USDA Dec 2025 report headlines 178.8 / 173.9 / 20.1 / 123.8 / 175.3). Converted from 1000 bags to million bags (/1000, 3 dp)."
world_bean_imports_usda,World,2019/20,110.603,million 60kg bags,USDA FAS,"USDA FAS PSD Online coffee database (psd_coffee_csv.zip), world aggregate - Dec 2025 release vintage",https://github.com/andenick/Foodberg/blob/7b5333b1066caceaef075a4c66b480507235a571/Outputs/Data/WASDE_PSD/wasde_psd_coffee_green__world.csv,"""Coffee, Green"",World,2019,Bean Imports,(1000 60 KG BAGS),110603.0,1,93,agg",medium,"Green bean imports. USDA PSD market year 2019 (= MY 2019/20; world total aggregates each country's local marketing year). Vintage: PSD bulk download of 2026-06-21 = Dec 2025 USDA release (latest official vintage for this year). World = sum of 93 reporting countries (aggregation by andenick/Foodberg from official psd_coffee_csv.zip; validated: MY2025/26 production 178.848 / consumption 173.852 / ending stocks 20.148 / bean exports 123.825 and MY2024/25 production 175.316 match USDA Dec 2025 report headlines 178.8 / 173.9 / 20.1 / 123.8 / 175.3). Converted from 1000 bags to million bags (/1000, 3 dp)."
world_bean_imports_usda,World,2020/21,112.102,million 60kg bags,USDA FAS,"USDA FAS PSD Online coffee database (psd_coffee_csv.zip), world aggregate - Dec 2025 release vintage",https://github.com/andenick/Foodberg/blob/7b5333b1066caceaef075a4c66b480507235a571/Outputs/Data/WASDE_PSD/wasde_psd_coffee_green__world.csv,"""Coffee, Green"",World,2020,Bean Imports,(1000 60 KG BAGS),112102.0,1,93,agg",medium,"Green bean imports. USDA PSD market year 2020 (= MY 2020/21; world total aggregates each country's local marketing year). Vintage: PSD bulk download of 2026-06-21 = Dec 2025 USDA release (latest official vintage for this year). World = sum of 93 reporting countries (aggregation by andenick/Foodberg from official psd_coffee_csv.zip; validated: MY2025/26 production 178.848 / consumption 173.852 / ending stocks 20.148 / bean exports 123.825 and MY2024/25 production 175.316 match USDA Dec 2025 report headlines 178.8 / 173.9 / 20.1 / 123.8 / 175.3). Converted from 1000 bags to million bags (/1000, 3 dp)."
world_bean_imports_usda,World,2021/22,118.488,million 60kg bags,USDA FAS,"USDA FAS PSD Online coffee database (psd_coffee_csv.zip), world aggregate - Dec 2025 release vintage",https://github.com/andenick/Foodberg/blob/7b5333b1066caceaef075a4c66b480507235a571/Outputs/Data/WASDE_PSD/wasde_psd_coffee_green__world.csv,"""Coffee, Green"",World,2021,Bean Imports,(1000 60 KG BAGS),118488.0,1,93,agg",medium,"Green bean imports. USDA PSD market year 2021 (= MY 2021/22; world total aggregates each country's local marketing year). Vintage: PSD bulk download of 2026-06-21 = Dec 2025 USDA release (latest official vintage for this year). World = sum of 93 reporting countries (aggregation by andenick/Foodberg from official psd_coffee_csv.zip; validated: MY2025/26 production 178.848 / consumption 173.852 / ending stocks 20.148 / bean exports 123.825 and MY2024/25 production 175.316 match USDA Dec 2025 report headlines 178.8 / 173.9 / 20.1 / 123.8 / 175.3). Converted from 1000 bags to million bags (/1000, 3 dp)."
world_bean_imports_usda,World,2022/23,112.385,million 60kg bags,USDA FAS,"USDA FAS PSD Online coffee database (psd_coffee_csv.zip), world aggregate - Dec 2025 release vintage",https://github.com/andenick/Foodberg/blob/7b5333b1066caceaef075a4c66b480507235a571/Outputs/Data/WASDE_PSD/wasde_psd_coffee_green__world.csv,"""Coffee, Green"",World,2022,Bean Imports,(1000 60 KG BAGS),112385.0,1,93,agg",medium,"Green bean imports. USDA PSD market year 2022 (= MY 2022/23; world total aggregates each country's local marketing year). Vintage: PSD bulk download of 2026-06-21 = Dec 2025 USDA release (latest official vintage for this year). World = sum of 93 reporting countries (aggregation by andenick/Foodberg from official psd_coffee_csv.zip; validated: MY2025/26 production 178.848 / consumption 173.852 / ending stocks 20.148 / bean exports 123.825 and MY2024/25 production 175.316 match USDA Dec 2025 report headlines 178.8 / 173.9 / 20.1 / 123.8 / 175.3). Converted from 1000 bags to million bags (/1000, 3 dp)."
world_bean_imports_usda,World,2023/24,112.322,million 60kg bags,USDA FAS,"USDA FAS PSD Online coffee database (psd_coffee_csv.zip), world aggregate - Dec 2025 release vintage",https://github.com/andenick/Foodberg/blob/7b5333b1066caceaef075a4c66b480507235a571/Outputs/Data/WASDE_PSD/wasde_psd_coffee_green__world.csv,"""Coffee, Green"",World,2023,Bean Imports,(1000 60 KG BAGS),112322.0,1,93,agg",medium,"Green bean imports. USDA PSD market year 2023 (= MY 2023/24; world total aggregates each country's local marketing year). Vintage: PSD bulk download of 2026-06-21 = Dec 2025 USDA release (latest official vintage for this year). World = sum of 93 reporting countries (aggregation by andenick/Foodberg from official psd_coffee_csv.zip; validated: MY2025/26 production 178.848 / consumption 173.852 / ending stocks 20.148 / bean exports 123.825 and MY2024/25 production 175.316 match USDA Dec 2025 report headlines 178.8 / 173.9 / 20.1 / 123.8 / 175.3). Converted from 1000 bags to million bags (/1000, 3 dp)."
world_bean_imports_usda,World,2024/25,118.278,million 60kg bags,USDA FAS,"USDA FAS PSD Online coffee database (psd_coffee_csv.zip), world aggregate - Dec 2025 release vintage",https://github.com/andenick/Foodberg/blob/7b5333b1066caceaef075a4c66b480507235a571/Outputs/Data/WASDE_PSD/wasde_psd_coffee_green__world.csv,"""Coffee, Green"",World,2024,Bean Imports,(1000 60 KG BAGS),118278.0,1,93,agg",medium,"Green bean imports. USDA PSD market year 2024 (= MY 2024/25; world total aggregates each country's local marketing year). Vintage: PSD bulk download of 2026-06-21 = Dec 2025 USDA release (latest official vintage for this year before the Jul 2026 report). World = sum of 93 reporting countries (aggregation by andenick/Foodberg from official psd_coffee_csv.zip; validated: MY2025/26 production 178.848 / consumption 173.852 / ending stocks 20.148 / bean exports 123.825 and MY2024/25 production 175.316 match USDA Dec 2025 report headlines 178.8 / 173.9 / 20.1 / 123.8 / 175.3). Converted from 1000 bags to million bags (/1000, 3 dp)."
world_bean_imports_usda,World,2025/26,119.939,million 60kg bags,USDA FAS,"USDA FAS PSD Online coffee database (psd_coffee_csv.zip), world aggregate - Dec 2025 release vintage",https://github.com/andenick/Foodberg/blob/7b5333b1066caceaef075a4c66b480507235a571/Outputs/Data/WASDE_PSD/wasde_psd_coffee_green__world.csv,"""Coffee, Green"",World,2025,Bean Imports,(1000 60 KG BAGS),119939.0,1,93,agg",medium,"Green bean imports. USDA PSD market year 2025 (= MY 2025/26; world total aggregates each country's local marketing year). Vintage: PSD bulk download of 2026-06-21 = Dec 2025 USDA release (latest official vintage for this year before the Jul 2026 report). World = sum of 93 reporting countries (aggregation by andenick/Foodberg from official psd_coffee_csv.zip; validated: MY2025/26 production 178.848 / consumption 173.852 / ending stocks 20.148 / bean exports 123.825 and MY2024/25 production 175.316 match USDA Dec 2025 report headlines 178.8 / 173.9 / 20.1 / 123.8 / 175.3). Converted from 1000 bags to million bags (/1000, 3 dp)."
world_bean_imports_usda,World,2025/26,118.6,million 60kg bags,USDA FAS,"Coffee: World Markets and Trade, July 2026",https://apps.fas.usda.gov/psdonline/circulars/coffee.pdf,World bean imports are revised down 1.3 million bags to 118.6 million.,high,Vintage Jul 2026 (latest). Green bean imports. Report notes EU imports reduced 0.5m to 46.5m and US down 0.7m to 23.1m 'on lower consumption'. Statement as indexed by WebSearch from the USDA circular PDF (apps.fas.usda.gov/psdonline/circulars/coffee.pdf = Jul 2026 edition at time of search).
world_consumption_ico,World,CY2020/21,170.9,million 60kg bags,ICO,ICO Coffee Market Report - August 2026 (published 10 Sep 2026),https://www.ico.org/documents/cy2025-26/cmr-0826-e.pdf,Table 3 (million 60-kg bags): Consumption 170.9 176.8 173.7 174.6 182.2 180.6,high,"Coffee-year basis (Oct-Sep). Vintage: ICO supply & demand statistics update of 10 Sep 2026 (latest). 2025/26 = estimate. Consumption defined as apparent consumption (production + net trade +/- stock changes; footnote 5). Large revision vs Feb/Mar 2026 CMR vintage (e.g. 2024/25 175.071 -> 182.2); the Feb-2026 consumption values for 2021/22-2024/25 closely match these 2020/21-2023/24 values (one-year re-alignment, see notes file). Read from a copy of the ICO PDF/text mirrored in public repo github.com/BMR-Com/coffee-analytics (pipeline downloads the CMR from ico.org; pdfs/2026-08.pdf, data/report-text/2026-08.txt @ b7111c9)."
world_consumption_ico,World,CY2021/22,170.500,million 60kg bags,ICO,"Table 3: World Supply/Demand Balance, ICO Coffee Market Report - February 2026 (PDF dated 12 Mar 2026)",https://www.ico.org/documents/cy2025-26/cmr-0226-e.pdf,"Table 3 (thousand 60-kg bags), coffee year commencing 2021 2022 2023 2024: CONSUMPTION 170,500 176,855 172,578 175,071",high,"Coffee-year basis (""Coffee year commencing"" 2021..2024 = CY2021/22..CY2024/25). Vintage: ICO Table 3 as published in Feb 2026 CMR (identical in Mar 2026 CMR, cmr-0326-e.pdf). SUPERSEDED by the 10 Sep 2026 update (Aug 2026 CMR). Source table in thousand 60-kg bags; converted to million (/1000, 3 dp). Read from a copy of the ICO PDF/text mirrored in public repo github.com/BMR-Com/coffee-analytics (pipeline downloads the CMR from ico.org; pdfs/2026-02.pdf, data/report-text/2026-02.txt @ b7111c9)."
world_consumption_ico,World,CY2021/22,176.8,million 60kg bags,ICO,ICO Coffee Market Report - August 2026 (published 10 Sep 2026),https://www.ico.org/documents/cy2025-26/cmr-0826-e.pdf,Table 3 (million 60-kg bags): Consumption 170.9 176.8 173.7 174.6 182.2 180.6,high,"Coffee-year basis (Oct-Sep). Vintage: ICO supply & demand statistics update of 10 Sep 2026 (latest). 2025/26 = estimate. Consumption defined as apparent consumption (production + net trade +/- stock changes; footnote 5). Large revision vs Feb/Mar 2026 CMR vintage (e.g. 2024/25 175.071 -> 182.2); the Feb-2026 consumption values for 2021/22-2024/25 closely match these 2020/21-2023/24 values (one-year re-alignment, see notes file). Read from a copy of the ICO PDF/text mirrored in public repo github.com/BMR-Com/coffee-analytics (pipeline downloads the CMR from ico.org; pdfs/2026-08.pdf, data/report-text/2026-08.txt @ b7111c9)."
world_consumption_ico,World,CY2022/23,176.855,million 60kg bags,ICO,"Table 3: World Supply/Demand Balance, ICO Coffee Market Report - February 2026 (PDF dated 12 Mar 2026)",https://www.ico.org/documents/cy2025-26/cmr-0226-e.pdf,"Table 3 (thousand 60-kg bags), coffee year commencing 2021 2022 2023 2024: CONSUMPTION 170,500 176,855 172,578 175,071",high,"Coffee-year basis (""Coffee year commencing"" 2021..2024 = CY2021/22..CY2024/25). Vintage: ICO Table 3 as published in Feb 2026 CMR (identical in Mar 2026 CMR, cmr-0326-e.pdf). SUPERSEDED by the 10 Sep 2026 update (Aug 2026 CMR). Source table in thousand 60-kg bags; converted to million (/1000, 3 dp). Read from a copy of the ICO PDF/text mirrored in public repo github.com/BMR-Com/coffee-analytics (pipeline downloads the CMR from ico.org; pdfs/2026-02.pdf, data/report-text/2026-02.txt @ b7111c9)."
world_consumption_ico,World,CY2022/23,173.7,million 60kg bags,ICO,ICO Coffee Market Report - August 2026 (published 10 Sep 2026),https://www.ico.org/documents/cy2025-26/cmr-0826-e.pdf,Table 3 (million 60-kg bags): Consumption 170.9 176.8 173.7 174.6 182.2 180.6,high,"Coffee-year basis (Oct-Sep). Vintage: ICO supply & demand statistics update of 10 Sep 2026 (latest). 2025/26 = estimate. Consumption defined as apparent consumption (production + net trade +/- stock changes; footnote 5). Large revision vs Feb/Mar 2026 CMR vintage (e.g. 2024/25 175.071 -> 182.2); the Feb-2026 consumption values for 2021/22-2024/25 closely match these 2020/21-2023/24 values (one-year re-alignment, see notes file). Read from a copy of the ICO PDF/text mirrored in public repo github.com/BMR-Com/coffee-analytics (pipeline downloads the CMR from ico.org; pdfs/2026-08.pdf, data/report-text/2026-08.txt @ b7111c9)."
world_consumption_ico,World,CY2023/24,172.578,million 60kg bags,ICO,"Table 3: World Supply/Demand Balance, ICO Coffee Market Report - February 2026 (PDF dated 12 Mar 2026)",https://www.ico.org/documents/cy2025-26/cmr-0226-e.pdf,"Table 3 (thousand 60-kg bags), coffee year commencing 2021 2022 2023 2024: CONSUMPTION 170,500 176,855 172,578 175,071",high,"Coffee-year basis (""Coffee year commencing"" 2021..2024 = CY2021/22..CY2024/25). Vintage: ICO Table 3 as published in Feb 2026 CMR (identical in Mar 2026 CMR, cmr-0326-e.pdf). SUPERSEDED by the 10 Sep 2026 update (Aug 2026 CMR). Source table in thousand 60-kg bags; converted to million (/1000, 3 dp). Read from a copy of the ICO PDF/text mirrored in public repo github.com/BMR-Com/coffee-analytics (pipeline downloads the CMR from ico.org; pdfs/2026-02.pdf, data/report-text/2026-02.txt @ b7111c9)."
world_consumption_ico,World,CY2023/24,174.6,million 60kg bags,ICO,ICO Coffee Market Report - August 2026 (published 10 Sep 2026),https://www.ico.org/documents/cy2025-26/cmr-0826-e.pdf,Table 3 (million 60-kg bags): Consumption 170.9 176.8 173.7 174.6 182.2 180.6,high,"Coffee-year basis (Oct-Sep). Vintage: ICO supply & demand statistics update of 10 Sep 2026 (latest). 2025/26 = estimate. Consumption defined as apparent consumption (production + net trade +/- stock changes; footnote 5). Large revision vs Feb/Mar 2026 CMR vintage (e.g. 2024/25 175.071 -> 182.2); the Feb-2026 consumption values for 2021/22-2024/25 closely match these 2020/21-2023/24 values (one-year re-alignment, see notes file). Read from a copy of the ICO PDF/text mirrored in public repo github.com/BMR-Com/coffee-analytics (pipeline downloads the CMR from ico.org; pdfs/2026-08.pdf, data/report-text/2026-08.txt @ b7111c9)."
world_consumption_ico,World,CY2024/25,175.071,million 60kg bags,ICO,"Table 3: World Supply/Demand Balance, ICO Coffee Market Report - February 2026 (PDF dated 12 Mar 2026)",https://www.ico.org/documents/cy2025-26/cmr-0226-e.pdf,"Table 3 (thousand 60-kg bags), coffee year commencing 2021 2022 2023 2024: CONSUMPTION 170,500 176,855 172,578 175,071",high,"Coffee-year basis (""Coffee year commencing"" 2021..2024 = CY2021/22..CY2024/25). Vintage: ICO Table 3 as published in Feb 2026 CMR (identical in Mar 2026 CMR, cmr-0326-e.pdf). SUPERSEDED by the 10 Sep 2026 update (Aug 2026 CMR). Source table in thousand 60-kg bags; converted to million (/1000, 3 dp). Read from a copy of the ICO PDF/text mirrored in public repo github.com/BMR-Com/coffee-analytics (pipeline downloads the CMR from ico.org; pdfs/2026-02.pdf, data/report-text/2026-02.txt @ b7111c9)."
world_consumption_ico,World,CY2024/25,182.2,million 60kg bags,ICO,ICO Coffee Market Report - August 2026 (published 10 Sep 2026),https://www.ico.org/documents/cy2025-26/cmr-0826-e.pdf,"World coffee consumption increased by 4.3% to 182.2 million bags in coffee year 2024/25, following a 0.6% rise the previous year.",high,"Coffee-year basis (Oct-Sep). Vintage: ICO supply & demand statistics update of 10 Sep 2026 (latest). 2025/26 = estimate. Consumption defined as apparent consumption (production + net trade +/- stock changes; footnote 5). Large revision vs Feb/Mar 2026 CMR vintage (e.g. 2024/25 175.071 -> 182.2); the Feb-2026 consumption values for 2021/22-2024/25 closely match these 2020/21-2023/24 values (one-year re-alignment, see notes file). Read from a copy of the ICO PDF/text mirrored in public repo github.com/BMR-Com/coffee-analytics (pipeline downloads the CMR from ico.org; pdfs/2026-08.pdf, data/report-text/2026-08.txt @ b7111c9)."
world_consumption_ico,World,CY2025/26,180.6,million 60kg bags,ICO,ICO Coffee Market Report - August 2026 (published 10 Sep 2026),https://www.ico.org/documents/cy2025-26/cmr-0826-e.pdf,"In 2025/26, consumption is estimated to decline by 0.8% [Table 3: Consumption ... 182.2 180.6]",high,"Coffee-year basis (Oct-Sep). Vintage: ICO supply & demand statistics update of 10 Sep 2026 (latest). 2025/26 = estimate. Consumption defined as apparent consumption (production + net trade +/- stock changes; footnote 5). Large revision vs Feb/Mar 2026 CMR vintage (e.g. 2024/25 175.071 -> 182.2); the Feb-2026 consumption values for 2021/22-2024/25 closely match these 2020/21-2023/24 values (one-year re-alignment, see notes file). Read from a copy of the ICO PDF/text mirrored in public repo github.com/BMR-Com/coffee-analytics (pipeline downloads the CMR from ico.org; pdfs/2026-08.pdf, data/report-text/2026-08.txt @ b7111c9)."
world_consumption_usda,World,2005/06,125.151,million 60kg bags,USDA FAS,"USDA FAS PSD Online coffee database (psd_coffee_csv.zip), world aggregate - Dec 2025 release vintage",https://github.com/andenick/Foodberg/blob/7b5333b1066caceaef075a4c66b480507235a571/Outputs/Data/WASDE_PSD/wasde_psd_coffee_green__world.csv,"""Coffee, Green"",World,2005,Domestic Consumption,(1000 60 KG BAGS),125151.0,1,88,agg",medium,"Domestic consumption (all countries incl. importing countries). USDA PSD market year 2005 (= MY 2005/06; world total aggregates each country's local marketing year). Vintage: PSD bulk download of 2026-06-21 = Dec 2025 USDA release (latest official vintage for this year). World = sum of 88 reporting countries (aggregation by andenick/Foodberg from official psd_coffee_csv.zip; validated: MY2025/26 production 178.848 / consumption 173.852 / ending stocks 20.148 / bean exports 123.825 and MY2024/25 production 175.316 match USDA Dec 2025 report headlines 178.8 / 173.9 / 20.1 / 123.8 / 175.3). Converted from 1000 bags to million bags (/1000, 3 dp). Caveat: an older, less complete PSD extract (~Dec 2023 vintage; Kaggle psd_coffee.csv mirrored on GitHub) sums to +0.284m vs this value -> historical revisions/coverage changes; use this (later) vintage."
world_consumption_usda,World,2006/07,124.352,million 60kg bags,USDA FAS,"USDA FAS PSD Online coffee database (psd_coffee_csv.zip), world aggregate - Dec 2025 release vintage",https://github.com/andenick/Foodberg/blob/7b5333b1066caceaef075a4c66b480507235a571/Outputs/Data/WASDE_PSD/wasde_psd_coffee_green__world.csv,"""Coffee, Green"",World,2006,Domestic Consumption,(1000 60 KG BAGS),124352.0,1,88,agg",medium,"Domestic consumption (all countries incl. importing countries). USDA PSD market year 2006 (= MY 2006/07; world total aggregates each country's local marketing year). Vintage: PSD bulk download of 2026-06-21 = Dec 2025 USDA release (latest official vintage for this year). World = sum of 88 reporting countries (aggregation by andenick/Foodberg from official psd_coffee_csv.zip; validated: MY2025/26 production 178.848 / consumption 173.852 / ending stocks 20.148 / bean exports 123.825 and MY2024/25 production 175.316 match USDA Dec 2025 report headlines 178.8 / 173.9 / 20.1 / 123.8 / 175.3). Converted from 1000 bags to million bags (/1000, 3 dp). Caveat: an older, less complete PSD extract (~Dec 2023 vintage; Kaggle psd_coffee.csv mirrored on GitHub) sums to +0.339m vs this value -> historical revisions/coverage changes; use this (later) vintage."
world_consumption_usda,World,2007/08,128.908,million 60kg bags,USDA FAS,"USDA FAS PSD Online coffee database (psd_coffee_csv.zip), world aggregate - Dec 2025 release vintage",https://github.com/andenick/Foodberg/blob/7b5333b1066caceaef075a4c66b480507235a571/Outputs/Data/WASDE_PSD/wasde_psd_coffee_green__world.csv,"""Coffee, Green"",World,2007,Domestic Consumption,(1000 60 KG BAGS),128908.0,1,89,agg",medium,"Domestic consumption (all countries incl. importing countries). USDA PSD market year 2007 (= MY 2007/08; world total aggregates each country's local marketing year). Vintage: PSD bulk download of 2026-06-21 = Dec 2025 USDA release (latest official vintage for this year). World = sum of 89 reporting countries (aggregation by andenick/Foodberg from official psd_coffee_csv.zip; validated: MY2025/26 production 178.848 / consumption 173.852 / ending stocks 20.148 / bean exports 123.825 and MY2024/25 production 175.316 match USDA Dec 2025 report headlines 178.8 / 173.9 / 20.1 / 123.8 / 175.3). Converted from 1000 bags to million bags (/1000, 3 dp). Caveat: an older, less complete PSD extract (~Dec 2023 vintage; Kaggle psd_coffee.csv mirrored on GitHub) sums to +0.467m vs this value -> historical revisions/coverage changes; use this (later) vintage."
world_consumption_usda,World,2008/09,125.867,million 60kg bags,USDA FAS,"USDA FAS PSD Online coffee database (psd_coffee_csv.zip), world aggregate - Dec 2025 release vintage",https://github.com/andenick/Foodberg/blob/7b5333b1066caceaef075a4c66b480507235a571/Outputs/Data/WASDE_PSD/wasde_psd_coffee_green__world.csv,"""Coffee, Green"",World,2008,Domestic Consumption,(1000 60 KG BAGS),125867.0,1,89,agg",medium,"Domestic consumption (all countries incl. importing countries). USDA PSD market year 2008 (= MY 2008/09; world total aggregates each country's local marketing year). Vintage: PSD bulk download of 2026-06-21 = Dec 2025 USDA release (latest official vintage for this year). World = sum of 89 reporting countries (aggregation by andenick/Foodberg from official psd_coffee_csv.zip; validated: MY2025/26 production 178.848 / consumption 173.852 / ending stocks 20.148 / bean exports 123.825 and MY2024/25 production 175.316 match USDA Dec 2025 report headlines 178.8 / 173.9 / 20.1 / 123.8 / 175.3). Converted from 1000 bags to million bags (/1000, 3 dp). Caveat: an older, less complete PSD extract (~Dec 2023 vintage; Kaggle psd_coffee.csv mirrored on GitHub) sums to +0.403m vs this value -> historical revisions/coverage changes; use this (later) vintage."
world_consumption_usda,World,2009/10,139.196,million 60kg bags,USDA FAS,"USDA FAS PSD Online coffee database (psd_coffee_csv.zip), world aggregate - Dec 2025 release vintage",https://github.com/andenick/Foodberg/blob/7b5333b1066caceaef075a4c66b480507235a571/Outputs/Data/WASDE_PSD/wasde_psd_coffee_green__world.csv,"""Coffee, Green"",World,2009,Domestic Consumption,(1000 60 KG BAGS),139196.0,1,89,agg",medium,"Domestic consumption (all countries incl. importing countries). USDA PSD market year 2009 (= MY 2009/10; world total aggregates each country's local marketing year). Vintage: PSD bulk download of 2026-06-21 = Dec 2025 USDA release (latest official vintage for this year). World = sum of 89 reporting countries (aggregation by andenick/Foodberg from official psd_coffee_csv.zip; validated: MY2025/26 production 178.848 / consumption 173.852 / ending stocks 20.148 / bean exports 123.825 and MY2024/25 production 175.316 match USDA Dec 2025 report headlines 178.8 / 173.9 / 20.1 / 123.8 / 175.3). Converted from 1000 bags to million bags (/1000, 3 dp). Caveat: an older, less complete PSD extract (~Dec 2023 vintage; Kaggle psd_coffee.csv mirrored on GitHub) sums to +0.450m vs this value -> historical revisions/coverage changes; use this (later) vintage."
world_consumption_usda,World,2010/11,135.508,million 60kg bags,USDA FAS,"USDA FAS PSD Online coffee database (psd_coffee_csv.zip), world aggregate - Dec 2025 release vintage",https://github.com/andenick/Foodberg/blob/7b5333b1066caceaef075a4c66b480507235a571/Outputs/Data/WASDE_PSD/wasde_psd_coffee_green__world.csv,"""Coffee, Green"",World,2010,Domestic Consumption,(1000 60 KG BAGS),135508.0,1,91,agg",medium,"Domestic consumption (all countries incl. importing countries). USDA PSD market year 2010 (= MY 2010/11; world total aggregates each country's local marketing year). Vintage: PSD bulk download of 2026-06-21 = Dec 2025 USDA release (latest official vintage for this year). World = sum of 91 reporting countries (aggregation by andenick/Foodberg from official psd_coffee_csv.zip; validated: MY2025/26 production 178.848 / consumption 173.852 / ending stocks 20.148 / bean exports 123.825 and MY2024/25 production 175.316 match USDA Dec 2025 report headlines 178.8 / 173.9 / 20.1 / 123.8 / 175.3). Converted from 1000 bags to million bags (/1000, 3 dp). Caveat: an older, less complete PSD extract (~Dec 2023 vintage; Kaggle psd_coffee.csv mirrored on GitHub) sums to +0.507m vs this value -> historical revisions/coverage changes; use this (later) vintage."
world_consumption_usda,World,2011/12,142.831,million 60kg bags,USDA FAS,"USDA FAS PSD Online coffee database (psd_coffee_csv.zip), world aggregate - Dec 2025 release vintage",https://github.com/andenick/Foodberg/blob/7b5333b1066caceaef075a4c66b480507235a571/Outputs/Data/WASDE_PSD/wasde_psd_coffee_green__world.csv,"""Coffee, Green"",World,2011,Domestic Consumption,(1000 60 KG BAGS),142831.0,1,91,agg",medium,"Domestic consumption (all countries incl. importing countries). USDA PSD market year 2011 (= MY 2011/12; world total aggregates each country's local marketing year). Vintage: PSD bulk download of 2026-06-21 = Dec 2025 USDA release (latest official vintage for this year). World = sum of 91 reporting countries (aggregation by andenick/Foodberg from official psd_coffee_csv.zip; validated: MY2025/26 production 178.848 / consumption 173.852 / ending stocks 20.148 / bean exports 123.825 and MY2024/25 production 175.316 match USDA Dec 2025 report headlines 178.8 / 173.9 / 20.1 / 123.8 / 175.3). Converted from 1000 bags to million bags (/1000, 3 dp). Caveat: an older, less complete PSD extract (~Dec 2023 vintage; Kaggle psd_coffee.csv mirrored on GitHub) sums to +0.355m vs this value -> historical revisions/coverage changes; use this (later) vintage."
world_consumption_usda,World,2012/13,143.400,million 60kg bags,USDA FAS,"USDA FAS PSD Online coffee database (psd_coffee_csv.zip), world aggregate - Dec 2025 release vintage",https://github.com/andenick/Foodberg/blob/7b5333b1066caceaef075a4c66b480507235a571/Outputs/Data/WASDE_PSD/wasde_psd_coffee_green__world.csv,"""Coffee, Green"",World,2012,Domestic Consumption,(1000 60 KG BAGS),143400.0,1,91,agg",medium,"Domestic consumption (all countries incl. importing countries). USDA PSD market year 2012 (= MY 2012/13; world total aggregates each country's local marketing year). Vintage: PSD bulk download of 2026-06-21 = Dec 2025 USDA release (latest official vintage for this year). World = sum of 91 reporting countries (aggregation by andenick/Foodberg from official psd_coffee_csv.zip; validated: MY2025/26 production 178.848 / consumption 173.852 / ending stocks 20.148 / bean exports 123.825 and MY2024/25 production 175.316 match USDA Dec 2025 report headlines 178.8 / 173.9 / 20.1 / 123.8 / 175.3). Converted from 1000 bags to million bags (/1000, 3 dp). Caveat: an older, less complete PSD extract (~Dec 2023 vintage; Kaggle psd_coffee.csv mirrored on GitHub) sums to +0.324m vs this value -> historical revisions/coverage changes; use this (later) vintage."
world_consumption_usda,World,2013/14,143.877,million 60kg bags,USDA FAS,"USDA FAS PSD Online coffee database (psd_coffee_csv.zip), world aggregate - Dec 2025 release vintage",https://github.com/andenick/Foodberg/blob/7b5333b1066caceaef075a4c66b480507235a571/Outputs/Data/WASDE_PSD/wasde_psd_coffee_green__world.csv,"""Coffee, Green"",World,2013,Domestic Consumption,(1000 60 KG BAGS),143877.0,1,91,agg",medium,"Domestic consumption (all countries incl. importing countries). USDA PSD market year 2013 (= MY 2013/14; world total aggregates each country's local marketing year). Vintage: PSD bulk download of 2026-06-21 = Dec 2025 USDA release (latest official vintage for this year). World = sum of 91 reporting countries (aggregation by andenick/Foodberg from official psd_coffee_csv.zip; validated: MY2025/26 production 178.848 / consumption 173.852 / ending stocks 20.148 / bean exports 123.825 and MY2024/25 production 175.316 match USDA Dec 2025 report headlines 178.8 / 173.9 / 20.1 / 123.8 / 175.3). Converted from 1000 bags to million bags (/1000, 3 dp). Caveat: an older, less complete PSD extract (~Dec 2023 vintage; Kaggle psd_coffee.csv mirrored on GitHub) sums to +0.262m vs this value -> historical revisions/coverage changes; use this (later) vintage."
world_consumption_usda,World,2014/15,147.163,million 60kg bags,USDA FAS,"USDA FAS PSD Online coffee database (psd_coffee_csv.zip), world aggregate - Dec 2025 release vintage",https://github.com/andenick/Foodberg/blob/7b5333b1066caceaef075a4c66b480507235a571/Outputs/Data/WASDE_PSD/wasde_psd_coffee_green__world.csv,"""Coffee, Green"",World,2014,Domestic Consumption,(1000 60 KG BAGS),147163.0,1,92,agg",medium,"Domestic consumption (all countries incl. importing countries). USDA PSD market year 2014 (= MY 2014/15; world total aggregates each country's local marketing year). Vintage: PSD bulk download of 2026-06-21 = Dec 2025 USDA release (latest official vintage for this year). World = sum of 92 reporting countries (aggregation by andenick/Foodberg from official psd_coffee_csv.zip; validated: MY2025/26 production 178.848 / consumption 173.852 / ending stocks 20.148 / bean exports 123.825 and MY2024/25 production 175.316 match USDA Dec 2025 report headlines 178.8 / 173.9 / 20.1 / 123.8 / 175.3). Converted from 1000 bags to million bags (/1000, 3 dp). Caveat: an older, less complete PSD extract (~Dec 2023 vintage; Kaggle psd_coffee.csv mirrored on GitHub) sums to +0.385m vs this value -> historical revisions/coverage changes; use this (later) vintage."
world_consumption_usda,World,2015/16,153.186,million 60kg bags,USDA FAS,"USDA FAS PSD Online coffee database (psd_coffee_csv.zip), world aggregate - Dec 2025 release vintage",https://github.com/andenick/Foodberg/blob/7b5333b1066caceaef075a4c66b480507235a571/Outputs/Data/WASDE_PSD/wasde_psd_coffee_green__world.csv,"""Coffee, Green"",World,2015,Domestic Consumption,(1000 60 KG BAGS),153186.0,1,92,agg",medium,"Domestic consumption (all countries incl. importing countries). USDA PSD market year 2015 (= MY 2015/16; world total aggregates each country's local marketing year). Vintage: PSD bulk download of 2026-06-21 = Dec 2025 USDA release (latest official vintage for this year). World = sum of 92 reporting countries (aggregation by andenick/Foodberg from official psd_coffee_csv.zip; validated: MY2025/26 production 178.848 / consumption 173.852 / ending stocks 20.148 / bean exports 123.825 and MY2024/25 production 175.316 match USDA Dec 2025 report headlines 178.8 / 173.9 / 20.1 / 123.8 / 175.3). Converted from 1000 bags to million bags (/1000, 3 dp). Caveat: an older, less complete PSD extract (~Dec 2023 vintage; Kaggle psd_coffee.csv mirrored on GitHub) sums to +0.688m vs this value -> historical revisions/coverage changes; use this (later) vintage."
world_consumption_usda,World,2016/17,155.104,million 60kg bags,USDA FAS,"USDA FAS PSD Online coffee database (psd_coffee_csv.zip), world aggregate - Dec 2025 release vintage",https://github.com/andenick/Foodberg/blob/7b5333b1066caceaef075a4c66b480507235a571/Outputs/Data/WASDE_PSD/wasde_psd_coffee_green__world.csv,"""Coffee, Green"",World,2016,Domestic Consumption,(1000 60 KG BAGS),155104.0,1,93,agg",medium,"Domestic consumption (all countries incl. importing countries). USDA PSD market year 2016 (= MY 2016/17; world total aggregates each country's local marketing year). Vintage: PSD bulk download of 2026-06-21 = Dec 2025 USDA release (latest official vintage for this year). World = sum of 93 reporting countries (aggregation by andenick/Foodberg from official psd_coffee_csv.zip; validated: MY2025/26 production 178.848 / consumption 173.852 / ending stocks 20.148 / bean exports 123.825 and MY2024/25 production 175.316 match USDA Dec 2025 report headlines 178.8 / 173.9 / 20.1 / 123.8 / 175.3). Converted from 1000 bags to million bags (/1000, 3 dp). Caveat: an older, less complete PSD extract (~Dec 2023 vintage; Kaggle psd_coffee.csv mirrored on GitHub) sums to +0.705m vs this value -> historical revisions/coverage changes; use this (later) vintage."
world_consumption_usda,World,2017/18,160.627,million 60kg bags,USDA FAS,"USDA FAS PSD Online coffee database (psd_coffee_csv.zip), world aggregate - Dec 2025 release vintage",https://github.com/andenick/Foodberg/blob/7b5333b1066caceaef075a4c66b480507235a571/Outputs/Data/WASDE_PSD/wasde_psd_coffee_green__world.csv,"""Coffee, Green"",World,2017,Domestic Consumption,(1000 60 KG BAGS),160627.0,1,93,agg",medium,"Domestic consumption (all countries incl. importing countries). USDA PSD market year 2017 (= MY 2017/18; world total aggregates each country's local marketing year). Vintage: PSD bulk download of 2026-06-21 = Dec 2025 USDA release (latest official vintage for this year). World = sum of 93 reporting countries (aggregation by andenick/Foodberg from official psd_coffee_csv.zip; validated: MY2025/26 production 178.848 / consumption 173.852 / ending stocks 20.148 / bean exports 123.825 and MY2024/25 production 175.316 match USDA Dec 2025 report headlines 178.8 / 173.9 / 20.1 / 123.8 / 175.3). Converted from 1000 bags to million bags (/1000, 3 dp). Caveat: an older, less complete PSD extract (~Dec 2023 vintage; Kaggle psd_coffee.csv mirrored on GitHub) sums to +0.555m vs this value -> historical revisions/coverage changes; use this (later) vintage."
world_consumption_usda,World,2018/19,166.003,million 60kg bags,USDA FAS,"USDA FAS PSD Online coffee database (psd_coffee_csv.zip), world aggregate - Dec 2025 release vintage",https://github.com/andenick/Foodberg/blob/7b5333b1066caceaef075a4c66b480507235a571/Outputs/Data/WASDE_PSD/wasde_psd_coffee_green__world.csv,"""Coffee, Green"",World,2018,Domestic Consumption,(1000 60 KG BAGS),166003.0,1,93,agg",medium,"Domestic consumption (all countries incl. importing countries). USDA PSD market year 2018 (= MY 2018/19; world total aggregates each country's local marketing year). Vintage: PSD bulk download of 2026-06-21 = Dec 2025 USDA release (latest official vintage for this year). World = sum of 93 reporting countries (aggregation by andenick/Foodberg from official psd_coffee_csv.zip; validated: MY2025/26 production 178.848 / consumption 173.852 / ending stocks 20.148 / bean exports 123.825 and MY2024/25 production 175.316 match USDA Dec 2025 report headlines 178.8 / 173.9 / 20.1 / 123.8 / 175.3). Converted from 1000 bags to million bags (/1000, 3 dp). Caveat: an older, less complete PSD extract (~Dec 2023 vintage; Kaggle psd_coffee.csv mirrored on GitHub) sums to +0.434m vs this value -> historical revisions/coverage changes; use this (later) vintage."
world_consumption_usda,World,2019/20,162.355,million 60kg bags,USDA FAS,"USDA FAS PSD Online coffee database (psd_coffee_csv.zip), world aggregate - Dec 2025 release vintage",https://github.com/andenick/Foodberg/blob/7b5333b1066caceaef075a4c66b480507235a571/Outputs/Data/WASDE_PSD/wasde_psd_coffee_green__world.csv,"""Coffee, Green"",World,2019,Domestic Consumption,(1000 60 KG BAGS),162355.0,1,93,agg",medium,"Domestic consumption (all countries incl. importing countries). USDA PSD market year 2019 (= MY 2019/20; world total aggregates each country's local marketing year). Vintage: PSD bulk download of 2026-06-21 = Dec 2025 USDA release (latest official vintage for this year). World = sum of 93 reporting countries (aggregation by andenick/Foodberg from official psd_coffee_csv.zip; validated: MY2025/26 production 178.848 / consumption 173.852 / ending stocks 20.148 / bean exports 123.825 and MY2024/25 production 175.316 match USDA Dec 2025 report headlines 178.8 / 173.9 / 20.1 / 123.8 / 175.3). Converted from 1000 bags to million bags (/1000, 3 dp). Caveat: an older, less complete PSD extract (~Dec 2023 vintage; Kaggle psd_coffee.csv mirrored on GitHub) sums to +0.306m vs this value -> historical revisions/coverage changes; use this (later) vintage."
world_consumption_usda,World,2020/21,162.093,million 60kg bags,USDA FAS,"USDA FAS PSD Online coffee database (psd_coffee_csv.zip), world aggregate - Dec 2025 release vintage",https://github.com/andenick/Foodberg/blob/7b5333b1066caceaef075a4c66b480507235a571/Outputs/Data/WASDE_PSD/wasde_psd_coffee_green__world.csv,"""Coffee, Green"",World,2020,Domestic Consumption,(1000 60 KG BAGS),162093.0,1,93,agg",medium,"Domestic consumption (all countries incl. importing countries). USDA PSD market year 2020 (= MY 2020/21; world total aggregates each country's local marketing year). Vintage: PSD bulk download of 2026-06-21 = Dec 2025 USDA release (latest official vintage for this year). World = sum of 93 reporting countries (aggregation by andenick/Foodberg from official psd_coffee_csv.zip; validated: MY2025/26 production 178.848 / consumption 173.852 / ending stocks 20.148 / bean exports 123.825 and MY2024/25 production 175.316 match USDA Dec 2025 report headlines 178.8 / 173.9 / 20.1 / 123.8 / 175.3). Converted from 1000 bags to million bags (/1000, 3 dp). Caveat: an older, less complete PSD extract (~Dec 2023 vintage; Kaggle psd_coffee.csv mirrored on GitHub) sums to +0.337m vs this value -> historical revisions/coverage changes; use this (later) vintage."
world_consumption_usda,World,2021/22,167.883,million 60kg bags,USDA FAS,"USDA FAS PSD Online coffee database (psd_coffee_csv.zip), world aggregate - Dec 2025 release vintage",https://github.com/andenick/Foodberg/blob/7b5333b1066caceaef075a4c66b480507235a571/Outputs/Data/WASDE_PSD/wasde_psd_coffee_green__world.csv,"""Coffee, Green"",World,2021,Domestic Consumption,(1000 60 KG BAGS),167883.0,1,93,agg",medium,"Domestic consumption (all countries incl. importing countries). USDA PSD market year 2021 (= MY 2021/22; world total aggregates each country's local marketing year). Vintage: PSD bulk download of 2026-06-21 = Dec 2025 USDA release (latest official vintage for this year). World = sum of 93 reporting countries (aggregation by andenick/Foodberg from official psd_coffee_csv.zip; validated: MY2025/26 production 178.848 / consumption 173.852 / ending stocks 20.148 / bean exports 123.825 and MY2024/25 production 175.316 match USDA Dec 2025 report headlines 178.8 / 173.9 / 20.1 / 123.8 / 175.3). Converted from 1000 bags to million bags (/1000, 3 dp). Caveat: an older, less complete PSD extract (~Dec 2023 vintage; Kaggle psd_coffee.csv mirrored on GitHub) sums to +0.038m vs this value -> historical revisions/coverage changes; use this (later) vintage."
world_consumption_usda,World,2022/23,167.9,million 60kg bags,USDA FAS,"Coffee: World Markets and Trade, December 2022",https://www.comunicaffe.com/usda-world-coffee-production-to-rebound-to-172-8-million-consumption-at-167-9-million/,"global consumption expected to rise 800,000 bags to 167.9 million",medium,Vintage Dec 2022.
world_consumption_usda,World,2022/23,168.754,million 60kg bags,USDA FAS,"USDA FAS PSD Online coffee database (psd_coffee_csv.zip), world aggregate - Dec 2025 release vintage",https://github.com/andenick/Foodberg/blob/7b5333b1066caceaef075a4c66b480507235a571/Outputs/Data/WASDE_PSD/wasde_psd_coffee_green__world.csv,"""Coffee, Green"",World,2022,Domestic Consumption,(1000 60 KG BAGS),168754.0,1,93,agg",medium,"Domestic consumption (all countries incl. importing countries). USDA PSD market year 2022 (= MY 2022/23; world total aggregates each country's local marketing year). Vintage: PSD bulk download of 2026-06-21 = Dec 2025 USDA release (latest official vintage for this year). World = sum of 93 reporting countries (aggregation by andenick/Foodberg from official psd_coffee_csv.zip; validated: MY2025/26 production 178.848 / consumption 173.852 / ending stocks 20.148 / bean exports 123.825 and MY2024/25 production 175.316 match USDA Dec 2025 report headlines 178.8 / 173.9 / 20.1 / 123.8 / 175.3). Converted from 1000 bags to million bags (/1000, 3 dp). Caveat: an older, less complete PSD extract (~Dec 2023 vintage; Kaggle psd_coffee.csv mirrored on GitHub) sums to +0.257m vs this value -> historical revisions/coverage changes; use this (later) vintage."
world_consumption_usda,World,2023/24,163.968,million 60kg bags,USDA FAS,"USDA FAS PSD Online coffee database (psd_coffee_csv.zip), world aggregate - Dec 2025 release vintage",https://github.com/andenick/Foodberg/blob/7b5333b1066caceaef075a4c66b480507235a571/Outputs/Data/WASDE_PSD/wasde_psd_coffee_green__world.csv,"""Coffee, Green"",World,2023,Domestic Consumption,(1000 60 KG BAGS),163968.0,1,93,agg",medium,"Domestic consumption (all countries incl. importing countries). USDA PSD market year 2023 (= MY 2023/24; world total aggregates each country's local marketing year). Vintage: PSD bulk download of 2026-06-21 = Dec 2025 USDA release (latest official vintage for this year). World = sum of 93 reporting countries (aggregation by andenick/Foodberg from official psd_coffee_csv.zip; validated: MY2025/26 production 178.848 / consumption 173.852 / ending stocks 20.148 / bean exports 123.825 and MY2024/25 production 175.316 match USDA Dec 2025 report headlines 178.8 / 173.9 / 20.1 / 123.8 / 175.3). Converted from 1000 bags to million bags (/1000, 3 dp)."
world_consumption_usda,World,2024/25,170.634,million 60kg bags,USDA FAS,"Coffee: World Markets and Trade, June 2024",https://www.comunicaffe.com/usda-forecasts-world-coffee-production-in-2024-25-to-reach-176-2-million-bags-4-2-consumption-is-seen-3-1-million-bags-higher-to-170-6-million/,consumption is seen 3.1 million higher to 170.634 million (+1.8%),medium,Vintage Jun 2024. First forecast. Superseded (Dec 2024: 168.071m).
world_consumption_usda,World,2024/25,168.071,million 60kg bags,USDA FAS,"Coffee: World Markets and Trade, December 2024",https://www.comunicaffe.com/usda-sees-world-production-at-174-855-million-bags-up-6-9-million-consumption-to-reach-168-071-million-3/,Consumption is seen at 168.071 million: over 5 million more than in 2023/24.,medium,Vintage Dec 2024. Headline says 168.1m (+3%).
world_consumption_usda,World,2024/25,171.556,million 60kg bags,USDA FAS,"USDA FAS PSD Online coffee database (psd_coffee_csv.zip), world aggregate - Dec 2025 release vintage",https://github.com/andenick/Foodberg/blob/7b5333b1066caceaef075a4c66b480507235a571/Outputs/Data/WASDE_PSD/wasde_psd_coffee_green__world.csv,"""Coffee, Green"",World,2024,Domestic Consumption,(1000 60 KG BAGS),171556.0,1,93,agg",medium,"Domestic consumption (all countries incl. importing countries). USDA PSD market year 2024 (= MY 2024/25; world total aggregates each country's local marketing year). Vintage: PSD bulk download of 2026-06-21 = Dec 2025 USDA release (latest official vintage for this year before the Jul 2026 report). World = sum of 93 reporting countries (aggregation by andenick/Foodberg from official psd_coffee_csv.zip; validated: MY2025/26 production 178.848 / consumption 173.852 / ending stocks 20.148 / bean exports 123.825 and MY2024/25 production 175.316 match USDA Dec 2025 report headlines 178.8 / 173.9 / 20.1 / 123.8 / 175.3). Converted from 1000 bags to million bags (/1000, 3 dp)."
world_consumption_usda,World,2025/26,169.4,million 60kg bags,USDA FAS,"Coffee: World Markets and Trade, June 2025",https://www.fas.usda.gov/sites/default/files/2025-06/coffee.pdf,"With global consumption forecast at a record 169.4 million bags, ending inventories are expected to remain tight at 22.8 million bags.",high,Vintage Jun 2025. First forecast. Superseded (Dec 2025: 173.9m).
world_consumption_usda,World,2025/26,173.852,million 60kg bags,USDA FAS,"USDA FAS PSD Online coffee database (psd_coffee_csv.zip), world aggregate - Dec 2025 release vintage",https://github.com/andenick/Foodberg/blob/7b5333b1066caceaef075a4c66b480507235a571/Outputs/Data/WASDE_PSD/wasde_psd_coffee_green__world.csv,"""Coffee, Green"",World,2025,Domestic Consumption,(1000 60 KG BAGS),173852.0,1,93,agg",medium,"Domestic consumption (all countries incl. importing countries). USDA PSD market year 2025 (= MY 2025/26; world total aggregates each country's local marketing year). Vintage: PSD bulk download of 2026-06-21 = Dec 2025 USDA release (latest official vintage for this year before the Jul 2026 report). World = sum of 93 reporting countries (aggregation by andenick/Foodberg from official psd_coffee_csv.zip; validated: MY2025/26 production 178.848 / consumption 173.852 / ending stocks 20.148 / bean exports 123.825 and MY2024/25 production 175.316 match USDA Dec 2025 report headlines 178.8 / 173.9 / 20.1 / 123.8 / 175.3). Converted from 1000 bags to million bags (/1000, 3 dp)."
world_consumption_usda,World,2025/26,173.9,million 60kg bags,USDA FAS,"Coffee: World Markets and Trade, December 2025",https://www.fas.usda.gov/sites/default/files/2025-12/coffee.pdf,"With global consumption continuing to rise to a record 173.9 million bags, ending stocks are expected to drop for a fifth-consecutive year to just 20.1 million bags.",high,Vintage Dec 2025. Forecast (+1.3% y/y per Comunicaffe). Up sharply from 169.4m in Jun 2025 vintage (EU/US consumption raised).
world_consumption_usda,World,2026/27,179.7,million 60kg bags,USDA FAS,"Coffee: World Markets and Trade, July 2026",https://www.comunicaffe.com/usda-world-coffee-production-6-exports-9-and-global-consumption-3-6-set-to-reach-record-levels-in-2026-27,"Consumption is projected at 179.7 million bags, with the largest increases coming from the European Union and the United States.",medium,"Vintage Jul 2026. Forecast, record; +3.6% y/y per Comunicaffe headline. A press summary gives 179.736 million. Cross-checked Perfect Daily Grind, Fresh Cup (179.7m, +3.6%)."
world_ending_stocks_usda,World,2005/06,32.581,million 60kg bags,USDA FAS,"USDA FAS PSD Online coffee database (psd_coffee_csv.zip), world aggregate - Dec 2025 release vintage",https://github.com/andenick/Foodberg/blob/7b5333b1066caceaef075a4c66b480507235a571/Outputs/Data/WASDE_PSD/wasde_psd_coffee_green__world.csv,"""Coffee, Green"",World,2005,Ending Stocks,(1000 60 KG BAGS),32581.0,1,88,agg",medium,"Ending stocks (producing + importing countries). USDA PSD market year 2005 (= MY 2005/06; world total aggregates each country's local marketing year). Vintage: PSD bulk download of 2026-06-21 = Dec 2025 USDA release (latest official vintage for this year). World = sum of 88 reporting countries (aggregation by andenick/Foodberg from official psd_coffee_csv.zip; validated: MY2025/26 production 178.848 / consumption 173.852 / ending stocks 20.148 / bean exports 123.825 and MY2024/25 production 175.316 match USDA Dec 2025 report headlines 178.8 / 173.9 / 20.1 / 123.8 / 175.3). Converted from 1000 bags to million bags (/1000, 3 dp)."
world_ending_stocks_usda,World,2006/07,35.706,million 60kg bags,USDA FAS,"USDA FAS PSD Online coffee database (psd_coffee_csv.zip), world aggregate - Dec 2025 release vintage",https://github.com/andenick/Foodberg/blob/7b5333b1066caceaef075a4c66b480507235a571/Outputs/Data/WASDE_PSD/wasde_psd_coffee_green__world.csv,"""Coffee, Green"",World,2006,Ending Stocks,(1000 60 KG BAGS),35706.0,1,88,agg",medium,"Ending stocks (producing + importing countries). USDA PSD market year 2006 (= MY 2006/07; world total aggregates each country's local marketing year). Vintage: PSD bulk download of 2026-06-21 = Dec 2025 USDA release (latest official vintage for this year). World = sum of 88 reporting countries (aggregation by andenick/Foodberg from official psd_coffee_csv.zip; validated: MY2025/26 production 178.848 / consumption 173.852 / ending stocks 20.148 / bean exports 123.825 and MY2024/25 production 175.316 match USDA Dec 2025 report headlines 178.8 / 173.9 / 20.1 / 123.8 / 175.3). Converted from 1000 bags to million bags (/1000, 3 dp)."
world_ending_stocks_usda,World,2007/08,31.408,million 60kg bags,USDA FAS,"USDA FAS PSD Online coffee database (psd_coffee_csv.zip), world aggregate - Dec 2025 release vintage",https://github.com/andenick/Foodberg/blob/7b5333b1066caceaef075a4c66b480507235a571/Outputs/Data/WASDE_PSD/wasde_psd_coffee_green__world.csv,"""Coffee, Green"",World,2007,Ending Stocks,(1000 60 KG BAGS),31408.0,1,89,agg",medium,"Ending stocks (producing + importing countries). USDA PSD market year 2007 (= MY 2007/08; world total aggregates each country's local marketing year). Vintage: PSD bulk download of 2026-06-21 = Dec 2025 USDA release (latest official vintage for this year). World = sum of 89 reporting countries (aggregation by andenick/Foodberg from official psd_coffee_csv.zip; validated: MY2025/26 production 178.848 / consumption 173.852 / ending stocks 20.148 / bean exports 123.825 and MY2024/25 production 175.316 match USDA Dec 2025 report headlines 178.8 / 173.9 / 20.1 / 123.8 / 175.3). Converted from 1000 bags to million bags (/1000, 3 dp)."
world_ending_stocks_usda,World,2008/09,39.593,million 60kg bags,USDA FAS,"USDA FAS PSD Online coffee database (psd_coffee_csv.zip), world aggregate - Dec 2025 release vintage",https://github.com/andenick/Foodberg/blob/7b5333b1066caceaef075a4c66b480507235a571/Outputs/Data/WASDE_PSD/wasde_psd_coffee_green__world.csv,"""Coffee, Green"",World,2008,Ending Stocks,(1000 60 KG BAGS),39593.0,1,89,agg",medium,"Ending stocks (producing + importing countries). USDA PSD market year 2008 (= MY 2008/09; world total aggregates each country's local marketing year). Vintage: PSD bulk download of 2026-06-21 = Dec 2025 USDA release (latest official vintage for this year). World = sum of 89 reporting countries (aggregation by andenick/Foodberg from official psd_coffee_csv.zip; validated: MY2025/26 production 178.848 / consumption 173.852 / ending stocks 20.148 / bean exports 123.825 and MY2024/25 production 175.316 match USDA Dec 2025 report headlines 178.8 / 173.9 / 20.1 / 123.8 / 175.3). Converted from 1000 bags to million bags (/1000, 3 dp)."
world_ending_stocks_usda,World,2009/10,28.845,million 60kg bags,USDA FAS,"USDA FAS PSD Online coffee database (psd_coffee_csv.zip), world aggregate - Dec 2025 release vintage",https://github.com/andenick/Foodberg/blob/7b5333b1066caceaef075a4c66b480507235a571/Outputs/Data/WASDE_PSD/wasde_psd_coffee_green__world.csv,"""Coffee, Green"",World,2009,Ending Stocks,(1000 60 KG BAGS),28845.0,1,89,agg",medium,"Ending stocks (producing + importing countries). USDA PSD market year 2009 (= MY 2009/10; world total aggregates each country's local marketing year). Vintage: PSD bulk download of 2026-06-21 = Dec 2025 USDA release (latest official vintage for this year). World = sum of 89 reporting countries (aggregation by andenick/Foodberg from official psd_coffee_csv.zip; validated: MY2025/26 production 178.848 / consumption 173.852 / ending stocks 20.148 / bean exports 123.825 and MY2024/25 production 175.316 match USDA Dec 2025 report headlines 178.8 / 173.9 / 20.1 / 123.8 / 175.3). Converted from 1000 bags to million bags (/1000, 3 dp)."
world_ending_stocks_usda,World,2010/11,28.640,million 60kg bags,USDA FAS,"USDA FAS PSD Online coffee database (psd_coffee_csv.zip), world aggregate - Dec 2025 release vintage",https://github.com/andenick/Foodberg/blob/7b5333b1066caceaef075a4c66b480507235a571/Outputs/Data/WASDE_PSD/wasde_psd_coffee_green__world.csv,"""Coffee, Green"",World,2010,Ending Stocks,(1000 60 KG BAGS),28640.0,1,91,agg",medium,"Ending stocks (producing + importing countries). USDA PSD market year 2010 (= MY 2010/11; world total aggregates each country's local marketing year). Vintage: PSD bulk download of 2026-06-21 = Dec 2025 USDA release (latest official vintage for this year). World = sum of 91 reporting countries (aggregation by andenick/Foodberg from official psd_coffee_csv.zip; validated: MY2025/26 production 178.848 / consumption 173.852 / ending stocks 20.148 / bean exports 123.825 and MY2024/25 production 175.316 match USDA Dec 2025 report headlines 178.8 / 173.9 / 20.1 / 123.8 / 175.3). Converted from 1000 bags to million bags (/1000, 3 dp)."
world_ending_stocks_usda,World,2011/12,25.748,million 60kg bags,USDA FAS,"USDA FAS PSD Online coffee database (psd_coffee_csv.zip), world aggregate - Dec 2025 release vintage",https://github.com/andenick/Foodberg/blob/7b5333b1066caceaef075a4c66b480507235a571/Outputs/Data/WASDE_PSD/wasde_psd_coffee_green__world.csv,"""Coffee, Green"",World,2011,Ending Stocks,(1000 60 KG BAGS),25748.0,1,91,agg",medium,"Ending stocks (producing + importing countries). USDA PSD market year 2011 (= MY 2011/12; world total aggregates each country's local marketing year). Vintage: PSD bulk download of 2026-06-21 = Dec 2025 USDA release (latest official vintage for this year). World = sum of 91 reporting countries (aggregation by andenick/Foodberg from official psd_coffee_csv.zip; validated: MY2025/26 production 178.848 / consumption 173.852 / ending stocks 20.148 / bean exports 123.825 and MY2024/25 production 175.316 match USDA Dec 2025 report headlines 178.8 / 173.9 / 20.1 / 123.8 / 175.3). Converted from 1000 bags to million bags (/1000, 3 dp)."
world_ending_stocks_usda,World,2012/13,35.365,million 60kg bags,USDA FAS,"USDA FAS PSD Online coffee database (psd_coffee_csv.zip), world aggregate - Dec 2025 release vintage",https://github.com/andenick/Foodberg/blob/7b5333b1066caceaef075a4c66b480507235a571/Outputs/Data/WASDE_PSD/wasde_psd_coffee_green__world.csv,"""Coffee, Green"",World,2012,Ending Stocks,(1000 60 KG BAGS),35365.0,1,91,agg",medium,"Ending stocks (producing + importing countries). USDA PSD market year 2012 (= MY 2012/13; world total aggregates each country's local marketing year). Vintage: PSD bulk download of 2026-06-21 = Dec 2025 USDA release (latest official vintage for this year). World = sum of 91 reporting countries (aggregation by andenick/Foodberg from official psd_coffee_csv.zip; validated: MY2025/26 production 178.848 / consumption 173.852 / ending stocks 20.148 / bean exports 123.825 and MY2024/25 production 175.316 match USDA Dec 2025 report headlines 178.8 / 173.9 / 20.1 / 123.8 / 175.3). Converted from 1000 bags to million bags (/1000, 3 dp)."
world_ending_stocks_usda,World,2013/14,41.184,million 60kg bags,USDA FAS,"USDA FAS PSD Online coffee database (psd_coffee_csv.zip), world aggregate - Dec 2025 release vintage",https://github.com/andenick/Foodberg/blob/7b5333b1066caceaef075a4c66b480507235a571/Outputs/Data/WASDE_PSD/wasde_psd_coffee_green__world.csv,"""Coffee, Green"",World,2013,Ending Stocks,(1000 60 KG BAGS),41184.0,1,91,agg",medium,"Ending stocks (producing + importing countries). USDA PSD market year 2013 (= MY 2013/14; world total aggregates each country's local marketing year). Vintage: PSD bulk download of 2026-06-21 = Dec 2025 USDA release (latest official vintage for this year). World = sum of 91 reporting countries (aggregation by andenick/Foodberg from official psd_coffee_csv.zip; validated: MY2025/26 production 178.848 / consumption 173.852 / ending stocks 20.148 / bean exports 123.825 and MY2024/25 production 175.316 match USDA Dec 2025 report headlines 178.8 / 173.9 / 20.1 / 123.8 / 175.3). Converted from 1000 bags to million bags (/1000, 3 dp)."
world_ending_stocks_usda,World,2014/15,43.132,million 60kg bags,USDA FAS,"USDA FAS PSD Online coffee database (psd_coffee_csv.zip), world aggregate - Dec 2025 release vintage",https://github.com/andenick/Foodberg/blob/7b5333b1066caceaef075a4c66b480507235a571/Outputs/Data/WASDE_PSD/wasde_psd_coffee_green__world.csv,"""Coffee, Green"",World,2014,Ending Stocks,(1000 60 KG BAGS),43132.0,1,92,agg",medium,"Ending stocks (producing + importing countries). USDA PSD market year 2014 (= MY 2014/15; world total aggregates each country's local marketing year). Vintage: PSD bulk download of 2026-06-21 = Dec 2025 USDA release (latest official vintage for this year). World = sum of 92 reporting countries (aggregation by andenick/Foodberg from official psd_coffee_csv.zip; validated: MY2025/26 production 178.848 / consumption 173.852 / ending stocks 20.148 / bean exports 123.825 and MY2024/25 production 175.316 match USDA Dec 2025 report headlines 178.8 / 173.9 / 20.1 / 123.8 / 175.3). Converted from 1000 bags to million bags (/1000, 3 dp)."
world_ending_stocks_usda,World,2015/16,34.951,million 60kg bags,USDA FAS,"USDA FAS PSD Online coffee database (psd_coffee_csv.zip), world aggregate - Dec 2025 release vintage",https://github.com/andenick/Foodberg/blob/7b5333b1066caceaef075a4c66b480507235a571/Outputs/Data/WASDE_PSD/wasde_psd_coffee_green__world.csv,"""Coffee, Green"",World,2015,Ending Stocks,(1000 60 KG BAGS),34951.0,1,92,agg",medium,"Ending stocks (producing + importing countries). USDA PSD market year 2015 (= MY 2015/16; world total aggregates each country's local marketing year). Vintage: PSD bulk download of 2026-06-21 = Dec 2025 USDA release (latest official vintage for this year). World = sum of 92 reporting countries (aggregation by andenick/Foodberg from official psd_coffee_csv.zip; validated: MY2025/26 production 178.848 / consumption 173.852 / ending stocks 20.148 / bean exports 123.825 and MY2024/25 production 175.316 match USDA Dec 2025 report headlines 178.8 / 173.9 / 20.1 / 123.8 / 175.3). Converted from 1000 bags to million bags (/1000, 3 dp)."
world_ending_stocks_usda,World,2016/17,36.453,million 60kg bags,USDA FAS,"USDA FAS PSD Online coffee database (psd_coffee_csv.zip), world aggregate - Dec 2025 release vintage",https://github.com/andenick/Foodberg/blob/7b5333b1066caceaef075a4c66b480507235a571/Outputs/Data/WASDE_PSD/wasde_psd_coffee_green__world.csv,"""Coffee, Green"",World,2016,Ending Stocks,(1000 60 KG BAGS),36453.0,1,93,agg",medium,"Ending stocks (producing + importing countries). USDA PSD market year 2016 (= MY 2016/17; world total aggregates each country's local marketing year). Vintage: PSD bulk download of 2026-06-21 = Dec 2025 USDA release (latest official vintage for this year). World = sum of 93 reporting countries (aggregation by andenick/Foodberg from official psd_coffee_csv.zip; validated: MY2025/26 production 178.848 / consumption 173.852 / ending stocks 20.148 / bean exports 123.825 and MY2024/25 production 175.316 match USDA Dec 2025 report headlines 178.8 / 173.9 / 20.1 / 123.8 / 175.3). Converted from 1000 bags to million bags (/1000, 3 dp)."
world_ending_stocks_usda,World,2017/18,31.951,million 60kg bags,USDA FAS,"USDA FAS PSD Online coffee database (psd_coffee_csv.zip), world aggregate - Dec 2025 release vintage",https://github.com/andenick/Foodberg/blob/7b5333b1066caceaef075a4c66b480507235a571/Outputs/Data/WASDE_PSD/wasde_psd_coffee_green__world.csv,"""Coffee, Green"",World,2017,Ending Stocks,(1000 60 KG BAGS),31951.0,1,93,agg",medium,"Ending stocks (producing + importing countries). USDA PSD market year 2017 (= MY 2017/18; world total aggregates each country's local marketing year). Vintage: PSD bulk download of 2026-06-21 = Dec 2025 USDA release (latest official vintage for this year). World = sum of 93 reporting countries (aggregation by andenick/Foodberg from official psd_coffee_csv.zip; validated: MY2025/26 production 178.848 / consumption 173.852 / ending stocks 20.148 / bean exports 123.825 and MY2024/25 production 175.316 match USDA Dec 2025 report headlines 178.8 / 173.9 / 20.1 / 123.8 / 175.3). Converted from 1000 bags to million bags (/1000, 3 dp)."
world_ending_stocks_usda,World,2018/19,36.946,million 60kg bags,USDA FAS,"USDA FAS PSD Online coffee database (psd_coffee_csv.zip), world aggregate - Dec 2025 release vintage",https://github.com/andenick/Foodberg/blob/7b5333b1066caceaef075a4c66b480507235a571/Outputs/Data/WASDE_PSD/wasde_psd_coffee_green__world.csv,"""Coffee, Green"",World,2018,Ending Stocks,(1000 60 KG BAGS),36946.0,1,93,agg",medium,"Ending stocks (producing + importing countries). USDA PSD market year 2018 (= MY 2018/19; world total aggregates each country's local marketing year). Vintage: PSD bulk download of 2026-06-21 = Dec 2025 USDA release (latest official vintage for this year). World = sum of 93 reporting countries (aggregation by andenick/Foodberg from official psd_coffee_csv.zip; validated: MY2025/26 production 178.848 / consumption 173.852 / ending stocks 20.148 / bean exports 123.825 and MY2024/25 production 175.316 match USDA Dec 2025 report headlines 178.8 / 173.9 / 20.1 / 123.8 / 175.3). Converted from 1000 bags to million bags (/1000, 3 dp)."
world_ending_stocks_usda,World,2019/20,35.808,million 60kg bags,USDA FAS,"USDA FAS PSD Online coffee database (psd_coffee_csv.zip), world aggregate - Dec 2025 release vintage",https://github.com/andenick/Foodberg/blob/7b5333b1066caceaef075a4c66b480507235a571/Outputs/Data/WASDE_PSD/wasde_psd_coffee_green__world.csv,"""Coffee, Green"",World,2019,Ending Stocks,(1000 60 KG BAGS),35808.0,1,93,agg",medium,"Ending stocks (producing + importing countries). USDA PSD market year 2019 (= MY 2019/20; world total aggregates each country's local marketing year). Vintage: PSD bulk download of 2026-06-21 = Dec 2025 USDA release (latest official vintage for this year). World = sum of 93 reporting countries (aggregation by andenick/Foodberg from official psd_coffee_csv.zip; validated: MY2025/26 production 178.848 / consumption 173.852 / ending stocks 20.148 / bean exports 123.825 and MY2024/25 production 175.316 match USDA Dec 2025 report headlines 178.8 / 173.9 / 20.1 / 123.8 / 175.3). Converted from 1000 bags to million bags (/1000, 3 dp)."
world_ending_stocks_usda,World,2020/21,37.494,million 60kg bags,USDA FAS,"USDA FAS PSD Online coffee database (psd_coffee_csv.zip), world aggregate - Dec 2025 release vintage",https://github.com/andenick/Foodberg/blob/7b5333b1066caceaef075a4c66b480507235a571/Outputs/Data/WASDE_PSD/wasde_psd_coffee_green__world.csv,"""Coffee, Green"",World,2020,Ending Stocks,(1000 60 KG BAGS),37494.0,1,93,agg",medium,"Ending stocks (producing + importing countries). USDA PSD market year 2020 (= MY 2020/21; world total aggregates each country's local marketing year). Vintage: PSD bulk download of 2026-06-21 = Dec 2025 USDA release (latest official vintage for this year). World = sum of 93 reporting countries (aggregation by andenick/Foodberg from official psd_coffee_csv.zip; validated: MY2025/26 production 178.848 / consumption 173.852 / ending stocks 20.148 / bean exports 123.825 and MY2024/25 production 175.316 match USDA Dec 2025 report headlines 178.8 / 173.9 / 20.1 / 123.8 / 175.3). Converted from 1000 bags to million bags (/1000, 3 dp)."
world_ending_stocks_usda,World,2021/22,31.940,million 60kg bags,USDA FAS,"USDA FAS PSD Online coffee database (psd_coffee_csv.zip), world aggregate - Dec 2025 release vintage",https://github.com/andenick/Foodberg/blob/7b5333b1066caceaef075a4c66b480507235a571/Outputs/Data/WASDE_PSD/wasde_psd_coffee_green__world.csv,"""Coffee, Green"",World,2021,Ending Stocks,(1000 60 KG BAGS),31940.0,1,93,agg",medium,"Ending stocks (producing + importing countries). USDA PSD market year 2021 (= MY 2021/22; world total aggregates each country's local marketing year). Vintage: PSD bulk download of 2026-06-21 = Dec 2025 USDA release (latest official vintage for this year). World = sum of 93 reporting countries (aggregation by andenick/Foodberg from official psd_coffee_csv.zip; validated: MY2025/26 production 178.848 / consumption 173.852 / ending stocks 20.148 / bean exports 123.825 and MY2024/25 production 175.316 match USDA Dec 2025 report headlines 178.8 / 173.9 / 20.1 / 123.8 / 175.3). Converted from 1000 bags to million bags (/1000, 3 dp)."
world_ending_stocks_usda,World,2022/23,26.934,million 60kg bags,USDA FAS,"USDA FAS PSD Online coffee database (psd_coffee_csv.zip), world aggregate - Dec 2025 release vintage",https://github.com/andenick/Foodberg/blob/7b5333b1066caceaef075a4c66b480507235a571/Outputs/Data/WASDE_PSD/wasde_psd_coffee_green__world.csv,"""Coffee, Green"",World,2022,Ending Stocks,(1000 60 KG BAGS),26934.0,1,93,agg",medium,"Ending stocks (producing + importing countries). USDA PSD market year 2022 (= MY 2022/23; world total aggregates each country's local marketing year). Vintage: PSD bulk download of 2026-06-21 = Dec 2025 USDA release (latest official vintage for this year). World = sum of 93 reporting countries (aggregation by andenick/Foodberg from official psd_coffee_csv.zip; validated: MY2025/26 production 178.848 / consumption 173.852 / ending stocks 20.148 / bean exports 123.825 and MY2024/25 production 175.316 match USDA Dec 2025 report headlines 178.8 / 173.9 / 20.1 / 123.8 / 175.3). Converted from 1000 bags to million bags (/1000, 3 dp)."
world_ending_stocks_usda,World,2023/24,23.121,million 60kg bags,USDA FAS,"USDA FAS PSD Online coffee database (psd_coffee_csv.zip), world aggregate - Dec 2025 release vintage",https://github.com/andenick/Foodberg/blob/7b5333b1066caceaef075a4c66b480507235a571/Outputs/Data/WASDE_PSD/wasde_psd_coffee_green__world.csv,"""Coffee, Green"",World,2023,Ending Stocks,(1000 60 KG BAGS),23121.0,1,93,agg",medium,"Ending stocks (producing + importing countries). USDA PSD market year 2023 (= MY 2023/24; world total aggregates each country's local marketing year). Vintage: PSD bulk download of 2026-06-21 = Dec 2025 USDA release (latest official vintage for this year). World = sum of 93 reporting countries (aggregation by andenick/Foodberg from official psd_coffee_csv.zip; validated: MY2025/26 production 178.848 / consumption 173.852 / ending stocks 20.148 / bean exports 123.825 and MY2024/25 production 175.316 match USDA Dec 2025 report headlines 178.8 / 173.9 / 20.1 / 123.8 / 175.3). Converted from 1000 bags to million bags (/1000, 3 dp)."
world_ending_stocks_usda,World,2024/25,20.9,million 60kg bags,USDA FAS,"Coffee: World Markets and Trade, December 2024",https://www.comunicaffe.com/usda-sees-world-production-at-174-855-million-bags-up-6-9-million-consumption-to-reach-168-071-million-3/,Ending stocks are expected to drop 1.5 million bags to 20.9 million.,medium,"Vintage Dec 2024. Press (Barchart) quoted 20.867m, -6.6% from 22.347m in 2023/24, a 25-year low."
world_ending_stocks_usda,World,2024/25,21.307,million 60kg bags,USDA FAS,"USDA FAS PSD Online coffee database (psd_coffee_csv.zip), world aggregate - Dec 2025 release vintage",https://github.com/andenick/Foodberg/blob/7b5333b1066caceaef075a4c66b480507235a571/Outputs/Data/WASDE_PSD/wasde_psd_coffee_green__world.csv,"""Coffee, Green"",World,2024,Ending Stocks,(1000 60 KG BAGS),21307.0,1,93,agg",medium,"Ending stocks (producing + importing countries). USDA PSD market year 2024 (= MY 2024/25; world total aggregates each country's local marketing year). Vintage: PSD bulk download of 2026-06-21 = Dec 2025 USDA release (latest official vintage for this year before the Jul 2026 report). World = sum of 93 reporting countries (aggregation by andenick/Foodberg from official psd_coffee_csv.zip; validated: MY2025/26 production 178.848 / consumption 173.852 / ending stocks 20.148 / bean exports 123.825 and MY2024/25 production 175.316 match USDA Dec 2025 report headlines 178.8 / 173.9 / 20.1 / 123.8 / 175.3). Converted from 1000 bags to million bags (/1000, 3 dp)."
world_ending_stocks_usda,World,2025/26,22.8,million 60kg bags,USDA FAS,"Coffee: World Markets and Trade, June 2025",https://www.fas.usda.gov/sites/default/files/2025-06/coffee.pdf,ending inventories are expected to remain tight at 22.8 million bags,high,Vintage Jun 2025. First forecast. Superseded (Dec 2025: 20.1m).
world_ending_stocks_usda,World,2025/26,20.148,million 60kg bags,USDA FAS,"USDA FAS PSD Online coffee database (psd_coffee_csv.zip), world aggregate - Dec 2025 release vintage",https://github.com/andenick/Foodberg/blob/7b5333b1066caceaef075a4c66b480507235a571/Outputs/Data/WASDE_PSD/wasde_psd_coffee_green__world.csv,"""Coffee, Green"",World,2025,Ending Stocks,(1000 60 KG BAGS),20148.0,1,93,agg",medium,"Ending stocks (producing + importing countries). USDA PSD market year 2025 (= MY 2025/26; world total aggregates each country's local marketing year). Vintage: PSD bulk download of 2026-06-21 = Dec 2025 USDA release (latest official vintage for this year before the Jul 2026 report). World = sum of 93 reporting countries (aggregation by andenick/Foodberg from official psd_coffee_csv.zip; validated: MY2025/26 production 178.848 / consumption 173.852 / ending stocks 20.148 / bean exports 123.825 and MY2024/25 production 175.316 match USDA Dec 2025 report headlines 178.8 / 173.9 / 20.1 / 123.8 / 175.3). Converted from 1000 bags to million bags (/1000, 3 dp)."
world_ending_stocks_usda,World,2025/26,20.1,million 60kg bags,USDA FAS,"Coffee: World Markets and Trade, December 2025",https://www.fas.usda.gov/sites/default/files/2025-12/coffee.pdf,ending stocks are expected to drop for a fifth-consecutive year to just 20.1 million bags,high,Vintage Dec 2025. Forecast. Fifth consecutive annual decline. NB: Jul 2026 vintage implies upward revision (2026/27 26.3m = +1.9m => ~24.4m).
world_ending_stocks_usda,World,2026/27,26.3,million 60kg bags,USDA FAS,"Coffee: World Markets and Trade, July 2026",https://www.barchart.com/story/news/3431105/coffee-prices-fall-as-usda-predicts-6-increase-in-global-coffee-production,World ending stocks are expected to rise +1.9 million bags to 26.3 million bags.,medium,"Vintage Jul 2026. Forecast; first increase after five consecutive declines (2021/22-2025/26). Implies 2025/26 ending stocks revised to ~24.4m in this vintage (derived, NOT recorded as a value; Dec 2025 vintage = 20.1m). Cross-checked Food Institute (26.3m, +1.9m)."
world_exports_usda,World,2005/06,95.443,million 60kg bags,USDA FAS,"USDA FAS PSD Online coffee database (psd_coffee_csv.zip), world aggregate - Dec 2025 release vintage",https://github.com/andenick/Foodberg/blob/7b5333b1066caceaef075a4c66b480507235a571/Outputs/Data/WASDE_PSD/wasde_psd_coffee_green__world.csv,"""Coffee, Green"",World,2005,Exports,(1000 60 KG BAGS),95443.0,1,88,agg",medium,"Total exports, all forms (green + roast & ground + soluble, GBE). USDA PSD market year 2005 (= MY 2005/06; world total aggregates each country's local marketing year). Vintage: PSD bulk download of 2026-06-21 = Dec 2025 USDA release (latest official vintage for this year). World = sum of 88 reporting countries (aggregation by andenick/Foodberg from official psd_coffee_csv.zip; validated: MY2025/26 production 178.848 / consumption 173.852 / ending stocks 20.148 / bean exports 123.825 and MY2024/25 production 175.316 match USDA Dec 2025 report headlines 178.8 / 173.9 / 20.1 / 123.8 / 175.3). Converted from 1000 bags to million bags (/1000, 3 dp)."
world_exports_usda,World,2006/07,107.087,million 60kg bags,USDA FAS,"USDA FAS PSD Online coffee database (psd_coffee_csv.zip), world aggregate - Dec 2025 release vintage",https://github.com/andenick/Foodberg/blob/7b5333b1066caceaef075a4c66b480507235a571/Outputs/Data/WASDE_PSD/wasde_psd_coffee_green__world.csv,"""Coffee, Green"",World,2006,Exports,(1000 60 KG BAGS),107087.0,1,88,agg",medium,"Total exports, all forms (green + roast & ground + soluble, GBE). USDA PSD market year 2006 (= MY 2006/07; world total aggregates each country's local marketing year). Vintage: PSD bulk download of 2026-06-21 = Dec 2025 USDA release (latest official vintage for this year). World = sum of 88 reporting countries (aggregation by andenick/Foodberg from official psd_coffee_csv.zip; validated: MY2025/26 production 178.848 / consumption 173.852 / ending stocks 20.148 / bean exports 123.825 and MY2024/25 production 175.316 match USDA Dec 2025 report headlines 178.8 / 173.9 / 20.1 / 123.8 / 175.3). Converted from 1000 bags to million bags (/1000, 3 dp)."
world_exports_usda,World,2007/08,101.361,million 60kg bags,USDA FAS,"USDA FAS PSD Online coffee database (psd_coffee_csv.zip), world aggregate - Dec 2025 release vintage",https://github.com/andenick/Foodberg/blob/7b5333b1066caceaef075a4c66b480507235a571/Outputs/Data/WASDE_PSD/wasde_psd_coffee_green__world.csv,"""Coffee, Green"",World,2007,Exports,(1000 60 KG BAGS),101361.0,1,89,agg",medium,"Total exports, all forms (green + roast & ground + soluble, GBE). USDA PSD market year 2007 (= MY 2007/08; world total aggregates each country's local marketing year). Vintage: PSD bulk download of 2026-06-21 = Dec 2025 USDA release (latest official vintage for this year). World = sum of 89 reporting countries (aggregation by andenick/Foodberg from official psd_coffee_csv.zip; validated: MY2025/26 production 178.848 / consumption 173.852 / ending stocks 20.148 / bean exports 123.825 and MY2024/25 production 175.316 match USDA Dec 2025 report headlines 178.8 / 173.9 / 20.1 / 123.8 / 175.3). Converted from 1000 bags to million bags (/1000, 3 dp)."
world_exports_usda,World,2008/09,104.434,million 60kg bags,USDA FAS,"USDA FAS PSD Online coffee database (psd_coffee_csv.zip), world aggregate - Dec 2025 release vintage",https://github.com/andenick/Foodberg/blob/7b5333b1066caceaef075a4c66b480507235a571/Outputs/Data/WASDE_PSD/wasde_psd_coffee_green__world.csv,"""Coffee, Green"",World,2008,Exports,(1000 60 KG BAGS),104434.0,1,89,agg",medium,"Total exports, all forms (green + roast & ground + soluble, GBE). USDA PSD market year 2008 (= MY 2008/09; world total aggregates each country's local marketing year). Vintage: PSD bulk download of 2026-06-21 = Dec 2025 USDA release (latest official vintage for this year). World = sum of 89 reporting countries (aggregation by andenick/Foodberg from official psd_coffee_csv.zip; validated: MY2025/26 production 178.848 / consumption 173.852 / ending stocks 20.148 / bean exports 123.825 and MY2024/25 production 175.316 match USDA Dec 2025 report headlines 178.8 / 173.9 / 20.1 / 123.8 / 175.3). Converted from 1000 bags to million bags (/1000, 3 dp)."
world_exports_usda,World,2009/10,106.784,million 60kg bags,USDA FAS,"USDA FAS PSD Online coffee database (psd_coffee_csv.zip), world aggregate - Dec 2025 release vintage",https://github.com/andenick/Foodberg/blob/7b5333b1066caceaef075a4c66b480507235a571/Outputs/Data/WASDE_PSD/wasde_psd_coffee_green__world.csv,"""Coffee, Green"",World,2009,Exports,(1000 60 KG BAGS),106784.0,1,89,agg",medium,"Total exports, all forms (green + roast & ground + soluble, GBE). USDA PSD market year 2009 (= MY 2009/10; world total aggregates each country's local marketing year). Vintage: PSD bulk download of 2026-06-21 = Dec 2025 USDA release (latest official vintage for this year). World = sum of 89 reporting countries (aggregation by andenick/Foodberg from official psd_coffee_csv.zip; validated: MY2025/26 production 178.848 / consumption 173.852 / ending stocks 20.148 / bean exports 123.825 and MY2024/25 production 175.316 match USDA Dec 2025 report headlines 178.8 / 173.9 / 20.1 / 123.8 / 175.3). Converted from 1000 bags to million bags (/1000, 3 dp)."
world_exports_usda,World,2010/11,116.972,million 60kg bags,USDA FAS,"USDA FAS PSD Online coffee database (psd_coffee_csv.zip), world aggregate - Dec 2025 release vintage",https://github.com/andenick/Foodberg/blob/7b5333b1066caceaef075a4c66b480507235a571/Outputs/Data/WASDE_PSD/wasde_psd_coffee_green__world.csv,"""Coffee, Green"",World,2010,Exports,(1000 60 KG BAGS),116972.0,1,91,agg",medium,"Total exports, all forms (green + roast & ground + soluble, GBE). USDA PSD market year 2010 (= MY 2010/11; world total aggregates each country's local marketing year). Vintage: PSD bulk download of 2026-06-21 = Dec 2025 USDA release (latest official vintage for this year). World = sum of 91 reporting countries (aggregation by andenick/Foodberg from official psd_coffee_csv.zip; validated: MY2025/26 production 178.848 / consumption 173.852 / ending stocks 20.148 / bean exports 123.825 and MY2024/25 production 175.316 match USDA Dec 2025 report headlines 178.8 / 173.9 / 20.1 / 123.8 / 175.3). Converted from 1000 bags to million bags (/1000, 3 dp)."
world_exports_usda,World,2011/12,118.031,million 60kg bags,USDA FAS,"USDA FAS PSD Online coffee database (psd_coffee_csv.zip), world aggregate - Dec 2025 release vintage",https://github.com/andenick/Foodberg/blob/7b5333b1066caceaef075a4c66b480507235a571/Outputs/Data/WASDE_PSD/wasde_psd_coffee_green__world.csv,"""Coffee, Green"",World,2011,Exports,(1000 60 KG BAGS),118031.0,1,91,agg",medium,"Total exports, all forms (green + roast & ground + soluble, GBE). USDA PSD market year 2011 (= MY 2011/12; world total aggregates each country's local marketing year). Vintage: PSD bulk download of 2026-06-21 = Dec 2025 USDA release (latest official vintage for this year). World = sum of 91 reporting countries (aggregation by andenick/Foodberg from official psd_coffee_csv.zip; validated: MY2025/26 production 178.848 / consumption 173.852 / ending stocks 20.148 / bean exports 123.825 and MY2024/25 production 175.316 match USDA Dec 2025 report headlines 178.8 / 173.9 / 20.1 / 123.8 / 175.3). Converted from 1000 bags to million bags (/1000, 3 dp)."
world_exports_usda,World,2012/13,123.239,million 60kg bags,USDA FAS,"USDA FAS PSD Online coffee database (psd_coffee_csv.zip), world aggregate - Dec 2025 release vintage",https://github.com/andenick/Foodberg/blob/7b5333b1066caceaef075a4c66b480507235a571/Outputs/Data/WASDE_PSD/wasde_psd_coffee_green__world.csv,"""Coffee, Green"",World,2012,Exports,(1000 60 KG BAGS),123239.0,1,91,agg",medium,"Total exports, all forms (green + roast & ground + soluble, GBE). USDA PSD market year 2012 (= MY 2012/13; world total aggregates each country's local marketing year). Vintage: PSD bulk download of 2026-06-21 = Dec 2025 USDA release (latest official vintage for this year). World = sum of 91 reporting countries (aggregation by andenick/Foodberg from official psd_coffee_csv.zip; validated: MY2025/26 production 178.848 / consumption 173.852 / ending stocks 20.148 / bean exports 123.825 and MY2024/25 production 175.316 match USDA Dec 2025 report headlines 178.8 / 173.9 / 20.1 / 123.8 / 175.3). Converted from 1000 bags to million bags (/1000, 3 dp)."
world_exports_usda,World,2013/14,129.260,million 60kg bags,USDA FAS,"USDA FAS PSD Online coffee database (psd_coffee_csv.zip), world aggregate - Dec 2025 release vintage",https://github.com/andenick/Foodberg/blob/7b5333b1066caceaef075a4c66b480507235a571/Outputs/Data/WASDE_PSD/wasde_psd_coffee_green__world.csv,"""Coffee, Green"",World,2013,Exports,(1000 60 KG BAGS),129260.0,1,91,agg",medium,"Total exports, all forms (green + roast & ground + soluble, GBE). USDA PSD market year 2013 (= MY 2013/14; world total aggregates each country's local marketing year). Vintage: PSD bulk download of 2026-06-21 = Dec 2025 USDA release (latest official vintage for this year). World = sum of 91 reporting countries (aggregation by andenick/Foodberg from official psd_coffee_csv.zip; validated: MY2025/26 production 178.848 / consumption 173.852 / ending stocks 20.148 / bean exports 123.825 and MY2024/25 production 175.316 match USDA Dec 2025 report headlines 178.8 / 173.9 / 20.1 / 123.8 / 175.3). Converted from 1000 bags to million bags (/1000, 3 dp)."
world_exports_usda,World,2014/15,124.027,million 60kg bags,USDA FAS,"USDA FAS PSD Online coffee database (psd_coffee_csv.zip), world aggregate - Dec 2025 release vintage",https://github.com/andenick/Foodberg/blob/7b5333b1066caceaef075a4c66b480507235a571/Outputs/Data/WASDE_PSD/wasde_psd_coffee_green__world.csv,"""Coffee, Green"",World,2014,Exports,(1000 60 KG BAGS),124027.0,1,92,agg",medium,"Total exports, all forms (green + roast & ground + soluble, GBE). USDA PSD market year 2014 (= MY 2014/15; world total aggregates each country's local marketing year). Vintage: PSD bulk download of 2026-06-21 = Dec 2025 USDA release (latest official vintage for this year). World = sum of 92 reporting countries (aggregation by andenick/Foodberg from official psd_coffee_csv.zip; validated: MY2025/26 production 178.848 / consumption 173.852 / ending stocks 20.148 / bean exports 123.825 and MY2024/25 production 175.316 match USDA Dec 2025 report headlines 178.8 / 173.9 / 20.1 / 123.8 / 175.3). Converted from 1000 bags to million bags (/1000, 3 dp)."
world_exports_usda,World,2015/16,133.845,million 60kg bags,USDA FAS,"USDA FAS PSD Online coffee database (psd_coffee_csv.zip), world aggregate - Dec 2025 release vintage",https://github.com/andenick/Foodberg/blob/7b5333b1066caceaef075a4c66b480507235a571/Outputs/Data/WASDE_PSD/wasde_psd_coffee_green__world.csv,"""Coffee, Green"",World,2015,Exports,(1000 60 KG BAGS),133845.0,1,92,agg",medium,"Total exports, all forms (green + roast & ground + soluble, GBE). USDA PSD market year 2015 (= MY 2015/16; world total aggregates each country's local marketing year). Vintage: PSD bulk download of 2026-06-21 = Dec 2025 USDA release (latest official vintage for this year). World = sum of 92 reporting countries (aggregation by andenick/Foodberg from official psd_coffee_csv.zip; validated: MY2025/26 production 178.848 / consumption 173.852 / ending stocks 20.148 / bean exports 123.825 and MY2024/25 production 175.316 match USDA Dec 2025 report headlines 178.8 / 173.9 / 20.1 / 123.8 / 175.3). Converted from 1000 bags to million bags (/1000, 3 dp)."
world_exports_usda,World,2016/17,133.606,million 60kg bags,USDA FAS,"USDA FAS PSD Online coffee database (psd_coffee_csv.zip), world aggregate - Dec 2025 release vintage",https://github.com/andenick/Foodberg/blob/7b5333b1066caceaef075a4c66b480507235a571/Outputs/Data/WASDE_PSD/wasde_psd_coffee_green__world.csv,"""Coffee, Green"",World,2016,Exports,(1000 60 KG BAGS),133606.0,1,93,agg",medium,"Total exports, all forms (green + roast & ground + soluble, GBE). USDA PSD market year 2016 (= MY 2016/17; world total aggregates each country's local marketing year). Vintage: PSD bulk download of 2026-06-21 = Dec 2025 USDA release (latest official vintage for this year). World = sum of 93 reporting countries (aggregation by andenick/Foodberg from official psd_coffee_csv.zip; validated: MY2025/26 production 178.848 / consumption 173.852 / ending stocks 20.148 / bean exports 123.825 and MY2024/25 production 175.316 match USDA Dec 2025 report headlines 178.8 / 173.9 / 20.1 / 123.8 / 175.3). Converted from 1000 bags to million bags (/1000, 3 dp)."
world_exports_usda,World,2017/18,134.174,million 60kg bags,USDA FAS,"USDA FAS PSD Online coffee database (psd_coffee_csv.zip), world aggregate - Dec 2025 release vintage",https://github.com/andenick/Foodberg/blob/7b5333b1066caceaef075a4c66b480507235a571/Outputs/Data/WASDE_PSD/wasde_psd_coffee_green__world.csv,"""Coffee, Green"",World,2017,Exports,(1000 60 KG BAGS),134174.0,1,93,agg",medium,"Total exports, all forms (green + roast & ground + soluble, GBE). USDA PSD market year 2017 (= MY 2017/18; world total aggregates each country's local marketing year). Vintage: PSD bulk download of 2026-06-21 = Dec 2025 USDA release (latest official vintage for this year). World = sum of 93 reporting countries (aggregation by andenick/Foodberg from official psd_coffee_csv.zip; validated: MY2025/26 production 178.848 / consumption 173.852 / ending stocks 20.148 / bean exports 123.825 and MY2024/25 production 175.316 match USDA Dec 2025 report headlines 178.8 / 173.9 / 20.1 / 123.8 / 175.3). Converted from 1000 bags to million bags (/1000, 3 dp)."
world_exports_usda,World,2018/19,143.364,million 60kg bags,USDA FAS,"USDA FAS PSD Online coffee database (psd_coffee_csv.zip), world aggregate - Dec 2025 release vintage",https://github.com/andenick/Foodberg/blob/7b5333b1066caceaef075a4c66b480507235a571/Outputs/Data/WASDE_PSD/wasde_psd_coffee_green__world.csv,"""Coffee, Green"",World,2018,Exports,(1000 60 KG BAGS),143364.0,1,93,agg",medium,"Total exports, all forms (green + roast & ground + soluble, GBE). USDA PSD market year 2018 (= MY 2018/19; world total aggregates each country's local marketing year). Vintage: PSD bulk download of 2026-06-21 = Dec 2025 USDA release (latest official vintage for this year). World = sum of 93 reporting countries (aggregation by andenick/Foodberg from official psd_coffee_csv.zip; validated: MY2025/26 production 178.848 / consumption 173.852 / ending stocks 20.148 / bean exports 123.825 and MY2024/25 production 175.316 match USDA Dec 2025 report headlines 178.8 / 173.9 / 20.1 / 123.8 / 175.3). Converted from 1000 bags to million bags (/1000, 3 dp)."
world_exports_usda,World,2019/20,139.001,million 60kg bags,USDA FAS,"USDA FAS PSD Online coffee database (psd_coffee_csv.zip), world aggregate - Dec 2025 release vintage",https://github.com/andenick/Foodberg/blob/7b5333b1066caceaef075a4c66b480507235a571/Outputs/Data/WASDE_PSD/wasde_psd_coffee_green__world.csv,"""Coffee, Green"",World,2019,Exports,(1000 60 KG BAGS),139001.0,1,93,agg",medium,"Total exports, all forms (green + roast & ground + soluble, GBE). USDA PSD market year 2019 (= MY 2019/20; world total aggregates each country's local marketing year). Vintage: PSD bulk download of 2026-06-21 = Dec 2025 USDA release (latest official vintage for this year). World = sum of 93 reporting countries (aggregation by andenick/Foodberg from official psd_coffee_csv.zip; validated: MY2025/26 production 178.848 / consumption 173.852 / ending stocks 20.148 / bean exports 123.825 and MY2024/25 production 175.316 match USDA Dec 2025 report headlines 178.8 / 173.9 / 20.1 / 123.8 / 175.3). Converted from 1000 bags to million bags (/1000, 3 dp)."
world_exports_usda,World,2020/21,144.896,million 60kg bags,USDA FAS,"USDA FAS PSD Online coffee database (psd_coffee_csv.zip), world aggregate - Dec 2025 release vintage",https://github.com/andenick/Foodberg/blob/7b5333b1066caceaef075a4c66b480507235a571/Outputs/Data/WASDE_PSD/wasde_psd_coffee_green__world.csv,"""Coffee, Green"",World,2020,Exports,(1000 60 KG BAGS),144896.0,1,93,agg",medium,"Total exports, all forms (green + roast & ground + soluble, GBE). USDA PSD market year 2020 (= MY 2020/21; world total aggregates each country's local marketing year). Vintage: PSD bulk download of 2026-06-21 = Dec 2025 USDA release (latest official vintage for this year). World = sum of 93 reporting countries (aggregation by andenick/Foodberg from official psd_coffee_csv.zip; validated: MY2025/26 production 178.848 / consumption 173.852 / ending stocks 20.148 / bean exports 123.825 and MY2024/25 production 175.316 match USDA Dec 2025 report headlines 178.8 / 173.9 / 20.1 / 123.8 / 175.3). Converted from 1000 bags to million bags (/1000, 3 dp)."
world_exports_usda,World,2021/22,143.576,million 60kg bags,USDA FAS,"USDA FAS PSD Online coffee database (psd_coffee_csv.zip), world aggregate - Dec 2025 release vintage",https://github.com/andenick/Foodberg/blob/7b5333b1066caceaef075a4c66b480507235a571/Outputs/Data/WASDE_PSD/wasde_psd_coffee_green__world.csv,"""Coffee, Green"",World,2021,Exports,(1000 60 KG BAGS),143576.0,1,93,agg",medium,"Total exports, all forms (green + roast & ground + soluble, GBE). USDA PSD market year 2021 (= MY 2021/22; world total aggregates each country's local marketing year). Vintage: PSD bulk download of 2026-06-21 = Dec 2025 USDA release (latest official vintage for this year). World = sum of 93 reporting countries (aggregation by andenick/Foodberg from official psd_coffee_csv.zip; validated: MY2025/26 production 178.848 / consumption 173.852 / ending stocks 20.148 / bean exports 123.825 and MY2024/25 production 175.316 match USDA Dec 2025 report headlines 178.8 / 173.9 / 20.1 / 123.8 / 175.3). Converted from 1000 bags to million bags (/1000, 3 dp)."
world_exports_usda,World,2022/23,134.559,million 60kg bags,USDA FAS,"USDA FAS PSD Online coffee database (psd_coffee_csv.zip), world aggregate - Dec 2025 release vintage",https://github.com/andenick/Foodberg/blob/7b5333b1066caceaef075a4c66b480507235a571/Outputs/Data/WASDE_PSD/wasde_psd_coffee_green__world.csv,"""Coffee, Green"",World,2022,Exports,(1000 60 KG BAGS),134559.0,1,93,agg",medium,"Total exports, all forms (green + roast & ground + soluble, GBE). USDA PSD market year 2022 (= MY 2022/23; world total aggregates each country's local marketing year). Vintage: PSD bulk download of 2026-06-21 = Dec 2025 USDA release (latest official vintage for this year). World = sum of 93 reporting countries (aggregation by andenick/Foodberg from official psd_coffee_csv.zip; validated: MY2025/26 production 178.848 / consumption 173.852 / ending stocks 20.148 / bean exports 123.825 and MY2024/25 production 175.316 match USDA Dec 2025 report headlines 178.8 / 173.9 / 20.1 / 123.8 / 175.3). Converted from 1000 bags to million bags (/1000, 3 dp)."
world_exports_usda,World,2023/24,143.465,million 60kg bags,USDA FAS,"USDA FAS PSD Online coffee database (psd_coffee_csv.zip), world aggregate - Dec 2025 release vintage",https://github.com/andenick/Foodberg/blob/7b5333b1066caceaef075a4c66b480507235a571/Outputs/Data/WASDE_PSD/wasde_psd_coffee_green__world.csv,"""Coffee, Green"",World,2023,Exports,(1000 60 KG BAGS),143465.0,1,93,agg",medium,"Total exports, all forms (green + roast & ground + soluble, GBE). USDA PSD market year 2023 (= MY 2023/24; world total aggregates each country's local marketing year). Vintage: PSD bulk download of 2026-06-21 = Dec 2025 USDA release (latest official vintage for this year). World = sum of 93 reporting countries (aggregation by andenick/Foodberg from official psd_coffee_csv.zip; validated: MY2025/26 production 178.848 / consumption 173.852 / ending stocks 20.148 / bean exports 123.825 and MY2024/25 production 175.316 match USDA Dec 2025 report headlines 178.8 / 173.9 / 20.1 / 123.8 / 175.3). Converted from 1000 bags to million bags (/1000, 3 dp)."
world_exports_usda,World,2024/25,147.161,million 60kg bags,USDA FAS,"Coffee: World Markets and Trade, June 2025",https://www.comunicaffe.com/usda-biannual-report-cuts-estimate-of-world-production-for-2024-25-to-174-4-million/,"Exports are estimated at 147.161 million, up 2.6%.",medium,"Vintage Jun 2025. Appears to be total exports (all forms, GBE) given magnitude vs ~120m bean exports."
world_exports_usda,World,2024/25,147.373,million 60kg bags,USDA FAS,"USDA FAS PSD Online coffee database (psd_coffee_csv.zip), world aggregate - Dec 2025 release vintage",https://github.com/andenick/Foodberg/blob/7b5333b1066caceaef075a4c66b480507235a571/Outputs/Data/WASDE_PSD/wasde_psd_coffee_green__world.csv,"""Coffee, Green"",World,2024,Exports,(1000 60 KG BAGS),147373.0,1,93,agg",medium,"Total exports, all forms (green + roast & ground + soluble, GBE). USDA PSD market year 2024 (= MY 2024/25; world total aggregates each country's local marketing year). Vintage: PSD bulk download of 2026-06-21 = Dec 2025 USDA release (latest official vintage for this year before the Jul 2026 report). World = sum of 93 reporting countries (aggregation by andenick/Foodberg from official psd_coffee_csv.zip; validated: MY2025/26 production 178.848 / consumption 173.852 / ending stocks 20.148 / bean exports 123.825 and MY2024/25 production 175.316 match USDA Dec 2025 report headlines 178.8 / 173.9 / 20.1 / 123.8 / 175.3). Converted from 1000 bags to million bags (/1000, 3 dp)."
world_exports_usda,World,2025/26,150.095,million 60kg bags,USDA FAS,"USDA FAS PSD Online coffee database (psd_coffee_csv.zip), world aggregate - Dec 2025 release vintage",https://github.com/andenick/Foodberg/blob/7b5333b1066caceaef075a4c66b480507235a571/Outputs/Data/WASDE_PSD/wasde_psd_coffee_green__world.csv,"""Coffee, Green"",World,2025,Exports,(1000 60 KG BAGS),150095.0,1,93,agg",medium,"Total exports, all forms (green + roast & ground + soluble, GBE). USDA PSD market year 2025 (= MY 2025/26; world total aggregates each country's local marketing year). Vintage: PSD bulk download of 2026-06-21 = Dec 2025 USDA release (latest official vintage for this year before the Jul 2026 report). World = sum of 93 reporting countries (aggregation by andenick/Foodberg from official psd_coffee_csv.zip; validated: MY2025/26 production 178.848 / consumption 173.852 / ending stocks 20.148 / bean exports 123.825 and MY2024/25 production 175.316 match USDA Dec 2025 report headlines 178.8 / 173.9 / 20.1 / 123.8 / 175.3). Converted from 1000 bags to million bags (/1000, 3 dp)."
world_exports_usda,World,2026/27,158.874,million 60kg bags,USDA FAS,"Coffee: World Markets and Trade, July 2026",https://www.comunicaffe.com/usda-world-coffee-production-6-exports-9-and-global-consumption-3-6-set-to-reach-record-levels-in-2026-27,Global coffee exports in all forms will reach 158.874 million (+8.9%).,medium,"Vintage Jul 2026. Exports in ALL forms (green bean + roasted + soluble, GBE) - not comparable with 'bean exports' series. Forecast, record. Perfect Daily Grind: 158.9m."
world_imports_usda,World,2005/06,94.219,million 60kg bags,USDA FAS,"USDA FAS PSD Online coffee database (psd_coffee_csv.zip), world aggregate - Dec 2025 release vintage",https://github.com/andenick/Foodberg/blob/7b5333b1066caceaef075a4c66b480507235a571/Outputs/Data/WASDE_PSD/wasde_psd_coffee_green__world.csv,"""Coffee, Green"",World,2005,Imports,(1000 60 KG BAGS),94219.0,1,88,agg",medium,"Total imports, all forms (GBE). USDA PSD market year 2005 (= MY 2005/06; world total aggregates each country's local marketing year). Vintage: PSD bulk download of 2026-06-21 = Dec 2025 USDA release (latest official vintage for this year). World = sum of 88 reporting countries (aggregation by andenick/Foodberg from official psd_coffee_csv.zip; validated: MY2025/26 production 178.848 / consumption 173.852 / ending stocks 20.148 / bean exports 123.825 and MY2024/25 production 175.316 match USDA Dec 2025 report headlines 178.8 / 173.9 / 20.1 / 123.8 / 175.3). Converted from 1000 bags to million bags (/1000, 3 dp)."
world_imports_usda,World,2006/07,100.514,million 60kg bags,USDA FAS,"USDA FAS PSD Online coffee database (psd_coffee_csv.zip), world aggregate - Dec 2025 release vintage",https://github.com/andenick/Foodberg/blob/7b5333b1066caceaef075a4c66b480507235a571/Outputs/Data/WASDE_PSD/wasde_psd_coffee_green__world.csv,"""Coffee, Green"",World,2006,Imports,(1000 60 KG BAGS),100514.0,1,88,agg",medium,"Total imports, all forms (GBE). USDA PSD market year 2006 (= MY 2006/07; world total aggregates each country's local marketing year). Vintage: PSD bulk download of 2026-06-21 = Dec 2025 USDA release (latest official vintage for this year). World = sum of 88 reporting countries (aggregation by andenick/Foodberg from official psd_coffee_csv.zip; validated: MY2025/26 production 178.848 / consumption 173.852 / ending stocks 20.148 / bean exports 123.825 and MY2024/25 production 175.316 match USDA Dec 2025 report headlines 178.8 / 173.9 / 20.1 / 123.8 / 175.3). Converted from 1000 bags to million bags (/1000, 3 dp)."
world_imports_usda,World,2007/08,101.583,million 60kg bags,USDA FAS,"USDA FAS PSD Online coffee database (psd_coffee_csv.zip), world aggregate - Dec 2025 release vintage",https://github.com/andenick/Foodberg/blob/7b5333b1066caceaef075a4c66b480507235a571/Outputs/Data/WASDE_PSD/wasde_psd_coffee_green__world.csv,"""Coffee, Green"",World,2007,Imports,(1000 60 KG BAGS),101583.0,1,89,agg",medium,"Total imports, all forms (GBE). USDA PSD market year 2007 (= MY 2007/08; world total aggregates each country's local marketing year). Vintage: PSD bulk download of 2026-06-21 = Dec 2025 USDA release (latest official vintage for this year). World = sum of 89 reporting countries (aggregation by andenick/Foodberg from official psd_coffee_csv.zip; validated: MY2025/26 production 178.848 / consumption 173.852 / ending stocks 20.148 / bean exports 123.825 and MY2024/25 production 175.316 match USDA Dec 2025 report headlines 178.8 / 173.9 / 20.1 / 123.8 / 175.3). Converted from 1000 bags to million bags (/1000, 3 dp)."
world_imports_usda,World,2008/09,101.735,million 60kg bags,USDA FAS,"USDA FAS PSD Online coffee database (psd_coffee_csv.zip), world aggregate - Dec 2025 release vintage",https://github.com/andenick/Foodberg/blob/7b5333b1066caceaef075a4c66b480507235a571/Outputs/Data/WASDE_PSD/wasde_psd_coffee_green__world.csv,"""Coffee, Green"",World,2008,Imports,(1000 60 KG BAGS),101735.0,1,89,agg",medium,"Total imports, all forms (GBE). USDA PSD market year 2008 (= MY 2008/09; world total aggregates each country's local marketing year). Vintage: PSD bulk download of 2026-06-21 = Dec 2025 USDA release (latest official vintage for this year). World = sum of 89 reporting countries (aggregation by andenick/Foodberg from official psd_coffee_csv.zip; validated: MY2025/26 production 178.848 / consumption 173.852 / ending stocks 20.148 / bean exports 123.825 and MY2024/25 production 175.316 match USDA Dec 2025 report headlines 178.8 / 173.9 / 20.1 / 123.8 / 175.3). Converted from 1000 bags to million bags (/1000, 3 dp)."
world_imports_usda,World,2009/10,105.458,million 60kg bags,USDA FAS,"USDA FAS PSD Online coffee database (psd_coffee_csv.zip), world aggregate - Dec 2025 release vintage",https://github.com/andenick/Foodberg/blob/7b5333b1066caceaef075a4c66b480507235a571/Outputs/Data/WASDE_PSD/wasde_psd_coffee_green__world.csv,"""Coffee, Green"",World,2009,Imports,(1000 60 KG BAGS),105458.0,1,89,agg",medium,"Total imports, all forms (GBE). USDA PSD market year 2009 (= MY 2009/10; world total aggregates each country's local marketing year). Vintage: PSD bulk download of 2026-06-21 = Dec 2025 USDA release (latest official vintage for this year). World = sum of 89 reporting countries (aggregation by andenick/Foodberg from official psd_coffee_csv.zip; validated: MY2025/26 production 178.848 / consumption 173.852 / ending stocks 20.148 / bean exports 123.825 and MY2024/25 production 175.316 match USDA Dec 2025 report headlines 178.8 / 173.9 / 20.1 / 123.8 / 175.3). Converted from 1000 bags to million bags (/1000, 3 dp)."
world_imports_usda,World,2010/11,110.866,million 60kg bags,USDA FAS,"USDA FAS PSD Online coffee database (psd_coffee_csv.zip), world aggregate - Dec 2025 release vintage",https://github.com/andenick/Foodberg/blob/7b5333b1066caceaef075a4c66b480507235a571/Outputs/Data/WASDE_PSD/wasde_psd_coffee_green__world.csv,"""Coffee, Green"",World,2010,Imports,(1000 60 KG BAGS),110866.0,1,91,agg",medium,"Total imports, all forms (GBE). USDA PSD market year 2010 (= MY 2010/11; world total aggregates each country's local marketing year). Vintage: PSD bulk download of 2026-06-21 = Dec 2025 USDA release (latest official vintage for this year). World = sum of 91 reporting countries (aggregation by andenick/Foodberg from official psd_coffee_csv.zip; validated: MY2025/26 production 178.848 / consumption 173.852 / ending stocks 20.148 / bean exports 123.825 and MY2024/25 production 175.316 match USDA Dec 2025 report headlines 178.8 / 173.9 / 20.1 / 123.8 / 175.3). Converted from 1000 bags to million bags (/1000, 3 dp)."
world_imports_usda,World,2011/12,113.133,million 60kg bags,USDA FAS,"USDA FAS PSD Online coffee database (psd_coffee_csv.zip), world aggregate - Dec 2025 release vintage",https://github.com/andenick/Foodberg/blob/7b5333b1066caceaef075a4c66b480507235a571/Outputs/Data/WASDE_PSD/wasde_psd_coffee_green__world.csv,"""Coffee, Green"",World,2011,Imports,(1000 60 KG BAGS),113133.0,1,91,agg",medium,"Total imports, all forms (GBE). USDA PSD market year 2011 (= MY 2011/12; world total aggregates each country's local marketing year). Vintage: PSD bulk download of 2026-06-21 = Dec 2025 USDA release (latest official vintage for this year). World = sum of 91 reporting countries (aggregation by andenick/Foodberg from official psd_coffee_csv.zip; validated: MY2025/26 production 178.848 / consumption 173.852 / ending stocks 20.148 / bean exports 123.825 and MY2024/25 production 175.316 match USDA Dec 2025 report headlines 178.8 / 173.9 / 20.1 / 123.8 / 175.3). Converted from 1000 bags to million bags (/1000, 3 dp)."
world_imports_usda,World,2012/13,118.238,million 60kg bags,USDA FAS,"USDA FAS PSD Online coffee database (psd_coffee_csv.zip), world aggregate - Dec 2025 release vintage",https://github.com/andenick/Foodberg/blob/7b5333b1066caceaef075a4c66b480507235a571/Outputs/Data/WASDE_PSD/wasde_psd_coffee_green__world.csv,"""Coffee, Green"",World,2012,Imports,(1000 60 KG BAGS),118238.0,1,91,agg",medium,"Total imports, all forms (GBE). USDA PSD market year 2012 (= MY 2012/13; world total aggregates each country's local marketing year). Vintage: PSD bulk download of 2026-06-21 = Dec 2025 USDA release (latest official vintage for this year). World = sum of 91 reporting countries (aggregation by andenick/Foodberg from official psd_coffee_csv.zip; validated: MY2025/26 production 178.848 / consumption 173.852 / ending stocks 20.148 / bean exports 123.825 and MY2024/25 production 175.316 match USDA Dec 2025 report headlines 178.8 / 173.9 / 20.1 / 123.8 / 175.3). Converted from 1000 bags to million bags (/1000, 3 dp)."
world_imports_usda,World,2013/14,118.902,million 60kg bags,USDA FAS,"USDA FAS PSD Online coffee database (psd_coffee_csv.zip), world aggregate - Dec 2025 release vintage",https://github.com/andenick/Foodberg/blob/7b5333b1066caceaef075a4c66b480507235a571/Outputs/Data/WASDE_PSD/wasde_psd_coffee_green__world.csv,"""Coffee, Green"",World,2013,Imports,(1000 60 KG BAGS),118902.0,1,91,agg",medium,"Total imports, all forms (GBE). USDA PSD market year 2013 (= MY 2013/14; world total aggregates each country's local marketing year). Vintage: PSD bulk download of 2026-06-21 = Dec 2025 USDA release (latest official vintage for this year). World = sum of 91 reporting countries (aggregation by andenick/Foodberg from official psd_coffee_csv.zip; validated: MY2025/26 production 178.848 / consumption 173.852 / ending stocks 20.148 / bean exports 123.825 and MY2024/25 production 175.316 match USDA Dec 2025 report headlines 178.8 / 173.9 / 20.1 / 123.8 / 175.3). Converted from 1000 bags to million bags (/1000, 3 dp)."
world_imports_usda,World,2014/15,119.342,million 60kg bags,USDA FAS,"USDA FAS PSD Online coffee database (psd_coffee_csv.zip), world aggregate - Dec 2025 release vintage",https://github.com/andenick/Foodberg/blob/7b5333b1066caceaef075a4c66b480507235a571/Outputs/Data/WASDE_PSD/wasde_psd_coffee_green__world.csv,"""Coffee, Green"",World,2014,Imports,(1000 60 KG BAGS),119342.0,1,92,agg",medium,"Total imports, all forms (GBE). USDA PSD market year 2014 (= MY 2014/15; world total aggregates each country's local marketing year). Vintage: PSD bulk download of 2026-06-21 = Dec 2025 USDA release (latest official vintage for this year). World = sum of 92 reporting countries (aggregation by andenick/Foodberg from official psd_coffee_csv.zip; validated: MY2025/26 production 178.848 / consumption 173.852 / ending stocks 20.148 / bean exports 123.825 and MY2024/25 production 175.316 match USDA Dec 2025 report headlines 178.8 / 173.9 / 20.1 / 123.8 / 175.3). Converted from 1000 bags to million bags (/1000, 3 dp)."
world_imports_usda,World,2015/16,126.421,million 60kg bags,USDA FAS,"USDA FAS PSD Online coffee database (psd_coffee_csv.zip), world aggregate - Dec 2025 release vintage",https://github.com/andenick/Foodberg/blob/7b5333b1066caceaef075a4c66b480507235a571/Outputs/Data/WASDE_PSD/wasde_psd_coffee_green__world.csv,"""Coffee, Green"",World,2015,Imports,(1000 60 KG BAGS),126421.0,1,92,agg",medium,"Total imports, all forms (GBE). USDA PSD market year 2015 (= MY 2015/16; world total aggregates each country's local marketing year). Vintage: PSD bulk download of 2026-06-21 = Dec 2025 USDA release (latest official vintage for this year). World = sum of 92 reporting countries (aggregation by andenick/Foodberg from official psd_coffee_csv.zip; validated: MY2025/26 production 178.848 / consumption 173.852 / ending stocks 20.148 / bean exports 123.825 and MY2024/25 production 175.316 match USDA Dec 2025 report headlines 178.8 / 173.9 / 20.1 / 123.8 / 175.3). Converted from 1000 bags to million bags (/1000, 3 dp)."
world_imports_usda,World,2016/17,129.133,million 60kg bags,USDA FAS,"USDA FAS PSD Online coffee database (psd_coffee_csv.zip), world aggregate - Dec 2025 release vintage",https://github.com/andenick/Foodberg/blob/7b5333b1066caceaef075a4c66b480507235a571/Outputs/Data/WASDE_PSD/wasde_psd_coffee_green__world.csv,"""Coffee, Green"",World,2016,Imports,(1000 60 KG BAGS),129133.0,1,93,agg",medium,"Total imports, all forms (GBE). USDA PSD market year 2016 (= MY 2016/17; world total aggregates each country's local marketing year). Vintage: PSD bulk download of 2026-06-21 = Dec 2025 USDA release (latest official vintage for this year). World = sum of 93 reporting countries (aggregation by andenick/Foodberg from official psd_coffee_csv.zip; validated: MY2025/26 production 178.848 / consumption 173.852 / ending stocks 20.148 / bean exports 123.825 and MY2024/25 production 175.316 match USDA Dec 2025 report headlines 178.8 / 173.9 / 20.1 / 123.8 / 175.3). Converted from 1000 bags to million bags (/1000, 3 dp)."
world_imports_usda,World,2017/18,130.485,million 60kg bags,USDA FAS,"USDA FAS PSD Online coffee database (psd_coffee_csv.zip), world aggregate - Dec 2025 release vintage",https://github.com/andenick/Foodberg/blob/7b5333b1066caceaef075a4c66b480507235a571/Outputs/Data/WASDE_PSD/wasde_psd_coffee_green__world.csv,"""Coffee, Green"",World,2017,Imports,(1000 60 KG BAGS),130485.0,1,93,agg",medium,"Total imports, all forms (GBE). USDA PSD market year 2017 (= MY 2017/18; world total aggregates each country's local marketing year). Vintage: PSD bulk download of 2026-06-21 = Dec 2025 USDA release (latest official vintage for this year). World = sum of 93 reporting countries (aggregation by andenick/Foodberg from official psd_coffee_csv.zip; validated: MY2025/26 production 178.848 / consumption 173.852 / ending stocks 20.148 / bean exports 123.825 and MY2024/25 production 175.316 match USDA Dec 2025 report headlines 178.8 / 173.9 / 20.1 / 123.8 / 175.3). Converted from 1000 bags to million bags (/1000, 3 dp)."
world_imports_usda,World,2018/19,138.506,million 60kg bags,USDA FAS,"USDA FAS PSD Online coffee database (psd_coffee_csv.zip), world aggregate - Dec 2025 release vintage",https://github.com/andenick/Foodberg/blob/7b5333b1066caceaef075a4c66b480507235a571/Outputs/Data/WASDE_PSD/wasde_psd_coffee_green__world.csv,"""Coffee, Green"",World,2018,Imports,(1000 60 KG BAGS),138506.0,1,93,agg",medium,"Total imports, all forms (GBE). USDA PSD market year 2018 (= MY 2018/19; world total aggregates each country's local marketing year). Vintage: PSD bulk download of 2026-06-21 = Dec 2025 USDA release (latest official vintage for this year). World = sum of 93 reporting countries (aggregation by andenick/Foodberg from official psd_coffee_csv.zip; validated: MY2025/26 production 178.848 / consumption 173.852 / ending stocks 20.148 / bean exports 123.825 and MY2024/25 production 175.316 match USDA Dec 2025 report headlines 178.8 / 173.9 / 20.1 / 123.8 / 175.3). Converted from 1000 bags to million bags (/1000, 3 dp)."
world_imports_usda,World,2019/20,131.188,million 60kg bags,USDA FAS,"USDA FAS PSD Online coffee database (psd_coffee_csv.zip), world aggregate - Dec 2025 release vintage",https://github.com/andenick/Foodberg/blob/7b5333b1066caceaef075a4c66b480507235a571/Outputs/Data/WASDE_PSD/wasde_psd_coffee_green__world.csv,"""Coffee, Green"",World,2019,Imports,(1000 60 KG BAGS),131188.0,1,93,agg",medium,"Total imports, all forms (GBE). USDA PSD market year 2019 (= MY 2019/20; world total aggregates each country's local marketing year). Vintage: PSD bulk download of 2026-06-21 = Dec 2025 USDA release (latest official vintage for this year). World = sum of 93 reporting countries (aggregation by andenick/Foodberg from official psd_coffee_csv.zip; validated: MY2025/26 production 178.848 / consumption 173.852 / ending stocks 20.148 / bean exports 123.825 and MY2024/25 production 175.316 match USDA Dec 2025 report headlines 178.8 / 173.9 / 20.1 / 123.8 / 175.3). Converted from 1000 bags to million bags (/1000, 3 dp)."
world_imports_usda,World,2020/21,132.126,million 60kg bags,USDA FAS,"USDA FAS PSD Online coffee database (psd_coffee_csv.zip), world aggregate - Dec 2025 release vintage",https://github.com/andenick/Foodberg/blob/7b5333b1066caceaef075a4c66b480507235a571/Outputs/Data/WASDE_PSD/wasde_psd_coffee_green__world.csv,"""Coffee, Green"",World,2020,Imports,(1000 60 KG BAGS),132126.0,1,93,agg",medium,"Total imports, all forms (GBE). USDA PSD market year 2020 (= MY 2020/21; world total aggregates each country's local marketing year). Vintage: PSD bulk download of 2026-06-21 = Dec 2025 USDA release (latest official vintage for this year). World = sum of 93 reporting countries (aggregation by andenick/Foodberg from official psd_coffee_csv.zip; validated: MY2025/26 production 178.848 / consumption 173.852 / ending stocks 20.148 / bean exports 123.825 and MY2024/25 production 175.316 match USDA Dec 2025 report headlines 178.8 / 173.9 / 20.1 / 123.8 / 175.3). Converted from 1000 bags to million bags (/1000, 3 dp)."
world_imports_usda,World,2021/22,140.861,million 60kg bags,USDA FAS,"USDA FAS PSD Online coffee database (psd_coffee_csv.zip), world aggregate - Dec 2025 release vintage",https://github.com/andenick/Foodberg/blob/7b5333b1066caceaef075a4c66b480507235a571/Outputs/Data/WASDE_PSD/wasde_psd_coffee_green__world.csv,"""Coffee, Green"",World,2021,Imports,(1000 60 KG BAGS),140861.0,1,93,agg",medium,"Total imports, all forms (GBE). USDA PSD market year 2021 (= MY 2021/22; world total aggregates each country's local marketing year). Vintage: PSD bulk download of 2026-06-21 = Dec 2025 USDA release (latest official vintage for this year). World = sum of 93 reporting countries (aggregation by andenick/Foodberg from official psd_coffee_csv.zip; validated: MY2025/26 production 178.848 / consumption 173.852 / ending stocks 20.148 / bean exports 123.825 and MY2024/25 production 175.316 match USDA Dec 2025 report headlines 178.8 / 173.9 / 20.1 / 123.8 / 175.3). Converted from 1000 bags to million bags (/1000, 3 dp)."
world_imports_usda,World,2022/23,133.918,million 60kg bags,USDA FAS,"USDA FAS PSD Online coffee database (psd_coffee_csv.zip), world aggregate - Dec 2025 release vintage",https://github.com/andenick/Foodberg/blob/7b5333b1066caceaef075a4c66b480507235a571/Outputs/Data/WASDE_PSD/wasde_psd_coffee_green__world.csv,"""Coffee, Green"",World,2022,Imports,(1000 60 KG BAGS),133918.0,1,93,agg",medium,"Total imports, all forms (GBE). USDA PSD market year 2022 (= MY 2022/23; world total aggregates each country's local marketing year). Vintage: PSD bulk download of 2026-06-21 = Dec 2025 USDA release (latest official vintage for this year). World = sum of 93 reporting countries (aggregation by andenick/Foodberg from official psd_coffee_csv.zip; validated: MY2025/26 production 178.848 / consumption 173.852 / ending stocks 20.148 / bean exports 123.825 and MY2024/25 production 175.316 match USDA Dec 2025 report headlines 178.8 / 173.9 / 20.1 / 123.8 / 175.3). Converted from 1000 bags to million bags (/1000, 3 dp)."
world_imports_usda,World,2023/24,134.275,million 60kg bags,USDA FAS,"USDA FAS PSD Online coffee database (psd_coffee_csv.zip), world aggregate - Dec 2025 release vintage",https://github.com/andenick/Foodberg/blob/7b5333b1066caceaef075a4c66b480507235a571/Outputs/Data/WASDE_PSD/wasde_psd_coffee_green__world.csv,"""Coffee, Green"",World,2023,Imports,(1000 60 KG BAGS),134275.0,1,93,agg",medium,"Total imports, all forms (GBE). USDA PSD market year 2023 (= MY 2023/24; world total aggregates each country's local marketing year). Vintage: PSD bulk download of 2026-06-21 = Dec 2025 USDA release (latest official vintage for this year). World = sum of 93 reporting countries (aggregation by andenick/Foodberg from official psd_coffee_csv.zip; validated: MY2025/26 production 178.848 / consumption 173.852 / ending stocks 20.148 / bean exports 123.825 and MY2024/25 production 175.316 match USDA Dec 2025 report headlines 178.8 / 173.9 / 20.1 / 123.8 / 175.3). Converted from 1000 bags to million bags (/1000, 3 dp)."
world_imports_usda,World,2024/25,141.799,million 60kg bags,USDA FAS,"USDA FAS PSD Online coffee database (psd_coffee_csv.zip), world aggregate - Dec 2025 release vintage",https://github.com/andenick/Foodberg/blob/7b5333b1066caceaef075a4c66b480507235a571/Outputs/Data/WASDE_PSD/wasde_psd_coffee_green__world.csv,"""Coffee, Green"",World,2024,Imports,(1000 60 KG BAGS),141799.0,1,93,agg",medium,"Total imports, all forms (GBE). USDA PSD market year 2024 (= MY 2024/25; world total aggregates each country's local marketing year). Vintage: PSD bulk download of 2026-06-21 = Dec 2025 USDA release (latest official vintage for this year before the Jul 2026 report). World = sum of 93 reporting countries (aggregation by andenick/Foodberg from official psd_coffee_csv.zip; validated: MY2025/26 production 178.848 / consumption 173.852 / ending stocks 20.148 / bean exports 123.825 and MY2024/25 production 175.316 match USDA Dec 2025 report headlines 178.8 / 173.9 / 20.1 / 123.8 / 175.3). Converted from 1000 bags to million bags (/1000, 3 dp)."
world_imports_usda,World,2025/26,143.940,million 60kg bags,USDA FAS,"USDA FAS PSD Online coffee database (psd_coffee_csv.zip), world aggregate - Dec 2025 release vintage",https://github.com/andenick/Foodberg/blob/7b5333b1066caceaef075a4c66b480507235a571/Outputs/Data/WASDE_PSD/wasde_psd_coffee_green__world.csv,"""Coffee, Green"",World,2025,Imports,(1000 60 KG BAGS),143940.0,1,93,agg",medium,"Total imports, all forms (GBE). USDA PSD market year 2025 (= MY 2025/26; world total aggregates each country's local marketing year). Vintage: PSD bulk download of 2026-06-21 = Dec 2025 USDA release (latest official vintage for this year before the Jul 2026 report). World = sum of 93 reporting countries (aggregation by andenick/Foodberg from official psd_coffee_csv.zip; validated: MY2025/26 production 178.848 / consumption 173.852 / ending stocks 20.148 / bean exports 123.825 and MY2024/25 production 175.316 match USDA Dec 2025 report headlines 178.8 / 173.9 / 20.1 / 123.8 / 175.3). Converted from 1000 bags to million bags (/1000, 3 dp)."
world_production_arabica_ico,World,CY2020/21,101.3,million 60kg bags,ICO,ICO Coffee Market Report - August 2026 (published 10 Sep 2026),https://www.ico.org/documents/cy2025-26/cmr-0826-e.pdf,Table 3 (million 60-kg bags): Arabica Production 101.3 94.6 96.1 101.1 101.6 104.4,high,"Coffee-year basis (Oct-Sep). Vintage: ICO supply & demand statistics update of 10 Sep 2026 (latest). 2025/26 = estimate. Consumption defined as apparent consumption (production + net trade +/- stock changes; footnote 5). Read from a copy of the ICO PDF/text mirrored in public repo github.com/BMR-Com/coffee-analytics (pipeline downloads the CMR from ico.org; pdfs/2026-08.pdf, data/report-text/2026-08.txt @ b7111c9)."
world_production_arabica_ico,World,CY2021/22,91.737,million 60kg bags,ICO,"Table 3: World Supply/Demand Balance, ICO Coffee Market Report - February 2026 (PDF dated 12 Mar 2026)",https://www.ico.org/documents/cy2025-26/cmr-0226-e.pdf,"Table 3 (thousand 60-kg bags), coffee year commencing 2021 2022 2023 2024: Arabica 91,737 93,876 97,674 102,065",high,"Coffee-year basis (""Coffee year commencing"" 2021..2024 = CY2021/22..CY2024/25). Vintage: ICO Table 3 as published in Feb 2026 CMR (identical in Mar 2026 CMR, cmr-0326-e.pdf). SUPERSEDED by the 10 Sep 2026 update (Aug 2026 CMR). Source table in thousand 60-kg bags; converted to million (/1000, 3 dp). Read from a copy of the ICO PDF/text mirrored in public repo github.com/BMR-Com/coffee-analytics (pipeline downloads the CMR from ico.org; pdfs/2026-02.pdf, data/report-text/2026-02.txt @ b7111c9)."
world_production_arabica_ico,World,CY2021/22,94.6,million 60kg bags,ICO,ICO Coffee Market Report - August 2026 (published 10 Sep 2026),https://www.ico.org/documents/cy2025-26/cmr-0826-e.pdf,Table 3 (million 60-kg bags): Arabica Production 101.3 94.6 96.1 101.1 101.6 104.4,high,"Coffee-year basis (Oct-Sep). Vintage: ICO supply & demand statistics update of 10 Sep 2026 (latest). 2025/26 = estimate. Consumption defined as apparent consumption (production + net trade +/- stock changes; footnote 5). Read from a copy of the ICO PDF/text mirrored in public repo github.com/BMR-Com/coffee-analytics (pipeline downloads the CMR from ico.org; pdfs/2026-08.pdf, data/report-text/2026-08.txt @ b7111c9)."
world_production_arabica_ico,World,CY2022/23,93.876,million 60kg bags,ICO,"Table 3: World Supply/Demand Balance, ICO Coffee Market Report - February 2026 (PDF dated 12 Mar 2026)",https://www.ico.org/documents/cy2025-26/cmr-0226-e.pdf,"Table 3 (thousand 60-kg bags), coffee year commencing 2021 2022 2023 2024: Arabica 91,737 93,876 97,674 102,065",high,"Coffee-year basis (""Coffee year commencing"" 2021..2024 = CY2021/22..CY2024/25). Vintage: ICO Table 3 as published in Feb 2026 CMR (identical in Mar 2026 CMR, cmr-0326-e.pdf). SUPERSEDED by the 10 Sep 2026 update (Aug 2026 CMR). Source table in thousand 60-kg bags; converted to million (/1000, 3 dp). Read from a copy of the ICO PDF/text mirrored in public repo github.com/BMR-Com/coffee-analytics (pipeline downloads the CMR from ico.org; pdfs/2026-02.pdf, data/report-text/2026-02.txt @ b7111c9)."
world_production_arabica_ico,World,CY2022/23,96.1,million 60kg bags,ICO,ICO Coffee Market Report - August 2026 (published 10 Sep 2026),https://www.ico.org/documents/cy2025-26/cmr-0826-e.pdf,Table 3 (million 60-kg bags): Arabica Production 101.3 94.6 96.1 101.1 101.6 104.4,high,"Coffee-year basis (Oct-Sep). Vintage: ICO supply & demand statistics update of 10 Sep 2026 (latest). 2025/26 = estimate. Consumption defined as apparent consumption (production + net trade +/- stock changes; footnote 5). Read from a copy of the ICO PDF/text mirrored in public repo github.com/BMR-Com/coffee-analytics (pipeline downloads the CMR from ico.org; pdfs/2026-08.pdf, data/report-text/2026-08.txt @ b7111c9)."
world_production_arabica_ico,World,CY2023/24,97.674,million 60kg bags,ICO,"Table 3: World Supply/Demand Balance, ICO Coffee Market Report - February 2026 (PDF dated 12 Mar 2026)",https://www.ico.org/documents/cy2025-26/cmr-0226-e.pdf,"Table 3 (thousand 60-kg bags), coffee year commencing 2021 2022 2023 2024: Arabica 91,737 93,876 97,674 102,065",high,"Coffee-year basis (""Coffee year commencing"" 2021..2024 = CY2021/22..CY2024/25). Vintage: ICO Table 3 as published in Feb 2026 CMR (identical in Mar 2026 CMR, cmr-0326-e.pdf). SUPERSEDED by the 10 Sep 2026 update (Aug 2026 CMR). Source table in thousand 60-kg bags; converted to million (/1000, 3 dp). Read from a copy of the ICO PDF/text mirrored in public repo github.com/BMR-Com/coffee-analytics (pipeline downloads the CMR from ico.org; pdfs/2026-02.pdf, data/report-text/2026-02.txt @ b7111c9)."
world_production_arabica_ico,World,CY2023/24,101.1,million 60kg bags,ICO,ICO Coffee Market Report - August 2026 (published 10 Sep 2026),https://www.ico.org/documents/cy2025-26/cmr-0826-e.pdf,Table 3 (million 60-kg bags): Arabica Production 101.3 94.6 96.1 101.1 101.6 104.4,high,"Coffee-year basis (Oct-Sep). Vintage: ICO supply & demand statistics update of 10 Sep 2026 (latest). 2025/26 = estimate. Consumption defined as apparent consumption (production + net trade +/- stock changes; footnote 5). Read from a copy of the ICO PDF/text mirrored in public repo github.com/BMR-Com/coffee-analytics (pipeline downloads the CMR from ico.org; pdfs/2026-08.pdf, data/report-text/2026-08.txt @ b7111c9)."
world_production_arabica_ico,World,CY2024/25,102.065,million 60kg bags,ICO,"Table 3: World Supply/Demand Balance, ICO Coffee Market Report - February 2026 (PDF dated 12 Mar 2026)",https://www.ico.org/documents/cy2025-26/cmr-0226-e.pdf,"Table 3 (thousand 60-kg bags), coffee year commencing 2021 2022 2023 2024: Arabica 91,737 93,876 97,674 102,065",high,"Coffee-year basis (""Coffee year commencing"" 2021..2024 = CY2021/22..CY2024/25). Vintage: ICO Table 3 as published in Feb 2026 CMR (identical in Mar 2026 CMR, cmr-0326-e.pdf). SUPERSEDED by the 10 Sep 2026 update (Aug 2026 CMR). Source table in thousand 60-kg bags; converted to million (/1000, 3 dp). Read from a copy of the ICO PDF/text mirrored in public repo github.com/BMR-Com/coffee-analytics (pipeline downloads the CMR from ico.org; pdfs/2026-02.pdf, data/report-text/2026-02.txt @ b7111c9)."
world_production_arabica_ico,World,CY2024/25,101.6,million 60kg bags,ICO,ICO Coffee Market Report - August 2026 (published 10 Sep 2026),https://www.ico.org/documents/cy2025-26/cmr-0826-e.pdf,Table 3 (million 60-kg bags): Arabica Production 101.3 94.6 96.1 101.1 101.6 104.4,high,"Coffee-year basis (Oct-Sep). Vintage: ICO supply & demand statistics update of 10 Sep 2026 (latest). 2025/26 = estimate. Consumption defined as apparent consumption (production + net trade +/- stock changes; footnote 5). Read from a copy of the ICO PDF/text mirrored in public repo github.com/BMR-Com/coffee-analytics (pipeline downloads the CMR from ico.org; pdfs/2026-08.pdf, data/report-text/2026-08.txt @ b7111c9)."
world_production_arabica_ico,World,CY2025/26,104.4,million 60kg bags,ICO,ICO Coffee Market Report - August 2026 (published 10 Sep 2026),https://www.ico.org/documents/cy2025-26/cmr-0826-e.pdf,"the Arabicas, which is projected to increase by 2.8% to 104.4 million bags in coffee year 2025/26",high,"Coffee-year basis (Oct-Sep). Vintage: ICO supply & demand statistics update of 10 Sep 2026 (latest). 2025/26 = estimate. Consumption defined as apparent consumption (production + net trade +/- stock changes; footnote 5). Read from a copy of the ICO PDF/text mirrored in public repo github.com/BMR-Com/coffee-analytics (pipeline downloads the CMR from ico.org; pdfs/2026-08.pdf, data/report-text/2026-08.txt @ b7111c9)."
world_production_arabica_usda,World,2005/06,70.849,million 60kg bags,USDA FAS,"USDA FAS PSD Online coffee database (psd_coffee_csv.zip), world aggregate - Dec 2025 release vintage",https://github.com/andenick/Foodberg/blob/7b5333b1066caceaef075a4c66b480507235a571/Outputs/Data/WASDE_PSD/wasde_psd_coffee_green__world.csv,"""Coffee, Green"",World,2005,Arabica Production,(1000 60 KG BAGS),70849.0,1,88,agg",medium,"Arabica production. USDA PSD market year 2005 (= MY 2005/06; world total aggregates each country's local marketing year). Vintage: PSD bulk download of 2026-06-21 = Dec 2025 USDA release (latest official vintage for this year). World = sum of 88 reporting countries (aggregation by andenick/Foodberg from official psd_coffee_csv.zip; validated: MY2025/26 production 178.848 / consumption 173.852 / ending stocks 20.148 / bean exports 123.825 and MY2024/25 production 175.316 match USDA Dec 2025 report headlines 178.8 / 173.9 / 20.1 / 123.8 / 175.3). Converted from 1000 bags to million bags (/1000, 3 dp)."
world_production_arabica_usda,World,2006/07,84.122,million 60kg bags,USDA FAS,"USDA FAS PSD Online coffee database (psd_coffee_csv.zip), world aggregate - Dec 2025 release vintage",https://github.com/andenick/Foodberg/blob/7b5333b1066caceaef075a4c66b480507235a571/Outputs/Data/WASDE_PSD/wasde_psd_coffee_green__world.csv,"""Coffee, Green"",World,2006,Arabica Production,(1000 60 KG BAGS),84122.0,1,88,agg",medium,"Arabica production. USDA PSD market year 2006 (= MY 2006/07; world total aggregates each country's local marketing year). Vintage: PSD bulk download of 2026-06-21 = Dec 2025 USDA release (latest official vintage for this year). World = sum of 88 reporting countries (aggregation by andenick/Foodberg from official psd_coffee_csv.zip; validated: MY2025/26 production 178.848 / consumption 173.852 / ending stocks 20.148 / bean exports 123.825 and MY2024/25 production 175.316 match USDA Dec 2025 report headlines 178.8 / 173.9 / 20.1 / 123.8 / 175.3). Converted from 1000 bags to million bags (/1000, 3 dp)."
world_production_arabica_usda,World,2007/08,74.808,million 60kg bags,USDA FAS,"USDA FAS PSD Online coffee database (psd_coffee_csv.zip), world aggregate - Dec 2025 release vintage",https://github.com/andenick/Foodberg/blob/7b5333b1066caceaef075a4c66b480507235a571/Outputs/Data/WASDE_PSD/wasde_psd_coffee_green__world.csv,"""Coffee, Green"",World,2007,Arabica Production,(1000 60 KG BAGS),74808.0,1,89,agg",medium,"Arabica production. USDA PSD market year 2007 (= MY 2007/08; world total aggregates each country's local marketing year). Vintage: PSD bulk download of 2026-06-21 = Dec 2025 USDA release (latest official vintage for this year). World = sum of 89 reporting countries (aggregation by andenick/Foodberg from official psd_coffee_csv.zip; validated: MY2025/26 production 178.848 / consumption 173.852 / ending stocks 20.148 / bean exports 123.825 and MY2024/25 production 175.316 match USDA Dec 2025 report headlines 178.8 / 173.9 / 20.1 / 123.8 / 175.3). Converted from 1000 bags to million bags (/1000, 3 dp)."
world_production_arabica_usda,World,2008/09,85.664,million 60kg bags,USDA FAS,"USDA FAS PSD Online coffee database (psd_coffee_csv.zip), world aggregate - Dec 2025 release vintage",https://github.com/andenick/Foodberg/blob/7b5333b1066caceaef075a4c66b480507235a571/Outputs/Data/WASDE_PSD/wasde_psd_coffee_green__world.csv,"""Coffee, Green"",World,2008,Arabica Production,(1000 60 KG BAGS),85664.0,1,89,agg",medium,"Arabica production. USDA PSD market year 2008 (= MY 2008/09; world total aggregates each country's local marketing year). Vintage: PSD bulk download of 2026-06-21 = Dec 2025 USDA release (latest official vintage for this year). World = sum of 89 reporting countries (aggregation by andenick/Foodberg from official psd_coffee_csv.zip; validated: MY2025/26 production 178.848 / consumption 173.852 / ending stocks 20.148 / bean exports 123.825 and MY2024/25 production 175.316 match USDA Dec 2025 report headlines 178.8 / 173.9 / 20.1 / 123.8 / 175.3). Converted from 1000 bags to million bags (/1000, 3 dp)."
world_production_arabica_usda,World,2009/10,77.784,million 60kg bags,USDA FAS,"USDA FAS PSD Online coffee database (psd_coffee_csv.zip), world aggregate - Dec 2025 release vintage",https://github.com/andenick/Foodberg/blob/7b5333b1066caceaef075a4c66b480507235a571/Outputs/Data/WASDE_PSD/wasde_psd_coffee_green__world.csv,"""Coffee, Green"",World,2009,Arabica Production,(1000 60 KG BAGS),77784.0,1,89,agg",medium,"Arabica production. USDA PSD market year 2009 (= MY 2009/10; world total aggregates each country's local marketing year). Vintage: PSD bulk download of 2026-06-21 = Dec 2025 USDA release (latest official vintage for this year). World = sum of 89 reporting countries (aggregation by andenick/Foodberg from official psd_coffee_csv.zip; validated: MY2025/26 production 178.848 / consumption 173.852 / ending stocks 20.148 / bean exports 123.825 and MY2024/25 production 175.316 match USDA Dec 2025 report headlines 178.8 / 173.9 / 20.1 / 123.8 / 175.3). Converted from 1000 bags to million bags (/1000, 3 dp)."
world_production_arabica_usda,World,2010/11,87.943,million 60kg bags,USDA FAS,"USDA FAS PSD Online coffee database (psd_coffee_csv.zip), world aggregate - Dec 2025 release vintage",https://github.com/andenick/Foodberg/blob/7b5333b1066caceaef075a4c66b480507235a571/Outputs/Data/WASDE_PSD/wasde_psd_coffee_green__world.csv,"""Coffee, Green"",World,2010,Arabica Production,(1000 60 KG BAGS),87943.0,1,91,agg",medium,"Arabica production. USDA PSD market year 2010 (= MY 2010/11; world total aggregates each country's local marketing year). Vintage: PSD bulk download of 2026-06-21 = Dec 2025 USDA release (latest official vintage for this year). World = sum of 91 reporting countries (aggregation by andenick/Foodberg from official psd_coffee_csv.zip; validated: MY2025/26 production 178.848 / consumption 173.852 / ending stocks 20.148 / bean exports 123.825 and MY2024/25 production 175.316 match USDA Dec 2025 report headlines 178.8 / 173.9 / 20.1 / 123.8 / 175.3). Converted from 1000 bags to million bags (/1000, 3 dp)."
world_production_arabica_usda,World,2011/12,84.542,million 60kg bags,USDA FAS,"USDA FAS PSD Online coffee database (psd_coffee_csv.zip), world aggregate - Dec 2025 release vintage",https://github.com/andenick/Foodberg/blob/7b5333b1066caceaef075a4c66b480507235a571/Outputs/Data/WASDE_PSD/wasde_psd_coffee_green__world.csv,"""Coffee, Green"",World,2011,Arabica Production,(1000 60 KG BAGS),84542.0,1,91,agg",medium,"Arabica production. USDA PSD market year 2011 (= MY 2011/12; world total aggregates each country's local marketing year). Vintage: PSD bulk download of 2026-06-21 = Dec 2025 USDA release (latest official vintage for this year). World = sum of 91 reporting countries (aggregation by andenick/Foodberg from official psd_coffee_csv.zip; validated: MY2025/26 production 178.848 / consumption 173.852 / ending stocks 20.148 / bean exports 123.825 and MY2024/25 production 175.316 match USDA Dec 2025 report headlines 178.8 / 173.9 / 20.1 / 123.8 / 175.3). Converted from 1000 bags to million bags (/1000, 3 dp)."
world_production_arabica_usda,World,2012/13,92.872,million 60kg bags,USDA FAS,"USDA FAS PSD Online coffee database (psd_coffee_csv.zip), world aggregate - Dec 2025 release vintage",https://github.com/andenick/Foodberg/blob/7b5333b1066caceaef075a4c66b480507235a571/Outputs/Data/WASDE_PSD/wasde_psd_coffee_green__world.csv,"""Coffee, Green"",World,2012,Arabica Production,(1000 60 KG BAGS),92872.0,1,91,agg",medium,"Arabica production. USDA PSD market year 2012 (= MY 2012/13; world total aggregates each country's local marketing year). Vintage: PSD bulk download of 2026-06-21 = Dec 2025 USDA release (latest official vintage for this year). World = sum of 91 reporting countries (aggregation by andenick/Foodberg from official psd_coffee_csv.zip; validated: MY2025/26 production 178.848 / consumption 173.852 / ending stocks 20.148 / bean exports 123.825 and MY2024/25 production 175.316 match USDA Dec 2025 report headlines 178.8 / 173.9 / 20.1 / 123.8 / 175.3). Converted from 1000 bags to million bags (/1000, 3 dp)."
world_production_arabica_usda,World,2013/14,92.465,million 60kg bags,USDA FAS,"USDA FAS PSD Online coffee database (psd_coffee_csv.zip), world aggregate - Dec 2025 release vintage",https://github.com/andenick/Foodberg/blob/7b5333b1066caceaef075a4c66b480507235a571/Outputs/Data/WASDE_PSD/wasde_psd_coffee_green__world.csv,"""Coffee, Green"",World,2013,Arabica Production,(1000 60 KG BAGS),92465.0,1,91,agg",medium,"Arabica production. USDA PSD market year 2013 (= MY 2013/14; world total aggregates each country's local marketing year). Vintage: PSD bulk download of 2026-06-21 = Dec 2025 USDA release (latest official vintage for this year). World = sum of 91 reporting countries (aggregation by andenick/Foodberg from official psd_coffee_csv.zip; validated: MY2025/26 production 178.848 / consumption 173.852 / ending stocks 20.148 / bean exports 123.825 and MY2024/25 production 175.316 match USDA Dec 2025 report headlines 178.8 / 173.9 / 20.1 / 123.8 / 175.3). Converted from 1000 bags to million bags (/1000, 3 dp)."
world_production_arabica_usda,World,2014/15,86.688,million 60kg bags,USDA FAS,"USDA FAS PSD Online coffee database (psd_coffee_csv.zip), world aggregate - Dec 2025 release vintage",https://github.com/andenick/Foodberg/blob/7b5333b1066caceaef075a4c66b480507235a571/Outputs/Data/WASDE_PSD/wasde_psd_coffee_green__world.csv,"""Coffee, Green"",World,2014,Arabica Production,(1000 60 KG BAGS),86688.0,1,92,agg",medium,"Arabica production. USDA PSD market year 2014 (= MY 2014/15; world total aggregates each country's local marketing year). Vintage: PSD bulk download of 2026-06-21 = Dec 2025 USDA release (latest official vintage for this year). World = sum of 92 reporting countries (aggregation by andenick/Foodberg from official psd_coffee_csv.zip; validated: MY2025/26 production 178.848 / consumption 173.852 / ending stocks 20.148 / bean exports 123.825 and MY2024/25 production 175.316 match USDA Dec 2025 report headlines 178.8 / 173.9 / 20.1 / 123.8 / 175.3). Converted from 1000 bags to million bags (/1000, 3 dp)."
world_production_arabica_usda,World,2015/16,86.135,million 60kg bags,USDA FAS,"USDA FAS PSD Online coffee database (psd_coffee_csv.zip), world aggregate - Dec 2025 release vintage",https://github.com/andenick/Foodberg/blob/7b5333b1066caceaef075a4c66b480507235a571/Outputs/Data/WASDE_PSD/wasde_psd_coffee_green__world.csv,"""Coffee, Green"",World,2015,Arabica Production,(1000 60 KG BAGS),86135.0,1,92,agg",medium,"Arabica production. USDA PSD market year 2015 (= MY 2015/16; world total aggregates each country's local marketing year). Vintage: PSD bulk download of 2026-06-21 = Dec 2025 USDA release (latest official vintage for this year). World = sum of 92 reporting countries (aggregation by andenick/Foodberg from official psd_coffee_csv.zip; validated: MY2025/26 production 178.848 / consumption 173.852 / ending stocks 20.148 / bean exports 123.825 and MY2024/25 production 175.316 match USDA Dec 2025 report headlines 178.8 / 173.9 / 20.1 / 123.8 / 175.3). Converted from 1000 bags to million bags (/1000, 3 dp)."
world_production_arabica_usda,World,2016/17,101.136,million 60kg bags,USDA FAS,"USDA FAS PSD Online coffee database (psd_coffee_csv.zip), world aggregate - Dec 2025 release vintage",https://github.com/andenick/Foodberg/blob/7b5333b1066caceaef075a4c66b480507235a571/Outputs/Data/WASDE_PSD/wasde_psd_coffee_green__world.csv,"""Coffee, Green"",World,2016,Arabica Production,(1000 60 KG BAGS),101136.0,1,93,agg",medium,"Arabica production. USDA PSD market year 2016 (= MY 2016/17; world total aggregates each country's local marketing year). Vintage: PSD bulk download of 2026-06-21 = Dec 2025 USDA release (latest official vintage for this year). World = sum of 93 reporting countries (aggregation by andenick/Foodberg from official psd_coffee_csv.zip; validated: MY2025/26 production 178.848 / consumption 173.852 / ending stocks 20.148 / bean exports 123.825 and MY2024/25 production 175.316 match USDA Dec 2025 report headlines 178.8 / 173.9 / 20.1 / 123.8 / 175.3). Converted from 1000 bags to million bags (/1000, 3 dp)."
world_production_arabica_usda,World,2017/18,95.224,million 60kg bags,USDA FAS,"USDA FAS PSD Online coffee database (psd_coffee_csv.zip), world aggregate - Dec 2025 release vintage",https://github.com/andenick/Foodberg/blob/7b5333b1066caceaef075a4c66b480507235a571/Outputs/Data/WASDE_PSD/wasde_psd_coffee_green__world.csv,"""Coffee, Green"",World,2017,Arabica Production,(1000 60 KG BAGS),95224.0,1,93,agg",medium,"Arabica production. USDA PSD market year 2017 (= MY 2017/18; world total aggregates each country's local marketing year). Vintage: PSD bulk download of 2026-06-21 = Dec 2025 USDA release (latest official vintage for this year). World = sum of 93 reporting countries (aggregation by andenick/Foodberg from official psd_coffee_csv.zip; validated: MY2025/26 production 178.848 / consumption 173.852 / ending stocks 20.148 / bean exports 123.825 and MY2024/25 production 175.316 match USDA Dec 2025 report headlines 178.8 / 173.9 / 20.1 / 123.8 / 175.3). Converted from 1000 bags to million bags (/1000, 3 dp)."
world_production_arabica_usda,World,2018/19,104.926,million 60kg bags,USDA FAS,"USDA FAS PSD Online coffee database (psd_coffee_csv.zip), world aggregate - Dec 2025 release vintage",https://github.com/andenick/Foodberg/blob/7b5333b1066caceaef075a4c66b480507235a571/Outputs/Data/WASDE_PSD/wasde_psd_coffee_green__world.csv,"""Coffee, Green"",World,2018,Arabica Production,(1000 60 KG BAGS),104926.0,1,93,agg",medium,"Arabica production. USDA PSD market year 2018 (= MY 2018/19; world total aggregates each country's local marketing year). Vintage: PSD bulk download of 2026-06-21 = Dec 2025 USDA release (latest official vintage for this year). World = sum of 93 reporting countries (aggregation by andenick/Foodberg from official psd_coffee_csv.zip; validated: MY2025/26 production 178.848 / consumption 173.852 / ending stocks 20.148 / bean exports 123.825 and MY2024/25 production 175.316 match USDA Dec 2025 report headlines 178.8 / 173.9 / 20.1 / 123.8 / 175.3). Converted from 1000 bags to million bags (/1000, 3 dp)."
world_production_arabica_usda,World,2019/20,94.921,million 60kg bags,USDA FAS,"USDA FAS PSD Online coffee database (psd_coffee_csv.zip), world aggregate - Dec 2025 release vintage",https://github.com/andenick/Foodberg/blob/7b5333b1066caceaef075a4c66b480507235a571/Outputs/Data/WASDE_PSD/wasde_psd_coffee_green__world.csv,"""Coffee, Green"",World,2019,Arabica Production,(1000 60 KG BAGS),94921.0,1,93,agg",medium,"Arabica production. USDA PSD market year 2019 (= MY 2019/20; world total aggregates each country's local marketing year). Vintage: PSD bulk download of 2026-06-21 = Dec 2025 USDA release (latest official vintage for this year). World = sum of 93 reporting countries (aggregation by andenick/Foodberg from official psd_coffee_csv.zip; validated: MY2025/26 production 178.848 / consumption 173.852 / ending stocks 20.148 / bean exports 123.825 and MY2024/25 production 175.316 match USDA Dec 2025 report headlines 178.8 / 173.9 / 20.1 / 123.8 / 175.3). Converted from 1000 bags to million bags (/1000, 3 dp)."
world_production_arabica_usda,World,2020/21,102.110,million 60kg bags,USDA FAS,"USDA FAS PSD Online coffee database (psd_coffee_csv.zip), world aggregate - Dec 2025 release vintage",https://github.com/andenick/Foodberg/blob/7b5333b1066caceaef075a4c66b480507235a571/Outputs/Data/WASDE_PSD/wasde_psd_coffee_green__world.csv,"""Coffee, Green"",World,2020,Arabica Production,(1000 60 KG BAGS),102110.0,1,93,agg",medium,"Arabica production. USDA PSD market year 2020 (= MY 2020/21; world total aggregates each country's local marketing year). Vintage: PSD bulk download of 2026-06-21 = Dec 2025 USDA release (latest official vintage for this year). World = sum of 93 reporting countries (aggregation by andenick/Foodberg from official psd_coffee_csv.zip; validated: MY2025/26 production 178.848 / consumption 173.852 / ending stocks 20.148 / bean exports 123.825 and MY2024/25 production 175.316 match USDA Dec 2025 report headlines 178.8 / 173.9 / 20.1 / 123.8 / 175.3). Converted from 1000 bags to million bags (/1000, 3 dp)."
world_production_arabica_usda,World,2021/22,87.089,million 60kg bags,USDA FAS,"USDA FAS PSD Online coffee database (psd_coffee_csv.zip), world aggregate - Dec 2025 release vintage",https://github.com/andenick/Foodberg/blob/7b5333b1066caceaef075a4c66b480507235a571/Outputs/Data/WASDE_PSD/wasde_psd_coffee_green__world.csv,"""Coffee, Green"",World,2021,Arabica Production,(1000 60 KG BAGS),87089.0,1,93,agg",medium,"Arabica production. USDA PSD market year 2021 (= MY 2021/22; world total aggregates each country's local marketing year). Vintage: PSD bulk download of 2026-06-21 = Dec 2025 USDA release (latest official vintage for this year). World = sum of 93 reporting countries (aggregation by andenick/Foodberg from official psd_coffee_csv.zip; validated: MY2025/26 production 178.848 / consumption 173.852 / ending stocks 20.148 / bean exports 123.825 and MY2024/25 production 175.316 match USDA Dec 2025 report headlines 178.8 / 173.9 / 20.1 / 123.8 / 175.3). Converted from 1000 bags to million bags (/1000, 3 dp)."
world_production_arabica_usda,World,2022/23,87.783,million 60kg bags,USDA FAS,"USDA FAS PSD Online coffee database (psd_coffee_csv.zip), world aggregate - Dec 2025 release vintage",https://github.com/andenick/Foodberg/blob/7b5333b1066caceaef075a4c66b480507235a571/Outputs/Data/WASDE_PSD/wasde_psd_coffee_green__world.csv,"""Coffee, Green"",World,2022,Arabica Production,(1000 60 KG BAGS),87783.0,1,93,agg",medium,"Arabica production. USDA PSD market year 2022 (= MY 2022/23; world total aggregates each country's local marketing year). Vintage: PSD bulk download of 2026-06-21 = Dec 2025 USDA release (latest official vintage for this year). World = sum of 93 reporting countries (aggregation by andenick/Foodberg from official psd_coffee_csv.zip; validated: MY2025/26 production 178.848 / consumption 173.852 / ending stocks 20.148 / bean exports 123.825 and MY2024/25 production 175.316 match USDA Dec 2025 report headlines 178.8 / 173.9 / 20.1 / 123.8 / 175.3). Converted from 1000 bags to million bags (/1000, 3 dp)."
world_production_arabica_usda,World,2023/24,97.240,million 60kg bags,USDA FAS,"USDA FAS PSD Online coffee database (psd_coffee_csv.zip), world aggregate - Dec 2025 release vintage",https://github.com/andenick/Foodberg/blob/7b5333b1066caceaef075a4c66b480507235a571/Outputs/Data/WASDE_PSD/wasde_psd_coffee_green__world.csv,"""Coffee, Green"",World,2023,Arabica Production,(1000 60 KG BAGS),97240.0,1,93,agg",medium,"Arabica production. USDA PSD market year 2023 (= MY 2023/24; world total aggregates each country's local marketing year). Vintage: PSD bulk download of 2026-06-21 = Dec 2025 USDA release (latest official vintage for this year). World = sum of 93 reporting countries (aggregation by andenick/Foodberg from official psd_coffee_csv.zip; validated: MY2025/26 production 178.848 / consumption 173.852 / ending stocks 20.148 / bean exports 123.825 and MY2024/25 production 175.316 match USDA Dec 2025 report headlines 178.8 / 173.9 / 20.1 / 123.8 / 175.3). Converted from 1000 bags to million bags (/1000, 3 dp)."
world_production_arabica_usda,World,2024/25,98.692,million 60kg bags,USDA FAS,"Coffee: World Markets and Trade, June 2025",https://www.comunicaffe.com/usda-biannual-report-cuts-estimate-of-world-production-for-2024-25-to-174-4-million/,"Arabica production is estimated at 98.692 million, up about 1.5%.",medium,Vintage Jun 2025.
world_production_arabica_usda,World,2024/25,100.203,million 60kg bags,USDA FAS,"USDA FAS PSD Online coffee database (psd_coffee_csv.zip), world aggregate - Dec 2025 release vintage",https://github.com/andenick/Foodberg/blob/7b5333b1066caceaef075a4c66b480507235a571/Outputs/Data/WASDE_PSD/wasde_psd_coffee_green__world.csv,"""Coffee, Green"",World,2024,Arabica Production,(1000 60 KG BAGS),100203.0,1,93,agg",medium,"Arabica production. USDA PSD market year 2024 (= MY 2024/25; world total aggregates each country's local marketing year). Vintage: PSD bulk download of 2026-06-21 = Dec 2025 USDA release (latest official vintage for this year before the Jul 2026 report). World = sum of 93 reporting countries (aggregation by andenick/Foodberg from official psd_coffee_csv.zip; validated: MY2025/26 production 178.848 / consumption 173.852 / ending stocks 20.148 / bean exports 123.825 and MY2024/25 production 175.316 match USDA Dec 2025 report headlines 178.8 / 173.9 / 20.1 / 123.8 / 175.3). Converted from 1000 bags to million bags (/1000, 3 dp)."
world_production_arabica_usda,World,2025/26,95.515,million 60kg bags,USDA FAS,"USDA FAS PSD Online coffee database (psd_coffee_csv.zip), world aggregate - Dec 2025 release vintage",https://github.com/andenick/Foodberg/blob/7b5333b1066caceaef075a4c66b480507235a571/Outputs/Data/WASDE_PSD/wasde_psd_coffee_green__world.csv,"""Coffee, Green"",World,2025,Arabica Production,(1000 60 KG BAGS),95515.0,1,93,agg",medium,"Arabica production. USDA PSD market year 2025 (= MY 2025/26; world total aggregates each country's local marketing year). Vintage: PSD bulk download of 2026-06-21 = Dec 2025 USDA release (latest official vintage for this year before the Jul 2026 report). World = sum of 93 reporting countries (aggregation by andenick/Foodberg from official psd_coffee_csv.zip; validated: MY2025/26 production 178.848 / consumption 173.852 / ending stocks 20.148 / bean exports 123.825 and MY2024/25 production 175.316 match USDA Dec 2025 report headlines 178.8 / 173.9 / 20.1 / 123.8 / 175.3). Converted from 1000 bags to million bags (/1000, 3 dp)."
world_production_arabica_usda,World,2026/27,105.867,million 60kg bags,USDA FAS,"Coffee: World Markets and Trade, July 2026",https://www.comunicaffe.com/usda-world-coffee-production-6-exports-9-and-global-consumption-3-6-set-to-reach-record-levels-in-2026-27,Arabica world production is set to reach an all-time high of 105.867 million (+12.1%),medium,Vintage Jul 2026 (released 22 Jul 2026). Forecast; record high. Cross-checked 105.9m in Perfect Daily Grind recap 24 Jul 2026 and 105.86m in Ecofin Agency.
world_production_ico,World,CY2020/21,171.3,million 60kg bags,ICO,ICO Coffee Market Report - August 2026 (published 10 Sep 2026),https://www.ico.org/documents/cy2025-26/cmr-0826-e.pdf,Table 3 (million 60-kg bags): Total Production 171.3 168.4 170.0 171.6 175.9 183.6,high,"Coffee-year basis (Oct-Sep). Vintage: ICO supply & demand statistics update of 10 Sep 2026 (latest). 2025/26 = estimate. Consumption defined as apparent consumption (production + net trade +/- stock changes; footnote 5). Read from a copy of the ICO PDF/text mirrored in public repo github.com/BMR-Com/coffee-analytics (pipeline downloads the CMR from ico.org; pdfs/2026-08.pdf, data/report-text/2026-08.txt @ b7111c9)."
world_production_ico,World,CY2021/22,165.092,million 60kg bags,ICO,"Table 3: World Supply/Demand Balance, ICO Coffee Market Report - February 2026 (PDF dated 12 Mar 2026)",https://www.ico.org/documents/cy2025-26/cmr-0226-e.pdf,"Table 3 (thousand 60-kg bags), coffee year commencing 2021 2022 2023 2024: PRODUCTION 165,092 165,785 168,707 177,513",high,"Coffee-year basis (""Coffee year commencing"" 2021..2024 = CY2021/22..CY2024/25). Vintage: ICO Table 3 as published in Feb 2026 CMR (identical in Mar 2026 CMR, cmr-0326-e.pdf). SUPERSEDED by the 10 Sep 2026 update (Aug 2026 CMR). Source table in thousand 60-kg bags; converted to million (/1000, 3 dp). Read from a copy of the ICO PDF/text mirrored in public repo github.com/BMR-Com/coffee-analytics (pipeline downloads the CMR from ico.org; pdfs/2026-02.pdf, data/report-text/2026-02.txt @ b7111c9)."
world_production_ico,World,CY2021/22,168.4,million 60kg bags,ICO,ICO Coffee Market Report - August 2026 (published 10 Sep 2026),https://www.ico.org/documents/cy2025-26/cmr-0826-e.pdf,Table 3 (million 60-kg bags): Total Production 171.3 168.4 170.0 171.6 175.9 183.6,high,"Coffee-year basis (Oct-Sep). Vintage: ICO supply & demand statistics update of 10 Sep 2026 (latest). 2025/26 = estimate. Consumption defined as apparent consumption (production + net trade +/- stock changes; footnote 5). Read from a copy of the ICO PDF/text mirrored in public repo github.com/BMR-Com/coffee-analytics (pipeline downloads the CMR from ico.org; pdfs/2026-08.pdf, data/report-text/2026-08.txt @ b7111c9)."
world_production_ico,World,CY2022/23,165.785,million 60kg bags,ICO,"Table 3: World Supply/Demand Balance, ICO Coffee Market Report - February 2026 (PDF dated 12 Mar 2026)",https://www.ico.org/documents/cy2025-26/cmr-0226-e.pdf,"Table 3 (thousand 60-kg bags), coffee year commencing 2021 2022 2023 2024: PRODUCTION 165,092 165,785 168,707 177,513",high,"Coffee-year basis (""Coffee year commencing"" 2021..2024 = CY2021/22..CY2024/25). Vintage: ICO Table 3 as published in Feb 2026 CMR (identical in Mar 2026 CMR, cmr-0326-e.pdf). SUPERSEDED by the 10 Sep 2026 update (Aug 2026 CMR). Source table in thousand 60-kg bags; converted to million (/1000, 3 dp). Read from a copy of the ICO PDF/text mirrored in public repo github.com/BMR-Com/coffee-analytics (pipeline downloads the CMR from ico.org; pdfs/2026-02.pdf, data/report-text/2026-02.txt @ b7111c9)."
world_production_ico,World,CY2022/23,170.0,million 60kg bags,ICO,ICO Coffee Market Report - August 2026 (published 10 Sep 2026),https://www.ico.org/documents/cy2025-26/cmr-0826-e.pdf,Table 3 (million 60-kg bags): Total Production 171.3 168.4 170.0 171.6 175.9 183.6,high,"Coffee-year basis (Oct-Sep). Vintage: ICO supply & demand statistics update of 10 Sep 2026 (latest). 2025/26 = estimate. Consumption defined as apparent consumption (production + net trade +/- stock changes; footnote 5). Read from a copy of the ICO PDF/text mirrored in public repo github.com/BMR-Com/coffee-analytics (pipeline downloads the CMR from ico.org; pdfs/2026-08.pdf, data/report-text/2026-08.txt @ b7111c9)."
world_production_ico,World,CY2023/24,168.707,million 60kg bags,ICO,"Table 3: World Supply/Demand Balance, ICO Coffee Market Report - February 2026 (PDF dated 12 Mar 2026)",https://www.ico.org/documents/cy2025-26/cmr-0226-e.pdf,"Table 3 (thousand 60-kg bags), coffee year commencing 2021 2022 2023 2024: PRODUCTION 165,092 165,785 168,707 177,513",high,"Coffee-year basis (""Coffee year commencing"" 2021..2024 = CY2021/22..CY2024/25). Vintage: ICO Table 3 as published in Feb 2026 CMR (identical in Mar 2026 CMR, cmr-0326-e.pdf). SUPERSEDED by the 10 Sep 2026 update (Aug 2026 CMR). Source table in thousand 60-kg bags; converted to million (/1000, 3 dp). Read from a copy of the ICO PDF/text mirrored in public repo github.com/BMR-Com/coffee-analytics (pipeline downloads the CMR from ico.org; pdfs/2026-02.pdf, data/report-text/2026-02.txt @ b7111c9)."
world_production_ico,World,CY2023/24,171.6,million 60kg bags,ICO,ICO Coffee Market Report - August 2026 (published 10 Sep 2026),https://www.ico.org/documents/cy2025-26/cmr-0826-e.pdf,Table 3 (million 60-kg bags): Total Production 171.3 168.4 170.0 171.6 175.9 183.6,high,"Coffee-year basis (Oct-Sep). Vintage: ICO supply & demand statistics update of 10 Sep 2026 (latest). 2025/26 = estimate. Consumption defined as apparent consumption (production + net trade +/- stock changes; footnote 5). Read from a copy of the ICO PDF/text mirrored in public repo github.com/BMR-Com/coffee-analytics (pipeline downloads the CMR from ico.org; pdfs/2026-08.pdf, data/report-text/2026-08.txt @ b7111c9)."
world_production_ico,World,CY2024/25,177.513,million 60kg bags,ICO,"Table 3: World Supply/Demand Balance, ICO Coffee Market Report - February 2026 (PDF dated 12 Mar 2026)",https://www.ico.org/documents/cy2025-26/cmr-0226-e.pdf,"Table 3 (thousand 60-kg bags), coffee year commencing 2021 2022 2023 2024: PRODUCTION 165,092 165,785 168,707 177,513",high,"Coffee-year basis (""Coffee year commencing"" 2021..2024 = CY2021/22..CY2024/25). Vintage: ICO Table 3 as published in Feb 2026 CMR (identical in Mar 2026 CMR, cmr-0326-e.pdf). SUPERSEDED by the 10 Sep 2026 update (Aug 2026 CMR). Source table in thousand 60-kg bags; converted to million (/1000, 3 dp). Read from a copy of the ICO PDF/text mirrored in public repo github.com/BMR-Com/coffee-analytics (pipeline downloads the CMR from ico.org; pdfs/2026-02.pdf, data/report-text/2026-02.txt @ b7111c9)."
world_production_ico,World,CY2024/25,175.9,million 60kg bags,ICO,ICO Coffee Market Report - August 2026 (published 10 Sep 2026),https://www.ico.org/documents/cy2025-26/cmr-0826-e.pdf,World coffee production increased by 2.5% to 175.9 million bags in coffee year 2024/25,high,"Coffee-year basis (Oct-Sep). Vintage: ICO supply & demand statistics update of 10 Sep 2026 (latest). 2025/26 = estimate. Consumption defined as apparent consumption (production + net trade +/- stock changes; footnote 5). Read from a copy of the ICO PDF/text mirrored in public repo github.com/BMR-Com/coffee-analytics (pipeline downloads the CMR from ico.org; pdfs/2026-08.pdf, data/report-text/2026-08.txt @ b7111c9)."
world_production_ico,World,CY2025/26,183.6,million 60kg bags,ICO,ICO Coffee Market Report - August 2026 (published 10 Sep 2026),https://www.ico.org/documents/cy2025-26/cmr-0826-e.pdf,"For the current coffee year 2025/26, world coffee production is estimated to increase by 4.4% to 183.6 million bags.",high,"Coffee-year basis (Oct-Sep). Vintage: ICO supply & demand statistics update of 10 Sep 2026 (latest). 2025/26 = estimate. Consumption defined as apparent consumption (production + net trade +/- stock changes; footnote 5). Read from a copy of the ICO PDF/text mirrored in public repo github.com/BMR-Com/coffee-analytics (pipeline downloads the CMR from ico.org; pdfs/2026-08.pdf, data/report-text/2026-08.txt @ b7111c9)."
world_production_ico_cropyear_hist,World (55 exporting countries),1990/91,93.230,million 60kg bags,ICO (via Kaggle/GitHub mirror),"ICO historical statistics (country tables, to 2019/20) as republished in the Kaggle ""Coffee dataset"" (GitHub mirror)",https://github.com/ConnorMoss02/Brewing-Insights/blob/9aaf5291bf43a9ca5c4958902819cfff222b3803/data/raw/Coffee_production.csv,"Header: Country,Coffee type,1990/91,...,2019/20,Total_production; 55 exporting-country rows (kg); e.g. Brazil 2019/20 = 3492660000.0 kg",low,DERIVED by analyst: sum of all country rows in the ICO historical table (values stored in kg in the mirror; converted kg/60/1e6). ICO data vintage ~2020 (pre-dates current CMR series); CROP-YEAR basis (crop years commencing Apr/Jul/Oct by country) - NOT comparable with the coffee-year CMR series from 2020/21. Use for long-run trend only. ICO world production = total production of exporting (producing) countries.
world_production_ico_cropyear_hist,World (55 exporting countries),2000/01,113.744,million 60kg bags,ICO (via Kaggle/GitHub mirror),"ICO historical statistics (country tables, to 2019/20) as republished in the Kaggle ""Coffee dataset"" (GitHub mirror)",https://github.com/ConnorMoss02/Brewing-Insights/blob/9aaf5291bf43a9ca5c4958902819cfff222b3803/data/raw/Coffee_production.csv,"Header: Country,Coffee type,1990/91,...,2019/20,Total_production; 55 exporting-country rows (kg); e.g. Brazil 2019/20 = 3492660000.0 kg",low,DERIVED by analyst: sum of all country rows in the ICO historical table (values stored in kg in the mirror; converted kg/60/1e6). ICO data vintage ~2020 (pre-dates current CMR series); CROP-YEAR basis (crop years commencing Apr/Jul/Oct by country) - NOT comparable with the coffee-year CMR series from 2020/21. Use for long-run trend only. ICO world production = total production of exporting (producing) countries.
world_production_ico_cropyear_hist,World (55 exporting countries),2005/06,111.168,million 60kg bags,ICO (via Kaggle/GitHub mirror),"ICO historical statistics (country tables, to 2019/20) as republished in the Kaggle ""Coffee dataset"" (GitHub mirror)",https://github.com/ConnorMoss02/Brewing-Insights/blob/9aaf5291bf43a9ca5c4958902819cfff222b3803/data/raw/Coffee_production.csv,"Header: Country,Coffee type,1990/91,...,2019/20,Total_production; 55 exporting-country rows (kg); e.g. Brazil 2019/20 = 3492660000.0 kg",low,DERIVED by analyst: sum of all country rows in the ICO historical table (values stored in kg in the mirror; converted kg/60/1e6). ICO data vintage ~2020 (pre-dates current CMR series); CROP-YEAR basis (crop years commencing Apr/Jul/Oct by country) - NOT comparable with the coffee-year CMR series from 2020/21. Use for long-run trend only. ICO world production = total production of exporting (producing) countries.
world_production_ico_cropyear_hist,World (55 exporting countries),2006/07,135.400,million 60kg bags,ICO (via Kaggle/GitHub mirror),"ICO historical statistics (country tables, to 2019/20) as republished in the Kaggle ""Coffee dataset"" (GitHub mirror)",https://github.com/ConnorMoss02/Brewing-Insights/blob/9aaf5291bf43a9ca5c4958902819cfff222b3803/data/raw/Coffee_production.csv,"Header: Country,Coffee type,1990/91,...,2019/20,Total_production; 55 exporting-country rows (kg); e.g. Brazil 2019/20 = 3492660000.0 kg",low,DERIVED by analyst: sum of all country rows in the ICO historical table (values stored in kg in the mirror; converted kg/60/1e6). ICO data vintage ~2020 (pre-dates current CMR series); CROP-YEAR basis (crop years commencing Apr/Jul/Oct by country) - NOT comparable with the coffee-year CMR series from 2020/21. Use for long-run trend only. ICO world production = total production of exporting (producing) countries.
world_production_ico_cropyear_hist,World (55 exporting countries),2007/08,121.842,million 60kg bags,ICO (via Kaggle/GitHub mirror),"ICO historical statistics (country tables, to 2019/20) as republished in the Kaggle ""Coffee dataset"" (GitHub mirror)",https://github.com/ConnorMoss02/Brewing-Insights/blob/9aaf5291bf43a9ca5c4958902819cfff222b3803/data/raw/Coffee_production.csv,"Header: Country,Coffee type,1990/91,...,2019/20,Total_production; 55 exporting-country rows (kg); e.g. Brazil 2019/20 = 3492660000.0 kg",low,DERIVED by analyst: sum of all country rows in the ICO historical table (values stored in kg in the mirror; converted kg/60/1e6). ICO data vintage ~2020 (pre-dates current CMR series); CROP-YEAR basis (crop years commencing Apr/Jul/Oct by country) - NOT comparable with the coffee-year CMR series from 2020/21. Use for long-run trend only. ICO world production = total production of exporting (producing) countries.
world_production_ico_cropyear_hist,World (55 exporting countries),2008/09,134.801,million 60kg bags,ICO (via Kaggle/GitHub mirror),"ICO historical statistics (country tables, to 2019/20) as republished in the Kaggle ""Coffee dataset"" (GitHub mirror)",https://github.com/ConnorMoss02/Brewing-Insights/blob/9aaf5291bf43a9ca5c4958902819cfff222b3803/data/raw/Coffee_production.csv,"Header: Country,Coffee type,1990/91,...,2019/20,Total_production; 55 exporting-country rows (kg); e.g. Brazil 2019/20 = 3492660000.0 kg",low,DERIVED by analyst: sum of all country rows in the ICO historical table (values stored in kg in the mirror; converted kg/60/1e6). ICO data vintage ~2020 (pre-dates current CMR series); CROP-YEAR basis (crop years commencing Apr/Jul/Oct by country) - NOT comparable with the coffee-year CMR series from 2020/21. Use for long-run trend only. ICO world production = total production of exporting (producing) countries.
world_production_ico_cropyear_hist,World (55 exporting countries),2009/10,127.874,million 60kg bags,ICO (via Kaggle/GitHub mirror),"ICO historical statistics (country tables, to 2019/20) as republished in the Kaggle ""Coffee dataset"" (GitHub mirror)",https://github.com/ConnorMoss02/Brewing-Insights/blob/9aaf5291bf43a9ca5c4958902819cfff222b3803/data/raw/Coffee_production.csv,"Header: Country,Coffee type,1990/91,...,2019/20,Total_production; 55 exporting-country rows (kg); e.g. Brazil 2019/20 = 3492660000.0 kg",low,DERIVED by analyst: sum of all country rows in the ICO historical table (values stored in kg in the mirror; converted kg/60/1e6). ICO data vintage ~2020 (pre-dates current CMR series); CROP-YEAR basis (crop years commencing Apr/Jul/Oct by country) - NOT comparable with the coffee-year CMR series from 2020/21. Use for long-run trend only. ICO world production = total production of exporting (producing) countries.
world_production_ico_cropyear_hist,World (55 exporting countries),2010/11,140.075,million 60kg bags,ICO (via Kaggle/GitHub mirror),"ICO historical statistics (country tables, to 2019/20) as republished in the Kaggle ""Coffee dataset"" (GitHub mirror)",https://github.com/ConnorMoss02/Brewing-Insights/blob/9aaf5291bf43a9ca5c4958902819cfff222b3803/data/raw/Coffee_production.csv,"Header: Country,Coffee type,1990/91,...,2019/20,Total_production; 55 exporting-country rows (kg); e.g. Brazil 2019/20 = 3492660000.0 kg",low,DERIVED by analyst: sum of all country rows in the ICO historical table (values stored in kg in the mirror; converted kg/60/1e6). ICO data vintage ~2020 (pre-dates current CMR series); CROP-YEAR basis (crop years commencing Apr/Jul/Oct by country) - NOT comparable with the coffee-year CMR series from 2020/21. Use for long-run trend only. ICO world production = total production of exporting (producing) countries.
world_production_ico_cropyear_hist,World (55 exporting countries),2011/12,141.327,million 60kg bags,ICO (via Kaggle/GitHub mirror),"ICO historical statistics (country tables, to 2019/20) as republished in the Kaggle ""Coffee dataset"" (GitHub mirror)",https://github.com/ConnorMoss02/Brewing-Insights/blob/9aaf5291bf43a9ca5c4958902819cfff222b3803/data/raw/Coffee_production.csv,"Header: Country,Coffee type,1990/91,...,2019/20,Total_production; 55 exporting-country rows (kg); e.g. Brazil 2019/20 = 3492660000.0 kg",low,DERIVED by analyst: sum of all country rows in the ICO historical table (values stored in kg in the mirror; converted kg/60/1e6). ICO data vintage ~2020 (pre-dates current CMR series); CROP-YEAR basis (crop years commencing Apr/Jul/Oct by country) - NOT comparable with the coffee-year CMR series from 2020/21. Use for long-run trend only. ICO world production = total production of exporting (producing) countries.
world_production_ico_cropyear_hist,World (55 exporting countries),2012/13,151.184,million 60kg bags,ICO (via Kaggle/GitHub mirror),"ICO historical statistics (country tables, to 2019/20) as republished in the Kaggle ""Coffee dataset"" (GitHub mirror)",https://github.com/ConnorMoss02/Brewing-Insights/blob/9aaf5291bf43a9ca5c4958902819cfff222b3803/data/raw/Coffee_production.csv,"Header: Country,Coffee type,1990/91,...,2019/20,Total_production; 55 exporting-country rows (kg); e.g. Brazil 2019/20 = 3492660000.0 kg",low,DERIVED by analyst: sum of all country rows in the ICO historical table (values stored in kg in the mirror; converted kg/60/1e6). ICO data vintage ~2020 (pre-dates current CMR series); CROP-YEAR basis (crop years commencing Apr/Jul/Oct by country) - NOT comparable with the coffee-year CMR series from 2020/21. Use for long-run trend only. ICO world production = total production of exporting (producing) countries.
world_production_ico_cropyear_hist,World (55 exporting countries),2013/14,153.909,million 60kg bags,ICO (via Kaggle/GitHub mirror),"ICO historical statistics (country tables, to 2019/20) as republished in the Kaggle ""Coffee dataset"" (GitHub mirror)",https://github.com/ConnorMoss02/Brewing-Insights/blob/9aaf5291bf43a9ca5c4958902819cfff222b3803/data/raw/Coffee_production.csv,"Header: Country,Coffee type,1990/91,...,2019/20,Total_production; 55 exporting-country rows (kg); e.g. Brazil 2019/20 = 3492660000.0 kg",low,DERIVED by analyst: sum of all country rows in the ICO historical table (values stored in kg in the mirror; converted kg/60/1e6). ICO data vintage ~2020 (pre-dates current CMR series); CROP-YEAR basis (crop years commencing Apr/Jul/Oct by country) - NOT comparable with the coffee-year CMR series from 2020/21. Use for long-run trend only. ICO world production = total production of exporting (producing) countries.
world_production_ico_cropyear_hist,World (55 exporting countries),2014/15,150.299,million 60kg bags,ICO (via Kaggle/GitHub mirror),"ICO historical statistics (country tables, to 2019/20) as republished in the Kaggle ""Coffee dataset"" (GitHub mirror)",https://github.com/ConnorMoss02/Brewing-Insights/blob/9aaf5291bf43a9ca5c4958902819cfff222b3803/data/raw/Coffee_production.csv,"Header: Country,Coffee type,1990/91,...,2019/20,Total_production; 55 exporting-country rows (kg); e.g. Brazil 2019/20 = 3492660000.0 kg",low,DERIVED by analyst: sum of all country rows in the ICO historical table (values stored in kg in the mirror; converted kg/60/1e6). ICO data vintage ~2020 (pre-dates current CMR series); CROP-YEAR basis (crop years commencing Apr/Jul/Oct by country) - NOT comparable with the coffee-year CMR series from 2020/21. Use for long-run trend only. ICO world production = total production of exporting (producing) countries.
world_production_ico_cropyear_hist,World (55 exporting countries),2015/16,156.126,million 60kg bags,ICO (via Kaggle/GitHub mirror),"ICO historical statistics (country tables, to 2019/20) as republished in the Kaggle ""Coffee dataset"" (GitHub mirror)",https://github.com/ConnorMoss02/Brewing-Insights/blob/9aaf5291bf43a9ca5c4958902819cfff222b3803/data/raw/Coffee_production.csv,"Header: Country,Coffee type,1990/91,...,2019/20,Total_production; 55 exporting-country rows (kg); e.g. Brazil 2019/20 = 3492660000.0 kg",low,DERIVED by analyst: sum of all country rows in the ICO historical table (values stored in kg in the mirror; converted kg/60/1e6). ICO data vintage ~2020 (pre-dates current CMR series); CROP-YEAR basis (crop years commencing Apr/Jul/Oct by country) - NOT comparable with the coffee-year CMR series from 2020/21. Use for long-run trend only. ICO world production = total production of exporting (producing) countries.
world_production_ico_cropyear_hist,World (55 exporting countries),2016/17,162.318,million 60kg bags,ICO (via Kaggle/GitHub mirror),"ICO historical statistics (country tables, to 2019/20) as republished in the Kaggle ""Coffee dataset"" (GitHub mirror)",https://github.com/ConnorMoss02/Brewing-Insights/blob/9aaf5291bf43a9ca5c4958902819cfff222b3803/data/raw/Coffee_production.csv,"Header: Country,Coffee type,1990/91,...,2019/20,Total_production; 55 exporting-country rows (kg); e.g. Brazil 2019/20 = 3492660000.0 kg",low,DERIVED by analyst: sum of all country rows in the ICO historical table (values stored in kg in the mirror; converted kg/60/1e6). ICO data vintage ~2020 (pre-dates current CMR series); CROP-YEAR basis (crop years commencing Apr/Jul/Oct by country) - NOT comparable with the coffee-year CMR series from 2020/21. Use for long-run trend only. ICO world production = total production of exporting (producing) countries.
world_production_ico_cropyear_hist,World (55 exporting countries),2017/18,163.693,million 60kg bags,ICO (via Kaggle/GitHub mirror),"ICO historical statistics (country tables, to 2019/20) as republished in the Kaggle ""Coffee dataset"" (GitHub mirror)",https://github.com/ConnorMoss02/Brewing-Insights/blob/9aaf5291bf43a9ca5c4958902819cfff222b3803/data/raw/Coffee_production.csv,"Header: Country,Coffee type,1990/91,...,2019/20,Total_production; 55 exporting-country rows (kg); e.g. Brazil 2019/20 = 3492660000.0 kg",low,DERIVED by analyst: sum of all country rows in the ICO historical table (values stored in kg in the mirror; converted kg/60/1e6). ICO data vintage ~2020 (pre-dates current CMR series); CROP-YEAR basis (crop years commencing Apr/Jul/Oct by country) - NOT comparable with the coffee-year CMR series from 2020/21. Use for long-run trend only. ICO world production = total production of exporting (producing) countries.
world_production_ico_cropyear_hist,World (55 exporting countries),2018/19,172.463,million 60kg bags,ICO (via Kaggle/GitHub mirror),"ICO historical statistics (country tables, to 2019/20) as republished in the Kaggle ""Coffee dataset"" (GitHub mirror)",https://github.com/ConnorMoss02/Brewing-Insights/blob/9aaf5291bf43a9ca5c4958902819cfff222b3803/data/raw/Coffee_production.csv,"Header: Country,Coffee type,1990/91,...,2019/20,Total_production; 55 exporting-country rows (kg); e.g. Brazil 2019/20 = 3492660000.0 kg",low,DERIVED by analyst: sum of all country rows in the ICO historical table (values stored in kg in the mirror; converted kg/60/1e6). ICO data vintage ~2020 (pre-dates current CMR series); CROP-YEAR basis (crop years commencing Apr/Jul/Oct by country) - NOT comparable with the coffee-year CMR series from 2020/21. Use for long-run trend only. ICO world production = total production of exporting (producing) countries.
world_production_ico_cropyear_hist,World (55 exporting countries),2019/20,165.053,million 60kg bags,ICO (via Kaggle/GitHub mirror),"ICO historical statistics (country tables, to 2019/20) as republished in the Kaggle ""Coffee dataset"" (GitHub mirror)",https://github.com/ConnorMoss02/Brewing-Insights/blob/9aaf5291bf43a9ca5c4958902819cfff222b3803/data/raw/Coffee_production.csv,"Header: Country,Coffee type,1990/91,...,2019/20,Total_production; 55 exporting-country rows (kg); e.g. Brazil 2019/20 = 3492660000.0 kg",low,DERIVED by analyst: sum of all country rows in the ICO historical table (values stored in kg in the mirror; converted kg/60/1e6). ICO data vintage ~2020 (pre-dates current CMR series); CROP-YEAR basis (crop years commencing Apr/Jul/Oct by country) - NOT comparable with the coffee-year CMR series from 2020/21. Use for long-run trend only. ICO world production = total production of exporting (producing) countries.
world_production_robusta_ico,World,CY2020/21,70.0,million 60kg bags,ICO,ICO Coffee Market Report - August 2026 (published 10 Sep 2026),https://www.ico.org/documents/cy2025-26/cmr-0826-e.pdf,Table 3 (million 60-kg bags): Robustas Production 70.0 73.8 73.9 70.5 74.4 79.2,high,"Coffee-year basis (Oct-Sep). Vintage: ICO supply & demand statistics update of 10 Sep 2026 (latest). 2025/26 = estimate. Consumption defined as apparent consumption (production + net trade +/- stock changes; footnote 5). Read from a copy of the ICO PDF/text mirrored in public repo github.com/BMR-Com/coffee-analytics (pipeline downloads the CMR from ico.org; pdfs/2026-08.pdf, data/report-text/2026-08.txt @ b7111c9)."
world_production_robusta_ico,World,CY2021/22,73.356,million 60kg bags,ICO,"Table 3: World Supply/Demand Balance, ICO Coffee Market Report - February 2026 (PDF dated 12 Mar 2026)",https://www.ico.org/documents/cy2025-26/cmr-0226-e.pdf,"Table 3 (thousand 60-kg bags), coffee year commencing 2021 2022 2023 2024: Robusta 73,356 71,910 71,033 75,448",high,"Coffee-year basis (""Coffee year commencing"" 2021..2024 = CY2021/22..CY2024/25). Vintage: ICO Table 3 as published in Feb 2026 CMR (identical in Mar 2026 CMR, cmr-0326-e.pdf). SUPERSEDED by the 10 Sep 2026 update (Aug 2026 CMR). Source table in thousand 60-kg bags; converted to million (/1000, 3 dp). Read from a copy of the ICO PDF/text mirrored in public repo github.com/BMR-Com/coffee-analytics (pipeline downloads the CMR from ico.org; pdfs/2026-02.pdf, data/report-text/2026-02.txt @ b7111c9)."
world_production_robusta_ico,World,CY2021/22,73.8,million 60kg bags,ICO,ICO Coffee Market Report - August 2026 (published 10 Sep 2026),https://www.ico.org/documents/cy2025-26/cmr-0826-e.pdf,Table 3 (million 60-kg bags): Robustas Production 70.0 73.8 73.9 70.5 74.4 79.2,high,"Coffee-year basis (Oct-Sep). Vintage: ICO supply & demand statistics update of 10 Sep 2026 (latest). 2025/26 = estimate. Consumption defined as apparent consumption (production + net trade +/- stock changes; footnote 5). Read from a copy of the ICO PDF/text mirrored in public repo github.com/BMR-Com/coffee-analytics (pipeline downloads the CMR from ico.org; pdfs/2026-08.pdf, data/report-text/2026-08.txt @ b7111c9)."
world_production_robusta_ico,World,CY2022/23,71.910,million 60kg bags,ICO,"Table 3: World Supply/Demand Balance, ICO Coffee Market Report - February 2026 (PDF dated 12 Mar 2026)",https://www.ico.org/documents/cy2025-26/cmr-0226-e.pdf,"Table 3 (thousand 60-kg bags), coffee year commencing 2021 2022 2023 2024: Robusta 73,356 71,910 71,033 75,448",high,"Coffee-year basis (""Coffee year commencing"" 2021..2024 = CY2021/22..CY2024/25). Vintage: ICO Table 3 as published in Feb 2026 CMR (identical in Mar 2026 CMR, cmr-0326-e.pdf). SUPERSEDED by the 10 Sep 2026 update (Aug 2026 CMR). Source table in thousand 60-kg bags; converted to million (/1000, 3 dp). Read from a copy of the ICO PDF/text mirrored in public repo github.com/BMR-Com/coffee-analytics (pipeline downloads the CMR from ico.org; pdfs/2026-02.pdf, data/report-text/2026-02.txt @ b7111c9)."
world_production_robusta_ico,World,CY2022/23,73.9,million 60kg bags,ICO,ICO Coffee Market Report - August 2026 (published 10 Sep 2026),https://www.ico.org/documents/cy2025-26/cmr-0826-e.pdf,Table 3 (million 60-kg bags): Robustas Production 70.0 73.8 73.9 70.5 74.4 79.2,high,"Coffee-year basis (Oct-Sep). Vintage: ICO supply & demand statistics update of 10 Sep 2026 (latest). 2025/26 = estimate. Consumption defined as apparent consumption (production + net trade +/- stock changes; footnote 5). Read from a copy of the ICO PDF/text mirrored in public repo github.com/BMR-Com/coffee-analytics (pipeline downloads the CMR from ico.org; pdfs/2026-08.pdf, data/report-text/2026-08.txt @ b7111c9)."
world_production_robusta_ico,World,CY2023/24,71.033,million 60kg bags,ICO,"Table 3: World Supply/Demand Balance, ICO Coffee Market Report - February 2026 (PDF dated 12 Mar 2026)",https://www.ico.org/documents/cy2025-26/cmr-0226-e.pdf,"Table 3 (thousand 60-kg bags), coffee year commencing 2021 2022 2023 2024: Robusta 73,356 71,910 71,033 75,448",high,"Coffee-year basis (""Coffee year commencing"" 2021..2024 = CY2021/22..CY2024/25). Vintage: ICO Table 3 as published in Feb 2026 CMR (identical in Mar 2026 CMR, cmr-0326-e.pdf). SUPERSEDED by the 10 Sep 2026 update (Aug 2026 CMR). Source table in thousand 60-kg bags; converted to million (/1000, 3 dp). Read from a copy of the ICO PDF/text mirrored in public repo github.com/BMR-Com/coffee-analytics (pipeline downloads the CMR from ico.org; pdfs/2026-02.pdf, data/report-text/2026-02.txt @ b7111c9)."
world_production_robusta_ico,World,CY2023/24,70.5,million 60kg bags,ICO,ICO Coffee Market Report - August 2026 (published 10 Sep 2026),https://www.ico.org/documents/cy2025-26/cmr-0826-e.pdf,Table 3 (million 60-kg bags): Robustas Production 70.0 73.8 73.9 70.5 74.4 79.2,high,"Coffee-year basis (Oct-Sep). Vintage: ICO supply & demand statistics update of 10 Sep 2026 (latest). 2025/26 = estimate. Consumption defined as apparent consumption (production + net trade +/- stock changes; footnote 5). Read from a copy of the ICO PDF/text mirrored in public repo github.com/BMR-Com/coffee-analytics (pipeline downloads the CMR from ico.org; pdfs/2026-08.pdf, data/report-text/2026-08.txt @ b7111c9)."
world_production_robusta_ico,World,CY2024/25,75.448,million 60kg bags,ICO,"Table 3: World Supply/Demand Balance, ICO Coffee Market Report - February 2026 (PDF dated 12 Mar 2026)",https://www.ico.org/documents/cy2025-26/cmr-0226-e.pdf,"Table 3 (thousand 60-kg bags), coffee year commencing 2021 2022 2023 2024: Robusta 73,356 71,910 71,033 75,448",high,"Coffee-year basis (""Coffee year commencing"" 2021..2024 = CY2021/22..CY2024/25). Vintage: ICO Table 3 as published in Feb 2026 CMR (identical in Mar 2026 CMR, cmr-0326-e.pdf). SUPERSEDED by the 10 Sep 2026 update (Aug 2026 CMR). Source table in thousand 60-kg bags; converted to million (/1000, 3 dp). Read from a copy of the ICO PDF/text mirrored in public repo github.com/BMR-Com/coffee-analytics (pipeline downloads the CMR from ico.org; pdfs/2026-02.pdf, data/report-text/2026-02.txt @ b7111c9)."
world_production_robusta_ico,World,CY2024/25,74.4,million 60kg bags,ICO,ICO Coffee Market Report - August 2026 (published 10 Sep 2026),https://www.ico.org/documents/cy2025-26/cmr-0826-e.pdf,Table 3 (million 60-kg bags): Robustas Production 70.0 73.8 73.9 70.5 74.4 79.2,high,"Coffee-year basis (Oct-Sep). Vintage: ICO supply & demand statistics update of 10 Sep 2026 (latest). 2025/26 = estimate. Consumption defined as apparent consumption (production + net trade +/- stock changes; footnote 5). Read from a copy of the ICO PDF/text mirrored in public repo github.com/BMR-Com/coffee-analytics (pipeline downloads the CMR from ico.org; pdfs/2026-08.pdf, data/report-text/2026-08.txt @ b7111c9)."
world_production_robusta_ico,World,CY2025/26,79.2,million 60kg bags,ICO,ICO Coffee Market Report - August 2026 (published 10 Sep 2026),https://www.ico.org/documents/cy2025-26/cmr-0826-e.pdf,"The output of the Robustas is estimated to jump to 79.2 million bags in coffee year 2025/26, up 6.5%.",high,"Coffee-year basis (Oct-Sep). Vintage: ICO supply & demand statistics update of 10 Sep 2026 (latest). 2025/26 = estimate. Consumption defined as apparent consumption (production + net trade +/- stock changes; footnote 5). Read from a copy of the ICO PDF/text mirrored in public repo github.com/BMR-Com/coffee-analytics (pipeline downloads the CMR from ico.org; pdfs/2026-08.pdf, data/report-text/2026-08.txt @ b7111c9)."
world_production_robusta_usda,World,2005/06,47.009,million 60kg bags,USDA FAS,"USDA FAS PSD Online coffee database (psd_coffee_csv.zip), world aggregate - Dec 2025 release vintage",https://github.com/andenick/Foodberg/blob/7b5333b1066caceaef075a4c66b480507235a571/Outputs/Data/WASDE_PSD/wasde_psd_coffee_green__world.csv,"""Coffee, Green"",World,2005,Robusta Production,(1000 60 KG BAGS),47009.0,1,88,agg",medium,"Robusta production. USDA PSD market year 2005 (= MY 2005/06; world total aggregates each country's local marketing year). Vintage: PSD bulk download of 2026-06-21 = Dec 2025 USDA release (latest official vintage for this year). World = sum of 88 reporting countries (aggregation by andenick/Foodberg from official psd_coffee_csv.zip; validated: MY2025/26 production 178.848 / consumption 173.852 / ending stocks 20.148 / bean exports 123.825 and MY2024/25 production 175.316 match USDA Dec 2025 report headlines 178.8 / 173.9 / 20.1 / 123.8 / 175.3). Converted from 1000 bags to million bags (/1000, 3 dp)."
world_production_robusta_usda,World,2006/07,49.903,million 60kg bags,USDA FAS,"USDA FAS PSD Online coffee database (psd_coffee_csv.zip), world aggregate - Dec 2025 release vintage",https://github.com/andenick/Foodberg/blob/7b5333b1066caceaef075a4c66b480507235a571/Outputs/Data/WASDE_PSD/wasde_psd_coffee_green__world.csv,"""Coffee, Green"",World,2006,Robusta Production,(1000 60 KG BAGS),49903.0,1,88,agg",medium,"Robusta production. USDA PSD market year 2006 (= MY 2006/07; world total aggregates each country's local marketing year). Vintage: PSD bulk download of 2026-06-21 = Dec 2025 USDA release (latest official vintage for this year). World = sum of 88 reporting countries (aggregation by andenick/Foodberg from official psd_coffee_csv.zip; validated: MY2025/26 production 178.848 / consumption 173.852 / ending stocks 20.148 / bean exports 123.825 and MY2024/25 production 175.316 match USDA Dec 2025 report headlines 178.8 / 173.9 / 20.1 / 123.8 / 175.3). Converted from 1000 bags to million bags (/1000, 3 dp)."
world_production_robusta_usda,World,2007/08,49.580,million 60kg bags,USDA FAS,"USDA FAS PSD Online coffee database (psd_coffee_csv.zip), world aggregate - Dec 2025 release vintage",https://github.com/andenick/Foodberg/blob/7b5333b1066caceaef075a4c66b480507235a571/Outputs/Data/WASDE_PSD/wasde_psd_coffee_green__world.csv,"""Coffee, Green"",World,2007,Robusta Production,(1000 60 KG BAGS),49580.0,1,89,agg",medium,"Robusta production. USDA PSD market year 2007 (= MY 2007/08; world total aggregates each country's local marketing year). Vintage: PSD bulk download of 2026-06-21 = Dec 2025 USDA release (latest official vintage for this year). World = sum of 89 reporting countries (aggregation by andenick/Foodberg from official psd_coffee_csv.zip; validated: MY2025/26 production 178.848 / consumption 173.852 / ending stocks 20.148 / bean exports 123.825 and MY2024/25 production 175.316 match USDA Dec 2025 report headlines 178.8 / 173.9 / 20.1 / 123.8 / 175.3). Converted from 1000 bags to million bags (/1000, 3 dp)."
world_production_robusta_usda,World,2008/09,51.087,million 60kg bags,USDA FAS,"USDA FAS PSD Online coffee database (psd_coffee_csv.zip), world aggregate - Dec 2025 release vintage",https://github.com/andenick/Foodberg/blob/7b5333b1066caceaef075a4c66b480507235a571/Outputs/Data/WASDE_PSD/wasde_psd_coffee_green__world.csv,"""Coffee, Green"",World,2008,Robusta Production,(1000 60 KG BAGS),51087.0,1,89,agg",medium,"Robusta production. USDA PSD market year 2008 (= MY 2008/09; world total aggregates each country's local marketing year). Vintage: PSD bulk download of 2026-06-21 = Dec 2025 USDA release (latest official vintage for this year). World = sum of 89 reporting countries (aggregation by andenick/Foodberg from official psd_coffee_csv.zip; validated: MY2025/26 production 178.848 / consumption 173.852 / ending stocks 20.148 / bean exports 123.825 and MY2024/25 production 175.316 match USDA Dec 2025 report headlines 178.8 / 173.9 / 20.1 / 123.8 / 175.3). Converted from 1000 bags to million bags (/1000, 3 dp)."
world_production_robusta_usda,World,2009/10,51.990,million 60kg bags,USDA FAS,"USDA FAS PSD Online coffee database (psd_coffee_csv.zip), world aggregate - Dec 2025 release vintage",https://github.com/andenick/Foodberg/blob/7b5333b1066caceaef075a4c66b480507235a571/Outputs/Data/WASDE_PSD/wasde_psd_coffee_green__world.csv,"""Coffee, Green"",World,2009,Robusta Production,(1000 60 KG BAGS),51990.0,1,89,agg",medium,"Robusta production. USDA PSD market year 2009 (= MY 2009/10; world total aggregates each country's local marketing year). Vintage: PSD bulk download of 2026-06-21 = Dec 2025 USDA release (latest official vintage for this year). World = sum of 89 reporting countries (aggregation by andenick/Foodberg from official psd_coffee_csv.zip; validated: MY2025/26 production 178.848 / consumption 173.852 / ending stocks 20.148 / bean exports 123.825 and MY2024/25 production 175.316 match USDA Dec 2025 report headlines 178.8 / 173.9 / 20.1 / 123.8 / 175.3). Converted from 1000 bags to million bags (/1000, 3 dp)."
world_production_robusta_usda,World,2010/11,53.466,million 60kg bags,USDA FAS,"USDA FAS PSD Online coffee database (psd_coffee_csv.zip), world aggregate - Dec 2025 release vintage",https://github.com/andenick/Foodberg/blob/7b5333b1066caceaef075a4c66b480507235a571/Outputs/Data/WASDE_PSD/wasde_psd_coffee_green__world.csv,"""Coffee, Green"",World,2010,Robusta Production,(1000 60 KG BAGS),53466.0,1,91,agg",medium,"Robusta production. USDA PSD market year 2010 (= MY 2010/11; world total aggregates each country's local marketing year). Vintage: PSD bulk download of 2026-06-21 = Dec 2025 USDA release (latest official vintage for this year). World = sum of 91 reporting countries (aggregation by andenick/Foodberg from official psd_coffee_csv.zip; validated: MY2025/26 production 178.848 / consumption 173.852 / ending stocks 20.148 / bean exports 123.825 and MY2024/25 production 175.316 match USDA Dec 2025 report headlines 178.8 / 173.9 / 20.1 / 123.8 / 175.3). Converted from 1000 bags to million bags (/1000, 3 dp)."
world_production_robusta_usda,World,2011/12,60.295,million 60kg bags,USDA FAS,"USDA FAS PSD Online coffee database (psd_coffee_csv.zip), world aggregate - Dec 2025 release vintage",https://github.com/andenick/Foodberg/blob/7b5333b1066caceaef075a4c66b480507235a571/Outputs/Data/WASDE_PSD/wasde_psd_coffee_green__world.csv,"""Coffee, Green"",World,2011,Robusta Production,(1000 60 KG BAGS),60295.0,1,91,agg",medium,"Robusta production. USDA PSD market year 2011 (= MY 2011/12; world total aggregates each country's local marketing year). Vintage: PSD bulk download of 2026-06-21 = Dec 2025 USDA release (latest official vintage for this year). World = sum of 91 reporting countries (aggregation by andenick/Foodberg from official psd_coffee_csv.zip; validated: MY2025/26 production 178.848 / consumption 173.852 / ending stocks 20.148 / bean exports 123.825 and MY2024/25 production 175.316 match USDA Dec 2025 report headlines 178.8 / 173.9 / 20.1 / 123.8 / 175.3). Converted from 1000 bags to million bags (/1000, 3 dp)."
world_production_robusta_usda,World,2012/13,65.146,million 60kg bags,USDA FAS,"USDA FAS PSD Online coffee database (psd_coffee_csv.zip), world aggregate - Dec 2025 release vintage",https://github.com/andenick/Foodberg/blob/7b5333b1066caceaef075a4c66b480507235a571/Outputs/Data/WASDE_PSD/wasde_psd_coffee_green__world.csv,"""Coffee, Green"",World,2012,Robusta Production,(1000 60 KG BAGS),65146.0,1,91,agg",medium,"Robusta production. USDA PSD market year 2012 (= MY 2012/13; world total aggregates each country's local marketing year). Vintage: PSD bulk download of 2026-06-21 = Dec 2025 USDA release (latest official vintage for this year). World = sum of 91 reporting countries (aggregation by andenick/Foodberg from official psd_coffee_csv.zip; validated: MY2025/26 production 178.848 / consumption 173.852 / ending stocks 20.148 / bean exports 123.825 and MY2024/25 production 175.316 match USDA Dec 2025 report headlines 178.8 / 173.9 / 20.1 / 123.8 / 175.3). Converted from 1000 bags to million bags (/1000, 3 dp)."
world_production_robusta_usda,World,2013/14,67.589,million 60kg bags,USDA FAS,"USDA FAS PSD Online coffee database (psd_coffee_csv.zip), world aggregate - Dec 2025 release vintage",https://github.com/andenick/Foodberg/blob/7b5333b1066caceaef075a4c66b480507235a571/Outputs/Data/WASDE_PSD/wasde_psd_coffee_green__world.csv,"""Coffee, Green"",World,2013,Robusta Production,(1000 60 KG BAGS),67589.0,1,91,agg",medium,"Robusta production. USDA PSD market year 2013 (= MY 2013/14; world total aggregates each country's local marketing year). Vintage: PSD bulk download of 2026-06-21 = Dec 2025 USDA release (latest official vintage for this year). World = sum of 91 reporting countries (aggregation by andenick/Foodberg from official psd_coffee_csv.zip; validated: MY2025/26 production 178.848 / consumption 173.852 / ending stocks 20.148 / bean exports 123.825 and MY2024/25 production 175.316 match USDA Dec 2025 report headlines 178.8 / 173.9 / 20.1 / 123.8 / 175.3). Converted from 1000 bags to million bags (/1000, 3 dp)."
world_production_robusta_usda,World,2014/15,67.108,million 60kg bags,USDA FAS,"USDA FAS PSD Online coffee database (psd_coffee_csv.zip), world aggregate - Dec 2025 release vintage",https://github.com/andenick/Foodberg/blob/7b5333b1066caceaef075a4c66b480507235a571/Outputs/Data/WASDE_PSD/wasde_psd_coffee_green__world.csv,"""Coffee, Green"",World,2014,Robusta Production,(1000 60 KG BAGS),67108.0,1,92,agg",medium,"Robusta production. USDA PSD market year 2014 (= MY 2014/15; world total aggregates each country's local marketing year). Vintage: PSD bulk download of 2026-06-21 = Dec 2025 USDA release (latest official vintage for this year). World = sum of 92 reporting countries (aggregation by andenick/Foodberg from official psd_coffee_csv.zip; validated: MY2025/26 production 178.848 / consumption 173.852 / ending stocks 20.148 / bean exports 123.825 and MY2024/25 production 175.316 match USDA Dec 2025 report headlines 178.8 / 173.9 / 20.1 / 123.8 / 175.3). Converted from 1000 bags to million bags (/1000, 3 dp)."
world_production_robusta_usda,World,2015/16,66.294,million 60kg bags,USDA FAS,"USDA FAS PSD Online coffee database (psd_coffee_csv.zip), world aggregate - Dec 2025 release vintage",https://github.com/andenick/Foodberg/blob/7b5333b1066caceaef075a4c66b480507235a571/Outputs/Data/WASDE_PSD/wasde_psd_coffee_green__world.csv,"""Coffee, Green"",World,2015,Robusta Production,(1000 60 KG BAGS),66294.0,1,92,agg",medium,"Robusta production. USDA PSD market year 2015 (= MY 2015/16; world total aggregates each country's local marketing year). Vintage: PSD bulk download of 2026-06-21 = Dec 2025 USDA release (latest official vintage for this year). World = sum of 92 reporting countries (aggregation by andenick/Foodberg from official psd_coffee_csv.zip; validated: MY2025/26 production 178.848 / consumption 173.852 / ending stocks 20.148 / bean exports 123.825 and MY2024/25 production 175.316 match USDA Dec 2025 report headlines 178.8 / 173.9 / 20.1 / 123.8 / 175.3). Converted from 1000 bags to million bags (/1000, 3 dp)."
world_production_robusta_usda,World,2016/17,59.943,million 60kg bags,USDA FAS,"USDA FAS PSD Online coffee database (psd_coffee_csv.zip), world aggregate - Dec 2025 release vintage",https://github.com/andenick/Foodberg/blob/7b5333b1066caceaef075a4c66b480507235a571/Outputs/Data/WASDE_PSD/wasde_psd_coffee_green__world.csv,"""Coffee, Green"",World,2016,Robusta Production,(1000 60 KG BAGS),59943.0,1,93,agg",medium,"Robusta production. USDA PSD market year 2016 (= MY 2016/17; world total aggregates each country's local marketing year). Vintage: PSD bulk download of 2026-06-21 = Dec 2025 USDA release (latest official vintage for this year). World = sum of 93 reporting countries (aggregation by andenick/Foodberg from official psd_coffee_csv.zip; validated: MY2025/26 production 178.848 / consumption 173.852 / ending stocks 20.148 / bean exports 123.825 and MY2024/25 production 175.316 match USDA Dec 2025 report headlines 178.8 / 173.9 / 20.1 / 123.8 / 175.3). Converted from 1000 bags to million bags (/1000, 3 dp)."
world_production_robusta_usda,World,2017/18,64.590,million 60kg bags,USDA FAS,"USDA FAS PSD Online coffee database (psd_coffee_csv.zip), world aggregate - Dec 2025 release vintage",https://github.com/andenick/Foodberg/blob/7b5333b1066caceaef075a4c66b480507235a571/Outputs/Data/WASDE_PSD/wasde_psd_coffee_green__world.csv,"""Coffee, Green"",World,2017,Robusta Production,(1000 60 KG BAGS),64590.0,1,93,agg",medium,"Robusta production. USDA PSD market year 2017 (= MY 2017/18; world total aggregates each country's local marketing year). Vintage: PSD bulk download of 2026-06-21 = Dec 2025 USDA release (latest official vintage for this year). World = sum of 93 reporting countries (aggregation by andenick/Foodberg from official psd_coffee_csv.zip; validated: MY2025/26 production 178.848 / consumption 173.852 / ending stocks 20.148 / bean exports 123.825 and MY2024/25 production 175.316 match USDA Dec 2025 report headlines 178.8 / 173.9 / 20.1 / 123.8 / 175.3). Converted from 1000 bags to million bags (/1000, 3 dp)."
world_production_robusta_usda,World,2018/19,70.930,million 60kg bags,USDA FAS,"USDA FAS PSD Online coffee database (psd_coffee_csv.zip), world aggregate - Dec 2025 release vintage",https://github.com/andenick/Foodberg/blob/7b5333b1066caceaef075a4c66b480507235a571/Outputs/Data/WASDE_PSD/wasde_psd_coffee_green__world.csv,"""Coffee, Green"",World,2018,Robusta Production,(1000 60 KG BAGS),70930.0,1,93,agg",medium,"Robusta production. USDA PSD market year 2018 (= MY 2018/19; world total aggregates each country's local marketing year). Vintage: PSD bulk download of 2026-06-21 = Dec 2025 USDA release (latest official vintage for this year). World = sum of 93 reporting countries (aggregation by andenick/Foodberg from official psd_coffee_csv.zip; validated: MY2025/26 production 178.848 / consumption 173.852 / ending stocks 20.148 / bean exports 123.825 and MY2024/25 production 175.316 match USDA Dec 2025 report headlines 178.8 / 173.9 / 20.1 / 123.8 / 175.3). Converted from 1000 bags to million bags (/1000, 3 dp)."
world_production_robusta_usda,World,2019/20,74.109,million 60kg bags,USDA FAS,"USDA FAS PSD Online coffee database (psd_coffee_csv.zip), world aggregate - Dec 2025 release vintage",https://github.com/andenick/Foodberg/blob/7b5333b1066caceaef075a4c66b480507235a571/Outputs/Data/WASDE_PSD/wasde_psd_coffee_green__world.csv,"""Coffee, Green"",World,2019,Robusta Production,(1000 60 KG BAGS),74109.0,1,93,agg",medium,"Robusta production. USDA PSD market year 2019 (= MY 2019/20; world total aggregates each country's local marketing year). Vintage: PSD bulk download of 2026-06-21 = Dec 2025 USDA release (latest official vintage for this year). World = sum of 93 reporting countries (aggregation by andenick/Foodberg from official psd_coffee_csv.zip; validated: MY2025/26 production 178.848 / consumption 173.852 / ending stocks 20.148 / bean exports 123.825 and MY2024/25 production 175.316 match USDA Dec 2025 report headlines 178.8 / 173.9 / 20.1 / 123.8 / 175.3). Converted from 1000 bags to million bags (/1000, 3 dp)."
world_production_robusta_usda,World,2020/21,74.439,million 60kg bags,USDA FAS,"USDA FAS PSD Online coffee database (psd_coffee_csv.zip), world aggregate - Dec 2025 release vintage",https://github.com/andenick/Foodberg/blob/7b5333b1066caceaef075a4c66b480507235a571/Outputs/Data/WASDE_PSD/wasde_psd_coffee_green__world.csv,"""Coffee, Green"",World,2020,Robusta Production,(1000 60 KG BAGS),74439.0,1,93,agg",medium,"Robusta production. USDA PSD market year 2020 (= MY 2020/21; world total aggregates each country's local marketing year). Vintage: PSD bulk download of 2026-06-21 = Dec 2025 USDA release (latest official vintage for this year). World = sum of 93 reporting countries (aggregation by andenick/Foodberg from official psd_coffee_csv.zip; validated: MY2025/26 production 178.848 / consumption 173.852 / ending stocks 20.148 / bean exports 123.825 and MY2024/25 production 175.316 match USDA Dec 2025 report headlines 178.8 / 173.9 / 20.1 / 123.8 / 175.3). Converted from 1000 bags to million bags (/1000, 3 dp)."
world_production_robusta_usda,World,2021/22,77.955,million 60kg bags,USDA FAS,"USDA FAS PSD Online coffee database (psd_coffee_csv.zip), world aggregate - Dec 2025 release vintage",https://github.com/andenick/Foodberg/blob/7b5333b1066caceaef075a4c66b480507235a571/Outputs/Data/WASDE_PSD/wasde_psd_coffee_green__world.csv,"""Coffee, Green"",World,2021,Robusta Production,(1000 60 KG BAGS),77955.0,1,93,agg",medium,"Robusta production. USDA PSD market year 2021 (= MY 2021/22; world total aggregates each country's local marketing year). Vintage: PSD bulk download of 2026-06-21 = Dec 2025 USDA release (latest official vintage for this year). World = sum of 93 reporting countries (aggregation by andenick/Foodberg from official psd_coffee_csv.zip; validated: MY2025/26 production 178.848 / consumption 173.852 / ending stocks 20.148 / bean exports 123.825 and MY2024/25 production 175.316 match USDA Dec 2025 report headlines 178.8 / 173.9 / 20.1 / 123.8 / 175.3). Converted from 1000 bags to million bags (/1000, 3 dp)."
world_production_robusta_usda,World,2022/23,76.606,million 60kg bags,USDA FAS,"USDA FAS PSD Online coffee database (psd_coffee_csv.zip), world aggregate - Dec 2025 release vintage",https://github.com/andenick/Foodberg/blob/7b5333b1066caceaef075a4c66b480507235a571/Outputs/Data/WASDE_PSD/wasde_psd_coffee_green__world.csv,"""Coffee, Green"",World,2022,Robusta Production,(1000 60 KG BAGS),76606.0,1,93,agg",medium,"Robusta production. USDA PSD market year 2022 (= MY 2022/23; world total aggregates each country's local marketing year). Vintage: PSD bulk download of 2026-06-21 = Dec 2025 USDA release (latest official vintage for this year). World = sum of 93 reporting countries (aggregation by andenick/Foodberg from official psd_coffee_csv.zip; validated: MY2025/26 production 178.848 / consumption 173.852 / ending stocks 20.148 / bean exports 123.825 and MY2024/25 production 175.316 match USDA Dec 2025 report headlines 178.8 / 173.9 / 20.1 / 123.8 / 175.3). Converted from 1000 bags to million bags (/1000, 3 dp)."
world_production_robusta_usda,World,2023/24,72.105,million 60kg bags,USDA FAS,"USDA FAS PSD Online coffee database (psd_coffee_csv.zip), world aggregate - Dec 2025 release vintage",https://github.com/andenick/Foodberg/blob/7b5333b1066caceaef075a4c66b480507235a571/Outputs/Data/WASDE_PSD/wasde_psd_coffee_green__world.csv,"""Coffee, Green"",World,2023,Robusta Production,(1000 60 KG BAGS),72105.0,1,93,agg",medium,"Robusta production. USDA PSD market year 2023 (= MY 2023/24; world total aggregates each country's local marketing year). Vintage: PSD bulk download of 2026-06-21 = Dec 2025 USDA release (latest official vintage for this year). World = sum of 93 reporting countries (aggregation by andenick/Foodberg from official psd_coffee_csv.zip; validated: MY2025/26 production 178.848 / consumption 173.852 / ending stocks 20.148 / bean exports 123.825 and MY2024/25 production 175.316 match USDA Dec 2025 report headlines 178.8 / 173.9 / 20.1 / 123.8 / 175.3). Converted from 1000 bags to million bags (/1000, 3 dp)."
world_production_robusta_usda,World,2024/25,75.703,million 60kg bags,USDA FAS,"Coffee: World Markets and Trade, June 2025",https://www.comunicaffe.com/usda-biannual-report-cuts-estimate-of-world-production-for-2024-25-to-174-4-million/,"After the previous year's decline, Robusta production is up by 5%, to 75.703 million.",medium,Vintage Jun 2025.
world_production_robusta_usda,World,2024/25,75.113,million 60kg bags,USDA FAS,"USDA FAS PSD Online coffee database (psd_coffee_csv.zip), world aggregate - Dec 2025 release vintage",https://github.com/andenick/Foodberg/blob/7b5333b1066caceaef075a4c66b480507235a571/Outputs/Data/WASDE_PSD/wasde_psd_coffee_green__world.csv,"""Coffee, Green"",World,2024,Robusta Production,(1000 60 KG BAGS),75113.0,1,93,agg",medium,"Robusta production. USDA PSD market year 2024 (= MY 2024/25; world total aggregates each country's local marketing year). Vintage: PSD bulk download of 2026-06-21 = Dec 2025 USDA release (latest official vintage for this year before the Jul 2026 report). World = sum of 93 reporting countries (aggregation by andenick/Foodberg from official psd_coffee_csv.zip; validated: MY2025/26 production 178.848 / consumption 173.852 / ending stocks 20.148 / bean exports 123.825 and MY2024/25 production 175.316 match USDA Dec 2025 report headlines 178.8 / 173.9 / 20.1 / 123.8 / 175.3). Converted from 1000 bags to million bags (/1000, 3 dp)."
world_production_robusta_usda,World,2025/26,83.333,million 60kg bags,USDA FAS,"USDA FAS PSD Online coffee database (psd_coffee_csv.zip), world aggregate - Dec 2025 release vintage",https://github.com/andenick/Foodberg/blob/7b5333b1066caceaef075a4c66b480507235a571/Outputs/Data/WASDE_PSD/wasde_psd_coffee_green__world.csv,"""Coffee, Green"",World,2025,Robusta Production,(1000 60 KG BAGS),83333.0,1,93,agg",medium,"Robusta production. USDA PSD market year 2025 (= MY 2025/26; world total aggregates each country's local marketing year). Vintage: PSD bulk download of 2026-06-21 = Dec 2025 USDA release (latest official vintage for this year before the Jul 2026 report). World = sum of 93 reporting countries (aggregation by andenick/Foodberg from official psd_coffee_csv.zip; validated: MY2025/26 production 178.848 / consumption 173.852 / ending stocks 20.148 / bean exports 123.825 and MY2024/25 production 175.316 match USDA Dec 2025 report headlines 178.8 / 173.9 / 20.1 / 123.8 / 175.3). Converted from 1000 bags to million bags (/1000, 3 dp)."
world_production_robusta_usda,World,2026/27,83.8,million 60kg bags,USDA FAS,"Coffee: World Markets and Trade, July 2026",https://www.comunicaffe.com/usda-world-coffee-production-6-exports-9-and-global-consumption-3-6-set-to-reach-record-levels-in-2026-27,"Robusta output will fall slightly (-0.7%) compared with last year's all-time high, dropping to 83.8 million",medium,Vintage Jul 2026. Forecast; second-highest on record after 2025/26 (record). Cross-checked Perfect Daily Grind and DatamarNews (83.8m).
world_production_usda,World,2005/06,117.883,million 60kg bags,USDA FAS,"USDA FAS PSD Online coffee database (psd_coffee_csv.zip), world aggregate - Dec 2025 release vintage",https://github.com/andenick/Foodberg/blob/7b5333b1066caceaef075a4c66b480507235a571/Outputs/Data/WASDE_PSD/wasde_psd_coffee_green__world.csv,"""Coffee, Green"",World,2005,Production,(1000 60 KG BAGS),117883.0,1,88,agg",medium,"Total production (Arabica+Robusta+Other). USDA PSD market year 2005 (= MY 2005/06; world total aggregates each country's local marketing year). Vintage: PSD bulk download of 2026-06-21 = Dec 2025 USDA release (latest official vintage for this year). World = sum of 88 reporting countries (aggregation by andenick/Foodberg from official psd_coffee_csv.zip; validated: MY2025/26 production 178.848 / consumption 173.852 / ending stocks 20.148 / bean exports 123.825 and MY2024/25 production 175.316 match USDA Dec 2025 report headlines 178.8 / 173.9 / 20.1 / 123.8 / 175.3). Converted from 1000 bags to million bags (/1000, 3 dp)."
world_production_usda,World,2006/07,134.050,million 60kg bags,USDA FAS,"USDA FAS PSD Online coffee database (psd_coffee_csv.zip), world aggregate - Dec 2025 release vintage",https://github.com/andenick/Foodberg/blob/7b5333b1066caceaef075a4c66b480507235a571/Outputs/Data/WASDE_PSD/wasde_psd_coffee_green__world.csv,"""Coffee, Green"",World,2006,Production,(1000 60 KG BAGS),134050.0,1,88,agg",medium,"Total production (Arabica+Robusta+Other). USDA PSD market year 2006 (= MY 2006/07; world total aggregates each country's local marketing year). Vintage: PSD bulk download of 2026-06-21 = Dec 2025 USDA release (latest official vintage for this year). World = sum of 88 reporting countries (aggregation by andenick/Foodberg from official psd_coffee_csv.zip; validated: MY2025/26 production 178.848 / consumption 173.852 / ending stocks 20.148 / bean exports 123.825 and MY2024/25 production 175.316 match USDA Dec 2025 report headlines 178.8 / 173.9 / 20.1 / 123.8 / 175.3). Converted from 1000 bags to million bags (/1000, 3 dp)."
world_production_usda,World,2007/08,124.388,million 60kg bags,USDA FAS,"USDA FAS PSD Online coffee database (psd_coffee_csv.zip), world aggregate - Dec 2025 release vintage",https://github.com/andenick/Foodberg/blob/7b5333b1066caceaef075a4c66b480507235a571/Outputs/Data/WASDE_PSD/wasde_psd_coffee_green__world.csv,"""Coffee, Green"",World,2007,Production,(1000 60 KG BAGS),124388.0,1,89,agg",medium,"Total production (Arabica+Robusta+Other). USDA PSD market year 2007 (= MY 2007/08; world total aggregates each country's local marketing year). Vintage: PSD bulk download of 2026-06-21 = Dec 2025 USDA release (latest official vintage for this year). World = sum of 89 reporting countries (aggregation by andenick/Foodberg from official psd_coffee_csv.zip; validated: MY2025/26 production 178.848 / consumption 173.852 / ending stocks 20.148 / bean exports 123.825 and MY2024/25 production 175.316 match USDA Dec 2025 report headlines 178.8 / 173.9 / 20.1 / 123.8 / 175.3). Converted from 1000 bags to million bags (/1000, 3 dp)."
world_production_usda,World,2008/09,136.751,million 60kg bags,USDA FAS,"USDA FAS PSD Online coffee database (psd_coffee_csv.zip), world aggregate - Dec 2025 release vintage",https://github.com/andenick/Foodberg/blob/7b5333b1066caceaef075a4c66b480507235a571/Outputs/Data/WASDE_PSD/wasde_psd_coffee_green__world.csv,"""Coffee, Green"",World,2008,Production,(1000 60 KG BAGS),136751.0,1,89,agg",medium,"Total production (Arabica+Robusta+Other). USDA PSD market year 2008 (= MY 2008/09; world total aggregates each country's local marketing year). Vintage: PSD bulk download of 2026-06-21 = Dec 2025 USDA release (latest official vintage for this year). World = sum of 89 reporting countries (aggregation by andenick/Foodberg from official psd_coffee_csv.zip; validated: MY2025/26 production 178.848 / consumption 173.852 / ending stocks 20.148 / bean exports 123.825 and MY2024/25 production 175.316 match USDA Dec 2025 report headlines 178.8 / 173.9 / 20.1 / 123.8 / 175.3). Converted from 1000 bags to million bags (/1000, 3 dp)."
world_production_usda,World,2009/10,129.774,million 60kg bags,USDA FAS,"USDA FAS PSD Online coffee database (psd_coffee_csv.zip), world aggregate - Dec 2025 release vintage",https://github.com/andenick/Foodberg/blob/7b5333b1066caceaef075a4c66b480507235a571/Outputs/Data/WASDE_PSD/wasde_psd_coffee_green__world.csv,"""Coffee, Green"",World,2009,Production,(1000 60 KG BAGS),129774.0,1,89,agg",medium,"Total production (Arabica+Robusta+Other). USDA PSD market year 2009 (= MY 2009/10; world total aggregates each country's local marketing year). Vintage: PSD bulk download of 2026-06-21 = Dec 2025 USDA release (latest official vintage for this year). World = sum of 89 reporting countries (aggregation by andenick/Foodberg from official psd_coffee_csv.zip; validated: MY2025/26 production 178.848 / consumption 173.852 / ending stocks 20.148 / bean exports 123.825 and MY2024/25 production 175.316 match USDA Dec 2025 report headlines 178.8 / 173.9 / 20.1 / 123.8 / 175.3). Converted from 1000 bags to million bags (/1000, 3 dp)."
world_production_usda,World,2010/11,141.409,million 60kg bags,USDA FAS,"USDA FAS PSD Online coffee database (psd_coffee_csv.zip), world aggregate - Dec 2025 release vintage",https://github.com/andenick/Foodberg/blob/7b5333b1066caceaef075a4c66b480507235a571/Outputs/Data/WASDE_PSD/wasde_psd_coffee_green__world.csv,"""Coffee, Green"",World,2010,Production,(1000 60 KG BAGS),141409.0,1,91,agg",medium,"Total production (Arabica+Robusta+Other). USDA PSD market year 2010 (= MY 2010/11; world total aggregates each country's local marketing year). Vintage: PSD bulk download of 2026-06-21 = Dec 2025 USDA release (latest official vintage for this year). World = sum of 91 reporting countries (aggregation by andenick/Foodberg from official psd_coffee_csv.zip; validated: MY2025/26 production 178.848 / consumption 173.852 / ending stocks 20.148 / bean exports 123.825 and MY2024/25 production 175.316 match USDA Dec 2025 report headlines 178.8 / 173.9 / 20.1 / 123.8 / 175.3). Converted from 1000 bags to million bags (/1000, 3 dp)."
world_production_usda,World,2011/12,144.837,million 60kg bags,USDA FAS,"USDA FAS PSD Online coffee database (psd_coffee_csv.zip), world aggregate - Dec 2025 release vintage",https://github.com/andenick/Foodberg/blob/7b5333b1066caceaef075a4c66b480507235a571/Outputs/Data/WASDE_PSD/wasde_psd_coffee_green__world.csv,"""Coffee, Green"",World,2011,Production,(1000 60 KG BAGS),144837.0,1,91,agg",medium,"Total production (Arabica+Robusta+Other). USDA PSD market year 2011 (= MY 2011/12; world total aggregates each country's local marketing year). Vintage: PSD bulk download of 2026-06-21 = Dec 2025 USDA release (latest official vintage for this year). World = sum of 91 reporting countries (aggregation by andenick/Foodberg from official psd_coffee_csv.zip; validated: MY2025/26 production 178.848 / consumption 173.852 / ending stocks 20.148 / bean exports 123.825 and MY2024/25 production 175.316 match USDA Dec 2025 report headlines 178.8 / 173.9 / 20.1 / 123.8 / 175.3). Converted from 1000 bags to million bags (/1000, 3 dp)."
world_production_usda,World,2012/13,158.018,million 60kg bags,USDA FAS,"USDA FAS PSD Online coffee database (psd_coffee_csv.zip), world aggregate - Dec 2025 release vintage",https://github.com/andenick/Foodberg/blob/7b5333b1066caceaef075a4c66b480507235a571/Outputs/Data/WASDE_PSD/wasde_psd_coffee_green__world.csv,"""Coffee, Green"",World,2012,Production,(1000 60 KG BAGS),158018.0,1,91,agg",medium,"Total production (Arabica+Robusta+Other). USDA PSD market year 2012 (= MY 2012/13; world total aggregates each country's local marketing year). Vintage: PSD bulk download of 2026-06-21 = Dec 2025 USDA release (latest official vintage for this year). World = sum of 91 reporting countries (aggregation by andenick/Foodberg from official psd_coffee_csv.zip; validated: MY2025/26 production 178.848 / consumption 173.852 / ending stocks 20.148 / bean exports 123.825 and MY2024/25 production 175.316 match USDA Dec 2025 report headlines 178.8 / 173.9 / 20.1 / 123.8 / 175.3). Converted from 1000 bags to million bags (/1000, 3 dp)."
world_production_usda,World,2013/14,160.054,million 60kg bags,USDA FAS,"USDA FAS PSD Online coffee database (psd_coffee_csv.zip), world aggregate - Dec 2025 release vintage",https://github.com/andenick/Foodberg/blob/7b5333b1066caceaef075a4c66b480507235a571/Outputs/Data/WASDE_PSD/wasde_psd_coffee_green__world.csv,"""Coffee, Green"",World,2013,Production,(1000 60 KG BAGS),160054.0,1,91,agg",medium,"Total production (Arabica+Robusta+Other). USDA PSD market year 2013 (= MY 2013/14; world total aggregates each country's local marketing year). Vintage: PSD bulk download of 2026-06-21 = Dec 2025 USDA release (latest official vintage for this year). World = sum of 91 reporting countries (aggregation by andenick/Foodberg from official psd_coffee_csv.zip; validated: MY2025/26 production 178.848 / consumption 173.852 / ending stocks 20.148 / bean exports 123.825 and MY2024/25 production 175.316 match USDA Dec 2025 report headlines 178.8 / 173.9 / 20.1 / 123.8 / 175.3). Converted from 1000 bags to million bags (/1000, 3 dp)."
world_production_usda,World,2014/15,153.796,million 60kg bags,USDA FAS,"USDA FAS PSD Online coffee database (psd_coffee_csv.zip), world aggregate - Dec 2025 release vintage",https://github.com/andenick/Foodberg/blob/7b5333b1066caceaef075a4c66b480507235a571/Outputs/Data/WASDE_PSD/wasde_psd_coffee_green__world.csv,"""Coffee, Green"",World,2014,Production,(1000 60 KG BAGS),153796.0,1,92,agg",medium,"Total production (Arabica+Robusta+Other). USDA PSD market year 2014 (= MY 2014/15; world total aggregates each country's local marketing year). Vintage: PSD bulk download of 2026-06-21 = Dec 2025 USDA release (latest official vintage for this year). World = sum of 92 reporting countries (aggregation by andenick/Foodberg from official psd_coffee_csv.zip; validated: MY2025/26 production 178.848 / consumption 173.852 / ending stocks 20.148 / bean exports 123.825 and MY2024/25 production 175.316 match USDA Dec 2025 report headlines 178.8 / 173.9 / 20.1 / 123.8 / 175.3). Converted from 1000 bags to million bags (/1000, 3 dp)."
world_production_usda,World,2015/16,152.429,million 60kg bags,USDA FAS,"USDA FAS PSD Online coffee database (psd_coffee_csv.zip), world aggregate - Dec 2025 release vintage",https://github.com/andenick/Foodberg/blob/7b5333b1066caceaef075a4c66b480507235a571/Outputs/Data/WASDE_PSD/wasde_psd_coffee_green__world.csv,"""Coffee, Green"",World,2015,Production,(1000 60 KG BAGS),152429.0,1,92,agg",medium,"Total production (Arabica+Robusta+Other). USDA PSD market year 2015 (= MY 2015/16; world total aggregates each country's local marketing year). Vintage: PSD bulk download of 2026-06-21 = Dec 2025 USDA release (latest official vintage for this year). World = sum of 92 reporting countries (aggregation by andenick/Foodberg from official psd_coffee_csv.zip; validated: MY2025/26 production 178.848 / consumption 173.852 / ending stocks 20.148 / bean exports 123.825 and MY2024/25 production 175.316 match USDA Dec 2025 report headlines 178.8 / 173.9 / 20.1 / 123.8 / 175.3). Converted from 1000 bags to million bags (/1000, 3 dp)."
world_production_usda,World,2016/17,161.079,million 60kg bags,USDA FAS,"USDA FAS PSD Online coffee database (psd_coffee_csv.zip), world aggregate - Dec 2025 release vintage",https://github.com/andenick/Foodberg/blob/7b5333b1066caceaef075a4c66b480507235a571/Outputs/Data/WASDE_PSD/wasde_psd_coffee_green__world.csv,"""Coffee, Green"",World,2016,Production,(1000 60 KG BAGS),161079.0,1,93,agg",medium,"Total production (Arabica+Robusta+Other). USDA PSD market year 2016 (= MY 2016/17; world total aggregates each country's local marketing year). Vintage: PSD bulk download of 2026-06-21 = Dec 2025 USDA release (latest official vintage for this year). World = sum of 93 reporting countries (aggregation by andenick/Foodberg from official psd_coffee_csv.zip; validated: MY2025/26 production 178.848 / consumption 173.852 / ending stocks 20.148 / bean exports 123.825 and MY2024/25 production 175.316 match USDA Dec 2025 report headlines 178.8 / 173.9 / 20.1 / 123.8 / 175.3). Converted from 1000 bags to million bags (/1000, 3 dp)."
world_production_usda,World,2017/18,159.814,million 60kg bags,USDA FAS,"USDA FAS PSD Online coffee database (psd_coffee_csv.zip), world aggregate - Dec 2025 release vintage",https://github.com/andenick/Foodberg/blob/7b5333b1066caceaef075a4c66b480507235a571/Outputs/Data/WASDE_PSD/wasde_psd_coffee_green__world.csv,"""Coffee, Green"",World,2017,Production,(1000 60 KG BAGS),159814.0,1,93,agg",medium,"Total production (Arabica+Robusta+Other). USDA PSD market year 2017 (= MY 2017/18; world total aggregates each country's local marketing year). Vintage: PSD bulk download of 2026-06-21 = Dec 2025 USDA release (latest official vintage for this year). World = sum of 93 reporting countries (aggregation by andenick/Foodberg from official psd_coffee_csv.zip; validated: MY2025/26 production 178.848 / consumption 173.852 / ending stocks 20.148 / bean exports 123.825 and MY2024/25 production 175.316 match USDA Dec 2025 report headlines 178.8 / 173.9 / 20.1 / 123.8 / 175.3). Converted from 1000 bags to million bags (/1000, 3 dp)."
world_production_usda,World,2018/19,175.856,million 60kg bags,USDA FAS,"USDA FAS PSD Online coffee database (psd_coffee_csv.zip), world aggregate - Dec 2025 release vintage",https://github.com/andenick/Foodberg/blob/7b5333b1066caceaef075a4c66b480507235a571/Outputs/Data/WASDE_PSD/wasde_psd_coffee_green__world.csv,"""Coffee, Green"",World,2018,Production,(1000 60 KG BAGS),175856.0,1,93,agg",medium,"Total production (Arabica+Robusta+Other). USDA PSD market year 2018 (= MY 2018/19; world total aggregates each country's local marketing year). Vintage: PSD bulk download of 2026-06-21 = Dec 2025 USDA release (latest official vintage for this year). World = sum of 93 reporting countries (aggregation by andenick/Foodberg from official psd_coffee_csv.zip; validated: MY2025/26 production 178.848 / consumption 173.852 / ending stocks 20.148 / bean exports 123.825 and MY2024/25 production 175.316 match USDA Dec 2025 report headlines 178.8 / 173.9 / 20.1 / 123.8 / 175.3). Converted from 1000 bags to million bags (/1000, 3 dp)."
world_production_usda,World,2019/20,169.030,million 60kg bags,USDA FAS,"USDA FAS PSD Online coffee database (psd_coffee_csv.zip), world aggregate - Dec 2025 release vintage",https://github.com/andenick/Foodberg/blob/7b5333b1066caceaef075a4c66b480507235a571/Outputs/Data/WASDE_PSD/wasde_psd_coffee_green__world.csv,"""Coffee, Green"",World,2019,Production,(1000 60 KG BAGS),169030.0,1,93,agg",medium,"Total production (Arabica+Robusta+Other). USDA PSD market year 2019 (= MY 2019/20; world total aggregates each country's local marketing year). Vintage: PSD bulk download of 2026-06-21 = Dec 2025 USDA release (latest official vintage for this year). World = sum of 93 reporting countries (aggregation by andenick/Foodberg from official psd_coffee_csv.zip; validated: MY2025/26 production 178.848 / consumption 173.852 / ending stocks 20.148 / bean exports 123.825 and MY2024/25 production 175.316 match USDA Dec 2025 report headlines 178.8 / 173.9 / 20.1 / 123.8 / 175.3). Converted from 1000 bags to million bags (/1000, 3 dp)."
world_production_usda,World,2020/21,176.549,million 60kg bags,USDA FAS,"USDA FAS PSD Online coffee database (psd_coffee_csv.zip), world aggregate - Dec 2025 release vintage",https://github.com/andenick/Foodberg/blob/7b5333b1066caceaef075a4c66b480507235a571/Outputs/Data/WASDE_PSD/wasde_psd_coffee_green__world.csv,"""Coffee, Green"",World,2020,Production,(1000 60 KG BAGS),176549.0,1,93,agg",medium,"Total production (Arabica+Robusta+Other). USDA PSD market year 2020 (= MY 2020/21; world total aggregates each country's local marketing year). Vintage: PSD bulk download of 2026-06-21 = Dec 2025 USDA release (latest official vintage for this year). World = sum of 93 reporting countries (aggregation by andenick/Foodberg from official psd_coffee_csv.zip; validated: MY2025/26 production 178.848 / consumption 173.852 / ending stocks 20.148 / bean exports 123.825 and MY2024/25 production 175.316 match USDA Dec 2025 report headlines 178.8 / 173.9 / 20.1 / 123.8 / 175.3). Converted from 1000 bags to million bags (/1000, 3 dp)."
world_production_usda,World,2021/22,165.044,million 60kg bags,USDA FAS,"USDA FAS PSD Online coffee database (psd_coffee_csv.zip), world aggregate - Dec 2025 release vintage",https://github.com/andenick/Foodberg/blob/7b5333b1066caceaef075a4c66b480507235a571/Outputs/Data/WASDE_PSD/wasde_psd_coffee_green__world.csv,"""Coffee, Green"",World,2021,Production,(1000 60 KG BAGS),165044.0,1,93,agg",medium,"Total production (Arabica+Robusta+Other). USDA PSD market year 2021 (= MY 2021/22; world total aggregates each country's local marketing year). Vintage: PSD bulk download of 2026-06-21 = Dec 2025 USDA release (latest official vintage for this year). World = sum of 93 reporting countries (aggregation by andenick/Foodberg from official psd_coffee_csv.zip; validated: MY2025/26 production 178.848 / consumption 173.852 / ending stocks 20.148 / bean exports 123.825 and MY2024/25 production 175.316 match USDA Dec 2025 report headlines 178.8 / 173.9 / 20.1 / 123.8 / 175.3). Converted from 1000 bags to million bags (/1000, 3 dp)."
world_production_usda,World,2022/23,172.8,million 60kg bags,USDA FAS,"Coffee: World Markets and Trade, December 2022",https://www.comunicaffe.com/usda-world-coffee-production-to-rebound-to-172-8-million-consumption-at-167-9-million/,"sees world coffee production for 2022/23 at 172.8 million, up 6.6 million bags, with global consumption expected to rise 800,000 bags to 167.9 million",medium,Vintage Dec 2022.
world_production_usda,World,2022/23,164.389,million 60kg bags,USDA FAS,"USDA FAS PSD Online coffee database (psd_coffee_csv.zip), world aggregate - Dec 2025 release vintage",https://github.com/andenick/Foodberg/blob/7b5333b1066caceaef075a4c66b480507235a571/Outputs/Data/WASDE_PSD/wasde_psd_coffee_green__world.csv,"""Coffee, Green"",World,2022,Production,(1000 60 KG BAGS),164389.0,1,93,agg",medium,"Total production (Arabica+Robusta+Other). USDA PSD market year 2022 (= MY 2022/23; world total aggregates each country's local marketing year). Vintage: PSD bulk download of 2026-06-21 = Dec 2025 USDA release (latest official vintage for this year). World = sum of 93 reporting countries (aggregation by andenick/Foodberg from official psd_coffee_csv.zip; validated: MY2025/26 production 178.848 / consumption 173.852 / ending stocks 20.148 / bean exports 123.825 and MY2024/25 production 175.316 match USDA Dec 2025 report headlines 178.8 / 173.9 / 20.1 / 123.8 / 175.3). Converted from 1000 bags to million bags (/1000, 3 dp)."
world_production_usda,World,2023/24,174.3,million 60kg bags,USDA FAS,"Coffee: World Markets and Trade, June 2023",https://www.comunicaffe.com/usda-sees-world-coffee-production-for-2023-24-up-2-5-at-174-3m-bags-exports-to-reach-122-2m/,"USDA forecasts world coffee production for 2023/24 up 2.5% at 174.3 million bags, exports seen at 122.2 million",medium,Vintage Jun 2023 (first forecast; headline only). Superseded: 169.345m in Jun 2025 and Dec 2025 PSD vintages (large downward revision).
world_production_usda,World,2023/24,169.345,million 60kg bags,USDA FAS,"Coffee: World Markets and Trade, June 2025",https://www.comunicaffe.com/usda-biannual-report-cuts-estimate-of-world-production-for-2024-25-to-174-4-million/,"174.395 million bags, almost 3% higher from 169.345 million in 2023/24",medium,Vintage Jun 2025 (restated prior year).
world_production_usda,World,2023/24,169.345,million 60kg bags,USDA FAS,"USDA FAS PSD Online coffee database (psd_coffee_csv.zip), world aggregate - Dec 2025 release vintage",https://github.com/andenick/Foodberg/blob/7b5333b1066caceaef075a4c66b480507235a571/Outputs/Data/WASDE_PSD/wasde_psd_coffee_green__world.csv,"""Coffee, Green"",World,2023,Production,(1000 60 KG BAGS),169345.0,1,93,agg",medium,"Total production (Arabica+Robusta+Other). USDA PSD market year 2023 (= MY 2023/24; world total aggregates each country's local marketing year). Vintage: PSD bulk download of 2026-06-21 = Dec 2025 USDA release (latest official vintage for this year). World = sum of 93 reporting countries (aggregation by andenick/Foodberg from official psd_coffee_csv.zip; validated: MY2025/26 production 178.848 / consumption 173.852 / ending stocks 20.148 / bean exports 123.825 and MY2024/25 production 175.316 match USDA Dec 2025 report headlines 178.8 / 173.9 / 20.1 / 123.8 / 175.3). Converted from 1000 bags to million bags (/1000, 3 dp)."
world_production_usda,World,2024/25,176.235,million 60kg bags,USDA FAS,"Coffee: World Markets and Trade, June 2024",https://www.comunicaffe.com/usda-forecasts-world-coffee-production-in-2024-25-to-reach-176-2-million-bags-4-2-consumption-is-seen-3-1-million-bags-higher-to-170-6-million/,Usda forecasts world coffee production in 2024/25 to reach 176.235 million bags (+4.2%),medium,Vintage Jun 2024. First forecast. Superseded.
world_production_usda,World,2024/25,174.855,million 60kg bags,USDA FAS,"Coffee: World Markets and Trade, December 2024",https://www.comunicaffe.com/usda-sees-world-production-at-174-855-million-bags-up-6-9-million-consumption-to-reach-168-071-million-3/,"pegs world coffee production at 174.855 million bags (compared to 176.235 million estimated last June), up 6.9 million",medium,Vintage Dec 2024 (released 18 Dec 2024).
world_production_usda,World,2024/25,174.395,million 60kg bags,USDA FAS,"Coffee: World Markets and Trade, June 2025",https://www.comunicaffe.com/usda-biannual-report-cuts-estimate-of-world-production-for-2024-25-to-174-4-million/,"World coffee production for 2024/25 is now estimated at 174.395 million bags, almost 3% higher from 169.345 million in 2023/24",medium,Vintage Jun 2025 (released 25 Jun 2025). Estimate; lowered from 174.855m (Dec 2024).
world_production_usda,World,2024/25,175.316,million 60kg bags,USDA FAS,"USDA FAS PSD Online coffee database (psd_coffee_csv.zip), world aggregate - Dec 2025 release vintage",https://github.com/andenick/Foodberg/blob/7b5333b1066caceaef075a4c66b480507235a571/Outputs/Data/WASDE_PSD/wasde_psd_coffee_green__world.csv,"""Coffee, Green"",World,2024,Production,(1000 60 KG BAGS),175316.0,1,93,agg",medium,"Total production (Arabica+Robusta+Other). USDA PSD market year 2024 (= MY 2024/25; world total aggregates each country's local marketing year). Vintage: PSD bulk download of 2026-06-21 = Dec 2025 USDA release (latest official vintage for this year before the Jul 2026 report). World = sum of 93 reporting countries (aggregation by andenick/Foodberg from official psd_coffee_csv.zip; validated: MY2025/26 production 178.848 / consumption 173.852 / ending stocks 20.148 / bean exports 123.825 and MY2024/25 production 175.316 match USDA Dec 2025 report headlines 178.8 / 173.9 / 20.1 / 123.8 / 175.3). Converted from 1000 bags to million bags (/1000, 3 dp)."
world_production_usda,World,2025/26,178.7,million 60kg bags,USDA FAS,"Coffee: World Markets and Trade, June 2025",https://www.fas.usda.gov/sites/default/files/2025-06/coffee.pdf,World coffee production for 2025/26 is forecast by USDA 4.3 million bags higher than the previous year to a record 178.7 million,high,Vintage Jun 2025 (released 25 Jun 2025). First forecast. Superseded.
world_production_usda,World,2025/26,178.848,million 60kg bags,USDA FAS,"USDA FAS PSD Online coffee database (psd_coffee_csv.zip), world aggregate - Dec 2025 release vintage",https://github.com/andenick/Foodberg/blob/7b5333b1066caceaef075a4c66b480507235a571/Outputs/Data/WASDE_PSD/wasde_psd_coffee_green__world.csv,"""Coffee, Green"",World,2025,Production,(1000 60 KG BAGS),178848.0,1,93,agg",medium,"Total production (Arabica+Robusta+Other). USDA PSD market year 2025 (= MY 2025/26; world total aggregates each country's local marketing year). Vintage: PSD bulk download of 2026-06-21 = Dec 2025 USDA release (latest official vintage for this year before the Jul 2026 report). World = sum of 93 reporting countries (aggregation by andenick/Foodberg from official psd_coffee_csv.zip; validated: MY2025/26 production 178.848 / consumption 173.852 / ending stocks 20.148 / bean exports 123.825 and MY2024/25 production 175.316 match USDA Dec 2025 report headlines 178.8 / 173.9 / 20.1 / 123.8 / 175.3). Converted from 1000 bags to million bags (/1000, 3 dp)."
world_production_usda,World,2025/26,178.8,million 60kg bags,USDA FAS,"Coffee: World Markets and Trade, December 2025",https://www.comunicaffe.com/usda-sees-world-coffee-production-for-2025-26-at-an-all-time-high-of-178-8-million-bags-2-consumption-at-a-record-173-9-million-1-3/,USDA forecasts world coffee production for 2025/26 at an all-time high of 178.8 million bags (+2%),medium,Vintage Dec 2025. Forecast; record at the time.
world_production_usda,World,2025/26,178.8,million 60kg bags,USDA FAS,"Coffee: World Markets and Trade, July 2026",https://www.fas.usda.gov/sites/default/files/2026-07/coffee.pdf,World production is unchanged from the December 2025 estimate of 178.8 million bags.,high,Vintage Jul 2026 (latest; released 22 Jul 2026). Statement as indexed by WebSearch from the USDA PDF; unchanged vs Dec 2025 vintage. Consistent with 2026/27 = 189.667 being +10.8m. Arabica/Robusta split of 2025/26 appears revised (2026/27 +12.1% / -0.7% imply ~94.4 / ~84.4) - not recorded as values.
world_production_usda,World,2026/27,189.667,million 60kg bags,USDA FAS,"Coffee: World Markets and Trade, July 2026",https://www.comunicaffe.com/usda-world-coffee-production-6-exports-9-and-global-consumption-3-6-set-to-reach-record-levels-in-2026-27,Production is forecast to rise by 10.8 million bags (+6%) to 189.667 million.,medium,"Vintage: USDA FAS mid-year report released 22 Jul 2026 (the edition normally published in June; file fas.usda.gov/sites/default/files/2026-07/coffee.pdf). Forecast. Cross-checked: 189.7 in Barchart, Perfect Daily Grind (24 Jul 2026), DatamarNews, Fresh Cup."
