dataset,entity,period,value,unit,source_org,source_title,source_url,quote,confidence,notes
stores_starbucks_total,Starbucks,FY2005,10241,stores,Starbucks (SEC 10-K),"Starbucks Form 10-K fiscal 2005 (year ended Oct 2, 2005)",https://www.sec.gov/Archives/edgar/data/829224/000089102005000350/v13039e10vk.htm,"As of October 2, 2005 ... 6,000 Company-operated retail stores ... 2,435 licensed stores in the United States ... International ... 1,806 licensed retail stores",medium,"Total derived as sum of components reported in 10-K (6,000 + 2,435 + 1,806 = 10,241); search summary, not a single explicit total line. Fiscal year ends Sunday closest to Sep 30."
stores_starbucks_total,Starbucks,FY2006,12440,stores,Starbucks (SEC 10-K),"Starbucks Form 10-K fiscal 2006 (year ended Oct 1, 2006)",https://www.sec.gov/Archives/edgar/data/0000829224/000089102006000406/v24294e10vk.htm,"In 2006, there were 12,440 Starbucks stores worldwide ... opened 2,199 new stores in fiscal 2006",medium,"Search summary attributes 12,440 to FY2006 10-K; 2,199 openings consistent with 10,241 at FY2005 end (10,241+2,199=12,440)."
stores_starbucks_total,Starbucks,FY2007,,stores,Starbucks (SEC 10-K),"Starbucks Form 10-K fiscal 2007 (year ended Sep 30, 2007)",https://www.sec.gov/Archives/edgar/data/0000829224/000095013407024667/v33834e10vk.htm,"opened a total of 2,571 new company-operated and licensed stores during the year ... to end the year with over 15,000 stores",medium,"Exact total not surfaced by search ('over 15,000'); 12,440 + 2,571 net = 15,011 implied but not recorded as value (derived). See later row if found."
stores_starbucks_total,Starbucks,FY2010,16858,stores,Starbucks (SEC 10-K),"Starbucks Form 10-K fiscal 2010 (year ended Oct 3, 2010)",https://www.sec.gov/Archives/edgar/data/0000829224/000119312510266333/d10k.htm,"total number of stores was 16,858, comprised of 11,131 company-operated stores and 5,727 licensed stores",high,
stores_starbucks_total,Starbucks,FY2015,23043,stores,Starbucks,"Starbucks Reports Record Fourth Quarter and Record Fiscal Year 2015 Results (Oct 29, 2015)",https://investor.starbucks.com/news/financial-releases/news-details/2015/Starbucks-Reports-Record-Fourth-Quarter-and-Record-Fiscal-Year-2015-Results/default.aspx,"opened 1,677 net new stores in fiscal 2015, ending the year with 23,043 stores in 68 countries",high,Also on Business Wire 20151029006585.
stores_starbucks_total,Starbucks,FY2016,25085,stores,Starbucks,"Starbucks Reports Record Q4 and Record FY16 Results (Nov 3, 2016)",https://investor.starbucks.com/news/financial-releases/news-details/2016/Starbucks-Reports-Record-Q4-and-Record-FY16-Results/default.aspx,"opened 690 net new stores in the quarter, bringing total stores to 25,085 in 75 countries",high,"FY2016 ended Oct 2, 2016. Also SEC 8-K exhibit 99.1 sbux-1022016xexhibit991.htm"
stores_starbucks_total,Starbucks,FY2017,27339,stores,Starbucks,"Starbucks Reports Q4 and Full Year Fiscal 2017 Results (Business Wire, Nov 2, 2017)",https://www.businesswire.com/news/home/20171102006563/en/Starbucks-Reports-Q4-Full-Year-Fiscal-2017,"opened 603 net new stores globally, bringing the total store count to 27,339 across 75 countries",high,"FY2017 ended Oct 1, 2017."
stores_starbucks_total,Starbucks,FY2018,29324,stores,Starbucks,"Starbucks Reports Q4 and Full Year Fiscal 2018 Results (Nov 1, 2018)",https://investor.starbucks.com/news/financial-releases/news-details/2018/Starbucks-Reports-Q4-and-Full-Year-Fiscal-2018-Results/default.aspx,"opened 604 net new stores in Q4 and now operates 29,324 stores across 78 markets",high,"FY2018 ended Sep 30, 2018."
stores_starbucks_total,Starbucks,FY2019,31256,stores,Starbucks,"Starbucks Reports Q4 and Full Year Fiscal 2019 Results (Oct 30, 2019)",https://s203.q4cdn.com/326826266/files/doc_news/Starbucks-Reports-Q4-and-Full-Year-Fiscal-2019-Results-2019.pdf,"opened 630 net new stores in Q4, yielding 31,256 stores at the end of the quarter, a 7% increase over the prior year",high,"FY2019 ended Sep 29, 2019. Also nasdaq.com press release copy."
stores_starbucks_total,Starbucks,FY2020,32660,stores,Starbucks,"Starbucks Reports Q4 Fiscal 2020 Results (Oct 29, 2020)",https://investor.starbucks.com/news/financial-releases/news-details/2020/Starbucks-Reports-Q4-Fiscal-2020-Results/default.aspx,"ended fiscal 2020 Q4 with 32,660 stores globally, of which 51% and 49% were company-operated and licensed",high,"FY2020 ended Sep 27, 2020. 480 net new stores in Q4."
stores_starbucks_us,Starbucks US,FY2020,15337,stores,Starbucks,"Starbucks Reports Q4 Fiscal 2020 Results (Oct 29, 2020)",https://investor.starbucks.com/news/financial-releases/news-details/2020/Starbucks-Reports-Q4-Fiscal-2020-Results/default.aspx,"Stores in the U.S. and China comprised 61% of the company's global portfolio at the end of Q4, with 15,337 and 4,706 stores, respectively",high,Company-operated + licensed.
stores_starbucks_china,Starbucks China,FY2020,4706,stores,Starbucks,"Starbucks Reports Q4 Fiscal 2020 Results (Oct 29, 2020)",https://investor.starbucks.com/news/financial-releases/news-details/2020/Starbucks-Reports-Q4-Fiscal-2020-Results/default.aspx,"with 15,337 and 4,706 stores, respectively",high,End of Sep 2020 (fiscal Q4).
stores_starbucks_total,Starbucks,FY2021,33833,stores,Starbucks,"Starbucks Reports Record Q4 and Full Year Fiscal 2021 Results (Oct 28, 2021)",https://investor.starbucks.com/news/financial-releases/news-details/2021/Starbucks-Reports-Record-Q4-and-Full-Year-Fiscal-2021-Results/default.aspx,"opened 538 net new stores ... ending the period with a record 33,833 stores globally, of which 51% and 49% were company-operated and licensed",high,"FY2021 ended Oct 3, 2021 (53-week year)."
stores_starbucks_us,Starbucks US,FY2021,15450,stores,Starbucks,"Starbucks Reports Record Q4 and Full Year Fiscal 2021 Results (Oct 28, 2021)",https://investor.starbucks.com/news/financial-releases/news-details/2021/Starbucks-Reports-Record-Q4-and-Full-Year-Fiscal-2021-Results/default.aspx,"Stores in the U.S. and China comprised 62% of the company's global portfolio ... with 15,450 and 5,360 stores, respectively",high,
stores_starbucks_china,Starbucks China,FY2021,5360,stores,Starbucks,"Starbucks Reports Record Q4 and Full Year Fiscal 2021 Results (Oct 28, 2021)",https://investor.starbucks.com/news/financial-releases/news-details/2021/Starbucks-Reports-Record-Q4-and-Full-Year-Fiscal-2021-Results/default.aspx,"with 15,450 and 5,360 stores, respectively",high,
stores_starbucks_total,Starbucks,FY2022,35711,stores,Starbucks,"Starbucks Reports Q4 and Full Year Fiscal 2022 Results (Nov 3, 2022)",https://s203.q4cdn.com/326826266/files/doc_news/Starbucks-Reports-Q4-and-Full-Year-Fiscal-2022-Results-2022.pdf,"opening 763 net new stores ending the period with 35,711 stores globally (51% company-operated and 49% licensed)",high,"FY2022 ended Oct 2, 2022. China surpassed 6,000 stores."
stores_starbucks_us,Starbucks US,FY2022,15878,stores,Starbucks,"Starbucks Reports Q4 and Full Year Fiscal 2022 Results (Nov 3, 2022)",https://s203.q4cdn.com/326826266/files/doc_news/Starbucks-Reports-Q4-and-Full-Year-Fiscal-2022-Results-2022.pdf,"At the end of Q4, the U.S. had 15,878 stores",high,
stores_starbucks_total,Starbucks,FY2023,38038,stores,Starbucks,"Starbucks Reports Q4 and Full Year Fiscal 2023 Results (Nov 2, 2023)",https://s203.q4cdn.com/326826266/files/doc_financials/2023/q4/4Q23-Earnings-Release-Final-11-1-23.pdf,"opened 816 net new stores in Q4, ending the period with 38,038 stores: 52% company-operated and 48% licensed",high,"FY2023 ended Oct 1, 2023."
stores_starbucks_us,Starbucks US,FY2023,16352,stores,Starbucks,"Starbucks Reports Q4 and Full Year Fiscal 2023 Results (Nov 2, 2023)",https://s203.q4cdn.com/326826266/files/doc_financials/2023/q4/4Q23-Earnings-Release-Final-11-1-23.pdf,"with 16,352 and 6,806 stores in the U.S. and China, respectively",high,
stores_starbucks_china,Starbucks China,FY2023,6806,stores,Starbucks,"Starbucks Reports Q4 and Full Year Fiscal 2023 Results (Nov 2, 2023)",https://s203.q4cdn.com/326826266/files/doc_financials/2023/q4/4Q23-Earnings-Release-Final-11-1-23.pdf,"with 16,352 and 6,806 stores in the U.S. and China, respectively",high,
stores_starbucks_total,Starbucks,FY2024,40199,stores,Starbucks,"Starbucks Reports Q4 and Full Fiscal Year 2024 Results (Oct 30, 2024)",https://s203.q4cdn.com/326826266/files/doc_financials/2024/q4/Q4-and-Full-FY24-Earnings-Release-Final-10-30-24.pdf,"Starbucks ended Q4 with 40,199 stores: 52% company-operated and 48% licensed",high,"FY2024 ended Sep 29, 2024. Also SEC 8-K exhibit sbux-9292024xexhibit991.htm"
stores_starbucks_us,Starbucks US,FY2024,16941,stores,Starbucks,"Starbucks Reports Q4 and Full Fiscal Year 2024 Results (Oct 30, 2024)",https://s203.q4cdn.com/326826266/files/doc_financials/2024/q4/Q4-and-Full-FY24-Earnings-Release-Final-10-30-24.pdf,"with 16,941 and 7,596 stores in the U.S. and China, respectively, comprising 61% of the company's global portfolio",high,
stores_starbucks_china,Starbucks China,FY2024,7596,stores,Starbucks,"Starbucks Reports Q4 and Full Fiscal Year 2024 Results (Oct 30, 2024)",https://s203.q4cdn.com/326826266/files/doc_financials/2024/q4/Q4-and-Full-FY24-Earnings-Release-Final-10-30-24.pdf,"with 16,941 and 7,596 stores in the U.S. and China, respectively",high,Same release: China comparable store sales -14% in Q4 FY24.
stores_starbucks_total,Starbucks,FY2025,40990,stores,Starbucks (SEC 8-K),"Starbucks Q4 and full fiscal year 2025 earnings release, 8-K Exhibit 99.1",https://www.sec.gov/Archives/edgar/data/829224/000082922425000074/sbux-09282025xexhibit991.htm,"107 net store closures in Q4, ending the period with 40,990 stores",high,"FY2025 ended Sep 28, 2025 (per filing date in URL). 107 net store closures in Q4."
stores_starbucks_us,Starbucks US,FY2025,16864,stores,Starbucks (SEC 8-K),"Starbucks Q4 and full fiscal year 2025 earnings release, 8-K Exhibit 99.1",https://www.sec.gov/Archives/edgar/data/829224/000082922425000074/sbux-09282025xexhibit991.htm,"stores in the U.S. and China comprised 61% of the company's global portfolio, with 16,864 and 8,011 stores in the U.S. and China, respectively",high,"First year-over-year decline in US store count in the series (16,941 -> 16,864)."
stores_starbucks_china,Starbucks China,FY2025,8011,stores,Starbucks (SEC 8-K),"Starbucks Q4 and full fiscal year 2025 earnings release, 8-K Exhibit 99.1",https://www.sec.gov/Archives/edgar/data/829224/000082922425000074/sbux-09282025xexhibit991.htm,"with 16,864 and 8,011 stores in the U.S. and China, respectively",high,Company-reported count at FY2025 end.
stores_starbucks_total,Starbucks,FY2026-Q3,41304,stores,Starbucks,"Starbucks Reports Q3 Fiscal Year 2026 Results (Jul 29, 2026)",https://investor.starbucks.com/news/financial-releases/news-details/2026/Starbucks-Reports-Q3-Fiscal-Year-2026-Results/default.aspx,"opened 175 net new stores in Q3, ending the period with 41,304 stores",high,"Quarter ended Jun 28, 2026. Release headline: revenues down 1% 'Reflecting the Starbucks China Transaction' (check whether China stores are still counted and how). FY2026 guidance ~600-650 net new coffeehouses."
gdp_per_capita_usd,China,2005,1777.64,current US$ per person,World Bank (WDI),"WDI NY.GDP.PCAP.CD bulk CSV, Last Updated Date 2025-07-01 (copy hosted on GitHub)",https://github.com/javamercy/GDP-analysis/blob/cad0968a730e39ba11790942335670c5838da161/data/API_NY.GDP.PCAP.CD_DS2_en_csv_v2_122367.csv,"""China"",""CHN"",""GDP per capita (current US$)"",""NY.GDP.PCAP.CD"" ... [2005] ""1777.64496828464""",medium,"Official WDI values read from an unmodified-looking copy of the World Bank bulk download (header 'Data Source: World Development Indicators', 'Last Updated Date 2025-07-01'); official page https://data.worldbank.org/indicator/NY.GDP.PCAP.CD. Retrieved via git because worldbank.org is egress-blocked."
gdp_per_capita_usd,China,2010,4629.25,current US$ per person,World Bank (WDI),"WDI NY.GDP.PCAP.CD bulk CSV, Last Updated Date 2025-07-01 (copy hosted on GitHub)",https://github.com/javamercy/GDP-analysis/blob/cad0968a730e39ba11790942335670c5838da161/data/API_NY.GDP.PCAP.CD_DS2_en_csv_v2_122367.csv,"""China"",""CHN"",""GDP per capita (current US$)"",""NY.GDP.PCAP.CD"" ... [2010] ""4629.24551710077""",medium,"Official WDI values read from an unmodified-looking copy of the World Bank bulk download (header 'Data Source: World Development Indicators', 'Last Updated Date 2025-07-01'); official page https://data.worldbank.org/indicator/NY.GDP.PCAP.CD. Retrieved via git because worldbank.org is egress-blocked."
gdp_per_capita_usd,China,2015,8175.33,current US$ per person,World Bank (WDI),"WDI NY.GDP.PCAP.CD bulk CSV, Last Updated Date 2025-07-01 (copy hosted on GitHub)",https://github.com/javamercy/GDP-analysis/blob/cad0968a730e39ba11790942335670c5838da161/data/API_NY.GDP.PCAP.CD_DS2_en_csv_v2_122367.csv,"""China"",""CHN"",""GDP per capita (current US$)"",""NY.GDP.PCAP.CD"" ... [2015] ""8175.33285077393""",medium,"Official WDI values read from an unmodified-looking copy of the World Bank bulk download (header 'Data Source: World Development Indicators', 'Last Updated Date 2025-07-01'); official page https://data.worldbank.org/indicator/NY.GDP.PCAP.CD. Retrieved via git because worldbank.org is egress-blocked."
gdp_per_capita_usd,China,2020,10627.46,current US$ per person,World Bank (WDI),"WDI NY.GDP.PCAP.CD bulk CSV, Last Updated Date 2025-07-01 (copy hosted on GitHub)",https://github.com/javamercy/GDP-analysis/blob/cad0968a730e39ba11790942335670c5838da161/data/API_NY.GDP.PCAP.CD_DS2_en_csv_v2_122367.csv,"""China"",""CHN"",""GDP per capita (current US$)"",""NY.GDP.PCAP.CD"" ... [2020] ""10627.4637989619""",medium,"Official WDI values read from an unmodified-looking copy of the World Bank bulk download (header 'Data Source: World Development Indicators', 'Last Updated Date 2025-07-01'); official page https://data.worldbank.org/indicator/NY.GDP.PCAP.CD. Retrieved via git because worldbank.org is egress-blocked."
gdp_per_capita_usd,China,2024,13303.15,current US$ per person,World Bank (WDI),"WDI NY.GDP.PCAP.CD bulk CSV, Last Updated Date 2025-07-01 (copy hosted on GitHub)",https://github.com/javamercy/GDP-analysis/blob/cad0968a730e39ba11790942335670c5838da161/data/API_NY.GDP.PCAP.CD_DS2_en_csv_v2_122367.csv,"""China"",""CHN"",""GDP per capita (current US$)"",""NY.GDP.PCAP.CD"" ... [2024] ""13303.1481543868""",medium,"Official WDI values read from an unmodified-looking copy of the World Bank bulk download (header 'Data Source: World Development Indicators', 'Last Updated Date 2025-07-01'); official page https://data.worldbank.org/indicator/NY.GDP.PCAP.CD. Retrieved via git because worldbank.org is egress-blocked."
gdp_per_capita_usd,India,2005,710.49,current US$ per person,World Bank (WDI),"WDI NY.GDP.PCAP.CD bulk CSV, Last Updated Date 2025-07-01 (copy hosted on GitHub)",https://github.com/javamercy/GDP-analysis/blob/cad0968a730e39ba11790942335670c5838da161/data/API_NY.GDP.PCAP.CD_DS2_en_csv_v2_122367.csv,"""India"",""IND"",""GDP per capita (current US$)"",""NY.GDP.PCAP.CD"" ... [2005] ""710.488080408949""",medium,"Official WDI values read from an unmodified-looking copy of the World Bank bulk download (header 'Data Source: World Development Indicators', 'Last Updated Date 2025-07-01'); official page https://data.worldbank.org/indicator/NY.GDP.PCAP.CD. Retrieved via git because worldbank.org is egress-blocked."
gdp_per_capita_usd,India,2010,1347.52,current US$ per person,World Bank (WDI),"WDI NY.GDP.PCAP.CD bulk CSV, Last Updated Date 2025-07-01 (copy hosted on GitHub)",https://github.com/javamercy/GDP-analysis/blob/cad0968a730e39ba11790942335670c5838da161/data/API_NY.GDP.PCAP.CD_DS2_en_csv_v2_122367.csv,"""India"",""IND"",""GDP per capita (current US$)"",""NY.GDP.PCAP.CD"" ... [2010] ""1347.51939071367""",medium,"Official WDI values read from an unmodified-looking copy of the World Bank bulk download (header 'Data Source: World Development Indicators', 'Last Updated Date 2025-07-01'); official page https://data.worldbank.org/indicator/NY.GDP.PCAP.CD. Retrieved via git because worldbank.org is egress-blocked."
gdp_per_capita_usd,India,2015,1584.00,current US$ per person,World Bank (WDI),"WDI NY.GDP.PCAP.CD bulk CSV, Last Updated Date 2025-07-01 (copy hosted on GitHub)",https://github.com/javamercy/GDP-analysis/blob/cad0968a730e39ba11790942335670c5838da161/data/API_NY.GDP.PCAP.CD_DS2_en_csv_v2_122367.csv,"""India"",""IND"",""GDP per capita (current US$)"",""NY.GDP.PCAP.CD"" ... [2015] ""1583.99815907985""",medium,"Official WDI values read from an unmodified-looking copy of the World Bank bulk download (header 'Data Source: World Development Indicators', 'Last Updated Date 2025-07-01'); official page https://data.worldbank.org/indicator/NY.GDP.PCAP.CD. Retrieved via git because worldbank.org is egress-blocked."
gdp_per_capita_usd,India,2020,1907.04,current US$ per person,World Bank (WDI),"WDI NY.GDP.PCAP.CD bulk CSV, Last Updated Date 2025-07-01 (copy hosted on GitHub)",https://github.com/javamercy/GDP-analysis/blob/cad0968a730e39ba11790942335670c5838da161/data/API_NY.GDP.PCAP.CD_DS2_en_csv_v2_122367.csv,"""India"",""IND"",""GDP per capita (current US$)"",""NY.GDP.PCAP.CD"" ... [2020] ""1907.04251637669""",medium,"Official WDI values read from an unmodified-looking copy of the World Bank bulk download (header 'Data Source: World Development Indicators', 'Last Updated Date 2025-07-01'); official page https://data.worldbank.org/indicator/NY.GDP.PCAP.CD. Retrieved via git because worldbank.org is egress-blocked."
gdp_per_capita_usd,India,2024,2696.66,current US$ per person,World Bank (WDI),"WDI NY.GDP.PCAP.CD bulk CSV, Last Updated Date 2025-07-01 (copy hosted on GitHub)",https://github.com/javamercy/GDP-analysis/blob/cad0968a730e39ba11790942335670c5838da161/data/API_NY.GDP.PCAP.CD_DS2_en_csv_v2_122367.csv,"""India"",""IND"",""GDP per capita (current US$)"",""NY.GDP.PCAP.CD"" ... [2024] ""2696.66389984463""",medium,"Official WDI values read from an unmodified-looking copy of the World Bank bulk download (header 'Data Source: World Development Indicators', 'Last Updated Date 2025-07-01'); official page https://data.worldbank.org/indicator/NY.GDP.PCAP.CD. Retrieved via git because worldbank.org is egress-blocked."
gdp_per_capita_usd,Indonesia,2005,1238.21,current US$ per person,World Bank (WDI),"WDI NY.GDP.PCAP.CD bulk CSV, Last Updated Date 2025-07-01 (copy hosted on GitHub)",https://github.com/javamercy/GDP-analysis/blob/cad0968a730e39ba11790942335670c5838da161/data/API_NY.GDP.PCAP.CD_DS2_en_csv_v2_122367.csv,"""Indonesia"",""IDN"",""GDP per capita (current US$)"",""NY.GDP.PCAP.CD"" ... [2005] ""1238.21447629488""",medium,"Official WDI values read from an unmodified-looking copy of the World Bank bulk download (header 'Data Source: World Development Indicators', 'Last Updated Date 2025-07-01'); official page https://data.worldbank.org/indicator/NY.GDP.PCAP.CD. Retrieved via git because worldbank.org is egress-blocked."
gdp_per_capita_usd,Indonesia,2010,3065.68,current US$ per person,World Bank (WDI),"WDI NY.GDP.PCAP.CD bulk CSV, Last Updated Date 2025-07-01 (copy hosted on GitHub)",https://github.com/javamercy/GDP-analysis/blob/cad0968a730e39ba11790942335670c5838da161/data/API_NY.GDP.PCAP.CD_DS2_en_csv_v2_122367.csv,"""Indonesia"",""IDN"",""GDP per capita (current US$)"",""NY.GDP.PCAP.CD"" ... [2010] ""3065.68348377765""",medium,"Official WDI values read from an unmodified-looking copy of the World Bank bulk download (header 'Data Source: World Development Indicators', 'Last Updated Date 2025-07-01'); official page https://data.worldbank.org/indicator/NY.GDP.PCAP.CD. Retrieved via git because worldbank.org is egress-blocked."
gdp_per_capita_usd,Indonesia,2015,3288.22,current US$ per person,World Bank (WDI),"WDI NY.GDP.PCAP.CD bulk CSV, Last Updated Date 2025-07-01 (copy hosted on GitHub)",https://github.com/javamercy/GDP-analysis/blob/cad0968a730e39ba11790942335670c5838da161/data/API_NY.GDP.PCAP.CD_DS2_en_csv_v2_122367.csv,"""Indonesia"",""IDN"",""GDP per capita (current US$)"",""NY.GDP.PCAP.CD"" ... [2015] ""3288.22269725538""",medium,"Official WDI values read from an unmodified-looking copy of the World Bank bulk download (header 'Data Source: World Development Indicators', 'Last Updated Date 2025-07-01'); official page https://data.worldbank.org/indicator/NY.GDP.PCAP.CD. Retrieved via git because worldbank.org is egress-blocked."
gdp_per_capita_usd,Indonesia,2020,3853.70,current US$ per person,World Bank (WDI),"WDI NY.GDP.PCAP.CD bulk CSV, Last Updated Date 2025-07-01 (copy hosted on GitHub)",https://github.com/javamercy/GDP-analysis/blob/cad0968a730e39ba11790942335670c5838da161/data/API_NY.GDP.PCAP.CD_DS2_en_csv_v2_122367.csv,"""Indonesia"",""IDN"",""GDP per capita (current US$)"",""NY.GDP.PCAP.CD"" ... [2020] ""3853.70288774146""",medium,"Official WDI values read from an unmodified-looking copy of the World Bank bulk download (header 'Data Source: World Development Indicators', 'Last Updated Date 2025-07-01'); official page https://data.worldbank.org/indicator/NY.GDP.PCAP.CD. Retrieved via git because worldbank.org is egress-blocked."
gdp_per_capita_usd,Indonesia,2024,4925.43,current US$ per person,World Bank (WDI),"WDI NY.GDP.PCAP.CD bulk CSV, Last Updated Date 2025-07-01 (copy hosted on GitHub)",https://github.com/javamercy/GDP-analysis/blob/cad0968a730e39ba11790942335670c5838da161/data/API_NY.GDP.PCAP.CD_DS2_en_csv_v2_122367.csv,"""Indonesia"",""IDN"",""GDP per capita (current US$)"",""NY.GDP.PCAP.CD"" ... [2024] ""4925.43048751861""",medium,"Official WDI values read from an unmodified-looking copy of the World Bank bulk download (header 'Data Source: World Development Indicators', 'Last Updated Date 2025-07-01'); official page https://data.worldbank.org/indicator/NY.GDP.PCAP.CD. Retrieved via git because worldbank.org is egress-blocked."
gdp_per_capita_usd,Viet Nam,2005,710.75,current US$ per person,World Bank (WDI),"WDI NY.GDP.PCAP.CD bulk CSV, Last Updated Date 2025-07-01 (copy hosted on GitHub)",https://github.com/javamercy/GDP-analysis/blob/cad0968a730e39ba11790942335670c5838da161/data/API_NY.GDP.PCAP.CD_DS2_en_csv_v2_122367.csv,"""Viet Nam"",""VNM"",""GDP per capita (current US$)"",""NY.GDP.PCAP.CD"" ... [2005] ""710.746759994861""",medium,"Official WDI values read from an unmodified-looking copy of the World Bank bulk download (header 'Data Source: World Development Indicators', 'Last Updated Date 2025-07-01'); official page https://data.worldbank.org/indicator/NY.GDP.PCAP.CD. Retrieved via git because worldbank.org is egress-blocked."
gdp_per_capita_usd,Viet Nam,2010,1683.16,current US$ per person,World Bank (WDI),"WDI NY.GDP.PCAP.CD bulk CSV, Last Updated Date 2025-07-01 (copy hosted on GitHub)",https://github.com/javamercy/GDP-analysis/blob/cad0968a730e39ba11790942335670c5838da161/data/API_NY.GDP.PCAP.CD_DS2_en_csv_v2_122367.csv,"""Viet Nam"",""VNM"",""GDP per capita (current US$)"",""NY.GDP.PCAP.CD"" ... [2010] ""1683.16182443979""",medium,"Official WDI values read from an unmodified-looking copy of the World Bank bulk download (header 'Data Source: World Development Indicators', 'Last Updated Date 2025-07-01'); official page https://data.worldbank.org/indicator/NY.GDP.PCAP.CD. Retrieved via git because worldbank.org is egress-blocked."
gdp_per_capita_usd,Viet Nam,2015,2577.57,current US$ per person,World Bank (WDI),"WDI NY.GDP.PCAP.CD bulk CSV, Last Updated Date 2025-07-01 (copy hosted on GitHub)",https://github.com/javamercy/GDP-analysis/blob/cad0968a730e39ba11790942335670c5838da161/data/API_NY.GDP.PCAP.CD_DS2_en_csv_v2_122367.csv,"""Viet Nam"",""VNM"",""GDP per capita (current US$)"",""NY.GDP.PCAP.CD"" ... [2015] ""2577.56885340113""",medium,"Official WDI values read from an unmodified-looking copy of the World Bank bulk download (header 'Data Source: World Development Indicators', 'Last Updated Date 2025-07-01'); official page https://data.worldbank.org/indicator/NY.GDP.PCAP.CD. Retrieved via git because worldbank.org is egress-blocked."
gdp_per_capita_usd,Viet Nam,2020,3534.04,current US$ per person,World Bank (WDI),"WDI NY.GDP.PCAP.CD bulk CSV, Last Updated Date 2025-07-01 (copy hosted on GitHub)",https://github.com/javamercy/GDP-analysis/blob/cad0968a730e39ba11790942335670c5838da161/data/API_NY.GDP.PCAP.CD_DS2_en_csv_v2_122367.csv,"""Viet Nam"",""VNM"",""GDP per capita (current US$)"",""NY.GDP.PCAP.CD"" ... [2020] ""3534.03953482647""",medium,"Official WDI values read from an unmodified-looking copy of the World Bank bulk download (header 'Data Source: World Development Indicators', 'Last Updated Date 2025-07-01'); official page https://data.worldbank.org/indicator/NY.GDP.PCAP.CD. Retrieved via git because worldbank.org is egress-blocked."
gdp_per_capita_usd,Viet Nam,2024,4717.29,current US$ per person,World Bank (WDI),"WDI NY.GDP.PCAP.CD bulk CSV, Last Updated Date 2025-07-01 (copy hosted on GitHub)",https://github.com/javamercy/GDP-analysis/blob/cad0968a730e39ba11790942335670c5838da161/data/API_NY.GDP.PCAP.CD_DS2_en_csv_v2_122367.csv,"""Viet Nam"",""VNM"",""GDP per capita (current US$)"",""NY.GDP.PCAP.CD"" ... [2024] ""4717.29028732449""",medium,"Official WDI values read from an unmodified-looking copy of the World Bank bulk download (header 'Data Source: World Development Indicators', 'Last Updated Date 2025-07-01'); official page https://data.worldbank.org/indicator/NY.GDP.PCAP.CD. Retrieved via git because worldbank.org is egress-blocked."
gdp_per_capita_usd,Philippines,2005,1220.46,current US$ per person,World Bank (WDI),"WDI NY.GDP.PCAP.CD bulk CSV, Last Updated Date 2025-07-01 (copy hosted on GitHub)",https://github.com/javamercy/GDP-analysis/blob/cad0968a730e39ba11790942335670c5838da161/data/API_NY.GDP.PCAP.CD_DS2_en_csv_v2_122367.csv,"""Philippines"",""PHL"",""GDP per capita (current US$)"",""NY.GDP.PCAP.CD"" ... [2005] ""1220.46018559867""",medium,"Official WDI values read from an unmodified-looking copy of the World Bank bulk download (header 'Data Source: World Development Indicators', 'Last Updated Date 2025-07-01'); official page https://data.worldbank.org/indicator/NY.GDP.PCAP.CD. Retrieved via git because worldbank.org is egress-blocked."
gdp_per_capita_usd,Philippines,2010,2162.91,current US$ per person,World Bank (WDI),"WDI NY.GDP.PCAP.CD bulk CSV, Last Updated Date 2025-07-01 (copy hosted on GitHub)",https://github.com/javamercy/GDP-analysis/blob/cad0968a730e39ba11790942335670c5838da161/data/API_NY.GDP.PCAP.CD_DS2_en_csv_v2_122367.csv,"""Philippines"",""PHL"",""GDP per capita (current US$)"",""NY.GDP.PCAP.CD"" ... [2010] ""2162.91375885614""",medium,"Official WDI values read from an unmodified-looking copy of the World Bank bulk download (header 'Data Source: World Development Indicators', 'Last Updated Date 2025-07-01'); official page https://data.worldbank.org/indicator/NY.GDP.PCAP.CD. Retrieved via git because worldbank.org is egress-blocked."
gdp_per_capita_usd,Philippines,2015,2909.86,current US$ per person,World Bank (WDI),"WDI NY.GDP.PCAP.CD bulk CSV, Last Updated Date 2025-07-01 (copy hosted on GitHub)",https://github.com/javamercy/GDP-analysis/blob/cad0968a730e39ba11790942335670c5838da161/data/API_NY.GDP.PCAP.CD_DS2_en_csv_v2_122367.csv,"""Philippines"",""PHL"",""GDP per capita (current US$)"",""NY.GDP.PCAP.CD"" ... [2015] ""2909.85818010301""",medium,"Official WDI values read from an unmodified-looking copy of the World Bank bulk download (header 'Data Source: World Development Indicators', 'Last Updated Date 2025-07-01'); official page https://data.worldbank.org/indicator/NY.GDP.PCAP.CD. Retrieved via git because worldbank.org is egress-blocked."
gdp_per_capita_usd,Philippines,2020,3227.58,current US$ per person,World Bank (WDI),"WDI NY.GDP.PCAP.CD bulk CSV, Last Updated Date 2025-07-01 (copy hosted on GitHub)",https://github.com/javamercy/GDP-analysis/blob/cad0968a730e39ba11790942335670c5838da161/data/API_NY.GDP.PCAP.CD_DS2_en_csv_v2_122367.csv,"""Philippines"",""PHL"",""GDP per capita (current US$)"",""NY.GDP.PCAP.CD"" ... [2020] ""3227.57910235199""",medium,"Official WDI values read from an unmodified-looking copy of the World Bank bulk download (header 'Data Source: World Development Indicators', 'Last Updated Date 2025-07-01'); official page https://data.worldbank.org/indicator/NY.GDP.PCAP.CD. Retrieved via git because worldbank.org is egress-blocked."
gdp_per_capita_usd,Philippines,2024,3984.83,current US$ per person,World Bank (WDI),"WDI NY.GDP.PCAP.CD bulk CSV, Last Updated Date 2025-07-01 (copy hosted on GitHub)",https://github.com/javamercy/GDP-analysis/blob/cad0968a730e39ba11790942335670c5838da161/data/API_NY.GDP.PCAP.CD_DS2_en_csv_v2_122367.csv,"""Philippines"",""PHL"",""GDP per capita (current US$)"",""NY.GDP.PCAP.CD"" ... [2024] ""3984.8315387656""",medium,"Official WDI values read from an unmodified-looking copy of the World Bank bulk download (header 'Data Source: World Development Indicators', 'Last Updated Date 2025-07-01'); official page https://data.worldbank.org/indicator/NY.GDP.PCAP.CD. Retrieved via git because worldbank.org is egress-blocked."
gdp_per_capita_usd,Brazil,2005,4827.78,current US$ per person,World Bank (WDI),"WDI NY.GDP.PCAP.CD bulk CSV, Last Updated Date 2025-07-01 (copy hosted on GitHub)",https://github.com/javamercy/GDP-analysis/blob/cad0968a730e39ba11790942335670c5838da161/data/API_NY.GDP.PCAP.CD_DS2_en_csv_v2_122367.csv,"""Brazil"",""BRA"",""GDP per capita (current US$)"",""NY.GDP.PCAP.CD"" ... [2005] ""4827.78173074714""",medium,"Official WDI values read from an unmodified-looking copy of the World Bank bulk download (header 'Data Source: World Development Indicators', 'Last Updated Date 2025-07-01'); official page https://data.worldbank.org/indicator/NY.GDP.PCAP.CD. Retrieved via git because worldbank.org is egress-blocked."
gdp_per_capita_usd,Brazil,2010,11403.28,current US$ per person,World Bank (WDI),"WDI NY.GDP.PCAP.CD bulk CSV, Last Updated Date 2025-07-01 (copy hosted on GitHub)",https://github.com/javamercy/GDP-analysis/blob/cad0968a730e39ba11790942335670c5838da161/data/API_NY.GDP.PCAP.CD_DS2_en_csv_v2_122367.csv,"""Brazil"",""BRA"",""GDP per capita (current US$)"",""NY.GDP.PCAP.CD"" ... [2010] ""11403.2821278747""",medium,"Official WDI values read from an unmodified-looking copy of the World Bank bulk download (header 'Data Source: World Development Indicators', 'Last Updated Date 2025-07-01'); official page https://data.worldbank.org/indicator/NY.GDP.PCAP.CD. Retrieved via git because worldbank.org is egress-blocked."
gdp_per_capita_usd,Brazil,2015,8936.20,current US$ per person,World Bank (WDI),"WDI NY.GDP.PCAP.CD bulk CSV, Last Updated Date 2025-07-01 (copy hosted on GitHub)",https://github.com/javamercy/GDP-analysis/blob/cad0968a730e39ba11790942335670c5838da161/data/API_NY.GDP.PCAP.CD_DS2_en_csv_v2_122367.csv,"""Brazil"",""BRA"",""GDP per capita (current US$)"",""NY.GDP.PCAP.CD"" ... [2015] ""8936.19661712113""",medium,"Official WDI values read from an unmodified-looking copy of the World Bank bulk download (header 'Data Source: World Development Indicators', 'Last Updated Date 2025-07-01'); official page https://data.worldbank.org/indicator/NY.GDP.PCAP.CD. Retrieved via git because worldbank.org is egress-blocked."
gdp_per_capita_usd,Brazil,2020,7074.19,current US$ per person,World Bank (WDI),"WDI NY.GDP.PCAP.CD bulk CSV, Last Updated Date 2025-07-01 (copy hosted on GitHub)",https://github.com/javamercy/GDP-analysis/blob/cad0968a730e39ba11790942335670c5838da161/data/API_NY.GDP.PCAP.CD_DS2_en_csv_v2_122367.csv,"""Brazil"",""BRA"",""GDP per capita (current US$)"",""NY.GDP.PCAP.CD"" ... [2020] ""7074.19378337644""",medium,"Official WDI values read from an unmodified-looking copy of the World Bank bulk download (header 'Data Source: World Development Indicators', 'Last Updated Date 2025-07-01'); official page https://data.worldbank.org/indicator/NY.GDP.PCAP.CD. Retrieved via git because worldbank.org is egress-blocked."
gdp_per_capita_usd,Brazil,2024,10280.31,current US$ per person,World Bank (WDI),"WDI NY.GDP.PCAP.CD bulk CSV, Last Updated Date 2025-07-01 (copy hosted on GitHub)",https://github.com/javamercy/GDP-analysis/blob/cad0968a730e39ba11790942335670c5838da161/data/API_NY.GDP.PCAP.CD_DS2_en_csv_v2_122367.csv,"""Brazil"",""BRA"",""GDP per capita (current US$)"",""NY.GDP.PCAP.CD"" ... [2024] ""10280.3148624429""",medium,"Official WDI values read from an unmodified-looking copy of the World Bank bulk download (header 'Data Source: World Development Indicators', 'Last Updated Date 2025-07-01'); official page https://data.worldbank.org/indicator/NY.GDP.PCAP.CD. Retrieved via git because worldbank.org is egress-blocked."
gdp_per_capita_usd,"Korea, Rep.",2005,19402.50,current US$ per person,World Bank (WDI),"WDI NY.GDP.PCAP.CD bulk CSV, Last Updated Date 2025-07-01 (copy hosted on GitHub)",https://github.com/javamercy/GDP-analysis/blob/cad0968a730e39ba11790942335670c5838da161/data/API_NY.GDP.PCAP.CD_DS2_en_csv_v2_122367.csv,"""Korea, Rep."",""KOR"",""GDP per capita (current US$)"",""NY.GDP.PCAP.CD"" ... [2005] ""19402.5026259549""",medium,"Official WDI values read from an unmodified-looking copy of the World Bank bulk download (header 'Data Source: World Development Indicators', 'Last Updated Date 2025-07-01'); official page https://data.worldbank.org/indicator/NY.GDP.PCAP.CD. Retrieved via git because worldbank.org is egress-blocked."
gdp_per_capita_usd,"Korea, Rep.",2010,23079.26,current US$ per person,World Bank (WDI),"WDI NY.GDP.PCAP.CD bulk CSV, Last Updated Date 2025-07-01 (copy hosted on GitHub)",https://github.com/javamercy/GDP-analysis/blob/cad0968a730e39ba11790942335670c5838da161/data/API_NY.GDP.PCAP.CD_DS2_en_csv_v2_122367.csv,"""Korea, Rep."",""KOR"",""GDP per capita (current US$)"",""NY.GDP.PCAP.CD"" ... [2010] ""23079.2601257735""",medium,"Official WDI values read from an unmodified-looking copy of the World Bank bulk download (header 'Data Source: World Development Indicators', 'Last Updated Date 2025-07-01'); official page https://data.worldbank.org/indicator/NY.GDP.PCAP.CD. Retrieved via git because worldbank.org is egress-blocked."
gdp_per_capita_usd,"Korea, Rep.",2015,28737.44,current US$ per person,World Bank (WDI),"WDI NY.GDP.PCAP.CD bulk CSV, Last Updated Date 2025-07-01 (copy hosted on GitHub)",https://github.com/javamercy/GDP-analysis/blob/cad0968a730e39ba11790942335670c5838da161/data/API_NY.GDP.PCAP.CD_DS2_en_csv_v2_122367.csv,"""Korea, Rep."",""KOR"",""GDP per capita (current US$)"",""NY.GDP.PCAP.CD"" ... [2015] ""28737.4391706499""",medium,"Official WDI values read from an unmodified-looking copy of the World Bank bulk download (header 'Data Source: World Development Indicators', 'Last Updated Date 2025-07-01'); official page https://data.worldbank.org/indicator/NY.GDP.PCAP.CD. Retrieved via git because worldbank.org is egress-blocked."
gdp_per_capita_usd,"Korea, Rep.",2020,31721.30,current US$ per person,World Bank (WDI),"WDI NY.GDP.PCAP.CD bulk CSV, Last Updated Date 2025-07-01 (copy hosted on GitHub)",https://github.com/javamercy/GDP-analysis/blob/cad0968a730e39ba11790942335670c5838da161/data/API_NY.GDP.PCAP.CD_DS2_en_csv_v2_122367.csv,"""Korea, Rep."",""KOR"",""GDP per capita (current US$)"",""NY.GDP.PCAP.CD"" ... [2020] ""31721.2989141857""",medium,"Official WDI values read from an unmodified-looking copy of the World Bank bulk download (header 'Data Source: World Development Indicators', 'Last Updated Date 2025-07-01'); official page https://data.worldbank.org/indicator/NY.GDP.PCAP.CD. Retrieved via git because worldbank.org is egress-blocked."
gdp_per_capita_usd,"Korea, Rep.",2023,33121.37,current US$ per person,World Bank (WDI),"WDI NY.GDP.PCAP.CD bulk CSV, Last Updated Date 2025-07-01 (copy hosted on GitHub)",https://github.com/javamercy/GDP-analysis/blob/cad0968a730e39ba11790942335670c5838da161/data/API_NY.GDP.PCAP.CD_DS2_en_csv_v2_122367.csv,"""Korea, Rep."",""KOR"",""GDP per capita (current US$)"" ... [2023] ""33121.3712885508""",medium,"2024 value blank in this WDI vintage, so 2023 given as latest. Official page https://data.worldbank.org/indicator/NY.GDP.PCAP.CD"
gdp_per_capita_usd,United States,2005,44123.40,current US$ per person,World Bank (WDI),"WDI NY.GDP.PCAP.CD bulk CSV, Last Updated Date 2025-07-01 (copy hosted on GitHub)",https://github.com/javamercy/GDP-analysis/blob/cad0968a730e39ba11790942335670c5838da161/data/API_NY.GDP.PCAP.CD_DS2_en_csv_v2_122367.csv,"""United States"",""USA"",""GDP per capita (current US$)"",""NY.GDP.PCAP.CD"" ... [2005] ""44123.3996470026""",medium,"Official WDI values read from an unmodified-looking copy of the World Bank bulk download (header 'Data Source: World Development Indicators', 'Last Updated Date 2025-07-01'); official page https://data.worldbank.org/indicator/NY.GDP.PCAP.CD. Retrieved via git because worldbank.org is egress-blocked."
gdp_per_capita_usd,United States,2010,48642.63,current US$ per person,World Bank (WDI),"WDI NY.GDP.PCAP.CD bulk CSV, Last Updated Date 2025-07-01 (copy hosted on GitHub)",https://github.com/javamercy/GDP-analysis/blob/cad0968a730e39ba11790942335670c5838da161/data/API_NY.GDP.PCAP.CD_DS2_en_csv_v2_122367.csv,"""United States"",""USA"",""GDP per capita (current US$)"",""NY.GDP.PCAP.CD"" ... [2010] ""48642.6312088213""",medium,"Official WDI values read from an unmodified-looking copy of the World Bank bulk download (header 'Data Source: World Development Indicators', 'Last Updated Date 2025-07-01'); official page https://data.worldbank.org/indicator/NY.GDP.PCAP.CD. Retrieved via git because worldbank.org is egress-blocked."
gdp_per_capita_usd,United States,2015,56849.47,current US$ per person,World Bank (WDI),"WDI NY.GDP.PCAP.CD bulk CSV, Last Updated Date 2025-07-01 (copy hosted on GitHub)",https://github.com/javamercy/GDP-analysis/blob/cad0968a730e39ba11790942335670c5838da161/data/API_NY.GDP.PCAP.CD_DS2_en_csv_v2_122367.csv,"""United States"",""USA"",""GDP per capita (current US$)"",""NY.GDP.PCAP.CD"" ... [2015] ""56849.4697923159""",medium,"Official WDI values read from an unmodified-looking copy of the World Bank bulk download (header 'Data Source: World Development Indicators', 'Last Updated Date 2025-07-01'); official page https://data.worldbank.org/indicator/NY.GDP.PCAP.CD. Retrieved via git because worldbank.org is egress-blocked."
gdp_per_capita_usd,United States,2020,64401.51,current US$ per person,World Bank (WDI),"WDI NY.GDP.PCAP.CD bulk CSV, Last Updated Date 2025-07-01 (copy hosted on GitHub)",https://github.com/javamercy/GDP-analysis/blob/cad0968a730e39ba11790942335670c5838da161/data/API_NY.GDP.PCAP.CD_DS2_en_csv_v2_122367.csv,"""United States"",""USA"",""GDP per capita (current US$)"",""NY.GDP.PCAP.CD"" ... [2020] ""64401.5074354212""",medium,"Official WDI values read from an unmodified-looking copy of the World Bank bulk download (header 'Data Source: World Development Indicators', 'Last Updated Date 2025-07-01'); official page https://data.worldbank.org/indicator/NY.GDP.PCAP.CD. Retrieved via git because worldbank.org is egress-blocked."
gdp_per_capita_usd,United States,2024,85809.90,current US$ per person,World Bank (WDI),"WDI NY.GDP.PCAP.CD bulk CSV, Last Updated Date 2025-07-01 (copy hosted on GitHub)",https://github.com/javamercy/GDP-analysis/blob/cad0968a730e39ba11790942335670c5838da161/data/API_NY.GDP.PCAP.CD_DS2_en_csv_v2_122367.csv,"""United States"",""USA"",""GDP per capita (current US$)"",""NY.GDP.PCAP.CD"" ... [2024] ""85809.9003846356""",medium,"Official WDI values read from an unmodified-looking copy of the World Bank bulk download (header 'Data Source: World Development Indicators', 'Last Updated Date 2025-07-01'); official page https://data.worldbank.org/indicator/NY.GDP.PCAP.CD. Retrieved via git because worldbank.org is egress-blocked."
gdp_per_capita_usd,World,2005,7276.28,current US$ per person,World Bank (WDI),"WDI NY.GDP.PCAP.CD bulk CSV, Last Updated Date 2025-07-01 (copy hosted on GitHub)",https://github.com/javamercy/GDP-analysis/blob/cad0968a730e39ba11790942335670c5838da161/data/API_NY.GDP.PCAP.CD_DS2_en_csv_v2_122367.csv,"""World"",""WLD"",""GDP per capita (current US$)"",""NY.GDP.PCAP.CD"" ... [2005] ""7276.27561213148""",medium,"Official WDI values read from an unmodified-looking copy of the World Bank bulk download (header 'Data Source: World Development Indicators', 'Last Updated Date 2025-07-01'); official page https://data.worldbank.org/indicator/NY.GDP.PCAP.CD. Retrieved via git because worldbank.org is egress-blocked."
gdp_per_capita_usd,World,2010,9530.01,current US$ per person,World Bank (WDI),"WDI NY.GDP.PCAP.CD bulk CSV, Last Updated Date 2025-07-01 (copy hosted on GitHub)",https://github.com/javamercy/GDP-analysis/blob/cad0968a730e39ba11790942335670c5838da161/data/API_NY.GDP.PCAP.CD_DS2_en_csv_v2_122367.csv,"""World"",""WLD"",""GDP per capita (current US$)"",""NY.GDP.PCAP.CD"" ... [2010] ""9530.01080884583""",medium,"Official WDI values read from an unmodified-looking copy of the World Bank bulk download (header 'Data Source: World Development Indicators', 'Last Updated Date 2025-07-01'); official page https://data.worldbank.org/indicator/NY.GDP.PCAP.CD. Retrieved via git because worldbank.org is egress-blocked."
gdp_per_capita_usd,World,2015,10175.41,current US$ per person,World Bank (WDI),"WDI NY.GDP.PCAP.CD bulk CSV, Last Updated Date 2025-07-01 (copy hosted on GitHub)",https://github.com/javamercy/GDP-analysis/blob/cad0968a730e39ba11790942335670c5838da161/data/API_NY.GDP.PCAP.CD_DS2_en_csv_v2_122367.csv,"""World"",""WLD"",""GDP per capita (current US$)"",""NY.GDP.PCAP.CD"" ... [2015] ""10175.4094195078""",medium,"Official WDI values read from an unmodified-looking copy of the World Bank bulk download (header 'Data Source: World Development Indicators', 'Last Updated Date 2025-07-01'); official page https://data.worldbank.org/indicator/NY.GDP.PCAP.CD. Retrieved via git because worldbank.org is egress-blocked."
gdp_per_capita_usd,World,2020,10963.18,current US$ per person,World Bank (WDI),"WDI NY.GDP.PCAP.CD bulk CSV, Last Updated Date 2025-07-01 (copy hosted on GitHub)",https://github.com/javamercy/GDP-analysis/blob/cad0968a730e39ba11790942335670c5838da161/data/API_NY.GDP.PCAP.CD_DS2_en_csv_v2_122367.csv,"""World"",""WLD"",""GDP per capita (current US$)"",""NY.GDP.PCAP.CD"" ... [2020] ""10963.1756422364""",medium,"Official WDI values read from an unmodified-looking copy of the World Bank bulk download (header 'Data Source: World Development Indicators', 'Last Updated Date 2025-07-01'); official page https://data.worldbank.org/indicator/NY.GDP.PCAP.CD. Retrieved via git because worldbank.org is egress-blocked."
gdp_per_capita_usd,World,2024,13673.00,current US$ per person,World Bank (WDI),"WDI NY.GDP.PCAP.CD bulk CSV, Last Updated Date 2025-07-01 (copy hosted on GitHub)",https://github.com/javamercy/GDP-analysis/blob/cad0968a730e39ba11790942335670c5838da161/data/API_NY.GDP.PCAP.CD_DS2_en_csv_v2_122367.csv,"""World"",""WLD"",""GDP per capita (current US$)"",""NY.GDP.PCAP.CD"" ... [2024] ""13673.0039578901""",medium,"Official WDI values read from an unmodified-looking copy of the World Bank bulk download (header 'Data Source: World Development Indicators', 'Last Updated Date 2025-07-01'); official page https://data.worldbank.org/indicator/NY.GDP.PCAP.CD. Retrieved via git because worldbank.org is egress-blocked."
gdp_per_capita_usd,East Asia & Pacific,2005,4893.12,current US$ per person,World Bank (WDI),"WDI NY.GDP.PCAP.CD bulk CSV, Last Updated Date 2025-07-01 (copy hosted on GitHub)",https://github.com/javamercy/GDP-analysis/blob/cad0968a730e39ba11790942335670c5838da161/data/API_NY.GDP.PCAP.CD_DS2_en_csv_v2_122367.csv,"""East Asia & Pacific"",""EAS"",""GDP per capita (current US$)"",""NY.GDP.PCAP.CD"" ... [2005] ""4893.1213787835""",medium,"Official WDI values read from an unmodified-looking copy of the World Bank bulk download (header 'Data Source: World Development Indicators', 'Last Updated Date 2025-07-01'); official page https://data.worldbank.org/indicator/NY.GDP.PCAP.CD. Retrieved via git because worldbank.org is egress-blocked."
gdp_per_capita_usd,East Asia & Pacific,2010,7760.45,current US$ per person,World Bank (WDI),"WDI NY.GDP.PCAP.CD bulk CSV, Last Updated Date 2025-07-01 (copy hosted on GitHub)",https://github.com/javamercy/GDP-analysis/blob/cad0968a730e39ba11790942335670c5838da161/data/API_NY.GDP.PCAP.CD_DS2_en_csv_v2_122367.csv,"""East Asia & Pacific"",""EAS"",""GDP per capita (current US$)"",""NY.GDP.PCAP.CD"" ... [2010] ""7760.44827813549""",medium,"Official WDI values read from an unmodified-looking copy of the World Bank bulk download (header 'Data Source: World Development Indicators', 'Last Updated Date 2025-07-01'); official page https://data.worldbank.org/indicator/NY.GDP.PCAP.CD. Retrieved via git because worldbank.org is egress-blocked."
gdp_per_capita_usd,East Asia & Pacific,2015,9657.53,current US$ per person,World Bank (WDI),"WDI NY.GDP.PCAP.CD bulk CSV, Last Updated Date 2025-07-01 (copy hosted on GitHub)",https://github.com/javamercy/GDP-analysis/blob/cad0968a730e39ba11790942335670c5838da161/data/API_NY.GDP.PCAP.CD_DS2_en_csv_v2_122367.csv,"""East Asia & Pacific"",""EAS"",""GDP per capita (current US$)"",""NY.GDP.PCAP.CD"" ... [2015] ""9657.52889618953""",medium,"Official WDI values read from an unmodified-looking copy of the World Bank bulk download (header 'Data Source: World Development Indicators', 'Last Updated Date 2025-07-01'); official page https://data.worldbank.org/indicator/NY.GDP.PCAP.CD. Retrieved via git because worldbank.org is egress-blocked."
gdp_per_capita_usd,East Asia & Pacific,2020,11595.29,current US$ per person,World Bank (WDI),"WDI NY.GDP.PCAP.CD bulk CSV, Last Updated Date 2025-07-01 (copy hosted on GitHub)",https://github.com/javamercy/GDP-analysis/blob/cad0968a730e39ba11790942335670c5838da161/data/API_NY.GDP.PCAP.CD_DS2_en_csv_v2_122367.csv,"""East Asia & Pacific"",""EAS"",""GDP per capita (current US$)"",""NY.GDP.PCAP.CD"" ... [2020] ""11595.2940923559""",medium,"Official WDI values read from an unmodified-looking copy of the World Bank bulk download (header 'Data Source: World Development Indicators', 'Last Updated Date 2025-07-01'); official page https://data.worldbank.org/indicator/NY.GDP.PCAP.CD. Retrieved via git because worldbank.org is egress-blocked."
gdp_per_capita_usd,East Asia & Pacific,2024,13349.08,current US$ per person,World Bank (WDI),"WDI NY.GDP.PCAP.CD bulk CSV, Last Updated Date 2025-07-01 (copy hosted on GitHub)",https://github.com/javamercy/GDP-analysis/blob/cad0968a730e39ba11790942335670c5838da161/data/API_NY.GDP.PCAP.CD_DS2_en_csv_v2_122367.csv,"""East Asia & Pacific"",""EAS"",""GDP per capita (current US$)"",""NY.GDP.PCAP.CD"" ... [2024] ""13349.0833109152""",medium,"Official WDI values read from an unmodified-looking copy of the World Bank bulk download (header 'Data Source: World Development Indicators', 'Last Updated Date 2025-07-01'); official page https://data.worldbank.org/indicator/NY.GDP.PCAP.CD. Retrieved via git because worldbank.org is egress-blocked."
urbanisation_pct,China,2005,42.52,% of total population urban,World Bank (WDI; UN World Urbanization Prospects basis),"WDI SP.URB.TOTL.IN.ZS bulk CSV, Last Updated Date 2025-07-01 (copy hosted on GitHub)",https://github.com/NSAPH-Projects/causal-inference-co2/blob/9f2c6e7398c3fc3c66c3ebf372fb65b7c46c93b4/data/API_SP.URB.TOTL.IN.ZS_DS2_en_csv_v2_22447.csv,"""China"",""CHN"",""Urban population (% of total population)"",""SP.URB.TOTL.IN.ZS"" ... [2005] ""42.522""",medium,Official WDI values from a copy of the World Bank bulk download; official page https://data.worldbank.org/indicator/SP.URB.TOTL.IN.ZS. Retrieved via git because worldbank.org is egress-blocked.
urbanisation_pct,China,2010,49.23,% of total population urban,World Bank (WDI; UN World Urbanization Prospects basis),"WDI SP.URB.TOTL.IN.ZS bulk CSV, Last Updated Date 2025-07-01 (copy hosted on GitHub)",https://github.com/NSAPH-Projects/causal-inference-co2/blob/9f2c6e7398c3fc3c66c3ebf372fb65b7c46c93b4/data/API_SP.URB.TOTL.IN.ZS_DS2_en_csv_v2_22447.csv,"""China"",""CHN"",""Urban population (% of total population)"",""SP.URB.TOTL.IN.ZS"" ... [2010] ""49.226""",medium,Official WDI values from a copy of the World Bank bulk download; official page https://data.worldbank.org/indicator/SP.URB.TOTL.IN.ZS. Retrieved via git because worldbank.org is egress-blocked.
urbanisation_pct,China,2015,55.50,% of total population urban,World Bank (WDI; UN World Urbanization Prospects basis),"WDI SP.URB.TOTL.IN.ZS bulk CSV, Last Updated Date 2025-07-01 (copy hosted on GitHub)",https://github.com/NSAPH-Projects/causal-inference-co2/blob/9f2c6e7398c3fc3c66c3ebf372fb65b7c46c93b4/data/API_SP.URB.TOTL.IN.ZS_DS2_en_csv_v2_22447.csv,"""China"",""CHN"",""Urban population (% of total population)"",""SP.URB.TOTL.IN.ZS"" ... [2015] ""55.5""",medium,Official WDI values from a copy of the World Bank bulk download; official page https://data.worldbank.org/indicator/SP.URB.TOTL.IN.ZS. Retrieved via git because worldbank.org is egress-blocked.
urbanisation_pct,China,2020,61.43,% of total population urban,World Bank (WDI; UN World Urbanization Prospects basis),"WDI SP.URB.TOTL.IN.ZS bulk CSV, Last Updated Date 2025-07-01 (copy hosted on GitHub)",https://github.com/NSAPH-Projects/causal-inference-co2/blob/9f2c6e7398c3fc3c66c3ebf372fb65b7c46c93b4/data/API_SP.URB.TOTL.IN.ZS_DS2_en_csv_v2_22447.csv,"""China"",""CHN"",""Urban population (% of total population)"",""SP.URB.TOTL.IN.ZS"" ... [2020] ""61.428""",medium,Official WDI values from a copy of the World Bank bulk download; official page https://data.worldbank.org/indicator/SP.URB.TOTL.IN.ZS. Retrieved via git because worldbank.org is egress-blocked.
urbanisation_pct,China,2024,65.54,% of total population urban,World Bank (WDI; UN World Urbanization Prospects basis),"WDI SP.URB.TOTL.IN.ZS bulk CSV, Last Updated Date 2025-07-01 (copy hosted on GitHub)",https://github.com/NSAPH-Projects/causal-inference-co2/blob/9f2c6e7398c3fc3c66c3ebf372fb65b7c46c93b4/data/API_SP.URB.TOTL.IN.ZS_DS2_en_csv_v2_22447.csv,"""China"",""CHN"",""Urban population (% of total population)"",""SP.URB.TOTL.IN.ZS"" ... [2024] ""65.544""",medium,Official WDI values from a copy of the World Bank bulk download; official page https://data.worldbank.org/indicator/SP.URB.TOTL.IN.ZS. Retrieved via git because worldbank.org is egress-blocked.
urbanisation_pct,India,2005,29.23,% of total population urban,World Bank (WDI; UN World Urbanization Prospects basis),"WDI SP.URB.TOTL.IN.ZS bulk CSV, Last Updated Date 2025-07-01 (copy hosted on GitHub)",https://github.com/NSAPH-Projects/causal-inference-co2/blob/9f2c6e7398c3fc3c66c3ebf372fb65b7c46c93b4/data/API_SP.URB.TOTL.IN.ZS_DS2_en_csv_v2_22447.csv,"""India"",""IND"",""Urban population (% of total population)"",""SP.URB.TOTL.IN.ZS"" ... [2005] ""29.235""",medium,Official WDI values from a copy of the World Bank bulk download; official page https://data.worldbank.org/indicator/SP.URB.TOTL.IN.ZS. Retrieved via git because worldbank.org is egress-blocked.
urbanisation_pct,India,2010,30.93,% of total population urban,World Bank (WDI; UN World Urbanization Prospects basis),"WDI SP.URB.TOTL.IN.ZS bulk CSV, Last Updated Date 2025-07-01 (copy hosted on GitHub)",https://github.com/NSAPH-Projects/causal-inference-co2/blob/9f2c6e7398c3fc3c66c3ebf372fb65b7c46c93b4/data/API_SP.URB.TOTL.IN.ZS_DS2_en_csv_v2_22447.csv,"""India"",""IND"",""Urban population (% of total population)"",""SP.URB.TOTL.IN.ZS"" ... [2010] ""30.93""",medium,Official WDI values from a copy of the World Bank bulk download; official page https://data.worldbank.org/indicator/SP.URB.TOTL.IN.ZS. Retrieved via git because worldbank.org is egress-blocked.
urbanisation_pct,India,2015,32.78,% of total population urban,World Bank (WDI; UN World Urbanization Prospects basis),"WDI SP.URB.TOTL.IN.ZS bulk CSV, Last Updated Date 2025-07-01 (copy hosted on GitHub)",https://github.com/NSAPH-Projects/causal-inference-co2/blob/9f2c6e7398c3fc3c66c3ebf372fb65b7c46c93b4/data/API_SP.URB.TOTL.IN.ZS_DS2_en_csv_v2_22447.csv,"""India"",""IND"",""Urban population (% of total population)"",""SP.URB.TOTL.IN.ZS"" ... [2015] ""32.777""",medium,Official WDI values from a copy of the World Bank bulk download; official page https://data.worldbank.org/indicator/SP.URB.TOTL.IN.ZS. Retrieved via git because worldbank.org is egress-blocked.
urbanisation_pct,India,2020,34.93,% of total population urban,World Bank (WDI; UN World Urbanization Prospects basis),"WDI SP.URB.TOTL.IN.ZS bulk CSV, Last Updated Date 2025-07-01 (copy hosted on GitHub)",https://github.com/NSAPH-Projects/causal-inference-co2/blob/9f2c6e7398c3fc3c66c3ebf372fb65b7c46c93b4/data/API_SP.URB.TOTL.IN.ZS_DS2_en_csv_v2_22447.csv,"""India"",""IND"",""Urban population (% of total population)"",""SP.URB.TOTL.IN.ZS"" ... [2020] ""34.926""",medium,Official WDI values from a copy of the World Bank bulk download; official page https://data.worldbank.org/indicator/SP.URB.TOTL.IN.ZS. Retrieved via git because worldbank.org is egress-blocked.
urbanisation_pct,India,2024,36.87,% of total population urban,World Bank (WDI; UN World Urbanization Prospects basis),"WDI SP.URB.TOTL.IN.ZS bulk CSV, Last Updated Date 2025-07-01 (copy hosted on GitHub)",https://github.com/NSAPH-Projects/causal-inference-co2/blob/9f2c6e7398c3fc3c66c3ebf372fb65b7c46c93b4/data/API_SP.URB.TOTL.IN.ZS_DS2_en_csv_v2_22447.csv,"""India"",""IND"",""Urban population (% of total population)"",""SP.URB.TOTL.IN.ZS"" ... [2024] ""36.867""",medium,Official WDI values from a copy of the World Bank bulk download; official page https://data.worldbank.org/indicator/SP.URB.TOTL.IN.ZS. Retrieved via git because worldbank.org is egress-blocked.
urbanisation_pct,Indonesia,2005,45.94,% of total population urban,World Bank (WDI; UN World Urbanization Prospects basis),"WDI SP.URB.TOTL.IN.ZS bulk CSV, Last Updated Date 2025-07-01 (copy hosted on GitHub)",https://github.com/NSAPH-Projects/causal-inference-co2/blob/9f2c6e7398c3fc3c66c3ebf372fb65b7c46c93b4/data/API_SP.URB.TOTL.IN.ZS_DS2_en_csv_v2_22447.csv,"""Indonesia"",""IDN"",""Urban population (% of total population)"",""SP.URB.TOTL.IN.ZS"" ... [2005] ""45.942""",medium,Official WDI values from a copy of the World Bank bulk download; official page https://data.worldbank.org/indicator/SP.URB.TOTL.IN.ZS. Retrieved via git because worldbank.org is egress-blocked.
urbanisation_pct,Indonesia,2010,49.91,% of total population urban,World Bank (WDI; UN World Urbanization Prospects basis),"WDI SP.URB.TOTL.IN.ZS bulk CSV, Last Updated Date 2025-07-01 (copy hosted on GitHub)",https://github.com/NSAPH-Projects/causal-inference-co2/blob/9f2c6e7398c3fc3c66c3ebf372fb65b7c46c93b4/data/API_SP.URB.TOTL.IN.ZS_DS2_en_csv_v2_22447.csv,"""Indonesia"",""IDN"",""Urban population (% of total population)"",""SP.URB.TOTL.IN.ZS"" ... [2010] ""49.914""",medium,Official WDI values from a copy of the World Bank bulk download; official page https://data.worldbank.org/indicator/SP.URB.TOTL.IN.ZS. Retrieved via git because worldbank.org is egress-blocked.
urbanisation_pct,Indonesia,2015,53.31,% of total population urban,World Bank (WDI; UN World Urbanization Prospects basis),"WDI SP.URB.TOTL.IN.ZS bulk CSV, Last Updated Date 2025-07-01 (copy hosted on GitHub)",https://github.com/NSAPH-Projects/causal-inference-co2/blob/9f2c6e7398c3fc3c66c3ebf372fb65b7c46c93b4/data/API_SP.URB.TOTL.IN.ZS_DS2_en_csv_v2_22447.csv,"""Indonesia"",""IDN"",""Urban population (% of total population)"",""SP.URB.TOTL.IN.ZS"" ... [2015] ""53.313""",medium,Official WDI values from a copy of the World Bank bulk download; official page https://data.worldbank.org/indicator/SP.URB.TOTL.IN.ZS. Retrieved via git because worldbank.org is egress-blocked.
urbanisation_pct,Indonesia,2020,56.64,% of total population urban,World Bank (WDI; UN World Urbanization Prospects basis),"WDI SP.URB.TOTL.IN.ZS bulk CSV, Last Updated Date 2025-07-01 (copy hosted on GitHub)",https://github.com/NSAPH-Projects/causal-inference-co2/blob/9f2c6e7398c3fc3c66c3ebf372fb65b7c46c93b4/data/API_SP.URB.TOTL.IN.ZS_DS2_en_csv_v2_22447.csv,"""Indonesia"",""IDN"",""Urban population (% of total population)"",""SP.URB.TOTL.IN.ZS"" ... [2020] ""56.641""",medium,Official WDI values from a copy of the World Bank bulk download; official page https://data.worldbank.org/indicator/SP.URB.TOTL.IN.ZS. Retrieved via git because worldbank.org is egress-blocked.
urbanisation_pct,Indonesia,2024,59.20,% of total population urban,World Bank (WDI; UN World Urbanization Prospects basis),"WDI SP.URB.TOTL.IN.ZS bulk CSV, Last Updated Date 2025-07-01 (copy hosted on GitHub)",https://github.com/NSAPH-Projects/causal-inference-co2/blob/9f2c6e7398c3fc3c66c3ebf372fb65b7c46c93b4/data/API_SP.URB.TOTL.IN.ZS_DS2_en_csv_v2_22447.csv,"""Indonesia"",""IDN"",""Urban population (% of total population)"",""SP.URB.TOTL.IN.ZS"" ... [2024] ""59.204""",medium,Official WDI values from a copy of the World Bank bulk download; official page https://data.worldbank.org/indicator/SP.URB.TOTL.IN.ZS. Retrieved via git because worldbank.org is egress-blocked.
urbanisation_pct,Viet Nam,2005,27.28,% of total population urban,World Bank (WDI; UN World Urbanization Prospects basis),"WDI SP.URB.TOTL.IN.ZS bulk CSV, Last Updated Date 2025-07-01 (copy hosted on GitHub)",https://github.com/NSAPH-Projects/causal-inference-co2/blob/9f2c6e7398c3fc3c66c3ebf372fb65b7c46c93b4/data/API_SP.URB.TOTL.IN.ZS_DS2_en_csv_v2_22447.csv,"""Viet Nam"",""VNM"",""Urban population (% of total population)"",""SP.URB.TOTL.IN.ZS"" ... [2005] ""27.281""",medium,Official WDI values from a copy of the World Bank bulk download; official page https://data.worldbank.org/indicator/SP.URB.TOTL.IN.ZS. Retrieved via git because worldbank.org is egress-blocked.
urbanisation_pct,Viet Nam,2010,30.42,% of total population urban,World Bank (WDI; UN World Urbanization Prospects basis),"WDI SP.URB.TOTL.IN.ZS bulk CSV, Last Updated Date 2025-07-01 (copy hosted on GitHub)",https://github.com/NSAPH-Projects/causal-inference-co2/blob/9f2c6e7398c3fc3c66c3ebf372fb65b7c46c93b4/data/API_SP.URB.TOTL.IN.ZS_DS2_en_csv_v2_22447.csv,"""Viet Nam"",""VNM"",""Urban population (% of total population)"",""SP.URB.TOTL.IN.ZS"" ... [2010] ""30.417""",medium,Official WDI values from a copy of the World Bank bulk download; official page https://data.worldbank.org/indicator/SP.URB.TOTL.IN.ZS. Retrieved via git because worldbank.org is egress-blocked.
urbanisation_pct,Viet Nam,2015,33.81,% of total population urban,World Bank (WDI; UN World Urbanization Prospects basis),"WDI SP.URB.TOTL.IN.ZS bulk CSV, Last Updated Date 2025-07-01 (copy hosted on GitHub)",https://github.com/NSAPH-Projects/causal-inference-co2/blob/9f2c6e7398c3fc3c66c3ebf372fb65b7c46c93b4/data/API_SP.URB.TOTL.IN.ZS_DS2_en_csv_v2_22447.csv,"""Viet Nam"",""VNM"",""Urban population (% of total population)"",""SP.URB.TOTL.IN.ZS"" ... [2015] ""33.809""",medium,Official WDI values from a copy of the World Bank bulk download; official page https://data.worldbank.org/indicator/SP.URB.TOTL.IN.ZS. Retrieved via git because worldbank.org is egress-blocked.
urbanisation_pct,Viet Nam,2020,37.34,% of total population urban,World Bank (WDI; UN World Urbanization Prospects basis),"WDI SP.URB.TOTL.IN.ZS bulk CSV, Last Updated Date 2025-07-01 (copy hosted on GitHub)",https://github.com/NSAPH-Projects/causal-inference-co2/blob/9f2c6e7398c3fc3c66c3ebf372fb65b7c46c93b4/data/API_SP.URB.TOTL.IN.ZS_DS2_en_csv_v2_22447.csv,"""Viet Nam"",""VNM"",""Urban population (% of total population)"",""SP.URB.TOTL.IN.ZS"" ... [2020] ""37.34""",medium,Official WDI values from a copy of the World Bank bulk download; official page https://data.worldbank.org/indicator/SP.URB.TOTL.IN.ZS. Retrieved via git because worldbank.org is egress-blocked.
urbanisation_pct,Viet Nam,2024,40.20,% of total population urban,World Bank (WDI; UN World Urbanization Prospects basis),"WDI SP.URB.TOTL.IN.ZS bulk CSV, Last Updated Date 2025-07-01 (copy hosted on GitHub)",https://github.com/NSAPH-Projects/causal-inference-co2/blob/9f2c6e7398c3fc3c66c3ebf372fb65b7c46c93b4/data/API_SP.URB.TOTL.IN.ZS_DS2_en_csv_v2_22447.csv,"""Viet Nam"",""VNM"",""Urban population (% of total population)"",""SP.URB.TOTL.IN.ZS"" ... [2024] ""40.195""",medium,Official WDI values from a copy of the World Bank bulk download; official page https://data.worldbank.org/indicator/SP.URB.TOTL.IN.ZS. Retrieved via git because worldbank.org is egress-blocked.
urbanisation_pct,Philippines,2005,45.71,% of total population urban,World Bank (WDI; UN World Urbanization Prospects basis),"WDI SP.URB.TOTL.IN.ZS bulk CSV, Last Updated Date 2025-07-01 (copy hosted on GitHub)",https://github.com/NSAPH-Projects/causal-inference-co2/blob/9f2c6e7398c3fc3c66c3ebf372fb65b7c46c93b4/data/API_SP.URB.TOTL.IN.ZS_DS2_en_csv_v2_22447.csv,"""Philippines"",""PHL"",""Urban population (% of total population)"",""SP.URB.TOTL.IN.ZS"" ... [2005] ""45.71""",medium,Official WDI values from a copy of the World Bank bulk download; official page https://data.worldbank.org/indicator/SP.URB.TOTL.IN.ZS. Retrieved via git because worldbank.org is egress-blocked.
urbanisation_pct,Philippines,2010,45.33,% of total population urban,World Bank (WDI; UN World Urbanization Prospects basis),"WDI SP.URB.TOTL.IN.ZS bulk CSV, Last Updated Date 2025-07-01 (copy hosted on GitHub)",https://github.com/NSAPH-Projects/causal-inference-co2/blob/9f2c6e7398c3fc3c66c3ebf372fb65b7c46c93b4/data/API_SP.URB.TOTL.IN.ZS_DS2_en_csv_v2_22447.csv,"""Philippines"",""PHL"",""Urban population (% of total population)"",""SP.URB.TOTL.IN.ZS"" ... [2010] ""45.332""",medium,Official WDI values from a copy of the World Bank bulk download; official page https://data.worldbank.org/indicator/SP.URB.TOTL.IN.ZS. Retrieved via git because worldbank.org is egress-blocked.
urbanisation_pct,Philippines,2015,46.28,% of total population urban,World Bank (WDI; UN World Urbanization Prospects basis),"WDI SP.URB.TOTL.IN.ZS bulk CSV, Last Updated Date 2025-07-01 (copy hosted on GitHub)",https://github.com/NSAPH-Projects/causal-inference-co2/blob/9f2c6e7398c3fc3c66c3ebf372fb65b7c46c93b4/data/API_SP.URB.TOTL.IN.ZS_DS2_en_csv_v2_22447.csv,"""Philippines"",""PHL"",""Urban population (% of total population)"",""SP.URB.TOTL.IN.ZS"" ... [2015] ""46.284""",medium,Official WDI values from a copy of the World Bank bulk download; official page https://data.worldbank.org/indicator/SP.URB.TOTL.IN.ZS. Retrieved via git because worldbank.org is egress-blocked.
urbanisation_pct,Philippines,2020,47.41,% of total population urban,World Bank (WDI; UN World Urbanization Prospects basis),"WDI SP.URB.TOTL.IN.ZS bulk CSV, Last Updated Date 2025-07-01 (copy hosted on GitHub)",https://github.com/NSAPH-Projects/causal-inference-co2/blob/9f2c6e7398c3fc3c66c3ebf372fb65b7c46c93b4/data/API_SP.URB.TOTL.IN.ZS_DS2_en_csv_v2_22447.csv,"""Philippines"",""PHL"",""Urban population (% of total population)"",""SP.URB.TOTL.IN.ZS"" ... [2020] ""47.408""",medium,Official WDI values from a copy of the World Bank bulk download; official page https://data.worldbank.org/indicator/SP.URB.TOTL.IN.ZS. Retrieved via git because worldbank.org is egress-blocked.
urbanisation_pct,Philippines,2024,48.61,% of total population urban,World Bank (WDI; UN World Urbanization Prospects basis),"WDI SP.URB.TOTL.IN.ZS bulk CSV, Last Updated Date 2025-07-01 (copy hosted on GitHub)",https://github.com/NSAPH-Projects/causal-inference-co2/blob/9f2c6e7398c3fc3c66c3ebf372fb65b7c46c93b4/data/API_SP.URB.TOTL.IN.ZS_DS2_en_csv_v2_22447.csv,"""Philippines"",""PHL"",""Urban population (% of total population)"",""SP.URB.TOTL.IN.ZS"" ... [2024] ""48.614""",medium,Official WDI values from a copy of the World Bank bulk download; official page https://data.worldbank.org/indicator/SP.URB.TOTL.IN.ZS. Retrieved via git because worldbank.org is egress-blocked.
urbanisation_pct,Brazil,2005,82.83,% of total population urban,World Bank (WDI; UN World Urbanization Prospects basis),"WDI SP.URB.TOTL.IN.ZS bulk CSV, Last Updated Date 2025-07-01 (copy hosted on GitHub)",https://github.com/NSAPH-Projects/causal-inference-co2/blob/9f2c6e7398c3fc3c66c3ebf372fb65b7c46c93b4/data/API_SP.URB.TOTL.IN.ZS_DS2_en_csv_v2_22447.csv,"""Brazil"",""BRA"",""Urban population (% of total population)"",""SP.URB.TOTL.IN.ZS"" ... [2005] ""82.834""",medium,Official WDI values from a copy of the World Bank bulk download; official page https://data.worldbank.org/indicator/SP.URB.TOTL.IN.ZS. Retrieved via git because worldbank.org is egress-blocked.
urbanisation_pct,Brazil,2010,84.33,% of total population urban,World Bank (WDI; UN World Urbanization Prospects basis),"WDI SP.URB.TOTL.IN.ZS bulk CSV, Last Updated Date 2025-07-01 (copy hosted on GitHub)",https://github.com/NSAPH-Projects/causal-inference-co2/blob/9f2c6e7398c3fc3c66c3ebf372fb65b7c46c93b4/data/API_SP.URB.TOTL.IN.ZS_DS2_en_csv_v2_22447.csv,"""Brazil"",""BRA"",""Urban population (% of total population)"",""SP.URB.TOTL.IN.ZS"" ... [2010] ""84.335""",medium,Official WDI values from a copy of the World Bank bulk download; official page https://data.worldbank.org/indicator/SP.URB.TOTL.IN.ZS. Retrieved via git because worldbank.org is egress-blocked.
urbanisation_pct,Brazil,2015,85.77,% of total population urban,World Bank (WDI; UN World Urbanization Prospects basis),"WDI SP.URB.TOTL.IN.ZS bulk CSV, Last Updated Date 2025-07-01 (copy hosted on GitHub)",https://github.com/NSAPH-Projects/causal-inference-co2/blob/9f2c6e7398c3fc3c66c3ebf372fb65b7c46c93b4/data/API_SP.URB.TOTL.IN.ZS_DS2_en_csv_v2_22447.csv,"""Brazil"",""BRA"",""Urban population (% of total population)"",""SP.URB.TOTL.IN.ZS"" ... [2015] ""85.77""",medium,Official WDI values from a copy of the World Bank bulk download; official page https://data.worldbank.org/indicator/SP.URB.TOTL.IN.ZS. Retrieved via git because worldbank.org is egress-blocked.
urbanisation_pct,Brazil,2020,87.07,% of total population urban,World Bank (WDI; UN World Urbanization Prospects basis),"WDI SP.URB.TOTL.IN.ZS bulk CSV, Last Updated Date 2025-07-01 (copy hosted on GitHub)",https://github.com/NSAPH-Projects/causal-inference-co2/blob/9f2c6e7398c3fc3c66c3ebf372fb65b7c46c93b4/data/API_SP.URB.TOTL.IN.ZS_DS2_en_csv_v2_22447.csv,"""Brazil"",""BRA"",""Urban population (% of total population)"",""SP.URB.TOTL.IN.ZS"" ... [2020] ""87.073""",medium,Official WDI values from a copy of the World Bank bulk download; official page https://data.worldbank.org/indicator/SP.URB.TOTL.IN.ZS. Retrieved via git because worldbank.org is egress-blocked.
urbanisation_pct,Brazil,2024,88.02,% of total population urban,World Bank (WDI; UN World Urbanization Prospects basis),"WDI SP.URB.TOTL.IN.ZS bulk CSV, Last Updated Date 2025-07-01 (copy hosted on GitHub)",https://github.com/NSAPH-Projects/causal-inference-co2/blob/9f2c6e7398c3fc3c66c3ebf372fb65b7c46c93b4/data/API_SP.URB.TOTL.IN.ZS_DS2_en_csv_v2_22447.csv,"""Brazil"",""BRA"",""Urban population (% of total population)"",""SP.URB.TOTL.IN.ZS"" ... [2024] ""88.016""",medium,Official WDI values from a copy of the World Bank bulk download; official page https://data.worldbank.org/indicator/SP.URB.TOTL.IN.ZS. Retrieved via git because worldbank.org is egress-blocked.
urbanisation_pct,"Korea, Rep.",2005,81.34,% of total population urban,World Bank (WDI; UN World Urbanization Prospects basis),"WDI SP.URB.TOTL.IN.ZS bulk CSV, Last Updated Date 2025-07-01 (copy hosted on GitHub)",https://github.com/NSAPH-Projects/causal-inference-co2/blob/9f2c6e7398c3fc3c66c3ebf372fb65b7c46c93b4/data/API_SP.URB.TOTL.IN.ZS_DS2_en_csv_v2_22447.csv,"""Korea, Rep."",""KOR"",""Urban population (% of total population)"",""SP.URB.TOTL.IN.ZS"" ... [2005] ""81.345""",medium,Official WDI values from a copy of the World Bank bulk download; official page https://data.worldbank.org/indicator/SP.URB.TOTL.IN.ZS. Retrieved via git because worldbank.org is egress-blocked.
urbanisation_pct,"Korea, Rep.",2010,81.94,% of total population urban,World Bank (WDI; UN World Urbanization Prospects basis),"WDI SP.URB.TOTL.IN.ZS bulk CSV, Last Updated Date 2025-07-01 (copy hosted on GitHub)",https://github.com/NSAPH-Projects/causal-inference-co2/blob/9f2c6e7398c3fc3c66c3ebf372fb65b7c46c93b4/data/API_SP.URB.TOTL.IN.ZS_DS2_en_csv_v2_22447.csv,"""Korea, Rep."",""KOR"",""Urban population (% of total population)"",""SP.URB.TOTL.IN.ZS"" ... [2010] ""81.936""",medium,Official WDI values from a copy of the World Bank bulk download; official page https://data.worldbank.org/indicator/SP.URB.TOTL.IN.ZS. Retrieved via git because worldbank.org is egress-blocked.
urbanisation_pct,"Korea, Rep.",2015,81.63,% of total population urban,World Bank (WDI; UN World Urbanization Prospects basis),"WDI SP.URB.TOTL.IN.ZS bulk CSV, Last Updated Date 2025-07-01 (copy hosted on GitHub)",https://github.com/NSAPH-Projects/causal-inference-co2/blob/9f2c6e7398c3fc3c66c3ebf372fb65b7c46c93b4/data/API_SP.URB.TOTL.IN.ZS_DS2_en_csv_v2_22447.csv,"""Korea, Rep."",""KOR"",""Urban population (% of total population)"",""SP.URB.TOTL.IN.ZS"" ... [2015] ""81.634""",medium,Official WDI values from a copy of the World Bank bulk download; official page https://data.worldbank.org/indicator/SP.URB.TOTL.IN.ZS. Retrieved via git because worldbank.org is egress-blocked.
urbanisation_pct,"Korea, Rep.",2020,81.41,% of total population urban,World Bank (WDI; UN World Urbanization Prospects basis),"WDI SP.URB.TOTL.IN.ZS bulk CSV, Last Updated Date 2025-07-01 (copy hosted on GitHub)",https://github.com/NSAPH-Projects/causal-inference-co2/blob/9f2c6e7398c3fc3c66c3ebf372fb65b7c46c93b4/data/API_SP.URB.TOTL.IN.ZS_DS2_en_csv_v2_22447.csv,"""Korea, Rep."",""KOR"",""Urban population (% of total population)"",""SP.URB.TOTL.IN.ZS"" ... [2020] ""81.414""",medium,Official WDI values from a copy of the World Bank bulk download; official page https://data.worldbank.org/indicator/SP.URB.TOTL.IN.ZS. Retrieved via git because worldbank.org is egress-blocked.
urbanisation_pct,"Korea, Rep.",2024,81.50,% of total population urban,World Bank (WDI; UN World Urbanization Prospects basis),"WDI SP.URB.TOTL.IN.ZS bulk CSV, Last Updated Date 2025-07-01 (copy hosted on GitHub)",https://github.com/NSAPH-Projects/causal-inference-co2/blob/9f2c6e7398c3fc3c66c3ebf372fb65b7c46c93b4/data/API_SP.URB.TOTL.IN.ZS_DS2_en_csv_v2_22447.csv,"""Korea, Rep."",""KOR"",""Urban population (% of total population)"",""SP.URB.TOTL.IN.ZS"" ... [2024] ""81.498""",medium,Official WDI values from a copy of the World Bank bulk download; official page https://data.worldbank.org/indicator/SP.URB.TOTL.IN.ZS. Retrieved via git because worldbank.org is egress-blocked.
urbanisation_pct,United States,2005,79.93,% of total population urban,World Bank (WDI; UN World Urbanization Prospects basis),"WDI SP.URB.TOTL.IN.ZS bulk CSV, Last Updated Date 2025-07-01 (copy hosted on GitHub)",https://github.com/NSAPH-Projects/causal-inference-co2/blob/9f2c6e7398c3fc3c66c3ebf372fb65b7c46c93b4/data/API_SP.URB.TOTL.IN.ZS_DS2_en_csv_v2_22447.csv,"""United States"",""USA"",""Urban population (% of total population)"",""SP.URB.TOTL.IN.ZS"" ... [2005] ""79.928""",medium,Official WDI values from a copy of the World Bank bulk download; official page https://data.worldbank.org/indicator/SP.URB.TOTL.IN.ZS. Retrieved via git because worldbank.org is egress-blocked.
urbanisation_pct,United States,2010,80.77,% of total population urban,World Bank (WDI; UN World Urbanization Prospects basis),"WDI SP.URB.TOTL.IN.ZS bulk CSV, Last Updated Date 2025-07-01 (copy hosted on GitHub)",https://github.com/NSAPH-Projects/causal-inference-co2/blob/9f2c6e7398c3fc3c66c3ebf372fb65b7c46c93b4/data/API_SP.URB.TOTL.IN.ZS_DS2_en_csv_v2_22447.csv,"""United States"",""USA"",""Urban population (% of total population)"",""SP.URB.TOTL.IN.ZS"" ... [2010] ""80.772""",medium,Official WDI values from a copy of the World Bank bulk download; official page https://data.worldbank.org/indicator/SP.URB.TOTL.IN.ZS. Retrieved via git because worldbank.org is egress-blocked.
urbanisation_pct,United States,2015,81.67,% of total population urban,World Bank (WDI; UN World Urbanization Prospects basis),"WDI SP.URB.TOTL.IN.ZS bulk CSV, Last Updated Date 2025-07-01 (copy hosted on GitHub)",https://github.com/NSAPH-Projects/causal-inference-co2/blob/9f2c6e7398c3fc3c66c3ebf372fb65b7c46c93b4/data/API_SP.URB.TOTL.IN.ZS_DS2_en_csv_v2_22447.csv,"""United States"",""USA"",""Urban population (% of total population)"",""SP.URB.TOTL.IN.ZS"" ... [2015] ""81.671""",medium,Official WDI values from a copy of the World Bank bulk download; official page https://data.worldbank.org/indicator/SP.URB.TOTL.IN.ZS. Retrieved via git because worldbank.org is egress-blocked.
urbanisation_pct,United States,2020,82.66,% of total population urban,World Bank (WDI; UN World Urbanization Prospects basis),"WDI SP.URB.TOTL.IN.ZS bulk CSV, Last Updated Date 2025-07-01 (copy hosted on GitHub)",https://github.com/NSAPH-Projects/causal-inference-co2/blob/9f2c6e7398c3fc3c66c3ebf372fb65b7c46c93b4/data/API_SP.URB.TOTL.IN.ZS_DS2_en_csv_v2_22447.csv,"""United States"",""USA"",""Urban population (% of total population)"",""SP.URB.TOTL.IN.ZS"" ... [2020] ""82.664""",medium,Official WDI values from a copy of the World Bank bulk download; official page https://data.worldbank.org/indicator/SP.URB.TOTL.IN.ZS. Retrieved via git because worldbank.org is egress-blocked.
urbanisation_pct,United States,2024,83.52,% of total population urban,World Bank (WDI; UN World Urbanization Prospects basis),"WDI SP.URB.TOTL.IN.ZS bulk CSV, Last Updated Date 2025-07-01 (copy hosted on GitHub)",https://github.com/NSAPH-Projects/causal-inference-co2/blob/9f2c6e7398c3fc3c66c3ebf372fb65b7c46c93b4/data/API_SP.URB.TOTL.IN.ZS_DS2_en_csv_v2_22447.csv,"""United States"",""USA"",""Urban population (% of total population)"",""SP.URB.TOTL.IN.ZS"" ... [2024] ""83.515""",medium,Official WDI values from a copy of the World Bank bulk download; official page https://data.worldbank.org/indicator/SP.URB.TOTL.IN.ZS. Retrieved via git because worldbank.org is egress-blocked.
urbanisation_pct,World,2005,49.03,% of total population urban,World Bank (WDI; UN World Urbanization Prospects basis),"WDI SP.URB.TOTL.IN.ZS bulk CSV, Last Updated Date 2025-07-01 (copy hosted on GitHub)",https://github.com/NSAPH-Projects/causal-inference-co2/blob/9f2c6e7398c3fc3c66c3ebf372fb65b7c46c93b4/data/API_SP.URB.TOTL.IN.ZS_DS2_en_csv_v2_22447.csv,"""World"",""WLD"",""Urban population (% of total population)"",""SP.URB.TOTL.IN.ZS"" ... [2005] ""49.0288904197989""",medium,Official WDI values from a copy of the World Bank bulk download; official page https://data.worldbank.org/indicator/SP.URB.TOTL.IN.ZS. Retrieved via git because worldbank.org is egress-blocked.
urbanisation_pct,World,2010,51.48,% of total population urban,World Bank (WDI; UN World Urbanization Prospects basis),"WDI SP.URB.TOTL.IN.ZS bulk CSV, Last Updated Date 2025-07-01 (copy hosted on GitHub)",https://github.com/NSAPH-Projects/causal-inference-co2/blob/9f2c6e7398c3fc3c66c3ebf372fb65b7c46c93b4/data/API_SP.URB.TOTL.IN.ZS_DS2_en_csv_v2_22447.csv,"""World"",""WLD"",""Urban population (% of total population)"",""SP.URB.TOTL.IN.ZS"" ... [2010] ""51.4781088042592""",medium,Official WDI values from a copy of the World Bank bulk download; official page https://data.worldbank.org/indicator/SP.URB.TOTL.IN.ZS. Retrieved via git because worldbank.org is egress-blocked.
urbanisation_pct,World,2015,53.74,% of total population urban,World Bank (WDI; UN World Urbanization Prospects basis),"WDI SP.URB.TOTL.IN.ZS bulk CSV, Last Updated Date 2025-07-01 (copy hosted on GitHub)",https://github.com/NSAPH-Projects/causal-inference-co2/blob/9f2c6e7398c3fc3c66c3ebf372fb65b7c46c93b4/data/API_SP.URB.TOTL.IN.ZS_DS2_en_csv_v2_22447.csv,"""World"",""WLD"",""Urban population (% of total population)"",""SP.URB.TOTL.IN.ZS"" ... [2015] ""53.7372524306533""",medium,Official WDI values from a copy of the World Bank bulk download; official page https://data.worldbank.org/indicator/SP.URB.TOTL.IN.ZS. Retrieved via git because worldbank.org is egress-blocked.
urbanisation_pct,World,2020,55.96,% of total population urban,World Bank (WDI; UN World Urbanization Prospects basis),"WDI SP.URB.TOTL.IN.ZS bulk CSV, Last Updated Date 2025-07-01 (copy hosted on GitHub)",https://github.com/NSAPH-Projects/causal-inference-co2/blob/9f2c6e7398c3fc3c66c3ebf372fb65b7c46c93b4/data/API_SP.URB.TOTL.IN.ZS_DS2_en_csv_v2_22447.csv,"""World"",""WLD"",""Urban population (% of total population)"",""SP.URB.TOTL.IN.ZS"" ... [2020] ""55.9623738261611""",medium,Official WDI values from a copy of the World Bank bulk download; official page https://data.worldbank.org/indicator/SP.URB.TOTL.IN.ZS. Retrieved via git because worldbank.org is egress-blocked.
urbanisation_pct,World,2024,57.70,% of total population urban,World Bank (WDI; UN World Urbanization Prospects basis),"WDI SP.URB.TOTL.IN.ZS bulk CSV, Last Updated Date 2025-07-01 (copy hosted on GitHub)",https://github.com/NSAPH-Projects/causal-inference-co2/blob/9f2c6e7398c3fc3c66c3ebf372fb65b7c46c93b4/data/API_SP.URB.TOTL.IN.ZS_DS2_en_csv_v2_22447.csv,"""World"",""WLD"",""Urban population (% of total population)"",""SP.URB.TOTL.IN.ZS"" ... [2024] ""57.7006387971638""",medium,Official WDI values from a copy of the World Bank bulk download; official page https://data.worldbank.org/indicator/SP.URB.TOTL.IN.ZS. Retrieved via git because worldbank.org is egress-blocked.
urbanisation_pct,East Asia & Pacific,2005,46.79,% of total population urban,World Bank (WDI; UN World Urbanization Prospects basis),"WDI SP.URB.TOTL.IN.ZS bulk CSV, Last Updated Date 2025-07-01 (copy hosted on GitHub)",https://github.com/NSAPH-Projects/causal-inference-co2/blob/9f2c6e7398c3fc3c66c3ebf372fb65b7c46c93b4/data/API_SP.URB.TOTL.IN.ZS_DS2_en_csv_v2_22447.csv,"""East Asia & Pacific"",""EAS"",""Urban population (% of total population)"",""SP.URB.TOTL.IN.ZS"" ... [2005] ""46.7853720162275""",medium,Official WDI values from a copy of the World Bank bulk download; official page https://data.worldbank.org/indicator/SP.URB.TOTL.IN.ZS. Retrieved via git because worldbank.org is egress-blocked.
urbanisation_pct,East Asia & Pacific,2010,51.95,% of total population urban,World Bank (WDI; UN World Urbanization Prospects basis),"WDI SP.URB.TOTL.IN.ZS bulk CSV, Last Updated Date 2025-07-01 (copy hosted on GitHub)",https://github.com/NSAPH-Projects/causal-inference-co2/blob/9f2c6e7398c3fc3c66c3ebf372fb65b7c46c93b4/data/API_SP.URB.TOTL.IN.ZS_DS2_en_csv_v2_22447.csv,"""East Asia & Pacific"",""EAS"",""Urban population (% of total population)"",""SP.URB.TOTL.IN.ZS"" ... [2010] ""51.9469002743605""",medium,Official WDI values from a copy of the World Bank bulk download; official page https://data.worldbank.org/indicator/SP.URB.TOTL.IN.ZS. Retrieved via git because worldbank.org is egress-blocked.
urbanisation_pct,East Asia & Pacific,2015,56.42,% of total population urban,World Bank (WDI; UN World Urbanization Prospects basis),"WDI SP.URB.TOTL.IN.ZS bulk CSV, Last Updated Date 2025-07-01 (copy hosted on GitHub)",https://github.com/NSAPH-Projects/causal-inference-co2/blob/9f2c6e7398c3fc3c66c3ebf372fb65b7c46c93b4/data/API_SP.URB.TOTL.IN.ZS_DS2_en_csv_v2_22447.csv,"""East Asia & Pacific"",""EAS"",""Urban population (% of total population)"",""SP.URB.TOTL.IN.ZS"" ... [2015] ""56.4205224809368""",medium,Official WDI values from a copy of the World Bank bulk download; official page https://data.worldbank.org/indicator/SP.URB.TOTL.IN.ZS. Retrieved via git because worldbank.org is egress-blocked.
urbanisation_pct,East Asia & Pacific,2020,60.68,% of total population urban,World Bank (WDI; UN World Urbanization Prospects basis),"WDI SP.URB.TOTL.IN.ZS bulk CSV, Last Updated Date 2025-07-01 (copy hosted on GitHub)",https://github.com/NSAPH-Projects/causal-inference-co2/blob/9f2c6e7398c3fc3c66c3ebf372fb65b7c46c93b4/data/API_SP.URB.TOTL.IN.ZS_DS2_en_csv_v2_22447.csv,"""East Asia & Pacific"",""EAS"",""Urban population (% of total population)"",""SP.URB.TOTL.IN.ZS"" ... [2020] ""60.6822345154889""",medium,Official WDI values from a copy of the World Bank bulk download; official page https://data.worldbank.org/indicator/SP.URB.TOTL.IN.ZS. Retrieved via git because worldbank.org is egress-blocked.
urbanisation_pct,East Asia & Pacific,2024,63.71,% of total population urban,World Bank (WDI; UN World Urbanization Prospects basis),"WDI SP.URB.TOTL.IN.ZS bulk CSV, Last Updated Date 2025-07-01 (copy hosted on GitHub)",https://github.com/NSAPH-Projects/causal-inference-co2/blob/9f2c6e7398c3fc3c66c3ebf372fb65b7c46c93b4/data/API_SP.URB.TOTL.IN.ZS_DS2_en_csv_v2_22447.csv,"""East Asia & Pacific"",""EAS"",""Urban population (% of total population)"",""SP.URB.TOTL.IN.ZS"" ... [2024] ""63.7106156319769""",medium,Official WDI values from a copy of the World Bank bulk download; official page https://data.worldbank.org/indicator/SP.URB.TOTL.IN.ZS. Retrieved via git because worldbank.org is egress-blocked.
population,World,2005,6575841506,persons (mid-year),World Bank (WDI SP.POP.TOTL),"datahub.io 'population' data package (World Bank SP.POP.TOTL), repo updated 2026-07-27",https://github.com/datasets/population/blob/075cd0da5b7268daa466c84b3b2ff109bf3aea7e/data/population.csv,"World,WLD,2005,6575841506",medium,World Bank series mirrored by datahub.io (datapackage source: http://data.worldbank.org/indicator/SP.POP.TOTL); latest year 2024. UN WPP 2024 figure for 2025 NOT retrieved (gap).
population,World,2010,7001266876,persons (mid-year),World Bank (WDI SP.POP.TOTL),"datahub.io 'population' data package (World Bank SP.POP.TOTL), repo updated 2026-07-27",https://github.com/datasets/population/blob/075cd0da5b7268daa466c84b3b2ff109bf3aea7e/data/population.csv,"World,WLD,2010,7001266876",medium,World Bank series mirrored by datahub.io (datapackage source: http://data.worldbank.org/indicator/SP.POP.TOTL); latest year 2024. UN WPP 2024 figure for 2025 NOT retrieved (gap).
population,World,2015,7441677465,persons (mid-year),World Bank (WDI SP.POP.TOTL),"datahub.io 'population' data package (World Bank SP.POP.TOTL), repo updated 2026-07-27",https://github.com/datasets/population/blob/075cd0da5b7268daa466c84b3b2ff109bf3aea7e/data/population.csv,"World,WLD,2015,7441677465",medium,World Bank series mirrored by datahub.io (datapackage source: http://data.worldbank.org/indicator/SP.POP.TOTL); latest year 2024. UN WPP 2024 figure for 2025 NOT retrieved (gap).
population,World,2020,7854748424,persons (mid-year),World Bank (WDI SP.POP.TOTL),"datahub.io 'population' data package (World Bank SP.POP.TOTL), repo updated 2026-07-27",https://github.com/datasets/population/blob/075cd0da5b7268daa466c84b3b2ff109bf3aea7e/data/population.csv,"World,WLD,2020,7854748424",medium,World Bank series mirrored by datahub.io (datapackage source: http://data.worldbank.org/indicator/SP.POP.TOTL); latest year 2024. UN WPP 2024 figure for 2025 NOT retrieved (gap).
population,World,2024,8141808945,persons (mid-year),World Bank (WDI SP.POP.TOTL),"datahub.io 'population' data package (World Bank SP.POP.TOTL), repo updated 2026-07-27",https://github.com/datasets/population/blob/075cd0da5b7268daa466c84b3b2ff109bf3aea7e/data/population.csv,"World,WLD,2024,8141808945",medium,World Bank series mirrored by datahub.io (datapackage source: http://data.worldbank.org/indicator/SP.POP.TOTL); latest year 2024. UN WPP 2024 figure for 2025 NOT retrieved (gap).
population,China,2005,1303720000,persons (mid-year),World Bank (WDI SP.POP.TOTL),"datahub.io 'population' data package (World Bank SP.POP.TOTL), repo updated 2026-07-27",https://github.com/datasets/population/blob/075cd0da5b7268daa466c84b3b2ff109bf3aea7e/data/population.csv,"China,CHN,2005,1303720000",medium,World Bank series mirrored by datahub.io (datapackage source: http://data.worldbank.org/indicator/SP.POP.TOTL); latest year 2024. UN WPP 2024 figure for 2025 NOT retrieved (gap).
population,China,2024,1408975000,persons (mid-year),World Bank (WDI SP.POP.TOTL),"datahub.io 'population' data package (World Bank SP.POP.TOTL), repo updated 2026-07-27",https://github.com/datasets/population/blob/075cd0da5b7268daa466c84b3b2ff109bf3aea7e/data/population.csv,"China,CHN,2024,1408975000",medium,World Bank series mirrored by datahub.io (datapackage source: http://data.worldbank.org/indicator/SP.POP.TOTL); latest year 2024. UN WPP 2024 figure for 2025 NOT retrieved (gap).
population,India,2005,1154676322,persons (mid-year),World Bank (WDI SP.POP.TOTL),"datahub.io 'population' data package (World Bank SP.POP.TOTL), repo updated 2026-07-27",https://github.com/datasets/population/blob/075cd0da5b7268daa466c84b3b2ff109bf3aea7e/data/population.csv,"India,IND,2005,1154676322",medium,World Bank series mirrored by datahub.io (datapackage source: http://data.worldbank.org/indicator/SP.POP.TOTL); latest year 2024. UN WPP 2024 figure for 2025 NOT retrieved (gap).
population,India,2024,1450935791,persons (mid-year),World Bank (WDI SP.POP.TOTL),"datahub.io 'population' data package (World Bank SP.POP.TOTL), repo updated 2026-07-27",https://github.com/datasets/population/blob/075cd0da5b7268daa466c84b3b2ff109bf3aea7e/data/population.csv,"India,IND,2024,1450935791",medium,World Bank series mirrored by datahub.io (datapackage source: http://data.worldbank.org/indicator/SP.POP.TOTL); latest year 2024. UN WPP 2024 figure for 2025 NOT retrieved (gap).
population,Indonesia,2005,230871650,persons (mid-year),World Bank (WDI SP.POP.TOTL),"datahub.io 'population' data package (World Bank SP.POP.TOTL), repo updated 2026-07-27",https://github.com/datasets/population/blob/075cd0da5b7268daa466c84b3b2ff109bf3aea7e/data/population.csv,"Indonesia,IDN,2005,230871650",medium,World Bank series mirrored by datahub.io (datapackage source: http://data.worldbank.org/indicator/SP.POP.TOTL); latest year 2024. UN WPP 2024 figure for 2025 NOT retrieved (gap).
population,Indonesia,2024,283487931,persons (mid-year),World Bank (WDI SP.POP.TOTL),"datahub.io 'population' data package (World Bank SP.POP.TOTL), repo updated 2026-07-27",https://github.com/datasets/population/blob/075cd0da5b7268daa466c84b3b2ff109bf3aea7e/data/population.csv,"Indonesia,IDN,2024,283487931",medium,World Bank series mirrored by datahub.io (datapackage source: http://data.worldbank.org/indicator/SP.POP.TOTL); latest year 2024. UN WPP 2024 figure for 2025 NOT retrieved (gap).
population,Viet Nam,2005,81088313,persons (mid-year),World Bank (WDI SP.POP.TOTL),"datahub.io 'population' data package (World Bank SP.POP.TOTL), repo updated 2026-07-27",https://github.com/datasets/population/blob/075cd0da5b7268daa466c84b3b2ff109bf3aea7e/data/population.csv,"Viet Nam,VNM,2005,81088313",medium,World Bank series mirrored by datahub.io (datapackage source: http://data.worldbank.org/indicator/SP.POP.TOTL); latest year 2024. UN WPP 2024 figure for 2025 NOT retrieved (gap).
population,Viet Nam,2024,100987686,persons (mid-year),World Bank (WDI SP.POP.TOTL),"datahub.io 'population' data package (World Bank SP.POP.TOTL), repo updated 2026-07-27",https://github.com/datasets/population/blob/075cd0da5b7268daa466c84b3b2ff109bf3aea7e/data/population.csv,"Viet Nam,VNM,2024,100987686",medium,World Bank series mirrored by datahub.io (datapackage source: http://data.worldbank.org/indicator/SP.POP.TOTL); latest year 2024. UN WPP 2024 figure for 2025 NOT retrieved (gap).
population,Philippines,2005,88015962,persons (mid-year),World Bank (WDI SP.POP.TOTL),"datahub.io 'population' data package (World Bank SP.POP.TOTL), repo updated 2026-07-27",https://github.com/datasets/population/blob/075cd0da5b7268daa466c84b3b2ff109bf3aea7e/data/population.csv,"Philippines,PHL,2005,88015962",medium,World Bank series mirrored by datahub.io (datapackage source: http://data.worldbank.org/indicator/SP.POP.TOTL); latest year 2024. UN WPP 2024 figure for 2025 NOT retrieved (gap).
population,Philippines,2024,115843670,persons (mid-year),World Bank (WDI SP.POP.TOTL),"datahub.io 'population' data package (World Bank SP.POP.TOTL), repo updated 2026-07-27",https://github.com/datasets/population/blob/075cd0da5b7268daa466c84b3b2ff109bf3aea7e/data/population.csv,"Philippines,PHL,2024,115843670",medium,World Bank series mirrored by datahub.io (datapackage source: http://data.worldbank.org/indicator/SP.POP.TOTL); latest year 2024. UN WPP 2024 figure for 2025 NOT retrieved (gap).
population,Brazil,2005,184688101,persons (mid-year),World Bank (WDI SP.POP.TOTL),"datahub.io 'population' data package (World Bank SP.POP.TOTL), repo updated 2026-07-27",https://github.com/datasets/population/blob/075cd0da5b7268daa466c84b3b2ff109bf3aea7e/data/population.csv,"Brazil,BRA,2005,184688101",medium,World Bank series mirrored by datahub.io (datapackage source: http://data.worldbank.org/indicator/SP.POP.TOTL); latest year 2024. UN WPP 2024 figure for 2025 NOT retrieved (gap).
population,Brazil,2024,211998573,persons (mid-year),World Bank (WDI SP.POP.TOTL),"datahub.io 'population' data package (World Bank SP.POP.TOTL), repo updated 2026-07-27",https://github.com/datasets/population/blob/075cd0da5b7268daa466c84b3b2ff109bf3aea7e/data/population.csv,"Brazil,BRA,2024,211998573",medium,World Bank series mirrored by datahub.io (datapackage source: http://data.worldbank.org/indicator/SP.POP.TOTL); latest year 2024. UN WPP 2024 figure for 2025 NOT retrieved (gap).
population,"Korea, Rep.",2005,48184561,persons (mid-year),World Bank (WDI SP.POP.TOTL),"datahub.io 'population' data package (World Bank SP.POP.TOTL), repo updated 2026-07-27",https://github.com/datasets/population/blob/075cd0da5b7268daa466c84b3b2ff109bf3aea7e/data/population.csv,"Korea, Rep.,KOR,2005,48184561",medium,World Bank series mirrored by datahub.io (datapackage source: http://data.worldbank.org/indicator/SP.POP.TOTL); latest year 2024. UN WPP 2024 figure for 2025 NOT retrieved (gap).
population,"Korea, Rep.",2024,51751065,persons (mid-year),World Bank (WDI SP.POP.TOTL),"datahub.io 'population' data package (World Bank SP.POP.TOTL), repo updated 2026-07-27",https://github.com/datasets/population/blob/075cd0da5b7268daa466c84b3b2ff109bf3aea7e/data/population.csv,"Korea, Rep.,KOR,2024,51751065",medium,World Bank series mirrored by datahub.io (datapackage source: http://data.worldbank.org/indicator/SP.POP.TOTL); latest year 2024. UN WPP 2024 figure for 2025 NOT retrieved (gap).
population,United States,2005,295516599,persons (mid-year),World Bank (WDI SP.POP.TOTL),"datahub.io 'population' data package (World Bank SP.POP.TOTL), repo updated 2026-07-27",https://github.com/datasets/population/blob/075cd0da5b7268daa466c84b3b2ff109bf3aea7e/data/population.csv,"United States,USA,2005,295516599",medium,World Bank series mirrored by datahub.io (datapackage source: http://data.worldbank.org/indicator/SP.POP.TOTL); latest year 2024. UN WPP 2024 figure for 2025 NOT retrieved (gap).
population,United States,2024,340110988,persons (mid-year),World Bank (WDI SP.POP.TOTL),"datahub.io 'population' data package (World Bank SP.POP.TOTL), repo updated 2026-07-27",https://github.com/datasets/population/blob/075cd0da5b7268daa466c84b3b2ff109bf3aea7e/data/population.csv,"United States,USA,2024,340110988",medium,World Bank series mirrored by datahub.io (datapackage source: http://data.worldbank.org/indicator/SP.POP.TOTL); latest year 2024. UN WPP 2024 figure for 2025 NOT retrieved (gap).
stores_starbucks_total,Starbucks,FY2008,16680,stores,Starbucks (SEC 10-K),"Starbucks Form 10-K fiscal 2008 (year ended Sep 28, 2008) - per WebSearch summary",https://www.sec.gov/Archives/edgar/data/0000829224/000095013408021134/v50316e10vk.htm,"the number of company-operated and licensed stores grew to 16,680 by fiscal year-end",low,"Search summary gave 16,680 as a fiscal-year-end total but mislabelled the year (said FY2009). Corroborated by a third-party 10-K Item 1 extraction table (github.com/seto-siratori/starbucks-kaggle reports/week6-review.md: FY2008 total 16,680). Verify in 10-K."
stores_starbucks_total,Starbucks,FY2014,21366,stores,Daily Mail (press),"Daily Mail article on Starbucks POS outage, Apr 2015 (text copy in CNN/DailyMail dataset on GitHub)",https://github.com/tenacke/llm-evaluator/blob/fcc7a71cdaffee460e8e94ef0d4aaa94870d6140/datasets/cnndm/dailymail/stories/3319b6c88181b08026a45d9c1755e0958ff53bc6.story,"the Seattle-based global coffeehouse chain, which had 21,366 locations in 65 countries last year",medium,"Refers to FY2014 year-end (Sep 28, 2014). Independently corroborated by SNU SMIC equity research note 22 May 2015 ('65 countries ... 21,366 stores, company-operated & licensed'): github.com/ChoiInYeol/SNUSMIC-Portfolio. Verify vs FY2014 10-K/earnings release."
stores_starbucks_total,Starbucks,FY2025,40576,stores,Third-party extraction of Starbucks 10-K Item 1,seto-siratori/starbucks-kaggle reports/week6-review.md (10-K Item 1 store-count extraction),https://github.com/seto-siratori/starbucks-kaggle/blob/1b80268eb94ece96cbf1f98fca8f324ee590f709/reports/week6-review.md,"| 全世界合計 | 1,006 | 16,680 | 32,660 | 40,576 |",low,"CONFLICT: Starbucks Q4 FY25 earnings release (SEC 8-K) says 40,990 stores at FY2025 end. The 40,576 figure is an unverified third-party text extraction; likely an extraction artefact. Prefer 40,990 unless the FY2025 10-K shows otherwise."
stores_starbucks_total,Starbucks,FY2009,,stores,Starbucks (SEC 10-K),NOT FOUND,,,low,Not found (WebSearch budget exhausted). FY2009 was the only year of net decline in the series per third-party 10-K extraction (~ -0.3%) after US closures of ~600 stores.
stores_starbucks_total,Starbucks,FY2011,,stores,Starbucks (SEC 10-K),NOT FOUND,,,low,Not found (WebSearch budget exhausted).
stores_starbucks_total,Starbucks,FY2012,,stores,Starbucks (SEC 10-K),NOT FOUND,,,low,Not found (WebSearch budget exhausted).
stores_starbucks_total,Starbucks,FY2013,,stores,Starbucks (SEC 10-K),NOT FOUND,,,low,Not found (WebSearch budget exhausted); FY2013 10-K at sec.gov/Archives/edgar/data/0000829224/000082922413000044/sbux-9292013x10k.htm
stores_starbucks_china,Starbucks China,FY2005,,stores,Starbucks,NOT FOUND,,,low,"Not found - WebSearch budget exhausted. FY2022: release says China 'surpassed 6,000 stores' (exact count not surfaced)."
stores_starbucks_china,Starbucks China,FY2010,,stores,Starbucks,NOT FOUND,,,low,"Not found - WebSearch budget exhausted. FY2022: release says China 'surpassed 6,000 stores' (exact count not surfaced)."
stores_starbucks_china,Starbucks China,FY2015,,stores,Starbucks,NOT FOUND,,,low,"Not found - WebSearch budget exhausted. FY2022: release says China 'surpassed 6,000 stores' (exact count not surfaced)."
stores_starbucks_china,Starbucks China,FY2019,,stores,Starbucks,NOT FOUND,,,low,"Not found - WebSearch budget exhausted. FY2022: release says China 'surpassed 6,000 stores' (exact count not surfaced)."
stores_starbucks_china,Starbucks China,FY2022,6000,stores,Starbucks,"Starbucks Reports Q4 and Full Year Fiscal 2022 Results (Nov 3, 2022)",https://investor.starbucks.com/news/financial-releases/news-details/2022/Starbucks-Reports-Q4-and-Full-Year-Fiscal-2022-Results/default.aspx,"China surpassing 6,000 stores and pushing the global store count to a record 35,711",medium,"LOWER BOUND only ('surpassed 6,000'); exact FY2022 China count not surfaced."
stores_luckin_self_operated,Luckin Coffee,2021-12-31,4397,stores,"Luckin Coffee (company description, from 20-F)",LKNCY company profile description (FinancialModelingPrep-style JSON copy on GitHub),https://github.com/Necksus/TradingData/blob/2d58564ff90bf7993e198dd7746d48ce84a6d1d0/Data/FinancialModeling/LKNCY.json,"As of December 31, 2021, it operated 4,397 self-operated stores; 1,627 partnership stores; and 1,102 Luckin Coffee EXPRESS machines",low,Relayed via third-party research compilation on GitHub (found with GitHub code search because WebSearch budget was exhausted); primary source not opened - verify before publication.
stores_luckin_partnership,Luckin Coffee,2021-12-31,1627,stores,"Luckin Coffee (company description, from 20-F)",LKNCY company profile description (FinancialModelingPrep-style JSON copy on GitHub),https://github.com/Necksus/TradingData/blob/2d58564ff90bf7993e198dd7746d48ce84a6d1d0/Data/FinancialModeling/LKNCY.json,"As of December 31, 2021, it operated 4,397 self-operated stores; 1,627 partnership stores",low,Relayed via third-party research compilation on GitHub (found with GitHub code search because WebSearch budget was exhausted); primary source not opened - verify before publication.
stores_luckin,Luckin Coffee,2021-12-31,6024,stores,"Luckin Coffee (company description, from 20-F)",LKNCY company profile description (FinancialModelingPrep-style JSON copy on GitHub),https://github.com/Necksus/TradingData/blob/2d58564ff90bf7993e198dd7746d48ce84a6d1d0/Data/FinancialModeling/LKNCY.json,"4,397 self-operated stores; 1,627 partnership stores",low,"Total = sum of the two reported components (4,397 + 1,627); excludes 1,102 EXPRESS machines. Relayed via third-party research compilation on GitHub (found with GitHub code search because WebSearch budget was exhausted); primary source not opened - verify before publication."
stores_luckin_self_operated,Luckin Coffee,2024-12-31,14591,stores,"Luckin Coffee (Form 20-F FY2024, as quoted)","Kopi Kenangan research pack, 08-valuation.yaml (quotes Luckin 20-F FY2024)",https://github.com/vibewatch/startup/blob/4948d35e995e0d1ed1aec49229e65dc3d9d64b83/reports/20260705063749-kopi-kenangan/08-valuation.yaml,"Luckin disclosed 14,591 self-operated stores and 7,749 partnership stores at December 31, 2024.",low,Cited primary: https://www.sec.gov/Archives/edgar/data/1767582/000141057825000546/lk-20241231x20f.htm . Relayed via third-party research compilation on GitHub (found with GitHub code search because WebSearch budget was exhausted); primary source not opened - verify before publication.
stores_luckin_partnership,Luckin Coffee,2024-12-31,7749,stores,"Luckin Coffee (Form 20-F FY2024, as quoted)","Kopi Kenangan research pack, 08-valuation.yaml (quotes Luckin 20-F FY2024)",https://github.com/vibewatch/startup/blob/4948d35e995e0d1ed1aec49229e65dc3d9d64b83/reports/20260705063749-kopi-kenangan/08-valuation.yaml,"Luckin disclosed 14,591 self-operated stores and 7,749 partnership stores at December 31, 2024.",low,Cited primary: https://www.sec.gov/Archives/edgar/data/1767582/000141057825000546/lk-20241231x20f.htm . Relayed via third-party research compilation on GitHub (found with GitHub code search because WebSearch budget was exhausted); primary source not opened - verify before publication.
stores_luckin,Luckin Coffee,2024-12-31,22340,stores,"Luckin Coffee (Form 20-F FY2024, as quoted)","Kopi Kenangan research pack, 08-valuation.yaml (quotes Luckin 20-F FY2024)",https://github.com/vibewatch/startup/blob/4948d35e995e0d1ed1aec49229e65dc3d9d64b83/reports/20260705063749-kopi-kenangan/08-valuation.yaml,"14,591 self-operated stores and 7,749 partnership stores at December 31, 2024",low,Total = sum of reported components. Relayed via third-party research compilation on GitHub (found with GitHub code search because WebSearch budget was exhausted); primary source not opened - verify before publication.
stores_luckin,Luckin Coffee,2025-11-13,27930,stores,FoodTalks (citing Narrow Door / Zhaimen store tracker),"Manner Coffee research pack, 02-market-analysis.yaml (claim CM019)",https://github.com/vibewatch/startup/blob/4948d35e995e0d1ed1aec49229e65dc3d9d64b83/reports/20260806064127-manner-coffee/02-market-analysis.yaml,"FoodTalks said that as of 13 November 2025 Luckin had 27,930 stores, Cotti 15,323, Starbucks China 8,283",low,"Third-party store tracker, not company-reported; includes China only? (tracker scope unverified). Relayed via third-party research compilation on GitHub (found with GitHub code search because WebSearch budget was exhausted); primary source not opened - verify before publication."
stores_luckin,Luckin Coffee,2017-12-31,,stores,Luckin Coffee,NOT FOUND,,,low,Not found - WebSearch budget exhausted (session cap 200 calls reached). Source to use: Luckin quarterly results press releases (investor.lkcoffee.com) / 20-F.
stores_luckin,Luckin Coffee,2018-12-31,,stores,Luckin Coffee,NOT FOUND,,,low,Not found - WebSearch budget exhausted (session cap 200 calls reached). Source to use: Luckin quarterly results press releases (investor.lkcoffee.com) / 20-F.
stores_luckin,Luckin Coffee,2019-12-31,,stores,Luckin Coffee,NOT FOUND,,,low,Not found - WebSearch budget exhausted (session cap 200 calls reached). Source to use: Luckin quarterly results press releases (investor.lkcoffee.com) / 20-F.
stores_luckin,Luckin Coffee,2020-12-31,,stores,Luckin Coffee,NOT FOUND,,,low,Not found - WebSearch budget exhausted (session cap 200 calls reached). Source to use: Luckin quarterly results press releases (investor.lkcoffee.com) / 20-F.
stores_luckin,Luckin Coffee,2022-12-31,,stores,Luckin Coffee,NOT FOUND,,,low,Not found - WebSearch budget exhausted (session cap 200 calls reached). Source to use: Luckin quarterly results press releases (investor.lkcoffee.com) / 20-F.
stores_luckin,Luckin Coffee,2023-12-31,,stores,Luckin Coffee,NOT FOUND,,,low,Not found - WebSearch budget exhausted (session cap 200 calls reached). Source to use: Luckin quarterly results press releases (investor.lkcoffee.com) / 20-F.
stores_luckin,Luckin Coffee,2025-12-31,,stores,Luckin Coffee,NOT FOUND,,,low,Not found - WebSearch budget exhausted (session cap 200 calls reached). Source to use: Luckin quarterly results press releases (investor.lkcoffee.com) / 20-F.
stores_luckin,Luckin Coffee,2026-06-30,,stores,Luckin Coffee,NOT FOUND,,,low,Not found - WebSearch budget exhausted (session cap 200 calls reached). Source to use: Luckin quarterly results press releases (investor.lkcoffee.com) / 20-F.
stores_cotti,Cotti Coffee,2024-10,10000,stores,CoffeeTalk (press),"Manner Coffee research pack, 03-competitors.yaml (claim CP017)",https://github.com/vibewatch/startup/blob/4948d35e995e0d1ed1aec49229e65dc3d9d64b83/reports/20260806064127-manner-coffee/03-competitors.yaml,"CoffeeTalk said Cotti had more than 10,000 coffee shops by October 2024 and was pursuing a 50,000-store ambition",low,"LOWER BOUND ('more than 10,000'). Relayed via third-party research compilation on GitHub (found with GitHub code search because WebSearch budget was exhausted); primary source not opened - verify before publication."
stores_cotti,Cotti Coffee,2025-11-13,15323,stores,FoodTalks (citing Narrow Door store tracker),"Manner Coffee research pack, 02-market-analysis.yaml (claim CM019)",https://github.com/vibewatch/startup/blob/4948d35e995e0d1ed1aec49229e65dc3d9d64b83/reports/20260806064127-manner-coffee/02-market-analysis.yaml,"as of 13 November 2025 Luckin had 27,930 stores, Cotti 15,323",low,Third-party tracker. Relayed via third-party research compilation on GitHub (found with GitHub code search because WebSearch budget was exhausted); primary source not opened - verify before publication.
stores_china_chains_tracker,Starbucks China,2025-11-13,8283,stores,FoodTalks (citing Narrow Door store tracker),"Manner Coffee research pack, 02-market-analysis.yaml (claim CM019)",https://github.com/vibewatch/startup/blob/4948d35e995e0d1ed1aec49229e65dc3d9d64b83/reports/20260806064127-manner-coffee/02-market-analysis.yaml,"as of 13 November 2025 Luckin had 27,930 stores, Cotti 15,323, Starbucks China 8,283, Lucky Coffee 5,784, Nova Coffee 4,252, and Manner 2,234",low,"Starbucks-reported China count was 8,011 at Sep 28, 2025 (tracker definitions differ). Relayed via third-party research compilation on GitHub (found with GitHub code search because WebSearch budget was exhausted); primary source not opened - verify before publication."
stores_china_chains_tracker,Lucky Coffee (Mixue),2025-11-13,5784,stores,FoodTalks (citing Narrow Door store tracker),"Manner Coffee research pack, 02-market-analysis.yaml (claim CM019)",https://github.com/vibewatch/startup/blob/4948d35e995e0d1ed1aec49229e65dc3d9d64b83/reports/20260806064127-manner-coffee/02-market-analysis.yaml,"as of 13 November 2025 Luckin had 27,930 stores, Cotti 15,323, Starbucks China 8,283, Lucky Coffee 5,784, Nova Coffee 4,252, and Manner 2,234",low,Relayed via third-party research compilation on GitHub (found with GitHub code search because WebSearch budget was exhausted); primary source not opened - verify before publication.
stores_china_chains_tracker,Nova Coffee,2025-11-13,4252,stores,FoodTalks (citing Narrow Door store tracker),"Manner Coffee research pack, 02-market-analysis.yaml (claim CM019)",https://github.com/vibewatch/startup/blob/4948d35e995e0d1ed1aec49229e65dc3d9d64b83/reports/20260806064127-manner-coffee/02-market-analysis.yaml,"as of 13 November 2025 Luckin had 27,930 stores, Cotti 15,323, Starbucks China 8,283, Lucky Coffee 5,784, Nova Coffee 4,252, and Manner 2,234",low,Relayed via third-party research compilation on GitHub (found with GitHub code search because WebSearch budget was exhausted); primary source not opened - verify before publication.
stores_china_chains_tracker,Manner Coffee,2025-11-13,2234,stores,FoodTalks (citing Narrow Door store tracker),"Manner Coffee research pack, 02-market-analysis.yaml (claim CM019)",https://github.com/vibewatch/startup/blob/4948d35e995e0d1ed1aec49229e65dc3d9d64b83/reports/20260806064127-manner-coffee/02-market-analysis.yaml,"as of 13 November 2025 Luckin had 27,930 stores, Cotti 15,323, Starbucks China 8,283, Lucky Coffee 5,784, Nova Coffee 4,252, and Manner 2,234",low,Relayed via third-party research compilation on GitHub (found with GitHub code search because WebSearch budget was exhausted); primary source not opened - verify before publication.
coffee_shops_shanghai,Shanghai,2023,9553,coffee shops,Shanghai Municipal Government (report),"Manner Coffee research pack, evidence.yaml (claim CM007) citing 'Shanghai tops over 10,000 coffee shops in 2025: Report'",https://github.com/vibewatch/startup/blob/4948d35e995e0d1ed1aec49229e65dc3d9d64b83/reports/20260806064127-manner-coffee/evidence.yaml,"Shanghai had 9,553 coffee shops at the end of 2023.",low,"Cited primary: https://english.shanghai.gov.cn/en-Latest-WhatsNew/20260430/0a34421f91114550bd8e9e9182b38c6d.html (Apr 30, 2026). Relayed via third-party research compilation on GitHub (found with GitHub code search because WebSearch budget was exhausted); primary source not opened - verify before publication."
coffee_shops_shanghai,Shanghai,2025,10336,coffee shops,Shanghai Municipal Government (report),"'Shanghai tops over 10,000 coffee shops in 2025: Report' (as relayed in Manner Coffee research pack)",https://github.com/vibewatch/startup/blob/4948d35e995e0d1ed1aec49229e65dc3d9d64b83/reports/20260806064127-manner-coffee/02-market-analysis.yaml,"Shanghai alone had 9,553 coffee shops at end-2023 and 10,336 by 2025, making it the world's densest big-city coffee market",low,Cited primary: https://english.shanghai.gov.cn/en-Latest-WhatsNew/20260430/0a34421f91114550bd8e9e9182b38c6d.html . Relayed via third-party research compilation on GitHub (found with GitHub code search because WebSearch budget was exhausted); primary source not opened - verify before publication.
china_cups_per_capita,China,2023,16.74,cups per person per year,Unattributed industry report (as relayed),"Manner Coffee research pack, 02-market-analysis.yaml",https://github.com/vibewatch/startup/blob/4948d35e995e0d1ed1aec49229e65dc3d9d64b83/reports/20260806064127-manner-coffee/02-market-analysis.yaml,Per-capita coffee consumption in China rose from 16.74 cups in 2023 to 28.57 cups in 2025,low,Original publisher not visible in relay (likely a China coffee industry report). Relayed via third-party research compilation on GitHub (found with GitHub code search because WebSearch budget was exhausted); primary source not opened - verify before publication.
china_cups_per_capita,China,2025,28.57,cups per person per year,Unattributed industry report (as relayed),"Manner Coffee research pack, evidence.yaml (claim CM005)",https://github.com/vibewatch/startup/blob/4948d35e995e0d1ed1aec49229e65dc3d9d64b83/reports/20260806064127-manner-coffee/evidence.yaml,Average annual per-capita coffee consumption in China rose to 28.57 cups in 2025.,low,Original publisher not visible in relay. Relayed via third-party research compilation on GitHub (found with GitHub code search because WebSearch budget was exhausted); primary source not opened - verify before publication.
stores_kopi_kenangan,Kopi Kenangan (Indonesia),2025,1136,outlets,Forbes (press),"Kopi Kenangan research pack, evidence.yaml",https://github.com/vibewatch/startup/blob/4948d35e995e0d1ed1aec49229e65dc3d9d64b83/reports/20260705063749-kopi-kenangan/evidence.yaml,"Forbes reported 1,136 Indonesia outlets, 188 overseas outlets, US$184 million of 2025 revenue, and a plan to reach 4,000 stores by 2030.",low,Relayed via third-party research compilation on GitHub (found with GitHub code search because WebSearch budget was exhausted); primary source not opened - verify before publication.
stores_kopi_kenangan,Kopi Kenangan (overseas),2025,188,outlets,Forbes (press),"Kopi Kenangan research pack, evidence.yaml",https://github.com/vibewatch/startup/blob/4948d35e995e0d1ed1aec49229e65dc3d9d64b83/reports/20260705063749-kopi-kenangan/evidence.yaml,"Forbes reported 1,136 Indonesia outlets, 188 overseas outlets",low,Relayed via third-party research compilation on GitHub (found with GitHub code search because WebSearch budget was exhausted); primary source not opened - verify before publication.
nca_past_day_pct,United States (adults),2024,67,% of US adults drinking coffee in past day,"NCA (National Coffee Data Trends, spring 2024) via Wikipedia","Wikipedia 'Coffee' article text (copy on GitHub), citing NCA April 2024 survey",https://github.com/bedwards/hex-index/blob/c1a5a6ee3ffa8fc0e85da1d81460819af5382553/library/wikipedia/coffee.raw.html,"An April 2024, National Coffee Association survey indicated that coffee consumption in the U.S. reached a 20-year high, with 67% of U.S. adults reporting drinking coffee in the past day",low,Secondary (Wikipedia). NCA press release spring 2024 described a two-decade high. Verify against ncausa.org NCDT release.
nca_past_day_pct,United States (adults),2004,,% of US adults drinking coffee in past day,NCA via Wikipedia,Wikipedia 'Coffee' article text (copy on GitHub),https://github.com/bedwards/hex-index/blob/c1a5a6ee3ffa8fc0e85da1d81460819af5382553/library/wikipedia/coffee.raw.html,compared to 2004 when fewer than half of U.S. adults reported coffee consumption in the past day,low,"Qualitative only ('fewer than half'), no exact value."
nca_past_day_pct,United States (adults),2005,,% of US adults drinking coffee in past day,NCA (NCDT),NOT FOUND,,,low,"Not found - WebSearch budget exhausted. Source: NCA NCDT spring press releases (ncausa.org, egress-blocked)."
nca_past_day_pct,United States (adults),2006,,% of US adults drinking coffee in past day,NCA (NCDT),NOT FOUND,,,low,"Not found - WebSearch budget exhausted. Source: NCA NCDT spring press releases (ncausa.org, egress-blocked)."
nca_past_day_pct,United States (adults),2007,,% of US adults drinking coffee in past day,NCA (NCDT),NOT FOUND,,,low,"Not found - WebSearch budget exhausted. Source: NCA NCDT spring press releases (ncausa.org, egress-blocked)."
nca_past_day_pct,United States (adults),2008,,% of US adults drinking coffee in past day,NCA (NCDT),NOT FOUND,,,low,"Not found - WebSearch budget exhausted. Source: NCA NCDT spring press releases (ncausa.org, egress-blocked)."
nca_past_day_pct,United States (adults),2009,,% of US adults drinking coffee in past day,NCA (NCDT),NOT FOUND,,,low,"Not found - WebSearch budget exhausted. Source: NCA NCDT spring press releases (ncausa.org, egress-blocked)."
nca_past_day_pct,United States (adults),2010,,% of US adults drinking coffee in past day,NCA (NCDT),NOT FOUND,,,low,"Not found - WebSearch budget exhausted. Source: NCA NCDT spring press releases (ncausa.org, egress-blocked)."
nca_past_day_pct,United States (adults),2011,,% of US adults drinking coffee in past day,NCA (NCDT),NOT FOUND,,,low,"Not found - WebSearch budget exhausted. Source: NCA NCDT spring press releases (ncausa.org, egress-blocked)."
nca_past_day_pct,United States (adults),2012,,% of US adults drinking coffee in past day,NCA (NCDT),NOT FOUND,,,low,"Not found - WebSearch budget exhausted. Source: NCA NCDT spring press releases (ncausa.org, egress-blocked)."
nca_past_day_pct,United States (adults),2013,,% of US adults drinking coffee in past day,NCA (NCDT),NOT FOUND,,,low,"Not found - WebSearch budget exhausted. Source: NCA NCDT spring press releases (ncausa.org, egress-blocked)."
nca_past_day_pct,United States (adults),2014,,% of US adults drinking coffee in past day,NCA (NCDT),NOT FOUND,,,low,"Not found - WebSearch budget exhausted. Source: NCA NCDT spring press releases (ncausa.org, egress-blocked)."
nca_past_day_pct,United States (adults),2015,,% of US adults drinking coffee in past day,NCA (NCDT),NOT FOUND,,,low,"Not found - WebSearch budget exhausted. Source: NCA NCDT spring press releases (ncausa.org, egress-blocked)."
nca_past_day_pct,United States (adults),2016,,% of US adults drinking coffee in past day,NCA (NCDT),NOT FOUND,,,low,"Not found - WebSearch budget exhausted. Source: NCA NCDT spring press releases (ncausa.org, egress-blocked)."
nca_past_day_pct,United States (adults),2017,,% of US adults drinking coffee in past day,NCA (NCDT),NOT FOUND,,,low,"Not found - WebSearch budget exhausted. Source: NCA NCDT spring press releases (ncausa.org, egress-blocked)."
nca_past_day_pct,United States (adults),2018,,% of US adults drinking coffee in past day,NCA (NCDT),NOT FOUND,,,low,"Not found - WebSearch budget exhausted. Source: NCA NCDT spring press releases (ncausa.org, egress-blocked)."
nca_past_day_pct,United States (adults),2019,,% of US adults drinking coffee in past day,NCA (NCDT),NOT FOUND,,,low,"Not found - WebSearch budget exhausted. Source: NCA NCDT spring press releases (ncausa.org, egress-blocked)."
nca_past_day_pct,United States (adults),2020,,% of US adults drinking coffee in past day,NCA (NCDT),NOT FOUND,,,low,"Not found - WebSearch budget exhausted. Source: NCA NCDT spring press releases (ncausa.org, egress-blocked)."
nca_past_day_pct,United States (adults),2021,,% of US adults drinking coffee in past day,NCA (NCDT),NOT FOUND,,,low,"Not found - WebSearch budget exhausted. Source: NCA NCDT spring press releases (ncausa.org, egress-blocked)."
nca_past_day_pct,United States (adults),2022,,% of US adults drinking coffee in past day,NCA (NCDT),NOT FOUND,,,low,"Not found - WebSearch budget exhausted. Source: NCA NCDT spring press releases (ncausa.org, egress-blocked)."
nca_past_day_pct,United States (adults),2023,,% of US adults drinking coffee in past day,NCA (NCDT),NOT FOUND,,,low,"Not found - WebSearch budget exhausted. Source: NCA NCDT spring press releases (ncausa.org, egress-blocked)."
nca_past_day_pct,United States (adults),2025,,% of US adults drinking coffee in past day,NCA (NCDT),NOT FOUND,,,low,"Not found - WebSearch budget exhausted. Source: NCA NCDT spring press releases (ncausa.org, egress-blocked)."
nca_past_day_pct,United States (adults),2026,,% of US adults drinking coffee in past day,NCA (NCDT),NOT FOUND,,,low,"Not found - WebSearch budget exhausted. Source: NCA NCDT spring press releases (ncausa.org, egress-blocked)."
nca_cold_coffee_past_day_pct,United States (coffee drinkers 18-24),2024-07,45,% of coffee drinkers aged 18-24 with cold coffee in past day,NCA (as relayed by a blog),Blog post citing July 2024 NCA survey (copy on GitHub),https://github.com/sakredapp/sakredhealthlandingpage/blob/f80da3838b5015b7b3155dfd77eaecd0fdc1709c/scripts/blog-content/healthy-pumpkin-cream-cold-foam-recipe.md,45% of coffee drinkers aged 18 to 24 said they had had a cold coffee in the past day in a July 2024 National Coffee Association survey,low,Tertiary relay (blog). Verify vs NCA.
starbucks_cold_bev_share_pct,Starbucks (US beverage sales),FY2024-Q3,75,% of beverage sales that are cold drinks,CNBC (Nov 2024) as relayed by a blog,Blog post citing CNBC Nov 2024 (copy on GitHub),https://github.com/sakredapp/sakredhealthlandingpage/blob/f80da3838b5015b7b3155dfd77eaecd0fdc1709c/scripts/blog-content/healthy-pumpkin-cream-cold-foam-recipe.md,"Cold drinks accounted for about 75% of Starbucks' beverage sales in its fiscal 2024 third quarter, up from 37% in 2013, CNBC reported in November 2024",low,Tertiary relay; 2013 comparison = 37%.
starbucks_cold_bev_share_pct,Starbucks (US beverage sales),2013,37,% of beverage sales that are cold drinks,CNBC (Nov 2024) as relayed by a blog,Blog post citing CNBC Nov 2024 (copy on GitHub),https://github.com/sakredapp/sakredhealthlandingpage/blob/f80da3838b5015b7b3155dfd77eaecd0fdc1709c/scripts/blog-content/healthy-pumpkin-cream-cold-foam-recipe.md,"about 75% of Starbucks' beverage sales in its fiscal 2024 third quarter, up from 37% in 2013",low,Tertiary relay.
nespresso_sales_chf_bn,Nespresso,2011,3,CHF bn (lower bound),Nestle (via Wikipedia),Wikipedia 'Nespresso' article text (copy on GitHub),https://github.com/senjanson/fortune-500-top-100/blob/083168bd022f83c0b25eddf9a4b38664190c7d25/company/nestle/p/nestle__products__Nespresso.html,By 2011 Nespresso had annual sales in excess of 3 billion Swiss francs.,low,"LOWER BOUND ('in excess of'). Secondary. Nestle annual reports (nestle.com, blocked) needed for the 2005-2025 series."
nestle_powdered_liquid_bev_sales_chf_bn,Nestle - Powdered & Liquid Beverages,2018,21.6,CHF bn,CNN Business quoting Nestle,"CNN Business article on Nestle glyphosate checks, 2019 (text copy in WMT22 news test set on GitHub)",https://github.com/wmt-conference/wmt22-news-systems/blob/20240a2e96a50e823ea8cdf37fd8af52547146e3/txt/sources/generaltest2022.en-hr.src.en,"Brands such as Nescafe and Nespresso make up a sizable chunk of Nestle's powdered and liquid beverages business, which generated sales of 21.6 billion Swiss francs ($21.7 billion) in 2018",medium,"Category includes non-coffee (Milo, Nesquik etc.); coffee is the majority. Proxy only."
nespresso_sales_chf_bn,Nespresso,2005,,CHF bn,Nestle,NOT FOUND,,,low,Not found - WebSearch budget exhausted; nestle.com egress-blocked.
nespresso_sales_chf_bn,Nespresso,2010,,CHF bn,Nestle,NOT FOUND,,,low,Not found - WebSearch budget exhausted; nestle.com egress-blocked.
nespresso_sales_chf_bn,Nespresso,2015,,CHF bn,Nestle,NOT FOUND,,,low,Not found - WebSearch budget exhausted; nestle.com egress-blocked.
nespresso_sales_chf_bn,Nespresso,2020,,CHF bn,Nestle,NOT FOUND,,,low,Not found - WebSearch budget exhausted; nestle.com egress-blocked.
nespresso_sales_chf_bn,Nespresso,2024,,CHF bn,Nestle,NOT FOUND,,,low,Not found - WebSearch budget exhausted; nestle.com egress-blocked.
nespresso_sales_chf_bn,Nespresso,2025,,CHF bn,Nestle,NOT FOUND,,,low,Not found - WebSearch budget exhausted; nestle.com egress-blocked.
