town,year,month,rain_mm,grid_lat,grid_lon,source
comayagua,1981,1,20.05,14.5,272.5,"GPCC Full v2020 to 2019 + Monitoring v2020 after, 1deg (PSL)"
comayagua,1981,2,46.76,14.5,272.5,"GPCC Full v2020 to 2019 + Monitoring v2020 after, 1deg (PSL)"
comayagua,1981,3,30.75,14.5,272.5,"GPCC Full v2020 to 2019 + Monitoring v2020 after, 1deg (PSL)"
comayagua,1981,4,53.84,14.5,272.5,"GPCC Full v2020 to 2019 + Monitoring v2020 after, 1deg (PSL)"
comayagua,1981,5,118.4,14.5,272.5,"GPCC Full v2020 to 2019 + Monitoring v2020 after, 1deg (PSL)"
comayagua,1981,6,325.79,14.5,272.5,"GPCC Full v2020 to 2019 + Monitoring v2020 after, 1deg (PSL)"
comayagua,1981,7,184.65,14.5,272.5,"GPCC Full v2020 to 2019 + Monitoring v2020 after, 1deg (PSL)"
comayagua,1981,8,276.63,14.5,272.5,"GPCC Full v2020 to 2019 + Monitoring v2020 after, 1deg (PSL)"
comayagua,1981,9,242.48,14.5,272.5,"GPCC Full v2020 to 2019 + Monitoring v2020 after, 1deg (PSL)"
comayagua,1981,10,156.3,14.5,272.5,"GPCC Full v2020 to 2019 + Monitoring v2020 after, 1deg (PSL)"
comayagua,1981,11,26.21,14.5,272.5,"GPCC Full v2020 to 2019 + Monitoring v2020 after, 1deg (PSL)"
comayagua,1981,12,61.54,14.5,272.5,"GPCC Full v2020 to 2019 + Monitoring v2020 after, 1deg (PSL)"
comayagua,1982,1,28.81,14.5,272.5,"GPCC Full v2020 to 2019 + Monitoring v2020 after, 1deg (PSL)"
comayagua,1982,2,24.33,14.5,272.5,"GPCC Full v2020 to 2019 + Monitoring v2020 after, 1deg (PSL)"
comayagua,1982,3,33.31,14.5,272.5,"GPCC Full v2020 to 2019 + Monitoring v2020 after, 1deg (PSL)"
comayagua,1982,4,51.68,14.5,272.5,"GPCC Full v2020 to 2019 + Monitoring v2020 after, 1deg (PSL)"
comayagua,1982,5,195.13,14.5,272.5,"GPCC Full v2020 to 2019 + Monitoring v2020 after, 1deg (PSL)"
comayagua,1982,6,231.73,14.5,272.5,"GPCC Full v2020 to 2019 + Monitoring v2020 after, 1deg (PSL)"
comayagua,1982,7,144.08,14.5,272.5,"GPCC Full v2020 to 2019 + Monitoring v2020 after, 1deg (PSL)"
comayagua,1982,8,132.75,14.5,272.5,"GPCC Full v2020 to 2019 + Monitoring v2020 after, 1deg (PSL)"
comayagua,1982,9,215.61,14.5,272.5,"GPCC Full v2020 to 2019 + Monitoring v2020 after, 1deg (PSL)"
comayagua,1982,10,132.5,14.5,272.5,"GPCC Full v2020 to 2019 + Monitoring v2020 after, 1deg (PSL)"
comayagua,1982,11,30.95,14.5,272.5,"GPCC Full v2020 to 2019 + Monitoring v2020 after, 1deg (PSL)"
comayagua,1982,12,31.48,14.5,272.5,"GPCC Full v2020 to 2019 + Monitoring v2020 after, 1deg (PSL)"
comayagua,1983,1,24.79,14.5,272.5,"GPCC Full v2020 to 2019 + Monitoring v2020 after, 1deg (PSL)"
comayagua,1983,2,17.52,14.5,272.5,"GPCC Full v2020 to 2019 + Monitoring v2020 after, 1deg (PSL)"
comayagua,1983,3,10.76,14.5,272.5,"GPCC Full v2020 to 2019 + Monitoring v2020 after, 1deg (PSL)"
comayagua,1983,4,21.45,14.5,272.5,"GPCC Full v2020 to 2019 + Monitoring v2020 after, 1deg (PSL)"
comayagua,1983,5,39.28,14.5,272.5,"GPCC Full v2020 to 2019 + Monitoring v2020 after, 1deg (PSL)"
comayagua,1983,6,225.14,14.5,272.5,"GPCC Full v2020 to 2019 + Monitoring v2020 after, 1deg (PSL)"
comayagua,1983,7,174.54,14.5,272.5,"GPCC Full v2020 to 2019 + Monitoring v2020 after, 1deg (PSL)"
comayagua,1983,8,158.35,14.5,272.5,"GPCC Full v2020 to 2019 + Monitoring v2020 after, 1deg (PSL)"
comayagua,1983,9,214.58,14.5,272.5,"GPCC Full v2020 to 2019 + Monitoring v2020 after, 1deg (PSL)"
comayagua,1983,10,172.07,14.5,272.5,"GPCC Full v2020 to 2019 + Monitoring v2020 after, 1deg (PSL)"
comayagua,1983,11,74.8,14.5,272.5,"GPCC Full v2020 to 2019 + Monitoring v2020 after, 1deg (PSL)"
comayagua,1983,12,39.85,14.5,272.5,"GPCC Full v2020 to 2019 + Monitoring v2020 after, 1deg (PSL)"
comayagua,1984,1,37.31,14.5,272.5,"GPCC Full v2020 to 2019 + Monitoring v2020 after, 1deg (PSL)"
comayagua,1984,2,40.65,14.5,272.5,"GPCC Full v2020 to 2019 + Monitoring v2020 after, 1deg (PSL)"
comayagua,1984,3,28.95,14.5,272.5,"GPCC Full v2020 to 2019 + Monitoring v2020 after, 1deg (PSL)"
comayagua,1984,4,33.09,14.5,272.5,"GPCC Full v2020 to 2019 + Monitoring v2020 after, 1deg (PSL)"
comayagua,1984,5,94.61,14.5,272.5,"GPCC Full v2020 to 2019 + Monitoring v2020 after, 1deg (PSL)"
comayagua,1984,6,145.82,14.5,272.5,"GPCC Full v2020 to 2019 + Monitoring v2020 after, 1deg (PSL)"
comayagua,1984,7,212.35,14.5,272.5,"GPCC Full v2020 to 2019 + Monitoring v2020 after, 1deg (PSL)"
comayagua,1984,8,187.94,14.5,272.5,"GPCC Full v2020 to 2019 + Monitoring v2020 after, 1deg (PSL)"
comayagua,1984,9,229.47,14.5,272.5,"GPCC Full v2020 to 2019 + Monitoring v2020 after, 1deg (PSL)"
comayagua,1984,10,118.3,14.5,272.5,"GPCC Full v2020 to 2019 + Monitoring v2020 after, 1deg (PSL)"
comayagua,1984,11,30.32,14.5,272.5,"GPCC Full v2020 to 2019 + Monitoring v2020 after, 1deg (PSL)"
comayagua,1984,12,25.44,14.5,272.5,"GPCC Full v2020 to 2019 + Monitoring v2020 after, 1deg (PSL)"
comayagua,1985,1,16.94,14.5,272.5,"GPCC Full v2020 to 2019 + Monitoring v2020 after, 1deg (PSL)"
comayagua,1985,2,13.77,14.5,272.5,"GPCC Full v2020 to 2019 + Monitoring v2020 after, 1deg (PSL)"
comayagua,1985,3,19.57,14.5,272.5,"GPCC Full v2020 to 2019 + Monitoring v2020 after, 1deg (PSL)"
comayagua,1985,4,91.88,14.5,272.5,"GPCC Full v2020 to 2019 + Monitoring v2020 after, 1deg (PSL)"
comayagua,1985,5,59.67,14.5,272.5,"GPCC Full v2020 to 2019 + Monitoring v2020 after, 1deg (PSL)"
comayagua,1985,6,89.48,14.5,272.5,"GPCC Full v2020 to 2019 + Monitoring v2020 after, 1deg (PSL)"
comayagua,1985,7,141.42,14.5,272.5,"GPCC Full v2020 to 2019 + Monitoring v2020 after, 1deg (PSL)"
comayagua,1985,8,126.23,14.5,272.5,"GPCC Full v2020 to 2019 + Monitoring v2020 after, 1deg (PSL)"
comayagua,1985,9,170.07,14.5,272.5,"GPCC Full v2020 to 2019 + Monitoring v2020 after, 1deg (PSL)"
comayagua,1985,10,140.78,14.5,272.5,"GPCC Full v2020 to 2019 + Monitoring v2020 after, 1deg (PSL)"
comayagua,1985,11,51.35,14.5,272.5,"GPCC Full v2020 to 2019 + Monitoring v2020 after, 1deg (PSL)"
comayagua,1985,12,24.13,14.5,272.5,"GPCC Full v2020 to 2019 + Monitoring v2020 after, 1deg (PSL)"
comayagua,1986,1,42.9,14.5,272.5,"GPCC Full v2020 to 2019 + Monitoring v2020 after, 1deg (PSL)"
comayagua,1986,2,28.83,14.5,272.5,"GPCC Full v2020 to 2019 + Monitoring v2020 after, 1deg (PSL)"
comayagua,1986,3,25.95,14.5,272.5,"GPCC Full v2020 to 2019 + Monitoring v2020 after, 1deg (PSL)"
comayagua,1986,4,10.11,14.5,272.5,"GPCC Full v2020 to 2019 + Monitoring v2020 after, 1deg (PSL)"
comayagua,1986,5,151.78,14.5,272.5,"GPCC Full v2020 to 2019 + Monitoring v2020 after, 1deg (PSL)"
comayagua,1986,6,123.94,14.5,272.5,"GPCC Full v2020 to 2019 + Monitoring v2020 after, 1deg (PSL)"
comayagua,1986,7,131.74,14.5,272.5,"GPCC Full v2020 to 2019 + Monitoring v2020 after, 1deg (PSL)"
comayagua,1986,8,107.88,14.5,272.5,"GPCC Full v2020 to 2019 + Monitoring v2020 after, 1deg (PSL)"
comayagua,1986,9,126.01,14.5,272.5,"GPCC Full v2020 to 2019 + Monitoring v2020 after, 1deg (PSL)"
comayagua,1986,10,128.64,14.5,272.5,"GPCC Full v2020 to 2019 + Monitoring v2020 after, 1deg (PSL)"
comayagua,1986,11,81.02,14.5,272.5,"GPCC Full v2020 to 2019 + Monitoring v2020 after, 1deg (PSL)"
comayagua,1986,12,28.9,14.5,272.5,"GPCC Full v2020 to 2019 + Monitoring v2020 after, 1deg (PSL)"
comayagua,1987,1,22.1,14.5,272.5,"GPCC Full v2020 to 2019 + Monitoring v2020 after, 1deg (PSL)"
comayagua,1987,2,9.54,14.5,272.5,"GPCC Full v2020 to 2019 + Monitoring v2020 after, 1deg (PSL)"
comayagua,1987,3,30.43,14.5,272.5,"GPCC Full v2020 to 2019 + Monitoring v2020 after, 1deg (PSL)"
comayagua,1987,4,21.0,14.5,272.5,"GPCC Full v2020 to 2019 + Monitoring v2020 after, 1deg (PSL)"
comayagua,1987,5,82.95,14.5,272.5,"GPCC Full v2020 to 2019 + Monitoring v2020 after, 1deg (PSL)"
comayagua,1987,6,202.34,14.5,272.5,"GPCC Full v2020 to 2019 + Monitoring v2020 after, 1deg (PSL)"
comayagua,1987,7,190.11,14.5,272.5,"GPCC Full v2020 to 2019 + Monitoring v2020 after, 1deg (PSL)"
comayagua,1987,8,186.32,14.5,272.5,"GPCC Full v2020 to 2019 + Monitoring v2020 after, 1deg (PSL)"
comayagua,1987,9,220.99,14.5,272.5,"GPCC Full v2020 to 2019 + Monitoring v2020 after, 1deg (PSL)"
comayagua,1987,10,71.83,14.5,272.5,"GPCC Full v2020 to 2019 + Monitoring v2020 after, 1deg (PSL)"
comayagua,1987,11,39.72,14.5,272.5,"GPCC Full v2020 to 2019 + Monitoring v2020 after, 1deg (PSL)"
comayagua,1987,12,42.83,14.5,272.5,"GPCC Full v2020 to 2019 + Monitoring v2020 after, 1deg (PSL)"
comayagua,1988,1,33.11,14.5,272.5,"GPCC Full v2020 to 2019 + Monitoring v2020 after, 1deg (PSL)"
comayagua,1988,2,24.74,14.5,272.5,"GPCC Full v2020 to 2019 + Monitoring v2020 after, 1deg (PSL)"
comayagua,1988,3,20.42,14.5,272.5,"GPCC Full v2020 to 2019 + Monitoring v2020 after, 1deg (PSL)"
comayagua,1988,4,43.93,14.5,272.5,"GPCC Full v2020 to 2019 + Monitoring v2020 after, 1deg (PSL)"
comayagua,1988,5,104.6,14.5,272.5,"GPCC Full v2020 to 2019 + Monitoring v2020 after, 1deg (PSL)"
comayagua,1988,6,276.15,14.5,272.5,"GPCC Full v2020 to 2019 + Monitoring v2020 after, 1deg (PSL)"
comayagua,1988,7,193.63,14.5,272.5,"GPCC Full v2020 to 2019 + Monitoring v2020 after, 1deg (PSL)"
comayagua,1988,8,280.79,14.5,272.5,"GPCC Full v2020 to 2019 + Monitoring v2020 after, 1deg (PSL)"
comayagua,1988,9,264.83,14.5,272.5,"GPCC Full v2020 to 2019 + Monitoring v2020 after, 1deg (PSL)"
comayagua,1988,10,194.93,14.5,272.5,"GPCC Full v2020 to 2019 + Monitoring v2020 after, 1deg (PSL)"
comayagua,1988,11,45.48,14.5,272.5,"GPCC Full v2020 to 2019 + Monitoring v2020 after, 1deg (PSL)"
comayagua,1988,12,36.81,14.5,272.5,"GPCC Full v2020 to 2019 + Monitoring v2020 after, 1deg (PSL)"
comayagua,1989,1,29.95,14.5,272.5,"GPCC Full v2020 to 2019 + Monitoring v2020 after, 1deg (PSL)"
comayagua,1989,2,17.54,14.5,272.5,"GPCC Full v2020 to 2019 + Monitoring v2020 after, 1deg (PSL)"
comayagua,1989,3,11.53,14.5,272.5,"GPCC Full v2020 to 2019 + Monitoring v2020 after, 1deg (PSL)"
comayagua,1989,4,27.25,14.5,272.5,"GPCC Full v2020 to 2019 + Monitoring v2020 after, 1deg (PSL)"
comayagua,1989,5,263.24,14.5,272.5,"GPCC Full v2020 to 2019 + Monitoring v2020 after, 1deg (PSL)"
comayagua,1989,6,158.65,14.5,272.5,"GPCC Full v2020 to 2019 + Monitoring v2020 after, 1deg (PSL)"
comayagua,1989,7,141.46,14.5,272.5,"GPCC Full v2020 to 2019 + Monitoring v2020 after, 1deg (PSL)"
comayagua,1989,8,211.5,14.5,272.5,"GPCC Full v2020 to 2019 + Monitoring v2020 after, 1deg (PSL)"
comayagua,1989,9,291.04,14.5,272.5,"GPCC Full v2020 to 2019 + Monitoring v2020 after, 1deg (PSL)"
comayagua,1989,10,136.61,14.5,272.5,"GPCC Full v2020 to 2019 + Monitoring v2020 after, 1deg (PSL)"
comayagua,1989,11,78.13,14.5,272.5,"GPCC Full v2020 to 2019 + Monitoring v2020 after, 1deg (PSL)"
comayagua,1989,12,29.43,14.5,272.5,"GPCC Full v2020 to 2019 + Monitoring v2020 after, 1deg (PSL)"
comayagua,1990,1,25.25,14.5,272.5,"GPCC Full v2020 to 2019 + Monitoring v2020 after, 1deg (PSL)"
comayagua,1990,2,19.12,14.5,272.5,"GPCC Full v2020 to 2019 + Monitoring v2020 after, 1deg (PSL)"
comayagua,1990,3,40.37,14.5,272.5,"GPCC Full v2020 to 2019 + Monitoring v2020 after, 1deg (PSL)"
comayagua,1990,4,81.4,14.5,272.5,"GPCC Full v2020 to 2019 + Monitoring v2020 after, 1deg (PSL)"
comayagua,1990,5,229.1,14.5,272.5,"GPCC Full v2020 to 2019 + Monitoring v2020 after, 1deg (PSL)"
comayagua,1990,6,156.68,14.5,272.5,"GPCC Full v2020 to 2019 + Monitoring v2020 after, 1deg (PSL)"
comayagua,1990,7,138.93,14.5,272.5,"GPCC Full v2020 to 2019 + Monitoring v2020 after, 1deg (PSL)"
comayagua,1990,8,144.89,14.5,272.5,"GPCC Full v2020 to 2019 + Monitoring v2020 after, 1deg (PSL)"
comayagua,1990,9,215.55,14.5,272.5,"GPCC Full v2020 to 2019 + Monitoring v2020 after, 1deg (PSL)"
comayagua,1990,10,145.57,14.5,272.5,"GPCC Full v2020 to 2019 + Monitoring v2020 after, 1deg (PSL)"
comayagua,1990,11,169.01,14.5,272.5,"GPCC Full v2020 to 2019 + Monitoring v2020 after, 1deg (PSL)"
comayagua,1990,12,30.83,14.5,272.5,"GPCC Full v2020 to 2019 + Monitoring v2020 after, 1deg (PSL)"
comayagua,1991,1,32.77,14.5,272.5,"GPCC Full v2020 to 2019 + Monitoring v2020 after, 1deg (PSL)"
comayagua,1991,2,11.82,14.5,272.5,"GPCC Full v2020 to 2019 + Monitoring v2020 after, 1deg (PSL)"
comayagua,1991,3,11.79,14.5,272.5,"GPCC Full v2020 to 2019 + Monitoring v2020 after, 1deg (PSL)"
comayagua,1991,4,15.77,14.5,272.5,"GPCC Full v2020 to 2019 + Monitoring v2020 after, 1deg (PSL)"
comayagua,1991,5,95.86,14.5,272.5,"GPCC Full v2020 to 2019 + Monitoring v2020 after, 1deg (PSL)"
comayagua,1991,6,162.43,14.5,272.5,"GPCC Full v2020 to 2019 + Monitoring v2020 after, 1deg (PSL)"
comayagua,1991,7,99.12,14.5,272.5,"GPCC Full v2020 to 2019 + Monitoring v2020 after, 1deg (PSL)"
comayagua,1991,8,109.05,14.5,272.5,"GPCC Full v2020 to 2019 + Monitoring v2020 after, 1deg (PSL)"
comayagua,1991,9,132.02,14.5,272.5,"GPCC Full v2020 to 2019 + Monitoring v2020 after, 1deg (PSL)"
comayagua,1991,10,224.12,14.5,272.5,"GPCC Full v2020 to 2019 + Monitoring v2020 after, 1deg (PSL)"
comayagua,1991,11,49.97,14.5,272.5,"GPCC Full v2020 to 2019 + Monitoring v2020 after, 1deg (PSL)"
comayagua,1991,12,45.43,14.5,272.5,"GPCC Full v2020 to 2019 + Monitoring v2020 after, 1deg (PSL)"
comayagua,1992,1,24.77,14.5,272.5,"GPCC Full v2020 to 2019 + Monitoring v2020 after, 1deg (PSL)"
comayagua,1992,2,14.71,14.5,272.5,"GPCC Full v2020 to 2019 + Monitoring v2020 after, 1deg (PSL)"
comayagua,1992,3,26.63,14.5,272.5,"GPCC Full v2020 to 2019 + Monitoring v2020 after, 1deg (PSL)"
comayagua,1992,4,47.91,14.5,272.5,"GPCC Full v2020 to 2019 + Monitoring v2020 after, 1deg (PSL)"
comayagua,1992,5,94.38,14.5,272.5,"GPCC Full v2020 to 2019 + Monitoring v2020 after, 1deg (PSL)"
comayagua,1992,6,323.68,14.5,272.5,"GPCC Full v2020 to 2019 + Monitoring v2020 after, 1deg (PSL)"
comayagua,1992,7,178.45,14.5,272.5,"GPCC Full v2020 to 2019 + Monitoring v2020 after, 1deg (PSL)"
comayagua,1992,8,135.67,14.5,272.5,"GPCC Full v2020 to 2019 + Monitoring v2020 after, 1deg (PSL)"
comayagua,1992,9,227.27,14.5,272.5,"GPCC Full v2020 to 2019 + Monitoring v2020 after, 1deg (PSL)"
comayagua,1992,10,121.76,14.5,272.5,"GPCC Full v2020 to 2019 + Monitoring v2020 after, 1deg (PSL)"
comayagua,1992,11,33.65,14.5,272.5,"GPCC Full v2020 to 2019 + Monitoring v2020 after, 1deg (PSL)"
comayagua,1992,12,38.01,14.5,272.5,"GPCC Full v2020 to 2019 + Monitoring v2020 after, 1deg (PSL)"
comayagua,1993,1,22.78,14.5,272.5,"GPCC Full v2020 to 2019 + Monitoring v2020 after, 1deg (PSL)"
comayagua,1993,2,14.06,14.5,272.5,"GPCC Full v2020 to 2019 + Monitoring v2020 after, 1deg (PSL)"
comayagua,1993,3,37.58,14.5,272.5,"GPCC Full v2020 to 2019 + Monitoring v2020 after, 1deg (PSL)"
comayagua,1993,4,30.42,14.5,272.5,"GPCC Full v2020 to 2019 + Monitoring v2020 after, 1deg (PSL)"
comayagua,1993,5,192.46,14.5,272.5,"GPCC Full v2020 to 2019 + Monitoring v2020 after, 1deg (PSL)"
comayagua,1993,6,202.49,14.5,272.5,"GPCC Full v2020 to 2019 + Monitoring v2020 after, 1deg (PSL)"
comayagua,1993,7,143.05,14.5,272.5,"GPCC Full v2020 to 2019 + Monitoring v2020 after, 1deg (PSL)"
comayagua,1993,8,153.16,14.5,272.5,"GPCC Full v2020 to 2019 + Monitoring v2020 after, 1deg (PSL)"
comayagua,1993,9,248.17,14.5,272.5,"GPCC Full v2020 to 2019 + Monitoring v2020 after, 1deg (PSL)"
comayagua,1993,10,166.54,14.5,272.5,"GPCC Full v2020 to 2019 + Monitoring v2020 after, 1deg (PSL)"
comayagua,1993,11,44.57,14.5,272.5,"GPCC Full v2020 to 2019 + Monitoring v2020 after, 1deg (PSL)"
comayagua,1993,12,27.79,14.5,272.5,"GPCC Full v2020 to 2019 + Monitoring v2020 after, 1deg (PSL)"
comayagua,1994,1,45.71,14.5,272.5,"GPCC Full v2020 to 2019 + Monitoring v2020 after, 1deg (PSL)"
comayagua,1994,2,13.15,14.5,272.5,"GPCC Full v2020 to 2019 + Monitoring v2020 after, 1deg (PSL)"
comayagua,1994,3,16.31,14.5,272.5,"GPCC Full v2020 to 2019 + Monitoring v2020 after, 1deg (PSL)"
comayagua,1994,4,27.67,14.5,272.5,"GPCC Full v2020 to 2019 + Monitoring v2020 after, 1deg (PSL)"
comayagua,1994,5,135.91,14.5,272.5,"GPCC Full v2020 to 2019 + Monitoring v2020 after, 1deg (PSL)"
comayagua,1994,6,100.91,14.5,272.5,"GPCC Full v2020 to 2019 + Monitoring v2020 after, 1deg (PSL)"
comayagua,1994,7,101.69,14.5,272.5,"GPCC Full v2020 to 2019 + Monitoring v2020 after, 1deg (PSL)"
comayagua,1994,8,124.2,14.5,272.5,"GPCC Full v2020 to 2019 + Monitoring v2020 after, 1deg (PSL)"
comayagua,1994,9,252.52,14.5,272.5,"GPCC Full v2020 to 2019 + Monitoring v2020 after, 1deg (PSL)"
comayagua,1994,10,121.25,14.5,272.5,"GPCC Full v2020 to 2019 + Monitoring v2020 after, 1deg (PSL)"
comayagua,1994,11,55.7,14.5,272.5,"GPCC Full v2020 to 2019 + Monitoring v2020 after, 1deg (PSL)"
comayagua,1994,12,24.4,14.5,272.5,"GPCC Full v2020 to 2019 + Monitoring v2020 after, 1deg (PSL)"
comayagua,1995,1,18.28,14.5,272.5,"GPCC Full v2020 to 2019 + Monitoring v2020 after, 1deg (PSL)"
comayagua,1995,2,20.42,14.5,272.5,"GPCC Full v2020 to 2019 + Monitoring v2020 after, 1deg (PSL)"
comayagua,1995,3,26.11,14.5,272.5,"GPCC Full v2020 to 2019 + Monitoring v2020 after, 1deg (PSL)"
comayagua,1995,4,52.67,14.5,272.5,"GPCC Full v2020 to 2019 + Monitoring v2020 after, 1deg (PSL)"
comayagua,1995,5,121.61,14.5,272.5,"GPCC Full v2020 to 2019 + Monitoring v2020 after, 1deg (PSL)"
comayagua,1995,6,180.86,14.5,272.5,"GPCC Full v2020 to 2019 + Monitoring v2020 after, 1deg (PSL)"
comayagua,1995,7,197.97,14.5,272.5,"GPCC Full v2020 to 2019 + Monitoring v2020 after, 1deg (PSL)"
comayagua,1995,8,415.51,14.5,272.5,"GPCC Full v2020 to 2019 + Monitoring v2020 after, 1deg (PSL)"
comayagua,1995,9,246.01,14.5,272.5,"GPCC Full v2020 to 2019 + Monitoring v2020 after, 1deg (PSL)"
comayagua,1995,10,117.12,14.5,272.5,"GPCC Full v2020 to 2019 + Monitoring v2020 after, 1deg (PSL)"
comayagua,1995,11,27.48,14.5,272.5,"GPCC Full v2020 to 2019 + Monitoring v2020 after, 1deg (PSL)"
comayagua,1995,12,47.84,14.5,272.5,"GPCC Full v2020 to 2019 + Monitoring v2020 after, 1deg (PSL)"
comayagua,1996,1,30.61,14.5,272.5,"GPCC Full v2020 to 2019 + Monitoring v2020 after, 1deg (PSL)"
comayagua,1996,2,21.05,14.5,272.5,"GPCC Full v2020 to 2019 + Monitoring v2020 after, 1deg (PSL)"
comayagua,1996,3,22.12,14.5,272.5,"GPCC Full v2020 to 2019 + Monitoring v2020 after, 1deg (PSL)"
comayagua,1996,4,42.34,14.5,272.5,"GPCC Full v2020 to 2019 + Monitoring v2020 after, 1deg (PSL)"
comayagua,1996,5,128.98,14.5,272.5,"GPCC Full v2020 to 2019 + Monitoring v2020 after, 1deg (PSL)"
comayagua,1996,6,99.85,14.5,272.5,"GPCC Full v2020 to 2019 + Monitoring v2020 after, 1deg (PSL)"
comayagua,1996,7,177.28,14.5,272.5,"GPCC Full v2020 to 2019 + Monitoring v2020 after, 1deg (PSL)"
comayagua,1996,8,259.46,14.5,272.5,"GPCC Full v2020 to 2019 + Monitoring v2020 after, 1deg (PSL)"
comayagua,1996,9,202.15,14.5,272.5,"GPCC Full v2020 to 2019 + Monitoring v2020 after, 1deg (PSL)"
comayagua,1996,10,142.03,14.5,272.5,"GPCC Full v2020 to 2019 + Monitoring v2020 after, 1deg (PSL)"
comayagua,1996,11,78.89,14.5,272.5,"GPCC Full v2020 to 2019 + Monitoring v2020 after, 1deg (PSL)"
comayagua,1996,12,21.75,14.5,272.5,"GPCC Full v2020 to 2019 + Monitoring v2020 after, 1deg (PSL)"
comayagua,1997,1,38.78,14.5,272.5,"GPCC Full v2020 to 2019 + Monitoring v2020 after, 1deg (PSL)"
comayagua,1997,2,20.22,14.5,272.5,"GPCC Full v2020 to 2019 + Monitoring v2020 after, 1deg (PSL)"
comayagua,1997,3,47.94,14.5,272.5,"GPCC Full v2020 to 2019 + Monitoring v2020 after, 1deg (PSL)"
comayagua,1997,4,18.43,14.5,272.5,"GPCC Full v2020 to 2019 + Monitoring v2020 after, 1deg (PSL)"
comayagua,1997,5,51.82,14.5,272.5,"GPCC Full v2020 to 2019 + Monitoring v2020 after, 1deg (PSL)"
comayagua,1997,6,307.62,14.5,272.5,"GPCC Full v2020 to 2019 + Monitoring v2020 after, 1deg (PSL)"
comayagua,1997,7,220.9,14.5,272.5,"GPCC Full v2020 to 2019 + Monitoring v2020 after, 1deg (PSL)"
comayagua,1997,8,224.77,14.5,272.5,"GPCC Full v2020 to 2019 + Monitoring v2020 after, 1deg (PSL)"
comayagua,1997,9,183.01,14.5,272.5,"GPCC Full v2020 to 2019 + Monitoring v2020 after, 1deg (PSL)"
comayagua,1997,10,168.74,14.5,272.5,"GPCC Full v2020 to 2019 + Monitoring v2020 after, 1deg (PSL)"
comayagua,1997,11,95.15,14.5,272.5,"GPCC Full v2020 to 2019 + Monitoring v2020 after, 1deg (PSL)"
comayagua,1997,12,17.7,14.5,272.5,"GPCC Full v2020 to 2019 + Monitoring v2020 after, 1deg (PSL)"
comayagua,1998,1,23.44,14.5,272.5,"GPCC Full v2020 to 2019 + Monitoring v2020 after, 1deg (PSL)"
comayagua,1998,2,13.48,14.5,272.5,"GPCC Full v2020 to 2019 + Monitoring v2020 after, 1deg (PSL)"
comayagua,1998,3,25.44,14.5,272.5,"GPCC Full v2020 to 2019 + Monitoring v2020 after, 1deg (PSL)"
comayagua,1998,4,13.01,14.5,272.5,"GPCC Full v2020 to 2019 + Monitoring v2020 after, 1deg (PSL)"
comayagua,1998,5,170.2,14.5,272.5,"GPCC Full v2020 to 2019 + Monitoring v2020 after, 1deg (PSL)"
comayagua,1998,6,186.24,14.5,272.5,"GPCC Full v2020 to 2019 + Monitoring v2020 after, 1deg (PSL)"
comayagua,1998,7,179.19,14.5,272.5,"GPCC Full v2020 to 2019 + Monitoring v2020 after, 1deg (PSL)"
comayagua,1998,8,176.63,14.5,272.5,"GPCC Full v2020 to 2019 + Monitoring v2020 after, 1deg (PSL)"
comayagua,1998,9,125.27,14.5,272.5,"GPCC Full v2020 to 2019 + Monitoring v2020 after, 1deg (PSL)"
comayagua,1998,10,432.88,14.5,272.5,"GPCC Full v2020 to 2019 + Monitoring v2020 after, 1deg (PSL)"
comayagua,1998,11,70.07,14.5,272.5,"GPCC Full v2020 to 2019 + Monitoring v2020 after, 1deg (PSL)"
comayagua,1998,12,26.62,14.5,272.5,"GPCC Full v2020 to 2019 + Monitoring v2020 after, 1deg (PSL)"
comayagua,1999,1,45.04,14.5,272.5,"GPCC Full v2020 to 2019 + Monitoring v2020 after, 1deg (PSL)"
comayagua,1999,2,22.12,14.5,272.5,"GPCC Full v2020 to 2019 + Monitoring v2020 after, 1deg (PSL)"
comayagua,1999,3,11.76,14.5,272.5,"GPCC Full v2020 to 2019 + Monitoring v2020 after, 1deg (PSL)"
comayagua,1999,4,14.65,14.5,272.5,"GPCC Full v2020 to 2019 + Monitoring v2020 after, 1deg (PSL)"
comayagua,1999,5,106.29,14.5,272.5,"GPCC Full v2020 to 2019 + Monitoring v2020 after, 1deg (PSL)"
comayagua,1999,6,227.18,14.5,272.5,"GPCC Full v2020 to 2019 + Monitoring v2020 after, 1deg (PSL)"
comayagua,1999,7,166.54,14.5,272.5,"GPCC Full v2020 to 2019 + Monitoring v2020 after, 1deg (PSL)"
comayagua,1999,8,190.27,14.5,272.5,"GPCC Full v2020 to 2019 + Monitoring v2020 after, 1deg (PSL)"
comayagua,1999,9,342.8,14.5,272.5,"GPCC Full v2020 to 2019 + Monitoring v2020 after, 1deg (PSL)"
comayagua,1999,10,150.59,14.5,272.5,"GPCC Full v2020 to 2019 + Monitoring v2020 after, 1deg (PSL)"
comayagua,1999,11,64.22,14.5,272.5,"GPCC Full v2020 to 2019 + Monitoring v2020 after, 1deg (PSL)"
comayagua,1999,12,24.91,14.5,272.5,"GPCC Full v2020 to 2019 + Monitoring v2020 after, 1deg (PSL)"
comayagua,2000,1,41.39,14.5,272.5,"GPCC Full v2020 to 2019 + Monitoring v2020 after, 1deg (PSL)"
comayagua,2000,2,16.2,14.5,272.5,"GPCC Full v2020 to 2019 + Monitoring v2020 after, 1deg (PSL)"
comayagua,2000,3,10.28,14.5,272.5,"GPCC Full v2020 to 2019 + Monitoring v2020 after, 1deg (PSL)"
comayagua,2000,4,8.3,14.5,272.5,"GPCC Full v2020 to 2019 + Monitoring v2020 after, 1deg (PSL)"
comayagua,2000,5,262.95,14.5,272.5,"GPCC Full v2020 to 2019 + Monitoring v2020 after, 1deg (PSL)"
comayagua,2000,6,183.63,14.5,272.5,"GPCC Full v2020 to 2019 + Monitoring v2020 after, 1deg (PSL)"
comayagua,2000,7,137.5,14.5,272.5,"GPCC Full v2020 to 2019 + Monitoring v2020 after, 1deg (PSL)"
comayagua,2000,8,184.29,14.5,272.5,"GPCC Full v2020 to 2019 + Monitoring v2020 after, 1deg (PSL)"
comayagua,2000,9,255.43,14.5,272.5,"GPCC Full v2020 to 2019 + Monitoring v2020 after, 1deg (PSL)"
comayagua,2000,10,115.6,14.5,272.5,"GPCC Full v2020 to 2019 + Monitoring v2020 after, 1deg (PSL)"
comayagua,2000,11,24.25,14.5,272.5,"GPCC Full v2020 to 2019 + Monitoring v2020 after, 1deg (PSL)"
comayagua,2000,12,35.62,14.5,272.5,"GPCC Full v2020 to 2019 + Monitoring v2020 after, 1deg (PSL)"
comayagua,2001,1,10.79,14.5,272.5,"GPCC Full v2020 to 2019 + Monitoring v2020 after, 1deg (PSL)"
comayagua,2001,2,71.63,14.5,272.5,"GPCC Full v2020 to 2019 + Monitoring v2020 after, 1deg (PSL)"
comayagua,2001,3,10.91,14.5,272.5,"GPCC Full v2020 to 2019 + Monitoring v2020 after, 1deg (PSL)"
comayagua,2001,4,7.62,14.5,272.5,"GPCC Full v2020 to 2019 + Monitoring v2020 after, 1deg (PSL)"
comayagua,2001,5,94.24,14.5,272.5,"GPCC Full v2020 to 2019 + Monitoring v2020 after, 1deg (PSL)"
comayagua,2001,6,84.57,14.5,272.5,"GPCC Full v2020 to 2019 + Monitoring v2020 after, 1deg (PSL)"
comayagua,2001,7,151.28,14.5,272.5,"GPCC Full v2020 to 2019 + Monitoring v2020 after, 1deg (PSL)"
comayagua,2001,8,184.92,14.5,272.5,"GPCC Full v2020 to 2019 + Monitoring v2020 after, 1deg (PSL)"
comayagua,2001,9,204.94,14.5,272.5,"GPCC Full v2020 to 2019 + Monitoring v2020 after, 1deg (PSL)"
comayagua,2001,10,153.62,14.5,272.5,"GPCC Full v2020 to 2019 + Monitoring v2020 after, 1deg (PSL)"
comayagua,2001,11,26.59,14.5,272.5,"GPCC Full v2020 to 2019 + Monitoring v2020 after, 1deg (PSL)"
comayagua,2001,12,21.82,14.5,272.5,"GPCC Full v2020 to 2019 + Monitoring v2020 after, 1deg (PSL)"
comayagua,2002,1,21.15,14.5,272.5,"GPCC Full v2020 to 2019 + Monitoring v2020 after, 1deg (PSL)"
comayagua,2002,2,25.95,14.5,272.5,"GPCC Full v2020 to 2019 + Monitoring v2020 after, 1deg (PSL)"
comayagua,2002,3,19.96,14.5,272.5,"GPCC Full v2020 to 2019 + Monitoring v2020 after, 1deg (PSL)"
comayagua,2002,4,7.3,14.5,272.5,"GPCC Full v2020 to 2019 + Monitoring v2020 after, 1deg (PSL)"
comayagua,2002,5,155.97,14.5,272.5,"GPCC Full v2020 to 2019 + Monitoring v2020 after, 1deg (PSL)"
comayagua,2002,6,220.75,14.5,272.5,"GPCC Full v2020 to 2019 + Monitoring v2020 after, 1deg (PSL)"
comayagua,2002,7,143.33,14.5,272.5,"GPCC Full v2020 to 2019 + Monitoring v2020 after, 1deg (PSL)"
comayagua,2002,8,115.44,14.5,272.5,"GPCC Full v2020 to 2019 + Monitoring v2020 after, 1deg (PSL)"
comayagua,2002,9,217.03,14.5,272.5,"GPCC Full v2020 to 2019 + Monitoring v2020 after, 1deg (PSL)"
comayagua,2002,10,99.91,14.5,272.5,"GPCC Full v2020 to 2019 + Monitoring v2020 after, 1deg (PSL)"
comayagua,2002,11,53.61,14.5,272.5,"GPCC Full v2020 to 2019 + Monitoring v2020 after, 1deg (PSL)"
comayagua,2002,12,30.86,14.5,272.5,"GPCC Full v2020 to 2019 + Monitoring v2020 after, 1deg (PSL)"
comayagua,2003,1,48.44,14.5,272.5,"GPCC Full v2020 to 2019 + Monitoring v2020 after, 1deg (PSL)"
comayagua,2003,2,26.28,14.5,272.5,"GPCC Full v2020 to 2019 + Monitoring v2020 after, 1deg (PSL)"
comayagua,2003,3,50.7,14.5,272.5,"GPCC Full v2020 to 2019 + Monitoring v2020 after, 1deg (PSL)"
comayagua,2003,4,23.42,14.5,272.5,"GPCC Full v2020 to 2019 + Monitoring v2020 after, 1deg (PSL)"
comayagua,2003,5,194.05,14.5,272.5,"GPCC Full v2020 to 2019 + Monitoring v2020 after, 1deg (PSL)"
comayagua,2003,6,251.01,14.5,272.5,"GPCC Full v2020 to 2019 + Monitoring v2020 after, 1deg (PSL)"
comayagua,2003,7,166.73,14.5,272.5,"GPCC Full v2020 to 2019 + Monitoring v2020 after, 1deg (PSL)"
comayagua,2003,8,180.87,14.5,272.5,"GPCC Full v2020 to 2019 + Monitoring v2020 after, 1deg (PSL)"
comayagua,2003,9,214.51,14.5,272.5,"GPCC Full v2020 to 2019 + Monitoring v2020 after, 1deg (PSL)"
comayagua,2003,10,167.02,14.5,272.5,"GPCC Full v2020 to 2019 + Monitoring v2020 after, 1deg (PSL)"
comayagua,2003,11,100.45,14.5,272.5,"GPCC Full v2020 to 2019 + Monitoring v2020 after, 1deg (PSL)"
comayagua,2003,12,33.12,14.5,272.5,"GPCC Full v2020 to 2019 + Monitoring v2020 after, 1deg (PSL)"
comayagua,2004,1,34.19,14.5,272.5,"GPCC Full v2020 to 2019 + Monitoring v2020 after, 1deg (PSL)"
comayagua,2004,2,35.37,14.5,272.5,"GPCC Full v2020 to 2019 + Monitoring v2020 after, 1deg (PSL)"
comayagua,2004,3,26.14,14.5,272.5,"GPCC Full v2020 to 2019 + Monitoring v2020 after, 1deg (PSL)"
comayagua,2004,4,123.12,14.5,272.5,"GPCC Full v2020 to 2019 + Monitoring v2020 after, 1deg (PSL)"
comayagua,2004,5,100.61,14.5,272.5,"GPCC Full v2020 to 2019 + Monitoring v2020 after, 1deg (PSL)"
comayagua,2004,6,164.92,14.5,272.5,"GPCC Full v2020 to 2019 + Monitoring v2020 after, 1deg (PSL)"
comayagua,2004,7,176.83,14.5,272.5,"GPCC Full v2020 to 2019 + Monitoring v2020 after, 1deg (PSL)"
comayagua,2004,8,135.96,14.5,272.5,"GPCC Full v2020 to 2019 + Monitoring v2020 after, 1deg (PSL)"
comayagua,2004,9,165.64,14.5,272.5,"GPCC Full v2020 to 2019 + Monitoring v2020 after, 1deg (PSL)"
comayagua,2004,10,102.52,14.5,272.5,"GPCC Full v2020 to 2019 + Monitoring v2020 after, 1deg (PSL)"
comayagua,2004,11,38.03,14.5,272.5,"GPCC Full v2020 to 2019 + Monitoring v2020 after, 1deg (PSL)"
comayagua,2004,12,40.06,14.5,272.5,"GPCC Full v2020 to 2019 + Monitoring v2020 after, 1deg (PSL)"
comayagua,2005,1,21.81,14.5,272.5,"GPCC Full v2020 to 2019 + Monitoring v2020 after, 1deg (PSL)"
comayagua,2005,2,7.59,14.5,272.5,"GPCC Full v2020 to 2019 + Monitoring v2020 after, 1deg (PSL)"
comayagua,2005,3,19.47,14.5,272.5,"GPCC Full v2020 to 2019 + Monitoring v2020 after, 1deg (PSL)"
comayagua,2005,4,37.94,14.5,272.5,"GPCC Full v2020 to 2019 + Monitoring v2020 after, 1deg (PSL)"
comayagua,2005,5,154.33,14.5,272.5,"GPCC Full v2020 to 2019 + Monitoring v2020 after, 1deg (PSL)"
comayagua,2005,6,248.0,14.5,272.5,"GPCC Full v2020 to 2019 + Monitoring v2020 after, 1deg (PSL)"
comayagua,2005,7,212.17,14.5,272.5,"GPCC Full v2020 to 2019 + Monitoring v2020 after, 1deg (PSL)"
comayagua,2005,8,168.4,14.5,272.5,"GPCC Full v2020 to 2019 + Monitoring v2020 after, 1deg (PSL)"
comayagua,2005,9,179.34,14.5,272.5,"GPCC Full v2020 to 2019 + Monitoring v2020 after, 1deg (PSL)"
comayagua,2005,10,174.24,14.5,272.5,"GPCC Full v2020 to 2019 + Monitoring v2020 after, 1deg (PSL)"
comayagua,2005,11,68.18,14.5,272.5,"GPCC Full v2020 to 2019 + Monitoring v2020 after, 1deg (PSL)"
comayagua,2005,12,18.4,14.5,272.5,"GPCC Full v2020 to 2019 + Monitoring v2020 after, 1deg (PSL)"
comayagua,2006,1,25.87,14.5,272.5,"GPCC Full v2020 to 2019 + Monitoring v2020 after, 1deg (PSL)"
comayagua,2006,2,19.28,14.5,272.5,"GPCC Full v2020 to 2019 + Monitoring v2020 after, 1deg (PSL)"
comayagua,2006,3,12.84,14.5,272.5,"GPCC Full v2020 to 2019 + Monitoring v2020 after, 1deg (PSL)"
comayagua,2006,4,34.98,14.5,272.5,"GPCC Full v2020 to 2019 + Monitoring v2020 after, 1deg (PSL)"
comayagua,2006,5,44.65,14.5,272.5,"GPCC Full v2020 to 2019 + Monitoring v2020 after, 1deg (PSL)"
comayagua,2006,6,232.14,14.5,272.5,"GPCC Full v2020 to 2019 + Monitoring v2020 after, 1deg (PSL)"
comayagua,2006,7,145.85,14.5,272.5,"GPCC Full v2020 to 2019 + Monitoring v2020 after, 1deg (PSL)"
comayagua,2006,8,107.64,14.5,272.5,"GPCC Full v2020 to 2019 + Monitoring v2020 after, 1deg (PSL)"
comayagua,2006,9,193.1,14.5,272.5,"GPCC Full v2020 to 2019 + Monitoring v2020 after, 1deg (PSL)"
comayagua,2006,10,138.45,14.5,272.5,"GPCC Full v2020 to 2019 + Monitoring v2020 after, 1deg (PSL)"
comayagua,2006,11,64.64,14.5,272.5,"GPCC Full v2020 to 2019 + Monitoring v2020 after, 1deg (PSL)"
comayagua,2006,12,60.98,14.5,272.5,"GPCC Full v2020 to 2019 + Monitoring v2020 after, 1deg (PSL)"
comayagua,2007,1,25.48,14.5,272.5,"GPCC Full v2020 to 2019 + Monitoring v2020 after, 1deg (PSL)"
comayagua,2007,2,13.28,14.5,272.5,"GPCC Full v2020 to 2019 + Monitoring v2020 after, 1deg (PSL)"
comayagua,2007,3,29.38,14.5,272.5,"GPCC Full v2020 to 2019 + Monitoring v2020 after, 1deg (PSL)"
comayagua,2007,4,95.69,14.5,272.5,"GPCC Full v2020 to 2019 + Monitoring v2020 after, 1deg (PSL)"
comayagua,2007,5,78.72,14.5,272.5,"GPCC Full v2020 to 2019 + Monitoring v2020 after, 1deg (PSL)"
comayagua,2007,6,173.31,14.5,272.5,"GPCC Full v2020 to 2019 + Monitoring v2020 after, 1deg (PSL)"
comayagua,2007,7,145.15,14.5,272.5,"GPCC Full v2020 to 2019 + Monitoring v2020 after, 1deg (PSL)"
comayagua,2007,8,219.9,14.5,272.5,"GPCC Full v2020 to 2019 + Monitoring v2020 after, 1deg (PSL)"
comayagua,2007,9,333.86,14.5,272.5,"GPCC Full v2020 to 2019 + Monitoring v2020 after, 1deg (PSL)"
comayagua,2007,10,194.73,14.5,272.5,"GPCC Full v2020 to 2019 + Monitoring v2020 after, 1deg (PSL)"
comayagua,2007,11,72.58,14.5,272.5,"GPCC Full v2020 to 2019 + Monitoring v2020 after, 1deg (PSL)"
comayagua,2007,12,24.6,14.5,272.5,"GPCC Full v2020 to 2019 + Monitoring v2020 after, 1deg (PSL)"
comayagua,2008,1,36.55,14.5,272.5,"GPCC Full v2020 to 2019 + Monitoring v2020 after, 1deg (PSL)"
comayagua,2008,2,40.33,14.5,272.5,"GPCC Full v2020 to 2019 + Monitoring v2020 after, 1deg (PSL)"
comayagua,2008,3,19.25,14.5,272.5,"GPCC Full v2020 to 2019 + Monitoring v2020 after, 1deg (PSL)"
comayagua,2008,4,33.16,14.5,272.5,"GPCC Full v2020 to 2019 + Monitoring v2020 after, 1deg (PSL)"
comayagua,2008,5,114.99,14.5,272.5,"GPCC Full v2020 to 2019 + Monitoring v2020 after, 1deg (PSL)"
comayagua,2008,6,165.74,14.5,272.5,"GPCC Full v2020 to 2019 + Monitoring v2020 after, 1deg (PSL)"
comayagua,2008,7,252.69,14.5,272.5,"GPCC Full v2020 to 2019 + Monitoring v2020 after, 1deg (PSL)"
comayagua,2008,8,236.22,14.5,272.5,"GPCC Full v2020 to 2019 + Monitoring v2020 after, 1deg (PSL)"
comayagua,2008,9,311.21,14.5,272.5,"GPCC Full v2020 to 2019 + Monitoring v2020 after, 1deg (PSL)"
comayagua,2008,10,376.18,14.5,272.5,"GPCC Full v2020 to 2019 + Monitoring v2020 after, 1deg (PSL)"
comayagua,2008,11,46.71,14.5,272.5,"GPCC Full v2020 to 2019 + Monitoring v2020 after, 1deg (PSL)"
comayagua,2008,12,23.68,14.5,272.5,"GPCC Full v2020 to 2019 + Monitoring v2020 after, 1deg (PSL)"
comayagua,2009,1,29.58,14.5,272.5,"GPCC Full v2020 to 2019 + Monitoring v2020 after, 1deg (PSL)"
comayagua,2009,2,30.83,14.5,272.5,"GPCC Full v2020 to 2019 + Monitoring v2020 after, 1deg (PSL)"
comayagua,2009,3,12.28,14.5,272.5,"GPCC Full v2020 to 2019 + Monitoring v2020 after, 1deg (PSL)"
comayagua,2009,4,5.04,14.5,272.5,"GPCC Full v2020 to 2019 + Monitoring v2020 after, 1deg (PSL)"
comayagua,2009,5,149.48,14.5,272.5,"GPCC Full v2020 to 2019 + Monitoring v2020 after, 1deg (PSL)"
comayagua,2009,6,371.24,14.5,272.5,"GPCC Full v2020 to 2019 + Monitoring v2020 after, 1deg (PSL)"
comayagua,2009,7,150.54,14.5,272.5,"GPCC Full v2020 to 2019 + Monitoring v2020 after, 1deg (PSL)"
comayagua,2009,8,135.13,14.5,272.5,"GPCC Full v2020 to 2019 + Monitoring v2020 after, 1deg (PSL)"
comayagua,2009,9,148.49,14.5,272.5,"GPCC Full v2020 to 2019 + Monitoring v2020 after, 1deg (PSL)"
comayagua,2009,10,112.25,14.5,272.5,"GPCC Full v2020 to 2019 + Monitoring v2020 after, 1deg (PSL)"
comayagua,2009,11,144.93,14.5,272.5,"GPCC Full v2020 to 2019 + Monitoring v2020 after, 1deg (PSL)"
comayagua,2009,12,46.73,14.5,272.5,"GPCC Full v2020 to 2019 + Monitoring v2020 after, 1deg (PSL)"
comayagua,2010,1,39.38,14.5,272.5,"GPCC Full v2020 to 2019 + Monitoring v2020 after, 1deg (PSL)"
comayagua,2010,2,21.81,14.5,272.5,"GPCC Full v2020 to 2019 + Monitoring v2020 after, 1deg (PSL)"
comayagua,2010,3,28.78,14.5,272.5,"GPCC Full v2020 to 2019 + Monitoring v2020 after, 1deg (PSL)"
comayagua,2010,4,137.7,14.5,272.5,"GPCC Full v2020 to 2019 + Monitoring v2020 after, 1deg (PSL)"
comayagua,2010,5,110.02,14.5,272.5,"GPCC Full v2020 to 2019 + Monitoring v2020 after, 1deg (PSL)"
comayagua,2010,6,268.24,14.5,272.5,"GPCC Full v2020 to 2019 + Monitoring v2020 after, 1deg (PSL)"
comayagua,2010,7,296.13,14.5,272.5,"GPCC Full v2020 to 2019 + Monitoring v2020 after, 1deg (PSL)"
comayagua,2010,8,336.25,14.5,272.5,"GPCC Full v2020 to 2019 + Monitoring v2020 after, 1deg (PSL)"
comayagua,2010,9,317.79,14.5,272.5,"GPCC Full v2020 to 2019 + Monitoring v2020 after, 1deg (PSL)"
comayagua,2010,10,69.94,14.5,272.5,"GPCC Full v2020 to 2019 + Monitoring v2020 after, 1deg (PSL)"
comayagua,2010,11,44.99,14.5,272.5,"GPCC Full v2020 to 2019 + Monitoring v2020 after, 1deg (PSL)"
comayagua,2010,12,20.06,14.5,272.5,"GPCC Full v2020 to 2019 + Monitoring v2020 after, 1deg (PSL)"
comayagua,2011,1,50.34,14.5,272.5,"GPCC Full v2020 to 2019 + Monitoring v2020 after, 1deg (PSL)"
comayagua,2011,2,32.38,14.5,272.5,"GPCC Full v2020 to 2019 + Monitoring v2020 after, 1deg (PSL)"
comayagua,2011,3,23.28,14.5,272.5,"GPCC Full v2020 to 2019 + Monitoring v2020 after, 1deg (PSL)"
comayagua,2011,4,57.77,14.5,272.5,"GPCC Full v2020 to 2019 + Monitoring v2020 after, 1deg (PSL)"
comayagua,2011,5,163.97,14.5,272.5,"GPCC Full v2020 to 2019 + Monitoring v2020 after, 1deg (PSL)"
comayagua,2011,6,236.2,14.5,272.5,"GPCC Full v2020 to 2019 + Monitoring v2020 after, 1deg (PSL)"
comayagua,2011,7,274.86,14.5,272.5,"GPCC Full v2020 to 2019 + Monitoring v2020 after, 1deg (PSL)"
comayagua,2011,8,156.75,14.5,272.5,"GPCC Full v2020 to 2019 + Monitoring v2020 after, 1deg (PSL)"
comayagua,2011,9,246.55,14.5,272.5,"GPCC Full v2020 to 2019 + Monitoring v2020 after, 1deg (PSL)"
comayagua,2011,10,289.48,14.5,272.5,"GPCC Full v2020 to 2019 + Monitoring v2020 after, 1deg (PSL)"
comayagua,2011,11,53.01,14.5,272.5,"GPCC Full v2020 to 2019 + Monitoring v2020 after, 1deg (PSL)"
comayagua,2011,12,39.9,14.5,272.5,"GPCC Full v2020 to 2019 + Monitoring v2020 after, 1deg (PSL)"
comayagua,2012,1,17.63,14.5,272.5,"GPCC Full v2020 to 2019 + Monitoring v2020 after, 1deg (PSL)"
comayagua,2012,2,19.05,14.5,272.5,"GPCC Full v2020 to 2019 + Monitoring v2020 after, 1deg (PSL)"
comayagua,2012,3,22.22,14.5,272.5,"GPCC Full v2020 to 2019 + Monitoring v2020 after, 1deg (PSL)"
comayagua,2012,4,70.74,14.5,272.5,"GPCC Full v2020 to 2019 + Monitoring v2020 after, 1deg (PSL)"
comayagua,2012,5,227.02,14.5,272.5,"GPCC Full v2020 to 2019 + Monitoring v2020 after, 1deg (PSL)"
comayagua,2012,6,152.9,14.5,272.5,"GPCC Full v2020 to 2019 + Monitoring v2020 after, 1deg (PSL)"
comayagua,2012,7,129.05,14.5,272.5,"GPCC Full v2020 to 2019 + Monitoring v2020 after, 1deg (PSL)"
comayagua,2012,8,282.37,14.5,272.5,"GPCC Full v2020 to 2019 + Monitoring v2020 after, 1deg (PSL)"
comayagua,2012,9,181.97,14.5,272.5,"GPCC Full v2020 to 2019 + Monitoring v2020 after, 1deg (PSL)"
comayagua,2012,10,252.53,14.5,272.5,"GPCC Full v2020 to 2019 + Monitoring v2020 after, 1deg (PSL)"
comayagua,2012,11,44.63,14.5,272.5,"GPCC Full v2020 to 2019 + Monitoring v2020 after, 1deg (PSL)"
comayagua,2012,12,23.32,14.5,272.5,"GPCC Full v2020 to 2019 + Monitoring v2020 after, 1deg (PSL)"
comayagua,2013,1,35.67,14.5,272.5,"GPCC Full v2020 to 2019 + Monitoring v2020 after, 1deg (PSL)"
comayagua,2013,2,14.34,14.5,272.5,"GPCC Full v2020 to 2019 + Monitoring v2020 after, 1deg (PSL)"
comayagua,2013,3,76.59,14.5,272.5,"GPCC Full v2020 to 2019 + Monitoring v2020 after, 1deg (PSL)"
comayagua,2013,4,16.87,14.5,272.5,"GPCC Full v2020 to 2019 + Monitoring v2020 after, 1deg (PSL)"
comayagua,2013,5,214.39,14.5,272.5,"GPCC Full v2020 to 2019 + Monitoring v2020 after, 1deg (PSL)"
comayagua,2013,6,202.09,14.5,272.5,"GPCC Full v2020 to 2019 + Monitoring v2020 after, 1deg (PSL)"
comayagua,2013,7,155.32,14.5,272.5,"GPCC Full v2020 to 2019 + Monitoring v2020 after, 1deg (PSL)"
comayagua,2013,8,230.23,14.5,272.5,"GPCC Full v2020 to 2019 + Monitoring v2020 after, 1deg (PSL)"
comayagua,2013,9,358.57,14.5,272.5,"GPCC Full v2020 to 2019 + Monitoring v2020 after, 1deg (PSL)"
comayagua,2013,10,146.16,14.5,272.5,"GPCC Full v2020 to 2019 + Monitoring v2020 after, 1deg (PSL)"
comayagua,2013,11,59.89,14.5,272.5,"GPCC Full v2020 to 2019 + Monitoring v2020 after, 1deg (PSL)"
comayagua,2013,12,26.73,14.5,272.5,"GPCC Full v2020 to 2019 + Monitoring v2020 after, 1deg (PSL)"
comayagua,2014,1,74.85,14.5,272.5,"GPCC Full v2020 to 2019 + Monitoring v2020 after, 1deg (PSL)"
comayagua,2014,2,15.71,14.5,272.5,"GPCC Full v2020 to 2019 + Monitoring v2020 after, 1deg (PSL)"
comayagua,2014,3,14.58,14.5,272.5,"GPCC Full v2020 to 2019 + Monitoring v2020 after, 1deg (PSL)"
comayagua,2014,4,4.79,14.5,272.5,"GPCC Full v2020 to 2019 + Monitoring v2020 after, 1deg (PSL)"
comayagua,2014,5,126.41,14.5,272.5,"GPCC Full v2020 to 2019 + Monitoring v2020 after, 1deg (PSL)"
comayagua,2014,6,156.36,14.5,272.5,"GPCC Full v2020 to 2019 + Monitoring v2020 after, 1deg (PSL)"
comayagua,2014,7,108.1,14.5,272.5,"GPCC Full v2020 to 2019 + Monitoring v2020 after, 1deg (PSL)"
comayagua,2014,8,179.84,14.5,272.5,"GPCC Full v2020 to 2019 + Monitoring v2020 after, 1deg (PSL)"
comayagua,2014,9,226.56,14.5,272.5,"GPCC Full v2020 to 2019 + Monitoring v2020 after, 1deg (PSL)"
comayagua,2014,10,223.82,14.5,272.5,"GPCC Full v2020 to 2019 + Monitoring v2020 after, 1deg (PSL)"
comayagua,2014,11,126.23,14.5,272.5,"GPCC Full v2020 to 2019 + Monitoring v2020 after, 1deg (PSL)"
comayagua,2014,12,28.84,14.5,272.5,"GPCC Full v2020 to 2019 + Monitoring v2020 after, 1deg (PSL)"
comayagua,2015,1,37.05,14.5,272.5,"GPCC Full v2020 to 2019 + Monitoring v2020 after, 1deg (PSL)"
comayagua,2015,2,20.57,14.5,272.5,"GPCC Full v2020 to 2019 + Monitoring v2020 after, 1deg (PSL)"
comayagua,2015,3,31.27,14.5,272.5,"GPCC Full v2020 to 2019 + Monitoring v2020 after, 1deg (PSL)"
comayagua,2015,4,37.43,14.5,272.5,"GPCC Full v2020 to 2019 + Monitoring v2020 after, 1deg (PSL)"
comayagua,2015,5,54.59,14.5,272.5,"GPCC Full v2020 to 2019 + Monitoring v2020 after, 1deg (PSL)"
comayagua,2015,6,232.13,14.5,272.5,"GPCC Full v2020 to 2019 + Monitoring v2020 after, 1deg (PSL)"
comayagua,2015,7,110.18,14.5,272.5,"GPCC Full v2020 to 2019 + Monitoring v2020 after, 1deg (PSL)"
comayagua,2015,8,80.75,14.5,272.5,"GPCC Full v2020 to 2019 + Monitoring v2020 after, 1deg (PSL)"
comayagua,2015,9,247.87,14.5,272.5,"GPCC Full v2020 to 2019 + Monitoring v2020 after, 1deg (PSL)"
comayagua,2015,10,206.28,14.5,272.5,"GPCC Full v2020 to 2019 + Monitoring v2020 after, 1deg (PSL)"
comayagua,2015,11,99.52,14.5,272.5,"GPCC Full v2020 to 2019 + Monitoring v2020 after, 1deg (PSL)"
comayagua,2015,12,53.6,14.5,272.5,"GPCC Full v2020 to 2019 + Monitoring v2020 after, 1deg (PSL)"
comayagua,2016,1,27.83,14.5,272.5,"GPCC Full v2020 to 2019 + Monitoring v2020 after, 1deg (PSL)"
comayagua,2016,2,36.28,14.5,272.5,"GPCC Full v2020 to 2019 + Monitoring v2020 after, 1deg (PSL)"
comayagua,2016,3,68.05,14.5,272.5,"GPCC Full v2020 to 2019 + Monitoring v2020 after, 1deg (PSL)"
comayagua,2016,4,26.8,14.5,272.5,"GPCC Full v2020 to 2019 + Monitoring v2020 after, 1deg (PSL)"
comayagua,2016,5,83.19,14.5,272.5,"GPCC Full v2020 to 2019 + Monitoring v2020 after, 1deg (PSL)"
comayagua,2016,6,256.48,14.5,272.5,"GPCC Full v2020 to 2019 + Monitoring v2020 after, 1deg (PSL)"
comayagua,2016,7,120.27,14.5,272.5,"GPCC Full v2020 to 2019 + Monitoring v2020 after, 1deg (PSL)"
comayagua,2016,8,198.45,14.5,272.5,"GPCC Full v2020 to 2019 + Monitoring v2020 after, 1deg (PSL)"
comayagua,2016,9,142.26,14.5,272.5,"GPCC Full v2020 to 2019 + Monitoring v2020 after, 1deg (PSL)"
comayagua,2016,10,172.73,14.5,272.5,"GPCC Full v2020 to 2019 + Monitoring v2020 after, 1deg (PSL)"
comayagua,2016,11,56.68,14.5,272.5,"GPCC Full v2020 to 2019 + Monitoring v2020 after, 1deg (PSL)"
comayagua,2016,12,43.23,14.5,272.5,"GPCC Full v2020 to 2019 + Monitoring v2020 after, 1deg (PSL)"
comayagua,2017,1,36.0,14.5,272.5,"GPCC Full v2020 to 2019 + Monitoring v2020 after, 1deg (PSL)"
comayagua,2017,2,9.04,14.5,272.5,"GPCC Full v2020 to 2019 + Monitoring v2020 after, 1deg (PSL)"
comayagua,2017,3,19.91,14.5,272.5,"GPCC Full v2020 to 2019 + Monitoring v2020 after, 1deg (PSL)"
comayagua,2017,4,58.63,14.5,272.5,"GPCC Full v2020 to 2019 + Monitoring v2020 after, 1deg (PSL)"
comayagua,2017,5,169.29,14.5,272.5,"GPCC Full v2020 to 2019 + Monitoring v2020 after, 1deg (PSL)"
comayagua,2017,6,252.59,14.5,272.5,"GPCC Full v2020 to 2019 + Monitoring v2020 after, 1deg (PSL)"
comayagua,2017,7,162.33,14.5,272.5,"GPCC Full v2020 to 2019 + Monitoring v2020 after, 1deg (PSL)"
comayagua,2017,8,154.73,14.5,272.5,"GPCC Full v2020 to 2019 + Monitoring v2020 after, 1deg (PSL)"
comayagua,2017,9,277.91,14.5,272.5,"GPCC Full v2020 to 2019 + Monitoring v2020 after, 1deg (PSL)"
comayagua,2017,10,316.96,14.5,272.5,"GPCC Full v2020 to 2019 + Monitoring v2020 after, 1deg (PSL)"
comayagua,2017,11,43.95,14.5,272.5,"GPCC Full v2020 to 2019 + Monitoring v2020 after, 1deg (PSL)"
comayagua,2017,12,36.18,14.5,272.5,"GPCC Full v2020 to 2019 + Monitoring v2020 after, 1deg (PSL)"
comayagua,2018,1,38.1,14.5,272.5,"GPCC Full v2020 to 2019 + Monitoring v2020 after, 1deg (PSL)"
comayagua,2018,2,13.95,14.5,272.5,"GPCC Full v2020 to 2019 + Monitoring v2020 after, 1deg (PSL)"
comayagua,2018,3,12.95,14.5,272.5,"GPCC Full v2020 to 2019 + Monitoring v2020 after, 1deg (PSL)"
comayagua,2018,4,46.92,14.5,272.5,"GPCC Full v2020 to 2019 + Monitoring v2020 after, 1deg (PSL)"
comayagua,2018,5,122.39,14.5,272.5,"GPCC Full v2020 to 2019 + Monitoring v2020 after, 1deg (PSL)"
comayagua,2018,6,199.5,14.5,272.5,"GPCC Full v2020 to 2019 + Monitoring v2020 after, 1deg (PSL)"
comayagua,2018,7,113.01,14.5,272.5,"GPCC Full v2020 to 2019 + Monitoring v2020 after, 1deg (PSL)"
comayagua,2018,8,102.86,14.5,272.5,"GPCC Full v2020 to 2019 + Monitoring v2020 after, 1deg (PSL)"
comayagua,2018,9,152.25,14.5,272.5,"GPCC Full v2020 to 2019 + Monitoring v2020 after, 1deg (PSL)"
comayagua,2018,10,251.14,14.5,272.5,"GPCC Full v2020 to 2019 + Monitoring v2020 after, 1deg (PSL)"
comayagua,2018,11,26.0,14.5,272.5,"GPCC Full v2020 to 2019 + Monitoring v2020 after, 1deg (PSL)"
comayagua,2018,12,35.45,14.5,272.5,"GPCC Full v2020 to 2019 + Monitoring v2020 after, 1deg (PSL)"
comayagua,2019,1,37.93,14.5,272.5,"GPCC Full v2020 to 2019 + Monitoring v2020 after, 1deg (PSL)"
comayagua,2019,2,0.0,14.5,272.5,"GPCC Full v2020 to 2019 + Monitoring v2020 after, 1deg (PSL)"
comayagua,2019,3,6.35,14.5,272.5,"GPCC Full v2020 to 2019 + Monitoring v2020 after, 1deg (PSL)"
comayagua,2019,4,27.55,14.5,272.5,"GPCC Full v2020 to 2019 + Monitoring v2020 after, 1deg (PSL)"
comayagua,2019,5,134.66,14.5,272.5,"GPCC Full v2020 to 2019 + Monitoring v2020 after, 1deg (PSL)"
comayagua,2019,6,160.84,14.5,272.5,"GPCC Full v2020 to 2019 + Monitoring v2020 after, 1deg (PSL)"
comayagua,2019,7,99.02,14.5,272.5,"GPCC Full v2020 to 2019 + Monitoring v2020 after, 1deg (PSL)"
comayagua,2019,8,99.0,14.5,272.5,"GPCC Full v2020 to 2019 + Monitoring v2020 after, 1deg (PSL)"
comayagua,2019,9,218.75,14.5,272.5,"GPCC Full v2020 to 2019 + Monitoring v2020 after, 1deg (PSL)"
comayagua,2019,10,175.46,14.5,272.5,"GPCC Full v2020 to 2019 + Monitoring v2020 after, 1deg (PSL)"
comayagua,2019,11,42.44,14.5,272.5,"GPCC Full v2020 to 2019 + Monitoring v2020 after, 1deg (PSL)"
comayagua,2019,12,5.58,14.5,272.5,"GPCC Full v2020 to 2019 + Monitoring v2020 after, 1deg (PSL)"
comayagua,2020,1,27.19,14.5,272.5,"GPCC Full v2020 to 2019 + Monitoring v2020 after, 1deg (PSL)"
comayagua,2020,2,23.47,14.5,272.5,"GPCC Full v2020 to 2019 + Monitoring v2020 after, 1deg (PSL)"
comayagua,2020,3,20.76,14.5,272.5,"GPCC Full v2020 to 2019 + Monitoring v2020 after, 1deg (PSL)"
comayagua,2020,4,4.52,14.5,272.5,"GPCC Full v2020 to 2019 + Monitoring v2020 after, 1deg (PSL)"
comayagua,2020,5,182.91,14.5,272.5,"GPCC Full v2020 to 2019 + Monitoring v2020 after, 1deg (PSL)"
comayagua,2020,6,213.72,14.5,272.5,"GPCC Full v2020 to 2019 + Monitoring v2020 after, 1deg (PSL)"
comayagua,2020,7,187.18,14.5,272.5,"GPCC Full v2020 to 2019 + Monitoring v2020 after, 1deg (PSL)"
comayagua,2020,8,180.43,14.5,272.5,"GPCC Full v2020 to 2019 + Monitoring v2020 after, 1deg (PSL)"
comayagua,2020,9,246.63,14.5,272.5,"GPCC Full v2020 to 2019 + Monitoring v2020 after, 1deg (PSL)"
comayagua,2020,10,201.95,14.5,272.5,"GPCC Full v2020 to 2019 + Monitoring v2020 after, 1deg (PSL)"
comayagua,2020,11,327.99,14.5,272.5,"GPCC Full v2020 to 2019 + Monitoring v2020 after, 1deg (PSL)"
comayagua,2020,12,44.0,14.5,272.5,"GPCC Full v2020 to 2019 + Monitoring v2020 after, 1deg (PSL)"
comayagua,2021,1,38.42,14.5,272.5,"GPCC Full v2020 to 2019 + Monitoring v2020 after, 1deg (PSL)"
comayagua,2021,2,31.08,14.5,272.5,"GPCC Full v2020 to 2019 + Monitoring v2020 after, 1deg (PSL)"
comayagua,2021,3,20.43,14.5,272.5,"GPCC Full v2020 to 2019 + Monitoring v2020 after, 1deg (PSL)"
comayagua,2021,4,61.73,14.5,272.5,"GPCC Full v2020 to 2019 + Monitoring v2020 after, 1deg (PSL)"
comayagua,2021,5,63.68,14.5,272.5,"GPCC Full v2020 to 2019 + Monitoring v2020 after, 1deg (PSL)"
comayagua,2021,6,214.73,14.5,272.5,"GPCC Full v2020 to 2019 + Monitoring v2020 after, 1deg (PSL)"
comayagua,2021,7,142.87,14.5,272.5,"GPCC Full v2020 to 2019 + Monitoring v2020 after, 1deg (PSL)"
comayagua,2021,8,139.51,14.5,272.5,"GPCC Full v2020 to 2019 + Monitoring v2020 after, 1deg (PSL)"
comayagua,2021,9,164.04,14.5,272.5,"GPCC Full v2020 to 2019 + Monitoring v2020 after, 1deg (PSL)"
comayagua,2021,10,163.86,14.5,272.5,"GPCC Full v2020 to 2019 + Monitoring v2020 after, 1deg (PSL)"
comayagua,2021,11,67.79,14.5,272.5,"GPCC Full v2020 to 2019 + Monitoring v2020 after, 1deg (PSL)"
comayagua,2021,12,15.2,14.5,272.5,"GPCC Full v2020 to 2019 + Monitoring v2020 after, 1deg (PSL)"
comayagua,2022,1,27.95,14.5,272.5,"GPCC Full v2020 to 2019 + Monitoring v2020 after, 1deg (PSL)"
comayagua,2022,2,38.39,14.5,272.5,"GPCC Full v2020 to 2019 + Monitoring v2020 after, 1deg (PSL)"
comayagua,2022,3,15.42,14.5,272.5,"GPCC Full v2020 to 2019 + Monitoring v2020 after, 1deg (PSL)"
comayagua,2022,4,78.65,14.5,272.5,"GPCC Full v2020 to 2019 + Monitoring v2020 after, 1deg (PSL)"
comayagua,2022,5,172.99,14.5,272.5,"GPCC Full v2020 to 2019 + Monitoring v2020 after, 1deg (PSL)"
comayagua,2022,6,181.87,14.5,272.5,"GPCC Full v2020 to 2019 + Monitoring v2020 after, 1deg (PSL)"
comayagua,2022,7,134.66,14.5,272.5,"GPCC Full v2020 to 2019 + Monitoring v2020 after, 1deg (PSL)"
comayagua,2022,8,210.38,14.5,272.5,"GPCC Full v2020 to 2019 + Monitoring v2020 after, 1deg (PSL)"
comayagua,2022,9,361.68,14.5,272.5,"GPCC Full v2020 to 2019 + Monitoring v2020 after, 1deg (PSL)"
comayagua,2022,10,120.44,14.5,272.5,"GPCC Full v2020 to 2019 + Monitoring v2020 after, 1deg (PSL)"
comayagua,2022,11,57.68,14.5,272.5,"GPCC Full v2020 to 2019 + Monitoring v2020 after, 1deg (PSL)"
comayagua,2022,12,18.24,14.5,272.5,"GPCC Full v2020 to 2019 + Monitoring v2020 after, 1deg (PSL)"
comayagua,2023,1,20.73,14.5,272.5,"GPCC Full v2020 to 2019 + Monitoring v2020 after, 1deg (PSL)"
comayagua,2023,2,11.1,14.5,272.5,"GPCC Full v2020 to 2019 + Monitoring v2020 after, 1deg (PSL)"
comayagua,2023,3,41.12,14.5,272.5,"GPCC Full v2020 to 2019 + Monitoring v2020 after, 1deg (PSL)"
comayagua,2023,4,21.06,14.5,272.5,"GPCC Full v2020 to 2019 + Monitoring v2020 after, 1deg (PSL)"
comayagua,2023,5,108.88,14.5,272.5,"GPCC Full v2020 to 2019 + Monitoring v2020 after, 1deg (PSL)"
comayagua,2023,6,157.19,14.5,272.5,"GPCC Full v2020 to 2019 + Monitoring v2020 after, 1deg (PSL)"
comayagua,2023,7,125.08,14.5,272.5,"GPCC Full v2020 to 2019 + Monitoring v2020 after, 1deg (PSL)"
comayagua,2023,8,135.75,14.5,272.5,"GPCC Full v2020 to 2019 + Monitoring v2020 after, 1deg (PSL)"
comayagua,2023,9,163.92,14.5,272.5,"GPCC Full v2020 to 2019 + Monitoring v2020 after, 1deg (PSL)"
comayagua,2023,10,196.96,14.5,272.5,"GPCC Full v2020 to 2019 + Monitoring v2020 after, 1deg (PSL)"
comayagua,2023,11,126.91,14.5,272.5,"GPCC Full v2020 to 2019 + Monitoring v2020 after, 1deg (PSL)"
comayagua,2023,12,38.25,14.5,272.5,"GPCC Full v2020 to 2019 + Monitoring v2020 after, 1deg (PSL)"
comayagua,2024,1,15.79,14.5,272.5,"GPCC Full v2020 to 2019 + Monitoring v2020 after, 1deg (PSL)"
comayagua,2024,2,6.69,14.5,272.5,"GPCC Full v2020 to 2019 + Monitoring v2020 after, 1deg (PSL)"
comayagua,2024,3,7.15,14.5,272.5,"GPCC Full v2020 to 2019 + Monitoring v2020 after, 1deg (PSL)"
comayagua,2024,4,44.72,14.5,272.5,"GPCC Full v2020 to 2019 + Monitoring v2020 after, 1deg (PSL)"
comayagua,2024,5,44.12,14.5,272.5,"GPCC Full v2020 to 2019 + Monitoring v2020 after, 1deg (PSL)"
comayagua,2024,6,241.09,14.5,272.5,"GPCC Full v2020 to 2019 + Monitoring v2020 after, 1deg (PSL)"
comayagua,2024,7,181.96,14.5,272.5,"GPCC Full v2020 to 2019 + Monitoring v2020 after, 1deg (PSL)"
comayagua,2024,8,121.01,14.5,272.5,"GPCC Full v2020 to 2019 + Monitoring v2020 after, 1deg (PSL)"
comayagua,2024,9,243.39,14.5,272.5,"GPCC Full v2020 to 2019 + Monitoring v2020 after, 1deg (PSL)"
comayagua,2024,10,124.27,14.5,272.5,"GPCC Full v2020 to 2019 + Monitoring v2020 after, 1deg (PSL)"
comayagua,2024,11,233.98,14.5,272.5,"GPCC Full v2020 to 2019 + Monitoring v2020 after, 1deg (PSL)"
comayagua,2024,12,74.26,14.5,272.5,"GPCC Full v2020 to 2019 + Monitoring v2020 after, 1deg (PSL)"
comayagua,2025,1,56.15,14.5,272.5,"GPCC Full v2020 to 2019 + Monitoring v2020 after, 1deg (PSL)"
comayagua,2025,2,11.17,14.5,272.5,"GPCC Full v2020 to 2019 + Monitoring v2020 after, 1deg (PSL)"
comayagua,2025,3,13.92,14.5,272.5,"GPCC Full v2020 to 2019 + Monitoring v2020 after, 1deg (PSL)"
comayagua,2025,4,36.24,14.5,272.5,"GPCC Full v2020 to 2019 + Monitoring v2020 after, 1deg (PSL)"
comayagua,2025,5,75.75,14.5,272.5,"GPCC Full v2020 to 2019 + Monitoring v2020 after, 1deg (PSL)"
comayagua,2025,6,284.67,14.5,272.5,"GPCC Full v2020 to 2019 + Monitoring v2020 after, 1deg (PSL)"
comayagua,2025,7,115.27,14.5,272.5,"GPCC Full v2020 to 2019 + Monitoring v2020 after, 1deg (PSL)"
comayagua,2025,8,129.24,14.5,272.5,"GPCC Full v2020 to 2019 + Monitoring v2020 after, 1deg (PSL)"
comayagua,2025,9,265.98,14.5,272.5,"GPCC Full v2020 to 2019 + Monitoring v2020 after, 1deg (PSL)"
comayagua,2025,10,239.17,14.5,272.5,"GPCC Full v2020 to 2019 + Monitoring v2020 after, 1deg (PSL)"
comayagua,2025,11,67.55,14.5,272.5,"GPCC Full v2020 to 2019 + Monitoring v2020 after, 1deg (PSL)"
comayagua,2025,12,38.99,14.5,272.5,"GPCC Full v2020 to 2019 + Monitoring v2020 after, 1deg (PSL)"
comayagua,2026,1,75.72,14.5,272.5,GPCC First Guess Monthly 1deg (PSL)
comayagua,2026,2,17.3,14.5,272.5,GPCC First Guess Monthly 1deg (PSL)
comayagua,2026,3,28.34,14.5,272.5,GPCC First Guess Monthly 1deg (PSL)
comayagua,2026,4,43.69,14.5,272.5,GPCC First Guess Monthly 1deg (PSL)
comayagua,2026,5,86.6,14.5,272.5,GPCC First Guess Monthly 1deg (PSL)
comayagua,2026,6,113.14,14.5,272.5,GPCC First Guess Monthly 1deg (PSL)
comayagua,2026,7,108.72,14.5,272.5,GPCC First Guess Monthly 1deg (PSL)
comayagua,2026,8,52.96,14.5,272.5,GPCC First Guess Monthly 1deg (PSL)
ocotepeque,1981,1,6.64,14.5,270.5,"GPCC Full v2020 to 2019 + Monitoring v2020 after, 1deg (PSL)"
ocotepeque,1981,2,12.3,14.5,270.5,"GPCC Full v2020 to 2019 + Monitoring v2020 after, 1deg (PSL)"
ocotepeque,1981,3,4.69,14.5,270.5,"GPCC Full v2020 to 2019 + Monitoring v2020 after, 1deg (PSL)"
ocotepeque,1981,4,6.65,14.5,270.5,"GPCC Full v2020 to 2019 + Monitoring v2020 after, 1deg (PSL)"
ocotepeque,1981,5,102.39,14.5,270.5,"GPCC Full v2020 to 2019 + Monitoring v2020 after, 1deg (PSL)"
ocotepeque,1981,6,297.08,14.5,270.5,"GPCC Full v2020 to 2019 + Monitoring v2020 after, 1deg (PSL)"
ocotepeque,1981,7,252.82,14.5,270.5,"GPCC Full v2020 to 2019 + Monitoring v2020 after, 1deg (PSL)"
ocotepeque,1981,8,195.68,14.5,270.5,"GPCC Full v2020 to 2019 + Monitoring v2020 after, 1deg (PSL)"
ocotepeque,1981,9,256.85,14.5,270.5,"GPCC Full v2020 to 2019 + Monitoring v2020 after, 1deg (PSL)"
ocotepeque,1981,10,253.27,14.5,270.5,"GPCC Full v2020 to 2019 + Monitoring v2020 after, 1deg (PSL)"
ocotepeque,1981,11,4.41,14.5,270.5,"GPCC Full v2020 to 2019 + Monitoring v2020 after, 1deg (PSL)"
ocotepeque,1981,12,21.93,14.5,270.5,"GPCC Full v2020 to 2019 + Monitoring v2020 after, 1deg (PSL)"
ocotepeque,1982,1,8.19,14.5,270.5,"GPCC Full v2020 to 2019 + Monitoring v2020 after, 1deg (PSL)"
ocotepeque,1982,2,8.79,14.5,270.5,"GPCC Full v2020 to 2019 + Monitoring v2020 after, 1deg (PSL)"
ocotepeque,1982,3,4.29,14.5,270.5,"GPCC Full v2020 to 2019 + Monitoring v2020 after, 1deg (PSL)"
ocotepeque,1982,4,25.96,14.5,270.5,"GPCC Full v2020 to 2019 + Monitoring v2020 after, 1deg (PSL)"
ocotepeque,1982,5,143.58,14.5,270.5,"GPCC Full v2020 to 2019 + Monitoring v2020 after, 1deg (PSL)"
ocotepeque,1982,6,223.53,14.5,270.5,"GPCC Full v2020 to 2019 + Monitoring v2020 after, 1deg (PSL)"
ocotepeque,1982,7,130.07,14.5,270.5,"GPCC Full v2020 to 2019 + Monitoring v2020 after, 1deg (PSL)"
ocotepeque,1982,8,35.54,14.5,270.5,"GPCC Full v2020 to 2019 + Monitoring v2020 after, 1deg (PSL)"
ocotepeque,1982,9,356.74,14.5,270.5,"GPCC Full v2020 to 2019 + Monitoring v2020 after, 1deg (PSL)"
ocotepeque,1982,10,129.76,14.5,270.5,"GPCC Full v2020 to 2019 + Monitoring v2020 after, 1deg (PSL)"
ocotepeque,1982,11,23.09,14.5,270.5,"GPCC Full v2020 to 2019 + Monitoring v2020 after, 1deg (PSL)"
ocotepeque,1982,12,11.05,14.5,270.5,"GPCC Full v2020 to 2019 + Monitoring v2020 after, 1deg (PSL)"
ocotepeque,1983,1,7.48,14.5,270.5,"GPCC Full v2020 to 2019 + Monitoring v2020 after, 1deg (PSL)"
ocotepeque,1983,2,15.15,14.5,270.5,"GPCC Full v2020 to 2019 + Monitoring v2020 after, 1deg (PSL)"
ocotepeque,1983,3,26.83,14.5,270.5,"GPCC Full v2020 to 2019 + Monitoring v2020 after, 1deg (PSL)"
ocotepeque,1983,4,21.28,14.5,270.5,"GPCC Full v2020 to 2019 + Monitoring v2020 after, 1deg (PSL)"
ocotepeque,1983,5,78.91,14.5,270.5,"GPCC Full v2020 to 2019 + Monitoring v2020 after, 1deg (PSL)"
ocotepeque,1983,6,262.69,14.5,270.5,"GPCC Full v2020 to 2019 + Monitoring v2020 after, 1deg (PSL)"
ocotepeque,1983,7,155.8,14.5,270.5,"GPCC Full v2020 to 2019 + Monitoring v2020 after, 1deg (PSL)"
ocotepeque,1983,8,220.74,14.5,270.5,"GPCC Full v2020 to 2019 + Monitoring v2020 after, 1deg (PSL)"
ocotepeque,1983,9,192.35,14.5,270.5,"GPCC Full v2020 to 2019 + Monitoring v2020 after, 1deg (PSL)"
ocotepeque,1983,10,108.6,14.5,270.5,"GPCC Full v2020 to 2019 + Monitoring v2020 after, 1deg (PSL)"
ocotepeque,1983,11,78.99,14.5,270.5,"GPCC Full v2020 to 2019 + Monitoring v2020 after, 1deg (PSL)"
ocotepeque,1983,12,18.67,14.5,270.5,"GPCC Full v2020 to 2019 + Monitoring v2020 after, 1deg (PSL)"
ocotepeque,1984,1,6.24,14.5,270.5,"GPCC Full v2020 to 2019 + Monitoring v2020 after, 1deg (PSL)"
ocotepeque,1984,2,10.64,14.5,270.5,"GPCC Full v2020 to 2019 + Monitoring v2020 after, 1deg (PSL)"
ocotepeque,1984,3,5.69,14.5,270.5,"GPCC Full v2020 to 2019 + Monitoring v2020 after, 1deg (PSL)"
ocotepeque,1984,4,18.12,14.5,270.5,"GPCC Full v2020 to 2019 + Monitoring v2020 after, 1deg (PSL)"
ocotepeque,1984,5,229.64,14.5,270.5,"GPCC Full v2020 to 2019 + Monitoring v2020 after, 1deg (PSL)"
ocotepeque,1984,6,276.65,14.5,270.5,"GPCC Full v2020 to 2019 + Monitoring v2020 after, 1deg (PSL)"
ocotepeque,1984,7,274.57,14.5,270.5,"GPCC Full v2020 to 2019 + Monitoring v2020 after, 1deg (PSL)"
ocotepeque,1984,8,228.03,14.5,270.5,"GPCC Full v2020 to 2019 + Monitoring v2020 after, 1deg (PSL)"
ocotepeque,1984,9,271.09,14.5,270.5,"GPCC Full v2020 to 2019 + Monitoring v2020 after, 1deg (PSL)"
ocotepeque,1984,10,87.64,14.5,270.5,"GPCC Full v2020 to 2019 + Monitoring v2020 after, 1deg (PSL)"
ocotepeque,1984,11,6.09,14.5,270.5,"GPCC Full v2020 to 2019 + Monitoring v2020 after, 1deg (PSL)"
ocotepeque,1984,12,6.87,14.5,270.5,"GPCC Full v2020 to 2019 + Monitoring v2020 after, 1deg (PSL)"
ocotepeque,1985,1,6.08,14.5,270.5,"GPCC Full v2020 to 2019 + Monitoring v2020 after, 1deg (PSL)"
ocotepeque,1985,2,6.5,14.5,270.5,"GPCC Full v2020 to 2019 + Monitoring v2020 after, 1deg (PSL)"
ocotepeque,1985,3,4.78,14.5,270.5,"GPCC Full v2020 to 2019 + Monitoring v2020 after, 1deg (PSL)"
ocotepeque,1985,4,23.2,14.5,270.5,"GPCC Full v2020 to 2019 + Monitoring v2020 after, 1deg (PSL)"
ocotepeque,1985,5,54.17,14.5,270.5,"GPCC Full v2020 to 2019 + Monitoring v2020 after, 1deg (PSL)"
ocotepeque,1985,6,202.67,14.5,270.5,"GPCC Full v2020 to 2019 + Monitoring v2020 after, 1deg (PSL)"
ocotepeque,1985,7,243.74,14.5,270.5,"GPCC Full v2020 to 2019 + Monitoring v2020 after, 1deg (PSL)"
ocotepeque,1985,8,195.18,14.5,270.5,"GPCC Full v2020 to 2019 + Monitoring v2020 after, 1deg (PSL)"
ocotepeque,1985,9,206.99,14.5,270.5,"GPCC Full v2020 to 2019 + Monitoring v2020 after, 1deg (PSL)"
ocotepeque,1985,10,125.9,14.5,270.5,"GPCC Full v2020 to 2019 + Monitoring v2020 after, 1deg (PSL)"
ocotepeque,1985,11,54.93,14.5,270.5,"GPCC Full v2020 to 2019 + Monitoring v2020 after, 1deg (PSL)"
ocotepeque,1985,12,11.62,14.5,270.5,"GPCC Full v2020 to 2019 + Monitoring v2020 after, 1deg (PSL)"
ocotepeque,1986,1,9.16,14.5,270.5,"GPCC Full v2020 to 2019 + Monitoring v2020 after, 1deg (PSL)"
ocotepeque,1986,2,2.11,14.5,270.5,"GPCC Full v2020 to 2019 + Monitoring v2020 after, 1deg (PSL)"
ocotepeque,1986,3,2.5,14.5,270.5,"GPCC Full v2020 to 2019 + Monitoring v2020 after, 1deg (PSL)"
ocotepeque,1986,4,5.85,14.5,270.5,"GPCC Full v2020 to 2019 + Monitoring v2020 after, 1deg (PSL)"
ocotepeque,1986,5,147.26,14.5,270.5,"GPCC Full v2020 to 2019 + Monitoring v2020 after, 1deg (PSL)"
ocotepeque,1986,6,163.03,14.5,270.5,"GPCC Full v2020 to 2019 + Monitoring v2020 after, 1deg (PSL)"
ocotepeque,1986,7,151.09,14.5,270.5,"GPCC Full v2020 to 2019 + Monitoring v2020 after, 1deg (PSL)"
ocotepeque,1986,8,168.48,14.5,270.5,"GPCC Full v2020 to 2019 + Monitoring v2020 after, 1deg (PSL)"
ocotepeque,1986,9,166.49,14.5,270.5,"GPCC Full v2020 to 2019 + Monitoring v2020 after, 1deg (PSL)"
ocotepeque,1986,10,94.53,14.5,270.5,"GPCC Full v2020 to 2019 + Monitoring v2020 after, 1deg (PSL)"
ocotepeque,1986,11,11.1,14.5,270.5,"GPCC Full v2020 to 2019 + Monitoring v2020 after, 1deg (PSL)"
ocotepeque,1986,12,5.22,14.5,270.5,"GPCC Full v2020 to 2019 + Monitoring v2020 after, 1deg (PSL)"
ocotepeque,1987,1,4.19,14.5,270.5,"GPCC Full v2020 to 2019 + Monitoring v2020 after, 1deg (PSL)"
ocotepeque,1987,2,1.83,14.5,270.5,"GPCC Full v2020 to 2019 + Monitoring v2020 after, 1deg (PSL)"
ocotepeque,1987,3,26.8,14.5,270.5,"GPCC Full v2020 to 2019 + Monitoring v2020 after, 1deg (PSL)"
ocotepeque,1987,4,35.7,14.5,270.5,"GPCC Full v2020 to 2019 + Monitoring v2020 after, 1deg (PSL)"
ocotepeque,1987,5,13.92,14.5,270.5,"GPCC Full v2020 to 2019 + Monitoring v2020 after, 1deg (PSL)"
ocotepeque,1987,6,326.98,14.5,270.5,"GPCC Full v2020 to 2019 + Monitoring v2020 after, 1deg (PSL)"
ocotepeque,1987,7,292.23,14.5,270.5,"GPCC Full v2020 to 2019 + Monitoring v2020 after, 1deg (PSL)"
ocotepeque,1987,8,146.4,14.5,270.5,"GPCC Full v2020 to 2019 + Monitoring v2020 after, 1deg (PSL)"
ocotepeque,1987,9,170.26,14.5,270.5,"GPCC Full v2020 to 2019 + Monitoring v2020 after, 1deg (PSL)"
ocotepeque,1987,10,13.34,14.5,270.5,"GPCC Full v2020 to 2019 + Monitoring v2020 after, 1deg (PSL)"
ocotepeque,1987,11,7.05,14.5,270.5,"GPCC Full v2020 to 2019 + Monitoring v2020 after, 1deg (PSL)"
ocotepeque,1987,12,14.07,14.5,270.5,"GPCC Full v2020 to 2019 + Monitoring v2020 after, 1deg (PSL)"
ocotepeque,1988,1,11.36,14.5,270.5,"GPCC Full v2020 to 2019 + Monitoring v2020 after, 1deg (PSL)"
ocotepeque,1988,2,6.01,14.5,270.5,"GPCC Full v2020 to 2019 + Monitoring v2020 after, 1deg (PSL)"
ocotepeque,1988,3,5.17,14.5,270.5,"GPCC Full v2020 to 2019 + Monitoring v2020 after, 1deg (PSL)"
ocotepeque,1988,4,32.55,14.5,270.5,"GPCC Full v2020 to 2019 + Monitoring v2020 after, 1deg (PSL)"
ocotepeque,1988,5,70.0,14.5,270.5,"GPCC Full v2020 to 2019 + Monitoring v2020 after, 1deg (PSL)"
ocotepeque,1988,6,313.59,14.5,270.5,"GPCC Full v2020 to 2019 + Monitoring v2020 after, 1deg (PSL)"
ocotepeque,1988,7,215.0,14.5,270.5,"GPCC Full v2020 to 2019 + Monitoring v2020 after, 1deg (PSL)"
ocotepeque,1988,8,309.6,14.5,270.5,"GPCC Full v2020 to 2019 + Monitoring v2020 after, 1deg (PSL)"
ocotepeque,1988,9,244.88,14.5,270.5,"GPCC Full v2020 to 2019 + Monitoring v2020 after, 1deg (PSL)"
ocotepeque,1988,10,114.11,14.5,270.5,"GPCC Full v2020 to 2019 + Monitoring v2020 after, 1deg (PSL)"
ocotepeque,1988,11,15.21,14.5,270.5,"GPCC Full v2020 to 2019 + Monitoring v2020 after, 1deg (PSL)"
ocotepeque,1988,12,11.05,14.5,270.5,"GPCC Full v2020 to 2019 + Monitoring v2020 after, 1deg (PSL)"
ocotepeque,1989,1,8.33,14.5,270.5,"GPCC Full v2020 to 2019 + Monitoring v2020 after, 1deg (PSL)"
ocotepeque,1989,2,7.34,14.5,270.5,"GPCC Full v2020 to 2019 + Monitoring v2020 after, 1deg (PSL)"
ocotepeque,1989,3,8.32,14.5,270.5,"GPCC Full v2020 to 2019 + Monitoring v2020 after, 1deg (PSL)"
ocotepeque,1989,4,71.01,14.5,270.5,"GPCC Full v2020 to 2019 + Monitoring v2020 after, 1deg (PSL)"
ocotepeque,1989,5,99.2,14.5,270.5,"GPCC Full v2020 to 2019 + Monitoring v2020 after, 1deg (PSL)"
ocotepeque,1989,6,244.38,14.5,270.5,"GPCC Full v2020 to 2019 + Monitoring v2020 after, 1deg (PSL)"
ocotepeque,1989,7,190.12,14.5,270.5,"GPCC Full v2020 to 2019 + Monitoring v2020 after, 1deg (PSL)"
ocotepeque,1989,8,241.06,14.5,270.5,"GPCC Full v2020 to 2019 + Monitoring v2020 after, 1deg (PSL)"
ocotepeque,1989,9,304.11,14.5,270.5,"GPCC Full v2020 to 2019 + Monitoring v2020 after, 1deg (PSL)"
ocotepeque,1989,10,133.68,14.5,270.5,"GPCC Full v2020 to 2019 + Monitoring v2020 after, 1deg (PSL)"
ocotepeque,1989,11,37.08,14.5,270.5,"GPCC Full v2020 to 2019 + Monitoring v2020 after, 1deg (PSL)"
ocotepeque,1989,12,14.13,14.5,270.5,"GPCC Full v2020 to 2019 + Monitoring v2020 after, 1deg (PSL)"
ocotepeque,1990,1,12.51,14.5,270.5,"GPCC Full v2020 to 2019 + Monitoring v2020 after, 1deg (PSL)"
ocotepeque,1990,2,14.9,14.5,270.5,"GPCC Full v2020 to 2019 + Monitoring v2020 after, 1deg (PSL)"
ocotepeque,1990,3,4.49,14.5,270.5,"GPCC Full v2020 to 2019 + Monitoring v2020 after, 1deg (PSL)"
ocotepeque,1990,4,34.26,14.5,270.5,"GPCC Full v2020 to 2019 + Monitoring v2020 after, 1deg (PSL)"
ocotepeque,1990,5,192.17,14.5,270.5,"GPCC Full v2020 to 2019 + Monitoring v2020 after, 1deg (PSL)"
ocotepeque,1990,6,209.32,14.5,270.5,"GPCC Full v2020 to 2019 + Monitoring v2020 after, 1deg (PSL)"
ocotepeque,1990,7,176.74,14.5,270.5,"GPCC Full v2020 to 2019 + Monitoring v2020 after, 1deg (PSL)"
ocotepeque,1990,8,145.82,14.5,270.5,"GPCC Full v2020 to 2019 + Monitoring v2020 after, 1deg (PSL)"
ocotepeque,1990,9,280.33,14.5,270.5,"GPCC Full v2020 to 2019 + Monitoring v2020 after, 1deg (PSL)"
ocotepeque,1990,10,76.14,14.5,270.5,"GPCC Full v2020 to 2019 + Monitoring v2020 after, 1deg (PSL)"
ocotepeque,1990,11,63.2,14.5,270.5,"GPCC Full v2020 to 2019 + Monitoring v2020 after, 1deg (PSL)"
ocotepeque,1990,12,13.78,14.5,270.5,"GPCC Full v2020 to 2019 + Monitoring v2020 after, 1deg (PSL)"
ocotepeque,1991,1,9.1,14.5,270.5,"GPCC Full v2020 to 2019 + Monitoring v2020 after, 1deg (PSL)"
ocotepeque,1991,2,7.41,14.5,270.5,"GPCC Full v2020 to 2019 + Monitoring v2020 after, 1deg (PSL)"
ocotepeque,1991,3,1.45,14.5,270.5,"GPCC Full v2020 to 2019 + Monitoring v2020 after, 1deg (PSL)"
ocotepeque,1991,4,22.1,14.5,270.5,"GPCC Full v2020 to 2019 + Monitoring v2020 after, 1deg (PSL)"
ocotepeque,1991,5,135.43,14.5,270.5,"GPCC Full v2020 to 2019 + Monitoring v2020 after, 1deg (PSL)"
ocotepeque,1991,6,218.18,14.5,270.5,"GPCC Full v2020 to 2019 + Monitoring v2020 after, 1deg (PSL)"
ocotepeque,1991,7,135.08,14.5,270.5,"GPCC Full v2020 to 2019 + Monitoring v2020 after, 1deg (PSL)"
ocotepeque,1991,8,146.28,14.5,270.5,"GPCC Full v2020 to 2019 + Monitoring v2020 after, 1deg (PSL)"
ocotepeque,1991,9,177.44,14.5,270.5,"GPCC Full v2020 to 2019 + Monitoring v2020 after, 1deg (PSL)"
ocotepeque,1991,10,171.48,14.5,270.5,"GPCC Full v2020 to 2019 + Monitoring v2020 after, 1deg (PSL)"
ocotepeque,1991,11,20.05,14.5,270.5,"GPCC Full v2020 to 2019 + Monitoring v2020 after, 1deg (PSL)"
ocotepeque,1991,12,70.61,14.5,270.5,"GPCC Full v2020 to 2019 + Monitoring v2020 after, 1deg (PSL)"
ocotepeque,1992,1,7.13,14.5,270.5,"GPCC Full v2020 to 2019 + Monitoring v2020 after, 1deg (PSL)"
ocotepeque,1992,2,0.98,14.5,270.5,"GPCC Full v2020 to 2019 + Monitoring v2020 after, 1deg (PSL)"
ocotepeque,1992,3,6.61,14.5,270.5,"GPCC Full v2020 to 2019 + Monitoring v2020 after, 1deg (PSL)"
ocotepeque,1992,4,48.45,14.5,270.5,"GPCC Full v2020 to 2019 + Monitoring v2020 after, 1deg (PSL)"
ocotepeque,1992,5,41.63,14.5,270.5,"GPCC Full v2020 to 2019 + Monitoring v2020 after, 1deg (PSL)"
ocotepeque,1992,6,316.59,14.5,270.5,"GPCC Full v2020 to 2019 + Monitoring v2020 after, 1deg (PSL)"
ocotepeque,1992,7,200.09,14.5,270.5,"GPCC Full v2020 to 2019 + Monitoring v2020 after, 1deg (PSL)"
ocotepeque,1992,8,224.44,14.5,270.5,"GPCC Full v2020 to 2019 + Monitoring v2020 after, 1deg (PSL)"
ocotepeque,1992,9,207.27,14.5,270.5,"GPCC Full v2020 to 2019 + Monitoring v2020 after, 1deg (PSL)"
ocotepeque,1992,10,100.53,14.5,270.5,"GPCC Full v2020 to 2019 + Monitoring v2020 after, 1deg (PSL)"
ocotepeque,1992,11,30.25,14.5,270.5,"GPCC Full v2020 to 2019 + Monitoring v2020 after, 1deg (PSL)"
ocotepeque,1992,12,21.85,14.5,270.5,"GPCC Full v2020 to 2019 + Monitoring v2020 after, 1deg (PSL)"
ocotepeque,1993,1,3.25,14.5,270.5,"GPCC Full v2020 to 2019 + Monitoring v2020 after, 1deg (PSL)"
ocotepeque,1993,2,1.57,14.5,270.5,"GPCC Full v2020 to 2019 + Monitoring v2020 after, 1deg (PSL)"
ocotepeque,1993,3,14.44,14.5,270.5,"GPCC Full v2020 to 2019 + Monitoring v2020 after, 1deg (PSL)"
ocotepeque,1993,4,26.27,14.5,270.5,"GPCC Full v2020 to 2019 + Monitoring v2020 after, 1deg (PSL)"
ocotepeque,1993,5,111.52,14.5,270.5,"GPCC Full v2020 to 2019 + Monitoring v2020 after, 1deg (PSL)"
ocotepeque,1993,6,252.45,14.5,270.5,"GPCC Full v2020 to 2019 + Monitoring v2020 after, 1deg (PSL)"
ocotepeque,1993,7,147.7,14.5,270.5,"GPCC Full v2020 to 2019 + Monitoring v2020 after, 1deg (PSL)"
ocotepeque,1993,8,252.21,14.5,270.5,"GPCC Full v2020 to 2019 + Monitoring v2020 after, 1deg (PSL)"
ocotepeque,1993,9,243.78,14.5,270.5,"GPCC Full v2020 to 2019 + Monitoring v2020 after, 1deg (PSL)"
ocotepeque,1993,10,107.84,14.5,270.5,"GPCC Full v2020 to 2019 + Monitoring v2020 after, 1deg (PSL)"
ocotepeque,1993,11,9.93,14.5,270.5,"GPCC Full v2020 to 2019 + Monitoring v2020 after, 1deg (PSL)"
ocotepeque,1993,12,9.26,14.5,270.5,"GPCC Full v2020 to 2019 + Monitoring v2020 after, 1deg (PSL)"
ocotepeque,1994,1,8.37,14.5,270.5,"GPCC Full v2020 to 2019 + Monitoring v2020 after, 1deg (PSL)"
ocotepeque,1994,2,5.88,14.5,270.5,"GPCC Full v2020 to 2019 + Monitoring v2020 after, 1deg (PSL)"
ocotepeque,1994,3,6.1,14.5,270.5,"GPCC Full v2020 to 2019 + Monitoring v2020 after, 1deg (PSL)"
ocotepeque,1994,4,34.17,14.5,270.5,"GPCC Full v2020 to 2019 + Monitoring v2020 after, 1deg (PSL)"
ocotepeque,1994,5,109.48,14.5,270.5,"GPCC Full v2020 to 2019 + Monitoring v2020 after, 1deg (PSL)"
ocotepeque,1994,6,222.16,14.5,270.5,"GPCC Full v2020 to 2019 + Monitoring v2020 after, 1deg (PSL)"
ocotepeque,1994,7,75.89,14.5,270.5,"GPCC Full v2020 to 2019 + Monitoring v2020 after, 1deg (PSL)"
ocotepeque,1994,8,296.32,14.5,270.5,"GPCC Full v2020 to 2019 + Monitoring v2020 after, 1deg (PSL)"
ocotepeque,1994,9,177.21,14.5,270.5,"GPCC Full v2020 to 2019 + Monitoring v2020 after, 1deg (PSL)"
ocotepeque,1994,10,113.64,14.5,270.5,"GPCC Full v2020 to 2019 + Monitoring v2020 after, 1deg (PSL)"
ocotepeque,1994,11,26.34,14.5,270.5,"GPCC Full v2020 to 2019 + Monitoring v2020 after, 1deg (PSL)"
ocotepeque,1994,12,7.16,14.5,270.5,"GPCC Full v2020 to 2019 + Monitoring v2020 after, 1deg (PSL)"
ocotepeque,1995,1,2.47,14.5,270.5,"GPCC Full v2020 to 2019 + Monitoring v2020 after, 1deg (PSL)"
ocotepeque,1995,2,3.94,14.5,270.5,"GPCC Full v2020 to 2019 + Monitoring v2020 after, 1deg (PSL)"
ocotepeque,1995,3,2.47,14.5,270.5,"GPCC Full v2020 to 2019 + Monitoring v2020 after, 1deg (PSL)"
ocotepeque,1995,4,86.13,14.5,270.5,"GPCC Full v2020 to 2019 + Monitoring v2020 after, 1deg (PSL)"
ocotepeque,1995,5,86.25,14.5,270.5,"GPCC Full v2020 to 2019 + Monitoring v2020 after, 1deg (PSL)"
ocotepeque,1995,6,187.79,14.5,270.5,"GPCC Full v2020 to 2019 + Monitoring v2020 after, 1deg (PSL)"
ocotepeque,1995,7,261.9,14.5,270.5,"GPCC Full v2020 to 2019 + Monitoring v2020 after, 1deg (PSL)"
ocotepeque,1995,8,312.29,14.5,270.5,"GPCC Full v2020 to 2019 + Monitoring v2020 after, 1deg (PSL)"
ocotepeque,1995,9,348.6,14.5,270.5,"GPCC Full v2020 to 2019 + Monitoring v2020 after, 1deg (PSL)"
ocotepeque,1995,10,99.43,14.5,270.5,"GPCC Full v2020 to 2019 + Monitoring v2020 after, 1deg (PSL)"
ocotepeque,1995,11,19.13,14.5,270.5,"GPCC Full v2020 to 2019 + Monitoring v2020 after, 1deg (PSL)"
ocotepeque,1995,12,20.92,14.5,270.5,"GPCC Full v2020 to 2019 + Monitoring v2020 after, 1deg (PSL)"
ocotepeque,1996,1,3.47,14.5,270.5,"GPCC Full v2020 to 2019 + Monitoring v2020 after, 1deg (PSL)"
ocotepeque,1996,2,7.57,14.5,270.5,"GPCC Full v2020 to 2019 + Monitoring v2020 after, 1deg (PSL)"
ocotepeque,1996,3,1.29,14.5,270.5,"GPCC Full v2020 to 2019 + Monitoring v2020 after, 1deg (PSL)"
ocotepeque,1996,4,146.04,14.5,270.5,"GPCC Full v2020 to 2019 + Monitoring v2020 after, 1deg (PSL)"
ocotepeque,1996,5,158.74,14.5,270.5,"GPCC Full v2020 to 2019 + Monitoring v2020 after, 1deg (PSL)"
ocotepeque,1996,6,183.92,14.5,270.5,"GPCC Full v2020 to 2019 + Monitoring v2020 after, 1deg (PSL)"
ocotepeque,1996,7,302.78,14.5,270.5,"GPCC Full v2020 to 2019 + Monitoring v2020 after, 1deg (PSL)"
ocotepeque,1996,8,155.97,14.5,270.5,"GPCC Full v2020 to 2019 + Monitoring v2020 after, 1deg (PSL)"
ocotepeque,1996,9,321.97,14.5,270.5,"GPCC Full v2020 to 2019 + Monitoring v2020 after, 1deg (PSL)"
ocotepeque,1996,10,146.58,14.5,270.5,"GPCC Full v2020 to 2019 + Monitoring v2020 after, 1deg (PSL)"
ocotepeque,1996,11,60.65,14.5,270.5,"GPCC Full v2020 to 2019 + Monitoring v2020 after, 1deg (PSL)"
ocotepeque,1996,12,6.16,14.5,270.5,"GPCC Full v2020 to 2019 + Monitoring v2020 after, 1deg (PSL)"
ocotepeque,1997,1,10.13,14.5,270.5,"GPCC Full v2020 to 2019 + Monitoring v2020 after, 1deg (PSL)"
ocotepeque,1997,2,6.06,14.5,270.5,"GPCC Full v2020 to 2019 + Monitoring v2020 after, 1deg (PSL)"
ocotepeque,1997,3,24.53,14.5,270.5,"GPCC Full v2020 to 2019 + Monitoring v2020 after, 1deg (PSL)"
ocotepeque,1997,4,7.45,14.5,270.5,"GPCC Full v2020 to 2019 + Monitoring v2020 after, 1deg (PSL)"
ocotepeque,1997,5,81.34,14.5,270.5,"GPCC Full v2020 to 2019 + Monitoring v2020 after, 1deg (PSL)"
ocotepeque,1997,6,278.23,14.5,270.5,"GPCC Full v2020 to 2019 + Monitoring v2020 after, 1deg (PSL)"
ocotepeque,1997,7,157.44,14.5,270.5,"GPCC Full v2020 to 2019 + Monitoring v2020 after, 1deg (PSL)"
ocotepeque,1997,8,65.91,14.5,270.5,"GPCC Full v2020 to 2019 + Monitoring v2020 after, 1deg (PSL)"
ocotepeque,1997,9,238.24,14.5,270.5,"GPCC Full v2020 to 2019 + Monitoring v2020 after, 1deg (PSL)"
ocotepeque,1997,10,119.29,14.5,270.5,"GPCC Full v2020 to 2019 + Monitoring v2020 after, 1deg (PSL)"
ocotepeque,1997,11,47.61,14.5,270.5,"GPCC Full v2020 to 2019 + Monitoring v2020 after, 1deg (PSL)"
ocotepeque,1997,12,6.12,14.5,270.5,"GPCC Full v2020 to 2019 + Monitoring v2020 after, 1deg (PSL)"
ocotepeque,1998,1,3.97,14.5,270.5,"GPCC Full v2020 to 2019 + Monitoring v2020 after, 1deg (PSL)"
ocotepeque,1998,2,0.83,14.5,270.5,"GPCC Full v2020 to 2019 + Monitoring v2020 after, 1deg (PSL)"
ocotepeque,1998,3,9.02,14.5,270.5,"GPCC Full v2020 to 2019 + Monitoring v2020 after, 1deg (PSL)"
ocotepeque,1998,4,8.3,14.5,270.5,"GPCC Full v2020 to 2019 + Monitoring v2020 after, 1deg (PSL)"
ocotepeque,1998,5,83.82,14.5,270.5,"GPCC Full v2020 to 2019 + Monitoring v2020 after, 1deg (PSL)"
ocotepeque,1998,6,205.79,14.5,270.5,"GPCC Full v2020 to 2019 + Monitoring v2020 after, 1deg (PSL)"
ocotepeque,1998,7,190.83,14.5,270.5,"GPCC Full v2020 to 2019 + Monitoring v2020 after, 1deg (PSL)"
ocotepeque,1998,8,205.87,14.5,270.5,"GPCC Full v2020 to 2019 + Monitoring v2020 after, 1deg (PSL)"
ocotepeque,1998,9,143.64,14.5,270.5,"GPCC Full v2020 to 2019 + Monitoring v2020 after, 1deg (PSL)"
ocotepeque,1998,10,278.2,14.5,270.5,"GPCC Full v2020 to 2019 + Monitoring v2020 after, 1deg (PSL)"
ocotepeque,1998,11,150.44,14.5,270.5,"GPCC Full v2020 to 2019 + Monitoring v2020 after, 1deg (PSL)"
ocotepeque,1998,12,11.25,14.5,270.5,"GPCC Full v2020 to 2019 + Monitoring v2020 after, 1deg (PSL)"
ocotepeque,1999,1,5.33,14.5,270.5,"GPCC Full v2020 to 2019 + Monitoring v2020 after, 1deg (PSL)"
ocotepeque,1999,2,18.42,14.5,270.5,"GPCC Full v2020 to 2019 + Monitoring v2020 after, 1deg (PSL)"
ocotepeque,1999,3,6.29,14.5,270.5,"GPCC Full v2020 to 2019 + Monitoring v2020 after, 1deg (PSL)"
ocotepeque,1999,4,14.7,14.5,270.5,"GPCC Full v2020 to 2019 + Monitoring v2020 after, 1deg (PSL)"
ocotepeque,1999,5,71.21,14.5,270.5,"GPCC Full v2020 to 2019 + Monitoring v2020 after, 1deg (PSL)"
ocotepeque,1999,6,260.01,14.5,270.5,"GPCC Full v2020 to 2019 + Monitoring v2020 after, 1deg (PSL)"
ocotepeque,1999,7,184.51,14.5,270.5,"GPCC Full v2020 to 2019 + Monitoring v2020 after, 1deg (PSL)"
ocotepeque,1999,8,260.75,14.5,270.5,"GPCC Full v2020 to 2019 + Monitoring v2020 after, 1deg (PSL)"
ocotepeque,1999,9,314.31,14.5,270.5,"GPCC Full v2020 to 2019 + Monitoring v2020 after, 1deg (PSL)"
ocotepeque,1999,10,213.71,14.5,270.5,"GPCC Full v2020 to 2019 + Monitoring v2020 after, 1deg (PSL)"
ocotepeque,1999,11,7.75,14.5,270.5,"GPCC Full v2020 to 2019 + Monitoring v2020 after, 1deg (PSL)"
ocotepeque,1999,12,15.48,14.5,270.5,"GPCC Full v2020 to 2019 + Monitoring v2020 after, 1deg (PSL)"
ocotepeque,2000,1,10.14,14.5,270.5,"GPCC Full v2020 to 2019 + Monitoring v2020 after, 1deg (PSL)"
ocotepeque,2000,2,4.16,14.5,270.5,"GPCC Full v2020 to 2019 + Monitoring v2020 after, 1deg (PSL)"
ocotepeque,2000,3,6.88,14.5,270.5,"GPCC Full v2020 to 2019 + Monitoring v2020 after, 1deg (PSL)"
ocotepeque,2000,4,14.48,14.5,270.5,"GPCC Full v2020 to 2019 + Monitoring v2020 after, 1deg (PSL)"
ocotepeque,2000,5,283.89,14.5,270.5,"GPCC Full v2020 to 2019 + Monitoring v2020 after, 1deg (PSL)"
ocotepeque,2000,6,258.39,14.5,270.5,"GPCC Full v2020 to 2019 + Monitoring v2020 after, 1deg (PSL)"
ocotepeque,2000,7,112.59,14.5,270.5,"GPCC Full v2020 to 2019 + Monitoring v2020 after, 1deg (PSL)"
ocotepeque,2000,8,191.62,14.5,270.5,"GPCC Full v2020 to 2019 + Monitoring v2020 after, 1deg (PSL)"
ocotepeque,2000,9,225.05,14.5,270.5,"GPCC Full v2020 to 2019 + Monitoring v2020 after, 1deg (PSL)"
ocotepeque,2000,10,67.69,14.5,270.5,"GPCC Full v2020 to 2019 + Monitoring v2020 after, 1deg (PSL)"
ocotepeque,2000,11,10.13,14.5,270.5,"GPCC Full v2020 to 2019 + Monitoring v2020 after, 1deg (PSL)"
ocotepeque,2000,12,9.7,14.5,270.5,"GPCC Full v2020 to 2019 + Monitoring v2020 after, 1deg (PSL)"
ocotepeque,2001,1,5.01,14.5,270.5,"GPCC Full v2020 to 2019 + Monitoring v2020 after, 1deg (PSL)"
ocotepeque,2001,2,7.32,14.5,270.5,"GPCC Full v2020 to 2019 + Monitoring v2020 after, 1deg (PSL)"
ocotepeque,2001,3,6.55,14.5,270.5,"GPCC Full v2020 to 2019 + Monitoring v2020 after, 1deg (PSL)"
ocotepeque,2001,4,17.11,14.5,270.5,"GPCC Full v2020 to 2019 + Monitoring v2020 after, 1deg (PSL)"
ocotepeque,2001,5,148.69,14.5,270.5,"GPCC Full v2020 to 2019 + Monitoring v2020 after, 1deg (PSL)"
ocotepeque,2001,6,92.0,14.5,270.5,"GPCC Full v2020 to 2019 + Monitoring v2020 after, 1deg (PSL)"
ocotepeque,2001,7,232.25,14.5,270.5,"GPCC Full v2020 to 2019 + Monitoring v2020 after, 1deg (PSL)"
ocotepeque,2001,8,175.4,14.5,270.5,"GPCC Full v2020 to 2019 + Monitoring v2020 after, 1deg (PSL)"
ocotepeque,2001,9,269.29,14.5,270.5,"GPCC Full v2020 to 2019 + Monitoring v2020 after, 1deg (PSL)"
ocotepeque,2001,10,96.05,14.5,270.5,"GPCC Full v2020 to 2019 + Monitoring v2020 after, 1deg (PSL)"
ocotepeque,2001,11,17.16,14.5,270.5,"GPCC Full v2020 to 2019 + Monitoring v2020 after, 1deg (PSL)"
ocotepeque,2001,12,8.99,14.5,270.5,"GPCC Full v2020 to 2019 + Monitoring v2020 after, 1deg (PSL)"
ocotepeque,2002,1,4.17,14.5,270.5,"GPCC Full v2020 to 2019 + Monitoring v2020 after, 1deg (PSL)"
ocotepeque,2002,2,5.53,14.5,270.5,"GPCC Full v2020 to 2019 + Monitoring v2020 after, 1deg (PSL)"
ocotepeque,2002,3,4.98,14.5,270.5,"GPCC Full v2020 to 2019 + Monitoring v2020 after, 1deg (PSL)"
ocotepeque,2002,4,5.56,14.5,270.5,"GPCC Full v2020 to 2019 + Monitoring v2020 after, 1deg (PSL)"
ocotepeque,2002,5,94.66,14.5,270.5,"GPCC Full v2020 to 2019 + Monitoring v2020 after, 1deg (PSL)"
ocotepeque,2002,6,191.07,14.5,270.5,"GPCC Full v2020 to 2019 + Monitoring v2020 after, 1deg (PSL)"
ocotepeque,2002,7,163.76,14.5,270.5,"GPCC Full v2020 to 2019 + Monitoring v2020 after, 1deg (PSL)"
ocotepeque,2002,8,120.38,14.5,270.5,"GPCC Full v2020 to 2019 + Monitoring v2020 after, 1deg (PSL)"
ocotepeque,2002,9,244.3,14.5,270.5,"GPCC Full v2020 to 2019 + Monitoring v2020 after, 1deg (PSL)"
ocotepeque,2002,10,128.75,14.5,270.5,"GPCC Full v2020 to 2019 + Monitoring v2020 after, 1deg (PSL)"
ocotepeque,2002,11,43.89,14.5,270.5,"GPCC Full v2020 to 2019 + Monitoring v2020 after, 1deg (PSL)"
ocotepeque,2002,12,8.71,14.5,270.5,"GPCC Full v2020 to 2019 + Monitoring v2020 after, 1deg (PSL)"
ocotepeque,2003,1,11.2,14.5,270.5,"GPCC Full v2020 to 2019 + Monitoring v2020 after, 1deg (PSL)"
ocotepeque,2003,2,2.88,14.5,270.5,"GPCC Full v2020 to 2019 + Monitoring v2020 after, 1deg (PSL)"
ocotepeque,2003,3,27.15,14.5,270.5,"GPCC Full v2020 to 2019 + Monitoring v2020 after, 1deg (PSL)"
ocotepeque,2003,4,16.86,14.5,270.5,"GPCC Full v2020 to 2019 + Monitoring v2020 after, 1deg (PSL)"
ocotepeque,2003,5,118.89,14.5,270.5,"GPCC Full v2020 to 2019 + Monitoring v2020 after, 1deg (PSL)"
ocotepeque,2003,6,262.66,14.5,270.5,"GPCC Full v2020 to 2019 + Monitoring v2020 after, 1deg (PSL)"
ocotepeque,2003,7,125.05,14.5,270.5,"GPCC Full v2020 to 2019 + Monitoring v2020 after, 1deg (PSL)"
ocotepeque,2003,8,149.98,14.5,270.5,"GPCC Full v2020 to 2019 + Monitoring v2020 after, 1deg (PSL)"
ocotepeque,2003,9,293.82,14.5,270.5,"GPCC Full v2020 to 2019 + Monitoring v2020 after, 1deg (PSL)"
ocotepeque,2003,10,81.93,14.5,270.5,"GPCC Full v2020 to 2019 + Monitoring v2020 after, 1deg (PSL)"
ocotepeque,2003,11,24.2,14.5,270.5,"GPCC Full v2020 to 2019 + Monitoring v2020 after, 1deg (PSL)"
ocotepeque,2003,12,3.37,14.5,270.5,"GPCC Full v2020 to 2019 + Monitoring v2020 after, 1deg (PSL)"
ocotepeque,2004,1,13.35,14.5,270.5,"GPCC Full v2020 to 2019 + Monitoring v2020 after, 1deg (PSL)"
ocotepeque,2004,2,7.47,14.5,270.5,"GPCC Full v2020 to 2019 + Monitoring v2020 after, 1deg (PSL)"
ocotepeque,2004,3,11.37,14.5,270.5,"GPCC Full v2020 to 2019 + Monitoring v2020 after, 1deg (PSL)"
ocotepeque,2004,4,34.32,14.5,270.5,"GPCC Full v2020 to 2019 + Monitoring v2020 after, 1deg (PSL)"
ocotepeque,2004,5,119.99,14.5,270.5,"GPCC Full v2020 to 2019 + Monitoring v2020 after, 1deg (PSL)"
ocotepeque,2004,6,181.04,14.5,270.5,"GPCC Full v2020 to 2019 + Monitoring v2020 after, 1deg (PSL)"
ocotepeque,2004,7,203.82,14.5,270.5,"GPCC Full v2020 to 2019 + Monitoring v2020 after, 1deg (PSL)"
ocotepeque,2004,8,129.5,14.5,270.5,"GPCC Full v2020 to 2019 + Monitoring v2020 after, 1deg (PSL)"
ocotepeque,2004,9,208.87,14.5,270.5,"GPCC Full v2020 to 2019 + Monitoring v2020 after, 1deg (PSL)"
ocotepeque,2004,10,167.24,14.5,270.5,"GPCC Full v2020 to 2019 + Monitoring v2020 after, 1deg (PSL)"
ocotepeque,2004,11,29.77,14.5,270.5,"GPCC Full v2020 to 2019 + Monitoring v2020 after, 1deg (PSL)"
ocotepeque,2004,12,6.72,14.5,270.5,"GPCC Full v2020 to 2019 + Monitoring v2020 after, 1deg (PSL)"
ocotepeque,2005,1,7.89,14.5,270.5,"GPCC Full v2020 to 2019 + Monitoring v2020 after, 1deg (PSL)"
ocotepeque,2005,2,2.27,14.5,270.5,"GPCC Full v2020 to 2019 + Monitoring v2020 after, 1deg (PSL)"
ocotepeque,2005,3,35.29,14.5,270.5,"GPCC Full v2020 to 2019 + Monitoring v2020 after, 1deg (PSL)"
ocotepeque,2005,4,9.68,14.5,270.5,"GPCC Full v2020 to 2019 + Monitoring v2020 after, 1deg (PSL)"
ocotepeque,2005,5,100.71,14.5,270.5,"GPCC Full v2020 to 2019 + Monitoring v2020 after, 1deg (PSL)"
ocotepeque,2005,6,290.37,14.5,270.5,"GPCC Full v2020 to 2019 + Monitoring v2020 after, 1deg (PSL)"
ocotepeque,2005,7,270.31,14.5,270.5,"GPCC Full v2020 to 2019 + Monitoring v2020 after, 1deg (PSL)"
ocotepeque,2005,8,222.19,14.5,270.5,"GPCC Full v2020 to 2019 + Monitoring v2020 after, 1deg (PSL)"
ocotepeque,2005,9,245.32,14.5,270.5,"GPCC Full v2020 to 2019 + Monitoring v2020 after, 1deg (PSL)"
ocotepeque,2005,10,193.17,14.5,270.5,"GPCC Full v2020 to 2019 + Monitoring v2020 after, 1deg (PSL)"
ocotepeque,2005,11,16.17,14.5,270.5,"GPCC Full v2020 to 2019 + Monitoring v2020 after, 1deg (PSL)"
ocotepeque,2005,12,5.52,14.5,270.5,"GPCC Full v2020 to 2019 + Monitoring v2020 after, 1deg (PSL)"
ocotepeque,2006,1,15.92,14.5,270.5,"GPCC Full v2020 to 2019 + Monitoring v2020 after, 1deg (PSL)"
ocotepeque,2006,2,4.98,14.5,270.5,"GPCC Full v2020 to 2019 + Monitoring v2020 after, 1deg (PSL)"
ocotepeque,2006,3,5.93,14.5,270.5,"GPCC Full v2020 to 2019 + Monitoring v2020 after, 1deg (PSL)"
ocotepeque,2006,4,28.63,14.5,270.5,"GPCC Full v2020 to 2019 + Monitoring v2020 after, 1deg (PSL)"
ocotepeque,2006,5,150.14,14.5,270.5,"GPCC Full v2020 to 2019 + Monitoring v2020 after, 1deg (PSL)"
ocotepeque,2006,6,331.17,14.5,270.5,"GPCC Full v2020 to 2019 + Monitoring v2020 after, 1deg (PSL)"
ocotepeque,2006,7,203.98,14.5,270.5,"GPCC Full v2020 to 2019 + Monitoring v2020 after, 1deg (PSL)"
ocotepeque,2006,8,142.99,14.5,270.5,"GPCC Full v2020 to 2019 + Monitoring v2020 after, 1deg (PSL)"
ocotepeque,2006,9,214.5,14.5,270.5,"GPCC Full v2020 to 2019 + Monitoring v2020 after, 1deg (PSL)"
ocotepeque,2006,10,166.07,14.5,270.5,"GPCC Full v2020 to 2019 + Monitoring v2020 after, 1deg (PSL)"
ocotepeque,2006,11,50.1,14.5,270.5,"GPCC Full v2020 to 2019 + Monitoring v2020 after, 1deg (PSL)"
ocotepeque,2006,12,12.36,14.5,270.5,"GPCC Full v2020 to 2019 + Monitoring v2020 after, 1deg (PSL)"
ocotepeque,2007,1,11.51,14.5,270.5,"GPCC Full v2020 to 2019 + Monitoring v2020 after, 1deg (PSL)"
ocotepeque,2007,2,1.1,14.5,270.5,"GPCC Full v2020 to 2019 + Monitoring v2020 after, 1deg (PSL)"
ocotepeque,2007,3,8.23,14.5,270.5,"GPCC Full v2020 to 2019 + Monitoring v2020 after, 1deg (PSL)"
ocotepeque,2007,4,39.3,14.5,270.5,"GPCC Full v2020 to 2019 + Monitoring v2020 after, 1deg (PSL)"
ocotepeque,2007,5,61.11,14.5,270.5,"GPCC Full v2020 to 2019 + Monitoring v2020 after, 1deg (PSL)"
ocotepeque,2007,6,236.04,14.5,270.5,"GPCC Full v2020 to 2019 + Monitoring v2020 after, 1deg (PSL)"
ocotepeque,2007,7,226.83,14.5,270.5,"GPCC Full v2020 to 2019 + Monitoring v2020 after, 1deg (PSL)"
ocotepeque,2007,8,205.49,14.5,270.5,"GPCC Full v2020 to 2019 + Monitoring v2020 after, 1deg (PSL)"
ocotepeque,2007,9,330.64,14.5,270.5,"GPCC Full v2020 to 2019 + Monitoring v2020 after, 1deg (PSL)"
ocotepeque,2007,10,161.95,14.5,270.5,"GPCC Full v2020 to 2019 + Monitoring v2020 after, 1deg (PSL)"
ocotepeque,2007,11,14.77,14.5,270.5,"GPCC Full v2020 to 2019 + Monitoring v2020 after, 1deg (PSL)"
ocotepeque,2007,12,3.45,14.5,270.5,"GPCC Full v2020 to 2019 + Monitoring v2020 after, 1deg (PSL)"
ocotepeque,2008,1,9.63,14.5,270.5,"GPCC Full v2020 to 2019 + Monitoring v2020 after, 1deg (PSL)"
ocotepeque,2008,2,8.09,14.5,270.5,"GPCC Full v2020 to 2019 + Monitoring v2020 after, 1deg (PSL)"
ocotepeque,2008,3,8.92,14.5,270.5,"GPCC Full v2020 to 2019 + Monitoring v2020 after, 1deg (PSL)"
ocotepeque,2008,4,41.26,14.5,270.5,"GPCC Full v2020 to 2019 + Monitoring v2020 after, 1deg (PSL)"
ocotepeque,2008,5,88.92,14.5,270.5,"GPCC Full v2020 to 2019 + Monitoring v2020 after, 1deg (PSL)"
ocotepeque,2008,6,239.55,14.5,270.5,"GPCC Full v2020 to 2019 + Monitoring v2020 after, 1deg (PSL)"
ocotepeque,2008,7,416.11,14.5,270.5,"GPCC Full v2020 to 2019 + Monitoring v2020 after, 1deg (PSL)"
ocotepeque,2008,8,222.62,14.5,270.5,"GPCC Full v2020 to 2019 + Monitoring v2020 after, 1deg (PSL)"
ocotepeque,2008,9,307.99,14.5,270.5,"GPCC Full v2020 to 2019 + Monitoring v2020 after, 1deg (PSL)"
ocotepeque,2008,10,165.68,14.5,270.5,"GPCC Full v2020 to 2019 + Monitoring v2020 after, 1deg (PSL)"
ocotepeque,2008,11,5.35,14.5,270.5,"GPCC Full v2020 to 2019 + Monitoring v2020 after, 1deg (PSL)"
ocotepeque,2008,12,6.72,14.5,270.5,"GPCC Full v2020 to 2019 + Monitoring v2020 after, 1deg (PSL)"
ocotepeque,2009,1,7.2,14.5,270.5,"GPCC Full v2020 to 2019 + Monitoring v2020 after, 1deg (PSL)"
ocotepeque,2009,2,16.01,14.5,270.5,"GPCC Full v2020 to 2019 + Monitoring v2020 after, 1deg (PSL)"
ocotepeque,2009,3,2.48,14.5,270.5,"GPCC Full v2020 to 2019 + Monitoring v2020 after, 1deg (PSL)"
ocotepeque,2009,4,12.3,14.5,270.5,"GPCC Full v2020 to 2019 + Monitoring v2020 after, 1deg (PSL)"
ocotepeque,2009,5,260.29,14.5,270.5,"GPCC Full v2020 to 2019 + Monitoring v2020 after, 1deg (PSL)"
ocotepeque,2009,6,291.63,14.5,270.5,"GPCC Full v2020 to 2019 + Monitoring v2020 after, 1deg (PSL)"
ocotepeque,2009,7,216.21,14.5,270.5,"GPCC Full v2020 to 2019 + Monitoring v2020 after, 1deg (PSL)"
ocotepeque,2009,8,194.58,14.5,270.5,"GPCC Full v2020 to 2019 + Monitoring v2020 after, 1deg (PSL)"
ocotepeque,2009,9,139.11,14.5,270.5,"GPCC Full v2020 to 2019 + Monitoring v2020 after, 1deg (PSL)"
ocotepeque,2009,10,87.38,14.5,270.5,"GPCC Full v2020 to 2019 + Monitoring v2020 after, 1deg (PSL)"
ocotepeque,2009,11,139.8,14.5,270.5,"GPCC Full v2020 to 2019 + Monitoring v2020 after, 1deg (PSL)"
ocotepeque,2009,12,13.3,14.5,270.5,"GPCC Full v2020 to 2019 + Monitoring v2020 after, 1deg (PSL)"
ocotepeque,2010,1,6.55,14.5,270.5,"GPCC Full v2020 to 2019 + Monitoring v2020 after, 1deg (PSL)"
ocotepeque,2010,2,4.08,14.5,270.5,"GPCC Full v2020 to 2019 + Monitoring v2020 after, 1deg (PSL)"
ocotepeque,2010,3,0.95,14.5,270.5,"GPCC Full v2020 to 2019 + Monitoring v2020 after, 1deg (PSL)"
ocotepeque,2010,4,105.99,14.5,270.5,"GPCC Full v2020 to 2019 + Monitoring v2020 after, 1deg (PSL)"
ocotepeque,2010,5,122.4,14.5,270.5,"GPCC Full v2020 to 2019 + Monitoring v2020 after, 1deg (PSL)"
ocotepeque,2010,6,342.76,14.5,270.5,"GPCC Full v2020 to 2019 + Monitoring v2020 after, 1deg (PSL)"
ocotepeque,2010,7,316.49,14.5,270.5,"GPCC Full v2020 to 2019 + Monitoring v2020 after, 1deg (PSL)"
ocotepeque,2010,8,269.71,14.5,270.5,"GPCC Full v2020 to 2019 + Monitoring v2020 after, 1deg (PSL)"
ocotepeque,2010,9,236.29,14.5,270.5,"GPCC Full v2020 to 2019 + Monitoring v2020 after, 1deg (PSL)"
ocotepeque,2010,10,15.17,14.5,270.5,"GPCC Full v2020 to 2019 + Monitoring v2020 after, 1deg (PSL)"
ocotepeque,2010,11,6.34,14.5,270.5,"GPCC Full v2020 to 2019 + Monitoring v2020 after, 1deg (PSL)"
ocotepeque,2010,12,5.44,14.5,270.5,"GPCC Full v2020 to 2019 + Monitoring v2020 after, 1deg (PSL)"
ocotepeque,2011,1,9.14,14.5,270.5,"GPCC Full v2020 to 2019 + Monitoring v2020 after, 1deg (PSL)"
ocotepeque,2011,2,36.62,14.5,270.5,"GPCC Full v2020 to 2019 + Monitoring v2020 after, 1deg (PSL)"
ocotepeque,2011,3,19.31,14.5,270.5,"GPCC Full v2020 to 2019 + Monitoring v2020 after, 1deg (PSL)"
ocotepeque,2011,4,50.36,14.5,270.5,"GPCC Full v2020 to 2019 + Monitoring v2020 after, 1deg (PSL)"
ocotepeque,2011,5,59.37,14.5,270.5,"GPCC Full v2020 to 2019 + Monitoring v2020 after, 1deg (PSL)"
ocotepeque,2011,6,272.09,14.5,270.5,"GPCC Full v2020 to 2019 + Monitoring v2020 after, 1deg (PSL)"
ocotepeque,2011,7,306.5,14.5,270.5,"GPCC Full v2020 to 2019 + Monitoring v2020 after, 1deg (PSL)"
ocotepeque,2011,8,198.21,14.5,270.5,"GPCC Full v2020 to 2019 + Monitoring v2020 after, 1deg (PSL)"
ocotepeque,2011,9,274.55,14.5,270.5,"GPCC Full v2020 to 2019 + Monitoring v2020 after, 1deg (PSL)"
ocotepeque,2011,10,273.89,14.5,270.5,"GPCC Full v2020 to 2019 + Monitoring v2020 after, 1deg (PSL)"
ocotepeque,2011,11,38.35,14.5,270.5,"GPCC Full v2020 to 2019 + Monitoring v2020 after, 1deg (PSL)"
ocotepeque,2011,12,13.1,14.5,270.5,"GPCC Full v2020 to 2019 + Monitoring v2020 after, 1deg (PSL)"
ocotepeque,2012,1,4.69,14.5,270.5,"GPCC Full v2020 to 2019 + Monitoring v2020 after, 1deg (PSL)"
ocotepeque,2012,2,7.9,14.5,270.5,"GPCC Full v2020 to 2019 + Monitoring v2020 after, 1deg (PSL)"
ocotepeque,2012,3,8.92,14.5,270.5,"GPCC Full v2020 to 2019 + Monitoring v2020 after, 1deg (PSL)"
ocotepeque,2012,4,120.3,14.5,270.5,"GPCC Full v2020 to 2019 + Monitoring v2020 after, 1deg (PSL)"
ocotepeque,2012,5,186.95,14.5,270.5,"GPCC Full v2020 to 2019 + Monitoring v2020 after, 1deg (PSL)"
ocotepeque,2012,6,187.01,14.5,270.5,"GPCC Full v2020 to 2019 + Monitoring v2020 after, 1deg (PSL)"
ocotepeque,2012,7,185.94,14.5,270.5,"GPCC Full v2020 to 2019 + Monitoring v2020 after, 1deg (PSL)"
ocotepeque,2012,8,271.39,14.5,270.5,"GPCC Full v2020 to 2019 + Monitoring v2020 after, 1deg (PSL)"
ocotepeque,2012,9,196.51,14.5,270.5,"GPCC Full v2020 to 2019 + Monitoring v2020 after, 1deg (PSL)"
ocotepeque,2012,10,173.84,14.5,270.5,"GPCC Full v2020 to 2019 + Monitoring v2020 after, 1deg (PSL)"
ocotepeque,2012,11,11.36,14.5,270.5,"GPCC Full v2020 to 2019 + Monitoring v2020 after, 1deg (PSL)"
ocotepeque,2012,12,6.82,14.5,270.5,"GPCC Full v2020 to 2019 + Monitoring v2020 after, 1deg (PSL)"
ocotepeque,2013,1,6.64,14.5,270.5,"GPCC Full v2020 to 2019 + Monitoring v2020 after, 1deg (PSL)"
ocotepeque,2013,2,1.53,14.5,270.5,"GPCC Full v2020 to 2019 + Monitoring v2020 after, 1deg (PSL)"
ocotepeque,2013,3,48.27,14.5,270.5,"GPCC Full v2020 to 2019 + Monitoring v2020 after, 1deg (PSL)"
ocotepeque,2013,4,6.25,14.5,270.5,"GPCC Full v2020 to 2019 + Monitoring v2020 after, 1deg (PSL)"
ocotepeque,2013,5,171.93,14.5,270.5,"GPCC Full v2020 to 2019 + Monitoring v2020 after, 1deg (PSL)"
ocotepeque,2013,6,183.65,14.5,270.5,"GPCC Full v2020 to 2019 + Monitoring v2020 after, 1deg (PSL)"
ocotepeque,2013,7,180.19,14.5,270.5,"GPCC Full v2020 to 2019 + Monitoring v2020 after, 1deg (PSL)"
ocotepeque,2013,8,183.38,14.5,270.5,"GPCC Full v2020 to 2019 + Monitoring v2020 after, 1deg (PSL)"
ocotepeque,2013,9,190.48,14.5,270.5,"GPCC Full v2020 to 2019 + Monitoring v2020 after, 1deg (PSL)"
ocotepeque,2013,10,207.3,14.5,270.5,"GPCC Full v2020 to 2019 + Monitoring v2020 after, 1deg (PSL)"
ocotepeque,2013,11,52.16,14.5,270.5,"GPCC Full v2020 to 2019 + Monitoring v2020 after, 1deg (PSL)"
ocotepeque,2013,12,9.48,14.5,270.5,"GPCC Full v2020 to 2019 + Monitoring v2020 after, 1deg (PSL)"
ocotepeque,2014,1,9.21,14.5,270.5,"GPCC Full v2020 to 2019 + Monitoring v2020 after, 1deg (PSL)"
ocotepeque,2014,2,7.46,14.5,270.5,"GPCC Full v2020 to 2019 + Monitoring v2020 after, 1deg (PSL)"
ocotepeque,2014,3,33.83,14.5,270.5,"GPCC Full v2020 to 2019 + Monitoring v2020 after, 1deg (PSL)"
ocotepeque,2014,4,7.18,14.5,270.5,"GPCC Full v2020 to 2019 + Monitoring v2020 after, 1deg (PSL)"
ocotepeque,2014,5,164.34,14.5,270.5,"GPCC Full v2020 to 2019 + Monitoring v2020 after, 1deg (PSL)"
ocotepeque,2014,6,272.39,14.5,270.5,"GPCC Full v2020 to 2019 + Monitoring v2020 after, 1deg (PSL)"
ocotepeque,2014,7,60.69,14.5,270.5,"GPCC Full v2020 to 2019 + Monitoring v2020 after, 1deg (PSL)"
ocotepeque,2014,8,241.41,14.5,270.5,"GPCC Full v2020 to 2019 + Monitoring v2020 after, 1deg (PSL)"
ocotepeque,2014,9,296.95,14.5,270.5,"GPCC Full v2020 to 2019 + Monitoring v2020 after, 1deg (PSL)"
ocotepeque,2014,10,210.26,14.5,270.5,"GPCC Full v2020 to 2019 + Monitoring v2020 after, 1deg (PSL)"
ocotepeque,2014,11,31.1,14.5,270.5,"GPCC Full v2020 to 2019 + Monitoring v2020 after, 1deg (PSL)"
ocotepeque,2014,12,15.55,14.5,270.5,"GPCC Full v2020 to 2019 + Monitoring v2020 after, 1deg (PSL)"
ocotepeque,2015,1,6.16,14.5,270.5,"GPCC Full v2020 to 2019 + Monitoring v2020 after, 1deg (PSL)"
ocotepeque,2015,2,5.73,14.5,270.5,"GPCC Full v2020 to 2019 + Monitoring v2020 after, 1deg (PSL)"
ocotepeque,2015,3,10.27,14.5,270.5,"GPCC Full v2020 to 2019 + Monitoring v2020 after, 1deg (PSL)"
ocotepeque,2015,4,40.78,14.5,270.5,"GPCC Full v2020 to 2019 + Monitoring v2020 after, 1deg (PSL)"
ocotepeque,2015,5,102.25,14.5,270.5,"GPCC Full v2020 to 2019 + Monitoring v2020 after, 1deg (PSL)"
ocotepeque,2015,6,152.08,14.5,270.5,"GPCC Full v2020 to 2019 + Monitoring v2020 after, 1deg (PSL)"
ocotepeque,2015,7,99.77,14.5,270.5,"GPCC Full v2020 to 2019 + Monitoring v2020 after, 1deg (PSL)"
ocotepeque,2015,8,115.06,14.5,270.5,"GPCC Full v2020 to 2019 + Monitoring v2020 after, 1deg (PSL)"
ocotepeque,2015,9,356.6,14.5,270.5,"GPCC Full v2020 to 2019 + Monitoring v2020 after, 1deg (PSL)"
ocotepeque,2015,10,200.33,14.5,270.5,"GPCC Full v2020 to 2019 + Monitoring v2020 after, 1deg (PSL)"
ocotepeque,2015,11,110.28,14.5,270.5,"GPCC Full v2020 to 2019 + Monitoring v2020 after, 1deg (PSL)"
ocotepeque,2015,12,5.2,14.5,270.5,"GPCC Full v2020 to 2019 + Monitoring v2020 after, 1deg (PSL)"
ocotepeque,2016,1,3.56,14.5,270.5,"GPCC Full v2020 to 2019 + Monitoring v2020 after, 1deg (PSL)"
ocotepeque,2016,2,5.75,14.5,270.5,"GPCC Full v2020 to 2019 + Monitoring v2020 after, 1deg (PSL)"
ocotepeque,2016,3,9.99,14.5,270.5,"GPCC Full v2020 to 2019 + Monitoring v2020 after, 1deg (PSL)"
ocotepeque,2016,4,27.16,14.5,270.5,"GPCC Full v2020 to 2019 + Monitoring v2020 after, 1deg (PSL)"
ocotepeque,2016,5,71.81,14.5,270.5,"GPCC Full v2020 to 2019 + Monitoring v2020 after, 1deg (PSL)"
ocotepeque,2016,6,241.55,14.5,270.5,"GPCC Full v2020 to 2019 + Monitoring v2020 after, 1deg (PSL)"
ocotepeque,2016,7,124.47,14.5,270.5,"GPCC Full v2020 to 2019 + Monitoring v2020 after, 1deg (PSL)"
ocotepeque,2016,8,146.82,14.5,270.5,"GPCC Full v2020 to 2019 + Monitoring v2020 after, 1deg (PSL)"
ocotepeque,2016,9,185.36,14.5,270.5,"GPCC Full v2020 to 2019 + Monitoring v2020 after, 1deg (PSL)"
ocotepeque,2016,10,56.68,14.5,270.5,"GPCC Full v2020 to 2019 + Monitoring v2020 after, 1deg (PSL)"
ocotepeque,2016,11,13.68,14.5,270.5,"GPCC Full v2020 to 2019 + Monitoring v2020 after, 1deg (PSL)"
ocotepeque,2016,12,17.98,14.5,270.5,"GPCC Full v2020 to 2019 + Monitoring v2020 after, 1deg (PSL)"
ocotepeque,2017,1,6.24,14.5,270.5,"GPCC Full v2020 to 2019 + Monitoring v2020 after, 1deg (PSL)"
ocotepeque,2017,2,1.13,14.5,270.5,"GPCC Full v2020 to 2019 + Monitoring v2020 after, 1deg (PSL)"
ocotepeque,2017,3,9.35,14.5,270.5,"GPCC Full v2020 to 2019 + Monitoring v2020 after, 1deg (PSL)"
ocotepeque,2017,4,23.31,14.5,270.5,"GPCC Full v2020 to 2019 + Monitoring v2020 after, 1deg (PSL)"
ocotepeque,2017,5,251.99,14.5,270.5,"GPCC Full v2020 to 2019 + Monitoring v2020 after, 1deg (PSL)"
ocotepeque,2017,6,313.79,14.5,270.5,"GPCC Full v2020 to 2019 + Monitoring v2020 after, 1deg (PSL)"
ocotepeque,2017,7,258.91,14.5,270.5,"GPCC Full v2020 to 2019 + Monitoring v2020 after, 1deg (PSL)"
ocotepeque,2017,8,166.35,14.5,270.5,"GPCC Full v2020 to 2019 + Monitoring v2020 after, 1deg (PSL)"
ocotepeque,2017,9,314.62,14.5,270.5,"GPCC Full v2020 to 2019 + Monitoring v2020 after, 1deg (PSL)"
ocotepeque,2017,10,141.38,14.5,270.5,"GPCC Full v2020 to 2019 + Monitoring v2020 after, 1deg (PSL)"
ocotepeque,2017,11,10.68,14.5,270.5,"GPCC Full v2020 to 2019 + Monitoring v2020 after, 1deg (PSL)"
ocotepeque,2017,12,7.34,14.5,270.5,"GPCC Full v2020 to 2019 + Monitoring v2020 after, 1deg (PSL)"
ocotepeque,2018,1,15.98,14.5,270.5,"GPCC Full v2020 to 2019 + Monitoring v2020 after, 1deg (PSL)"
ocotepeque,2018,2,2.12,14.5,270.5,"GPCC Full v2020 to 2019 + Monitoring v2020 after, 1deg (PSL)"
ocotepeque,2018,3,2.42,14.5,270.5,"GPCC Full v2020 to 2019 + Monitoring v2020 after, 1deg (PSL)"
ocotepeque,2018,4,106.78,14.5,270.5,"GPCC Full v2020 to 2019 + Monitoring v2020 after, 1deg (PSL)"
ocotepeque,2018,5,202.59,14.5,270.5,"GPCC Full v2020 to 2019 + Monitoring v2020 after, 1deg (PSL)"
ocotepeque,2018,6,195.98,14.5,270.5,"GPCC Full v2020 to 2019 + Monitoring v2020 after, 1deg (PSL)"
ocotepeque,2018,7,78.51,14.5,270.5,"GPCC Full v2020 to 2019 + Monitoring v2020 after, 1deg (PSL)"
ocotepeque,2018,8,156.51,14.5,270.5,"GPCC Full v2020 to 2019 + Monitoring v2020 after, 1deg (PSL)"
ocotepeque,2018,9,108.53,14.5,270.5,"GPCC Full v2020 to 2019 + Monitoring v2020 after, 1deg (PSL)"
ocotepeque,2018,10,143.36,14.5,270.5,"GPCC Full v2020 to 2019 + Monitoring v2020 after, 1deg (PSL)"
ocotepeque,2018,11,21.86,14.5,270.5,"GPCC Full v2020 to 2019 + Monitoring v2020 after, 1deg (PSL)"
ocotepeque,2018,12,5.28,14.5,270.5,"GPCC Full v2020 to 2019 + Monitoring v2020 after, 1deg (PSL)"
ocotepeque,2019,1,8.43,14.5,270.5,"GPCC Full v2020 to 2019 + Monitoring v2020 after, 1deg (PSL)"
ocotepeque,2019,2,0.83,14.5,270.5,"GPCC Full v2020 to 2019 + Monitoring v2020 after, 1deg (PSL)"
ocotepeque,2019,3,0.0,14.5,270.5,"GPCC Full v2020 to 2019 + Monitoring v2020 after, 1deg (PSL)"
ocotepeque,2019,4,25.32,14.5,270.5,"GPCC Full v2020 to 2019 + Monitoring v2020 after, 1deg (PSL)"
ocotepeque,2019,5,169.02,14.5,270.5,"GPCC Full v2020 to 2019 + Monitoring v2020 after, 1deg (PSL)"
ocotepeque,2019,6,140.67,14.5,270.5,"GPCC Full v2020 to 2019 + Monitoring v2020 after, 1deg (PSL)"
ocotepeque,2019,7,105.05,14.5,270.5,"GPCC Full v2020 to 2019 + Monitoring v2020 after, 1deg (PSL)"
ocotepeque,2019,8,161.64,14.5,270.5,"GPCC Full v2020 to 2019 + Monitoring v2020 after, 1deg (PSL)"
ocotepeque,2019,9,278.76,14.5,270.5,"GPCC Full v2020 to 2019 + Monitoring v2020 after, 1deg (PSL)"
ocotepeque,2019,10,287.4,14.5,270.5,"GPCC Full v2020 to 2019 + Monitoring v2020 after, 1deg (PSL)"
ocotepeque,2019,11,15.9,14.5,270.5,"GPCC Full v2020 to 2019 + Monitoring v2020 after, 1deg (PSL)"
ocotepeque,2019,12,10.83,14.5,270.5,"GPCC Full v2020 to 2019 + Monitoring v2020 after, 1deg (PSL)"
ocotepeque,2020,1,9.76,14.5,270.5,"GPCC Full v2020 to 2019 + Monitoring v2020 after, 1deg (PSL)"
ocotepeque,2020,2,6.62,14.5,270.5,"GPCC Full v2020 to 2019 + Monitoring v2020 after, 1deg (PSL)"
ocotepeque,2020,3,21.77,14.5,270.5,"GPCC Full v2020 to 2019 + Monitoring v2020 after, 1deg (PSL)"
ocotepeque,2020,4,7.98,14.5,270.5,"GPCC Full v2020 to 2019 + Monitoring v2020 after, 1deg (PSL)"
ocotepeque,2020,5,191.94,14.5,270.5,"GPCC Full v2020 to 2019 + Monitoring v2020 after, 1deg (PSL)"
ocotepeque,2020,6,255.36,14.5,270.5,"GPCC Full v2020 to 2019 + Monitoring v2020 after, 1deg (PSL)"
ocotepeque,2020,7,153.99,14.5,270.5,"GPCC Full v2020 to 2019 + Monitoring v2020 after, 1deg (PSL)"
ocotepeque,2020,8,283.37,14.5,270.5,"GPCC Full v2020 to 2019 + Monitoring v2020 after, 1deg (PSL)"
ocotepeque,2020,9,262.39,14.5,270.5,"GPCC Full v2020 to 2019 + Monitoring v2020 after, 1deg (PSL)"
ocotepeque,2020,10,152.34,14.5,270.5,"GPCC Full v2020 to 2019 + Monitoring v2020 after, 1deg (PSL)"
ocotepeque,2020,11,229.11,14.5,270.5,"GPCC Full v2020 to 2019 + Monitoring v2020 after, 1deg (PSL)"
ocotepeque,2020,12,7.16,14.5,270.5,"GPCC Full v2020 to 2019 + Monitoring v2020 after, 1deg (PSL)"
ocotepeque,2021,1,6.92,14.5,270.5,"GPCC Full v2020 to 2019 + Monitoring v2020 after, 1deg (PSL)"
ocotepeque,2021,2,10.42,14.5,270.5,"GPCC Full v2020 to 2019 + Monitoring v2020 after, 1deg (PSL)"
ocotepeque,2021,3,5.88,14.5,270.5,"GPCC Full v2020 to 2019 + Monitoring v2020 after, 1deg (PSL)"
ocotepeque,2021,4,130.3,14.5,270.5,"GPCC Full v2020 to 2019 + Monitoring v2020 after, 1deg (PSL)"
ocotepeque,2021,5,70.29,14.5,270.5,"GPCC Full v2020 to 2019 + Monitoring v2020 after, 1deg (PSL)"
ocotepeque,2021,6,214.48,14.5,270.5,"GPCC Full v2020 to 2019 + Monitoring v2020 after, 1deg (PSL)"
ocotepeque,2021,7,131.2,14.5,270.5,"GPCC Full v2020 to 2019 + Monitoring v2020 after, 1deg (PSL)"
ocotepeque,2021,8,221.47,14.5,270.5,"GPCC Full v2020 to 2019 + Monitoring v2020 after, 1deg (PSL)"
ocotepeque,2021,9,93.47,14.5,270.5,"GPCC Full v2020 to 2019 + Monitoring v2020 after, 1deg (PSL)"
ocotepeque,2021,10,111.13,14.5,270.5,"GPCC Full v2020 to 2019 + Monitoring v2020 after, 1deg (PSL)"
ocotepeque,2021,11,0.0,14.5,270.5,"GPCC Full v2020 to 2019 + Monitoring v2020 after, 1deg (PSL)"
ocotepeque,2021,12,0.0,14.5,270.5,"GPCC Full v2020 to 2019 + Monitoring v2020 after, 1deg (PSL)"
ocotepeque,2022,1,2.26,14.5,270.5,"GPCC Full v2020 to 2019 + Monitoring v2020 after, 1deg (PSL)"
ocotepeque,2022,2,7.46,14.5,270.5,"GPCC Full v2020 to 2019 + Monitoring v2020 after, 1deg (PSL)"
ocotepeque,2022,3,9.67,14.5,270.5,"GPCC Full v2020 to 2019 + Monitoring v2020 after, 1deg (PSL)"
ocotepeque,2022,4,29.47,14.5,270.5,"GPCC Full v2020 to 2019 + Monitoring v2020 after, 1deg (PSL)"
ocotepeque,2022,5,124.52,14.5,270.5,"GPCC Full v2020 to 2019 + Monitoring v2020 after, 1deg (PSL)"
ocotepeque,2022,6,299.1,14.5,270.5,"GPCC Full v2020 to 2019 + Monitoring v2020 after, 1deg (PSL)"
ocotepeque,2022,7,187.24,14.5,270.5,"GPCC Full v2020 to 2019 + Monitoring v2020 after, 1deg (PSL)"
ocotepeque,2022,8,261.25,14.5,270.5,"GPCC Full v2020 to 2019 + Monitoring v2020 after, 1deg (PSL)"
ocotepeque,2022,9,337.32,14.5,270.5,"GPCC Full v2020 to 2019 + Monitoring v2020 after, 1deg (PSL)"
ocotepeque,2022,10,143.14,14.5,270.5,"GPCC Full v2020 to 2019 + Monitoring v2020 after, 1deg (PSL)"
ocotepeque,2022,11,76.76,14.5,270.5,"GPCC Full v2020 to 2019 + Monitoring v2020 after, 1deg (PSL)"
ocotepeque,2022,12,0.0,14.5,270.5,"GPCC Full v2020 to 2019 + Monitoring v2020 after, 1deg (PSL)"
ocotepeque,2023,1,3.52,14.5,270.5,"GPCC Full v2020 to 2019 + Monitoring v2020 after, 1deg (PSL)"
ocotepeque,2023,2,0.0,14.5,270.5,"GPCC Full v2020 to 2019 + Monitoring v2020 after, 1deg (PSL)"
ocotepeque,2023,3,32.49,14.5,270.5,"GPCC Full v2020 to 2019 + Monitoring v2020 after, 1deg (PSL)"
ocotepeque,2023,4,40.78,14.5,270.5,"GPCC Full v2020 to 2019 + Monitoring v2020 after, 1deg (PSL)"
ocotepeque,2023,5,92.89,14.5,270.5,"GPCC Full v2020 to 2019 + Monitoring v2020 after, 1deg (PSL)"
ocotepeque,2023,6,146.92,14.5,270.5,"GPCC Full v2020 to 2019 + Monitoring v2020 after, 1deg (PSL)"
ocotepeque,2023,7,159.39,14.5,270.5,"GPCC Full v2020 to 2019 + Monitoring v2020 after, 1deg (PSL)"
ocotepeque,2023,8,146.23,14.5,270.5,"GPCC Full v2020 to 2019 + Monitoring v2020 after, 1deg (PSL)"
ocotepeque,2023,9,91.31,14.5,270.5,"GPCC Full v2020 to 2019 + Monitoring v2020 after, 1deg (PSL)"
ocotepeque,2023,10,108.18,14.5,270.5,"GPCC Full v2020 to 2019 + Monitoring v2020 after, 1deg (PSL)"
ocotepeque,2023,11,40.28,14.5,270.5,"GPCC Full v2020 to 2019 + Monitoring v2020 after, 1deg (PSL)"
ocotepeque,2023,12,11.9,14.5,270.5,"GPCC Full v2020 to 2019 + Monitoring v2020 after, 1deg (PSL)"
ocotepeque,2024,1,0.0,14.5,270.5,"GPCC Full v2020 to 2019 + Monitoring v2020 after, 1deg (PSL)"
ocotepeque,2024,2,0.0,14.5,270.5,"GPCC Full v2020 to 2019 + Monitoring v2020 after, 1deg (PSL)"
ocotepeque,2024,3,1.95,14.5,270.5,"GPCC Full v2020 to 2019 + Monitoring v2020 after, 1deg (PSL)"
ocotepeque,2024,4,17.73,14.5,270.5,"GPCC Full v2020 to 2019 + Monitoring v2020 after, 1deg (PSL)"
ocotepeque,2024,5,23.37,14.5,270.5,"GPCC Full v2020 to 2019 + Monitoring v2020 after, 1deg (PSL)"
ocotepeque,2024,6,344.45,14.5,270.5,"GPCC Full v2020 to 2019 + Monitoring v2020 after, 1deg (PSL)"
ocotepeque,2024,7,242.27,14.5,270.5,"GPCC Full v2020 to 2019 + Monitoring v2020 after, 1deg (PSL)"
ocotepeque,2024,8,158.45,14.5,270.5,"GPCC Full v2020 to 2019 + Monitoring v2020 after, 1deg (PSL)"
ocotepeque,2024,9,202.42,14.5,270.5,"GPCC Full v2020 to 2019 + Monitoring v2020 after, 1deg (PSL)"
ocotepeque,2024,10,40.58,14.5,270.5,"GPCC Full v2020 to 2019 + Monitoring v2020 after, 1deg (PSL)"
ocotepeque,2024,11,132.16,14.5,270.5,"GPCC Full v2020 to 2019 + Monitoring v2020 after, 1deg (PSL)"
ocotepeque,2024,12,13.41,14.5,270.5,"GPCC Full v2020 to 2019 + Monitoring v2020 after, 1deg (PSL)"
ocotepeque,2025,1,4.25,14.5,270.5,"GPCC Full v2020 to 2019 + Monitoring v2020 after, 1deg (PSL)"
ocotepeque,2025,2,6.92,14.5,270.5,"GPCC Full v2020 to 2019 + Monitoring v2020 after, 1deg (PSL)"
ocotepeque,2025,3,18.39,14.5,270.5,"GPCC Full v2020 to 2019 + Monitoring v2020 after, 1deg (PSL)"
ocotepeque,2025,4,12.93,14.5,270.5,"GPCC Full v2020 to 2019 + Monitoring v2020 after, 1deg (PSL)"
ocotepeque,2025,5,47.71,14.5,270.5,"GPCC Full v2020 to 2019 + Monitoring v2020 after, 1deg (PSL)"
ocotepeque,2025,6,374.13,14.5,270.5,"GPCC Full v2020 to 2019 + Monitoring v2020 after, 1deg (PSL)"
ocotepeque,2025,7,253.65,14.5,270.5,"GPCC Full v2020 to 2019 + Monitoring v2020 after, 1deg (PSL)"
ocotepeque,2025,8,177.54,14.5,270.5,"GPCC Full v2020 to 2019 + Monitoring v2020 after, 1deg (PSL)"
ocotepeque,2025,9,353.05,14.5,270.5,"GPCC Full v2020 to 2019 + Monitoring v2020 after, 1deg (PSL)"
ocotepeque,2025,10,156.45,14.5,270.5,"GPCC Full v2020 to 2019 + Monitoring v2020 after, 1deg (PSL)"
ocotepeque,2025,11,2.4,14.5,270.5,"GPCC Full v2020 to 2019 + Monitoring v2020 after, 1deg (PSL)"
ocotepeque,2025,12,29.2,14.5,270.5,"GPCC Full v2020 to 2019 + Monitoring v2020 after, 1deg (PSL)"
ocotepeque,2026,1,13.84,14.5,270.5,GPCC First Guess Monthly 1deg (PSL)
ocotepeque,2026,2,9.62,14.5,270.5,GPCC First Guess Monthly 1deg (PSL)
ocotepeque,2026,3,8.7,14.5,270.5,GPCC First Guess Monthly 1deg (PSL)
ocotepeque,2026,4,60.56,14.5,270.5,GPCC First Guess Monthly 1deg (PSL)
ocotepeque,2026,5,119.29,14.5,270.5,GPCC First Guess Monthly 1deg (PSL)
ocotepeque,2026,6,228.47,14.5,270.5,GPCC First Guess Monthly 1deg (PSL)
ocotepeque,2026,7,101.0,14.5,270.5,GPCC First Guess Monthly 1deg (PSL)
ocotepeque,2026,8,3.53,14.5,270.5,GPCC First Guess Monthly 1deg (PSL)
copan,1981,1,20.46,14.5,271.5,"GPCC Full v2020 to 2019 + Monitoring v2020 after, 1deg (PSL)"
copan,1981,2,48.19,14.5,271.5,"GPCC Full v2020 to 2019 + Monitoring v2020 after, 1deg (PSL)"
copan,1981,3,14.54,14.5,271.5,"GPCC Full v2020 to 2019 + Monitoring v2020 after, 1deg (PSL)"
copan,1981,4,13.01,14.5,271.5,"GPCC Full v2020 to 2019 + Monitoring v2020 after, 1deg (PSL)"
copan,1981,5,189.82,14.5,271.5,"GPCC Full v2020 to 2019 + Monitoring v2020 after, 1deg (PSL)"
copan,1981,6,310.57,14.5,271.5,"GPCC Full v2020 to 2019 + Monitoring v2020 after, 1deg (PSL)"
copan,1981,7,259.73,14.5,271.5,"GPCC Full v2020 to 2019 + Monitoring v2020 after, 1deg (PSL)"
copan,1981,8,356.73,14.5,271.5,"GPCC Full v2020 to 2019 + Monitoring v2020 after, 1deg (PSL)"
copan,1981,9,276.07,14.5,271.5,"GPCC Full v2020 to 2019 + Monitoring v2020 after, 1deg (PSL)"
copan,1981,10,216.31,14.5,271.5,"GPCC Full v2020 to 2019 + Monitoring v2020 after, 1deg (PSL)"
copan,1981,11,23.81,14.5,271.5,"GPCC Full v2020 to 2019 + Monitoring v2020 after, 1deg (PSL)"
copan,1981,12,75.16,14.5,271.5,"GPCC Full v2020 to 2019 + Monitoring v2020 after, 1deg (PSL)"
copan,1982,1,36.67,14.5,271.5,"GPCC Full v2020 to 2019 + Monitoring v2020 after, 1deg (PSL)"
copan,1982,2,21.51,14.5,271.5,"GPCC Full v2020 to 2019 + Monitoring v2020 after, 1deg (PSL)"
copan,1982,3,19.71,14.5,271.5,"GPCC Full v2020 to 2019 + Monitoring v2020 after, 1deg (PSL)"
copan,1982,4,101.26,14.5,271.5,"GPCC Full v2020 to 2019 + Monitoring v2020 after, 1deg (PSL)"
copan,1982,5,146.83,14.5,271.5,"GPCC Full v2020 to 2019 + Monitoring v2020 after, 1deg (PSL)"
copan,1982,6,226.59,14.5,271.5,"GPCC Full v2020 to 2019 + Monitoring v2020 after, 1deg (PSL)"
copan,1982,7,150.18,14.5,271.5,"GPCC Full v2020 to 2019 + Monitoring v2020 after, 1deg (PSL)"
copan,1982,8,99.34,14.5,271.5,"GPCC Full v2020 to 2019 + Monitoring v2020 after, 1deg (PSL)"
copan,1982,9,308.5,14.5,271.5,"GPCC Full v2020 to 2019 + Monitoring v2020 after, 1deg (PSL)"
copan,1982,10,108.09,14.5,271.5,"GPCC Full v2020 to 2019 + Monitoring v2020 after, 1deg (PSL)"
copan,1982,11,23.28,14.5,271.5,"GPCC Full v2020 to 2019 + Monitoring v2020 after, 1deg (PSL)"
copan,1982,12,35.4,14.5,271.5,"GPCC Full v2020 to 2019 + Monitoring v2020 after, 1deg (PSL)"
copan,1983,1,27.23,14.5,271.5,"GPCC Full v2020 to 2019 + Monitoring v2020 after, 1deg (PSL)"
copan,1983,2,13.05,14.5,271.5,"GPCC Full v2020 to 2019 + Monitoring v2020 after, 1deg (PSL)"
copan,1983,3,10.56,14.5,271.5,"GPCC Full v2020 to 2019 + Monitoring v2020 after, 1deg (PSL)"
copan,1983,4,64.03,14.5,271.5,"GPCC Full v2020 to 2019 + Monitoring v2020 after, 1deg (PSL)"
copan,1983,5,81.88,14.5,271.5,"GPCC Full v2020 to 2019 + Monitoring v2020 after, 1deg (PSL)"
copan,1983,6,250.9,14.5,271.5,"GPCC Full v2020 to 2019 + Monitoring v2020 after, 1deg (PSL)"
copan,1983,7,233.52,14.5,271.5,"GPCC Full v2020 to 2019 + Monitoring v2020 after, 1deg (PSL)"
copan,1983,8,176.68,14.5,271.5,"GPCC Full v2020 to 2019 + Monitoring v2020 after, 1deg (PSL)"
copan,1983,9,313.1,14.5,271.5,"GPCC Full v2020 to 2019 + Monitoring v2020 after, 1deg (PSL)"
copan,1983,10,121.03,14.5,271.5,"GPCC Full v2020 to 2019 + Monitoring v2020 after, 1deg (PSL)"
copan,1983,11,97.04,14.5,271.5,"GPCC Full v2020 to 2019 + Monitoring v2020 after, 1deg (PSL)"
copan,1983,12,44.58,14.5,271.5,"GPCC Full v2020 to 2019 + Monitoring v2020 after, 1deg (PSL)"
copan,1984,1,27.88,14.5,271.5,"GPCC Full v2020 to 2019 + Monitoring v2020 after, 1deg (PSL)"
copan,1984,2,21.92,14.5,271.5,"GPCC Full v2020 to 2019 + Monitoring v2020 after, 1deg (PSL)"
copan,1984,3,13.6,14.5,271.5,"GPCC Full v2020 to 2019 + Monitoring v2020 after, 1deg (PSL)"
copan,1984,4,24.65,14.5,271.5,"GPCC Full v2020 to 2019 + Monitoring v2020 after, 1deg (PSL)"
copan,1984,5,219.61,14.5,271.5,"GPCC Full v2020 to 2019 + Monitoring v2020 after, 1deg (PSL)"
copan,1984,6,296.48,14.5,271.5,"GPCC Full v2020 to 2019 + Monitoring v2020 after, 1deg (PSL)"
copan,1984,7,250.13,14.5,271.5,"GPCC Full v2020 to 2019 + Monitoring v2020 after, 1deg (PSL)"
copan,1984,8,288.08,14.5,271.5,"GPCC Full v2020 to 2019 + Monitoring v2020 after, 1deg (PSL)"
copan,1984,9,312.85,14.5,271.5,"GPCC Full v2020 to 2019 + Monitoring v2020 after, 1deg (PSL)"
copan,1984,10,117.05,14.5,271.5,"GPCC Full v2020 to 2019 + Monitoring v2020 after, 1deg (PSL)"
copan,1984,11,36.48,14.5,271.5,"GPCC Full v2020 to 2019 + Monitoring v2020 after, 1deg (PSL)"
copan,1984,12,37.92,14.5,271.5,"GPCC Full v2020 to 2019 + Monitoring v2020 after, 1deg (PSL)"
copan,1985,1,15.56,14.5,271.5,"GPCC Full v2020 to 2019 + Monitoring v2020 after, 1deg (PSL)"
copan,1985,2,24.83,14.5,271.5,"GPCC Full v2020 to 2019 + Monitoring v2020 after, 1deg (PSL)"
copan,1985,3,12.3,14.5,271.5,"GPCC Full v2020 to 2019 + Monitoring v2020 after, 1deg (PSL)"
copan,1985,4,42.7,14.5,271.5,"GPCC Full v2020 to 2019 + Monitoring v2020 after, 1deg (PSL)"
copan,1985,5,82.07,14.5,271.5,"GPCC Full v2020 to 2019 + Monitoring v2020 after, 1deg (PSL)"
copan,1985,6,200.45,14.5,271.5,"GPCC Full v2020 to 2019 + Monitoring v2020 after, 1deg (PSL)"
copan,1985,7,236.4,14.5,271.5,"GPCC Full v2020 to 2019 + Monitoring v2020 after, 1deg (PSL)"
copan,1985,8,176.14,14.5,271.5,"GPCC Full v2020 to 2019 + Monitoring v2020 after, 1deg (PSL)"
copan,1985,9,271.08,14.5,271.5,"GPCC Full v2020 to 2019 + Monitoring v2020 after, 1deg (PSL)"
copan,1985,10,142.03,14.5,271.5,"GPCC Full v2020 to 2019 + Monitoring v2020 after, 1deg (PSL)"
copan,1985,11,83.47,14.5,271.5,"GPCC Full v2020 to 2019 + Monitoring v2020 after, 1deg (PSL)"
copan,1985,12,45.94,14.5,271.5,"GPCC Full v2020 to 2019 + Monitoring v2020 after, 1deg (PSL)"
copan,1986,1,47.55,14.5,271.5,"GPCC Full v2020 to 2019 + Monitoring v2020 after, 1deg (PSL)"
copan,1986,2,18.1,14.5,271.5,"GPCC Full v2020 to 2019 + Monitoring v2020 after, 1deg (PSL)"
copan,1986,3,14.36,14.5,271.5,"GPCC Full v2020 to 2019 + Monitoring v2020 after, 1deg (PSL)"
copan,1986,4,7.01,14.5,271.5,"GPCC Full v2020 to 2019 + Monitoring v2020 after, 1deg (PSL)"
copan,1986,5,108.16,14.5,271.5,"GPCC Full v2020 to 2019 + Monitoring v2020 after, 1deg (PSL)"
copan,1986,6,152.66,14.5,271.5,"GPCC Full v2020 to 2019 + Monitoring v2020 after, 1deg (PSL)"
copan,1986,7,128.42,14.5,271.5,"GPCC Full v2020 to 2019 + Monitoring v2020 after, 1deg (PSL)"
copan,1986,8,196.32,14.5,271.5,"GPCC Full v2020 to 2019 + Monitoring v2020 after, 1deg (PSL)"
copan,1986,9,189.82,14.5,271.5,"GPCC Full v2020 to 2019 + Monitoring v2020 after, 1deg (PSL)"
copan,1986,10,99.21,14.5,271.5,"GPCC Full v2020 to 2019 + Monitoring v2020 after, 1deg (PSL)"
copan,1986,11,41.41,14.5,271.5,"GPCC Full v2020 to 2019 + Monitoring v2020 after, 1deg (PSL)"
copan,1986,12,30.82,14.5,271.5,"GPCC Full v2020 to 2019 + Monitoring v2020 after, 1deg (PSL)"
copan,1987,1,17.81,14.5,271.5,"GPCC Full v2020 to 2019 + Monitoring v2020 after, 1deg (PSL)"
copan,1987,2,8.01,14.5,271.5,"GPCC Full v2020 to 2019 + Monitoring v2020 after, 1deg (PSL)"
copan,1987,3,30.48,14.5,271.5,"GPCC Full v2020 to 2019 + Monitoring v2020 after, 1deg (PSL)"
copan,1987,4,33.12,14.5,271.5,"GPCC Full v2020 to 2019 + Monitoring v2020 after, 1deg (PSL)"
copan,1987,5,19.94,14.5,271.5,"GPCC Full v2020 to 2019 + Monitoring v2020 after, 1deg (PSL)"
copan,1987,6,329.75,14.5,271.5,"GPCC Full v2020 to 2019 + Monitoring v2020 after, 1deg (PSL)"
copan,1987,7,204.46,14.5,271.5,"GPCC Full v2020 to 2019 + Monitoring v2020 after, 1deg (PSL)"
copan,1987,8,137.21,14.5,271.5,"GPCC Full v2020 to 2019 + Monitoring v2020 after, 1deg (PSL)"
copan,1987,9,187.82,14.5,271.5,"GPCC Full v2020 to 2019 + Monitoring v2020 after, 1deg (PSL)"
copan,1987,10,52.86,14.5,271.5,"GPCC Full v2020 to 2019 + Monitoring v2020 after, 1deg (PSL)"
copan,1987,11,36.58,14.5,271.5,"GPCC Full v2020 to 2019 + Monitoring v2020 after, 1deg (PSL)"
copan,1987,12,43.03,14.5,271.5,"GPCC Full v2020 to 2019 + Monitoring v2020 after, 1deg (PSL)"
copan,1988,1,45.48,14.5,271.5,"GPCC Full v2020 to 2019 + Monitoring v2020 after, 1deg (PSL)"
copan,1988,2,23.25,14.5,271.5,"GPCC Full v2020 to 2019 + Monitoring v2020 after, 1deg (PSL)"
copan,1988,3,13.59,14.5,271.5,"GPCC Full v2020 to 2019 + Monitoring v2020 after, 1deg (PSL)"
copan,1988,4,54.93,14.5,271.5,"GPCC Full v2020 to 2019 + Monitoring v2020 after, 1deg (PSL)"
copan,1988,5,115.27,14.5,271.5,"GPCC Full v2020 to 2019 + Monitoring v2020 after, 1deg (PSL)"
copan,1988,6,263.06,14.5,271.5,"GPCC Full v2020 to 2019 + Monitoring v2020 after, 1deg (PSL)"
copan,1988,7,250.9,14.5,271.5,"GPCC Full v2020 to 2019 + Monitoring v2020 after, 1deg (PSL)"
copan,1988,8,297.82,14.5,271.5,"GPCC Full v2020 to 2019 + Monitoring v2020 after, 1deg (PSL)"
copan,1988,9,248.92,14.5,271.5,"GPCC Full v2020 to 2019 + Monitoring v2020 after, 1deg (PSL)"
copan,1988,10,183.92,14.5,271.5,"GPCC Full v2020 to 2019 + Monitoring v2020 after, 1deg (PSL)"
copan,1988,11,43.7,14.5,271.5,"GPCC Full v2020 to 2019 + Monitoring v2020 after, 1deg (PSL)"
copan,1988,12,52.97,14.5,271.5,"GPCC Full v2020 to 2019 + Monitoring v2020 after, 1deg (PSL)"
copan,1989,1,39.26,14.5,271.5,"GPCC Full v2020 to 2019 + Monitoring v2020 after, 1deg (PSL)"
copan,1989,2,24.03,14.5,271.5,"GPCC Full v2020 to 2019 + Monitoring v2020 after, 1deg (PSL)"
copan,1989,3,22.39,14.5,271.5,"GPCC Full v2020 to 2019 + Monitoring v2020 after, 1deg (PSL)"
copan,1989,4,78.62,14.5,271.5,"GPCC Full v2020 to 2019 + Monitoring v2020 after, 1deg (PSL)"
copan,1989,5,189.74,14.5,271.5,"GPCC Full v2020 to 2019 + Monitoring v2020 after, 1deg (PSL)"
copan,1989,6,304.55,14.5,271.5,"GPCC Full v2020 to 2019 + Monitoring v2020 after, 1deg (PSL)"
copan,1989,7,175.64,14.5,271.5,"GPCC Full v2020 to 2019 + Monitoring v2020 after, 1deg (PSL)"
copan,1989,8,233.94,14.5,271.5,"GPCC Full v2020 to 2019 + Monitoring v2020 after, 1deg (PSL)"
copan,1989,9,299.25,14.5,271.5,"GPCC Full v2020 to 2019 + Monitoring v2020 after, 1deg (PSL)"
copan,1989,10,159.07,14.5,271.5,"GPCC Full v2020 to 2019 + Monitoring v2020 after, 1deg (PSL)"
copan,1989,11,75.03,14.5,271.5,"GPCC Full v2020 to 2019 + Monitoring v2020 after, 1deg (PSL)"
copan,1989,12,41.96,14.5,271.5,"GPCC Full v2020 to 2019 + Monitoring v2020 after, 1deg (PSL)"
copan,1990,1,20.9,14.5,271.5,"GPCC Full v2020 to 2019 + Monitoring v2020 after, 1deg (PSL)"
copan,1990,2,23.11,14.5,271.5,"GPCC Full v2020 to 2019 + Monitoring v2020 after, 1deg (PSL)"
copan,1990,3,25.79,14.5,271.5,"GPCC Full v2020 to 2019 + Monitoring v2020 after, 1deg (PSL)"
copan,1990,4,55.16,14.5,271.5,"GPCC Full v2020 to 2019 + Monitoring v2020 after, 1deg (PSL)"
copan,1990,5,137.78,14.5,271.5,"GPCC Full v2020 to 2019 + Monitoring v2020 after, 1deg (PSL)"
copan,1990,6,270.72,14.5,271.5,"GPCC Full v2020 to 2019 + Monitoring v2020 after, 1deg (PSL)"
copan,1990,7,237.9,14.5,271.5,"GPCC Full v2020 to 2019 + Monitoring v2020 after, 1deg (PSL)"
copan,1990,8,171.16,14.5,271.5,"GPCC Full v2020 to 2019 + Monitoring v2020 after, 1deg (PSL)"
copan,1990,9,251.86,14.5,271.5,"GPCC Full v2020 to 2019 + Monitoring v2020 after, 1deg (PSL)"
copan,1990,10,120.74,14.5,271.5,"GPCC Full v2020 to 2019 + Monitoring v2020 after, 1deg (PSL)"
copan,1990,11,162.61,14.5,271.5,"GPCC Full v2020 to 2019 + Monitoring v2020 after, 1deg (PSL)"
copan,1990,12,42.81,14.5,271.5,"GPCC Full v2020 to 2019 + Monitoring v2020 after, 1deg (PSL)"
copan,1991,1,28.27,14.5,271.5,"GPCC Full v2020 to 2019 + Monitoring v2020 after, 1deg (PSL)"
copan,1991,2,13.61,14.5,271.5,"GPCC Full v2020 to 2019 + Monitoring v2020 after, 1deg (PSL)"
copan,1991,3,7.66,14.5,271.5,"GPCC Full v2020 to 2019 + Monitoring v2020 after, 1deg (PSL)"
copan,1991,4,31.16,14.5,271.5,"GPCC Full v2020 to 2019 + Monitoring v2020 after, 1deg (PSL)"
copan,1991,5,137.68,14.5,271.5,"GPCC Full v2020 to 2019 + Monitoring v2020 after, 1deg (PSL)"
copan,1991,6,250.88,14.5,271.5,"GPCC Full v2020 to 2019 + Monitoring v2020 after, 1deg (PSL)"
copan,1991,7,159.15,14.5,271.5,"GPCC Full v2020 to 2019 + Monitoring v2020 after, 1deg (PSL)"
copan,1991,8,172.16,14.5,271.5,"GPCC Full v2020 to 2019 + Monitoring v2020 after, 1deg (PSL)"
copan,1991,9,226.48,14.5,271.5,"GPCC Full v2020 to 2019 + Monitoring v2020 after, 1deg (PSL)"
copan,1991,10,209.13,14.5,271.5,"GPCC Full v2020 to 2019 + Monitoring v2020 after, 1deg (PSL)"
copan,1991,11,54.78,14.5,271.5,"GPCC Full v2020 to 2019 + Monitoring v2020 after, 1deg (PSL)"
copan,1991,12,85.89,14.5,271.5,"GPCC Full v2020 to 2019 + Monitoring v2020 after, 1deg (PSL)"
copan,1992,1,37.72,14.5,271.5,"GPCC Full v2020 to 2019 + Monitoring v2020 after, 1deg (PSL)"
copan,1992,2,9.71,14.5,271.5,"GPCC Full v2020 to 2019 + Monitoring v2020 after, 1deg (PSL)"
copan,1992,3,17.82,14.5,271.5,"GPCC Full v2020 to 2019 + Monitoring v2020 after, 1deg (PSL)"
copan,1992,4,80.51,14.5,271.5,"GPCC Full v2020 to 2019 + Monitoring v2020 after, 1deg (PSL)"
copan,1992,5,109.56,14.5,271.5,"GPCC Full v2020 to 2019 + Monitoring v2020 after, 1deg (PSL)"
copan,1992,6,473.05,14.5,271.5,"GPCC Full v2020 to 2019 + Monitoring v2020 after, 1deg (PSL)"
copan,1992,7,215.84,14.5,271.5,"GPCC Full v2020 to 2019 + Monitoring v2020 after, 1deg (PSL)"
copan,1992,8,248.64,14.5,271.5,"GPCC Full v2020 to 2019 + Monitoring v2020 after, 1deg (PSL)"
copan,1992,9,206.08,14.5,271.5,"GPCC Full v2020 to 2019 + Monitoring v2020 after, 1deg (PSL)"
copan,1992,10,95.27,14.5,271.5,"GPCC Full v2020 to 2019 + Monitoring v2020 after, 1deg (PSL)"
copan,1992,11,73.58,14.5,271.5,"GPCC Full v2020 to 2019 + Monitoring v2020 after, 1deg (PSL)"
copan,1992,12,47.78,14.5,271.5,"GPCC Full v2020 to 2019 + Monitoring v2020 after, 1deg (PSL)"
copan,1993,1,23.74,14.5,271.5,"GPCC Full v2020 to 2019 + Monitoring v2020 after, 1deg (PSL)"
copan,1993,2,13.93,14.5,271.5,"GPCC Full v2020 to 2019 + Monitoring v2020 after, 1deg (PSL)"
copan,1993,3,38.23,14.5,271.5,"GPCC Full v2020 to 2019 + Monitoring v2020 after, 1deg (PSL)"
copan,1993,4,34.3,14.5,271.5,"GPCC Full v2020 to 2019 + Monitoring v2020 after, 1deg (PSL)"
copan,1993,5,118.88,14.5,271.5,"GPCC Full v2020 to 2019 + Monitoring v2020 after, 1deg (PSL)"
copan,1993,6,234.88,14.5,271.5,"GPCC Full v2020 to 2019 + Monitoring v2020 after, 1deg (PSL)"
copan,1993,7,143.31,14.5,271.5,"GPCC Full v2020 to 2019 + Monitoring v2020 after, 1deg (PSL)"
copan,1993,8,295.42,14.5,271.5,"GPCC Full v2020 to 2019 + Monitoring v2020 after, 1deg (PSL)"
copan,1993,9,231.05,14.5,271.5,"GPCC Full v2020 to 2019 + Monitoring v2020 after, 1deg (PSL)"
copan,1993,10,150.25,14.5,271.5,"GPCC Full v2020 to 2019 + Monitoring v2020 after, 1deg (PSL)"
copan,1993,11,31.46,14.5,271.5,"GPCC Full v2020 to 2019 + Monitoring v2020 after, 1deg (PSL)"
copan,1993,12,28.07,14.5,271.5,"GPCC Full v2020 to 2019 + Monitoring v2020 after, 1deg (PSL)"
copan,1994,1,24.99,14.5,271.5,"GPCC Full v2020 to 2019 + Monitoring v2020 after, 1deg (PSL)"
copan,1994,2,13.34,14.5,271.5,"GPCC Full v2020 to 2019 + Monitoring v2020 after, 1deg (PSL)"
copan,1994,3,10.82,14.5,271.5,"GPCC Full v2020 to 2019 + Monitoring v2020 after, 1deg (PSL)"
copan,1994,4,46.23,14.5,271.5,"GPCC Full v2020 to 2019 + Monitoring v2020 after, 1deg (PSL)"
copan,1994,5,124.46,14.5,271.5,"GPCC Full v2020 to 2019 + Monitoring v2020 after, 1deg (PSL)"
copan,1994,6,173.75,14.5,271.5,"GPCC Full v2020 to 2019 + Monitoring v2020 after, 1deg (PSL)"
copan,1994,7,61.1,14.5,271.5,"GPCC Full v2020 to 2019 + Monitoring v2020 after, 1deg (PSL)"
copan,1994,8,316.73,14.5,271.5,"GPCC Full v2020 to 2019 + Monitoring v2020 after, 1deg (PSL)"
copan,1994,9,213.2,14.5,271.5,"GPCC Full v2020 to 2019 + Monitoring v2020 after, 1deg (PSL)"
copan,1994,10,110.05,14.5,271.5,"GPCC Full v2020 to 2019 + Monitoring v2020 after, 1deg (PSL)"
copan,1994,11,43.27,14.5,271.5,"GPCC Full v2020 to 2019 + Monitoring v2020 after, 1deg (PSL)"
copan,1994,12,27.06,14.5,271.5,"GPCC Full v2020 to 2019 + Monitoring v2020 after, 1deg (PSL)"
copan,1995,1,20.85,14.5,271.5,"GPCC Full v2020 to 2019 + Monitoring v2020 after, 1deg (PSL)"
copan,1995,2,20.58,14.5,271.5,"GPCC Full v2020 to 2019 + Monitoring v2020 after, 1deg (PSL)"
copan,1995,3,19.88,14.5,271.5,"GPCC Full v2020 to 2019 + Monitoring v2020 after, 1deg (PSL)"
copan,1995,4,74.79,14.5,271.5,"GPCC Full v2020 to 2019 + Monitoring v2020 after, 1deg (PSL)"
copan,1995,5,170.38,14.5,271.5,"GPCC Full v2020 to 2019 + Monitoring v2020 after, 1deg (PSL)"
copan,1995,6,198.55,14.5,271.5,"GPCC Full v2020 to 2019 + Monitoring v2020 after, 1deg (PSL)"
copan,1995,7,231.5,14.5,271.5,"GPCC Full v2020 to 2019 + Monitoring v2020 after, 1deg (PSL)"
copan,1995,8,351.89,14.5,271.5,"GPCC Full v2020 to 2019 + Monitoring v2020 after, 1deg (PSL)"
copan,1995,9,308.9,14.5,271.5,"GPCC Full v2020 to 2019 + Monitoring v2020 after, 1deg (PSL)"
copan,1995,10,94.96,14.5,271.5,"GPCC Full v2020 to 2019 + Monitoring v2020 after, 1deg (PSL)"
copan,1995,11,29.78,14.5,271.5,"GPCC Full v2020 to 2019 + Monitoring v2020 after, 1deg (PSL)"
copan,1995,12,86.56,14.5,271.5,"GPCC Full v2020 to 2019 + Monitoring v2020 after, 1deg (PSL)"
copan,1996,1,17.52,14.5,271.5,"GPCC Full v2020 to 2019 + Monitoring v2020 after, 1deg (PSL)"
copan,1996,2,30.05,14.5,271.5,"GPCC Full v2020 to 2019 + Monitoring v2020 after, 1deg (PSL)"
copan,1996,3,9.65,14.5,271.5,"GPCC Full v2020 to 2019 + Monitoring v2020 after, 1deg (PSL)"
copan,1996,4,129.13,14.5,271.5,"GPCC Full v2020 to 2019 + Monitoring v2020 after, 1deg (PSL)"
copan,1996,5,208.32,14.5,271.5,"GPCC Full v2020 to 2019 + Monitoring v2020 after, 1deg (PSL)"
copan,1996,6,126.82,14.5,271.5,"GPCC Full v2020 to 2019 + Monitoring v2020 after, 1deg (PSL)"
copan,1996,7,305.25,14.5,271.5,"GPCC Full v2020 to 2019 + Monitoring v2020 after, 1deg (PSL)"
copan,1996,8,227.0,14.5,271.5,"GPCC Full v2020 to 2019 + Monitoring v2020 after, 1deg (PSL)"
copan,1996,9,227.15,14.5,271.5,"GPCC Full v2020 to 2019 + Monitoring v2020 after, 1deg (PSL)"
copan,1996,10,148.35,14.5,271.5,"GPCC Full v2020 to 2019 + Monitoring v2020 after, 1deg (PSL)"
copan,1996,11,114.81,14.5,271.5,"GPCC Full v2020 to 2019 + Monitoring v2020 after, 1deg (PSL)"
copan,1996,12,25.08,14.5,271.5,"GPCC Full v2020 to 2019 + Monitoring v2020 after, 1deg (PSL)"
copan,1997,1,42.11,14.5,271.5,"GPCC Full v2020 to 2019 + Monitoring v2020 after, 1deg (PSL)"
copan,1997,2,27.98,14.5,271.5,"GPCC Full v2020 to 2019 + Monitoring v2020 after, 1deg (PSL)"
copan,1997,3,35.3,14.5,271.5,"GPCC Full v2020 to 2019 + Monitoring v2020 after, 1deg (PSL)"
copan,1997,4,25.9,14.5,271.5,"GPCC Full v2020 to 2019 + Monitoring v2020 after, 1deg (PSL)"
copan,1997,5,73.68,14.5,271.5,"GPCC Full v2020 to 2019 + Monitoring v2020 after, 1deg (PSL)"
copan,1997,6,404.41,14.5,271.5,"GPCC Full v2020 to 2019 + Monitoring v2020 after, 1deg (PSL)"
copan,1997,7,192.51,14.5,271.5,"GPCC Full v2020 to 2019 + Monitoring v2020 after, 1deg (PSL)"
copan,1997,8,170.56,14.5,271.5,"GPCC Full v2020 to 2019 + Monitoring v2020 after, 1deg (PSL)"
copan,1997,9,188.6,14.5,271.5,"GPCC Full v2020 to 2019 + Monitoring v2020 after, 1deg (PSL)"
copan,1997,10,126.85,14.5,271.5,"GPCC Full v2020 to 2019 + Monitoring v2020 after, 1deg (PSL)"
copan,1997,11,104.94,14.5,271.5,"GPCC Full v2020 to 2019 + Monitoring v2020 after, 1deg (PSL)"
copan,1997,12,19.44,14.5,271.5,"GPCC Full v2020 to 2019 + Monitoring v2020 after, 1deg (PSL)"
copan,1998,1,26.49,14.5,271.5,"GPCC Full v2020 to 2019 + Monitoring v2020 after, 1deg (PSL)"
copan,1998,2,3.38,14.5,271.5,"GPCC Full v2020 to 2019 + Monitoring v2020 after, 1deg (PSL)"
copan,1998,3,23.31,14.5,271.5,"GPCC Full v2020 to 2019 + Monitoring v2020 after, 1deg (PSL)"
copan,1998,4,14.33,14.5,271.5,"GPCC Full v2020 to 2019 + Monitoring v2020 after, 1deg (PSL)"
copan,1998,5,146.74,14.5,271.5,"GPCC Full v2020 to 2019 + Monitoring v2020 after, 1deg (PSL)"
copan,1998,6,194.67,14.5,271.5,"GPCC Full v2020 to 2019 + Monitoring v2020 after, 1deg (PSL)"
copan,1998,7,185.29,14.5,271.5,"GPCC Full v2020 to 2019 + Monitoring v2020 after, 1deg (PSL)"
copan,1998,8,220.36,14.5,271.5,"GPCC Full v2020 to 2019 + Monitoring v2020 after, 1deg (PSL)"
copan,1998,9,104.3,14.5,271.5,"GPCC Full v2020 to 2019 + Monitoring v2020 after, 1deg (PSL)"
copan,1998,10,342.48,14.5,271.5,"GPCC Full v2020 to 2019 + Monitoring v2020 after, 1deg (PSL)"
copan,1998,11,114.78,14.5,271.5,"GPCC Full v2020 to 2019 + Monitoring v2020 after, 1deg (PSL)"
copan,1998,12,32.16,14.5,271.5,"GPCC Full v2020 to 2019 + Monitoring v2020 after, 1deg (PSL)"
copan,1999,1,29.87,14.5,271.5,"GPCC Full v2020 to 2019 + Monitoring v2020 after, 1deg (PSL)"
copan,1999,2,26.93,14.5,271.5,"GPCC Full v2020 to 2019 + Monitoring v2020 after, 1deg (PSL)"
copan,1999,3,9.3,14.5,271.5,"GPCC Full v2020 to 2019 + Monitoring v2020 after, 1deg (PSL)"
copan,1999,4,17.34,14.5,271.5,"GPCC Full v2020 to 2019 + Monitoring v2020 after, 1deg (PSL)"
copan,1999,5,83.59,14.5,271.5,"GPCC Full v2020 to 2019 + Monitoring v2020 after, 1deg (PSL)"
copan,1999,6,304.74,14.5,271.5,"GPCC Full v2020 to 2019 + Monitoring v2020 after, 1deg (PSL)"
copan,1999,7,159.75,14.5,271.5,"GPCC Full v2020 to 2019 + Monitoring v2020 after, 1deg (PSL)"
copan,1999,8,277.61,14.5,271.5,"GPCC Full v2020 to 2019 + Monitoring v2020 after, 1deg (PSL)"
copan,1999,9,321.61,14.5,271.5,"GPCC Full v2020 to 2019 + Monitoring v2020 after, 1deg (PSL)"
copan,1999,10,169.47,14.5,271.5,"GPCC Full v2020 to 2019 + Monitoring v2020 after, 1deg (PSL)"
copan,1999,11,40.62,14.5,271.5,"GPCC Full v2020 to 2019 + Monitoring v2020 after, 1deg (PSL)"
copan,1999,12,37.37,14.5,271.5,"GPCC Full v2020 to 2019 + Monitoring v2020 after, 1deg (PSL)"
copan,2000,1,29.14,14.5,271.5,"GPCC Full v2020 to 2019 + Monitoring v2020 after, 1deg (PSL)"
copan,2000,2,17.94,14.5,271.5,"GPCC Full v2020 to 2019 + Monitoring v2020 after, 1deg (PSL)"
copan,2000,3,8.77,14.5,271.5,"GPCC Full v2020 to 2019 + Monitoring v2020 after, 1deg (PSL)"
copan,2000,4,17.17,14.5,271.5,"GPCC Full v2020 to 2019 + Monitoring v2020 after, 1deg (PSL)"
copan,2000,5,361.94,14.5,271.5,"GPCC Full v2020 to 2019 + Monitoring v2020 after, 1deg (PSL)"
copan,2000,6,253.21,14.5,271.5,"GPCC Full v2020 to 2019 + Monitoring v2020 after, 1deg (PSL)"
copan,2000,7,132.54,14.5,271.5,"GPCC Full v2020 to 2019 + Monitoring v2020 after, 1deg (PSL)"
copan,2000,8,216.69,14.5,271.5,"GPCC Full v2020 to 2019 + Monitoring v2020 after, 1deg (PSL)"
copan,2000,9,244.18,14.5,271.5,"GPCC Full v2020 to 2019 + Monitoring v2020 after, 1deg (PSL)"
copan,2000,10,128.72,14.5,271.5,"GPCC Full v2020 to 2019 + Monitoring v2020 after, 1deg (PSL)"
copan,2000,11,35.94,14.5,271.5,"GPCC Full v2020 to 2019 + Monitoring v2020 after, 1deg (PSL)"
copan,2000,12,32.2,14.5,271.5,"GPCC Full v2020 to 2019 + Monitoring v2020 after, 1deg (PSL)"
copan,2001,1,17.87,14.5,271.5,"GPCC Full v2020 to 2019 + Monitoring v2020 after, 1deg (PSL)"
copan,2001,2,52.73,14.5,271.5,"GPCC Full v2020 to 2019 + Monitoring v2020 after, 1deg (PSL)"
copan,2001,3,7.66,14.5,271.5,"GPCC Full v2020 to 2019 + Monitoring v2020 after, 1deg (PSL)"
copan,2001,4,5.84,14.5,271.5,"GPCC Full v2020 to 2019 + Monitoring v2020 after, 1deg (PSL)"
copan,2001,5,103.43,14.5,271.5,"GPCC Full v2020 to 2019 + Monitoring v2020 after, 1deg (PSL)"
copan,2001,6,89.65,14.5,271.5,"GPCC Full v2020 to 2019 + Monitoring v2020 after, 1deg (PSL)"
copan,2001,7,159.29,14.5,271.5,"GPCC Full v2020 to 2019 + Monitoring v2020 after, 1deg (PSL)"
copan,2001,8,220.35,14.5,271.5,"GPCC Full v2020 to 2019 + Monitoring v2020 after, 1deg (PSL)"
copan,2001,9,199.19,14.5,271.5,"GPCC Full v2020 to 2019 + Monitoring v2020 after, 1deg (PSL)"
copan,2001,10,99.9,14.5,271.5,"GPCC Full v2020 to 2019 + Monitoring v2020 after, 1deg (PSL)"
copan,2001,11,35.87,14.5,271.5,"GPCC Full v2020 to 2019 + Monitoring v2020 after, 1deg (PSL)"
copan,2001,12,26.7,14.5,271.5,"GPCC Full v2020 to 2019 + Monitoring v2020 after, 1deg (PSL)"
copan,2002,1,18.68,14.5,271.5,"GPCC Full v2020 to 2019 + Monitoring v2020 after, 1deg (PSL)"
copan,2002,2,23.17,14.5,271.5,"GPCC Full v2020 to 2019 + Monitoring v2020 after, 1deg (PSL)"
copan,2002,3,13.24,14.5,271.5,"GPCC Full v2020 to 2019 + Monitoring v2020 after, 1deg (PSL)"
copan,2002,4,7.49,14.5,271.5,"GPCC Full v2020 to 2019 + Monitoring v2020 after, 1deg (PSL)"
copan,2002,5,153.16,14.5,271.5,"GPCC Full v2020 to 2019 + Monitoring v2020 after, 1deg (PSL)"
copan,2002,6,210.52,14.5,271.5,"GPCC Full v2020 to 2019 + Monitoring v2020 after, 1deg (PSL)"
copan,2002,7,181.35,14.5,271.5,"GPCC Full v2020 to 2019 + Monitoring v2020 after, 1deg (PSL)"
copan,2002,8,166.4,14.5,271.5,"GPCC Full v2020 to 2019 + Monitoring v2020 after, 1deg (PSL)"
copan,2002,9,287.42,14.5,271.5,"GPCC Full v2020 to 2019 + Monitoring v2020 after, 1deg (PSL)"
copan,2002,10,125.78,14.5,271.5,"GPCC Full v2020 to 2019 + Monitoring v2020 after, 1deg (PSL)"
copan,2002,11,80.18,14.5,271.5,"GPCC Full v2020 to 2019 + Monitoring v2020 after, 1deg (PSL)"
copan,2002,12,37.42,14.5,271.5,"GPCC Full v2020 to 2019 + Monitoring v2020 after, 1deg (PSL)"
copan,2003,1,40.61,14.5,271.5,"GPCC Full v2020 to 2019 + Monitoring v2020 after, 1deg (PSL)"
copan,2003,2,16.6,14.5,271.5,"GPCC Full v2020 to 2019 + Monitoring v2020 after, 1deg (PSL)"
copan,2003,3,79.14,14.5,271.5,"GPCC Full v2020 to 2019 + Monitoring v2020 after, 1deg (PSL)"
copan,2003,4,40.11,14.5,271.5,"GPCC Full v2020 to 2019 + Monitoring v2020 after, 1deg (PSL)"
copan,2003,5,129.58,14.5,271.5,"GPCC Full v2020 to 2019 + Monitoring v2020 after, 1deg (PSL)"
copan,2003,6,267.33,14.5,271.5,"GPCC Full v2020 to 2019 + Monitoring v2020 after, 1deg (PSL)"
copan,2003,7,151.1,14.5,271.5,"GPCC Full v2020 to 2019 + Monitoring v2020 after, 1deg (PSL)"
copan,2003,8,201.26,14.5,271.5,"GPCC Full v2020 to 2019 + Monitoring v2020 after, 1deg (PSL)"
copan,2003,9,327.71,14.5,271.5,"GPCC Full v2020 to 2019 + Monitoring v2020 after, 1deg (PSL)"
copan,2003,10,143.72,14.5,271.5,"GPCC Full v2020 to 2019 + Monitoring v2020 after, 1deg (PSL)"
copan,2003,11,93.78,14.5,271.5,"GPCC Full v2020 to 2019 + Monitoring v2020 after, 1deg (PSL)"
copan,2003,12,28.08,14.5,271.5,"GPCC Full v2020 to 2019 + Monitoring v2020 after, 1deg (PSL)"
copan,2004,1,27.77,14.5,271.5,"GPCC Full v2020 to 2019 + Monitoring v2020 after, 1deg (PSL)"
copan,2004,2,26.4,14.5,271.5,"GPCC Full v2020 to 2019 + Monitoring v2020 after, 1deg (PSL)"
copan,2004,3,15.4,14.5,271.5,"GPCC Full v2020 to 2019 + Monitoring v2020 after, 1deg (PSL)"
copan,2004,4,73.41,14.5,271.5,"GPCC Full v2020 to 2019 + Monitoring v2020 after, 1deg (PSL)"
copan,2004,5,138.5,14.5,271.5,"GPCC Full v2020 to 2019 + Monitoring v2020 after, 1deg (PSL)"
copan,2004,6,258.42,14.5,271.5,"GPCC Full v2020 to 2019 + Monitoring v2020 after, 1deg (PSL)"
copan,2004,7,151.7,14.5,271.5,"GPCC Full v2020 to 2019 + Monitoring v2020 after, 1deg (PSL)"
copan,2004,8,124.4,14.5,271.5,"GPCC Full v2020 to 2019 + Monitoring v2020 after, 1deg (PSL)"
copan,2004,9,170.12,14.5,271.5,"GPCC Full v2020 to 2019 + Monitoring v2020 after, 1deg (PSL)"
copan,2004,10,175.86,14.5,271.5,"GPCC Full v2020 to 2019 + Monitoring v2020 after, 1deg (PSL)"
copan,2004,11,48.38,14.5,271.5,"GPCC Full v2020 to 2019 + Monitoring v2020 after, 1deg (PSL)"
copan,2004,12,26.55,14.5,271.5,"GPCC Full v2020 to 2019 + Monitoring v2020 after, 1deg (PSL)"
copan,2005,1,17.72,14.5,271.5,"GPCC Full v2020 to 2019 + Monitoring v2020 after, 1deg (PSL)"
copan,2005,2,8.67,14.5,271.5,"GPCC Full v2020 to 2019 + Monitoring v2020 after, 1deg (PSL)"
copan,2005,3,29.91,14.5,271.5,"GPCC Full v2020 to 2019 + Monitoring v2020 after, 1deg (PSL)"
copan,2005,4,45.69,14.5,271.5,"GPCC Full v2020 to 2019 + Monitoring v2020 after, 1deg (PSL)"
copan,2005,5,126.28,14.5,271.5,"GPCC Full v2020 to 2019 + Monitoring v2020 after, 1deg (PSL)"
copan,2005,6,192.75,14.5,271.5,"GPCC Full v2020 to 2019 + Monitoring v2020 after, 1deg (PSL)"
copan,2005,7,182.88,14.5,271.5,"GPCC Full v2020 to 2019 + Monitoring v2020 after, 1deg (PSL)"
copan,2005,8,182.57,14.5,271.5,"GPCC Full v2020 to 2019 + Monitoring v2020 after, 1deg (PSL)"
copan,2005,9,224.67,14.5,271.5,"GPCC Full v2020 to 2019 + Monitoring v2020 after, 1deg (PSL)"
copan,2005,10,146.2,14.5,271.5,"GPCC Full v2020 to 2019 + Monitoring v2020 after, 1deg (PSL)"
copan,2005,11,48.77,14.5,271.5,"GPCC Full v2020 to 2019 + Monitoring v2020 after, 1deg (PSL)"
copan,2005,12,20.16,14.5,271.5,"GPCC Full v2020 to 2019 + Monitoring v2020 after, 1deg (PSL)"
copan,2006,1,22.99,14.5,271.5,"GPCC Full v2020 to 2019 + Monitoring v2020 after, 1deg (PSL)"
copan,2006,2,13.75,14.5,271.5,"GPCC Full v2020 to 2019 + Monitoring v2020 after, 1deg (PSL)"
copan,2006,3,9.17,14.5,271.5,"GPCC Full v2020 to 2019 + Monitoring v2020 after, 1deg (PSL)"
copan,2006,4,56.27,14.5,271.5,"GPCC Full v2020 to 2019 + Monitoring v2020 after, 1deg (PSL)"
copan,2006,5,85.16,14.5,271.5,"GPCC Full v2020 to 2019 + Monitoring v2020 after, 1deg (PSL)"
copan,2006,6,235.37,14.5,271.5,"GPCC Full v2020 to 2019 + Monitoring v2020 after, 1deg (PSL)"
copan,2006,7,154.56,14.5,271.5,"GPCC Full v2020 to 2019 + Monitoring v2020 after, 1deg (PSL)"
copan,2006,8,143.52,14.5,271.5,"GPCC Full v2020 to 2019 + Monitoring v2020 after, 1deg (PSL)"
copan,2006,9,197.67,14.5,271.5,"GPCC Full v2020 to 2019 + Monitoring v2020 after, 1deg (PSL)"
copan,2006,10,138.25,14.5,271.5,"GPCC Full v2020 to 2019 + Monitoring v2020 after, 1deg (PSL)"
copan,2006,11,39.98,14.5,271.5,"GPCC Full v2020 to 2019 + Monitoring v2020 after, 1deg (PSL)"
copan,2006,12,55.03,14.5,271.5,"GPCC Full v2020 to 2019 + Monitoring v2020 after, 1deg (PSL)"
copan,2007,1,25.79,14.5,271.5,"GPCC Full v2020 to 2019 + Monitoring v2020 after, 1deg (PSL)"
copan,2007,2,15.0,14.5,271.5,"GPCC Full v2020 to 2019 + Monitoring v2020 after, 1deg (PSL)"
copan,2007,3,18.02,14.5,271.5,"GPCC Full v2020 to 2019 + Monitoring v2020 after, 1deg (PSL)"
copan,2007,4,47.12,14.5,271.5,"GPCC Full v2020 to 2019 + Monitoring v2020 after, 1deg (PSL)"
copan,2007,5,101.96,14.5,271.5,"GPCC Full v2020 to 2019 + Monitoring v2020 after, 1deg (PSL)"
copan,2007,6,198.84,14.5,271.5,"GPCC Full v2020 to 2019 + Monitoring v2020 after, 1deg (PSL)"
copan,2007,7,219.21,14.5,271.5,"GPCC Full v2020 to 2019 + Monitoring v2020 after, 1deg (PSL)"
copan,2007,8,242.99,14.5,271.5,"GPCC Full v2020 to 2019 + Monitoring v2020 after, 1deg (PSL)"
copan,2007,9,339.82,14.5,271.5,"GPCC Full v2020 to 2019 + Monitoring v2020 after, 1deg (PSL)"
copan,2007,10,239.71,14.5,271.5,"GPCC Full v2020 to 2019 + Monitoring v2020 after, 1deg (PSL)"
copan,2007,11,54.17,14.5,271.5,"GPCC Full v2020 to 2019 + Monitoring v2020 after, 1deg (PSL)"
copan,2007,12,21.83,14.5,271.5,"GPCC Full v2020 to 2019 + Monitoring v2020 after, 1deg (PSL)"
copan,2008,1,32.65,14.5,271.5,"GPCC Full v2020 to 2019 + Monitoring v2020 after, 1deg (PSL)"
copan,2008,2,19.99,14.5,271.5,"GPCC Full v2020 to 2019 + Monitoring v2020 after, 1deg (PSL)"
copan,2008,3,13.59,14.5,271.5,"GPCC Full v2020 to 2019 + Monitoring v2020 after, 1deg (PSL)"
copan,2008,4,57.96,14.5,271.5,"GPCC Full v2020 to 2019 + Monitoring v2020 after, 1deg (PSL)"
copan,2008,5,142.65,14.5,271.5,"GPCC Full v2020 to 2019 + Monitoring v2020 after, 1deg (PSL)"
copan,2008,6,173.06,14.5,271.5,"GPCC Full v2020 to 2019 + Monitoring v2020 after, 1deg (PSL)"
copan,2008,7,378.13,14.5,271.5,"GPCC Full v2020 to 2019 + Monitoring v2020 after, 1deg (PSL)"
copan,2008,8,299.96,14.5,271.5,"GPCC Full v2020 to 2019 + Monitoring v2020 after, 1deg (PSL)"
copan,2008,9,376.92,14.5,271.5,"GPCC Full v2020 to 2019 + Monitoring v2020 after, 1deg (PSL)"
copan,2008,10,253.33,14.5,271.5,"GPCC Full v2020 to 2019 + Monitoring v2020 after, 1deg (PSL)"
copan,2008,11,35.59,14.5,271.5,"GPCC Full v2020 to 2019 + Monitoring v2020 after, 1deg (PSL)"
copan,2008,12,30.08,14.5,271.5,"GPCC Full v2020 to 2019 + Monitoring v2020 after, 1deg (PSL)"
copan,2009,1,29.4,14.5,271.5,"GPCC Full v2020 to 2019 + Monitoring v2020 after, 1deg (PSL)"
copan,2009,2,46.2,14.5,271.5,"GPCC Full v2020 to 2019 + Monitoring v2020 after, 1deg (PSL)"
copan,2009,3,10.92,14.5,271.5,"GPCC Full v2020 to 2019 + Monitoring v2020 after, 1deg (PSL)"
copan,2009,4,16.34,14.5,271.5,"GPCC Full v2020 to 2019 + Monitoring v2020 after, 1deg (PSL)"
copan,2009,5,233.94,14.5,271.5,"GPCC Full v2020 to 2019 + Monitoring v2020 after, 1deg (PSL)"
copan,2009,6,346.65,14.5,271.5,"GPCC Full v2020 to 2019 + Monitoring v2020 after, 1deg (PSL)"
copan,2009,7,175.37,14.5,271.5,"GPCC Full v2020 to 2019 + Monitoring v2020 after, 1deg (PSL)"
copan,2009,8,211.12,14.5,271.5,"GPCC Full v2020 to 2019 + Monitoring v2020 after, 1deg (PSL)"
copan,2009,9,145.7,14.5,271.5,"GPCC Full v2020 to 2019 + Monitoring v2020 after, 1deg (PSL)"
copan,2009,10,126.65,14.5,271.5,"GPCC Full v2020 to 2019 + Monitoring v2020 after, 1deg (PSL)"
copan,2009,11,146.22,14.5,271.5,"GPCC Full v2020 to 2019 + Monitoring v2020 after, 1deg (PSL)"
copan,2009,12,36.26,14.5,271.5,"GPCC Full v2020 to 2019 + Monitoring v2020 after, 1deg (PSL)"
copan,2010,1,27.26,14.5,271.5,"GPCC Full v2020 to 2019 + Monitoring v2020 after, 1deg (PSL)"
copan,2010,2,20.38,14.5,271.5,"GPCC Full v2020 to 2019 + Monitoring v2020 after, 1deg (PSL)"
copan,2010,3,5.48,14.5,271.5,"GPCC Full v2020 to 2019 + Monitoring v2020 after, 1deg (PSL)"
copan,2010,4,142.98,14.5,271.5,"GPCC Full v2020 to 2019 + Monitoring v2020 after, 1deg (PSL)"
copan,2010,5,111.78,14.5,271.5,"GPCC Full v2020 to 2019 + Monitoring v2020 after, 1deg (PSL)"
copan,2010,6,302.97,14.5,271.5,"GPCC Full v2020 to 2019 + Monitoring v2020 after, 1deg (PSL)"
copan,2010,7,223.84,14.5,271.5,"GPCC Full v2020 to 2019 + Monitoring v2020 after, 1deg (PSL)"
copan,2010,8,406.28,14.5,271.5,"GPCC Full v2020 to 2019 + Monitoring v2020 after, 1deg (PSL)"
copan,2010,9,272.0,14.5,271.5,"GPCC Full v2020 to 2019 + Monitoring v2020 after, 1deg (PSL)"
copan,2010,10,38.91,14.5,271.5,"GPCC Full v2020 to 2019 + Monitoring v2020 after, 1deg (PSL)"
copan,2010,11,40.87,14.5,271.5,"GPCC Full v2020 to 2019 + Monitoring v2020 after, 1deg (PSL)"
copan,2010,12,24.69,14.5,271.5,"GPCC Full v2020 to 2019 + Monitoring v2020 after, 1deg (PSL)"
copan,2011,1,39.56,14.5,271.5,"GPCC Full v2020 to 2019 + Monitoring v2020 after, 1deg (PSL)"
copan,2011,2,43.04,14.5,271.5,"GPCC Full v2020 to 2019 + Monitoring v2020 after, 1deg (PSL)"
copan,2011,3,23.67,14.5,271.5,"GPCC Full v2020 to 2019 + Monitoring v2020 after, 1deg (PSL)"
copan,2011,4,111.6,14.5,271.5,"GPCC Full v2020 to 2019 + Monitoring v2020 after, 1deg (PSL)"
copan,2011,5,176.55,14.5,271.5,"GPCC Full v2020 to 2019 + Monitoring v2020 after, 1deg (PSL)"
copan,2011,6,308.77,14.5,271.5,"GPCC Full v2020 to 2019 + Monitoring v2020 after, 1deg (PSL)"
copan,2011,7,339.88,14.5,271.5,"GPCC Full v2020 to 2019 + Monitoring v2020 after, 1deg (PSL)"
copan,2011,8,208.11,14.5,271.5,"GPCC Full v2020 to 2019 + Monitoring v2020 after, 1deg (PSL)"
copan,2011,9,327.9,14.5,271.5,"GPCC Full v2020 to 2019 + Monitoring v2020 after, 1deg (PSL)"
copan,2011,10,260.74,14.5,271.5,"GPCC Full v2020 to 2019 + Monitoring v2020 after, 1deg (PSL)"
copan,2011,11,58.27,14.5,271.5,"GPCC Full v2020 to 2019 + Monitoring v2020 after, 1deg (PSL)"
copan,2011,12,46.72,14.5,271.5,"GPCC Full v2020 to 2019 + Monitoring v2020 after, 1deg (PSL)"
copan,2012,1,20.53,14.5,271.5,"GPCC Full v2020 to 2019 + Monitoring v2020 after, 1deg (PSL)"
copan,2012,2,22.69,14.5,271.5,"GPCC Full v2020 to 2019 + Monitoring v2020 after, 1deg (PSL)"
copan,2012,3,29.75,14.5,271.5,"GPCC Full v2020 to 2019 + Monitoring v2020 after, 1deg (PSL)"
copan,2012,4,77.0,14.5,271.5,"GPCC Full v2020 to 2019 + Monitoring v2020 after, 1deg (PSL)"
copan,2012,5,235.55,14.5,271.5,"GPCC Full v2020 to 2019 + Monitoring v2020 after, 1deg (PSL)"
copan,2012,6,216.01,14.5,271.5,"GPCC Full v2020 to 2019 + Monitoring v2020 after, 1deg (PSL)"
copan,2012,7,162.87,14.5,271.5,"GPCC Full v2020 to 2019 + Monitoring v2020 after, 1deg (PSL)"
copan,2012,8,373.15,14.5,271.5,"GPCC Full v2020 to 2019 + Monitoring v2020 after, 1deg (PSL)"
copan,2012,9,202.62,14.5,271.5,"GPCC Full v2020 to 2019 + Monitoring v2020 after, 1deg (PSL)"
copan,2012,10,198.08,14.5,271.5,"GPCC Full v2020 to 2019 + Monitoring v2020 after, 1deg (PSL)"
copan,2012,11,47.83,14.5,271.5,"GPCC Full v2020 to 2019 + Monitoring v2020 after, 1deg (PSL)"
copan,2012,12,33.56,14.5,271.5,"GPCC Full v2020 to 2019 + Monitoring v2020 after, 1deg (PSL)"
copan,2013,1,27.34,14.5,271.5,"GPCC Full v2020 to 2019 + Monitoring v2020 after, 1deg (PSL)"
copan,2013,2,12.97,14.5,271.5,"GPCC Full v2020 to 2019 + Monitoring v2020 after, 1deg (PSL)"
copan,2013,3,44.61,14.5,271.5,"GPCC Full v2020 to 2019 + Monitoring v2020 after, 1deg (PSL)"
copan,2013,4,18.14,14.5,271.5,"GPCC Full v2020 to 2019 + Monitoring v2020 after, 1deg (PSL)"
copan,2013,5,170.2,14.5,271.5,"GPCC Full v2020 to 2019 + Monitoring v2020 after, 1deg (PSL)"
copan,2013,6,157.02,14.5,271.5,"GPCC Full v2020 to 2019 + Monitoring v2020 after, 1deg (PSL)"
copan,2013,7,192.72,14.5,271.5,"GPCC Full v2020 to 2019 + Monitoring v2020 after, 1deg (PSL)"
copan,2013,8,194.42,14.5,271.5,"GPCC Full v2020 to 2019 + Monitoring v2020 after, 1deg (PSL)"
copan,2013,9,260.42,14.5,271.5,"GPCC Full v2020 to 2019 + Monitoring v2020 after, 1deg (PSL)"
copan,2013,10,200.09,14.5,271.5,"GPCC Full v2020 to 2019 + Monitoring v2020 after, 1deg (PSL)"
copan,2013,11,68.19,14.5,271.5,"GPCC Full v2020 to 2019 + Monitoring v2020 after, 1deg (PSL)"
copan,2013,12,33.34,14.5,271.5,"GPCC Full v2020 to 2019 + Monitoring v2020 after, 1deg (PSL)"
copan,2014,1,39.34,14.5,271.5,"GPCC Full v2020 to 2019 + Monitoring v2020 after, 1deg (PSL)"
copan,2014,2,21.33,14.5,271.5,"GPCC Full v2020 to 2019 + Monitoring v2020 after, 1deg (PSL)"
copan,2014,3,36.15,14.5,271.5,"GPCC Full v2020 to 2019 + Monitoring v2020 after, 1deg (PSL)"
copan,2014,4,9.21,14.5,271.5,"GPCC Full v2020 to 2019 + Monitoring v2020 after, 1deg (PSL)"
copan,2014,5,165.75,14.5,271.5,"GPCC Full v2020 to 2019 + Monitoring v2020 after, 1deg (PSL)"
copan,2014,6,190.47,14.5,271.5,"GPCC Full v2020 to 2019 + Monitoring v2020 after, 1deg (PSL)"
copan,2014,7,85.49,14.5,271.5,"GPCC Full v2020 to 2019 + Monitoring v2020 after, 1deg (PSL)"
copan,2014,8,276.4,14.5,271.5,"GPCC Full v2020 to 2019 + Monitoring v2020 after, 1deg (PSL)"
copan,2014,9,284.48,14.5,271.5,"GPCC Full v2020 to 2019 + Monitoring v2020 after, 1deg (PSL)"
copan,2014,10,225.51,14.5,271.5,"GPCC Full v2020 to 2019 + Monitoring v2020 after, 1deg (PSL)"
copan,2014,11,87.73,14.5,271.5,"GPCC Full v2020 to 2019 + Monitoring v2020 after, 1deg (PSL)"
copan,2014,12,49.48,14.5,271.5,"GPCC Full v2020 to 2019 + Monitoring v2020 after, 1deg (PSL)"
copan,2015,1,29.67,14.5,271.5,"GPCC Full v2020 to 2019 + Monitoring v2020 after, 1deg (PSL)"
copan,2015,2,23.37,14.5,271.5,"GPCC Full v2020 to 2019 + Monitoring v2020 after, 1deg (PSL)"
copan,2015,3,29.33,14.5,271.5,"GPCC Full v2020 to 2019 + Monitoring v2020 after, 1deg (PSL)"
copan,2015,4,29.87,14.5,271.5,"GPCC Full v2020 to 2019 + Monitoring v2020 after, 1deg (PSL)"
copan,2015,5,53.69,14.5,271.5,"GPCC Full v2020 to 2019 + Monitoring v2020 after, 1deg (PSL)"
copan,2015,6,170.14,14.5,271.5,"GPCC Full v2020 to 2019 + Monitoring v2020 after, 1deg (PSL)"
copan,2015,7,81.11,14.5,271.5,"GPCC Full v2020 to 2019 + Monitoring v2020 after, 1deg (PSL)"
copan,2015,8,109.0,14.5,271.5,"GPCC Full v2020 to 2019 + Monitoring v2020 after, 1deg (PSL)"
copan,2015,9,356.01,14.5,271.5,"GPCC Full v2020 to 2019 + Monitoring v2020 after, 1deg (PSL)"
copan,2015,10,221.48,14.5,271.5,"GPCC Full v2020 to 2019 + Monitoring v2020 after, 1deg (PSL)"
copan,2015,11,120.31,14.5,271.5,"GPCC Full v2020 to 2019 + Monitoring v2020 after, 1deg (PSL)"
copan,2015,12,30.8,14.5,271.5,"GPCC Full v2020 to 2019 + Monitoring v2020 after, 1deg (PSL)"
copan,2016,1,18.17,14.5,271.5,"GPCC Full v2020 to 2019 + Monitoring v2020 after, 1deg (PSL)"
copan,2016,2,28.83,14.5,271.5,"GPCC Full v2020 to 2019 + Monitoring v2020 after, 1deg (PSL)"
copan,2016,3,19.42,14.5,271.5,"GPCC Full v2020 to 2019 + Monitoring v2020 after, 1deg (PSL)"
copan,2016,4,30.03,14.5,271.5,"GPCC Full v2020 to 2019 + Monitoring v2020 after, 1deg (PSL)"
copan,2016,5,77.77,14.5,271.5,"GPCC Full v2020 to 2019 + Monitoring v2020 after, 1deg (PSL)"
copan,2016,6,232.67,14.5,271.5,"GPCC Full v2020 to 2019 + Monitoring v2020 after, 1deg (PSL)"
copan,2016,7,124.28,14.5,271.5,"GPCC Full v2020 to 2019 + Monitoring v2020 after, 1deg (PSL)"
copan,2016,8,184.7,14.5,271.5,"GPCC Full v2020 to 2019 + Monitoring v2020 after, 1deg (PSL)"
copan,2016,9,188.07,14.5,271.5,"GPCC Full v2020 to 2019 + Monitoring v2020 after, 1deg (PSL)"
copan,2016,10,78.2,14.5,271.5,"GPCC Full v2020 to 2019 + Monitoring v2020 after, 1deg (PSL)"
copan,2016,11,64.04,14.5,271.5,"GPCC Full v2020 to 2019 + Monitoring v2020 after, 1deg (PSL)"
copan,2016,12,36.38,14.5,271.5,"GPCC Full v2020 to 2019 + Monitoring v2020 after, 1deg (PSL)"
copan,2017,1,25.32,14.5,271.5,"GPCC Full v2020 to 2019 + Monitoring v2020 after, 1deg (PSL)"
copan,2017,2,9.4,14.5,271.5,"GPCC Full v2020 to 2019 + Monitoring v2020 after, 1deg (PSL)"
copan,2017,3,24.45,14.5,271.5,"GPCC Full v2020 to 2019 + Monitoring v2020 after, 1deg (PSL)"
copan,2017,4,57.78,14.5,271.5,"GPCC Full v2020 to 2019 + Monitoring v2020 after, 1deg (PSL)"
copan,2017,5,249.42,14.5,271.5,"GPCC Full v2020 to 2019 + Monitoring v2020 after, 1deg (PSL)"
copan,2017,6,295.87,14.5,271.5,"GPCC Full v2020 to 2019 + Monitoring v2020 after, 1deg (PSL)"
copan,2017,7,264.83,14.5,271.5,"GPCC Full v2020 to 2019 + Monitoring v2020 after, 1deg (PSL)"
copan,2017,8,183.16,14.5,271.5,"GPCC Full v2020 to 2019 + Monitoring v2020 after, 1deg (PSL)"
copan,2017,9,318.14,14.5,271.5,"GPCC Full v2020 to 2019 + Monitoring v2020 after, 1deg (PSL)"
copan,2017,10,239.37,14.5,271.5,"GPCC Full v2020 to 2019 + Monitoring v2020 after, 1deg (PSL)"
copan,2017,11,48.31,14.5,271.5,"GPCC Full v2020 to 2019 + Monitoring v2020 after, 1deg (PSL)"
copan,2017,12,52.19,14.5,271.5,"GPCC Full v2020 to 2019 + Monitoring v2020 after, 1deg (PSL)"
copan,2018,1,47.76,14.5,271.5,"GPCC Full v2020 to 2019 + Monitoring v2020 after, 1deg (PSL)"
copan,2018,2,14.91,14.5,271.5,"GPCC Full v2020 to 2019 + Monitoring v2020 after, 1deg (PSL)"
copan,2018,3,11.16,14.5,271.5,"GPCC Full v2020 to 2019 + Monitoring v2020 after, 1deg (PSL)"
copan,2018,4,58.12,14.5,271.5,"GPCC Full v2020 to 2019 + Monitoring v2020 after, 1deg (PSL)"
copan,2018,5,159.15,14.5,271.5,"GPCC Full v2020 to 2019 + Monitoring v2020 after, 1deg (PSL)"
copan,2018,6,213.83,14.5,271.5,"GPCC Full v2020 to 2019 + Monitoring v2020 after, 1deg (PSL)"
copan,2018,7,105.54,14.5,271.5,"GPCC Full v2020 to 2019 + Monitoring v2020 after, 1deg (PSL)"
copan,2018,8,136.27,14.5,271.5,"GPCC Full v2020 to 2019 + Monitoring v2020 after, 1deg (PSL)"
copan,2018,9,174.1,14.5,271.5,"GPCC Full v2020 to 2019 + Monitoring v2020 after, 1deg (PSL)"
copan,2018,10,127.79,14.5,271.5,"GPCC Full v2020 to 2019 + Monitoring v2020 after, 1deg (PSL)"
copan,2018,11,34.55,14.5,271.5,"GPCC Full v2020 to 2019 + Monitoring v2020 after, 1deg (PSL)"
copan,2018,12,27.09,14.5,271.5,"GPCC Full v2020 to 2019 + Monitoring v2020 after, 1deg (PSL)"
copan,2019,1,32.01,14.5,271.5,"GPCC Full v2020 to 2019 + Monitoring v2020 after, 1deg (PSL)"
copan,2019,2,12.73,14.5,271.5,"GPCC Full v2020 to 2019 + Monitoring v2020 after, 1deg (PSL)"
copan,2019,3,4.45,14.5,271.5,"GPCC Full v2020 to 2019 + Monitoring v2020 after, 1deg (PSL)"
copan,2019,4,20.96,14.5,271.5,"GPCC Full v2020 to 2019 + Monitoring v2020 after, 1deg (PSL)"
copan,2019,5,198.29,14.5,271.5,"GPCC Full v2020 to 2019 + Monitoring v2020 after, 1deg (PSL)"
copan,2019,6,168.87,14.5,271.5,"GPCC Full v2020 to 2019 + Monitoring v2020 after, 1deg (PSL)"
copan,2019,7,107.72,14.5,271.5,"GPCC Full v2020 to 2019 + Monitoring v2020 after, 1deg (PSL)"
copan,2019,8,180.01,14.5,271.5,"GPCC Full v2020 to 2019 + Monitoring v2020 after, 1deg (PSL)"
copan,2019,9,227.86,14.5,271.5,"GPCC Full v2020 to 2019 + Monitoring v2020 after, 1deg (PSL)"
copan,2019,10,281.38,14.5,271.5,"GPCC Full v2020 to 2019 + Monitoring v2020 after, 1deg (PSL)"
copan,2019,11,52.03,14.5,271.5,"GPCC Full v2020 to 2019 + Monitoring v2020 after, 1deg (PSL)"
copan,2019,12,32.4,14.5,271.5,"GPCC Full v2020 to 2019 + Monitoring v2020 after, 1deg (PSL)"
copan,2020,1,33.52,14.5,271.5,"GPCC Full v2020 to 2019 + Monitoring v2020 after, 1deg (PSL)"
copan,2020,2,27.14,14.5,271.5,"GPCC Full v2020 to 2019 + Monitoring v2020 after, 1deg (PSL)"
copan,2020,3,26.39,14.5,271.5,"GPCC Full v2020 to 2019 + Monitoring v2020 after, 1deg (PSL)"
copan,2020,4,15.5,14.5,271.5,"GPCC Full v2020 to 2019 + Monitoring v2020 after, 1deg (PSL)"
copan,2020,5,175.57,14.5,271.5,"GPCC Full v2020 to 2019 + Monitoring v2020 after, 1deg (PSL)"
copan,2020,6,141.07,14.5,271.5,"GPCC Full v2020 to 2019 + Monitoring v2020 after, 1deg (PSL)"
copan,2020,7,190.46,14.5,271.5,"GPCC Full v2020 to 2019 + Monitoring v2020 after, 1deg (PSL)"
copan,2020,8,237.44,14.5,271.5,"GPCC Full v2020 to 2019 + Monitoring v2020 after, 1deg (PSL)"
copan,2020,9,322.18,14.5,271.5,"GPCC Full v2020 to 2019 + Monitoring v2020 after, 1deg (PSL)"
copan,2020,10,195.95,14.5,271.5,"GPCC Full v2020 to 2019 + Monitoring v2020 after, 1deg (PSL)"
copan,2020,11,310.3,14.5,271.5,"GPCC Full v2020 to 2019 + Monitoring v2020 after, 1deg (PSL)"
copan,2020,12,28.57,14.5,271.5,"GPCC Full v2020 to 2019 + Monitoring v2020 after, 1deg (PSL)"
copan,2021,1,28.7,14.5,271.5,"GPCC Full v2020 to 2019 + Monitoring v2020 after, 1deg (PSL)"
copan,2021,2,27.03,14.5,271.5,"GPCC Full v2020 to 2019 + Monitoring v2020 after, 1deg (PSL)"
copan,2021,3,20.47,14.5,271.5,"GPCC Full v2020 to 2019 + Monitoring v2020 after, 1deg (PSL)"
copan,2021,4,90.7,14.5,271.5,"GPCC Full v2020 to 2019 + Monitoring v2020 after, 1deg (PSL)"
copan,2021,5,65.71,14.5,271.5,"GPCC Full v2020 to 2019 + Monitoring v2020 after, 1deg (PSL)"
copan,2021,6,283.49,14.5,271.5,"GPCC Full v2020 to 2019 + Monitoring v2020 after, 1deg (PSL)"
copan,2021,7,131.74,14.5,271.5,"GPCC Full v2020 to 2019 + Monitoring v2020 after, 1deg (PSL)"
copan,2021,8,254.24,14.5,271.5,"GPCC Full v2020 to 2019 + Monitoring v2020 after, 1deg (PSL)"
copan,2021,9,158.89,14.5,271.5,"GPCC Full v2020 to 2019 + Monitoring v2020 after, 1deg (PSL)"
copan,2021,10,170.24,14.5,271.5,"GPCC Full v2020 to 2019 + Monitoring v2020 after, 1deg (PSL)"
copan,2021,11,59.71,14.5,271.5,"GPCC Full v2020 to 2019 + Monitoring v2020 after, 1deg (PSL)"
copan,2021,12,15.9,14.5,271.5,"GPCC Full v2020 to 2019 + Monitoring v2020 after, 1deg (PSL)"
copan,2022,1,25.76,14.5,271.5,"GPCC Full v2020 to 2019 + Monitoring v2020 after, 1deg (PSL)"
copan,2022,2,24.91,14.5,271.5,"GPCC Full v2020 to 2019 + Monitoring v2020 after, 1deg (PSL)"
copan,2022,3,14.15,14.5,271.5,"GPCC Full v2020 to 2019 + Monitoring v2020 after, 1deg (PSL)"
copan,2022,4,71.11,14.5,271.5,"GPCC Full v2020 to 2019 + Monitoring v2020 after, 1deg (PSL)"
copan,2022,5,179.98,14.5,271.5,"GPCC Full v2020 to 2019 + Monitoring v2020 after, 1deg (PSL)"
copan,2022,6,241.86,14.5,271.5,"GPCC Full v2020 to 2019 + Monitoring v2020 after, 1deg (PSL)"
copan,2022,7,163.64,14.5,271.5,"GPCC Full v2020 to 2019 + Monitoring v2020 after, 1deg (PSL)"
copan,2022,8,274.28,14.5,271.5,"GPCC Full v2020 to 2019 + Monitoring v2020 after, 1deg (PSL)"
copan,2022,9,395.75,14.5,271.5,"GPCC Full v2020 to 2019 + Monitoring v2020 after, 1deg (PSL)"
copan,2022,10,176.71,14.5,271.5,"GPCC Full v2020 to 2019 + Monitoring v2020 after, 1deg (PSL)"
copan,2022,11,83.19,14.5,271.5,"GPCC Full v2020 to 2019 + Monitoring v2020 after, 1deg (PSL)"
copan,2022,12,17.57,14.5,271.5,"GPCC Full v2020 to 2019 + Monitoring v2020 after, 1deg (PSL)"
copan,2023,1,20.62,14.5,271.5,"GPCC Full v2020 to 2019 + Monitoring v2020 after, 1deg (PSL)"
copan,2023,2,10.28,14.5,271.5,"GPCC Full v2020 to 2019 + Monitoring v2020 after, 1deg (PSL)"
copan,2023,3,31.85,14.5,271.5,"GPCC Full v2020 to 2019 + Monitoring v2020 after, 1deg (PSL)"
copan,2023,4,24.52,14.5,271.5,"GPCC Full v2020 to 2019 + Monitoring v2020 after, 1deg (PSL)"
copan,2023,5,129.09,14.5,271.5,"GPCC Full v2020 to 2019 + Monitoring v2020 after, 1deg (PSL)"
copan,2023,6,152.08,14.5,271.5,"GPCC Full v2020 to 2019 + Monitoring v2020 after, 1deg (PSL)"
copan,2023,7,193.85,14.5,271.5,"GPCC Full v2020 to 2019 + Monitoring v2020 after, 1deg (PSL)"
copan,2023,8,150.69,14.5,271.5,"GPCC Full v2020 to 2019 + Monitoring v2020 after, 1deg (PSL)"
copan,2023,9,98.9,14.5,271.5,"GPCC Full v2020 to 2019 + Monitoring v2020 after, 1deg (PSL)"
copan,2023,10,161.33,14.5,271.5,"GPCC Full v2020 to 2019 + Monitoring v2020 after, 1deg (PSL)"
copan,2023,11,102.1,14.5,271.5,"GPCC Full v2020 to 2019 + Monitoring v2020 after, 1deg (PSL)"
copan,2023,12,41.47,14.5,271.5,"GPCC Full v2020 to 2019 + Monitoring v2020 after, 1deg (PSL)"
copan,2024,1,11.54,14.5,271.5,"GPCC Full v2020 to 2019 + Monitoring v2020 after, 1deg (PSL)"
copan,2024,2,7.08,14.5,271.5,"GPCC Full v2020 to 2019 + Monitoring v2020 after, 1deg (PSL)"
copan,2024,3,3.58,14.5,271.5,"GPCC Full v2020 to 2019 + Monitoring v2020 after, 1deg (PSL)"
copan,2024,4,27.96,14.5,271.5,"GPCC Full v2020 to 2019 + Monitoring v2020 after, 1deg (PSL)"
copan,2024,5,41.85,14.5,271.5,"GPCC Full v2020 to 2019 + Monitoring v2020 after, 1deg (PSL)"
copan,2024,6,326.01,14.5,271.5,"GPCC Full v2020 to 2019 + Monitoring v2020 after, 1deg (PSL)"
copan,2024,7,210.78,14.5,271.5,"GPCC Full v2020 to 2019 + Monitoring v2020 after, 1deg (PSL)"
copan,2024,8,155.4,14.5,271.5,"GPCC Full v2020 to 2019 + Monitoring v2020 after, 1deg (PSL)"
copan,2024,9,274.25,14.5,271.5,"GPCC Full v2020 to 2019 + Monitoring v2020 after, 1deg (PSL)"
copan,2024,10,70.55,14.5,271.5,"GPCC Full v2020 to 2019 + Monitoring v2020 after, 1deg (PSL)"
copan,2024,11,163.65,14.5,271.5,"GPCC Full v2020 to 2019 + Monitoring v2020 after, 1deg (PSL)"
copan,2024,12,48.61,14.5,271.5,"GPCC Full v2020 to 2019 + Monitoring v2020 after, 1deg (PSL)"
copan,2025,1,28.57,14.5,271.5,"GPCC Full v2020 to 2019 + Monitoring v2020 after, 1deg (PSL)"
copan,2025,2,15.56,14.5,271.5,"GPCC Full v2020 to 2019 + Monitoring v2020 after, 1deg (PSL)"
copan,2025,3,13.3,14.5,271.5,"GPCC Full v2020 to 2019 + Monitoring v2020 after, 1deg (PSL)"
copan,2025,4,39.6,14.5,271.5,"GPCC Full v2020 to 2019 + Monitoring v2020 after, 1deg (PSL)"
copan,2025,5,81.47,14.5,271.5,"GPCC Full v2020 to 2019 + Monitoring v2020 after, 1deg (PSL)"
copan,2025,6,392.13,14.5,271.5,"GPCC Full v2020 to 2019 + Monitoring v2020 after, 1deg (PSL)"
copan,2025,7,193.48,14.5,271.5,"GPCC Full v2020 to 2019 + Monitoring v2020 after, 1deg (PSL)"
copan,2025,8,157.09,14.5,271.5,"GPCC Full v2020 to 2019 + Monitoring v2020 after, 1deg (PSL)"
copan,2025,9,309.38,14.5,271.5,"GPCC Full v2020 to 2019 + Monitoring v2020 after, 1deg (PSL)"
copan,2025,10,192.82,14.5,271.5,"GPCC Full v2020 to 2019 + Monitoring v2020 after, 1deg (PSL)"
copan,2025,11,38.68,14.5,271.5,"GPCC Full v2020 to 2019 + Monitoring v2020 after, 1deg (PSL)"
copan,2025,12,42.11,14.5,271.5,"GPCC Full v2020 to 2019 + Monitoring v2020 after, 1deg (PSL)"
copan,2026,1,50.64,14.5,271.5,GPCC First Guess Monthly 1deg (PSL)
copan,2026,2,22.04,14.5,271.5,GPCC First Guess Monthly 1deg (PSL)
copan,2026,3,31.24,14.5,271.5,GPCC First Guess Monthly 1deg (PSL)
copan,2026,4,62.29,14.5,271.5,GPCC First Guess Monthly 1deg (PSL)
copan,2026,5,113.3,14.5,271.5,GPCC First Guess Monthly 1deg (PSL)
copan,2026,6,183.79,14.5,271.5,GPCC First Guess Monthly 1deg (PSL)
copan,2026,7,129.04,14.5,271.5,GPCC First Guess Monthly 1deg (PSL)
copan,2026,8,70.26,14.5,271.5,GPCC First Guess Monthly 1deg (PSL)
