town,year,month,rain_mm,grid_lat,grid_lon,source
comayagua,1981,1,6.31,14.375,272.375,GPCC Full Data Monthly v2020 0.25deg (PSL)
comayagua,1981,2,21.64,14.375,272.375,GPCC Full Data Monthly v2020 0.25deg (PSL)
comayagua,1981,3,27.27,14.375,272.375,GPCC Full Data Monthly v2020 0.25deg (PSL)
comayagua,1981,4,48.64,14.375,272.375,GPCC Full Data Monthly v2020 0.25deg (PSL)
comayagua,1981,5,98.05,14.375,272.375,GPCC Full Data Monthly v2020 0.25deg (PSL)
comayagua,1981,6,315.2,14.375,272.375,GPCC Full Data Monthly v2020 0.25deg (PSL)
comayagua,1981,7,159.0,14.375,272.375,GPCC Full Data Monthly v2020 0.25deg (PSL)
comayagua,1981,8,256.79,14.375,272.375,GPCC Full Data Monthly v2020 0.25deg (PSL)
comayagua,1981,9,228.37,14.375,272.375,GPCC Full Data Monthly v2020 0.25deg (PSL)
comayagua,1981,10,125.1,14.375,272.375,GPCC Full Data Monthly v2020 0.25deg (PSL)
comayagua,1981,11,10.49,14.375,272.375,GPCC Full Data Monthly v2020 0.25deg (PSL)
comayagua,1981,12,30.15,14.375,272.375,GPCC Full Data Monthly v2020 0.25deg (PSL)
comayagua,1982,1,9.51,14.375,272.375,GPCC Full Data Monthly v2020 0.25deg (PSL)
comayagua,1982,2,12.53,14.375,272.375,GPCC Full Data Monthly v2020 0.25deg (PSL)
comayagua,1982,3,29.03,14.375,272.375,GPCC Full Data Monthly v2020 0.25deg (PSL)
comayagua,1982,4,46.66,14.375,272.375,GPCC Full Data Monthly v2020 0.25deg (PSL)
comayagua,1982,5,179.45,14.375,272.375,GPCC Full Data Monthly v2020 0.25deg (PSL)
comayagua,1982,6,234.71,14.375,272.375,GPCC Full Data Monthly v2020 0.25deg (PSL)
comayagua,1982,7,111.62,14.375,272.375,GPCC Full Data Monthly v2020 0.25deg (PSL)
comayagua,1982,8,126.16,14.375,272.375,GPCC Full Data Monthly v2020 0.25deg (PSL)
comayagua,1982,9,198.73,14.375,272.375,GPCC Full Data Monthly v2020 0.25deg (PSL)
comayagua,1982,10,111.26,14.375,272.375,GPCC Full Data Monthly v2020 0.25deg (PSL)
comayagua,1982,11,6.7,14.375,272.375,GPCC Full Data Monthly v2020 0.25deg (PSL)
comayagua,1982,12,16.84,14.375,272.375,GPCC Full Data Monthly v2020 0.25deg (PSL)
comayagua,1983,1,6.59,14.375,272.375,GPCC Full Data Monthly v2020 0.25deg (PSL)
comayagua,1983,2,11.01,14.375,272.375,GPCC Full Data Monthly v2020 0.25deg (PSL)
comayagua,1983,3,9.08,14.375,272.375,GPCC Full Data Monthly v2020 0.25deg (PSL)
comayagua,1983,4,7.55,14.375,272.375,GPCC Full Data Monthly v2020 0.25deg (PSL)
comayagua,1983,5,15.45,14.375,272.375,GPCC Full Data Monthly v2020 0.25deg (PSL)
comayagua,1983,6,213.6,14.375,272.375,GPCC Full Data Monthly v2020 0.25deg (PSL)
comayagua,1983,7,143.04,14.375,272.375,GPCC Full Data Monthly v2020 0.25deg (PSL)
comayagua,1983,8,146.11,14.375,272.375,GPCC Full Data Monthly v2020 0.25deg (PSL)
comayagua,1983,9,205.9,14.375,272.375,GPCC Full Data Monthly v2020 0.25deg (PSL)
comayagua,1983,10,158.36,14.375,272.375,GPCC Full Data Monthly v2020 0.25deg (PSL)
comayagua,1983,11,53.06,14.375,272.375,GPCC Full Data Monthly v2020 0.25deg (PSL)
comayagua,1983,12,16.11,14.375,272.375,GPCC Full Data Monthly v2020 0.25deg (PSL)
comayagua,1984,1,19.03,14.375,272.375,GPCC Full Data Monthly v2020 0.25deg (PSL)
comayagua,1984,2,31.16,14.375,272.375,GPCC Full Data Monthly v2020 0.25deg (PSL)
comayagua,1984,3,25.49,14.375,272.375,GPCC Full Data Monthly v2020 0.25deg (PSL)
comayagua,1984,4,31.26,14.375,272.375,GPCC Full Data Monthly v2020 0.25deg (PSL)
comayagua,1984,5,62.7,14.375,272.375,GPCC Full Data Monthly v2020 0.25deg (PSL)
comayagua,1984,6,118.5,14.375,272.375,GPCC Full Data Monthly v2020 0.25deg (PSL)
comayagua,1984,7,178.31,14.375,272.375,GPCC Full Data Monthly v2020 0.25deg (PSL)
comayagua,1984,8,165.86,14.375,272.375,GPCC Full Data Monthly v2020 0.25deg (PSL)
comayagua,1984,9,218.89,14.375,272.375,GPCC Full Data Monthly v2020 0.25deg (PSL)
comayagua,1984,10,94.08,14.375,272.375,GPCC Full Data Monthly v2020 0.25deg (PSL)
comayagua,1984,11,4.08,14.375,272.375,GPCC Full Data Monthly v2020 0.25deg (PSL)
comayagua,1984,12,6.42,14.375,272.375,GPCC Full Data Monthly v2020 0.25deg (PSL)
comayagua,1985,1,0.43,14.375,272.375,GPCC Full Data Monthly v2020 0.25deg (PSL)
comayagua,1985,2,5.52,14.375,272.375,GPCC Full Data Monthly v2020 0.25deg (PSL)
comayagua,1985,3,17.52,14.375,272.375,GPCC Full Data Monthly v2020 0.25deg (PSL)
comayagua,1985,4,105.59,14.375,272.375,GPCC Full Data Monthly v2020 0.25deg (PSL)
comayagua,1985,5,34.96,14.375,272.375,GPCC Full Data Monthly v2020 0.25deg (PSL)
comayagua,1985,6,70.33,14.375,272.375,GPCC Full Data Monthly v2020 0.25deg (PSL)
comayagua,1985,7,111.95,14.375,272.375,GPCC Full Data Monthly v2020 0.25deg (PSL)
comayagua,1985,8,109.29,14.375,272.375,GPCC Full Data Monthly v2020 0.25deg (PSL)
comayagua,1985,9,156.86,14.375,272.375,GPCC Full Data Monthly v2020 0.25deg (PSL)
comayagua,1985,10,130.39,14.375,272.375,GPCC Full Data Monthly v2020 0.25deg (PSL)
comayagua,1985,11,31.14,14.375,272.375,GPCC Full Data Monthly v2020 0.25deg (PSL)
comayagua,1985,12,4.69,14.375,272.375,GPCC Full Data Monthly v2020 0.25deg (PSL)
comayagua,1986,1,37.17,14.375,272.375,GPCC Full Data Monthly v2020 0.25deg (PSL)
comayagua,1986,2,38.52,14.375,272.375,GPCC Full Data Monthly v2020 0.25deg (PSL)
comayagua,1986,3,16.44,14.375,272.375,GPCC Full Data Monthly v2020 0.25deg (PSL)
comayagua,1986,4,0.72,14.375,272.375,GPCC Full Data Monthly v2020 0.25deg (PSL)
comayagua,1986,5,113.6,14.375,272.375,GPCC Full Data Monthly v2020 0.25deg (PSL)
comayagua,1986,6,64.15,14.375,272.375,GPCC Full Data Monthly v2020 0.25deg (PSL)
comayagua,1986,7,75.85,14.375,272.375,GPCC Full Data Monthly v2020 0.25deg (PSL)
comayagua,1986,8,78.76,14.375,272.375,GPCC Full Data Monthly v2020 0.25deg (PSL)
comayagua,1986,9,64.4,14.375,272.375,GPCC Full Data Monthly v2020 0.25deg (PSL)
comayagua,1986,10,91.45,14.375,272.375,GPCC Full Data Monthly v2020 0.25deg (PSL)
comayagua,1986,11,70.66,14.375,272.375,GPCC Full Data Monthly v2020 0.25deg (PSL)
comayagua,1986,12,9.64,14.375,272.375,GPCC Full Data Monthly v2020 0.25deg (PSL)
comayagua,1987,1,3.55,14.375,272.375,GPCC Full Data Monthly v2020 0.25deg (PSL)
comayagua,1987,2,1.89,14.375,272.375,GPCC Full Data Monthly v2020 0.25deg (PSL)
comayagua,1987,3,23.51,14.375,272.375,GPCC Full Data Monthly v2020 0.25deg (PSL)
comayagua,1987,4,17.26,14.375,272.375,GPCC Full Data Monthly v2020 0.25deg (PSL)
comayagua,1987,5,65.5,14.375,272.375,GPCC Full Data Monthly v2020 0.25deg (PSL)
comayagua,1987,6,180.69,14.375,272.375,GPCC Full Data Monthly v2020 0.25deg (PSL)
comayagua,1987,7,126.71,14.375,272.375,GPCC Full Data Monthly v2020 0.25deg (PSL)
comayagua,1987,8,172.24,14.375,272.375,GPCC Full Data Monthly v2020 0.25deg (PSL)
comayagua,1987,9,163.65,14.375,272.375,GPCC Full Data Monthly v2020 0.25deg (PSL)
comayagua,1987,10,16.54,14.375,272.375,GPCC Full Data Monthly v2020 0.25deg (PSL)
comayagua,1987,11,10.51,14.375,272.375,GPCC Full Data Monthly v2020 0.25deg (PSL)
comayagua,1987,12,14.52,14.375,272.375,GPCC Full Data Monthly v2020 0.25deg (PSL)
comayagua,1988,1,8.05,14.375,272.375,GPCC Full Data Monthly v2020 0.25deg (PSL)
comayagua,1988,2,13.67,14.375,272.375,GPCC Full Data Monthly v2020 0.25deg (PSL)
comayagua,1988,3,10.25,14.375,272.375,GPCC Full Data Monthly v2020 0.25deg (PSL)
comayagua,1988,4,36.72,14.375,272.375,GPCC Full Data Monthly v2020 0.25deg (PSL)
comayagua,1988,5,83.07,14.375,272.375,GPCC Full Data Monthly v2020 0.25deg (PSL)
comayagua,1988,6,274.54,14.375,272.375,GPCC Full Data Monthly v2020 0.25deg (PSL)
comayagua,1988,7,167.56,14.375,272.375,GPCC Full Data Monthly v2020 0.25deg (PSL)
comayagua,1988,8,269.47,14.375,272.375,GPCC Full Data Monthly v2020 0.25deg (PSL)
comayagua,1988,9,270.1,14.375,272.375,GPCC Full Data Monthly v2020 0.25deg (PSL)
comayagua,1988,10,150.95,14.375,272.375,GPCC Full Data Monthly v2020 0.25deg (PSL)
comayagua,1988,11,14.14,14.375,272.375,GPCC Full Data Monthly v2020 0.25deg (PSL)
comayagua,1988,12,8.98,14.375,272.375,GPCC Full Data Monthly v2020 0.25deg (PSL)
comayagua,1989,1,7.96,14.375,272.375,GPCC Full Data Monthly v2020 0.25deg (PSL)
comayagua,1989,2,3.7,14.375,272.375,GPCC Full Data Monthly v2020 0.25deg (PSL)
comayagua,1989,3,6.77,14.375,272.375,GPCC Full Data Monthly v2020 0.25deg (PSL)
comayagua,1989,4,28.13,14.375,272.375,GPCC Full Data Monthly v2020 0.25deg (PSL)
comayagua,1989,5,191.89,14.375,272.375,GPCC Full Data Monthly v2020 0.25deg (PSL)
comayagua,1989,6,148.33,14.375,272.375,GPCC Full Data Monthly v2020 0.25deg (PSL)
comayagua,1989,7,100.48,14.375,272.375,GPCC Full Data Monthly v2020 0.25deg (PSL)
comayagua,1989,8,237.52,14.375,272.375,GPCC Full Data Monthly v2020 0.25deg (PSL)
comayagua,1989,9,238.7,14.375,272.375,GPCC Full Data Monthly v2020 0.25deg (PSL)
comayagua,1989,10,86.79,14.375,272.375,GPCC Full Data Monthly v2020 0.25deg (PSL)
comayagua,1989,11,43.76,14.375,272.375,GPCC Full Data Monthly v2020 0.25deg (PSL)
comayagua,1989,12,8.92,14.375,272.375,GPCC Full Data Monthly v2020 0.25deg (PSL)
comayagua,1990,1,8.91,14.375,272.375,GPCC Full Data Monthly v2020 0.25deg (PSL)
comayagua,1990,2,9.07,14.375,272.375,GPCC Full Data Monthly v2020 0.25deg (PSL)
comayagua,1990,3,54.78,14.375,272.375,GPCC Full Data Monthly v2020 0.25deg (PSL)
comayagua,1990,4,97.01,14.375,272.375,GPCC Full Data Monthly v2020 0.25deg (PSL)
comayagua,1990,5,228.33,14.375,272.375,GPCC Full Data Monthly v2020 0.25deg (PSL)
comayagua,1990,6,128.18,14.375,272.375,GPCC Full Data Monthly v2020 0.25deg (PSL)
comayagua,1990,7,103.11,14.375,272.375,GPCC Full Data Monthly v2020 0.25deg (PSL)
comayagua,1990,8,135.25,14.375,272.375,GPCC Full Data Monthly v2020 0.25deg (PSL)
comayagua,1990,9,160.66,14.375,272.375,GPCC Full Data Monthly v2020 0.25deg (PSL)
comayagua,1990,10,147.41,14.375,272.375,GPCC Full Data Monthly v2020 0.25deg (PSL)
comayagua,1990,11,115.72,14.375,272.375,GPCC Full Data Monthly v2020 0.25deg (PSL)
comayagua,1990,12,13.81,14.375,272.375,GPCC Full Data Monthly v2020 0.25deg (PSL)
comayagua,1991,1,15.07,14.375,272.375,GPCC Full Data Monthly v2020 0.25deg (PSL)
comayagua,1991,2,3.92,14.375,272.375,GPCC Full Data Monthly v2020 0.25deg (PSL)
comayagua,1991,3,5.88,14.375,272.375,GPCC Full Data Monthly v2020 0.25deg (PSL)
comayagua,1991,4,14.18,14.375,272.375,GPCC Full Data Monthly v2020 0.25deg (PSL)
comayagua,1991,5,67.79,14.375,272.375,GPCC Full Data Monthly v2020 0.25deg (PSL)
comayagua,1991,6,144.93,14.375,272.375,GPCC Full Data Monthly v2020 0.25deg (PSL)
comayagua,1991,7,57.13,14.375,272.375,GPCC Full Data Monthly v2020 0.25deg (PSL)
comayagua,1991,8,77.91,14.375,272.375,GPCC Full Data Monthly v2020 0.25deg (PSL)
comayagua,1991,9,96.61,14.375,272.375,GPCC Full Data Monthly v2020 0.25deg (PSL)
comayagua,1991,10,192.79,14.375,272.375,GPCC Full Data Monthly v2020 0.25deg (PSL)
comayagua,1991,11,15.08,14.375,272.375,GPCC Full Data Monthly v2020 0.25deg (PSL)
comayagua,1991,12,32.53,14.375,272.375,GPCC Full Data Monthly v2020 0.25deg (PSL)
comayagua,1992,1,13.76,14.375,272.375,GPCC Full Data Monthly v2020 0.25deg (PSL)
comayagua,1992,2,8.68,14.375,272.375,GPCC Full Data Monthly v2020 0.25deg (PSL)
comayagua,1992,3,27.52,14.375,272.375,GPCC Full Data Monthly v2020 0.25deg (PSL)
comayagua,1992,4,44.65,14.375,272.375,GPCC Full Data Monthly v2020 0.25deg (PSL)
comayagua,1992,5,79.46,14.375,272.375,GPCC Full Data Monthly v2020 0.25deg (PSL)
comayagua,1992,6,354.91,14.375,272.375,GPCC Full Data Monthly v2020 0.25deg (PSL)
comayagua,1992,7,155.17,14.375,272.375,GPCC Full Data Monthly v2020 0.25deg (PSL)
comayagua,1992,8,107.66,14.375,272.375,GPCC Full Data Monthly v2020 0.25deg (PSL)
comayagua,1992,9,220.13,14.375,272.375,GPCC Full Data Monthly v2020 0.25deg (PSL)
comayagua,1992,10,98.7,14.375,272.375,GPCC Full Data Monthly v2020 0.25deg (PSL)
comayagua,1992,11,25.81,14.375,272.375,GPCC Full Data Monthly v2020 0.25deg (PSL)
comayagua,1992,12,23.45,14.375,272.375,GPCC Full Data Monthly v2020 0.25deg (PSL)
comayagua,1993,1,12.49,14.375,272.375,GPCC Full Data Monthly v2020 0.25deg (PSL)
comayagua,1993,2,6.13,14.375,272.375,GPCC Full Data Monthly v2020 0.25deg (PSL)
comayagua,1993,3,26.77,14.375,272.375,GPCC Full Data Monthly v2020 0.25deg (PSL)
comayagua,1993,4,29.08,14.375,272.375,GPCC Full Data Monthly v2020 0.25deg (PSL)
comayagua,1993,5,177.32,14.375,272.375,GPCC Full Data Monthly v2020 0.25deg (PSL)
comayagua,1993,6,185.42,14.375,272.375,GPCC Full Data Monthly v2020 0.25deg (PSL)
comayagua,1993,7,108.66,14.375,272.375,GPCC Full Data Monthly v2020 0.25deg (PSL)
comayagua,1993,8,128.04,14.375,272.375,GPCC Full Data Monthly v2020 0.25deg (PSL)
comayagua,1993,9,198.04,14.375,272.375,GPCC Full Data Monthly v2020 0.25deg (PSL)
comayagua,1993,10,129.52,14.375,272.375,GPCC Full Data Monthly v2020 0.25deg (PSL)
comayagua,1993,11,21.06,14.375,272.375,GPCC Full Data Monthly v2020 0.25deg (PSL)
comayagua,1993,12,11.91,14.375,272.375,GPCC Full Data Monthly v2020 0.25deg (PSL)
comayagua,1994,1,12.43,14.375,272.375,GPCC Full Data Monthly v2020 0.25deg (PSL)
comayagua,1994,2,10.22,14.375,272.375,GPCC Full Data Monthly v2020 0.25deg (PSL)
comayagua,1994,3,10.23,14.375,272.375,GPCC Full Data Monthly v2020 0.25deg (PSL)
comayagua,1994,4,26.36,14.375,272.375,GPCC Full Data Monthly v2020 0.25deg (PSL)
comayagua,1994,5,124.61,14.375,272.375,GPCC Full Data Monthly v2020 0.25deg (PSL)
comayagua,1994,6,86.53,14.375,272.375,GPCC Full Data Monthly v2020 0.25deg (PSL)
comayagua,1994,7,87.19,14.375,272.375,GPCC Full Data Monthly v2020 0.25deg (PSL)
comayagua,1994,8,105.57,14.375,272.375,GPCC Full Data Monthly v2020 0.25deg (PSL)
comayagua,1994,9,233.2,14.375,272.375,GPCC Full Data Monthly v2020 0.25deg (PSL)
comayagua,1994,10,121.99,14.375,272.375,GPCC Full Data Monthly v2020 0.25deg (PSL)
comayagua,1994,11,39.99,14.375,272.375,GPCC Full Data Monthly v2020 0.25deg (PSL)
comayagua,1994,12,11.9,14.375,272.375,GPCC Full Data Monthly v2020 0.25deg (PSL)
comayagua,1995,1,8.04,14.375,272.375,GPCC Full Data Monthly v2020 0.25deg (PSL)
comayagua,1995,2,11.06,14.375,272.375,GPCC Full Data Monthly v2020 0.25deg (PSL)
comayagua,1995,3,23.39,14.375,272.375,GPCC Full Data Monthly v2020 0.25deg (PSL)
comayagua,1995,4,53.76,14.375,272.375,GPCC Full Data Monthly v2020 0.25deg (PSL)
comayagua,1995,5,111.66,14.375,272.375,GPCC Full Data Monthly v2020 0.25deg (PSL)
comayagua,1995,6,155.04,14.375,272.375,GPCC Full Data Monthly v2020 0.25deg (PSL)
comayagua,1995,7,167.82,14.375,272.375,GPCC Full Data Monthly v2020 0.25deg (PSL)
comayagua,1995,8,454.45,14.375,272.375,GPCC Full Data Monthly v2020 0.25deg (PSL)
comayagua,1995,9,215.6,14.375,272.375,GPCC Full Data Monthly v2020 0.25deg (PSL)
comayagua,1995,10,102.43,14.375,272.375,GPCC Full Data Monthly v2020 0.25deg (PSL)
comayagua,1995,11,16.92,14.375,272.375,GPCC Full Data Monthly v2020 0.25deg (PSL)
comayagua,1995,12,32.18,14.375,272.375,GPCC Full Data Monthly v2020 0.25deg (PSL)
comayagua,1996,1,8.25,14.375,272.375,GPCC Full Data Monthly v2020 0.25deg (PSL)
comayagua,1996,2,10.36,14.375,272.375,GPCC Full Data Monthly v2020 0.25deg (PSL)
comayagua,1996,3,19.21,14.375,272.375,GPCC Full Data Monthly v2020 0.25deg (PSL)
comayagua,1996,4,34.42,14.375,272.375,GPCC Full Data Monthly v2020 0.25deg (PSL)
comayagua,1996,5,102.24,14.375,272.375,GPCC Full Data Monthly v2020 0.25deg (PSL)
comayagua,1996,6,77.4,14.375,272.375,GPCC Full Data Monthly v2020 0.25deg (PSL)
comayagua,1996,7,144.87,14.375,272.375,GPCC Full Data Monthly v2020 0.25deg (PSL)
comayagua,1996,8,274.77,14.375,272.375,GPCC Full Data Monthly v2020 0.25deg (PSL)
comayagua,1996,9,181.06,14.375,272.375,GPCC Full Data Monthly v2020 0.25deg (PSL)
comayagua,1996,10,133.04,14.375,272.375,GPCC Full Data Monthly v2020 0.25deg (PSL)
comayagua,1996,11,46.82,14.375,272.375,GPCC Full Data Monthly v2020 0.25deg (PSL)
comayagua,1996,12,8.66,14.375,272.375,GPCC Full Data Monthly v2020 0.25deg (PSL)
comayagua,1997,1,16.28,14.375,272.375,GPCC Full Data Monthly v2020 0.25deg (PSL)
comayagua,1997,2,11.39,14.375,272.375,GPCC Full Data Monthly v2020 0.25deg (PSL)
comayagua,1997,3,56.9,14.375,272.375,GPCC Full Data Monthly v2020 0.25deg (PSL)
comayagua,1997,4,6.07,14.375,272.375,GPCC Full Data Monthly v2020 0.25deg (PSL)
comayagua,1997,5,33.04,14.375,272.375,GPCC Full Data Monthly v2020 0.25deg (PSL)
comayagua,1997,6,264.16,14.375,272.375,GPCC Full Data Monthly v2020 0.25deg (PSL)
comayagua,1997,7,197.19,14.375,272.375,GPCC Full Data Monthly v2020 0.25deg (PSL)
comayagua,1997,8,187.26,14.375,272.375,GPCC Full Data Monthly v2020 0.25deg (PSL)
comayagua,1997,9,170.77,14.375,272.375,GPCC Full Data Monthly v2020 0.25deg (PSL)
comayagua,1997,10,141.47,14.375,272.375,GPCC Full Data Monthly v2020 0.25deg (PSL)
comayagua,1997,11,84.75,14.375,272.375,GPCC Full Data Monthly v2020 0.25deg (PSL)
comayagua,1997,12,5.8,14.375,272.375,GPCC Full Data Monthly v2020 0.25deg (PSL)
comayagua,1998,1,6.91,14.375,272.375,GPCC Full Data Monthly v2020 0.25deg (PSL)
comayagua,1998,2,7.28,14.375,272.375,GPCC Full Data Monthly v2020 0.25deg (PSL)
comayagua,1998,3,25.64,14.375,272.375,GPCC Full Data Monthly v2020 0.25deg (PSL)
comayagua,1998,4,5.73,14.375,272.375,GPCC Full Data Monthly v2020 0.25deg (PSL)
comayagua,1998,5,159.38,14.375,272.375,GPCC Full Data Monthly v2020 0.25deg (PSL)
comayagua,1998,6,186.1,14.375,272.375,GPCC Full Data Monthly v2020 0.25deg (PSL)
comayagua,1998,7,151.14,14.375,272.375,GPCC Full Data Monthly v2020 0.25deg (PSL)
comayagua,1998,8,158.61,14.375,272.375,GPCC Full Data Monthly v2020 0.25deg (PSL)
comayagua,1998,9,108.25,14.375,272.375,GPCC Full Data Monthly v2020 0.25deg (PSL)
comayagua,1998,10,412.24,14.375,272.375,GPCC Full Data Monthly v2020 0.25deg (PSL)
comayagua,1998,11,43.88,14.375,272.375,GPCC Full Data Monthly v2020 0.25deg (PSL)
comayagua,1998,12,11.96,14.375,272.375,GPCC Full Data Monthly v2020 0.25deg (PSL)
comayagua,1999,1,17.64,14.375,272.375,GPCC Full Data Monthly v2020 0.25deg (PSL)
comayagua,1999,2,15.13,14.375,272.375,GPCC Full Data Monthly v2020 0.25deg (PSL)
comayagua,1999,3,11.07,14.375,272.375,GPCC Full Data Monthly v2020 0.25deg (PSL)
comayagua,1999,4,4.46,14.375,272.375,GPCC Full Data Monthly v2020 0.25deg (PSL)
comayagua,1999,5,74.24,14.375,272.375,GPCC Full Data Monthly v2020 0.25deg (PSL)
comayagua,1999,6,240.01,14.375,272.375,GPCC Full Data Monthly v2020 0.25deg (PSL)
comayagua,1999,7,138.99,14.375,272.375,GPCC Full Data Monthly v2020 0.25deg (PSL)
comayagua,1999,8,195.9,14.375,272.375,GPCC Full Data Monthly v2020 0.25deg (PSL)
comayagua,1999,9,332.19,14.375,272.375,GPCC Full Data Monthly v2020 0.25deg (PSL)
comayagua,1999,10,133.74,14.375,272.375,GPCC Full Data Monthly v2020 0.25deg (PSL)
comayagua,1999,11,34.0,14.375,272.375,GPCC Full Data Monthly v2020 0.25deg (PSL)
comayagua,1999,12,18.14,14.375,272.375,GPCC Full Data Monthly v2020 0.25deg (PSL)
comayagua,2000,1,26.27,14.375,272.375,GPCC Full Data Monthly v2020 0.25deg (PSL)
comayagua,2000,2,8.76,14.375,272.375,GPCC Full Data Monthly v2020 0.25deg (PSL)
comayagua,2000,3,11.26,14.375,272.375,GPCC Full Data Monthly v2020 0.25deg (PSL)
comayagua,2000,4,17.63,14.375,272.375,GPCC Full Data Monthly v2020 0.25deg (PSL)
comayagua,2000,5,295.85,14.375,272.375,GPCC Full Data Monthly v2020 0.25deg (PSL)
comayagua,2000,6,188.28,14.375,272.375,GPCC Full Data Monthly v2020 0.25deg (PSL)
comayagua,2000,7,64.66,14.375,272.375,GPCC Full Data Monthly v2020 0.25deg (PSL)
comayagua,2000,8,193.58,14.375,272.375,GPCC Full Data Monthly v2020 0.25deg (PSL)
comayagua,2000,9,249.7,14.375,272.375,GPCC Full Data Monthly v2020 0.25deg (PSL)
comayagua,2000,10,96.37,14.375,272.375,GPCC Full Data Monthly v2020 0.25deg (PSL)
comayagua,2000,11,13.76,14.375,272.375,GPCC Full Data Monthly v2020 0.25deg (PSL)
comayagua,2000,12,11.57,14.375,272.375,GPCC Full Data Monthly v2020 0.25deg (PSL)
comayagua,2001,1,10.46,14.375,272.375,GPCC Full Data Monthly v2020 0.25deg (PSL)
comayagua,2001,2,15.72,14.375,272.375,GPCC Full Data Monthly v2020 0.25deg (PSL)
comayagua,2001,3,8.23,14.375,272.375,GPCC Full Data Monthly v2020 0.25deg (PSL)
comayagua,2001,4,0.0,14.375,272.375,GPCC Full Data Monthly v2020 0.25deg (PSL)
comayagua,2001,5,66.38,14.375,272.375,GPCC Full Data Monthly v2020 0.25deg (PSL)
comayagua,2001,6,56.19,14.375,272.375,GPCC Full Data Monthly v2020 0.25deg (PSL)
comayagua,2001,7,119.03,14.375,272.375,GPCC Full Data Monthly v2020 0.25deg (PSL)
comayagua,2001,8,185.49,14.375,272.375,GPCC Full Data Monthly v2020 0.25deg (PSL)
comayagua,2001,9,197.54,14.375,272.375,GPCC Full Data Monthly v2020 0.25deg (PSL)
comayagua,2001,10,91.45,14.375,272.375,GPCC Full Data Monthly v2020 0.25deg (PSL)
comayagua,2001,11,13.86,14.375,272.375,GPCC Full Data Monthly v2020 0.25deg (PSL)
comayagua,2001,12,12.64,14.375,272.375,GPCC Full Data Monthly v2020 0.25deg (PSL)
comayagua,2002,1,10.78,14.375,272.375,GPCC Full Data Monthly v2020 0.25deg (PSL)
comayagua,2002,2,17.14,14.375,272.375,GPCC Full Data Monthly v2020 0.25deg (PSL)
comayagua,2002,3,11.46,14.375,272.375,GPCC Full Data Monthly v2020 0.25deg (PSL)
comayagua,2002,4,0.0,14.375,272.375,GPCC Full Data Monthly v2020 0.25deg (PSL)
comayagua,2002,5,143.73,14.375,272.375,GPCC Full Data Monthly v2020 0.25deg (PSL)
comayagua,2002,6,190.15,14.375,272.375,GPCC Full Data Monthly v2020 0.25deg (PSL)
comayagua,2002,7,131.37,14.375,272.375,GPCC Full Data Monthly v2020 0.25deg (PSL)
comayagua,2002,8,107.49,14.375,272.375,GPCC Full Data Monthly v2020 0.25deg (PSL)
comayagua,2002,9,229.34,14.375,272.375,GPCC Full Data Monthly v2020 0.25deg (PSL)
comayagua,2002,10,91.03,14.375,272.375,GPCC Full Data Monthly v2020 0.25deg (PSL)
comayagua,2002,11,28.28,14.375,272.375,GPCC Full Data Monthly v2020 0.25deg (PSL)
comayagua,2002,12,13.91,14.375,272.375,GPCC Full Data Monthly v2020 0.25deg (PSL)
comayagua,2003,1,15.74,14.375,272.375,GPCC Full Data Monthly v2020 0.25deg (PSL)
comayagua,2003,2,14.89,14.375,272.375,GPCC Full Data Monthly v2020 0.25deg (PSL)
comayagua,2003,3,34.78,14.375,272.375,GPCC Full Data Monthly v2020 0.25deg (PSL)
comayagua,2003,4,17.47,14.375,272.375,GPCC Full Data Monthly v2020 0.25deg (PSL)
comayagua,2003,5,190.16,14.375,272.375,GPCC Full Data Monthly v2020 0.25deg (PSL)
comayagua,2003,6,257.99,14.375,272.375,GPCC Full Data Monthly v2020 0.25deg (PSL)
comayagua,2003,7,134.66,14.375,272.375,GPCC Full Data Monthly v2020 0.25deg (PSL)
comayagua,2003,8,179.22,14.375,272.375,GPCC Full Data Monthly v2020 0.25deg (PSL)
comayagua,2003,9,232.92,14.375,272.375,GPCC Full Data Monthly v2020 0.25deg (PSL)
comayagua,2003,10,164.83,14.375,272.375,GPCC Full Data Monthly v2020 0.25deg (PSL)
comayagua,2003,11,73.85,14.375,272.375,GPCC Full Data Monthly v2020 0.25deg (PSL)
comayagua,2003,12,10.11,14.375,272.375,GPCC Full Data Monthly v2020 0.25deg (PSL)
comayagua,2004,1,12.5,14.375,272.375,GPCC Full Data Monthly v2020 0.25deg (PSL)
comayagua,2004,2,18.95,14.375,272.375,GPCC Full Data Monthly v2020 0.25deg (PSL)
comayagua,2004,3,19.0,14.375,272.375,GPCC Full Data Monthly v2020 0.25deg (PSL)
comayagua,2004,4,143.52,14.375,272.375,GPCC Full Data Monthly v2020 0.25deg (PSL)
comayagua,2004,5,96.58,14.375,272.375,GPCC Full Data Monthly v2020 0.25deg (PSL)
comayagua,2004,6,157.66,14.375,272.375,GPCC Full Data Monthly v2020 0.25deg (PSL)
comayagua,2004,7,141.0,14.375,272.375,GPCC Full Data Monthly v2020 0.25deg (PSL)
comayagua,2004,8,106.68,14.375,272.375,GPCC Full Data Monthly v2020 0.25deg (PSL)
comayagua,2004,9,151.95,14.375,272.375,GPCC Full Data Monthly v2020 0.25deg (PSL)
comayagua,2004,10,88.57,14.375,272.375,GPCC Full Data Monthly v2020 0.25deg (PSL)
comayagua,2004,11,23.8,14.375,272.375,GPCC Full Data Monthly v2020 0.25deg (PSL)
comayagua,2004,12,17.03,14.375,272.375,GPCC Full Data Monthly v2020 0.25deg (PSL)
comayagua,2005,1,7.1,14.375,272.375,GPCC Full Data Monthly v2020 0.25deg (PSL)
comayagua,2005,2,3.94,14.375,272.375,GPCC Full Data Monthly v2020 0.25deg (PSL)
comayagua,2005,3,16.62,14.375,272.375,GPCC Full Data Monthly v2020 0.25deg (PSL)
comayagua,2005,4,38.49,14.375,272.375,GPCC Full Data Monthly v2020 0.25deg (PSL)
comayagua,2005,5,141.5,14.375,272.375,GPCC Full Data Monthly v2020 0.25deg (PSL)
comayagua,2005,6,232.33,14.375,272.375,GPCC Full Data Monthly v2020 0.25deg (PSL)
comayagua,2005,7,198.92,14.375,272.375,GPCC Full Data Monthly v2020 0.25deg (PSL)
comayagua,2005,8,148.22,14.375,272.375,GPCC Full Data Monthly v2020 0.25deg (PSL)
comayagua,2005,9,169.36,14.375,272.375,GPCC Full Data Monthly v2020 0.25deg (PSL)
comayagua,2005,10,144.37,14.375,272.375,GPCC Full Data Monthly v2020 0.25deg (PSL)
comayagua,2005,11,33.89,14.375,272.375,GPCC Full Data Monthly v2020 0.25deg (PSL)
comayagua,2005,12,7.33,14.375,272.375,GPCC Full Data Monthly v2020 0.25deg (PSL)
comayagua,2006,1,14.65,14.375,272.375,GPCC Full Data Monthly v2020 0.25deg (PSL)
comayagua,2006,2,8.4,14.375,272.375,GPCC Full Data Monthly v2020 0.25deg (PSL)
comayagua,2006,3,8.4,14.375,272.375,GPCC Full Data Monthly v2020 0.25deg (PSL)
comayagua,2006,4,26.49,14.375,272.375,GPCC Full Data Monthly v2020 0.25deg (PSL)
comayagua,2006,5,23.13,14.375,272.375,GPCC Full Data Monthly v2020 0.25deg (PSL)
comayagua,2006,6,198.21,14.375,272.375,GPCC Full Data Monthly v2020 0.25deg (PSL)
comayagua,2006,7,130.26,14.375,272.375,GPCC Full Data Monthly v2020 0.25deg (PSL)
comayagua,2006,8,95.89,14.375,272.375,GPCC Full Data Monthly v2020 0.25deg (PSL)
comayagua,2006,9,187.94,14.375,272.375,GPCC Full Data Monthly v2020 0.25deg (PSL)
comayagua,2006,10,130.66,14.375,272.375,GPCC Full Data Monthly v2020 0.25deg (PSL)
comayagua,2006,11,59.57,14.375,272.375,GPCC Full Data Monthly v2020 0.25deg (PSL)
comayagua,2006,12,36.07,14.375,272.375,GPCC Full Data Monthly v2020 0.25deg (PSL)
comayagua,2007,1,8.97,14.375,272.375,GPCC Full Data Monthly v2020 0.25deg (PSL)
comayagua,2007,2,8.16,14.375,272.375,GPCC Full Data Monthly v2020 0.25deg (PSL)
comayagua,2007,3,22.85,14.375,272.375,GPCC Full Data Monthly v2020 0.25deg (PSL)
comayagua,2007,4,75.91,14.375,272.375,GPCC Full Data Monthly v2020 0.25deg (PSL)
comayagua,2007,5,66.36,14.375,272.375,GPCC Full Data Monthly v2020 0.25deg (PSL)
comayagua,2007,6,146.71,14.375,272.375,GPCC Full Data Monthly v2020 0.25deg (PSL)
comayagua,2007,7,121.62,14.375,272.375,GPCC Full Data Monthly v2020 0.25deg (PSL)
comayagua,2007,8,217.24,14.375,272.375,GPCC Full Data Monthly v2020 0.25deg (PSL)
comayagua,2007,9,310.91,14.375,272.375,GPCC Full Data Monthly v2020 0.25deg (PSL)
comayagua,2007,10,197.13,14.375,272.375,GPCC Full Data Monthly v2020 0.25deg (PSL)
comayagua,2007,11,33.89,14.375,272.375,GPCC Full Data Monthly v2020 0.25deg (PSL)
comayagua,2007,12,11.72,14.375,272.375,GPCC Full Data Monthly v2020 0.25deg (PSL)
comayagua,2008,1,16.97,14.375,272.375,GPCC Full Data Monthly v2020 0.25deg (PSL)
comayagua,2008,2,25.09,14.375,272.375,GPCC Full Data Monthly v2020 0.25deg (PSL)
comayagua,2008,3,13.45,14.375,272.375,GPCC Full Data Monthly v2020 0.25deg (PSL)
comayagua,2008,4,33.44,14.375,272.375,GPCC Full Data Monthly v2020 0.25deg (PSL)
comayagua,2008,5,106.93,14.375,272.375,GPCC Full Data Monthly v2020 0.25deg (PSL)
comayagua,2008,6,125.73,14.375,272.375,GPCC Full Data Monthly v2020 0.25deg (PSL)
comayagua,2008,7,253.49,14.375,272.375,GPCC Full Data Monthly v2020 0.25deg (PSL)
comayagua,2008,8,237.62,14.375,272.375,GPCC Full Data Monthly v2020 0.25deg (PSL)
comayagua,2008,9,296.49,14.375,272.375,GPCC Full Data Monthly v2020 0.25deg (PSL)
comayagua,2008,10,307.08,14.375,272.375,GPCC Full Data Monthly v2020 0.25deg (PSL)
comayagua,2008,11,22.58,14.375,272.375,GPCC Full Data Monthly v2020 0.25deg (PSL)
comayagua,2008,12,10.4,14.375,272.375,GPCC Full Data Monthly v2020 0.25deg (PSL)
comayagua,2009,1,13.46,14.375,272.375,GPCC Full Data Monthly v2020 0.25deg (PSL)
comayagua,2009,2,14.32,14.375,272.375,GPCC Full Data Monthly v2020 0.25deg (PSL)
comayagua,2009,3,8.41,14.375,272.375,GPCC Full Data Monthly v2020 0.25deg (PSL)
comayagua,2009,4,0.0,14.375,272.375,GPCC Full Data Monthly v2020 0.25deg (PSL)
comayagua,2009,5,157.45,14.375,272.375,GPCC Full Data Monthly v2020 0.25deg (PSL)
comayagua,2009,6,429.79,14.375,272.375,GPCC Full Data Monthly v2020 0.25deg (PSL)
comayagua,2009,7,121.14,14.375,272.375,GPCC Full Data Monthly v2020 0.25deg (PSL)
comayagua,2009,8,100.5,14.375,272.375,GPCC Full Data Monthly v2020 0.25deg (PSL)
comayagua,2009,9,136.52,14.375,272.375,GPCC Full Data Monthly v2020 0.25deg (PSL)
comayagua,2009,10,89.96,14.375,272.375,GPCC Full Data Monthly v2020 0.25deg (PSL)
comayagua,2009,11,88.62,14.375,272.375,GPCC Full Data Monthly v2020 0.25deg (PSL)
comayagua,2009,12,35.77,14.375,272.375,GPCC Full Data Monthly v2020 0.25deg (PSL)
comayagua,2010,1,12.06,14.375,272.375,GPCC Full Data Monthly v2020 0.25deg (PSL)
comayagua,2010,2,11.29,14.375,272.375,GPCC Full Data Monthly v2020 0.25deg (PSL)
comayagua,2010,3,13.58,14.375,272.375,GPCC Full Data Monthly v2020 0.25deg (PSL)
comayagua,2010,4,134.53,14.375,272.375,GPCC Full Data Monthly v2020 0.25deg (PSL)
comayagua,2010,5,84.0,14.375,272.375,GPCC Full Data Monthly v2020 0.25deg (PSL)
comayagua,2010,6,253.84,14.375,272.375,GPCC Full Data Monthly v2020 0.25deg (PSL)
comayagua,2010,7,275.22,14.375,272.375,GPCC Full Data Monthly v2020 0.25deg (PSL)
comayagua,2010,8,366.57,14.375,272.375,GPCC Full Data Monthly v2020 0.25deg (PSL)
comayagua,2010,9,319.48,14.375,272.375,GPCC Full Data Monthly v2020 0.25deg (PSL)
comayagua,2010,10,35.37,14.375,272.375,GPCC Full Data Monthly v2020 0.25deg (PSL)
comayagua,2010,11,26.1,14.375,272.375,GPCC Full Data Monthly v2020 0.25deg (PSL)
comayagua,2010,12,5.32,14.375,272.375,GPCC Full Data Monthly v2020 0.25deg (PSL)
comayagua,2011,1,20.96,14.375,272.375,GPCC Full Data Monthly v2020 0.25deg (PSL)
comayagua,2011,2,24.58,14.375,272.375,GPCC Full Data Monthly v2020 0.25deg (PSL)
comayagua,2011,3,20.23,14.375,272.375,GPCC Full Data Monthly v2020 0.25deg (PSL)
comayagua,2011,4,76.99,14.375,272.375,GPCC Full Data Monthly v2020 0.25deg (PSL)
comayagua,2011,5,179.05,14.375,272.375,GPCC Full Data Monthly v2020 0.25deg (PSL)
comayagua,2011,6,261.39,14.375,272.375,GPCC Full Data Monthly v2020 0.25deg (PSL)
comayagua,2011,7,284.77,14.375,272.375,GPCC Full Data Monthly v2020 0.25deg (PSL)
comayagua,2011,8,146.32,14.375,272.375,GPCC Full Data Monthly v2020 0.25deg (PSL)
comayagua,2011,9,268.25,14.375,272.375,GPCC Full Data Monthly v2020 0.25deg (PSL)
comayagua,2011,10,297.95,14.375,272.375,GPCC Full Data Monthly v2020 0.25deg (PSL)
comayagua,2011,11,46.18,14.375,272.375,GPCC Full Data Monthly v2020 0.25deg (PSL)
comayagua,2011,12,11.29,14.375,272.375,GPCC Full Data Monthly v2020 0.25deg (PSL)
comayagua,2012,1,7.61,14.375,272.375,GPCC Full Data Monthly v2020 0.25deg (PSL)
comayagua,2012,2,9.24,14.375,272.375,GPCC Full Data Monthly v2020 0.25deg (PSL)
comayagua,2012,3,23.72,14.375,272.375,GPCC Full Data Monthly v2020 0.25deg (PSL)
comayagua,2012,4,75.03,14.375,272.375,GPCC Full Data Monthly v2020 0.25deg (PSL)
comayagua,2012,5,216.92,14.375,272.375,GPCC Full Data Monthly v2020 0.25deg (PSL)
comayagua,2012,6,135.26,14.375,272.375,GPCC Full Data Monthly v2020 0.25deg (PSL)
comayagua,2012,7,102.38,14.375,272.375,GPCC Full Data Monthly v2020 0.25deg (PSL)
comayagua,2012,8,278.92,14.375,272.375,GPCC Full Data Monthly v2020 0.25deg (PSL)
comayagua,2012,9,160.81,14.375,272.375,GPCC Full Data Monthly v2020 0.25deg (PSL)
comayagua,2012,10,220.69,14.375,272.375,GPCC Full Data Monthly v2020 0.25deg (PSL)
comayagua,2012,11,21.8,14.375,272.375,GPCC Full Data Monthly v2020 0.25deg (PSL)
comayagua,2012,12,14.28,14.375,272.375,GPCC Full Data Monthly v2020 0.25deg (PSL)
comayagua,2013,1,13.47,14.375,272.375,GPCC Full Data Monthly v2020 0.25deg (PSL)
comayagua,2013,2,8.18,14.375,272.375,GPCC Full Data Monthly v2020 0.25deg (PSL)
comayagua,2013,3,46.28,14.375,272.375,GPCC Full Data Monthly v2020 0.25deg (PSL)
comayagua,2013,4,14.06,14.375,272.375,GPCC Full Data Monthly v2020 0.25deg (PSL)
comayagua,2013,5,197.59,14.375,272.375,GPCC Full Data Monthly v2020 0.25deg (PSL)
comayagua,2013,6,167.39,14.375,272.375,GPCC Full Data Monthly v2020 0.25deg (PSL)
comayagua,2013,7,122.36,14.375,272.375,GPCC Full Data Monthly v2020 0.25deg (PSL)
comayagua,2013,8,209.18,14.375,272.375,GPCC Full Data Monthly v2020 0.25deg (PSL)
comayagua,2013,9,337.16,14.375,272.375,GPCC Full Data Monthly v2020 0.25deg (PSL)
comayagua,2013,10,130.98,14.375,272.375,GPCC Full Data Monthly v2020 0.25deg (PSL)
comayagua,2013,11,37.54,14.375,272.375,GPCC Full Data Monthly v2020 0.25deg (PSL)
comayagua,2013,12,15.09,14.375,272.375,GPCC Full Data Monthly v2020 0.25deg (PSL)
comayagua,2014,1,30.79,14.375,272.375,GPCC Full Data Monthly v2020 0.25deg (PSL)
comayagua,2014,2,8.09,14.375,272.375,GPCC Full Data Monthly v2020 0.25deg (PSL)
comayagua,2014,3,10.87,14.375,272.375,GPCC Full Data Monthly v2020 0.25deg (PSL)
comayagua,2014,4,0.0,14.375,272.375,GPCC Full Data Monthly v2020 0.25deg (PSL)
comayagua,2014,5,104.63,14.375,272.375,GPCC Full Data Monthly v2020 0.25deg (PSL)
comayagua,2014,6,136.81,14.375,272.375,GPCC Full Data Monthly v2020 0.25deg (PSL)
comayagua,2014,7,74.12,14.375,272.375,GPCC Full Data Monthly v2020 0.25deg (PSL)
comayagua,2014,8,174.19,14.375,272.375,GPCC Full Data Monthly v2020 0.25deg (PSL)
comayagua,2014,9,210.48,14.375,272.375,GPCC Full Data Monthly v2020 0.25deg (PSL)
comayagua,2014,10,186.16,14.375,272.375,GPCC Full Data Monthly v2020 0.25deg (PSL)
comayagua,2014,11,56.05,14.375,272.375,GPCC Full Data Monthly v2020 0.25deg (PSL)
comayagua,2014,12,8.96,14.375,272.375,GPCC Full Data Monthly v2020 0.25deg (PSL)
comayagua,2015,1,13.89,14.375,272.375,GPCC Full Data Monthly v2020 0.25deg (PSL)
comayagua,2015,2,9.82,14.375,272.375,GPCC Full Data Monthly v2020 0.25deg (PSL)
comayagua,2015,3,20.5,14.375,272.375,GPCC Full Data Monthly v2020 0.25deg (PSL)
comayagua,2015,4,28.98,14.375,272.375,GPCC Full Data Monthly v2020 0.25deg (PSL)
comayagua,2015,5,22.27,14.375,272.375,GPCC Full Data Monthly v2020 0.25deg (PSL)
comayagua,2015,6,219.33,14.375,272.375,GPCC Full Data Monthly v2020 0.25deg (PSL)
comayagua,2015,7,77.29,14.375,272.375,GPCC Full Data Monthly v2020 0.25deg (PSL)
comayagua,2015,8,54.22,14.375,272.375,GPCC Full Data Monthly v2020 0.25deg (PSL)
comayagua,2015,9,227.07,14.375,272.375,GPCC Full Data Monthly v2020 0.25deg (PSL)
comayagua,2015,10,199.23,14.375,272.375,GPCC Full Data Monthly v2020 0.25deg (PSL)
comayagua,2015,11,89.77,14.375,272.375,GPCC Full Data Monthly v2020 0.25deg (PSL)
comayagua,2015,12,44.23,14.375,272.375,GPCC Full Data Monthly v2020 0.25deg (PSL)
comayagua,2016,1,8.09,14.375,272.375,GPCC Full Data Monthly v2020 0.25deg (PSL)
comayagua,2016,2,15.68,14.375,272.375,GPCC Full Data Monthly v2020 0.25deg (PSL)
comayagua,2016,3,48.15,14.375,272.375,GPCC Full Data Monthly v2020 0.25deg (PSL)
comayagua,2016,4,28.15,14.375,272.375,GPCC Full Data Monthly v2020 0.25deg (PSL)
comayagua,2016,5,70.34,14.375,272.375,GPCC Full Data Monthly v2020 0.25deg (PSL)
comayagua,2016,6,218.65,14.375,272.375,GPCC Full Data Monthly v2020 0.25deg (PSL)
comayagua,2016,7,99.4,14.375,272.375,GPCC Full Data Monthly v2020 0.25deg (PSL)
comayagua,2016,8,182.58,14.375,272.375,GPCC Full Data Monthly v2020 0.25deg (PSL)
comayagua,2016,9,112.51,14.375,272.375,GPCC Full Data Monthly v2020 0.25deg (PSL)
comayagua,2016,10,151.89,14.375,272.375,GPCC Full Data Monthly v2020 0.25deg (PSL)
comayagua,2016,11,30.55,14.375,272.375,GPCC Full Data Monthly v2020 0.25deg (PSL)
comayagua,2016,12,28.13,14.375,272.375,GPCC Full Data Monthly v2020 0.25deg (PSL)
comayagua,2017,1,15.02,14.375,272.375,GPCC Full Data Monthly v2020 0.25deg (PSL)
comayagua,2017,2,5.34,14.375,272.375,GPCC Full Data Monthly v2020 0.25deg (PSL)
comayagua,2017,3,12.79,14.375,272.375,GPCC Full Data Monthly v2020 0.25deg (PSL)
comayagua,2017,4,59.35,14.375,272.375,GPCC Full Data Monthly v2020 0.25deg (PSL)
comayagua,2017,5,165.7,14.375,272.375,GPCC Full Data Monthly v2020 0.25deg (PSL)
comayagua,2017,6,222.41,14.375,272.375,GPCC Full Data Monthly v2020 0.25deg (PSL)
comayagua,2017,7,130.97,14.375,272.375,GPCC Full Data Monthly v2020 0.25deg (PSL)
comayagua,2017,8,124.31,14.375,272.375,GPCC Full Data Monthly v2020 0.25deg (PSL)
comayagua,2017,9,275.67,14.375,272.375,GPCC Full Data Monthly v2020 0.25deg (PSL)
comayagua,2017,10,258.79,14.375,272.375,GPCC Full Data Monthly v2020 0.25deg (PSL)
comayagua,2017,11,24.13,14.375,272.375,GPCC Full Data Monthly v2020 0.25deg (PSL)
comayagua,2017,12,39.03,14.375,272.375,GPCC Full Data Monthly v2020 0.25deg (PSL)
comayagua,2018,1,12.18,14.375,272.375,GPCC Full Data Monthly v2020 0.25deg (PSL)
comayagua,2018,2,10.78,14.375,272.375,GPCC Full Data Monthly v2020 0.25deg (PSL)
comayagua,2018,3,8.98,14.375,272.375,GPCC Full Data Monthly v2020 0.25deg (PSL)
comayagua,2018,4,38.61,14.375,272.375,GPCC Full Data Monthly v2020 0.25deg (PSL)
comayagua,2018,5,111.18,14.375,272.375,GPCC Full Data Monthly v2020 0.25deg (PSL)
comayagua,2018,6,172.28,14.375,272.375,GPCC Full Data Monthly v2020 0.25deg (PSL)
comayagua,2018,7,76.1,14.375,272.375,GPCC Full Data Monthly v2020 0.25deg (PSL)
comayagua,2018,8,83.31,14.375,272.375,GPCC Full Data Monthly v2020 0.25deg (PSL)
comayagua,2018,9,134.84,14.375,272.375,GPCC Full Data Monthly v2020 0.25deg (PSL)
comayagua,2018,10,243.18,14.375,272.375,GPCC Full Data Monthly v2020 0.25deg (PSL)
comayagua,2018,11,18.97,14.375,272.375,GPCC Full Data Monthly v2020 0.25deg (PSL)
comayagua,2018,12,11.36,14.375,272.375,GPCC Full Data Monthly v2020 0.25deg (PSL)
comayagua,2019,1,24.76,14.375,272.375,GPCC Full Data Monthly v2020 0.25deg (PSL)
comayagua,2019,2,10.54,14.375,272.375,GPCC Full Data Monthly v2020 0.25deg (PSL)
comayagua,2019,3,6.88,14.375,272.375,GPCC Full Data Monthly v2020 0.25deg (PSL)
comayagua,2019,4,18.4,14.375,272.375,GPCC Full Data Monthly v2020 0.25deg (PSL)
comayagua,2019,5,136.8,14.375,272.375,GPCC Full Data Monthly v2020 0.25deg (PSL)
comayagua,2019,6,149.28,14.375,272.375,GPCC Full Data Monthly v2020 0.25deg (PSL)
comayagua,2019,7,76.03,14.375,272.375,GPCC Full Data Monthly v2020 0.25deg (PSL)
comayagua,2019,8,86.52,14.375,272.375,GPCC Full Data Monthly v2020 0.25deg (PSL)
comayagua,2019,9,198.61,14.375,272.375,GPCC Full Data Monthly v2020 0.25deg (PSL)
comayagua,2019,10,164.98,14.375,272.375,GPCC Full Data Monthly v2020 0.25deg (PSL)
comayagua,2019,11,29.56,14.375,272.375,GPCC Full Data Monthly v2020 0.25deg (PSL)
comayagua,2019,12,5.57,14.375,272.375,GPCC Full Data Monthly v2020 0.25deg (PSL)
ocotepeque,1981,1,3.34,14.375,270.875,GPCC Full Data Monthly v2020 0.25deg (PSL)
ocotepeque,1981,2,15.01,14.375,270.875,GPCC Full Data Monthly v2020 0.25deg (PSL)
ocotepeque,1981,3,4.36,14.375,270.875,GPCC Full Data Monthly v2020 0.25deg (PSL)
ocotepeque,1981,4,7.92,14.375,270.875,GPCC Full Data Monthly v2020 0.25deg (PSL)
ocotepeque,1981,5,129.92,14.375,270.875,GPCC Full Data Monthly v2020 0.25deg (PSL)
ocotepeque,1981,6,305.54,14.375,270.875,GPCC Full Data Monthly v2020 0.25deg (PSL)
ocotepeque,1981,7,278.08,14.375,270.875,GPCC Full Data Monthly v2020 0.25deg (PSL)
ocotepeque,1981,8,253.1,14.375,270.875,GPCC Full Data Monthly v2020 0.25deg (PSL)
ocotepeque,1981,9,289.93,14.375,270.875,GPCC Full Data Monthly v2020 0.25deg (PSL)
ocotepeque,1981,10,277.8,14.375,270.875,GPCC Full Data Monthly v2020 0.25deg (PSL)
ocotepeque,1981,11,0.0,14.375,270.875,GPCC Full Data Monthly v2020 0.25deg (PSL)
ocotepeque,1981,12,29.23,14.375,270.875,GPCC Full Data Monthly v2020 0.25deg (PSL)
ocotepeque,1982,1,6.61,14.375,270.875,GPCC Full Data Monthly v2020 0.25deg (PSL)
ocotepeque,1982,2,5.1,14.375,270.875,GPCC Full Data Monthly v2020 0.25deg (PSL)
ocotepeque,1982,3,6.45,14.375,270.875,GPCC Full Data Monthly v2020 0.25deg (PSL)
ocotepeque,1982,4,49.74,14.375,270.875,GPCC Full Data Monthly v2020 0.25deg (PSL)
ocotepeque,1982,5,168.09,14.375,270.875,GPCC Full Data Monthly v2020 0.25deg (PSL)
ocotepeque,1982,6,227.76,14.375,270.875,GPCC Full Data Monthly v2020 0.25deg (PSL)
ocotepeque,1982,7,93.27,14.375,270.875,GPCC Full Data Monthly v2020 0.25deg (PSL)
ocotepeque,1982,8,22.98,14.375,270.875,GPCC Full Data Monthly v2020 0.25deg (PSL)
ocotepeque,1982,9,346.39,14.375,270.875,GPCC Full Data Monthly v2020 0.25deg (PSL)
ocotepeque,1982,10,114.57,14.375,270.875,GPCC Full Data Monthly v2020 0.25deg (PSL)
ocotepeque,1982,11,16.18,14.375,270.875,GPCC Full Data Monthly v2020 0.25deg (PSL)
ocotepeque,1982,12,3.08,14.375,270.875,GPCC Full Data Monthly v2020 0.25deg (PSL)
ocotepeque,1983,1,4.32,14.375,270.875,GPCC Full Data Monthly v2020 0.25deg (PSL)
ocotepeque,1983,2,8.82,14.375,270.875,GPCC Full Data Monthly v2020 0.25deg (PSL)
ocotepeque,1983,3,24.35,14.375,270.875,GPCC Full Data Monthly v2020 0.25deg (PSL)
ocotepeque,1983,4,26.67,14.375,270.875,GPCC Full Data Monthly v2020 0.25deg (PSL)
ocotepeque,1983,5,113.99,14.375,270.875,GPCC Full Data Monthly v2020 0.25deg (PSL)
ocotepeque,1983,6,269.05,14.375,270.875,GPCC Full Data Monthly v2020 0.25deg (PSL)
ocotepeque,1983,7,161.01,14.375,270.875,GPCC Full Data Monthly v2020 0.25deg (PSL)
ocotepeque,1983,8,252.0,14.375,270.875,GPCC Full Data Monthly v2020 0.25deg (PSL)
ocotepeque,1983,9,203.55,14.375,270.875,GPCC Full Data Monthly v2020 0.25deg (PSL)
ocotepeque,1983,10,87.51,14.375,270.875,GPCC Full Data Monthly v2020 0.25deg (PSL)
ocotepeque,1983,11,97.74,14.375,270.875,GPCC Full Data Monthly v2020 0.25deg (PSL)
ocotepeque,1983,12,9.56,14.375,270.875,GPCC Full Data Monthly v2020 0.25deg (PSL)
ocotepeque,1984,1,3.51,14.375,270.875,GPCC Full Data Monthly v2020 0.25deg (PSL)
ocotepeque,1984,2,9.66,14.375,270.875,GPCC Full Data Monthly v2020 0.25deg (PSL)
ocotepeque,1984,3,5.72,14.375,270.875,GPCC Full Data Monthly v2020 0.25deg (PSL)
ocotepeque,1984,4,24.66,14.375,270.875,GPCC Full Data Monthly v2020 0.25deg (PSL)
ocotepeque,1984,5,228.43,14.375,270.875,GPCC Full Data Monthly v2020 0.25deg (PSL)
ocotepeque,1984,6,314.16,14.375,270.875,GPCC Full Data Monthly v2020 0.25deg (PSL)
ocotepeque,1984,7,323.54,14.375,270.875,GPCC Full Data Monthly v2020 0.25deg (PSL)
ocotepeque,1984,8,288.95,14.375,270.875,GPCC Full Data Monthly v2020 0.25deg (PSL)
ocotepeque,1984,9,249.95,14.375,270.875,GPCC Full Data Monthly v2020 0.25deg (PSL)
ocotepeque,1984,10,95.65,14.375,270.875,GPCC Full Data Monthly v2020 0.25deg (PSL)
ocotepeque,1984,11,0.0,14.375,270.875,GPCC Full Data Monthly v2020 0.25deg (PSL)
ocotepeque,1984,12,3.7,14.375,270.875,GPCC Full Data Monthly v2020 0.25deg (PSL)
ocotepeque,1985,1,1.32,14.375,270.875,GPCC Full Data Monthly v2020 0.25deg (PSL)
ocotepeque,1985,2,5.24,14.375,270.875,GPCC Full Data Monthly v2020 0.25deg (PSL)
ocotepeque,1985,3,5.68,14.375,270.875,GPCC Full Data Monthly v2020 0.25deg (PSL)
ocotepeque,1985,4,37.82,14.375,270.875,GPCC Full Data Monthly v2020 0.25deg (PSL)
ocotepeque,1985,5,60.52,14.375,270.875,GPCC Full Data Monthly v2020 0.25deg (PSL)
ocotepeque,1985,6,193.16,14.375,270.875,GPCC Full Data Monthly v2020 0.25deg (PSL)
ocotepeque,1985,7,273.28,14.375,270.875,GPCC Full Data Monthly v2020 0.25deg (PSL)
ocotepeque,1985,8,175.22,14.375,270.875,GPCC Full Data Monthly v2020 0.25deg (PSL)
ocotepeque,1985,9,244.19,14.375,270.875,GPCC Full Data Monthly v2020 0.25deg (PSL)
ocotepeque,1985,10,122.5,14.375,270.875,GPCC Full Data Monthly v2020 0.25deg (PSL)
ocotepeque,1985,11,37.89,14.375,270.875,GPCC Full Data Monthly v2020 0.25deg (PSL)
ocotepeque,1985,12,8.24,14.375,270.875,GPCC Full Data Monthly v2020 0.25deg (PSL)
ocotepeque,1986,1,12.29,14.375,270.875,GPCC Full Data Monthly v2020 0.25deg (PSL)
ocotepeque,1986,2,0.0,14.375,270.875,GPCC Full Data Monthly v2020 0.25deg (PSL)
ocotepeque,1986,3,0.0,14.375,270.875,GPCC Full Data Monthly v2020 0.25deg (PSL)
ocotepeque,1986,4,0.38,14.375,270.875,GPCC Full Data Monthly v2020 0.25deg (PSL)
ocotepeque,1986,5,160.86,14.375,270.875,GPCC Full Data Monthly v2020 0.25deg (PSL)
ocotepeque,1986,6,179.11,14.375,270.875,GPCC Full Data Monthly v2020 0.25deg (PSL)
ocotepeque,1986,7,137.66,14.375,270.875,GPCC Full Data Monthly v2020 0.25deg (PSL)
ocotepeque,1986,8,216.17,14.375,270.875,GPCC Full Data Monthly v2020 0.25deg (PSL)
ocotepeque,1986,9,152.81,14.375,270.875,GPCC Full Data Monthly v2020 0.25deg (PSL)
ocotepeque,1986,10,88.25,14.375,270.875,GPCC Full Data Monthly v2020 0.25deg (PSL)
ocotepeque,1986,11,5.11,14.375,270.875,GPCC Full Data Monthly v2020 0.25deg (PSL)
ocotepeque,1986,12,0.0,14.375,270.875,GPCC Full Data Monthly v2020 0.25deg (PSL)
ocotepeque,1987,1,0.0,14.375,270.875,GPCC Full Data Monthly v2020 0.25deg (PSL)
ocotepeque,1987,2,0.2,14.375,270.875,GPCC Full Data Monthly v2020 0.25deg (PSL)
ocotepeque,1987,3,36.59,14.375,270.875,GPCC Full Data Monthly v2020 0.25deg (PSL)
ocotepeque,1987,4,33.52,14.375,270.875,GPCC Full Data Monthly v2020 0.25deg (PSL)
ocotepeque,1987,5,7.74,14.375,270.875,GPCC Full Data Monthly v2020 0.25deg (PSL)
ocotepeque,1987,6,264.05,14.375,270.875,GPCC Full Data Monthly v2020 0.25deg (PSL)
ocotepeque,1987,7,343.01,14.375,270.875,GPCC Full Data Monthly v2020 0.25deg (PSL)
ocotepeque,1987,8,147.21,14.375,270.875,GPCC Full Data Monthly v2020 0.25deg (PSL)
ocotepeque,1987,9,207.74,14.375,270.875,GPCC Full Data Monthly v2020 0.25deg (PSL)
ocotepeque,1987,10,0.0,14.375,270.875,GPCC Full Data Monthly v2020 0.25deg (PSL)
ocotepeque,1987,11,0.0,14.375,270.875,GPCC Full Data Monthly v2020 0.25deg (PSL)
ocotepeque,1987,12,12.49,14.375,270.875,GPCC Full Data Monthly v2020 0.25deg (PSL)
ocotepeque,1988,1,12.89,14.375,270.875,GPCC Full Data Monthly v2020 0.25deg (PSL)
ocotepeque,1988,2,7.23,14.375,270.875,GPCC Full Data Monthly v2020 0.25deg (PSL)
ocotepeque,1988,3,4.18,14.375,270.875,GPCC Full Data Monthly v2020 0.25deg (PSL)
ocotepeque,1988,4,78.26,14.375,270.875,GPCC Full Data Monthly v2020 0.25deg (PSL)
ocotepeque,1988,5,79.55,14.375,270.875,GPCC Full Data Monthly v2020 0.25deg (PSL)
ocotepeque,1988,6,267.34,14.375,270.875,GPCC Full Data Monthly v2020 0.25deg (PSL)
ocotepeque,1988,7,224.62,14.375,270.875,GPCC Full Data Monthly v2020 0.25deg (PSL)
ocotepeque,1988,8,318.01,14.375,270.875,GPCC Full Data Monthly v2020 0.25deg (PSL)
ocotepeque,1988,9,283.92,14.375,270.875,GPCC Full Data Monthly v2020 0.25deg (PSL)
ocotepeque,1988,10,130.55,14.375,270.875,GPCC Full Data Monthly v2020 0.25deg (PSL)
ocotepeque,1988,11,21.14,14.375,270.875,GPCC Full Data Monthly v2020 0.25deg (PSL)
ocotepeque,1988,12,11.49,14.375,270.875,GPCC Full Data Monthly v2020 0.25deg (PSL)
ocotepeque,1989,1,11.01,14.375,270.875,GPCC Full Data Monthly v2020 0.25deg (PSL)
ocotepeque,1989,2,4.67,14.375,270.875,GPCC Full Data Monthly v2020 0.25deg (PSL)
ocotepeque,1989,3,17.17,14.375,270.875,GPCC Full Data Monthly v2020 0.25deg (PSL)
ocotepeque,1989,4,116.23,14.375,270.875,GPCC Full Data Monthly v2020 0.25deg (PSL)
ocotepeque,1989,5,118.16,14.375,270.875,GPCC Full Data Monthly v2020 0.25deg (PSL)
ocotepeque,1989,6,262.03,14.375,270.875,GPCC Full Data Monthly v2020 0.25deg (PSL)
ocotepeque,1989,7,222.33,14.375,270.875,GPCC Full Data Monthly v2020 0.25deg (PSL)
ocotepeque,1989,8,263.22,14.375,270.875,GPCC Full Data Monthly v2020 0.25deg (PSL)
ocotepeque,1989,9,303.95,14.375,270.875,GPCC Full Data Monthly v2020 0.25deg (PSL)
ocotepeque,1989,10,92.0,14.375,270.875,GPCC Full Data Monthly v2020 0.25deg (PSL)
ocotepeque,1989,11,15.06,14.375,270.875,GPCC Full Data Monthly v2020 0.25deg (PSL)
ocotepeque,1989,12,21.4,14.375,270.875,GPCC Full Data Monthly v2020 0.25deg (PSL)
ocotepeque,1990,1,3.84,14.375,270.875,GPCC Full Data Monthly v2020 0.25deg (PSL)
ocotepeque,1990,2,24.36,14.375,270.875,GPCC Full Data Monthly v2020 0.25deg (PSL)
ocotepeque,1990,3,8.53,14.375,270.875,GPCC Full Data Monthly v2020 0.25deg (PSL)
ocotepeque,1990,4,47.04,14.375,270.875,GPCC Full Data Monthly v2020 0.25deg (PSL)
ocotepeque,1990,5,197.81,14.375,270.875,GPCC Full Data Monthly v2020 0.25deg (PSL)
ocotepeque,1990,6,248.78,14.375,270.875,GPCC Full Data Monthly v2020 0.25deg (PSL)
ocotepeque,1990,7,220.35,14.375,270.875,GPCC Full Data Monthly v2020 0.25deg (PSL)
ocotepeque,1990,8,126.25,14.375,270.875,GPCC Full Data Monthly v2020 0.25deg (PSL)
ocotepeque,1990,9,378.99,14.375,270.875,GPCC Full Data Monthly v2020 0.25deg (PSL)
ocotepeque,1990,10,77.08,14.375,270.875,GPCC Full Data Monthly v2020 0.25deg (PSL)
ocotepeque,1990,11,75.54,14.375,270.875,GPCC Full Data Monthly v2020 0.25deg (PSL)
ocotepeque,1990,12,15.29,14.375,270.875,GPCC Full Data Monthly v2020 0.25deg (PSL)
ocotepeque,1991,1,2.7,14.375,270.875,GPCC Full Data Monthly v2020 0.25deg (PSL)
ocotepeque,1991,2,2.21,14.375,270.875,GPCC Full Data Monthly v2020 0.25deg (PSL)
ocotepeque,1991,3,3.16,14.375,270.875,GPCC Full Data Monthly v2020 0.25deg (PSL)
ocotepeque,1991,4,40.56,14.375,270.875,GPCC Full Data Monthly v2020 0.25deg (PSL)
ocotepeque,1991,5,171.41,14.375,270.875,GPCC Full Data Monthly v2020 0.25deg (PSL)
ocotepeque,1991,6,211.31,14.375,270.875,GPCC Full Data Monthly v2020 0.25deg (PSL)
ocotepeque,1991,7,168.03,14.375,270.875,GPCC Full Data Monthly v2020 0.25deg (PSL)
ocotepeque,1991,8,191.89,14.375,270.875,GPCC Full Data Monthly v2020 0.25deg (PSL)
ocotepeque,1991,9,217.43,14.375,270.875,GPCC Full Data Monthly v2020 0.25deg (PSL)
ocotepeque,1991,10,226.66,14.375,270.875,GPCC Full Data Monthly v2020 0.25deg (PSL)
ocotepeque,1991,11,17.64,14.375,270.875,GPCC Full Data Monthly v2020 0.25deg (PSL)
ocotepeque,1991,12,102.31,14.375,270.875,GPCC Full Data Monthly v2020 0.25deg (PSL)
ocotepeque,1992,1,14.38,14.375,270.875,GPCC Full Data Monthly v2020 0.25deg (PSL)
ocotepeque,1992,2,0.0,14.375,270.875,GPCC Full Data Monthly v2020 0.25deg (PSL)
ocotepeque,1992,3,13.29,14.375,270.875,GPCC Full Data Monthly v2020 0.25deg (PSL)
ocotepeque,1992,4,88.8,14.375,270.875,GPCC Full Data Monthly v2020 0.25deg (PSL)
ocotepeque,1992,5,63.1,14.375,270.875,GPCC Full Data Monthly v2020 0.25deg (PSL)
ocotepeque,1992,6,307.91,14.375,270.875,GPCC Full Data Monthly v2020 0.25deg (PSL)
ocotepeque,1992,7,164.5,14.375,270.875,GPCC Full Data Monthly v2020 0.25deg (PSL)
ocotepeque,1992,8,226.06,14.375,270.875,GPCC Full Data Monthly v2020 0.25deg (PSL)
ocotepeque,1992,9,209.65,14.375,270.875,GPCC Full Data Monthly v2020 0.25deg (PSL)
ocotepeque,1992,10,113.15,14.375,270.875,GPCC Full Data Monthly v2020 0.25deg (PSL)
ocotepeque,1992,11,44.03,14.375,270.875,GPCC Full Data Monthly v2020 0.25deg (PSL)
ocotepeque,1992,12,15.48,14.375,270.875,GPCC Full Data Monthly v2020 0.25deg (PSL)
ocotepeque,1993,1,0.58,14.375,270.875,GPCC Full Data Monthly v2020 0.25deg (PSL)
ocotepeque,1993,2,0.97,14.375,270.875,GPCC Full Data Monthly v2020 0.25deg (PSL)
ocotepeque,1993,3,19.05,14.375,270.875,GPCC Full Data Monthly v2020 0.25deg (PSL)
ocotepeque,1993,4,36.07,14.375,270.875,GPCC Full Data Monthly v2020 0.25deg (PSL)
ocotepeque,1993,5,107.16,14.375,270.875,GPCC Full Data Monthly v2020 0.25deg (PSL)
ocotepeque,1993,6,179.46,14.375,270.875,GPCC Full Data Monthly v2020 0.25deg (PSL)
ocotepeque,1993,7,171.94,14.375,270.875,GPCC Full Data Monthly v2020 0.25deg (PSL)
ocotepeque,1993,8,252.15,14.375,270.875,GPCC Full Data Monthly v2020 0.25deg (PSL)
ocotepeque,1993,9,268.23,14.375,270.875,GPCC Full Data Monthly v2020 0.25deg (PSL)
ocotepeque,1993,10,139.85,14.375,270.875,GPCC Full Data Monthly v2020 0.25deg (PSL)
ocotepeque,1993,11,3.08,14.375,270.875,GPCC Full Data Monthly v2020 0.25deg (PSL)
ocotepeque,1993,12,9.45,14.375,270.875,GPCC Full Data Monthly v2020 0.25deg (PSL)
ocotepeque,1994,1,6.72,14.375,270.875,GPCC Full Data Monthly v2020 0.25deg (PSL)
ocotepeque,1994,2,7.1,14.375,270.875,GPCC Full Data Monthly v2020 0.25deg (PSL)
ocotepeque,1994,3,9.2,14.375,270.875,GPCC Full Data Monthly v2020 0.25deg (PSL)
ocotepeque,1994,4,65.15,14.375,270.875,GPCC Full Data Monthly v2020 0.25deg (PSL)
ocotepeque,1994,5,123.8,14.375,270.875,GPCC Full Data Monthly v2020 0.25deg (PSL)
ocotepeque,1994,6,206.08,14.375,270.875,GPCC Full Data Monthly v2020 0.25deg (PSL)
ocotepeque,1994,7,65.3,14.375,270.875,GPCC Full Data Monthly v2020 0.25deg (PSL)
ocotepeque,1994,8,363.11,14.375,270.875,GPCC Full Data Monthly v2020 0.25deg (PSL)
ocotepeque,1994,9,197.84,14.375,270.875,GPCC Full Data Monthly v2020 0.25deg (PSL)
ocotepeque,1994,10,103.83,14.375,270.875,GPCC Full Data Monthly v2020 0.25deg (PSL)
ocotepeque,1994,11,32.87,14.375,270.875,GPCC Full Data Monthly v2020 0.25deg (PSL)
ocotepeque,1994,12,0.0,14.375,270.875,GPCC Full Data Monthly v2020 0.25deg (PSL)
ocotepeque,1995,1,1.9,14.375,270.875,GPCC Full Data Monthly v2020 0.25deg (PSL)
ocotepeque,1995,2,2.57,14.375,270.875,GPCC Full Data Monthly v2020 0.25deg (PSL)
ocotepeque,1995,3,2.19,14.375,270.875,GPCC Full Data Monthly v2020 0.25deg (PSL)
ocotepeque,1995,4,57.18,14.375,270.875,GPCC Full Data Monthly v2020 0.25deg (PSL)
ocotepeque,1995,5,95.01,14.375,270.875,GPCC Full Data Monthly v2020 0.25deg (PSL)
ocotepeque,1995,6,159.63,14.375,270.875,GPCC Full Data Monthly v2020 0.25deg (PSL)
ocotepeque,1995,7,353.68,14.375,270.875,GPCC Full Data Monthly v2020 0.25deg (PSL)
ocotepeque,1995,8,308.39,14.375,270.875,GPCC Full Data Monthly v2020 0.25deg (PSL)
ocotepeque,1995,9,382.87,14.375,270.875,GPCC Full Data Monthly v2020 0.25deg (PSL)
ocotepeque,1995,10,53.15,14.375,270.875,GPCC Full Data Monthly v2020 0.25deg (PSL)
ocotepeque,1995,11,38.67,14.375,270.875,GPCC Full Data Monthly v2020 0.25deg (PSL)
ocotepeque,1995,12,33.04,14.375,270.875,GPCC Full Data Monthly v2020 0.25deg (PSL)
ocotepeque,1996,1,0.0,14.375,270.875,GPCC Full Data Monthly v2020 0.25deg (PSL)
ocotepeque,1996,2,11.12,14.375,270.875,GPCC Full Data Monthly v2020 0.25deg (PSL)
ocotepeque,1996,3,0.95,14.375,270.875,GPCC Full Data Monthly v2020 0.25deg (PSL)
ocotepeque,1996,4,159.35,14.375,270.875,GPCC Full Data Monthly v2020 0.25deg (PSL)
ocotepeque,1996,5,188.46,14.375,270.875,GPCC Full Data Monthly v2020 0.25deg (PSL)
ocotepeque,1996,6,141.15,14.375,270.875,GPCC Full Data Monthly v2020 0.25deg (PSL)
ocotepeque,1996,7,333.81,14.375,270.875,GPCC Full Data Monthly v2020 0.25deg (PSL)
ocotepeque,1996,8,140.36,14.375,270.875,GPCC Full Data Monthly v2020 0.25deg (PSL)
ocotepeque,1996,9,325.38,14.375,270.875,GPCC Full Data Monthly v2020 0.25deg (PSL)
ocotepeque,1996,10,171.7,14.375,270.875,GPCC Full Data Monthly v2020 0.25deg (PSL)
ocotepeque,1996,11,49.78,14.375,270.875,GPCC Full Data Monthly v2020 0.25deg (PSL)
ocotepeque,1996,12,0.4,14.375,270.875,GPCC Full Data Monthly v2020 0.25deg (PSL)
ocotepeque,1997,1,15.67,14.375,270.875,GPCC Full Data Monthly v2020 0.25deg (PSL)
ocotepeque,1997,2,6.03,14.375,270.875,GPCC Full Data Monthly v2020 0.25deg (PSL)
ocotepeque,1997,3,35.06,14.375,270.875,GPCC Full Data Monthly v2020 0.25deg (PSL)
ocotepeque,1997,4,9.3,14.375,270.875,GPCC Full Data Monthly v2020 0.25deg (PSL)
ocotepeque,1997,5,88.92,14.375,270.875,GPCC Full Data Monthly v2020 0.25deg (PSL)
ocotepeque,1997,6,299.49,14.375,270.875,GPCC Full Data Monthly v2020 0.25deg (PSL)
ocotepeque,1997,7,193.42,14.375,270.875,GPCC Full Data Monthly v2020 0.25deg (PSL)
ocotepeque,1997,8,48.45,14.375,270.875,GPCC Full Data Monthly v2020 0.25deg (PSL)
ocotepeque,1997,9,342.53,14.375,270.875,GPCC Full Data Monthly v2020 0.25deg (PSL)
ocotepeque,1997,10,144.45,14.375,270.875,GPCC Full Data Monthly v2020 0.25deg (PSL)
ocotepeque,1997,11,44.13,14.375,270.875,GPCC Full Data Monthly v2020 0.25deg (PSL)
ocotepeque,1997,12,2.99,14.375,270.875,GPCC Full Data Monthly v2020 0.25deg (PSL)
ocotepeque,1998,1,2.08,14.375,270.875,GPCC Full Data Monthly v2020 0.25deg (PSL)
ocotepeque,1998,2,0.0,14.375,270.875,GPCC Full Data Monthly v2020 0.25deg (PSL)
ocotepeque,1998,3,7.44,14.375,270.875,GPCC Full Data Monthly v2020 0.25deg (PSL)
ocotepeque,1998,4,11.85,14.375,270.875,GPCC Full Data Monthly v2020 0.25deg (PSL)
ocotepeque,1998,5,106.53,14.375,270.875,GPCC Full Data Monthly v2020 0.25deg (PSL)
ocotepeque,1998,6,176.89,14.375,270.875,GPCC Full Data Monthly v2020 0.25deg (PSL)
ocotepeque,1998,7,169.15,14.375,270.875,GPCC Full Data Monthly v2020 0.25deg (PSL)
ocotepeque,1998,8,272.34,14.375,270.875,GPCC Full Data Monthly v2020 0.25deg (PSL)
ocotepeque,1998,9,86.11,14.375,270.875,GPCC Full Data Monthly v2020 0.25deg (PSL)
ocotepeque,1998,10,248.83,14.375,270.875,GPCC Full Data Monthly v2020 0.25deg (PSL)
ocotepeque,1998,11,125.52,14.375,270.875,GPCC Full Data Monthly v2020 0.25deg (PSL)
ocotepeque,1998,12,7.98,14.375,270.875,GPCC Full Data Monthly v2020 0.25deg (PSL)
ocotepeque,1999,1,7.76,14.375,270.875,GPCC Full Data Monthly v2020 0.25deg (PSL)
ocotepeque,1999,2,15.4,14.375,270.875,GPCC Full Data Monthly v2020 0.25deg (PSL)
ocotepeque,1999,3,5.95,14.375,270.875,GPCC Full Data Monthly v2020 0.25deg (PSL)
ocotepeque,1999,4,17.87,14.375,270.875,GPCC Full Data Monthly v2020 0.25deg (PSL)
ocotepeque,1999,5,55.9,14.375,270.875,GPCC Full Data Monthly v2020 0.25deg (PSL)
ocotepeque,1999,6,257.02,14.375,270.875,GPCC Full Data Monthly v2020 0.25deg (PSL)
ocotepeque,1999,7,154.34,14.375,270.875,GPCC Full Data Monthly v2020 0.25deg (PSL)
ocotepeque,1999,8,287.32,14.375,270.875,GPCC Full Data Monthly v2020 0.25deg (PSL)
ocotepeque,1999,9,296.34,14.375,270.875,GPCC Full Data Monthly v2020 0.25deg (PSL)
ocotepeque,1999,10,203.68,14.375,270.875,GPCC Full Data Monthly v2020 0.25deg (PSL)
ocotepeque,1999,11,0.0,14.375,270.875,GPCC Full Data Monthly v2020 0.25deg (PSL)
ocotepeque,1999,12,17.65,14.375,270.875,GPCC Full Data Monthly v2020 0.25deg (PSL)
ocotepeque,2000,1,4.44,14.375,270.875,GPCC Full Data Monthly v2020 0.25deg (PSL)
ocotepeque,2000,2,2.53,14.375,270.875,GPCC Full Data Monthly v2020 0.25deg (PSL)
ocotepeque,2000,3,1.85,14.375,270.875,GPCC Full Data Monthly v2020 0.25deg (PSL)
ocotepeque,2000,4,16.68,14.375,270.875,GPCC Full Data Monthly v2020 0.25deg (PSL)
ocotepeque,2000,5,323.61,14.375,270.875,GPCC Full Data Monthly v2020 0.25deg (PSL)
ocotepeque,2000,6,256.05,14.375,270.875,GPCC Full Data Monthly v2020 0.25deg (PSL)
ocotepeque,2000,7,137.03,14.375,270.875,GPCC Full Data Monthly v2020 0.25deg (PSL)
ocotepeque,2000,8,128.64,14.375,270.875,GPCC Full Data Monthly v2020 0.25deg (PSL)
ocotepeque,2000,9,211.04,14.375,270.875,GPCC Full Data Monthly v2020 0.25deg (PSL)
ocotepeque,2000,10,27.1,14.375,270.875,GPCC Full Data Monthly v2020 0.25deg (PSL)
ocotepeque,2000,11,4.73,14.375,270.875,GPCC Full Data Monthly v2020 0.25deg (PSL)
ocotepeque,2000,12,7.13,14.375,270.875,GPCC Full Data Monthly v2020 0.25deg (PSL)
ocotepeque,2001,1,4.5,14.375,270.875,GPCC Full Data Monthly v2020 0.25deg (PSL)
ocotepeque,2001,2,6.2,14.375,270.875,GPCC Full Data Monthly v2020 0.25deg (PSL)
ocotepeque,2001,3,5.59,14.375,270.875,GPCC Full Data Monthly v2020 0.25deg (PSL)
ocotepeque,2001,4,19.15,14.375,270.875,GPCC Full Data Monthly v2020 0.25deg (PSL)
ocotepeque,2001,5,91.97,14.375,270.875,GPCC Full Data Monthly v2020 0.25deg (PSL)
ocotepeque,2001,6,58.91,14.375,270.875,GPCC Full Data Monthly v2020 0.25deg (PSL)
ocotepeque,2001,7,248.95,14.375,270.875,GPCC Full Data Monthly v2020 0.25deg (PSL)
ocotepeque,2001,8,181.13,14.375,270.875,GPCC Full Data Monthly v2020 0.25deg (PSL)
ocotepeque,2001,9,212.42,14.375,270.875,GPCC Full Data Monthly v2020 0.25deg (PSL)
ocotepeque,2001,10,72.7,14.375,270.875,GPCC Full Data Monthly v2020 0.25deg (PSL)
ocotepeque,2001,11,11.41,14.375,270.875,GPCC Full Data Monthly v2020 0.25deg (PSL)
ocotepeque,2001,12,1.6,14.375,270.875,GPCC Full Data Monthly v2020 0.25deg (PSL)
ocotepeque,2002,1,1.61,14.375,270.875,GPCC Full Data Monthly v2020 0.25deg (PSL)
ocotepeque,2002,2,2.5,14.375,270.875,GPCC Full Data Monthly v2020 0.25deg (PSL)
ocotepeque,2002,3,5.09,14.375,270.875,GPCC Full Data Monthly v2020 0.25deg (PSL)
ocotepeque,2002,4,7.05,14.375,270.875,GPCC Full Data Monthly v2020 0.25deg (PSL)
ocotepeque,2002,5,98.11,14.375,270.875,GPCC Full Data Monthly v2020 0.25deg (PSL)
ocotepeque,2002,6,147.81,14.375,270.875,GPCC Full Data Monthly v2020 0.25deg (PSL)
ocotepeque,2002,7,172.49,14.375,270.875,GPCC Full Data Monthly v2020 0.25deg (PSL)
ocotepeque,2002,8,130.77,14.375,270.875,GPCC Full Data Monthly v2020 0.25deg (PSL)
ocotepeque,2002,9,256.74,14.375,270.875,GPCC Full Data Monthly v2020 0.25deg (PSL)
ocotepeque,2002,10,120.65,14.375,270.875,GPCC Full Data Monthly v2020 0.25deg (PSL)
ocotepeque,2002,11,41.05,14.375,270.875,GPCC Full Data Monthly v2020 0.25deg (PSL)
ocotepeque,2002,12,6.52,14.375,270.875,GPCC Full Data Monthly v2020 0.25deg (PSL)
ocotepeque,2003,1,12.11,14.375,270.875,GPCC Full Data Monthly v2020 0.25deg (PSL)
ocotepeque,2003,2,0.53,14.375,270.875,GPCC Full Data Monthly v2020 0.25deg (PSL)
ocotepeque,2003,3,37.57,14.375,270.875,GPCC Full Data Monthly v2020 0.25deg (PSL)
ocotepeque,2003,4,31.51,14.375,270.875,GPCC Full Data Monthly v2020 0.25deg (PSL)
ocotepeque,2003,5,119.92,14.375,270.875,GPCC Full Data Monthly v2020 0.25deg (PSL)
ocotepeque,2003,6,267.01,14.375,270.875,GPCC Full Data Monthly v2020 0.25deg (PSL)
ocotepeque,2003,7,106.47,14.375,270.875,GPCC Full Data Monthly v2020 0.25deg (PSL)
ocotepeque,2003,8,152.05,14.375,270.875,GPCC Full Data Monthly v2020 0.25deg (PSL)
ocotepeque,2003,9,320.54,14.375,270.875,GPCC Full Data Monthly v2020 0.25deg (PSL)
ocotepeque,2003,10,92.01,14.375,270.875,GPCC Full Data Monthly v2020 0.25deg (PSL)
ocotepeque,2003,11,24.33,14.375,270.875,GPCC Full Data Monthly v2020 0.25deg (PSL)
ocotepeque,2003,12,1.88,14.375,270.875,GPCC Full Data Monthly v2020 0.25deg (PSL)
ocotepeque,2004,1,4.08,14.375,270.875,GPCC Full Data Monthly v2020 0.25deg (PSL)
ocotepeque,2004,2,18.29,14.375,270.875,GPCC Full Data Monthly v2020 0.25deg (PSL)
ocotepeque,2004,3,6.65,14.375,270.875,GPCC Full Data Monthly v2020 0.25deg (PSL)
ocotepeque,2004,4,54.59,14.375,270.875,GPCC Full Data Monthly v2020 0.25deg (PSL)
ocotepeque,2004,5,140.96,14.375,270.875,GPCC Full Data Monthly v2020 0.25deg (PSL)
ocotepeque,2004,6,216.72,14.375,270.875,GPCC Full Data Monthly v2020 0.25deg (PSL)
ocotepeque,2004,7,233.76,14.375,270.875,GPCC Full Data Monthly v2020 0.25deg (PSL)
ocotepeque,2004,8,193.54,14.375,270.875,GPCC Full Data Monthly v2020 0.25deg (PSL)
ocotepeque,2004,9,244.35,14.375,270.875,GPCC Full Data Monthly v2020 0.25deg (PSL)
ocotepeque,2004,10,159.32,14.375,270.875,GPCC Full Data Monthly v2020 0.25deg (PSL)
ocotepeque,2004,11,16.12,14.375,270.875,GPCC Full Data Monthly v2020 0.25deg (PSL)
ocotepeque,2004,12,2.43,14.375,270.875,GPCC Full Data Monthly v2020 0.25deg (PSL)
ocotepeque,2005,1,1.45,14.375,270.875,GPCC Full Data Monthly v2020 0.25deg (PSL)
ocotepeque,2005,2,0.0,14.375,270.875,GPCC Full Data Monthly v2020 0.25deg (PSL)
ocotepeque,2005,3,32.43,14.375,270.875,GPCC Full Data Monthly v2020 0.25deg (PSL)
ocotepeque,2005,4,21.16,14.375,270.875,GPCC Full Data Monthly v2020 0.25deg (PSL)
ocotepeque,2005,5,99.65,14.375,270.875,GPCC Full Data Monthly v2020 0.25deg (PSL)
ocotepeque,2005,6,299.96,14.375,270.875,GPCC Full Data Monthly v2020 0.25deg (PSL)
ocotepeque,2005,7,281.22,14.375,270.875,GPCC Full Data Monthly v2020 0.25deg (PSL)
ocotepeque,2005,8,210.41,14.375,270.875,GPCC Full Data Monthly v2020 0.25deg (PSL)
ocotepeque,2005,9,268.21,14.375,270.875,GPCC Full Data Monthly v2020 0.25deg (PSL)
ocotepeque,2005,10,140.52,14.375,270.875,GPCC Full Data Monthly v2020 0.25deg (PSL)
ocotepeque,2005,11,12.93,14.375,270.875,GPCC Full Data Monthly v2020 0.25deg (PSL)
ocotepeque,2005,12,4.76,14.375,270.875,GPCC Full Data Monthly v2020 0.25deg (PSL)
ocotepeque,2006,1,6.18,14.375,270.875,GPCC Full Data Monthly v2020 0.25deg (PSL)
ocotepeque,2006,2,1.05,14.375,270.875,GPCC Full Data Monthly v2020 0.25deg (PSL)
ocotepeque,2006,3,4.4,14.375,270.875,GPCC Full Data Monthly v2020 0.25deg (PSL)
ocotepeque,2006,4,43.32,14.375,270.875,GPCC Full Data Monthly v2020 0.25deg (PSL)
ocotepeque,2006,5,119.93,14.375,270.875,GPCC Full Data Monthly v2020 0.25deg (PSL)
ocotepeque,2006,6,272.99,14.375,270.875,GPCC Full Data Monthly v2020 0.25deg (PSL)
ocotepeque,2006,7,198.52,14.375,270.875,GPCC Full Data Monthly v2020 0.25deg (PSL)
ocotepeque,2006,8,111.04,14.375,270.875,GPCC Full Data Monthly v2020 0.25deg (PSL)
ocotepeque,2006,9,263.77,14.375,270.875,GPCC Full Data Monthly v2020 0.25deg (PSL)
ocotepeque,2006,10,171.03,14.375,270.875,GPCC Full Data Monthly v2020 0.25deg (PSL)
ocotepeque,2006,11,33.46,14.375,270.875,GPCC Full Data Monthly v2020 0.25deg (PSL)
ocotepeque,2006,12,8.45,14.375,270.875,GPCC Full Data Monthly v2020 0.25deg (PSL)
ocotepeque,2007,1,5.55,14.375,270.875,GPCC Full Data Monthly v2020 0.25deg (PSL)
ocotepeque,2007,2,0.0,14.375,270.875,GPCC Full Data Monthly v2020 0.25deg (PSL)
ocotepeque,2007,3,5.61,14.375,270.875,GPCC Full Data Monthly v2020 0.25deg (PSL)
ocotepeque,2007,4,53.11,14.375,270.875,GPCC Full Data Monthly v2020 0.25deg (PSL)
ocotepeque,2007,5,66.39,14.375,270.875,GPCC Full Data Monthly v2020 0.25deg (PSL)
ocotepeque,2007,6,221.93,14.375,270.875,GPCC Full Data Monthly v2020 0.25deg (PSL)
ocotepeque,2007,7,247.4,14.375,270.875,GPCC Full Data Monthly v2020 0.25deg (PSL)
ocotepeque,2007,8,190.31,14.375,270.875,GPCC Full Data Monthly v2020 0.25deg (PSL)
ocotepeque,2007,9,339.05,14.375,270.875,GPCC Full Data Monthly v2020 0.25deg (PSL)
ocotepeque,2007,10,169.08,14.375,270.875,GPCC Full Data Monthly v2020 0.25deg (PSL)
ocotepeque,2007,11,11.31,14.375,270.875,GPCC Full Data Monthly v2020 0.25deg (PSL)
ocotepeque,2007,12,0.0,14.375,270.875,GPCC Full Data Monthly v2020 0.25deg (PSL)
ocotepeque,2008,1,8.85,14.375,270.875,GPCC Full Data Monthly v2020 0.25deg (PSL)
ocotepeque,2008,2,3.34,14.375,270.875,GPCC Full Data Monthly v2020 0.25deg (PSL)
ocotepeque,2008,3,5.57,14.375,270.875,GPCC Full Data Monthly v2020 0.25deg (PSL)
ocotepeque,2008,4,40.08,14.375,270.875,GPCC Full Data Monthly v2020 0.25deg (PSL)
ocotepeque,2008,5,104.98,14.375,270.875,GPCC Full Data Monthly v2020 0.25deg (PSL)
ocotepeque,2008,6,208.33,14.375,270.875,GPCC Full Data Monthly v2020 0.25deg (PSL)
ocotepeque,2008,7,410.24,14.375,270.875,GPCC Full Data Monthly v2020 0.25deg (PSL)
ocotepeque,2008,8,275.84,14.375,270.875,GPCC Full Data Monthly v2020 0.25deg (PSL)
ocotepeque,2008,9,315.65,14.375,270.875,GPCC Full Data Monthly v2020 0.25deg (PSL)
ocotepeque,2008,10,164.05,14.375,270.875,GPCC Full Data Monthly v2020 0.25deg (PSL)
ocotepeque,2008,11,3.79,14.375,270.875,GPCC Full Data Monthly v2020 0.25deg (PSL)
ocotepeque,2008,12,2.56,14.375,270.875,GPCC Full Data Monthly v2020 0.25deg (PSL)
ocotepeque,2009,1,2.42,14.375,270.875,GPCC Full Data Monthly v2020 0.25deg (PSL)
ocotepeque,2009,2,11.83,14.375,270.875,GPCC Full Data Monthly v2020 0.25deg (PSL)
ocotepeque,2009,3,4.1,14.375,270.875,GPCC Full Data Monthly v2020 0.25deg (PSL)
ocotepeque,2009,4,25.37,14.375,270.875,GPCC Full Data Monthly v2020 0.25deg (PSL)
ocotepeque,2009,5,301.91,14.375,270.875,GPCC Full Data Monthly v2020 0.25deg (PSL)
ocotepeque,2009,6,327.2,14.375,270.875,GPCC Full Data Monthly v2020 0.25deg (PSL)
ocotepeque,2009,7,243.19,14.375,270.875,GPCC Full Data Monthly v2020 0.25deg (PSL)
ocotepeque,2009,8,228.09,14.375,270.875,GPCC Full Data Monthly v2020 0.25deg (PSL)
ocotepeque,2009,9,191.7,14.375,270.875,GPCC Full Data Monthly v2020 0.25deg (PSL)
ocotepeque,2009,10,100.78,14.375,270.875,GPCC Full Data Monthly v2020 0.25deg (PSL)
ocotepeque,2009,11,131.57,14.375,270.875,GPCC Full Data Monthly v2020 0.25deg (PSL)
ocotepeque,2009,12,14.26,14.375,270.875,GPCC Full Data Monthly v2020 0.25deg (PSL)
ocotepeque,2010,1,4.22,14.375,270.875,GPCC Full Data Monthly v2020 0.25deg (PSL)
ocotepeque,2010,2,2.2,14.375,270.875,GPCC Full Data Monthly v2020 0.25deg (PSL)
ocotepeque,2010,3,2.4,14.375,270.875,GPCC Full Data Monthly v2020 0.25deg (PSL)
ocotepeque,2010,4,116.15,14.375,270.875,GPCC Full Data Monthly v2020 0.25deg (PSL)
ocotepeque,2010,5,90.53,14.375,270.875,GPCC Full Data Monthly v2020 0.25deg (PSL)
ocotepeque,2010,6,299.08,14.375,270.875,GPCC Full Data Monthly v2020 0.25deg (PSL)
ocotepeque,2010,7,346.08,14.375,270.875,GPCC Full Data Monthly v2020 0.25deg (PSL)
ocotepeque,2010,8,278.0,14.375,270.875,GPCC Full Data Monthly v2020 0.25deg (PSL)
ocotepeque,2010,9,194.86,14.375,270.875,GPCC Full Data Monthly v2020 0.25deg (PSL)
ocotepeque,2010,10,23.12,14.375,270.875,GPCC Full Data Monthly v2020 0.25deg (PSL)
ocotepeque,2010,11,5.57,14.375,270.875,GPCC Full Data Monthly v2020 0.25deg (PSL)
ocotepeque,2010,12,3.57,14.375,270.875,GPCC Full Data Monthly v2020 0.25deg (PSL)
ocotepeque,2011,1,7.9,14.375,270.875,GPCC Full Data Monthly v2020 0.25deg (PSL)
ocotepeque,2011,2,45.44,14.375,270.875,GPCC Full Data Monthly v2020 0.25deg (PSL)
ocotepeque,2011,3,26.72,14.375,270.875,GPCC Full Data Monthly v2020 0.25deg (PSL)
ocotepeque,2011,4,63.18,14.375,270.875,GPCC Full Data Monthly v2020 0.25deg (PSL)
ocotepeque,2011,5,70.29,14.375,270.875,GPCC Full Data Monthly v2020 0.25deg (PSL)
ocotepeque,2011,6,282.43,14.375,270.875,GPCC Full Data Monthly v2020 0.25deg (PSL)
ocotepeque,2011,7,335.81,14.375,270.875,GPCC Full Data Monthly v2020 0.25deg (PSL)
ocotepeque,2011,8,236.32,14.375,270.875,GPCC Full Data Monthly v2020 0.25deg (PSL)
ocotepeque,2011,9,300.66,14.375,270.875,GPCC Full Data Monthly v2020 0.25deg (PSL)
ocotepeque,2011,10,179.02,14.375,270.875,GPCC Full Data Monthly v2020 0.25deg (PSL)
ocotepeque,2011,11,46.43,14.375,270.875,GPCC Full Data Monthly v2020 0.25deg (PSL)
ocotepeque,2011,12,9.34,14.375,270.875,GPCC Full Data Monthly v2020 0.25deg (PSL)
ocotepeque,2012,1,0.64,14.375,270.875,GPCC Full Data Monthly v2020 0.25deg (PSL)
ocotepeque,2012,2,2.47,14.375,270.875,GPCC Full Data Monthly v2020 0.25deg (PSL)
ocotepeque,2012,3,9.03,14.375,270.875,GPCC Full Data Monthly v2020 0.25deg (PSL)
ocotepeque,2012,4,152.84,14.375,270.875,GPCC Full Data Monthly v2020 0.25deg (PSL)
ocotepeque,2012,5,203.68,14.375,270.875,GPCC Full Data Monthly v2020 0.25deg (PSL)
ocotepeque,2012,6,202.19,14.375,270.875,GPCC Full Data Monthly v2020 0.25deg (PSL)
ocotepeque,2012,7,205.37,14.375,270.875,GPCC Full Data Monthly v2020 0.25deg (PSL)
ocotepeque,2012,8,293.9,14.375,270.875,GPCC Full Data Monthly v2020 0.25deg (PSL)
ocotepeque,2012,9,261.2,14.375,270.875,GPCC Full Data Monthly v2020 0.25deg (PSL)
ocotepeque,2012,10,186.3,14.375,270.875,GPCC Full Data Monthly v2020 0.25deg (PSL)
ocotepeque,2012,11,9.36,14.375,270.875,GPCC Full Data Monthly v2020 0.25deg (PSL)
ocotepeque,2012,12,5.0,14.375,270.875,GPCC Full Data Monthly v2020 0.25deg (PSL)
ocotepeque,2013,1,3.42,14.375,270.875,GPCC Full Data Monthly v2020 0.25deg (PSL)
ocotepeque,2013,2,0.22,14.375,270.875,GPCC Full Data Monthly v2020 0.25deg (PSL)
ocotepeque,2013,3,50.46,14.375,270.875,GPCC Full Data Monthly v2020 0.25deg (PSL)
ocotepeque,2013,4,10.0,14.375,270.875,GPCC Full Data Monthly v2020 0.25deg (PSL)
ocotepeque,2013,5,200.91,14.375,270.875,GPCC Full Data Monthly v2020 0.25deg (PSL)
ocotepeque,2013,6,203.33,14.375,270.875,GPCC Full Data Monthly v2020 0.25deg (PSL)
ocotepeque,2013,7,201.5,14.375,270.875,GPCC Full Data Monthly v2020 0.25deg (PSL)
ocotepeque,2013,8,197.27,14.375,270.875,GPCC Full Data Monthly v2020 0.25deg (PSL)
ocotepeque,2013,9,184.89,14.375,270.875,GPCC Full Data Monthly v2020 0.25deg (PSL)
ocotepeque,2013,10,216.26,14.375,270.875,GPCC Full Data Monthly v2020 0.25deg (PSL)
ocotepeque,2013,11,50.84,14.375,270.875,GPCC Full Data Monthly v2020 0.25deg (PSL)
ocotepeque,2013,12,4.41,14.375,270.875,GPCC Full Data Monthly v2020 0.25deg (PSL)
ocotepeque,2014,1,5.42,14.375,270.875,GPCC Full Data Monthly v2020 0.25deg (PSL)
ocotepeque,2014,2,1.71,14.375,270.875,GPCC Full Data Monthly v2020 0.25deg (PSL)
ocotepeque,2014,3,28.01,14.375,270.875,GPCC Full Data Monthly v2020 0.25deg (PSL)
ocotepeque,2014,4,21.23,14.375,270.875,GPCC Full Data Monthly v2020 0.25deg (PSL)
ocotepeque,2014,5,179.85,14.375,270.875,GPCC Full Data Monthly v2020 0.25deg (PSL)
ocotepeque,2014,6,272.69,14.375,270.875,GPCC Full Data Monthly v2020 0.25deg (PSL)
ocotepeque,2014,7,82.38,14.375,270.875,GPCC Full Data Monthly v2020 0.25deg (PSL)
ocotepeque,2014,8,272.2,14.375,270.875,GPCC Full Data Monthly v2020 0.25deg (PSL)
ocotepeque,2014,9,332.77,14.375,270.875,GPCC Full Data Monthly v2020 0.25deg (PSL)
ocotepeque,2014,10,189.31,14.375,270.875,GPCC Full Data Monthly v2020 0.25deg (PSL)
ocotepeque,2014,11,30.67,14.375,270.875,GPCC Full Data Monthly v2020 0.25deg (PSL)
ocotepeque,2014,12,10.41,14.375,270.875,GPCC Full Data Monthly v2020 0.25deg (PSL)
ocotepeque,2015,1,2.7,14.375,270.875,GPCC Full Data Monthly v2020 0.25deg (PSL)
ocotepeque,2015,2,2.75,14.375,270.875,GPCC Full Data Monthly v2020 0.25deg (PSL)
ocotepeque,2015,3,7.57,14.375,270.875,GPCC Full Data Monthly v2020 0.25deg (PSL)
ocotepeque,2015,4,44.9,14.375,270.875,GPCC Full Data Monthly v2020 0.25deg (PSL)
ocotepeque,2015,5,105.53,14.375,270.875,GPCC Full Data Monthly v2020 0.25deg (PSL)
ocotepeque,2015,6,177.54,14.375,270.875,GPCC Full Data Monthly v2020 0.25deg (PSL)
ocotepeque,2015,7,103.9,14.375,270.875,GPCC Full Data Monthly v2020 0.25deg (PSL)
ocotepeque,2015,8,143.7,14.375,270.875,GPCC Full Data Monthly v2020 0.25deg (PSL)
ocotepeque,2015,9,417.31,14.375,270.875,GPCC Full Data Monthly v2020 0.25deg (PSL)
ocotepeque,2015,10,174.47,14.375,270.875,GPCC Full Data Monthly v2020 0.25deg (PSL)
ocotepeque,2015,11,121.82,14.375,270.875,GPCC Full Data Monthly v2020 0.25deg (PSL)
ocotepeque,2015,12,3.34,14.375,270.875,GPCC Full Data Monthly v2020 0.25deg (PSL)
ocotepeque,2016,1,1.04,14.375,270.875,GPCC Full Data Monthly v2020 0.25deg (PSL)
ocotepeque,2016,2,3.36,14.375,270.875,GPCC Full Data Monthly v2020 0.25deg (PSL)
ocotepeque,2016,3,8.56,14.375,270.875,GPCC Full Data Monthly v2020 0.25deg (PSL)
ocotepeque,2016,4,38.34,14.375,270.875,GPCC Full Data Monthly v2020 0.25deg (PSL)
ocotepeque,2016,5,107.98,14.375,270.875,GPCC Full Data Monthly v2020 0.25deg (PSL)
ocotepeque,2016,6,234.24,14.375,270.875,GPCC Full Data Monthly v2020 0.25deg (PSL)
ocotepeque,2016,7,124.68,14.375,270.875,GPCC Full Data Monthly v2020 0.25deg (PSL)
ocotepeque,2016,8,164.52,14.375,270.875,GPCC Full Data Monthly v2020 0.25deg (PSL)
ocotepeque,2016,9,200.24,14.375,270.875,GPCC Full Data Monthly v2020 0.25deg (PSL)
ocotepeque,2016,10,42.8,14.375,270.875,GPCC Full Data Monthly v2020 0.25deg (PSL)
ocotepeque,2016,11,11.82,14.375,270.875,GPCC Full Data Monthly v2020 0.25deg (PSL)
ocotepeque,2016,12,12.02,14.375,270.875,GPCC Full Data Monthly v2020 0.25deg (PSL)
ocotepeque,2017,1,3.35,14.375,270.875,GPCC Full Data Monthly v2020 0.25deg (PSL)
ocotepeque,2017,2,0.06,14.375,270.875,GPCC Full Data Monthly v2020 0.25deg (PSL)
ocotepeque,2017,3,11.8,14.375,270.875,GPCC Full Data Monthly v2020 0.25deg (PSL)
ocotepeque,2017,4,31.09,14.375,270.875,GPCC Full Data Monthly v2020 0.25deg (PSL)
ocotepeque,2017,5,294.78,14.375,270.875,GPCC Full Data Monthly v2020 0.25deg (PSL)
ocotepeque,2017,6,320.09,14.375,270.875,GPCC Full Data Monthly v2020 0.25deg (PSL)
ocotepeque,2017,7,249.74,14.375,270.875,GPCC Full Data Monthly v2020 0.25deg (PSL)
ocotepeque,2017,8,190.7,14.375,270.875,GPCC Full Data Monthly v2020 0.25deg (PSL)
ocotepeque,2017,9,379.37,14.375,270.875,GPCC Full Data Monthly v2020 0.25deg (PSL)
ocotepeque,2017,10,125.62,14.375,270.875,GPCC Full Data Monthly v2020 0.25deg (PSL)
ocotepeque,2017,11,6.86,14.375,270.875,GPCC Full Data Monthly v2020 0.25deg (PSL)
ocotepeque,2017,12,6.23,14.375,270.875,GPCC Full Data Monthly v2020 0.25deg (PSL)
ocotepeque,2018,1,9.35,14.375,270.875,GPCC Full Data Monthly v2020 0.25deg (PSL)
ocotepeque,2018,2,1.56,14.375,270.875,GPCC Full Data Monthly v2020 0.25deg (PSL)
ocotepeque,2018,3,3.26,14.375,270.875,GPCC Full Data Monthly v2020 0.25deg (PSL)
ocotepeque,2018,4,116.35,14.375,270.875,GPCC Full Data Monthly v2020 0.25deg (PSL)
ocotepeque,2018,5,236.57,14.375,270.875,GPCC Full Data Monthly v2020 0.25deg (PSL)
ocotepeque,2018,6,225.21,14.375,270.875,GPCC Full Data Monthly v2020 0.25deg (PSL)
ocotepeque,2018,7,103.62,14.375,270.875,GPCC Full Data Monthly v2020 0.25deg (PSL)
ocotepeque,2018,8,189.12,14.375,270.875,GPCC Full Data Monthly v2020 0.25deg (PSL)
ocotepeque,2018,9,113.2,14.375,270.875,GPCC Full Data Monthly v2020 0.25deg (PSL)
ocotepeque,2018,10,71.2,14.375,270.875,GPCC Full Data Monthly v2020 0.25deg (PSL)
ocotepeque,2018,11,12.21,14.375,270.875,GPCC Full Data Monthly v2020 0.25deg (PSL)
ocotepeque,2018,12,3.15,14.375,270.875,GPCC Full Data Monthly v2020 0.25deg (PSL)
ocotepeque,2019,1,4.03,14.375,270.875,GPCC Full Data Monthly v2020 0.25deg (PSL)
ocotepeque,2019,2,0.51,14.375,270.875,GPCC Full Data Monthly v2020 0.25deg (PSL)
ocotepeque,2019,3,1.68,14.375,270.875,GPCC Full Data Monthly v2020 0.25deg (PSL)
ocotepeque,2019,4,34.16,14.375,270.875,GPCC Full Data Monthly v2020 0.25deg (PSL)
ocotepeque,2019,5,118.26,14.375,270.875,GPCC Full Data Monthly v2020 0.25deg (PSL)
ocotepeque,2019,6,167.5,14.375,270.875,GPCC Full Data Monthly v2020 0.25deg (PSL)
ocotepeque,2019,7,147.0,14.375,270.875,GPCC Full Data Monthly v2020 0.25deg (PSL)
ocotepeque,2019,8,192.01,14.375,270.875,GPCC Full Data Monthly v2020 0.25deg (PSL)
ocotepeque,2019,9,302.12,14.375,270.875,GPCC Full Data Monthly v2020 0.25deg (PSL)
ocotepeque,2019,10,289.87,14.375,270.875,GPCC Full Data Monthly v2020 0.25deg (PSL)
ocotepeque,2019,11,17.36,14.375,270.875,GPCC Full Data Monthly v2020 0.25deg (PSL)
ocotepeque,2019,12,7.35,14.375,270.875,GPCC Full Data Monthly v2020 0.25deg (PSL)
copan,1981,1,36.32,14.875,271.125,GPCC Full Data Monthly v2020 0.25deg (PSL)
copan,1981,2,58.29,14.875,271.125,GPCC Full Data Monthly v2020 0.25deg (PSL)
copan,1981,3,10.79,14.875,271.125,GPCC Full Data Monthly v2020 0.25deg (PSL)
copan,1981,4,4.56,14.875,271.125,GPCC Full Data Monthly v2020 0.25deg (PSL)
copan,1981,5,219.29,14.875,271.125,GPCC Full Data Monthly v2020 0.25deg (PSL)
copan,1981,6,371.36,14.875,271.125,GPCC Full Data Monthly v2020 0.25deg (PSL)
copan,1981,7,199.35,14.875,271.125,GPCC Full Data Monthly v2020 0.25deg (PSL)
copan,1981,8,344.99,14.875,271.125,GPCC Full Data Monthly v2020 0.25deg (PSL)
copan,1981,9,251.93,14.875,271.125,GPCC Full Data Monthly v2020 0.25deg (PSL)
copan,1981,10,270.61,14.875,271.125,GPCC Full Data Monthly v2020 0.25deg (PSL)
copan,1981,11,42.37,14.875,271.125,GPCC Full Data Monthly v2020 0.25deg (PSL)
copan,1981,12,97.01,14.875,271.125,GPCC Full Data Monthly v2020 0.25deg (PSL)
copan,1982,1,34.52,14.875,271.125,GPCC Full Data Monthly v2020 0.25deg (PSL)
copan,1982,2,14.17,14.875,271.125,GPCC Full Data Monthly v2020 0.25deg (PSL)
copan,1982,3,27.1,14.875,271.125,GPCC Full Data Monthly v2020 0.25deg (PSL)
copan,1982,4,97.15,14.875,271.125,GPCC Full Data Monthly v2020 0.25deg (PSL)
copan,1982,5,169.1,14.875,271.125,GPCC Full Data Monthly v2020 0.25deg (PSL)
copan,1982,6,237.49,14.875,271.125,GPCC Full Data Monthly v2020 0.25deg (PSL)
copan,1982,7,176.92,14.875,271.125,GPCC Full Data Monthly v2020 0.25deg (PSL)
copan,1982,8,104.9,14.875,271.125,GPCC Full Data Monthly v2020 0.25deg (PSL)
copan,1982,9,402.08,14.875,271.125,GPCC Full Data Monthly v2020 0.25deg (PSL)
copan,1982,10,149.62,14.875,271.125,GPCC Full Data Monthly v2020 0.25deg (PSL)
copan,1982,11,44.79,14.875,271.125,GPCC Full Data Monthly v2020 0.25deg (PSL)
copan,1982,12,56.95,14.875,271.125,GPCC Full Data Monthly v2020 0.25deg (PSL)
copan,1983,1,47.31,14.875,271.125,GPCC Full Data Monthly v2020 0.25deg (PSL)
copan,1983,2,18.65,14.875,271.125,GPCC Full Data Monthly v2020 0.25deg (PSL)
copan,1983,3,14.92,14.875,271.125,GPCC Full Data Monthly v2020 0.25deg (PSL)
copan,1983,4,57.33,14.875,271.125,GPCC Full Data Monthly v2020 0.25deg (PSL)
copan,1983,5,69.55,14.875,271.125,GPCC Full Data Monthly v2020 0.25deg (PSL)
copan,1983,6,378.12,14.875,271.125,GPCC Full Data Monthly v2020 0.25deg (PSL)
copan,1983,7,214.64,14.875,271.125,GPCC Full Data Monthly v2020 0.25deg (PSL)
copan,1983,8,230.79,14.875,271.125,GPCC Full Data Monthly v2020 0.25deg (PSL)
copan,1983,9,302.5,14.875,271.125,GPCC Full Data Monthly v2020 0.25deg (PSL)
copan,1983,10,131.87,14.875,271.125,GPCC Full Data Monthly v2020 0.25deg (PSL)
copan,1983,11,165.71,14.875,271.125,GPCC Full Data Monthly v2020 0.25deg (PSL)
copan,1983,12,56.71,14.875,271.125,GPCC Full Data Monthly v2020 0.25deg (PSL)
copan,1984,1,41.71,14.875,271.125,GPCC Full Data Monthly v2020 0.25deg (PSL)
copan,1984,2,28.93,14.875,271.125,GPCC Full Data Monthly v2020 0.25deg (PSL)
copan,1984,3,16.43,14.875,271.125,GPCC Full Data Monthly v2020 0.25deg (PSL)
copan,1984,4,37.01,14.875,271.125,GPCC Full Data Monthly v2020 0.25deg (PSL)
copan,1984,5,291.04,14.875,271.125,GPCC Full Data Monthly v2020 0.25deg (PSL)
copan,1984,6,361.63,14.875,271.125,GPCC Full Data Monthly v2020 0.25deg (PSL)
copan,1984,7,258.53,14.875,271.125,GPCC Full Data Monthly v2020 0.25deg (PSL)
copan,1984,8,356.24,14.875,271.125,GPCC Full Data Monthly v2020 0.25deg (PSL)
copan,1984,9,377.6,14.875,271.125,GPCC Full Data Monthly v2020 0.25deg (PSL)
copan,1984,10,99.19,14.875,271.125,GPCC Full Data Monthly v2020 0.25deg (PSL)
copan,1984,11,53.24,14.875,271.125,GPCC Full Data Monthly v2020 0.25deg (PSL)
copan,1984,12,55.62,14.875,271.125,GPCC Full Data Monthly v2020 0.25deg (PSL)
copan,1985,1,28.88,14.875,271.125,GPCC Full Data Monthly v2020 0.25deg (PSL)
copan,1985,2,37.47,14.875,271.125,GPCC Full Data Monthly v2020 0.25deg (PSL)
copan,1985,3,19.14,14.875,271.125,GPCC Full Data Monthly v2020 0.25deg (PSL)
copan,1985,4,27.11,14.875,271.125,GPCC Full Data Monthly v2020 0.25deg (PSL)
copan,1985,5,83.21,14.875,271.125,GPCC Full Data Monthly v2020 0.25deg (PSL)
copan,1985,6,271.12,14.875,271.125,GPCC Full Data Monthly v2020 0.25deg (PSL)
copan,1985,7,258.34,14.875,271.125,GPCC Full Data Monthly v2020 0.25deg (PSL)
copan,1985,8,159.33,14.875,271.125,GPCC Full Data Monthly v2020 0.25deg (PSL)
copan,1985,9,329.53,14.875,271.125,GPCC Full Data Monthly v2020 0.25deg (PSL)
copan,1985,10,162.44,14.875,271.125,GPCC Full Data Monthly v2020 0.25deg (PSL)
copan,1985,11,108.01,14.875,271.125,GPCC Full Data Monthly v2020 0.25deg (PSL)
copan,1985,12,73.25,14.875,271.125,GPCC Full Data Monthly v2020 0.25deg (PSL)
copan,1986,1,60.81,14.875,271.125,GPCC Full Data Monthly v2020 0.25deg (PSL)
copan,1986,2,15.34,14.875,271.125,GPCC Full Data Monthly v2020 0.25deg (PSL)
copan,1986,3,21.25,14.875,271.125,GPCC Full Data Monthly v2020 0.25deg (PSL)
copan,1986,4,4.22,14.875,271.125,GPCC Full Data Monthly v2020 0.25deg (PSL)
copan,1986,5,91.28,14.875,271.125,GPCC Full Data Monthly v2020 0.25deg (PSL)
copan,1986,6,191.91,14.875,271.125,GPCC Full Data Monthly v2020 0.25deg (PSL)
copan,1986,7,146.32,14.875,271.125,GPCC Full Data Monthly v2020 0.25deg (PSL)
copan,1986,8,182.92,14.875,271.125,GPCC Full Data Monthly v2020 0.25deg (PSL)
copan,1986,9,242.55,14.875,271.125,GPCC Full Data Monthly v2020 0.25deg (PSL)
copan,1986,10,88.39,14.875,271.125,GPCC Full Data Monthly v2020 0.25deg (PSL)
copan,1986,11,66.48,14.875,271.125,GPCC Full Data Monthly v2020 0.25deg (PSL)
copan,1986,12,50.67,14.875,271.125,GPCC Full Data Monthly v2020 0.25deg (PSL)
copan,1987,1,26.43,14.875,271.125,GPCC Full Data Monthly v2020 0.25deg (PSL)
copan,1987,2,11.58,14.875,271.125,GPCC Full Data Monthly v2020 0.25deg (PSL)
copan,1987,3,41.26,14.875,271.125,GPCC Full Data Monthly v2020 0.25deg (PSL)
copan,1987,4,35.57,14.875,271.125,GPCC Full Data Monthly v2020 0.25deg (PSL)
copan,1987,5,30.21,14.875,271.125,GPCC Full Data Monthly v2020 0.25deg (PSL)
copan,1987,6,378.47,14.875,271.125,GPCC Full Data Monthly v2020 0.25deg (PSL)
copan,1987,7,238.42,14.875,271.125,GPCC Full Data Monthly v2020 0.25deg (PSL)
copan,1987,8,113.35,14.875,271.125,GPCC Full Data Monthly v2020 0.25deg (PSL)
copan,1987,9,232.81,14.875,271.125,GPCC Full Data Monthly v2020 0.25deg (PSL)
copan,1987,10,72.24,14.875,271.125,GPCC Full Data Monthly v2020 0.25deg (PSL)
copan,1987,11,64.0,14.875,271.125,GPCC Full Data Monthly v2020 0.25deg (PSL)
copan,1987,12,64.08,14.875,271.125,GPCC Full Data Monthly v2020 0.25deg (PSL)
copan,1988,1,73.48,14.875,271.125,GPCC Full Data Monthly v2020 0.25deg (PSL)
copan,1988,2,27.57,14.875,271.125,GPCC Full Data Monthly v2020 0.25deg (PSL)
copan,1988,3,18.5,14.875,271.125,GPCC Full Data Monthly v2020 0.25deg (PSL)
copan,1988,4,38.22,14.875,271.125,GPCC Full Data Monthly v2020 0.25deg (PSL)
copan,1988,5,136.43,14.875,271.125,GPCC Full Data Monthly v2020 0.25deg (PSL)
copan,1988,6,346.56,14.875,271.125,GPCC Full Data Monthly v2020 0.25deg (PSL)
copan,1988,7,249.57,14.875,271.125,GPCC Full Data Monthly v2020 0.25deg (PSL)
copan,1988,8,289.53,14.875,271.125,GPCC Full Data Monthly v2020 0.25deg (PSL)
copan,1988,9,294.04,14.875,271.125,GPCC Full Data Monthly v2020 0.25deg (PSL)
copan,1988,10,188.49,14.875,271.125,GPCC Full Data Monthly v2020 0.25deg (PSL)
copan,1988,11,107.15,14.875,271.125,GPCC Full Data Monthly v2020 0.25deg (PSL)
copan,1988,12,67.93,14.875,271.125,GPCC Full Data Monthly v2020 0.25deg (PSL)
copan,1989,1,49.36,14.875,271.125,GPCC Full Data Monthly v2020 0.25deg (PSL)
copan,1989,2,41.94,14.875,271.125,GPCC Full Data Monthly v2020 0.25deg (PSL)
copan,1989,3,12.47,14.875,271.125,GPCC Full Data Monthly v2020 0.25deg (PSL)
copan,1989,4,71.91,14.875,271.125,GPCC Full Data Monthly v2020 0.25deg (PSL)
copan,1989,5,251.22,14.875,271.125,GPCC Full Data Monthly v2020 0.25deg (PSL)
copan,1989,6,321.34,14.875,271.125,GPCC Full Data Monthly v2020 0.25deg (PSL)
copan,1989,7,169.49,14.875,271.125,GPCC Full Data Monthly v2020 0.25deg (PSL)
copan,1989,8,244.79,14.875,271.125,GPCC Full Data Monthly v2020 0.25deg (PSL)
copan,1989,9,347.56,14.875,271.125,GPCC Full Data Monthly v2020 0.25deg (PSL)
copan,1989,10,200.56,14.875,271.125,GPCC Full Data Monthly v2020 0.25deg (PSL)
copan,1989,11,106.35,14.875,271.125,GPCC Full Data Monthly v2020 0.25deg (PSL)
copan,1989,12,78.56,14.875,271.125,GPCC Full Data Monthly v2020 0.25deg (PSL)
copan,1990,1,31.78,14.875,271.125,GPCC Full Data Monthly v2020 0.25deg (PSL)
copan,1990,2,28.35,14.875,271.125,GPCC Full Data Monthly v2020 0.25deg (PSL)
copan,1990,3,22.5,14.875,271.125,GPCC Full Data Monthly v2020 0.25deg (PSL)
copan,1990,4,37.16,14.875,271.125,GPCC Full Data Monthly v2020 0.25deg (PSL)
copan,1990,5,160.5,14.875,271.125,GPCC Full Data Monthly v2020 0.25deg (PSL)
copan,1990,6,316.22,14.875,271.125,GPCC Full Data Monthly v2020 0.25deg (PSL)
copan,1990,7,180.22,14.875,271.125,GPCC Full Data Monthly v2020 0.25deg (PSL)
copan,1990,8,160.86,14.875,271.125,GPCC Full Data Monthly v2020 0.25deg (PSL)
copan,1990,9,294.49,14.875,271.125,GPCC Full Data Monthly v2020 0.25deg (PSL)
copan,1990,10,80.74,14.875,271.125,GPCC Full Data Monthly v2020 0.25deg (PSL)
copan,1990,11,222.32,14.875,271.125,GPCC Full Data Monthly v2020 0.25deg (PSL)
copan,1990,12,60.0,14.875,271.125,GPCC Full Data Monthly v2020 0.25deg (PSL)
copan,1991,1,33.97,14.875,271.125,GPCC Full Data Monthly v2020 0.25deg (PSL)
copan,1991,2,23.7,14.875,271.125,GPCC Full Data Monthly v2020 0.25deg (PSL)
copan,1991,3,4.67,14.875,271.125,GPCC Full Data Monthly v2020 0.25deg (PSL)
copan,1991,4,32.92,14.875,271.125,GPCC Full Data Monthly v2020 0.25deg (PSL)
copan,1991,5,119.23,14.875,271.125,GPCC Full Data Monthly v2020 0.25deg (PSL)
copan,1991,6,277.63,14.875,271.125,GPCC Full Data Monthly v2020 0.25deg (PSL)
copan,1991,7,145.02,14.875,271.125,GPCC Full Data Monthly v2020 0.25deg (PSL)
copan,1991,8,156.31,14.875,271.125,GPCC Full Data Monthly v2020 0.25deg (PSL)
copan,1991,9,304.57,14.875,271.125,GPCC Full Data Monthly v2020 0.25deg (PSL)
copan,1991,10,200.2,14.875,271.125,GPCC Full Data Monthly v2020 0.25deg (PSL)
copan,1991,11,80.18,14.875,271.125,GPCC Full Data Monthly v2020 0.25deg (PSL)
copan,1991,12,118.88,14.875,271.125,GPCC Full Data Monthly v2020 0.25deg (PSL)
copan,1992,1,55.51,14.875,271.125,GPCC Full Data Monthly v2020 0.25deg (PSL)
copan,1992,2,8.87,14.875,271.125,GPCC Full Data Monthly v2020 0.25deg (PSL)
copan,1992,3,11.08,14.875,271.125,GPCC Full Data Monthly v2020 0.25deg (PSL)
copan,1992,4,98.39,14.875,271.125,GPCC Full Data Monthly v2020 0.25deg (PSL)
copan,1992,5,114.57,14.875,271.125,GPCC Full Data Monthly v2020 0.25deg (PSL)
copan,1992,6,544.72,14.875,271.125,GPCC Full Data Monthly v2020 0.25deg (PSL)
copan,1992,7,203.27,14.875,271.125,GPCC Full Data Monthly v2020 0.25deg (PSL)
copan,1992,8,321.74,14.875,271.125,GPCC Full Data Monthly v2020 0.25deg (PSL)
copan,1992,9,186.58,14.875,271.125,GPCC Full Data Monthly v2020 0.25deg (PSL)
copan,1992,10,111.29,14.875,271.125,GPCC Full Data Monthly v2020 0.25deg (PSL)
copan,1992,11,111.95,14.875,271.125,GPCC Full Data Monthly v2020 0.25deg (PSL)
copan,1992,12,70.54,14.875,271.125,GPCC Full Data Monthly v2020 0.25deg (PSL)
copan,1993,1,31.45,14.875,271.125,GPCC Full Data Monthly v2020 0.25deg (PSL)
copan,1993,2,17.26,14.875,271.125,GPCC Full Data Monthly v2020 0.25deg (PSL)
copan,1993,3,49.74,14.875,271.125,GPCC Full Data Monthly v2020 0.25deg (PSL)
copan,1993,4,30.43,14.875,271.125,GPCC Full Data Monthly v2020 0.25deg (PSL)
copan,1993,5,125.48,14.875,271.125,GPCC Full Data Monthly v2020 0.25deg (PSL)
copan,1993,6,344.74,14.875,271.125,GPCC Full Data Monthly v2020 0.25deg (PSL)
copan,1993,7,148.07,14.875,271.125,GPCC Full Data Monthly v2020 0.25deg (PSL)
copan,1993,8,314.26,14.875,271.125,GPCC Full Data Monthly v2020 0.25deg (PSL)
copan,1993,9,270.71,14.875,271.125,GPCC Full Data Monthly v2020 0.25deg (PSL)
copan,1993,10,175.77,14.875,271.125,GPCC Full Data Monthly v2020 0.25deg (PSL)
copan,1993,11,55.95,14.875,271.125,GPCC Full Data Monthly v2020 0.25deg (PSL)
copan,1993,12,50.9,14.875,271.125,GPCC Full Data Monthly v2020 0.25deg (PSL)
copan,1994,1,35.38,14.875,271.125,GPCC Full Data Monthly v2020 0.25deg (PSL)
copan,1994,2,17.98,14.875,271.125,GPCC Full Data Monthly v2020 0.25deg (PSL)
copan,1994,3,11.58,14.875,271.125,GPCC Full Data Monthly v2020 0.25deg (PSL)
copan,1994,4,30.61,14.875,271.125,GPCC Full Data Monthly v2020 0.25deg (PSL)
copan,1994,5,143.69,14.875,271.125,GPCC Full Data Monthly v2020 0.25deg (PSL)
copan,1994,6,233.23,14.875,271.125,GPCC Full Data Monthly v2020 0.25deg (PSL)
copan,1994,7,70.02,14.875,271.125,GPCC Full Data Monthly v2020 0.25deg (PSL)
copan,1994,8,309.31,14.875,271.125,GPCC Full Data Monthly v2020 0.25deg (PSL)
copan,1994,9,207.02,14.875,271.125,GPCC Full Data Monthly v2020 0.25deg (PSL)
copan,1994,10,134.05,14.875,271.125,GPCC Full Data Monthly v2020 0.25deg (PSL)
copan,1994,11,61.16,14.875,271.125,GPCC Full Data Monthly v2020 0.25deg (PSL)
copan,1994,12,47.74,14.875,271.125,GPCC Full Data Monthly v2020 0.25deg (PSL)
copan,1995,1,24.46,14.875,271.125,GPCC Full Data Monthly v2020 0.25deg (PSL)
copan,1995,2,27.23,14.875,271.125,GPCC Full Data Monthly v2020 0.25deg (PSL)
copan,1995,3,5.38,14.875,271.125,GPCC Full Data Monthly v2020 0.25deg (PSL)
copan,1995,4,108.17,14.875,271.125,GPCC Full Data Monthly v2020 0.25deg (PSL)
copan,1995,5,194.24,14.875,271.125,GPCC Full Data Monthly v2020 0.25deg (PSL)
copan,1995,6,230.06,14.875,271.125,GPCC Full Data Monthly v2020 0.25deg (PSL)
copan,1995,7,244.1,14.875,271.125,GPCC Full Data Monthly v2020 0.25deg (PSL)
copan,1995,8,375.99,14.875,271.125,GPCC Full Data Monthly v2020 0.25deg (PSL)
copan,1995,9,334.04,14.875,271.125,GPCC Full Data Monthly v2020 0.25deg (PSL)
copan,1995,10,122.47,14.875,271.125,GPCC Full Data Monthly v2020 0.25deg (PSL)
copan,1995,11,59.67,14.875,271.125,GPCC Full Data Monthly v2020 0.25deg (PSL)
copan,1995,12,114.76,14.875,271.125,GPCC Full Data Monthly v2020 0.25deg (PSL)
copan,1996,1,25.84,14.875,271.125,GPCC Full Data Monthly v2020 0.25deg (PSL)
copan,1996,2,40.43,14.875,271.125,GPCC Full Data Monthly v2020 0.25deg (PSL)
copan,1996,3,10.85,14.875,271.125,GPCC Full Data Monthly v2020 0.25deg (PSL)
copan,1996,4,153.43,14.875,271.125,GPCC Full Data Monthly v2020 0.25deg (PSL)
copan,1996,5,202.96,14.875,271.125,GPCC Full Data Monthly v2020 0.25deg (PSL)
copan,1996,6,175.49,14.875,271.125,GPCC Full Data Monthly v2020 0.25deg (PSL)
copan,1996,7,299.25,14.875,271.125,GPCC Full Data Monthly v2020 0.25deg (PSL)
copan,1996,8,208.46,14.875,271.125,GPCC Full Data Monthly v2020 0.25deg (PSL)
copan,1996,9,244.37,14.875,271.125,GPCC Full Data Monthly v2020 0.25deg (PSL)
copan,1996,10,145.9,14.875,271.125,GPCC Full Data Monthly v2020 0.25deg (PSL)
copan,1996,11,187.05,14.875,271.125,GPCC Full Data Monthly v2020 0.25deg (PSL)
copan,1996,12,44.29,14.875,271.125,GPCC Full Data Monthly v2020 0.25deg (PSL)
copan,1997,1,49.69,14.875,271.125,GPCC Full Data Monthly v2020 0.25deg (PSL)
copan,1997,2,32.75,14.875,271.125,GPCC Full Data Monthly v2020 0.25deg (PSL)
copan,1997,3,38.22,14.875,271.125,GPCC Full Data Monthly v2020 0.25deg (PSL)
copan,1997,4,25.23,14.875,271.125,GPCC Full Data Monthly v2020 0.25deg (PSL)
copan,1997,5,70.05,14.875,271.125,GPCC Full Data Monthly v2020 0.25deg (PSL)
copan,1997,6,444.17,14.875,271.125,GPCC Full Data Monthly v2020 0.25deg (PSL)
copan,1997,7,191.57,14.875,271.125,GPCC Full Data Monthly v2020 0.25deg (PSL)
copan,1997,8,81.13,14.875,271.125,GPCC Full Data Monthly v2020 0.25deg (PSL)
copan,1997,9,173.03,14.875,271.125,GPCC Full Data Monthly v2020 0.25deg (PSL)
copan,1997,10,171.38,14.875,271.125,GPCC Full Data Monthly v2020 0.25deg (PSL)
copan,1997,11,114.92,14.875,271.125,GPCC Full Data Monthly v2020 0.25deg (PSL)
copan,1997,12,25.96,14.875,271.125,GPCC Full Data Monthly v2020 0.25deg (PSL)
copan,1998,1,38.99,14.875,271.125,GPCC Full Data Monthly v2020 0.25deg (PSL)
copan,1998,2,4.21,14.875,271.125,GPCC Full Data Monthly v2020 0.25deg (PSL)
copan,1998,3,15.94,14.875,271.125,GPCC Full Data Monthly v2020 0.25deg (PSL)
copan,1998,4,17.64,14.875,271.125,GPCC Full Data Monthly v2020 0.25deg (PSL)
copan,1998,5,142.21,14.875,271.125,GPCC Full Data Monthly v2020 0.25deg (PSL)
copan,1998,6,259.13,14.875,271.125,GPCC Full Data Monthly v2020 0.25deg (PSL)
copan,1998,7,186.1,14.875,271.125,GPCC Full Data Monthly v2020 0.25deg (PSL)
copan,1998,8,191.07,14.875,271.125,GPCC Full Data Monthly v2020 0.25deg (PSL)
copan,1998,9,115.52,14.875,271.125,GPCC Full Data Monthly v2020 0.25deg (PSL)
copan,1998,10,389.66,14.875,271.125,GPCC Full Data Monthly v2020 0.25deg (PSL)
copan,1998,11,164.81,14.875,271.125,GPCC Full Data Monthly v2020 0.25deg (PSL)
copan,1998,12,48.9,14.875,271.125,GPCC Full Data Monthly v2020 0.25deg (PSL)
copan,1999,1,37.9,14.875,271.125,GPCC Full Data Monthly v2020 0.25deg (PSL)
copan,1999,2,43.99,14.875,271.125,GPCC Full Data Monthly v2020 0.25deg (PSL)
copan,1999,3,11.67,14.875,271.125,GPCC Full Data Monthly v2020 0.25deg (PSL)
copan,1999,4,32.23,14.875,271.125,GPCC Full Data Monthly v2020 0.25deg (PSL)
copan,1999,5,62.28,14.875,271.125,GPCC Full Data Monthly v2020 0.25deg (PSL)
copan,1999,6,353.7,14.875,271.125,GPCC Full Data Monthly v2020 0.25deg (PSL)
copan,1999,7,181.65,14.875,271.125,GPCC Full Data Monthly v2020 0.25deg (PSL)
copan,1999,8,273.99,14.875,271.125,GPCC Full Data Monthly v2020 0.25deg (PSL)
copan,1999,9,362.59,14.875,271.125,GPCC Full Data Monthly v2020 0.25deg (PSL)
copan,1999,10,197.46,14.875,271.125,GPCC Full Data Monthly v2020 0.25deg (PSL)
copan,1999,11,70.95,14.875,271.125,GPCC Full Data Monthly v2020 0.25deg (PSL)
copan,1999,12,53.34,14.875,271.125,GPCC Full Data Monthly v2020 0.25deg (PSL)
copan,2000,1,54.83,14.875,271.125,GPCC Full Data Monthly v2020 0.25deg (PSL)
copan,2000,2,28.37,14.875,271.125,GPCC Full Data Monthly v2020 0.25deg (PSL)
copan,2000,3,4.49,14.875,271.125,GPCC Full Data Monthly v2020 0.25deg (PSL)
copan,2000,4,9.51,14.875,271.125,GPCC Full Data Monthly v2020 0.25deg (PSL)
copan,2000,5,425.16,14.875,271.125,GPCC Full Data Monthly v2020 0.25deg (PSL)
copan,2000,6,266.62,14.875,271.125,GPCC Full Data Monthly v2020 0.25deg (PSL)
copan,2000,7,123.21,14.875,271.125,GPCC Full Data Monthly v2020 0.25deg (PSL)
copan,2000,8,257.38,14.875,271.125,GPCC Full Data Monthly v2020 0.25deg (PSL)
copan,2000,9,289.37,14.875,271.125,GPCC Full Data Monthly v2020 0.25deg (PSL)
copan,2000,10,169.14,14.875,271.125,GPCC Full Data Monthly v2020 0.25deg (PSL)
copan,2000,11,66.32,14.875,271.125,GPCC Full Data Monthly v2020 0.25deg (PSL)
copan,2000,12,55.31,14.875,271.125,GPCC Full Data Monthly v2020 0.25deg (PSL)
copan,2001,1,31.71,14.875,271.125,GPCC Full Data Monthly v2020 0.25deg (PSL)
copan,2001,2,51.82,14.875,271.125,GPCC Full Data Monthly v2020 0.25deg (PSL)
copan,2001,3,6.53,14.875,271.125,GPCC Full Data Monthly v2020 0.25deg (PSL)
copan,2001,4,8.21,14.875,271.125,GPCC Full Data Monthly v2020 0.25deg (PSL)
copan,2001,5,151.66,14.875,271.125,GPCC Full Data Monthly v2020 0.25deg (PSL)
copan,2001,6,117.42,14.875,271.125,GPCC Full Data Monthly v2020 0.25deg (PSL)
copan,2001,7,131.12,14.875,271.125,GPCC Full Data Monthly v2020 0.25deg (PSL)
copan,2001,8,224.47,14.875,271.125,GPCC Full Data Monthly v2020 0.25deg (PSL)
copan,2001,9,247.22,14.875,271.125,GPCC Full Data Monthly v2020 0.25deg (PSL)
copan,2001,10,98.99,14.875,271.125,GPCC Full Data Monthly v2020 0.25deg (PSL)
copan,2001,11,59.39,14.875,271.125,GPCC Full Data Monthly v2020 0.25deg (PSL)
copan,2001,12,32.43,14.875,271.125,GPCC Full Data Monthly v2020 0.25deg (PSL)
copan,2002,1,22.8,14.875,271.125,GPCC Full Data Monthly v2020 0.25deg (PSL)
copan,2002,2,28.38,14.875,271.125,GPCC Full Data Monthly v2020 0.25deg (PSL)
copan,2002,3,21.83,14.875,271.125,GPCC Full Data Monthly v2020 0.25deg (PSL)
copan,2002,4,3.65,14.875,271.125,GPCC Full Data Monthly v2020 0.25deg (PSL)
copan,2002,5,152.18,14.875,271.125,GPCC Full Data Monthly v2020 0.25deg (PSL)
copan,2002,6,217.99,14.875,271.125,GPCC Full Data Monthly v2020 0.25deg (PSL)
copan,2002,7,174.37,14.875,271.125,GPCC Full Data Monthly v2020 0.25deg (PSL)
copan,2002,8,143.88,14.875,271.125,GPCC Full Data Monthly v2020 0.25deg (PSL)
copan,2002,9,287.13,14.875,271.125,GPCC Full Data Monthly v2020 0.25deg (PSL)
copan,2002,10,149.37,14.875,271.125,GPCC Full Data Monthly v2020 0.25deg (PSL)
copan,2002,11,142.37,14.875,271.125,GPCC Full Data Monthly v2020 0.25deg (PSL)
copan,2002,12,60.5,14.875,271.125,GPCC Full Data Monthly v2020 0.25deg (PSL)
copan,2003,1,66.56,14.875,271.125,GPCC Full Data Monthly v2020 0.25deg (PSL)
copan,2003,2,17.96,14.875,271.125,GPCC Full Data Monthly v2020 0.25deg (PSL)
copan,2003,3,130.75,14.875,271.125,GPCC Full Data Monthly v2020 0.25deg (PSL)
copan,2003,4,62.3,14.875,271.125,GPCC Full Data Monthly v2020 0.25deg (PSL)
copan,2003,5,110.03,14.875,271.125,GPCC Full Data Monthly v2020 0.25deg (PSL)
copan,2003,6,265.7,14.875,271.125,GPCC Full Data Monthly v2020 0.25deg (PSL)
copan,2003,7,140.11,14.875,271.125,GPCC Full Data Monthly v2020 0.25deg (PSL)
copan,2003,8,133.61,14.875,271.125,GPCC Full Data Monthly v2020 0.25deg (PSL)
copan,2003,9,346.55,14.875,271.125,GPCC Full Data Monthly v2020 0.25deg (PSL)
copan,2003,10,123.98,14.875,271.125,GPCC Full Data Monthly v2020 0.25deg (PSL)
copan,2003,11,126.28,14.875,271.125,GPCC Full Data Monthly v2020 0.25deg (PSL)
copan,2003,12,40.58,14.875,271.125,GPCC Full Data Monthly v2020 0.25deg (PSL)
copan,2004,1,43.42,14.875,271.125,GPCC Full Data Monthly v2020 0.25deg (PSL)
copan,2004,2,29.11,14.875,271.125,GPCC Full Data Monthly v2020 0.25deg (PSL)
copan,2004,3,30.23,14.875,271.125,GPCC Full Data Monthly v2020 0.25deg (PSL)
copan,2004,4,33.25,14.875,271.125,GPCC Full Data Monthly v2020 0.25deg (PSL)
copan,2004,5,92.24,14.875,271.125,GPCC Full Data Monthly v2020 0.25deg (PSL)
copan,2004,6,302.46,14.875,271.125,GPCC Full Data Monthly v2020 0.25deg (PSL)
copan,2004,7,125.37,14.875,271.125,GPCC Full Data Monthly v2020 0.25deg (PSL)
copan,2004,8,82.89,14.875,271.125,GPCC Full Data Monthly v2020 0.25deg (PSL)
copan,2004,9,130.03,14.875,271.125,GPCC Full Data Monthly v2020 0.25deg (PSL)
copan,2004,10,234.96,14.875,271.125,GPCC Full Data Monthly v2020 0.25deg (PSL)
copan,2004,11,94.27,14.875,271.125,GPCC Full Data Monthly v2020 0.25deg (PSL)
copan,2004,12,33.5,14.875,271.125,GPCC Full Data Monthly v2020 0.25deg (PSL)
copan,2005,1,29.21,14.875,271.125,GPCC Full Data Monthly v2020 0.25deg (PSL)
copan,2005,2,11.03,14.875,271.125,GPCC Full Data Monthly v2020 0.25deg (PSL)
copan,2005,3,43.19,14.875,271.125,GPCC Full Data Monthly v2020 0.25deg (PSL)
copan,2005,4,46.28,14.875,271.125,GPCC Full Data Monthly v2020 0.25deg (PSL)
copan,2005,5,98.02,14.875,271.125,GPCC Full Data Monthly v2020 0.25deg (PSL)
copan,2005,6,213.78,14.875,271.125,GPCC Full Data Monthly v2020 0.25deg (PSL)
copan,2005,7,204.94,14.875,271.125,GPCC Full Data Monthly v2020 0.25deg (PSL)
copan,2005,8,164.68,14.875,271.125,GPCC Full Data Monthly v2020 0.25deg (PSL)
copan,2005,9,243.24,14.875,271.125,GPCC Full Data Monthly v2020 0.25deg (PSL)
copan,2005,10,142.36,14.875,271.125,GPCC Full Data Monthly v2020 0.25deg (PSL)
copan,2005,11,69.91,14.875,271.125,GPCC Full Data Monthly v2020 0.25deg (PSL)
copan,2005,12,38.44,14.875,271.125,GPCC Full Data Monthly v2020 0.25deg (PSL)
copan,2006,1,47.5,14.875,271.125,GPCC Full Data Monthly v2020 0.25deg (PSL)
copan,2006,2,20.51,14.875,271.125,GPCC Full Data Monthly v2020 0.25deg (PSL)
copan,2006,3,13.5,14.875,271.125,GPCC Full Data Monthly v2020 0.25deg (PSL)
copan,2006,4,52.18,14.875,271.125,GPCC Full Data Monthly v2020 0.25deg (PSL)
copan,2006,5,157.61,14.875,271.125,GPCC Full Data Monthly v2020 0.25deg (PSL)
copan,2006,6,322.87,14.875,271.125,GPCC Full Data Monthly v2020 0.25deg (PSL)
copan,2006,7,126.74,14.875,271.125,GPCC Full Data Monthly v2020 0.25deg (PSL)
copan,2006,8,134.95,14.875,271.125,GPCC Full Data Monthly v2020 0.25deg (PSL)
copan,2006,9,178.95,14.875,271.125,GPCC Full Data Monthly v2020 0.25deg (PSL)
copan,2006,10,129.02,14.875,271.125,GPCC Full Data Monthly v2020 0.25deg (PSL)
copan,2006,11,63.07,14.875,271.125,GPCC Full Data Monthly v2020 0.25deg (PSL)
copan,2006,12,72.75,14.875,271.125,GPCC Full Data Monthly v2020 0.25deg (PSL)
copan,2007,1,48.27,14.875,271.125,GPCC Full Data Monthly v2020 0.25deg (PSL)
copan,2007,2,15.51,14.875,271.125,GPCC Full Data Monthly v2020 0.25deg (PSL)
copan,2007,3,24.11,14.875,271.125,GPCC Full Data Monthly v2020 0.25deg (PSL)
copan,2007,4,30.8,14.875,271.125,GPCC Full Data Monthly v2020 0.25deg (PSL)
copan,2007,5,111.05,14.875,271.125,GPCC Full Data Monthly v2020 0.25deg (PSL)
copan,2007,6,296.93,14.875,271.125,GPCC Full Data Monthly v2020 0.25deg (PSL)
copan,2007,7,265.58,14.875,271.125,GPCC Full Data Monthly v2020 0.25deg (PSL)
copan,2007,8,232.56,14.875,271.125,GPCC Full Data Monthly v2020 0.25deg (PSL)
copan,2007,9,359.66,14.875,271.125,GPCC Full Data Monthly v2020 0.25deg (PSL)
copan,2007,10,205.69,14.875,271.125,GPCC Full Data Monthly v2020 0.25deg (PSL)
copan,2007,11,90.13,14.875,271.125,GPCC Full Data Monthly v2020 0.25deg (PSL)
copan,2007,12,23.27,14.875,271.125,GPCC Full Data Monthly v2020 0.25deg (PSL)
copan,2008,1,46.34,14.875,271.125,GPCC Full Data Monthly v2020 0.25deg (PSL)
copan,2008,2,22.15,14.875,271.125,GPCC Full Data Monthly v2020 0.25deg (PSL)
copan,2008,3,20.06,14.875,271.125,GPCC Full Data Monthly v2020 0.25deg (PSL)
copan,2008,4,55.88,14.875,271.125,GPCC Full Data Monthly v2020 0.25deg (PSL)
copan,2008,5,110.25,14.875,271.125,GPCC Full Data Monthly v2020 0.25deg (PSL)
copan,2008,6,202.34,14.875,271.125,GPCC Full Data Monthly v2020 0.25deg (PSL)
copan,2008,7,481.66,14.875,271.125,GPCC Full Data Monthly v2020 0.25deg (PSL)
copan,2008,8,302.6,14.875,271.125,GPCC Full Data Monthly v2020 0.25deg (PSL)
copan,2008,9,447.02,14.875,271.125,GPCC Full Data Monthly v2020 0.25deg (PSL)
copan,2008,10,216.21,14.875,271.125,GPCC Full Data Monthly v2020 0.25deg (PSL)
copan,2008,11,61.51,14.875,271.125,GPCC Full Data Monthly v2020 0.25deg (PSL)
copan,2008,12,41.7,14.875,271.125,GPCC Full Data Monthly v2020 0.25deg (PSL)
copan,2009,1,49.32,14.875,271.125,GPCC Full Data Monthly v2020 0.25deg (PSL)
copan,2009,2,82.68,14.875,271.125,GPCC Full Data Monthly v2020 0.25deg (PSL)
copan,2009,3,13.67,14.875,271.125,GPCC Full Data Monthly v2020 0.25deg (PSL)
copan,2009,4,29.42,14.875,271.125,GPCC Full Data Monthly v2020 0.25deg (PSL)
copan,2009,5,232.79,14.875,271.125,GPCC Full Data Monthly v2020 0.25deg (PSL)
copan,2009,6,239.61,14.875,271.125,GPCC Full Data Monthly v2020 0.25deg (PSL)
copan,2009,7,175.81,14.875,271.125,GPCC Full Data Monthly v2020 0.25deg (PSL)
copan,2009,8,252.14,14.875,271.125,GPCC Full Data Monthly v2020 0.25deg (PSL)
copan,2009,9,107.17,14.875,271.125,GPCC Full Data Monthly v2020 0.25deg (PSL)
copan,2009,10,152.88,14.875,271.125,GPCC Full Data Monthly v2020 0.25deg (PSL)
copan,2009,11,198.04,14.875,271.125,GPCC Full Data Monthly v2020 0.25deg (PSL)
copan,2009,12,38.52,14.875,271.125,GPCC Full Data Monthly v2020 0.25deg (PSL)
copan,2010,1,40.47,14.875,271.125,GPCC Full Data Monthly v2020 0.25deg (PSL)
copan,2010,2,32.19,14.875,271.125,GPCC Full Data Monthly v2020 0.25deg (PSL)
copan,2010,3,3.52,14.875,271.125,GPCC Full Data Monthly v2020 0.25deg (PSL)
copan,2010,4,168.16,14.875,271.125,GPCC Full Data Monthly v2020 0.25deg (PSL)
copan,2010,5,133.94,14.875,271.125,GPCC Full Data Monthly v2020 0.25deg (PSL)
copan,2010,6,315.79,14.875,271.125,GPCC Full Data Monthly v2020 0.25deg (PSL)
copan,2010,7,152.0,14.875,271.125,GPCC Full Data Monthly v2020 0.25deg (PSL)
copan,2010,8,351.12,14.875,271.125,GPCC Full Data Monthly v2020 0.25deg (PSL)
copan,2010,9,202.06,14.875,271.125,GPCC Full Data Monthly v2020 0.25deg (PSL)
copan,2010,10,49.39,14.875,271.125,GPCC Full Data Monthly v2020 0.25deg (PSL)
copan,2010,11,61.8,14.875,271.125,GPCC Full Data Monthly v2020 0.25deg (PSL)
copan,2010,12,40.4,14.875,271.125,GPCC Full Data Monthly v2020 0.25deg (PSL)
copan,2011,1,43.18,14.875,271.125,GPCC Full Data Monthly v2020 0.25deg (PSL)
copan,2011,2,37.62,14.875,271.125,GPCC Full Data Monthly v2020 0.25deg (PSL)
copan,2011,3,21.45,14.875,271.125,GPCC Full Data Monthly v2020 0.25deg (PSL)
copan,2011,4,122.42,14.875,271.125,GPCC Full Data Monthly v2020 0.25deg (PSL)
copan,2011,5,168.22,14.875,271.125,GPCC Full Data Monthly v2020 0.25deg (PSL)
copan,2011,6,361.16,14.875,271.125,GPCC Full Data Monthly v2020 0.25deg (PSL)
copan,2011,7,345.3,14.875,271.125,GPCC Full Data Monthly v2020 0.25deg (PSL)
copan,2011,8,181.52,14.875,271.125,GPCC Full Data Monthly v2020 0.25deg (PSL)
copan,2011,9,292.64,14.875,271.125,GPCC Full Data Monthly v2020 0.25deg (PSL)
copan,2011,10,234.97,14.875,271.125,GPCC Full Data Monthly v2020 0.25deg (PSL)
copan,2011,11,77.93,14.875,271.125,GPCC Full Data Monthly v2020 0.25deg (PSL)
copan,2011,12,83.07,14.875,271.125,GPCC Full Data Monthly v2020 0.25deg (PSL)
copan,2012,1,29.34,14.875,271.125,GPCC Full Data Monthly v2020 0.25deg (PSL)
copan,2012,2,39.37,14.875,271.125,GPCC Full Data Monthly v2020 0.25deg (PSL)
copan,2012,3,35.8,14.875,271.125,GPCC Full Data Monthly v2020 0.25deg (PSL)
copan,2012,4,73.79,14.875,271.125,GPCC Full Data Monthly v2020 0.25deg (PSL)
copan,2012,5,234.2,14.875,271.125,GPCC Full Data Monthly v2020 0.25deg (PSL)
copan,2012,6,267.45,14.875,271.125,GPCC Full Data Monthly v2020 0.25deg (PSL)
copan,2012,7,151.6,14.875,271.125,GPCC Full Data Monthly v2020 0.25deg (PSL)
copan,2012,8,416.47,14.875,271.125,GPCC Full Data Monthly v2020 0.25deg (PSL)
copan,2012,9,183.59,14.875,271.125,GPCC Full Data Monthly v2020 0.25deg (PSL)
copan,2012,10,173.52,14.875,271.125,GPCC Full Data Monthly v2020 0.25deg (PSL)
copan,2012,11,81.48,14.875,271.125,GPCC Full Data Monthly v2020 0.25deg (PSL)
copan,2012,12,49.32,14.875,271.125,GPCC Full Data Monthly v2020 0.25deg (PSL)
copan,2013,1,45.77,14.875,271.125,GPCC Full Data Monthly v2020 0.25deg (PSL)
copan,2013,2,17.34,14.875,271.125,GPCC Full Data Monthly v2020 0.25deg (PSL)
copan,2013,3,51.64,14.875,271.125,GPCC Full Data Monthly v2020 0.25deg (PSL)
copan,2013,4,12.43,14.875,271.125,GPCC Full Data Monthly v2020 0.25deg (PSL)
copan,2013,5,171.49,14.875,271.125,GPCC Full Data Monthly v2020 0.25deg (PSL)
copan,2013,6,137.27,14.875,271.125,GPCC Full Data Monthly v2020 0.25deg (PSL)
copan,2013,7,221.28,14.875,271.125,GPCC Full Data Monthly v2020 0.25deg (PSL)
copan,2013,8,174.68,14.875,271.125,GPCC Full Data Monthly v2020 0.25deg (PSL)
copan,2013,9,256.47,14.875,271.125,GPCC Full Data Monthly v2020 0.25deg (PSL)
copan,2013,10,242.9,14.875,271.125,GPCC Full Data Monthly v2020 0.25deg (PSL)
copan,2013,11,106.54,14.875,271.125,GPCC Full Data Monthly v2020 0.25deg (PSL)
copan,2013,12,56.46,14.875,271.125,GPCC Full Data Monthly v2020 0.25deg (PSL)
copan,2014,1,56.03,14.875,271.125,GPCC Full Data Monthly v2020 0.25deg (PSL)
copan,2014,2,39.19,14.875,271.125,GPCC Full Data Monthly v2020 0.25deg (PSL)
copan,2014,3,66.88,14.875,271.125,GPCC Full Data Monthly v2020 0.25deg (PSL)
copan,2014,4,11.38,14.875,271.125,GPCC Full Data Monthly v2020 0.25deg (PSL)
copan,2014,5,171.82,14.875,271.125,GPCC Full Data Monthly v2020 0.25deg (PSL)
copan,2014,6,222.22,14.875,271.125,GPCC Full Data Monthly v2020 0.25deg (PSL)
copan,2014,7,72.05,14.875,271.125,GPCC Full Data Monthly v2020 0.25deg (PSL)
copan,2014,8,338.22,14.875,271.125,GPCC Full Data Monthly v2020 0.25deg (PSL)
copan,2014,9,313.57,14.875,271.125,GPCC Full Data Monthly v2020 0.25deg (PSL)
copan,2014,10,258.13,14.875,271.125,GPCC Full Data Monthly v2020 0.25deg (PSL)
copan,2014,11,142.54,14.875,271.125,GPCC Full Data Monthly v2020 0.25deg (PSL)
copan,2014,12,95.22,14.875,271.125,GPCC Full Data Monthly v2020 0.25deg (PSL)
copan,2015,1,43.74,14.875,271.125,GPCC Full Data Monthly v2020 0.25deg (PSL)
copan,2015,2,37.85,14.875,271.125,GPCC Full Data Monthly v2020 0.25deg (PSL)
copan,2015,3,42.91,14.875,271.125,GPCC Full Data Monthly v2020 0.25deg (PSL)
copan,2015,4,29.66,14.875,271.125,GPCC Full Data Monthly v2020 0.25deg (PSL)
copan,2015,5,71.88,14.875,271.125,GPCC Full Data Monthly v2020 0.25deg (PSL)
copan,2015,6,178.07,14.875,271.125,GPCC Full Data Monthly v2020 0.25deg (PSL)
copan,2015,7,53.59,14.875,271.125,GPCC Full Data Monthly v2020 0.25deg (PSL)
copan,2015,8,106.79,14.875,271.125,GPCC Full Data Monthly v2020 0.25deg (PSL)
copan,2015,9,470.76,14.875,271.125,GPCC Full Data Monthly v2020 0.25deg (PSL)
copan,2015,10,280.79,14.875,271.125,GPCC Full Data Monthly v2020 0.25deg (PSL)
copan,2015,11,143.33,14.875,271.125,GPCC Full Data Monthly v2020 0.25deg (PSL)
copan,2015,12,41.35,14.875,271.125,GPCC Full Data Monthly v2020 0.25deg (PSL)
copan,2016,1,27.67,14.875,271.125,GPCC Full Data Monthly v2020 0.25deg (PSL)
copan,2016,2,41.08,14.875,271.125,GPCC Full Data Monthly v2020 0.25deg (PSL)
copan,2016,3,15.2,14.875,271.125,GPCC Full Data Monthly v2020 0.25deg (PSL)
copan,2016,4,16.13,14.875,271.125,GPCC Full Data Monthly v2020 0.25deg (PSL)
copan,2016,5,75.26,14.875,271.125,GPCC Full Data Monthly v2020 0.25deg (PSL)
copan,2016,6,306.4,14.875,271.125,GPCC Full Data Monthly v2020 0.25deg (PSL)
copan,2016,7,126.6,14.875,271.125,GPCC Full Data Monthly v2020 0.25deg (PSL)
copan,2016,8,183.44,14.875,271.125,GPCC Full Data Monthly v2020 0.25deg (PSL)
copan,2016,9,283.77,14.875,271.125,GPCC Full Data Monthly v2020 0.25deg (PSL)
copan,2016,10,90.84,14.875,271.125,GPCC Full Data Monthly v2020 0.25deg (PSL)
copan,2016,11,111.1,14.875,271.125,GPCC Full Data Monthly v2020 0.25deg (PSL)
copan,2016,12,50.58,14.875,271.125,GPCC Full Data Monthly v2020 0.25deg (PSL)
copan,2017,1,36.45,14.875,271.125,GPCC Full Data Monthly v2020 0.25deg (PSL)
copan,2017,2,10.88,14.875,271.125,GPCC Full Data Monthly v2020 0.25deg (PSL)
copan,2017,3,35.63,14.875,271.125,GPCC Full Data Monthly v2020 0.25deg (PSL)
copan,2017,4,66.0,14.875,271.125,GPCC Full Data Monthly v2020 0.25deg (PSL)
copan,2017,5,258.79,14.875,271.125,GPCC Full Data Monthly v2020 0.25deg (PSL)
copan,2017,6,432.94,14.875,271.125,GPCC Full Data Monthly v2020 0.25deg (PSL)
copan,2017,7,363.3,14.875,271.125,GPCC Full Data Monthly v2020 0.25deg (PSL)
copan,2017,8,198.95,14.875,271.125,GPCC Full Data Monthly v2020 0.25deg (PSL)
copan,2017,9,323.89,14.875,271.125,GPCC Full Data Monthly v2020 0.25deg (PSL)
copan,2017,10,308.17,14.875,271.125,GPCC Full Data Monthly v2020 0.25deg (PSL)
copan,2017,11,93.23,14.875,271.125,GPCC Full Data Monthly v2020 0.25deg (PSL)
copan,2017,12,48.99,14.875,271.125,GPCC Full Data Monthly v2020 0.25deg (PSL)
copan,2018,1,88.62,14.875,271.125,GPCC Full Data Monthly v2020 0.25deg (PSL)
copan,2018,2,20.23,14.875,271.125,GPCC Full Data Monthly v2020 0.25deg (PSL)
copan,2018,3,16.15,14.875,271.125,GPCC Full Data Monthly v2020 0.25deg (PSL)
copan,2018,4,85.46,14.875,271.125,GPCC Full Data Monthly v2020 0.25deg (PSL)
copan,2018,5,176.58,14.875,271.125,GPCC Full Data Monthly v2020 0.25deg (PSL)
copan,2018,6,299.16,14.875,271.125,GPCC Full Data Monthly v2020 0.25deg (PSL)
copan,2018,7,115.86,14.875,271.125,GPCC Full Data Monthly v2020 0.25deg (PSL)
copan,2018,8,108.01,14.875,271.125,GPCC Full Data Monthly v2020 0.25deg (PSL)
copan,2018,9,180.87,14.875,271.125,GPCC Full Data Monthly v2020 0.25deg (PSL)
copan,2018,10,103.21,14.875,271.125,GPCC Full Data Monthly v2020 0.25deg (PSL)
copan,2018,11,49.25,14.875,271.125,GPCC Full Data Monthly v2020 0.25deg (PSL)
copan,2018,12,42.82,14.875,271.125,GPCC Full Data Monthly v2020 0.25deg (PSL)
copan,2019,1,52.05,14.875,271.125,GPCC Full Data Monthly v2020 0.25deg (PSL)
copan,2019,2,14.98,14.875,271.125,GPCC Full Data Monthly v2020 0.25deg (PSL)
copan,2019,3,4.6,14.875,271.125,GPCC Full Data Monthly v2020 0.25deg (PSL)
copan,2019,4,19.77,14.875,271.125,GPCC Full Data Monthly v2020 0.25deg (PSL)
copan,2019,5,236.61,14.875,271.125,GPCC Full Data Monthly v2020 0.25deg (PSL)
copan,2019,6,180.12,14.875,271.125,GPCC Full Data Monthly v2020 0.25deg (PSL)
copan,2019,7,93.12,14.875,271.125,GPCC Full Data Monthly v2020 0.25deg (PSL)
copan,2019,8,227.37,14.875,271.125,GPCC Full Data Monthly v2020 0.25deg (PSL)
copan,2019,9,242.58,14.875,271.125,GPCC Full Data Monthly v2020 0.25deg (PSL)
copan,2019,10,390.39,14.875,271.125,GPCC Full Data Monthly v2020 0.25deg (PSL)
copan,2019,11,89.51,14.875,271.125,GPCC Full Data Monthly v2020 0.25deg (PSL)
copan,2019,12,69.59,14.875,271.125,GPCC Full Data Monthly v2020 0.25deg (PSL)
