Area Code,Area Code (M49),Area,Item Code,Item,Element Code,Element,Year Code,Year,Unit,Value,Flag
95,'340,Honduras,4007,"Ammonia, anhydrous",5610,Import quantity,2002,2002,t,472.660000,X
95,'340,Honduras,4007,"Ammonia, anhydrous",5610,Import quantity,2003,2003,t,81.690000,A
95,'340,Honduras,4007,"Ammonia, anhydrous",5610,Import quantity,2004,2004,t,153.310000,A
95,'340,Honduras,4007,"Ammonia, anhydrous",5610,Import quantity,2005,2005,t,60.750000,A
95,'340,Honduras,4007,"Ammonia, anhydrous",5610,Import quantity,2006,2006,t,64.140000,A
95,'340,Honduras,4007,"Ammonia, anhydrous",5610,Import quantity,2007,2007,t,60.140000,A
95,'340,Honduras,4007,"Ammonia, anhydrous",5610,Import quantity,2009,2009,t,44.740000,A
95,'340,Honduras,4007,"Ammonia, anhydrous",5610,Import quantity,2010,2010,t,33.420000,A
95,'340,Honduras,4007,"Ammonia, anhydrous",5610,Import quantity,2011,2011,t,33.020000,A
95,'340,Honduras,4007,"Ammonia, anhydrous",5610,Import quantity,2012,2012,t,27.350000,A
95,'340,Honduras,4007,"Ammonia, anhydrous",5610,Import quantity,2014,2014,t,41.770000,A
95,'340,Honduras,4007,"Ammonia, anhydrous",5610,Import quantity,2015,2015,t,23.610000,A
95,'340,Honduras,4007,"Ammonia, anhydrous",5610,Import quantity,2016,2016,t,183.300000,A
95,'340,Honduras,4007,"Ammonia, anhydrous",5610,Import quantity,2017,2017,t,90.000000,A
95,'340,Honduras,4007,"Ammonia, anhydrous",5610,Import quantity,2018,2018,t,184.580000,A
95,'340,Honduras,4007,"Ammonia, anhydrous",5610,Import quantity,2019,2019,t,144.000000,A
95,'340,Honduras,4007,"Ammonia, anhydrous",5610,Import quantity,2020,2020,t,190.200000,A
95,'340,Honduras,4007,"Ammonia, anhydrous",5610,Import quantity,2021,2021,t,108.000000,A
95,'340,Honduras,4007,"Ammonia, anhydrous",5610,Import quantity,2023,2023,t,54.030000,A
95,'340,Honduras,4007,"Ammonia, anhydrous",5610,Import quantity,2024,2024,t,54.000000,A
95,'340,Honduras,4007,"Ammonia, anhydrous",5622,Import value,2002,2002,1000 USD,68.680000,A
95,'340,Honduras,4007,"Ammonia, anhydrous",5622,Import value,2003,2003,1000 USD,91.420000,A
95,'340,Honduras,4007,"Ammonia, anhydrous",5622,Import value,2004,2004,1000 USD,25.050000,A
95,'340,Honduras,4007,"Ammonia, anhydrous",5622,Import value,2005,2005,1000 USD,43.980000,A
95,'340,Honduras,4007,"Ammonia, anhydrous",5622,Import value,2006,2006,1000 USD,38.360000,A
95,'340,Honduras,4007,"Ammonia, anhydrous",5622,Import value,2007,2007,1000 USD,48.500000,A
95,'340,Honduras,4007,"Ammonia, anhydrous",5622,Import value,2009,2009,1000 USD,47.360000,A
95,'340,Honduras,4007,"Ammonia, anhydrous",5622,Import value,2010,2010,1000 USD,33.590000,A
95,'340,Honduras,4007,"Ammonia, anhydrous",5622,Import value,2011,2011,1000 USD,37.850000,A
95,'340,Honduras,4007,"Ammonia, anhydrous",5622,Import value,2012,2012,1000 USD,33.200000,A
95,'340,Honduras,4007,"Ammonia, anhydrous",5622,Import value,2014,2014,1000 USD,48.600000,A
95,'340,Honduras,4007,"Ammonia, anhydrous",5622,Import value,2015,2015,1000 USD,17.080000,A
95,'340,Honduras,4007,"Ammonia, anhydrous",5622,Import value,2016,2016,1000 USD,125.530000,A
95,'340,Honduras,4007,"Ammonia, anhydrous",5622,Import value,2017,2017,1000 USD,90.990000,A
95,'340,Honduras,4007,"Ammonia, anhydrous",5622,Import value,2018,2018,1000 USD,147.240000,A
95,'340,Honduras,4007,"Ammonia, anhydrous",5622,Import value,2019,2019,1000 USD,100.800000,A
95,'340,Honduras,4007,"Ammonia, anhydrous",5622,Import value,2020,2020,1000 USD,150.000000,A
95,'340,Honduras,4007,"Ammonia, anhydrous",5622,Import value,2021,2021,1000 USD,79.200000,A
95,'340,Honduras,4007,"Ammonia, anhydrous",5622,Import value,2023,2023,1000 USD,120.420000,A
95,'340,Honduras,4007,"Ammonia, anhydrous",5622,Import value,2024,2024,1000 USD,137.400000,A
95,'340,Honduras,4007,"Ammonia, anhydrous",5910,Export quantity,2010,2010,t,15.000000,A
95,'340,Honduras,4007,"Ammonia, anhydrous",5910,Export quantity,2016,2016,t,13.000000,A
95,'340,Honduras,4007,"Ammonia, anhydrous",5910,Export quantity,2017,2017,t,7.090000,A
95,'340,Honduras,4007,"Ammonia, anhydrous",5910,Export quantity,2018,2018,t,2.500000,A
95,'340,Honduras,4007,"Ammonia, anhydrous",5910,Export quantity,2019,2019,t,3.150000,A
95,'340,Honduras,4007,"Ammonia, anhydrous",5910,Export quantity,2020,2020,t,4.000000,A
95,'340,Honduras,4007,"Ammonia, anhydrous",5922,Export value,2010,2010,1000 USD,29.700000,A
95,'340,Honduras,4007,"Ammonia, anhydrous",5922,Export value,2016,2016,1000 USD,22.680000,A
95,'340,Honduras,4007,"Ammonia, anhydrous",5922,Export value,2017,2017,1000 USD,28.900000,A
95,'340,Honduras,4007,"Ammonia, anhydrous",5922,Export value,2018,2018,1000 USD,7.710000,A
95,'340,Honduras,4007,"Ammonia, anhydrous",5922,Export value,2019,2019,1000 USD,9.730000,A
95,'340,Honduras,4007,"Ammonia, anhydrous",5922,Export value,2020,2020,1000 USD,12.340000,A
95,'340,Honduras,4003,Ammonium nitrate (AN),5610,Import quantity,2002,2002,t,13356.040000,A
95,'340,Honduras,4003,Ammonium nitrate (AN),5610,Import quantity,2003,2003,t,19717.930000,A
95,'340,Honduras,4003,Ammonium nitrate (AN),5610,Import quantity,2004,2004,t,17568.090000,A
95,'340,Honduras,4003,Ammonium nitrate (AN),5610,Import quantity,2005,2005,t,40952.800000,A
95,'340,Honduras,4003,Ammonium nitrate (AN),5610,Import quantity,2006,2006,t,39564.610000,A
95,'340,Honduras,4003,Ammonium nitrate (AN),5610,Import quantity,2007,2007,t,35886.170000,A
95,'340,Honduras,4003,Ammonium nitrate (AN),5610,Import quantity,2009,2009,t,24777.160000,A
95,'340,Honduras,4003,Ammonium nitrate (AN),5610,Import quantity,2010,2010,t,14305.160000,A
95,'340,Honduras,4003,Ammonium nitrate (AN),5610,Import quantity,2011,2011,t,40103.880000,A
95,'340,Honduras,4003,Ammonium nitrate (AN),5610,Import quantity,2012,2012,t,18338.030000,A
95,'340,Honduras,4003,Ammonium nitrate (AN),5610,Import quantity,2014,2014,t,32687.680000,A
95,'340,Honduras,4003,Ammonium nitrate (AN),5610,Import quantity,2015,2015,t,17177.130000,A
95,'340,Honduras,4003,Ammonium nitrate (AN),5610,Import quantity,2016,2016,t,29142.220000,A
95,'340,Honduras,4003,Ammonium nitrate (AN),5610,Import quantity,2017,2017,t,49406.920000,A
95,'340,Honduras,4003,Ammonium nitrate (AN),5610,Import quantity,2018,2018,t,52375.630000,A
95,'340,Honduras,4003,Ammonium nitrate (AN),5610,Import quantity,2019,2019,t,35816.330000,A
95,'340,Honduras,4003,Ammonium nitrate (AN),5610,Import quantity,2020,2020,t,68041.090000,A
95,'340,Honduras,4003,Ammonium nitrate (AN),5610,Import quantity,2021,2021,t,47868.200000,A
95,'340,Honduras,4003,Ammonium nitrate (AN),5610,Import quantity,2023,2023,t,41179.230000,A
95,'340,Honduras,4003,Ammonium nitrate (AN),5610,Import quantity,2024,2024,t,36279.710000,A
95,'340,Honduras,4003,Ammonium nitrate (AN),5622,Import value,2002,2002,1000 USD,2547.080000,A
95,'340,Honduras,4003,Ammonium nitrate (AN),5622,Import value,2003,2003,1000 USD,2948.890000,A
95,'340,Honduras,4003,Ammonium nitrate (AN),5622,Import value,2004,2004,1000 USD,3625.490000,A
95,'340,Honduras,4003,Ammonium nitrate (AN),5622,Import value,2005,2005,1000 USD,9060.800000,A
95,'340,Honduras,4003,Ammonium nitrate (AN),5622,Import value,2006,2006,1000 USD,8725.130000,A
95,'340,Honduras,4003,Ammonium nitrate (AN),5622,Import value,2007,2007,1000 USD,9388.300000,A
95,'340,Honduras,4003,Ammonium nitrate (AN),5622,Import value,2009,2009,1000 USD,6244.950000,A
95,'340,Honduras,4003,Ammonium nitrate (AN),5622,Import value,2010,2010,1000 USD,4396.750000,A
95,'340,Honduras,4003,Ammonium nitrate (AN),5622,Import value,2011,2011,1000 USD,14342.780000,A
95,'340,Honduras,4003,Ammonium nitrate (AN),5622,Import value,2012,2012,1000 USD,7399.900000,A
95,'340,Honduras,4003,Ammonium nitrate (AN),5622,Import value,2014,2014,1000 USD,11191.070000,A
95,'340,Honduras,4003,Ammonium nitrate (AN),5622,Import value,2015,2015,1000 USD,4221.540000,A
95,'340,Honduras,4003,Ammonium nitrate (AN),5622,Import value,2016,2016,1000 USD,5794.840000,A
95,'340,Honduras,4003,Ammonium nitrate (AN),5622,Import value,2017,2017,1000 USD,10505.850000,A
95,'340,Honduras,4003,Ammonium nitrate (AN),5622,Import value,2018,2018,1000 USD,11905.500000,A
95,'340,Honduras,4003,Ammonium nitrate (AN),5622,Import value,2019,2019,1000 USD,8242.970000,A
95,'340,Honduras,4003,Ammonium nitrate (AN),5622,Import value,2020,2020,1000 USD,14004.110000,A
95,'340,Honduras,4003,Ammonium nitrate (AN),5622,Import value,2021,2021,1000 USD,17971.050000,A
95,'340,Honduras,4003,Ammonium nitrate (AN),5622,Import value,2023,2023,1000 USD,13702.150000,A
95,'340,Honduras,4003,Ammonium nitrate (AN),5622,Import value,2024,2024,1000 USD,10190.840000,A
95,'340,Honduras,4003,Ammonium nitrate (AN),5910,Export quantity,2002,2002,t,350.900000,A
95,'340,Honduras,4003,Ammonium nitrate (AN),5910,Export quantity,2003,2003,t,1253.750000,A
95,'340,Honduras,4003,Ammonium nitrate (AN),5910,Export quantity,2004,2004,t,927.740000,A
95,'340,Honduras,4003,Ammonium nitrate (AN),5910,Export quantity,2005,2005,t,617.790000,A
95,'340,Honduras,4003,Ammonium nitrate (AN),5910,Export quantity,2006,2006,t,589.050000,A
95,'340,Honduras,4003,Ammonium nitrate (AN),5910,Export quantity,2007,2007,t,257.500000,A
95,'340,Honduras,4003,Ammonium nitrate (AN),5910,Export quantity,2011,2011,t,230.150000,A
95,'340,Honduras,4003,Ammonium nitrate (AN),5910,Export quantity,2014,2014,t,1779.000000,A
95,'340,Honduras,4003,Ammonium nitrate (AN),5910,Export quantity,2015,2015,t,332.080000,A
95,'340,Honduras,4003,Ammonium nitrate (AN),5910,Export quantity,2016,2016,t,103.260000,A
95,'340,Honduras,4003,Ammonium nitrate (AN),5910,Export quantity,2017,2017,t,573.770000,A
95,'340,Honduras,4003,Ammonium nitrate (AN),5910,Export quantity,2018,2018,t,1578.570000,A
95,'340,Honduras,4003,Ammonium nitrate (AN),5910,Export quantity,2019,2019,t,2221.470000,A
95,'340,Honduras,4003,Ammonium nitrate (AN),5910,Export quantity,2020,2020,t,2591.060000,A
95,'340,Honduras,4003,Ammonium nitrate (AN),5910,Export quantity,2021,2021,t,3069.660000,A
95,'340,Honduras,4003,Ammonium nitrate (AN),5910,Export quantity,2023,2023,t,3585.350000,A
95,'340,Honduras,4003,Ammonium nitrate (AN),5910,Export quantity,2024,2024,t,1974.820000,A
95,'340,Honduras,4003,Ammonium nitrate (AN),5922,Export value,2002,2002,1000 USD,63.830000,A
95,'340,Honduras,4003,Ammonium nitrate (AN),5922,Export value,2003,2003,1000 USD,335.670000,A
95,'340,Honduras,4003,Ammonium nitrate (AN),5922,Export value,2004,2004,1000 USD,278.780000,A
95,'340,Honduras,4003,Ammonium nitrate (AN),5922,Export value,2005,2005,1000 USD,328.250000,A
95,'340,Honduras,4003,Ammonium nitrate (AN),5922,Export value,2006,2006,1000 USD,276.100000,A
95,'340,Honduras,4003,Ammonium nitrate (AN),5922,Export value,2007,2007,1000 USD,144.210000,A
95,'340,Honduras,4003,Ammonium nitrate (AN),5922,Export value,2011,2011,1000 USD,115.930000,A
95,'340,Honduras,4003,Ammonium nitrate (AN),5922,Export value,2014,2014,1000 USD,619.010000,A
95,'340,Honduras,4003,Ammonium nitrate (AN),5922,Export value,2015,2015,1000 USD,211.300000,A
95,'340,Honduras,4003,Ammonium nitrate (AN),5922,Export value,2016,2016,1000 USD,35.710000,A
95,'340,Honduras,4003,Ammonium nitrate (AN),5922,Export value,2017,2017,1000 USD,109.270000,A
95,'340,Honduras,4003,Ammonium nitrate (AN),5922,Export value,2018,2018,1000 USD,396.370000,A
95,'340,Honduras,4003,Ammonium nitrate (AN),5922,Export value,2019,2019,1000 USD,567.100000,A
95,'340,Honduras,4003,Ammonium nitrate (AN),5922,Export value,2020,2020,1000 USD,717.500000,A
95,'340,Honduras,4003,Ammonium nitrate (AN),5922,Export value,2021,2021,1000 USD,957.170000,A
95,'340,Honduras,4003,Ammonium nitrate (AN),5922,Export value,2023,2023,1000 USD,1745.090000,A
95,'340,Honduras,4003,Ammonium nitrate (AN),5922,Export value,2024,2024,1000 USD,588.560000,A
95,'340,Honduras,4003,Ammonium nitrate (AN),5157,Agricultural Use,2002,2002,t,235.000000,I
95,'340,Honduras,4003,Ammonium nitrate (AN),5157,Agricultural Use,2003,2003,t,26609.000000,I
95,'340,Honduras,4003,Ammonium nitrate (AN),5157,Agricultural Use,2004,2004,t,22735.000000,I
95,'340,Honduras,4003,Ammonium nitrate (AN),5157,Agricultural Use,2005,2005,t,40668.000000,I
95,'340,Honduras,4003,Ammonium nitrate (AN),5157,Agricultural Use,2006,2006,t,38976.000000,I
95,'340,Honduras,4003,Ammonium nitrate (AN),5157,Agricultural Use,2009,2009,t,24777.000000,I
95,'340,Honduras,4003,Ammonium nitrate (AN),5157,Agricultural Use,2010,2010,t,14305.000000,I
95,'340,Honduras,4003,Ammonium nitrate (AN),5157,Agricultural Use,2011,2011,t,39874.000000,I
95,'340,Honduras,4002,Ammonium sulphate,5610,Import quantity,2002,2002,t,26005.120000,A
95,'340,Honduras,4002,Ammonium sulphate,5610,Import quantity,2003,2003,t,19984.340000,A
95,'340,Honduras,4002,Ammonium sulphate,5610,Import quantity,2004,2004,t,3099.890000,A
95,'340,Honduras,4002,Ammonium sulphate,5610,Import quantity,2005,2005,t,14655.520000,A
95,'340,Honduras,4002,Ammonium sulphate,5610,Import quantity,2006,2006,t,12943.520000,A
95,'340,Honduras,4002,Ammonium sulphate,5610,Import quantity,2007,2007,t,13539.950000,A
95,'340,Honduras,4002,Ammonium sulphate,5610,Import quantity,2009,2009,t,18364.210000,A
95,'340,Honduras,4002,Ammonium sulphate,5610,Import quantity,2010,2010,t,19319.930000,A
95,'340,Honduras,4002,Ammonium sulphate,5610,Import quantity,2011,2011,t,31113.140000,A
95,'340,Honduras,4002,Ammonium sulphate,5610,Import quantity,2012,2012,t,38002.230000,A
95,'340,Honduras,4002,Ammonium sulphate,5610,Import quantity,2014,2014,t,39224.650000,A
95,'340,Honduras,4002,Ammonium sulphate,5610,Import quantity,2015,2015,t,35989.890000,A
95,'340,Honduras,4002,Ammonium sulphate,5610,Import quantity,2016,2016,t,43642.130000,A
95,'340,Honduras,4002,Ammonium sulphate,5610,Import quantity,2017,2017,t,60139.660000,A
95,'340,Honduras,4002,Ammonium sulphate,5610,Import quantity,2018,2018,t,59265.640000,A
95,'340,Honduras,4002,Ammonium sulphate,5610,Import quantity,2019,2019,t,34676.920000,A
95,'340,Honduras,4002,Ammonium sulphate,5610,Import quantity,2020,2020,t,57739.930000,A
95,'340,Honduras,4002,Ammonium sulphate,5610,Import quantity,2021,2021,t,54807.590000,A
95,'340,Honduras,4002,Ammonium sulphate,5610,Import quantity,2023,2023,t,49134.540000,A
95,'340,Honduras,4002,Ammonium sulphate,5610,Import quantity,2024,2024,t,53936.070000,A
95,'340,Honduras,4002,Ammonium sulphate,5622,Import value,2002,2002,1000 USD,2135.460000,A
95,'340,Honduras,4002,Ammonium sulphate,5622,Import value,2003,2003,1000 USD,1710.070000,A
95,'340,Honduras,4002,Ammonium sulphate,5622,Import value,2004,2004,1000 USD,551.060000,A
95,'340,Honduras,4002,Ammonium sulphate,5622,Import value,2005,2005,1000 USD,2273.160000,A
95,'340,Honduras,4002,Ammonium sulphate,5622,Import value,2006,2006,1000 USD,2480.950000,A
95,'340,Honduras,4002,Ammonium sulphate,5622,Import value,2007,2007,1000 USD,2734.890000,A
95,'340,Honduras,4002,Ammonium sulphate,5622,Import value,2009,2009,1000 USD,2805.860000,A
95,'340,Honduras,4002,Ammonium sulphate,5622,Import value,2010,2010,1000 USD,3707.280000,A
95,'340,Honduras,4002,Ammonium sulphate,5622,Import value,2011,2011,1000 USD,8696.700000,A
95,'340,Honduras,4002,Ammonium sulphate,5622,Import value,2012,2012,1000 USD,10053.900000,A
95,'340,Honduras,4002,Ammonium sulphate,5622,Import value,2014,2014,1000 USD,7803.700000,A
95,'340,Honduras,4002,Ammonium sulphate,5622,Import value,2015,2015,1000 USD,6882.560000,A
95,'340,Honduras,4002,Ammonium sulphate,5622,Import value,2016,2016,1000 USD,7378.180000,A
95,'340,Honduras,4002,Ammonium sulphate,5622,Import value,2017,2017,1000 USD,10119.080000,A
95,'340,Honduras,4002,Ammonium sulphate,5622,Import value,2018,2018,1000 USD,10098.330000,A
95,'340,Honduras,4002,Ammonium sulphate,5622,Import value,2019,2019,1000 USD,5550.050000,A
95,'340,Honduras,4002,Ammonium sulphate,5622,Import value,2020,2020,1000 USD,8406.420000,A
95,'340,Honduras,4002,Ammonium sulphate,5622,Import value,2021,2021,1000 USD,11160.430000,A
95,'340,Honduras,4002,Ammonium sulphate,5622,Import value,2023,2023,1000 USD,10879.280000,A
95,'340,Honduras,4002,Ammonium sulphate,5622,Import value,2024,2024,1000 USD,10563.970000,A
95,'340,Honduras,4002,Ammonium sulphate,5910,Export quantity,2002,2002,t,358.850000,A
95,'340,Honduras,4002,Ammonium sulphate,5910,Export quantity,2003,2003,t,2294.760000,A
95,'340,Honduras,4002,Ammonium sulphate,5910,Export quantity,2004,2004,t,2208.850000,A
95,'340,Honduras,4002,Ammonium sulphate,5910,Export quantity,2005,2005,t,1523.930000,A
95,'340,Honduras,4002,Ammonium sulphate,5910,Export quantity,2007,2007,t,440.000000,A
95,'340,Honduras,4002,Ammonium sulphate,5910,Export quantity,2009,2009,t,50.000000,A
95,'340,Honduras,4002,Ammonium sulphate,5910,Export quantity,2010,2010,t,1720.070000,A
95,'340,Honduras,4002,Ammonium sulphate,5910,Export quantity,2011,2011,t,2920.820000,A
95,'340,Honduras,4002,Ammonium sulphate,5910,Export quantity,2012,2012,t,5457.660000,A
95,'340,Honduras,4002,Ammonium sulphate,5910,Export quantity,2014,2014,t,2479.320000,A
95,'340,Honduras,4002,Ammonium sulphate,5910,Export quantity,2015,2015,t,2113.800000,A
95,'340,Honduras,4002,Ammonium sulphate,5910,Export quantity,2016,2016,t,5822.700000,A
95,'340,Honduras,4002,Ammonium sulphate,5910,Export quantity,2017,2017,t,10752.960000,A
95,'340,Honduras,4002,Ammonium sulphate,5910,Export quantity,2018,2018,t,10921.810000,A
95,'340,Honduras,4002,Ammonium sulphate,5910,Export quantity,2019,2019,t,11570.840000,A
95,'340,Honduras,4002,Ammonium sulphate,5910,Export quantity,2020,2020,t,14088.590000,A
95,'340,Honduras,4002,Ammonium sulphate,5910,Export quantity,2021,2021,t,21202.090000,A
95,'340,Honduras,4002,Ammonium sulphate,5910,Export quantity,2023,2023,t,21671.880000,A
95,'340,Honduras,4002,Ammonium sulphate,5910,Export quantity,2024,2024,t,18337.580000,A
95,'340,Honduras,4002,Ammonium sulphate,5922,Export value,2002,2002,1000 USD,79.320000,A
95,'340,Honduras,4002,Ammonium sulphate,5922,Export value,2003,2003,1000 USD,84.590000,A
95,'340,Honduras,4002,Ammonium sulphate,5922,Export value,2004,2004,1000 USD,349.840000,A
95,'340,Honduras,4002,Ammonium sulphate,5922,Export value,2005,2005,1000 USD,243.480000,A
95,'340,Honduras,4002,Ammonium sulphate,5922,Export value,2007,2007,1000 USD,96.360000,A
95,'340,Honduras,4002,Ammonium sulphate,5922,Export value,2009,2009,1000 USD,9.750000,A
95,'340,Honduras,4002,Ammonium sulphate,5922,Export value,2010,2010,1000 USD,421.890000,A
95,'340,Honduras,4002,Ammonium sulphate,5922,Export value,2011,2011,1000 USD,562.130000,A
95,'340,Honduras,4002,Ammonium sulphate,5922,Export value,2012,2012,1000 USD,1269.740000,A
95,'340,Honduras,4002,Ammonium sulphate,5922,Export value,2014,2014,1000 USD,563.810000,A
95,'340,Honduras,4002,Ammonium sulphate,5922,Export value,2015,2015,1000 USD,478.120000,A
95,'340,Honduras,4002,Ammonium sulphate,5922,Export value,2016,2016,1000 USD,977.880000,A
95,'340,Honduras,4002,Ammonium sulphate,5922,Export value,2017,2017,1000 USD,1514.460000,A
95,'340,Honduras,4002,Ammonium sulphate,5922,Export value,2018,2018,1000 USD,1664.580000,A
95,'340,Honduras,4002,Ammonium sulphate,5922,Export value,2019,2019,1000 USD,1965.220000,A
95,'340,Honduras,4002,Ammonium sulphate,5922,Export value,2020,2020,1000 USD,2115.880000,A
95,'340,Honduras,4002,Ammonium sulphate,5922,Export value,2021,2021,1000 USD,4139.810000,A
95,'340,Honduras,4002,Ammonium sulphate,5922,Export value,2023,2023,1000 USD,5045.760000,A
95,'340,Honduras,4002,Ammonium sulphate,5922,Export value,2024,2024,1000 USD,3790.770000,A
95,'340,Honduras,4002,Ammonium sulphate,5157,Agricultural Use,2002,2002,t,134.000000,I
95,'340,Honduras,4002,Ammonium sulphate,5157,Agricultural Use,2003,2003,t,21932.000000,I
95,'340,Honduras,4002,Ammonium sulphate,5157,Agricultural Use,2004,2004,t,6891.000000,I
95,'340,Honduras,4002,Ammonium sulphate,5157,Agricultural Use,2005,2005,t,13126.000000,I
95,'340,Honduras,4002,Ammonium sulphate,5157,Agricultural Use,2006,2006,t,12944.000000,I
95,'340,Honduras,4002,Ammonium sulphate,5157,Agricultural Use,2009,2009,t,18314.000000,I
95,'340,Honduras,4002,Ammonium sulphate,5157,Agricultural Use,2010,2010,t,17600.000000,I
95,'340,Honduras,4002,Ammonium sulphate,5157,Agricultural Use,2011,2011,t,28192.000000,I
95,'340,Honduras,4004,Calcium ammonium nitrate (CAN) and other mixtures with calcium carbonate,5610,Import quantity,2002,2002,t,0.000000,A
95,'340,Honduras,4004,Calcium ammonium nitrate (CAN) and other mixtures with calcium carbonate,5610,Import quantity,2003,2003,t,649.300000,A
95,'340,Honduras,4004,Calcium ammonium nitrate (CAN) and other mixtures with calcium carbonate,5610,Import quantity,2004,2004,t,703.810000,A
95,'340,Honduras,4004,Calcium ammonium nitrate (CAN) and other mixtures with calcium carbonate,5610,Import quantity,2007,2007,t,193.500000,A
95,'340,Honduras,4004,Calcium ammonium nitrate (CAN) and other mixtures with calcium carbonate,5610,Import quantity,2014,2014,t,312.470000,A
95,'340,Honduras,4004,Calcium ammonium nitrate (CAN) and other mixtures with calcium carbonate,5610,Import quantity,2020,2020,t,0.000000,A
95,'340,Honduras,4004,Calcium ammonium nitrate (CAN) and other mixtures with calcium carbonate,5622,Import value,2002,2002,1000 USD,0.040000,A
95,'340,Honduras,4004,Calcium ammonium nitrate (CAN) and other mixtures with calcium carbonate,5622,Import value,2003,2003,1000 USD,157.460000,A
95,'340,Honduras,4004,Calcium ammonium nitrate (CAN) and other mixtures with calcium carbonate,5622,Import value,2004,2004,1000 USD,203.550000,A
95,'340,Honduras,4004,Calcium ammonium nitrate (CAN) and other mixtures with calcium carbonate,5622,Import value,2007,2007,1000 USD,56.780000,A
95,'340,Honduras,4004,Calcium ammonium nitrate (CAN) and other mixtures with calcium carbonate,5622,Import value,2014,2014,1000 USD,132.080000,A
95,'340,Honduras,4004,Calcium ammonium nitrate (CAN) and other mixtures with calcium carbonate,5622,Import value,2020,2020,1000 USD,0.050000,A
95,'340,Honduras,4004,Calcium ammonium nitrate (CAN) and other mixtures with calcium carbonate,5157,Agricultural Use,2003,2003,t,649.000000,I
95,'340,Honduras,4022,Diammonium phosphate (DAP),5610,Import quantity,2002,2002,t,6.240000,A
95,'340,Honduras,4022,Diammonium phosphate (DAP),5610,Import quantity,2003,2003,t,277.820000,A
95,'340,Honduras,4022,Diammonium phosphate (DAP),5610,Import quantity,2004,2004,t,2555.690000,A
95,'340,Honduras,4022,Diammonium phosphate (DAP),5610,Import quantity,2005,2005,t,16780.650000,A
95,'340,Honduras,4022,Diammonium phosphate (DAP),5610,Import quantity,2006,2006,t,25756.850000,A
95,'340,Honduras,4022,Diammonium phosphate (DAP),5610,Import quantity,2007,2007,t,24303.500000,A
95,'340,Honduras,4022,Diammonium phosphate (DAP),5610,Import quantity,2009,2009,t,19097.790000,A
95,'340,Honduras,4022,Diammonium phosphate (DAP),5610,Import quantity,2010,2010,t,7726.990000,A
95,'340,Honduras,4022,Diammonium phosphate (DAP),5610,Import quantity,2011,2011,t,32.100000,A
95,'340,Honduras,4022,Diammonium phosphate (DAP),5610,Import quantity,2012,2012,t,4644.430000,A
95,'340,Honduras,4022,Diammonium phosphate (DAP),5610,Import quantity,2014,2014,t,32416.490000,A
95,'340,Honduras,4022,Diammonium phosphate (DAP),5610,Import quantity,2015,2015,t,47678.180000,A
95,'340,Honduras,4022,Diammonium phosphate (DAP),5610,Import quantity,2016,2016,t,70068.090000,A
95,'340,Honduras,4022,Diammonium phosphate (DAP),5610,Import quantity,2017,2017,t,63295.930000,A
95,'340,Honduras,4022,Diammonium phosphate (DAP),5610,Import quantity,2018,2018,t,78082.640000,A
95,'340,Honduras,4022,Diammonium phosphate (DAP),5610,Import quantity,2019,2019,t,58836.450000,A
95,'340,Honduras,4022,Diammonium phosphate (DAP),5610,Import quantity,2020,2020,t,88728.360000,A
95,'340,Honduras,4022,Diammonium phosphate (DAP),5610,Import quantity,2021,2021,t,69979.870000,A
95,'340,Honduras,4022,Diammonium phosphate (DAP),5610,Import quantity,2023,2023,t,74678.570000,A
95,'340,Honduras,4022,Diammonium phosphate (DAP),5610,Import quantity,2024,2024,t,89812.400000,A
95,'340,Honduras,4022,Diammonium phosphate (DAP),5622,Import value,2002,2002,1000 USD,2.860000,A
95,'340,Honduras,4022,Diammonium phosphate (DAP),5622,Import value,2003,2003,1000 USD,94.650000,A
95,'340,Honduras,4022,Diammonium phosphate (DAP),5622,Import value,2004,2004,1000 USD,972.040000,A
95,'340,Honduras,4022,Diammonium phosphate (DAP),5622,Import value,2005,2005,1000 USD,5340.990000,A
95,'340,Honduras,4022,Diammonium phosphate (DAP),5622,Import value,2006,2006,1000 USD,8076.070000,A
95,'340,Honduras,4022,Diammonium phosphate (DAP),5622,Import value,2007,2007,1000 USD,10001.800000,A
95,'340,Honduras,4022,Diammonium phosphate (DAP),5622,Import value,2009,2009,1000 USD,6912.980000,A
95,'340,Honduras,4022,Diammonium phosphate (DAP),5622,Import value,2010,2010,1000 USD,4100.670000,A
95,'340,Honduras,4022,Diammonium phosphate (DAP),5622,Import value,2011,2011,1000 USD,24.050000,A
95,'340,Honduras,4022,Diammonium phosphate (DAP),5622,Import value,2012,2012,1000 USD,2724.700000,A
95,'340,Honduras,4022,Diammonium phosphate (DAP),5622,Import value,2014,2014,1000 USD,15640.420000,A
95,'340,Honduras,4022,Diammonium phosphate (DAP),5622,Import value,2015,2015,1000 USD,23575.860000,A
95,'340,Honduras,4022,Diammonium phosphate (DAP),5622,Import value,2016,2016,1000 USD,26426.380000,A
95,'340,Honduras,4022,Diammonium phosphate (DAP),5622,Import value,2017,2017,1000 USD,24091.030000,A
95,'340,Honduras,4022,Diammonium phosphate (DAP),5622,Import value,2018,2018,1000 USD,34771.440000,A
95,'340,Honduras,4022,Diammonium phosphate (DAP),5622,Import value,2019,2019,1000 USD,24231.470000,A
95,'340,Honduras,4022,Diammonium phosphate (DAP),5622,Import value,2020,2020,1000 USD,29885.230000,A
95,'340,Honduras,4022,Diammonium phosphate (DAP),5622,Import value,2021,2021,1000 USD,43683.680000,A
95,'340,Honduras,4022,Diammonium phosphate (DAP),5622,Import value,2023,2023,1000 USD,45743.840000,A
95,'340,Honduras,4022,Diammonium phosphate (DAP),5622,Import value,2024,2024,1000 USD,55418.760000,A
95,'340,Honduras,4022,Diammonium phosphate (DAP),5910,Export quantity,2004,2004,t,21.950000,A
95,'340,Honduras,4022,Diammonium phosphate (DAP),5910,Export quantity,2009,2009,t,2712.000000,A
95,'340,Honduras,4022,Diammonium phosphate (DAP),5910,Export quantity,2010,2010,t,50.000000,A
95,'340,Honduras,4022,Diammonium phosphate (DAP),5910,Export quantity,2014,2014,t,70.280000,A
95,'340,Honduras,4022,Diammonium phosphate (DAP),5910,Export quantity,2015,2015,t,640.000000,A
95,'340,Honduras,4022,Diammonium phosphate (DAP),5910,Export quantity,2016,2016,t,3600.080000,A
95,'340,Honduras,4022,Diammonium phosphate (DAP),5910,Export quantity,2017,2017,t,637.310000,A
95,'340,Honduras,4022,Diammonium phosphate (DAP),5910,Export quantity,2018,2018,t,501.840000,A
95,'340,Honduras,4022,Diammonium phosphate (DAP),5910,Export quantity,2019,2019,t,1313.910000,A
95,'340,Honduras,4022,Diammonium phosphate (DAP),5910,Export quantity,2020,2020,t,5578.940000,A
95,'340,Honduras,4022,Diammonium phosphate (DAP),5910,Export quantity,2021,2021,t,5596.580000,A
95,'340,Honduras,4022,Diammonium phosphate (DAP),5910,Export quantity,2023,2023,t,5357.010000,A
95,'340,Honduras,4022,Diammonium phosphate (DAP),5910,Export quantity,2024,2024,t,9938.100000,A
95,'340,Honduras,4022,Diammonium phosphate (DAP),5922,Export value,2004,2004,1000 USD,6.790000,A
95,'340,Honduras,4022,Diammonium phosphate (DAP),5922,Export value,2009,2009,1000 USD,2407.230000,A
95,'340,Honduras,4022,Diammonium phosphate (DAP),5922,Export value,2010,2010,1000 USD,23.000000,A
95,'340,Honduras,4022,Diammonium phosphate (DAP),5922,Export value,2014,2014,1000 USD,38.320000,A
95,'340,Honduras,4022,Diammonium phosphate (DAP),5922,Export value,2015,2015,1000 USD,363.180000,A
95,'340,Honduras,4022,Diammonium phosphate (DAP),5922,Export value,2016,2016,1000 USD,1632.260000,A
95,'340,Honduras,4022,Diammonium phosphate (DAP),5922,Export value,2017,2017,1000 USD,227.890000,A
95,'340,Honduras,4022,Diammonium phosphate (DAP),5922,Export value,2018,2018,1000 USD,211.360000,A
95,'340,Honduras,4022,Diammonium phosphate (DAP),5922,Export value,2019,2019,1000 USD,558.570000,A
95,'340,Honduras,4022,Diammonium phosphate (DAP),5922,Export value,2020,2020,1000 USD,1969.860000,A
95,'340,Honduras,4022,Diammonium phosphate (DAP),5922,Export value,2021,2021,1000 USD,3196.810000,A
95,'340,Honduras,4022,Diammonium phosphate (DAP),5922,Export value,2023,2023,1000 USD,3614.550000,A
95,'340,Honduras,4022,Diammonium phosphate (DAP),5922,Export value,2024,2024,1000 USD,6302.190000,A
95,'340,Honduras,4022,Diammonium phosphate (DAP),5157,Agricultural Use,2004,2004,t,10966.000000,I
95,'340,Honduras,4022,Diammonium phosphate (DAP),5157,Agricultural Use,2005,2005,t,25094.000000,I
95,'340,Honduras,4022,Diammonium phosphate (DAP),5157,Agricultural Use,2006,2006,t,25757.000000,I
95,'340,Honduras,4022,Diammonium phosphate (DAP),5157,Agricultural Use,2007,2007,t,24304.000000,I
95,'340,Honduras,4022,Diammonium phosphate (DAP),5157,Agricultural Use,2008,2008,t,57310.000000,I
95,'340,Honduras,4022,Diammonium phosphate (DAP),5157,Agricultural Use,2009,2009,t,16791.000000,I
95,'340,Honduras,4022,Diammonium phosphate (DAP),5157,Agricultural Use,2010,2010,t,7677.000000,I
95,'340,Honduras,4022,Diammonium phosphate (DAP),5157,Agricultural Use,2011,2011,t,32.000000,I
95,'340,Honduras,4030,Fertilizers n.e.c.,5610,Import quantity,2002,2002,t,3555.930000,A
95,'340,Honduras,4030,Fertilizers n.e.c.,5610,Import quantity,2003,2003,t,1319.840000,A
95,'340,Honduras,4030,Fertilizers n.e.c.,5610,Import quantity,2004,2004,t,978.490000,A
95,'340,Honduras,4030,Fertilizers n.e.c.,5610,Import quantity,2005,2005,t,10008.350000,A
95,'340,Honduras,4030,Fertilizers n.e.c.,5610,Import quantity,2006,2006,t,5362.910000,A
95,'340,Honduras,4030,Fertilizers n.e.c.,5610,Import quantity,2007,2007,t,11328.990000,A
95,'340,Honduras,4030,Fertilizers n.e.c.,5610,Import quantity,2009,2009,t,19368.350000,A
95,'340,Honduras,4030,Fertilizers n.e.c.,5610,Import quantity,2010,2010,t,15102.230000,A
95,'340,Honduras,4030,Fertilizers n.e.c.,5610,Import quantity,2011,2011,t,16396.030000,A
95,'340,Honduras,4030,Fertilizers n.e.c.,5610,Import quantity,2012,2012,t,15596.940000,A
95,'340,Honduras,4030,Fertilizers n.e.c.,5610,Import quantity,2014,2014,t,5025.110000,A
95,'340,Honduras,4030,Fertilizers n.e.c.,5610,Import quantity,2015,2015,t,6526.450000,A
95,'340,Honduras,4030,Fertilizers n.e.c.,5610,Import quantity,2016,2016,t,3567.430000,A
95,'340,Honduras,4030,Fertilizers n.e.c.,5610,Import quantity,2017,2017,t,3269.930000,A
95,'340,Honduras,4030,Fertilizers n.e.c.,5610,Import quantity,2018,2018,t,1913.140000,A
95,'340,Honduras,4030,Fertilizers n.e.c.,5610,Import quantity,2019,2019,t,2010.270000,A
95,'340,Honduras,4030,Fertilizers n.e.c.,5610,Import quantity,2020,2020,t,3041.170000,A
95,'340,Honduras,4030,Fertilizers n.e.c.,5610,Import quantity,2021,2021,t,3400.500000,A
95,'340,Honduras,4030,Fertilizers n.e.c.,5610,Import quantity,2023,2023,t,3278.990000,A
95,'340,Honduras,4030,Fertilizers n.e.c.,5610,Import quantity,2024,2024,t,2114.400000,A
95,'340,Honduras,4030,Fertilizers n.e.c.,5622,Import value,2002,2002,1000 USD,1316.570000,A
95,'340,Honduras,4030,Fertilizers n.e.c.,5622,Import value,2003,2003,1000 USD,1089.170000,A
95,'340,Honduras,4030,Fertilizers n.e.c.,5622,Import value,2004,2004,1000 USD,1212.200000,A
95,'340,Honduras,4030,Fertilizers n.e.c.,5622,Import value,2005,2005,1000 USD,5107.810000,A
95,'340,Honduras,4030,Fertilizers n.e.c.,5622,Import value,2006,2006,1000 USD,3318.650000,A
95,'340,Honduras,4030,Fertilizers n.e.c.,5622,Import value,2007,2007,1000 USD,5813.040000,A
95,'340,Honduras,4030,Fertilizers n.e.c.,5622,Import value,2009,2009,1000 USD,12928.100000,A
95,'340,Honduras,4030,Fertilizers n.e.c.,5622,Import value,2010,2010,1000 USD,9844.340000,A
95,'340,Honduras,4030,Fertilizers n.e.c.,5622,Import value,2011,2011,1000 USD,10123.480000,A
95,'340,Honduras,4030,Fertilizers n.e.c.,5622,Import value,2012,2012,1000 USD,10187.700000,A
95,'340,Honduras,4030,Fertilizers n.e.c.,5622,Import value,2014,2014,1000 USD,3221.360000,A
95,'340,Honduras,4030,Fertilizers n.e.c.,5622,Import value,2015,2015,1000 USD,3990.800000,A
95,'340,Honduras,4030,Fertilizers n.e.c.,5622,Import value,2016,2016,1000 USD,3056.460000,A
95,'340,Honduras,4030,Fertilizers n.e.c.,5622,Import value,2017,2017,1000 USD,3113.910000,A
95,'340,Honduras,4030,Fertilizers n.e.c.,5622,Import value,2018,2018,1000 USD,2273.890000,A
95,'340,Honduras,4030,Fertilizers n.e.c.,5622,Import value,2019,2019,1000 USD,2543.060000,A
95,'340,Honduras,4030,Fertilizers n.e.c.,5622,Import value,2020,2020,1000 USD,3354.520000,A
95,'340,Honduras,4030,Fertilizers n.e.c.,5622,Import value,2021,2021,1000 USD,4357.500000,A
95,'340,Honduras,4030,Fertilizers n.e.c.,5622,Import value,2023,2023,1000 USD,4837.520000,A
95,'340,Honduras,4030,Fertilizers n.e.c.,5622,Import value,2024,2024,1000 USD,4594.380000,A
95,'340,Honduras,4030,Fertilizers n.e.c.,5910,Export quantity,2002,2002,t,287.210000,A
95,'340,Honduras,4030,Fertilizers n.e.c.,5910,Export quantity,2003,2003,t,90.900000,A
95,'340,Honduras,4030,Fertilizers n.e.c.,5910,Export quantity,2004,2004,t,321.290000,A
95,'340,Honduras,4030,Fertilizers n.e.c.,5910,Export quantity,2005,2005,t,383.810000,A
95,'340,Honduras,4030,Fertilizers n.e.c.,5910,Export quantity,2006,2006,t,201.140000,A
95,'340,Honduras,4030,Fertilizers n.e.c.,5910,Export quantity,2007,2007,t,466.980000,A
95,'340,Honduras,4030,Fertilizers n.e.c.,5910,Export quantity,2009,2009,t,1366.740000,A
95,'340,Honduras,4030,Fertilizers n.e.c.,5910,Export quantity,2010,2010,t,1193.110000,A
95,'340,Honduras,4030,Fertilizers n.e.c.,5910,Export quantity,2011,2011,t,462.720000,A
95,'340,Honduras,4030,Fertilizers n.e.c.,5910,Export quantity,2012,2012,t,540.060000,A
95,'340,Honduras,4030,Fertilizers n.e.c.,5910,Export quantity,2014,2014,t,478.470000,A
95,'340,Honduras,4030,Fertilizers n.e.c.,5910,Export quantity,2015,2015,t,565.620000,A
95,'340,Honduras,4030,Fertilizers n.e.c.,5910,Export quantity,2016,2016,t,489.690000,A
95,'340,Honduras,4030,Fertilizers n.e.c.,5910,Export quantity,2017,2017,t,457.810000,A
95,'340,Honduras,4030,Fertilizers n.e.c.,5910,Export quantity,2018,2018,t,349.110000,A
95,'340,Honduras,4030,Fertilizers n.e.c.,5910,Export quantity,2019,2019,t,385.330000,A
95,'340,Honduras,4030,Fertilizers n.e.c.,5910,Export quantity,2020,2020,t,349.210000,A
95,'340,Honduras,4030,Fertilizers n.e.c.,5910,Export quantity,2021,2021,t,522.940000,A
95,'340,Honduras,4030,Fertilizers n.e.c.,5910,Export quantity,2023,2023,t,196.880000,A
95,'340,Honduras,4030,Fertilizers n.e.c.,5910,Export quantity,2024,2024,t,202.230000,A
95,'340,Honduras,4030,Fertilizers n.e.c.,5922,Export value,2002,2002,1000 USD,97.550000,A
95,'340,Honduras,4030,Fertilizers n.e.c.,5922,Export value,2003,2003,1000 USD,93.260000,A
95,'340,Honduras,4030,Fertilizers n.e.c.,5922,Export value,2004,2004,1000 USD,320.290000,A
95,'340,Honduras,4030,Fertilizers n.e.c.,5922,Export value,2005,2005,1000 USD,413.930000,A
95,'340,Honduras,4030,Fertilizers n.e.c.,5922,Export value,2006,2006,1000 USD,533.650000,A
95,'340,Honduras,4030,Fertilizers n.e.c.,5922,Export value,2007,2007,1000 USD,644.290000,A
95,'340,Honduras,4030,Fertilizers n.e.c.,5922,Export value,2009,2009,1000 USD,2189.840000,A
95,'340,Honduras,4030,Fertilizers n.e.c.,5922,Export value,2010,2010,1000 USD,1880.340000,A
95,'340,Honduras,4030,Fertilizers n.e.c.,5922,Export value,2011,2011,1000 USD,1286.520000,A
95,'340,Honduras,4030,Fertilizers n.e.c.,5922,Export value,2012,2012,1000 USD,671.130000,A
95,'340,Honduras,4030,Fertilizers n.e.c.,5922,Export value,2014,2014,1000 USD,1957.230000,A
95,'340,Honduras,4030,Fertilizers n.e.c.,5922,Export value,2015,2015,1000 USD,2116.130000,A
95,'340,Honduras,4030,Fertilizers n.e.c.,5922,Export value,2016,2016,1000 USD,1718.510000,A
95,'340,Honduras,4030,Fertilizers n.e.c.,5922,Export value,2017,2017,1000 USD,1443.150000,A
95,'340,Honduras,4030,Fertilizers n.e.c.,5922,Export value,2018,2018,1000 USD,1074.260000,A
95,'340,Honduras,4030,Fertilizers n.e.c.,5922,Export value,2019,2019,1000 USD,712.870000,A
95,'340,Honduras,4030,Fertilizers n.e.c.,5922,Export value,2020,2020,1000 USD,659.720000,A
95,'340,Honduras,4030,Fertilizers n.e.c.,5922,Export value,2021,2021,1000 USD,846.540000,A
95,'340,Honduras,4030,Fertilizers n.e.c.,5922,Export value,2023,2023,1000 USD,855.030000,A
95,'340,Honduras,4030,Fertilizers n.e.c.,5922,Export value,2024,2024,1000 USD,919.740000,A
95,'340,Honduras,4023,Monoammonium phosphate (MAP),5610,Import quantity,2002,2002,t,111.030000,A
95,'340,Honduras,4023,Monoammonium phosphate (MAP),5610,Import quantity,2003,2003,t,270.070000,A
95,'340,Honduras,4023,Monoammonium phosphate (MAP),5610,Import quantity,2004,2004,t,460.000000,A
95,'340,Honduras,4023,Monoammonium phosphate (MAP),5610,Import quantity,2005,2005,t,437.170000,A
95,'340,Honduras,4023,Monoammonium phosphate (MAP),5610,Import quantity,2006,2006,t,17.950000,A
95,'340,Honduras,4023,Monoammonium phosphate (MAP),5610,Import quantity,2007,2007,t,402.000000,A
95,'340,Honduras,4023,Monoammonium phosphate (MAP),5610,Import quantity,2009,2009,t,975.800000,A
95,'340,Honduras,4023,Monoammonium phosphate (MAP),5610,Import quantity,2010,2010,t,6562.980000,A
95,'340,Honduras,4023,Monoammonium phosphate (MAP),5610,Import quantity,2011,2011,t,17277.930000,A
95,'340,Honduras,4023,Monoammonium phosphate (MAP),5610,Import quantity,2012,2012,t,1622.190000,A
95,'340,Honduras,4023,Monoammonium phosphate (MAP),5610,Import quantity,2014,2014,t,4115.010000,A
95,'340,Honduras,4023,Monoammonium phosphate (MAP),5610,Import quantity,2015,2015,t,1754.600000,A
95,'340,Honduras,4023,Monoammonium phosphate (MAP),5610,Import quantity,2016,2016,t,4023.330000,A
95,'340,Honduras,4023,Monoammonium phosphate (MAP),5610,Import quantity,2017,2017,t,6688.620000,A
95,'340,Honduras,4023,Monoammonium phosphate (MAP),5610,Import quantity,2018,2018,t,3316.280000,A
95,'340,Honduras,4023,Monoammonium phosphate (MAP),5610,Import quantity,2019,2019,t,4673.930000,A
95,'340,Honduras,4023,Monoammonium phosphate (MAP),5610,Import quantity,2020,2020,t,5534.530000,A
95,'340,Honduras,4023,Monoammonium phosphate (MAP),5610,Import quantity,2021,2021,t,3198.200000,A
95,'340,Honduras,4023,Monoammonium phosphate (MAP),5610,Import quantity,2023,2023,t,3708.250000,A
95,'340,Honduras,4023,Monoammonium phosphate (MAP),5610,Import quantity,2024,2024,t,2110.100000,A
95,'340,Honduras,4023,Monoammonium phosphate (MAP),5622,Import value,2002,2002,1000 USD,66.060000,A
95,'340,Honduras,4023,Monoammonium phosphate (MAP),5622,Import value,2003,2003,1000 USD,183.180000,A
95,'340,Honduras,4023,Monoammonium phosphate (MAP),5622,Import value,2004,2004,1000 USD,289.370000,A
95,'340,Honduras,4023,Monoammonium phosphate (MAP),5622,Import value,2005,2005,1000 USD,571.760000,A
95,'340,Honduras,4023,Monoammonium phosphate (MAP),5622,Import value,2006,2006,1000 USD,18.860000,A
95,'340,Honduras,4023,Monoammonium phosphate (MAP),5622,Import value,2007,2007,1000 USD,310.110000,A
95,'340,Honduras,4023,Monoammonium phosphate (MAP),5622,Import value,2009,2009,1000 USD,1166.030000,A
95,'340,Honduras,4023,Monoammonium phosphate (MAP),5622,Import value,2010,2010,1000 USD,3888.310000,A
95,'340,Honduras,4023,Monoammonium phosphate (MAP),5622,Import value,2011,2011,1000 USD,12528.540000,A
95,'340,Honduras,4023,Monoammonium phosphate (MAP),5622,Import value,2012,2012,1000 USD,1881.240000,A
95,'340,Honduras,4023,Monoammonium phosphate (MAP),5622,Import value,2014,2014,1000 USD,2641.610000,A
95,'340,Honduras,4023,Monoammonium phosphate (MAP),5622,Import value,2015,2015,1000 USD,1495.140000,A
95,'340,Honduras,4023,Monoammonium phosphate (MAP),5622,Import value,2016,2016,1000 USD,2700.980000,A
95,'340,Honduras,4023,Monoammonium phosphate (MAP),5622,Import value,2017,2017,1000 USD,3260.070000,A
95,'340,Honduras,4023,Monoammonium phosphate (MAP),5622,Import value,2018,2018,1000 USD,2225.420000,A
95,'340,Honduras,4023,Monoammonium phosphate (MAP),5622,Import value,2019,2019,1000 USD,3215.110000,A
95,'340,Honduras,4023,Monoammonium phosphate (MAP),5622,Import value,2020,2020,1000 USD,3536.960000,A
95,'340,Honduras,4023,Monoammonium phosphate (MAP),5622,Import value,2021,2021,1000 USD,2512.200000,A
95,'340,Honduras,4023,Monoammonium phosphate (MAP),5622,Import value,2023,2023,1000 USD,4032.340000,A
95,'340,Honduras,4023,Monoammonium phosphate (MAP),5622,Import value,2024,2024,1000 USD,1889.700000,A
95,'340,Honduras,4023,Monoammonium phosphate (MAP),5910,Export quantity,2002,2002,t,0.100000,A
95,'340,Honduras,4023,Monoammonium phosphate (MAP),5910,Export quantity,2009,2009,t,60.000000,A
95,'340,Honduras,4023,Monoammonium phosphate (MAP),5910,Export quantity,2018,2018,t,186.000000,A
95,'340,Honduras,4023,Monoammonium phosphate (MAP),5910,Export quantity,2019,2019,t,432.500000,A
95,'340,Honduras,4023,Monoammonium phosphate (MAP),5910,Export quantity,2020,2020,t,45.000000,A
95,'340,Honduras,4023,Monoammonium phosphate (MAP),5910,Export quantity,2021,2021,t,85.000000,A
95,'340,Honduras,4023,Monoammonium phosphate (MAP),5910,Export quantity,2023,2023,t,326.400000,A
95,'340,Honduras,4023,Monoammonium phosphate (MAP),5910,Export quantity,2024,2024,t,320.000000,A
95,'340,Honduras,4023,Monoammonium phosphate (MAP),5922,Export value,2002,2002,1000 USD,25.080000,A
95,'340,Honduras,4023,Monoammonium phosphate (MAP),5922,Export value,2009,2009,1000 USD,104.960000,A
95,'340,Honduras,4023,Monoammonium phosphate (MAP),5922,Export value,2018,2018,1000 USD,146.050000,A
95,'340,Honduras,4023,Monoammonium phosphate (MAP),5922,Export value,2019,2019,1000 USD,328.950000,A
95,'340,Honduras,4023,Monoammonium phosphate (MAP),5922,Export value,2020,2020,1000 USD,31.910000,A
95,'340,Honduras,4023,Monoammonium phosphate (MAP),5922,Export value,2021,2021,1000 USD,75.260000,A
95,'340,Honduras,4023,Monoammonium phosphate (MAP),5922,Export value,2023,2023,1000 USD,444.380000,A
95,'340,Honduras,4023,Monoammonium phosphate (MAP),5922,Export value,2024,2024,1000 USD,449.970000,A
95,'340,Honduras,4023,Monoammonium phosphate (MAP),5157,Agricultural Use,2004,2004,t,460.000000,I
95,'340,Honduras,4023,Monoammonium phosphate (MAP),5157,Agricultural Use,2005,2005,t,437.000000,I
95,'340,Honduras,4023,Monoammonium phosphate (MAP),5157,Agricultural Use,2006,2006,t,18.000000,I
95,'340,Honduras,4023,Monoammonium phosphate (MAP),5157,Agricultural Use,2007,2007,t,402.000000,I
95,'340,Honduras,4023,Monoammonium phosphate (MAP),5157,Agricultural Use,2008,2008,t,761.000000,I
95,'340,Honduras,4023,Monoammonium phosphate (MAP),5157,Agricultural Use,2009,2009,t,916.000000,I
95,'340,Honduras,4023,Monoammonium phosphate (MAP),5157,Agricultural Use,2010,2010,t,6563.000000,I
95,'340,Honduras,4023,Monoammonium phosphate (MAP),5157,Agricultural Use,2011,2011,t,17278.000000,I
95,'340,Honduras,4021,NPK fertilizers,5610,Import quantity,2002,2002,t,2566.730000,A
95,'340,Honduras,4021,NPK fertilizers,5610,Import quantity,2003,2003,t,3607.460000,A
95,'340,Honduras,4021,NPK fertilizers,5610,Import quantity,2004,2004,t,6547.370000,A
95,'340,Honduras,4021,NPK fertilizers,5610,Import quantity,2005,2005,t,19662.200000,A
95,'340,Honduras,4021,NPK fertilizers,5610,Import quantity,2006,2006,t,30704.750000,A
95,'340,Honduras,4021,NPK fertilizers,5610,Import quantity,2007,2007,t,28838.570000,A
95,'340,Honduras,4021,NPK fertilizers,5610,Import quantity,2009,2009,t,7454.460000,A
95,'340,Honduras,4021,NPK fertilizers,5610,Import quantity,2010,2010,t,15217.620000,A
95,'340,Honduras,4021,NPK fertilizers,5610,Import quantity,2011,2011,t,28038.960000,A
95,'340,Honduras,4021,NPK fertilizers,5610,Import quantity,2012,2012,t,19149.040000,A
95,'340,Honduras,4021,NPK fertilizers,5610,Import quantity,2014,2014,t,20710.990000,A
95,'340,Honduras,4021,NPK fertilizers,5610,Import quantity,2015,2015,t,25071.370000,A
95,'340,Honduras,4021,NPK fertilizers,5610,Import quantity,2016,2016,t,22577.340000,A
95,'340,Honduras,4021,NPK fertilizers,5610,Import quantity,2017,2017,t,26171.590000,A
95,'340,Honduras,4021,NPK fertilizers,5610,Import quantity,2018,2018,t,22835.220000,A
95,'340,Honduras,4021,NPK fertilizers,5610,Import quantity,2019,2019,t,14679.030000,A
95,'340,Honduras,4021,NPK fertilizers,5610,Import quantity,2020,2020,t,14460.350000,A
95,'340,Honduras,4021,NPK fertilizers,5610,Import quantity,2021,2021,t,18267.820000,A
95,'340,Honduras,4021,NPK fertilizers,5610,Import quantity,2023,2023,t,9195.750000,A
95,'340,Honduras,4021,NPK fertilizers,5610,Import quantity,2024,2024,t,9017.290000,A
95,'340,Honduras,4021,NPK fertilizers,5622,Import value,2002,2002,1000 USD,1355.580000,A
95,'340,Honduras,4021,NPK fertilizers,5622,Import value,2003,2003,1000 USD,1201.730000,A
95,'340,Honduras,4021,NPK fertilizers,5622,Import value,2004,2004,1000 USD,3088.440000,A
95,'340,Honduras,4021,NPK fertilizers,5622,Import value,2005,2005,1000 USD,6157.060000,A
95,'340,Honduras,4021,NPK fertilizers,5622,Import value,2006,2006,1000 USD,8942.360000,A
95,'340,Honduras,4021,NPK fertilizers,5622,Import value,2007,2007,1000 USD,10326.790000,A
95,'340,Honduras,4021,NPK fertilizers,5622,Import value,2009,2009,1000 USD,5566.440000,A
95,'340,Honduras,4021,NPK fertilizers,5622,Import value,2010,2010,1000 USD,7855.720000,A
95,'340,Honduras,4021,NPK fertilizers,5622,Import value,2011,2011,1000 USD,16291.960000,A
95,'340,Honduras,4021,NPK fertilizers,5622,Import value,2012,2012,1000 USD,12295.610000,A
95,'340,Honduras,4021,NPK fertilizers,5622,Import value,2014,2014,1000 USD,12022.860000,A
95,'340,Honduras,4021,NPK fertilizers,5622,Import value,2015,2015,1000 USD,14092.510000,A
95,'340,Honduras,4021,NPK fertilizers,5622,Import value,2016,2016,1000 USD,11698.100000,A
95,'340,Honduras,4021,NPK fertilizers,5622,Import value,2017,2017,1000 USD,12191.980000,A
95,'340,Honduras,4021,NPK fertilizers,5622,Import value,2018,2018,1000 USD,11326.260000,A
95,'340,Honduras,4021,NPK fertilizers,5622,Import value,2019,2019,1000 USD,8163.560000,A
95,'340,Honduras,4021,NPK fertilizers,5622,Import value,2020,2020,1000 USD,8092.990000,A
95,'340,Honduras,4021,NPK fertilizers,5622,Import value,2021,2021,1000 USD,10745.530000,A
95,'340,Honduras,4021,NPK fertilizers,5622,Import value,2023,2023,1000 USD,9686.290000,A
95,'340,Honduras,4021,NPK fertilizers,5622,Import value,2024,2024,1000 USD,8961.510000,A
95,'340,Honduras,4021,NPK fertilizers,5910,Export quantity,2002,2002,t,226.540000,A
95,'340,Honduras,4021,NPK fertilizers,5910,Export quantity,2003,2003,t,13.520000,A
95,'340,Honduras,4021,NPK fertilizers,5910,Export quantity,2004,2004,t,84.980000,A
95,'340,Honduras,4021,NPK fertilizers,5910,Export quantity,2005,2005,t,0.150000,A
95,'340,Honduras,4021,NPK fertilizers,5910,Export quantity,2006,2006,t,59.930000,A
95,'340,Honduras,4021,NPK fertilizers,5910,Export quantity,2007,2007,t,57.100000,A
95,'340,Honduras,4021,NPK fertilizers,5910,Export quantity,2009,2009,t,960.140000,A
95,'340,Honduras,4021,NPK fertilizers,5910,Export quantity,2010,2010,t,493.150000,A
95,'340,Honduras,4021,NPK fertilizers,5910,Export quantity,2011,2011,t,939.130000,A
95,'340,Honduras,4021,NPK fertilizers,5910,Export quantity,2012,2012,t,307.790000,A
95,'340,Honduras,4021,NPK fertilizers,5910,Export quantity,2014,2014,t,1288.810000,A
95,'340,Honduras,4021,NPK fertilizers,5910,Export quantity,2015,2015,t,1945.000000,A
95,'340,Honduras,4021,NPK fertilizers,5910,Export quantity,2016,2016,t,12180.620000,A
95,'340,Honduras,4021,NPK fertilizers,5910,Export quantity,2017,2017,t,16465.760000,A
95,'340,Honduras,4021,NPK fertilizers,5910,Export quantity,2018,2018,t,20056.530000,A
95,'340,Honduras,4021,NPK fertilizers,5910,Export quantity,2019,2019,t,7893.910000,A
95,'340,Honduras,4021,NPK fertilizers,5910,Export quantity,2020,2020,t,6494.000000,A
95,'340,Honduras,4021,NPK fertilizers,5910,Export quantity,2021,2021,t,8966.680000,A
95,'340,Honduras,4021,NPK fertilizers,5910,Export quantity,2023,2023,t,7967.140000,A
95,'340,Honduras,4021,NPK fertilizers,5910,Export quantity,2024,2024,t,10698.130000,A
95,'340,Honduras,4021,NPK fertilizers,5922,Export value,2002,2002,1000 USD,81.660000,A
95,'340,Honduras,4021,NPK fertilizers,5922,Export value,2003,2003,1000 USD,1.390000,A
95,'340,Honduras,4021,NPK fertilizers,5922,Export value,2004,2004,1000 USD,242.410000,A
95,'340,Honduras,4021,NPK fertilizers,5922,Export value,2005,2005,1000 USD,1.070000,A
95,'340,Honduras,4021,NPK fertilizers,5922,Export value,2006,2006,1000 USD,189.590000,A
95,'340,Honduras,4021,NPK fertilizers,5922,Export value,2007,2007,1000 USD,43.740000,A
95,'340,Honduras,4021,NPK fertilizers,5922,Export value,2009,2009,1000 USD,606.830000,A
95,'340,Honduras,4021,NPK fertilizers,5922,Export value,2010,2010,1000 USD,297.770000,A
95,'340,Honduras,4021,NPK fertilizers,5922,Export value,2011,2011,1000 USD,430.570000,A
95,'340,Honduras,4021,NPK fertilizers,5922,Export value,2012,2012,1000 USD,711.020000,A
95,'340,Honduras,4021,NPK fertilizers,5922,Export value,2014,2014,1000 USD,1905.660000,A
95,'340,Honduras,4021,NPK fertilizers,5922,Export value,2015,2015,1000 USD,1261.630000,A
95,'340,Honduras,4021,NPK fertilizers,5922,Export value,2016,2016,1000 USD,4394.860000,A
95,'340,Honduras,4021,NPK fertilizers,5922,Export value,2017,2017,1000 USD,4682.510000,A
95,'340,Honduras,4021,NPK fertilizers,5922,Export value,2018,2018,1000 USD,6382.000000,A
95,'340,Honduras,4021,NPK fertilizers,5922,Export value,2019,2019,1000 USD,2755.970000,A
95,'340,Honduras,4021,NPK fertilizers,5922,Export value,2020,2020,1000 USD,1890.550000,A
95,'340,Honduras,4021,NPK fertilizers,5922,Export value,2021,2021,1000 USD,3442.950000,A
95,'340,Honduras,4021,NPK fertilizers,5922,Export value,2023,2023,1000 USD,3752.680000,A
95,'340,Honduras,4021,NPK fertilizers,5922,Export value,2024,2024,1000 USD,4453.990000,A
95,'340,Honduras,4021,NPK fertilizers,5157,Agricultural Use,2004,2004,t,6462.000000,I
95,'340,Honduras,4021,NPK fertilizers,5157,Agricultural Use,2005,2005,t,19695.000000,I
95,'340,Honduras,4021,NPK fertilizers,5157,Agricultural Use,2006,2006,t,30645.000000,I
95,'340,Honduras,4021,NPK fertilizers,5157,Agricultural Use,2007,2007,t,28782.000000,I
95,'340,Honduras,4021,NPK fertilizers,5157,Agricultural Use,2008,2008,t,34593.000000,I
95,'340,Honduras,4021,NPK fertilizers,5157,Agricultural Use,2009,2009,t,6624.000000,I
95,'340,Honduras,4021,NPK fertilizers,5157,Agricultural Use,2010,2010,t,14868.000000,I
95,'340,Honduras,4021,NPK fertilizers,5157,Agricultural Use,2011,2011,t,27204.000000,I
95,'340,Honduras,4008,"Other nitrogenous fertilizers, n.e.c.",5610,Import quantity,2002,2002,t,7638.810000,A
95,'340,Honduras,4008,"Other nitrogenous fertilizers, n.e.c.",5610,Import quantity,2003,2003,t,3602.180000,A
95,'340,Honduras,4008,"Other nitrogenous fertilizers, n.e.c.",5610,Import quantity,2004,2004,t,6319.890000,A
95,'340,Honduras,4008,"Other nitrogenous fertilizers, n.e.c.",5610,Import quantity,2005,2005,t,17123.290000,A
95,'340,Honduras,4008,"Other nitrogenous fertilizers, n.e.c.",5610,Import quantity,2006,2006,t,16051.630000,A
95,'340,Honduras,4008,"Other nitrogenous fertilizers, n.e.c.",5610,Import quantity,2007,2007,t,18229.650000,A
95,'340,Honduras,4008,"Other nitrogenous fertilizers, n.e.c.",5610,Import quantity,2009,2009,t,14386.060000,A
95,'340,Honduras,4008,"Other nitrogenous fertilizers, n.e.c.",5610,Import quantity,2010,2010,t,28538.780000,A
95,'340,Honduras,4008,"Other nitrogenous fertilizers, n.e.c.",5610,Import quantity,2011,2011,t,9935.580000,A
95,'340,Honduras,4008,"Other nitrogenous fertilizers, n.e.c.",5610,Import quantity,2012,2012,t,9022.970000,A
95,'340,Honduras,4008,"Other nitrogenous fertilizers, n.e.c.",5610,Import quantity,2014,2014,t,2485.110000,A
95,'340,Honduras,4008,"Other nitrogenous fertilizers, n.e.c.",5610,Import quantity,2015,2015,t,279.180000,A
95,'340,Honduras,4008,"Other nitrogenous fertilizers, n.e.c.",5610,Import quantity,2016,2016,t,407.620000,A
95,'340,Honduras,4008,"Other nitrogenous fertilizers, n.e.c.",5610,Import quantity,2017,2017,t,3728.810000,A
95,'340,Honduras,4008,"Other nitrogenous fertilizers, n.e.c.",5610,Import quantity,2018,2018,t,10104.740000,A
95,'340,Honduras,4008,"Other nitrogenous fertilizers, n.e.c.",5610,Import quantity,2019,2019,t,4546.060000,A
95,'340,Honduras,4008,"Other nitrogenous fertilizers, n.e.c.",5610,Import quantity,2020,2020,t,3204.790000,A
95,'340,Honduras,4008,"Other nitrogenous fertilizers, n.e.c.",5610,Import quantity,2021,2021,t,2559.810000,A
95,'340,Honduras,4008,"Other nitrogenous fertilizers, n.e.c.",5610,Import quantity,2023,2023,t,4618.760000,A
95,'340,Honduras,4008,"Other nitrogenous fertilizers, n.e.c.",5610,Import quantity,2024,2024,t,3822.740000,A
95,'340,Honduras,4008,"Other nitrogenous fertilizers, n.e.c.",5622,Import value,2002,2002,1000 USD,1371.310000,A
95,'340,Honduras,4008,"Other nitrogenous fertilizers, n.e.c.",5622,Import value,2003,2003,1000 USD,569.200000,A
95,'340,Honduras,4008,"Other nitrogenous fertilizers, n.e.c.",5622,Import value,2004,2004,1000 USD,1554.210000,A
95,'340,Honduras,4008,"Other nitrogenous fertilizers, n.e.c.",5622,Import value,2005,2005,1000 USD,4502.170000,A
95,'340,Honduras,4008,"Other nitrogenous fertilizers, n.e.c.",5622,Import value,2006,2006,1000 USD,3337.390000,A
95,'340,Honduras,4008,"Other nitrogenous fertilizers, n.e.c.",5622,Import value,2007,2007,1000 USD,4989.080000,A
95,'340,Honduras,4008,"Other nitrogenous fertilizers, n.e.c.",5622,Import value,2009,2009,1000 USD,7778.800000,A
95,'340,Honduras,4008,"Other nitrogenous fertilizers, n.e.c.",5622,Import value,2010,2010,1000 USD,12301.770000,A
95,'340,Honduras,4008,"Other nitrogenous fertilizers, n.e.c.",5622,Import value,2011,2011,1000 USD,5000.380000,A
95,'340,Honduras,4008,"Other nitrogenous fertilizers, n.e.c.",5622,Import value,2012,2012,1000 USD,4451.670000,A
95,'340,Honduras,4008,"Other nitrogenous fertilizers, n.e.c.",5622,Import value,2014,2014,1000 USD,1170.870000,A
95,'340,Honduras,4008,"Other nitrogenous fertilizers, n.e.c.",5622,Import value,2015,2015,1000 USD,490.720000,A
95,'340,Honduras,4008,"Other nitrogenous fertilizers, n.e.c.",5622,Import value,2016,2016,1000 USD,460.910000,A
95,'340,Honduras,4008,"Other nitrogenous fertilizers, n.e.c.",5622,Import value,2017,2017,1000 USD,1303.670000,A
95,'340,Honduras,4008,"Other nitrogenous fertilizers, n.e.c.",5622,Import value,2018,2018,1000 USD,3302.900000,A
95,'340,Honduras,4008,"Other nitrogenous fertilizers, n.e.c.",5622,Import value,2019,2019,1000 USD,1550.430000,A
95,'340,Honduras,4008,"Other nitrogenous fertilizers, n.e.c.",5622,Import value,2020,2020,1000 USD,1023.000000,A
95,'340,Honduras,4008,"Other nitrogenous fertilizers, n.e.c.",5622,Import value,2021,2021,1000 USD,971.340000,A
95,'340,Honduras,4008,"Other nitrogenous fertilizers, n.e.c.",5622,Import value,2023,2023,1000 USD,3004.940000,A
95,'340,Honduras,4008,"Other nitrogenous fertilizers, n.e.c.",5622,Import value,2024,2024,1000 USD,1939.410000,A
95,'340,Honduras,4008,"Other nitrogenous fertilizers, n.e.c.",5910,Export quantity,2003,2003,t,42.890000,A
95,'340,Honduras,4008,"Other nitrogenous fertilizers, n.e.c.",5910,Export quantity,2004,2004,t,42.820000,A
95,'340,Honduras,4008,"Other nitrogenous fertilizers, n.e.c.",5910,Export quantity,2005,2005,t,87.500000,A
95,'340,Honduras,4008,"Other nitrogenous fertilizers, n.e.c.",5910,Export quantity,2006,2006,t,6908.900000,A
95,'340,Honduras,4008,"Other nitrogenous fertilizers, n.e.c.",5910,Export quantity,2007,2007,t,1106.820000,A
95,'340,Honduras,4008,"Other nitrogenous fertilizers, n.e.c.",5910,Export quantity,2009,2009,t,1020.750000,A
95,'340,Honduras,4008,"Other nitrogenous fertilizers, n.e.c.",5910,Export quantity,2010,2010,t,304.750000,A
95,'340,Honduras,4008,"Other nitrogenous fertilizers, n.e.c.",5910,Export quantity,2011,2011,t,2.730000,A
95,'340,Honduras,4008,"Other nitrogenous fertilizers, n.e.c.",5910,Export quantity,2012,2012,t,843.780000,A
95,'340,Honduras,4008,"Other nitrogenous fertilizers, n.e.c.",5910,Export quantity,2014,2014,t,2.390000,A
95,'340,Honduras,4008,"Other nitrogenous fertilizers, n.e.c.",5910,Export quantity,2015,2015,t,5.900000,A
95,'340,Honduras,4008,"Other nitrogenous fertilizers, n.e.c.",5910,Export quantity,2016,2016,t,0.640000,A
95,'340,Honduras,4008,"Other nitrogenous fertilizers, n.e.c.",5910,Export quantity,2017,2017,t,0.500000,A
95,'340,Honduras,4008,"Other nitrogenous fertilizers, n.e.c.",5910,Export quantity,2018,2018,t,210.880000,A
95,'340,Honduras,4008,"Other nitrogenous fertilizers, n.e.c.",5910,Export quantity,2019,2019,t,2.490000,A
95,'340,Honduras,4008,"Other nitrogenous fertilizers, n.e.c.",5910,Export quantity,2020,2020,t,0.910000,A
95,'340,Honduras,4008,"Other nitrogenous fertilizers, n.e.c.",5910,Export quantity,2021,2021,t,1.140000,A
95,'340,Honduras,4008,"Other nitrogenous fertilizers, n.e.c.",5910,Export quantity,2023,2023,t,0.980000,A
95,'340,Honduras,4008,"Other nitrogenous fertilizers, n.e.c.",5910,Export quantity,2024,2024,t,1.000000,A
95,'340,Honduras,4008,"Other nitrogenous fertilizers, n.e.c.",5922,Export value,2003,2003,1000 USD,11.800000,A
95,'340,Honduras,4008,"Other nitrogenous fertilizers, n.e.c.",5922,Export value,2004,2004,1000 USD,24.890000,A
95,'340,Honduras,4008,"Other nitrogenous fertilizers, n.e.c.",5922,Export value,2005,2005,1000 USD,52.850000,A
95,'340,Honduras,4008,"Other nitrogenous fertilizers, n.e.c.",5922,Export value,2006,2006,1000 USD,1994.380000,A
95,'340,Honduras,4008,"Other nitrogenous fertilizers, n.e.c.",5922,Export value,2007,2007,1000 USD,301.770000,A
95,'340,Honduras,4008,"Other nitrogenous fertilizers, n.e.c.",5922,Export value,2009,2009,1000 USD,680.490000,A
95,'340,Honduras,4008,"Other nitrogenous fertilizers, n.e.c.",5922,Export value,2010,2010,1000 USD,95.760000,A
95,'340,Honduras,4008,"Other nitrogenous fertilizers, n.e.c.",5922,Export value,2011,2011,1000 USD,18.280000,A
95,'340,Honduras,4008,"Other nitrogenous fertilizers, n.e.c.",5922,Export value,2012,2012,1000 USD,277.930000,A
95,'340,Honduras,4008,"Other nitrogenous fertilizers, n.e.c.",5922,Export value,2014,2014,1000 USD,8.180000,A
95,'340,Honduras,4008,"Other nitrogenous fertilizers, n.e.c.",5922,Export value,2015,2015,1000 USD,39.740000,A
95,'340,Honduras,4008,"Other nitrogenous fertilizers, n.e.c.",5922,Export value,2016,2016,1000 USD,3.170000,A
95,'340,Honduras,4008,"Other nitrogenous fertilizers, n.e.c.",5922,Export value,2017,2017,1000 USD,2.500000,A
95,'340,Honduras,4008,"Other nitrogenous fertilizers, n.e.c.",5922,Export value,2018,2018,1000 USD,136.130000,A
95,'340,Honduras,4008,"Other nitrogenous fertilizers, n.e.c.",5922,Export value,2019,2019,1000 USD,16.530000,A
95,'340,Honduras,4008,"Other nitrogenous fertilizers, n.e.c.",5922,Export value,2020,2020,1000 USD,3.230000,A
95,'340,Honduras,4008,"Other nitrogenous fertilizers, n.e.c.",5922,Export value,2021,2021,1000 USD,5.940000,A
95,'340,Honduras,4008,"Other nitrogenous fertilizers, n.e.c.",5922,Export value,2023,2023,1000 USD,5.730000,A
95,'340,Honduras,4008,"Other nitrogenous fertilizers, n.e.c.",5922,Export value,2024,2024,1000 USD,6.250000,A
95,'340,Honduras,4024,Other NP compounds,5610,Import quantity,2002,2002,t,3129.510000,A
95,'340,Honduras,4024,Other NP compounds,5610,Import quantity,2003,2003,t,18925.410000,A
95,'340,Honduras,4024,Other NP compounds,5610,Import quantity,2004,2004,t,4470.090000,A
95,'340,Honduras,4024,Other NP compounds,5610,Import quantity,2005,2005,t,509.760000,A
95,'340,Honduras,4024,Other NP compounds,5610,Import quantity,2006,2006,t,3071.070000,A
95,'340,Honduras,4024,Other NP compounds,5610,Import quantity,2007,2007,t,1706.600000,A
95,'340,Honduras,4024,Other NP compounds,5610,Import quantity,2009,2009,t,9715.770000,A
95,'340,Honduras,4024,Other NP compounds,5610,Import quantity,2010,2010,t,1611.890000,A
95,'340,Honduras,4024,Other NP compounds,5610,Import quantity,2011,2011,t,8761.580000,A
95,'340,Honduras,4024,Other NP compounds,5610,Import quantity,2012,2012,t,374.570000,A
95,'340,Honduras,4024,Other NP compounds,5610,Import quantity,2014,2014,t,276.780000,A
95,'340,Honduras,4024,Other NP compounds,5610,Import quantity,2015,2015,t,350.270000,A
95,'340,Honduras,4024,Other NP compounds,5610,Import quantity,2016,2016,t,1603.490000,A
95,'340,Honduras,4024,Other NP compounds,5610,Import quantity,2017,2017,t,4110.570000,A
95,'340,Honduras,4024,Other NP compounds,5610,Import quantity,2018,2018,t,6613.970000,A
95,'340,Honduras,4024,Other NP compounds,5610,Import quantity,2019,2019,t,3301.690000,A
95,'340,Honduras,4024,Other NP compounds,5610,Import quantity,2020,2020,t,10741.480000,A
95,'340,Honduras,4024,Other NP compounds,5610,Import quantity,2021,2021,t,2729.990000,A
95,'340,Honduras,4024,Other NP compounds,5610,Import quantity,2023,2023,t,7311.570000,A
95,'340,Honduras,4024,Other NP compounds,5610,Import quantity,2024,2024,t,4405.840000,A
95,'340,Honduras,4024,Other NP compounds,5622,Import value,2002,2002,1000 USD,1007.350000,A
95,'340,Honduras,4024,Other NP compounds,5622,Import value,2003,2003,1000 USD,4237.620000,A
95,'340,Honduras,4024,Other NP compounds,5622,Import value,2004,2004,1000 USD,1536.450000,A
95,'340,Honduras,4024,Other NP compounds,5622,Import value,2005,2005,1000 USD,265.970000,A
95,'340,Honduras,4024,Other NP compounds,5622,Import value,2006,2006,1000 USD,1391.090000,A
95,'340,Honduras,4024,Other NP compounds,5622,Import value,2007,2007,1000 USD,1293.410000,A
95,'340,Honduras,4024,Other NP compounds,5622,Import value,2009,2009,1000 USD,6019.920000,A
95,'340,Honduras,4024,Other NP compounds,5622,Import value,2010,2010,1000 USD,1265.640000,A
95,'340,Honduras,4024,Other NP compounds,5622,Import value,2011,2011,1000 USD,6641.180000,A
95,'340,Honduras,4024,Other NP compounds,5622,Import value,2012,2012,1000 USD,580.610000,A
95,'340,Honduras,4024,Other NP compounds,5622,Import value,2014,2014,1000 USD,322.680000,A
95,'340,Honduras,4024,Other NP compounds,5622,Import value,2015,2015,1000 USD,342.700000,A
95,'340,Honduras,4024,Other NP compounds,5622,Import value,2016,2016,1000 USD,626.260000,A
95,'340,Honduras,4024,Other NP compounds,5622,Import value,2017,2017,1000 USD,2063.980000,A
95,'340,Honduras,4024,Other NP compounds,5622,Import value,2018,2018,1000 USD,3254.450000,A
95,'340,Honduras,4024,Other NP compounds,5622,Import value,2019,2019,1000 USD,1412.380000,A
95,'340,Honduras,4024,Other NP compounds,5622,Import value,2020,2020,1000 USD,4194.370000,A
95,'340,Honduras,4024,Other NP compounds,5622,Import value,2021,2021,1000 USD,1826.880000,A
95,'340,Honduras,4024,Other NP compounds,5622,Import value,2023,2023,1000 USD,4671.230000,A
95,'340,Honduras,4024,Other NP compounds,5622,Import value,2024,2024,1000 USD,3174.030000,A
95,'340,Honduras,4024,Other NP compounds,5910,Export quantity,2002,2002,t,494.440000,A
95,'340,Honduras,4024,Other NP compounds,5910,Export quantity,2003,2003,t,612.910000,A
95,'340,Honduras,4024,Other NP compounds,5910,Export quantity,2004,2004,t,630.190000,A
95,'340,Honduras,4024,Other NP compounds,5910,Export quantity,2005,2005,t,454.280000,A
95,'340,Honduras,4024,Other NP compounds,5910,Export quantity,2006,2006,t,436.740000,A
95,'340,Honduras,4024,Other NP compounds,5910,Export quantity,2007,2007,t,40.620000,A
95,'340,Honduras,4024,Other NP compounds,5910,Export quantity,2009,2009,t,329.460000,A
95,'340,Honduras,4024,Other NP compounds,5910,Export quantity,2010,2010,t,394.770000,A
95,'340,Honduras,4024,Other NP compounds,5910,Export quantity,2011,2011,t,3065.000000,A
95,'340,Honduras,4024,Other NP compounds,5910,Export quantity,2012,2012,t,3561.470000,A
95,'340,Honduras,4024,Other NP compounds,5910,Export quantity,2014,2014,t,5637.340000,A
95,'340,Honduras,4024,Other NP compounds,5910,Export quantity,2015,2015,t,1468.660000,A
95,'340,Honduras,4024,Other NP compounds,5910,Export quantity,2016,2016,t,321.830000,A
95,'340,Honduras,4024,Other NP compounds,5910,Export quantity,2017,2017,t,392.130000,A
95,'340,Honduras,4024,Other NP compounds,5910,Export quantity,2018,2018,t,464.190000,A
95,'340,Honduras,4024,Other NP compounds,5910,Export quantity,2019,2019,t,500.000000,A
95,'340,Honduras,4024,Other NP compounds,5910,Export quantity,2020,2020,t,0.500000,A
95,'340,Honduras,4024,Other NP compounds,5910,Export quantity,2023,2023,t,263.050000,A
95,'340,Honduras,4024,Other NP compounds,5910,Export quantity,2024,2024,t,762.050000,A
95,'340,Honduras,4024,Other NP compounds,5922,Export value,2002,2002,1000 USD,177.600000,A
95,'340,Honduras,4024,Other NP compounds,5922,Export value,2003,2003,1000 USD,247.810000,A
95,'340,Honduras,4024,Other NP compounds,5922,Export value,2004,2004,1000 USD,349.960000,A
95,'340,Honduras,4024,Other NP compounds,5922,Export value,2005,2005,1000 USD,303.520000,A
95,'340,Honduras,4024,Other NP compounds,5922,Export value,2006,2006,1000 USD,280.930000,A
95,'340,Honduras,4024,Other NP compounds,5922,Export value,2007,2007,1000 USD,150.160000,A
95,'340,Honduras,4024,Other NP compounds,5922,Export value,2009,2009,1000 USD,309.840000,A
95,'340,Honduras,4024,Other NP compounds,5922,Export value,2010,2010,1000 USD,163.830000,A
95,'340,Honduras,4024,Other NP compounds,5922,Export value,2011,2011,1000 USD,1229.280000,A
95,'340,Honduras,4024,Other NP compounds,5922,Export value,2012,2012,1000 USD,1608.520000,A
95,'340,Honduras,4024,Other NP compounds,5922,Export value,2014,2014,1000 USD,2124.400000,A
95,'340,Honduras,4024,Other NP compounds,5922,Export value,2015,2015,1000 USD,583.540000,A
95,'340,Honduras,4024,Other NP compounds,5922,Export value,2016,2016,1000 USD,146.220000,A
95,'340,Honduras,4024,Other NP compounds,5922,Export value,2017,2017,1000 USD,183.550000,A
95,'340,Honduras,4024,Other NP compounds,5922,Export value,2018,2018,1000 USD,221.440000,A
95,'340,Honduras,4024,Other NP compounds,5922,Export value,2019,2019,1000 USD,230.480000,A
95,'340,Honduras,4024,Other NP compounds,5922,Export value,2020,2020,1000 USD,0.280000,A
95,'340,Honduras,4024,Other NP compounds,5922,Export value,2023,2023,1000 USD,192.870000,A
95,'340,Honduras,4024,Other NP compounds,5922,Export value,2024,2024,1000 USD,488.180000,A
95,'340,Honduras,4024,Other NP compounds,5157,Agricultural Use,2004,2004,t,50.000000,I
95,'340,Honduras,4024,Other NP compounds,5157,Agricultural Use,2005,2005,t,4.000000,I
95,'340,Honduras,4024,Other NP compounds,5157,Agricultural Use,2006,2006,t,210.000000,I
95,'340,Honduras,4024,Other NP compounds,5157,Agricultural Use,2007,2007,t,410.000000,I
95,'340,Honduras,4024,Other NP compounds,5157,Agricultural Use,2008,2008,t,61.000000,I
95,'340,Honduras,4024,Other NP compounds,5157,Agricultural Use,2010,2010,t,1534.000000,I
95,'340,Honduras,4024,Other NP compounds,5157,Agricultural Use,2011,2011,t,8465.000000,I
95,'340,Honduras,4014,"Other phosphatic fertilizers, n.e.c.",5610,Import quantity,2002,2002,t,15337.130000,A
95,'340,Honduras,4014,"Other phosphatic fertilizers, n.e.c.",5610,Import quantity,2003,2003,t,17147.860000,A
95,'340,Honduras,4014,"Other phosphatic fertilizers, n.e.c.",5610,Import quantity,2004,2004,t,15858.840000,A
95,'340,Honduras,4014,"Other phosphatic fertilizers, n.e.c.",5610,Import quantity,2005,2005,t,19424.280000,A
95,'340,Honduras,4014,"Other phosphatic fertilizers, n.e.c.",5610,Import quantity,2006,2006,t,18824.970000,A
95,'340,Honduras,4014,"Other phosphatic fertilizers, n.e.c.",5610,Import quantity,2007,2007,t,26882.990000,A
95,'340,Honduras,4014,"Other phosphatic fertilizers, n.e.c.",5610,Import quantity,2009,2009,t,4538.510000,A
95,'340,Honduras,4014,"Other phosphatic fertilizers, n.e.c.",5610,Import quantity,2010,2010,t,30321.790000,A
95,'340,Honduras,4014,"Other phosphatic fertilizers, n.e.c.",5610,Import quantity,2011,2011,t,45903.290000,A
95,'340,Honduras,4014,"Other phosphatic fertilizers, n.e.c.",5610,Import quantity,2012,2012,t,66196.120000,A
95,'340,Honduras,4014,"Other phosphatic fertilizers, n.e.c.",5610,Import quantity,2014,2014,t,32518.920000,A
95,'340,Honduras,4014,"Other phosphatic fertilizers, n.e.c.",5610,Import quantity,2015,2015,t,37027.440000,A
95,'340,Honduras,4014,"Other phosphatic fertilizers, n.e.c.",5610,Import quantity,2016,2016,t,969.040000,A
95,'340,Honduras,4014,"Other phosphatic fertilizers, n.e.c.",5610,Import quantity,2017,2017,t,577.470000,A
95,'340,Honduras,4014,"Other phosphatic fertilizers, n.e.c.",5610,Import quantity,2018,2018,t,1259.590000,A
95,'340,Honduras,4014,"Other phosphatic fertilizers, n.e.c.",5610,Import quantity,2019,2019,t,4874.050000,A
95,'340,Honduras,4014,"Other phosphatic fertilizers, n.e.c.",5610,Import quantity,2020,2020,t,573.020000,A
95,'340,Honduras,4014,"Other phosphatic fertilizers, n.e.c.",5610,Import quantity,2021,2021,t,192.890000,A
95,'340,Honduras,4014,"Other phosphatic fertilizers, n.e.c.",5610,Import quantity,2023,2023,t,1169.760000,A
95,'340,Honduras,4014,"Other phosphatic fertilizers, n.e.c.",5610,Import quantity,2024,2024,t,1130.070000,A
95,'340,Honduras,4014,"Other phosphatic fertilizers, n.e.c.",5622,Import value,2002,2002,1000 USD,3648.670000,A
95,'340,Honduras,4014,"Other phosphatic fertilizers, n.e.c.",5622,Import value,2003,2003,1000 USD,4546.970000,A
95,'340,Honduras,4014,"Other phosphatic fertilizers, n.e.c.",5622,Import value,2004,2004,1000 USD,4017.750000,A
95,'340,Honduras,4014,"Other phosphatic fertilizers, n.e.c.",5622,Import value,2005,2005,1000 USD,5450.070000,A
95,'340,Honduras,4014,"Other phosphatic fertilizers, n.e.c.",5622,Import value,2006,2006,1000 USD,5905.760000,A
95,'340,Honduras,4014,"Other phosphatic fertilizers, n.e.c.",5622,Import value,2007,2007,1000 USD,11772.560000,A
95,'340,Honduras,4014,"Other phosphatic fertilizers, n.e.c.",5622,Import value,2009,2009,1000 USD,2117.360000,A
95,'340,Honduras,4014,"Other phosphatic fertilizers, n.e.c.",5622,Import value,2010,2010,1000 USD,14802.260000,A
95,'340,Honduras,4014,"Other phosphatic fertilizers, n.e.c.",5622,Import value,2011,2011,1000 USD,29087.810000,A
95,'340,Honduras,4014,"Other phosphatic fertilizers, n.e.c.",5622,Import value,2012,2012,1000 USD,38695.180000,A
95,'340,Honduras,4014,"Other phosphatic fertilizers, n.e.c.",5622,Import value,2014,2014,1000 USD,16088.920000,A
95,'340,Honduras,4014,"Other phosphatic fertilizers, n.e.c.",5622,Import value,2015,2015,1000 USD,17287.230000,A
95,'340,Honduras,4014,"Other phosphatic fertilizers, n.e.c.",5622,Import value,2016,2016,1000 USD,1063.850000,A
95,'340,Honduras,4014,"Other phosphatic fertilizers, n.e.c.",5622,Import value,2017,2017,1000 USD,523.340000,A
95,'340,Honduras,4014,"Other phosphatic fertilizers, n.e.c.",5622,Import value,2018,2018,1000 USD,932.750000,A
95,'340,Honduras,4014,"Other phosphatic fertilizers, n.e.c.",5622,Import value,2019,2019,1000 USD,7699.160000,A
95,'340,Honduras,4014,"Other phosphatic fertilizers, n.e.c.",5622,Import value,2020,2020,1000 USD,623.570000,A
95,'340,Honduras,4014,"Other phosphatic fertilizers, n.e.c.",5622,Import value,2021,2021,1000 USD,601.150000,A
95,'340,Honduras,4014,"Other phosphatic fertilizers, n.e.c.",5622,Import value,2023,2023,1000 USD,1594.000000,A
95,'340,Honduras,4014,"Other phosphatic fertilizers, n.e.c.",5622,Import value,2024,2024,1000 USD,974.270000,A
95,'340,Honduras,4014,"Other phosphatic fertilizers, n.e.c.",5910,Export quantity,2003,2003,t,389.400000,A
95,'340,Honduras,4014,"Other phosphatic fertilizers, n.e.c.",5910,Export quantity,2004,2004,t,23.730000,A
95,'340,Honduras,4014,"Other phosphatic fertilizers, n.e.c.",5910,Export quantity,2006,2006,t,43.740000,A
95,'340,Honduras,4014,"Other phosphatic fertilizers, n.e.c.",5910,Export quantity,2007,2007,t,200.000000,A
95,'340,Honduras,4014,"Other phosphatic fertilizers, n.e.c.",5910,Export quantity,2009,2009,t,415.910000,A
95,'340,Honduras,4014,"Other phosphatic fertilizers, n.e.c.",5910,Export quantity,2010,2010,t,955.020000,A
95,'340,Honduras,4014,"Other phosphatic fertilizers, n.e.c.",5910,Export quantity,2011,2011,t,1261.250000,A
95,'340,Honduras,4014,"Other phosphatic fertilizers, n.e.c.",5910,Export quantity,2012,2012,t,875.880000,A
95,'340,Honduras,4014,"Other phosphatic fertilizers, n.e.c.",5910,Export quantity,2014,2014,t,429.140000,A
95,'340,Honduras,4014,"Other phosphatic fertilizers, n.e.c.",5910,Export quantity,2015,2015,t,489.410000,A
95,'340,Honduras,4014,"Other phosphatic fertilizers, n.e.c.",5910,Export quantity,2016,2016,t,343.590000,A
95,'340,Honduras,4014,"Other phosphatic fertilizers, n.e.c.",5910,Export quantity,2017,2017,t,628.590000,A
95,'340,Honduras,4014,"Other phosphatic fertilizers, n.e.c.",5910,Export quantity,2018,2018,t,2.980000,A
95,'340,Honduras,4014,"Other phosphatic fertilizers, n.e.c.",5910,Export quantity,2020,2020,t,27.090000,A
95,'340,Honduras,4014,"Other phosphatic fertilizers, n.e.c.",5922,Export value,2003,2003,1000 USD,74.250000,A
95,'340,Honduras,4014,"Other phosphatic fertilizers, n.e.c.",5922,Export value,2004,2004,1000 USD,16.110000,A
95,'340,Honduras,4014,"Other phosphatic fertilizers, n.e.c.",5922,Export value,2006,2006,1000 USD,18.740000,A
95,'340,Honduras,4014,"Other phosphatic fertilizers, n.e.c.",5922,Export value,2007,2007,1000 USD,113.960000,A
95,'340,Honduras,4014,"Other phosphatic fertilizers, n.e.c.",5922,Export value,2009,2009,1000 USD,178.690000,A
95,'340,Honduras,4014,"Other phosphatic fertilizers, n.e.c.",5922,Export value,2010,2010,1000 USD,475.620000,A
95,'340,Honduras,4014,"Other phosphatic fertilizers, n.e.c.",5922,Export value,2011,2011,1000 USD,837.670000,A
95,'340,Honduras,4014,"Other phosphatic fertilizers, n.e.c.",5922,Export value,2012,2012,1000 USD,543.130000,A
95,'340,Honduras,4014,"Other phosphatic fertilizers, n.e.c.",5922,Export value,2014,2014,1000 USD,263.890000,A
95,'340,Honduras,4014,"Other phosphatic fertilizers, n.e.c.",5922,Export value,2015,2015,1000 USD,337.120000,A
95,'340,Honduras,4014,"Other phosphatic fertilizers, n.e.c.",5922,Export value,2016,2016,1000 USD,611.040000,A
95,'340,Honduras,4014,"Other phosphatic fertilizers, n.e.c.",5922,Export value,2017,2017,1000 USD,728.610000,A
95,'340,Honduras,4014,"Other phosphatic fertilizers, n.e.c.",5922,Export value,2018,2018,1000 USD,7.240000,A
95,'340,Honduras,4014,"Other phosphatic fertilizers, n.e.c.",5922,Export value,2020,2020,1000 USD,16.310000,A
95,'340,Honduras,4018,"Other potassic fertilizers, n.e.c.",5610,Import quantity,2002,2002,t,29221.130000,A
95,'340,Honduras,4018,"Other potassic fertilizers, n.e.c.",5610,Import quantity,2003,2003,t,38299.990000,A
95,'340,Honduras,4018,"Other potassic fertilizers, n.e.c.",5610,Import quantity,2004,2004,t,18624.010000,A
95,'340,Honduras,4018,"Other potassic fertilizers, n.e.c.",5610,Import quantity,2005,2005,t,19980.390000,A
95,'340,Honduras,4018,"Other potassic fertilizers, n.e.c.",5610,Import quantity,2006,2006,t,55616.580000,A
95,'340,Honduras,4018,"Other potassic fertilizers, n.e.c.",5610,Import quantity,2007,2007,t,22870.030000,A
95,'340,Honduras,4018,"Other potassic fertilizers, n.e.c.",5610,Import quantity,2009,2009,t,19129.190000,A
95,'340,Honduras,4018,"Other potassic fertilizers, n.e.c.",5610,Import quantity,2010,2010,t,51571.120000,A
95,'340,Honduras,4018,"Other potassic fertilizers, n.e.c.",5610,Import quantity,2011,2011,t,86569.190000,A
95,'340,Honduras,4018,"Other potassic fertilizers, n.e.c.",5610,Import quantity,2012,2012,t,51085.020000,A
95,'340,Honduras,4018,"Other potassic fertilizers, n.e.c.",5610,Import quantity,2014,2014,t,50039.570000,A
95,'340,Honduras,4018,"Other potassic fertilizers, n.e.c.",5610,Import quantity,2015,2015,t,53065.400000,A
95,'340,Honduras,4018,"Other potassic fertilizers, n.e.c.",5610,Import quantity,2016,2016,t,63235.050000,A
95,'340,Honduras,4018,"Other potassic fertilizers, n.e.c.",5610,Import quantity,2017,2017,t,52293.930000,A
95,'340,Honduras,4018,"Other potassic fertilizers, n.e.c.",5610,Import quantity,2018,2018,t,65022.370000,A
95,'340,Honduras,4018,"Other potassic fertilizers, n.e.c.",5610,Import quantity,2019,2019,t,42742.420000,A
95,'340,Honduras,4018,"Other potassic fertilizers, n.e.c.",5610,Import quantity,2020,2020,t,22631.360000,A
95,'340,Honduras,4018,"Other potassic fertilizers, n.e.c.",5610,Import quantity,2021,2021,t,9025.990000,A
95,'340,Honduras,4018,"Other potassic fertilizers, n.e.c.",5610,Import quantity,2023,2023,t,11019.200000,A
95,'340,Honduras,4018,"Other potassic fertilizers, n.e.c.",5610,Import quantity,2024,2024,t,15625.490000,A
95,'340,Honduras,4018,"Other potassic fertilizers, n.e.c.",5622,Import value,2002,2002,1000 USD,7631.150000,A
95,'340,Honduras,4018,"Other potassic fertilizers, n.e.c.",5622,Import value,2003,2003,1000 USD,5388.850000,A
95,'340,Honduras,4018,"Other potassic fertilizers, n.e.c.",5622,Import value,2004,2004,1000 USD,5278.780000,A
95,'340,Honduras,4018,"Other potassic fertilizers, n.e.c.",5622,Import value,2005,2005,1000 USD,6618.760000,A
95,'340,Honduras,4018,"Other potassic fertilizers, n.e.c.",5622,Import value,2006,2006,1000 USD,12954.310000,A
95,'340,Honduras,4018,"Other potassic fertilizers, n.e.c.",5622,Import value,2007,2007,1000 USD,7582.690000,A
95,'340,Honduras,4018,"Other potassic fertilizers, n.e.c.",5622,Import value,2009,2009,1000 USD,11219.940000,A
95,'340,Honduras,4018,"Other potassic fertilizers, n.e.c.",5622,Import value,2010,2010,1000 USD,20247.290000,A
95,'340,Honduras,4018,"Other potassic fertilizers, n.e.c.",5622,Import value,2011,2011,1000 USD,39990.520000,A
95,'340,Honduras,4018,"Other potassic fertilizers, n.e.c.",5622,Import value,2012,2012,1000 USD,29951.030000,A
95,'340,Honduras,4018,"Other potassic fertilizers, n.e.c.",5622,Import value,2014,2014,1000 USD,18732.280000,A
95,'340,Honduras,4018,"Other potassic fertilizers, n.e.c.",5622,Import value,2015,2015,1000 USD,20266.930000,A
95,'340,Honduras,4018,"Other potassic fertilizers, n.e.c.",5622,Import value,2016,2016,1000 USD,16428.010000,A
95,'340,Honduras,4018,"Other potassic fertilizers, n.e.c.",5622,Import value,2017,2017,1000 USD,13657.240000,A
95,'340,Honduras,4018,"Other potassic fertilizers, n.e.c.",5622,Import value,2018,2018,1000 USD,17701.280000,A
95,'340,Honduras,4018,"Other potassic fertilizers, n.e.c.",5622,Import value,2019,2019,1000 USD,13119.510000,A
95,'340,Honduras,4018,"Other potassic fertilizers, n.e.c.",5622,Import value,2020,2020,1000 USD,5798.510000,A
95,'340,Honduras,4018,"Other potassic fertilizers, n.e.c.",5622,Import value,2021,2021,1000 USD,3552.720000,A
95,'340,Honduras,4018,"Other potassic fertilizers, n.e.c.",5622,Import value,2023,2023,1000 USD,5147.960000,A
95,'340,Honduras,4018,"Other potassic fertilizers, n.e.c.",5622,Import value,2024,2024,1000 USD,7882.020000,A
95,'340,Honduras,4018,"Other potassic fertilizers, n.e.c.",5910,Export quantity,2002,2002,t,227.270000,A
95,'340,Honduras,4018,"Other potassic fertilizers, n.e.c.",5910,Export quantity,2003,2003,t,299.390000,A
95,'340,Honduras,4018,"Other potassic fertilizers, n.e.c.",5910,Export quantity,2004,2004,t,1235.250000,A
95,'340,Honduras,4018,"Other potassic fertilizers, n.e.c.",5910,Export quantity,2005,2005,t,20.000000,A
95,'340,Honduras,4018,"Other potassic fertilizers, n.e.c.",5910,Export quantity,2006,2006,t,344.250000,A
95,'340,Honduras,4018,"Other potassic fertilizers, n.e.c.",5910,Export quantity,2007,2007,t,258.360000,A
95,'340,Honduras,4018,"Other potassic fertilizers, n.e.c.",5910,Export quantity,2009,2009,t,4399.230000,A
95,'340,Honduras,4018,"Other potassic fertilizers, n.e.c.",5910,Export quantity,2010,2010,t,2927.820000,A
95,'340,Honduras,4018,"Other potassic fertilizers, n.e.c.",5910,Export quantity,2011,2011,t,1775.840000,A
95,'340,Honduras,4018,"Other potassic fertilizers, n.e.c.",5910,Export quantity,2012,2012,t,363.800000,A
95,'340,Honduras,4018,"Other potassic fertilizers, n.e.c.",5910,Export quantity,2014,2014,t,1236.500000,A
95,'340,Honduras,4018,"Other potassic fertilizers, n.e.c.",5910,Export quantity,2015,2015,t,1132.050000,A
95,'340,Honduras,4018,"Other potassic fertilizers, n.e.c.",5910,Export quantity,2016,2016,t,1631.460000,A
95,'340,Honduras,4018,"Other potassic fertilizers, n.e.c.",5910,Export quantity,2017,2017,t,1892.910000,A
95,'340,Honduras,4018,"Other potassic fertilizers, n.e.c.",5910,Export quantity,2018,2018,t,2512.850000,A
95,'340,Honduras,4018,"Other potassic fertilizers, n.e.c.",5910,Export quantity,2019,2019,t,3896.300000,A
95,'340,Honduras,4018,"Other potassic fertilizers, n.e.c.",5910,Export quantity,2020,2020,t,1402.540000,A
95,'340,Honduras,4018,"Other potassic fertilizers, n.e.c.",5910,Export quantity,2021,2021,t,3930.930000,A
95,'340,Honduras,4018,"Other potassic fertilizers, n.e.c.",5910,Export quantity,2023,2023,t,1185.020000,A
95,'340,Honduras,4018,"Other potassic fertilizers, n.e.c.",5910,Export quantity,2024,2024,t,1205.000000,A
95,'340,Honduras,4018,"Other potassic fertilizers, n.e.c.",5922,Export value,2002,2002,1000 USD,39.500000,A
95,'340,Honduras,4018,"Other potassic fertilizers, n.e.c.",5922,Export value,2003,2003,1000 USD,55.420000,A
95,'340,Honduras,4018,"Other potassic fertilizers, n.e.c.",5922,Export value,2004,2004,1000 USD,304.950000,A
95,'340,Honduras,4018,"Other potassic fertilizers, n.e.c.",5922,Export value,2005,2005,1000 USD,15.280000,A
95,'340,Honduras,4018,"Other potassic fertilizers, n.e.c.",5922,Export value,2006,2006,1000 USD,79.710000,A
95,'340,Honduras,4018,"Other potassic fertilizers, n.e.c.",5922,Export value,2007,2007,1000 USD,103.720000,A
95,'340,Honduras,4018,"Other potassic fertilizers, n.e.c.",5922,Export value,2009,2009,1000 USD,2288.520000,A
95,'340,Honduras,4018,"Other potassic fertilizers, n.e.c.",5922,Export value,2010,2010,1000 USD,986.690000,A
95,'340,Honduras,4018,"Other potassic fertilizers, n.e.c.",5922,Export value,2011,2011,1000 USD,741.790000,A
95,'340,Honduras,4018,"Other potassic fertilizers, n.e.c.",5922,Export value,2012,2012,1000 USD,196.540000,A
95,'340,Honduras,4018,"Other potassic fertilizers, n.e.c.",5922,Export value,2014,2014,1000 USD,484.770000,A
95,'340,Honduras,4018,"Other potassic fertilizers, n.e.c.",5922,Export value,2015,2015,1000 USD,753.150000,A
95,'340,Honduras,4018,"Other potassic fertilizers, n.e.c.",5922,Export value,2016,2016,1000 USD,1280.200000,A
95,'340,Honduras,4018,"Other potassic fertilizers, n.e.c.",5922,Export value,2017,2017,1000 USD,742.890000,A
95,'340,Honduras,4018,"Other potassic fertilizers, n.e.c.",5922,Export value,2018,2018,1000 USD,865.590000,A
95,'340,Honduras,4018,"Other potassic fertilizers, n.e.c.",5922,Export value,2019,2019,1000 USD,1292.200000,A
95,'340,Honduras,4018,"Other potassic fertilizers, n.e.c.",5922,Export value,2020,2020,1000 USD,425.190000,A
95,'340,Honduras,4018,"Other potassic fertilizers, n.e.c.",5922,Export value,2021,2021,1000 USD,1417.030000,A
95,'340,Honduras,4018,"Other potassic fertilizers, n.e.c.",5922,Export value,2023,2023,1000 USD,687.330000,A
95,'340,Honduras,4018,"Other potassic fertilizers, n.e.c.",5922,Export value,2024,2024,1000 USD,635.210000,A
95,'340,Honduras,4011,Phosphate rock,5610,Import quantity,2002,2002,t,40.480000,A
95,'340,Honduras,4011,Phosphate rock,5610,Import quantity,2003,2003,t,385.410000,A
95,'340,Honduras,4011,Phosphate rock,5610,Import quantity,2004,2004,t,485.770000,A
95,'340,Honduras,4011,Phosphate rock,5610,Import quantity,2005,2005,t,510.450000,A
95,'340,Honduras,4011,Phosphate rock,5610,Import quantity,2006,2006,t,667.920000,A
95,'340,Honduras,4011,Phosphate rock,5610,Import quantity,2007,2007,t,88.480000,A
95,'340,Honduras,4011,Phosphate rock,5610,Import quantity,2012,2012,t,0.030000,A
95,'340,Honduras,4011,Phosphate rock,5610,Import quantity,2016,2016,t,0.000000,A
95,'340,Honduras,4011,Phosphate rock,5610,Import quantity,2017,2017,t,6.720000,A
95,'340,Honduras,4011,Phosphate rock,5610,Import quantity,2018,2018,t,10.920000,A
95,'340,Honduras,4011,Phosphate rock,5610,Import quantity,2019,2019,t,101.860000,A
95,'340,Honduras,4011,Phosphate rock,5610,Import quantity,2021,2021,t,0.030000,A
95,'340,Honduras,4011,Phosphate rock,5610,Import quantity,2023,2023,t,0.210000,A
95,'340,Honduras,4011,Phosphate rock,5610,Import quantity,2024,2024,t,0.280000,A
95,'340,Honduras,4011,Phosphate rock,5622,Import value,2002,2002,1000 USD,13.140000,A
95,'340,Honduras,4011,Phosphate rock,5622,Import value,2003,2003,1000 USD,101.210000,A
95,'340,Honduras,4011,Phosphate rock,5622,Import value,2004,2004,1000 USD,151.640000,A
95,'340,Honduras,4011,Phosphate rock,5622,Import value,2005,2005,1000 USD,164.740000,A
95,'340,Honduras,4011,Phosphate rock,5622,Import value,2006,2006,1000 USD,209.400000,A
95,'340,Honduras,4011,Phosphate rock,5622,Import value,2007,2007,1000 USD,22.860000,A
95,'340,Honduras,4011,Phosphate rock,5622,Import value,2012,2012,1000 USD,0.080000,A
95,'340,Honduras,4011,Phosphate rock,5622,Import value,2016,2016,1000 USD,0.080000,A
95,'340,Honduras,4011,Phosphate rock,5622,Import value,2017,2017,1000 USD,22.940000,A
95,'340,Honduras,4011,Phosphate rock,5622,Import value,2018,2018,1000 USD,33.920000,A
95,'340,Honduras,4011,Phosphate rock,5622,Import value,2019,2019,1000 USD,29.730000,A
95,'340,Honduras,4011,Phosphate rock,5622,Import value,2021,2021,1000 USD,0.060000,A
95,'340,Honduras,4011,Phosphate rock,5622,Import value,2023,2023,1000 USD,0.600000,A
95,'340,Honduras,4011,Phosphate rock,5622,Import value,2024,2024,1000 USD,1.900000,A
95,'340,Honduras,4011,Phosphate rock,5910,Export quantity,2005,2005,t,251.910000,A
95,'340,Honduras,4011,Phosphate rock,5922,Export value,2005,2005,1000 USD,54.290000,A
95,'340,Honduras,4027,PK compounds,5610,Import quantity,2002,2002,t,38.470000,A
95,'340,Honduras,4027,PK compounds,5610,Import quantity,2003,2003,t,361.950000,A
95,'340,Honduras,4027,PK compounds,5610,Import quantity,2004,2004,t,184.260000,A
95,'340,Honduras,4027,PK compounds,5610,Import quantity,2005,2005,t,181.330000,A
95,'340,Honduras,4027,PK compounds,5610,Import quantity,2006,2006,t,232.100000,A
95,'340,Honduras,4027,PK compounds,5610,Import quantity,2007,2007,t,193.440000,A
95,'340,Honduras,4027,PK compounds,5610,Import quantity,2009,2009,t,160.170000,A
95,'340,Honduras,4027,PK compounds,5610,Import quantity,2010,2010,t,290.090000,A
95,'340,Honduras,4027,PK compounds,5610,Import quantity,2011,2011,t,315.560000,A
95,'340,Honduras,4027,PK compounds,5610,Import quantity,2012,2012,t,525.290000,A
95,'340,Honduras,4027,PK compounds,5610,Import quantity,2014,2014,t,107.770000,A
95,'340,Honduras,4027,PK compounds,5610,Import quantity,2015,2015,t,233.540000,A
95,'340,Honduras,4027,PK compounds,5610,Import quantity,2016,2016,t,229.950000,A
95,'340,Honduras,4027,PK compounds,5610,Import quantity,2017,2017,t,537.480000,A
95,'340,Honduras,4027,PK compounds,5610,Import quantity,2018,2018,t,262.530000,A
95,'340,Honduras,4027,PK compounds,5610,Import quantity,2019,2019,t,615.180000,A
95,'340,Honduras,4027,PK compounds,5610,Import quantity,2020,2020,t,623.840000,A
95,'340,Honduras,4027,PK compounds,5610,Import quantity,2021,2021,t,322.500000,A
95,'340,Honduras,4027,PK compounds,5610,Import quantity,2023,2023,t,269.630000,A
95,'340,Honduras,4027,PK compounds,5610,Import quantity,2024,2024,t,233.740000,A
95,'340,Honduras,4027,PK compounds,5622,Import value,2002,2002,1000 USD,80.480000,A
95,'340,Honduras,4027,PK compounds,5622,Import value,2003,2003,1000 USD,291.780000,A
95,'340,Honduras,4027,PK compounds,5622,Import value,2004,2004,1000 USD,185.850000,A
95,'340,Honduras,4027,PK compounds,5622,Import value,2005,2005,1000 USD,209.610000,A
95,'340,Honduras,4027,PK compounds,5622,Import value,2006,2006,1000 USD,263.570000,A
95,'340,Honduras,4027,PK compounds,5622,Import value,2007,2007,1000 USD,262.050000,A
95,'340,Honduras,4027,PK compounds,5622,Import value,2009,2009,1000 USD,401.960000,A
95,'340,Honduras,4027,PK compounds,5622,Import value,2010,2010,1000 USD,1203.200000,A
95,'340,Honduras,4027,PK compounds,5622,Import value,2011,2011,1000 USD,1298.640000,A
95,'340,Honduras,4027,PK compounds,5622,Import value,2012,2012,1000 USD,927.420000,A
95,'340,Honduras,4027,PK compounds,5622,Import value,2014,2014,1000 USD,321.520000,A
95,'340,Honduras,4027,PK compounds,5622,Import value,2015,2015,1000 USD,565.690000,A
95,'340,Honduras,4027,PK compounds,5622,Import value,2016,2016,1000 USD,588.280000,A
95,'340,Honduras,4027,PK compounds,5622,Import value,2017,2017,1000 USD,872.150000,A
95,'340,Honduras,4027,PK compounds,5622,Import value,2018,2018,1000 USD,471.160000,A
95,'340,Honduras,4027,PK compounds,5622,Import value,2019,2019,1000 USD,995.070000,A
95,'340,Honduras,4027,PK compounds,5622,Import value,2020,2020,1000 USD,979.120000,A
95,'340,Honduras,4027,PK compounds,5622,Import value,2021,2021,1000 USD,663.800000,A
95,'340,Honduras,4027,PK compounds,5622,Import value,2023,2023,1000 USD,749.320000,A
95,'340,Honduras,4027,PK compounds,5622,Import value,2024,2024,1000 USD,658.440000,A
95,'340,Honduras,4027,PK compounds,5910,Export quantity,2004,2004,t,15.000000,A
95,'340,Honduras,4027,PK compounds,5910,Export quantity,2009,2009,t,28.070000,A
95,'340,Honduras,4027,PK compounds,5910,Export quantity,2012,2012,t,180.780000,A
95,'340,Honduras,4027,PK compounds,5910,Export quantity,2014,2014,t,62.650000,A
95,'340,Honduras,4027,PK compounds,5910,Export quantity,2015,2015,t,21.600000,A
95,'340,Honduras,4027,PK compounds,5910,Export quantity,2016,2016,t,4.200000,A
95,'340,Honduras,4027,PK compounds,5910,Export quantity,2017,2017,t,30.820000,A
95,'340,Honduras,4027,PK compounds,5910,Export quantity,2018,2018,t,7.320000,A
95,'340,Honduras,4027,PK compounds,5910,Export quantity,2020,2020,t,3.000000,A
95,'340,Honduras,4027,PK compounds,5910,Export quantity,2021,2021,t,14.170000,A
95,'340,Honduras,4027,PK compounds,5910,Export quantity,2023,2023,t,2.870000,A
95,'340,Honduras,4027,PK compounds,5910,Export quantity,2024,2024,t,9.900000,A
95,'340,Honduras,4027,PK compounds,5922,Export value,2004,2004,1000 USD,9.300000,A
95,'340,Honduras,4027,PK compounds,5922,Export value,2009,2009,1000 USD,159.980000,A
95,'340,Honduras,4027,PK compounds,5922,Export value,2012,2012,1000 USD,1457.450000,A
95,'340,Honduras,4027,PK compounds,5922,Export value,2014,2014,1000 USD,195.580000,A
95,'340,Honduras,4027,PK compounds,5922,Export value,2015,2015,1000 USD,67.150000,A
95,'340,Honduras,4027,PK compounds,5922,Export value,2016,2016,1000 USD,17.550000,A
95,'340,Honduras,4027,PK compounds,5922,Export value,2017,2017,1000 USD,50.300000,A
95,'340,Honduras,4027,PK compounds,5922,Export value,2018,2018,1000 USD,24.970000,A
95,'340,Honduras,4027,PK compounds,5922,Export value,2020,2020,1000 USD,7.710000,A
95,'340,Honduras,4027,PK compounds,5922,Export value,2021,2021,1000 USD,50.490000,A
95,'340,Honduras,4027,PK compounds,5922,Export value,2023,2023,1000 USD,10.820000,A
95,'340,Honduras,4027,PK compounds,5922,Export value,2024,2024,1000 USD,44.950000,A
95,'340,Honduras,4027,PK compounds,5157,Agricultural Use,2009,2009,t,146.000000,I
95,'340,Honduras,4027,PK compounds,5157,Agricultural Use,2010,2010,t,290.000000,I
95,'340,Honduras,4027,PK compounds,5157,Agricultural Use,2011,2011,t,316.000000,I
95,'340,Honduras,4016,Potassium chloride (muriate of potash) (MOP),5610,Import quantity,2003,2003,t,0.000000,A
95,'340,Honduras,4016,Potassium chloride (muriate of potash) (MOP),5610,Import quantity,2005,2005,t,0.010000,A
95,'340,Honduras,4016,Potassium chloride (muriate of potash) (MOP),5610,Import quantity,2006,2006,t,58.440000,A
95,'340,Honduras,4016,Potassium chloride (muriate of potash) (MOP),5610,Import quantity,2007,2007,t,98.380000,A
95,'340,Honduras,4016,Potassium chloride (muriate of potash) (MOP),5610,Import quantity,2009,2009,t,1714.320000,A
95,'340,Honduras,4016,Potassium chloride (muriate of potash) (MOP),5610,Import quantity,2010,2010,t,5218.870000,A
95,'340,Honduras,4016,Potassium chloride (muriate of potash) (MOP),5610,Import quantity,2011,2011,t,5419.550000,A
95,'340,Honduras,4016,Potassium chloride (muriate of potash) (MOP),5610,Import quantity,2012,2012,t,3352.300000,A
95,'340,Honduras,4016,Potassium chloride (muriate of potash) (MOP),5610,Import quantity,2014,2014,t,47897.780000,A
95,'340,Honduras,4016,Potassium chloride (muriate of potash) (MOP),5610,Import quantity,2015,2015,t,16998.110000,A
95,'340,Honduras,4016,Potassium chloride (muriate of potash) (MOP),5610,Import quantity,2016,2016,t,32127.810000,A
95,'340,Honduras,4016,Potassium chloride (muriate of potash) (MOP),5610,Import quantity,2017,2017,t,47801.900000,A
95,'340,Honduras,4016,Potassium chloride (muriate of potash) (MOP),5610,Import quantity,2018,2018,t,50062.270000,X
95,'340,Honduras,4016,Potassium chloride (muriate of potash) (MOP),5610,Import quantity,2019,2019,t,52930.490000,X
95,'340,Honduras,4016,Potassium chloride (muriate of potash) (MOP),5610,Import quantity,2020,2020,t,108627.220000,A
95,'340,Honduras,4016,Potassium chloride (muriate of potash) (MOP),5610,Import quantity,2021,2021,t,92705.380000,A
95,'340,Honduras,4016,Potassium chloride (muriate of potash) (MOP),5610,Import quantity,2023,2023,t,86837.980000,A
95,'340,Honduras,4016,Potassium chloride (muriate of potash) (MOP),5610,Import quantity,2024,2024,t,100268.860000,A
95,'340,Honduras,4016,Potassium chloride (muriate of potash) (MOP),5622,Import value,2003,2003,1000 USD,0.030000,A
95,'340,Honduras,4016,Potassium chloride (muriate of potash) (MOP),5622,Import value,2005,2005,1000 USD,0.070000,A
95,'340,Honduras,4016,Potassium chloride (muriate of potash) (MOP),5622,Import value,2006,2006,1000 USD,57.260000,A
95,'340,Honduras,4016,Potassium chloride (muriate of potash) (MOP),5622,Import value,2007,2007,1000 USD,114.450000,A
95,'340,Honduras,4016,Potassium chloride (muriate of potash) (MOP),5622,Import value,2009,2009,1000 USD,1176.220000,A
95,'340,Honduras,4016,Potassium chloride (muriate of potash) (MOP),5622,Import value,2010,2010,1000 USD,2372.620000,A
95,'340,Honduras,4016,Potassium chloride (muriate of potash) (MOP),5622,Import value,2011,2011,1000 USD,2296.810000,A
95,'340,Honduras,4016,Potassium chloride (muriate of potash) (MOP),5622,Import value,2012,2012,1000 USD,1669.820000,A
95,'340,Honduras,4016,Potassium chloride (muriate of potash) (MOP),5622,Import value,2014,2014,1000 USD,17236.530000,A
95,'340,Honduras,4016,Potassium chloride (muriate of potash) (MOP),5622,Import value,2015,2015,1000 USD,6037.840000,A
95,'340,Honduras,4016,Potassium chloride (muriate of potash) (MOP),5622,Import value,2016,2016,1000 USD,8131.100000,A
95,'340,Honduras,4016,Potassium chloride (muriate of potash) (MOP),5622,Import value,2017,2017,1000 USD,12704.490000,A
95,'340,Honduras,4016,Potassium chloride (muriate of potash) (MOP),5622,Import value,2018,2018,1000 USD,15719.910000,A
95,'340,Honduras,4016,Potassium chloride (muriate of potash) (MOP),5622,Import value,2019,2019,1000 USD,18604.940000,A
95,'340,Honduras,4016,Potassium chloride (muriate of potash) (MOP),5622,Import value,2020,2020,1000 USD,28917.490000,A
95,'340,Honduras,4016,Potassium chloride (muriate of potash) (MOP),5622,Import value,2021,2021,1000 USD,39404.160000,A
95,'340,Honduras,4016,Potassium chloride (muriate of potash) (MOP),5622,Import value,2023,2023,1000 USD,40158.460000,A
95,'340,Honduras,4016,Potassium chloride (muriate of potash) (MOP),5622,Import value,2024,2024,1000 USD,32652.190000,A
95,'340,Honduras,4016,Potassium chloride (muriate of potash) (MOP),5910,Export quantity,2002,2002,t,443.500000,A
95,'340,Honduras,4016,Potassium chloride (muriate of potash) (MOP),5910,Export quantity,2004,2004,t,40.000000,A
95,'340,Honduras,4016,Potassium chloride (muriate of potash) (MOP),5910,Export quantity,2006,2006,t,0.120000,A
95,'340,Honduras,4016,Potassium chloride (muriate of potash) (MOP),5910,Export quantity,2014,2014,t,15.000000,A
95,'340,Honduras,4016,Potassium chloride (muriate of potash) (MOP),5910,Export quantity,2015,2015,t,355.420000,A
95,'340,Honduras,4016,Potassium chloride (muriate of potash) (MOP),5910,Export quantity,2016,2016,t,31.750000,A
95,'340,Honduras,4016,Potassium chloride (muriate of potash) (MOP),5910,Export quantity,2017,2017,t,250.000000,A
95,'340,Honduras,4016,Potassium chloride (muriate of potash) (MOP),5910,Export quantity,2018,2018,t,4.210000,A
95,'340,Honduras,4016,Potassium chloride (muriate of potash) (MOP),5910,Export quantity,2019,2019,t,932.200000,A
95,'340,Honduras,4016,Potassium chloride (muriate of potash) (MOP),5910,Export quantity,2020,2020,t,6386.380000,A
95,'340,Honduras,4016,Potassium chloride (muriate of potash) (MOP),5910,Export quantity,2021,2021,t,7310.210000,A
95,'340,Honduras,4016,Potassium chloride (muriate of potash) (MOP),5910,Export quantity,2023,2023,t,8913.940000,A
95,'340,Honduras,4016,Potassium chloride (muriate of potash) (MOP),5910,Export quantity,2024,2024,t,15061.170000,A
95,'340,Honduras,4016,Potassium chloride (muriate of potash) (MOP),5922,Export value,2002,2002,1000 USD,85.130000,A
95,'340,Honduras,4016,Potassium chloride (muriate of potash) (MOP),5922,Export value,2004,2004,1000 USD,10.820000,A
95,'340,Honduras,4016,Potassium chloride (muriate of potash) (MOP),5922,Export value,2006,2006,1000 USD,0.160000,A
95,'340,Honduras,4016,Potassium chloride (muriate of potash) (MOP),5922,Export value,2014,2014,1000 USD,6.330000,A
95,'340,Honduras,4016,Potassium chloride (muriate of potash) (MOP),5922,Export value,2015,2015,1000 USD,154.070000,A
95,'340,Honduras,4016,Potassium chloride (muriate of potash) (MOP),5922,Export value,2016,2016,1000 USD,11.120000,A
95,'340,Honduras,4016,Potassium chloride (muriate of potash) (MOP),5922,Export value,2017,2017,1000 USD,72.500000,A
95,'340,Honduras,4016,Potassium chloride (muriate of potash) (MOP),5922,Export value,2018,2018,1000 USD,9.800000,A
95,'340,Honduras,4016,Potassium chloride (muriate of potash) (MOP),5922,Export value,2019,2019,1000 USD,338.710000,A
95,'340,Honduras,4016,Potassium chloride (muriate of potash) (MOP),5922,Export value,2020,2020,1000 USD,1880.670000,A
95,'340,Honduras,4016,Potassium chloride (muriate of potash) (MOP),5922,Export value,2021,2021,1000 USD,3067.770000,A
95,'340,Honduras,4016,Potassium chloride (muriate of potash) (MOP),5922,Export value,2023,2023,1000 USD,4788.020000,A
95,'340,Honduras,4016,Potassium chloride (muriate of potash) (MOP),5922,Export value,2024,2024,1000 USD,5095.700000,A
95,'340,Honduras,4016,Potassium chloride (muriate of potash) (MOP),5157,Agricultural Use,2006,2006,t,58.000000,I
95,'340,Honduras,4016,Potassium chloride (muriate of potash) (MOP),5157,Agricultural Use,2009,2009,t,1714.000000,I
95,'340,Honduras,4016,Potassium chloride (muriate of potash) (MOP),5157,Agricultural Use,2010,2010,t,5219.000000,I
95,'340,Honduras,4016,Potassium chloride (muriate of potash) (MOP),5157,Agricultural Use,2011,2011,t,5420.000000,I
95,'340,Honduras,4025,Potassium nitrate,5610,Import quantity,2002,2002,t,68.680000,A
95,'340,Honduras,4025,Potassium nitrate,5610,Import quantity,2003,2003,t,61.130000,A
95,'340,Honduras,4025,Potassium nitrate,5610,Import quantity,2004,2004,t,133.230000,A
95,'340,Honduras,4025,Potassium nitrate,5610,Import quantity,2005,2005,t,0.010000,A
95,'340,Honduras,4025,Potassium nitrate,5610,Import quantity,2007,2007,t,1.420000,A
95,'340,Honduras,4025,Potassium nitrate,5610,Import quantity,2009,2009,t,0.120000,A
95,'340,Honduras,4025,Potassium nitrate,5610,Import quantity,2010,2010,t,351.230000,A
95,'340,Honduras,4025,Potassium nitrate,5610,Import quantity,2011,2011,t,185.820000,A
95,'340,Honduras,4025,Potassium nitrate,5610,Import quantity,2012,2012,t,1027.010000,A
95,'340,Honduras,4025,Potassium nitrate,5610,Import quantity,2014,2014,t,2010.050000,A
95,'340,Honduras,4025,Potassium nitrate,5610,Import quantity,2015,2015,t,1771.940000,A
95,'340,Honduras,4025,Potassium nitrate,5610,Import quantity,2016,2016,t,3837.940000,A
95,'340,Honduras,4025,Potassium nitrate,5610,Import quantity,2017,2017,t,1695.520000,X
95,'340,Honduras,4025,Potassium nitrate,5610,Import quantity,2018,2018,t,4328.130000,X
95,'340,Honduras,4025,Potassium nitrate,5610,Import quantity,2019,2019,t,4175.100000,A
95,'340,Honduras,4025,Potassium nitrate,5610,Import quantity,2020,2020,t,2253.260000,A
95,'340,Honduras,4025,Potassium nitrate,5610,Import quantity,2021,2021,t,3455.820000,A
95,'340,Honduras,4025,Potassium nitrate,5610,Import quantity,2023,2023,t,2053.040000,A
95,'340,Honduras,4025,Potassium nitrate,5610,Import quantity,2024,2024,t,3407.850000,A
95,'340,Honduras,4025,Potassium nitrate,5622,Import value,2002,2002,1000 USD,37.960000,A
95,'340,Honduras,4025,Potassium nitrate,5622,Import value,2003,2003,1000 USD,27.800000,A
95,'340,Honduras,4025,Potassium nitrate,5622,Import value,2004,2004,1000 USD,52.850000,A
95,'340,Honduras,4025,Potassium nitrate,5622,Import value,2005,2005,1000 USD,0.110000,A
95,'340,Honduras,4025,Potassium nitrate,5622,Import value,2007,2007,1000 USD,24.530000,A
95,'340,Honduras,4025,Potassium nitrate,5622,Import value,2009,2009,1000 USD,0.340000,A
95,'340,Honduras,4025,Potassium nitrate,5622,Import value,2010,2010,1000 USD,356.650000,A
95,'340,Honduras,4025,Potassium nitrate,5622,Import value,2011,2011,1000 USD,213.360000,A
95,'340,Honduras,4025,Potassium nitrate,5622,Import value,2012,2012,1000 USD,1043.160000,A
95,'340,Honduras,4025,Potassium nitrate,5622,Import value,2014,2014,1000 USD,2100.070000,A
95,'340,Honduras,4025,Potassium nitrate,5622,Import value,2015,2015,1000 USD,1723.750000,A
95,'340,Honduras,4025,Potassium nitrate,5622,Import value,2016,2016,1000 USD,3585.560000,A
95,'340,Honduras,4025,Potassium nitrate,5622,Import value,2017,2017,1000 USD,1497.930000,A
95,'340,Honduras,4025,Potassium nitrate,5622,Import value,2018,2018,1000 USD,3867.860000,A
95,'340,Honduras,4025,Potassium nitrate,5622,Import value,2019,2019,1000 USD,3418.320000,A
95,'340,Honduras,4025,Potassium nitrate,5622,Import value,2020,2020,1000 USD,1742.030000,A
95,'340,Honduras,4025,Potassium nitrate,5622,Import value,2021,2021,1000 USD,2811.960000,A
95,'340,Honduras,4025,Potassium nitrate,5622,Import value,2023,2023,1000 USD,2543.030000,A
95,'340,Honduras,4025,Potassium nitrate,5622,Import value,2024,2024,1000 USD,3547.500000,A
95,'340,Honduras,4025,Potassium nitrate,5910,Export quantity,2002,2002,t,502.490000,A
95,'340,Honduras,4025,Potassium nitrate,5910,Export quantity,2003,2003,t,120.000000,A
95,'340,Honduras,4025,Potassium nitrate,5910,Export quantity,2004,2004,t,187.610000,A
95,'340,Honduras,4025,Potassium nitrate,5910,Export quantity,2005,2005,t,2142.000000,A
95,'340,Honduras,4025,Potassium nitrate,5910,Export quantity,2010,2010,t,22.060000,A
95,'340,Honduras,4025,Potassium nitrate,5910,Export quantity,2011,2011,t,35.060000,A
95,'340,Honduras,4025,Potassium nitrate,5910,Export quantity,2014,2014,t,126.500000,A
95,'340,Honduras,4025,Potassium nitrate,5910,Export quantity,2015,2015,t,40.400000,A
95,'340,Honduras,4025,Potassium nitrate,5910,Export quantity,2016,2016,t,7.000000,A
95,'340,Honduras,4025,Potassium nitrate,5910,Export quantity,2017,2017,t,258.000000,A
95,'340,Honduras,4025,Potassium nitrate,5910,Export quantity,2018,2018,t,809.000000,A
95,'340,Honduras,4025,Potassium nitrate,5910,Export quantity,2019,2019,t,365.000000,A
95,'340,Honduras,4025,Potassium nitrate,5910,Export quantity,2020,2020,t,140.300000,A
95,'340,Honduras,4025,Potassium nitrate,5910,Export quantity,2021,2021,t,120.000000,A
95,'340,Honduras,4025,Potassium nitrate,5910,Export quantity,2023,2023,t,230.000000,A
95,'340,Honduras,4025,Potassium nitrate,5922,Export value,2002,2002,1000 USD,88.110000,A
95,'340,Honduras,4025,Potassium nitrate,5922,Export value,2003,2003,1000 USD,40.840000,A
95,'340,Honduras,4025,Potassium nitrate,5922,Export value,2004,2004,1000 USD,78.660000,A
95,'340,Honduras,4025,Potassium nitrate,5922,Export value,2005,2005,1000 USD,757.440000,A
95,'340,Honduras,4025,Potassium nitrate,5922,Export value,2010,2010,1000 USD,29.440000,A
95,'340,Honduras,4025,Potassium nitrate,5922,Export value,2011,2011,1000 USD,49.830000,A
95,'340,Honduras,4025,Potassium nitrate,5922,Export value,2014,2014,1000 USD,144.900000,A
95,'340,Honduras,4025,Potassium nitrate,5922,Export value,2015,2015,1000 USD,36.880000,A
95,'340,Honduras,4025,Potassium nitrate,5922,Export value,2016,2016,1000 USD,6.910000,A
95,'340,Honduras,4025,Potassium nitrate,5922,Export value,2017,2017,1000 USD,228.780000,A
95,'340,Honduras,4025,Potassium nitrate,5922,Export value,2018,2018,1000 USD,752.700000,A
95,'340,Honduras,4025,Potassium nitrate,5922,Export value,2019,2019,1000 USD,349.750000,A
95,'340,Honduras,4025,Potassium nitrate,5922,Export value,2020,2020,1000 USD,125.680000,A
95,'340,Honduras,4025,Potassium nitrate,5922,Export value,2021,2021,1000 USD,109.060000,A
95,'340,Honduras,4025,Potassium nitrate,5922,Export value,2023,2023,1000 USD,332.720000,A
95,'340,Honduras,4025,Potassium nitrate,5157,Agricultural Use,2004,2004,t,138824.000000,I
95,'340,Honduras,4025,Potassium nitrate,5157,Agricultural Use,2005,2005,t,166367.000000,I
95,'340,Honduras,4025,Potassium nitrate,5157,Agricultural Use,2006,2006,t,194479.000000,I
95,'340,Honduras,4025,Potassium nitrate,5157,Agricultural Use,2007,2007,t,183278.000000,I
95,'340,Honduras,4025,Potassium nitrate,5157,Agricultural Use,2008,2008,t,2949.000000,I
95,'340,Honduras,4025,Potassium nitrate,5157,Agricultural Use,2010,2010,t,336.000000,I
95,'340,Honduras,4025,Potassium nitrate,5157,Agricultural Use,2011,2011,t,186.000000,I
95,'340,Honduras,4017,Potassium sulphate (sulphate of potash) (SOP),5610,Import quantity,2002,2002,t,1154.530000,A
95,'340,Honduras,4017,Potassium sulphate (sulphate of potash) (SOP),5610,Import quantity,2003,2003,t,140.240000,A
95,'340,Honduras,4017,Potassium sulphate (sulphate of potash) (SOP),5610,Import quantity,2004,2004,t,2710.680000,A
95,'340,Honduras,4017,Potassium sulphate (sulphate of potash) (SOP),5610,Import quantity,2005,2005,t,2336.420000,A
95,'340,Honduras,4017,Potassium sulphate (sulphate of potash) (SOP),5610,Import quantity,2006,2006,t,336.090000,A
95,'340,Honduras,4017,Potassium sulphate (sulphate of potash) (SOP),5610,Import quantity,2007,2007,t,1698.790000,A
95,'340,Honduras,4017,Potassium sulphate (sulphate of potash) (SOP),5610,Import quantity,2009,2009,t,89.380000,A
95,'340,Honduras,4017,Potassium sulphate (sulphate of potash) (SOP),5610,Import quantity,2010,2010,t,1101.680000,A
95,'340,Honduras,4017,Potassium sulphate (sulphate of potash) (SOP),5610,Import quantity,2011,2011,t,1549.660000,A
95,'340,Honduras,4017,Potassium sulphate (sulphate of potash) (SOP),5610,Import quantity,2012,2012,t,1222.510000,A
95,'340,Honduras,4017,Potassium sulphate (sulphate of potash) (SOP),5610,Import quantity,2014,2014,t,1993.410000,A
95,'340,Honduras,4017,Potassium sulphate (sulphate of potash) (SOP),5610,Import quantity,2015,2015,t,2227.060000,A
95,'340,Honduras,4017,Potassium sulphate (sulphate of potash) (SOP),5610,Import quantity,2016,2016,t,3490.150000,A
95,'340,Honduras,4017,Potassium sulphate (sulphate of potash) (SOP),5610,Import quantity,2017,2017,t,4670.470000,A
95,'340,Honduras,4017,Potassium sulphate (sulphate of potash) (SOP),5610,Import quantity,2018,2018,t,5126.940000,A
95,'340,Honduras,4017,Potassium sulphate (sulphate of potash) (SOP),5610,Import quantity,2019,2019,t,2231.800000,A
95,'340,Honduras,4017,Potassium sulphate (sulphate of potash) (SOP),5610,Import quantity,2020,2020,t,4264.600000,A
95,'340,Honduras,4017,Potassium sulphate (sulphate of potash) (SOP),5610,Import quantity,2021,2021,t,2754.050000,A
95,'340,Honduras,4017,Potassium sulphate (sulphate of potash) (SOP),5610,Import quantity,2023,2023,t,3203.210000,A
95,'340,Honduras,4017,Potassium sulphate (sulphate of potash) (SOP),5610,Import quantity,2024,2024,t,2249.140000,A
95,'340,Honduras,4017,Potassium sulphate (sulphate of potash) (SOP),5622,Import value,2002,2002,1000 USD,339.130000,A
95,'340,Honduras,4017,Potassium sulphate (sulphate of potash) (SOP),5622,Import value,2003,2003,1000 USD,50.230000,A
95,'340,Honduras,4017,Potassium sulphate (sulphate of potash) (SOP),5622,Import value,2004,2004,1000 USD,813.920000,A
95,'340,Honduras,4017,Potassium sulphate (sulphate of potash) (SOP),5622,Import value,2005,2005,1000 USD,832.380000,A
95,'340,Honduras,4017,Potassium sulphate (sulphate of potash) (SOP),5622,Import value,2006,2006,1000 USD,165.820000,A
95,'340,Honduras,4017,Potassium sulphate (sulphate of potash) (SOP),5622,Import value,2007,2007,1000 USD,735.870000,A
95,'340,Honduras,4017,Potassium sulphate (sulphate of potash) (SOP),5622,Import value,2009,2009,1000 USD,122.110000,A
95,'340,Honduras,4017,Potassium sulphate (sulphate of potash) (SOP),5622,Import value,2010,2010,1000 USD,686.470000,A
95,'340,Honduras,4017,Potassium sulphate (sulphate of potash) (SOP),5622,Import value,2011,2011,1000 USD,912.200000,A
95,'340,Honduras,4017,Potassium sulphate (sulphate of potash) (SOP),5622,Import value,2012,2012,1000 USD,919.950000,A
95,'340,Honduras,4017,Potassium sulphate (sulphate of potash) (SOP),5622,Import value,2014,2014,1000 USD,1509.070000,A
95,'340,Honduras,4017,Potassium sulphate (sulphate of potash) (SOP),5622,Import value,2015,2015,1000 USD,1604.320000,A
95,'340,Honduras,4017,Potassium sulphate (sulphate of potash) (SOP),5622,Import value,2016,2016,1000 USD,1947.460000,A
95,'340,Honduras,4017,Potassium sulphate (sulphate of potash) (SOP),5622,Import value,2017,2017,1000 USD,2427.680000,A
95,'340,Honduras,4017,Potassium sulphate (sulphate of potash) (SOP),5622,Import value,2018,2018,1000 USD,2830.610000,A
95,'340,Honduras,4017,Potassium sulphate (sulphate of potash) (SOP),5622,Import value,2019,2019,1000 USD,1297.980000,A
95,'340,Honduras,4017,Potassium sulphate (sulphate of potash) (SOP),5622,Import value,2020,2020,1000 USD,2125.850000,A
95,'340,Honduras,4017,Potassium sulphate (sulphate of potash) (SOP),5622,Import value,2021,2021,1000 USD,1608.500000,A
95,'340,Honduras,4017,Potassium sulphate (sulphate of potash) (SOP),5622,Import value,2023,2023,1000 USD,2639.300000,A
95,'340,Honduras,4017,Potassium sulphate (sulphate of potash) (SOP),5622,Import value,2024,2024,1000 USD,1600.350000,A
95,'340,Honduras,4017,Potassium sulphate (sulphate of potash) (SOP),5910,Export quantity,2005,2005,t,403.800000,A
95,'340,Honduras,4017,Potassium sulphate (sulphate of potash) (SOP),5910,Export quantity,2006,2006,t,17.500000,A
95,'340,Honduras,4017,Potassium sulphate (sulphate of potash) (SOP),5910,Export quantity,2007,2007,t,22.000000,A
95,'340,Honduras,4017,Potassium sulphate (sulphate of potash) (SOP),5910,Export quantity,2009,2009,t,2022.000000,A
95,'340,Honduras,4017,Potassium sulphate (sulphate of potash) (SOP),5910,Export quantity,2011,2011,t,125.340000,A
95,'340,Honduras,4017,Potassium sulphate (sulphate of potash) (SOP),5910,Export quantity,2014,2014,t,65.000000,A
95,'340,Honduras,4017,Potassium sulphate (sulphate of potash) (SOP),5910,Export quantity,2016,2016,t,31.000000,A
95,'340,Honduras,4017,Potassium sulphate (sulphate of potash) (SOP),5910,Export quantity,2017,2017,t,200.000000,A
95,'340,Honduras,4017,Potassium sulphate (sulphate of potash) (SOP),5910,Export quantity,2018,2018,t,212.950000,A
95,'340,Honduras,4017,Potassium sulphate (sulphate of potash) (SOP),5910,Export quantity,2019,2019,t,346.000000,A
95,'340,Honduras,4017,Potassium sulphate (sulphate of potash) (SOP),5910,Export quantity,2020,2020,t,93.000000,A
95,'340,Honduras,4017,Potassium sulphate (sulphate of potash) (SOP),5910,Export quantity,2021,2021,t,425.000000,A
95,'340,Honduras,4017,Potassium sulphate (sulphate of potash) (SOP),5910,Export quantity,2024,2024,t,312.500000,A
95,'340,Honduras,4017,Potassium sulphate (sulphate of potash) (SOP),5922,Export value,2005,2005,1000 USD,132.120000,A
95,'340,Honduras,4017,Potassium sulphate (sulphate of potash) (SOP),5922,Export value,2006,2006,1000 USD,7.350000,A
95,'340,Honduras,4017,Potassium sulphate (sulphate of potash) (SOP),5922,Export value,2007,2007,1000 USD,9.240000,A
95,'340,Honduras,4017,Potassium sulphate (sulphate of potash) (SOP),5922,Export value,2009,2009,1000 USD,1539.830000,A
95,'340,Honduras,4017,Potassium sulphate (sulphate of potash) (SOP),5922,Export value,2011,2011,1000 USD,50.030000,A
95,'340,Honduras,4017,Potassium sulphate (sulphate of potash) (SOP),5922,Export value,2014,2014,1000 USD,59.540000,A
95,'340,Honduras,4017,Potassium sulphate (sulphate of potash) (SOP),5922,Export value,2016,2016,1000 USD,17.650000,A
95,'340,Honduras,4017,Potassium sulphate (sulphate of potash) (SOP),5922,Export value,2017,2017,1000 USD,110.250000,A
95,'340,Honduras,4017,Potassium sulphate (sulphate of potash) (SOP),5922,Export value,2018,2018,1000 USD,120.220000,A
95,'340,Honduras,4017,Potassium sulphate (sulphate of potash) (SOP),5922,Export value,2019,2019,1000 USD,271.300000,A
95,'340,Honduras,4017,Potassium sulphate (sulphate of potash) (SOP),5922,Export value,2020,2020,1000 USD,57.010000,A
95,'340,Honduras,4017,Potassium sulphate (sulphate of potash) (SOP),5922,Export value,2021,2021,1000 USD,315.100000,A
95,'340,Honduras,4017,Potassium sulphate (sulphate of potash) (SOP),5922,Export value,2024,2024,1000 USD,280.270000,A
95,'340,Honduras,4017,Potassium sulphate (sulphate of potash) (SOP),5157,Agricultural Use,2004,2004,t,2711.000000,I
95,'340,Honduras,4017,Potassium sulphate (sulphate of potash) (SOP),5157,Agricultural Use,2005,2005,t,1932.000000,I
95,'340,Honduras,4017,Potassium sulphate (sulphate of potash) (SOP),5157,Agricultural Use,2006,2006,t,318.000000,I
95,'340,Honduras,4017,Potassium sulphate (sulphate of potash) (SOP),5157,Agricultural Use,2010,2010,t,1102.000000,I
95,'340,Honduras,4017,Potassium sulphate (sulphate of potash) (SOP),5157,Agricultural Use,2011,2011,t,1425.000000,I
95,'340,Honduras,4005,Sodium nitrate,5610,Import quantity,2002,2002,t,0.160000,A
95,'340,Honduras,4005,Sodium nitrate,5610,Import quantity,2003,2003,t,0.110000,A
95,'340,Honduras,4005,Sodium nitrate,5610,Import quantity,2004,2004,t,1.410000,A
95,'340,Honduras,4005,Sodium nitrate,5610,Import quantity,2007,2007,t,102.570000,A
95,'340,Honduras,4005,Sodium nitrate,5610,Import quantity,2009,2009,t,135.060000,A
95,'340,Honduras,4005,Sodium nitrate,5610,Import quantity,2011,2011,t,0.700000,A
95,'340,Honduras,4005,Sodium nitrate,5610,Import quantity,2012,2012,t,0.000000,A
95,'340,Honduras,4005,Sodium nitrate,5610,Import quantity,2014,2014,t,110.000000,A
95,'340,Honduras,4005,Sodium nitrate,5610,Import quantity,2016,2016,t,566.300000,A
95,'340,Honduras,4005,Sodium nitrate,5610,Import quantity,2017,2017,t,602.130000,X
95,'340,Honduras,4005,Sodium nitrate,5610,Import quantity,2018,2018,t,508.450000,A
95,'340,Honduras,4005,Sodium nitrate,5610,Import quantity,2019,2019,t,393.520000,A
95,'340,Honduras,4005,Sodium nitrate,5610,Import quantity,2020,2020,t,82.140000,A
95,'340,Honduras,4005,Sodium nitrate,5610,Import quantity,2024,2024,t,154.250000,A
95,'340,Honduras,4005,Sodium nitrate,5622,Import value,2002,2002,1000 USD,0.090000,A
95,'340,Honduras,4005,Sodium nitrate,5622,Import value,2003,2003,1000 USD,0.600000,A
95,'340,Honduras,4005,Sodium nitrate,5622,Import value,2004,2004,1000 USD,1.790000,A
95,'340,Honduras,4005,Sodium nitrate,5622,Import value,2007,2007,1000 USD,55.460000,A
95,'340,Honduras,4005,Sodium nitrate,5622,Import value,2009,2009,1000 USD,84.080000,A
95,'340,Honduras,4005,Sodium nitrate,5622,Import value,2011,2011,1000 USD,4.750000,A
95,'340,Honduras,4005,Sodium nitrate,5622,Import value,2012,2012,1000 USD,0.420000,A
95,'340,Honduras,4005,Sodium nitrate,5622,Import value,2014,2014,1000 USD,85.260000,A
95,'340,Honduras,4005,Sodium nitrate,5622,Import value,2016,2016,1000 USD,274.200000,A
95,'340,Honduras,4005,Sodium nitrate,5622,Import value,2017,2017,1000 USD,311.540000,A
95,'340,Honduras,4005,Sodium nitrate,5622,Import value,2018,2018,1000 USD,279.040000,A
95,'340,Honduras,4005,Sodium nitrate,5622,Import value,2019,2019,1000 USD,220.880000,A
95,'340,Honduras,4005,Sodium nitrate,5622,Import value,2020,2020,1000 USD,76.510000,A
95,'340,Honduras,4005,Sodium nitrate,5622,Import value,2024,2024,1000 USD,134.970000,A
95,'340,Honduras,4005,Sodium nitrate,5910,Export quantity,2018,2018,t,1.430000,A
95,'340,Honduras,4005,Sodium nitrate,5910,Export quantity,2024,2024,t,8.750000,A
95,'340,Honduras,4005,Sodium nitrate,5922,Export value,2018,2018,1000 USD,3.260000,A
95,'340,Honduras,4005,Sodium nitrate,5922,Export value,2024,2024,1000 USD,18.290000,A
95,'340,Honduras,4012,Superphosphates above 35%,5610,Import quantity,2002,2002,t,6.210000,A
95,'340,Honduras,4012,Superphosphates above 35%,5610,Import quantity,2003,2003,t,339.380000,A
95,'340,Honduras,4012,Superphosphates above 35%,5610,Import quantity,2004,2004,t,0.010000,A
95,'340,Honduras,4012,Superphosphates above 35%,5610,Import quantity,2005,2005,t,3.820000,A
95,'340,Honduras,4012,Superphosphates above 35%,5610,Import quantity,2007,2007,t,0.070000,A
95,'340,Honduras,4012,Superphosphates above 35%,5610,Import quantity,2019,2019,t,2.760000,A
95,'340,Honduras,4012,Superphosphates above 35%,5610,Import quantity,2021,2021,t,4.890000,A
95,'340,Honduras,4012,Superphosphates above 35%,5622,Import value,2002,2002,1000 USD,15.300000,A
95,'340,Honduras,4012,Superphosphates above 35%,5622,Import value,2003,2003,1000 USD,83.110000,A
95,'340,Honduras,4012,Superphosphates above 35%,5622,Import value,2004,2004,1000 USD,0.210000,A
95,'340,Honduras,4012,Superphosphates above 35%,5622,Import value,2005,2005,1000 USD,8.390000,A
95,'340,Honduras,4012,Superphosphates above 35%,5622,Import value,2007,2007,1000 USD,0.430000,A
95,'340,Honduras,4012,Superphosphates above 35%,5622,Import value,2019,2019,1000 USD,9.680000,A
95,'340,Honduras,4012,Superphosphates above 35%,5622,Import value,2021,2021,1000 USD,9.460000,A
95,'340,Honduras,4012,Superphosphates above 35%,5910,Export quantity,2003,2003,t,70.200000,A
95,'340,Honduras,4012,Superphosphates above 35%,5922,Export value,2003,2003,1000 USD,16.050000,A
95,'340,Honduras,4012,Superphosphates above 35%,5157,Agricultural Use,2005,2005,t,4.000000,I
95,'340,Honduras,4012,Superphosphates above 35%,5157,Agricultural Use,2008,2008,t,2394.000000,I
95,'340,Honduras,4013,"Superphosphates, other",5610,Import quantity,2018,2018,t,68.080000,A
95,'340,Honduras,4013,"Superphosphates, other",5610,Import quantity,2019,2019,t,0.920000,A
95,'340,Honduras,4013,"Superphosphates, other",5610,Import quantity,2020,2020,t,2.500000,A
95,'340,Honduras,4013,"Superphosphates, other",5622,Import value,2018,2018,1000 USD,43.160000,A
95,'340,Honduras,4013,"Superphosphates, other",5622,Import value,2019,2019,1000 USD,3.230000,A
95,'340,Honduras,4013,"Superphosphates, other",5622,Import value,2020,2020,1000 USD,23.380000,A
95,'340,Honduras,4001,Urea,5610,Import quantity,2002,2002,t,47848.870000,A
95,'340,Honduras,4001,Urea,5610,Import quantity,2003,2003,t,60683.100000,A
95,'340,Honduras,4001,Urea,5610,Import quantity,2004,2004,t,37597.030000,A
95,'340,Honduras,4001,Urea,5610,Import quantity,2005,2005,t,35952.040000,A
95,'340,Honduras,4001,Urea,5610,Import quantity,2006,2006,t,85809.620000,A
95,'340,Honduras,4001,Urea,5610,Import quantity,2007,2007,t,79076.840000,A
95,'340,Honduras,4001,Urea,5610,Import quantity,2009,2009,t,60810.870000,A
95,'340,Honduras,4001,Urea,5610,Import quantity,2010,2010,t,82828.860000,A
95,'340,Honduras,4001,Urea,5610,Import quantity,2011,2011,t,128026.700000,A
95,'340,Honduras,4001,Urea,5610,Import quantity,2012,2012,t,126987.330000,A
95,'340,Honduras,4001,Urea,5610,Import quantity,2014,2014,t,103967.900000,A
95,'340,Honduras,4001,Urea,5610,Import quantity,2015,2015,t,111558.820000,A
95,'340,Honduras,4001,Urea,5610,Import quantity,2016,2016,t,143032.930000,A
95,'340,Honduras,4001,Urea,5610,Import quantity,2017,2017,t,157715.350000,A
95,'340,Honduras,4001,Urea,5610,Import quantity,2018,2018,t,178390.810000,A
95,'340,Honduras,4001,Urea,5610,Import quantity,2019,2019,t,134078.540000,A
95,'340,Honduras,4001,Urea,5610,Import quantity,2020,2020,t,190619.620000,A
95,'340,Honduras,4001,Urea,5610,Import quantity,2021,2021,t,173224.310000,A
95,'340,Honduras,4001,Urea,5610,Import quantity,2023,2023,t,166700.890000,A
95,'340,Honduras,4001,Urea,5610,Import quantity,2024,2024,t,179565.060000,A
95,'340,Honduras,4001,Urea,5622,Import value,2002,2002,1000 USD,8911.270000,A
95,'340,Honduras,4001,Urea,5622,Import value,2003,2003,1000 USD,10480.380000,A
95,'340,Honduras,4001,Urea,5622,Import value,2004,2004,1000 USD,7703.270000,A
95,'340,Honduras,4001,Urea,5622,Import value,2005,2005,1000 USD,9998.930000,A
95,'340,Honduras,4001,Urea,5622,Import value,2006,2006,1000 USD,24056.810000,A
95,'340,Honduras,4001,Urea,5622,Import value,2007,2007,1000 USD,27686.520000,A
95,'340,Honduras,4001,Urea,5622,Import value,2009,2009,1000 USD,18666.670000,A
95,'340,Honduras,4001,Urea,5622,Import value,2010,2010,1000 USD,27146.230000,A
95,'340,Honduras,4001,Urea,5622,Import value,2011,2011,1000 USD,53571.880000,A
95,'340,Honduras,4001,Urea,5622,Import value,2012,2012,1000 USD,58776.840000,A
95,'340,Honduras,4001,Urea,5622,Import value,2014,2014,1000 USD,38108.740000,A
95,'340,Honduras,4001,Urea,5622,Import value,2015,2015,1000 USD,36211.480000,A
95,'340,Honduras,4001,Urea,5622,Import value,2016,2016,1000 USD,34130.620000,A
95,'340,Honduras,4001,Urea,5622,Import value,2017,2017,1000 USD,40795.120000,A
95,'340,Honduras,4001,Urea,5622,Import value,2018,2018,1000 USD,52326.670000,A
95,'340,Honduras,4001,Urea,5622,Import value,2019,2019,1000 USD,38691.730000,A
95,'340,Honduras,4001,Urea,5622,Import value,2020,2020,1000 USD,50692.390000,A
95,'340,Honduras,4001,Urea,5622,Import value,2021,2021,1000 USD,70352.900000,A
95,'340,Honduras,4001,Urea,5622,Import value,2023,2023,1000 USD,65959.500000,A
95,'340,Honduras,4001,Urea,5622,Import value,2024,2024,1000 USD,65581.430000,A
95,'340,Honduras,4001,Urea,5910,Export quantity,2002,2002,t,0.100000,A
95,'340,Honduras,4001,Urea,5910,Export quantity,2003,2003,t,1186.650000,A
95,'340,Honduras,4001,Urea,5910,Export quantity,2004,2004,t,958.620000,A
95,'340,Honduras,4001,Urea,5910,Export quantity,2005,2005,t,216.490000,A
95,'340,Honduras,4001,Urea,5910,Export quantity,2006,2006,t,324.490000,A
95,'340,Honduras,4001,Urea,5910,Export quantity,2007,2007,t,285.870000,A
95,'340,Honduras,4001,Urea,5910,Export quantity,2009,2009,t,2388.560000,A
95,'340,Honduras,4001,Urea,5910,Export quantity,2010,2010,t,1724.530000,A
95,'340,Honduras,4001,Urea,5910,Export quantity,2011,2011,t,3793.030000,A
95,'340,Honduras,4001,Urea,5910,Export quantity,2012,2012,t,2058.550000,A
95,'340,Honduras,4001,Urea,5910,Export quantity,2014,2014,t,1870.100000,A
95,'340,Honduras,4001,Urea,5910,Export quantity,2015,2015,t,1991.350000,A
95,'340,Honduras,4001,Urea,5910,Export quantity,2016,2016,t,5246.100000,A
95,'340,Honduras,4001,Urea,5910,Export quantity,2017,2017,t,9448.620000,A
95,'340,Honduras,4001,Urea,5910,Export quantity,2018,2018,t,10759.990000,A
95,'340,Honduras,4001,Urea,5910,Export quantity,2019,2019,t,11982.090000,A
95,'340,Honduras,4001,Urea,5910,Export quantity,2020,2020,t,23053.980000,A
95,'340,Honduras,4001,Urea,5910,Export quantity,2021,2021,t,25428.520000,A
95,'340,Honduras,4001,Urea,5910,Export quantity,2023,2023,t,13523.280000,A
95,'340,Honduras,4001,Urea,5910,Export quantity,2024,2024,t,23952.910000,A
95,'340,Honduras,4001,Urea,5922,Export value,2002,2002,1000 USD,43.950000,A
95,'340,Honduras,4001,Urea,5922,Export value,2003,2003,1000 USD,265.940000,A
95,'340,Honduras,4001,Urea,5922,Export value,2004,2004,1000 USD,260.240000,A
95,'340,Honduras,4001,Urea,5922,Export value,2005,2005,1000 USD,65.230000,A
95,'340,Honduras,4001,Urea,5922,Export value,2006,2006,1000 USD,122.840000,A
95,'340,Honduras,4001,Urea,5922,Export value,2007,2007,1000 USD,137.000000,A
95,'340,Honduras,4001,Urea,5922,Export value,2009,2009,1000 USD,702.710000,A
95,'340,Honduras,4001,Urea,5922,Export value,2010,2010,1000 USD,478.340000,A
95,'340,Honduras,4001,Urea,5922,Export value,2011,2011,1000 USD,1764.450000,A
95,'340,Honduras,4001,Urea,5922,Export value,2012,2012,1000 USD,918.310000,A
95,'340,Honduras,4001,Urea,5922,Export value,2014,2014,1000 USD,811.570000,A
95,'340,Honduras,4001,Urea,5922,Export value,2015,2015,1000 USD,705.860000,A
95,'340,Honduras,4001,Urea,5922,Export value,2016,2016,1000 USD,1190.650000,A
95,'340,Honduras,4001,Urea,5922,Export value,2017,2017,1000 USD,2104.150000,A
95,'340,Honduras,4001,Urea,5922,Export value,2018,2018,1000 USD,3087.960000,A
95,'340,Honduras,4001,Urea,5922,Export value,2019,2019,1000 USD,3625.070000,A
95,'340,Honduras,4001,Urea,5922,Export value,2020,2020,1000 USD,5942.910000,A
95,'340,Honduras,4001,Urea,5922,Export value,2021,2021,1000 USD,9148.180000,A
95,'340,Honduras,4001,Urea,5922,Export value,2023,2023,1000 USD,5738.050000,A
95,'340,Honduras,4001,Urea,5922,Export value,2024,2024,1000 USD,8709.110000,A
95,'340,Honduras,4001,Urea,5157,Agricultural Use,2002,2002,t,1031.000000,I
95,'340,Honduras,4001,Urea,5157,Agricultural Use,2003,2003,t,72173.000000,I
95,'340,Honduras,4001,Urea,5157,Agricultural Use,2004,2004,t,88374.000000,I
95,'340,Honduras,4001,Urea,5157,Agricultural Use,2005,2005,t,65339.000000,I
95,'340,Honduras,4001,Urea,5157,Agricultural Use,2006,2006,t,85488.000000,I
95,'340,Honduras,4001,Urea,5157,Agricultural Use,2009,2009,t,71494.000000,I
95,'340,Honduras,4001,Urea,5157,Agricultural Use,2010,2010,t,81104.000000,I
95,'340,Honduras,4001,Urea,5157,Agricultural Use,2011,2011,t,124234.000000,I
95,'340,Honduras,4006,Urea and ammonium nitrate solutions (UAN),5610,Import quantity,2014,2014,t,47.850000,A
95,'340,Honduras,4006,Urea and ammonium nitrate solutions (UAN),5610,Import quantity,2020,2020,t,5.120000,A
95,'340,Honduras,4006,Urea and ammonium nitrate solutions (UAN),5610,Import quantity,2021,2021,t,0.540000,A
95,'340,Honduras,4006,Urea and ammonium nitrate solutions (UAN),5622,Import value,2014,2014,1000 USD,17.800000,A
95,'340,Honduras,4006,Urea and ammonium nitrate solutions (UAN),5622,Import value,2020,2020,1000 USD,7.780000,A
95,'340,Honduras,4006,Urea and ammonium nitrate solutions (UAN),5622,Import value,2021,2021,1000 USD,13.080000,A
