Area Code,Area Code (M49),Area,Item Code,Item,Element Code,Element,Year Code,Year,Unit,Value,Flag,Note
95,'340,Honduras,6600,Country area,5110,Area,1961,1961,1000 ha,11249.000000,I,
95,'340,Honduras,6600,Country area,5110,Area,1962,1962,1000 ha,11249.000000,I,
95,'340,Honduras,6600,Country area,5110,Area,1963,1963,1000 ha,11249.000000,I,
95,'340,Honduras,6600,Country area,5110,Area,1964,1964,1000 ha,11249.000000,I,
95,'340,Honduras,6600,Country area,5110,Area,1965,1965,1000 ha,11249.000000,I,
95,'340,Honduras,6600,Country area,5110,Area,1966,1966,1000 ha,11249.000000,I,
95,'340,Honduras,6600,Country area,5110,Area,1967,1967,1000 ha,11249.000000,I,
95,'340,Honduras,6600,Country area,5110,Area,1968,1968,1000 ha,11249.000000,I,
95,'340,Honduras,6600,Country area,5110,Area,1969,1969,1000 ha,11249.000000,I,
95,'340,Honduras,6600,Country area,5110,Area,1970,1970,1000 ha,11249.000000,I,
95,'340,Honduras,6600,Country area,5110,Area,1971,1971,1000 ha,11249.000000,I,
95,'340,Honduras,6600,Country area,5110,Area,1972,1972,1000 ha,11249.000000,I,
95,'340,Honduras,6600,Country area,5110,Area,1973,1973,1000 ha,11249.000000,I,
95,'340,Honduras,6600,Country area,5110,Area,1974,1974,1000 ha,11249.000000,I,
95,'340,Honduras,6600,Country area,5110,Area,1975,1975,1000 ha,11249.000000,I,
95,'340,Honduras,6600,Country area,5110,Area,1976,1976,1000 ha,11249.000000,I,
95,'340,Honduras,6600,Country area,5110,Area,1977,1977,1000 ha,11249.000000,I,
95,'340,Honduras,6600,Country area,5110,Area,1978,1978,1000 ha,11249.000000,I,
95,'340,Honduras,6600,Country area,5110,Area,1979,1979,1000 ha,11249.000000,I,
95,'340,Honduras,6600,Country area,5110,Area,1980,1980,1000 ha,11249.000000,I,
95,'340,Honduras,6600,Country area,5110,Area,1981,1981,1000 ha,11249.000000,I,
95,'340,Honduras,6600,Country area,5110,Area,1982,1982,1000 ha,11249.000000,I,
95,'340,Honduras,6600,Country area,5110,Area,1983,1983,1000 ha,11249.000000,I,
95,'340,Honduras,6600,Country area,5110,Area,1984,1984,1000 ha,11249.000000,I,
95,'340,Honduras,6600,Country area,5110,Area,1985,1985,1000 ha,11249.000000,I,
95,'340,Honduras,6600,Country area,5110,Area,1986,1986,1000 ha,11249.000000,I,
95,'340,Honduras,6600,Country area,5110,Area,1987,1987,1000 ha,11249.000000,I,
95,'340,Honduras,6600,Country area,5110,Area,1988,1988,1000 ha,11249.000000,I,
95,'340,Honduras,6600,Country area,5110,Area,1989,1989,1000 ha,11249.000000,I,
95,'340,Honduras,6600,Country area,5110,Area,1990,1990,1000 ha,11249.000000,I,
95,'340,Honduras,6600,Country area,5110,Area,1991,1991,1000 ha,11249.000000,I,
95,'340,Honduras,6600,Country area,5110,Area,1992,1992,1000 ha,11249.000000,A,
95,'340,Honduras,6600,Country area,5110,Area,1993,1993,1000 ha,11249.000000,A,
95,'340,Honduras,6600,Country area,5110,Area,1994,1994,1000 ha,11249.000000,A,
95,'340,Honduras,6600,Country area,5110,Area,1995,1995,1000 ha,11249.000000,A,
95,'340,Honduras,6600,Country area,5110,Area,1996,1996,1000 ha,11249.000000,A,
95,'340,Honduras,6600,Country area,5110,Area,1997,1997,1000 ha,11249.000000,A,
95,'340,Honduras,6600,Country area,5110,Area,1998,1998,1000 ha,11249.000000,A,
95,'340,Honduras,6600,Country area,5110,Area,1999,1999,1000 ha,11249.000000,A,
95,'340,Honduras,6600,Country area,5110,Area,2000,2000,1000 ha,11249.000000,A,
95,'340,Honduras,6600,Country area,5110,Area,2001,2001,1000 ha,11249.000000,A,
95,'340,Honduras,6600,Country area,5110,Area,2002,2002,1000 ha,11249.000000,A,
95,'340,Honduras,6600,Country area,5110,Area,2003,2003,1000 ha,11249.000000,A,
95,'340,Honduras,6600,Country area,5110,Area,2004,2004,1000 ha,11249.000000,A,
95,'340,Honduras,6600,Country area,5110,Area,2005,2005,1000 ha,11249.000000,A,
95,'340,Honduras,6600,Country area,5110,Area,2006,2006,1000 ha,11249.000000,A,
95,'340,Honduras,6600,Country area,5110,Area,2007,2007,1000 ha,11249.000000,A,
95,'340,Honduras,6600,Country area,5110,Area,2008,2008,1000 ha,11249.000000,A,
95,'340,Honduras,6600,Country area,5110,Area,2009,2009,1000 ha,11249.000000,A,
95,'340,Honduras,6600,Country area,5110,Area,2010,2010,1000 ha,11249.000000,A,
95,'340,Honduras,6600,Country area,5110,Area,2011,2011,1000 ha,11249.000000,A,
95,'340,Honduras,6600,Country area,5110,Area,2012,2012,1000 ha,11249.000000,A,
95,'340,Honduras,6600,Country area,5110,Area,2013,2013,1000 ha,11249.000000,A,
95,'340,Honduras,6600,Country area,5110,Area,2014,2014,1000 ha,11249.000000,A,
95,'340,Honduras,6600,Country area,5110,Area,2015,2015,1000 ha,11249.000000,A,
95,'340,Honduras,6600,Country area,5110,Area,2016,2016,1000 ha,11249.000000,A,
95,'340,Honduras,6600,Country area,5110,Area,2017,2017,1000 ha,11249.000000,A,
95,'340,Honduras,6600,Country area,5110,Area,2018,2018,1000 ha,11249.000000,A,
95,'340,Honduras,6600,Country area,5110,Area,2019,2019,1000 ha,11249.000000,A,
95,'340,Honduras,6600,Country area,5110,Area,2020,2020,1000 ha,11249.000000,I,
95,'340,Honduras,6600,Country area,5110,Area,2021,2021,1000 ha,11249.000000,A,
95,'340,Honduras,6600,Country area,5110,Area,2022,2022,1000 ha,11249.200000,A,
95,'340,Honduras,6600,Country area,5110,Area,2023,2023,1000 ha,11249.200000,A,
95,'340,Honduras,6600,Country area,5110,Area,2024,2024,1000 ha,11249.200000,A,
95,'340,Honduras,6601,Land area,5110,Area,1961,1961,1000 ha,11189.000000,A,
95,'340,Honduras,6601,Land area,5110,Area,1962,1962,1000 ha,11189.000000,A,
95,'340,Honduras,6601,Land area,5110,Area,1963,1963,1000 ha,11189.000000,A,
95,'340,Honduras,6601,Land area,5110,Area,1964,1964,1000 ha,11189.000000,A,
95,'340,Honduras,6601,Land area,5110,Area,1965,1965,1000 ha,11189.000000,A,
95,'340,Honduras,6601,Land area,5110,Area,1966,1966,1000 ha,11189.000000,A,
95,'340,Honduras,6601,Land area,5110,Area,1967,1967,1000 ha,11189.000000,A,
95,'340,Honduras,6601,Land area,5110,Area,1968,1968,1000 ha,11189.000000,A,
95,'340,Honduras,6601,Land area,5110,Area,1969,1969,1000 ha,11189.000000,A,
95,'340,Honduras,6601,Land area,5110,Area,1970,1970,1000 ha,11189.000000,A,
95,'340,Honduras,6601,Land area,5110,Area,1971,1971,1000 ha,11189.000000,A,
95,'340,Honduras,6601,Land area,5110,Area,1972,1972,1000 ha,11189.000000,A,
95,'340,Honduras,6601,Land area,5110,Area,1973,1973,1000 ha,11189.000000,A,
95,'340,Honduras,6601,Land area,5110,Area,1974,1974,1000 ha,11189.000000,A,
95,'340,Honduras,6601,Land area,5110,Area,1975,1975,1000 ha,11189.000000,A,
95,'340,Honduras,6601,Land area,5110,Area,1976,1976,1000 ha,11189.000000,A,
95,'340,Honduras,6601,Land area,5110,Area,1977,1977,1000 ha,11189.000000,A,
95,'340,Honduras,6601,Land area,5110,Area,1978,1978,1000 ha,11189.000000,A,
95,'340,Honduras,6601,Land area,5110,Area,1979,1979,1000 ha,11189.000000,A,
95,'340,Honduras,6601,Land area,5110,Area,1980,1980,1000 ha,11189.000000,A,
95,'340,Honduras,6601,Land area,5110,Area,1981,1981,1000 ha,11189.000000,A,
95,'340,Honduras,6601,Land area,5110,Area,1982,1982,1000 ha,11189.000000,A,
95,'340,Honduras,6601,Land area,5110,Area,1983,1983,1000 ha,11189.000000,A,
95,'340,Honduras,6601,Land area,5110,Area,1984,1984,1000 ha,11189.000000,A,
95,'340,Honduras,6601,Land area,5110,Area,1985,1985,1000 ha,11189.000000,A,
95,'340,Honduras,6601,Land area,5110,Area,1986,1986,1000 ha,11189.000000,A,
95,'340,Honduras,6601,Land area,5110,Area,1987,1987,1000 ha,11189.000000,A,
95,'340,Honduras,6601,Land area,5110,Area,1988,1988,1000 ha,11189.000000,A,
95,'340,Honduras,6601,Land area,5110,Area,1989,1989,1000 ha,11189.000000,A,
95,'340,Honduras,6601,Land area,5110,Area,1990,1990,1000 ha,11189.000000,A,
95,'340,Honduras,6601,Land area,5110,Area,1991,1991,1000 ha,11189.000000,A,
95,'340,Honduras,6601,Land area,5110,Area,1992,1992,1000 ha,11189.000000,A,
95,'340,Honduras,6601,Land area,5110,Area,1993,1993,1000 ha,11189.000000,A,
95,'340,Honduras,6601,Land area,5110,Area,1994,1994,1000 ha,11189.000000,A,
95,'340,Honduras,6601,Land area,5110,Area,1995,1995,1000 ha,11189.000000,A,
95,'340,Honduras,6601,Land area,5110,Area,1996,1996,1000 ha,11189.000000,A,
95,'340,Honduras,6601,Land area,5110,Area,1997,1997,1000 ha,11189.000000,A,
95,'340,Honduras,6601,Land area,5110,Area,1998,1998,1000 ha,11189.000000,A,
95,'340,Honduras,6601,Land area,5110,Area,1999,1999,1000 ha,11189.000000,A,
95,'340,Honduras,6601,Land area,5110,Area,2000,2000,1000 ha,11189.000000,A,
95,'340,Honduras,6601,Land area,5110,Area,2001,2001,1000 ha,11189.000000,A,
95,'340,Honduras,6601,Land area,5110,Area,2002,2002,1000 ha,11189.000000,A,
95,'340,Honduras,6601,Land area,5110,Area,2003,2003,1000 ha,11189.000000,A,
95,'340,Honduras,6601,Land area,5110,Area,2004,2004,1000 ha,11189.000000,I,
95,'340,Honduras,6601,Land area,5110,Area,2005,2005,1000 ha,11189.000000,I,
95,'340,Honduras,6601,Land area,5110,Area,2006,2006,1000 ha,11189.000000,I,
95,'340,Honduras,6601,Land area,5110,Area,2007,2007,1000 ha,11189.000000,I,
95,'340,Honduras,6601,Land area,5110,Area,2008,2008,1000 ha,11189.000000,I,
95,'340,Honduras,6601,Land area,5110,Area,2009,2009,1000 ha,11189.000000,I,
95,'340,Honduras,6601,Land area,5110,Area,2010,2010,1000 ha,11189.000000,I,
95,'340,Honduras,6601,Land area,5110,Area,2011,2011,1000 ha,11189.000000,I,
95,'340,Honduras,6601,Land area,5110,Area,2012,2012,1000 ha,11189.000000,I,
95,'340,Honduras,6601,Land area,5110,Area,2013,2013,1000 ha,11189.000000,I,
95,'340,Honduras,6601,Land area,5110,Area,2014,2014,1000 ha,11189.000000,I,
95,'340,Honduras,6601,Land area,5110,Area,2015,2015,1000 ha,11189.000000,I,
95,'340,Honduras,6601,Land area,5110,Area,2016,2016,1000 ha,11189.000000,I,
95,'340,Honduras,6601,Land area,5110,Area,2017,2017,1000 ha,11189.000000,I,
95,'340,Honduras,6601,Land area,5110,Area,2018,2018,1000 ha,11189.000000,I,
95,'340,Honduras,6601,Land area,5110,Area,2019,2019,1000 ha,11189.000000,I,
95,'340,Honduras,6601,Land area,5110,Area,2020,2020,1000 ha,11189.000000,I,
95,'340,Honduras,6601,Land area,5110,Area,2021,2021,1000 ha,11189.000000,I,
95,'340,Honduras,6601,Land area,5110,Area,2022,2022,1000 ha,11189.000000,I,
95,'340,Honduras,6601,Land area,5110,Area,2023,2023,1000 ha,11189.000000,I,
95,'340,Honduras,6601,Land area,5110,Area,2024,2024,1000 ha,11189.000000,I,
95,'340,Honduras,6602,Agriculture,5110,Area,1961,1961,1000 ha,3041.000000,I,
95,'340,Honduras,6602,Agriculture,5110,Area,1962,1962,1000 ha,3051.000000,I,
95,'340,Honduras,6602,Agriculture,5110,Area,1963,1963,1000 ha,3056.000000,I,
95,'340,Honduras,6602,Agriculture,5110,Area,1964,1964,1000 ha,3061.000000,I,
95,'340,Honduras,6602,Agriculture,5110,Area,1965,1965,1000 ha,3066.000000,I,
95,'340,Honduras,6602,Agriculture,5110,Area,1966,1966,1000 ha,3076.000000,I,
95,'340,Honduras,6602,Agriculture,5110,Area,1967,1967,1000 ha,3086.000000,I,
95,'340,Honduras,6602,Agriculture,5110,Area,1968,1968,1000 ha,3091.000000,I,
95,'340,Honduras,6602,Agriculture,5110,Area,1969,1969,1000 ha,3091.000000,I,
95,'340,Honduras,6602,Agriculture,5110,Area,1970,1970,1000 ha,3101.000000,I,
95,'340,Honduras,6602,Agriculture,5110,Area,1971,1971,1000 ha,3106.000000,I,
95,'340,Honduras,6602,Agriculture,5110,Area,1972,1972,1000 ha,3141.000000,I,
95,'340,Honduras,6602,Agriculture,5110,Area,1973,1973,1000 ha,3151.000000,I,
95,'340,Honduras,6602,Agriculture,5110,Area,1974,1974,1000 ha,3157.000000,I,
95,'340,Honduras,6602,Agriculture,5110,Area,1975,1975,1000 ha,3196.000000,I,
95,'340,Honduras,6602,Agriculture,5110,Area,1976,1976,1000 ha,3231.000000,I,
95,'340,Honduras,6602,Agriculture,5110,Area,1977,1977,1000 ha,3306.000000,I,
95,'340,Honduras,6602,Agriculture,5110,Area,1978,1978,1000 ha,3318.000000,I,
95,'340,Honduras,6602,Agriculture,5110,Area,1979,1979,1000 ha,3318.000000,I,
95,'340,Honduras,6602,Agriculture,5110,Area,1980,1980,1000 ha,3318.000000,I,
95,'340,Honduras,6602,Agriculture,5110,Area,1981,1981,1000 ha,3325.000000,I,
95,'340,Honduras,6602,Agriculture,5110,Area,1982,1982,1000 ha,3330.000000,I,
95,'340,Honduras,6602,Agriculture,5110,Area,1983,1983,1000 ha,3331.000000,I,
95,'340,Honduras,6602,Agriculture,5110,Area,1984,1984,1000 ha,3338.000000,I,
95,'340,Honduras,6602,Agriculture,5110,Area,1985,1985,1000 ha,3339.000000,I,
95,'340,Honduras,6602,Agriculture,5110,Area,1986,1986,1000 ha,3346.000000,I,
95,'340,Honduras,6602,Agriculture,5110,Area,1987,1987,1000 ha,3346.000000,I,
95,'340,Honduras,6602,Agriculture,5110,Area,1988,1988,1000 ha,3346.000000,I,
95,'340,Honduras,6602,Agriculture,5110,Area,1989,1989,1000 ha,3371.000000,I,
95,'340,Honduras,6602,Agriculture,5110,Area,1990,1990,1000 ha,3374.000000,I,
95,'340,Honduras,6602,Agriculture,5110,Area,1991,1991,1000 ha,3389.000000,I,
95,'340,Honduras,6602,Agriculture,5110,Area,1992,1992,1000 ha,3395.000000,I,
95,'340,Honduras,6602,Agriculture,5110,Area,1993,1993,1000 ha,3548.000000,I,
95,'340,Honduras,6602,Agriculture,5110,Area,1994,1994,1000 ha,3519.430000,I,
95,'340,Honduras,6602,Agriculture,5110,Area,1995,1995,1000 ha,3475.860000,I,
95,'340,Honduras,6602,Agriculture,5110,Area,1996,1996,1000 ha,3472.290000,I,
95,'340,Honduras,6602,Agriculture,5110,Area,1997,1997,1000 ha,3393.710000,I,
95,'340,Honduras,6602,Agriculture,5110,Area,1998,1998,1000 ha,3390.140000,I,
95,'340,Honduras,6602,Agriculture,5110,Area,1999,1999,1000 ha,3338.570000,I,
95,'340,Honduras,6602,Agriculture,5110,Area,2000,2000,1000 ha,2935.000000,I,
95,'340,Honduras,6602,Agriculture,5110,Area,2001,2001,1000 ha,2966.130000,I,
95,'340,Honduras,6602,Agriculture,5110,Area,2002,2002,1000 ha,2997.250000,I,
95,'340,Honduras,6602,Agriculture,5110,Area,2003,2003,1000 ha,3028.380000,I,
95,'340,Honduras,6602,Agriculture,5110,Area,2004,2004,1000 ha,3059.500000,I,
95,'340,Honduras,6602,Agriculture,5110,Area,2005,2005,1000 ha,3090.630000,I,
95,'340,Honduras,6602,Agriculture,5110,Area,2006,2006,1000 ha,3121.750000,I,
95,'340,Honduras,6602,Agriculture,5110,Area,2007,2007,1000 ha,3152.880000,I,
95,'340,Honduras,6602,Agriculture,5110,Area,2008,2008,1000 ha,3184.000000,I,
95,'340,Honduras,6602,Agriculture,5110,Area,2009,2009,1000 ha,3173.690000,I,
95,'340,Honduras,6602,Agriculture,5110,Area,2010,2010,1000 ha,3217.380000,I,
95,'340,Honduras,6602,Agriculture,5110,Area,2011,2011,1000 ha,3229.070000,I,
95,'340,Honduras,6602,Agriculture,5110,Area,2012,2012,1000 ha,3240.760000,I,
95,'340,Honduras,6602,Agriculture,5110,Area,2013,2013,1000 ha,3222.450000,I,
95,'340,Honduras,6602,Agriculture,5110,Area,2014,2014,1000 ha,3204.130000,I,
95,'340,Honduras,6602,Agriculture,5110,Area,2015,2015,1000 ha,3185.820000,I,
95,'340,Honduras,6602,Agriculture,5110,Area,2016,2016,1000 ha,3167.510000,I,
95,'340,Honduras,6602,Agriculture,5110,Area,2017,2017,1000 ha,3262.030000,I,
95,'340,Honduras,6602,Agriculture,5110,Area,2018,2018,1000 ha,3243.720000,I,
95,'340,Honduras,6602,Agriculture,5110,Area,2019,2019,1000 ha,3225.410000,I,
95,'340,Honduras,6602,Agriculture,5110,Area,2020,2020,1000 ha,3207.100000,I,
95,'340,Honduras,6602,Agriculture,5110,Area,2021,2021,1000 ha,3188.780000,I,
95,'340,Honduras,6602,Agriculture,5110,Area,2022,2022,1000 ha,3170.470000,I,
95,'340,Honduras,6602,Agriculture,5110,Area,2023,2023,1000 ha,3152.160000,I,
95,'340,Honduras,6602,Agriculture,5110,Area,2024,2024,1000 ha,3187.850000,I,
95,'340,Honduras,6610,Agricultural land,5110,Area,1961,1961,1000 ha,3041.000000,I,
95,'340,Honduras,6610,Agricultural land,5110,Area,1962,1962,1000 ha,3051.000000,I,
95,'340,Honduras,6610,Agricultural land,5110,Area,1963,1963,1000 ha,3056.000000,I,
95,'340,Honduras,6610,Agricultural land,5110,Area,1964,1964,1000 ha,3061.000000,I,
95,'340,Honduras,6610,Agricultural land,5110,Area,1965,1965,1000 ha,3066.000000,I,
95,'340,Honduras,6610,Agricultural land,5110,Area,1966,1966,1000 ha,3076.000000,I,
95,'340,Honduras,6610,Agricultural land,5110,Area,1967,1967,1000 ha,3086.000000,I,
95,'340,Honduras,6610,Agricultural land,5110,Area,1968,1968,1000 ha,3091.000000,I,
95,'340,Honduras,6610,Agricultural land,5110,Area,1969,1969,1000 ha,3091.000000,I,
95,'340,Honduras,6610,Agricultural land,5110,Area,1970,1970,1000 ha,3101.000000,I,
95,'340,Honduras,6610,Agricultural land,5110,Area,1971,1971,1000 ha,3106.000000,I,
95,'340,Honduras,6610,Agricultural land,5110,Area,1972,1972,1000 ha,3141.000000,I,
95,'340,Honduras,6610,Agricultural land,5110,Area,1973,1973,1000 ha,3151.000000,I,
95,'340,Honduras,6610,Agricultural land,5110,Area,1974,1974,1000 ha,3157.000000,I,
95,'340,Honduras,6610,Agricultural land,5110,Area,1975,1975,1000 ha,3196.000000,I,
95,'340,Honduras,6610,Agricultural land,5110,Area,1976,1976,1000 ha,3231.000000,I,
95,'340,Honduras,6610,Agricultural land,5110,Area,1977,1977,1000 ha,3306.000000,I,
95,'340,Honduras,6610,Agricultural land,5110,Area,1978,1978,1000 ha,3318.000000,I,
95,'340,Honduras,6610,Agricultural land,5110,Area,1979,1979,1000 ha,3318.000000,I,
95,'340,Honduras,6610,Agricultural land,5110,Area,1980,1980,1000 ha,3318.000000,I,
95,'340,Honduras,6610,Agricultural land,5110,Area,1981,1981,1000 ha,3325.000000,I,
95,'340,Honduras,6610,Agricultural land,5110,Area,1982,1982,1000 ha,3330.000000,I,
95,'340,Honduras,6610,Agricultural land,5110,Area,1983,1983,1000 ha,3331.000000,I,
95,'340,Honduras,6610,Agricultural land,5110,Area,1984,1984,1000 ha,3338.000000,I,
95,'340,Honduras,6610,Agricultural land,5110,Area,1985,1985,1000 ha,3339.000000,I,
95,'340,Honduras,6610,Agricultural land,5110,Area,1986,1986,1000 ha,3346.000000,I,
95,'340,Honduras,6610,Agricultural land,5110,Area,1987,1987,1000 ha,3346.000000,I,
95,'340,Honduras,6610,Agricultural land,5110,Area,1988,1988,1000 ha,3346.000000,I,
95,'340,Honduras,6610,Agricultural land,5110,Area,1989,1989,1000 ha,3371.000000,I,
95,'340,Honduras,6610,Agricultural land,5110,Area,1990,1990,1000 ha,3374.000000,I,
95,'340,Honduras,6610,Agricultural land,5110,Area,1991,1991,1000 ha,3389.000000,I,
95,'340,Honduras,6610,Agricultural land,5110,Area,1992,1992,1000 ha,3395.000000,I,
95,'340,Honduras,6610,Agricultural land,5110,Area,1993,1993,1000 ha,3548.000000,A,
95,'340,Honduras,6610,Agricultural land,5110,Area,1994,1994,1000 ha,3519.430000,I,
95,'340,Honduras,6610,Agricultural land,5110,Area,1995,1995,1000 ha,3475.860000,I,
95,'340,Honduras,6610,Agricultural land,5110,Area,1996,1996,1000 ha,3472.290000,I,
95,'340,Honduras,6610,Agricultural land,5110,Area,1997,1997,1000 ha,3393.710000,I,
95,'340,Honduras,6610,Agricultural land,5110,Area,1998,1998,1000 ha,3390.140000,I,
95,'340,Honduras,6610,Agricultural land,5110,Area,1999,1999,1000 ha,3338.570000,I,
95,'340,Honduras,6610,Agricultural land,5110,Area,2000,2000,1000 ha,2935.000000,A,
95,'340,Honduras,6610,Agricultural land,5110,Area,2001,2001,1000 ha,2966.130000,I,
95,'340,Honduras,6610,Agricultural land,5110,Area,2002,2002,1000 ha,2997.250000,I,
95,'340,Honduras,6610,Agricultural land,5110,Area,2003,2003,1000 ha,3028.380000,I,
95,'340,Honduras,6610,Agricultural land,5110,Area,2004,2004,1000 ha,3059.500000,I,
95,'340,Honduras,6610,Agricultural land,5110,Area,2005,2005,1000 ha,3090.630000,I,
95,'340,Honduras,6610,Agricultural land,5110,Area,2006,2006,1000 ha,3121.750000,I,
95,'340,Honduras,6610,Agricultural land,5110,Area,2007,2007,1000 ha,3152.880000,I,
95,'340,Honduras,6610,Agricultural land,5110,Area,2008,2008,1000 ha,3184.000000,A,
95,'340,Honduras,6610,Agricultural land,5110,Area,2009,2009,1000 ha,3173.690000,I,
95,'340,Honduras,6610,Agricultural land,5110,Area,2010,2010,1000 ha,3217.380000,I,
95,'340,Honduras,6610,Agricultural land,5110,Area,2011,2011,1000 ha,3229.070000,I,
95,'340,Honduras,6610,Agricultural land,5110,Area,2012,2012,1000 ha,3240.760000,I,
95,'340,Honduras,6610,Agricultural land,5110,Area,2013,2013,1000 ha,3222.450000,I,
95,'340,Honduras,6610,Agricultural land,5110,Area,2014,2014,1000 ha,3204.130000,I,
95,'340,Honduras,6610,Agricultural land,5110,Area,2015,2015,1000 ha,3185.820000,I,
95,'340,Honduras,6610,Agricultural land,5110,Area,2016,2016,1000 ha,3167.510000,I,
95,'340,Honduras,6610,Agricultural land,5110,Area,2017,2017,1000 ha,3262.030000,I,
95,'340,Honduras,6610,Agricultural land,5110,Area,2018,2018,1000 ha,3243.720000,I,
95,'340,Honduras,6610,Agricultural land,5110,Area,2019,2019,1000 ha,3225.410000,I,
95,'340,Honduras,6610,Agricultural land,5110,Area,2020,2020,1000 ha,3207.100000,I,
95,'340,Honduras,6610,Agricultural land,5110,Area,2021,2021,1000 ha,3188.780000,I,
95,'340,Honduras,6610,Agricultural land,5110,Area,2022,2022,1000 ha,3170.470000,I,
95,'340,Honduras,6610,Agricultural land,5110,Area,2023,2023,1000 ha,3152.160000,I,
95,'340,Honduras,6610,Agricultural land,5110,Area,2024,2024,1000 ha,3187.850000,I,
95,'340,Honduras,6610,Agricultural land,7209,Share in Land area,1961,1961,%,27.180000,E,
95,'340,Honduras,6610,Agricultural land,7209,Share in Land area,1962,1962,%,27.270000,E,
95,'340,Honduras,6610,Agricultural land,7209,Share in Land area,1963,1963,%,27.310000,E,
95,'340,Honduras,6610,Agricultural land,7209,Share in Land area,1964,1964,%,27.360000,E,
95,'340,Honduras,6610,Agricultural land,7209,Share in Land area,1965,1965,%,27.400000,E,
95,'340,Honduras,6610,Agricultural land,7209,Share in Land area,1966,1966,%,27.490000,E,
95,'340,Honduras,6610,Agricultural land,7209,Share in Land area,1967,1967,%,27.580000,E,
95,'340,Honduras,6610,Agricultural land,7209,Share in Land area,1968,1968,%,27.630000,E,
95,'340,Honduras,6610,Agricultural land,7209,Share in Land area,1969,1969,%,27.630000,E,
95,'340,Honduras,6610,Agricultural land,7209,Share in Land area,1970,1970,%,27.710000,E,
95,'340,Honduras,6610,Agricultural land,7209,Share in Land area,1971,1971,%,27.760000,E,
95,'340,Honduras,6610,Agricultural land,7209,Share in Land area,1972,1972,%,28.070000,E,
95,'340,Honduras,6610,Agricultural land,7209,Share in Land area,1973,1973,%,28.160000,E,
95,'340,Honduras,6610,Agricultural land,7209,Share in Land area,1974,1974,%,28.220000,E,
95,'340,Honduras,6610,Agricultural land,7209,Share in Land area,1975,1975,%,28.560000,E,
95,'340,Honduras,6610,Agricultural land,7209,Share in Land area,1976,1976,%,28.880000,E,
95,'340,Honduras,6610,Agricultural land,7209,Share in Land area,1977,1977,%,29.550000,E,
95,'340,Honduras,6610,Agricultural land,7209,Share in Land area,1978,1978,%,29.650000,E,
95,'340,Honduras,6610,Agricultural land,7209,Share in Land area,1979,1979,%,29.650000,E,
95,'340,Honduras,6610,Agricultural land,7209,Share in Land area,1980,1980,%,29.650000,E,
95,'340,Honduras,6610,Agricultural land,7209,Share in Land area,1981,1981,%,29.720000,E,
95,'340,Honduras,6610,Agricultural land,7209,Share in Land area,1982,1982,%,29.760000,E,
95,'340,Honduras,6610,Agricultural land,7209,Share in Land area,1983,1983,%,29.770000,E,
95,'340,Honduras,6610,Agricultural land,7209,Share in Land area,1984,1984,%,29.830000,E,
95,'340,Honduras,6610,Agricultural land,7209,Share in Land area,1985,1985,%,29.840000,E,
95,'340,Honduras,6610,Agricultural land,7209,Share in Land area,1986,1986,%,29.900000,E,
95,'340,Honduras,6610,Agricultural land,7209,Share in Land area,1987,1987,%,29.900000,E,
95,'340,Honduras,6610,Agricultural land,7209,Share in Land area,1988,1988,%,29.900000,E,
95,'340,Honduras,6610,Agricultural land,7209,Share in Land area,1989,1989,%,30.130000,E,
95,'340,Honduras,6610,Agricultural land,7209,Share in Land area,1990,1990,%,30.150000,E,
95,'340,Honduras,6610,Agricultural land,7209,Share in Land area,1991,1991,%,30.290000,E,
95,'340,Honduras,6610,Agricultural land,7209,Share in Land area,1992,1992,%,30.340000,E,
95,'340,Honduras,6610,Agricultural land,7209,Share in Land area,1993,1993,%,31.710000,E,
95,'340,Honduras,6610,Agricultural land,7209,Share in Land area,1994,1994,%,31.450000,E,
95,'340,Honduras,6610,Agricultural land,7209,Share in Land area,1995,1995,%,31.060000,E,
95,'340,Honduras,6610,Agricultural land,7209,Share in Land area,1996,1996,%,31.030000,E,
95,'340,Honduras,6610,Agricultural land,7209,Share in Land area,1997,1997,%,30.330000,E,
95,'340,Honduras,6610,Agricultural land,7209,Share in Land area,1998,1998,%,30.300000,E,
95,'340,Honduras,6610,Agricultural land,7209,Share in Land area,1999,1999,%,29.840000,E,
95,'340,Honduras,6610,Agricultural land,7209,Share in Land area,2000,2000,%,26.230000,E,
95,'340,Honduras,6610,Agricultural land,7209,Share in Land area,2001,2001,%,26.510000,E,
95,'340,Honduras,6610,Agricultural land,7209,Share in Land area,2002,2002,%,26.790000,E,
95,'340,Honduras,6610,Agricultural land,7209,Share in Land area,2003,2003,%,27.070000,E,
95,'340,Honduras,6610,Agricultural land,7209,Share in Land area,2004,2004,%,27.340000,E,
95,'340,Honduras,6610,Agricultural land,7209,Share in Land area,2005,2005,%,27.620000,E,
95,'340,Honduras,6610,Agricultural land,7209,Share in Land area,2006,2006,%,27.900000,E,
95,'340,Honduras,6610,Agricultural land,7209,Share in Land area,2007,2007,%,28.180000,E,
95,'340,Honduras,6610,Agricultural land,7209,Share in Land area,2008,2008,%,28.460000,E,
95,'340,Honduras,6610,Agricultural land,7209,Share in Land area,2009,2009,%,28.360000,E,
95,'340,Honduras,6610,Agricultural land,7209,Share in Land area,2010,2010,%,28.750000,E,
95,'340,Honduras,6610,Agricultural land,7209,Share in Land area,2011,2011,%,28.860000,E,
95,'340,Honduras,6610,Agricultural land,7209,Share in Land area,2012,2012,%,28.960000,E,
95,'340,Honduras,6610,Agricultural land,7209,Share in Land area,2013,2013,%,28.800000,E,
95,'340,Honduras,6610,Agricultural land,7209,Share in Land area,2014,2014,%,28.640000,E,
95,'340,Honduras,6610,Agricultural land,7209,Share in Land area,2015,2015,%,28.470000,E,
95,'340,Honduras,6610,Agricultural land,7209,Share in Land area,2016,2016,%,28.310000,E,
95,'340,Honduras,6610,Agricultural land,7209,Share in Land area,2017,2017,%,29.150000,E,
95,'340,Honduras,6610,Agricultural land,7209,Share in Land area,2018,2018,%,28.990000,E,
95,'340,Honduras,6610,Agricultural land,7209,Share in Land area,2019,2019,%,28.830000,E,
95,'340,Honduras,6610,Agricultural land,7209,Share in Land area,2020,2020,%,28.660000,E,
95,'340,Honduras,6610,Agricultural land,7209,Share in Land area,2021,2021,%,28.500000,E,
95,'340,Honduras,6610,Agricultural land,7209,Share in Land area,2022,2022,%,28.340000,E,
95,'340,Honduras,6610,Agricultural land,7209,Share in Land area,2023,2023,%,28.170000,E,
95,'340,Honduras,6610,Agricultural land,7209,Share in Land area,2024,2024,%,28.490000,E,
95,'340,Honduras,6610,Agricultural land,7278,Value of agricultural production (Int. $) per Area,1961,1961,USD_PPP/ha,223.510000,E,
95,'340,Honduras,6610,Agricultural land,7278,Value of agricultural production (Int. $) per Area,1962,1962,USD_PPP/ha,228.370000,E,
95,'340,Honduras,6610,Agricultural land,7278,Value of agricultural production (Int. $) per Area,1963,1963,USD_PPP/ha,229.310000,E,
95,'340,Honduras,6610,Agricultural land,7278,Value of agricultural production (Int. $) per Area,1964,1964,USD_PPP/ha,245.570000,E,
95,'340,Honduras,6610,Agricultural land,7278,Value of agricultural production (Int. $) per Area,1965,1965,USD_PPP/ha,252.050000,E,
95,'340,Honduras,6610,Agricultural land,7278,Value of agricultural production (Int. $) per Area,1966,1966,USD_PPP/ha,287.770000,E,
95,'340,Honduras,6610,Agricultural land,7278,Value of agricultural production (Int. $) per Area,1967,1967,USD_PPP/ha,327.970000,E,
95,'340,Honduras,6610,Agricultural land,7278,Value of agricultural production (Int. $) per Area,1968,1968,USD_PPP/ha,348.390000,E,
95,'340,Honduras,6610,Agricultural land,7278,Value of agricultural production (Int. $) per Area,1969,1969,USD_PPP/ha,364.150000,E,
95,'340,Honduras,6610,Agricultural land,7278,Value of agricultural production (Int. $) per Area,1970,1970,USD_PPP/ha,355.200000,E,
95,'340,Honduras,6610,Agricultural land,7278,Value of agricultural production (Int. $) per Area,1971,1971,USD_PPP/ha,387.770000,E,
95,'340,Honduras,6610,Agricultural land,7278,Value of agricultural production (Int. $) per Area,1972,1972,USD_PPP/ha,404.300000,E,
95,'340,Honduras,6610,Agricultural land,7278,Value of agricultural production (Int. $) per Area,1973,1973,USD_PPP/ha,392.730000,E,
95,'340,Honduras,6610,Agricultural land,7278,Value of agricultural production (Int. $) per Area,1974,1974,USD_PPP/ha,360.790000,E,
95,'340,Honduras,6610,Agricultural land,7278,Value of agricultural production (Int. $) per Area,1975,1975,USD_PPP/ha,313.560000,E,
95,'340,Honduras,6610,Agricultural land,7278,Value of agricultural production (Int. $) per Area,1976,1976,USD_PPP/ha,352.400000,E,
95,'340,Honduras,6610,Agricultural land,7278,Value of agricultural production (Int. $) per Area,1977,1977,USD_PPP/ha,374.930000,E,
95,'340,Honduras,6610,Agricultural land,7278,Value of agricultural production (Int. $) per Area,1978,1978,USD_PPP/ha,415.670000,E,
95,'340,Honduras,6610,Agricultural land,7278,Value of agricultural production (Int. $) per Area,1979,1979,USD_PPP/ha,410.150000,E,
95,'340,Honduras,6610,Agricultural land,7278,Value of agricultural production (Int. $) per Area,1980,1980,USD_PPP/ha,449.060000,E,
95,'340,Honduras,6610,Agricultural land,7278,Value of agricultural production (Int. $) per Area,1981,1981,USD_PPP/ha,465.540000,E,
95,'340,Honduras,6610,Agricultural land,7278,Value of agricultural production (Int. $) per Area,1982,1982,USD_PPP/ha,449.920000,E,
95,'340,Honduras,6610,Agricultural land,7278,Value of agricultural production (Int. $) per Area,1983,1983,USD_PPP/ha,422.020000,E,
95,'340,Honduras,6610,Agricultural land,7278,Value of agricultural production (Int. $) per Area,1984,1984,USD_PPP/ha,406.090000,E,
95,'340,Honduras,6610,Agricultural land,7278,Value of agricultural production (Int. $) per Area,1985,1985,USD_PPP/ha,419.040000,E,
95,'340,Honduras,6610,Agricultural land,7278,Value of agricultural production (Int. $) per Area,1986,1986,USD_PPP/ha,410.100000,E,
95,'340,Honduras,6610,Agricultural land,7278,Value of agricultural production (Int. $) per Area,1987,1987,USD_PPP/ha,451.290000,E,
95,'340,Honduras,6610,Agricultural land,7278,Value of agricultural production (Int. $) per Area,1988,1988,USD_PPP/ha,466.370000,E,
95,'340,Honduras,6610,Agricultural land,7278,Value of agricultural production (Int. $) per Area,1989,1989,USD_PPP/ha,475.930000,E,
95,'340,Honduras,6610,Agricultural land,7278,Value of agricultural production (Int. $) per Area,1990,1990,USD_PPP/ha,501.270000,E,
95,'340,Honduras,6610,Agricultural land,7278,Value of agricultural production (Int. $) per Area,1991,1991,USD_PPP/ha,491.560000,E,
95,'340,Honduras,6610,Agricultural land,7278,Value of agricultural production (Int. $) per Area,1992,1992,USD_PPP/ha,503.730000,E,
95,'340,Honduras,6610,Agricultural land,7278,Value of agricultural production (Int. $) per Area,1993,1993,USD_PPP/ha,495.460000,E,
95,'340,Honduras,6610,Agricultural land,7278,Value of agricultural production (Int. $) per Area,1994,1994,USD_PPP/ha,540.830000,E,
95,'340,Honduras,6610,Agricultural land,7278,Value of agricultural production (Int. $) per Area,1995,1995,USD_PPP/ha,547.060000,E,
95,'340,Honduras,6610,Agricultural land,7278,Value of agricultural production (Int. $) per Area,1996,1996,USD_PPP/ha,610.490000,E,
95,'340,Honduras,6610,Agricultural land,7278,Value of agricultural production (Int. $) per Area,1997,1997,USD_PPP/ha,619.120000,E,
95,'340,Honduras,6610,Agricultural land,7278,Value of agricultural production (Int. $) per Area,1998,1998,USD_PPP/ha,617.410000,E,
95,'340,Honduras,6610,Agricultural land,7278,Value of agricultural production (Int. $) per Area,1999,1999,USD_PPP/ha,541.290000,E,
95,'340,Honduras,6610,Agricultural land,7278,Value of agricultural production (Int. $) per Area,2000,2000,USD_PPP/ha,659.090000,E,
95,'340,Honduras,6610,Agricultural land,7278,Value of agricultural production (Int. $) per Area,2001,2001,USD_PPP/ha,679.110000,E,
95,'340,Honduras,6610,Agricultural land,7278,Value of agricultural production (Int. $) per Area,2002,2002,USD_PPP/ha,715.200000,E,
95,'340,Honduras,6610,Agricultural land,7278,Value of agricultural production (Int. $) per Area,2003,2003,USD_PPP/ha,785.590000,E,
95,'340,Honduras,6610,Agricultural land,7278,Value of agricultural production (Int. $) per Area,2004,2004,USD_PPP/ha,816.700000,E,
95,'340,Honduras,6610,Agricultural land,7278,Value of agricultural production (Int. $) per Area,2005,2005,USD_PPP/ha,850.740000,E,
95,'340,Honduras,6610,Agricultural land,7278,Value of agricultural production (Int. $) per Area,2006,2006,USD_PPP/ha,849.860000,E,
95,'340,Honduras,6610,Agricultural land,7278,Value of agricultural production (Int. $) per Area,2007,2007,USD_PPP/ha,893.060000,E,
95,'340,Honduras,6610,Agricultural land,7278,Value of agricultural production (Int. $) per Area,2008,2008,USD_PPP/ha,909.060000,E,
95,'340,Honduras,6610,Agricultural land,7278,Value of agricultural production (Int. $) per Area,2009,2009,USD_PPP/ha,882.890000,E,
95,'340,Honduras,6610,Agricultural land,7278,Value of agricultural production (Int. $) per Area,2010,2010,USD_PPP/ha,859.710000,E,
95,'340,Honduras,6610,Agricultural land,7278,Value of agricultural production (Int. $) per Area,2011,2011,USD_PPP/ha,915.170000,E,
95,'340,Honduras,6610,Agricultural land,7278,Value of agricultural production (Int. $) per Area,2012,2012,USD_PPP/ha,972.960000,E,
95,'340,Honduras,6610,Agricultural land,7278,Value of agricultural production (Int. $) per Area,2013,2013,USD_PPP/ha,930.150000,E,
95,'340,Honduras,6610,Agricultural land,7278,Value of agricultural production (Int. $) per Area,2014,2014,USD_PPP/ha,883.390000,E,
95,'340,Honduras,6610,Agricultural land,7278,Value of agricultural production (Int. $) per Area,2015,2015,USD_PPP/ha,957.460000,E,
95,'340,Honduras,6610,Agricultural land,7278,Value of agricultural production (Int. $) per Area,2016,2016,USD_PPP/ha,1019.860000,E,
95,'340,Honduras,6610,Agricultural land,7278,Value of agricultural production (Int. $) per Area,2017,2017,USD_PPP/ha,1070.120000,E,
95,'340,Honduras,6610,Agricultural land,7278,Value of agricultural production (Int. $) per Area,2018,2018,USD_PPP/ha,1097.030000,E,
95,'340,Honduras,6610,Agricultural land,7278,Value of agricultural production (Int. $) per Area,2019,2019,USD_PPP/ha,1082.550000,E,
95,'340,Honduras,6610,Agricultural land,7278,Value of agricultural production (Int. $) per Area,2020,2020,USD_PPP/ha,1006.560000,E,
95,'340,Honduras,6610,Agricultural land,7278,Value of agricultural production (Int. $) per Area,2021,2021,USD_PPP/ha,1032.930000,E,
95,'340,Honduras,6610,Agricultural land,7278,Value of agricultural production (Int. $) per Area,2022,2022,USD_PPP/ha,1017.960000,E,
95,'340,Honduras,6610,Agricultural land,7278,Value of agricultural production (Int. $) per Area,2023,2023,USD_PPP/ha,1060.000000,E,
95,'340,Honduras,6610,Agricultural land,7278,Value of agricultural production (Int. $) per Area,2024,2024,USD_PPP/ha,1009.120000,E,
95,'340,Honduras,6620,Cropland,5110,Area,1961,1961,1000 ha,1480.000000,I,
95,'340,Honduras,6620,Cropland,5110,Area,1962,1962,1000 ha,1490.000000,I,
95,'340,Honduras,6620,Cropland,5110,Area,1963,1963,1000 ha,1495.000000,I,
95,'340,Honduras,6620,Cropland,5110,Area,1964,1964,1000 ha,1500.000000,I,
95,'340,Honduras,6620,Cropland,5110,Area,1965,1965,1000 ha,1505.000000,I,
95,'340,Honduras,6620,Cropland,5110,Area,1966,1966,1000 ha,1515.000000,I,
95,'340,Honduras,6620,Cropland,5110,Area,1967,1967,1000 ha,1525.000000,I,
95,'340,Honduras,6620,Cropland,5110,Area,1968,1968,1000 ha,1530.000000,I,
95,'340,Honduras,6620,Cropland,5110,Area,1969,1969,1000 ha,1530.000000,I,
95,'340,Honduras,6620,Cropland,5110,Area,1970,1970,1000 ha,1540.000000,I,
95,'340,Honduras,6620,Cropland,5110,Area,1971,1971,1000 ha,1545.000000,I,
95,'340,Honduras,6620,Cropland,5110,Area,1972,1972,1000 ha,1580.000000,I,
95,'340,Honduras,6620,Cropland,5110,Area,1973,1973,1000 ha,1590.000000,I,
95,'340,Honduras,6620,Cropland,5110,Area,1974,1974,1000 ha,1596.000000,A,
95,'340,Honduras,6620,Cropland,5110,Area,1975,1975,1000 ha,1635.000000,I,
95,'340,Honduras,6620,Cropland,5110,Area,1976,1976,1000 ha,1670.000000,I,
95,'340,Honduras,6620,Cropland,5110,Area,1977,1977,1000 ha,1745.000000,I,
95,'340,Honduras,6620,Cropland,5110,Area,1978,1978,1000 ha,1757.000000,I,
95,'340,Honduras,6620,Cropland,5110,Area,1979,1979,1000 ha,1757.000000,I,
95,'340,Honduras,6620,Cropland,5110,Area,1980,1980,1000 ha,1757.000000,I,
95,'340,Honduras,6620,Cropland,5110,Area,1981,1981,1000 ha,1764.000000,I,
95,'340,Honduras,6620,Cropland,5110,Area,1982,1982,1000 ha,1769.000000,I,
95,'340,Honduras,6620,Cropland,5110,Area,1983,1983,1000 ha,1770.000000,I,
95,'340,Honduras,6620,Cropland,5110,Area,1984,1984,1000 ha,1777.000000,I,
95,'340,Honduras,6620,Cropland,5110,Area,1985,1985,1000 ha,1778.000000,A,
95,'340,Honduras,6620,Cropland,5110,Area,1986,1986,1000 ha,1785.000000,I,
95,'340,Honduras,6620,Cropland,5110,Area,1987,1987,1000 ha,1785.000000,I,
95,'340,Honduras,6620,Cropland,5110,Area,1988,1988,1000 ha,1785.000000,I,
95,'340,Honduras,6620,Cropland,5110,Area,1989,1989,1000 ha,1810.000000,I,
95,'340,Honduras,6620,Cropland,5110,Area,1990,1990,1000 ha,1820.000000,I,
95,'340,Honduras,6620,Cropland,5110,Area,1991,1991,1000 ha,1842.000000,I,
95,'340,Honduras,6620,Cropland,5110,Area,1992,1992,1000 ha,1855.000000,I,
95,'340,Honduras,6620,Cropland,5110,Area,1993,1993,1000 ha,2015.000000,A,
95,'340,Honduras,6620,Cropland,5110,Area,1994,1994,1000 ha,1990.000000,I,
95,'340,Honduras,6620,Cropland,5110,Area,1995,1995,1000 ha,1950.000000,I,
95,'340,Honduras,6620,Cropland,5110,Area,1996,1996,1000 ha,1950.000000,I,
95,'340,Honduras,6620,Cropland,5110,Area,1997,1997,1000 ha,1875.000000,I,
95,'340,Honduras,6620,Cropland,5110,Area,1998,1998,1000 ha,1875.000000,I,
95,'340,Honduras,6620,Cropland,5110,Area,1999,1999,1000 ha,1827.000000,I,
95,'340,Honduras,6620,Cropland,5110,Area,2000,2000,1000 ha,1427.000000,A,
95,'340,Honduras,6620,Cropland,5110,Area,2001,2001,1000 ha,1427.130000,I,
95,'340,Honduras,6620,Cropland,5110,Area,2002,2002,1000 ha,1427.250000,I,
95,'340,Honduras,6620,Cropland,5110,Area,2003,2003,1000 ha,1427.380000,I,
95,'340,Honduras,6620,Cropland,5110,Area,2004,2004,1000 ha,1427.500000,I,
95,'340,Honduras,6620,Cropland,5110,Area,2005,2005,1000 ha,1427.630000,I,
95,'340,Honduras,6620,Cropland,5110,Area,2006,2006,1000 ha,1427.750000,I,
95,'340,Honduras,6620,Cropland,5110,Area,2007,2007,1000 ha,1427.880000,I,
95,'340,Honduras,6620,Cropland,5110,Area,2008,2008,1000 ha,1428.000000,A,
95,'340,Honduras,6620,Cropland,5110,Area,2009,2009,1000 ha,1436.000000,I,
95,'340,Honduras,6620,Cropland,5110,Area,2010,2010,1000 ha,1498.000000,I,
95,'340,Honduras,6620,Cropland,5110,Area,2011,2011,1000 ha,1528.000000,I,
95,'340,Honduras,6620,Cropland,5110,Area,2012,2012,1000 ha,1558.000000,I,
95,'340,Honduras,6620,Cropland,5110,Area,2013,2013,1000 ha,1558.000000,I,
95,'340,Honduras,6620,Cropland,5110,Area,2014,2014,1000 ha,1558.000000,I,
95,'340,Honduras,6620,Cropland,5110,Area,2015,2015,1000 ha,1558.000000,I,
95,'340,Honduras,6620,Cropland,5110,Area,2016,2016,1000 ha,1558.000000,I,
95,'340,Honduras,6620,Cropland,5110,Area,2017,2017,1000 ha,1670.830000,I,
95,'340,Honduras,6620,Cropland,5110,Area,2018,2018,1000 ha,1670.830000,I,
95,'340,Honduras,6620,Cropland,5110,Area,2019,2019,1000 ha,1670.830000,I,
95,'340,Honduras,6620,Cropland,5110,Area,2020,2020,1000 ha,1670.830000,I,
95,'340,Honduras,6620,Cropland,5110,Area,2021,2021,1000 ha,1670.830000,I,
95,'340,Honduras,6620,Cropland,5110,Area,2022,2022,1000 ha,1670.830000,I,
95,'340,Honduras,6620,Cropland,5110,Area,2023,2023,1000 ha,1670.830000,I,
95,'340,Honduras,6620,Cropland,5110,Area,2024,2024,1000 ha,1724.830000,I,
95,'340,Honduras,6620,Cropland,7208,Share in Agricultural land,1961,1961,%,48.670000,E,
95,'340,Honduras,6620,Cropland,7208,Share in Agricultural land,1962,1962,%,48.840000,E,
95,'340,Honduras,6620,Cropland,7208,Share in Agricultural land,1963,1963,%,48.920000,E,
95,'340,Honduras,6620,Cropland,7208,Share in Agricultural land,1964,1964,%,49.000000,E,
95,'340,Honduras,6620,Cropland,7208,Share in Agricultural land,1965,1965,%,49.090000,E,
95,'340,Honduras,6620,Cropland,7208,Share in Agricultural land,1966,1966,%,49.250000,E,
95,'340,Honduras,6620,Cropland,7208,Share in Agricultural land,1967,1967,%,49.420000,E,
95,'340,Honduras,6620,Cropland,7208,Share in Agricultural land,1968,1968,%,49.500000,E,
95,'340,Honduras,6620,Cropland,7208,Share in Agricultural land,1969,1969,%,49.500000,E,
95,'340,Honduras,6620,Cropland,7208,Share in Agricultural land,1970,1970,%,49.660000,E,
95,'340,Honduras,6620,Cropland,7208,Share in Agricultural land,1971,1971,%,49.740000,E,
95,'340,Honduras,6620,Cropland,7208,Share in Agricultural land,1972,1972,%,50.300000,E,
95,'340,Honduras,6620,Cropland,7208,Share in Agricultural land,1973,1973,%,50.460000,E,
95,'340,Honduras,6620,Cropland,7208,Share in Agricultural land,1974,1974,%,50.550000,E,
95,'340,Honduras,6620,Cropland,7208,Share in Agricultural land,1975,1975,%,51.160000,E,
95,'340,Honduras,6620,Cropland,7208,Share in Agricultural land,1976,1976,%,51.690000,E,
95,'340,Honduras,6620,Cropland,7208,Share in Agricultural land,1977,1977,%,52.780000,E,
95,'340,Honduras,6620,Cropland,7208,Share in Agricultural land,1978,1978,%,52.950000,E,
95,'340,Honduras,6620,Cropland,7208,Share in Agricultural land,1979,1979,%,52.950000,E,
95,'340,Honduras,6620,Cropland,7208,Share in Agricultural land,1980,1980,%,52.950000,E,
95,'340,Honduras,6620,Cropland,7208,Share in Agricultural land,1981,1981,%,53.050000,E,
95,'340,Honduras,6620,Cropland,7208,Share in Agricultural land,1982,1982,%,53.120000,E,
95,'340,Honduras,6620,Cropland,7208,Share in Agricultural land,1983,1983,%,53.140000,E,
95,'340,Honduras,6620,Cropland,7208,Share in Agricultural land,1984,1984,%,53.240000,E,
95,'340,Honduras,6620,Cropland,7208,Share in Agricultural land,1985,1985,%,53.250000,E,
95,'340,Honduras,6620,Cropland,7208,Share in Agricultural land,1986,1986,%,53.350000,E,
95,'340,Honduras,6620,Cropland,7208,Share in Agricultural land,1987,1987,%,53.350000,E,
95,'340,Honduras,6620,Cropland,7208,Share in Agricultural land,1988,1988,%,53.350000,E,
95,'340,Honduras,6620,Cropland,7208,Share in Agricultural land,1989,1989,%,53.690000,E,
95,'340,Honduras,6620,Cropland,7208,Share in Agricultural land,1990,1990,%,53.940000,E,
95,'340,Honduras,6620,Cropland,7208,Share in Agricultural land,1991,1991,%,54.350000,E,
95,'340,Honduras,6620,Cropland,7208,Share in Agricultural land,1992,1992,%,54.640000,E,
95,'340,Honduras,6620,Cropland,7208,Share in Agricultural land,1993,1993,%,56.790000,E,
95,'340,Honduras,6620,Cropland,7208,Share in Agricultural land,1994,1994,%,56.540000,E,
95,'340,Honduras,6620,Cropland,7208,Share in Agricultural land,1995,1995,%,56.100000,E,
95,'340,Honduras,6620,Cropland,7208,Share in Agricultural land,1996,1996,%,56.160000,E,
95,'340,Honduras,6620,Cropland,7208,Share in Agricultural land,1997,1997,%,55.250000,E,
95,'340,Honduras,6620,Cropland,7208,Share in Agricultural land,1998,1998,%,55.310000,E,
95,'340,Honduras,6620,Cropland,7208,Share in Agricultural land,1999,1999,%,54.720000,E,
95,'340,Honduras,6620,Cropland,7208,Share in Agricultural land,2000,2000,%,48.620000,E,
95,'340,Honduras,6620,Cropland,7208,Share in Agricultural land,2001,2001,%,48.110000,E,
95,'340,Honduras,6620,Cropland,7208,Share in Agricultural land,2002,2002,%,47.620000,E,
95,'340,Honduras,6620,Cropland,7208,Share in Agricultural land,2003,2003,%,47.130000,E,
95,'340,Honduras,6620,Cropland,7208,Share in Agricultural land,2004,2004,%,46.660000,E,
95,'340,Honduras,6620,Cropland,7208,Share in Agricultural land,2005,2005,%,46.190000,E,
95,'340,Honduras,6620,Cropland,7208,Share in Agricultural land,2006,2006,%,45.740000,E,
95,'340,Honduras,6620,Cropland,7208,Share in Agricultural land,2007,2007,%,45.290000,E,
95,'340,Honduras,6620,Cropland,7208,Share in Agricultural land,2008,2008,%,44.850000,E,
95,'340,Honduras,6620,Cropland,7208,Share in Agricultural land,2009,2009,%,45.250000,E,
95,'340,Honduras,6620,Cropland,7208,Share in Agricultural land,2010,2010,%,46.560000,E,
95,'340,Honduras,6620,Cropland,7208,Share in Agricultural land,2011,2011,%,47.320000,E,
95,'340,Honduras,6620,Cropland,7208,Share in Agricultural land,2012,2012,%,48.080000,E,
95,'340,Honduras,6620,Cropland,7208,Share in Agricultural land,2013,2013,%,48.350000,E,
95,'340,Honduras,6620,Cropland,7208,Share in Agricultural land,2014,2014,%,48.620000,E,
95,'340,Honduras,6620,Cropland,7208,Share in Agricultural land,2015,2015,%,48.900000,E,
95,'340,Honduras,6620,Cropland,7208,Share in Agricultural land,2016,2016,%,49.190000,E,
95,'340,Honduras,6620,Cropland,7208,Share in Agricultural land,2017,2017,%,51.220000,E,
95,'340,Honduras,6620,Cropland,7208,Share in Agricultural land,2018,2018,%,51.510000,E,
95,'340,Honduras,6620,Cropland,7208,Share in Agricultural land,2019,2019,%,51.800000,E,
95,'340,Honduras,6620,Cropland,7208,Share in Agricultural land,2020,2020,%,52.100000,E,
95,'340,Honduras,6620,Cropland,7208,Share in Agricultural land,2021,2021,%,52.400000,E,
95,'340,Honduras,6620,Cropland,7208,Share in Agricultural land,2022,2022,%,52.700000,E,
95,'340,Honduras,6620,Cropland,7208,Share in Agricultural land,2023,2023,%,53.010000,E,
95,'340,Honduras,6620,Cropland,7208,Share in Agricultural land,2024,2024,%,54.110000,E,
95,'340,Honduras,6620,Cropland,7209,Share in Land area,1961,1961,%,13.230000,E,
95,'340,Honduras,6620,Cropland,7209,Share in Land area,1962,1962,%,13.320000,E,
95,'340,Honduras,6620,Cropland,7209,Share in Land area,1963,1963,%,13.360000,E,
95,'340,Honduras,6620,Cropland,7209,Share in Land area,1964,1964,%,13.410000,E,
95,'340,Honduras,6620,Cropland,7209,Share in Land area,1965,1965,%,13.450000,E,
95,'340,Honduras,6620,Cropland,7209,Share in Land area,1966,1966,%,13.540000,E,
95,'340,Honduras,6620,Cropland,7209,Share in Land area,1967,1967,%,13.630000,E,
95,'340,Honduras,6620,Cropland,7209,Share in Land area,1968,1968,%,13.670000,E,
95,'340,Honduras,6620,Cropland,7209,Share in Land area,1969,1969,%,13.670000,E,
95,'340,Honduras,6620,Cropland,7209,Share in Land area,1970,1970,%,13.760000,E,
95,'340,Honduras,6620,Cropland,7209,Share in Land area,1971,1971,%,13.810000,E,
95,'340,Honduras,6620,Cropland,7209,Share in Land area,1972,1972,%,14.120000,E,
95,'340,Honduras,6620,Cropland,7209,Share in Land area,1973,1973,%,14.210000,E,
95,'340,Honduras,6620,Cropland,7209,Share in Land area,1974,1974,%,14.260000,E,
95,'340,Honduras,6620,Cropland,7209,Share in Land area,1975,1975,%,14.610000,E,
95,'340,Honduras,6620,Cropland,7209,Share in Land area,1976,1976,%,14.930000,E,
95,'340,Honduras,6620,Cropland,7209,Share in Land area,1977,1977,%,15.600000,E,
95,'340,Honduras,6620,Cropland,7209,Share in Land area,1978,1978,%,15.700000,E,
95,'340,Honduras,6620,Cropland,7209,Share in Land area,1979,1979,%,15.700000,E,
95,'340,Honduras,6620,Cropland,7209,Share in Land area,1980,1980,%,15.700000,E,
95,'340,Honduras,6620,Cropland,7209,Share in Land area,1981,1981,%,15.770000,E,
95,'340,Honduras,6620,Cropland,7209,Share in Land area,1982,1982,%,15.810000,E,
95,'340,Honduras,6620,Cropland,7209,Share in Land area,1983,1983,%,15.820000,E,
95,'340,Honduras,6620,Cropland,7209,Share in Land area,1984,1984,%,15.880000,E,
95,'340,Honduras,6620,Cropland,7209,Share in Land area,1985,1985,%,15.890000,E,
95,'340,Honduras,6620,Cropland,7209,Share in Land area,1986,1986,%,15.950000,E,
95,'340,Honduras,6620,Cropland,7209,Share in Land area,1987,1987,%,15.950000,E,
95,'340,Honduras,6620,Cropland,7209,Share in Land area,1988,1988,%,15.950000,E,
95,'340,Honduras,6620,Cropland,7209,Share in Land area,1989,1989,%,16.180000,E,
95,'340,Honduras,6620,Cropland,7209,Share in Land area,1990,1990,%,16.270000,E,
95,'340,Honduras,6620,Cropland,7209,Share in Land area,1991,1991,%,16.460000,E,
95,'340,Honduras,6620,Cropland,7209,Share in Land area,1992,1992,%,16.580000,E,
95,'340,Honduras,6620,Cropland,7209,Share in Land area,1993,1993,%,18.010000,E,
95,'340,Honduras,6620,Cropland,7209,Share in Land area,1994,1994,%,17.790000,E,
95,'340,Honduras,6620,Cropland,7209,Share in Land area,1995,1995,%,17.430000,E,
95,'340,Honduras,6620,Cropland,7209,Share in Land area,1996,1996,%,17.430000,E,
95,'340,Honduras,6620,Cropland,7209,Share in Land area,1997,1997,%,16.760000,E,
95,'340,Honduras,6620,Cropland,7209,Share in Land area,1998,1998,%,16.760000,E,
95,'340,Honduras,6620,Cropland,7209,Share in Land area,1999,1999,%,16.330000,E,
95,'340,Honduras,6620,Cropland,7209,Share in Land area,2000,2000,%,12.750000,E,
95,'340,Honduras,6620,Cropland,7209,Share in Land area,2001,2001,%,12.750000,E,
95,'340,Honduras,6620,Cropland,7209,Share in Land area,2002,2002,%,12.760000,E,
95,'340,Honduras,6620,Cropland,7209,Share in Land area,2003,2003,%,12.760000,E,
95,'340,Honduras,6620,Cropland,7209,Share in Land area,2004,2004,%,12.760000,E,
95,'340,Honduras,6620,Cropland,7209,Share in Land area,2005,2005,%,12.760000,E,
95,'340,Honduras,6620,Cropland,7209,Share in Land area,2006,2006,%,12.760000,E,
95,'340,Honduras,6620,Cropland,7209,Share in Land area,2007,2007,%,12.760000,E,
95,'340,Honduras,6620,Cropland,7209,Share in Land area,2008,2008,%,12.760000,E,
95,'340,Honduras,6620,Cropland,7209,Share in Land area,2009,2009,%,12.830000,E,
95,'340,Honduras,6620,Cropland,7209,Share in Land area,2010,2010,%,13.390000,E,
95,'340,Honduras,6620,Cropland,7209,Share in Land area,2011,2011,%,13.660000,E,
95,'340,Honduras,6620,Cropland,7209,Share in Land area,2012,2012,%,13.920000,E,
95,'340,Honduras,6620,Cropland,7209,Share in Land area,2013,2013,%,13.920000,E,
95,'340,Honduras,6620,Cropland,7209,Share in Land area,2014,2014,%,13.920000,E,
95,'340,Honduras,6620,Cropland,7209,Share in Land area,2015,2015,%,13.920000,E,
95,'340,Honduras,6620,Cropland,7209,Share in Land area,2016,2016,%,13.920000,E,
95,'340,Honduras,6620,Cropland,7209,Share in Land area,2017,2017,%,14.930000,E,
95,'340,Honduras,6620,Cropland,7209,Share in Land area,2018,2018,%,14.930000,E,
95,'340,Honduras,6620,Cropland,7209,Share in Land area,2019,2019,%,14.930000,E,
95,'340,Honduras,6620,Cropland,7209,Share in Land area,2020,2020,%,14.930000,E,
95,'340,Honduras,6620,Cropland,7209,Share in Land area,2021,2021,%,14.930000,E,
95,'340,Honduras,6620,Cropland,7209,Share in Land area,2022,2022,%,14.930000,E,
95,'340,Honduras,6620,Cropland,7209,Share in Land area,2023,2023,%,14.930000,E,
95,'340,Honduras,6620,Cropland,7209,Share in Land area,2024,2024,%,15.420000,E,
95,'340,Honduras,6620,Cropland,7277,Area per capita,1961,1961,ha/cap,0.700000,E,
95,'340,Honduras,6620,Cropland,7277,Area per capita,1962,1962,ha/cap,0.680000,E,
95,'340,Honduras,6620,Cropland,7277,Area per capita,1963,1963,ha/cap,0.670000,E,
95,'340,Honduras,6620,Cropland,7277,Area per capita,1964,1964,ha/cap,0.650000,E,
95,'340,Honduras,6620,Cropland,7277,Area per capita,1965,1965,ha/cap,0.630000,E,
95,'340,Honduras,6620,Cropland,7277,Area per capita,1966,1966,ha/cap,0.620000,E,
95,'340,Honduras,6620,Cropland,7277,Area per capita,1967,1967,ha/cap,0.610000,E,
95,'340,Honduras,6620,Cropland,7277,Area per capita,1968,1968,ha/cap,0.590000,E,
95,'340,Honduras,6620,Cropland,7277,Area per capita,1969,1969,ha/cap,0.570000,E,
95,'340,Honduras,6620,Cropland,7277,Area per capita,1970,1970,ha/cap,0.560000,E,
95,'340,Honduras,6620,Cropland,7277,Area per capita,1971,1971,ha/cap,0.550000,E,
95,'340,Honduras,6620,Cropland,7277,Area per capita,1972,1972,ha/cap,0.540000,E,
95,'340,Honduras,6620,Cropland,7277,Area per capita,1973,1973,ha/cap,0.530000,E,
95,'340,Honduras,6620,Cropland,7277,Area per capita,1974,1974,ha/cap,0.510000,E,
95,'340,Honduras,6620,Cropland,7277,Area per capita,1975,1975,ha/cap,0.510000,E,
95,'340,Honduras,6620,Cropland,7277,Area per capita,1976,1976,ha/cap,0.510000,E,
95,'340,Honduras,6620,Cropland,7277,Area per capita,1977,1977,ha/cap,0.510000,E,
95,'340,Honduras,6620,Cropland,7277,Area per capita,1978,1978,ha/cap,0.500000,E,
95,'340,Honduras,6620,Cropland,7277,Area per capita,1979,1979,ha/cap,0.490000,E,
95,'340,Honduras,6620,Cropland,7277,Area per capita,1980,1980,ha/cap,0.470000,E,
95,'340,Honduras,6620,Cropland,7277,Area per capita,1981,1981,ha/cap,0.460000,E,
95,'340,Honduras,6620,Cropland,7277,Area per capita,1982,1982,ha/cap,0.450000,E,
95,'340,Honduras,6620,Cropland,7277,Area per capita,1983,1983,ha/cap,0.430000,E,
95,'340,Honduras,6620,Cropland,7277,Area per capita,1984,1984,ha/cap,0.420000,E,
95,'340,Honduras,6620,Cropland,7277,Area per capita,1985,1985,ha/cap,0.410000,E,
95,'340,Honduras,6620,Cropland,7277,Area per capita,1986,1986,ha/cap,0.400000,E,
95,'340,Honduras,6620,Cropland,7277,Area per capita,1987,1987,ha/cap,0.390000,E,
95,'340,Honduras,6620,Cropland,7277,Area per capita,1988,1988,ha/cap,0.380000,E,
95,'340,Honduras,6620,Cropland,7277,Area per capita,1989,1989,ha/cap,0.370000,E,
95,'340,Honduras,6620,Cropland,7277,Area per capita,1990,1990,ha/cap,0.370000,E,
95,'340,Honduras,6620,Cropland,7277,Area per capita,1991,1991,ha/cap,0.360000,E,
95,'340,Honduras,6620,Cropland,7277,Area per capita,1992,1992,ha/cap,0.350000,E,
95,'340,Honduras,6620,Cropland,7277,Area per capita,1993,1993,ha/cap,0.370000,E,
95,'340,Honduras,6620,Cropland,7277,Area per capita,1994,1994,ha/cap,0.360000,E,
95,'340,Honduras,6620,Cropland,7277,Area per capita,1995,1995,ha/cap,0.340000,E,
95,'340,Honduras,6620,Cropland,7277,Area per capita,1996,1996,ha/cap,0.330000,E,
95,'340,Honduras,6620,Cropland,7277,Area per capita,1997,1997,ha/cap,0.310000,E,
95,'340,Honduras,6620,Cropland,7277,Area per capita,1998,1998,ha/cap,0.300000,E,
95,'340,Honduras,6620,Cropland,7277,Area per capita,1999,1999,ha/cap,0.290000,E,
95,'340,Honduras,6620,Cropland,7277,Area per capita,2000,2000,ha/cap,0.220000,E,
95,'340,Honduras,6620,Cropland,7277,Area per capita,2001,2001,ha/cap,0.210000,E,
95,'340,Honduras,6620,Cropland,7277,Area per capita,2002,2002,ha/cap,0.210000,E,
95,'340,Honduras,6620,Cropland,7277,Area per capita,2003,2003,ha/cap,0.200000,E,
95,'340,Honduras,6620,Cropland,7277,Area per capita,2004,2004,ha/cap,0.200000,E,
95,'340,Honduras,6620,Cropland,7277,Area per capita,2005,2005,ha/cap,0.190000,E,
95,'340,Honduras,6620,Cropland,7277,Area per capita,2006,2006,ha/cap,0.190000,E,
95,'340,Honduras,6620,Cropland,7277,Area per capita,2007,2007,ha/cap,0.180000,E,
95,'340,Honduras,6620,Cropland,7277,Area per capita,2008,2008,ha/cap,0.180000,E,
95,'340,Honduras,6620,Cropland,7277,Area per capita,2009,2009,ha/cap,0.180000,E,
95,'340,Honduras,6620,Cropland,7277,Area per capita,2010,2010,ha/cap,0.180000,E,
95,'340,Honduras,6620,Cropland,7277,Area per capita,2011,2011,ha/cap,0.180000,E,
95,'340,Honduras,6620,Cropland,7277,Area per capita,2012,2012,ha/cap,0.180000,E,
95,'340,Honduras,6620,Cropland,7277,Area per capita,2013,2013,ha/cap,0.180000,E,
95,'340,Honduras,6620,Cropland,7277,Area per capita,2014,2014,ha/cap,0.170000,E,
95,'340,Honduras,6620,Cropland,7277,Area per capita,2015,2015,ha/cap,0.170000,E,
95,'340,Honduras,6620,Cropland,7277,Area per capita,2016,2016,ha/cap,0.170000,E,
95,'340,Honduras,6620,Cropland,7277,Area per capita,2017,2017,ha/cap,0.170000,E,
95,'340,Honduras,6620,Cropland,7277,Area per capita,2018,2018,ha/cap,0.170000,E,
95,'340,Honduras,6620,Cropland,7277,Area per capita,2019,2019,ha/cap,0.170000,E,
95,'340,Honduras,6620,Cropland,7277,Area per capita,2020,2020,ha/cap,0.170000,E,
95,'340,Honduras,6620,Cropland,7277,Area per capita,2021,2021,ha/cap,0.160000,E,
95,'340,Honduras,6620,Cropland,7277,Area per capita,2022,2022,ha/cap,0.160000,E,
95,'340,Honduras,6620,Cropland,7277,Area per capita,2023,2023,ha/cap,0.160000,E,
95,'340,Honduras,6620,Cropland,7277,Area per capita,2024,2024,ha/cap,0.160000,E,
95,'340,Honduras,6621,Arable land,5110,Area,1961,1961,1000 ha,1295.000000,I,
95,'340,Honduras,6621,Arable land,5110,Area,1962,1962,1000 ha,1305.000000,I,
95,'340,Honduras,6621,Arable land,5110,Area,1963,1963,1000 ha,1310.000000,I,
95,'340,Honduras,6621,Arable land,5110,Area,1964,1964,1000 ha,1313.000000,I,
95,'340,Honduras,6621,Arable land,5110,Area,1965,1965,1000 ha,1318.000000,I,
95,'340,Honduras,6621,Arable land,5110,Area,1966,1966,1000 ha,1324.000000,I,
95,'340,Honduras,6621,Arable land,5110,Area,1967,1967,1000 ha,1330.000000,I,
95,'340,Honduras,6621,Arable land,5110,Area,1968,1968,1000 ha,1332.000000,I,
95,'340,Honduras,6621,Arable land,5110,Area,1969,1969,1000 ha,1328.000000,I,
95,'340,Honduras,6621,Arable land,5110,Area,1970,1970,1000 ha,1330.000000,I,
95,'340,Honduras,6621,Arable land,5110,Area,1971,1971,1000 ha,1333.000000,I,
95,'340,Honduras,6621,Arable land,5110,Area,1972,1972,1000 ha,1368.000000,I,
95,'340,Honduras,6621,Arable land,5110,Area,1973,1973,1000 ha,1378.000000,I,
95,'340,Honduras,6621,Arable land,5110,Area,1974,1974,1000 ha,1384.000000,I,
95,'340,Honduras,6621,Arable land,5110,Area,1975,1975,1000 ha,1413.000000,I,
95,'340,Honduras,6621,Arable land,5110,Area,1976,1976,1000 ha,1438.000000,I,
95,'340,Honduras,6621,Arable land,5110,Area,1977,1977,1000 ha,1503.000000,I,
95,'340,Honduras,6621,Arable land,5110,Area,1978,1978,1000 ha,1504.000000,I,
95,'340,Honduras,6621,Arable land,5110,Area,1979,1979,1000 ha,1494.000000,I,
95,'340,Honduras,6621,Arable land,5110,Area,1980,1980,1000 ha,1484.000000,I,
95,'340,Honduras,6621,Arable land,5110,Area,1981,1981,1000 ha,1481.000000,I,
95,'340,Honduras,6621,Arable land,5110,Area,1982,1982,1000 ha,1476.000000,I,
95,'340,Honduras,6621,Arable land,5110,Area,1983,1983,1000 ha,1467.000000,I,
95,'340,Honduras,6621,Arable land,5110,Area,1984,1984,1000 ha,1464.000000,I,
95,'340,Honduras,6621,Arable land,5110,Area,1985,1985,1000 ha,1455.000000,I,
95,'340,Honduras,6621,Arable land,5110,Area,1986,1986,1000 ha,1451.000000,I,
95,'340,Honduras,6621,Arable land,5110,Area,1987,1987,1000 ha,1441.000000,I,
95,'340,Honduras,6621,Arable land,5110,Area,1988,1988,1000 ha,1431.000000,I,
95,'340,Honduras,6621,Arable land,5110,Area,1989,1989,1000 ha,1446.000000,I,
95,'340,Honduras,6621,Arable land,5110,Area,1990,1990,1000 ha,1462.000000,I,
95,'340,Honduras,6621,Arable land,5110,Area,1991,1991,1000 ha,1492.000000,I,
95,'340,Honduras,6621,Arable land,5110,Area,1992,1992,1000 ha,1515.000000,I,
95,'340,Honduras,6621,Arable land,5110,Area,1993,1993,1000 ha,1683.000000,A,
95,'340,Honduras,6621,Arable land,5110,Area,1994,1994,1000 ha,1650.000000,I,
95,'340,Honduras,6621,Arable land,5110,Area,1995,1995,1000 ha,1600.000000,I,
95,'340,Honduras,6621,Arable land,5110,Area,1996,1996,1000 ha,1600.000000,I,
95,'340,Honduras,6621,Arable land,5110,Area,1997,1997,1000 ha,1520.000000,I,
95,'340,Honduras,6621,Arable land,5110,Area,1998,1998,1000 ha,1520.000000,I,
95,'340,Honduras,6621,Arable land,5110,Area,1999,1999,1000 ha,1468.000000,I,
95,'340,Honduras,6621,Arable land,5110,Area,2000,2000,1000 ha,1068.000000,A,
95,'340,Honduras,6621,Arable land,5110,Area,2001,2001,1000 ha,1068.000000,I,
95,'340,Honduras,6621,Arable land,5110,Area,2002,2002,1000 ha,1068.000000,I,
95,'340,Honduras,6621,Arable land,5110,Area,2003,2003,1000 ha,1068.000000,I,
95,'340,Honduras,6621,Arable land,5110,Area,2004,2004,1000 ha,1050.000000,I,
95,'340,Honduras,6621,Arable land,5110,Area,2005,2005,1000 ha,1050.000000,I,
95,'340,Honduras,6621,Arable land,5110,Area,2006,2006,1000 ha,1050.000000,I,
95,'340,Honduras,6621,Arable land,5110,Area,2007,2007,1000 ha,1050.000000,I,
95,'340,Honduras,6621,Arable land,5110,Area,2008,2008,1000 ha,1018.000000,I,
95,'340,Honduras,6621,Arable land,5110,Area,2009,2009,1000 ha,1018.000000,I,
95,'340,Honduras,6621,Arable land,5110,Area,2010,2010,1000 ha,1018.000000,I,
95,'340,Honduras,6621,Arable land,5110,Area,2011,2011,1000 ha,1018.000000,I,
95,'340,Honduras,6621,Arable land,5110,Area,2012,2012,1000 ha,1018.000000,I,
95,'340,Honduras,6621,Arable land,5110,Area,2013,2013,1000 ha,1018.000000,I,
95,'340,Honduras,6621,Arable land,5110,Area,2014,2014,1000 ha,1018.000000,I,
95,'340,Honduras,6621,Arable land,5110,Area,2015,2015,1000 ha,1018.000000,I,
95,'340,Honduras,6621,Arable land,5110,Area,2016,2016,1000 ha,1018.000000,I,
95,'340,Honduras,6621,Arable land,5110,Area,2017,2017,1000 ha,1018.000000,I,
95,'340,Honduras,6621,Arable land,5110,Area,2018,2018,1000 ha,1018.000000,I,
95,'340,Honduras,6621,Arable land,5110,Area,2019,2019,1000 ha,1018.000000,I,
95,'340,Honduras,6621,Arable land,5110,Area,2020,2020,1000 ha,1018.000000,I,
95,'340,Honduras,6621,Arable land,5110,Area,2021,2021,1000 ha,1018.000000,I,
95,'340,Honduras,6621,Arable land,5110,Area,2022,2022,1000 ha,1018.000000,I,
95,'340,Honduras,6621,Arable land,5110,Area,2023,2023,1000 ha,1018.000000,I,
95,'340,Honduras,6621,Arable land,5110,Area,2024,2024,1000 ha,1018.000000,I,
95,'340,Honduras,6621,Arable land,7208,Share in Agricultural land,1961,1961,%,42.580000,E,
95,'340,Honduras,6621,Arable land,7208,Share in Agricultural land,1962,1962,%,42.770000,E,
95,'340,Honduras,6621,Arable land,7208,Share in Agricultural land,1963,1963,%,42.870000,E,
95,'340,Honduras,6621,Arable land,7208,Share in Agricultural land,1964,1964,%,42.890000,E,
95,'340,Honduras,6621,Arable land,7208,Share in Agricultural land,1965,1965,%,42.990000,E,
95,'340,Honduras,6621,Arable land,7208,Share in Agricultural land,1966,1966,%,43.040000,E,
95,'340,Honduras,6621,Arable land,7208,Share in Agricultural land,1967,1967,%,43.100000,E,
95,'340,Honduras,6621,Arable land,7208,Share in Agricultural land,1968,1968,%,43.090000,E,
95,'340,Honduras,6621,Arable land,7208,Share in Agricultural land,1969,1969,%,42.960000,E,
95,'340,Honduras,6621,Arable land,7208,Share in Agricultural land,1970,1970,%,42.890000,E,
95,'340,Honduras,6621,Arable land,7208,Share in Agricultural land,1971,1971,%,42.920000,E,
95,'340,Honduras,6621,Arable land,7208,Share in Agricultural land,1972,1972,%,43.550000,E,
95,'340,Honduras,6621,Arable land,7208,Share in Agricultural land,1973,1973,%,43.730000,E,
95,'340,Honduras,6621,Arable land,7208,Share in Agricultural land,1974,1974,%,43.840000,E,
95,'340,Honduras,6621,Arable land,7208,Share in Agricultural land,1975,1975,%,44.210000,E,
95,'340,Honduras,6621,Arable land,7208,Share in Agricultural land,1976,1976,%,44.510000,E,
95,'340,Honduras,6621,Arable land,7208,Share in Agricultural land,1977,1977,%,45.460000,E,
95,'340,Honduras,6621,Arable land,7208,Share in Agricultural land,1978,1978,%,45.330000,E,
95,'340,Honduras,6621,Arable land,7208,Share in Agricultural land,1979,1979,%,45.030000,E,
95,'340,Honduras,6621,Arable land,7208,Share in Agricultural land,1980,1980,%,44.730000,E,
95,'340,Honduras,6621,Arable land,7208,Share in Agricultural land,1981,1981,%,44.540000,E,
95,'340,Honduras,6621,Arable land,7208,Share in Agricultural land,1982,1982,%,44.320000,E,
95,'340,Honduras,6621,Arable land,7208,Share in Agricultural land,1983,1983,%,44.040000,E,
95,'340,Honduras,6621,Arable land,7208,Share in Agricultural land,1984,1984,%,43.860000,E,
95,'340,Honduras,6621,Arable land,7208,Share in Agricultural land,1985,1985,%,43.580000,E,
95,'340,Honduras,6621,Arable land,7208,Share in Agricultural land,1986,1986,%,43.370000,E,
95,'340,Honduras,6621,Arable land,7208,Share in Agricultural land,1987,1987,%,43.070000,E,
95,'340,Honduras,6621,Arable land,7208,Share in Agricultural land,1988,1988,%,42.770000,E,
95,'340,Honduras,6621,Arable land,7208,Share in Agricultural land,1989,1989,%,42.900000,E,
95,'340,Honduras,6621,Arable land,7208,Share in Agricultural land,1990,1990,%,43.330000,E,
95,'340,Honduras,6621,Arable land,7208,Share in Agricultural land,1991,1991,%,44.020000,E,
95,'340,Honduras,6621,Arable land,7208,Share in Agricultural land,1992,1992,%,44.620000,E,
95,'340,Honduras,6621,Arable land,7208,Share in Agricultural land,1993,1993,%,47.440000,E,
95,'340,Honduras,6621,Arable land,7208,Share in Agricultural land,1994,1994,%,46.880000,E,
95,'340,Honduras,6621,Arable land,7208,Share in Agricultural land,1995,1995,%,46.030000,E,
95,'340,Honduras,6621,Arable land,7208,Share in Agricultural land,1996,1996,%,46.080000,E,
95,'340,Honduras,6621,Arable land,7208,Share in Agricultural land,1997,1997,%,44.790000,E,
95,'340,Honduras,6621,Arable land,7208,Share in Agricultural land,1998,1998,%,44.840000,E,
95,'340,Honduras,6621,Arable land,7208,Share in Agricultural land,1999,1999,%,43.970000,E,
95,'340,Honduras,6621,Arable land,7208,Share in Agricultural land,2000,2000,%,36.390000,E,
95,'340,Honduras,6621,Arable land,7208,Share in Agricultural land,2001,2001,%,36.010000,E,
95,'340,Honduras,6621,Arable land,7208,Share in Agricultural land,2002,2002,%,35.630000,E,
95,'340,Honduras,6621,Arable land,7208,Share in Agricultural land,2003,2003,%,35.270000,E,
95,'340,Honduras,6621,Arable land,7208,Share in Agricultural land,2004,2004,%,34.320000,E,
95,'340,Honduras,6621,Arable land,7208,Share in Agricultural land,2005,2005,%,33.970000,E,
95,'340,Honduras,6621,Arable land,7208,Share in Agricultural land,2006,2006,%,33.630000,E,
95,'340,Honduras,6621,Arable land,7208,Share in Agricultural land,2007,2007,%,33.300000,E,
95,'340,Honduras,6621,Arable land,7208,Share in Agricultural land,2008,2008,%,31.970000,E,
95,'340,Honduras,6621,Arable land,7208,Share in Agricultural land,2009,2009,%,32.080000,E,
95,'340,Honduras,6621,Arable land,7208,Share in Agricultural land,2010,2010,%,31.640000,E,
95,'340,Honduras,6621,Arable land,7208,Share in Agricultural land,2011,2011,%,31.530000,E,
95,'340,Honduras,6621,Arable land,7208,Share in Agricultural land,2012,2012,%,31.410000,E,
95,'340,Honduras,6621,Arable land,7208,Share in Agricultural land,2013,2013,%,31.590000,E,
95,'340,Honduras,6621,Arable land,7208,Share in Agricultural land,2014,2014,%,31.770000,E,
95,'340,Honduras,6621,Arable land,7208,Share in Agricultural land,2015,2015,%,31.950000,E,
95,'340,Honduras,6621,Arable land,7208,Share in Agricultural land,2016,2016,%,32.140000,E,
95,'340,Honduras,6621,Arable land,7208,Share in Agricultural land,2017,2017,%,31.210000,E,
95,'340,Honduras,6621,Arable land,7208,Share in Agricultural land,2018,2018,%,31.380000,E,
95,'340,Honduras,6621,Arable land,7208,Share in Agricultural land,2019,2019,%,31.560000,E,
95,'340,Honduras,6621,Arable land,7208,Share in Agricultural land,2020,2020,%,31.740000,E,
95,'340,Honduras,6621,Arable land,7208,Share in Agricultural land,2021,2021,%,31.920000,E,
95,'340,Honduras,6621,Arable land,7208,Share in Agricultural land,2022,2022,%,32.110000,E,
95,'340,Honduras,6621,Arable land,7208,Share in Agricultural land,2023,2023,%,32.300000,E,
95,'340,Honduras,6621,Arable land,7208,Share in Agricultural land,2024,2024,%,31.930000,E,
95,'340,Honduras,6630,Temporary crops,5110,Area,2001,2001,1000 ha,761.900000,I,
95,'340,Honduras,6630,Temporary crops,5110,Area,2002,2002,1000 ha,763.580000,I,
95,'340,Honduras,6630,Temporary crops,5110,Area,2003,2003,1000 ha,766.220000,I,
95,'340,Honduras,6630,Temporary crops,5110,Area,2004,2004,1000 ha,755.190000,I,
95,'340,Honduras,6630,Temporary crops,5110,Area,2005,2005,1000 ha,757.500000,I,
95,'340,Honduras,6630,Temporary crops,5110,Area,2006,2006,1000 ha,762.750000,I,
95,'340,Honduras,6630,Temporary crops,5110,Area,2007,2007,1000 ha,764.960000,I,
95,'340,Honduras,6630,Temporary crops,5110,Area,2008,2008,1000 ha,750.550000,I,
95,'340,Honduras,6630,Temporary crops,5110,Area,2009,2009,1000 ha,757.070000,I,
95,'340,Honduras,6630,Temporary crops,5110,Area,2010,2010,1000 ha,760.250000,I,
95,'340,Honduras,6630,Temporary crops,5110,Area,2011,2011,1000 ha,768.220000,I,
95,'340,Honduras,6630,Temporary crops,5110,Area,2012,2012,1000 ha,768.330000,I,
95,'340,Honduras,6630,Temporary crops,5110,Area,2013,2013,1000 ha,774.410000,I,
95,'340,Honduras,6630,Temporary crops,5110,Area,2014,2014,1000 ha,776.980000,I,
95,'340,Honduras,6630,Temporary crops,5110,Area,2015,2015,1000 ha,775.050000,I,
95,'340,Honduras,6630,Temporary crops,5110,Area,2016,2016,1000 ha,776.630000,I,
95,'340,Honduras,6630,Temporary crops,5110,Area,2017,2017,1000 ha,778.980000,I,
95,'340,Honduras,6630,Temporary crops,5110,Area,2018,2018,1000 ha,778.430000,I,
95,'340,Honduras,6630,Temporary crops,5110,Area,2019,2019,1000 ha,781.940000,I,
95,'340,Honduras,6630,Temporary crops,5110,Area,2020,2020,1000 ha,785.980000,I,
95,'340,Honduras,6630,Temporary crops,5110,Area,2021,2021,1000 ha,792.730000,I,
95,'340,Honduras,6630,Temporary crops,5110,Area,2022,2022,1000 ha,792.730000,I,
95,'340,Honduras,6630,Temporary crops,5110,Area,2023,2023,1000 ha,792.730000,I,
95,'340,Honduras,6630,Temporary crops,5110,Area,2024,2024,1000 ha,792.730000,I,
95,'340,Honduras,6633,Temporary meadows and pastures,5110,Area,2001,2001,1000 ha,151.090000,I,
95,'340,Honduras,6633,Temporary meadows and pastures,5110,Area,2002,2002,1000 ha,151.120000,I,
95,'340,Honduras,6633,Temporary meadows and pastures,5110,Area,2003,2003,1000 ha,148.620000,I,
95,'340,Honduras,6633,Temporary meadows and pastures,5110,Area,2004,2004,1000 ha,142.600000,I,
95,'340,Honduras,6633,Temporary meadows and pastures,5110,Area,2005,2005,1000 ha,140.980000,I,
95,'340,Honduras,6633,Temporary meadows and pastures,5110,Area,2006,2006,1000 ha,136.090000,I,
95,'340,Honduras,6633,Temporary meadows and pastures,5110,Area,2007,2007,1000 ha,135.720000,I,
95,'340,Honduras,6633,Temporary meadows and pastures,5110,Area,2008,2008,1000 ha,129.860000,I,
95,'340,Honduras,6633,Temporary meadows and pastures,5110,Area,2009,2009,1000 ha,127.500000,I,
95,'340,Honduras,6633,Temporary meadows and pastures,5110,Area,2010,2010,1000 ha,123.260000,I,
95,'340,Honduras,6633,Temporary meadows and pastures,5110,Area,2011,2011,1000 ha,119.660000,I,
95,'340,Honduras,6633,Temporary meadows and pastures,5110,Area,2012,2012,1000 ha,118.380000,I,
95,'340,Honduras,6633,Temporary meadows and pastures,5110,Area,2013,2013,1000 ha,115.560000,I,
95,'340,Honduras,6633,Temporary meadows and pastures,5110,Area,2014,2014,1000 ha,115.280000,I,
95,'340,Honduras,6633,Temporary meadows and pastures,5110,Area,2015,2015,1000 ha,115.090000,I,
95,'340,Honduras,6633,Temporary meadows and pastures,5110,Area,2016,2016,1000 ha,113.620000,I,
95,'340,Honduras,6633,Temporary meadows and pastures,5110,Area,2017,2017,1000 ha,112.700000,I,
95,'340,Honduras,6633,Temporary meadows and pastures,5110,Area,2018,2018,1000 ha,112.230000,I,
95,'340,Honduras,6633,Temporary meadows and pastures,5110,Area,2019,2019,1000 ha,112.750000,I,
95,'340,Honduras,6633,Temporary meadows and pastures,5110,Area,2020,2020,1000 ha,111.400000,I,
95,'340,Honduras,6633,Temporary meadows and pastures,5110,Area,2021,2021,1000 ha,111.400000,I,
95,'340,Honduras,6633,Temporary meadows and pastures,5110,Area,2022,2022,1000 ha,111.400000,I,
95,'340,Honduras,6633,Temporary meadows and pastures,5110,Area,2023,2023,1000 ha,111.400000,I,
95,'340,Honduras,6633,Temporary meadows and pastures,5110,Area,2024,2024,1000 ha,111.400000,I,
95,'340,Honduras,6640,Temporary fallow,5110,Area,2001,2001,1000 ha,155.000000,I,
95,'340,Honduras,6640,Temporary fallow,5110,Area,2002,2002,1000 ha,153.300000,I,
95,'340,Honduras,6640,Temporary fallow,5110,Area,2003,2003,1000 ha,153.160000,I,
95,'340,Honduras,6640,Temporary fallow,5110,Area,2004,2004,1000 ha,152.210000,I,
95,'340,Honduras,6640,Temporary fallow,5110,Area,2005,2005,1000 ha,151.520000,I,
95,'340,Honduras,6640,Temporary fallow,5110,Area,2006,2006,1000 ha,151.150000,I,
95,'340,Honduras,6640,Temporary fallow,5110,Area,2007,2007,1000 ha,149.330000,I,
95,'340,Honduras,6640,Temporary fallow,5110,Area,2008,2008,1000 ha,137.590000,I,
95,'340,Honduras,6640,Temporary fallow,5110,Area,2009,2009,1000 ha,133.430000,I,
95,'340,Honduras,6640,Temporary fallow,5110,Area,2010,2010,1000 ha,134.490000,I,
95,'340,Honduras,6640,Temporary fallow,5110,Area,2011,2011,1000 ha,130.130000,I,
95,'340,Honduras,6640,Temporary fallow,5110,Area,2012,2012,1000 ha,131.290000,I,
95,'340,Honduras,6640,Temporary fallow,5110,Area,2013,2013,1000 ha,128.030000,I,
95,'340,Honduras,6640,Temporary fallow,5110,Area,2014,2014,1000 ha,125.750000,I,
95,'340,Honduras,6640,Temporary fallow,5110,Area,2015,2015,1000 ha,127.870000,I,
95,'340,Honduras,6640,Temporary fallow,5110,Area,2016,2016,1000 ha,127.750000,I,
95,'340,Honduras,6640,Temporary fallow,5110,Area,2017,2017,1000 ha,126.310000,I,
95,'340,Honduras,6640,Temporary fallow,5110,Area,2018,2018,1000 ha,127.340000,I,
95,'340,Honduras,6640,Temporary fallow,5110,Area,2019,2019,1000 ha,123.310000,I,
95,'340,Honduras,6640,Temporary fallow,5110,Area,2020,2020,1000 ha,120.620000,I,
95,'340,Honduras,6640,Temporary fallow,5110,Area,2021,2021,1000 ha,113.870000,I,
95,'340,Honduras,6640,Temporary fallow,5110,Area,2022,2022,1000 ha,113.870000,I,
95,'340,Honduras,6640,Temporary fallow,5110,Area,2023,2023,1000 ha,113.870000,I,
95,'340,Honduras,6640,Temporary fallow,5110,Area,2024,2024,1000 ha,113.870000,I,
95,'340,Honduras,6650,Permanent crops,5110,Area,1961,1961,1000 ha,185.000000,I,
95,'340,Honduras,6650,Permanent crops,5110,Area,1962,1962,1000 ha,185.000000,I,
95,'340,Honduras,6650,Permanent crops,5110,Area,1963,1963,1000 ha,185.000000,I,
95,'340,Honduras,6650,Permanent crops,5110,Area,1964,1964,1000 ha,187.000000,I,
95,'340,Honduras,6650,Permanent crops,5110,Area,1965,1965,1000 ha,187.000000,I,
95,'340,Honduras,6650,Permanent crops,5110,Area,1966,1966,1000 ha,191.000000,A,
95,'340,Honduras,6650,Permanent crops,5110,Area,1967,1967,1000 ha,195.000000,I,
95,'340,Honduras,6650,Permanent crops,5110,Area,1968,1968,1000 ha,198.000000,I,
95,'340,Honduras,6650,Permanent crops,5110,Area,1969,1969,1000 ha,202.000000,I,
95,'340,Honduras,6650,Permanent crops,5110,Area,1970,1970,1000 ha,210.000000,I,
95,'340,Honduras,6650,Permanent crops,5110,Area,1971,1971,1000 ha,212.000000,I,
95,'340,Honduras,6650,Permanent crops,5110,Area,1972,1972,1000 ha,212.000000,I,
95,'340,Honduras,6650,Permanent crops,5110,Area,1973,1973,1000 ha,212.000000,I,
95,'340,Honduras,6650,Permanent crops,5110,Area,1974,1974,1000 ha,212.000000,A,
95,'340,Honduras,6650,Permanent crops,5110,Area,1975,1975,1000 ha,222.000000,I,
95,'340,Honduras,6650,Permanent crops,5110,Area,1976,1976,1000 ha,232.000000,I,
95,'340,Honduras,6650,Permanent crops,5110,Area,1977,1977,1000 ha,242.000000,I,
95,'340,Honduras,6650,Permanent crops,5110,Area,1978,1978,1000 ha,253.000000,I,
95,'340,Honduras,6650,Permanent crops,5110,Area,1979,1979,1000 ha,263.000000,I,
95,'340,Honduras,6650,Permanent crops,5110,Area,1980,1980,1000 ha,273.000000,I,
95,'340,Honduras,6650,Permanent crops,5110,Area,1981,1981,1000 ha,283.000000,I,
95,'340,Honduras,6650,Permanent crops,5110,Area,1982,1982,1000 ha,293.000000,I,
95,'340,Honduras,6650,Permanent crops,5110,Area,1983,1983,1000 ha,303.000000,I,
95,'340,Honduras,6650,Permanent crops,5110,Area,1984,1984,1000 ha,313.000000,I,
95,'340,Honduras,6650,Permanent crops,5110,Area,1985,1985,1000 ha,323.000000,I,
95,'340,Honduras,6650,Permanent crops,5110,Area,1986,1986,1000 ha,334.000000,I,
95,'340,Honduras,6650,Permanent crops,5110,Area,1987,1987,1000 ha,344.000000,I,
95,'340,Honduras,6650,Permanent crops,5110,Area,1988,1988,1000 ha,354.000000,I,
95,'340,Honduras,6650,Permanent crops,5110,Area,1989,1989,1000 ha,364.000000,A,
95,'340,Honduras,6650,Permanent crops,5110,Area,1990,1990,1000 ha,358.000000,I,
95,'340,Honduras,6650,Permanent crops,5110,Area,1991,1991,1000 ha,350.000000,I,
95,'340,Honduras,6650,Permanent crops,5110,Area,1992,1992,1000 ha,340.000000,I,
95,'340,Honduras,6650,Permanent crops,5110,Area,1993,1993,1000 ha,332.000000,A,
95,'340,Honduras,6650,Permanent crops,5110,Area,1994,1994,1000 ha,340.000000,I,
95,'340,Honduras,6650,Permanent crops,5110,Area,1995,1995,1000 ha,350.000000,I,
95,'340,Honduras,6650,Permanent crops,5110,Area,1996,1996,1000 ha,350.000000,I,
95,'340,Honduras,6650,Permanent crops,5110,Area,1997,1997,1000 ha,355.000000,I,
95,'340,Honduras,6650,Permanent crops,5110,Area,1998,1998,1000 ha,355.000000,I,
95,'340,Honduras,6650,Permanent crops,5110,Area,1999,1999,1000 ha,359.000000,I,
95,'340,Honduras,6650,Permanent crops,5110,Area,2000,2000,1000 ha,359.000000,A,
95,'340,Honduras,6650,Permanent crops,5110,Area,2001,2001,1000 ha,360.000000,I,
95,'340,Honduras,6650,Permanent crops,5110,Area,2002,2002,1000 ha,360.000000,I,
95,'340,Honduras,6650,Permanent crops,5110,Area,2003,2003,1000 ha,370.000000,I,
95,'340,Honduras,6650,Permanent crops,5110,Area,2004,2004,1000 ha,390.000000,I,
95,'340,Honduras,6650,Permanent crops,5110,Area,2005,2005,1000 ha,400.000000,I,
95,'340,Honduras,6650,Permanent crops,5110,Area,2006,2006,1000 ha,410.000000,I,
95,'340,Honduras,6650,Permanent crops,5110,Area,2007,2007,1000 ha,410.000000,I,
95,'340,Honduras,6650,Permanent crops,5110,Area,2008,2008,1000 ha,410.000000,I,
95,'340,Honduras,6650,Permanent crops,5110,Area,2009,2009,1000 ha,418.000000,I,
95,'340,Honduras,6650,Permanent crops,5110,Area,2010,2010,1000 ha,480.000000,I,
95,'340,Honduras,6650,Permanent crops,5110,Area,2011,2011,1000 ha,510.000000,I,
95,'340,Honduras,6650,Permanent crops,5110,Area,2012,2012,1000 ha,540.000000,I,
95,'340,Honduras,6650,Permanent crops,5110,Area,2013,2013,1000 ha,540.000000,I,
95,'340,Honduras,6650,Permanent crops,5110,Area,2014,2014,1000 ha,540.000000,I,
95,'340,Honduras,6650,Permanent crops,5110,Area,2015,2015,1000 ha,540.000000,I,
95,'340,Honduras,6650,Permanent crops,5110,Area,2016,2016,1000 ha,540.000000,I,
95,'340,Honduras,6650,Permanent crops,5110,Area,2017,2017,1000 ha,652.830000,I,
95,'340,Honduras,6650,Permanent crops,5110,Area,2018,2018,1000 ha,652.830000,I,
95,'340,Honduras,6650,Permanent crops,5110,Area,2019,2019,1000 ha,652.830000,I,
95,'340,Honduras,6650,Permanent crops,5110,Area,2020,2020,1000 ha,652.830000,I,
95,'340,Honduras,6650,Permanent crops,5110,Area,2021,2021,1000 ha,652.830000,I,
95,'340,Honduras,6650,Permanent crops,5110,Area,2022,2022,1000 ha,652.830000,I,
95,'340,Honduras,6650,Permanent crops,5110,Area,2023,2023,1000 ha,652.830000,I,
95,'340,Honduras,6650,Permanent crops,5110,Area,2024,2024,1000 ha,706.827600,A,
95,'340,Honduras,6650,Permanent crops,7208,Share in Agricultural land,1961,1961,%,6.080000,E,
95,'340,Honduras,6650,Permanent crops,7208,Share in Agricultural land,1962,1962,%,6.060000,E,
95,'340,Honduras,6650,Permanent crops,7208,Share in Agricultural land,1963,1963,%,6.050000,E,
95,'340,Honduras,6650,Permanent crops,7208,Share in Agricultural land,1964,1964,%,6.110000,E,
95,'340,Honduras,6650,Permanent crops,7208,Share in Agricultural land,1965,1965,%,6.100000,E,
95,'340,Honduras,6650,Permanent crops,7208,Share in Agricultural land,1966,1966,%,6.210000,E,
95,'340,Honduras,6650,Permanent crops,7208,Share in Agricultural land,1967,1967,%,6.320000,E,
95,'340,Honduras,6650,Permanent crops,7208,Share in Agricultural land,1968,1968,%,6.410000,E,
95,'340,Honduras,6650,Permanent crops,7208,Share in Agricultural land,1969,1969,%,6.540000,E,
95,'340,Honduras,6650,Permanent crops,7208,Share in Agricultural land,1970,1970,%,6.770000,E,
95,'340,Honduras,6650,Permanent crops,7208,Share in Agricultural land,1971,1971,%,6.830000,E,
95,'340,Honduras,6650,Permanent crops,7208,Share in Agricultural land,1972,1972,%,6.750000,E,
95,'340,Honduras,6650,Permanent crops,7208,Share in Agricultural land,1973,1973,%,6.730000,E,
95,'340,Honduras,6650,Permanent crops,7208,Share in Agricultural land,1974,1974,%,6.720000,E,
95,'340,Honduras,6650,Permanent crops,7208,Share in Agricultural land,1975,1975,%,6.950000,E,
95,'340,Honduras,6650,Permanent crops,7208,Share in Agricultural land,1976,1976,%,7.180000,E,
95,'340,Honduras,6650,Permanent crops,7208,Share in Agricultural land,1977,1977,%,7.320000,E,
95,'340,Honduras,6650,Permanent crops,7208,Share in Agricultural land,1978,1978,%,7.630000,E,
95,'340,Honduras,6650,Permanent crops,7208,Share in Agricultural land,1979,1979,%,7.930000,E,
95,'340,Honduras,6650,Permanent crops,7208,Share in Agricultural land,1980,1980,%,8.230000,E,
95,'340,Honduras,6650,Permanent crops,7208,Share in Agricultural land,1981,1981,%,8.510000,E,
95,'340,Honduras,6650,Permanent crops,7208,Share in Agricultural land,1982,1982,%,8.800000,E,
95,'340,Honduras,6650,Permanent crops,7208,Share in Agricultural land,1983,1983,%,9.100000,E,
95,'340,Honduras,6650,Permanent crops,7208,Share in Agricultural land,1984,1984,%,9.380000,E,
95,'340,Honduras,6650,Permanent crops,7208,Share in Agricultural land,1985,1985,%,9.670000,E,
95,'340,Honduras,6650,Permanent crops,7208,Share in Agricultural land,1986,1986,%,9.980000,E,
95,'340,Honduras,6650,Permanent crops,7208,Share in Agricultural land,1987,1987,%,10.280000,E,
95,'340,Honduras,6650,Permanent crops,7208,Share in Agricultural land,1988,1988,%,10.580000,E,
95,'340,Honduras,6650,Permanent crops,7208,Share in Agricultural land,1989,1989,%,10.800000,E,
95,'340,Honduras,6650,Permanent crops,7208,Share in Agricultural land,1990,1990,%,10.610000,E,
95,'340,Honduras,6650,Permanent crops,7208,Share in Agricultural land,1991,1991,%,10.330000,E,
95,'340,Honduras,6650,Permanent crops,7208,Share in Agricultural land,1992,1992,%,10.010000,E,
95,'340,Honduras,6650,Permanent crops,7208,Share in Agricultural land,1993,1993,%,9.360000,E,
95,'340,Honduras,6650,Permanent crops,7208,Share in Agricultural land,1994,1994,%,9.660000,E,
95,'340,Honduras,6650,Permanent crops,7208,Share in Agricultural land,1995,1995,%,10.070000,E,
95,'340,Honduras,6650,Permanent crops,7208,Share in Agricultural land,1996,1996,%,10.080000,E,
95,'340,Honduras,6650,Permanent crops,7208,Share in Agricultural land,1997,1997,%,10.460000,E,
95,'340,Honduras,6650,Permanent crops,7208,Share in Agricultural land,1998,1998,%,10.470000,E,
95,'340,Honduras,6650,Permanent crops,7208,Share in Agricultural land,1999,1999,%,10.750000,E,
95,'340,Honduras,6650,Permanent crops,7208,Share in Agricultural land,2000,2000,%,12.230000,E,
95,'340,Honduras,6650,Permanent crops,7208,Share in Agricultural land,2001,2001,%,12.140000,E,
95,'340,Honduras,6650,Permanent crops,7208,Share in Agricultural land,2002,2002,%,12.010000,E,
95,'340,Honduras,6650,Permanent crops,7208,Share in Agricultural land,2003,2003,%,12.220000,E,
95,'340,Honduras,6650,Permanent crops,7208,Share in Agricultural land,2004,2004,%,12.750000,E,
95,'340,Honduras,6650,Permanent crops,7208,Share in Agricultural land,2005,2005,%,12.940000,E,
95,'340,Honduras,6650,Permanent crops,7208,Share in Agricultural land,2006,2006,%,13.130000,E,
95,'340,Honduras,6650,Permanent crops,7208,Share in Agricultural land,2007,2007,%,13.000000,E,
95,'340,Honduras,6650,Permanent crops,7208,Share in Agricultural land,2008,2008,%,12.880000,E,
95,'340,Honduras,6650,Permanent crops,7208,Share in Agricultural land,2009,2009,%,13.170000,E,
95,'340,Honduras,6650,Permanent crops,7208,Share in Agricultural land,2010,2010,%,14.920000,E,
95,'340,Honduras,6650,Permanent crops,7208,Share in Agricultural land,2011,2011,%,15.790000,E,
95,'340,Honduras,6650,Permanent crops,7208,Share in Agricultural land,2012,2012,%,16.660000,E,
95,'340,Honduras,6650,Permanent crops,7208,Share in Agricultural land,2013,2013,%,16.760000,E,
95,'340,Honduras,6650,Permanent crops,7208,Share in Agricultural land,2014,2014,%,16.850000,E,
95,'340,Honduras,6650,Permanent crops,7208,Share in Agricultural land,2015,2015,%,16.950000,E,
95,'340,Honduras,6650,Permanent crops,7208,Share in Agricultural land,2016,2016,%,17.050000,E,
95,'340,Honduras,6650,Permanent crops,7208,Share in Agricultural land,2017,2017,%,20.010000,E,
95,'340,Honduras,6650,Permanent crops,7208,Share in Agricultural land,2018,2018,%,20.130000,E,
95,'340,Honduras,6650,Permanent crops,7208,Share in Agricultural land,2019,2019,%,20.240000,E,
95,'340,Honduras,6650,Permanent crops,7208,Share in Agricultural land,2020,2020,%,20.360000,E,
95,'340,Honduras,6650,Permanent crops,7208,Share in Agricultural land,2021,2021,%,20.470000,E,
95,'340,Honduras,6650,Permanent crops,7208,Share in Agricultural land,2022,2022,%,20.590000,E,
95,'340,Honduras,6650,Permanent crops,7208,Share in Agricultural land,2023,2023,%,20.710000,E,
95,'340,Honduras,6650,Permanent crops,7208,Share in Agricultural land,2024,2024,%,22.170000,E,
95,'340,Honduras,6655,Permanent meadows and pastures,5110,Area,1961,1961,1000 ha,1561.000000,I,
95,'340,Honduras,6655,Permanent meadows and pastures,5110,Area,1962,1962,1000 ha,1561.000000,I,
95,'340,Honduras,6655,Permanent meadows and pastures,5110,Area,1963,1963,1000 ha,1561.000000,I,
95,'340,Honduras,6655,Permanent meadows and pastures,5110,Area,1964,1964,1000 ha,1561.000000,I,
95,'340,Honduras,6655,Permanent meadows and pastures,5110,Area,1965,1965,1000 ha,1561.000000,I,
95,'340,Honduras,6655,Permanent meadows and pastures,5110,Area,1966,1966,1000 ha,1561.000000,I,
95,'340,Honduras,6655,Permanent meadows and pastures,5110,Area,1967,1967,1000 ha,1561.000000,I,
95,'340,Honduras,6655,Permanent meadows and pastures,5110,Area,1968,1968,1000 ha,1561.000000,I,
95,'340,Honduras,6655,Permanent meadows and pastures,5110,Area,1969,1969,1000 ha,1561.000000,I,
95,'340,Honduras,6655,Permanent meadows and pastures,5110,Area,1970,1970,1000 ha,1561.000000,I,
95,'340,Honduras,6655,Permanent meadows and pastures,5110,Area,1971,1971,1000 ha,1561.000000,I,
95,'340,Honduras,6655,Permanent meadows and pastures,5110,Area,1972,1972,1000 ha,1561.000000,I,
95,'340,Honduras,6655,Permanent meadows and pastures,5110,Area,1973,1973,1000 ha,1561.000000,I,
95,'340,Honduras,6655,Permanent meadows and pastures,5110,Area,1974,1974,1000 ha,1561.000000,I,
95,'340,Honduras,6655,Permanent meadows and pastures,5110,Area,1975,1975,1000 ha,1561.000000,I,
95,'340,Honduras,6655,Permanent meadows and pastures,5110,Area,1976,1976,1000 ha,1561.000000,I,
95,'340,Honduras,6655,Permanent meadows and pastures,5110,Area,1977,1977,1000 ha,1561.000000,I,
95,'340,Honduras,6655,Permanent meadows and pastures,5110,Area,1978,1978,1000 ha,1561.000000,I,
95,'340,Honduras,6655,Permanent meadows and pastures,5110,Area,1979,1979,1000 ha,1561.000000,I,
95,'340,Honduras,6655,Permanent meadows and pastures,5110,Area,1980,1980,1000 ha,1561.000000,I,
95,'340,Honduras,6655,Permanent meadows and pastures,5110,Area,1981,1981,1000 ha,1561.000000,I,
95,'340,Honduras,6655,Permanent meadows and pastures,5110,Area,1982,1982,1000 ha,1561.000000,I,
95,'340,Honduras,6655,Permanent meadows and pastures,5110,Area,1983,1983,1000 ha,1561.000000,I,
95,'340,Honduras,6655,Permanent meadows and pastures,5110,Area,1984,1984,1000 ha,1561.000000,I,
95,'340,Honduras,6655,Permanent meadows and pastures,5110,Area,1985,1985,1000 ha,1561.000000,I,
95,'340,Honduras,6655,Permanent meadows and pastures,5110,Area,1986,1986,1000 ha,1561.000000,I,
95,'340,Honduras,6655,Permanent meadows and pastures,5110,Area,1987,1987,1000 ha,1561.000000,I,
95,'340,Honduras,6655,Permanent meadows and pastures,5110,Area,1988,1988,1000 ha,1561.000000,I,
95,'340,Honduras,6655,Permanent meadows and pastures,5110,Area,1989,1989,1000 ha,1561.000000,A,
95,'340,Honduras,6655,Permanent meadows and pastures,5110,Area,1990,1990,1000 ha,1554.000000,I,
95,'340,Honduras,6655,Permanent meadows and pastures,5110,Area,1991,1991,1000 ha,1547.000000,I,
95,'340,Honduras,6655,Permanent meadows and pastures,5110,Area,1992,1992,1000 ha,1540.000000,I,
95,'340,Honduras,6655,Permanent meadows and pastures,5110,Area,1993,1993,1000 ha,1533.000000,A,
95,'340,Honduras,6655,Permanent meadows and pastures,5110,Area,1994,1994,1000 ha,1529.430000,I,
95,'340,Honduras,6655,Permanent meadows and pastures,5110,Area,1995,1995,1000 ha,1525.860000,I,
95,'340,Honduras,6655,Permanent meadows and pastures,5110,Area,1996,1996,1000 ha,1522.290000,I,
95,'340,Honduras,6655,Permanent meadows and pastures,5110,Area,1997,1997,1000 ha,1518.710000,I,
95,'340,Honduras,6655,Permanent meadows and pastures,5110,Area,1998,1998,1000 ha,1515.140000,I,
95,'340,Honduras,6655,Permanent meadows and pastures,5110,Area,1999,1999,1000 ha,1511.570000,I,
95,'340,Honduras,6655,Permanent meadows and pastures,5110,Area,2000,2000,1000 ha,1508.000000,A,
95,'340,Honduras,6655,Permanent meadows and pastures,5110,Area,2001,2001,1000 ha,1539.000000,I,
95,'340,Honduras,6655,Permanent meadows and pastures,5110,Area,2002,2002,1000 ha,1570.000000,I,
95,'340,Honduras,6655,Permanent meadows and pastures,5110,Area,2003,2003,1000 ha,1601.000000,I,
95,'340,Honduras,6655,Permanent meadows and pastures,5110,Area,2004,2004,1000 ha,1632.000000,I,
95,'340,Honduras,6655,Permanent meadows and pastures,5110,Area,2005,2005,1000 ha,1663.000000,I,
95,'340,Honduras,6655,Permanent meadows and pastures,5110,Area,2006,2006,1000 ha,1694.000000,I,
95,'340,Honduras,6655,Permanent meadows and pastures,5110,Area,2007,2007,1000 ha,1725.000000,I,
95,'340,Honduras,6655,Permanent meadows and pastures,5110,Area,2008,2008,1000 ha,1756.000000,A,
95,'340,Honduras,6655,Permanent meadows and pastures,5110,Area,2009,2009,1000 ha,1737.690000,I,
95,'340,Honduras,6655,Permanent meadows and pastures,5110,Area,2010,2010,1000 ha,1719.380000,I,
95,'340,Honduras,6655,Permanent meadows and pastures,5110,Area,2011,2011,1000 ha,1701.070000,I,
95,'340,Honduras,6655,Permanent meadows and pastures,5110,Area,2012,2012,1000 ha,1682.760000,I,
95,'340,Honduras,6655,Permanent meadows and pastures,5110,Area,2013,2013,1000 ha,1664.450000,I,
95,'340,Honduras,6655,Permanent meadows and pastures,5110,Area,2014,2014,1000 ha,1646.130000,I,
95,'340,Honduras,6655,Permanent meadows and pastures,5110,Area,2015,2015,1000 ha,1627.820000,I,
95,'340,Honduras,6655,Permanent meadows and pastures,5110,Area,2016,2016,1000 ha,1609.510000,I,
95,'340,Honduras,6655,Permanent meadows and pastures,5110,Area,2017,2017,1000 ha,1591.200000,I,
95,'340,Honduras,6655,Permanent meadows and pastures,5110,Area,2018,2018,1000 ha,1572.890000,I,
95,'340,Honduras,6655,Permanent meadows and pastures,5110,Area,2019,2019,1000 ha,1554.580000,I,
95,'340,Honduras,6655,Permanent meadows and pastures,5110,Area,2020,2020,1000 ha,1536.270000,I,
95,'340,Honduras,6655,Permanent meadows and pastures,5110,Area,2021,2021,1000 ha,1517.960000,I,
95,'340,Honduras,6655,Permanent meadows and pastures,5110,Area,2022,2022,1000 ha,1499.650000,I,
95,'340,Honduras,6655,Permanent meadows and pastures,5110,Area,2023,2023,1000 ha,1481.340000,I,
95,'340,Honduras,6655,Permanent meadows and pastures,5110,Area,2024,2024,1000 ha,1463.024600,A,
95,'340,Honduras,6655,Permanent meadows and pastures,7208,Share in Agricultural land,1961,1961,%,51.330000,E,
95,'340,Honduras,6655,Permanent meadows and pastures,7208,Share in Agricultural land,1962,1962,%,51.160000,E,
95,'340,Honduras,6655,Permanent meadows and pastures,7208,Share in Agricultural land,1963,1963,%,51.080000,E,
95,'340,Honduras,6655,Permanent meadows and pastures,7208,Share in Agricultural land,1964,1964,%,51.000000,E,
95,'340,Honduras,6655,Permanent meadows and pastures,7208,Share in Agricultural land,1965,1965,%,50.910000,E,
95,'340,Honduras,6655,Permanent meadows and pastures,7208,Share in Agricultural land,1966,1966,%,50.750000,E,
95,'340,Honduras,6655,Permanent meadows and pastures,7208,Share in Agricultural land,1967,1967,%,50.580000,E,
95,'340,Honduras,6655,Permanent meadows and pastures,7208,Share in Agricultural land,1968,1968,%,50.500000,E,
95,'340,Honduras,6655,Permanent meadows and pastures,7208,Share in Agricultural land,1969,1969,%,50.500000,E,
95,'340,Honduras,6655,Permanent meadows and pastures,7208,Share in Agricultural land,1970,1970,%,50.340000,E,
95,'340,Honduras,6655,Permanent meadows and pastures,7208,Share in Agricultural land,1971,1971,%,50.260000,E,
95,'340,Honduras,6655,Permanent meadows and pastures,7208,Share in Agricultural land,1972,1972,%,49.700000,E,
95,'340,Honduras,6655,Permanent meadows and pastures,7208,Share in Agricultural land,1973,1973,%,49.540000,E,
95,'340,Honduras,6655,Permanent meadows and pastures,7208,Share in Agricultural land,1974,1974,%,49.450000,E,
95,'340,Honduras,6655,Permanent meadows and pastures,7208,Share in Agricultural land,1975,1975,%,48.840000,E,
95,'340,Honduras,6655,Permanent meadows and pastures,7208,Share in Agricultural land,1976,1976,%,48.310000,E,
95,'340,Honduras,6655,Permanent meadows and pastures,7208,Share in Agricultural land,1977,1977,%,47.220000,E,
95,'340,Honduras,6655,Permanent meadows and pastures,7208,Share in Agricultural land,1978,1978,%,47.050000,E,
95,'340,Honduras,6655,Permanent meadows and pastures,7208,Share in Agricultural land,1979,1979,%,47.050000,E,
95,'340,Honduras,6655,Permanent meadows and pastures,7208,Share in Agricultural land,1980,1980,%,47.050000,E,
95,'340,Honduras,6655,Permanent meadows and pastures,7208,Share in Agricultural land,1981,1981,%,46.950000,E,
95,'340,Honduras,6655,Permanent meadows and pastures,7208,Share in Agricultural land,1982,1982,%,46.880000,E,
95,'340,Honduras,6655,Permanent meadows and pastures,7208,Share in Agricultural land,1983,1983,%,46.860000,E,
95,'340,Honduras,6655,Permanent meadows and pastures,7208,Share in Agricultural land,1984,1984,%,46.760000,E,
95,'340,Honduras,6655,Permanent meadows and pastures,7208,Share in Agricultural land,1985,1985,%,46.750000,E,
95,'340,Honduras,6655,Permanent meadows and pastures,7208,Share in Agricultural land,1986,1986,%,46.650000,E,
95,'340,Honduras,6655,Permanent meadows and pastures,7208,Share in Agricultural land,1987,1987,%,46.650000,E,
95,'340,Honduras,6655,Permanent meadows and pastures,7208,Share in Agricultural land,1988,1988,%,46.650000,E,
95,'340,Honduras,6655,Permanent meadows and pastures,7208,Share in Agricultural land,1989,1989,%,46.310000,E,
95,'340,Honduras,6655,Permanent meadows and pastures,7208,Share in Agricultural land,1990,1990,%,46.060000,E,
95,'340,Honduras,6655,Permanent meadows and pastures,7208,Share in Agricultural land,1991,1991,%,45.650000,E,
95,'340,Honduras,6655,Permanent meadows and pastures,7208,Share in Agricultural land,1992,1992,%,45.360000,E,
95,'340,Honduras,6655,Permanent meadows and pastures,7208,Share in Agricultural land,1993,1993,%,43.210000,E,
95,'340,Honduras,6655,Permanent meadows and pastures,7208,Share in Agricultural land,1994,1994,%,43.460000,E,
95,'340,Honduras,6655,Permanent meadows and pastures,7208,Share in Agricultural land,1995,1995,%,43.900000,E,
95,'340,Honduras,6655,Permanent meadows and pastures,7208,Share in Agricultural land,1996,1996,%,43.840000,E,
95,'340,Honduras,6655,Permanent meadows and pastures,7208,Share in Agricultural land,1997,1997,%,44.750000,E,
95,'340,Honduras,6655,Permanent meadows and pastures,7208,Share in Agricultural land,1998,1998,%,44.690000,E,
95,'340,Honduras,6655,Permanent meadows and pastures,7208,Share in Agricultural land,1999,1999,%,45.280000,E,
95,'340,Honduras,6655,Permanent meadows and pastures,7208,Share in Agricultural land,2000,2000,%,51.380000,E,
95,'340,Honduras,6655,Permanent meadows and pastures,7208,Share in Agricultural land,2001,2001,%,51.890000,E,
95,'340,Honduras,6655,Permanent meadows and pastures,7208,Share in Agricultural land,2002,2002,%,52.380000,E,
95,'340,Honduras,6655,Permanent meadows and pastures,7208,Share in Agricultural land,2003,2003,%,52.870000,E,
95,'340,Honduras,6655,Permanent meadows and pastures,7208,Share in Agricultural land,2004,2004,%,53.340000,E,
95,'340,Honduras,6655,Permanent meadows and pastures,7208,Share in Agricultural land,2005,2005,%,53.810000,E,
95,'340,Honduras,6655,Permanent meadows and pastures,7208,Share in Agricultural land,2006,2006,%,54.260000,E,
95,'340,Honduras,6655,Permanent meadows and pastures,7208,Share in Agricultural land,2007,2007,%,54.710000,E,
95,'340,Honduras,6655,Permanent meadows and pastures,7208,Share in Agricultural land,2008,2008,%,55.150000,E,
95,'340,Honduras,6655,Permanent meadows and pastures,7208,Share in Agricultural land,2009,2009,%,54.750000,E,
95,'340,Honduras,6655,Permanent meadows and pastures,7208,Share in Agricultural land,2010,2010,%,53.440000,E,
95,'340,Honduras,6655,Permanent meadows and pastures,7208,Share in Agricultural land,2011,2011,%,52.680000,E,
95,'340,Honduras,6655,Permanent meadows and pastures,7208,Share in Agricultural land,2012,2012,%,51.920000,E,
95,'340,Honduras,6655,Permanent meadows and pastures,7208,Share in Agricultural land,2013,2013,%,51.650000,E,
95,'340,Honduras,6655,Permanent meadows and pastures,7208,Share in Agricultural land,2014,2014,%,51.380000,E,
95,'340,Honduras,6655,Permanent meadows and pastures,7208,Share in Agricultural land,2015,2015,%,51.100000,E,
95,'340,Honduras,6655,Permanent meadows and pastures,7208,Share in Agricultural land,2016,2016,%,50.810000,E,
95,'340,Honduras,6655,Permanent meadows and pastures,7208,Share in Agricultural land,2017,2017,%,48.780000,E,
95,'340,Honduras,6655,Permanent meadows and pastures,7208,Share in Agricultural land,2018,2018,%,48.490000,E,
95,'340,Honduras,6655,Permanent meadows and pastures,7208,Share in Agricultural land,2019,2019,%,48.200000,E,
95,'340,Honduras,6655,Permanent meadows and pastures,7208,Share in Agricultural land,2020,2020,%,47.900000,E,
95,'340,Honduras,6655,Permanent meadows and pastures,7208,Share in Agricultural land,2021,2021,%,47.600000,E,
95,'340,Honduras,6655,Permanent meadows and pastures,7208,Share in Agricultural land,2022,2022,%,47.300000,E,
95,'340,Honduras,6655,Permanent meadows and pastures,7208,Share in Agricultural land,2023,2023,%,46.990000,E,
95,'340,Honduras,6655,Permanent meadows and pastures,7208,Share in Agricultural land,2024,2024,%,45.890000,E,
95,'340,Honduras,6655,Permanent meadows and pastures,7209,Share in Land area,1961,1961,%,13.950000,E,
95,'340,Honduras,6655,Permanent meadows and pastures,7209,Share in Land area,1962,1962,%,13.950000,E,
95,'340,Honduras,6655,Permanent meadows and pastures,7209,Share in Land area,1963,1963,%,13.950000,E,
95,'340,Honduras,6655,Permanent meadows and pastures,7209,Share in Land area,1964,1964,%,13.950000,E,
95,'340,Honduras,6655,Permanent meadows and pastures,7209,Share in Land area,1965,1965,%,13.950000,E,
95,'340,Honduras,6655,Permanent meadows and pastures,7209,Share in Land area,1966,1966,%,13.950000,E,
95,'340,Honduras,6655,Permanent meadows and pastures,7209,Share in Land area,1967,1967,%,13.950000,E,
95,'340,Honduras,6655,Permanent meadows and pastures,7209,Share in Land area,1968,1968,%,13.950000,E,
95,'340,Honduras,6655,Permanent meadows and pastures,7209,Share in Land area,1969,1969,%,13.950000,E,
95,'340,Honduras,6655,Permanent meadows and pastures,7209,Share in Land area,1970,1970,%,13.950000,E,
95,'340,Honduras,6655,Permanent meadows and pastures,7209,Share in Land area,1971,1971,%,13.950000,E,
95,'340,Honduras,6655,Permanent meadows and pastures,7209,Share in Land area,1972,1972,%,13.950000,E,
95,'340,Honduras,6655,Permanent meadows and pastures,7209,Share in Land area,1973,1973,%,13.950000,E,
95,'340,Honduras,6655,Permanent meadows and pastures,7209,Share in Land area,1974,1974,%,13.950000,E,
95,'340,Honduras,6655,Permanent meadows and pastures,7209,Share in Land area,1975,1975,%,13.950000,E,
95,'340,Honduras,6655,Permanent meadows and pastures,7209,Share in Land area,1976,1976,%,13.950000,E,
95,'340,Honduras,6655,Permanent meadows and pastures,7209,Share in Land area,1977,1977,%,13.950000,E,
95,'340,Honduras,6655,Permanent meadows and pastures,7209,Share in Land area,1978,1978,%,13.950000,E,
95,'340,Honduras,6655,Permanent meadows and pastures,7209,Share in Land area,1979,1979,%,13.950000,E,
95,'340,Honduras,6655,Permanent meadows and pastures,7209,Share in Land area,1980,1980,%,13.950000,E,
95,'340,Honduras,6655,Permanent meadows and pastures,7209,Share in Land area,1981,1981,%,13.950000,E,
95,'340,Honduras,6655,Permanent meadows and pastures,7209,Share in Land area,1982,1982,%,13.950000,E,
95,'340,Honduras,6655,Permanent meadows and pastures,7209,Share in Land area,1983,1983,%,13.950000,E,
95,'340,Honduras,6655,Permanent meadows and pastures,7209,Share in Land area,1984,1984,%,13.950000,E,
95,'340,Honduras,6655,Permanent meadows and pastures,7209,Share in Land area,1985,1985,%,13.950000,E,
95,'340,Honduras,6655,Permanent meadows and pastures,7209,Share in Land area,1986,1986,%,13.950000,E,
95,'340,Honduras,6655,Permanent meadows and pastures,7209,Share in Land area,1987,1987,%,13.950000,E,
95,'340,Honduras,6655,Permanent meadows and pastures,7209,Share in Land area,1988,1988,%,13.950000,E,
95,'340,Honduras,6655,Permanent meadows and pastures,7209,Share in Land area,1989,1989,%,13.950000,E,
95,'340,Honduras,6655,Permanent meadows and pastures,7209,Share in Land area,1990,1990,%,13.890000,E,
95,'340,Honduras,6655,Permanent meadows and pastures,7209,Share in Land area,1991,1991,%,13.830000,E,
95,'340,Honduras,6655,Permanent meadows and pastures,7209,Share in Land area,1992,1992,%,13.760000,E,
95,'340,Honduras,6655,Permanent meadows and pastures,7209,Share in Land area,1993,1993,%,13.700000,E,
95,'340,Honduras,6655,Permanent meadows and pastures,7209,Share in Land area,1994,1994,%,13.670000,E,
95,'340,Honduras,6655,Permanent meadows and pastures,7209,Share in Land area,1995,1995,%,13.640000,E,
95,'340,Honduras,6655,Permanent meadows and pastures,7209,Share in Land area,1996,1996,%,13.610000,E,
95,'340,Honduras,6655,Permanent meadows and pastures,7209,Share in Land area,1997,1997,%,13.570000,E,
95,'340,Honduras,6655,Permanent meadows and pastures,7209,Share in Land area,1998,1998,%,13.540000,E,
95,'340,Honduras,6655,Permanent meadows and pastures,7209,Share in Land area,1999,1999,%,13.510000,E,
95,'340,Honduras,6655,Permanent meadows and pastures,7209,Share in Land area,2000,2000,%,13.480000,E,
95,'340,Honduras,6655,Permanent meadows and pastures,7209,Share in Land area,2001,2001,%,13.750000,E,
95,'340,Honduras,6655,Permanent meadows and pastures,7209,Share in Land area,2002,2002,%,14.030000,E,
95,'340,Honduras,6655,Permanent meadows and pastures,7209,Share in Land area,2003,2003,%,14.310000,E,
95,'340,Honduras,6655,Permanent meadows and pastures,7209,Share in Land area,2004,2004,%,14.590000,E,
95,'340,Honduras,6655,Permanent meadows and pastures,7209,Share in Land area,2005,2005,%,14.860000,E,
95,'340,Honduras,6655,Permanent meadows and pastures,7209,Share in Land area,2006,2006,%,15.140000,E,
95,'340,Honduras,6655,Permanent meadows and pastures,7209,Share in Land area,2007,2007,%,15.420000,E,
95,'340,Honduras,6655,Permanent meadows and pastures,7209,Share in Land area,2008,2008,%,15.690000,E,
95,'340,Honduras,6655,Permanent meadows and pastures,7209,Share in Land area,2009,2009,%,15.530000,E,
95,'340,Honduras,6655,Permanent meadows and pastures,7209,Share in Land area,2010,2010,%,15.370000,E,
95,'340,Honduras,6655,Permanent meadows and pastures,7209,Share in Land area,2011,2011,%,15.200000,E,
95,'340,Honduras,6655,Permanent meadows and pastures,7209,Share in Land area,2012,2012,%,15.040000,E,
95,'340,Honduras,6655,Permanent meadows and pastures,7209,Share in Land area,2013,2013,%,14.880000,E,
95,'340,Honduras,6655,Permanent meadows and pastures,7209,Share in Land area,2014,2014,%,14.710000,E,
95,'340,Honduras,6655,Permanent meadows and pastures,7209,Share in Land area,2015,2015,%,14.550000,E,
95,'340,Honduras,6655,Permanent meadows and pastures,7209,Share in Land area,2016,2016,%,14.380000,E,
95,'340,Honduras,6655,Permanent meadows and pastures,7209,Share in Land area,2017,2017,%,14.220000,E,
95,'340,Honduras,6655,Permanent meadows and pastures,7209,Share in Land area,2018,2018,%,14.060000,E,
95,'340,Honduras,6655,Permanent meadows and pastures,7209,Share in Land area,2019,2019,%,13.890000,E,
95,'340,Honduras,6655,Permanent meadows and pastures,7209,Share in Land area,2020,2020,%,13.730000,E,
95,'340,Honduras,6655,Permanent meadows and pastures,7209,Share in Land area,2021,2021,%,13.570000,E,
95,'340,Honduras,6655,Permanent meadows and pastures,7209,Share in Land area,2022,2022,%,13.400000,E,
95,'340,Honduras,6655,Permanent meadows and pastures,7209,Share in Land area,2023,2023,%,13.240000,E,
95,'340,Honduras,6655,Permanent meadows and pastures,7209,Share in Land area,2024,2024,%,13.080000,E,
95,'340,Honduras,6656,Perm. meadows & pastures - Cultivated,5110,Area,2024,2024,1000 ha,99.343000,A,
95,'340,Honduras,6659,Perm. meadows & pastures - Nat. growing,5110,Area,2024,2024,1000 ha,1363.681600,A,
95,'340,Honduras,6646,Forest land,5110,Area,1990,1990,1000 ha,7644.210000,X,
95,'340,Honduras,6646,Forest land,5110,Area,1991,1991,1000 ha,7592.740000,I,
95,'340,Honduras,6646,Forest land,5110,Area,1992,1992,1000 ha,7541.260000,I,
95,'340,Honduras,6646,Forest land,5110,Area,1993,1993,1000 ha,7489.790000,I,
95,'340,Honduras,6646,Forest land,5110,Area,1994,1994,1000 ha,7438.310000,I,
95,'340,Honduras,6646,Forest land,5110,Area,1995,1995,1000 ha,7386.840000,I,
95,'340,Honduras,6646,Forest land,5110,Area,1996,1996,1000 ha,7335.370000,I,
95,'340,Honduras,6646,Forest land,5110,Area,1997,1997,1000 ha,7283.890000,I,
95,'340,Honduras,6646,Forest land,5110,Area,1998,1998,1000 ha,7232.420000,I,
95,'340,Honduras,6646,Forest land,5110,Area,1999,1999,1000 ha,7180.940000,I,
95,'340,Honduras,6646,Forest land,5110,Area,2000,2000,1000 ha,7129.470000,X,
95,'340,Honduras,6646,Forest land,5110,Area,2001,2001,1000 ha,7090.990000,I,
95,'340,Honduras,6646,Forest land,5110,Area,2002,2002,1000 ha,7052.510000,I,
95,'340,Honduras,6646,Forest land,5110,Area,2003,2003,1000 ha,7014.040000,I,
95,'340,Honduras,6646,Forest land,5110,Area,2004,2004,1000 ha,6975.560000,I,
95,'340,Honduras,6646,Forest land,5110,Area,2005,2005,1000 ha,6937.080000,I,
95,'340,Honduras,6646,Forest land,5110,Area,2006,2006,1000 ha,6898.600000,I,
95,'340,Honduras,6646,Forest land,5110,Area,2007,2007,1000 ha,6860.120000,I,
95,'340,Honduras,6646,Forest land,5110,Area,2008,2008,1000 ha,6821.650000,I,
95,'340,Honduras,6646,Forest land,5110,Area,2009,2009,1000 ha,6783.170000,I,
95,'340,Honduras,6646,Forest land,5110,Area,2010,2010,1000 ha,6744.690000,X,
95,'340,Honduras,6646,Forest land,5110,Area,2011,2011,1000 ha,6701.150000,I,
95,'340,Honduras,6646,Forest land,5110,Area,2012,2012,1000 ha,6657.610000,I,
95,'340,Honduras,6646,Forest land,5110,Area,2013,2013,1000 ha,6614.080000,I,
95,'340,Honduras,6646,Forest land,5110,Area,2014,2014,1000 ha,6570.540000,I,
95,'340,Honduras,6646,Forest land,5110,Area,2015,2015,1000 ha,6527.000000,X,
95,'340,Honduras,6646,Forest land,5110,Area,2016,2016,1000 ha,6444.090000,I,
95,'340,Honduras,6646,Forest land,5110,Area,2017,2017,1000 ha,6361.170000,I,
95,'340,Honduras,6646,Forest land,5110,Area,2018,2018,1000 ha,6278.260000,I,
95,'340,Honduras,6646,Forest land,5110,Area,2019,2019,1000 ha,6195.340000,I,
95,'340,Honduras,6646,Forest land,5110,Area,2020,2020,1000 ha,6112.430000,X,
95,'340,Honduras,6646,Forest land,5110,Area,2021,2021,1000 ha,6062.210000,I,
95,'340,Honduras,6646,Forest land,5110,Area,2022,2022,1000 ha,6011.990000,I,
95,'340,Honduras,6646,Forest land,5110,Area,2023,2023,1000 ha,5961.770000,I,
95,'340,Honduras,6646,Forest land,5110,Area,2024,2024,1000 ha,5911.550000,I,
95,'340,Honduras,6646,Forest land,5110,Area,2025,2025,1000 ha,5861.330000,X,
95,'340,Honduras,6646,Forest land,72151,Carbon stock in living biomass,1990,1990,million t,179.608900,X,
95,'340,Honduras,6646,Forest land,72151,Carbon stock in living biomass,1991,1991,million t,178.400000,I,
95,'340,Honduras,6646,Forest land,72151,Carbon stock in living biomass,1992,1992,million t,177.190000,I,
95,'340,Honduras,6646,Forest land,72151,Carbon stock in living biomass,1993,1993,million t,175.980000,I,
95,'340,Honduras,6646,Forest land,72151,Carbon stock in living biomass,1994,1994,million t,174.770000,I,
95,'340,Honduras,6646,Forest land,72151,Carbon stock in living biomass,1995,1995,million t,173.560000,I,
95,'340,Honduras,6646,Forest land,72151,Carbon stock in living biomass,1996,1996,million t,172.350000,I,
95,'340,Honduras,6646,Forest land,72151,Carbon stock in living biomass,1997,1997,million t,171.140000,I,
95,'340,Honduras,6646,Forest land,72151,Carbon stock in living biomass,1998,1998,million t,169.930000,I,
95,'340,Honduras,6646,Forest land,72151,Carbon stock in living biomass,1999,1999,million t,168.720000,I,
95,'340,Honduras,6646,Forest land,72151,Carbon stock in living biomass,2000,2000,million t,167.514500,X,
95,'340,Honduras,6646,Forest land,72151,Carbon stock in living biomass,2001,2001,million t,172.720000,I,
95,'340,Honduras,6646,Forest land,72151,Carbon stock in living biomass,2002,2002,million t,177.920000,I,
95,'340,Honduras,6646,Forest land,72151,Carbon stock in living biomass,2003,2003,million t,183.120000,I,
95,'340,Honduras,6646,Forest land,72151,Carbon stock in living biomass,2004,2004,million t,188.320000,I,
95,'340,Honduras,6646,Forest land,72151,Carbon stock in living biomass,2005,2005,million t,193.530000,I,
95,'340,Honduras,6646,Forest land,72151,Carbon stock in living biomass,2006,2006,million t,198.730000,I,
95,'340,Honduras,6646,Forest land,72151,Carbon stock in living biomass,2007,2007,million t,203.930000,I,
95,'340,Honduras,6646,Forest land,72151,Carbon stock in living biomass,2008,2008,million t,209.130000,I,
95,'340,Honduras,6646,Forest land,72151,Carbon stock in living biomass,2009,2009,million t,214.340000,I,
95,'340,Honduras,6646,Forest land,72151,Carbon stock in living biomass,2010,2010,million t,219.540000,X,
95,'340,Honduras,6646,Forest land,72151,Carbon stock in living biomass,2011,2011,million t,230.290000,I,
95,'340,Honduras,6646,Forest land,72151,Carbon stock in living biomass,2012,2012,million t,241.040000,I,
95,'340,Honduras,6646,Forest land,72151,Carbon stock in living biomass,2013,2013,million t,251.780000,I,
95,'340,Honduras,6646,Forest land,72151,Carbon stock in living biomass,2014,2014,million t,262.530000,I,
95,'340,Honduras,6646,Forest land,72151,Carbon stock in living biomass,2015,2015,million t,273.280000,X,
95,'340,Honduras,6646,Forest land,72151,Carbon stock in living biomass,2016,2016,million t,258.600000,I,
95,'340,Honduras,6646,Forest land,72151,Carbon stock in living biomass,2017,2017,million t,243.920000,I,
95,'340,Honduras,6646,Forest land,72151,Carbon stock in living biomass,2018,2018,million t,229.240000,I,
95,'340,Honduras,6646,Forest land,72151,Carbon stock in living biomass,2019,2019,million t,214.560000,I,
95,'340,Honduras,6646,Forest land,72151,Carbon stock in living biomass,2020,2020,million t,199.880000,X,
95,'340,Honduras,6646,Forest land,72151,Carbon stock in living biomass,2021,2021,million t,207.660000,I,
95,'340,Honduras,6646,Forest land,72151,Carbon stock in living biomass,2022,2022,million t,215.440000,I,
95,'340,Honduras,6646,Forest land,72151,Carbon stock in living biomass,2023,2023,million t,223.230000,I,
95,'340,Honduras,6646,Forest land,72151,Carbon stock in living biomass,2024,2024,million t,231.010000,I,
95,'340,Honduras,6646,Forest land,72151,Carbon stock in living biomass,2025,2025,million t,238.790000,X,
95,'340,Honduras,6646,Forest land,7209,Share in Land area,1990,1990,%,68.320000,E,
95,'340,Honduras,6646,Forest land,7209,Share in Land area,1991,1991,%,67.860000,E,
95,'340,Honduras,6646,Forest land,7209,Share in Land area,1992,1992,%,67.400000,E,
95,'340,Honduras,6646,Forest land,7209,Share in Land area,1993,1993,%,66.940000,E,
95,'340,Honduras,6646,Forest land,7209,Share in Land area,1994,1994,%,66.480000,E,
95,'340,Honduras,6646,Forest land,7209,Share in Land area,1995,1995,%,66.020000,E,
95,'340,Honduras,6646,Forest land,7209,Share in Land area,1996,1996,%,65.560000,E,
95,'340,Honduras,6646,Forest land,7209,Share in Land area,1997,1997,%,65.100000,E,
95,'340,Honduras,6646,Forest land,7209,Share in Land area,1998,1998,%,64.640000,E,
95,'340,Honduras,6646,Forest land,7209,Share in Land area,1999,1999,%,64.180000,E,
95,'340,Honduras,6646,Forest land,7209,Share in Land area,2000,2000,%,63.720000,E,
95,'340,Honduras,6646,Forest land,7209,Share in Land area,2001,2001,%,63.370000,E,
95,'340,Honduras,6646,Forest land,7209,Share in Land area,2002,2002,%,63.030000,E,
95,'340,Honduras,6646,Forest land,7209,Share in Land area,2003,2003,%,62.690000,E,
95,'340,Honduras,6646,Forest land,7209,Share in Land area,2004,2004,%,62.340000,E,
95,'340,Honduras,6646,Forest land,7209,Share in Land area,2005,2005,%,62.000000,E,
95,'340,Honduras,6646,Forest land,7209,Share in Land area,2006,2006,%,61.660000,E,
95,'340,Honduras,6646,Forest land,7209,Share in Land area,2007,2007,%,61.310000,E,
95,'340,Honduras,6646,Forest land,7209,Share in Land area,2008,2008,%,60.970000,E,
95,'340,Honduras,6646,Forest land,7209,Share in Land area,2009,2009,%,60.620000,E,
95,'340,Honduras,6646,Forest land,7209,Share in Land area,2010,2010,%,60.280000,E,
95,'340,Honduras,6646,Forest land,7209,Share in Land area,2011,2011,%,59.890000,E,
95,'340,Honduras,6646,Forest land,7209,Share in Land area,2012,2012,%,59.500000,E,
95,'340,Honduras,6646,Forest land,7209,Share in Land area,2013,2013,%,59.110000,E,
95,'340,Honduras,6646,Forest land,7209,Share in Land area,2014,2014,%,58.720000,E,
95,'340,Honduras,6646,Forest land,7209,Share in Land area,2015,2015,%,58.330000,E,
95,'340,Honduras,6646,Forest land,7209,Share in Land area,2016,2016,%,57.590000,E,
95,'340,Honduras,6646,Forest land,7209,Share in Land area,2017,2017,%,56.850000,E,
95,'340,Honduras,6646,Forest land,7209,Share in Land area,2018,2018,%,56.110000,E,
95,'340,Honduras,6646,Forest land,7209,Share in Land area,2019,2019,%,55.370000,E,
95,'340,Honduras,6646,Forest land,7209,Share in Land area,2020,2020,%,54.630000,E,
95,'340,Honduras,6646,Forest land,7209,Share in Land area,2021,2021,%,54.180000,E,
95,'340,Honduras,6646,Forest land,7209,Share in Land area,2022,2022,%,53.730000,E,
95,'340,Honduras,6646,Forest land,7209,Share in Land area,2023,2023,%,53.280000,E,
95,'340,Honduras,6646,Forest land,7209,Share in Land area,2024,2024,%,52.830000,E,
95,'340,Honduras,6717,Naturally regenerating forest,5110,Area,1990,1990,1000 ha,7644.210000,X,
95,'340,Honduras,6717,Naturally regenerating forest,5110,Area,1991,1991,1000 ha,7592.740000,I,
95,'340,Honduras,6717,Naturally regenerating forest,5110,Area,1992,1992,1000 ha,7541.260000,I,
95,'340,Honduras,6717,Naturally regenerating forest,5110,Area,1993,1993,1000 ha,7489.790000,I,
95,'340,Honduras,6717,Naturally regenerating forest,5110,Area,1994,1994,1000 ha,7438.310000,I,
95,'340,Honduras,6717,Naturally regenerating forest,5110,Area,1995,1995,1000 ha,7386.840000,I,
95,'340,Honduras,6717,Naturally regenerating forest,5110,Area,1996,1996,1000 ha,7335.370000,I,
95,'340,Honduras,6717,Naturally regenerating forest,5110,Area,1997,1997,1000 ha,7283.890000,I,
95,'340,Honduras,6717,Naturally regenerating forest,5110,Area,1998,1998,1000 ha,7232.420000,I,
95,'340,Honduras,6717,Naturally regenerating forest,5110,Area,1999,1999,1000 ha,7180.940000,I,
95,'340,Honduras,6717,Naturally regenerating forest,5110,Area,2000,2000,1000 ha,7129.470000,X,
95,'340,Honduras,6717,Naturally regenerating forest,5110,Area,2001,2001,1000 ha,7090.770000,I,
95,'340,Honduras,6717,Naturally regenerating forest,5110,Area,2002,2002,1000 ha,7052.080000,I,
95,'340,Honduras,6717,Naturally regenerating forest,5110,Area,2003,2003,1000 ha,7013.380000,I,
95,'340,Honduras,6717,Naturally regenerating forest,5110,Area,2004,2004,1000 ha,6974.680000,I,
95,'340,Honduras,6717,Naturally regenerating forest,5110,Area,2005,2005,1000 ha,6935.990000,I,
95,'340,Honduras,6717,Naturally regenerating forest,5110,Area,2006,2006,1000 ha,6897.290000,I,
95,'340,Honduras,6717,Naturally regenerating forest,5110,Area,2007,2007,1000 ha,6858.590000,I,
95,'340,Honduras,6717,Naturally regenerating forest,5110,Area,2008,2008,1000 ha,6819.890000,I,
95,'340,Honduras,6717,Naturally regenerating forest,5110,Area,2009,2009,1000 ha,6781.200000,I,
95,'340,Honduras,6717,Naturally regenerating forest,5110,Area,2010,2010,1000 ha,6742.500000,X,
95,'340,Honduras,6717,Naturally regenerating forest,5110,Area,2011,2011,1000 ha,6696.340000,I,
95,'340,Honduras,6717,Naturally regenerating forest,5110,Area,2012,2012,1000 ha,6650.180000,I,
95,'340,Honduras,6717,Naturally regenerating forest,5110,Area,2013,2013,1000 ha,6604.030000,I,
95,'340,Honduras,6717,Naturally regenerating forest,5110,Area,2014,2014,1000 ha,6557.870000,I,
95,'340,Honduras,6717,Naturally regenerating forest,5110,Area,2015,2015,1000 ha,6511.710000,X,
95,'340,Honduras,6717,Naturally regenerating forest,5110,Area,2016,2016,1000 ha,6426.700000,I,
95,'340,Honduras,6717,Naturally regenerating forest,5110,Area,2017,2017,1000 ha,6341.690000,I,
95,'340,Honduras,6717,Naturally regenerating forest,5110,Area,2018,2018,1000 ha,6256.680000,I,
95,'340,Honduras,6717,Naturally regenerating forest,5110,Area,2019,2019,1000 ha,6171.670000,I,
95,'340,Honduras,6717,Naturally regenerating forest,5110,Area,2020,2020,1000 ha,6086.660000,X,
95,'340,Honduras,6717,Naturally regenerating forest,5110,Area,2021,2021,1000 ha,6034.430000,I,
95,'340,Honduras,6717,Naturally regenerating forest,5110,Area,2022,2022,1000 ha,5982.200000,I,
95,'340,Honduras,6717,Naturally regenerating forest,5110,Area,2023,2023,1000 ha,5929.980000,I,
95,'340,Honduras,6717,Naturally regenerating forest,5110,Area,2024,2024,1000 ha,5877.750000,I,
95,'340,Honduras,6717,Naturally regenerating forest,5110,Area,2025,2025,1000 ha,5825.520000,X,
95,'340,Honduras,6717,Naturally regenerating forest,7210,Share in Forest land,1990,1990,%,100.000000,E,
95,'340,Honduras,6717,Naturally regenerating forest,7210,Share in Forest land,1991,1991,%,100.000000,E,
95,'340,Honduras,6717,Naturally regenerating forest,7210,Share in Forest land,1992,1992,%,100.000000,E,
95,'340,Honduras,6717,Naturally regenerating forest,7210,Share in Forest land,1993,1993,%,100.000000,E,
95,'340,Honduras,6717,Naturally regenerating forest,7210,Share in Forest land,1994,1994,%,100.000000,E,
95,'340,Honduras,6717,Naturally regenerating forest,7210,Share in Forest land,1995,1995,%,100.000000,E,
95,'340,Honduras,6717,Naturally regenerating forest,7210,Share in Forest land,1996,1996,%,100.000000,E,
95,'340,Honduras,6717,Naturally regenerating forest,7210,Share in Forest land,1997,1997,%,100.000000,E,
95,'340,Honduras,6717,Naturally regenerating forest,7210,Share in Forest land,1998,1998,%,100.000000,E,
95,'340,Honduras,6717,Naturally regenerating forest,7210,Share in Forest land,1999,1999,%,100.000000,E,
95,'340,Honduras,6717,Naturally regenerating forest,7210,Share in Forest land,2000,2000,%,100.000000,E,
95,'340,Honduras,6717,Naturally regenerating forest,7210,Share in Forest land,2001,2001,%,100.000000,E,
95,'340,Honduras,6717,Naturally regenerating forest,7210,Share in Forest land,2002,2002,%,99.990000,E,
95,'340,Honduras,6717,Naturally regenerating forest,7210,Share in Forest land,2003,2003,%,99.990000,E,
95,'340,Honduras,6717,Naturally regenerating forest,7210,Share in Forest land,2004,2004,%,99.990000,E,
95,'340,Honduras,6717,Naturally regenerating forest,7210,Share in Forest land,2005,2005,%,99.980000,E,
95,'340,Honduras,6717,Naturally regenerating forest,7210,Share in Forest land,2006,2006,%,99.980000,E,
95,'340,Honduras,6717,Naturally regenerating forest,7210,Share in Forest land,2007,2007,%,99.980000,E,
95,'340,Honduras,6717,Naturally regenerating forest,7210,Share in Forest land,2008,2008,%,99.970000,E,
95,'340,Honduras,6717,Naturally regenerating forest,7210,Share in Forest land,2009,2009,%,99.970000,E,
95,'340,Honduras,6717,Naturally regenerating forest,7210,Share in Forest land,2010,2010,%,99.970000,E,
95,'340,Honduras,6717,Naturally regenerating forest,7210,Share in Forest land,2011,2011,%,99.930000,E,
95,'340,Honduras,6717,Naturally regenerating forest,7210,Share in Forest land,2012,2012,%,99.890000,E,
95,'340,Honduras,6717,Naturally regenerating forest,7210,Share in Forest land,2013,2013,%,99.850000,E,
95,'340,Honduras,6717,Naturally regenerating forest,7210,Share in Forest land,2014,2014,%,99.810000,E,
95,'340,Honduras,6717,Naturally regenerating forest,7210,Share in Forest land,2015,2015,%,99.770000,E,
95,'340,Honduras,6717,Naturally regenerating forest,7210,Share in Forest land,2016,2016,%,99.730000,E,
95,'340,Honduras,6717,Naturally regenerating forest,7210,Share in Forest land,2017,2017,%,99.690000,E,
95,'340,Honduras,6717,Naturally regenerating forest,7210,Share in Forest land,2018,2018,%,99.660000,E,
95,'340,Honduras,6717,Naturally regenerating forest,7210,Share in Forest land,2019,2019,%,99.620000,E,
95,'340,Honduras,6717,Naturally regenerating forest,7210,Share in Forest land,2020,2020,%,99.580000,E,
95,'340,Honduras,6717,Naturally regenerating forest,7210,Share in Forest land,2021,2021,%,99.540000,E,
95,'340,Honduras,6717,Naturally regenerating forest,7210,Share in Forest land,2022,2022,%,99.500000,E,
95,'340,Honduras,6717,Naturally regenerating forest,7210,Share in Forest land,2023,2023,%,99.470000,E,
95,'340,Honduras,6717,Naturally regenerating forest,7210,Share in Forest land,2024,2024,%,99.430000,E,
95,'340,Honduras,6717,Naturally regenerating forest,7210,Share in Forest land,2025,2025,%,99.390000,E,
95,'340,Honduras,6716,Planted Forest,5110,Area,2001,2001,1000 ha,0.220000,I,
95,'340,Honduras,6716,Planted Forest,5110,Area,2002,2002,1000 ha,0.440000,I,
95,'340,Honduras,6716,Planted Forest,5110,Area,2003,2003,1000 ha,0.660000,I,
95,'340,Honduras,6716,Planted Forest,5110,Area,2004,2004,1000 ha,0.880000,I,
95,'340,Honduras,6716,Planted Forest,5110,Area,2005,2005,1000 ha,1.100000,I,
95,'340,Honduras,6716,Planted Forest,5110,Area,2006,2006,1000 ha,1.310000,I,
95,'340,Honduras,6716,Planted Forest,5110,Area,2007,2007,1000 ha,1.530000,I,
95,'340,Honduras,6716,Planted Forest,5110,Area,2008,2008,1000 ha,1.750000,I,
95,'340,Honduras,6716,Planted Forest,5110,Area,2009,2009,1000 ha,1.970000,I,
95,'340,Honduras,6716,Planted Forest,5110,Area,2010,2010,1000 ha,2.190000,X,
95,'340,Honduras,6716,Planted Forest,5110,Area,2011,2011,1000 ha,4.830000,I,
95,'340,Honduras,6716,Planted Forest,5110,Area,2012,2012,1000 ha,7.480000,I,
95,'340,Honduras,6716,Planted Forest,5110,Area,2013,2013,1000 ha,10.120000,I,
95,'340,Honduras,6716,Planted Forest,5110,Area,2014,2014,1000 ha,12.770000,I,
95,'340,Honduras,6716,Planted Forest,5110,Area,2015,2015,1000 ha,15.410000,X,
95,'340,Honduras,6716,Planted Forest,5110,Area,2016,2016,1000 ha,17.480000,I,
95,'340,Honduras,6716,Planted Forest,5110,Area,2017,2017,1000 ha,19.550000,I,
95,'340,Honduras,6716,Planted Forest,5110,Area,2018,2018,1000 ha,21.630000,I,
95,'340,Honduras,6716,Planted Forest,5110,Area,2019,2019,1000 ha,23.700000,I,
95,'340,Honduras,6716,Planted Forest,5110,Area,2020,2020,1000 ha,25.770000,X,
95,'340,Honduras,6716,Planted Forest,5110,Area,2021,2021,1000 ha,27.780000,I,
95,'340,Honduras,6716,Planted Forest,5110,Area,2022,2022,1000 ha,29.780000,I,
95,'340,Honduras,6716,Planted Forest,5110,Area,2023,2023,1000 ha,31.790000,I,
95,'340,Honduras,6716,Planted Forest,5110,Area,2024,2024,1000 ha,33.790000,I,
95,'340,Honduras,6716,Planted Forest,5110,Area,2025,2025,1000 ha,35.800000,X,
95,'340,Honduras,6716,Planted Forest,7210,Share in Forest land,2001,2001,%,0.000000,E,
95,'340,Honduras,6716,Planted Forest,7210,Share in Forest land,2002,2002,%,0.010000,E,
95,'340,Honduras,6716,Planted Forest,7210,Share in Forest land,2003,2003,%,0.010000,E,
95,'340,Honduras,6716,Planted Forest,7210,Share in Forest land,2004,2004,%,0.010000,E,
95,'340,Honduras,6716,Planted Forest,7210,Share in Forest land,2005,2005,%,0.020000,E,
95,'340,Honduras,6716,Planted Forest,7210,Share in Forest land,2006,2006,%,0.020000,E,
95,'340,Honduras,6716,Planted Forest,7210,Share in Forest land,2007,2007,%,0.020000,E,
95,'340,Honduras,6716,Planted Forest,7210,Share in Forest land,2008,2008,%,0.030000,E,
95,'340,Honduras,6716,Planted Forest,7210,Share in Forest land,2009,2009,%,0.030000,E,
95,'340,Honduras,6716,Planted Forest,7210,Share in Forest land,2010,2010,%,0.030000,E,
95,'340,Honduras,6716,Planted Forest,7210,Share in Forest land,2011,2011,%,0.070000,E,
95,'340,Honduras,6716,Planted Forest,7210,Share in Forest land,2012,2012,%,0.110000,E,
95,'340,Honduras,6716,Planted Forest,7210,Share in Forest land,2013,2013,%,0.150000,E,
95,'340,Honduras,6716,Planted Forest,7210,Share in Forest land,2014,2014,%,0.190000,E,
95,'340,Honduras,6716,Planted Forest,7210,Share in Forest land,2015,2015,%,0.240000,E,
95,'340,Honduras,6716,Planted Forest,7210,Share in Forest land,2016,2016,%,0.270000,E,
95,'340,Honduras,6716,Planted Forest,7210,Share in Forest land,2017,2017,%,0.310000,E,
95,'340,Honduras,6716,Planted Forest,7210,Share in Forest land,2018,2018,%,0.340000,E,
95,'340,Honduras,6716,Planted Forest,7210,Share in Forest land,2019,2019,%,0.380000,E,
95,'340,Honduras,6716,Planted Forest,7210,Share in Forest land,2020,2020,%,0.420000,E,
95,'340,Honduras,6716,Planted Forest,7210,Share in Forest land,2021,2021,%,0.460000,E,
95,'340,Honduras,6716,Planted Forest,7210,Share in Forest land,2022,2022,%,0.500000,E,
95,'340,Honduras,6716,Planted Forest,7210,Share in Forest land,2023,2023,%,0.530000,E,
95,'340,Honduras,6716,Planted Forest,7210,Share in Forest land,2024,2024,%,0.570000,E,
95,'340,Honduras,6716,Planted Forest,7210,Share in Forest land,2025,2025,%,0.610000,E,
95,'340,Honduras,6670,Other land,5110,Area,1990,1990,1000 ha,170.790000,I,
95,'340,Honduras,6670,Other land,5110,Area,1991,1991,1000 ha,207.260000,I,
95,'340,Honduras,6670,Other land,5110,Area,1992,1992,1000 ha,252.740000,I,
95,'340,Honduras,6670,Other land,5110,Area,1993,1993,1000 ha,151.210000,I,
95,'340,Honduras,6670,Other land,5110,Area,1994,1994,1000 ha,231.260000,I,
95,'340,Honduras,6670,Other land,5110,Area,1995,1995,1000 ha,326.300000,I,
95,'340,Honduras,6670,Other land,5110,Area,1996,1996,1000 ha,381.350000,I,
95,'340,Honduras,6670,Other land,5110,Area,1997,1997,1000 ha,511.390000,I,
95,'340,Honduras,6670,Other land,5110,Area,1998,1998,1000 ha,566.440000,I,
95,'340,Honduras,6670,Other land,5110,Area,1999,1999,1000 ha,669.480000,I,
95,'340,Honduras,6670,Other land,5110,Area,2000,2000,1000 ha,1124.530000,I,
95,'340,Honduras,6670,Other land,5110,Area,2001,2001,1000 ha,1131.880000,I,
95,'340,Honduras,6670,Other land,5110,Area,2002,2002,1000 ha,1139.240000,I,
95,'340,Honduras,6670,Other land,5110,Area,2003,2003,1000 ha,1146.590000,I,
95,'340,Honduras,6670,Other land,5110,Area,2004,2004,1000 ha,1153.940000,I,
95,'340,Honduras,6670,Other land,5110,Area,2005,2005,1000 ha,1161.300000,I,
95,'340,Honduras,6670,Other land,5110,Area,2006,2006,1000 ha,1168.650000,I,
95,'340,Honduras,6670,Other land,5110,Area,2007,2007,1000 ha,1176.000000,I,
95,'340,Honduras,6670,Other land,5110,Area,2008,2008,1000 ha,1183.350000,I,
95,'340,Honduras,6670,Other land,5110,Area,2009,2009,1000 ha,1232.140000,I,
95,'340,Honduras,6670,Other land,5110,Area,2010,2010,1000 ha,1226.930000,I,
95,'340,Honduras,6670,Other land,5110,Area,2011,2011,1000 ha,1258.780000,I,
95,'340,Honduras,6670,Other land,5110,Area,2012,2012,1000 ha,1290.630000,I,
95,'340,Honduras,6670,Other land,5110,Area,2013,2013,1000 ha,1352.480000,I,
95,'340,Honduras,6670,Other land,5110,Area,2014,2014,1000 ha,1414.330000,I,
95,'340,Honduras,6670,Other land,5110,Area,2015,2015,1000 ha,1476.180000,I,
95,'340,Honduras,6670,Other land,5110,Area,2016,2016,1000 ha,1577.400000,I,
95,'340,Honduras,6670,Other land,5110,Area,2017,2017,1000 ha,1565.800000,I,
95,'340,Honduras,6670,Other land,5110,Area,2018,2018,1000 ha,1667.020000,I,
95,'340,Honduras,6670,Other land,5110,Area,2019,2019,1000 ha,1768.250000,I,
95,'340,Honduras,6670,Other land,5110,Area,2020,2020,1000 ha,1869.470000,I,
95,'340,Honduras,6670,Other land,5110,Area,2021,2021,1000 ha,1938.010000,I,
95,'340,Honduras,6670,Other land,5110,Area,2022,2022,1000 ha,2006.540000,I,
95,'340,Honduras,6670,Other land,5110,Area,2023,2023,1000 ha,2075.070000,I,
95,'340,Honduras,6670,Other land,5110,Area,2024,2024,1000 ha,2089.600000,I,
95,'340,Honduras,6680,Inland waters,5110,Area,1961,1961,1000 ha,60.000000,I,
95,'340,Honduras,6680,Inland waters,5110,Area,1962,1962,1000 ha,60.000000,I,
95,'340,Honduras,6680,Inland waters,5110,Area,1963,1963,1000 ha,60.000000,I,
95,'340,Honduras,6680,Inland waters,5110,Area,1964,1964,1000 ha,60.000000,I,
95,'340,Honduras,6680,Inland waters,5110,Area,1965,1965,1000 ha,60.000000,I,
95,'340,Honduras,6680,Inland waters,5110,Area,1966,1966,1000 ha,60.000000,I,
95,'340,Honduras,6680,Inland waters,5110,Area,1967,1967,1000 ha,60.000000,I,
95,'340,Honduras,6680,Inland waters,5110,Area,1968,1968,1000 ha,60.000000,I,
95,'340,Honduras,6680,Inland waters,5110,Area,1969,1969,1000 ha,60.000000,I,
95,'340,Honduras,6680,Inland waters,5110,Area,1970,1970,1000 ha,60.000000,I,
95,'340,Honduras,6680,Inland waters,5110,Area,1971,1971,1000 ha,60.000000,I,
95,'340,Honduras,6680,Inland waters,5110,Area,1972,1972,1000 ha,60.000000,I,
95,'340,Honduras,6680,Inland waters,5110,Area,1973,1973,1000 ha,60.000000,I,
95,'340,Honduras,6680,Inland waters,5110,Area,1974,1974,1000 ha,60.000000,I,
95,'340,Honduras,6680,Inland waters,5110,Area,1975,1975,1000 ha,60.000000,I,
95,'340,Honduras,6680,Inland waters,5110,Area,1976,1976,1000 ha,60.000000,I,
95,'340,Honduras,6680,Inland waters,5110,Area,1977,1977,1000 ha,60.000000,I,
95,'340,Honduras,6680,Inland waters,5110,Area,1978,1978,1000 ha,60.000000,I,
95,'340,Honduras,6680,Inland waters,5110,Area,1979,1979,1000 ha,60.000000,I,
95,'340,Honduras,6680,Inland waters,5110,Area,1980,1980,1000 ha,60.000000,I,
95,'340,Honduras,6680,Inland waters,5110,Area,1981,1981,1000 ha,60.000000,I,
95,'340,Honduras,6680,Inland waters,5110,Area,1982,1982,1000 ha,60.000000,I,
95,'340,Honduras,6680,Inland waters,5110,Area,1983,1983,1000 ha,60.000000,I,
95,'340,Honduras,6680,Inland waters,5110,Area,1984,1984,1000 ha,60.000000,I,
95,'340,Honduras,6680,Inland waters,5110,Area,1985,1985,1000 ha,60.000000,I,
95,'340,Honduras,6680,Inland waters,5110,Area,1986,1986,1000 ha,60.000000,I,
95,'340,Honduras,6680,Inland waters,5110,Area,1987,1987,1000 ha,60.000000,I,
95,'340,Honduras,6680,Inland waters,5110,Area,1988,1988,1000 ha,60.000000,I,
95,'340,Honduras,6680,Inland waters,5110,Area,1989,1989,1000 ha,60.000000,I,
95,'340,Honduras,6680,Inland waters,5110,Area,1990,1990,1000 ha,60.000000,I,
95,'340,Honduras,6680,Inland waters,5110,Area,1991,1991,1000 ha,60.000000,I,
95,'340,Honduras,6680,Inland waters,5110,Area,1992,1992,1000 ha,60.000000,I,
95,'340,Honduras,6680,Inland waters,5110,Area,1993,1993,1000 ha,60.000000,I,
95,'340,Honduras,6680,Inland waters,5110,Area,1994,1994,1000 ha,60.000000,I,
95,'340,Honduras,6680,Inland waters,5110,Area,1995,1995,1000 ha,60.000000,I,
95,'340,Honduras,6680,Inland waters,5110,Area,1996,1996,1000 ha,60.000000,I,
95,'340,Honduras,6680,Inland waters,5110,Area,1997,1997,1000 ha,60.000000,I,
95,'340,Honduras,6680,Inland waters,5110,Area,1998,1998,1000 ha,60.000000,I,
95,'340,Honduras,6680,Inland waters,5110,Area,1999,1999,1000 ha,60.000000,I,
95,'340,Honduras,6680,Inland waters,5110,Area,2000,2000,1000 ha,60.000000,I,
95,'340,Honduras,6680,Inland waters,5110,Area,2001,2001,1000 ha,60.000000,I,
95,'340,Honduras,6680,Inland waters,5110,Area,2002,2002,1000 ha,60.000000,I,
95,'340,Honduras,6680,Inland waters,5110,Area,2003,2003,1000 ha,60.000000,I,
95,'340,Honduras,6680,Inland waters,5110,Area,2004,2004,1000 ha,60.000000,I,
95,'340,Honduras,6680,Inland waters,5110,Area,2005,2005,1000 ha,60.000000,I,
95,'340,Honduras,6680,Inland waters,5110,Area,2006,2006,1000 ha,60.000000,I,
95,'340,Honduras,6680,Inland waters,5110,Area,2007,2007,1000 ha,60.000000,I,
95,'340,Honduras,6680,Inland waters,5110,Area,2008,2008,1000 ha,60.000000,I,
95,'340,Honduras,6680,Inland waters,5110,Area,2009,2009,1000 ha,60.000000,I,
95,'340,Honduras,6680,Inland waters,5110,Area,2010,2010,1000 ha,60.000000,I,
95,'340,Honduras,6680,Inland waters,5110,Area,2011,2011,1000 ha,60.000000,I,
95,'340,Honduras,6680,Inland waters,5110,Area,2012,2012,1000 ha,60.000000,I,
95,'340,Honduras,6680,Inland waters,5110,Area,2013,2013,1000 ha,60.000000,I,
95,'340,Honduras,6680,Inland waters,5110,Area,2014,2014,1000 ha,60.000000,I,
95,'340,Honduras,6680,Inland waters,5110,Area,2015,2015,1000 ha,60.000000,I,
95,'340,Honduras,6680,Inland waters,5110,Area,2016,2016,1000 ha,60.000000,I,
95,'340,Honduras,6680,Inland waters,5110,Area,2017,2017,1000 ha,60.000000,I,
95,'340,Honduras,6680,Inland waters,5110,Area,2018,2018,1000 ha,60.000000,I,
95,'340,Honduras,6680,Inland waters,5110,Area,2019,2019,1000 ha,60.000000,I,
95,'340,Honduras,6680,Inland waters,5110,Area,2020,2020,1000 ha,60.000000,I,
95,'340,Honduras,6680,Inland waters,5110,Area,2021,2021,1000 ha,60.000000,I,
95,'340,Honduras,6680,Inland waters,5110,Area,2022,2022,1000 ha,60.000000,I,
95,'340,Honduras,6680,Inland waters,5110,Area,2023,2023,1000 ha,60.000000,I,
95,'340,Honduras,6680,Inland waters,5110,Area,2024,2024,1000 ha,60.000000,I,
95,'340,Honduras,6690,Land area equipped for irrigation,5110,Area,1961,1961,1000 ha,50.000000,X,
95,'340,Honduras,6690,Land area equipped for irrigation,5110,Area,1962,1962,1000 ha,60.000000,A,
95,'340,Honduras,6690,Land area equipped for irrigation,5110,Area,1963,1963,1000 ha,60.000000,A,
95,'340,Honduras,6690,Land area equipped for irrigation,5110,Area,1964,1964,1000 ha,66.000000,A,
95,'340,Honduras,6690,Land area equipped for irrigation,5110,Area,1965,1965,1000 ha,66.000000,X,
95,'340,Honduras,6690,Land area equipped for irrigation,5110,Area,1966,1966,1000 ha,66.000000,X,
95,'340,Honduras,6690,Land area equipped for irrigation,5110,Area,1967,1967,1000 ha,66.000000,X,
95,'340,Honduras,6690,Land area equipped for irrigation,5110,Area,1968,1968,1000 ha,66.000000,X,
95,'340,Honduras,6690,Land area equipped for irrigation,5110,Area,1969,1969,1000 ha,66.000000,X,
95,'340,Honduras,6690,Land area equipped for irrigation,5110,Area,1970,1970,1000 ha,66.000000,I,
95,'340,Honduras,6690,Land area equipped for irrigation,5110,Area,1971,1971,1000 ha,66.000000,I,
95,'340,Honduras,6690,Land area equipped for irrigation,5110,Area,1972,1972,1000 ha,66.000000,I,
95,'340,Honduras,6690,Land area equipped for irrigation,5110,Area,1973,1973,1000 ha,66.000000,I,
95,'340,Honduras,6690,Land area equipped for irrigation,5110,Area,1974,1974,1000 ha,66.000000,I,
95,'340,Honduras,6690,Land area equipped for irrigation,5110,Area,1975,1975,1000 ha,66.000000,I,
95,'340,Honduras,6690,Land area equipped for irrigation,5110,Area,1976,1976,1000 ha,66.000000,I,
95,'340,Honduras,6690,Land area equipped for irrigation,5110,Area,1977,1977,1000 ha,66.000000,I,
95,'340,Honduras,6690,Land area equipped for irrigation,5110,Area,1978,1978,1000 ha,66.000000,I,
95,'340,Honduras,6690,Land area equipped for irrigation,5110,Area,1979,1979,1000 ha,66.000000,I,
95,'340,Honduras,6690,Land area equipped for irrigation,5110,Area,1980,1980,1000 ha,66.000000,I,
95,'340,Honduras,6690,Land area equipped for irrigation,5110,Area,1981,1981,1000 ha,66.000000,I,
95,'340,Honduras,6690,Land area equipped for irrigation,5110,Area,1982,1982,1000 ha,66.000000,I,
95,'340,Honduras,6690,Land area equipped for irrigation,5110,Area,1983,1983,1000 ha,66.000000,I,
95,'340,Honduras,6690,Land area equipped for irrigation,5110,Area,1984,1984,1000 ha,66.000000,I,
95,'340,Honduras,6690,Land area equipped for irrigation,5110,Area,1985,1985,1000 ha,66.000000,I,
95,'340,Honduras,6690,Land area equipped for irrigation,5110,Area,1986,1986,1000 ha,66.000000,I,
95,'340,Honduras,6690,Land area equipped for irrigation,5110,Area,1987,1987,1000 ha,66.000000,I,
95,'340,Honduras,6690,Land area equipped for irrigation,5110,Area,1988,1988,1000 ha,66.000000,X,
95,'340,Honduras,6690,Land area equipped for irrigation,5110,Area,1989,1989,1000 ha,69.000000,I,
95,'340,Honduras,6690,Land area equipped for irrigation,5110,Area,1990,1990,1000 ha,71.000000,I,
95,'340,Honduras,6690,Land area equipped for irrigation,5110,Area,1991,1991,1000 ha,73.000000,I,
95,'340,Honduras,6690,Land area equipped for irrigation,5110,Area,1992,1992,1000 ha,73.000000,X,
95,'340,Honduras,6690,Land area equipped for irrigation,5110,Area,1993,1993,1000 ha,73.000000,I,
95,'340,Honduras,6690,Land area equipped for irrigation,5110,Area,1994,1994,1000 ha,73.000000,I,
95,'340,Honduras,6690,Land area equipped for irrigation,5110,Area,1995,1995,1000 ha,73.000000,I,
95,'340,Honduras,6690,Land area equipped for irrigation,5110,Area,1996,1996,1000 ha,73.000000,I,
95,'340,Honduras,6690,Land area equipped for irrigation,5110,Area,1997,1997,1000 ha,73.000000,I,
95,'340,Honduras,6690,Land area equipped for irrigation,5110,Area,1998,1998,1000 ha,75.000000,I,
95,'340,Honduras,6690,Land area equipped for irrigation,5110,Area,1999,1999,1000 ha,78.000000,A,
95,'340,Honduras,6690,Land area equipped for irrigation,5110,Area,2000,2000,1000 ha,80.000000,A,
95,'340,Honduras,6690,Land area equipped for irrigation,5110,Area,2001,2001,1000 ha,80.000000,I,
95,'340,Honduras,6690,Land area equipped for irrigation,5110,Area,2002,2002,1000 ha,80.000000,I,
95,'340,Honduras,6690,Land area equipped for irrigation,5110,Area,2003,2003,1000 ha,82.000000,I,
95,'340,Honduras,6690,Land area equipped for irrigation,5110,Area,2004,2004,1000 ha,82.500000,I,
95,'340,Honduras,6690,Land area equipped for irrigation,5110,Area,2005,2005,1000 ha,83.000000,X,
95,'340,Honduras,6690,Land area equipped for irrigation,5110,Area,2006,2006,1000 ha,85.000000,I,
95,'340,Honduras,6690,Land area equipped for irrigation,5110,Area,2007,2007,1000 ha,87.800000,X,
95,'340,Honduras,6690,Land area equipped for irrigation,5110,Area,2008,2008,1000 ha,88.000000,I,
95,'340,Honduras,6690,Land area equipped for irrigation,5110,Area,2009,2009,1000 ha,89.700000,X,
95,'340,Honduras,6690,Land area equipped for irrigation,5110,Area,2010,2010,1000 ha,90.000000,I,
95,'340,Honduras,6690,Land area equipped for irrigation,5110,Area,2011,2011,1000 ha,90.000000,I,
95,'340,Honduras,6690,Land area equipped for irrigation,5110,Area,2012,2012,1000 ha,90.000000,I,
95,'340,Honduras,6690,Land area equipped for irrigation,5110,Area,2013,2013,1000 ha,90.000000,I,
95,'340,Honduras,6690,Land area equipped for irrigation,5110,Area,2014,2014,1000 ha,90.000000,I,
95,'340,Honduras,6690,Land area equipped for irrigation,5110,Area,2015,2015,1000 ha,90.000000,I,
95,'340,Honduras,6690,Land area equipped for irrigation,5110,Area,2016,2016,1000 ha,90.000000,I,
95,'340,Honduras,6690,Land area equipped for irrigation,5110,Area,2017,2017,1000 ha,90.000000,I,
95,'340,Honduras,6690,Land area equipped for irrigation,5110,Area,2018,2018,1000 ha,90.000000,I,
95,'340,Honduras,6690,Land area equipped for irrigation,5110,Area,2019,2019,1000 ha,90.000000,I,
95,'340,Honduras,6690,Land area equipped for irrigation,5110,Area,2020,2020,1000 ha,90.000000,I,
95,'340,Honduras,6690,Land area equipped for irrigation,5110,Area,2021,2021,1000 ha,90.000000,I,
95,'340,Honduras,6690,Land area equipped for irrigation,5110,Area,2022,2022,1000 ha,90.000000,I,
95,'340,Honduras,6690,Land area equipped for irrigation,5110,Area,2023,2023,1000 ha,90.000000,I,
95,'340,Honduras,6690,Land area equipped for irrigation,5110,Area,2024,2024,1000 ha,90.000000,I,
95,'340,Honduras,6690,Land area equipped for irrigation,7252,Share in Cropland,1961,1961,%,3.380000,E,
95,'340,Honduras,6690,Land area equipped for irrigation,7252,Share in Cropland,1962,1962,%,4.030000,E,
95,'340,Honduras,6690,Land area equipped for irrigation,7252,Share in Cropland,1963,1963,%,4.010000,E,
95,'340,Honduras,6690,Land area equipped for irrigation,7252,Share in Cropland,1964,1964,%,4.400000,E,
95,'340,Honduras,6690,Land area equipped for irrigation,7252,Share in Cropland,1965,1965,%,4.390000,E,
95,'340,Honduras,6690,Land area equipped for irrigation,7252,Share in Cropland,1966,1966,%,4.360000,E,
95,'340,Honduras,6690,Land area equipped for irrigation,7252,Share in Cropland,1967,1967,%,4.330000,E,
95,'340,Honduras,6690,Land area equipped for irrigation,7252,Share in Cropland,1968,1968,%,4.310000,E,
95,'340,Honduras,6690,Land area equipped for irrigation,7252,Share in Cropland,1969,1969,%,4.310000,E,
95,'340,Honduras,6690,Land area equipped for irrigation,7252,Share in Cropland,1970,1970,%,4.290000,E,
95,'340,Honduras,6690,Land area equipped for irrigation,7252,Share in Cropland,1971,1971,%,4.270000,E,
95,'340,Honduras,6690,Land area equipped for irrigation,7252,Share in Cropland,1972,1972,%,4.180000,E,
95,'340,Honduras,6690,Land area equipped for irrigation,7252,Share in Cropland,1973,1973,%,4.150000,E,
95,'340,Honduras,6690,Land area equipped for irrigation,7252,Share in Cropland,1974,1974,%,4.140000,E,
95,'340,Honduras,6690,Land area equipped for irrigation,7252,Share in Cropland,1975,1975,%,4.040000,E,
95,'340,Honduras,6690,Land area equipped for irrigation,7252,Share in Cropland,1976,1976,%,3.950000,E,
95,'340,Honduras,6690,Land area equipped for irrigation,7252,Share in Cropland,1977,1977,%,3.780000,E,
95,'340,Honduras,6690,Land area equipped for irrigation,7252,Share in Cropland,1978,1978,%,3.760000,E,
95,'340,Honduras,6690,Land area equipped for irrigation,7252,Share in Cropland,1979,1979,%,3.760000,E,
95,'340,Honduras,6690,Land area equipped for irrigation,7252,Share in Cropland,1980,1980,%,3.760000,E,
95,'340,Honduras,6690,Land area equipped for irrigation,7252,Share in Cropland,1981,1981,%,3.740000,E,
95,'340,Honduras,6690,Land area equipped for irrigation,7252,Share in Cropland,1982,1982,%,3.730000,E,
95,'340,Honduras,6690,Land area equipped for irrigation,7252,Share in Cropland,1983,1983,%,3.730000,E,
95,'340,Honduras,6690,Land area equipped for irrigation,7252,Share in Cropland,1984,1984,%,3.710000,E,
95,'340,Honduras,6690,Land area equipped for irrigation,7252,Share in Cropland,1985,1985,%,3.710000,E,
95,'340,Honduras,6690,Land area equipped for irrigation,7252,Share in Cropland,1986,1986,%,3.700000,E,
95,'340,Honduras,6690,Land area equipped for irrigation,7252,Share in Cropland,1987,1987,%,3.700000,E,
95,'340,Honduras,6690,Land area equipped for irrigation,7252,Share in Cropland,1988,1988,%,3.700000,E,
95,'340,Honduras,6690,Land area equipped for irrigation,7252,Share in Cropland,1989,1989,%,3.810000,E,
95,'340,Honduras,6690,Land area equipped for irrigation,7252,Share in Cropland,1990,1990,%,3.900000,E,
95,'340,Honduras,6690,Land area equipped for irrigation,7252,Share in Cropland,1991,1991,%,3.960000,E,
95,'340,Honduras,6690,Land area equipped for irrigation,7252,Share in Cropland,1992,1992,%,3.940000,E,
95,'340,Honduras,6690,Land area equipped for irrigation,7252,Share in Cropland,1993,1993,%,3.620000,E,
95,'340,Honduras,6690,Land area equipped for irrigation,7252,Share in Cropland,1994,1994,%,3.670000,E,
95,'340,Honduras,6690,Land area equipped for irrigation,7252,Share in Cropland,1995,1995,%,3.740000,E,
95,'340,Honduras,6690,Land area equipped for irrigation,7252,Share in Cropland,1996,1996,%,3.740000,E,
95,'340,Honduras,6690,Land area equipped for irrigation,7252,Share in Cropland,1997,1997,%,3.890000,E,
95,'340,Honduras,6690,Land area equipped for irrigation,7252,Share in Cropland,1998,1998,%,4.000000,E,
95,'340,Honduras,6690,Land area equipped for irrigation,7252,Share in Cropland,1999,1999,%,4.270000,E,
95,'340,Honduras,6690,Land area equipped for irrigation,7252,Share in Cropland,2000,2000,%,5.610000,E,
95,'340,Honduras,6690,Land area equipped for irrigation,7252,Share in Cropland,2001,2001,%,5.610000,E,
95,'340,Honduras,6690,Land area equipped for irrigation,7252,Share in Cropland,2002,2002,%,5.610000,E,
95,'340,Honduras,6690,Land area equipped for irrigation,7252,Share in Cropland,2003,2003,%,5.740000,E,
95,'340,Honduras,6690,Land area equipped for irrigation,7252,Share in Cropland,2004,2004,%,5.780000,E,
95,'340,Honduras,6690,Land area equipped for irrigation,7252,Share in Cropland,2005,2005,%,5.810000,E,
95,'340,Honduras,6690,Land area equipped for irrigation,7252,Share in Cropland,2006,2006,%,5.950000,E,
95,'340,Honduras,6690,Land area equipped for irrigation,7252,Share in Cropland,2007,2007,%,6.150000,E,
95,'340,Honduras,6690,Land area equipped for irrigation,7252,Share in Cropland,2008,2008,%,6.160000,E,
95,'340,Honduras,6690,Land area equipped for irrigation,7252,Share in Cropland,2009,2009,%,6.250000,E,
95,'340,Honduras,6690,Land area equipped for irrigation,7252,Share in Cropland,2010,2010,%,6.010000,E,
95,'340,Honduras,6690,Land area equipped for irrigation,7252,Share in Cropland,2011,2011,%,5.890000,E,
95,'340,Honduras,6690,Land area equipped for irrigation,7252,Share in Cropland,2012,2012,%,5.780000,E,
95,'340,Honduras,6690,Land area equipped for irrigation,7252,Share in Cropland,2013,2013,%,5.780000,E,
95,'340,Honduras,6690,Land area equipped for irrigation,7252,Share in Cropland,2014,2014,%,5.780000,E,
95,'340,Honduras,6690,Land area equipped for irrigation,7252,Share in Cropland,2015,2015,%,5.780000,E,
95,'340,Honduras,6690,Land area equipped for irrigation,7252,Share in Cropland,2016,2016,%,5.780000,E,
95,'340,Honduras,6690,Land area equipped for irrigation,7252,Share in Cropland,2017,2017,%,5.390000,E,
95,'340,Honduras,6690,Land area equipped for irrigation,7252,Share in Cropland,2018,2018,%,5.390000,E,
95,'340,Honduras,6690,Land area equipped for irrigation,7252,Share in Cropland,2019,2019,%,5.390000,E,
95,'340,Honduras,6690,Land area equipped for irrigation,7252,Share in Cropland,2020,2020,%,5.390000,E,
95,'340,Honduras,6690,Land area equipped for irrigation,7252,Share in Cropland,2021,2021,%,5.390000,E,
95,'340,Honduras,6690,Land area equipped for irrigation,7252,Share in Cropland,2022,2022,%,5.390000,E,
95,'340,Honduras,6690,Land area equipped for irrigation,7252,Share in Cropland,2023,2023,%,5.390000,E,
95,'340,Honduras,6690,Land area equipped for irrigation,7252,Share in Cropland,2024,2024,%,5.220000,E,
95,'340,Honduras,6611,Agriculture area actually irrigated,5110,Area,2005,2005,1000 ha,81.630000,X,
95,'340,Honduras,6611,Agriculture area actually irrigated,7208,Share in Agricultural land,2005,2005,%,2.640000,E,
95,'340,Honduras,6671,Agriculture area under organic agric.,5110,Area,2005,2005,1000 ha,1.800000,I,
95,'340,Honduras,6671,Agriculture area under organic agric.,5110,Area,2006,2006,1000 ha,7.500000,I,
95,'340,Honduras,6671,Agriculture area under organic agric.,5110,Area,2007,2007,1000 ha,8.200000,I,
95,'340,Honduras,6671,Agriculture area under organic agric.,5110,Area,2008,2008,1000 ha,8.500000,I,
95,'340,Honduras,6671,Agriculture area under organic agric.,5110,Area,2009,2009,1000 ha,11.800000,I,
95,'340,Honduras,6671,Agriculture area under organic agric.,5110,Area,2010,2010,1000 ha,18.000000,A,
95,'340,Honduras,6671,Agriculture area under organic agric.,5110,Area,2011,2011,1000 ha,20.000000,A,
95,'340,Honduras,6671,Agriculture area under organic agric.,5110,Area,2012,2012,1000 ha,21.100000,A,
95,'340,Honduras,6671,Agriculture area under organic agric.,5110,Area,2013,2013,1000 ha,25.000000,A,
95,'340,Honduras,6671,Agriculture area under organic agric.,5110,Area,2014,2014,1000 ha,25.000000,I,
95,'340,Honduras,6671,Agriculture area under organic agric.,5110,Area,2015,2015,1000 ha,26.900000,I,
95,'340,Honduras,6671,Agriculture area under organic agric.,5110,Area,2016,2016,1000 ha,28.700000,I,
95,'340,Honduras,6671,Agriculture area under organic agric.,5110,Area,2017,2017,1000 ha,29.270000,I,
95,'340,Honduras,6671,Agriculture area under organic agric.,5110,Area,2018,2018,1000 ha,29.270000,I,
95,'340,Honduras,6671,Agriculture area under organic agric.,5110,Area,2019,2019,1000 ha,29.270000,I,
95,'340,Honduras,6671,Agriculture area under organic agric.,5110,Area,2020,2020,1000 ha,66.180000,I,
95,'340,Honduras,6671,Agriculture area under organic agric.,5110,Area,2021,2021,1000 ha,66.180000,I,
95,'340,Honduras,6671,Agriculture area under organic agric.,5110,Area,2022,2022,1000 ha,66.180000,I,
95,'340,Honduras,6671,Agriculture area under organic agric.,5110,Area,2023,2023,1000 ha,95.440000,I,
95,'340,Honduras,6671,Agriculture area under organic agric.,5110,Area,2024,2024,1000 ha,68.000000,I,
95,'340,Honduras,6671,Agriculture area under organic agric.,7208,Share in Agricultural land,2005,2005,%,0.060000,E,
95,'340,Honduras,6671,Agriculture area under organic agric.,7208,Share in Agricultural land,2006,2006,%,0.240000,E,
95,'340,Honduras,6671,Agriculture area under organic agric.,7208,Share in Agricultural land,2007,2007,%,0.260000,E,
95,'340,Honduras,6671,Agriculture area under organic agric.,7208,Share in Agricultural land,2008,2008,%,0.270000,E,
95,'340,Honduras,6671,Agriculture area under organic agric.,7208,Share in Agricultural land,2009,2009,%,0.370000,E,
95,'340,Honduras,6671,Agriculture area under organic agric.,7208,Share in Agricultural land,2010,2010,%,0.560000,E,
95,'340,Honduras,6671,Agriculture area under organic agric.,7208,Share in Agricultural land,2011,2011,%,0.620000,E,
95,'340,Honduras,6671,Agriculture area under organic agric.,7208,Share in Agricultural land,2012,2012,%,0.650000,E,
95,'340,Honduras,6671,Agriculture area under organic agric.,7208,Share in Agricultural land,2013,2013,%,0.780000,E,
95,'340,Honduras,6671,Agriculture area under organic agric.,7208,Share in Agricultural land,2014,2014,%,0.780000,E,
95,'340,Honduras,6671,Agriculture area under organic agric.,7208,Share in Agricultural land,2015,2015,%,0.840000,E,
95,'340,Honduras,6671,Agriculture area under organic agric.,7208,Share in Agricultural land,2016,2016,%,0.910000,E,
95,'340,Honduras,6671,Agriculture area under organic agric.,7208,Share in Agricultural land,2017,2017,%,0.900000,E,
95,'340,Honduras,6671,Agriculture area under organic agric.,7208,Share in Agricultural land,2018,2018,%,0.900000,E,
95,'340,Honduras,6671,Agriculture area under organic agric.,7208,Share in Agricultural land,2019,2019,%,0.910000,E,
95,'340,Honduras,6671,Agriculture area under organic agric.,7208,Share in Agricultural land,2020,2020,%,2.060000,E,
95,'340,Honduras,6671,Agriculture area under organic agric.,7208,Share in Agricultural land,2021,2021,%,2.080000,E,
95,'340,Honduras,6671,Agriculture area under organic agric.,7208,Share in Agricultural land,2022,2022,%,2.090000,E,
95,'340,Honduras,6671,Agriculture area under organic agric.,7208,Share in Agricultural land,2023,2023,%,3.030000,E,
95,'340,Honduras,6671,Agriculture area under organic agric.,7208,Share in Agricultural land,2024,2024,%,2.130000,E,
95,'340,Honduras,6672,Agriculture area certified organic,5110,Area,2010,2010,1000 ha,15.000000,A,
95,'340,Honduras,6672,Agriculture area certified organic,5110,Area,2011,2011,1000 ha,18.000000,A,
95,'340,Honduras,6672,Agriculture area certified organic,5110,Area,2012,2012,1000 ha,20.000000,A,
95,'340,Honduras,6672,Agriculture area certified organic,5110,Area,2013,2013,1000 ha,21.100000,A,
95,'340,Honduras,6672,Agriculture area certified organic,5110,Area,2020,2020,1000 ha,65.310000,I,
95,'340,Honduras,6672,Agriculture area certified organic,5110,Area,2021,2021,1000 ha,66.180000,I,
95,'340,Honduras,6672,Agriculture area certified organic,5110,Area,2022,2022,1000 ha,66.180000,I,
95,'340,Honduras,6672,Agriculture area certified organic,5110,Area,2023,2023,1000 ha,94.660000,I,
95,'340,Honduras,6672,Agriculture area certified organic,5110,Area,2024,2024,1000 ha,68.000000,I,
95,'340,Honduras,6668,Cropland area under organic agric.,5110,Area,2017,2017,1000 ha,29.270000,I,
95,'340,Honduras,6668,Cropland area under organic agric.,5110,Area,2018,2018,1000 ha,29.270000,I,
95,'340,Honduras,6668,Cropland area under organic agric.,5110,Area,2019,2019,1000 ha,29.270000,I,
95,'340,Honduras,6668,Cropland area under organic agric.,5110,Area,2023,2023,1000 ha,95.440000,I,
95,'340,Honduras,6668,Cropland area under organic agric.,5110,Area,2024,2024,1000 ha,68.000000,I,
95,'340,Honduras,6669,Cropland area certified organic,5110,Area,2023,2023,1000 ha,94.660000,I,
95,'340,Honduras,6669,Cropland area certified organic,5110,Area,2024,2024,1000 ha,68.000000,I,
