Area Code,Area Code (M49),Area,Source Code,Source,Indicator Code,Indicator,Sex Code,Sex,Element Code,Element,Year Code,Year,Unit,Value,Flag,Note
95,'340,Honduras,3044,FAO Model,21160,Total employment in agrifood systems (AFS),1,Total,6199,Value,2000,2000,1000 No,1046.310000,E,Modelled FAO
95,'340,Honduras,3044,FAO Model,21160,Total employment in agrifood systems (AFS),1,Total,6199,Value,2001,2001,1000 No,1112.360000,E,Modelled FAO
95,'340,Honduras,3044,FAO Model,21160,Total employment in agrifood systems (AFS),1,Total,6199,Value,2002,2002,1000 No,1223.240000,E,Modelled FAO
95,'340,Honduras,3044,FAO Model,21160,Total employment in agrifood systems (AFS),1,Total,6199,Value,2003,2003,1000 No,1189.080000,E,Modelled FAO
95,'340,Honduras,3044,FAO Model,21160,Total employment in agrifood systems (AFS),1,Total,6199,Value,2004,2004,1000 No,1127.980000,E,Modelled FAO
95,'340,Honduras,3044,FAO Model,21160,Total employment in agrifood systems (AFS),1,Total,6199,Value,2005,2005,1000 No,1229.860000,E,Modelled using ISIC shares
95,'340,Honduras,3044,FAO Model,21160,Total employment in agrifood systems (AFS),1,Total,6199,Value,2006,2006,1000 No,1286.000000,E,Modelled using ISIC shares
95,'340,Honduras,3044,FAO Model,21160,Total employment in agrifood systems (AFS),1,Total,6199,Value,2007,2007,1000 No,1275.090000,E,Modelled using ISIC shares
95,'340,Honduras,3044,FAO Model,21160,Total employment in agrifood systems (AFS),1,Total,6199,Value,2008,2008,1000 No,1342.170000,E,Modelled using ISIC shares
95,'340,Honduras,3044,FAO Model,21160,Total employment in agrifood systems (AFS),1,Total,6199,Value,2009,2009,1000 No,1446.050000,E,Modelled using ISIC shares
95,'340,Honduras,3044,FAO Model,21160,Total employment in agrifood systems (AFS),1,Total,6199,Value,2010,2010,1000 No,1570.750000,E,Modelled using ISIC shares
95,'340,Honduras,3044,FAO Model,21160,Total employment in agrifood systems (AFS),1,Total,6199,Value,2011,2011,1000 No,1506.240000,E,Modelled using ISIC shares
95,'340,Honduras,3044,FAO Model,21160,Total employment in agrifood systems (AFS),1,Total,6199,Value,2012,2012,1000 No,1540.650000,E,Modelled using ISIC shares
95,'340,Honduras,3044,FAO Model,21160,Total employment in agrifood systems (AFS),1,Total,6199,Value,2013,2013,1000 No,1636.580000,E,Modelled using ISIC shares
95,'340,Honduras,3044,FAO Model,21160,Total employment in agrifood systems (AFS),1,Total,6199,Value,2014,2014,1000 No,1572.700000,E,Modelled using ISIC shares
95,'340,Honduras,3044,FAO Model,21160,Total employment in agrifood systems (AFS),1,Total,6199,Value,2015,2015,1000 No,1515.850000,E,Modelled using ISIC shares
95,'340,Honduras,3044,FAO Model,21160,Total employment in agrifood systems (AFS),1,Total,6199,Value,2016,2016,1000 No,1493.450000,E,Modelled using ISIC shares
95,'340,Honduras,3044,FAO Model,21160,Total employment in agrifood systems (AFS),1,Total,6199,Value,2017,2017,1000 No,1742.430000,E,Modelled using ISIC shares
95,'340,Honduras,3044,FAO Model,21160,Total employment in agrifood systems (AFS),1,Total,6199,Value,2018,2018,1000 No,1852.560000,E,Modelled using ISIC shares
95,'340,Honduras,3044,FAO Model,21160,Total employment in agrifood systems (AFS),1,Total,6199,Value,2019,2019,1000 No,1720.380000,E,Modelled using ISIC shares
95,'340,Honduras,3044,FAO Model,21160,Total employment in agrifood systems (AFS),1,Total,6199,Value,2020,2020,1000 No,1691.670000,E,Modelled using ISIC shares
95,'340,Honduras,3044,FAO Model,21160,Total employment in agrifood systems (AFS),1,Total,6199,Value,2021,2021,1000 No,1738.700000,E,Imputed using average of previous and next value
95,'340,Honduras,3044,FAO Model,21160,Total employment in agrifood systems (AFS),1,Total,6199,Value,2022,2022,1000 No,1673.150000,E,Modelled using ISIC shares
95,'340,Honduras,3044,FAO Model,21160,Total employment in agrifood systems (AFS),1,Total,6199,Value,2023,2023,1000 No,1741.720000,E,Modelled using ISIC shares
95,'340,Honduras,3044,FAO Model,21160,Total employment in agrifood systems (AFS),2,Male,6199,Value,2000,2000,1000 No,747.380000,E,Modelled FAO
95,'340,Honduras,3044,FAO Model,21160,Total employment in agrifood systems (AFS),2,Male,6199,Value,2001,2001,1000 No,802.990000,E,Modelled FAO
95,'340,Honduras,3044,FAO Model,21160,Total employment in agrifood systems (AFS),2,Male,6199,Value,2002,2002,1000 No,870.520000,E,Modelled FAO
95,'340,Honduras,3044,FAO Model,21160,Total employment in agrifood systems (AFS),2,Male,6199,Value,2003,2003,1000 No,843.290000,E,Modelled FAO
95,'340,Honduras,3044,FAO Model,21160,Total employment in agrifood systems (AFS),2,Male,6199,Value,2004,2004,1000 No,807.200000,E,Modelled FAO
95,'340,Honduras,3044,FAO Model,21160,Total employment in agrifood systems (AFS),2,Male,6199,Value,2005,2005,1000 No,863.390000,E,Modelled FAO
95,'340,Honduras,3044,FAO Model,21160,Total employment in agrifood systems (AFS),2,Male,6199,Value,2006,2006,1000 No,913.750000,E,Modelled FAO
95,'340,Honduras,3044,FAO Model,21160,Total employment in agrifood systems (AFS),2,Male,6199,Value,2007,2007,1000 No,908.740000,E,Modelled FAO
95,'340,Honduras,3044,FAO Model,21160,Total employment in agrifood systems (AFS),2,Male,6199,Value,2008,2008,1000 No,935.070000,E,Modelled FAO
95,'340,Honduras,3044,FAO Model,21160,Total employment in agrifood systems (AFS),2,Male,6199,Value,2009,2009,1000 No,990.100000,E,Modelled FAO
95,'340,Honduras,3044,FAO Model,21160,Total employment in agrifood systems (AFS),2,Male,6199,Value,2010,2010,1000 No,1068.810000,E,Modelled FAO
95,'340,Honduras,3044,FAO Model,21160,Total employment in agrifood systems (AFS),2,Male,6199,Value,2011,2011,1000 No,1061.980000,E,Modelled FAO
95,'340,Honduras,3044,FAO Model,21160,Total employment in agrifood systems (AFS),2,Male,6199,Value,2012,2012,1000 No,1086.870000,E,Modelled FAO
95,'340,Honduras,3044,FAO Model,21160,Total employment in agrifood systems (AFS),2,Male,6199,Value,2013,2013,1000 No,1127.040000,E,Modelled FAO
95,'340,Honduras,3044,FAO Model,21160,Total employment in agrifood systems (AFS),2,Male,6199,Value,2014,2014,1000 No,1028.110000,E,Modelled FAO
95,'340,Honduras,3044,FAO Model,21160,Total employment in agrifood systems (AFS),2,Male,6199,Value,2015,2015,1000 No,1005.470000,E,Modelled FAO
95,'340,Honduras,3044,FAO Model,21160,Total employment in agrifood systems (AFS),2,Male,6199,Value,2016,2016,1000 No,984.950000,E,Modelled FAO
95,'340,Honduras,3044,FAO Model,21160,Total employment in agrifood systems (AFS),2,Male,6199,Value,2017,2017,1000 No,1150.520000,E,Modelled FAO
95,'340,Honduras,3044,FAO Model,21160,Total employment in agrifood systems (AFS),2,Male,6199,Value,2018,2018,1000 No,1199.500000,E,Modelled FAO
95,'340,Honduras,3044,FAO Model,21160,Total employment in agrifood systems (AFS),2,Male,6199,Value,2019,2019,1000 No,1189.500000,E,Modelled FAO
95,'340,Honduras,3044,FAO Model,21160,Total employment in agrifood systems (AFS),2,Male,6199,Value,2020,2020,1000 No,1118.840000,E,Modelled FAO
95,'340,Honduras,3044,FAO Model,21160,Total employment in agrifood systems (AFS),2,Male,6199,Value,2021,2021,1000 No,1151.020000,E,Interpolated
95,'340,Honduras,3044,FAO Model,21160,Total employment in agrifood systems (AFS),2,Male,6199,Value,2022,2022,1000 No,1151.970000,E,Modelled FAO
95,'340,Honduras,3044,FAO Model,21160,Total employment in agrifood systems (AFS),2,Male,6199,Value,2023,2023,1000 No,1226.090000,E,Modelled FAO
95,'340,Honduras,3044,FAO Model,21160,Total employment in agrifood systems (AFS),3,Female,6199,Value,2000,2000,1000 No,298.930000,E,Modelled FAO
95,'340,Honduras,3044,FAO Model,21160,Total employment in agrifood systems (AFS),3,Female,6199,Value,2001,2001,1000 No,309.370000,E,Modelled FAO
95,'340,Honduras,3044,FAO Model,21160,Total employment in agrifood systems (AFS),3,Female,6199,Value,2002,2002,1000 No,352.720000,E,Modelled FAO
95,'340,Honduras,3044,FAO Model,21160,Total employment in agrifood systems (AFS),3,Female,6199,Value,2003,2003,1000 No,345.780000,E,Modelled FAO
95,'340,Honduras,3044,FAO Model,21160,Total employment in agrifood systems (AFS),3,Female,6199,Value,2004,2004,1000 No,320.780000,E,Modelled FAO
95,'340,Honduras,3044,FAO Model,21160,Total employment in agrifood systems (AFS),3,Female,6199,Value,2005,2005,1000 No,366.460000,E,Modelled FAO
95,'340,Honduras,3044,FAO Model,21160,Total employment in agrifood systems (AFS),3,Female,6199,Value,2006,2006,1000 No,372.250000,E,Modelled FAO
95,'340,Honduras,3044,FAO Model,21160,Total employment in agrifood systems (AFS),3,Female,6199,Value,2007,2007,1000 No,366.350000,E,Modelled FAO
95,'340,Honduras,3044,FAO Model,21160,Total employment in agrifood systems (AFS),3,Female,6199,Value,2008,2008,1000 No,407.100000,E,Modelled FAO
95,'340,Honduras,3044,FAO Model,21160,Total employment in agrifood systems (AFS),3,Female,6199,Value,2009,2009,1000 No,455.950000,E,Modelled FAO
95,'340,Honduras,3044,FAO Model,21160,Total employment in agrifood systems (AFS),3,Female,6199,Value,2010,2010,1000 No,501.940000,E,Modelled FAO
95,'340,Honduras,3044,FAO Model,21160,Total employment in agrifood systems (AFS),3,Female,6199,Value,2011,2011,1000 No,444.260000,E,Modelled FAO
95,'340,Honduras,3044,FAO Model,21160,Total employment in agrifood systems (AFS),3,Female,6199,Value,2012,2012,1000 No,453.780000,E,Modelled FAO
95,'340,Honduras,3044,FAO Model,21160,Total employment in agrifood systems (AFS),3,Female,6199,Value,2013,2013,1000 No,509.540000,E,Modelled FAO
95,'340,Honduras,3044,FAO Model,21160,Total employment in agrifood systems (AFS),3,Female,6199,Value,2014,2014,1000 No,544.590000,E,Modelled FAO
95,'340,Honduras,3044,FAO Model,21160,Total employment in agrifood systems (AFS),3,Female,6199,Value,2015,2015,1000 No,510.380000,E,Modelled FAO
95,'340,Honduras,3044,FAO Model,21160,Total employment in agrifood systems (AFS),3,Female,6199,Value,2016,2016,1000 No,508.500000,E,Modelled FAO
95,'340,Honduras,3044,FAO Model,21160,Total employment in agrifood systems (AFS),3,Female,6199,Value,2017,2017,1000 No,591.910000,E,Modelled FAO
95,'340,Honduras,3044,FAO Model,21160,Total employment in agrifood systems (AFS),3,Female,6199,Value,2018,2018,1000 No,653.060000,E,Modelled FAO
95,'340,Honduras,3044,FAO Model,21160,Total employment in agrifood systems (AFS),3,Female,6199,Value,2019,2019,1000 No,530.880000,E,Modelled FAO
95,'340,Honduras,3044,FAO Model,21160,Total employment in agrifood systems (AFS),3,Female,6199,Value,2020,2020,1000 No,572.830000,E,Modelled FAO
95,'340,Honduras,3044,FAO Model,21160,Total employment in agrifood systems (AFS),3,Female,6199,Value,2021,2021,1000 No,587.680000,E,Interpolated
95,'340,Honduras,3044,FAO Model,21160,Total employment in agrifood systems (AFS),3,Female,6199,Value,2022,2022,1000 No,521.180000,E,Modelled FAO
95,'340,Honduras,3044,FAO Model,21160,Total employment in agrifood systems (AFS),3,Female,6199,Value,2023,2023,1000 No,515.640000,E,Modelled FAO
95,'340,Honduras,3044,FAO Model,21163,Total non-agricultural AFS employment,1,Total,6199,Value,2000,2000,1000 No,428.320000,E,Modelled FAO
95,'340,Honduras,3044,FAO Model,21163,Total non-agricultural AFS employment,1,Total,6199,Value,2001,2001,1000 No,457.890000,E,Modelled FAO
95,'340,Honduras,3044,FAO Model,21163,Total non-agricultural AFS employment,1,Total,6199,Value,2002,2002,1000 No,509.340000,E,Modelled FAO
95,'340,Honduras,3044,FAO Model,21163,Total non-agricultural AFS employment,1,Total,6199,Value,2003,2003,1000 No,501.520000,E,Modelled FAO
95,'340,Honduras,3044,FAO Model,21163,Total non-agricultural AFS employment,1,Total,6199,Value,2004,2004,1000 No,483.740000,E,Modelled FAO
95,'340,Honduras,3044,FAO Model,21163,Total non-agricultural AFS employment,1,Total,6199,Value,2005,2005,1000 No,571.510000,E,Modelled using ISIC shares
95,'340,Honduras,3044,FAO Model,21163,Total non-agricultural AFS employment,1,Total,6199,Value,2006,2006,1000 No,555.190000,E,Modelled using ISIC shares
95,'340,Honduras,3044,FAO Model,21163,Total non-agricultural AFS employment,1,Total,6199,Value,2007,2007,1000 No,568.720000,E,Modelled using ISIC shares
95,'340,Honduras,3044,FAO Model,21163,Total non-agricultural AFS employment,1,Total,6199,Value,2008,2008,1000 No,612.800000,E,Modelled using ISIC shares
95,'340,Honduras,3044,FAO Model,21163,Total non-agricultural AFS employment,1,Total,6199,Value,2009,2009,1000 No,644.220000,E,Modelled using ISIC shares
95,'340,Honduras,3044,FAO Model,21163,Total non-agricultural AFS employment,1,Total,6199,Value,2010,2010,1000 No,708.610000,E,Modelled using ISIC shares
95,'340,Honduras,3044,FAO Model,21163,Total non-agricultural AFS employment,1,Total,6199,Value,2011,2011,1000 No,686.220000,E,Modelled using ISIC shares
95,'340,Honduras,3044,FAO Model,21163,Total non-agricultural AFS employment,1,Total,6199,Value,2012,2012,1000 No,658.070000,E,Modelled using ISIC shares
95,'340,Honduras,3044,FAO Model,21163,Total non-agricultural AFS employment,1,Total,6199,Value,2013,2013,1000 No,756.830000,E,Modelled using ISIC shares
95,'340,Honduras,3044,FAO Model,21163,Total non-agricultural AFS employment,1,Total,6199,Value,2014,2014,1000 No,837.450000,E,Modelled using ISIC shares
95,'340,Honduras,3044,FAO Model,21163,Total non-agricultural AFS employment,1,Total,6199,Value,2015,2015,1000 No,754.600000,E,Modelled using ISIC shares
95,'340,Honduras,3044,FAO Model,21163,Total non-agricultural AFS employment,1,Total,6199,Value,2016,2016,1000 No,767.060000,E,Modelled using ISIC shares
95,'340,Honduras,3044,FAO Model,21163,Total non-agricultural AFS employment,1,Total,6199,Value,2017,2017,1000 No,816.830000,E,Modelled using ISIC shares
95,'340,Honduras,3044,FAO Model,21163,Total non-agricultural AFS employment,1,Total,6199,Value,2018,2018,1000 No,888.370000,E,Modelled using ISIC shares
95,'340,Honduras,3044,FAO Model,21163,Total non-agricultural AFS employment,1,Total,6199,Value,2019,2019,1000 No,821.620000,E,Modelled using ISIC shares
95,'340,Honduras,3044,FAO Model,21163,Total non-agricultural AFS employment,1,Total,6199,Value,2020,2020,1000 No,834.880000,E,Modelled using ISIC shares
95,'340,Honduras,3044,FAO Model,21163,Total non-agricultural AFS employment,1,Total,6199,Value,2021,2021,1000 No,849.940000,E,Imputed using average of previous and next value
95,'340,Honduras,3044,FAO Model,21163,Total non-agricultural AFS employment,1,Total,6199,Value,2022,2022,1000 No,848.820000,E,Modelled using ISIC shares
95,'340,Honduras,3044,FAO Model,21163,Total non-agricultural AFS employment,1,Total,6199,Value,2023,2023,1000 No,846.060000,E,Modelled using ISIC shares
95,'340,Honduras,3044,FAO Model,21163,Total non-agricultural AFS employment,2,Male,6199,Value,2000,2000,1000 No,202.810000,E,Modelled FAO
95,'340,Honduras,3044,FAO Model,21163,Total non-agricultural AFS employment,2,Male,6199,Value,2001,2001,1000 No,217.010000,E,Modelled FAO
95,'340,Honduras,3044,FAO Model,21163,Total non-agricultural AFS employment,2,Male,6199,Value,2002,2002,1000 No,244.980000,E,Modelled FAO
95,'340,Honduras,3044,FAO Model,21163,Total non-agricultural AFS employment,2,Male,6199,Value,2003,2003,1000 No,239.860000,E,Modelled FAO
95,'340,Honduras,3044,FAO Model,21163,Total non-agricultural AFS employment,2,Male,6199,Value,2004,2004,1000 No,234.470000,E,Modelled FAO
95,'340,Honduras,3044,FAO Model,21163,Total non-agricultural AFS employment,2,Male,6199,Value,2005,2005,1000 No,278.970000,E,Modelled FAO
95,'340,Honduras,3044,FAO Model,21163,Total non-agricultural AFS employment,2,Male,6199,Value,2006,2006,1000 No,276.680000,E,Modelled FAO
95,'340,Honduras,3044,FAO Model,21163,Total non-agricultural AFS employment,2,Male,6199,Value,2007,2007,1000 No,284.770000,E,Modelled FAO
95,'340,Honduras,3044,FAO Model,21163,Total non-agricultural AFS employment,2,Male,6199,Value,2008,2008,1000 No,295.180000,E,Modelled FAO
95,'340,Honduras,3044,FAO Model,21163,Total non-agricultural AFS employment,2,Male,6199,Value,2009,2009,1000 No,295.260000,E,Modelled FAO
95,'340,Honduras,3044,FAO Model,21163,Total non-agricultural AFS employment,2,Male,6199,Value,2010,2010,1000 No,329.070000,E,Modelled FAO
95,'340,Honduras,3044,FAO Model,21163,Total non-agricultural AFS employment,2,Male,6199,Value,2011,2011,1000 No,330.980000,E,Modelled FAO
95,'340,Honduras,3044,FAO Model,21163,Total non-agricultural AFS employment,2,Male,6199,Value,2012,2012,1000 No,310.290000,E,Modelled FAO
95,'340,Honduras,3044,FAO Model,21163,Total non-agricultural AFS employment,2,Male,6199,Value,2013,2013,1000 No,355.610000,E,Modelled FAO
95,'340,Honduras,3044,FAO Model,21163,Total non-agricultural AFS employment,2,Male,6199,Value,2014,2014,1000 No,399.690000,E,Modelled FAO
95,'340,Honduras,3044,FAO Model,21163,Total non-agricultural AFS employment,2,Male,6199,Value,2015,2015,1000 No,338.540000,E,Modelled FAO
95,'340,Honduras,3044,FAO Model,21163,Total non-agricultural AFS employment,2,Male,6199,Value,2016,2016,1000 No,359.520000,E,Modelled FAO
95,'340,Honduras,3044,FAO Model,21163,Total non-agricultural AFS employment,2,Male,6199,Value,2017,2017,1000 No,346.800000,E,Modelled FAO
95,'340,Honduras,3044,FAO Model,21163,Total non-agricultural AFS employment,2,Male,6199,Value,2018,2018,1000 No,375.950000,E,Modelled FAO
95,'340,Honduras,3044,FAO Model,21163,Total non-agricultural AFS employment,2,Male,6199,Value,2019,2019,1000 No,384.890000,E,Modelled FAO
95,'340,Honduras,3044,FAO Model,21163,Total non-agricultural AFS employment,2,Male,6199,Value,2020,2020,1000 No,373.160000,E,Modelled FAO
95,'340,Honduras,3044,FAO Model,21163,Total non-agricultural AFS employment,2,Male,6199,Value,2021,2021,1000 No,389.470000,E,Interpolated
95,'340,Honduras,3044,FAO Model,21163,Total non-agricultural AFS employment,2,Male,6199,Value,2022,2022,1000 No,397.380000,E,Modelled FAO
95,'340,Honduras,3044,FAO Model,21163,Total non-agricultural AFS employment,2,Male,6199,Value,2023,2023,1000 No,400.930000,E,Modelled FAO
95,'340,Honduras,3044,FAO Model,21163,Total non-agricultural AFS employment,3,Female,6199,Value,2000,2000,1000 No,225.520000,E,Modelled FAO
95,'340,Honduras,3044,FAO Model,21163,Total non-agricultural AFS employment,3,Female,6199,Value,2001,2001,1000 No,240.880000,E,Modelled FAO
95,'340,Honduras,3044,FAO Model,21163,Total non-agricultural AFS employment,3,Female,6199,Value,2002,2002,1000 No,264.370000,E,Modelled FAO
95,'340,Honduras,3044,FAO Model,21163,Total non-agricultural AFS employment,3,Female,6199,Value,2003,2003,1000 No,261.660000,E,Modelled FAO
95,'340,Honduras,3044,FAO Model,21163,Total non-agricultural AFS employment,3,Female,6199,Value,2004,2004,1000 No,249.270000,E,Modelled FAO
95,'340,Honduras,3044,FAO Model,21163,Total non-agricultural AFS employment,3,Female,6199,Value,2005,2005,1000 No,292.540000,E,Modelled FAO
95,'340,Honduras,3044,FAO Model,21163,Total non-agricultural AFS employment,3,Female,6199,Value,2006,2006,1000 No,278.510000,E,Modelled FAO
95,'340,Honduras,3044,FAO Model,21163,Total non-agricultural AFS employment,3,Female,6199,Value,2007,2007,1000 No,283.960000,E,Modelled FAO
95,'340,Honduras,3044,FAO Model,21163,Total non-agricultural AFS employment,3,Female,6199,Value,2008,2008,1000 No,317.620000,E,Modelled FAO
95,'340,Honduras,3044,FAO Model,21163,Total non-agricultural AFS employment,3,Female,6199,Value,2009,2009,1000 No,348.960000,E,Modelled FAO
95,'340,Honduras,3044,FAO Model,21163,Total non-agricultural AFS employment,3,Female,6199,Value,2010,2010,1000 No,379.540000,E,Modelled FAO
95,'340,Honduras,3044,FAO Model,21163,Total non-agricultural AFS employment,3,Female,6199,Value,2011,2011,1000 No,355.230000,E,Modelled FAO
95,'340,Honduras,3044,FAO Model,21163,Total non-agricultural AFS employment,3,Female,6199,Value,2012,2012,1000 No,347.790000,E,Modelled FAO
95,'340,Honduras,3044,FAO Model,21163,Total non-agricultural AFS employment,3,Female,6199,Value,2013,2013,1000 No,401.220000,E,Modelled FAO
95,'340,Honduras,3044,FAO Model,21163,Total non-agricultural AFS employment,3,Female,6199,Value,2014,2014,1000 No,437.760000,E,Modelled FAO
95,'340,Honduras,3044,FAO Model,21163,Total non-agricultural AFS employment,3,Female,6199,Value,2015,2015,1000 No,416.060000,E,Modelled FAO
95,'340,Honduras,3044,FAO Model,21163,Total non-agricultural AFS employment,3,Female,6199,Value,2016,2016,1000 No,407.540000,E,Modelled FAO
95,'340,Honduras,3044,FAO Model,21163,Total non-agricultural AFS employment,3,Female,6199,Value,2017,2017,1000 No,470.030000,E,Modelled FAO
95,'340,Honduras,3044,FAO Model,21163,Total non-agricultural AFS employment,3,Female,6199,Value,2018,2018,1000 No,512.430000,E,Modelled FAO
95,'340,Honduras,3044,FAO Model,21163,Total non-agricultural AFS employment,3,Female,6199,Value,2019,2019,1000 No,436.730000,E,Modelled FAO
95,'340,Honduras,3044,FAO Model,21163,Total non-agricultural AFS employment,3,Female,6199,Value,2020,2020,1000 No,461.710000,E,Modelled FAO
95,'340,Honduras,3044,FAO Model,21163,Total non-agricultural AFS employment,3,Female,6199,Value,2021,2021,1000 No,460.470000,E,Interpolated
95,'340,Honduras,3044,FAO Model,21163,Total non-agricultural AFS employment,3,Female,6199,Value,2022,2022,1000 No,451.440000,E,Modelled FAO
95,'340,Honduras,3044,FAO Model,21163,Total non-agricultural AFS employment,3,Female,6199,Value,2023,2023,1000 No,445.130000,E,Modelled FAO
95,'340,Honduras,3044,FAO Model,21161,Share of AFS employment in total employment,1,Total,6121,Value,2000,2000,%,45.170000,E,Modelled FAO
95,'340,Honduras,3044,FAO Model,21161,Share of AFS employment in total employment,1,Total,6121,Value,2001,2001,%,46.900000,E,Modelled FAO
95,'340,Honduras,3044,FAO Model,21161,Share of AFS employment in total employment,1,Total,6121,Value,2002,2002,%,50.320000,E,Modelled FAO
95,'340,Honduras,3044,FAO Model,21161,Share of AFS employment in total employment,1,Total,6121,Value,2003,2003,%,48.380000,E,Modelled FAO
95,'340,Honduras,3044,FAO Model,21161,Share of AFS employment in total employment,1,Total,6121,Value,2004,2004,%,45.130000,E,Modelled FAO
95,'340,Honduras,3044,FAO Model,21161,Share of AFS employment in total employment,1,Total,6121,Value,2005,2005,%,51.410000,E,Modelled using ISIC shares
95,'340,Honduras,3044,FAO Model,21161,Share of AFS employment in total employment,1,Total,6121,Value,2006,2006,%,53.010000,E,Modelled using ISIC shares
95,'340,Honduras,3044,FAO Model,21161,Share of AFS employment in total employment,1,Total,6121,Value,2007,2007,%,51.300000,E,Modelled using ISIC shares
95,'340,Honduras,3044,FAO Model,21161,Share of AFS employment in total employment,1,Total,6121,Value,2008,2008,%,52.140000,E,Modelled using ISIC shares
95,'340,Honduras,3044,FAO Model,21161,Share of AFS employment in total employment,1,Total,6121,Value,2009,2009,%,53.350000,E,Modelled using ISIC shares
95,'340,Honduras,3044,FAO Model,21161,Share of AFS employment in total employment,1,Total,6121,Value,2010,2010,%,55.600000,E,Modelled using ISIC shares
95,'340,Honduras,3044,FAO Model,21161,Share of AFS employment in total employment,1,Total,6121,Value,2011,2011,%,53.910000,E,Modelled using ISIC shares
95,'340,Honduras,3044,FAO Model,21161,Share of AFS employment in total employment,1,Total,6121,Value,2012,2012,%,54.380000,E,Modelled using ISIC shares
95,'340,Honduras,3044,FAO Model,21161,Share of AFS employment in total employment,1,Total,6121,Value,2013,2013,%,53.180000,E,Modelled using ISIC shares
95,'340,Honduras,3044,FAO Model,21161,Share of AFS employment in total employment,1,Total,6121,Value,2014,2014,%,48.910000,E,Modelled using ISIC shares
95,'340,Honduras,3044,FAO Model,21161,Share of AFS employment in total employment,1,Total,6121,Value,2015,2015,%,45.390000,E,Modelled using ISIC shares
95,'340,Honduras,3044,FAO Model,21161,Share of AFS employment in total employment,1,Total,6121,Value,2016,2016,%,44.180000,E,Modelled using ISIC shares
95,'340,Honduras,3044,FAO Model,21161,Share of AFS employment in total employment,1,Total,6121,Value,2017,2017,%,49.010000,E,Modelled using ISIC shares
95,'340,Honduras,3044,FAO Model,21161,Share of AFS employment in total employment,1,Total,6121,Value,2018,2018,%,48.700000,E,Modelled using ISIC shares
95,'340,Honduras,3044,FAO Model,21161,Share of AFS employment in total employment,1,Total,6121,Value,2019,2019,%,46.340000,E,Modelled using ISIC shares
95,'340,Honduras,3044,FAO Model,21161,Share of AFS employment in total employment,1,Total,6121,Value,2020,2020,%,46.460000,E,Modelled using ISIC shares
95,'340,Honduras,3044,FAO Model,21161,Share of AFS employment in total employment,1,Total,6121,Value,2021,2021,%,45.890000,E,Imputed using average of previous and next value
95,'340,Honduras,3044,FAO Model,21161,Share of AFS employment in total employment,1,Total,6121,Value,2022,2022,%,43.560000,E,Modelled using ISIC shares
95,'340,Honduras,3044,FAO Model,21161,Share of AFS employment in total employment,1,Total,6121,Value,2023,2023,%,44.690000,E,Modelled using ISIC shares
95,'340,Honduras,3044,FAO Model,21161,Share of AFS employment in total employment,2,Male,6121,Value,2000,2000,%,48.700000,E,Modelled FAO
95,'340,Honduras,3044,FAO Model,21161,Share of AFS employment in total employment,2,Male,6121,Value,2001,2001,%,51.050000,E,Modelled FAO
95,'340,Honduras,3044,FAO Model,21161,Share of AFS employment in total employment,2,Male,6121,Value,2002,2002,%,53.770000,E,Modelled FAO
95,'340,Honduras,3044,FAO Model,21161,Share of AFS employment in total employment,2,Male,6121,Value,2003,2003,%,51.350000,E,Modelled FAO
95,'340,Honduras,3044,FAO Model,21161,Share of AFS employment in total employment,2,Male,6121,Value,2004,2004,%,48.040000,E,Modelled FAO
95,'340,Honduras,3044,FAO Model,21161,Share of AFS employment in total employment,2,Male,6121,Value,2005,2005,%,52.050000,E,Modelled FAO
95,'340,Honduras,3044,FAO Model,21161,Share of AFS employment in total employment,2,Male,6121,Value,2006,2006,%,53.630000,E,Modelled FAO
95,'340,Honduras,3044,FAO Model,21161,Share of AFS employment in total employment,2,Male,6121,Value,2007,2007,%,51.650000,E,Modelled FAO
95,'340,Honduras,3044,FAO Model,21161,Share of AFS employment in total employment,2,Male,6121,Value,2008,2008,%,52.190000,E,Modelled FAO
95,'340,Honduras,3044,FAO Model,21161,Share of AFS employment in total employment,2,Male,6121,Value,2009,2009,%,52.760000,E,Modelled FAO
95,'340,Honduras,3044,FAO Model,21161,Share of AFS employment in total employment,2,Male,6121,Value,2010,2010,%,55.320000,E,Modelled FAO
95,'340,Honduras,3044,FAO Model,21161,Share of AFS employment in total employment,2,Male,6121,Value,2011,2011,%,54.500000,E,Modelled FAO
95,'340,Honduras,3044,FAO Model,21161,Share of AFS employment in total employment,2,Male,6121,Value,2012,2012,%,54.800000,E,Modelled FAO
95,'340,Honduras,3044,FAO Model,21161,Share of AFS employment in total employment,2,Male,6121,Value,2013,2013,%,53.000000,E,Modelled FAO
95,'340,Honduras,3044,FAO Model,21161,Share of AFS employment in total employment,2,Male,6121,Value,2014,2014,%,47.320000,E,Modelled FAO
95,'340,Honduras,3044,FAO Model,21161,Share of AFS employment in total employment,2,Male,6121,Value,2015,2015,%,44.550000,E,Modelled FAO
95,'340,Honduras,3044,FAO Model,21161,Share of AFS employment in total employment,2,Male,6121,Value,2016,2016,%,42.830000,E,Modelled FAO
95,'340,Honduras,3044,FAO Model,21161,Share of AFS employment in total employment,2,Male,6121,Value,2017,2017,%,47.860000,E,Modelled FAO
95,'340,Honduras,3044,FAO Model,21161,Share of AFS employment in total employment,2,Male,6121,Value,2018,2018,%,47.650000,E,Modelled FAO
95,'340,Honduras,3044,FAO Model,21161,Share of AFS employment in total employment,2,Male,6121,Value,2019,2019,%,46.200000,E,Modelled FAO
95,'340,Honduras,3044,FAO Model,21161,Share of AFS employment in total employment,2,Male,6121,Value,2020,2020,%,45.940000,E,Modelled FAO
95,'340,Honduras,3044,FAO Model,21161,Share of AFS employment in total employment,2,Male,6121,Value,2021,2021,%,63.140000,E,Interpolated
95,'340,Honduras,3044,FAO Model,21161,Share of AFS employment in total employment,2,Male,6121,Value,2022,2022,%,42.510000,E,Modelled FAO
95,'340,Honduras,3044,FAO Model,21161,Share of AFS employment in total employment,2,Male,6121,Value,2023,2023,%,43.610000,E,Modelled FAO
95,'340,Honduras,3044,FAO Model,21161,Share of AFS employment in total employment,3,Female,6121,Value,2000,2000,%,38.240000,E,Modelled FAO
95,'340,Honduras,3044,FAO Model,21161,Share of AFS employment in total employment,3,Female,6121,Value,2001,2001,%,38.730000,E,Modelled FAO
95,'340,Honduras,3044,FAO Model,21161,Share of AFS employment in total employment,3,Female,6121,Value,2002,2002,%,43.450000,E,Modelled FAO
95,'340,Honduras,3044,FAO Model,21161,Share of AFS employment in total employment,3,Female,6121,Value,2003,2003,%,42.390000,E,Modelled FAO
95,'340,Honduras,3044,FAO Model,21161,Share of AFS employment in total employment,3,Female,6121,Value,2004,2004,%,39.160000,E,Modelled FAO
95,'340,Honduras,3044,FAO Model,21161,Share of AFS employment in total employment,3,Female,6121,Value,2005,2005,%,49.970000,E,Modelled FAO
95,'340,Honduras,3044,FAO Model,21161,Share of AFS employment in total employment,3,Female,6121,Value,2006,2006,%,51.550000,E,Modelled FAO
95,'340,Honduras,3044,FAO Model,21161,Share of AFS employment in total employment,3,Female,6121,Value,2007,2007,%,50.460000,E,Modelled FAO
95,'340,Honduras,3044,FAO Model,21161,Share of AFS employment in total employment,3,Female,6121,Value,2008,2008,%,52.010000,E,Modelled FAO
95,'340,Honduras,3044,FAO Model,21161,Share of AFS employment in total employment,3,Female,6121,Value,2009,2009,%,54.670000,E,Modelled FAO
95,'340,Honduras,3044,FAO Model,21161,Share of AFS employment in total employment,3,Female,6121,Value,2010,2010,%,56.190000,E,Modelled FAO
95,'340,Honduras,3044,FAO Model,21161,Share of AFS employment in total employment,3,Female,6121,Value,2011,2011,%,52.570000,E,Modelled FAO
95,'340,Honduras,3044,FAO Model,21161,Share of AFS employment in total employment,3,Female,6121,Value,2012,2012,%,53.380000,E,Modelled FAO
95,'340,Honduras,3044,FAO Model,21161,Share of AFS employment in total employment,3,Female,6121,Value,2013,2013,%,53.570000,E,Modelled FAO
95,'340,Honduras,3044,FAO Model,21161,Share of AFS employment in total employment,3,Female,6121,Value,2014,2014,%,52.230000,E,Modelled FAO
95,'340,Honduras,3044,FAO Model,21161,Share of AFS employment in total employment,3,Female,6121,Value,2015,2015,%,47.160000,E,Modelled FAO
95,'340,Honduras,3044,FAO Model,21161,Share of AFS employment in total employment,3,Female,6121,Value,2016,2016,%,47.050000,E,Modelled FAO
95,'340,Honduras,3044,FAO Model,21161,Share of AFS employment in total employment,3,Female,6121,Value,2017,2017,%,51.410000,E,Modelled FAO
95,'340,Honduras,3044,FAO Model,21161,Share of AFS employment in total employment,3,Female,6121,Value,2018,2018,%,50.760000,E,Modelled FAO
95,'340,Honduras,3044,FAO Model,21161,Share of AFS employment in total employment,3,Female,6121,Value,2019,2019,%,46.650000,E,Modelled FAO
95,'340,Honduras,3044,FAO Model,21161,Share of AFS employment in total employment,3,Female,6121,Value,2020,2020,%,47.500000,E,Modelled FAO
95,'340,Honduras,3044,FAO Model,21161,Share of AFS employment in total employment,3,Female,6121,Value,2021,2021,%,29.890000,E,Interpolated
95,'340,Honduras,3044,FAO Model,21161,Share of AFS employment in total employment,3,Female,6121,Value,2022,2022,%,46.080000,E,Modelled FAO
95,'340,Honduras,3044,FAO Model,21161,Share of AFS employment in total employment,3,Female,6121,Value,2023,2023,%,47.510000,E,Modelled FAO
95,'340,Honduras,3044,FAO Model,21162,Share of agricultural employment in total AFS employment,1,Total,6121,Value,2000,2000,%,59.060000,E,Modelled FAO
95,'340,Honduras,3044,FAO Model,21162,Share of agricultural employment in total AFS employment,1,Total,6121,Value,2001,2001,%,58.840000,E,Modelled FAO
95,'340,Honduras,3044,FAO Model,21162,Share of agricultural employment in total AFS employment,1,Total,6121,Value,2002,2002,%,58.360000,E,Modelled FAO
95,'340,Honduras,3044,FAO Model,21162,Share of agricultural employment in total AFS employment,1,Total,6121,Value,2003,2003,%,57.820000,E,Modelled FAO
95,'340,Honduras,3044,FAO Model,21162,Share of agricultural employment in total AFS employment,1,Total,6121,Value,2004,2004,%,57.110000,E,Modelled FAO
95,'340,Honduras,3044,FAO Model,21162,Share of agricultural employment in total AFS employment,1,Total,6121,Value,2005,2005,%,53.530000,E,Modelled using ISIC shares
95,'340,Honduras,3044,FAO Model,21162,Share of agricultural employment in total AFS employment,1,Total,6121,Value,2006,2006,%,56.830000,E,Modelled using ISIC shares
95,'340,Honduras,3044,FAO Model,21162,Share of agricultural employment in total AFS employment,1,Total,6121,Value,2007,2007,%,55.400000,E,Modelled using ISIC shares
95,'340,Honduras,3044,FAO Model,21162,Share of agricultural employment in total AFS employment,1,Total,6121,Value,2008,2008,%,54.340000,E,Modelled using ISIC shares
95,'340,Honduras,3044,FAO Model,21162,Share of agricultural employment in total AFS employment,1,Total,6121,Value,2009,2009,%,55.450000,E,Modelled using ISIC shares
95,'340,Honduras,3044,FAO Model,21162,Share of agricultural employment in total AFS employment,1,Total,6121,Value,2010,2010,%,54.890000,E,Modelled using ISIC shares
95,'340,Honduras,3044,FAO Model,21162,Share of agricultural employment in total AFS employment,1,Total,6121,Value,2011,2011,%,54.440000,E,Modelled using ISIC shares
95,'340,Honduras,3044,FAO Model,21162,Share of agricultural employment in total AFS employment,1,Total,6121,Value,2012,2012,%,57.290000,E,Modelled using ISIC shares
95,'340,Honduras,3044,FAO Model,21162,Share of agricultural employment in total AFS employment,1,Total,6121,Value,2013,2013,%,53.760000,E,Modelled using ISIC shares
95,'340,Honduras,3044,FAO Model,21162,Share of agricultural employment in total AFS employment,1,Total,6121,Value,2014,2014,%,46.750000,E,Modelled using ISIC shares
95,'340,Honduras,3044,FAO Model,21162,Share of agricultural employment in total AFS employment,1,Total,6121,Value,2015,2015,%,50.220000,E,Modelled using ISIC shares
95,'340,Honduras,3044,FAO Model,21162,Share of agricultural employment in total AFS employment,1,Total,6121,Value,2016,2016,%,48.640000,E,Modelled using ISIC shares
95,'340,Honduras,3044,FAO Model,21162,Share of agricultural employment in total AFS employment,1,Total,6121,Value,2017,2017,%,53.120000,E,Modelled using ISIC shares
95,'340,Honduras,3044,FAO Model,21162,Share of agricultural employment in total AFS employment,1,Total,6121,Value,2018,2018,%,52.050000,E,Modelled using ISIC shares
95,'340,Honduras,3044,FAO Model,21162,Share of agricultural employment in total AFS employment,1,Total,6121,Value,2019,2019,%,52.240000,E,Modelled using ISIC shares
95,'340,Honduras,3044,FAO Model,21162,Share of agricultural employment in total AFS employment,1,Total,6121,Value,2020,2020,%,50.650000,E,Modelled using ISIC shares
95,'340,Honduras,3044,FAO Model,21162,Share of agricultural employment in total AFS employment,1,Total,6121,Value,2021,2021,%,51.120000,E,Imputed using average of previous and next value
95,'340,Honduras,3044,FAO Model,21162,Share of agricultural employment in total AFS employment,1,Total,6121,Value,2022,2022,%,49.270000,E,Modelled using ISIC shares
95,'340,Honduras,3044,FAO Model,21162,Share of agricultural employment in total AFS employment,1,Total,6121,Value,2023,2023,%,51.420000,E,Modelled using ISIC shares
95,'340,Honduras,3044,FAO Model,21162,Share of agricultural employment in total AFS employment,2,Male,6121,Value,2000,2000,%,72.860000,E,Modelled FAO
95,'340,Honduras,3044,FAO Model,21162,Share of agricultural employment in total AFS employment,2,Male,6121,Value,2001,2001,%,72.970000,E,Modelled FAO
95,'340,Honduras,3044,FAO Model,21162,Share of agricultural employment in total AFS employment,2,Male,6121,Value,2002,2002,%,71.860000,E,Modelled FAO
95,'340,Honduras,3044,FAO Model,21162,Share of agricultural employment in total AFS employment,2,Male,6121,Value,2003,2003,%,71.560000,E,Modelled FAO
95,'340,Honduras,3044,FAO Model,21162,Share of agricultural employment in total AFS employment,2,Male,6121,Value,2004,2004,%,70.950000,E,Modelled FAO
95,'340,Honduras,3044,FAO Model,21162,Share of agricultural employment in total AFS employment,2,Male,6121,Value,2005,2005,%,67.690000,E,Modelled FAO
95,'340,Honduras,3044,FAO Model,21162,Share of agricultural employment in total AFS employment,2,Male,6121,Value,2006,2006,%,69.720000,E,Modelled FAO
95,'340,Honduras,3044,FAO Model,21162,Share of agricultural employment in total AFS employment,2,Male,6121,Value,2007,2007,%,68.660000,E,Modelled FAO
95,'340,Honduras,3044,FAO Model,21162,Share of agricultural employment in total AFS employment,2,Male,6121,Value,2008,2008,%,68.430000,E,Modelled FAO
95,'340,Honduras,3044,FAO Model,21162,Share of agricultural employment in total AFS employment,2,Male,6121,Value,2009,2009,%,70.180000,E,Modelled FAO
95,'340,Honduras,3044,FAO Model,21162,Share of agricultural employment in total AFS employment,2,Male,6121,Value,2010,2010,%,69.210000,E,Modelled FAO
95,'340,Honduras,3044,FAO Model,21162,Share of agricultural employment in total AFS employment,2,Male,6121,Value,2011,2011,%,68.830000,E,Modelled FAO
95,'340,Honduras,3044,FAO Model,21162,Share of agricultural employment in total AFS employment,2,Male,6121,Value,2012,2012,%,71.450000,E,Modelled FAO
95,'340,Honduras,3044,FAO Model,21162,Share of agricultural employment in total AFS employment,2,Male,6121,Value,2013,2013,%,68.450000,E,Modelled FAO
95,'340,Honduras,3044,FAO Model,21162,Share of agricultural employment in total AFS employment,2,Male,6121,Value,2014,2014,%,61.120000,E,Modelled FAO
95,'340,Honduras,3044,FAO Model,21162,Share of agricultural employment in total AFS employment,2,Male,6121,Value,2015,2015,%,66.330000,E,Modelled FAO
95,'340,Honduras,3044,FAO Model,21162,Share of agricultural employment in total AFS employment,2,Male,6121,Value,2016,2016,%,63.500000,E,Modelled FAO
95,'340,Honduras,3044,FAO Model,21162,Share of agricultural employment in total AFS employment,2,Male,6121,Value,2017,2017,%,69.860000,E,Modelled FAO
95,'340,Honduras,3044,FAO Model,21162,Share of agricultural employment in total AFS employment,2,Male,6121,Value,2018,2018,%,68.660000,E,Modelled FAO
95,'340,Honduras,3044,FAO Model,21162,Share of agricultural employment in total AFS employment,2,Male,6121,Value,2019,2019,%,67.640000,E,Modelled FAO
95,'340,Honduras,3044,FAO Model,21162,Share of agricultural employment in total AFS employment,2,Male,6121,Value,2020,2020,%,66.650000,E,Modelled FAO
95,'340,Honduras,3044,FAO Model,21162,Share of agricultural employment in total AFS employment,2,Male,6121,Value,2021,2021,%,66.160000,E,Interpolated
95,'340,Honduras,3044,FAO Model,21162,Share of agricultural employment in total AFS employment,2,Male,6121,Value,2022,2022,%,65.500000,E,Modelled FAO
95,'340,Honduras,3044,FAO Model,21162,Share of agricultural employment in total AFS employment,2,Male,6121,Value,2023,2023,%,67.300000,E,Modelled FAO
95,'340,Honduras,3044,FAO Model,21162,Share of agricultural employment in total AFS employment,3,Female,6121,Value,2000,2000,%,24.560000,E,Modelled FAO
95,'340,Honduras,3044,FAO Model,21162,Share of agricultural employment in total AFS employment,3,Female,6121,Value,2001,2001,%,22.140000,E,Modelled FAO
95,'340,Honduras,3044,FAO Model,21162,Share of agricultural employment in total AFS employment,3,Female,6121,Value,2002,2002,%,25.050000,E,Modelled FAO
95,'340,Honduras,3044,FAO Model,21162,Share of agricultural employment in total AFS employment,3,Female,6121,Value,2003,2003,%,24.330000,E,Modelled FAO
95,'340,Honduras,3044,FAO Model,21162,Share of agricultural employment in total AFS employment,3,Female,6121,Value,2004,2004,%,22.290000,E,Modelled FAO
95,'340,Honduras,3044,FAO Model,21162,Share of agricultural employment in total AFS employment,3,Female,6121,Value,2005,2005,%,20.170000,E,Modelled FAO
95,'340,Honduras,3044,FAO Model,21162,Share of agricultural employment in total AFS employment,3,Female,6121,Value,2006,2006,%,25.180000,E,Modelled FAO
95,'340,Honduras,3044,FAO Model,21162,Share of agricultural employment in total AFS employment,3,Female,6121,Value,2007,2007,%,22.490000,E,Modelled FAO
95,'340,Honduras,3044,FAO Model,21162,Share of agricultural employment in total AFS employment,3,Female,6121,Value,2008,2008,%,21.980000,E,Modelled FAO
95,'340,Honduras,3044,FAO Model,21162,Share of agricultural employment in total AFS employment,3,Female,6121,Value,2009,2009,%,23.470000,E,Modelled FAO
95,'340,Honduras,3044,FAO Model,21162,Share of agricultural employment in total AFS employment,3,Female,6121,Value,2010,2010,%,24.390000,E,Modelled FAO
95,'340,Honduras,3044,FAO Model,21162,Share of agricultural employment in total AFS employment,3,Female,6121,Value,2011,2011,%,20.040000,E,Modelled FAO
95,'340,Honduras,3044,FAO Model,21162,Share of agricultural employment in total AFS employment,3,Female,6121,Value,2012,2012,%,23.360000,E,Modelled FAO
95,'340,Honduras,3044,FAO Model,21162,Share of agricultural employment in total AFS employment,3,Female,6121,Value,2013,2013,%,21.260000,E,Modelled FAO
95,'340,Honduras,3044,FAO Model,21162,Share of agricultural employment in total AFS employment,3,Female,6121,Value,2014,2014,%,19.620000,E,Modelled FAO
95,'340,Honduras,3044,FAO Model,21162,Share of agricultural employment in total AFS employment,3,Female,6121,Value,2015,2015,%,18.480000,E,Modelled FAO
95,'340,Honduras,3044,FAO Model,21162,Share of agricultural employment in total AFS employment,3,Female,6121,Value,2016,2016,%,19.850000,E,Modelled FAO
95,'340,Honduras,3044,FAO Model,21162,Share of agricultural employment in total AFS employment,3,Female,6121,Value,2017,2017,%,20.590000,E,Modelled FAO
95,'340,Honduras,3044,FAO Model,21162,Share of agricultural employment in total AFS employment,3,Female,6121,Value,2018,2018,%,21.540000,E,Modelled FAO
95,'340,Honduras,3044,FAO Model,21162,Share of agricultural employment in total AFS employment,3,Female,6121,Value,2019,2019,%,17.730000,E,Modelled FAO
95,'340,Honduras,3044,FAO Model,21162,Share of agricultural employment in total AFS employment,3,Female,6121,Value,2020,2020,%,19.400000,E,Modelled FAO
95,'340,Honduras,3044,FAO Model,21162,Share of agricultural employment in total AFS employment,3,Female,6121,Value,2021,2021,%,21.650000,E,Interpolated
95,'340,Honduras,3044,FAO Model,21162,Share of agricultural employment in total AFS employment,3,Female,6121,Value,2022,2022,%,13.380000,E,Modelled FAO
95,'340,Honduras,3044,FAO Model,21162,Share of agricultural employment in total AFS employment,3,Female,6121,Value,2023,2023,%,13.670000,E,Modelled FAO
95,'340,Honduras,3044,FAO Model,21164,Share of non-agricultural AFS employment in total AFS employment,1,Total,6121,Value,2000,2000,%,40.940000,E,Modelled FAO
95,'340,Honduras,3044,FAO Model,21164,Share of non-agricultural AFS employment in total AFS employment,1,Total,6121,Value,2001,2001,%,41.160000,E,Modelled FAO
95,'340,Honduras,3044,FAO Model,21164,Share of non-agricultural AFS employment in total AFS employment,1,Total,6121,Value,2002,2002,%,41.640000,E,Modelled FAO
95,'340,Honduras,3044,FAO Model,21164,Share of non-agricultural AFS employment in total AFS employment,1,Total,6121,Value,2003,2003,%,42.180000,E,Modelled FAO
95,'340,Honduras,3044,FAO Model,21164,Share of non-agricultural AFS employment in total AFS employment,1,Total,6121,Value,2004,2004,%,42.890000,E,Modelled FAO
95,'340,Honduras,3044,FAO Model,21164,Share of non-agricultural AFS employment in total AFS employment,1,Total,6121,Value,2005,2005,%,46.470000,E,Modelled using ISIC shares
95,'340,Honduras,3044,FAO Model,21164,Share of non-agricultural AFS employment in total AFS employment,1,Total,6121,Value,2006,2006,%,43.170000,E,Modelled using ISIC shares
95,'340,Honduras,3044,FAO Model,21164,Share of non-agricultural AFS employment in total AFS employment,1,Total,6121,Value,2007,2007,%,44.600000,E,Modelled using ISIC shares
95,'340,Honduras,3044,FAO Model,21164,Share of non-agricultural AFS employment in total AFS employment,1,Total,6121,Value,2008,2008,%,45.660000,E,Modelled using ISIC shares
95,'340,Honduras,3044,FAO Model,21164,Share of non-agricultural AFS employment in total AFS employment,1,Total,6121,Value,2009,2009,%,44.550000,E,Modelled using ISIC shares
95,'340,Honduras,3044,FAO Model,21164,Share of non-agricultural AFS employment in total AFS employment,1,Total,6121,Value,2010,2010,%,45.110000,E,Modelled using ISIC shares
95,'340,Honduras,3044,FAO Model,21164,Share of non-agricultural AFS employment in total AFS employment,1,Total,6121,Value,2011,2011,%,45.560000,E,Modelled using ISIC shares
95,'340,Honduras,3044,FAO Model,21164,Share of non-agricultural AFS employment in total AFS employment,1,Total,6121,Value,2012,2012,%,42.710000,E,Modelled using ISIC shares
95,'340,Honduras,3044,FAO Model,21164,Share of non-agricultural AFS employment in total AFS employment,1,Total,6121,Value,2013,2013,%,46.240000,E,Modelled using ISIC shares
95,'340,Honduras,3044,FAO Model,21164,Share of non-agricultural AFS employment in total AFS employment,1,Total,6121,Value,2014,2014,%,53.250000,E,Modelled using ISIC shares
95,'340,Honduras,3044,FAO Model,21164,Share of non-agricultural AFS employment in total AFS employment,1,Total,6121,Value,2015,2015,%,49.780000,E,Modelled using ISIC shares
95,'340,Honduras,3044,FAO Model,21164,Share of non-agricultural AFS employment in total AFS employment,1,Total,6121,Value,2016,2016,%,51.360000,E,Modelled using ISIC shares
95,'340,Honduras,3044,FAO Model,21164,Share of non-agricultural AFS employment in total AFS employment,1,Total,6121,Value,2017,2017,%,46.880000,E,Modelled using ISIC shares
95,'340,Honduras,3044,FAO Model,21164,Share of non-agricultural AFS employment in total AFS employment,1,Total,6121,Value,2018,2018,%,47.950000,E,Modelled using ISIC shares
95,'340,Honduras,3044,FAO Model,21164,Share of non-agricultural AFS employment in total AFS employment,1,Total,6121,Value,2019,2019,%,47.760000,E,Modelled using ISIC shares
95,'340,Honduras,3044,FAO Model,21164,Share of non-agricultural AFS employment in total AFS employment,1,Total,6121,Value,2020,2020,%,49.350000,E,Modelled using ISIC shares
95,'340,Honduras,3044,FAO Model,21164,Share of non-agricultural AFS employment in total AFS employment,1,Total,6121,Value,2021,2021,%,48.880000,E,Imputed using average of previous and next value
95,'340,Honduras,3044,FAO Model,21164,Share of non-agricultural AFS employment in total AFS employment,1,Total,6121,Value,2022,2022,%,50.730000,E,Modelled using ISIC shares
95,'340,Honduras,3044,FAO Model,21164,Share of non-agricultural AFS employment in total AFS employment,1,Total,6121,Value,2023,2023,%,48.580000,E,Modelled using ISIC shares
95,'340,Honduras,3044,FAO Model,21164,Share of non-agricultural AFS employment in total AFS employment,2,Male,6121,Value,2000,2000,%,27.140000,E,Modelled FAO
95,'340,Honduras,3044,FAO Model,21164,Share of non-agricultural AFS employment in total AFS employment,2,Male,6121,Value,2001,2001,%,27.030000,E,Modelled FAO
95,'340,Honduras,3044,FAO Model,21164,Share of non-agricultural AFS employment in total AFS employment,2,Male,6121,Value,2002,2002,%,28.140000,E,Modelled FAO
95,'340,Honduras,3044,FAO Model,21164,Share of non-agricultural AFS employment in total AFS employment,2,Male,6121,Value,2003,2003,%,28.440000,E,Modelled FAO
95,'340,Honduras,3044,FAO Model,21164,Share of non-agricultural AFS employment in total AFS employment,2,Male,6121,Value,2004,2004,%,29.050000,E,Modelled FAO
95,'340,Honduras,3044,FAO Model,21164,Share of non-agricultural AFS employment in total AFS employment,2,Male,6121,Value,2005,2005,%,32.310000,E,Modelled FAO
95,'340,Honduras,3044,FAO Model,21164,Share of non-agricultural AFS employment in total AFS employment,2,Male,6121,Value,2006,2006,%,30.280000,E,Modelled FAO
95,'340,Honduras,3044,FAO Model,21164,Share of non-agricultural AFS employment in total AFS employment,2,Male,6121,Value,2007,2007,%,31.340000,E,Modelled FAO
95,'340,Honduras,3044,FAO Model,21164,Share of non-agricultural AFS employment in total AFS employment,2,Male,6121,Value,2008,2008,%,31.570000,E,Modelled FAO
95,'340,Honduras,3044,FAO Model,21164,Share of non-agricultural AFS employment in total AFS employment,2,Male,6121,Value,2009,2009,%,29.820000,E,Modelled FAO
95,'340,Honduras,3044,FAO Model,21164,Share of non-agricultural AFS employment in total AFS employment,2,Male,6121,Value,2010,2010,%,30.790000,E,Modelled FAO
95,'340,Honduras,3044,FAO Model,21164,Share of non-agricultural AFS employment in total AFS employment,2,Male,6121,Value,2011,2011,%,31.170000,E,Modelled FAO
95,'340,Honduras,3044,FAO Model,21164,Share of non-agricultural AFS employment in total AFS employment,2,Male,6121,Value,2012,2012,%,28.550000,E,Modelled FAO
95,'340,Honduras,3044,FAO Model,21164,Share of non-agricultural AFS employment in total AFS employment,2,Male,6121,Value,2013,2013,%,31.550000,E,Modelled FAO
95,'340,Honduras,3044,FAO Model,21164,Share of non-agricultural AFS employment in total AFS employment,2,Male,6121,Value,2014,2014,%,38.880000,E,Modelled FAO
95,'340,Honduras,3044,FAO Model,21164,Share of non-agricultural AFS employment in total AFS employment,2,Male,6121,Value,2015,2015,%,33.670000,E,Modelled FAO
95,'340,Honduras,3044,FAO Model,21164,Share of non-agricultural AFS employment in total AFS employment,2,Male,6121,Value,2016,2016,%,36.500000,E,Modelled FAO
95,'340,Honduras,3044,FAO Model,21164,Share of non-agricultural AFS employment in total AFS employment,2,Male,6121,Value,2017,2017,%,30.140000,E,Modelled FAO
95,'340,Honduras,3044,FAO Model,21164,Share of non-agricultural AFS employment in total AFS employment,2,Male,6121,Value,2018,2018,%,31.340000,E,Modelled FAO
95,'340,Honduras,3044,FAO Model,21164,Share of non-agricultural AFS employment in total AFS employment,2,Male,6121,Value,2019,2019,%,32.360000,E,Modelled FAO
95,'340,Honduras,3044,FAO Model,21164,Share of non-agricultural AFS employment in total AFS employment,2,Male,6121,Value,2020,2020,%,33.350000,E,Modelled FAO
95,'340,Honduras,3044,FAO Model,21164,Share of non-agricultural AFS employment in total AFS employment,2,Male,6121,Value,2021,2021,%,33.840000,E,Interpolated
95,'340,Honduras,3044,FAO Model,21164,Share of non-agricultural AFS employment in total AFS employment,2,Male,6121,Value,2022,2022,%,34.500000,E,Modelled FAO
95,'340,Honduras,3044,FAO Model,21164,Share of non-agricultural AFS employment in total AFS employment,2,Male,6121,Value,2023,2023,%,32.700000,E,Modelled FAO
95,'340,Honduras,3044,FAO Model,21164,Share of non-agricultural AFS employment in total AFS employment,3,Female,6121,Value,2000,2000,%,75.440000,E,Modelled FAO
95,'340,Honduras,3044,FAO Model,21164,Share of non-agricultural AFS employment in total AFS employment,3,Female,6121,Value,2001,2001,%,77.860000,E,Modelled FAO
95,'340,Honduras,3044,FAO Model,21164,Share of non-agricultural AFS employment in total AFS employment,3,Female,6121,Value,2002,2002,%,74.950000,E,Modelled FAO
95,'340,Honduras,3044,FAO Model,21164,Share of non-agricultural AFS employment in total AFS employment,3,Female,6121,Value,2003,2003,%,75.670000,E,Modelled FAO
95,'340,Honduras,3044,FAO Model,21164,Share of non-agricultural AFS employment in total AFS employment,3,Female,6121,Value,2004,2004,%,77.710000,E,Modelled FAO
95,'340,Honduras,3044,FAO Model,21164,Share of non-agricultural AFS employment in total AFS employment,3,Female,6121,Value,2005,2005,%,79.830000,E,Modelled FAO
95,'340,Honduras,3044,FAO Model,21164,Share of non-agricultural AFS employment in total AFS employment,3,Female,6121,Value,2006,2006,%,74.820000,E,Modelled FAO
95,'340,Honduras,3044,FAO Model,21164,Share of non-agricultural AFS employment in total AFS employment,3,Female,6121,Value,2007,2007,%,77.510000,E,Modelled FAO
95,'340,Honduras,3044,FAO Model,21164,Share of non-agricultural AFS employment in total AFS employment,3,Female,6121,Value,2008,2008,%,78.020000,E,Modelled FAO
95,'340,Honduras,3044,FAO Model,21164,Share of non-agricultural AFS employment in total AFS employment,3,Female,6121,Value,2009,2009,%,76.530000,E,Modelled FAO
95,'340,Honduras,3044,FAO Model,21164,Share of non-agricultural AFS employment in total AFS employment,3,Female,6121,Value,2010,2010,%,75.610000,E,Modelled FAO
95,'340,Honduras,3044,FAO Model,21164,Share of non-agricultural AFS employment in total AFS employment,3,Female,6121,Value,2011,2011,%,79.960000,E,Modelled FAO
95,'340,Honduras,3044,FAO Model,21164,Share of non-agricultural AFS employment in total AFS employment,3,Female,6121,Value,2012,2012,%,76.640000,E,Modelled FAO
95,'340,Honduras,3044,FAO Model,21164,Share of non-agricultural AFS employment in total AFS employment,3,Female,6121,Value,2013,2013,%,78.740000,E,Modelled FAO
95,'340,Honduras,3044,FAO Model,21164,Share of non-agricultural AFS employment in total AFS employment,3,Female,6121,Value,2014,2014,%,80.380000,E,Modelled FAO
95,'340,Honduras,3044,FAO Model,21164,Share of non-agricultural AFS employment in total AFS employment,3,Female,6121,Value,2015,2015,%,81.520000,E,Modelled FAO
95,'340,Honduras,3044,FAO Model,21164,Share of non-agricultural AFS employment in total AFS employment,3,Female,6121,Value,2016,2016,%,80.150000,E,Modelled FAO
95,'340,Honduras,3044,FAO Model,21164,Share of non-agricultural AFS employment in total AFS employment,3,Female,6121,Value,2017,2017,%,79.410000,E,Modelled FAO
95,'340,Honduras,3044,FAO Model,21164,Share of non-agricultural AFS employment in total AFS employment,3,Female,6121,Value,2018,2018,%,78.460000,E,Modelled FAO
95,'340,Honduras,3044,FAO Model,21164,Share of non-agricultural AFS employment in total AFS employment,3,Female,6121,Value,2019,2019,%,82.270000,E,Modelled FAO
95,'340,Honduras,3044,FAO Model,21164,Share of non-agricultural AFS employment in total AFS employment,3,Female,6121,Value,2020,2020,%,80.600000,E,Modelled FAO
95,'340,Honduras,3044,FAO Model,21164,Share of non-agricultural AFS employment in total AFS employment,3,Female,6121,Value,2021,2021,%,78.350000,E,Interpolated
95,'340,Honduras,3044,FAO Model,21164,Share of non-agricultural AFS employment in total AFS employment,3,Female,6121,Value,2022,2022,%,86.620000,E,Modelled FAO
95,'340,Honduras,3044,FAO Model,21164,Share of non-agricultural AFS employment in total AFS employment,3,Female,6121,Value,2023,2023,%,86.330000,E,Modelled FAO
95,'340,Honduras,3044,FAO Model,21167,Share of non-agricultural AFS employment in total employment,1,Total,6121,Value,2000,2000,%,18.490000,E,Modelled FAO
95,'340,Honduras,3044,FAO Model,21167,Share of non-agricultural AFS employment in total employment,1,Total,6121,Value,2001,2001,%,19.310000,E,Modelled FAO
95,'340,Honduras,3044,FAO Model,21167,Share of non-agricultural AFS employment in total employment,1,Total,6121,Value,2002,2002,%,20.950000,E,Modelled FAO
95,'340,Honduras,3044,FAO Model,21167,Share of non-agricultural AFS employment in total employment,1,Total,6121,Value,2003,2003,%,20.400000,E,Modelled FAO
95,'340,Honduras,3044,FAO Model,21167,Share of non-agricultural AFS employment in total employment,1,Total,6121,Value,2004,2004,%,19.350000,E,Modelled FAO
95,'340,Honduras,3044,FAO Model,21167,Share of non-agricultural AFS employment in total employment,1,Total,6121,Value,2005,2005,%,23.890000,E,Modelled using ISIC shares
95,'340,Honduras,3044,FAO Model,21167,Share of non-agricultural AFS employment in total employment,1,Total,6121,Value,2006,2006,%,22.890000,E,Modelled using ISIC shares
95,'340,Honduras,3044,FAO Model,21167,Share of non-agricultural AFS employment in total employment,1,Total,6121,Value,2007,2007,%,22.880000,E,Modelled using ISIC shares
95,'340,Honduras,3044,FAO Model,21167,Share of non-agricultural AFS employment in total employment,1,Total,6121,Value,2008,2008,%,23.800000,E,Modelled using ISIC shares
95,'340,Honduras,3044,FAO Model,21167,Share of non-agricultural AFS employment in total employment,1,Total,6121,Value,2009,2009,%,23.770000,E,Modelled using ISIC shares
95,'340,Honduras,3044,FAO Model,21167,Share of non-agricultural AFS employment in total employment,1,Total,6121,Value,2010,2010,%,25.080000,E,Modelled using ISIC shares
95,'340,Honduras,3044,FAO Model,21167,Share of non-agricultural AFS employment in total employment,1,Total,6121,Value,2011,2011,%,24.560000,E,Modelled using ISIC shares
95,'340,Honduras,3044,FAO Model,21167,Share of non-agricultural AFS employment in total employment,1,Total,6121,Value,2012,2012,%,23.230000,E,Modelled using ISIC shares
95,'340,Honduras,3044,FAO Model,21167,Share of non-agricultural AFS employment in total employment,1,Total,6121,Value,2013,2013,%,24.590000,E,Modelled using ISIC shares
95,'340,Honduras,3044,FAO Model,21167,Share of non-agricultural AFS employment in total employment,1,Total,6121,Value,2014,2014,%,26.050000,E,Modelled using ISIC shares
95,'340,Honduras,3044,FAO Model,21167,Share of non-agricultural AFS employment in total employment,1,Total,6121,Value,2015,2015,%,22.600000,E,Modelled using ISIC shares
95,'340,Honduras,3044,FAO Model,21167,Share of non-agricultural AFS employment in total employment,1,Total,6121,Value,2016,2016,%,22.690000,E,Modelled using ISIC shares
95,'340,Honduras,3044,FAO Model,21167,Share of non-agricultural AFS employment in total employment,1,Total,6121,Value,2017,2017,%,22.980000,E,Modelled using ISIC shares
95,'340,Honduras,3044,FAO Model,21167,Share of non-agricultural AFS employment in total employment,1,Total,6121,Value,2018,2018,%,23.350000,E,Modelled using ISIC shares
95,'340,Honduras,3044,FAO Model,21167,Share of non-agricultural AFS employment in total employment,1,Total,6121,Value,2019,2019,%,22.130000,E,Modelled using ISIC shares
95,'340,Honduras,3044,FAO Model,21167,Share of non-agricultural AFS employment in total employment,1,Total,6121,Value,2020,2020,%,22.930000,E,Modelled using ISIC shares
95,'340,Honduras,3044,FAO Model,21167,Share of non-agricultural AFS employment in total employment,1,Total,6121,Value,2021,2021,%,22.430000,E,Imputed using average of previous and next value
95,'340,Honduras,3044,FAO Model,21167,Share of non-agricultural AFS employment in total employment,1,Total,6121,Value,2022,2022,%,22.100000,E,Modelled using ISIC shares
95,'340,Honduras,3044,FAO Model,21167,Share of non-agricultural AFS employment in total employment,1,Total,6121,Value,2023,2023,%,21.710000,E,Modelled using ISIC shares
95,'340,Honduras,3044,FAO Model,21167,Share of non-agricultural AFS employment in total employment,2,Male,6121,Value,2000,2000,%,13.220000,E,Modelled FAO
95,'340,Honduras,3044,FAO Model,21167,Share of non-agricultural AFS employment in total employment,2,Male,6121,Value,2001,2001,%,13.800000,E,Modelled FAO
95,'340,Honduras,3044,FAO Model,21167,Share of non-agricultural AFS employment in total employment,2,Male,6121,Value,2002,2002,%,15.130000,E,Modelled FAO
95,'340,Honduras,3044,FAO Model,21167,Share of non-agricultural AFS employment in total employment,2,Male,6121,Value,2003,2003,%,14.610000,E,Modelled FAO
95,'340,Honduras,3044,FAO Model,21167,Share of non-agricultural AFS employment in total employment,2,Male,6121,Value,2004,2004,%,13.950000,E,Modelled FAO
95,'340,Honduras,3044,FAO Model,21167,Share of non-agricultural AFS employment in total employment,2,Male,6121,Value,2005,2005,%,16.820000,E,Modelled FAO
95,'340,Honduras,3044,FAO Model,21167,Share of non-agricultural AFS employment in total employment,2,Male,6121,Value,2006,2006,%,16.240000,E,Modelled FAO
95,'340,Honduras,3044,FAO Model,21167,Share of non-agricultural AFS employment in total employment,2,Male,6121,Value,2007,2007,%,16.190000,E,Modelled FAO
95,'340,Honduras,3044,FAO Model,21167,Share of non-agricultural AFS employment in total employment,2,Male,6121,Value,2008,2008,%,16.480000,E,Modelled FAO
95,'340,Honduras,3044,FAO Model,21167,Share of non-agricultural AFS employment in total employment,2,Male,6121,Value,2009,2009,%,15.730000,E,Modelled FAO
95,'340,Honduras,3044,FAO Model,21167,Share of non-agricultural AFS employment in total employment,2,Male,6121,Value,2010,2010,%,17.030000,E,Modelled FAO
95,'340,Honduras,3044,FAO Model,21167,Share of non-agricultural AFS employment in total employment,2,Male,6121,Value,2011,2011,%,16.990000,E,Modelled FAO
95,'340,Honduras,3044,FAO Model,21167,Share of non-agricultural AFS employment in total employment,2,Male,6121,Value,2012,2012,%,15.650000,E,Modelled FAO
95,'340,Honduras,3044,FAO Model,21167,Share of non-agricultural AFS employment in total employment,2,Male,6121,Value,2013,2013,%,16.720000,E,Modelled FAO
95,'340,Honduras,3044,FAO Model,21167,Share of non-agricultural AFS employment in total employment,2,Male,6121,Value,2014,2014,%,18.400000,E,Modelled FAO
95,'340,Honduras,3044,FAO Model,21167,Share of non-agricultural AFS employment in total employment,2,Male,6121,Value,2015,2015,%,15.000000,E,Modelled FAO
95,'340,Honduras,3044,FAO Model,21167,Share of non-agricultural AFS employment in total employment,2,Male,6121,Value,2016,2016,%,15.630000,E,Modelled FAO
95,'340,Honduras,3044,FAO Model,21167,Share of non-agricultural AFS employment in total employment,2,Male,6121,Value,2017,2017,%,14.430000,E,Modelled FAO
95,'340,Honduras,3044,FAO Model,21167,Share of non-agricultural AFS employment in total employment,2,Male,6121,Value,2018,2018,%,14.940000,E,Modelled FAO
95,'340,Honduras,3044,FAO Model,21167,Share of non-agricultural AFS employment in total employment,2,Male,6121,Value,2019,2019,%,14.950000,E,Modelled FAO
95,'340,Honduras,3044,FAO Model,21167,Share of non-agricultural AFS employment in total employment,2,Male,6121,Value,2020,2020,%,15.320000,E,Modelled FAO
95,'340,Honduras,3044,FAO Model,21167,Share of non-agricultural AFS employment in total employment,2,Male,6121,Value,2021,2021,%,21.370000,E,Interpolated
95,'340,Honduras,3044,FAO Model,21167,Share of non-agricultural AFS employment in total employment,2,Male,6121,Value,2022,2022,%,14.670000,E,Modelled FAO
95,'340,Honduras,3044,FAO Model,21167,Share of non-agricultural AFS employment in total employment,2,Male,6121,Value,2023,2023,%,14.260000,E,Modelled FAO
95,'340,Honduras,3044,FAO Model,21167,Share of non-agricultural AFS employment in total employment,3,Female,6121,Value,2000,2000,%,28.850000,E,Modelled FAO
95,'340,Honduras,3044,FAO Model,21167,Share of non-agricultural AFS employment in total employment,3,Female,6121,Value,2001,2001,%,30.150000,E,Modelled FAO
95,'340,Honduras,3044,FAO Model,21167,Share of non-agricultural AFS employment in total employment,3,Female,6121,Value,2002,2002,%,32.570000,E,Modelled FAO
95,'340,Honduras,3044,FAO Model,21167,Share of non-agricultural AFS employment in total employment,3,Female,6121,Value,2003,2003,%,32.080000,E,Modelled FAO
95,'340,Honduras,3044,FAO Model,21167,Share of non-agricultural AFS employment in total employment,3,Female,6121,Value,2004,2004,%,30.430000,E,Modelled FAO
95,'340,Honduras,3044,FAO Model,21167,Share of non-agricultural AFS employment in total employment,3,Female,6121,Value,2005,2005,%,39.890000,E,Modelled FAO
95,'340,Honduras,3044,FAO Model,21167,Share of non-agricultural AFS employment in total employment,3,Female,6121,Value,2006,2006,%,38.570000,E,Modelled FAO
95,'340,Honduras,3044,FAO Model,21167,Share of non-agricultural AFS employment in total employment,3,Female,6121,Value,2007,2007,%,39.110000,E,Modelled FAO
95,'340,Honduras,3044,FAO Model,21167,Share of non-agricultural AFS employment in total employment,3,Female,6121,Value,2008,2008,%,40.570000,E,Modelled FAO
95,'340,Honduras,3044,FAO Model,21167,Share of non-agricultural AFS employment in total employment,3,Female,6121,Value,2009,2009,%,41.840000,E,Modelled FAO
95,'340,Honduras,3044,FAO Model,21167,Share of non-agricultural AFS employment in total employment,3,Female,6121,Value,2010,2010,%,42.490000,E,Modelled FAO
95,'340,Honduras,3044,FAO Model,21167,Share of non-agricultural AFS employment in total employment,3,Female,6121,Value,2011,2011,%,42.030000,E,Modelled FAO
95,'340,Honduras,3044,FAO Model,21167,Share of non-agricultural AFS employment in total employment,3,Female,6121,Value,2012,2012,%,40.910000,E,Modelled FAO
95,'340,Honduras,3044,FAO Model,21167,Share of non-agricultural AFS employment in total employment,3,Female,6121,Value,2013,2013,%,42.180000,E,Modelled FAO
95,'340,Honduras,3044,FAO Model,21167,Share of non-agricultural AFS employment in total employment,3,Female,6121,Value,2014,2014,%,41.980000,E,Modelled FAO
95,'340,Honduras,3044,FAO Model,21167,Share of non-agricultural AFS employment in total employment,3,Female,6121,Value,2015,2015,%,38.440000,E,Modelled FAO
95,'340,Honduras,3044,FAO Model,21167,Share of non-agricultural AFS employment in total employment,3,Female,6121,Value,2016,2016,%,37.710000,E,Modelled FAO
95,'340,Honduras,3044,FAO Model,21167,Share of non-agricultural AFS employment in total employment,3,Female,6121,Value,2017,2017,%,40.830000,E,Modelled FAO
95,'340,Honduras,3044,FAO Model,21167,Share of non-agricultural AFS employment in total employment,3,Female,6121,Value,2018,2018,%,39.830000,E,Modelled FAO
95,'340,Honduras,3044,FAO Model,21167,Share of non-agricultural AFS employment in total employment,3,Female,6121,Value,2019,2019,%,38.380000,E,Modelled FAO
95,'340,Honduras,3044,FAO Model,21167,Share of non-agricultural AFS employment in total employment,3,Female,6121,Value,2020,2020,%,38.290000,E,Modelled FAO
95,'340,Honduras,3044,FAO Model,21167,Share of non-agricultural AFS employment in total employment,3,Female,6121,Value,2021,2021,%,23.420000,E,Interpolated
95,'340,Honduras,3044,FAO Model,21167,Share of non-agricultural AFS employment in total employment,3,Female,6121,Value,2022,2022,%,39.920000,E,Modelled FAO
95,'340,Honduras,3044,FAO Model,21167,Share of non-agricultural AFS employment in total employment,3,Female,6121,Value,2023,2023,%,41.010000,E,Modelled FAO
95,'340,Honduras,3044,FAO Model,21168,Share of females in total AFS employment,3,Female,6121,Value,2000,2000,%,28.570000,E,Modelled FAO
95,'340,Honduras,3044,FAO Model,21168,Share of females in total AFS employment,3,Female,6121,Value,2001,2001,%,27.810000,E,Modelled FAO
95,'340,Honduras,3044,FAO Model,21168,Share of females in total AFS employment,3,Female,6121,Value,2002,2002,%,28.840000,E,Modelled FAO
95,'340,Honduras,3044,FAO Model,21168,Share of females in total AFS employment,3,Female,6121,Value,2003,2003,%,29.080000,E,Modelled FAO
95,'340,Honduras,3044,FAO Model,21168,Share of females in total AFS employment,3,Female,6121,Value,2004,2004,%,28.440000,E,Modelled FAO
95,'340,Honduras,3044,FAO Model,21168,Share of females in total AFS employment,3,Female,6121,Value,2005,2005,%,29.800000,E,Modelled FAO
95,'340,Honduras,3044,FAO Model,21168,Share of females in total AFS employment,3,Female,6121,Value,2006,2006,%,28.950000,E,Modelled FAO
95,'340,Honduras,3044,FAO Model,21168,Share of females in total AFS employment,3,Female,6121,Value,2007,2007,%,28.730000,E,Modelled FAO
95,'340,Honduras,3044,FAO Model,21168,Share of females in total AFS employment,3,Female,6121,Value,2008,2008,%,30.330000,E,Modelled FAO
95,'340,Honduras,3044,FAO Model,21168,Share of females in total AFS employment,3,Female,6121,Value,2009,2009,%,31.530000,E,Modelled FAO
95,'340,Honduras,3044,FAO Model,21168,Share of females in total AFS employment,3,Female,6121,Value,2010,2010,%,31.960000,E,Modelled FAO
95,'340,Honduras,3044,FAO Model,21168,Share of females in total AFS employment,3,Female,6121,Value,2011,2011,%,29.490000,E,Modelled FAO
95,'340,Honduras,3044,FAO Model,21168,Share of females in total AFS employment,3,Female,6121,Value,2012,2012,%,29.450000,E,Modelled FAO
95,'340,Honduras,3044,FAO Model,21168,Share of females in total AFS employment,3,Female,6121,Value,2013,2013,%,31.130000,E,Modelled FAO
95,'340,Honduras,3044,FAO Model,21168,Share of females in total AFS employment,3,Female,6121,Value,2014,2014,%,34.630000,E,Modelled FAO
95,'340,Honduras,3044,FAO Model,21168,Share of females in total AFS employment,3,Female,6121,Value,2015,2015,%,33.670000,E,Modelled FAO
95,'340,Honduras,3044,FAO Model,21168,Share of females in total AFS employment,3,Female,6121,Value,2016,2016,%,34.050000,E,Modelled FAO
95,'340,Honduras,3044,FAO Model,21168,Share of females in total AFS employment,3,Female,6121,Value,2017,2017,%,33.970000,E,Modelled FAO
95,'340,Honduras,3044,FAO Model,21168,Share of females in total AFS employment,3,Female,6121,Value,2018,2018,%,35.250000,E,Modelled FAO
95,'340,Honduras,3044,FAO Model,21168,Share of females in total AFS employment,3,Female,6121,Value,2019,2019,%,30.860000,E,Modelled FAO
95,'340,Honduras,3044,FAO Model,21168,Share of females in total AFS employment,3,Female,6121,Value,2020,2020,%,33.860000,E,Modelled FAO
95,'340,Honduras,3044,FAO Model,21168,Share of females in total AFS employment,3,Female,6121,Value,2021,2021,%,33.800000,E,Interpolated
95,'340,Honduras,3044,FAO Model,21168,Share of females in total AFS employment,3,Female,6121,Value,2022,2022,%,31.150000,E,Modelled FAO
95,'340,Honduras,3044,FAO Model,21168,Share of females in total AFS employment,3,Female,6121,Value,2023,2023,%,29.600000,E,Modelled FAO
95,'340,Honduras,3044,FAO Model,21169,Share of females in non-agricultural AFS employment,3,Female,6121,Value,2000,2000,%,52.650000,E,Modelled FAO
95,'340,Honduras,3044,FAO Model,21169,Share of females in non-agricultural AFS employment,3,Female,6121,Value,2001,2001,%,52.610000,E,Modelled FAO
95,'340,Honduras,3044,FAO Model,21169,Share of females in non-agricultural AFS employment,3,Female,6121,Value,2002,2002,%,51.900000,E,Modelled FAO
95,'340,Honduras,3044,FAO Model,21169,Share of females in non-agricultural AFS employment,3,Female,6121,Value,2003,2003,%,52.170000,E,Modelled FAO
95,'340,Honduras,3044,FAO Model,21169,Share of females in non-agricultural AFS employment,3,Female,6121,Value,2004,2004,%,51.530000,E,Modelled FAO
95,'340,Honduras,3044,FAO Model,21169,Share of females in non-agricultural AFS employment,3,Female,6121,Value,2005,2005,%,51.190000,E,Modelled FAO
95,'340,Honduras,3044,FAO Model,21169,Share of females in non-agricultural AFS employment,3,Female,6121,Value,2006,2006,%,50.160000,E,Modelled FAO
95,'340,Honduras,3044,FAO Model,21169,Share of females in non-agricultural AFS employment,3,Female,6121,Value,2007,2007,%,49.930000,E,Modelled FAO
95,'340,Honduras,3044,FAO Model,21169,Share of females in non-agricultural AFS employment,3,Female,6121,Value,2008,2008,%,51.830000,E,Modelled FAO
95,'340,Honduras,3044,FAO Model,21169,Share of females in non-agricultural AFS employment,3,Female,6121,Value,2009,2009,%,54.170000,E,Modelled FAO
95,'340,Honduras,3044,FAO Model,21169,Share of females in non-agricultural AFS employment,3,Female,6121,Value,2010,2010,%,53.560000,E,Modelled FAO
95,'340,Honduras,3044,FAO Model,21169,Share of females in non-agricultural AFS employment,3,Female,6121,Value,2011,2011,%,51.770000,E,Modelled FAO
95,'340,Honduras,3044,FAO Model,21169,Share of females in non-agricultural AFS employment,3,Female,6121,Value,2012,2012,%,52.850000,E,Modelled FAO
95,'340,Honduras,3044,FAO Model,21169,Share of females in non-agricultural AFS employment,3,Female,6121,Value,2013,2013,%,53.010000,E,Modelled FAO
95,'340,Honduras,3044,FAO Model,21169,Share of females in non-agricultural AFS employment,3,Female,6121,Value,2014,2014,%,52.270000,E,Modelled FAO
95,'340,Honduras,3044,FAO Model,21169,Share of females in non-agricultural AFS employment,3,Female,6121,Value,2015,2015,%,55.140000,E,Modelled FAO
95,'340,Honduras,3044,FAO Model,21169,Share of females in non-agricultural AFS employment,3,Female,6121,Value,2016,2016,%,53.130000,E,Modelled FAO
95,'340,Honduras,3044,FAO Model,21169,Share of females in non-agricultural AFS employment,3,Female,6121,Value,2017,2017,%,57.540000,E,Modelled FAO
95,'340,Honduras,3044,FAO Model,21169,Share of females in non-agricultural AFS employment,3,Female,6121,Value,2018,2018,%,57.680000,E,Modelled FAO
95,'340,Honduras,3044,FAO Model,21169,Share of females in non-agricultural AFS employment,3,Female,6121,Value,2019,2019,%,53.150000,E,Modelled FAO
95,'340,Honduras,3044,FAO Model,21169,Share of females in non-agricultural AFS employment,3,Female,6121,Value,2020,2020,%,55.300000,E,Modelled FAO
95,'340,Honduras,3044,FAO Model,21169,Share of females in non-agricultural AFS employment,3,Female,6121,Value,2021,2021,%,54.180000,E,Interpolated
95,'340,Honduras,3044,FAO Model,21169,Share of females in non-agricultural AFS employment,3,Female,6121,Value,2022,2022,%,53.180000,E,Modelled FAO
95,'340,Honduras,3044,FAO Model,21169,Share of females in non-agricultural AFS employment,3,Female,6121,Value,2023,2023,%,52.610000,E,Modelled FAO
95,'340,Honduras,3043,ILO - ILO Modelled Estimates,21144,Employment in agriculture - ILO modelled estimates,1,Total,6199,Value,1991,1991,1000 No,495.540000,X,
95,'340,Honduras,3043,ILO - ILO Modelled Estimates,21144,Employment in agriculture - ILO modelled estimates,1,Total,6199,Value,1992,1992,1000 No,523.060000,X,
95,'340,Honduras,3043,ILO - ILO Modelled Estimates,21144,Employment in agriculture - ILO modelled estimates,1,Total,6199,Value,1993,1993,1000 No,529.980000,X,
95,'340,Honduras,3043,ILO - ILO Modelled Estimates,21144,Employment in agriculture - ILO modelled estimates,1,Total,6199,Value,1994,1994,1000 No,540.280000,X,
95,'340,Honduras,3043,ILO - ILO Modelled Estimates,21144,Employment in agriculture - ILO modelled estimates,1,Total,6199,Value,1995,1995,1000 No,560.760000,X,
95,'340,Honduras,3043,ILO - ILO Modelled Estimates,21144,Employment in agriculture - ILO modelled estimates,1,Total,6199,Value,1996,1996,1000 No,590.990000,X,
95,'340,Honduras,3043,ILO - ILO Modelled Estimates,21144,Employment in agriculture - ILO modelled estimates,1,Total,6199,Value,1997,1997,1000 No,593.450000,X,
95,'340,Honduras,3043,ILO - ILO Modelled Estimates,21144,Employment in agriculture - ILO modelled estimates,1,Total,6199,Value,1998,1998,1000 No,562.720000,X,
95,'340,Honduras,3043,ILO - ILO Modelled Estimates,21144,Employment in agriculture - ILO modelled estimates,1,Total,6199,Value,1999,1999,1000 No,591.550000,X,
95,'340,Honduras,3043,ILO - ILO Modelled Estimates,21144,Employment in agriculture - ILO modelled estimates,1,Total,6199,Value,2000,2000,1000 No,617.990000,X,
95,'340,Honduras,3043,ILO - ILO Modelled Estimates,21144,Employment in agriculture - ILO modelled estimates,1,Total,6199,Value,2001,2001,1000 No,654.460000,X,
95,'340,Honduras,3043,ILO - ILO Modelled Estimates,21144,Employment in agriculture - ILO modelled estimates,1,Total,6199,Value,2002,2002,1000 No,713.890000,X,
95,'340,Honduras,3043,ILO - ILO Modelled Estimates,21144,Employment in agriculture - ILO modelled estimates,1,Total,6199,Value,2003,2003,1000 No,687.550000,X,
95,'340,Honduras,3043,ILO - ILO Modelled Estimates,21144,Employment in agriculture - ILO modelled estimates,1,Total,6199,Value,2004,2004,1000 No,644.240000,X,
95,'340,Honduras,3043,ILO - ILO Modelled Estimates,21144,Employment in agriculture - ILO modelled estimates,1,Total,6199,Value,2005,2005,1000 No,658.350000,X,
95,'340,Honduras,3043,ILO - ILO Modelled Estimates,21144,Employment in agriculture - ILO modelled estimates,1,Total,6199,Value,2006,2006,1000 No,730.800000,X,
95,'340,Honduras,3043,ILO - ILO Modelled Estimates,21144,Employment in agriculture - ILO modelled estimates,1,Total,6199,Value,2007,2007,1000 No,706.370000,X,
95,'340,Honduras,3043,ILO - ILO Modelled Estimates,21144,Employment in agriculture - ILO modelled estimates,1,Total,6199,Value,2008,2008,1000 No,729.370000,X,
95,'340,Honduras,3043,ILO - ILO Modelled Estimates,21144,Employment in agriculture - ILO modelled estimates,1,Total,6199,Value,2009,2009,1000 No,801.840000,X,
95,'340,Honduras,3043,ILO - ILO Modelled Estimates,21144,Employment in agriculture - ILO modelled estimates,1,Total,6199,Value,2010,2010,1000 No,862.140000,X,
95,'340,Honduras,3043,ILO - ILO Modelled Estimates,21144,Employment in agriculture - ILO modelled estimates,1,Total,6199,Value,2011,2011,1000 No,820.020000,X,
95,'340,Honduras,3043,ILO - ILO Modelled Estimates,21144,Employment in agriculture - ILO modelled estimates,1,Total,6199,Value,2012,2012,1000 No,882.570000,X,
95,'340,Honduras,3043,ILO - ILO Modelled Estimates,21144,Employment in agriculture - ILO modelled estimates,1,Total,6199,Value,2013,2013,1000 No,879.750000,X,
95,'340,Honduras,3043,ILO - ILO Modelled Estimates,21144,Employment in agriculture - ILO modelled estimates,1,Total,6199,Value,2014,2014,1000 No,735.240000,X,
95,'340,Honduras,3043,ILO - ILO Modelled Estimates,21144,Employment in agriculture - ILO modelled estimates,1,Total,6199,Value,2015,2015,1000 No,761.260000,X,
95,'340,Honduras,3043,ILO - ILO Modelled Estimates,21144,Employment in agriculture - ILO modelled estimates,1,Total,6199,Value,2016,2016,1000 No,726.400000,X,
95,'340,Honduras,3043,ILO - ILO Modelled Estimates,21144,Employment in agriculture - ILO modelled estimates,1,Total,6199,Value,2017,2017,1000 No,925.600000,X,
95,'340,Honduras,3043,ILO - ILO Modelled Estimates,21144,Employment in agriculture - ILO modelled estimates,1,Total,6199,Value,2018,2018,1000 No,964.190000,X,
95,'340,Honduras,3043,ILO - ILO Modelled Estimates,21144,Employment in agriculture - ILO modelled estimates,1,Total,6199,Value,2019,2019,1000 No,898.750000,X,
95,'340,Honduras,3043,ILO - ILO Modelled Estimates,21144,Employment in agriculture - ILO modelled estimates,1,Total,6199,Value,2020,2020,1000 No,856.790000,X,
95,'340,Honduras,3043,ILO - ILO Modelled Estimates,21144,Employment in agriculture - ILO modelled estimates,1,Total,6199,Value,2021,2021,1000 No,888.760000,X,
95,'340,Honduras,3043,ILO - ILO Modelled Estimates,21144,Employment in agriculture - ILO modelled estimates,1,Total,6199,Value,2022,2022,1000 No,824.330000,X,
95,'340,Honduras,3043,ILO - ILO Modelled Estimates,21144,Employment in agriculture - ILO modelled estimates,1,Total,6199,Value,2023,2023,1000 No,895.660000,X,
95,'340,Honduras,3043,ILO - ILO Modelled Estimates,21144,Employment in agriculture - ILO modelled estimates,1,Total,6199,Value,2024,2024,1000 No,914.590000,X,
95,'340,Honduras,3043,ILO - ILO Modelled Estimates,21144,Employment in agriculture - ILO modelled estimates,1,Total,6199,Value,2025,2025,1000 No,925.470000,X,
95,'340,Honduras,3043,ILO - ILO Modelled Estimates,21144,Employment in agriculture - ILO modelled estimates,2,Male,6199,Value,1991,1991,1000 No,449.280000,X,
95,'340,Honduras,3043,ILO - ILO Modelled Estimates,21144,Employment in agriculture - ILO modelled estimates,2,Male,6199,Value,1992,1992,1000 No,473.150000,X,
95,'340,Honduras,3043,ILO - ILO Modelled Estimates,21144,Employment in agriculture - ILO modelled estimates,2,Male,6199,Value,1993,1993,1000 No,478.420000,X,
95,'340,Honduras,3043,ILO - ILO Modelled Estimates,21144,Employment in agriculture - ILO modelled estimates,2,Male,6199,Value,1994,1994,1000 No,487.730000,X,
95,'340,Honduras,3043,ILO - ILO Modelled Estimates,21144,Employment in agriculture - ILO modelled estimates,2,Male,6199,Value,1995,1995,1000 No,501.070000,X,
95,'340,Honduras,3043,ILO - ILO Modelled Estimates,21144,Employment in agriculture - ILO modelled estimates,2,Male,6199,Value,1996,1996,1000 No,523.780000,X,
95,'340,Honduras,3043,ILO - ILO Modelled Estimates,21144,Employment in agriculture - ILO modelled estimates,2,Male,6199,Value,1997,1997,1000 No,528.680000,X,
95,'340,Honduras,3043,ILO - ILO Modelled Estimates,21144,Employment in agriculture - ILO modelled estimates,2,Male,6199,Value,1998,1998,1000 No,490.370000,X,
95,'340,Honduras,3043,ILO - ILO Modelled Estimates,21144,Employment in agriculture - ILO modelled estimates,2,Male,6199,Value,1999,1999,1000 No,509.850000,X,
95,'340,Honduras,3043,ILO - ILO Modelled Estimates,21144,Employment in agriculture - ILO modelled estimates,2,Male,6199,Value,2000,2000,1000 No,544.580000,X,
95,'340,Honduras,3043,ILO - ILO Modelled Estimates,21144,Employment in agriculture - ILO modelled estimates,2,Male,6199,Value,2001,2001,1000 No,585.980000,X,
95,'340,Honduras,3043,ILO - ILO Modelled Estimates,21144,Employment in agriculture - ILO modelled estimates,2,Male,6199,Value,2002,2002,1000 No,625.540000,X,
95,'340,Honduras,3043,ILO - ILO Modelled Estimates,21144,Employment in agriculture - ILO modelled estimates,2,Male,6199,Value,2003,2003,1000 No,603.430000,X,
95,'340,Honduras,3043,ILO - ILO Modelled Estimates,21144,Employment in agriculture - ILO modelled estimates,2,Male,6199,Value,2004,2004,1000 No,572.730000,X,
95,'340,Honduras,3043,ILO - ILO Modelled Estimates,21144,Employment in agriculture - ILO modelled estimates,2,Male,6199,Value,2005,2005,1000 No,584.420000,X,
95,'340,Honduras,3043,ILO - ILO Modelled Estimates,21144,Employment in agriculture - ILO modelled estimates,2,Male,6199,Value,2006,2006,1000 No,637.070000,X,
95,'340,Honduras,3043,ILO - ILO Modelled Estimates,21144,Employment in agriculture - ILO modelled estimates,2,Male,6199,Value,2007,2007,1000 No,623.980000,X,
95,'340,Honduras,3043,ILO - ILO Modelled Estimates,21144,Employment in agriculture - ILO modelled estimates,2,Male,6199,Value,2008,2008,1000 No,639.890000,X,
95,'340,Honduras,3043,ILO - ILO Modelled Estimates,21144,Employment in agriculture - ILO modelled estimates,2,Male,6199,Value,2009,2009,1000 No,694.840000,X,
95,'340,Honduras,3043,ILO - ILO Modelled Estimates,21144,Employment in agriculture - ILO modelled estimates,2,Male,6199,Value,2010,2010,1000 No,739.740000,X,
95,'340,Honduras,3043,ILO - ILO Modelled Estimates,21144,Employment in agriculture - ILO modelled estimates,2,Male,6199,Value,2011,2011,1000 No,731.000000,X,
95,'340,Honduras,3043,ILO - ILO Modelled Estimates,21144,Employment in agriculture - ILO modelled estimates,2,Male,6199,Value,2012,2012,1000 No,776.590000,X,
95,'340,Honduras,3043,ILO - ILO Modelled Estimates,21144,Employment in agriculture - ILO modelled estimates,2,Male,6199,Value,2013,2013,1000 No,771.430000,X,
95,'340,Honduras,3043,ILO - ILO Modelled Estimates,21144,Employment in agriculture - ILO modelled estimates,2,Male,6199,Value,2014,2014,1000 No,628.410000,X,
95,'340,Honduras,3043,ILO - ILO Modelled Estimates,21144,Employment in agriculture - ILO modelled estimates,2,Male,6199,Value,2015,2015,1000 No,666.930000,X,
95,'340,Honduras,3043,ILO - ILO Modelled Estimates,21144,Employment in agriculture - ILO modelled estimates,2,Male,6199,Value,2016,2016,1000 No,625.440000,X,
95,'340,Honduras,3043,ILO - ILO Modelled Estimates,21144,Employment in agriculture - ILO modelled estimates,2,Male,6199,Value,2017,2017,1000 No,803.720000,X,
95,'340,Honduras,3043,ILO - ILO Modelled Estimates,21144,Employment in agriculture - ILO modelled estimates,2,Male,6199,Value,2018,2018,1000 No,823.550000,X,
95,'340,Honduras,3043,ILO - ILO Modelled Estimates,21144,Employment in agriculture - ILO modelled estimates,2,Male,6199,Value,2019,2019,1000 No,804.610000,X,
95,'340,Honduras,3043,ILO - ILO Modelled Estimates,21144,Employment in agriculture - ILO modelled estimates,2,Male,6199,Value,2020,2020,1000 No,745.680000,X,
95,'340,Honduras,3043,ILO - ILO Modelled Estimates,21144,Employment in agriculture - ILO modelled estimates,2,Male,6199,Value,2021,2021,1000 No,761.550000,X,
95,'340,Honduras,3043,ILO - ILO Modelled Estimates,21144,Employment in agriculture - ILO modelled estimates,2,Male,6199,Value,2022,2022,1000 No,754.590000,X,
95,'340,Honduras,3043,ILO - ILO Modelled Estimates,21144,Employment in agriculture - ILO modelled estimates,2,Male,6199,Value,2023,2023,1000 No,825.160000,X,
95,'340,Honduras,3043,ILO - ILO Modelled Estimates,21144,Employment in agriculture - ILO modelled estimates,2,Male,6199,Value,2024,2024,1000 No,840.650000,X,
95,'340,Honduras,3043,ILO - ILO Modelled Estimates,21144,Employment in agriculture - ILO modelled estimates,2,Male,6199,Value,2025,2025,1000 No,850.450000,X,
95,'340,Honduras,3043,ILO - ILO Modelled Estimates,21144,Employment in agriculture - ILO modelled estimates,3,Female,6199,Value,1991,1991,1000 No,46.260000,X,
95,'340,Honduras,3043,ILO - ILO Modelled Estimates,21144,Employment in agriculture - ILO modelled estimates,3,Female,6199,Value,1992,1992,1000 No,49.910000,X,
95,'340,Honduras,3043,ILO - ILO Modelled Estimates,21144,Employment in agriculture - ILO modelled estimates,3,Female,6199,Value,1993,1993,1000 No,51.560000,X,
95,'340,Honduras,3043,ILO - ILO Modelled Estimates,21144,Employment in agriculture - ILO modelled estimates,3,Female,6199,Value,1994,1994,1000 No,52.550000,X,
95,'340,Honduras,3043,ILO - ILO Modelled Estimates,21144,Employment in agriculture - ILO modelled estimates,3,Female,6199,Value,1995,1995,1000 No,59.690000,X,
95,'340,Honduras,3043,ILO - ILO Modelled Estimates,21144,Employment in agriculture - ILO modelled estimates,3,Female,6199,Value,1996,1996,1000 No,67.210000,X,
95,'340,Honduras,3043,ILO - ILO Modelled Estimates,21144,Employment in agriculture - ILO modelled estimates,3,Female,6199,Value,1997,1997,1000 No,64.760000,X,
95,'340,Honduras,3043,ILO - ILO Modelled Estimates,21144,Employment in agriculture - ILO modelled estimates,3,Female,6199,Value,1998,1998,1000 No,72.350000,X,
95,'340,Honduras,3043,ILO - ILO Modelled Estimates,21144,Employment in agriculture - ILO modelled estimates,3,Female,6199,Value,1999,1999,1000 No,81.700000,X,
95,'340,Honduras,3043,ILO - ILO Modelled Estimates,21144,Employment in agriculture - ILO modelled estimates,3,Female,6199,Value,2000,2000,1000 No,73.410000,X,
95,'340,Honduras,3043,ILO - ILO Modelled Estimates,21144,Employment in agriculture - ILO modelled estimates,3,Female,6199,Value,2001,2001,1000 No,68.490000,X,
95,'340,Honduras,3043,ILO - ILO Modelled Estimates,21144,Employment in agriculture - ILO modelled estimates,3,Female,6199,Value,2002,2002,1000 No,88.360000,X,
95,'340,Honduras,3043,ILO - ILO Modelled Estimates,21144,Employment in agriculture - ILO modelled estimates,3,Female,6199,Value,2003,2003,1000 No,84.120000,X,
95,'340,Honduras,3043,ILO - ILO Modelled Estimates,21144,Employment in agriculture - ILO modelled estimates,3,Female,6199,Value,2004,2004,1000 No,71.500000,X,
95,'340,Honduras,3043,ILO - ILO Modelled Estimates,21144,Employment in agriculture - ILO modelled estimates,3,Female,6199,Value,2005,2005,1000 No,73.920000,X,
95,'340,Honduras,3043,ILO - ILO Modelled Estimates,21144,Employment in agriculture - ILO modelled estimates,3,Female,6199,Value,2006,2006,1000 No,93.740000,X,
95,'340,Honduras,3043,ILO - ILO Modelled Estimates,21144,Employment in agriculture - ILO modelled estimates,3,Female,6199,Value,2007,2007,1000 No,82.390000,X,
95,'340,Honduras,3043,ILO - ILO Modelled Estimates,21144,Employment in agriculture - ILO modelled estimates,3,Female,6199,Value,2008,2008,1000 No,89.480000,X,
95,'340,Honduras,3043,ILO - ILO Modelled Estimates,21144,Employment in agriculture - ILO modelled estimates,3,Female,6199,Value,2009,2009,1000 No,106.990000,X,
95,'340,Honduras,3043,ILO - ILO Modelled Estimates,21144,Employment in agriculture - ILO modelled estimates,3,Female,6199,Value,2010,2010,1000 No,122.400000,X,
95,'340,Honduras,3043,ILO - ILO Modelled Estimates,21144,Employment in agriculture - ILO modelled estimates,3,Female,6199,Value,2011,2011,1000 No,89.020000,X,
95,'340,Honduras,3043,ILO - ILO Modelled Estimates,21144,Employment in agriculture - ILO modelled estimates,3,Female,6199,Value,2012,2012,1000 No,105.990000,X,
95,'340,Honduras,3043,ILO - ILO Modelled Estimates,21144,Employment in agriculture - ILO modelled estimates,3,Female,6199,Value,2013,2013,1000 No,108.320000,X,
95,'340,Honduras,3043,ILO - ILO Modelled Estimates,21144,Employment in agriculture - ILO modelled estimates,3,Female,6199,Value,2014,2014,1000 No,106.830000,X,
95,'340,Honduras,3043,ILO - ILO Modelled Estimates,21144,Employment in agriculture - ILO modelled estimates,3,Female,6199,Value,2015,2015,1000 No,94.330000,X,
95,'340,Honduras,3043,ILO - ILO Modelled Estimates,21144,Employment in agriculture - ILO modelled estimates,3,Female,6199,Value,2016,2016,1000 No,100.960000,X,
95,'340,Honduras,3043,ILO - ILO Modelled Estimates,21144,Employment in agriculture - ILO modelled estimates,3,Female,6199,Value,2017,2017,1000 No,121.890000,X,
95,'340,Honduras,3043,ILO - ILO Modelled Estimates,21144,Employment in agriculture - ILO modelled estimates,3,Female,6199,Value,2018,2018,1000 No,140.640000,X,
95,'340,Honduras,3043,ILO - ILO Modelled Estimates,21144,Employment in agriculture - ILO modelled estimates,3,Female,6199,Value,2019,2019,1000 No,94.140000,X,
95,'340,Honduras,3043,ILO - ILO Modelled Estimates,21144,Employment in agriculture - ILO modelled estimates,3,Female,6199,Value,2020,2020,1000 No,111.120000,X,
95,'340,Honduras,3043,ILO - ILO Modelled Estimates,21144,Employment in agriculture - ILO modelled estimates,3,Female,6199,Value,2021,2021,1000 No,127.210000,X,
95,'340,Honduras,3043,ILO - ILO Modelled Estimates,21144,Employment in agriculture - ILO modelled estimates,3,Female,6199,Value,2022,2022,1000 No,69.730000,X,
95,'340,Honduras,3043,ILO - ILO Modelled Estimates,21144,Employment in agriculture - ILO modelled estimates,3,Female,6199,Value,2023,2023,1000 No,70.510000,X,
95,'340,Honduras,3043,ILO - ILO Modelled Estimates,21144,Employment in agriculture - ILO modelled estimates,3,Female,6199,Value,2024,2024,1000 No,73.940000,X,
95,'340,Honduras,3043,ILO - ILO Modelled Estimates,21144,Employment in agriculture - ILO modelled estimates,3,Female,6199,Value,2025,2025,1000 No,75.020000,X,
95,'340,Honduras,3043,ILO - ILO Modelled Estimates,21156,Share of employment in agriculture in total employment - ILO Modelled Estimates,1,Total,6121,Value,1991,1991,%,28.500000,X,
95,'340,Honduras,3043,ILO - ILO Modelled Estimates,21156,Share of employment in agriculture in total employment - ILO Modelled Estimates,1,Total,6121,Value,1992,1992,%,28.600000,X,
95,'340,Honduras,3043,ILO - ILO Modelled Estimates,21156,Share of employment in agriculture in total employment - ILO Modelled Estimates,1,Total,6121,Value,1993,1993,%,28.000000,X,
95,'340,Honduras,3043,ILO - ILO Modelled Estimates,21156,Share of employment in agriculture in total employment - ILO Modelled Estimates,1,Total,6121,Value,1994,1994,%,27.700000,X,
95,'340,Honduras,3043,ILO - ILO Modelled Estimates,21156,Share of employment in agriculture in total employment - ILO Modelled Estimates,1,Total,6121,Value,1995,1995,%,27.700000,X,
95,'340,Honduras,3043,ILO - ILO Modelled Estimates,21156,Share of employment in agriculture in total employment - ILO Modelled Estimates,1,Total,6121,Value,1996,1996,%,28.600000,X,
95,'340,Honduras,3043,ILO - ILO Modelled Estimates,21156,Share of employment in agriculture in total employment - ILO Modelled Estimates,1,Total,6121,Value,1997,1997,%,27.400000,X,
95,'340,Honduras,3043,ILO - ILO Modelled Estimates,21156,Share of employment in agriculture in total employment - ILO Modelled Estimates,1,Total,6121,Value,1998,1998,%,25.300000,X,
95,'340,Honduras,3043,ILO - ILO Modelled Estimates,21156,Share of employment in agriculture in total employment - ILO Modelled Estimates,1,Total,6121,Value,1999,1999,%,25.800000,X,
95,'340,Honduras,3043,ILO - ILO Modelled Estimates,21156,Share of employment in agriculture in total employment - ILO Modelled Estimates,1,Total,6121,Value,2000,2000,%,26.700000,X,
95,'340,Honduras,3043,ILO - ILO Modelled Estimates,21156,Share of employment in agriculture in total employment - ILO Modelled Estimates,1,Total,6121,Value,2001,2001,%,27.600000,X,
95,'340,Honduras,3043,ILO - ILO Modelled Estimates,21156,Share of employment in agriculture in total employment - ILO Modelled Estimates,1,Total,6121,Value,2002,2002,%,29.400000,X,
95,'340,Honduras,3043,ILO - ILO Modelled Estimates,21156,Share of employment in agriculture in total employment - ILO Modelled Estimates,1,Total,6121,Value,2003,2003,%,28.000000,X,
95,'340,Honduras,3043,ILO - ILO Modelled Estimates,21156,Share of employment in agriculture in total employment - ILO Modelled Estimates,1,Total,6121,Value,2004,2004,%,25.800000,X,
95,'340,Honduras,3043,ILO - ILO Modelled Estimates,21156,Share of employment in agriculture in total employment - ILO Modelled Estimates,1,Total,6121,Value,2005,2005,%,25.400000,X,
95,'340,Honduras,3043,ILO - ILO Modelled Estimates,21156,Share of employment in agriculture in total employment - ILO Modelled Estimates,1,Total,6121,Value,2006,2006,%,27.800000,X,
95,'340,Honduras,3043,ILO - ILO Modelled Estimates,21156,Share of employment in agriculture in total employment - ILO Modelled Estimates,1,Total,6121,Value,2007,2007,%,26.300000,X,
95,'340,Honduras,3043,ILO - ILO Modelled Estimates,21156,Share of employment in agriculture in total employment - ILO Modelled Estimates,1,Total,6121,Value,2008,2008,%,26.000000,X,
95,'340,Honduras,3043,ILO - ILO Modelled Estimates,21156,Share of employment in agriculture in total employment - ILO Modelled Estimates,1,Total,6121,Value,2009,2009,%,27.200000,X,
95,'340,Honduras,3043,ILO - ILO Modelled Estimates,21156,Share of employment in agriculture in total employment - ILO Modelled Estimates,1,Total,6121,Value,2010,2010,%,28.000000,X,
95,'340,Honduras,3043,ILO - ILO Modelled Estimates,21156,Share of employment in agriculture in total employment - ILO Modelled Estimates,1,Total,6121,Value,2011,2011,%,26.900000,X,
95,'340,Honduras,3043,ILO - ILO Modelled Estimates,21156,Share of employment in agriculture in total employment - ILO Modelled Estimates,1,Total,6121,Value,2012,2012,%,28.500000,X,
95,'340,Honduras,3043,ILO - ILO Modelled Estimates,21156,Share of employment in agriculture in total employment - ILO Modelled Estimates,1,Total,6121,Value,2013,2013,%,26.200000,X,
95,'340,Honduras,3043,ILO - ILO Modelled Estimates,21156,Share of employment in agriculture in total employment - ILO Modelled Estimates,1,Total,6121,Value,2014,2014,%,21.100000,X,
95,'340,Honduras,3043,ILO - ILO Modelled Estimates,21156,Share of employment in agriculture in total employment - ILO Modelled Estimates,1,Total,6121,Value,2015,2015,%,21.000000,X,
95,'340,Honduras,3043,ILO - ILO Modelled Estimates,21156,Share of employment in agriculture in total employment - ILO Modelled Estimates,1,Total,6121,Value,2016,2016,%,19.900000,X,
95,'340,Honduras,3043,ILO - ILO Modelled Estimates,21156,Share of employment in agriculture in total employment - ILO Modelled Estimates,1,Total,6121,Value,2017,2017,%,23.900000,X,
95,'340,Honduras,3043,ILO - ILO Modelled Estimates,21156,Share of employment in agriculture in total employment - ILO Modelled Estimates,1,Total,6121,Value,2018,2018,%,23.500000,X,
95,'340,Honduras,3043,ILO - ILO Modelled Estimates,21156,Share of employment in agriculture in total employment - ILO Modelled Estimates,1,Total,6121,Value,2019,2019,%,22.500000,X,
95,'340,Honduras,3043,ILO - ILO Modelled Estimates,21156,Share of employment in agriculture in total employment - ILO Modelled Estimates,1,Total,6121,Value,2020,2020,%,23.600000,X,Adjusted
95,'340,Honduras,3043,ILO - ILO Modelled Estimates,21156,Share of employment in agriculture in total employment - ILO Modelled Estimates,1,Total,6121,Value,2021,2021,%,22.800000,X,Adjusted
95,'340,Honduras,3043,ILO - ILO Modelled Estimates,21156,Share of employment in agriculture in total employment - ILO Modelled Estimates,1,Total,6121,Value,2022,2022,%,21.500000,X,Adjusted
95,'340,Honduras,3043,ILO - ILO Modelled Estimates,21156,Share of employment in agriculture in total employment - ILO Modelled Estimates,1,Total,6121,Value,2023,2023,%,23.000000,X,Adjusted
95,'340,Honduras,3043,ILO - ILO Modelled Estimates,21156,Share of employment in agriculture in total employment - ILO Modelled Estimates,1,Total,6121,Value,2024,2024,%,22.600000,X,
95,'340,Honduras,3043,ILO - ILO Modelled Estimates,21156,Share of employment in agriculture in total employment - ILO Modelled Estimates,1,Total,6121,Value,2025,2025,%,22.400000,X,
95,'340,Honduras,3043,ILO - ILO Modelled Estimates,21156,Share of employment in agriculture in total employment - ILO Modelled Estimates,2,Male,6121,Value,1991,1991,%,38.800000,X,
95,'340,Honduras,3043,ILO - ILO Modelled Estimates,21156,Share of employment in agriculture in total employment - ILO Modelled Estimates,2,Male,6121,Value,1992,1992,%,39.100000,X,
95,'340,Honduras,3043,ILO - ILO Modelled Estimates,21156,Share of employment in agriculture in total employment - ILO Modelled Estimates,2,Male,6121,Value,1993,1993,%,38.300000,X,
95,'340,Honduras,3043,ILO - ILO Modelled Estimates,21156,Share of employment in agriculture in total employment - ILO Modelled Estimates,2,Male,6121,Value,1994,1994,%,37.800000,X,
95,'340,Honduras,3043,ILO - ILO Modelled Estimates,21156,Share of employment in agriculture in total employment - ILO Modelled Estimates,2,Male,6121,Value,1995,1995,%,37.600000,X,
95,'340,Honduras,3043,ILO - ILO Modelled Estimates,21156,Share of employment in agriculture in total employment - ILO Modelled Estimates,2,Male,6121,Value,1996,1996,%,38.500000,X,
95,'340,Honduras,3043,ILO - ILO Modelled Estimates,21156,Share of employment in agriculture in total employment - ILO Modelled Estimates,2,Male,6121,Value,1997,1997,%,37.200000,X,
95,'340,Honduras,3043,ILO - ILO Modelled Estimates,21156,Share of employment in agriculture in total employment - ILO Modelled Estimates,2,Male,6121,Value,1998,1998,%,33.600000,X,
95,'340,Honduras,3043,ILO - ILO Modelled Estimates,21156,Share of employment in agriculture in total employment - ILO Modelled Estimates,2,Male,6121,Value,1999,1999,%,33.800000,X,
95,'340,Honduras,3043,ILO - ILO Modelled Estimates,21156,Share of employment in agriculture in total employment - ILO Modelled Estimates,2,Male,6121,Value,2000,2000,%,35.500000,X,
95,'340,Honduras,3043,ILO - ILO Modelled Estimates,21156,Share of employment in agriculture in total employment - ILO Modelled Estimates,2,Male,6121,Value,2001,2001,%,37.300000,X,
95,'340,Honduras,3043,ILO - ILO Modelled Estimates,21156,Share of employment in agriculture in total employment - ILO Modelled Estimates,2,Male,6121,Value,2002,2002,%,38.600000,X,
95,'340,Honduras,3043,ILO - ILO Modelled Estimates,21156,Share of employment in agriculture in total employment - ILO Modelled Estimates,2,Male,6121,Value,2003,2003,%,36.700000,X,
95,'340,Honduras,3043,ILO - ILO Modelled Estimates,21156,Share of employment in agriculture in total employment - ILO Modelled Estimates,2,Male,6121,Value,2004,2004,%,34.100000,X,
95,'340,Honduras,3043,ILO - ILO Modelled Estimates,21156,Share of employment in agriculture in total employment - ILO Modelled Estimates,2,Male,6121,Value,2005,2005,%,33.700000,X,
95,'340,Honduras,3043,ILO - ILO Modelled Estimates,21156,Share of employment in agriculture in total employment - ILO Modelled Estimates,2,Male,6121,Value,2006,2006,%,35.500000,X,
95,'340,Honduras,3043,ILO - ILO Modelled Estimates,21156,Share of employment in agriculture in total employment - ILO Modelled Estimates,2,Male,6121,Value,2007,2007,%,34.000000,X,
95,'340,Honduras,3043,ILO - ILO Modelled Estimates,21156,Share of employment in agriculture in total employment - ILO Modelled Estimates,2,Male,6121,Value,2008,2008,%,34.000000,X,
95,'340,Honduras,3043,ILO - ILO Modelled Estimates,21156,Share of employment in agriculture in total employment - ILO Modelled Estimates,2,Male,6121,Value,2009,2009,%,35.300000,X,
95,'340,Honduras,3043,ILO - ILO Modelled Estimates,21156,Share of employment in agriculture in total employment - ILO Modelled Estimates,2,Male,6121,Value,2010,2010,%,36.400000,X,
95,'340,Honduras,3043,ILO - ILO Modelled Estimates,21156,Share of employment in agriculture in total employment - ILO Modelled Estimates,2,Male,6121,Value,2011,2011,%,35.500000,X,
95,'340,Honduras,3043,ILO - ILO Modelled Estimates,21156,Share of employment in agriculture in total employment - ILO Modelled Estimates,2,Male,6121,Value,2012,2012,%,37.100000,X,
95,'340,Honduras,3043,ILO - ILO Modelled Estimates,21156,Share of employment in agriculture in total employment - ILO Modelled Estimates,2,Male,6121,Value,2013,2013,%,34.800000,X,
95,'340,Honduras,3043,ILO - ILO Modelled Estimates,21156,Share of employment in agriculture in total employment - ILO Modelled Estimates,2,Male,6121,Value,2014,2014,%,27.700000,X,
95,'340,Honduras,3043,ILO - ILO Modelled Estimates,21156,Share of employment in agriculture in total employment - ILO Modelled Estimates,2,Male,6121,Value,2015,2015,%,28.500000,X,
95,'340,Honduras,3043,ILO - ILO Modelled Estimates,21156,Share of employment in agriculture in total employment - ILO Modelled Estimates,2,Male,6121,Value,2016,2016,%,26.500000,X,
95,'340,Honduras,3043,ILO - ILO Modelled Estimates,21156,Share of employment in agriculture in total employment - ILO Modelled Estimates,2,Male,6121,Value,2017,2017,%,31.800000,X,
95,'340,Honduras,3043,ILO - ILO Modelled Estimates,21156,Share of employment in agriculture in total employment - ILO Modelled Estimates,2,Male,6121,Value,2018,2018,%,31.900000,X,
95,'340,Honduras,3043,ILO - ILO Modelled Estimates,21156,Share of employment in agriculture in total employment - ILO Modelled Estimates,2,Male,6121,Value,2019,2019,%,30.700000,X,
95,'340,Honduras,3043,ILO - ILO Modelled Estimates,21156,Share of employment in agriculture in total employment - ILO Modelled Estimates,2,Male,6121,Value,2020,2020,%,33.200000,X,Adjusted
95,'340,Honduras,3043,ILO - ILO Modelled Estimates,21156,Share of employment in agriculture in total employment - ILO Modelled Estimates,2,Male,6121,Value,2021,2021,%,31.800000,X,Adjusted
95,'340,Honduras,3043,ILO - ILO Modelled Estimates,21156,Share of employment in agriculture in total employment - ILO Modelled Estimates,2,Male,6121,Value,2022,2022,%,30.400000,X,Adjusted
95,'340,Honduras,3043,ILO - ILO Modelled Estimates,21156,Share of employment in agriculture in total employment - ILO Modelled Estimates,2,Male,6121,Value,2023,2023,%,32.000000,X,Adjusted
95,'340,Honduras,3043,ILO - ILO Modelled Estimates,21156,Share of employment in agriculture in total employment - ILO Modelled Estimates,2,Male,6121,Value,2024,2024,%,31.700000,X,
95,'340,Honduras,3043,ILO - ILO Modelled Estimates,21156,Share of employment in agriculture in total employment - ILO Modelled Estimates,2,Male,6121,Value,2025,2025,%,31.400000,X,
95,'340,Honduras,3043,ILO - ILO Modelled Estimates,21156,Share of employment in agriculture in total employment - ILO Modelled Estimates,3,Female,6121,Value,1991,1991,%,8.000000,X,
95,'340,Honduras,3043,ILO - ILO Modelled Estimates,21156,Share of employment in agriculture in total employment - ILO Modelled Estimates,3,Female,6121,Value,1992,1992,%,8.100000,X,
95,'340,Honduras,3043,ILO - ILO Modelled Estimates,21156,Share of employment in agriculture in total employment - ILO Modelled Estimates,3,Female,6121,Value,1993,1993,%,8.000000,X,
95,'340,Honduras,3043,ILO - ILO Modelled Estimates,21156,Share of employment in agriculture in total employment - ILO Modelled Estimates,3,Female,6121,Value,1994,1994,%,7.900000,X,
95,'340,Honduras,3043,ILO - ILO Modelled Estimates,21156,Share of employment in agriculture in total employment - ILO Modelled Estimates,3,Female,6121,Value,1995,1995,%,8.700000,X,
95,'340,Honduras,3043,ILO - ILO Modelled Estimates,21156,Share of employment in agriculture in total employment - ILO Modelled Estimates,3,Female,6121,Value,1996,1996,%,9.500000,X,
95,'340,Honduras,3043,ILO - ILO Modelled Estimates,21156,Share of employment in agriculture in total employment - ILO Modelled Estimates,3,Female,6121,Value,1997,1997,%,8.700000,X,
95,'340,Honduras,3043,ILO - ILO Modelled Estimates,21156,Share of employment in agriculture in total employment - ILO Modelled Estimates,3,Female,6121,Value,1998,1998,%,9.500000,X,
95,'340,Honduras,3043,ILO - ILO Modelled Estimates,21156,Share of employment in agriculture in total employment - ILO Modelled Estimates,3,Female,6121,Value,1999,1999,%,10.400000,X,
95,'340,Honduras,3043,ILO - ILO Modelled Estimates,21156,Share of employment in agriculture in total employment - ILO Modelled Estimates,3,Female,6121,Value,2000,2000,%,9.400000,X,
95,'340,Honduras,3043,ILO - ILO Modelled Estimates,21156,Share of employment in agriculture in total employment - ILO Modelled Estimates,3,Female,6121,Value,2001,2001,%,8.600000,X,
95,'340,Honduras,3043,ILO - ILO Modelled Estimates,21156,Share of employment in agriculture in total employment - ILO Modelled Estimates,3,Female,6121,Value,2002,2002,%,10.900000,X,
95,'340,Honduras,3043,ILO - ILO Modelled Estimates,21156,Share of employment in agriculture in total employment - ILO Modelled Estimates,3,Female,6121,Value,2003,2003,%,10.300000,X,
95,'340,Honduras,3043,ILO - ILO Modelled Estimates,21156,Share of employment in agriculture in total employment - ILO Modelled Estimates,3,Female,6121,Value,2004,2004,%,8.700000,X,
95,'340,Honduras,3043,ILO - ILO Modelled Estimates,21156,Share of employment in agriculture in total employment - ILO Modelled Estimates,3,Female,6121,Value,2005,2005,%,8.600000,X,
95,'340,Honduras,3043,ILO - ILO Modelled Estimates,21156,Share of employment in agriculture in total employment - ILO Modelled Estimates,3,Female,6121,Value,2006,2006,%,11.200000,X,
95,'340,Honduras,3043,ILO - ILO Modelled Estimates,21156,Share of employment in agriculture in total employment - ILO Modelled Estimates,3,Female,6121,Value,2007,2007,%,9.700000,X,
95,'340,Honduras,3043,ILO - ILO Modelled Estimates,21156,Share of employment in agriculture in total employment - ILO Modelled Estimates,3,Female,6121,Value,2008,2008,%,9.700000,X,
95,'340,Honduras,3043,ILO - ILO Modelled Estimates,21156,Share of employment in agriculture in total employment - ILO Modelled Estimates,3,Female,6121,Value,2009,2009,%,10.900000,X,
95,'340,Honduras,3043,ILO - ILO Modelled Estimates,21156,Share of employment in agriculture in total employment - ILO Modelled Estimates,3,Female,6121,Value,2010,2010,%,11.700000,X,
95,'340,Honduras,3043,ILO - ILO Modelled Estimates,21156,Share of employment in agriculture in total employment - ILO Modelled Estimates,3,Female,6121,Value,2011,2011,%,9.000000,X,
95,'340,Honduras,3043,ILO - ILO Modelled Estimates,21156,Share of employment in agriculture in total employment - ILO Modelled Estimates,3,Female,6121,Value,2012,2012,%,10.600000,X,
95,'340,Honduras,3043,ILO - ILO Modelled Estimates,21156,Share of employment in agriculture in total employment - ILO Modelled Estimates,3,Female,6121,Value,2013,2013,%,9.500000,X,
95,'340,Honduras,3043,ILO - ILO Modelled Estimates,21156,Share of employment in agriculture in total employment - ILO Modelled Estimates,3,Female,6121,Value,2014,2014,%,8.800000,X,
95,'340,Honduras,3043,ILO - ILO Modelled Estimates,21156,Share of employment in agriculture in total employment - ILO Modelled Estimates,3,Female,6121,Value,2015,2015,%,7.400000,X,
95,'340,Honduras,3043,ILO - ILO Modelled Estimates,21156,Share of employment in agriculture in total employment - ILO Modelled Estimates,3,Female,6121,Value,2016,2016,%,7.800000,X,
95,'340,Honduras,3043,ILO - ILO Modelled Estimates,21156,Share of employment in agriculture in total employment - ILO Modelled Estimates,3,Female,6121,Value,2017,2017,%,9.100000,X,
95,'340,Honduras,3043,ILO - ILO Modelled Estimates,21156,Share of employment in agriculture in total employment - ILO Modelled Estimates,3,Female,6121,Value,2018,2018,%,9.300000,X,
95,'340,Honduras,3043,ILO - ILO Modelled Estimates,21156,Share of employment in agriculture in total employment - ILO Modelled Estimates,3,Female,6121,Value,2019,2019,%,6.900000,X,
95,'340,Honduras,3043,ILO - ILO Modelled Estimates,21156,Share of employment in agriculture in total employment - ILO Modelled Estimates,3,Female,6121,Value,2020,2020,%,8.000000,X,Adjusted
95,'340,Honduras,3043,ILO - ILO Modelled Estimates,21156,Share of employment in agriculture in total employment - ILO Modelled Estimates,3,Female,6121,Value,2021,2021,%,8.400000,X,Adjusted
95,'340,Honduras,3043,ILO - ILO Modelled Estimates,21156,Share of employment in agriculture in total employment - ILO Modelled Estimates,3,Female,6121,Value,2022,2022,%,5.100000,X,Adjusted
95,'340,Honduras,3043,ILO - ILO Modelled Estimates,21156,Share of employment in agriculture in total employment - ILO Modelled Estimates,3,Female,6121,Value,2023,2023,%,5.300000,X,Adjusted
95,'340,Honduras,3043,ILO - ILO Modelled Estimates,21156,Share of employment in agriculture in total employment - ILO Modelled Estimates,3,Female,6121,Value,2024,2024,%,5.300000,X,
95,'340,Honduras,3043,ILO - ILO Modelled Estimates,21156,Share of employment in agriculture in total employment - ILO Modelled Estimates,3,Female,6121,Value,2025,2025,%,5.300000,X,
95,'340,Honduras,3047,ILO - Modelled Estimates; FAOSTAT - Value added (2015 US$),21085,Agriculture value added per worker (constant 2015 US$),1,Total,6228,Value,1991,1991,USD,2515.010000,X,
95,'340,Honduras,3047,ILO - Modelled Estimates; FAOSTAT - Value added (2015 US$),21085,Agriculture value added per worker (constant 2015 US$),1,Total,6228,Value,1992,1992,USD,2468.260000,X,
95,'340,Honduras,3047,ILO - Modelled Estimates; FAOSTAT - Value added (2015 US$),21085,Agriculture value added per worker (constant 2015 US$),1,Total,6228,Value,1993,1993,USD,2420.510000,X,
95,'340,Honduras,3047,ILO - Modelled Estimates; FAOSTAT - Value added (2015 US$),21085,Agriculture value added per worker (constant 2015 US$),1,Total,6228,Value,1994,1994,USD,2394.650000,X,
95,'340,Honduras,3047,ILO - Modelled Estimates; FAOSTAT - Value added (2015 US$),21085,Agriculture value added per worker (constant 2015 US$),1,Total,6228,Value,1995,1995,USD,2509.230000,X,
95,'340,Honduras,3047,ILO - Modelled Estimates; FAOSTAT - Value added (2015 US$),21085,Agriculture value added per worker (constant 2015 US$),1,Total,6228,Value,1996,1996,USD,2439.630000,X,
95,'340,Honduras,3047,ILO - Modelled Estimates; FAOSTAT - Value added (2015 US$),21085,Agriculture value added per worker (constant 2015 US$),1,Total,6228,Value,1997,1997,USD,2534.240000,X,
95,'340,Honduras,3047,ILO - Modelled Estimates; FAOSTAT - Value added (2015 US$),21085,Agriculture value added per worker (constant 2015 US$),1,Total,6228,Value,1998,1998,USD,2620.670000,X,
95,'340,Honduras,3047,ILO - Modelled Estimates; FAOSTAT - Value added (2015 US$),21085,Agriculture value added per worker (constant 2015 US$),1,Total,6228,Value,1999,1999,USD,2281.340000,X,
95,'340,Honduras,3047,ILO - Modelled Estimates; FAOSTAT - Value added (2015 US$),21085,Agriculture value added per worker (constant 2015 US$),1,Total,6228,Value,2000,2000,USD,2439.520000,X,
95,'340,Honduras,3047,ILO - Modelled Estimates; FAOSTAT - Value added (2015 US$),21085,Agriculture value added per worker (constant 2015 US$),1,Total,6228,Value,2001,2001,USD,2352.410000,X,
95,'340,Honduras,3047,ILO - Modelled Estimates; FAOSTAT - Value added (2015 US$),21085,Agriculture value added per worker (constant 2015 US$),1,Total,6228,Value,2002,2002,USD,2253.690000,X,
95,'340,Honduras,3047,ILO - Modelled Estimates; FAOSTAT - Value added (2015 US$),21085,Agriculture value added per worker (constant 2015 US$),1,Total,6228,Value,2003,2003,USD,2395.000000,X,
95,'340,Honduras,3047,ILO - Modelled Estimates; FAOSTAT - Value added (2015 US$),21085,Agriculture value added per worker (constant 2015 US$),1,Total,6228,Value,2004,2004,USD,2740.610000,X,
95,'340,Honduras,3047,ILO - Modelled Estimates; FAOSTAT - Value added (2015 US$),21085,Agriculture value added per worker (constant 2015 US$),1,Total,6228,Value,2005,2005,USD,2620.360000,X,
95,'340,Honduras,3047,ILO - Modelled Estimates; FAOSTAT - Value added (2015 US$),21085,Agriculture value added per worker (constant 2015 US$),1,Total,6228,Value,2006,2006,USD,2539.440000,X,
95,'340,Honduras,3047,ILO - Modelled Estimates; FAOSTAT - Value added (2015 US$),21085,Agriculture value added per worker (constant 2015 US$),1,Total,6228,Value,2007,2007,USD,2772.870000,X,
95,'340,Honduras,3047,ILO - Modelled Estimates; FAOSTAT - Value added (2015 US$),21085,Agriculture value added per worker (constant 2015 US$),1,Total,6228,Value,2008,2008,USD,2737.160000,X,
95,'340,Honduras,3047,ILO - Modelled Estimates; FAOSTAT - Value added (2015 US$),21085,Agriculture value added per worker (constant 2015 US$),1,Total,6228,Value,2009,2009,USD,2441.300000,X,
95,'340,Honduras,3047,ILO - Modelled Estimates; FAOSTAT - Value added (2015 US$),21085,Agriculture value added per worker (constant 2015 US$),1,Total,6228,Value,2010,2010,USD,2310.820000,X,
95,'340,Honduras,3047,ILO - Modelled Estimates; FAOSTAT - Value added (2015 US$),21085,Agriculture value added per worker (constant 2015 US$),1,Total,6228,Value,2011,2011,USD,2587.030000,X,
95,'340,Honduras,3047,ILO - Modelled Estimates; FAOSTAT - Value added (2015 US$),21085,Agriculture value added per worker (constant 2015 US$),1,Total,6228,Value,2012,2012,USD,2660.470000,X,
95,'340,Honduras,3047,ILO - Modelled Estimates; FAOSTAT - Value added (2015 US$),21085,Agriculture value added per worker (constant 2015 US$),1,Total,6228,Value,2013,2013,USD,2760.820000,X,
95,'340,Honduras,3047,ILO - Modelled Estimates; FAOSTAT - Value added (2015 US$),21085,Agriculture value added per worker (constant 2015 US$),1,Total,6228,Value,2014,2014,USD,3396.400000,X,
95,'340,Honduras,3047,ILO - Modelled Estimates; FAOSTAT - Value added (2015 US$),21085,Agriculture value added per worker (constant 2015 US$),1,Total,6228,Value,2015,2015,USD,3366.660000,X,
95,'340,Honduras,3047,ILO - Modelled Estimates; FAOSTAT - Value added (2015 US$),21085,Agriculture value added per worker (constant 2015 US$),1,Total,6228,Value,2016,2016,USD,3696.690000,X,
95,'340,Honduras,3047,ILO - Modelled Estimates; FAOSTAT - Value added (2015 US$),21085,Agriculture value added per worker (constant 2015 US$),1,Total,6228,Value,2017,2017,USD,3201.340000,X,
95,'340,Honduras,3047,ILO - Modelled Estimates; FAOSTAT - Value added (2015 US$),21085,Agriculture value added per worker (constant 2015 US$),1,Total,6228,Value,2018,2018,USD,3154.130000,X,
95,'340,Honduras,3047,ILO - Modelled Estimates; FAOSTAT - Value added (2015 US$),21085,Agriculture value added per worker (constant 2015 US$),1,Total,6228,Value,2019,2019,USD,3351.450000,X,
95,'340,Honduras,3047,ILO - Modelled Estimates; FAOSTAT - Value added (2015 US$),21085,Agriculture value added per worker (constant 2015 US$),1,Total,6228,Value,2020,2020,USD,3327.470000,X,
95,'340,Honduras,3047,ILO - Modelled Estimates; FAOSTAT - Value added (2015 US$),21085,Agriculture value added per worker (constant 2015 US$),1,Total,6228,Value,2021,2021,USD,3157.870000,X,
95,'340,Honduras,3047,ILO - Modelled Estimates; FAOSTAT - Value added (2015 US$),21085,Agriculture value added per worker (constant 2015 US$),1,Total,6228,Value,2022,2022,USD,3415.540000,X,
95,'340,Honduras,3047,ILO - Modelled Estimates; FAOSTAT - Value added (2015 US$),21085,Agriculture value added per worker (constant 2015 US$),1,Total,6228,Value,2023,2023,USD,3267.680000,X,
95,'340,Honduras,3047,ILO - Modelled Estimates; FAOSTAT - Value added (2015 US$),21085,Agriculture value added per worker (constant 2015 US$),1,Total,6228,Value,2024,2024,USD,3176.950000,X,
95,'340,Honduras,3022,ILOSTAT - Household survey,21066,"Employment in agriculture by age, total (15+)",1,Total,6199,Value,2005,2005,1000 No,837.680000,B,Break in series: Methodology revised Repository: ILO-STATISTICS - Micro data processing
95,'340,Honduras,3022,ILOSTAT - Household survey,21066,"Employment in agriculture by age, total (15+)",1,Total,6199,Value,2006,2006,1000 No,920.970000,X,Repository: ILO-STATISTICS - Micro data processing
95,'340,Honduras,3022,ILOSTAT - Household survey,21066,"Employment in agriculture by age, total (15+)",1,Total,6199,Value,2007,2007,1000 No,894.610000,X,Repository: ILO-STATISTICS - Micro data processing
95,'340,Honduras,3022,ILOSTAT - Household survey,21066,"Employment in agriculture by age, total (15+)",1,Total,6199,Value,2008,2008,1000 No,971.160000,B,Break in series: Methodology revised Repository: ILO-STATISTICS - Micro data processing
95,'340,Honduras,3022,ILOSTAT - Household survey,21066,"Employment in agriculture by age, total (15+)",1,Total,6199,Value,2009,2009,1000 No,1051.860000,X,Repository: ILO-STATISTICS - Micro data processing
95,'340,Honduras,3022,ILOSTAT - Household survey,21066,"Employment in agriculture by age, total (15+)",1,Total,6199,Value,2010,2010,1000 No,1123.740000,X,Repository: ILO-STATISTICS - Micro data processing
95,'340,Honduras,3022,ILOSTAT - Household survey,21066,"Employment in agriculture by age, total (15+)",1,Total,6199,Value,2011,2011,1000 No,1091.450000,X,Repository: ILO-STATISTICS - Micro data processing
95,'340,Honduras,3022,ILOSTAT - Household survey,21066,"Employment in agriculture by age, total (15+)",1,Total,6199,Value,2012,2012,1000 No,1152.290000,X,Repository: ILO-STATISTICS - Micro data processing
95,'340,Honduras,3022,ILOSTAT - Household survey,21066,"Employment in agriculture by age, total (15+)",1,Total,6199,Value,2013,2013,1000 No,1151.310000,X,Repository: ILO-STATISTICS - Micro data processing
95,'340,Honduras,3022,ILOSTAT - Household survey,21066,"Employment in agriculture by age, total (15+)",1,Total,6199,Value,2014,2014,1000 No,953.460000,X,Repository: ILO-STATISTICS - Micro data processing
95,'340,Honduras,3022,ILOSTAT - Household survey,21066,"Employment in agriculture by age, total (15+)",1,Total,6199,Value,2015,2015,1000 No,998.170000,X,Repository: ILO-STATISTICS - Micro data processing
95,'340,Honduras,3022,ILOSTAT - Household survey,21066,"Employment in agriculture by age, total (15+)",1,Total,6199,Value,2016,2016,1000 No,961.100000,X,Repository: ILO-STATISTICS - Micro data processing
95,'340,Honduras,3022,ILOSTAT - Household survey,21066,"Employment in agriculture by age, total (15+)",1,Total,6199,Value,2017,2017,1000 No,1172.830000,X,Repository: ILO-STATISTICS - Micro data processing | Data reference period: Second quarter
95,'340,Honduras,3022,ILOSTAT - Household survey,21066,"Employment in agriculture by age, total (15+)",1,Total,6199,Value,2018,2018,1000 No,1202.000000,B,Break in series: Methodology revised Repository: ILO-STATISTICS - Micro data processing | Data reference period: Second quarter
95,'340,Honduras,3022,ILOSTAT - Household survey,21066,"Employment in agriculture by age, total (15+)",1,Total,6199,Value,2019,2019,1000 No,1130.430000,X,Repository: ILO-STATISTICS - Micro data processing | Data reference period: Second quarter
95,'340,Honduras,3022,ILOSTAT - Household survey,21066,"Employment in agriculture by age, total (15+)",1,Total,6199,Value,2020,2020,1000 No,855.980000,B,Break in series: Methodology revised Repository: ILO-STATISTICS - Micro data processing | Data reference period: Second quarter
95,'340,Honduras,3022,ILOSTAT - Household survey,21066,"Employment in agriculture by age, total (15+)",1,Total,6199,Value,2021,2021,1000 No,826.950000,X,Repository: ILO-STATISTICS - Micro data processing | Data reference period: Second quarter
95,'340,Honduras,3022,ILOSTAT - Household survey,21066,"Employment in agriculture by age, total (15+)",1,Total,6199,Value,2022,2022,1000 No,780.160000,X,Repository: ILO-STATISTICS - Micro data processing | Data reference period: Second quarter
95,'340,Honduras,3022,ILOSTAT - Household survey,21066,"Employment in agriculture by age, total (15+)",1,Total,6199,Value,2023,2023,1000 No,848.160000,X,Repository: ILO-STATISTICS - Micro data processing | Data reference period: Second quarter
95,'340,Honduras,3022,ILOSTAT - Household survey,21066,"Employment in agriculture by age, total (15+)",1,Total,6199,Value,2024,2024,1000 No,807.480000,X,Repository: ILO-STATISTICS - Micro data processing | Data reference period: Second quarter
95,'340,Honduras,3022,ILOSTAT - Household survey,21066,"Employment in agriculture by age, total (15+)",1,Total,6199,Value,2025,2025,1000 No,891.910000,X,Repository: ILO-STATISTICS - Micro data processing | Data reference period: Second quarter
95,'340,Honduras,3022,ILOSTAT - Household survey,21066,"Employment in agriculture by age, total (15+)",2,Male,6199,Value,2005,2005,1000 No,757.850000,B,Break in series: Methodology revised Repository: ILO-STATISTICS - Micro data processing
95,'340,Honduras,3022,ILOSTAT - Household survey,21066,"Employment in agriculture by age, total (15+)",2,Male,6199,Value,2006,2006,1000 No,816.970000,X,Repository: ILO-STATISTICS - Micro data processing
95,'340,Honduras,3022,ILOSTAT - Household survey,21066,"Employment in agriculture by age, total (15+)",2,Male,6199,Value,2007,2007,1000 No,804.570000,X,Repository: ILO-STATISTICS - Micro data processing
95,'340,Honduras,3022,ILOSTAT - Household survey,21066,"Employment in agriculture by age, total (15+)",2,Male,6199,Value,2008,2008,1000 No,867.530000,B,Break in series: Methodology revised Repository: ILO-STATISTICS - Micro data processing
95,'340,Honduras,3022,ILOSTAT - Household survey,21066,"Employment in agriculture by age, total (15+)",2,Male,6199,Value,2009,2009,1000 No,928.550000,X,Repository: ILO-STATISTICS - Micro data processing
95,'340,Honduras,3022,ILOSTAT - Household survey,21066,"Employment in agriculture by age, total (15+)",2,Male,6199,Value,2010,2010,1000 No,985.150000,X,Repository: ILO-STATISTICS - Micro data processing
95,'340,Honduras,3022,ILOSTAT - Household survey,21066,"Employment in agriculture by age, total (15+)",2,Male,6199,Value,2011,2011,1000 No,988.930000,X,Repository: ILO-STATISTICS - Micro data processing
95,'340,Honduras,3022,ILOSTAT - Household survey,21066,"Employment in agriculture by age, total (15+)",2,Male,6199,Value,2012,2012,1000 No,1031.660000,X,Repository: ILO-STATISTICS - Micro data processing
95,'340,Honduras,3022,ILOSTAT - Household survey,21066,"Employment in agriculture by age, total (15+)",2,Male,6199,Value,2013,2013,1000 No,1026.740000,X,Repository: ILO-STATISTICS - Micro data processing
95,'340,Honduras,3022,ILOSTAT - Household survey,21066,"Employment in agriculture by age, total (15+)",2,Male,6199,Value,2014,2014,1000 No,833.640000,X,Repository: ILO-STATISTICS - Micro data processing
95,'340,Honduras,3022,ILOSTAT - Household survey,21066,"Employment in agriculture by age, total (15+)",2,Male,6199,Value,2015,2015,1000 No,890.840000,X,Repository: ILO-STATISTICS - Micro data processing
95,'340,Honduras,3022,ILOSTAT - Household survey,21066,"Employment in agriculture by age, total (15+)",2,Male,6199,Value,2016,2016,1000 No,846.680000,X,Repository: ILO-STATISTICS - Micro data processing
95,'340,Honduras,3022,ILOSTAT - Household survey,21066,"Employment in agriculture by age, total (15+)",2,Male,6199,Value,2017,2017,1000 No,1035.570000,X,Repository: ILO-STATISTICS - Micro data processing | Data reference period: Second quarter
95,'340,Honduras,3022,ILOSTAT - Household survey,21066,"Employment in agriculture by age, total (15+)",2,Male,6199,Value,2018,2018,1000 No,1030.820000,B,Break in series: Methodology revised Repository: ILO-STATISTICS - Micro data processing | Data reference period: Second quarter
95,'340,Honduras,3022,ILOSTAT - Household survey,21066,"Employment in agriculture by age, total (15+)",2,Male,6199,Value,2019,2019,1000 No,1011.650000,X,Repository: ILO-STATISTICS - Micro data processing | Data reference period: Second quarter
95,'340,Honduras,3022,ILOSTAT - Household survey,21066,"Employment in agriculture by age, total (15+)",2,Male,6199,Value,2020,2020,1000 No,723.600000,B,Break in series: Methodology revised Repository: ILO-STATISTICS - Micro data processing | Data reference period: Second quarter
95,'340,Honduras,3022,ILOSTAT - Household survey,21066,"Employment in agriculture by age, total (15+)",2,Male,6199,Value,2021,2021,1000 No,691.320000,X,Repository: ILO-STATISTICS - Micro data processing | Data reference period: Second quarter
95,'340,Honduras,3022,ILOSTAT - Household survey,21066,"Employment in agriculture by age, total (15+)",2,Male,6199,Value,2022,2022,1000 No,698.990000,X,Repository: ILO-STATISTICS - Micro data processing | Data reference period: Second quarter
95,'340,Honduras,3022,ILOSTAT - Household survey,21066,"Employment in agriculture by age, total (15+)",2,Male,6199,Value,2023,2023,1000 No,768.710000,X,Repository: ILO-STATISTICS - Micro data processing | Data reference period: Second quarter
95,'340,Honduras,3022,ILOSTAT - Household survey,21066,"Employment in agriculture by age, total (15+)",2,Male,6199,Value,2024,2024,1000 No,737.110000,X,Repository: ILO-STATISTICS - Micro data processing | Data reference period: Second quarter
95,'340,Honduras,3022,ILOSTAT - Household survey,21066,"Employment in agriculture by age, total (15+)",2,Male,6199,Value,2025,2025,1000 No,798.160000,X,Repository: ILO-STATISTICS - Micro data processing | Data reference period: Second quarter
95,'340,Honduras,3022,ILOSTAT - Household survey,21066,"Employment in agriculture by age, total (15+)",3,Female,6199,Value,2005,2005,1000 No,79.830000,B,Break in series: Methodology revised Repository: ILO-STATISTICS - Micro data processing
95,'340,Honduras,3022,ILOSTAT - Household survey,21066,"Employment in agriculture by age, total (15+)",3,Female,6199,Value,2006,2006,1000 No,104.000000,X,Repository: ILO-STATISTICS - Micro data processing
95,'340,Honduras,3022,ILOSTAT - Household survey,21066,"Employment in agriculture by age, total (15+)",3,Female,6199,Value,2007,2007,1000 No,90.040000,X,Repository: ILO-STATISTICS - Micro data processing
95,'340,Honduras,3022,ILOSTAT - Household survey,21066,"Employment in agriculture by age, total (15+)",3,Female,6199,Value,2008,2008,1000 No,103.640000,B,Break in series: Methodology revised Repository: ILO-STATISTICS - Micro data processing
95,'340,Honduras,3022,ILOSTAT - Household survey,21066,"Employment in agriculture by age, total (15+)",3,Female,6199,Value,2009,2009,1000 No,123.300000,X,Repository: ILO-STATISTICS - Micro data processing
95,'340,Honduras,3022,ILOSTAT - Household survey,21066,"Employment in agriculture by age, total (15+)",3,Female,6199,Value,2010,2010,1000 No,138.590000,X,Repository: ILO-STATISTICS - Micro data processing
95,'340,Honduras,3022,ILOSTAT - Household survey,21066,"Employment in agriculture by age, total (15+)",3,Female,6199,Value,2011,2011,1000 No,102.520000,X,Repository: ILO-STATISTICS - Micro data processing
95,'340,Honduras,3022,ILOSTAT - Household survey,21066,"Employment in agriculture by age, total (15+)",3,Female,6199,Value,2012,2012,1000 No,120.630000,X,Repository: ILO-STATISTICS - Micro data processing
95,'340,Honduras,3022,ILOSTAT - Household survey,21066,"Employment in agriculture by age, total (15+)",3,Female,6199,Value,2013,2013,1000 No,124.570000,X,Repository: ILO-STATISTICS - Micro data processing
95,'340,Honduras,3022,ILOSTAT - Household survey,21066,"Employment in agriculture by age, total (15+)",3,Female,6199,Value,2014,2014,1000 No,119.820000,X,Repository: ILO-STATISTICS - Micro data processing
95,'340,Honduras,3022,ILOSTAT - Household survey,21066,"Employment in agriculture by age, total (15+)",3,Female,6199,Value,2015,2015,1000 No,107.340000,X,Repository: ILO-STATISTICS - Micro data processing
95,'340,Honduras,3022,ILOSTAT - Household survey,21066,"Employment in agriculture by age, total (15+)",3,Female,6199,Value,2016,2016,1000 No,114.420000,X,Repository: ILO-STATISTICS - Micro data processing
95,'340,Honduras,3022,ILOSTAT - Household survey,21066,"Employment in agriculture by age, total (15+)",3,Female,6199,Value,2017,2017,1000 No,137.260000,X,Repository: ILO-STATISTICS - Micro data processing | Data reference period: Second quarter
95,'340,Honduras,3022,ILOSTAT - Household survey,21066,"Employment in agriculture by age, total (15+)",3,Female,6199,Value,2018,2018,1000 No,171.180000,B,Break in series: Methodology revised Repository: ILO-STATISTICS - Micro data processing | Data reference period: Second quarter
95,'340,Honduras,3022,ILOSTAT - Household survey,21066,"Employment in agriculture by age, total (15+)",3,Female,6199,Value,2019,2019,1000 No,118.790000,X,Repository: ILO-STATISTICS - Micro data processing | Data reference period: Second quarter
95,'340,Honduras,3022,ILOSTAT - Household survey,21066,"Employment in agriculture by age, total (15+)",3,Female,6199,Value,2020,2020,1000 No,132.380000,B,Break in series: Methodology revised Repository: ILO-STATISTICS - Micro data processing | Data reference period: Second quarter
95,'340,Honduras,3022,ILOSTAT - Household survey,21066,"Employment in agriculture by age, total (15+)",3,Female,6199,Value,2021,2021,1000 No,135.630000,X,Repository: ILO-STATISTICS - Micro data processing | Data reference period: Second quarter
95,'340,Honduras,3022,ILOSTAT - Household survey,21066,"Employment in agriculture by age, total (15+)",3,Female,6199,Value,2022,2022,1000 No,81.180000,X,Repository: ILO-STATISTICS - Micro data processing | Data reference period: Second quarter
95,'340,Honduras,3022,ILOSTAT - Household survey,21066,"Employment in agriculture by age, total (15+)",3,Female,6199,Value,2023,2023,1000 No,79.460000,X,Repository: ILO-STATISTICS - Micro data processing | Data reference period: Second quarter
95,'340,Honduras,3022,ILOSTAT - Household survey,21066,"Employment in agriculture by age, total (15+)",3,Female,6199,Value,2024,2024,1000 No,70.370000,X,Repository: ILO-STATISTICS - Micro data processing | Data reference period: Second quarter
95,'340,Honduras,3022,ILOSTAT - Household survey,21066,"Employment in agriculture by age, total (15+)",3,Female,6199,Value,2025,2025,1000 No,93.750000,X,Repository: ILO-STATISTICS - Micro data processing | Data reference period: Second quarter
95,'340,Honduras,3022,ILOSTAT - Household survey,21088,"Employment in agriculture by age, 15 to 24",1,Total,6199,Value,2005,2005,1000 No,271.040000,B,Break in series: Methodology revised Repository: ILO-STATISTICS - Micro data processing
95,'340,Honduras,3022,ILOSTAT - Household survey,21088,"Employment in agriculture by age, 15 to 24",1,Total,6199,Value,2006,2006,1000 No,280.680000,X,Repository: ILO-STATISTICS - Micro data processing
95,'340,Honduras,3022,ILOSTAT - Household survey,21088,"Employment in agriculture by age, 15 to 24",1,Total,6199,Value,2007,2007,1000 No,278.020000,X,Repository: ILO-STATISTICS - Micro data processing
95,'340,Honduras,3022,ILOSTAT - Household survey,21088,"Employment in agriculture by age, 15 to 24",1,Total,6199,Value,2008,2008,1000 No,308.920000,B,Break in series: Methodology revised Repository: ILO-STATISTICS - Micro data processing
95,'340,Honduras,3022,ILOSTAT - Household survey,21088,"Employment in agriculture by age, 15 to 24",1,Total,6199,Value,2009,2009,1000 No,338.160000,X,Repository: ILO-STATISTICS - Micro data processing
95,'340,Honduras,3022,ILOSTAT - Household survey,21088,"Employment in agriculture by age, 15 to 24",1,Total,6199,Value,2010,2010,1000 No,347.850000,X,Repository: ILO-STATISTICS - Micro data processing
95,'340,Honduras,3022,ILOSTAT - Household survey,21088,"Employment in agriculture by age, 15 to 24",1,Total,6199,Value,2011,2011,1000 No,363.510000,X,Repository: ILO-STATISTICS - Micro data processing
95,'340,Honduras,3022,ILOSTAT - Household survey,21088,"Employment in agriculture by age, 15 to 24",1,Total,6199,Value,2012,2012,1000 No,369.510000,X,Repository: ILO-STATISTICS - Micro data processing
95,'340,Honduras,3022,ILOSTAT - Household survey,21088,"Employment in agriculture by age, 15 to 24",1,Total,6199,Value,2013,2013,1000 No,349.220000,X,Repository: ILO-STATISTICS - Micro data processing
95,'340,Honduras,3022,ILOSTAT - Household survey,21088,"Employment in agriculture by age, 15 to 24",1,Total,6199,Value,2014,2014,1000 No,293.620000,X,Repository: ILO-STATISTICS - Micro data processing
95,'340,Honduras,3022,ILOSTAT - Household survey,21088,"Employment in agriculture by age, 15 to 24",1,Total,6199,Value,2015,2015,1000 No,327.370000,X,Repository: ILO-STATISTICS - Micro data processing
95,'340,Honduras,3022,ILOSTAT - Household survey,21088,"Employment in agriculture by age, 15 to 24",1,Total,6199,Value,2016,2016,1000 No,289.270000,X,Repository: ILO-STATISTICS - Micro data processing
95,'340,Honduras,3022,ILOSTAT - Household survey,21088,"Employment in agriculture by age, 15 to 24",1,Total,6199,Value,2017,2017,1000 No,350.010000,X,Repository: ILO-STATISTICS - Micro data processing | Data reference period: Second quarter
95,'340,Honduras,3022,ILOSTAT - Household survey,21088,"Employment in agriculture by age, 15 to 24",1,Total,6199,Value,2018,2018,1000 No,328.890000,B,Break in series: Methodology revised Repository: ILO-STATISTICS - Micro data processing | Data reference period: Second quarter
95,'340,Honduras,3022,ILOSTAT - Household survey,21088,"Employment in agriculture by age, 15 to 24",1,Total,6199,Value,2019,2019,1000 No,323.980000,X,Repository: ILO-STATISTICS - Micro data processing | Data reference period: Second quarter
95,'340,Honduras,3022,ILOSTAT - Household survey,21088,"Employment in agriculture by age, 15 to 24",1,Total,6199,Value,2020,2020,1000 No,222.560000,B,Break in series: Methodology revised Repository: ILO-STATISTICS - Micro data processing | Data reference period: Second quarter
95,'340,Honduras,3022,ILOSTAT - Household survey,21088,"Employment in agriculture by age, 15 to 24",1,Total,6199,Value,2021,2021,1000 No,239.240000,X,Repository: ILO-STATISTICS - Micro data processing | Data reference period: Second quarter
95,'340,Honduras,3022,ILOSTAT - Household survey,21088,"Employment in agriculture by age, 15 to 24",1,Total,6199,Value,2022,2022,1000 No,217.370000,X,Repository: ILO-STATISTICS - Micro data processing | Data reference period: Second quarter
95,'340,Honduras,3022,ILOSTAT - Household survey,21088,"Employment in agriculture by age, 15 to 24",1,Total,6199,Value,2023,2023,1000 No,198.590000,X,Repository: ILO-STATISTICS - Micro data processing | Data reference period: Second quarter
95,'340,Honduras,3022,ILOSTAT - Household survey,21088,"Employment in agriculture by age, 15 to 24",1,Total,6199,Value,2024,2024,1000 No,167.490000,X,Repository: ILO-STATISTICS - Micro data processing | Data reference period: Second quarter
95,'340,Honduras,3022,ILOSTAT - Household survey,21088,"Employment in agriculture by age, 15 to 24",1,Total,6199,Value,2025,2025,1000 No,189.540000,X,Repository: ILO-STATISTICS - Micro data processing | Data reference period: Second quarter
95,'340,Honduras,3022,ILOSTAT - Household survey,21088,"Employment in agriculture by age, 15 to 24",2,Male,6199,Value,2005,2005,1000 No,254.640000,B,Break in series: Methodology revised Repository: ILO-STATISTICS - Micro data processing
95,'340,Honduras,3022,ILOSTAT - Household survey,21088,"Employment in agriculture by age, 15 to 24",2,Male,6199,Value,2006,2006,1000 No,264.080000,X,Repository: ILO-STATISTICS - Micro data processing
95,'340,Honduras,3022,ILOSTAT - Household survey,21088,"Employment in agriculture by age, 15 to 24",2,Male,6199,Value,2007,2007,1000 No,259.180000,X,Repository: ILO-STATISTICS - Micro data processing
95,'340,Honduras,3022,ILOSTAT - Household survey,21088,"Employment in agriculture by age, 15 to 24",2,Male,6199,Value,2008,2008,1000 No,287.710000,B,Break in series: Methodology revised Repository: ILO-STATISTICS - Micro data processing
95,'340,Honduras,3022,ILOSTAT - Household survey,21088,"Employment in agriculture by age, 15 to 24",2,Male,6199,Value,2009,2009,1000 No,315.060000,X,Repository: ILO-STATISTICS - Micro data processing
95,'340,Honduras,3022,ILOSTAT - Household survey,21088,"Employment in agriculture by age, 15 to 24",2,Male,6199,Value,2010,2010,1000 No,327.790000,X,Repository: ILO-STATISTICS - Micro data processing
95,'340,Honduras,3022,ILOSTAT - Household survey,21088,"Employment in agriculture by age, 15 to 24",2,Male,6199,Value,2011,2011,1000 No,346.960000,X,Repository: ILO-STATISTICS - Micro data processing
95,'340,Honduras,3022,ILOSTAT - Household survey,21088,"Employment in agriculture by age, 15 to 24",2,Male,6199,Value,2012,2012,1000 No,348.330000,X,Repository: ILO-STATISTICS - Micro data processing
95,'340,Honduras,3022,ILOSTAT - Household survey,21088,"Employment in agriculture by age, 15 to 24",2,Male,6199,Value,2013,2013,1000 No,329.330000,X,Repository: ILO-STATISTICS - Micro data processing
95,'340,Honduras,3022,ILOSTAT - Household survey,21088,"Employment in agriculture by age, 15 to 24",2,Male,6199,Value,2014,2014,1000 No,271.770000,X,Repository: ILO-STATISTICS - Micro data processing
95,'340,Honduras,3022,ILOSTAT - Household survey,21088,"Employment in agriculture by age, 15 to 24",2,Male,6199,Value,2015,2015,1000 No,301.930000,X,Repository: ILO-STATISTICS - Micro data processing
95,'340,Honduras,3022,ILOSTAT - Household survey,21088,"Employment in agriculture by age, 15 to 24",2,Male,6199,Value,2016,2016,1000 No,264.260000,X,Repository: ILO-STATISTICS - Micro data processing
95,'340,Honduras,3022,ILOSTAT - Household survey,21088,"Employment in agriculture by age, 15 to 24",2,Male,6199,Value,2017,2017,1000 No,324.190000,X,Repository: ILO-STATISTICS - Micro data processing | Data reference period: Second quarter
95,'340,Honduras,3022,ILOSTAT - Household survey,21088,"Employment in agriculture by age, 15 to 24",2,Male,6199,Value,2018,2018,1000 No,297.500000,B,Break in series: Methodology revised Repository: ILO-STATISTICS - Micro data processing | Data reference period: Second quarter
95,'340,Honduras,3022,ILOSTAT - Household survey,21088,"Employment in agriculture by age, 15 to 24",2,Male,6199,Value,2019,2019,1000 No,301.930000,X,Repository: ILO-STATISTICS - Micro data processing | Data reference period: Second quarter
95,'340,Honduras,3022,ILOSTAT - Household survey,21088,"Employment in agriculture by age, 15 to 24",2,Male,6199,Value,2020,2020,1000 No,193.420000,B,Break in series: Methodology revised Repository: ILO-STATISTICS - Micro data processing | Data reference period: Second quarter
95,'340,Honduras,3022,ILOSTAT - Household survey,21088,"Employment in agriculture by age, 15 to 24",2,Male,6199,Value,2021,2021,1000 No,203.720000,X,Repository: ILO-STATISTICS - Micro data processing | Data reference period: Second quarter
95,'340,Honduras,3022,ILOSTAT - Household survey,21088,"Employment in agriculture by age, 15 to 24",2,Male,6199,Value,2022,2022,1000 No,200.650000,X,Repository: ILO-STATISTICS - Micro data processing | Data reference period: Second quarter
95,'340,Honduras,3022,ILOSTAT - Household survey,21088,"Employment in agriculture by age, 15 to 24",2,Male,6199,Value,2023,2023,1000 No,178.170000,X,Repository: ILO-STATISTICS - Micro data processing | Data reference period: Second quarter
95,'340,Honduras,3022,ILOSTAT - Household survey,21088,"Employment in agriculture by age, 15 to 24",2,Male,6199,Value,2024,2024,1000 No,155.620000,X,Repository: ILO-STATISTICS - Micro data processing | Data reference period: Second quarter
95,'340,Honduras,3022,ILOSTAT - Household survey,21088,"Employment in agriculture by age, 15 to 24",2,Male,6199,Value,2025,2025,1000 No,170.060000,X,Repository: ILO-STATISTICS - Micro data processing | Data reference period: Second quarter
95,'340,Honduras,3022,ILOSTAT - Household survey,21088,"Employment in agriculture by age, 15 to 24",3,Female,6199,Value,2005,2005,1000 No,16.400000,B,Break in series: Methodology revised Repository: ILO-STATISTICS - Micro data processing
95,'340,Honduras,3022,ILOSTAT - Household survey,21088,"Employment in agriculture by age, 15 to 24",3,Female,6199,Value,2006,2006,1000 No,16.600000,X,Repository: ILO-STATISTICS - Micro data processing
95,'340,Honduras,3022,ILOSTAT - Household survey,21088,"Employment in agriculture by age, 15 to 24",3,Female,6199,Value,2007,2007,1000 No,18.840000,X,Repository: ILO-STATISTICS - Micro data processing
95,'340,Honduras,3022,ILOSTAT - Household survey,21088,"Employment in agriculture by age, 15 to 24",3,Female,6199,Value,2008,2008,1000 No,21.210000,B,Break in series: Methodology revised Repository: ILO-STATISTICS - Micro data processing
95,'340,Honduras,3022,ILOSTAT - Household survey,21088,"Employment in agriculture by age, 15 to 24",3,Female,6199,Value,2009,2009,1000 No,23.100000,X,Repository: ILO-STATISTICS - Micro data processing
95,'340,Honduras,3022,ILOSTAT - Household survey,21088,"Employment in agriculture by age, 15 to 24",3,Female,6199,Value,2010,2010,1000 No,20.060000,X,Repository: ILO-STATISTICS - Micro data processing
95,'340,Honduras,3022,ILOSTAT - Household survey,21088,"Employment in agriculture by age, 15 to 24",3,Female,6199,Value,2011,2011,1000 No,16.550000,X,Repository: ILO-STATISTICS - Micro data processing
95,'340,Honduras,3022,ILOSTAT - Household survey,21088,"Employment in agriculture by age, 15 to 24",3,Female,6199,Value,2012,2012,1000 No,21.180000,X,Repository: ILO-STATISTICS - Micro data processing
95,'340,Honduras,3022,ILOSTAT - Household survey,21088,"Employment in agriculture by age, 15 to 24",3,Female,6199,Value,2013,2013,1000 No,19.900000,X,Repository: ILO-STATISTICS - Micro data processing
95,'340,Honduras,3022,ILOSTAT - Household survey,21088,"Employment in agriculture by age, 15 to 24",3,Female,6199,Value,2014,2014,1000 No,21.850000,X,Repository: ILO-STATISTICS - Micro data processing
95,'340,Honduras,3022,ILOSTAT - Household survey,21088,"Employment in agriculture by age, 15 to 24",3,Female,6199,Value,2015,2015,1000 No,25.450000,X,Repository: ILO-STATISTICS - Micro data processing
95,'340,Honduras,3022,ILOSTAT - Household survey,21088,"Employment in agriculture by age, 15 to 24",3,Female,6199,Value,2016,2016,1000 No,25.010000,X,Repository: ILO-STATISTICS - Micro data processing
95,'340,Honduras,3022,ILOSTAT - Household survey,21088,"Employment in agriculture by age, 15 to 24",3,Female,6199,Value,2017,2017,1000 No,25.820000,X,Repository: ILO-STATISTICS - Micro data processing | Data reference period: Second quarter
95,'340,Honduras,3022,ILOSTAT - Household survey,21088,"Employment in agriculture by age, 15 to 24",3,Female,6199,Value,2018,2018,1000 No,31.390000,B,Break in series: Methodology revised Repository: ILO-STATISTICS - Micro data processing | Data reference period: Second quarter
95,'340,Honduras,3022,ILOSTAT - Household survey,21088,"Employment in agriculture by age, 15 to 24",3,Female,6199,Value,2019,2019,1000 No,22.050000,X,Repository: ILO-STATISTICS - Micro data processing | Data reference period: Second quarter
95,'340,Honduras,3022,ILOSTAT - Household survey,21088,"Employment in agriculture by age, 15 to 24",3,Female,6199,Value,2020,2020,1000 No,29.140000,B,Break in series: Methodology revised Repository: ILO-STATISTICS - Micro data processing | Data reference period: Second quarter
95,'340,Honduras,3022,ILOSTAT - Household survey,21088,"Employment in agriculture by age, 15 to 24",3,Female,6199,Value,2021,2021,1000 No,35.520000,X,Repository: ILO-STATISTICS - Micro data processing | Data reference period: Second quarter
95,'340,Honduras,3022,ILOSTAT - Household survey,21088,"Employment in agriculture by age, 15 to 24",3,Female,6199,Value,2022,2022,1000 No,16.720000,X,Repository: ILO-STATISTICS - Micro data processing | Data reference period: Second quarter
95,'340,Honduras,3022,ILOSTAT - Household survey,21088,"Employment in agriculture by age, 15 to 24",3,Female,6199,Value,2023,2023,1000 No,20.410000,X,Repository: ILO-STATISTICS - Micro data processing | Data reference period: Second quarter
95,'340,Honduras,3022,ILOSTAT - Household survey,21088,"Employment in agriculture by age, 15 to 24",3,Female,6199,Value,2024,2024,1000 No,11.870000,X,Repository: ILO-STATISTICS - Micro data processing | Data reference period: Second quarter
95,'340,Honduras,3022,ILOSTAT - Household survey,21088,"Employment in agriculture by age, 15 to 24",3,Female,6199,Value,2025,2025,1000 No,19.480000,X,Repository: ILO-STATISTICS - Micro data processing | Data reference period: Second quarter
95,'340,Honduras,3022,ILOSTAT - Household survey,21089,"Employment in agriculture by age, 25 to 54",1,Total,6199,Value,2005,2005,1000 No,396.790000,B,Break in series: Methodology revised Repository: ILO-STATISTICS - Micro data processing
95,'340,Honduras,3022,ILOSTAT - Household survey,21089,"Employment in agriculture by age, 25 to 54",1,Total,6199,Value,2006,2006,1000 No,453.310000,X,Repository: ILO-STATISTICS - Micro data processing
95,'340,Honduras,3022,ILOSTAT - Household survey,21089,"Employment in agriculture by age, 25 to 54",1,Total,6199,Value,2007,2007,1000 No,434.530000,X,Repository: ILO-STATISTICS - Micro data processing
95,'340,Honduras,3022,ILOSTAT - Household survey,21089,"Employment in agriculture by age, 25 to 54",1,Total,6199,Value,2008,2008,1000 No,459.120000,B,Break in series: Methodology revised Repository: ILO-STATISTICS - Micro data processing
95,'340,Honduras,3022,ILOSTAT - Household survey,21089,"Employment in agriculture by age, 25 to 54",1,Total,6199,Value,2009,2009,1000 No,491.440000,X,Repository: ILO-STATISTICS - Micro data processing
95,'340,Honduras,3022,ILOSTAT - Household survey,21089,"Employment in agriculture by age, 25 to 54",1,Total,6199,Value,2010,2010,1000 No,532.360000,X,Repository: ILO-STATISTICS - Micro data processing
95,'340,Honduras,3022,ILOSTAT - Household survey,21089,"Employment in agriculture by age, 25 to 54",1,Total,6199,Value,2011,2011,1000 No,504.480000,X,Repository: ILO-STATISTICS - Micro data processing
95,'340,Honduras,3022,ILOSTAT - Household survey,21089,"Employment in agriculture by age, 25 to 54",1,Total,6199,Value,2012,2012,1000 No,543.620000,X,Repository: ILO-STATISTICS - Micro data processing
95,'340,Honduras,3022,ILOSTAT - Household survey,21089,"Employment in agriculture by age, 25 to 54",1,Total,6199,Value,2013,2013,1000 No,544.020000,X,Repository: ILO-STATISTICS - Micro data processing
95,'340,Honduras,3022,ILOSTAT - Household survey,21089,"Employment in agriculture by age, 25 to 54",1,Total,6199,Value,2014,2014,1000 No,466.740000,X,Repository: ILO-STATISTICS - Micro data processing
95,'340,Honduras,3022,ILOSTAT - Household survey,21089,"Employment in agriculture by age, 25 to 54",1,Total,6199,Value,2015,2015,1000 No,469.340000,X,Repository: ILO-STATISTICS - Micro data processing
95,'340,Honduras,3022,ILOSTAT - Household survey,21089,"Employment in agriculture by age, 25 to 54",1,Total,6199,Value,2016,2016,1000 No,465.430000,X,Repository: ILO-STATISTICS - Micro data processing
95,'340,Honduras,3022,ILOSTAT - Household survey,21089,"Employment in agriculture by age, 25 to 54",1,Total,6199,Value,2017,2017,1000 No,574.730000,X,Repository: ILO-STATISTICS - Micro data processing | Data reference period: Second quarter
95,'340,Honduras,3022,ILOSTAT - Household survey,21089,"Employment in agriculture by age, 25 to 54",1,Total,6199,Value,2018,2018,1000 No,596.960000,B,Break in series: Methodology revised Repository: ILO-STATISTICS - Micro data processing | Data reference period: Second quarter
95,'340,Honduras,3022,ILOSTAT - Household survey,21089,"Employment in agriculture by age, 25 to 54",1,Total,6199,Value,2019,2019,1000 No,549.500000,X,Repository: ILO-STATISTICS - Micro data processing | Data reference period: Second quarter
95,'340,Honduras,3022,ILOSTAT - Household survey,21089,"Employment in agriculture by age, 25 to 54",1,Total,6199,Value,2020,2020,1000 No,438.060000,B,Break in series: Methodology revised Repository: ILO-STATISTICS - Micro data processing | Data reference period: Second quarter
95,'340,Honduras,3022,ILOSTAT - Household survey,21089,"Employment in agriculture by age, 25 to 54",1,Total,6199,Value,2021,2021,1000 No,429.850000,X,Repository: ILO-STATISTICS - Micro data processing | Data reference period: Second quarter
95,'340,Honduras,3022,ILOSTAT - Household survey,21089,"Employment in agriculture by age, 25 to 54",1,Total,6199,Value,2022,2022,1000 No,425.010000,X,Repository: ILO-STATISTICS - Micro data processing | Data reference period: Second quarter
95,'340,Honduras,3022,ILOSTAT - Household survey,21089,"Employment in agriculture by age, 25 to 54",1,Total,6199,Value,2023,2023,1000 No,441.910000,X,Repository: ILO-STATISTICS - Micro data processing | Data reference period: Second quarter
95,'340,Honduras,3022,ILOSTAT - Household survey,21089,"Employment in agriculture by age, 25 to 54",1,Total,6199,Value,2024,2024,1000 No,454.750000,X,Repository: ILO-STATISTICS - Micro data processing | Data reference period: Second quarter
95,'340,Honduras,3022,ILOSTAT - Household survey,21089,"Employment in agriculture by age, 25 to 54",1,Total,6199,Value,2025,2025,1000 No,484.550000,X,Repository: ILO-STATISTICS - Micro data processing | Data reference period: Second quarter
95,'340,Honduras,3022,ILOSTAT - Household survey,21089,"Employment in agriculture by age, 25 to 54",2,Male,6199,Value,2005,2005,1000 No,349.770000,B,Break in series: Methodology revised Repository: ILO-STATISTICS - Micro data processing
95,'340,Honduras,3022,ILOSTAT - Household survey,21089,"Employment in agriculture by age, 25 to 54",2,Male,6199,Value,2006,2006,1000 No,391.840000,X,Repository: ILO-STATISTICS - Micro data processing
95,'340,Honduras,3022,ILOSTAT - Household survey,21089,"Employment in agriculture by age, 25 to 54",2,Male,6199,Value,2007,2007,1000 No,381.020000,X,Repository: ILO-STATISTICS - Micro data processing
95,'340,Honduras,3022,ILOSTAT - Household survey,21089,"Employment in agriculture by age, 25 to 54",2,Male,6199,Value,2008,2008,1000 No,398.960000,B,Break in series: Methodology revised Repository: ILO-STATISTICS - Micro data processing
95,'340,Honduras,3022,ILOSTAT - Household survey,21089,"Employment in agriculture by age, 25 to 54",2,Male,6199,Value,2009,2009,1000 No,421.050000,X,Repository: ILO-STATISTICS - Micro data processing
95,'340,Honduras,3022,ILOSTAT - Household survey,21089,"Employment in agriculture by age, 25 to 54",2,Male,6199,Value,2010,2010,1000 No,450.430000,X,Repository: ILO-STATISTICS - Micro data processing
95,'340,Honduras,3022,ILOSTAT - Household survey,21089,"Employment in agriculture by age, 25 to 54",2,Male,6199,Value,2011,2011,1000 No,443.990000,X,Repository: ILO-STATISTICS - Micro data processing
95,'340,Honduras,3022,ILOSTAT - Household survey,21089,"Employment in agriculture by age, 25 to 54",2,Male,6199,Value,2012,2012,1000 No,477.780000,X,Repository: ILO-STATISTICS - Micro data processing
95,'340,Honduras,3022,ILOSTAT - Household survey,21089,"Employment in agriculture by age, 25 to 54",2,Male,6199,Value,2013,2013,1000 No,473.650000,X,Repository: ILO-STATISTICS - Micro data processing
95,'340,Honduras,3022,ILOSTAT - Household survey,21089,"Employment in agriculture by age, 25 to 54",2,Male,6199,Value,2014,2014,1000 No,398.680000,X,Repository: ILO-STATISTICS - Micro data processing
95,'340,Honduras,3022,ILOSTAT - Household survey,21089,"Employment in agriculture by age, 25 to 54",2,Male,6199,Value,2015,2015,1000 No,412.060000,X,Repository: ILO-STATISTICS - Micro data processing
95,'340,Honduras,3022,ILOSTAT - Household survey,21089,"Employment in agriculture by age, 25 to 54",2,Male,6199,Value,2016,2016,1000 No,404.780000,X,Repository: ILO-STATISTICS - Micro data processing
95,'340,Honduras,3022,ILOSTAT - Household survey,21089,"Employment in agriculture by age, 25 to 54",2,Male,6199,Value,2017,2017,1000 No,496.410000,X,Repository: ILO-STATISTICS - Micro data processing | Data reference period: Second quarter
95,'340,Honduras,3022,ILOSTAT - Household survey,21089,"Employment in agriculture by age, 25 to 54",2,Male,6199,Value,2018,2018,1000 No,503.640000,B,Break in series: Methodology revised Repository: ILO-STATISTICS - Micro data processing | Data reference period: Second quarter
95,'340,Honduras,3022,ILOSTAT - Household survey,21089,"Employment in agriculture by age, 25 to 54",2,Male,6199,Value,2019,2019,1000 No,478.080000,X,Repository: ILO-STATISTICS - Micro data processing | Data reference period: Second quarter
95,'340,Honduras,3022,ILOSTAT - Household survey,21089,"Employment in agriculture by age, 25 to 54",2,Male,6199,Value,2020,2020,1000 No,372.470000,B,Break in series: Methodology revised Repository: ILO-STATISTICS - Micro data processing | Data reference period: Second quarter
95,'340,Honduras,3022,ILOSTAT - Household survey,21089,"Employment in agriculture by age, 25 to 54",2,Male,6199,Value,2021,2021,1000 No,349.870000,X,Repository: ILO-STATISTICS - Micro data processing | Data reference period: Second quarter
95,'340,Honduras,3022,ILOSTAT - Household survey,21089,"Employment in agriculture by age, 25 to 54",2,Male,6199,Value,2022,2022,1000 No,373.930000,X,Repository: ILO-STATISTICS - Micro data processing | Data reference period: Second quarter
95,'340,Honduras,3022,ILOSTAT - Household survey,21089,"Employment in agriculture by age, 25 to 54",2,Male,6199,Value,2023,2023,1000 No,399.360000,X,Repository: ILO-STATISTICS - Micro data processing | Data reference period: Second quarter
95,'340,Honduras,3022,ILOSTAT - Household survey,21089,"Employment in agriculture by age, 25 to 54",2,Male,6199,Value,2024,2024,1000 No,412.670000,X,Repository: ILO-STATISTICS - Micro data processing | Data reference period: Second quarter
95,'340,Honduras,3022,ILOSTAT - Household survey,21089,"Employment in agriculture by age, 25 to 54",2,Male,6199,Value,2025,2025,1000 No,430.170000,X,Repository: ILO-STATISTICS - Micro data processing | Data reference period: Second quarter
95,'340,Honduras,3022,ILOSTAT - Household survey,21089,"Employment in agriculture by age, 25 to 54",3,Female,6199,Value,2005,2005,1000 No,47.020000,B,Break in series: Methodology revised Repository: ILO-STATISTICS - Micro data processing
95,'340,Honduras,3022,ILOSTAT - Household survey,21089,"Employment in agriculture by age, 25 to 54",3,Female,6199,Value,2006,2006,1000 No,61.470000,X,Repository: ILO-STATISTICS - Micro data processing
95,'340,Honduras,3022,ILOSTAT - Household survey,21089,"Employment in agriculture by age, 25 to 54",3,Female,6199,Value,2007,2007,1000 No,53.510000,X,Repository: ILO-STATISTICS - Micro data processing
95,'340,Honduras,3022,ILOSTAT - Household survey,21089,"Employment in agriculture by age, 25 to 54",3,Female,6199,Value,2008,2008,1000 No,60.160000,B,Break in series: Methodology revised Repository: ILO-STATISTICS - Micro data processing
95,'340,Honduras,3022,ILOSTAT - Household survey,21089,"Employment in agriculture by age, 25 to 54",3,Female,6199,Value,2009,2009,1000 No,70.390000,X,Repository: ILO-STATISTICS - Micro data processing
95,'340,Honduras,3022,ILOSTAT - Household survey,21089,"Employment in agriculture by age, 25 to 54",3,Female,6199,Value,2010,2010,1000 No,81.930000,X,Repository: ILO-STATISTICS - Micro data processing
95,'340,Honduras,3022,ILOSTAT - Household survey,21089,"Employment in agriculture by age, 25 to 54",3,Female,6199,Value,2011,2011,1000 No,60.500000,X,Repository: ILO-STATISTICS - Micro data processing
95,'340,Honduras,3022,ILOSTAT - Household survey,21089,"Employment in agriculture by age, 25 to 54",3,Female,6199,Value,2012,2012,1000 No,65.850000,X,Repository: ILO-STATISTICS - Micro data processing
95,'340,Honduras,3022,ILOSTAT - Household survey,21089,"Employment in agriculture by age, 25 to 54",3,Female,6199,Value,2013,2013,1000 No,70.360000,X,Repository: ILO-STATISTICS - Micro data processing
95,'340,Honduras,3022,ILOSTAT - Household survey,21089,"Employment in agriculture by age, 25 to 54",3,Female,6199,Value,2014,2014,1000 No,68.060000,X,Repository: ILO-STATISTICS - Micro data processing
95,'340,Honduras,3022,ILOSTAT - Household survey,21089,"Employment in agriculture by age, 25 to 54",3,Female,6199,Value,2015,2015,1000 No,57.280000,X,Repository: ILO-STATISTICS - Micro data processing
95,'340,Honduras,3022,ILOSTAT - Household survey,21089,"Employment in agriculture by age, 25 to 54",3,Female,6199,Value,2016,2016,1000 No,60.650000,X,Repository: ILO-STATISTICS - Micro data processing
95,'340,Honduras,3022,ILOSTAT - Household survey,21089,"Employment in agriculture by age, 25 to 54",3,Female,6199,Value,2017,2017,1000 No,78.320000,X,Repository: ILO-STATISTICS - Micro data processing | Data reference period: Second quarter
95,'340,Honduras,3022,ILOSTAT - Household survey,21089,"Employment in agriculture by age, 25 to 54",3,Female,6199,Value,2018,2018,1000 No,93.310000,B,Break in series: Methodology revised Repository: ILO-STATISTICS - Micro data processing | Data reference period: Second quarter
95,'340,Honduras,3022,ILOSTAT - Household survey,21089,"Employment in agriculture by age, 25 to 54",3,Female,6199,Value,2019,2019,1000 No,71.410000,X,Repository: ILO-STATISTICS - Micro data processing | Data reference period: Second quarter
95,'340,Honduras,3022,ILOSTAT - Household survey,21089,"Employment in agriculture by age, 25 to 54",3,Female,6199,Value,2020,2020,1000 No,65.600000,B,Break in series: Methodology revised Repository: ILO-STATISTICS - Micro data processing | Data reference period: Second quarter
95,'340,Honduras,3022,ILOSTAT - Household survey,21089,"Employment in agriculture by age, 25 to 54",3,Female,6199,Value,2021,2021,1000 No,79.980000,X,Repository: ILO-STATISTICS - Micro data processing | Data reference period: Second quarter
95,'340,Honduras,3022,ILOSTAT - Household survey,21089,"Employment in agriculture by age, 25 to 54",3,Female,6199,Value,2022,2022,1000 No,51.070000,X,Repository: ILO-STATISTICS - Micro data processing | Data reference period: Second quarter
95,'340,Honduras,3022,ILOSTAT - Household survey,21089,"Employment in agriculture by age, 25 to 54",3,Female,6199,Value,2023,2023,1000 No,42.540000,X,Repository: ILO-STATISTICS - Micro data processing | Data reference period: Second quarter
95,'340,Honduras,3022,ILOSTAT - Household survey,21089,"Employment in agriculture by age, 25 to 54",3,Female,6199,Value,2024,2024,1000 No,42.090000,X,Repository: ILO-STATISTICS - Micro data processing | Data reference period: Second quarter
95,'340,Honduras,3022,ILOSTAT - Household survey,21089,"Employment in agriculture by age, 25 to 54",3,Female,6199,Value,2025,2025,1000 No,54.380000,X,Repository: ILO-STATISTICS - Micro data processing | Data reference period: Second quarter
95,'340,Honduras,3022,ILOSTAT - Household survey,21090,"Employment in agriculture by age, 55 to 64",1,Total,6199,Value,2005,2005,1000 No,89.470000,B,Break in series: Methodology revised Repository: ILO-STATISTICS - Micro data processing
95,'340,Honduras,3022,ILOSTAT - Household survey,21090,"Employment in agriculture by age, 55 to 64",1,Total,6199,Value,2006,2006,1000 No,100.820000,X,Repository: ILO-STATISTICS - Micro data processing
95,'340,Honduras,3022,ILOSTAT - Household survey,21090,"Employment in agriculture by age, 55 to 64",1,Total,6199,Value,2007,2007,1000 No,100.230000,X,Repository: ILO-STATISTICS - Micro data processing
95,'340,Honduras,3022,ILOSTAT - Household survey,21090,"Employment in agriculture by age, 55 to 64",1,Total,6199,Value,2008,2008,1000 No,104.590000,B,Break in series: Methodology revised Repository: ILO-STATISTICS - Micro data processing
95,'340,Honduras,3022,ILOSTAT - Household survey,21090,"Employment in agriculture by age, 55 to 64",1,Total,6199,Value,2009,2009,1000 No,113.770000,X,Repository: ILO-STATISTICS - Micro data processing
95,'340,Honduras,3022,ILOSTAT - Household survey,21090,"Employment in agriculture by age, 55 to 64",1,Total,6199,Value,2010,2010,1000 No,132.360000,X,Repository: ILO-STATISTICS - Micro data processing
95,'340,Honduras,3022,ILOSTAT - Household survey,21090,"Employment in agriculture by age, 55 to 64",1,Total,6199,Value,2011,2011,1000 No,121.510000,X,Repository: ILO-STATISTICS - Micro data processing
95,'340,Honduras,3022,ILOSTAT - Household survey,21090,"Employment in agriculture by age, 55 to 64",1,Total,6199,Value,2012,2012,1000 No,125.170000,X,Repository: ILO-STATISTICS - Micro data processing
95,'340,Honduras,3022,ILOSTAT - Household survey,21090,"Employment in agriculture by age, 55 to 64",1,Total,6199,Value,2013,2013,1000 No,136.040000,X,Repository: ILO-STATISTICS - Micro data processing
95,'340,Honduras,3022,ILOSTAT - Household survey,21090,"Employment in agriculture by age, 55 to 64",1,Total,6199,Value,2014,2014,1000 No,98.780000,X,Repository: ILO-STATISTICS - Micro data processing
95,'340,Honduras,3022,ILOSTAT - Household survey,21090,"Employment in agriculture by age, 55 to 64",1,Total,6199,Value,2015,2015,1000 No,106.480000,X,Repository: ILO-STATISTICS - Micro data processing
95,'340,Honduras,3022,ILOSTAT - Household survey,21090,"Employment in agriculture by age, 55 to 64",1,Total,6199,Value,2016,2016,1000 No,111.700000,X,Repository: ILO-STATISTICS - Micro data processing
95,'340,Honduras,3022,ILOSTAT - Household survey,21090,"Employment in agriculture by age, 55 to 64",1,Total,6199,Value,2017,2017,1000 No,129.510000,X,Repository: ILO-STATISTICS - Micro data processing | Data reference period: Second quarter
95,'340,Honduras,3022,ILOSTAT - Household survey,21090,"Employment in agriculture by age, 55 to 64",1,Total,6199,Value,2018,2018,1000 No,145.170000,B,Break in series: Methodology revised Repository: ILO-STATISTICS - Micro data processing | Data reference period: Second quarter
95,'340,Honduras,3022,ILOSTAT - Household survey,21090,"Employment in agriculture by age, 55 to 64",1,Total,6199,Value,2019,2019,1000 No,133.570000,X,Repository: ILO-STATISTICS - Micro data processing | Data reference period: Second quarter
95,'340,Honduras,3022,ILOSTAT - Household survey,21090,"Employment in agriculture by age, 55 to 64",1,Total,6199,Value,2020,2020,1000 No,84.070000,B,Break in series: Methodology revised Repository: ILO-STATISTICS - Micro data processing | Data reference period: Second quarter
95,'340,Honduras,3022,ILOSTAT - Household survey,21090,"Employment in agriculture by age, 55 to 64",1,Total,6199,Value,2021,2021,1000 No,82.630000,X,Repository: ILO-STATISTICS - Micro data processing | Data reference period: Second quarter
95,'340,Honduras,3022,ILOSTAT - Household survey,21090,"Employment in agriculture by age, 55 to 64",1,Total,6199,Value,2022,2022,1000 No,81.060000,X,Repository: ILO-STATISTICS - Micro data processing | Data reference period: Second quarter
95,'340,Honduras,3022,ILOSTAT - Household survey,21090,"Employment in agriculture by age, 55 to 64",1,Total,6199,Value,2023,2023,1000 No,112.800000,X,Repository: ILO-STATISTICS - Micro data processing | Data reference period: Second quarter
95,'340,Honduras,3022,ILOSTAT - Household survey,21090,"Employment in agriculture by age, 55 to 64",1,Total,6199,Value,2024,2024,1000 No,92.230000,X,Repository: ILO-STATISTICS - Micro data processing | Data reference period: Second quarter
95,'340,Honduras,3022,ILOSTAT - Household survey,21090,"Employment in agriculture by age, 55 to 64",1,Total,6199,Value,2025,2025,1000 No,104.800000,X,Repository: ILO-STATISTICS - Micro data processing | Data reference period: Second quarter
95,'340,Honduras,3022,ILOSTAT - Household survey,21090,"Employment in agriculture by age, 55 to 64",2,Male,6199,Value,2005,2005,1000 No,81.520000,B,Break in series: Methodology revised Repository: ILO-STATISTICS - Micro data processing
95,'340,Honduras,3022,ILOSTAT - Household survey,21090,"Employment in agriculture by age, 55 to 64",2,Male,6199,Value,2006,2006,1000 No,86.800000,X,Repository: ILO-STATISTICS - Micro data processing
95,'340,Honduras,3022,ILOSTAT - Household survey,21090,"Employment in agriculture by age, 55 to 64",2,Male,6199,Value,2007,2007,1000 No,90.950000,X,Repository: ILO-STATISTICS - Micro data processing
95,'340,Honduras,3022,ILOSTAT - Household survey,21090,"Employment in agriculture by age, 55 to 64",2,Male,6199,Value,2008,2008,1000 No,94.030000,B,Break in series: Methodology revised Repository: ILO-STATISTICS - Micro data processing
95,'340,Honduras,3022,ILOSTAT - Household survey,21090,"Employment in agriculture by age, 55 to 64",2,Male,6199,Value,2009,2009,1000 No,98.320000,X,Repository: ILO-STATISTICS - Micro data processing
95,'340,Honduras,3022,ILOSTAT - Household survey,21090,"Employment in agriculture by age, 55 to 64",2,Male,6199,Value,2010,2010,1000 No,111.070000,X,Repository: ILO-STATISTICS - Micro data processing
95,'340,Honduras,3022,ILOSTAT - Household survey,21090,"Employment in agriculture by age, 55 to 64",2,Male,6199,Value,2011,2011,1000 No,108.500000,X,Repository: ILO-STATISTICS - Micro data processing
95,'340,Honduras,3022,ILOSTAT - Household survey,21090,"Employment in agriculture by age, 55 to 64",2,Male,6199,Value,2012,2012,1000 No,104.880000,X,Repository: ILO-STATISTICS - Micro data processing
95,'340,Honduras,3022,ILOSTAT - Household survey,21090,"Employment in agriculture by age, 55 to 64",2,Male,6199,Value,2013,2013,1000 No,118.010000,X,Repository: ILO-STATISTICS - Micro data processing
95,'340,Honduras,3022,ILOSTAT - Household survey,21090,"Employment in agriculture by age, 55 to 64",2,Male,6199,Value,2014,2014,1000 No,86.030000,X,Repository: ILO-STATISTICS - Micro data processing
95,'340,Honduras,3022,ILOSTAT - Household survey,21090,"Employment in agriculture by age, 55 to 64",2,Male,6199,Value,2015,2015,1000 No,90.960000,X,Repository: ILO-STATISTICS - Micro data processing
95,'340,Honduras,3022,ILOSTAT - Household survey,21090,"Employment in agriculture by age, 55 to 64",2,Male,6199,Value,2016,2016,1000 No,95.480000,X,Repository: ILO-STATISTICS - Micro data processing
95,'340,Honduras,3022,ILOSTAT - Household survey,21090,"Employment in agriculture by age, 55 to 64",2,Male,6199,Value,2017,2017,1000 No,115.060000,X,Repository: ILO-STATISTICS - Micro data processing | Data reference period: Second quarter
95,'340,Honduras,3022,ILOSTAT - Household survey,21090,"Employment in agriculture by age, 55 to 64",2,Male,6199,Value,2018,2018,1000 No,118.360000,B,Break in series: Methodology revised Repository: ILO-STATISTICS - Micro data processing | Data reference period: Second quarter
95,'340,Honduras,3022,ILOSTAT - Household survey,21090,"Employment in agriculture by age, 55 to 64",2,Male,6199,Value,2019,2019,1000 No,120.200000,X,Repository: ILO-STATISTICS - Micro data processing | Data reference period: Second quarter
95,'340,Honduras,3022,ILOSTAT - Household survey,21090,"Employment in agriculture by age, 55 to 64",2,Male,6199,Value,2020,2020,1000 No,71.390000,B,Break in series: Methodology revised Repository: ILO-STATISTICS - Micro data processing | Data reference period: Second quarter
95,'340,Honduras,3022,ILOSTAT - Household survey,21090,"Employment in agriculture by age, 55 to 64",2,Male,6199,Value,2021,2021,1000 No,72.390000,X,Repository: ILO-STATISTICS - Micro data processing | Data reference period: Second quarter
95,'340,Honduras,3022,ILOSTAT - Household survey,21090,"Employment in agriculture by age, 55 to 64",2,Male,6199,Value,2022,2022,1000 No,72.760000,X,Repository: ILO-STATISTICS - Micro data processing | Data reference period: Second quarter
95,'340,Honduras,3022,ILOSTAT - Household survey,21090,"Employment in agriculture by age, 55 to 64",2,Male,6199,Value,2023,2023,1000 No,102.690000,X,Repository: ILO-STATISTICS - Micro data processing | Data reference period: Second quarter
95,'340,Honduras,3022,ILOSTAT - Household survey,21090,"Employment in agriculture by age, 55 to 64",2,Male,6199,Value,2024,2024,1000 No,82.540000,X,Repository: ILO-STATISTICS - Micro data processing | Data reference period: Second quarter
95,'340,Honduras,3022,ILOSTAT - Household survey,21090,"Employment in agriculture by age, 55 to 64",2,Male,6199,Value,2025,2025,1000 No,95.640000,X,Repository: ILO-STATISTICS - Micro data processing | Data reference period: Second quarter
95,'340,Honduras,3022,ILOSTAT - Household survey,21090,"Employment in agriculture by age, 55 to 64",3,Female,6199,Value,2005,2005,1000 No,7.950000,B,Break in series: Methodology revised Repository: ILO-STATISTICS - Micro data processing
95,'340,Honduras,3022,ILOSTAT - Household survey,21090,"Employment in agriculture by age, 55 to 64",3,Female,6199,Value,2006,2006,1000 No,14.020000,X,Repository: ILO-STATISTICS - Micro data processing
95,'340,Honduras,3022,ILOSTAT - Household survey,21090,"Employment in agriculture by age, 55 to 64",3,Female,6199,Value,2007,2007,1000 No,9.280000,X,Repository: ILO-STATISTICS - Micro data processing
95,'340,Honduras,3022,ILOSTAT - Household survey,21090,"Employment in agriculture by age, 55 to 64",3,Female,6199,Value,2008,2008,1000 No,10.560000,B,Break in series: Methodology revised Repository: ILO-STATISTICS - Micro data processing
95,'340,Honduras,3022,ILOSTAT - Household survey,21090,"Employment in agriculture by age, 55 to 64",3,Female,6199,Value,2009,2009,1000 No,15.450000,X,Repository: ILO-STATISTICS - Micro data processing
95,'340,Honduras,3022,ILOSTAT - Household survey,21090,"Employment in agriculture by age, 55 to 64",3,Female,6199,Value,2010,2010,1000 No,21.290000,X,Repository: ILO-STATISTICS - Micro data processing
95,'340,Honduras,3022,ILOSTAT - Household survey,21090,"Employment in agriculture by age, 55 to 64",3,Female,6199,Value,2011,2011,1000 No,13.000000,X,Repository: ILO-STATISTICS - Micro data processing
95,'340,Honduras,3022,ILOSTAT - Household survey,21090,"Employment in agriculture by age, 55 to 64",3,Female,6199,Value,2012,2012,1000 No,20.290000,X,Repository: ILO-STATISTICS - Micro data processing
95,'340,Honduras,3022,ILOSTAT - Household survey,21090,"Employment in agriculture by age, 55 to 64",3,Female,6199,Value,2013,2013,1000 No,18.030000,X,Repository: ILO-STATISTICS - Micro data processing
95,'340,Honduras,3022,ILOSTAT - Household survey,21090,"Employment in agriculture by age, 55 to 64",3,Female,6199,Value,2014,2014,1000 No,12.750000,X,Repository: ILO-STATISTICS - Micro data processing
95,'340,Honduras,3022,ILOSTAT - Household survey,21090,"Employment in agriculture by age, 55 to 64",3,Female,6199,Value,2015,2015,1000 No,15.520000,X,Repository: ILO-STATISTICS - Micro data processing
95,'340,Honduras,3022,ILOSTAT - Household survey,21090,"Employment in agriculture by age, 55 to 64",3,Female,6199,Value,2016,2016,1000 No,16.220000,X,Repository: ILO-STATISTICS - Micro data processing
95,'340,Honduras,3022,ILOSTAT - Household survey,21090,"Employment in agriculture by age, 55 to 64",3,Female,6199,Value,2017,2017,1000 No,14.450000,X,Repository: ILO-STATISTICS - Micro data processing | Data reference period: Second quarter
95,'340,Honduras,3022,ILOSTAT - Household survey,21090,"Employment in agriculture by age, 55 to 64",3,Female,6199,Value,2018,2018,1000 No,26.810000,B,Break in series: Methodology revised Repository: ILO-STATISTICS - Micro data processing | Data reference period: Second quarter
95,'340,Honduras,3022,ILOSTAT - Household survey,21090,"Employment in agriculture by age, 55 to 64",3,Female,6199,Value,2019,2019,1000 No,13.370000,X,Repository: ILO-STATISTICS - Micro data processing | Data reference period: Second quarter
95,'340,Honduras,3022,ILOSTAT - Household survey,21090,"Employment in agriculture by age, 55 to 64",3,Female,6199,Value,2020,2020,1000 No,12.680000,U,Unreliable Break in series: Methodology revised Repository: ILO-STATISTICS - Micro data processing | Data reference period: Second quarter
95,'340,Honduras,3022,ILOSTAT - Household survey,21090,"Employment in agriculture by age, 55 to 64",3,Female,6199,Value,2021,2021,1000 No,10.240000,X,Repository: ILO-STATISTICS - Micro data processing | Data reference period: Second quarter
95,'340,Honduras,3022,ILOSTAT - Household survey,21090,"Employment in agriculture by age, 55 to 64",3,Female,6199,Value,2022,2022,1000 No,8.300000,X,Repository: ILO-STATISTICS - Micro data processing | Data reference period: Second quarter
95,'340,Honduras,3022,ILOSTAT - Household survey,21090,"Employment in agriculture by age, 55 to 64",3,Female,6199,Value,2023,2023,1000 No,10.110000,X,Repository: ILO-STATISTICS - Micro data processing | Data reference period: Second quarter
95,'340,Honduras,3022,ILOSTAT - Household survey,21090,"Employment in agriculture by age, 55 to 64",3,Female,6199,Value,2024,2024,1000 No,9.690000,X,Repository: ILO-STATISTICS - Micro data processing | Data reference period: Second quarter
95,'340,Honduras,3022,ILOSTAT - Household survey,21090,"Employment in agriculture by age, 55 to 64",3,Female,6199,Value,2025,2025,1000 No,9.160000,X,Repository: ILO-STATISTICS - Micro data processing | Data reference period: Second quarter
95,'340,Honduras,3022,ILOSTAT - Household survey,21086,"Employment in agriculture by age, 65+",1,Total,6199,Value,2005,2005,1000 No,80.380000,B,Break in series: Methodology revised Repository: ILO-STATISTICS - Micro data processing
95,'340,Honduras,3022,ILOSTAT - Household survey,21086,"Employment in agriculture by age, 65+",1,Total,6199,Value,2006,2006,1000 No,86.150000,X,Repository: ILO-STATISTICS - Micro data processing
95,'340,Honduras,3022,ILOSTAT - Household survey,21086,"Employment in agriculture by age, 65+",1,Total,6199,Value,2007,2007,1000 No,81.830000,X,Repository: ILO-STATISTICS - Micro data processing
95,'340,Honduras,3022,ILOSTAT - Household survey,21086,"Employment in agriculture by age, 65+",1,Total,6199,Value,2008,2008,1000 No,98.530000,B,Break in series: Methodology revised Repository: ILO-STATISTICS - Micro data processing
95,'340,Honduras,3022,ILOSTAT - Household survey,21086,"Employment in agriculture by age, 65+",1,Total,6199,Value,2009,2009,1000 No,108.490000,X,Repository: ILO-STATISTICS - Micro data processing
95,'340,Honduras,3022,ILOSTAT - Household survey,21086,"Employment in agriculture by age, 65+",1,Total,6199,Value,2010,2010,1000 No,111.170000,X,Repository: ILO-STATISTICS - Micro data processing
95,'340,Honduras,3022,ILOSTAT - Household survey,21086,"Employment in agriculture by age, 65+",1,Total,6199,Value,2011,2011,1000 No,101.940000,X,Repository: ILO-STATISTICS - Micro data processing
95,'340,Honduras,3022,ILOSTAT - Household survey,21086,"Employment in agriculture by age, 65+",1,Total,6199,Value,2012,2012,1000 No,113.990000,X,Repository: ILO-STATISTICS - Micro data processing
95,'340,Honduras,3022,ILOSTAT - Household survey,21086,"Employment in agriculture by age, 65+",1,Total,6199,Value,2013,2013,1000 No,122.030000,X,Repository: ILO-STATISTICS - Micro data processing
95,'340,Honduras,3022,ILOSTAT - Household survey,21086,"Employment in agriculture by age, 65+",1,Total,6199,Value,2014,2014,1000 No,94.320000,X,Repository: ILO-STATISTICS - Micro data processing
95,'340,Honduras,3022,ILOSTAT - Household survey,21086,"Employment in agriculture by age, 65+",1,Total,6199,Value,2015,2015,1000 No,94.980000,X,Repository: ILO-STATISTICS - Micro data processing
95,'340,Honduras,3022,ILOSTAT - Household survey,21086,"Employment in agriculture by age, 65+",1,Total,6199,Value,2016,2016,1000 No,94.700000,X,Repository: ILO-STATISTICS - Micro data processing
95,'340,Honduras,3022,ILOSTAT - Household survey,21086,"Employment in agriculture by age, 65+",1,Total,6199,Value,2017,2017,1000 No,118.590000,X,Repository: ILO-STATISTICS - Micro data processing | Data reference period: Second quarter
95,'340,Honduras,3022,ILOSTAT - Household survey,21086,"Employment in agriculture by age, 65+",1,Total,6199,Value,2018,2018,1000 No,130.980000,B,Break in series: Methodology revised Repository: ILO-STATISTICS - Micro data processing | Data reference period: Second quarter
95,'340,Honduras,3022,ILOSTAT - Household survey,21086,"Employment in agriculture by age, 65+",1,Total,6199,Value,2019,2019,1000 No,123.380000,X,Repository: ILO-STATISTICS - Micro data processing | Data reference period: Second quarter
95,'340,Honduras,3022,ILOSTAT - Household survey,21086,"Employment in agriculture by age, 65+",1,Total,6199,Value,2020,2020,1000 No,111.290000,B,Break in series: Methodology revised Repository: ILO-STATISTICS - Micro data processing | Data reference period: Second quarter
95,'340,Honduras,3022,ILOSTAT - Household survey,21086,"Employment in agriculture by age, 65+",1,Total,6199,Value,2021,2021,1000 No,75.230000,X,Repository: ILO-STATISTICS - Micro data processing | Data reference period: Second quarter
95,'340,Honduras,3022,ILOSTAT - Household survey,21086,"Employment in agriculture by age, 65+",1,Total,6199,Value,2022,2022,1000 No,56.730000,X,Repository: ILO-STATISTICS - Micro data processing | Data reference period: Second quarter
95,'340,Honduras,3022,ILOSTAT - Household survey,21086,"Employment in agriculture by age, 65+",1,Total,6199,Value,2023,2023,1000 No,94.870000,X,Repository: ILO-STATISTICS - Micro data processing | Data reference period: Second quarter
95,'340,Honduras,3022,ILOSTAT - Household survey,21086,"Employment in agriculture by age, 65+",1,Total,6199,Value,2024,2024,1000 No,93.010000,X,Repository: ILO-STATISTICS - Micro data processing | Data reference period: Second quarter
95,'340,Honduras,3022,ILOSTAT - Household survey,21086,"Employment in agriculture by age, 65+",1,Total,6199,Value,2025,2025,1000 No,113.020000,X,Repository: ILO-STATISTICS - Micro data processing | Data reference period: Second quarter
95,'340,Honduras,3022,ILOSTAT - Household survey,21086,"Employment in agriculture by age, 65+",2,Male,6199,Value,2005,2005,1000 No,71.910000,B,Break in series: Methodology revised Repository: ILO-STATISTICS - Micro data processing
95,'340,Honduras,3022,ILOSTAT - Household survey,21086,"Employment in agriculture by age, 65+",2,Male,6199,Value,2006,2006,1000 No,74.250000,X,Repository: ILO-STATISTICS - Micro data processing
95,'340,Honduras,3022,ILOSTAT - Household survey,21086,"Employment in agriculture by age, 65+",2,Male,6199,Value,2007,2007,1000 No,73.420000,X,Repository: ILO-STATISTICS - Micro data processing
95,'340,Honduras,3022,ILOSTAT - Household survey,21086,"Employment in agriculture by age, 65+",2,Male,6199,Value,2008,2008,1000 No,86.830000,B,Break in series: Methodology revised Repository: ILO-STATISTICS - Micro data processing
95,'340,Honduras,3022,ILOSTAT - Household survey,21086,"Employment in agriculture by age, 65+",2,Male,6199,Value,2009,2009,1000 No,94.130000,X,Repository: ILO-STATISTICS - Micro data processing
95,'340,Honduras,3022,ILOSTAT - Household survey,21086,"Employment in agriculture by age, 65+",2,Male,6199,Value,2010,2010,1000 No,95.870000,X,Repository: ILO-STATISTICS - Micro data processing
95,'340,Honduras,3022,ILOSTAT - Household survey,21086,"Employment in agriculture by age, 65+",2,Male,6199,Value,2011,2011,1000 No,89.480000,X,Repository: ILO-STATISTICS - Micro data processing
95,'340,Honduras,3022,ILOSTAT - Household survey,21086,"Employment in agriculture by age, 65+",2,Male,6199,Value,2012,2012,1000 No,100.670000,X,Repository: ILO-STATISTICS - Micro data processing
95,'340,Honduras,3022,ILOSTAT - Household survey,21086,"Employment in agriculture by age, 65+",2,Male,6199,Value,2013,2013,1000 No,105.750000,X,Repository: ILO-STATISTICS - Micro data processing
95,'340,Honduras,3022,ILOSTAT - Household survey,21086,"Employment in agriculture by age, 65+",2,Male,6199,Value,2014,2014,1000 No,77.160000,X,Repository: ILO-STATISTICS - Micro data processing
95,'340,Honduras,3022,ILOSTAT - Household survey,21086,"Employment in agriculture by age, 65+",2,Male,6199,Value,2015,2015,1000 No,85.890000,X,Repository: ILO-STATISTICS - Micro data processing
95,'340,Honduras,3022,ILOSTAT - Household survey,21086,"Employment in agriculture by age, 65+",2,Male,6199,Value,2016,2016,1000 No,82.160000,X,Repository: ILO-STATISTICS - Micro data processing
95,'340,Honduras,3022,ILOSTAT - Household survey,21086,"Employment in agriculture by age, 65+",2,Male,6199,Value,2017,2017,1000 No,99.920000,X,Repository: ILO-STATISTICS - Micro data processing | Data reference period: Second quarter
95,'340,Honduras,3022,ILOSTAT - Household survey,21086,"Employment in agriculture by age, 65+",2,Male,6199,Value,2018,2018,1000 No,111.320000,B,Break in series: Methodology revised Repository: ILO-STATISTICS - Micro data processing | Data reference period: Second quarter
95,'340,Honduras,3022,ILOSTAT - Household survey,21086,"Employment in agriculture by age, 65+",2,Male,6199,Value,2019,2019,1000 No,111.420000,X,Repository: ILO-STATISTICS - Micro data processing | Data reference period: Second quarter
95,'340,Honduras,3022,ILOSTAT - Household survey,21086,"Employment in agriculture by age, 65+",2,Male,6199,Value,2020,2020,1000 No,86.330000,B,Break in series: Methodology revised Repository: ILO-STATISTICS - Micro data processing | Data reference period: Second quarter
95,'340,Honduras,3022,ILOSTAT - Household survey,21086,"Employment in agriculture by age, 65+",2,Male,6199,Value,2021,2021,1000 No,65.340000,X,Repository: ILO-STATISTICS - Micro data processing | Data reference period: Second quarter
95,'340,Honduras,3022,ILOSTAT - Household survey,21086,"Employment in agriculture by age, 65+",2,Male,6199,Value,2022,2022,1000 No,51.640000,X,Repository: ILO-STATISTICS - Micro data processing | Data reference period: Second quarter
95,'340,Honduras,3022,ILOSTAT - Household survey,21086,"Employment in agriculture by age, 65+",2,Male,6199,Value,2023,2023,1000 No,88.480000,X,Repository: ILO-STATISTICS - Micro data processing | Data reference period: Second quarter
95,'340,Honduras,3022,ILOSTAT - Household survey,21086,"Employment in agriculture by age, 65+",2,Male,6199,Value,2024,2024,1000 No,86.290000,X,Repository: ILO-STATISTICS - Micro data processing | Data reference period: Second quarter
95,'340,Honduras,3022,ILOSTAT - Household survey,21086,"Employment in agriculture by age, 65+",2,Male,6199,Value,2025,2025,1000 No,102.290000,X,Repository: ILO-STATISTICS - Micro data processing | Data reference period: Second quarter
95,'340,Honduras,3022,ILOSTAT - Household survey,21086,"Employment in agriculture by age, 65+",3,Female,6199,Value,2005,2005,1000 No,8.460000,B,Break in series: Methodology revised Repository: ILO-STATISTICS - Micro data processing
95,'340,Honduras,3022,ILOSTAT - Household survey,21086,"Employment in agriculture by age, 65+",3,Female,6199,Value,2006,2006,1000 No,11.900000,X,Repository: ILO-STATISTICS - Micro data processing
95,'340,Honduras,3022,ILOSTAT - Household survey,21086,"Employment in agriculture by age, 65+",3,Female,6199,Value,2007,2007,1000 No,8.410000,X,Repository: ILO-STATISTICS - Micro data processing
95,'340,Honduras,3022,ILOSTAT - Household survey,21086,"Employment in agriculture by age, 65+",3,Female,6199,Value,2008,2008,1000 No,11.700000,B,Break in series: Methodology revised Repository: ILO-STATISTICS - Micro data processing
95,'340,Honduras,3022,ILOSTAT - Household survey,21086,"Employment in agriculture by age, 65+",3,Female,6199,Value,2009,2009,1000 No,14.360000,X,Repository: ILO-STATISTICS - Micro data processing
95,'340,Honduras,3022,ILOSTAT - Household survey,21086,"Employment in agriculture by age, 65+",3,Female,6199,Value,2010,2010,1000 No,15.310000,X,Repository: ILO-STATISTICS - Micro data processing
95,'340,Honduras,3022,ILOSTAT - Household survey,21086,"Employment in agriculture by age, 65+",3,Female,6199,Value,2011,2011,1000 No,12.470000,X,Repository: ILO-STATISTICS - Micro data processing
95,'340,Honduras,3022,ILOSTAT - Household survey,21086,"Employment in agriculture by age, 65+",3,Female,6199,Value,2012,2012,1000 No,13.320000,X,Repository: ILO-STATISTICS - Micro data processing
95,'340,Honduras,3022,ILOSTAT - Household survey,21086,"Employment in agriculture by age, 65+",3,Female,6199,Value,2013,2013,1000 No,16.280000,X,Repository: ILO-STATISTICS - Micro data processing
95,'340,Honduras,3022,ILOSTAT - Household survey,21086,"Employment in agriculture by age, 65+",3,Female,6199,Value,2014,2014,1000 No,17.160000,X,Repository: ILO-STATISTICS - Micro data processing
95,'340,Honduras,3022,ILOSTAT - Household survey,21086,"Employment in agriculture by age, 65+",3,Female,6199,Value,2015,2015,1000 No,9.090000,X,Repository: ILO-STATISTICS - Micro data processing
95,'340,Honduras,3022,ILOSTAT - Household survey,21086,"Employment in agriculture by age, 65+",3,Female,6199,Value,2016,2016,1000 No,12.540000,X,Repository: ILO-STATISTICS - Micro data processing
95,'340,Honduras,3022,ILOSTAT - Household survey,21086,"Employment in agriculture by age, 65+",3,Female,6199,Value,2017,2017,1000 No,18.670000,X,Repository: ILO-STATISTICS - Micro data processing | Data reference period: Second quarter
95,'340,Honduras,3022,ILOSTAT - Household survey,21086,"Employment in agriculture by age, 65+",3,Female,6199,Value,2018,2018,1000 No,19.660000,B,Break in series: Methodology revised Repository: ILO-STATISTICS - Micro data processing | Data reference period: Second quarter
95,'340,Honduras,3022,ILOSTAT - Household survey,21086,"Employment in agriculture by age, 65+",3,Female,6199,Value,2019,2019,1000 No,11.960000,X,Repository: ILO-STATISTICS - Micro data processing | Data reference period: Second quarter
95,'340,Honduras,3022,ILOSTAT - Household survey,21086,"Employment in agriculture by age, 65+",3,Female,6199,Value,2020,2020,1000 No,24.960000,B,Break in series: Methodology revised Repository: ILO-STATISTICS - Micro data processing | Data reference period: Second quarter
95,'340,Honduras,3022,ILOSTAT - Household survey,21086,"Employment in agriculture by age, 65+",3,Female,6199,Value,2021,2021,1000 No,9.890000,X,Repository: ILO-STATISTICS - Micro data processing | Data reference period: Second quarter
95,'340,Honduras,3022,ILOSTAT - Household survey,21086,"Employment in agriculture by age, 65+",3,Female,6199,Value,2022,2022,1000 No,5.080000,U,Unreliable Repository: ILO-STATISTICS - Micro data processing | Data reference period: Second quarter
95,'340,Honduras,3022,ILOSTAT - Household survey,21086,"Employment in agriculture by age, 65+",3,Female,6199,Value,2023,2023,1000 No,6.390000,U,Unreliable Repository: ILO-STATISTICS - Micro data processing | Data reference period: Second quarter
95,'340,Honduras,3022,ILOSTAT - Household survey,21086,"Employment in agriculture by age, 65+",3,Female,6199,Value,2024,2024,1000 No,6.730000,X,Repository: ILO-STATISTICS - Micro data processing | Data reference period: Second quarter
95,'340,Honduras,3022,ILOSTAT - Household survey,21086,"Employment in agriculture by age, 65+",3,Female,6199,Value,2025,2025,1000 No,10.730000,X,Repository: ILO-STATISTICS - Micro data processing | Data reference period: Second quarter
95,'340,Honduras,3022,ILOSTAT - Household survey,21091,"Employment in agriculture by status of employment, total",1,Total,6199,Value,2005,2005,1000 No,837.680000,B,Break in series: Methodology revised Repository: ILO-STATISTICS - Micro data processing
95,'340,Honduras,3022,ILOSTAT - Household survey,21091,"Employment in agriculture by status of employment, total",1,Total,6199,Value,2006,2006,1000 No,920.970000,X,Repository: ILO-STATISTICS - Micro data processing
95,'340,Honduras,3022,ILOSTAT - Household survey,21091,"Employment in agriculture by status of employment, total",1,Total,6199,Value,2007,2007,1000 No,894.610000,X,Repository: ILO-STATISTICS - Micro data processing
95,'340,Honduras,3022,ILOSTAT - Household survey,21091,"Employment in agriculture by status of employment, total",1,Total,6199,Value,2008,2008,1000 No,971.160000,B,Break in series: Methodology revised Repository: ILO-STATISTICS - Micro data processing
95,'340,Honduras,3022,ILOSTAT - Household survey,21091,"Employment in agriculture by status of employment, total",1,Total,6199,Value,2009,2009,1000 No,1051.860000,X,Repository: ILO-STATISTICS - Micro data processing
95,'340,Honduras,3022,ILOSTAT - Household survey,21091,"Employment in agriculture by status of employment, total",1,Total,6199,Value,2010,2010,1000 No,1123.740000,X,Repository: ILO-STATISTICS - Micro data processing
95,'340,Honduras,3022,ILOSTAT - Household survey,21091,"Employment in agriculture by status of employment, total",1,Total,6199,Value,2011,2011,1000 No,1091.450000,X,Repository: ILO-STATISTICS - Micro data processing
95,'340,Honduras,3022,ILOSTAT - Household survey,21091,"Employment in agriculture by status of employment, total",1,Total,6199,Value,2012,2012,1000 No,1152.290000,X,Repository: ILO-STATISTICS - Micro data processing
95,'340,Honduras,3022,ILOSTAT - Household survey,21091,"Employment in agriculture by status of employment, total",1,Total,6199,Value,2013,2013,1000 No,1151.310000,X,Repository: ILO-STATISTICS - Micro data processing
95,'340,Honduras,3022,ILOSTAT - Household survey,21091,"Employment in agriculture by status of employment, total",1,Total,6199,Value,2014,2014,1000 No,953.460000,X,Repository: ILO-STATISTICS - Micro data processing
95,'340,Honduras,3022,ILOSTAT - Household survey,21091,"Employment in agriculture by status of employment, total",1,Total,6199,Value,2015,2015,1000 No,998.170000,X,Repository: ILO-STATISTICS - Micro data processing
95,'340,Honduras,3022,ILOSTAT - Household survey,21091,"Employment in agriculture by status of employment, total",1,Total,6199,Value,2016,2016,1000 No,961.100000,X,Repository: ILO-STATISTICS - Micro data processing
95,'340,Honduras,3022,ILOSTAT - Household survey,21091,"Employment in agriculture by status of employment, total",1,Total,6199,Value,2017,2017,1000 No,1172.830000,X,Repository: ILO-STATISTICS - Micro data processing | Data reference period: Second quarter
95,'340,Honduras,3022,ILOSTAT - Household survey,21091,"Employment in agriculture by status of employment, total",1,Total,6199,Value,2018,2018,1000 No,1202.000000,B,Break in series: Methodology revised Repository: ILO-STATISTICS - Micro data processing | Data reference period: Second quarter
95,'340,Honduras,3022,ILOSTAT - Household survey,21091,"Employment in agriculture by status of employment, total",1,Total,6199,Value,2019,2019,1000 No,1130.430000,X,Repository: ILO-STATISTICS - Micro data processing | Data reference period: Second quarter
95,'340,Honduras,3022,ILOSTAT - Household survey,21091,"Employment in agriculture by status of employment, total",1,Total,6199,Value,2020,2020,1000 No,855.980000,B,Break in series: Methodology revised Repository: ILO-STATISTICS - Micro data processing | Data reference period: Second quarter
95,'340,Honduras,3022,ILOSTAT - Household survey,21091,"Employment in agriculture by status of employment, total",1,Total,6199,Value,2021,2021,1000 No,826.950000,X,Repository: ILO-STATISTICS - Micro data processing | Data reference period: Second quarter
95,'340,Honduras,3022,ILOSTAT - Household survey,21091,"Employment in agriculture by status of employment, total",1,Total,6199,Value,2022,2022,1000 No,780.160000,X,Repository: ILO-STATISTICS - Micro data processing | Data reference period: Second quarter
95,'340,Honduras,3022,ILOSTAT - Household survey,21091,"Employment in agriculture by status of employment, total",1,Total,6199,Value,2023,2023,1000 No,848.160000,X,Repository: ILO-STATISTICS - Micro data processing | Data reference period: Second quarter
95,'340,Honduras,3022,ILOSTAT - Household survey,21091,"Employment in agriculture by status of employment, total",1,Total,6199,Value,2024,2024,1000 No,807.480000,X,Repository: ILO-STATISTICS - Micro data processing | Data reference period: Second quarter
95,'340,Honduras,3022,ILOSTAT - Household survey,21091,"Employment in agriculture by status of employment, total",1,Total,6199,Value,2025,2025,1000 No,891.910000,X,Repository: ILO-STATISTICS - Micro data processing | Data reference period: Second quarter
95,'340,Honduras,3022,ILOSTAT - Household survey,21091,"Employment in agriculture by status of employment, total",2,Male,6199,Value,2005,2005,1000 No,757.850000,B,Break in series: Methodology revised Repository: ILO-STATISTICS - Micro data processing
95,'340,Honduras,3022,ILOSTAT - Household survey,21091,"Employment in agriculture by status of employment, total",2,Male,6199,Value,2006,2006,1000 No,816.970000,X,Repository: ILO-STATISTICS - Micro data processing
95,'340,Honduras,3022,ILOSTAT - Household survey,21091,"Employment in agriculture by status of employment, total",2,Male,6199,Value,2007,2007,1000 No,804.570000,X,Repository: ILO-STATISTICS - Micro data processing
95,'340,Honduras,3022,ILOSTAT - Household survey,21091,"Employment in agriculture by status of employment, total",2,Male,6199,Value,2008,2008,1000 No,867.530000,B,Break in series: Methodology revised Repository: ILO-STATISTICS - Micro data processing
95,'340,Honduras,3022,ILOSTAT - Household survey,21091,"Employment in agriculture by status of employment, total",2,Male,6199,Value,2009,2009,1000 No,928.550000,X,Repository: ILO-STATISTICS - Micro data processing
95,'340,Honduras,3022,ILOSTAT - Household survey,21091,"Employment in agriculture by status of employment, total",2,Male,6199,Value,2010,2010,1000 No,985.150000,X,Repository: ILO-STATISTICS - Micro data processing
95,'340,Honduras,3022,ILOSTAT - Household survey,21091,"Employment in agriculture by status of employment, total",2,Male,6199,Value,2011,2011,1000 No,988.930000,X,Repository: ILO-STATISTICS - Micro data processing
95,'340,Honduras,3022,ILOSTAT - Household survey,21091,"Employment in agriculture by status of employment, total",2,Male,6199,Value,2012,2012,1000 No,1031.660000,X,Repository: ILO-STATISTICS - Micro data processing
95,'340,Honduras,3022,ILOSTAT - Household survey,21091,"Employment in agriculture by status of employment, total",2,Male,6199,Value,2013,2013,1000 No,1026.740000,X,Repository: ILO-STATISTICS - Micro data processing
95,'340,Honduras,3022,ILOSTAT - Household survey,21091,"Employment in agriculture by status of employment, total",2,Male,6199,Value,2014,2014,1000 No,833.640000,X,Repository: ILO-STATISTICS - Micro data processing
95,'340,Honduras,3022,ILOSTAT - Household survey,21091,"Employment in agriculture by status of employment, total",2,Male,6199,Value,2015,2015,1000 No,890.840000,X,Repository: ILO-STATISTICS - Micro data processing
95,'340,Honduras,3022,ILOSTAT - Household survey,21091,"Employment in agriculture by status of employment, total",2,Male,6199,Value,2016,2016,1000 No,846.680000,X,Repository: ILO-STATISTICS - Micro data processing
95,'340,Honduras,3022,ILOSTAT - Household survey,21091,"Employment in agriculture by status of employment, total",2,Male,6199,Value,2017,2017,1000 No,1035.570000,X,Repository: ILO-STATISTICS - Micro data processing | Data reference period: Second quarter
95,'340,Honduras,3022,ILOSTAT - Household survey,21091,"Employment in agriculture by status of employment, total",2,Male,6199,Value,2018,2018,1000 No,1030.820000,B,Break in series: Methodology revised Repository: ILO-STATISTICS - Micro data processing | Data reference period: Second quarter
95,'340,Honduras,3022,ILOSTAT - Household survey,21091,"Employment in agriculture by status of employment, total",2,Male,6199,Value,2019,2019,1000 No,1011.650000,X,Repository: ILO-STATISTICS - Micro data processing | Data reference period: Second quarter
95,'340,Honduras,3022,ILOSTAT - Household survey,21091,"Employment in agriculture by status of employment, total",2,Male,6199,Value,2020,2020,1000 No,723.600000,B,Break in series: Methodology revised Repository: ILO-STATISTICS - Micro data processing | Data reference period: Second quarter
95,'340,Honduras,3022,ILOSTAT - Household survey,21091,"Employment in agriculture by status of employment, total",2,Male,6199,Value,2021,2021,1000 No,691.320000,X,Repository: ILO-STATISTICS - Micro data processing | Data reference period: Second quarter
95,'340,Honduras,3022,ILOSTAT - Household survey,21091,"Employment in agriculture by status of employment, total",2,Male,6199,Value,2022,2022,1000 No,698.990000,X,Repository: ILO-STATISTICS - Micro data processing | Data reference period: Second quarter
95,'340,Honduras,3022,ILOSTAT - Household survey,21091,"Employment in agriculture by status of employment, total",2,Male,6199,Value,2023,2023,1000 No,768.710000,X,Repository: ILO-STATISTICS - Micro data processing | Data reference period: Second quarter
95,'340,Honduras,3022,ILOSTAT - Household survey,21091,"Employment in agriculture by status of employment, total",2,Male,6199,Value,2024,2024,1000 No,737.110000,X,Repository: ILO-STATISTICS - Micro data processing | Data reference period: Second quarter
95,'340,Honduras,3022,ILOSTAT - Household survey,21091,"Employment in agriculture by status of employment, total",2,Male,6199,Value,2025,2025,1000 No,798.160000,X,Repository: ILO-STATISTICS - Micro data processing | Data reference period: Second quarter
95,'340,Honduras,3022,ILOSTAT - Household survey,21091,"Employment in agriculture by status of employment, total",3,Female,6199,Value,2005,2005,1000 No,79.830000,B,Break in series: Methodology revised Repository: ILO-STATISTICS - Micro data processing
95,'340,Honduras,3022,ILOSTAT - Household survey,21091,"Employment in agriculture by status of employment, total",3,Female,6199,Value,2006,2006,1000 No,104.000000,X,Repository: ILO-STATISTICS - Micro data processing
95,'340,Honduras,3022,ILOSTAT - Household survey,21091,"Employment in agriculture by status of employment, total",3,Female,6199,Value,2007,2007,1000 No,90.040000,X,Repository: ILO-STATISTICS - Micro data processing
95,'340,Honduras,3022,ILOSTAT - Household survey,21091,"Employment in agriculture by status of employment, total",3,Female,6199,Value,2008,2008,1000 No,103.640000,B,Break in series: Methodology revised Repository: ILO-STATISTICS - Micro data processing
95,'340,Honduras,3022,ILOSTAT - Household survey,21091,"Employment in agriculture by status of employment, total",3,Female,6199,Value,2009,2009,1000 No,123.300000,X,Repository: ILO-STATISTICS - Micro data processing
95,'340,Honduras,3022,ILOSTAT - Household survey,21091,"Employment in agriculture by status of employment, total",3,Female,6199,Value,2010,2010,1000 No,138.590000,X,Repository: ILO-STATISTICS - Micro data processing
95,'340,Honduras,3022,ILOSTAT - Household survey,21091,"Employment in agriculture by status of employment, total",3,Female,6199,Value,2011,2011,1000 No,102.520000,X,Repository: ILO-STATISTICS - Micro data processing
95,'340,Honduras,3022,ILOSTAT - Household survey,21091,"Employment in agriculture by status of employment, total",3,Female,6199,Value,2012,2012,1000 No,120.630000,X,Repository: ILO-STATISTICS - Micro data processing
95,'340,Honduras,3022,ILOSTAT - Household survey,21091,"Employment in agriculture by status of employment, total",3,Female,6199,Value,2013,2013,1000 No,124.570000,X,Repository: ILO-STATISTICS - Micro data processing
95,'340,Honduras,3022,ILOSTAT - Household survey,21091,"Employment in agriculture by status of employment, total",3,Female,6199,Value,2014,2014,1000 No,119.820000,X,Repository: ILO-STATISTICS - Micro data processing
95,'340,Honduras,3022,ILOSTAT - Household survey,21091,"Employment in agriculture by status of employment, total",3,Female,6199,Value,2015,2015,1000 No,107.340000,X,Repository: ILO-STATISTICS - Micro data processing
95,'340,Honduras,3022,ILOSTAT - Household survey,21091,"Employment in agriculture by status of employment, total",3,Female,6199,Value,2016,2016,1000 No,114.420000,X,Repository: ILO-STATISTICS - Micro data processing
95,'340,Honduras,3022,ILOSTAT - Household survey,21091,"Employment in agriculture by status of employment, total",3,Female,6199,Value,2017,2017,1000 No,137.260000,X,Repository: ILO-STATISTICS - Micro data processing | Data reference period: Second quarter
95,'340,Honduras,3022,ILOSTAT - Household survey,21091,"Employment in agriculture by status of employment, total",3,Female,6199,Value,2018,2018,1000 No,171.180000,B,Break in series: Methodology revised Repository: ILO-STATISTICS - Micro data processing | Data reference period: Second quarter
95,'340,Honduras,3022,ILOSTAT - Household survey,21091,"Employment in agriculture by status of employment, total",3,Female,6199,Value,2019,2019,1000 No,118.790000,X,Repository: ILO-STATISTICS - Micro data processing | Data reference period: Second quarter
95,'340,Honduras,3022,ILOSTAT - Household survey,21091,"Employment in agriculture by status of employment, total",3,Female,6199,Value,2020,2020,1000 No,132.380000,B,Break in series: Methodology revised Repository: ILO-STATISTICS - Micro data processing | Data reference period: Second quarter
95,'340,Honduras,3022,ILOSTAT - Household survey,21091,"Employment in agriculture by status of employment, total",3,Female,6199,Value,2021,2021,1000 No,135.630000,X,Repository: ILO-STATISTICS - Micro data processing | Data reference period: Second quarter
95,'340,Honduras,3022,ILOSTAT - Household survey,21091,"Employment in agriculture by status of employment, total",3,Female,6199,Value,2022,2022,1000 No,81.180000,X,Repository: ILO-STATISTICS - Micro data processing | Data reference period: Second quarter
95,'340,Honduras,3022,ILOSTAT - Household survey,21091,"Employment in agriculture by status of employment, total",3,Female,6199,Value,2023,2023,1000 No,79.460000,X,Repository: ILO-STATISTICS - Micro data processing | Data reference period: Second quarter
95,'340,Honduras,3022,ILOSTAT - Household survey,21091,"Employment in agriculture by status of employment, total",3,Female,6199,Value,2024,2024,1000 No,70.370000,X,Repository: ILO-STATISTICS - Micro data processing | Data reference period: Second quarter
95,'340,Honduras,3022,ILOSTAT - Household survey,21091,"Employment in agriculture by status of employment, total",3,Female,6199,Value,2025,2025,1000 No,93.750000,X,Repository: ILO-STATISTICS - Micro data processing | Data reference period: Second quarter
95,'340,Honduras,3022,ILOSTAT - Household survey,21100,"Employment in agriculture by status of employment, employees",1,Total,6199,Value,2005,2005,1000 No,262.140000,B,Break in series: Methodology revised Repository: ILO-STATISTICS - Micro data processing
95,'340,Honduras,3022,ILOSTAT - Household survey,21100,"Employment in agriculture by status of employment, employees",1,Total,6199,Value,2006,2006,1000 No,262.980000,X,Repository: ILO-STATISTICS - Micro data processing
95,'340,Honduras,3022,ILOSTAT - Household survey,21100,"Employment in agriculture by status of employment, employees",1,Total,6199,Value,2007,2007,1000 No,281.650000,X,Repository: ILO-STATISTICS - Micro data processing
95,'340,Honduras,3022,ILOSTAT - Household survey,21100,"Employment in agriculture by status of employment, employees",1,Total,6199,Value,2008,2008,1000 No,318.310000,B,Break in series: Methodology revised Repository: ILO-STATISTICS - Micro data processing
95,'340,Honduras,3022,ILOSTAT - Household survey,21100,"Employment in agriculture by status of employment, employees",1,Total,6199,Value,2009,2009,1000 No,355.930000,X,Repository: ILO-STATISTICS - Micro data processing
95,'340,Honduras,3022,ILOSTAT - Household survey,21100,"Employment in agriculture by status of employment, employees",1,Total,6199,Value,2010,2010,1000 No,319.940000,X,Repository: ILO-STATISTICS - Micro data processing
95,'340,Honduras,3022,ILOSTAT - Household survey,21100,"Employment in agriculture by status of employment, employees",1,Total,6199,Value,2011,2011,1000 No,321.460000,X,Repository: ILO-STATISTICS - Micro data processing
95,'340,Honduras,3022,ILOSTAT - Household survey,21100,"Employment in agriculture by status of employment, employees",1,Total,6199,Value,2012,2012,1000 No,279.920000,X,Repository: ILO-STATISTICS - Micro data processing
95,'340,Honduras,3022,ILOSTAT - Household survey,21100,"Employment in agriculture by status of employment, employees",1,Total,6199,Value,2013,2013,1000 No,335.440000,X,Repository: ILO-STATISTICS - Micro data processing
95,'340,Honduras,3022,ILOSTAT - Household survey,21100,"Employment in agriculture by status of employment, employees",1,Total,6199,Value,2014,2014,1000 No,296.440000,X,Repository: ILO-STATISTICS - Micro data processing
95,'340,Honduras,3022,ILOSTAT - Household survey,21100,"Employment in agriculture by status of employment, employees",1,Total,6199,Value,2015,2015,1000 No,325.060000,X,Repository: ILO-STATISTICS - Micro data processing
95,'340,Honduras,3022,ILOSTAT - Household survey,21100,"Employment in agriculture by status of employment, employees",1,Total,6199,Value,2016,2016,1000 No,325.590000,X,Repository: ILO-STATISTICS - Micro data processing
95,'340,Honduras,3022,ILOSTAT - Household survey,21100,"Employment in agriculture by status of employment, employees",1,Total,6199,Value,2017,2017,1000 No,387.870000,X,Repository: ILO-STATISTICS - Micro data processing | Data reference period: Second quarter
95,'340,Honduras,3022,ILOSTAT - Household survey,21100,"Employment in agriculture by status of employment, employees",1,Total,6199,Value,2018,2018,1000 No,417.020000,B,Break in series: Methodology revised Repository: ILO-STATISTICS - Micro data processing | Data reference period: Second quarter
95,'340,Honduras,3022,ILOSTAT - Household survey,21100,"Employment in agriculture by status of employment, employees",1,Total,6199,Value,2019,2019,1000 No,381.930000,X,Repository: ILO-STATISTICS - Micro data processing | Data reference period: Second quarter
95,'340,Honduras,3022,ILOSTAT - Household survey,21100,"Employment in agriculture by status of employment, employees",1,Total,6199,Value,2020,2020,1000 No,468.480000,B,Break in series: Methodology revised Repository: ILO-STATISTICS - Micro data processing | Data reference period: Second quarter
95,'340,Honduras,3022,ILOSTAT - Household survey,21100,"Employment in agriculture by status of employment, employees",1,Total,6199,Value,2021,2021,1000 No,522.400000,X,Repository: ILO-STATISTICS - Micro data processing | Data reference period: Second quarter
95,'340,Honduras,3022,ILOSTAT - Household survey,21100,"Employment in agriculture by status of employment, employees",1,Total,6199,Value,2022,2022,1000 No,501.690000,X,Repository: ILO-STATISTICS - Micro data processing | Data reference period: Second quarter
95,'340,Honduras,3022,ILOSTAT - Household survey,21100,"Employment in agriculture by status of employment, employees",1,Total,6199,Value,2023,2023,1000 No,534.990000,X,Repository: ILO-STATISTICS - Micro data processing | Data reference period: Second quarter
95,'340,Honduras,3022,ILOSTAT - Household survey,21100,"Employment in agriculture by status of employment, employees",1,Total,6199,Value,2024,2024,1000 No,475.250000,X,Repository: ILO-STATISTICS - Micro data processing | Data reference period: Second quarter
95,'340,Honduras,3022,ILOSTAT - Household survey,21100,"Employment in agriculture by status of employment, employees",1,Total,6199,Value,2025,2025,1000 No,547.040000,X,Repository: ILO-STATISTICS - Micro data processing | Data reference period: Second quarter
95,'340,Honduras,3022,ILOSTAT - Household survey,21100,"Employment in agriculture by status of employment, employees",2,Male,6199,Value,2005,2005,1000 No,247.960000,B,Break in series: Methodology revised Repository: ILO-STATISTICS - Micro data processing
95,'340,Honduras,3022,ILOSTAT - Household survey,21100,"Employment in agriculture by status of employment, employees",2,Male,6199,Value,2006,2006,1000 No,246.350000,X,Repository: ILO-STATISTICS - Micro data processing
95,'340,Honduras,3022,ILOSTAT - Household survey,21100,"Employment in agriculture by status of employment, employees",2,Male,6199,Value,2007,2007,1000 No,260.200000,X,Repository: ILO-STATISTICS - Micro data processing
95,'340,Honduras,3022,ILOSTAT - Household survey,21100,"Employment in agriculture by status of employment, employees",2,Male,6199,Value,2008,2008,1000 No,295.570000,B,Break in series: Methodology revised Repository: ILO-STATISTICS - Micro data processing
95,'340,Honduras,3022,ILOSTAT - Household survey,21100,"Employment in agriculture by status of employment, employees",2,Male,6199,Value,2009,2009,1000 No,333.870000,X,Repository: ILO-STATISTICS - Micro data processing
95,'340,Honduras,3022,ILOSTAT - Household survey,21100,"Employment in agriculture by status of employment, employees",2,Male,6199,Value,2010,2010,1000 No,294.430000,X,Repository: ILO-STATISTICS - Micro data processing
95,'340,Honduras,3022,ILOSTAT - Household survey,21100,"Employment in agriculture by status of employment, employees",2,Male,6199,Value,2011,2011,1000 No,300.870000,X,Repository: ILO-STATISTICS - Micro data processing
95,'340,Honduras,3022,ILOSTAT - Household survey,21100,"Employment in agriculture by status of employment, employees",2,Male,6199,Value,2012,2012,1000 No,261.450000,X,Repository: ILO-STATISTICS - Micro data processing
95,'340,Honduras,3022,ILOSTAT - Household survey,21100,"Employment in agriculture by status of employment, employees",2,Male,6199,Value,2013,2013,1000 No,312.180000,X,Repository: ILO-STATISTICS - Micro data processing
95,'340,Honduras,3022,ILOSTAT - Household survey,21100,"Employment in agriculture by status of employment, employees",2,Male,6199,Value,2014,2014,1000 No,282.400000,X,Repository: ILO-STATISTICS - Micro data processing
95,'340,Honduras,3022,ILOSTAT - Household survey,21100,"Employment in agriculture by status of employment, employees",2,Male,6199,Value,2015,2015,1000 No,304.290000,X,Repository: ILO-STATISTICS - Micro data processing
95,'340,Honduras,3022,ILOSTAT - Household survey,21100,"Employment in agriculture by status of employment, employees",2,Male,6199,Value,2016,2016,1000 No,305.900000,X,Repository: ILO-STATISTICS - Micro data processing
95,'340,Honduras,3022,ILOSTAT - Household survey,21100,"Employment in agriculture by status of employment, employees",2,Male,6199,Value,2017,2017,1000 No,368.200000,X,Repository: ILO-STATISTICS - Micro data processing | Data reference period: Second quarter
95,'340,Honduras,3022,ILOSTAT - Household survey,21100,"Employment in agriculture by status of employment, employees",2,Male,6199,Value,2018,2018,1000 No,388.500000,B,Break in series: Methodology revised Repository: ILO-STATISTICS - Micro data processing | Data reference period: Second quarter
95,'340,Honduras,3022,ILOSTAT - Household survey,21100,"Employment in agriculture by status of employment, employees",2,Male,6199,Value,2019,2019,1000 No,357.810000,X,Repository: ILO-STATISTICS - Micro data processing | Data reference period: Second quarter
95,'340,Honduras,3022,ILOSTAT - Household survey,21100,"Employment in agriculture by status of employment, employees",2,Male,6199,Value,2020,2020,1000 No,396.810000,B,Break in series: Methodology revised Repository: ILO-STATISTICS - Micro data processing | Data reference period: Second quarter
95,'340,Honduras,3022,ILOSTAT - Household survey,21100,"Employment in agriculture by status of employment, employees",2,Male,6199,Value,2021,2021,1000 No,446.260000,X,Repository: ILO-STATISTICS - Micro data processing | Data reference period: Second quarter
95,'340,Honduras,3022,ILOSTAT - Household survey,21100,"Employment in agriculture by status of employment, employees",2,Male,6199,Value,2022,2022,1000 No,460.920000,X,Repository: ILO-STATISTICS - Micro data processing | Data reference period: Second quarter
95,'340,Honduras,3022,ILOSTAT - Household survey,21100,"Employment in agriculture by status of employment, employees",2,Male,6199,Value,2023,2023,1000 No,500.320000,X,Repository: ILO-STATISTICS - Micro data processing | Data reference period: Second quarter
95,'340,Honduras,3022,ILOSTAT - Household survey,21100,"Employment in agriculture by status of employment, employees",2,Male,6199,Value,2024,2024,1000 No,443.140000,X,Repository: ILO-STATISTICS - Micro data processing | Data reference period: Second quarter
95,'340,Honduras,3022,ILOSTAT - Household survey,21100,"Employment in agriculture by status of employment, employees",2,Male,6199,Value,2025,2025,1000 No,511.310000,X,Repository: ILO-STATISTICS - Micro data processing | Data reference period: Second quarter
95,'340,Honduras,3022,ILOSTAT - Household survey,21100,"Employment in agriculture by status of employment, employees",3,Female,6199,Value,2005,2005,1000 No,14.180000,B,Break in series: Methodology revised Repository: ILO-STATISTICS - Micro data processing
95,'340,Honduras,3022,ILOSTAT - Household survey,21100,"Employment in agriculture by status of employment, employees",3,Female,6199,Value,2006,2006,1000 No,16.620000,X,Repository: ILO-STATISTICS - Micro data processing
95,'340,Honduras,3022,ILOSTAT - Household survey,21100,"Employment in agriculture by status of employment, employees",3,Female,6199,Value,2007,2007,1000 No,21.440000,X,Repository: ILO-STATISTICS - Micro data processing
95,'340,Honduras,3022,ILOSTAT - Household survey,21100,"Employment in agriculture by status of employment, employees",3,Female,6199,Value,2008,2008,1000 No,22.740000,B,Break in series: Methodology revised Repository: ILO-STATISTICS - Micro data processing
95,'340,Honduras,3022,ILOSTAT - Household survey,21100,"Employment in agriculture by status of employment, employees",3,Female,6199,Value,2009,2009,1000 No,22.050000,X,Repository: ILO-STATISTICS - Micro data processing
95,'340,Honduras,3022,ILOSTAT - Household survey,21100,"Employment in agriculture by status of employment, employees",3,Female,6199,Value,2010,2010,1000 No,25.510000,X,Repository: ILO-STATISTICS - Micro data processing
95,'340,Honduras,3022,ILOSTAT - Household survey,21100,"Employment in agriculture by status of employment, employees",3,Female,6199,Value,2011,2011,1000 No,20.590000,X,Repository: ILO-STATISTICS - Micro data processing
95,'340,Honduras,3022,ILOSTAT - Household survey,21100,"Employment in agriculture by status of employment, employees",3,Female,6199,Value,2012,2012,1000 No,18.470000,X,Repository: ILO-STATISTICS - Micro data processing
95,'340,Honduras,3022,ILOSTAT - Household survey,21100,"Employment in agriculture by status of employment, employees",3,Female,6199,Value,2013,2013,1000 No,23.260000,X,Repository: ILO-STATISTICS - Micro data processing
95,'340,Honduras,3022,ILOSTAT - Household survey,21100,"Employment in agriculture by status of employment, employees",3,Female,6199,Value,2014,2014,1000 No,14.040000,X,Repository: ILO-STATISTICS - Micro data processing
95,'340,Honduras,3022,ILOSTAT - Household survey,21100,"Employment in agriculture by status of employment, employees",3,Female,6199,Value,2015,2015,1000 No,20.770000,X,Repository: ILO-STATISTICS - Micro data processing
95,'340,Honduras,3022,ILOSTAT - Household survey,21100,"Employment in agriculture by status of employment, employees",3,Female,6199,Value,2016,2016,1000 No,19.690000,X,Repository: ILO-STATISTICS - Micro data processing
95,'340,Honduras,3022,ILOSTAT - Household survey,21100,"Employment in agriculture by status of employment, employees",3,Female,6199,Value,2017,2017,1000 No,19.670000,X,Repository: ILO-STATISTICS - Micro data processing | Data reference period: Second quarter
95,'340,Honduras,3022,ILOSTAT - Household survey,21100,"Employment in agriculture by status of employment, employees",3,Female,6199,Value,2018,2018,1000 No,28.530000,B,Break in series: Methodology revised Repository: ILO-STATISTICS - Micro data processing | Data reference period: Second quarter
95,'340,Honduras,3022,ILOSTAT - Household survey,21100,"Employment in agriculture by status of employment, employees",3,Female,6199,Value,2019,2019,1000 No,24.110000,X,Repository: ILO-STATISTICS - Micro data processing | Data reference period: Second quarter
95,'340,Honduras,3022,ILOSTAT - Household survey,21100,"Employment in agriculture by status of employment, employees",3,Female,6199,Value,2020,2020,1000 No,71.680000,B,Break in series: Methodology revised Repository: ILO-STATISTICS - Micro data processing | Data reference period: Second quarter
95,'340,Honduras,3022,ILOSTAT - Household survey,21100,"Employment in agriculture by status of employment, employees",3,Female,6199,Value,2021,2021,1000 No,76.140000,X,Repository: ILO-STATISTICS - Micro data processing | Data reference period: Second quarter
95,'340,Honduras,3022,ILOSTAT - Household survey,21100,"Employment in agriculture by status of employment, employees",3,Female,6199,Value,2022,2022,1000 No,40.780000,X,Repository: ILO-STATISTICS - Micro data processing | Data reference period: Second quarter
95,'340,Honduras,3022,ILOSTAT - Household survey,21100,"Employment in agriculture by status of employment, employees",3,Female,6199,Value,2023,2023,1000 No,34.680000,X,Repository: ILO-STATISTICS - Micro data processing | Data reference period: Second quarter
95,'340,Honduras,3022,ILOSTAT - Household survey,21100,"Employment in agriculture by status of employment, employees",3,Female,6199,Value,2024,2024,1000 No,32.110000,X,Repository: ILO-STATISTICS - Micro data processing | Data reference period: Second quarter
95,'340,Honduras,3022,ILOSTAT - Household survey,21100,"Employment in agriculture by status of employment, employees",3,Female,6199,Value,2025,2025,1000 No,35.740000,X,Repository: ILO-STATISTICS - Micro data processing | Data reference period: Second quarter
95,'340,Honduras,3022,ILOSTAT - Household survey,21107,"Employment in agriculture by status of employment, self-employed",1,Total,6199,Value,2005,2005,1000 No,571.520000,B,Break in series: Methodology revised Repository: ILO-STATISTICS - Micro data processing
95,'340,Honduras,3022,ILOSTAT - Household survey,21107,"Employment in agriculture by status of employment, self-employed",1,Total,6199,Value,2006,2006,1000 No,655.470000,X,Repository: ILO-STATISTICS - Micro data processing
95,'340,Honduras,3022,ILOSTAT - Household survey,21107,"Employment in agriculture by status of employment, self-employed",1,Total,6199,Value,2007,2007,1000 No,610.910000,X,Repository: ILO-STATISTICS - Micro data processing
95,'340,Honduras,3022,ILOSTAT - Household survey,21107,"Employment in agriculture by status of employment, self-employed",1,Total,6199,Value,2008,2008,1000 No,650.780000,B,Break in series: Methodology revised Repository: ILO-STATISTICS - Micro data processing
95,'340,Honduras,3022,ILOSTAT - Household survey,21107,"Employment in agriculture by status of employment, self-employed",1,Total,6199,Value,2009,2009,1000 No,692.340000,X,Repository: ILO-STATISTICS - Micro data processing
95,'340,Honduras,3022,ILOSTAT - Household survey,21107,"Employment in agriculture by status of employment, self-employed",1,Total,6199,Value,2010,2010,1000 No,802.280000,X,Repository: ILO-STATISTICS - Micro data processing
95,'340,Honduras,3022,ILOSTAT - Household survey,21107,"Employment in agriculture by status of employment, self-employed",1,Total,6199,Value,2011,2011,1000 No,768.220000,X,Repository: ILO-STATISTICS - Micro data processing
95,'340,Honduras,3022,ILOSTAT - Household survey,21107,"Employment in agriculture by status of employment, self-employed",1,Total,6199,Value,2012,2012,1000 No,871.850000,X,Repository: ILO-STATISTICS - Micro data processing
95,'340,Honduras,3022,ILOSTAT - Household survey,21107,"Employment in agriculture by status of employment, self-employed",1,Total,6199,Value,2013,2013,1000 No,815.870000,X,Repository: ILO-STATISTICS - Micro data processing
95,'340,Honduras,3022,ILOSTAT - Household survey,21107,"Employment in agriculture by status of employment, self-employed",1,Total,6199,Value,2014,2014,1000 No,657.020000,X,Repository: ILO-STATISTICS - Micro data processing
95,'340,Honduras,3022,ILOSTAT - Household survey,21107,"Employment in agriculture by status of employment, self-employed",1,Total,6199,Value,2015,2015,1000 No,673.110000,X,Repository: ILO-STATISTICS - Micro data processing
95,'340,Honduras,3022,ILOSTAT - Household survey,21107,"Employment in agriculture by status of employment, self-employed",1,Total,6199,Value,2016,2016,1000 No,635.500000,X,Repository: ILO-STATISTICS - Micro data processing
95,'340,Honduras,3022,ILOSTAT - Household survey,21107,"Employment in agriculture by status of employment, self-employed",1,Total,6199,Value,2017,2017,1000 No,784.960000,X,Repository: ILO-STATISTICS - Micro data processing | Data reference period: Second quarter
95,'340,Honduras,3022,ILOSTAT - Household survey,21107,"Employment in agriculture by status of employment, self-employed",1,Total,6199,Value,2018,2018,1000 No,784.360000,B,Break in series: Methodology revised Repository: ILO-STATISTICS - Micro data processing | Data reference period: Second quarter
95,'340,Honduras,3022,ILOSTAT - Household survey,21107,"Employment in agriculture by status of employment, self-employed",1,Total,6199,Value,2019,2019,1000 No,748.050000,X,Repository: ILO-STATISTICS - Micro data processing | Data reference period: Second quarter
95,'340,Honduras,3022,ILOSTAT - Household survey,21107,"Employment in agriculture by status of employment, self-employed",1,Total,6199,Value,2020,2020,1000 No,384.440000,B,Break in series: Methodology revised Repository: ILO-STATISTICS - Micro data processing | Data reference period: Second quarter
95,'340,Honduras,3022,ILOSTAT - Household survey,21107,"Employment in agriculture by status of employment, self-employed",1,Total,6199,Value,2021,2021,1000 No,304.550000,X,Repository: ILO-STATISTICS - Micro data processing | Data reference period: Second quarter
95,'340,Honduras,3022,ILOSTAT - Household survey,21107,"Employment in agriculture by status of employment, self-employed",1,Total,6199,Value,2022,2022,1000 No,278.470000,X,Repository: ILO-STATISTICS - Micro data processing | Data reference period: Second quarter
95,'340,Honduras,3022,ILOSTAT - Household survey,21107,"Employment in agriculture by status of employment, self-employed",1,Total,6199,Value,2023,2023,1000 No,313.170000,X,Repository: ILO-STATISTICS - Micro data processing | Data reference period: Second quarter
95,'340,Honduras,3022,ILOSTAT - Household survey,21107,"Employment in agriculture by status of employment, self-employed",1,Total,6199,Value,2024,2024,1000 No,332.230000,X,Repository: ILO-STATISTICS - Micro data processing | Data reference period: Second quarter
95,'340,Honduras,3022,ILOSTAT - Household survey,21107,"Employment in agriculture by status of employment, self-employed",1,Total,6199,Value,2025,2025,1000 No,344.860000,X,Repository: ILO-STATISTICS - Micro data processing | Data reference period: Second quarter
95,'340,Honduras,3022,ILOSTAT - Household survey,21107,"Employment in agriculture by status of employment, self-employed",2,Male,6199,Value,2005,2005,1000 No,506.110000,B,Break in series: Methodology revised Repository: ILO-STATISTICS - Micro data processing
95,'340,Honduras,3022,ILOSTAT - Household survey,21107,"Employment in agriculture by status of employment, self-employed",2,Male,6199,Value,2006,2006,1000 No,568.270000,X,Repository: ILO-STATISTICS - Micro data processing
95,'340,Honduras,3022,ILOSTAT - Household survey,21107,"Employment in agriculture by status of employment, self-employed",2,Male,6199,Value,2007,2007,1000 No,542.630000,X,Repository: ILO-STATISTICS - Micro data processing
95,'340,Honduras,3022,ILOSTAT - Household survey,21107,"Employment in agriculture by status of employment, self-employed",2,Male,6199,Value,2008,2008,1000 No,569.970000,B,Break in series: Methodology revised Repository: ILO-STATISTICS - Micro data processing
95,'340,Honduras,3022,ILOSTAT - Household survey,21107,"Employment in agriculture by status of employment, self-employed",2,Male,6199,Value,2009,2009,1000 No,591.700000,X,Repository: ILO-STATISTICS - Micro data processing
95,'340,Honduras,3022,ILOSTAT - Household survey,21107,"Employment in agriculture by status of employment, self-employed",2,Male,6199,Value,2010,2010,1000 No,689.200000,X,Repository: ILO-STATISTICS - Micro data processing
95,'340,Honduras,3022,ILOSTAT - Household survey,21107,"Employment in agriculture by status of employment, self-employed",2,Male,6199,Value,2011,2011,1000 No,686.560000,X,Repository: ILO-STATISTICS - Micro data processing
95,'340,Honduras,3022,ILOSTAT - Household survey,21107,"Employment in agriculture by status of employment, self-employed",2,Male,6199,Value,2012,2012,1000 No,769.680000,X,Repository: ILO-STATISTICS - Micro data processing
95,'340,Honduras,3022,ILOSTAT - Household survey,21107,"Employment in agriculture by status of employment, self-employed",2,Male,6199,Value,2013,2013,1000 No,714.560000,X,Repository: ILO-STATISTICS - Micro data processing
95,'340,Honduras,3022,ILOSTAT - Household survey,21107,"Employment in agriculture by status of employment, self-employed",2,Male,6199,Value,2014,2014,1000 No,551.240000,X,Repository: ILO-STATISTICS - Micro data processing
95,'340,Honduras,3022,ILOSTAT - Household survey,21107,"Employment in agriculture by status of employment, self-employed",2,Male,6199,Value,2015,2015,1000 No,586.540000,X,Repository: ILO-STATISTICS - Micro data processing
95,'340,Honduras,3022,ILOSTAT - Household survey,21107,"Employment in agriculture by status of employment, self-employed",2,Male,6199,Value,2016,2016,1000 No,540.780000,X,Repository: ILO-STATISTICS - Micro data processing
95,'340,Honduras,3022,ILOSTAT - Household survey,21107,"Employment in agriculture by status of employment, self-employed",2,Male,6199,Value,2017,2017,1000 No,667.370000,X,Repository: ILO-STATISTICS - Micro data processing | Data reference period: Second quarter
95,'340,Honduras,3022,ILOSTAT - Household survey,21107,"Employment in agriculture by status of employment, self-employed",2,Male,6199,Value,2018,2018,1000 No,641.710000,B,Break in series: Methodology revised Repository: ILO-STATISTICS - Micro data processing | Data reference period: Second quarter
95,'340,Honduras,3022,ILOSTAT - Household survey,21107,"Employment in agriculture by status of employment, self-employed",2,Male,6199,Value,2019,2019,1000 No,653.370000,X,Repository: ILO-STATISTICS - Micro data processing | Data reference period: Second quarter
95,'340,Honduras,3022,ILOSTAT - Household survey,21107,"Employment in agriculture by status of employment, self-employed",2,Male,6199,Value,2020,2020,1000 No,323.910000,B,Break in series: Methodology revised Repository: ILO-STATISTICS - Micro data processing | Data reference period: Second quarter
95,'340,Honduras,3022,ILOSTAT - Household survey,21107,"Employment in agriculture by status of employment, self-employed",2,Male,6199,Value,2021,2021,1000 No,245.060000,X,Repository: ILO-STATISTICS - Micro data processing | Data reference period: Second quarter
95,'340,Honduras,3022,ILOSTAT - Household survey,21107,"Employment in agriculture by status of employment, self-employed",2,Male,6199,Value,2022,2022,1000 No,238.070000,X,Repository: ILO-STATISTICS - Micro data processing | Data reference period: Second quarter
95,'340,Honduras,3022,ILOSTAT - Household survey,21107,"Employment in agriculture by status of employment, self-employed",2,Male,6199,Value,2023,2023,1000 No,268.390000,X,Repository: ILO-STATISTICS - Micro data processing | Data reference period: Second quarter
95,'340,Honduras,3022,ILOSTAT - Household survey,21107,"Employment in agriculture by status of employment, self-employed",2,Male,6199,Value,2024,2024,1000 No,293.970000,X,Repository: ILO-STATISTICS - Micro data processing | Data reference period: Second quarter
95,'340,Honduras,3022,ILOSTAT - Household survey,21107,"Employment in agriculture by status of employment, self-employed",2,Male,6199,Value,2025,2025,1000 No,286.860000,X,Repository: ILO-STATISTICS - Micro data processing | Data reference period: Second quarter
95,'340,Honduras,3022,ILOSTAT - Household survey,21107,"Employment in agriculture by status of employment, self-employed",3,Female,6199,Value,2005,2005,1000 No,65.410000,B,Break in series: Methodology revised Repository: ILO-STATISTICS - Micro data processing
95,'340,Honduras,3022,ILOSTAT - Household survey,21107,"Employment in agriculture by status of employment, self-employed",3,Female,6199,Value,2006,2006,1000 No,87.200000,X,Repository: ILO-STATISTICS - Micro data processing
95,'340,Honduras,3022,ILOSTAT - Household survey,21107,"Employment in agriculture by status of employment, self-employed",3,Female,6199,Value,2007,2007,1000 No,68.270000,X,Repository: ILO-STATISTICS - Micro data processing
95,'340,Honduras,3022,ILOSTAT - Household survey,21107,"Employment in agriculture by status of employment, self-employed",3,Female,6199,Value,2008,2008,1000 No,80.810000,B,Break in series: Methodology revised Repository: ILO-STATISTICS - Micro data processing
95,'340,Honduras,3022,ILOSTAT - Household survey,21107,"Employment in agriculture by status of employment, self-employed",3,Female,6199,Value,2009,2009,1000 No,100.640000,X,Repository: ILO-STATISTICS - Micro data processing
95,'340,Honduras,3022,ILOSTAT - Household survey,21107,"Employment in agriculture by status of employment, self-employed",3,Female,6199,Value,2010,2010,1000 No,113.080000,X,Repository: ILO-STATISTICS - Micro data processing
95,'340,Honduras,3022,ILOSTAT - Household survey,21107,"Employment in agriculture by status of employment, self-employed",3,Female,6199,Value,2011,2011,1000 No,81.660000,X,Repository: ILO-STATISTICS - Micro data processing
95,'340,Honduras,3022,ILOSTAT - Household survey,21107,"Employment in agriculture by status of employment, self-employed",3,Female,6199,Value,2012,2012,1000 No,102.160000,X,Repository: ILO-STATISTICS - Micro data processing
95,'340,Honduras,3022,ILOSTAT - Household survey,21107,"Employment in agriculture by status of employment, self-employed",3,Female,6199,Value,2013,2013,1000 No,101.310000,X,Repository: ILO-STATISTICS - Micro data processing
95,'340,Honduras,3022,ILOSTAT - Household survey,21107,"Employment in agriculture by status of employment, self-employed",3,Female,6199,Value,2014,2014,1000 No,105.780000,X,Repository: ILO-STATISTICS - Micro data processing
95,'340,Honduras,3022,ILOSTAT - Household survey,21107,"Employment in agriculture by status of employment, self-employed",3,Female,6199,Value,2015,2015,1000 No,86.570000,X,Repository: ILO-STATISTICS - Micro data processing
95,'340,Honduras,3022,ILOSTAT - Household survey,21107,"Employment in agriculture by status of employment, self-employed",3,Female,6199,Value,2016,2016,1000 No,94.720000,X,Repository: ILO-STATISTICS - Micro data processing
95,'340,Honduras,3022,ILOSTAT - Household survey,21107,"Employment in agriculture by status of employment, self-employed",3,Female,6199,Value,2017,2017,1000 No,117.590000,X,Repository: ILO-STATISTICS - Micro data processing | Data reference period: Second quarter
95,'340,Honduras,3022,ILOSTAT - Household survey,21107,"Employment in agriculture by status of employment, self-employed",3,Female,6199,Value,2018,2018,1000 No,142.650000,B,Break in series: Methodology revised Repository: ILO-STATISTICS - Micro data processing | Data reference period: Second quarter
95,'340,Honduras,3022,ILOSTAT - Household survey,21107,"Employment in agriculture by status of employment, self-employed",3,Female,6199,Value,2019,2019,1000 No,94.680000,X,Repository: ILO-STATISTICS - Micro data processing | Data reference period: Second quarter
95,'340,Honduras,3022,ILOSTAT - Household survey,21107,"Employment in agriculture by status of employment, self-employed",3,Female,6199,Value,2020,2020,1000 No,60.530000,B,Break in series: Methodology revised Repository: ILO-STATISTICS - Micro data processing | Data reference period: Second quarter
95,'340,Honduras,3022,ILOSTAT - Household survey,21107,"Employment in agriculture by status of employment, self-employed",3,Female,6199,Value,2021,2021,1000 No,59.490000,X,Repository: ILO-STATISTICS - Micro data processing | Data reference period: Second quarter
95,'340,Honduras,3022,ILOSTAT - Household survey,21107,"Employment in agriculture by status of employment, self-employed",3,Female,6199,Value,2022,2022,1000 No,40.400000,X,Repository: ILO-STATISTICS - Micro data processing | Data reference period: Second quarter
95,'340,Honduras,3022,ILOSTAT - Household survey,21107,"Employment in agriculture by status of employment, self-employed",3,Female,6199,Value,2023,2023,1000 No,44.780000,X,Repository: ILO-STATISTICS - Micro data processing | Data reference period: Second quarter
95,'340,Honduras,3022,ILOSTAT - Household survey,21107,"Employment in agriculture by status of employment, self-employed",3,Female,6199,Value,2024,2024,1000 No,38.260000,X,Repository: ILO-STATISTICS - Micro data processing | Data reference period: Second quarter
95,'340,Honduras,3022,ILOSTAT - Household survey,21107,"Employment in agriculture by status of employment, self-employed",3,Female,6199,Value,2025,2025,1000 No,58.000000,X,Repository: ILO-STATISTICS - Micro data processing | Data reference period: Second quarter
95,'340,Honduras,3022,ILOSTAT - Household survey,21110,"Employment in agriculture by status of employment, workers not classified",1,Total,6199,Value,2005,2005,1000 No,4.020000,B,Break in series: Methodology revised Repository: ILO-STATISTICS - Micro data processing
95,'340,Honduras,3022,ILOSTAT - Household survey,21110,"Employment in agriculture by status of employment, workers not classified",1,Total,6199,Value,2006,2006,1000 No,2.520000,X,Repository: ILO-STATISTICS - Micro data processing
95,'340,Honduras,3022,ILOSTAT - Household survey,21110,"Employment in agriculture by status of employment, workers not classified",1,Total,6199,Value,2007,2007,1000 No,2.060000,X,Repository: ILO-STATISTICS - Micro data processing
95,'340,Honduras,3022,ILOSTAT - Household survey,21110,"Employment in agriculture by status of employment, workers not classified",1,Total,6199,Value,2008,2008,1000 No,2.080000,B,Break in series: Methodology revised Repository: ILO-STATISTICS - Micro data processing
95,'340,Honduras,3022,ILOSTAT - Household survey,21110,"Employment in agriculture by status of employment, workers not classified",1,Total,6199,Value,2009,2009,1000 No,3.600000,X,Repository: ILO-STATISTICS - Micro data processing
95,'340,Honduras,3022,ILOSTAT - Household survey,21110,"Employment in agriculture by status of employment, workers not classified",1,Total,6199,Value,2010,2010,1000 No,1.520000,U,Unreliable Repository: ILO-STATISTICS - Micro data processing
95,'340,Honduras,3022,ILOSTAT - Household survey,21110,"Employment in agriculture by status of employment, workers not classified",1,Total,6199,Value,2011,2011,1000 No,1.770000,U,Unreliable Repository: ILO-STATISTICS - Micro data processing
95,'340,Honduras,3022,ILOSTAT - Household survey,21110,"Employment in agriculture by status of employment, workers not classified",1,Total,6199,Value,2020,2020,1000 No,3.060000,U,Unreliable Break in series: Methodology revised Repository: ILO-STATISTICS - Micro data processing | Data reference period: Second quarter
95,'340,Honduras,3022,ILOSTAT - Household survey,21110,"Employment in agriculture by status of employment, workers not classified",2,Male,6199,Value,2005,2005,1000 No,3.790000,B,Break in series: Methodology revised Repository: ILO-STATISTICS - Micro data processing
95,'340,Honduras,3022,ILOSTAT - Household survey,21110,"Employment in agriculture by status of employment, workers not classified",2,Male,6199,Value,2006,2006,1000 No,2.350000,X,Repository: ILO-STATISTICS - Micro data processing
95,'340,Honduras,3022,ILOSTAT - Household survey,21110,"Employment in agriculture by status of employment, workers not classified",2,Male,6199,Value,2007,2007,1000 No,1.730000,X,Repository: ILO-STATISTICS - Micro data processing
95,'340,Honduras,3022,ILOSTAT - Household survey,21110,"Employment in agriculture by status of employment, workers not classified",2,Male,6199,Value,2008,2008,1000 No,1.990000,B,Break in series: Methodology revised Repository: ILO-STATISTICS - Micro data processing
95,'340,Honduras,3022,ILOSTAT - Household survey,21110,"Employment in agriculture by status of employment, workers not classified",2,Male,6199,Value,2009,2009,1000 No,2.980000,X,Repository: ILO-STATISTICS - Micro data processing
95,'340,Honduras,3022,ILOSTAT - Household survey,21110,"Employment in agriculture by status of employment, workers not classified",2,Male,6199,Value,2010,2010,1000 No,1.520000,U,Unreliable Repository: ILO-STATISTICS - Micro data processing
95,'340,Honduras,3022,ILOSTAT - Household survey,21110,"Employment in agriculture by status of employment, workers not classified",2,Male,6199,Value,2011,2011,1000 No,1.500000,U,Unreliable Repository: ILO-STATISTICS - Micro data processing
95,'340,Honduras,3022,ILOSTAT - Household survey,21110,"Employment in agriculture by status of employment, workers not classified",2,Male,6199,Value,2020,2020,1000 No,2.880000,U,Unreliable Break in series: Methodology revised Repository: ILO-STATISTICS - Micro data processing | Data reference period: Second quarter
95,'340,Honduras,3022,ILOSTAT - Household survey,21110,"Employment in agriculture by status of employment, workers not classified",3,Female,6199,Value,2009,2009,1000 No,0.610000,U,Unreliable Repository: ILO-STATISTICS - Micro data processing
95,'340,Honduras,3022,ILOSTAT - Household survey,21097,Employment in fishing and aquaculture,1,Total,6199,Value,2005,2005,1000 No,13.790000,B,Break in series: Methodology revised Repository: ILO-STATISTICS - Micro data processing
95,'340,Honduras,3022,ILOSTAT - Household survey,21097,Employment in fishing and aquaculture,1,Total,6199,Value,2006,2006,1000 No,15.240000,X,Repository: ILO-STATISTICS - Micro data processing
95,'340,Honduras,3022,ILOSTAT - Household survey,21097,Employment in fishing and aquaculture,1,Total,6199,Value,2007,2007,1000 No,15.910000,X,Repository: ILO-STATISTICS - Micro data processing
95,'340,Honduras,3022,ILOSTAT - Household survey,21097,Employment in fishing and aquaculture,1,Total,6199,Value,2008,2008,1000 No,19.220000,B,Break in series: Methodology revised Repository: ILO-STATISTICS - Micro data processing
95,'340,Honduras,3022,ILOSTAT - Household survey,21097,Employment in fishing and aquaculture,1,Total,6199,Value,2009,2009,1000 No,14.400000,X,Repository: ILO-STATISTICS - Micro data processing
95,'340,Honduras,3022,ILOSTAT - Household survey,21097,Employment in fishing and aquaculture,1,Total,6199,Value,2010,2010,1000 No,16.450000,X,Repository: ILO-STATISTICS - Micro data processing
95,'340,Honduras,3022,ILOSTAT - Household survey,21097,Employment in fishing and aquaculture,1,Total,6199,Value,2011,2011,1000 No,12.870000,X,Repository: ILO-STATISTICS - Micro data processing
95,'340,Honduras,3022,ILOSTAT - Household survey,21097,Employment in fishing and aquaculture,1,Total,6199,Value,2012,2012,1000 No,12.070000,X,Repository: ILO-STATISTICS - Micro data processing
95,'340,Honduras,3022,ILOSTAT - Household survey,21097,Employment in fishing and aquaculture,1,Total,6199,Value,2013,2013,1000 No,23.390000,X,Repository: ILO-STATISTICS - Micro data processing
95,'340,Honduras,3022,ILOSTAT - Household survey,21097,Employment in fishing and aquaculture,1,Total,6199,Value,2014,2014,1000 No,17.420000,X,Repository: ILO-STATISTICS - Micro data processing
95,'340,Honduras,3022,ILOSTAT - Household survey,21097,Employment in fishing and aquaculture,1,Total,6199,Value,2015,2015,1000 No,21.650000,X,Repository: ILO-STATISTICS - Micro data processing
95,'340,Honduras,3022,ILOSTAT - Household survey,21097,Employment in fishing and aquaculture,1,Total,6199,Value,2016,2016,1000 No,23.850000,X,Repository: ILO-STATISTICS - Micro data processing
95,'340,Honduras,3022,ILOSTAT - Household survey,21097,Employment in fishing and aquaculture,1,Total,6199,Value,2017,2017,1000 No,20.440000,X,Repository: ILO-STATISTICS - Micro data processing | Data reference period: Second quarter
95,'340,Honduras,3022,ILOSTAT - Household survey,21097,Employment in fishing and aquaculture,1,Total,6199,Value,2018,2018,1000 No,23.630000,B,Break in series: Methodology revised Repository: ILO-STATISTICS - Micro data processing | Data reference period: Second quarter
95,'340,Honduras,3022,ILOSTAT - Household survey,21097,Employment in fishing and aquaculture,1,Total,6199,Value,2019,2019,1000 No,23.590000,X,Repository: ILO-STATISTICS - Micro data processing | Data reference period: Second quarter
95,'340,Honduras,3022,ILOSTAT - Household survey,21097,Employment in fishing and aquaculture,1,Total,6199,Value,2020,2020,1000 No,26.090000,B,Break in series: Methodology revised Repository: ILO-STATISTICS - Micro data processing | Data reference period: Second quarter
95,'340,Honduras,3022,ILOSTAT - Household survey,21097,Employment in fishing and aquaculture,1,Total,6199,Value,2022,2022,1000 No,21.420000,X,Repository: ILO-STATISTICS - Micro data processing | Data reference period: Second quarter
95,'340,Honduras,3022,ILOSTAT - Household survey,21097,Employment in fishing and aquaculture,1,Total,6199,Value,2023,2023,1000 No,25.670000,X,Repository: ILO-STATISTICS - Micro data processing | Data reference period: Second quarter
95,'340,Honduras,3022,ILOSTAT - Household survey,21097,Employment in fishing and aquaculture,1,Total,6199,Value,2024,2024,1000 No,21.340000,X,Repository: ILO-STATISTICS - Micro data processing | Data reference period: Second quarter
95,'340,Honduras,3022,ILOSTAT - Household survey,21097,Employment in fishing and aquaculture,1,Total,6199,Value,2025,2025,1000 No,14.390000,X,Repository: ILO-STATISTICS - Micro data processing | Data reference period: Second quarter
95,'340,Honduras,3022,ILOSTAT - Household survey,21097,Employment in fishing and aquaculture,2,Male,6199,Value,2005,2005,1000 No,11.990000,B,Break in series: Methodology revised Repository: ILO-STATISTICS - Micro data processing
95,'340,Honduras,3022,ILOSTAT - Household survey,21097,Employment in fishing and aquaculture,2,Male,6199,Value,2006,2006,1000 No,13.090000,X,Repository: ILO-STATISTICS - Micro data processing
95,'340,Honduras,3022,ILOSTAT - Household survey,21097,Employment in fishing and aquaculture,2,Male,6199,Value,2007,2007,1000 No,12.220000,X,Repository: ILO-STATISTICS - Micro data processing
95,'340,Honduras,3022,ILOSTAT - Household survey,21097,Employment in fishing and aquaculture,2,Male,6199,Value,2008,2008,1000 No,14.050000,B,Break in series: Methodology revised Repository: ILO-STATISTICS - Micro data processing
95,'340,Honduras,3022,ILOSTAT - Household survey,21097,Employment in fishing and aquaculture,2,Male,6199,Value,2009,2009,1000 No,12.140000,X,Repository: ILO-STATISTICS - Micro data processing
95,'340,Honduras,3022,ILOSTAT - Household survey,21097,Employment in fishing and aquaculture,2,Male,6199,Value,2010,2010,1000 No,12.540000,X,Repository: ILO-STATISTICS - Micro data processing
95,'340,Honduras,3022,ILOSTAT - Household survey,21097,Employment in fishing and aquaculture,2,Male,6199,Value,2011,2011,1000 No,11.000000,X,Repository: ILO-STATISTICS - Micro data processing
95,'340,Honduras,3022,ILOSTAT - Household survey,21097,Employment in fishing and aquaculture,2,Male,6199,Value,2012,2012,1000 No,9.620000,X,Repository: ILO-STATISTICS - Micro data processing
95,'340,Honduras,3022,ILOSTAT - Household survey,21097,Employment in fishing and aquaculture,2,Male,6199,Value,2013,2013,1000 No,19.690000,X,Repository: ILO-STATISTICS - Micro data processing
95,'340,Honduras,3022,ILOSTAT - Household survey,21097,Employment in fishing and aquaculture,2,Male,6199,Value,2014,2014,1000 No,14.320000,X,Repository: ILO-STATISTICS - Micro data processing
95,'340,Honduras,3022,ILOSTAT - Household survey,21097,Employment in fishing and aquaculture,2,Male,6199,Value,2015,2015,1000 No,17.310000,X,Repository: ILO-STATISTICS - Micro data processing
95,'340,Honduras,3022,ILOSTAT - Household survey,21097,Employment in fishing and aquaculture,2,Male,6199,Value,2016,2016,1000 No,21.400000,X,Repository: ILO-STATISTICS - Micro data processing
95,'340,Honduras,3022,ILOSTAT - Household survey,21097,Employment in fishing and aquaculture,2,Male,6199,Value,2017,2017,1000 No,16.980000,X,Repository: ILO-STATISTICS - Micro data processing | Data reference period: Second quarter
95,'340,Honduras,3022,ILOSTAT - Household survey,21097,Employment in fishing and aquaculture,2,Male,6199,Value,2018,2018,1000 No,18.680000,B,Break in series: Methodology revised Repository: ILO-STATISTICS - Micro data processing | Data reference period: Second quarter
95,'340,Honduras,3022,ILOSTAT - Household survey,21097,Employment in fishing and aquaculture,2,Male,6199,Value,2019,2019,1000 No,19.000000,X,Repository: ILO-STATISTICS - Micro data processing | Data reference period: Second quarter
95,'340,Honduras,3022,ILOSTAT - Household survey,21097,Employment in fishing and aquaculture,2,Male,6199,Value,2020,2020,1000 No,22.770000,B,Break in series: Methodology revised Repository: ILO-STATISTICS - Micro data processing | Data reference period: Second quarter
95,'340,Honduras,3022,ILOSTAT - Household survey,21097,Employment in fishing and aquaculture,2,Male,6199,Value,2022,2022,1000 No,16.050000,X,Repository: ILO-STATISTICS - Micro data processing | Data reference period: Second quarter
95,'340,Honduras,3022,ILOSTAT - Household survey,21097,Employment in fishing and aquaculture,2,Male,6199,Value,2023,2023,1000 No,22.920000,X,Repository: ILO-STATISTICS - Micro data processing | Data reference period: Second quarter
95,'340,Honduras,3022,ILOSTAT - Household survey,21097,Employment in fishing and aquaculture,2,Male,6199,Value,2024,2024,1000 No,17.730000,X,Repository: ILO-STATISTICS - Micro data processing | Data reference period: Second quarter
95,'340,Honduras,3022,ILOSTAT - Household survey,21097,Employment in fishing and aquaculture,2,Male,6199,Value,2025,2025,1000 No,12.470000,X,Repository: ILO-STATISTICS - Micro data processing | Data reference period: Second quarter
95,'340,Honduras,3022,ILOSTAT - Household survey,21097,Employment in fishing and aquaculture,3,Female,6199,Value,2005,2005,1000 No,1.800000,U,Unreliable Break in series: Methodology revised Repository: ILO-STATISTICS - Micro data processing
95,'340,Honduras,3022,ILOSTAT - Household survey,21097,Employment in fishing and aquaculture,3,Female,6199,Value,2006,2006,1000 No,2.150000,X,Repository: ILO-STATISTICS - Micro data processing
95,'340,Honduras,3022,ILOSTAT - Household survey,21097,Employment in fishing and aquaculture,3,Female,6199,Value,2007,2007,1000 No,3.690000,X,Repository: ILO-STATISTICS - Micro data processing
95,'340,Honduras,3022,ILOSTAT - Household survey,21097,Employment in fishing and aquaculture,3,Female,6199,Value,2008,2008,1000 No,5.170000,B,Break in series: Methodology revised Repository: ILO-STATISTICS - Micro data processing
95,'340,Honduras,3022,ILOSTAT - Household survey,21097,Employment in fishing and aquaculture,3,Female,6199,Value,2009,2009,1000 No,2.260000,X,Repository: ILO-STATISTICS - Micro data processing
95,'340,Honduras,3022,ILOSTAT - Household survey,21097,Employment in fishing and aquaculture,3,Female,6199,Value,2010,2010,1000 No,3.900000,U,Unreliable Repository: ILO-STATISTICS - Micro data processing
95,'340,Honduras,3022,ILOSTAT - Household survey,21097,Employment in fishing and aquaculture,3,Female,6199,Value,2011,2011,1000 No,1.870000,U,Unreliable Repository: ILO-STATISTICS - Micro data processing
95,'340,Honduras,3022,ILOSTAT - Household survey,21097,Employment in fishing and aquaculture,3,Female,6199,Value,2012,2012,1000 No,2.450000,U,Unreliable Repository: ILO-STATISTICS - Micro data processing
95,'340,Honduras,3022,ILOSTAT - Household survey,21097,Employment in fishing and aquaculture,3,Female,6199,Value,2013,2013,1000 No,3.700000,U,Unreliable Repository: ILO-STATISTICS - Micro data processing
95,'340,Honduras,3022,ILOSTAT - Household survey,21097,Employment in fishing and aquaculture,3,Female,6199,Value,2014,2014,1000 No,3.100000,U,Unreliable Repository: ILO-STATISTICS - Micro data processing
95,'340,Honduras,3022,ILOSTAT - Household survey,21097,Employment in fishing and aquaculture,3,Female,6199,Value,2015,2015,1000 No,4.340000,U,Unreliable Repository: ILO-STATISTICS - Micro data processing
95,'340,Honduras,3022,ILOSTAT - Household survey,21097,Employment in fishing and aquaculture,3,Female,6199,Value,2016,2016,1000 No,2.460000,U,Unreliable Repository: ILO-STATISTICS - Micro data processing
95,'340,Honduras,3022,ILOSTAT - Household survey,21097,Employment in fishing and aquaculture,3,Female,6199,Value,2017,2017,1000 No,3.460000,U,Unreliable Repository: ILO-STATISTICS - Micro data processing | Data reference period: Second quarter
95,'340,Honduras,3022,ILOSTAT - Household survey,21097,Employment in fishing and aquaculture,3,Female,6199,Value,2018,2018,1000 No,4.950000,U,Unreliable Break in series: Methodology revised Repository: ILO-STATISTICS - Micro data processing | Data reference period: Second quarter
95,'340,Honduras,3022,ILOSTAT - Household survey,21097,Employment in fishing and aquaculture,3,Female,6199,Value,2019,2019,1000 No,4.590000,U,Unreliable Repository: ILO-STATISTICS - Micro data processing | Data reference period: Second quarter
95,'340,Honduras,3022,ILOSTAT - Household survey,21097,Employment in fishing and aquaculture,3,Female,6199,Value,2020,2020,1000 No,3.320000,U,Unreliable Break in series: Methodology revised Repository: ILO-STATISTICS - Micro data processing | Data reference period: Second quarter
95,'340,Honduras,3022,ILOSTAT - Household survey,21097,Employment in fishing and aquaculture,3,Female,6199,Value,2022,2022,1000 No,5.370000,U,Unreliable Repository: ILO-STATISTICS - Micro data processing | Data reference period: Second quarter
95,'340,Honduras,3022,ILOSTAT - Household survey,21097,Employment in fishing and aquaculture,3,Female,6199,Value,2023,2023,1000 No,2.750000,U,Unreliable Repository: ILO-STATISTICS - Micro data processing | Data reference period: Second quarter
95,'340,Honduras,3022,ILOSTAT - Household survey,21097,Employment in fishing and aquaculture,3,Female,6199,Value,2024,2024,1000 No,3.610000,U,Unreliable Repository: ILO-STATISTICS - Micro data processing | Data reference period: Second quarter
95,'340,Honduras,3022,ILOSTAT - Household survey,21097,Employment in fishing and aquaculture,3,Female,6199,Value,2025,2025,1000 No,1.920000,U,Unreliable Repository: ILO-STATISTICS - Micro data processing | Data reference period: Second quarter
95,'340,Honduras,3022,ILOSTAT - Household survey,21093,Employment in forestry and logging,1,Total,6199,Value,2005,2005,1000 No,8.520000,B,Break in series: Methodology revised Repository: ILO-STATISTICS - Micro data processing
95,'340,Honduras,3022,ILOSTAT - Household survey,21093,Employment in forestry and logging,1,Total,6199,Value,2006,2006,1000 No,5.790000,X,Repository: ILO-STATISTICS - Micro data processing
95,'340,Honduras,3022,ILOSTAT - Household survey,21093,Employment in forestry and logging,1,Total,6199,Value,2007,2007,1000 No,6.930000,X,Repository: ILO-STATISTICS - Micro data processing
95,'340,Honduras,3022,ILOSTAT - Household survey,21093,Employment in forestry and logging,1,Total,6199,Value,2008,2008,1000 No,7.500000,B,Break in series: Methodology revised Repository: ILO-STATISTICS - Micro data processing
95,'340,Honduras,3022,ILOSTAT - Household survey,21093,Employment in forestry and logging,1,Total,6199,Value,2009,2009,1000 No,7.720000,X,Repository: ILO-STATISTICS - Micro data processing
95,'340,Honduras,3022,ILOSTAT - Household survey,21093,Employment in forestry and logging,1,Total,6199,Value,2010,2010,1000 No,7.550000,X,Repository: ILO-STATISTICS - Micro data processing
95,'340,Honduras,3022,ILOSTAT - Household survey,21093,Employment in forestry and logging,1,Total,6199,Value,2011,2011,1000 No,5.110000,X,Repository: ILO-STATISTICS - Micro data processing
95,'340,Honduras,3022,ILOSTAT - Household survey,21093,Employment in forestry and logging,1,Total,6199,Value,2012,2012,1000 No,5.100000,X,Repository: ILO-STATISTICS - Micro data processing
95,'340,Honduras,3022,ILOSTAT - Household survey,21093,Employment in forestry and logging,1,Total,6199,Value,2013,2013,1000 No,10.610000,X,Repository: ILO-STATISTICS - Micro data processing
95,'340,Honduras,3022,ILOSTAT - Household survey,21093,Employment in forestry and logging,1,Total,6199,Value,2014,2014,1000 No,9.430000,X,Repository: ILO-STATISTICS - Micro data processing
95,'340,Honduras,3022,ILOSTAT - Household survey,21093,Employment in forestry and logging,1,Total,6199,Value,2015,2015,1000 No,8.580000,X,Repository: ILO-STATISTICS - Micro data processing
95,'340,Honduras,3022,ILOSTAT - Household survey,21093,Employment in forestry and logging,1,Total,6199,Value,2016,2016,1000 No,11.610000,X,Repository: ILO-STATISTICS - Micro data processing
95,'340,Honduras,3022,ILOSTAT - Household survey,21093,Employment in forestry and logging,1,Total,6199,Value,2017,2017,1000 No,9.110000,X,Repository: ILO-STATISTICS - Micro data processing | Data reference period: Second quarter
95,'340,Honduras,3022,ILOSTAT - Household survey,21093,Employment in forestry and logging,1,Total,6199,Value,2018,2018,1000 No,11.470000,B,Break in series: Methodology revised Repository: ILO-STATISTICS - Micro data processing | Data reference period: Second quarter
95,'340,Honduras,3022,ILOSTAT - Household survey,21093,Employment in forestry and logging,1,Total,6199,Value,2019,2019,1000 No,9.980000,X,Repository: ILO-STATISTICS - Micro data processing | Data reference period: Second quarter
95,'340,Honduras,3022,ILOSTAT - Household survey,21093,Employment in forestry and logging,1,Total,6199,Value,2020,2020,1000 No,16.590000,B,Break in series: Methodology revised Repository: ILO-STATISTICS - Micro data processing | Data reference period: Second quarter
95,'340,Honduras,3022,ILOSTAT - Household survey,21093,Employment in forestry and logging,1,Total,6199,Value,2022,2022,1000 No,11.270000,X,Repository: ILO-STATISTICS - Micro data processing | Data reference period: Second quarter
95,'340,Honduras,3022,ILOSTAT - Household survey,21093,Employment in forestry and logging,1,Total,6199,Value,2023,2023,1000 No,12.130000,X,Repository: ILO-STATISTICS - Micro data processing | Data reference period: Second quarter
95,'340,Honduras,3022,ILOSTAT - Household survey,21093,Employment in forestry and logging,1,Total,6199,Value,2024,2024,1000 No,6.700000,X,Repository: ILO-STATISTICS - Micro data processing | Data reference period: Second quarter
95,'340,Honduras,3022,ILOSTAT - Household survey,21093,Employment in forestry and logging,1,Total,6199,Value,2025,2025,1000 No,11.980000,X,Repository: ILO-STATISTICS - Micro data processing | Data reference period: Second quarter
95,'340,Honduras,3022,ILOSTAT - Household survey,21093,Employment in forestry and logging,2,Male,6199,Value,2005,2005,1000 No,8.010000,B,Break in series: Methodology revised Repository: ILO-STATISTICS - Micro data processing
95,'340,Honduras,3022,ILOSTAT - Household survey,21093,Employment in forestry and logging,2,Male,6199,Value,2006,2006,1000 No,5.120000,X,Repository: ILO-STATISTICS - Micro data processing
95,'340,Honduras,3022,ILOSTAT - Household survey,21093,Employment in forestry and logging,2,Male,6199,Value,2007,2007,1000 No,6.790000,X,Repository: ILO-STATISTICS - Micro data processing
95,'340,Honduras,3022,ILOSTAT - Household survey,21093,Employment in forestry and logging,2,Male,6199,Value,2008,2008,1000 No,6.920000,B,Break in series: Methodology revised Repository: ILO-STATISTICS - Micro data processing
95,'340,Honduras,3022,ILOSTAT - Household survey,21093,Employment in forestry and logging,2,Male,6199,Value,2009,2009,1000 No,7.100000,X,Repository: ILO-STATISTICS - Micro data processing
95,'340,Honduras,3022,ILOSTAT - Household survey,21093,Employment in forestry and logging,2,Male,6199,Value,2010,2010,1000 No,5.840000,X,Repository: ILO-STATISTICS - Micro data processing
95,'340,Honduras,3022,ILOSTAT - Household survey,21093,Employment in forestry and logging,2,Male,6199,Value,2011,2011,1000 No,4.310000,X,Repository: ILO-STATISTICS - Micro data processing
95,'340,Honduras,3022,ILOSTAT - Household survey,21093,Employment in forestry and logging,2,Male,6199,Value,2012,2012,1000 No,5.100000,X,Repository: ILO-STATISTICS - Micro data processing
95,'340,Honduras,3022,ILOSTAT - Household survey,21093,Employment in forestry and logging,2,Male,6199,Value,2013,2013,1000 No,9.730000,X,Repository: ILO-STATISTICS - Micro data processing
95,'340,Honduras,3022,ILOSTAT - Household survey,21093,Employment in forestry and logging,2,Male,6199,Value,2014,2014,1000 No,9.140000,X,Repository: ILO-STATISTICS - Micro data processing
95,'340,Honduras,3022,ILOSTAT - Household survey,21093,Employment in forestry and logging,2,Male,6199,Value,2015,2015,1000 No,8.310000,X,Repository: ILO-STATISTICS - Micro data processing
95,'340,Honduras,3022,ILOSTAT - Household survey,21093,Employment in forestry and logging,2,Male,6199,Value,2016,2016,1000 No,11.190000,X,Repository: ILO-STATISTICS - Micro data processing
95,'340,Honduras,3022,ILOSTAT - Household survey,21093,Employment in forestry and logging,2,Male,6199,Value,2017,2017,1000 No,9.110000,X,Repository: ILO-STATISTICS - Micro data processing | Data reference period: Second quarter
95,'340,Honduras,3022,ILOSTAT - Household survey,21093,Employment in forestry and logging,2,Male,6199,Value,2018,2018,1000 No,10.510000,B,Break in series: Methodology revised Repository: ILO-STATISTICS - Micro data processing | Data reference period: Second quarter
95,'340,Honduras,3022,ILOSTAT - Household survey,21093,Employment in forestry and logging,2,Male,6199,Value,2019,2019,1000 No,9.660000,X,Repository: ILO-STATISTICS - Micro data processing | Data reference period: Second quarter
95,'340,Honduras,3022,ILOSTAT - Household survey,21093,Employment in forestry and logging,2,Male,6199,Value,2020,2020,1000 No,16.590000,B,Break in series: Methodology revised Repository: ILO-STATISTICS - Micro data processing | Data reference period: Second quarter
95,'340,Honduras,3022,ILOSTAT - Household survey,21093,Employment in forestry and logging,2,Male,6199,Value,2022,2022,1000 No,9.360000,X,Repository: ILO-STATISTICS - Micro data processing | Data reference period: Second quarter
95,'340,Honduras,3022,ILOSTAT - Household survey,21093,Employment in forestry and logging,2,Male,6199,Value,2023,2023,1000 No,10.540000,X,Repository: ILO-STATISTICS - Micro data processing | Data reference period: Second quarter
95,'340,Honduras,3022,ILOSTAT - Household survey,21093,Employment in forestry and logging,2,Male,6199,Value,2024,2024,1000 No,6.390000,X,Repository: ILO-STATISTICS - Micro data processing | Data reference period: Second quarter
95,'340,Honduras,3022,ILOSTAT - Household survey,21093,Employment in forestry and logging,2,Male,6199,Value,2025,2025,1000 No,10.690000,X,Repository: ILO-STATISTICS - Micro data processing | Data reference period: Second quarter
95,'340,Honduras,3022,ILOSTAT - Household survey,21093,Employment in forestry and logging,3,Female,6199,Value,2006,2006,1000 No,0.660000,U,Unreliable Repository: ILO-STATISTICS - Micro data processing
95,'340,Honduras,3022,ILOSTAT - Household survey,21093,Employment in forestry and logging,3,Female,6199,Value,2008,2008,1000 No,0.580000,U,Unreliable Break in series: Methodology revised Repository: ILO-STATISTICS - Micro data processing
95,'340,Honduras,3022,ILOSTAT - Household survey,21093,Employment in forestry and logging,3,Female,6199,Value,2009,2009,1000 No,0.620000,U,Unreliable Repository: ILO-STATISTICS - Micro data processing
95,'340,Honduras,3022,ILOSTAT - Household survey,21093,Employment in forestry and logging,3,Female,6199,Value,2010,2010,1000 No,1.710000,U,Unreliable Repository: ILO-STATISTICS - Micro data processing
95,'340,Honduras,3022,ILOSTAT - Household survey,21093,Employment in forestry and logging,3,Female,6199,Value,2012,2012,1000 No,0.000000,X,Repository: ILO-STATISTICS - Micro data processing
95,'340,Honduras,3022,ILOSTAT - Household survey,21093,Employment in forestry and logging,3,Female,6199,Value,2017,2017,1000 No,0.000000,X,Repository: ILO-STATISTICS - Micro data processing | Data reference period: Second quarter
95,'340,Honduras,3022,ILOSTAT - Household survey,21093,Employment in forestry and logging,3,Female,6199,Value,2022,2022,1000 No,1.910000,U,Unreliable Repository: ILO-STATISTICS - Micro data processing | Data reference period: Second quarter
95,'340,Honduras,3022,ILOSTAT - Household survey,21111,"Employment in crop and animal production, hunting and related service activities",1,Total,6199,Value,2005,2005,1000 No,815.370000,B,Break in series: Methodology revised Repository: ILO-STATISTICS - Micro data processing
95,'340,Honduras,3022,ILOSTAT - Household survey,21111,"Employment in crop and animal production, hunting and related service activities",1,Total,6199,Value,2006,2006,1000 No,899.940000,X,Repository: ILO-STATISTICS - Micro data processing
95,'340,Honduras,3022,ILOSTAT - Household survey,21111,"Employment in crop and animal production, hunting and related service activities",1,Total,6199,Value,2007,2007,1000 No,871.760000,X,Repository: ILO-STATISTICS - Micro data processing
95,'340,Honduras,3022,ILOSTAT - Household survey,21111,"Employment in crop and animal production, hunting and related service activities",1,Total,6199,Value,2008,2008,1000 No,944.440000,B,Break in series: Methodology revised Repository: ILO-STATISTICS - Micro data processing
95,'340,Honduras,3022,ILOSTAT - Household survey,21111,"Employment in crop and animal production, hunting and related service activities",1,Total,6199,Value,2009,2009,1000 No,1029.740000,X,Repository: ILO-STATISTICS - Micro data processing
95,'340,Honduras,3022,ILOSTAT - Household survey,21111,"Employment in crop and animal production, hunting and related service activities",1,Total,6199,Value,2010,2010,1000 No,1099.750000,X,Repository: ILO-STATISTICS - Micro data processing
95,'340,Honduras,3022,ILOSTAT - Household survey,21111,"Employment in crop and animal production, hunting and related service activities",1,Total,6199,Value,2011,2011,1000 No,1073.460000,X,Repository: ILO-STATISTICS - Micro data processing
95,'340,Honduras,3022,ILOSTAT - Household survey,21111,"Employment in crop and animal production, hunting and related service activities",1,Total,6199,Value,2012,2012,1000 No,1135.120000,X,Repository: ILO-STATISTICS - Micro data processing
95,'340,Honduras,3022,ILOSTAT - Household survey,21111,"Employment in crop and animal production, hunting and related service activities",1,Total,6199,Value,2013,2013,1000 No,1117.320000,X,Repository: ILO-STATISTICS - Micro data processing
95,'340,Honduras,3022,ILOSTAT - Household survey,21111,"Employment in crop and animal production, hunting and related service activities",1,Total,6199,Value,2014,2014,1000 No,926.610000,X,Repository: ILO-STATISTICS - Micro data processing
95,'340,Honduras,3022,ILOSTAT - Household survey,21111,"Employment in crop and animal production, hunting and related service activities",1,Total,6199,Value,2015,2015,1000 No,967.940000,X,Repository: ILO-STATISTICS - Micro data processing
95,'340,Honduras,3022,ILOSTAT - Household survey,21111,"Employment in crop and animal production, hunting and related service activities",1,Total,6199,Value,2016,2016,1000 No,925.630000,X,Repository: ILO-STATISTICS - Micro data processing
95,'340,Honduras,3022,ILOSTAT - Household survey,21111,"Employment in crop and animal production, hunting and related service activities",1,Total,6199,Value,2017,2017,1000 No,1143.280000,X,Repository: ILO-STATISTICS - Micro data processing | Data reference period: Second quarter
95,'340,Honduras,3022,ILOSTAT - Household survey,21111,"Employment in crop and animal production, hunting and related service activities",1,Total,6199,Value,2018,2018,1000 No,1166.890000,B,Break in series: Methodology revised Repository: ILO-STATISTICS - Micro data processing | Data reference period: Second quarter
95,'340,Honduras,3022,ILOSTAT - Household survey,21111,"Employment in crop and animal production, hunting and related service activities",1,Total,6199,Value,2019,2019,1000 No,1096.860000,X,Repository: ILO-STATISTICS - Micro data processing | Data reference period: Second quarter
95,'340,Honduras,3022,ILOSTAT - Household survey,21111,"Employment in crop and animal production, hunting and related service activities",1,Total,6199,Value,2020,2020,1000 No,813.300000,B,Break in series: Methodology revised Repository: ILO-STATISTICS - Micro data processing | Data reference period: Second quarter
95,'340,Honduras,3022,ILOSTAT - Household survey,21111,"Employment in crop and animal production, hunting and related service activities",1,Total,6199,Value,2022,2022,1000 No,747.470000,X,Repository: ILO-STATISTICS - Micro data processing | Data reference period: Second quarter
95,'340,Honduras,3022,ILOSTAT - Household survey,21111,"Employment in crop and animal production, hunting and related service activities",1,Total,6199,Value,2023,2023,1000 No,810.360000,X,Repository: ILO-STATISTICS - Micro data processing | Data reference period: Second quarter
95,'340,Honduras,3022,ILOSTAT - Household survey,21111,"Employment in crop and animal production, hunting and related service activities",1,Total,6199,Value,2024,2024,1000 No,779.450000,X,Repository: ILO-STATISTICS - Micro data processing | Data reference period: Second quarter
95,'340,Honduras,3022,ILOSTAT - Household survey,21111,"Employment in crop and animal production, hunting and related service activities",1,Total,6199,Value,2025,2025,1000 No,865.540000,X,Repository: ILO-STATISTICS - Micro data processing | Data reference period: Second quarter
95,'340,Honduras,3022,ILOSTAT - Household survey,21111,"Employment in crop and animal production, hunting and related service activities",2,Male,6199,Value,2005,2005,1000 No,737.860000,B,Break in series: Methodology revised Repository: ILO-STATISTICS - Micro data processing
95,'340,Honduras,3022,ILOSTAT - Household survey,21111,"Employment in crop and animal production, hunting and related service activities",2,Male,6199,Value,2006,2006,1000 No,798.760000,X,Repository: ILO-STATISTICS - Micro data processing
95,'340,Honduras,3022,ILOSTAT - Household survey,21111,"Employment in crop and animal production, hunting and related service activities",2,Male,6199,Value,2007,2007,1000 No,785.550000,X,Repository: ILO-STATISTICS - Micro data processing
95,'340,Honduras,3022,ILOSTAT - Household survey,21111,"Employment in crop and animal production, hunting and related service activities",2,Male,6199,Value,2008,2008,1000 No,846.550000,B,Break in series: Methodology revised Repository: ILO-STATISTICS - Micro data processing
95,'340,Honduras,3022,ILOSTAT - Household survey,21111,"Employment in crop and animal production, hunting and related service activities",2,Male,6199,Value,2009,2009,1000 No,909.320000,X,Repository: ILO-STATISTICS - Micro data processing
95,'340,Honduras,3022,ILOSTAT - Household survey,21111,"Employment in crop and animal production, hunting and related service activities",2,Male,6199,Value,2010,2010,1000 No,966.760000,X,Repository: ILO-STATISTICS - Micro data processing
95,'340,Honduras,3022,ILOSTAT - Household survey,21111,"Employment in crop and animal production, hunting and related service activities",2,Male,6199,Value,2011,2011,1000 No,973.610000,X,Repository: ILO-STATISTICS - Micro data processing
95,'340,Honduras,3022,ILOSTAT - Household survey,21111,"Employment in crop and animal production, hunting and related service activities",2,Male,6199,Value,2012,2012,1000 No,1016.940000,X,Repository: ILO-STATISTICS - Micro data processing
95,'340,Honduras,3022,ILOSTAT - Household survey,21111,"Employment in crop and animal production, hunting and related service activities",2,Male,6199,Value,2013,2013,1000 No,997.320000,X,Repository: ILO-STATISTICS - Micro data processing
95,'340,Honduras,3022,ILOSTAT - Household survey,21111,"Employment in crop and animal production, hunting and related service activities",2,Male,6199,Value,2014,2014,1000 No,810.170000,X,Repository: ILO-STATISTICS - Micro data processing
95,'340,Honduras,3022,ILOSTAT - Household survey,21111,"Employment in crop and animal production, hunting and related service activities",2,Male,6199,Value,2015,2015,1000 No,865.210000,X,Repository: ILO-STATISTICS - Micro data processing
95,'340,Honduras,3022,ILOSTAT - Household survey,21111,"Employment in crop and animal production, hunting and related service activities",2,Male,6199,Value,2016,2016,1000 No,814.090000,X,Repository: ILO-STATISTICS - Micro data processing
95,'340,Honduras,3022,ILOSTAT - Household survey,21111,"Employment in crop and animal production, hunting and related service activities",2,Male,6199,Value,2017,2017,1000 No,1009.480000,X,Repository: ILO-STATISTICS - Micro data processing | Data reference period: Second quarter
95,'340,Honduras,3022,ILOSTAT - Household survey,21111,"Employment in crop and animal production, hunting and related service activities",2,Male,6199,Value,2018,2018,1000 No,1001.630000,B,Break in series: Methodology revised Repository: ILO-STATISTICS - Micro data processing | Data reference period: Second quarter
95,'340,Honduras,3022,ILOSTAT - Household survey,21111,"Employment in crop and animal production, hunting and related service activities",2,Male,6199,Value,2019,2019,1000 No,982.990000,X,Repository: ILO-STATISTICS - Micro data processing | Data reference period: Second quarter
95,'340,Honduras,3022,ILOSTAT - Household survey,21111,"Employment in crop and animal production, hunting and related service activities",2,Male,6199,Value,2020,2020,1000 No,684.240000,B,Break in series: Methodology revised Repository: ILO-STATISTICS - Micro data processing | Data reference period: Second quarter
95,'340,Honduras,3022,ILOSTAT - Household survey,21111,"Employment in crop and animal production, hunting and related service activities",2,Male,6199,Value,2022,2022,1000 No,673.570000,X,Repository: ILO-STATISTICS - Micro data processing | Data reference period: Second quarter
95,'340,Honduras,3022,ILOSTAT - Household survey,21111,"Employment in crop and animal production, hunting and related service activities",2,Male,6199,Value,2023,2023,1000 No,735.250000,X,Repository: ILO-STATISTICS - Micro data processing | Data reference period: Second quarter
95,'340,Honduras,3022,ILOSTAT - Household survey,21111,"Employment in crop and animal production, hunting and related service activities",2,Male,6199,Value,2024,2024,1000 No,712.990000,X,Repository: ILO-STATISTICS - Micro data processing | Data reference period: Second quarter
95,'340,Honduras,3022,ILOSTAT - Household survey,21111,"Employment in crop and animal production, hunting and related service activities",2,Male,6199,Value,2025,2025,1000 No,775.010000,X,Repository: ILO-STATISTICS - Micro data processing | Data reference period: Second quarter
95,'340,Honduras,3022,ILOSTAT - Household survey,21111,"Employment in crop and animal production, hunting and related service activities",3,Female,6199,Value,2005,2005,1000 No,77.510000,B,Break in series: Methodology revised Repository: ILO-STATISTICS - Micro data processing
95,'340,Honduras,3022,ILOSTAT - Household survey,21111,"Employment in crop and animal production, hunting and related service activities",3,Female,6199,Value,2006,2006,1000 No,101.190000,X,Repository: ILO-STATISTICS - Micro data processing
95,'340,Honduras,3022,ILOSTAT - Household survey,21111,"Employment in crop and animal production, hunting and related service activities",3,Female,6199,Value,2007,2007,1000 No,86.210000,X,Repository: ILO-STATISTICS - Micro data processing
95,'340,Honduras,3022,ILOSTAT - Household survey,21111,"Employment in crop and animal production, hunting and related service activities",3,Female,6199,Value,2008,2008,1000 No,97.880000,B,Break in series: Methodology revised Repository: ILO-STATISTICS - Micro data processing
95,'340,Honduras,3022,ILOSTAT - Household survey,21111,"Employment in crop and animal production, hunting and related service activities",3,Female,6199,Value,2009,2009,1000 No,120.420000,X,Repository: ILO-STATISTICS - Micro data processing
95,'340,Honduras,3022,ILOSTAT - Household survey,21111,"Employment in crop and animal production, hunting and related service activities",3,Female,6199,Value,2010,2010,1000 No,132.990000,X,Repository: ILO-STATISTICS - Micro data processing
95,'340,Honduras,3022,ILOSTAT - Household survey,21111,"Employment in crop and animal production, hunting and related service activities",3,Female,6199,Value,2011,2011,1000 No,99.850000,X,Repository: ILO-STATISTICS - Micro data processing
95,'340,Honduras,3022,ILOSTAT - Household survey,21111,"Employment in crop and animal production, hunting and related service activities",3,Female,6199,Value,2012,2012,1000 No,118.180000,X,Repository: ILO-STATISTICS - Micro data processing
95,'340,Honduras,3022,ILOSTAT - Household survey,21111,"Employment in crop and animal production, hunting and related service activities",3,Female,6199,Value,2013,2013,1000 No,120.000000,X,Repository: ILO-STATISTICS - Micro data processing
95,'340,Honduras,3022,ILOSTAT - Household survey,21111,"Employment in crop and animal production, hunting and related service activities",3,Female,6199,Value,2014,2014,1000 No,116.440000,X,Repository: ILO-STATISTICS - Micro data processing
95,'340,Honduras,3022,ILOSTAT - Household survey,21111,"Employment in crop and animal production, hunting and related service activities",3,Female,6199,Value,2015,2015,1000 No,102.730000,X,Repository: ILO-STATISTICS - Micro data processing
95,'340,Honduras,3022,ILOSTAT - Household survey,21111,"Employment in crop and animal production, hunting and related service activities",3,Female,6199,Value,2016,2016,1000 No,111.540000,X,Repository: ILO-STATISTICS - Micro data processing
95,'340,Honduras,3022,ILOSTAT - Household survey,21111,"Employment in crop and animal production, hunting and related service activities",3,Female,6199,Value,2017,2017,1000 No,133.800000,X,Repository: ILO-STATISTICS - Micro data processing | Data reference period: Second quarter
95,'340,Honduras,3022,ILOSTAT - Household survey,21111,"Employment in crop and animal production, hunting and related service activities",3,Female,6199,Value,2018,2018,1000 No,165.270000,B,Break in series: Methodology revised Repository: ILO-STATISTICS - Micro data processing | Data reference period: Second quarter
95,'340,Honduras,3022,ILOSTAT - Household survey,21111,"Employment in crop and animal production, hunting and related service activities",3,Female,6199,Value,2019,2019,1000 No,113.880000,X,Repository: ILO-STATISTICS - Micro data processing | Data reference period: Second quarter
95,'340,Honduras,3022,ILOSTAT - Household survey,21111,"Employment in crop and animal production, hunting and related service activities",3,Female,6199,Value,2020,2020,1000 No,129.060000,B,Break in series: Methodology revised Repository: ILO-STATISTICS - Micro data processing | Data reference period: Second quarter
95,'340,Honduras,3022,ILOSTAT - Household survey,21111,"Employment in crop and animal production, hunting and related service activities",3,Female,6199,Value,2022,2022,1000 No,73.900000,X,Repository: ILO-STATISTICS - Micro data processing | Data reference period: Second quarter
95,'340,Honduras,3022,ILOSTAT - Household survey,21111,"Employment in crop and animal production, hunting and related service activities",3,Female,6199,Value,2023,2023,1000 No,75.110000,X,Repository: ILO-STATISTICS - Micro data processing | Data reference period: Second quarter
95,'340,Honduras,3022,ILOSTAT - Household survey,21111,"Employment in crop and animal production, hunting and related service activities",3,Female,6199,Value,2024,2024,1000 No,66.460000,X,Repository: ILO-STATISTICS - Micro data processing | Data reference period: Second quarter
95,'340,Honduras,3022,ILOSTAT - Household survey,21111,"Employment in crop and animal production, hunting and related service activities",3,Female,6199,Value,2025,2025,1000 No,90.540000,X,Repository: ILO-STATISTICS - Micro data processing | Data reference period: Second quarter
95,'340,Honduras,3022,ILOSTAT - Household survey,21150,Mean weekly hours actually worked per employed person in agriculture,1,Total,6173,Value,2005,2005,No,35.460000,B,Job coverage: Main job currently held | Break in series: Methodology revised Repository: ILO-STATISTICS - Micro data processing
95,'340,Honduras,3022,ILOSTAT - Household survey,21150,Mean weekly hours actually worked per employed person in agriculture,1,Total,6173,Value,2006,2006,No,34.440000,X,Job coverage: Main job currently held Repository: ILO-STATISTICS - Micro data processing
95,'340,Honduras,3022,ILOSTAT - Household survey,21150,Mean weekly hours actually worked per employed person in agriculture,1,Total,6173,Value,2007,2007,No,34.440000,X,Job coverage: Main job currently held Repository: ILO-STATISTICS - Micro data processing
95,'340,Honduras,3022,ILOSTAT - Household survey,21150,Mean weekly hours actually worked per employed person in agriculture,1,Total,6173,Value,2008,2008,No,31.420000,B,Job coverage: Main job currently held | Break in series: Methodology revised Repository: ILO-STATISTICS - Micro data processing
95,'340,Honduras,3022,ILOSTAT - Household survey,21150,Mean weekly hours actually worked per employed person in agriculture,1,Total,6173,Value,2009,2009,No,30.960000,X,Job coverage: Main job currently held Repository: ILO-STATISTICS - Micro data processing
95,'340,Honduras,3022,ILOSTAT - Household survey,21150,Mean weekly hours actually worked per employed person in agriculture,1,Total,6173,Value,2010,2010,No,30.190000,X,Job coverage: Main job currently held Repository: ILO-STATISTICS - Micro data processing
95,'340,Honduras,3022,ILOSTAT - Household survey,21150,Mean weekly hours actually worked per employed person in agriculture,1,Total,6173,Value,2011,2011,No,33.640000,X,Job coverage: Main job currently held Repository: ILO-STATISTICS - Micro data processing
95,'340,Honduras,3022,ILOSTAT - Household survey,21150,Mean weekly hours actually worked per employed person in agriculture,1,Total,6173,Value,2012,2012,No,34.670000,X,Job coverage: Main job currently held Repository: ILO-STATISTICS - Micro data processing
95,'340,Honduras,3022,ILOSTAT - Household survey,21150,Mean weekly hours actually worked per employed person in agriculture,1,Total,6173,Value,2013,2013,No,30.560000,X,Job coverage: Main job currently held Repository: ILO-STATISTICS - Micro data processing
95,'340,Honduras,3022,ILOSTAT - Household survey,21150,Mean weekly hours actually worked per employed person in agriculture,1,Total,6173,Value,2014,2014,No,29.010000,X,Job coverage: Main job currently held Repository: ILO-STATISTICS - Micro data processing
95,'340,Honduras,3022,ILOSTAT - Household survey,21150,Mean weekly hours actually worked per employed person in agriculture,1,Total,6173,Value,2015,2015,No,30.530000,X,Job coverage: Main job currently held Repository: ILO-STATISTICS - Micro data processing
95,'340,Honduras,3022,ILOSTAT - Household survey,21150,Mean weekly hours actually worked per employed person in agriculture,1,Total,6173,Value,2016,2016,No,30.680000,X,Job coverage: Main job currently held Repository: ILO-STATISTICS - Micro data processing
95,'340,Honduras,3022,ILOSTAT - Household survey,21150,Mean weekly hours actually worked per employed person in agriculture,1,Total,6173,Value,2017,2017,No,30.320000,X,Job coverage: Main job currently held Repository: ILO-STATISTICS - Micro data processing | Data reference period: Second quarter
95,'340,Honduras,3022,ILOSTAT - Household survey,21150,Mean weekly hours actually worked per employed person in agriculture,1,Total,6173,Value,2018,2018,No,32.650000,B,Job coverage: Main job currently held | Break in series: Methodology revised Repository: ILO-STATISTICS - Micro data processing | Data reference period: Second quarter
95,'340,Honduras,3022,ILOSTAT - Household survey,21150,Mean weekly hours actually worked per employed person in agriculture,1,Total,6173,Value,2019,2019,No,34.570000,X,Job coverage: Main job currently held Repository: ILO-STATISTICS - Micro data processing | Data reference period: Second quarter
95,'340,Honduras,3022,ILOSTAT - Household survey,21150,Mean weekly hours actually worked per employed person in agriculture,1,Total,6173,Value,2020,2020,No,40.650000,B,Job coverage: Main job currently held | Break in series: Methodology revised Repository: ILO-STATISTICS - Micro data processing | Data reference period: Second quarter
95,'340,Honduras,3022,ILOSTAT - Household survey,21150,Mean weekly hours actually worked per employed person in agriculture,1,Total,6173,Value,2021,2021,No,36.470000,X,Job coverage: Main job currently held Repository: ILO-STATISTICS - Micro data processing | Data reference period: Second quarter
95,'340,Honduras,3022,ILOSTAT - Household survey,21150,Mean weekly hours actually worked per employed person in agriculture,1,Total,6173,Value,2022,2022,No,36.950000,X,Job coverage: Main job currently held Repository: ILO-STATISTICS - Micro data processing | Data reference period: Second quarter
95,'340,Honduras,3022,ILOSTAT - Household survey,21150,Mean weekly hours actually worked per employed person in agriculture,1,Total,6173,Value,2023,2023,No,36.740000,X,Job coverage: Main job currently held Repository: ILO-STATISTICS - Micro data processing | Data reference period: Second quarter
95,'340,Honduras,3022,ILOSTAT - Household survey,21150,Mean weekly hours actually worked per employed person in agriculture,1,Total,6173,Value,2024,2024,No,36.750000,X,Job coverage: Main job currently held Repository: ILO-STATISTICS - Micro data processing | Data reference period: Second quarter
95,'340,Honduras,3022,ILOSTAT - Household survey,21150,Mean weekly hours actually worked per employed person in agriculture,1,Total,6173,Value,2025,2025,No,35.190000,X,Job coverage: Main job currently held Repository: ILO-STATISTICS - Micro data processing | Data reference period: Second quarter
95,'340,Honduras,3022,ILOSTAT - Household survey,21150,Mean weekly hours actually worked per employed person in agriculture,2,Male,6173,Value,2005,2005,No,36.890000,B,Job coverage: Main job currently held | Break in series: Methodology revised Repository: ILO-STATISTICS - Micro data processing
95,'340,Honduras,3022,ILOSTAT - Household survey,21150,Mean weekly hours actually worked per employed person in agriculture,2,Male,6173,Value,2006,2006,No,36.310000,X,Job coverage: Main job currently held Repository: ILO-STATISTICS - Micro data processing
95,'340,Honduras,3022,ILOSTAT - Household survey,21150,Mean weekly hours actually worked per employed person in agriculture,2,Male,6173,Value,2007,2007,No,35.620000,X,Job coverage: Main job currently held Repository: ILO-STATISTICS - Micro data processing
95,'340,Honduras,3022,ILOSTAT - Household survey,21150,Mean weekly hours actually worked per employed person in agriculture,2,Male,6173,Value,2008,2008,No,32.640000,B,Job coverage: Main job currently held | Break in series: Methodology revised Repository: ILO-STATISTICS - Micro data processing
95,'340,Honduras,3022,ILOSTAT - Household survey,21150,Mean weekly hours actually worked per employed person in agriculture,2,Male,6173,Value,2009,2009,No,32.630000,X,Job coverage: Main job currently held Repository: ILO-STATISTICS - Micro data processing
95,'340,Honduras,3022,ILOSTAT - Household survey,21150,Mean weekly hours actually worked per employed person in agriculture,2,Male,6173,Value,2010,2010,No,31.780000,X,Job coverage: Main job currently held Repository: ILO-STATISTICS - Micro data processing
95,'340,Honduras,3022,ILOSTAT - Household survey,21150,Mean weekly hours actually worked per employed person in agriculture,2,Male,6173,Value,2011,2011,No,34.860000,X,Job coverage: Main job currently held Repository: ILO-STATISTICS - Micro data processing
95,'340,Honduras,3022,ILOSTAT - Household survey,21150,Mean weekly hours actually worked per employed person in agriculture,2,Male,6173,Value,2012,2012,No,36.360000,X,Job coverage: Main job currently held Repository: ILO-STATISTICS - Micro data processing
95,'340,Honduras,3022,ILOSTAT - Household survey,21150,Mean weekly hours actually worked per employed person in agriculture,2,Male,6173,Value,2013,2013,No,31.860000,X,Job coverage: Main job currently held Repository: ILO-STATISTICS - Micro data processing
95,'340,Honduras,3022,ILOSTAT - Household survey,21150,Mean weekly hours actually worked per employed person in agriculture,2,Male,6173,Value,2014,2014,No,30.830000,X,Job coverage: Main job currently held Repository: ILO-STATISTICS - Micro data processing
95,'340,Honduras,3022,ILOSTAT - Household survey,21150,Mean weekly hours actually worked per employed person in agriculture,2,Male,6173,Value,2015,2015,No,31.800000,X,Job coverage: Main job currently held Repository: ILO-STATISTICS - Micro data processing
95,'340,Honduras,3022,ILOSTAT - Household survey,21150,Mean weekly hours actually worked per employed person in agriculture,2,Male,6173,Value,2016,2016,No,32.630000,X,Job coverage: Main job currently held Repository: ILO-STATISTICS - Micro data processing
95,'340,Honduras,3022,ILOSTAT - Household survey,21150,Mean weekly hours actually worked per employed person in agriculture,2,Male,6173,Value,2017,2017,No,32.240000,X,Job coverage: Main job currently held Repository: ILO-STATISTICS - Micro data processing | Data reference period: Second quarter
95,'340,Honduras,3022,ILOSTAT - Household survey,21150,Mean weekly hours actually worked per employed person in agriculture,2,Male,6173,Value,2018,2018,No,35.140000,B,Job coverage: Main job currently held | Break in series: Methodology revised Repository: ILO-STATISTICS - Micro data processing | Data reference period: Second quarter
95,'340,Honduras,3022,ILOSTAT - Household survey,21150,Mean weekly hours actually worked per employed person in agriculture,2,Male,6173,Value,2019,2019,No,35.920000,X,Job coverage: Main job currently held Repository: ILO-STATISTICS - Micro data processing | Data reference period: Second quarter
95,'340,Honduras,3022,ILOSTAT - Household survey,21150,Mean weekly hours actually worked per employed person in agriculture,2,Male,6173,Value,2020,2020,No,42.350000,B,Job coverage: Main job currently held | Break in series: Methodology revised Repository: ILO-STATISTICS - Micro data processing | Data reference period: Second quarter
95,'340,Honduras,3022,ILOSTAT - Household survey,21150,Mean weekly hours actually worked per employed person in agriculture,2,Male,6173,Value,2021,2021,No,37.760000,X,Job coverage: Main job currently held Repository: ILO-STATISTICS - Micro data processing | Data reference period: Second quarter
95,'340,Honduras,3022,ILOSTAT - Household survey,21150,Mean weekly hours actually worked per employed person in agriculture,2,Male,6173,Value,2022,2022,No,37.950000,X,Job coverage: Main job currently held Repository: ILO-STATISTICS - Micro data processing | Data reference period: Second quarter
95,'340,Honduras,3022,ILOSTAT - Household survey,21150,Mean weekly hours actually worked per employed person in agriculture,2,Male,6173,Value,2023,2023,No,37.580000,X,Job coverage: Main job currently held Repository: ILO-STATISTICS - Micro data processing | Data reference period: Second quarter
95,'340,Honduras,3022,ILOSTAT - Household survey,21150,Mean weekly hours actually worked per employed person in agriculture,2,Male,6173,Value,2024,2024,No,37.640000,X,Job coverage: Main job currently held Repository: ILO-STATISTICS - Micro data processing | Data reference period: Second quarter
95,'340,Honduras,3022,ILOSTAT - Household survey,21150,Mean weekly hours actually worked per employed person in agriculture,2,Male,6173,Value,2025,2025,No,36.260000,X,Job coverage: Main job currently held Repository: ILO-STATISTICS - Micro data processing | Data reference period: Second quarter
95,'340,Honduras,3022,ILOSTAT - Household survey,21150,Mean weekly hours actually worked per employed person in agriculture,3,Female,6173,Value,2005,2005,No,21.710000,B,Job coverage: Main job currently held | Break in series: Methodology revised Repository: ILO-STATISTICS - Micro data processing
95,'340,Honduras,3022,ILOSTAT - Household survey,21150,Mean weekly hours actually worked per employed person in agriculture,3,Female,6173,Value,2006,2006,No,19.440000,X,Job coverage: Main job currently held Repository: ILO-STATISTICS - Micro data processing
95,'340,Honduras,3022,ILOSTAT - Household survey,21150,Mean weekly hours actually worked per employed person in agriculture,3,Female,6173,Value,2007,2007,No,23.690000,X,Job coverage: Main job currently held Repository: ILO-STATISTICS - Micro data processing
95,'340,Honduras,3022,ILOSTAT - Household survey,21150,Mean weekly hours actually worked per employed person in agriculture,3,Female,6173,Value,2008,2008,No,21.350000,B,Job coverage: Main job currently held | Break in series: Methodology revised Repository: ILO-STATISTICS - Micro data processing
95,'340,Honduras,3022,ILOSTAT - Household survey,21150,Mean weekly hours actually worked per employed person in agriculture,3,Female,6173,Value,2009,2009,No,18.090000,X,Job coverage: Main job currently held Repository: ILO-STATISTICS - Micro data processing
95,'340,Honduras,3022,ILOSTAT - Household survey,21150,Mean weekly hours actually worked per employed person in agriculture,3,Female,6173,Value,2010,2010,No,18.940000,X,Job coverage: Main job currently held Repository: ILO-STATISTICS - Micro data processing
95,'340,Honduras,3022,ILOSTAT - Household survey,21150,Mean weekly hours actually worked per employed person in agriculture,3,Female,6173,Value,2011,2011,No,21.560000,X,Job coverage: Main job currently held Repository: ILO-STATISTICS - Micro data processing
95,'340,Honduras,3022,ILOSTAT - Household survey,21150,Mean weekly hours actually worked per employed person in agriculture,3,Female,6173,Value,2012,2012,No,20.190000,X,Job coverage: Main job currently held Repository: ILO-STATISTICS - Micro data processing
95,'340,Honduras,3022,ILOSTAT - Household survey,21150,Mean weekly hours actually worked per employed person in agriculture,3,Female,6173,Value,2013,2013,No,19.540000,X,Job coverage: Main job currently held Repository: ILO-STATISTICS - Micro data processing
95,'340,Honduras,3022,ILOSTAT - Household survey,21150,Mean weekly hours actually worked per employed person in agriculture,3,Female,6173,Value,2014,2014,No,15.780000,X,Job coverage: Main job currently held Repository: ILO-STATISTICS - Micro data processing
95,'340,Honduras,3022,ILOSTAT - Household survey,21150,Mean weekly hours actually worked per employed person in agriculture,3,Female,6173,Value,2015,2015,No,20.000000,X,Job coverage: Main job currently held Repository: ILO-STATISTICS - Micro data processing
95,'340,Honduras,3022,ILOSTAT - Household survey,21150,Mean weekly hours actually worked per employed person in agriculture,3,Female,6173,Value,2016,2016,No,16.280000,X,Job coverage: Main job currently held Repository: ILO-STATISTICS - Micro data processing
95,'340,Honduras,3022,ILOSTAT - Household survey,21150,Mean weekly hours actually worked per employed person in agriculture,3,Female,6173,Value,2017,2017,No,15.720000,X,Job coverage: Main job currently held Repository: ILO-STATISTICS - Micro data processing | Data reference period: Second quarter
95,'340,Honduras,3022,ILOSTAT - Household survey,21150,Mean weekly hours actually worked per employed person in agriculture,3,Female,6173,Value,2018,2018,No,17.660000,B,Job coverage: Main job currently held | Break in series: Methodology revised Repository: ILO-STATISTICS - Micro data processing | Data reference period: Second quarter
95,'340,Honduras,3022,ILOSTAT - Household survey,21150,Mean weekly hours actually worked per employed person in agriculture,3,Female,6173,Value,2019,2019,No,22.730000,X,Job coverage: Main job currently held Repository: ILO-STATISTICS - Micro data processing | Data reference period: Second quarter
95,'340,Honduras,3022,ILOSTAT - Household survey,21150,Mean weekly hours actually worked per employed person in agriculture,3,Female,6173,Value,2020,2020,No,31.310000,B,Job coverage: Main job currently held | Break in series: Methodology revised Repository: ILO-STATISTICS - Micro data processing | Data reference period: Second quarter
95,'340,Honduras,3022,ILOSTAT - Household survey,21150,Mean weekly hours actually worked per employed person in agriculture,3,Female,6173,Value,2021,2021,No,29.820000,X,Job coverage: Main job currently held Repository: ILO-STATISTICS - Micro data processing | Data reference period: Second quarter
95,'340,Honduras,3022,ILOSTAT - Household survey,21150,Mean weekly hours actually worked per employed person in agriculture,3,Female,6173,Value,2022,2022,No,27.940000,X,Job coverage: Main job currently held Repository: ILO-STATISTICS - Micro data processing | Data reference period: Second quarter
95,'340,Honduras,3022,ILOSTAT - Household survey,21150,Mean weekly hours actually worked per employed person in agriculture,3,Female,6173,Value,2023,2023,No,28.820000,X,Job coverage: Main job currently held Repository: ILO-STATISTICS - Micro data processing | Data reference period: Second quarter
95,'340,Honduras,3022,ILOSTAT - Household survey,21150,Mean weekly hours actually worked per employed person in agriculture,3,Female,6173,Value,2024,2024,No,27.420000,X,Job coverage: Main job currently held Repository: ILO-STATISTICS - Micro data processing | Data reference period: Second quarter
95,'340,Honduras,3022,ILOSTAT - Household survey,21150,Mean weekly hours actually worked per employed person in agriculture,3,Female,6173,Value,2025,2025,No,26.030000,X,Job coverage: Main job currently held Repository: ILO-STATISTICS - Micro data processing | Data reference period: Second quarter
95,'340,Honduras,3022,ILOSTAT - Household survey,21151,Mean weekly hours actually worked per employee in agriculture,1,Total,6173,Value,2005,2005,No,41.280000,B,Break in series: Methodology revised Repository: ILO-STATISTICS - Micro data processing
95,'340,Honduras,3022,ILOSTAT - Household survey,21151,Mean weekly hours actually worked per employee in agriculture,1,Total,6173,Value,2006,2006,No,39.610000,X,Repository: ILO-STATISTICS - Micro data processing
95,'340,Honduras,3022,ILOSTAT - Household survey,21151,Mean weekly hours actually worked per employee in agriculture,1,Total,6173,Value,2007,2007,No,39.200000,X,Repository: ILO-STATISTICS - Micro data processing
95,'340,Honduras,3022,ILOSTAT - Household survey,21151,Mean weekly hours actually worked per employee in agriculture,1,Total,6173,Value,2008,2008,No,37.550000,B,Break in series: Methodology revised Repository: ILO-STATISTICS - Micro data processing
95,'340,Honduras,3022,ILOSTAT - Household survey,21151,Mean weekly hours actually worked per employee in agriculture,1,Total,6173,Value,2009,2009,No,36.420000,X,Repository: ILO-STATISTICS - Micro data processing
95,'340,Honduras,3022,ILOSTAT - Household survey,21151,Mean weekly hours actually worked per employee in agriculture,1,Total,6173,Value,2010,2010,No,35.740000,X,Repository: ILO-STATISTICS - Micro data processing
95,'340,Honduras,3022,ILOSTAT - Household survey,21151,Mean weekly hours actually worked per employee in agriculture,1,Total,6173,Value,2011,2011,No,37.760000,X,Repository: ILO-STATISTICS - Micro data processing
95,'340,Honduras,3022,ILOSTAT - Household survey,21151,Mean weekly hours actually worked per employee in agriculture,1,Total,6173,Value,2012,2012,No,39.230000,X,Repository: ILO-STATISTICS - Micro data processing
95,'340,Honduras,3022,ILOSTAT - Household survey,21151,Mean weekly hours actually worked per employee in agriculture,1,Total,6173,Value,2013,2013,No,37.080000,X,Repository: ILO-STATISTICS - Micro data processing
95,'340,Honduras,3022,ILOSTAT - Household survey,21151,Mean weekly hours actually worked per employee in agriculture,1,Total,6173,Value,2014,2014,No,34.100000,X,Repository: ILO-STATISTICS - Micro data processing
95,'340,Honduras,3022,ILOSTAT - Household survey,21151,Mean weekly hours actually worked per employee in agriculture,1,Total,6173,Value,2015,2015,No,34.810000,X,Repository: ILO-STATISTICS - Micro data processing
95,'340,Honduras,3022,ILOSTAT - Household survey,21151,Mean weekly hours actually worked per employee in agriculture,1,Total,6173,Value,2016,2016,No,36.650000,X,Repository: ILO-STATISTICS - Micro data processing
95,'340,Honduras,3022,ILOSTAT - Household survey,21151,Mean weekly hours actually worked per employee in agriculture,1,Total,6173,Value,2017,2017,No,36.270000,X,Repository: ILO-STATISTICS - Micro data processing | Data reference period: Second quarter
95,'340,Honduras,3022,ILOSTAT - Household survey,21151,Mean weekly hours actually worked per employee in agriculture,1,Total,6173,Value,2018,2018,No,39.400000,B,Break in series: Methodology revised Repository: ILO-STATISTICS - Micro data processing | Data reference period: Second quarter
95,'340,Honduras,3022,ILOSTAT - Household survey,21151,Mean weekly hours actually worked per employee in agriculture,1,Total,6173,Value,2019,2019,No,39.950000,X,Repository: ILO-STATISTICS - Micro data processing | Data reference period: Second quarter
95,'340,Honduras,3022,ILOSTAT - Household survey,21151,Mean weekly hours actually worked per employee in agriculture,1,Total,6173,Value,2020,2020,No,40.030000,B,Break in series: Methodology revised Repository: ILO-STATISTICS - Micro data processing | Data reference period: Second quarter
95,'340,Honduras,3022,ILOSTAT - Household survey,21151,Mean weekly hours actually worked per employee in agriculture,1,Total,6173,Value,2021,2021,No,38.400000,X,Repository: ILO-STATISTICS - Micro data processing | Data reference period: Second quarter
95,'340,Honduras,3022,ILOSTAT - Household survey,21151,Mean weekly hours actually worked per employee in agriculture,1,Total,6173,Value,2022,2022,No,38.030000,X,Repository: ILO-STATISTICS - Micro data processing | Data reference period: Second quarter
95,'340,Honduras,3022,ILOSTAT - Household survey,21151,Mean weekly hours actually worked per employee in agriculture,1,Total,6173,Value,2023,2023,No,38.320000,X,Repository: ILO-STATISTICS - Micro data processing | Data reference period: Second quarter
95,'340,Honduras,3022,ILOSTAT - Household survey,21151,Mean weekly hours actually worked per employee in agriculture,1,Total,6173,Value,2024,2024,No,39.840000,X,Repository: ILO-STATISTICS - Micro data processing | Data reference period: Second quarter
95,'340,Honduras,3022,ILOSTAT - Household survey,21151,Mean weekly hours actually worked per employee in agriculture,1,Total,6173,Value,2025,2025,No,36.680000,X,Repository: ILO-STATISTICS - Micro data processing | Data reference period: Second quarter
95,'340,Honduras,3022,ILOSTAT - Household survey,21151,Mean weekly hours actually worked per employee in agriculture,2,Male,6173,Value,2005,2005,No,40.950000,B,Break in series: Methodology revised Repository: ILO-STATISTICS - Micro data processing
95,'340,Honduras,3022,ILOSTAT - Household survey,21151,Mean weekly hours actually worked per employee in agriculture,2,Male,6173,Value,2006,2006,No,39.350000,X,Repository: ILO-STATISTICS - Micro data processing
95,'340,Honduras,3022,ILOSTAT - Household survey,21151,Mean weekly hours actually worked per employee in agriculture,2,Male,6173,Value,2007,2007,No,38.990000,X,Repository: ILO-STATISTICS - Micro data processing
95,'340,Honduras,3022,ILOSTAT - Household survey,21151,Mean weekly hours actually worked per employee in agriculture,2,Male,6173,Value,2008,2008,No,37.390000,B,Break in series: Methodology revised Repository: ILO-STATISTICS - Micro data processing
95,'340,Honduras,3022,ILOSTAT - Household survey,21151,Mean weekly hours actually worked per employee in agriculture,2,Male,6173,Value,2009,2009,No,36.280000,X,Repository: ILO-STATISTICS - Micro data processing
95,'340,Honduras,3022,ILOSTAT - Household survey,21151,Mean weekly hours actually worked per employee in agriculture,2,Male,6173,Value,2010,2010,No,35.620000,X,Repository: ILO-STATISTICS - Micro data processing
95,'340,Honduras,3022,ILOSTAT - Household survey,21151,Mean weekly hours actually worked per employee in agriculture,2,Male,6173,Value,2011,2011,No,37.800000,X,Repository: ILO-STATISTICS - Micro data processing
95,'340,Honduras,3022,ILOSTAT - Household survey,21151,Mean weekly hours actually worked per employee in agriculture,2,Male,6173,Value,2012,2012,No,39.050000,X,Repository: ILO-STATISTICS - Micro data processing
95,'340,Honduras,3022,ILOSTAT - Household survey,21151,Mean weekly hours actually worked per employee in agriculture,2,Male,6173,Value,2013,2013,No,36.590000,X,Repository: ILO-STATISTICS - Micro data processing
95,'340,Honduras,3022,ILOSTAT - Household survey,21151,Mean weekly hours actually worked per employee in agriculture,2,Male,6173,Value,2014,2014,No,33.840000,X,Repository: ILO-STATISTICS - Micro data processing
95,'340,Honduras,3022,ILOSTAT - Household survey,21151,Mean weekly hours actually worked per employee in agriculture,2,Male,6173,Value,2015,2015,No,34.580000,X,Repository: ILO-STATISTICS - Micro data processing
95,'340,Honduras,3022,ILOSTAT - Household survey,21151,Mean weekly hours actually worked per employee in agriculture,2,Male,6173,Value,2016,2016,No,36.770000,X,Repository: ILO-STATISTICS - Micro data processing
95,'340,Honduras,3022,ILOSTAT - Household survey,21151,Mean weekly hours actually worked per employee in agriculture,2,Male,6173,Value,2017,2017,No,36.340000,X,Repository: ILO-STATISTICS - Micro data processing | Data reference period: Second quarter
95,'340,Honduras,3022,ILOSTAT - Household survey,21151,Mean weekly hours actually worked per employee in agriculture,2,Male,6173,Value,2018,2018,No,39.420000,B,Break in series: Methodology revised Repository: ILO-STATISTICS - Micro data processing | Data reference period: Second quarter
95,'340,Honduras,3022,ILOSTAT - Household survey,21151,Mean weekly hours actually worked per employee in agriculture,2,Male,6173,Value,2019,2019,No,39.790000,X,Repository: ILO-STATISTICS - Micro data processing | Data reference period: Second quarter
95,'340,Honduras,3022,ILOSTAT - Household survey,21151,Mean weekly hours actually worked per employee in agriculture,2,Male,6173,Value,2020,2020,No,40.430000,B,Break in series: Methodology revised Repository: ILO-STATISTICS - Micro data processing | Data reference period: Second quarter
95,'340,Honduras,3022,ILOSTAT - Household survey,21151,Mean weekly hours actually worked per employee in agriculture,2,Male,6173,Value,2021,2021,No,38.860000,X,Repository: ILO-STATISTICS - Micro data processing | Data reference period: Second quarter
95,'340,Honduras,3022,ILOSTAT - Household survey,21151,Mean weekly hours actually worked per employee in agriculture,2,Male,6173,Value,2022,2022,No,38.050000,X,Repository: ILO-STATISTICS - Micro data processing | Data reference period: Second quarter
95,'340,Honduras,3022,ILOSTAT - Household survey,21151,Mean weekly hours actually worked per employee in agriculture,2,Male,6173,Value,2023,2023,No,38.350000,X,Repository: ILO-STATISTICS - Micro data processing | Data reference period: Second quarter
95,'340,Honduras,3022,ILOSTAT - Household survey,21151,Mean weekly hours actually worked per employee in agriculture,2,Male,6173,Value,2024,2024,No,40.040000,X,Repository: ILO-STATISTICS - Micro data processing | Data reference period: Second quarter
95,'340,Honduras,3022,ILOSTAT - Household survey,21151,Mean weekly hours actually worked per employee in agriculture,2,Male,6173,Value,2025,2025,No,36.940000,X,Repository: ILO-STATISTICS - Micro data processing | Data reference period: Second quarter
95,'340,Honduras,3022,ILOSTAT - Household survey,21151,Mean weekly hours actually worked per employee in agriculture,3,Female,6173,Value,2005,2005,No,47.320000,B,Break in series: Methodology revised Repository: ILO-STATISTICS - Micro data processing
95,'340,Honduras,3022,ILOSTAT - Household survey,21151,Mean weekly hours actually worked per employee in agriculture,3,Female,6173,Value,2006,2006,No,43.620000,X,Repository: ILO-STATISTICS - Micro data processing
95,'340,Honduras,3022,ILOSTAT - Household survey,21151,Mean weekly hours actually worked per employee in agriculture,3,Female,6173,Value,2007,2007,No,41.900000,X,Repository: ILO-STATISTICS - Micro data processing
95,'340,Honduras,3022,ILOSTAT - Household survey,21151,Mean weekly hours actually worked per employee in agriculture,3,Female,6173,Value,2008,2008,No,39.660000,B,Break in series: Methodology revised Repository: ILO-STATISTICS - Micro data processing
95,'340,Honduras,3022,ILOSTAT - Household survey,21151,Mean weekly hours actually worked per employee in agriculture,3,Female,6173,Value,2009,2009,No,38.680000,X,Repository: ILO-STATISTICS - Micro data processing
95,'340,Honduras,3022,ILOSTAT - Household survey,21151,Mean weekly hours actually worked per employee in agriculture,3,Female,6173,Value,2010,2010,No,37.080000,X,Repository: ILO-STATISTICS - Micro data processing
95,'340,Honduras,3022,ILOSTAT - Household survey,21151,Mean weekly hours actually worked per employee in agriculture,3,Female,6173,Value,2011,2011,No,37.170000,X,Repository: ILO-STATISTICS - Micro data processing
95,'340,Honduras,3022,ILOSTAT - Household survey,21151,Mean weekly hours actually worked per employee in agriculture,3,Female,6173,Value,2012,2012,No,41.910000,X,Repository: ILO-STATISTICS - Micro data processing
95,'340,Honduras,3022,ILOSTAT - Household survey,21151,Mean weekly hours actually worked per employee in agriculture,3,Female,6173,Value,2013,2013,No,43.760000,X,Repository: ILO-STATISTICS - Micro data processing
95,'340,Honduras,3022,ILOSTAT - Household survey,21151,Mean weekly hours actually worked per employee in agriculture,3,Female,6173,Value,2014,2014,No,40.040000,X,Repository: ILO-STATISTICS - Micro data processing
95,'340,Honduras,3022,ILOSTAT - Household survey,21151,Mean weekly hours actually worked per employee in agriculture,3,Female,6173,Value,2015,2015,No,38.190000,X,Repository: ILO-STATISTICS - Micro data processing
95,'340,Honduras,3022,ILOSTAT - Household survey,21151,Mean weekly hours actually worked per employee in agriculture,3,Female,6173,Value,2016,2016,No,34.820000,X,Repository: ILO-STATISTICS - Micro data processing
95,'340,Honduras,3022,ILOSTAT - Household survey,21151,Mean weekly hours actually worked per employee in agriculture,3,Female,6173,Value,2017,2017,No,34.820000,X,Repository: ILO-STATISTICS - Micro data processing | Data reference period: Second quarter
95,'340,Honduras,3022,ILOSTAT - Household survey,21151,Mean weekly hours actually worked per employee in agriculture,3,Female,6173,Value,2018,2018,No,39.150000,B,Break in series: Methodology revised Repository: ILO-STATISTICS - Micro data processing | Data reference period: Second quarter
95,'340,Honduras,3022,ILOSTAT - Household survey,21151,Mean weekly hours actually worked per employee in agriculture,3,Female,6173,Value,2019,2019,No,42.400000,X,Repository: ILO-STATISTICS - Micro data processing | Data reference period: Second quarter
95,'340,Honduras,3022,ILOSTAT - Household survey,21151,Mean weekly hours actually worked per employee in agriculture,3,Female,6173,Value,2020,2020,No,37.760000,B,Break in series: Methodology revised Repository: ILO-STATISTICS - Micro data processing | Data reference period: Second quarter
95,'340,Honduras,3022,ILOSTAT - Household survey,21151,Mean weekly hours actually worked per employee in agriculture,3,Female,6173,Value,2021,2021,No,35.680000,X,Repository: ILO-STATISTICS - Micro data processing | Data reference period: Second quarter
95,'340,Honduras,3022,ILOSTAT - Household survey,21151,Mean weekly hours actually worked per employee in agriculture,3,Female,6173,Value,2022,2022,No,37.750000,X,Repository: ILO-STATISTICS - Micro data processing | Data reference period: Second quarter
95,'340,Honduras,3022,ILOSTAT - Household survey,21151,Mean weekly hours actually worked per employee in agriculture,3,Female,6173,Value,2023,2023,No,37.870000,X,Repository: ILO-STATISTICS - Micro data processing | Data reference period: Second quarter
95,'340,Honduras,3022,ILOSTAT - Household survey,21151,Mean weekly hours actually worked per employee in agriculture,3,Female,6173,Value,2024,2024,No,36.980000,X,Repository: ILO-STATISTICS - Micro data processing | Data reference period: Second quarter
95,'340,Honduras,3022,ILOSTAT - Household survey,21151,Mean weekly hours actually worked per employee in agriculture,3,Female,6173,Value,2025,2025,No,33.040000,X,Repository: ILO-STATISTICS - Micro data processing | Data reference period: Second quarter
95,'340,Honduras,3022,ILOSTAT - Household survey,21155,Share of employment in agriculture in total employment,1,Total,6121,Value,1985,1985,%,1.000000,X,
95,'340,Honduras,3022,ILOSTAT - Household survey,21155,Share of employment in agriculture in total employment,1,Total,6121,Value,1986,1986,%,3.400000,X,
95,'340,Honduras,3022,ILOSTAT - Household survey,21155,Share of employment in agriculture in total employment,1,Total,6121,Value,1987,1987,%,3.300000,X,
95,'340,Honduras,3022,ILOSTAT - Household survey,21155,Share of employment in agriculture in total employment,1,Total,6121,Value,1990,1990,%,50.100000,X,
95,'340,Honduras,3022,ILOSTAT - Household survey,21155,Share of employment in agriculture in total employment,1,Total,6121,Value,1991,1991,%,38.000000,X,
95,'340,Honduras,3022,ILOSTAT - Household survey,21155,Share of employment in agriculture in total employment,1,Total,6121,Value,1992,1992,%,38.200000,X,
95,'340,Honduras,3022,ILOSTAT - Household survey,21155,Share of employment in agriculture in total employment,1,Total,6121,Value,1994,1994,%,37.200000,X,
95,'340,Honduras,3022,ILOSTAT - Household survey,21155,Share of employment in agriculture in total employment,1,Total,6121,Value,1995,1995,%,37.200000,X,
95,'340,Honduras,3022,ILOSTAT - Household survey,21155,Share of employment in agriculture in total employment,1,Total,6121,Value,1996,1996,%,38.300000,X,
95,'340,Honduras,3022,ILOSTAT - Household survey,21155,Share of employment in agriculture in total employment,1,Total,6121,Value,1997,1997,%,37.000000,X,
95,'340,Honduras,3022,ILOSTAT - Household survey,21155,Share of employment in agriculture in total employment,1,Total,6121,Value,1998,1998,%,34.600000,X,
95,'340,Honduras,3022,ILOSTAT - Household survey,21155,Share of employment in agriculture in total employment,1,Total,6121,Value,1999,1999,%,35.100000,X,
95,'340,Honduras,3022,ILOSTAT - Household survey,21155,Share of employment in agriculture in total employment,1,Total,6121,Value,2001,2001,%,36.900000,X,
95,'340,Honduras,3022,ILOSTAT - Household survey,21155,Share of employment in agriculture in total employment,1,Total,6121,Value,2002,2002,%,38.800000,X,
95,'340,Honduras,3022,ILOSTAT - Household survey,21155,Share of employment in agriculture in total employment,1,Total,6121,Value,2003,2003,%,37.400000,X,
95,'340,Honduras,3022,ILOSTAT - Household survey,21155,Share of employment in agriculture in total employment,1,Total,6121,Value,2004,2004,%,34.900000,X,
95,'340,Honduras,3022,ILOSTAT - Household survey,21155,Share of employment in agriculture in total employment,1,Total,6121,Value,2005,2005,%,33.000000,X,
95,'340,Honduras,3022,ILOSTAT - Household survey,21155,Share of employment in agriculture in total employment,1,Total,6121,Value,2006,2006,%,35.600000,X,
95,'340,Honduras,3022,ILOSTAT - Household survey,21155,Share of employment in agriculture in total employment,1,Total,6121,Value,2007,2007,%,33.800000,X,
95,'340,Honduras,3022,ILOSTAT - Household survey,21155,Share of employment in agriculture in total employment,1,Total,6121,Value,2008,2008,%,34.300000,X,
95,'340,Honduras,3022,ILOSTAT - Household survey,21155,Share of employment in agriculture in total employment,1,Total,6121,Value,2009,2009,%,35.400000,X,
95,'340,Honduras,3022,ILOSTAT - Household survey,21155,Share of employment in agriculture in total employment,1,Total,6121,Value,2010,2010,%,36.200000,X,
95,'340,Honduras,3022,ILOSTAT - Household survey,21155,Share of employment in agriculture in total employment,1,Total,6121,Value,2011,2011,%,35.300000,X,
95,'340,Honduras,3022,ILOSTAT - Household survey,21155,Share of employment in agriculture in total employment,1,Total,6121,Value,2012,2012,%,37.000000,X,
95,'340,Honduras,3022,ILOSTAT - Household survey,21155,Share of employment in agriculture in total employment,1,Total,6121,Value,2013,2013,%,34.500000,X,
95,'340,Honduras,3022,ILOSTAT - Household survey,21155,Share of employment in agriculture in total employment,1,Total,6121,Value,2014,2014,%,28.800000,X,
95,'340,Honduras,3022,ILOSTAT - Household survey,21155,Share of employment in agriculture in total employment,1,Total,6121,Value,2015,2015,%,28.700000,X,
95,'340,Honduras,3022,ILOSTAT - Household survey,21155,Share of employment in agriculture in total employment,1,Total,6121,Value,2016,2016,%,27.400000,X,
95,'340,Honduras,3022,ILOSTAT - Household survey,21155,Share of employment in agriculture in total employment,1,Total,6121,Value,2017,2017,%,32.000000,X,
95,'340,Honduras,3022,ILOSTAT - Household survey,21155,Share of employment in agriculture in total employment,1,Total,6121,Value,2018,2018,%,30.700000,X,
95,'340,Honduras,3022,ILOSTAT - Household survey,21155,Share of employment in agriculture in total employment,1,Total,6121,Value,2019,2019,%,29.500000,X,
95,'340,Honduras,3022,ILOSTAT - Household survey,21155,Share of employment in agriculture in total employment,1,Total,6121,Value,2020,2020,%,23.400000,X,
95,'340,Honduras,3022,ILOSTAT - Household survey,21155,Share of employment in agriculture in total employment,1,Total,6121,Value,2021,2021,%,22.200000,X,
95,'340,Honduras,3022,ILOSTAT - Household survey,21155,Share of employment in agriculture in total employment,1,Total,6121,Value,2022,2022,%,21.500000,X,
95,'340,Honduras,3022,ILOSTAT - Household survey,21155,Share of employment in agriculture in total employment,1,Total,6121,Value,2023,2023,%,23.000000,X,
95,'340,Honduras,3022,ILOSTAT - Household survey,21155,Share of employment in agriculture in total employment,1,Total,6121,Value,2024,2024,%,21.300000,X,
95,'340,Honduras,3022,ILOSTAT - Household survey,21155,Share of employment in agriculture in total employment,1,Total,6121,Value,2025,2025,%,21.900000,X,
95,'340,Honduras,3022,ILOSTAT - Household survey,21155,Share of employment in agriculture in total employment,2,Male,6121,Value,1985,1985,%,1.500000,X,
95,'340,Honduras,3022,ILOSTAT - Household survey,21155,Share of employment in agriculture in total employment,2,Male,6121,Value,1986,1986,%,5.400000,X,
95,'340,Honduras,3022,ILOSTAT - Household survey,21155,Share of employment in agriculture in total employment,2,Male,6121,Value,1987,1987,%,5.400000,X,
95,'340,Honduras,3022,ILOSTAT - Household survey,21155,Share of employment in agriculture in total employment,2,Male,6121,Value,1990,1990,%,65.200000,X,
95,'340,Honduras,3022,ILOSTAT - Household survey,21155,Share of employment in agriculture in total employment,2,Male,6121,Value,1992,1992,%,52.700000,X,
95,'340,Honduras,3022,ILOSTAT - Household survey,21155,Share of employment in agriculture in total employment,2,Male,6121,Value,1994,1994,%,51.000000,X,
95,'340,Honduras,3022,ILOSTAT - Household survey,21155,Share of employment in agriculture in total employment,2,Male,6121,Value,1995,1995,%,50.400000,X,
95,'340,Honduras,3022,ILOSTAT - Household survey,21155,Share of employment in agriculture in total employment,2,Male,6121,Value,1996,1996,%,53.500000,X,
95,'340,Honduras,3022,ILOSTAT - Household survey,21155,Share of employment in agriculture in total employment,2,Male,6121,Value,1997,1997,%,52.500000,X,
95,'340,Honduras,3022,ILOSTAT - Household survey,21155,Share of employment in agriculture in total employment,2,Male,6121,Value,1998,1998,%,48.600000,X,
95,'340,Honduras,3022,ILOSTAT - Household survey,21155,Share of employment in agriculture in total employment,2,Male,6121,Value,1999,1999,%,49.800000,X,
95,'340,Honduras,3022,ILOSTAT - Household survey,21155,Share of employment in agriculture in total employment,2,Male,6121,Value,2001,2001,%,51.600000,X,
95,'340,Honduras,3022,ILOSTAT - Household survey,21155,Share of employment in agriculture in total employment,2,Male,6121,Value,2002,2002,%,53.100000,X,
95,'340,Honduras,3022,ILOSTAT - Household survey,21155,Share of employment in agriculture in total employment,2,Male,6121,Value,2003,2003,%,51.900000,X,
95,'340,Honduras,3022,ILOSTAT - Household survey,21155,Share of employment in agriculture in total employment,2,Male,6121,Value,2004,2004,%,48.400000,X,
95,'340,Honduras,3022,ILOSTAT - Household survey,21155,Share of employment in agriculture in total employment,2,Male,6121,Value,2005,2005,%,46.600000,X,
95,'340,Honduras,3022,ILOSTAT - Household survey,21155,Share of employment in agriculture in total employment,2,Male,6121,Value,2006,2006,%,48.600000,X,
95,'340,Honduras,3022,ILOSTAT - Household survey,21155,Share of employment in agriculture in total employment,2,Male,6121,Value,2007,2007,%,46.600000,X,
95,'340,Honduras,3022,ILOSTAT - Household survey,21155,Share of employment in agriculture in total employment,2,Male,6121,Value,2008,2008,%,47.500000,X,
95,'340,Honduras,3022,ILOSTAT - Household survey,21155,Share of employment in agriculture in total employment,2,Male,6121,Value,2009,2009,%,48.700000,X,
95,'340,Honduras,3022,ILOSTAT - Household survey,21155,Share of employment in agriculture in total employment,2,Male,6121,Value,2010,2010,%,49.800000,X,
95,'340,Honduras,3022,ILOSTAT - Household survey,21155,Share of employment in agriculture in total employment,2,Male,6121,Value,2011,2011,%,49.200000,X,
95,'340,Honduras,3022,ILOSTAT - Household survey,21155,Share of employment in agriculture in total employment,2,Male,6121,Value,2012,2012,%,50.800000,X,
95,'340,Honduras,3022,ILOSTAT - Household survey,21155,Share of employment in agriculture in total employment,2,Male,6121,Value,2013,2013,%,48.700000,X,
95,'340,Honduras,3022,ILOSTAT - Household survey,21155,Share of employment in agriculture in total employment,2,Male,6121,Value,2014,2014,%,40.800000,X,
95,'340,Honduras,3022,ILOSTAT - Household survey,21155,Share of employment in agriculture in total employment,2,Male,6121,Value,2015,2015,%,41.800000,X,
95,'340,Honduras,3022,ILOSTAT - Household survey,21155,Share of employment in agriculture in total employment,2,Male,6121,Value,2016,2016,%,39.500000,X,
95,'340,Honduras,3022,ILOSTAT - Household survey,21155,Share of employment in agriculture in total employment,2,Male,6121,Value,2017,2017,%,45.600000,X,
95,'340,Honduras,3022,ILOSTAT - Household survey,21155,Share of employment in agriculture in total employment,2,Male,6121,Value,2018,2018,%,43.600000,X,
95,'340,Honduras,3022,ILOSTAT - Household survey,21155,Share of employment in agriculture in total employment,2,Male,6121,Value,2019,2019,%,42.200000,X,
95,'340,Honduras,3022,ILOSTAT - Household survey,21155,Share of employment in agriculture in total employment,2,Male,6121,Value,2020,2020,%,34.200000,X,
95,'340,Honduras,3022,ILOSTAT - Household survey,21155,Share of employment in agriculture in total employment,2,Male,6121,Value,2021,2021,%,31.800000,X,
95,'340,Honduras,3022,ILOSTAT - Household survey,21155,Share of employment in agriculture in total employment,2,Male,6121,Value,2022,2022,%,31.900000,X,
95,'340,Honduras,3022,ILOSTAT - Household survey,21155,Share of employment in agriculture in total employment,2,Male,6121,Value,2023,2023,%,33.300000,X,
95,'340,Honduras,3022,ILOSTAT - Household survey,21155,Share of employment in agriculture in total employment,2,Male,6121,Value,2024,2024,%,32.100000,X,
95,'340,Honduras,3022,ILOSTAT - Household survey,21155,Share of employment in agriculture in total employment,2,Male,6121,Value,2025,2025,%,32.400000,X,
95,'340,Honduras,3022,ILOSTAT - Household survey,21155,Share of employment in agriculture in total employment,3,Female,6121,Value,1985,1985,%,0.300000,X,
95,'340,Honduras,3022,ILOSTAT - Household survey,21155,Share of employment in agriculture in total employment,3,Female,6121,Value,1986,1986,%,0.800000,X,
95,'340,Honduras,3022,ILOSTAT - Household survey,21155,Share of employment in agriculture in total employment,3,Female,6121,Value,1987,1987,%,0.500000,X,
95,'340,Honduras,3022,ILOSTAT - Household survey,21155,Share of employment in agriculture in total employment,3,Female,6121,Value,1990,1990,%,5.800000,X,
95,'340,Honduras,3022,ILOSTAT - Household survey,21155,Share of employment in agriculture in total employment,3,Female,6121,Value,1992,1992,%,6.200000,X,
95,'340,Honduras,3022,ILOSTAT - Household survey,21155,Share of employment in agriculture in total employment,3,Female,6121,Value,1994,1994,%,5.900000,X,
95,'340,Honduras,3022,ILOSTAT - Household survey,21155,Share of employment in agriculture in total employment,3,Female,6121,Value,1995,1995,%,6.400000,X,
95,'340,Honduras,3022,ILOSTAT - Household survey,21155,Share of employment in agriculture in total employment,3,Female,6121,Value,1996,1996,%,7.600000,X,
95,'340,Honduras,3022,ILOSTAT - Household survey,21155,Share of employment in agriculture in total employment,3,Female,6121,Value,1997,1997,%,7.100000,X,
95,'340,Honduras,3022,ILOSTAT - Household survey,21155,Share of employment in agriculture in total employment,3,Female,6121,Value,1998,1998,%,7.800000,X,
95,'340,Honduras,3022,ILOSTAT - Household survey,21155,Share of employment in agriculture in total employment,3,Female,6121,Value,1999,1999,%,8.900000,X,
95,'340,Honduras,3022,ILOSTAT - Household survey,21155,Share of employment in agriculture in total employment,3,Female,6121,Value,2001,2001,%,7.000000,X,
95,'340,Honduras,3022,ILOSTAT - Household survey,21155,Share of employment in agriculture in total employment,3,Female,6121,Value,2002,2002,%,8.900000,X,
95,'340,Honduras,3022,ILOSTAT - Household survey,21155,Share of employment in agriculture in total employment,3,Female,6121,Value,2003,2003,%,8.700000,X,
95,'340,Honduras,3022,ILOSTAT - Household survey,21155,Share of employment in agriculture in total employment,3,Female,6121,Value,2004,2004,%,7.200000,X,
95,'340,Honduras,3022,ILOSTAT - Household survey,21155,Share of employment in agriculture in total employment,3,Female,6121,Value,2005,2005,%,8.800000,X,
95,'340,Honduras,3022,ILOSTAT - Household survey,21155,Share of employment in agriculture in total employment,3,Female,6121,Value,2006,2006,%,11.500000,X,
95,'340,Honduras,3022,ILOSTAT - Household survey,21155,Share of employment in agriculture in total employment,3,Female,6121,Value,2007,2007,%,9.800000,X,
95,'340,Honduras,3022,ILOSTAT - Household survey,21155,Share of employment in agriculture in total employment,3,Female,6121,Value,2008,2008,%,10.300000,X,
95,'340,Honduras,3022,ILOSTAT - Household survey,21155,Share of employment in agriculture in total employment,3,Female,6121,Value,2009,2009,%,11.500000,X,
95,'340,Honduras,3022,ILOSTAT - Household survey,21155,Share of employment in agriculture in total employment,3,Female,6121,Value,2010,2010,%,12.300000,X,
95,'340,Honduras,3022,ILOSTAT - Household survey,21155,Share of employment in agriculture in total employment,3,Female,6121,Value,2011,2011,%,9.400000,X,
95,'340,Honduras,3022,ILOSTAT - Household survey,21155,Share of employment in agriculture in total employment,3,Female,6121,Value,2012,2012,%,11.100000,X,
95,'340,Honduras,3022,ILOSTAT - Household survey,21155,Share of employment in agriculture in total employment,3,Female,6121,Value,2013,2013,%,10.100000,X,
95,'340,Honduras,3022,ILOSTAT - Household survey,21155,Share of employment in agriculture in total employment,3,Female,6121,Value,2014,2014,%,9.400000,X,
95,'340,Honduras,3022,ILOSTAT - Household survey,21155,Share of employment in agriculture in total employment,3,Female,6121,Value,2015,2015,%,8.000000,X,
95,'340,Honduras,3022,ILOSTAT - Household survey,21155,Share of employment in agriculture in total employment,3,Female,6121,Value,2016,2016,%,8.400000,X,
95,'340,Honduras,3022,ILOSTAT - Household survey,21155,Share of employment in agriculture in total employment,3,Female,6121,Value,2017,2017,%,9.800000,X,
95,'340,Honduras,3022,ILOSTAT - Household survey,21155,Share of employment in agriculture in total employment,3,Female,6121,Value,2018,2018,%,11.000000,X,
95,'340,Honduras,3022,ILOSTAT - Household survey,21155,Share of employment in agriculture in total employment,3,Female,6121,Value,2019,2019,%,8.300000,X,
95,'340,Honduras,3022,ILOSTAT - Household survey,21155,Share of employment in agriculture in total employment,3,Female,6121,Value,2020,2020,%,8.600000,X,
95,'340,Honduras,3022,ILOSTAT - Household survey,21155,Share of employment in agriculture in total employment,3,Female,6121,Value,2021,2021,%,8.800000,X,
95,'340,Honduras,3022,ILOSTAT - Household survey,21155,Share of employment in agriculture in total employment,3,Female,6121,Value,2022,2022,%,5.600000,X,
95,'340,Honduras,3022,ILOSTAT - Household survey,21155,Share of employment in agriculture in total employment,3,Female,6121,Value,2023,2023,%,5.800000,X,
95,'340,Honduras,3022,ILOSTAT - Household survey,21155,Share of employment in agriculture in total employment,3,Female,6121,Value,2024,2024,%,4.700000,X,
95,'340,Honduras,3022,ILOSTAT - Household survey,21155,Share of employment in agriculture in total employment,3,Female,6121,Value,2025,2025,%,5.800000,X,
95,'340,Honduras,3022,ILOSTAT - Household survey,21126,"Share of employment in crop and animal production, hunting and related service activities",1,Total,6121,Value,2005,2005,%,97.340000,B,Break in series: Methodology revised Repository: ILO-STATISTICS - Micro data processing
95,'340,Honduras,3022,ILOSTAT - Household survey,21126,"Share of employment in crop and animal production, hunting and related service activities",1,Total,6121,Value,2006,2006,%,97.720000,X,Repository: ILO-STATISTICS - Micro data processing
95,'340,Honduras,3022,ILOSTAT - Household survey,21126,"Share of employment in crop and animal production, hunting and related service activities",1,Total,6121,Value,2007,2007,%,97.450000,X,Repository: ILO-STATISTICS - Micro data processing
95,'340,Honduras,3022,ILOSTAT - Household survey,21126,"Share of employment in crop and animal production, hunting and related service activities",1,Total,6121,Value,2008,2008,%,97.250000,B,Break in series: Methodology revised Repository: ILO-STATISTICS - Micro data processing
95,'340,Honduras,3022,ILOSTAT - Household survey,21126,"Share of employment in crop and animal production, hunting and related service activities",1,Total,6121,Value,2009,2009,%,97.900000,X,Repository: ILO-STATISTICS - Micro data processing
95,'340,Honduras,3022,ILOSTAT - Household survey,21126,"Share of employment in crop and animal production, hunting and related service activities",1,Total,6121,Value,2010,2010,%,97.860000,X,Repository: ILO-STATISTICS - Micro data processing
95,'340,Honduras,3022,ILOSTAT - Household survey,21126,"Share of employment in crop and animal production, hunting and related service activities",1,Total,6121,Value,2011,2011,%,98.350000,X,Repository: ILO-STATISTICS - Micro data processing
95,'340,Honduras,3022,ILOSTAT - Household survey,21126,"Share of employment in crop and animal production, hunting and related service activities",1,Total,6121,Value,2012,2012,%,98.510000,X,Repository: ILO-STATISTICS - Micro data processing
95,'340,Honduras,3022,ILOSTAT - Household survey,21126,"Share of employment in crop and animal production, hunting and related service activities",1,Total,6121,Value,2013,2013,%,97.050000,X,Repository: ILO-STATISTICS - Micro data processing
95,'340,Honduras,3022,ILOSTAT - Household survey,21126,"Share of employment in crop and animal production, hunting and related service activities",1,Total,6121,Value,2014,2014,%,97.180000,X,Repository: ILO-STATISTICS - Micro data processing
95,'340,Honduras,3022,ILOSTAT - Household survey,21126,"Share of employment in crop and animal production, hunting and related service activities",1,Total,6121,Value,2015,2015,%,96.970000,X,Repository: ILO-STATISTICS - Micro data processing
95,'340,Honduras,3022,ILOSTAT - Household survey,21126,"Share of employment in crop and animal production, hunting and related service activities",1,Total,6121,Value,2016,2016,%,96.310000,X,Repository: ILO-STATISTICS - Micro data processing
95,'340,Honduras,3022,ILOSTAT - Household survey,21126,"Share of employment in crop and animal production, hunting and related service activities",1,Total,6121,Value,2017,2017,%,97.480000,X,Repository: ILO-STATISTICS - Micro data processing | Data reference period: Second quarter
95,'340,Honduras,3022,ILOSTAT - Household survey,21126,"Share of employment in crop and animal production, hunting and related service activities",1,Total,6121,Value,2018,2018,%,97.080000,B,Break in series: Methodology revised Repository: ILO-STATISTICS - Micro data processing | Data reference period: Second quarter
95,'340,Honduras,3022,ILOSTAT - Household survey,21126,"Share of employment in crop and animal production, hunting and related service activities",1,Total,6121,Value,2019,2019,%,97.030000,X,Repository: ILO-STATISTICS - Micro data processing | Data reference period: Second quarter
95,'340,Honduras,3022,ILOSTAT - Household survey,21126,"Share of employment in crop and animal production, hunting and related service activities",1,Total,6121,Value,2020,2020,%,95.010000,B,Break in series: Methodology revised Repository: ILO-STATISTICS - Micro data processing | Data reference period: Second quarter
95,'340,Honduras,3022,ILOSTAT - Household survey,21126,"Share of employment in crop and animal production, hunting and related service activities",1,Total,6121,Value,2022,2022,%,95.810000,X,Repository: ILO-STATISTICS - Micro data processing | Data reference period: Second quarter
95,'340,Honduras,3022,ILOSTAT - Household survey,21126,"Share of employment in crop and animal production, hunting and related service activities",1,Total,6121,Value,2023,2023,%,95.540000,X,Repository: ILO-STATISTICS - Micro data processing | Data reference period: Second quarter
95,'340,Honduras,3022,ILOSTAT - Household survey,21126,"Share of employment in crop and animal production, hunting and related service activities",1,Total,6121,Value,2024,2024,%,96.530000,X,Repository: ILO-STATISTICS - Micro data processing | Data reference period: Second quarter
95,'340,Honduras,3022,ILOSTAT - Household survey,21126,"Share of employment in crop and animal production, hunting and related service activities",1,Total,6121,Value,2025,2025,%,97.040000,X,Repository: ILO-STATISTICS - Micro data processing | Data reference period: Second quarter
95,'340,Honduras,3022,ILOSTAT - Household survey,21114,Share of employment in forestry and logging,1,Total,6121,Value,2005,2005,%,1.020000,B,Break in series: Methodology revised Repository: ILO-STATISTICS - Micro data processing
95,'340,Honduras,3022,ILOSTAT - Household survey,21114,Share of employment in forestry and logging,1,Total,6121,Value,2006,2006,%,0.630000,X,Repository: ILO-STATISTICS - Micro data processing
95,'340,Honduras,3022,ILOSTAT - Household survey,21114,Share of employment in forestry and logging,1,Total,6121,Value,2007,2007,%,0.770000,X,Repository: ILO-STATISTICS - Micro data processing
95,'340,Honduras,3022,ILOSTAT - Household survey,21114,Share of employment in forestry and logging,1,Total,6121,Value,2008,2008,%,0.770000,B,Break in series: Methodology revised Repository: ILO-STATISTICS - Micro data processing
95,'340,Honduras,3022,ILOSTAT - Household survey,21114,Share of employment in forestry and logging,1,Total,6121,Value,2009,2009,%,0.730000,X,Repository: ILO-STATISTICS - Micro data processing
95,'340,Honduras,3022,ILOSTAT - Household survey,21114,Share of employment in forestry and logging,1,Total,6121,Value,2010,2010,%,0.670000,X,Repository: ILO-STATISTICS - Micro data processing
95,'340,Honduras,3022,ILOSTAT - Household survey,21114,Share of employment in forestry and logging,1,Total,6121,Value,2011,2011,%,0.470000,X,Repository: ILO-STATISTICS - Micro data processing
95,'340,Honduras,3022,ILOSTAT - Household survey,21114,Share of employment in forestry and logging,1,Total,6121,Value,2012,2012,%,0.440000,X,Repository: ILO-STATISTICS - Micro data processing
95,'340,Honduras,3022,ILOSTAT - Household survey,21114,Share of employment in forestry and logging,1,Total,6121,Value,2013,2013,%,0.920000,X,Repository: ILO-STATISTICS - Micro data processing
95,'340,Honduras,3022,ILOSTAT - Household survey,21114,Share of employment in forestry and logging,1,Total,6121,Value,2014,2014,%,0.990000,X,Repository: ILO-STATISTICS - Micro data processing
95,'340,Honduras,3022,ILOSTAT - Household survey,21114,Share of employment in forestry and logging,1,Total,6121,Value,2015,2015,%,0.860000,X,Repository: ILO-STATISTICS - Micro data processing
95,'340,Honduras,3022,ILOSTAT - Household survey,21114,Share of employment in forestry and logging,1,Total,6121,Value,2016,2016,%,1.210000,X,Repository: ILO-STATISTICS - Micro data processing
95,'340,Honduras,3022,ILOSTAT - Household survey,21114,Share of employment in forestry and logging,1,Total,6121,Value,2017,2017,%,0.780000,X,Repository: ILO-STATISTICS - Micro data processing | Data reference period: Second quarter
95,'340,Honduras,3022,ILOSTAT - Household survey,21114,Share of employment in forestry and logging,1,Total,6121,Value,2018,2018,%,0.950000,B,Break in series: Methodology revised Repository: ILO-STATISTICS - Micro data processing | Data reference period: Second quarter
95,'340,Honduras,3022,ILOSTAT - Household survey,21114,Share of employment in forestry and logging,1,Total,6121,Value,2019,2019,%,0.880000,X,Repository: ILO-STATISTICS - Micro data processing | Data reference period: Second quarter
95,'340,Honduras,3022,ILOSTAT - Household survey,21114,Share of employment in forestry and logging,1,Total,6121,Value,2020,2020,%,1.940000,B,Break in series: Methodology revised Repository: ILO-STATISTICS - Micro data processing | Data reference period: Second quarter
95,'340,Honduras,3022,ILOSTAT - Household survey,21114,Share of employment in forestry and logging,1,Total,6121,Value,2022,2022,%,1.440000,X,Repository: ILO-STATISTICS - Micro data processing | Data reference period: Second quarter
95,'340,Honduras,3022,ILOSTAT - Household survey,21114,Share of employment in forestry and logging,1,Total,6121,Value,2023,2023,%,1.430000,X,Repository: ILO-STATISTICS - Micro data processing | Data reference period: Second quarter
95,'340,Honduras,3022,ILOSTAT - Household survey,21114,Share of employment in forestry and logging,1,Total,6121,Value,2024,2024,%,0.830000,X,Repository: ILO-STATISTICS - Micro data processing | Data reference period: Second quarter
95,'340,Honduras,3022,ILOSTAT - Household survey,21114,Share of employment in forestry and logging,1,Total,6121,Value,2025,2025,%,1.340000,X,Repository: ILO-STATISTICS - Micro data processing | Data reference period: Second quarter
95,'340,Honduras,3022,ILOSTAT - Household survey,21118,Share of employment in fishing and aquaculture,1,Total,6121,Value,2005,2005,%,1.650000,B,Break in series: Methodology revised Repository: ILO-STATISTICS - Micro data processing
95,'340,Honduras,3022,ILOSTAT - Household survey,21118,Share of employment in fishing and aquaculture,1,Total,6121,Value,2006,2006,%,1.650000,X,Repository: ILO-STATISTICS - Micro data processing
95,'340,Honduras,3022,ILOSTAT - Household survey,21118,Share of employment in fishing and aquaculture,1,Total,6121,Value,2007,2007,%,1.780000,X,Repository: ILO-STATISTICS - Micro data processing
95,'340,Honduras,3022,ILOSTAT - Household survey,21118,Share of employment in fishing and aquaculture,1,Total,6121,Value,2008,2008,%,1.980000,B,Break in series: Methodology revised Repository: ILO-STATISTICS - Micro data processing
95,'340,Honduras,3022,ILOSTAT - Household survey,21118,Share of employment in fishing and aquaculture,1,Total,6121,Value,2009,2009,%,1.370000,X,Repository: ILO-STATISTICS - Micro data processing
95,'340,Honduras,3022,ILOSTAT - Household survey,21118,Share of employment in fishing and aquaculture,1,Total,6121,Value,2010,2010,%,1.460000,X,Repository: ILO-STATISTICS - Micro data processing
95,'340,Honduras,3022,ILOSTAT - Household survey,21118,Share of employment in fishing and aquaculture,1,Total,6121,Value,2011,2011,%,1.180000,X,Repository: ILO-STATISTICS - Micro data processing
95,'340,Honduras,3022,ILOSTAT - Household survey,21118,Share of employment in fishing and aquaculture,1,Total,6121,Value,2012,2012,%,1.050000,X,Repository: ILO-STATISTICS - Micro data processing
95,'340,Honduras,3022,ILOSTAT - Household survey,21118,Share of employment in fishing and aquaculture,1,Total,6121,Value,2013,2013,%,2.030000,X,Repository: ILO-STATISTICS - Micro data processing
95,'340,Honduras,3022,ILOSTAT - Household survey,21118,Share of employment in fishing and aquaculture,1,Total,6121,Value,2014,2014,%,1.830000,X,Repository: ILO-STATISTICS - Micro data processing
95,'340,Honduras,3022,ILOSTAT - Household survey,21118,Share of employment in fishing and aquaculture,1,Total,6121,Value,2015,2015,%,2.170000,X,Repository: ILO-STATISTICS - Micro data processing
95,'340,Honduras,3022,ILOSTAT - Household survey,21118,Share of employment in fishing and aquaculture,1,Total,6121,Value,2016,2016,%,2.480000,X,Repository: ILO-STATISTICS - Micro data processing
95,'340,Honduras,3022,ILOSTAT - Household survey,21118,Share of employment in fishing and aquaculture,1,Total,6121,Value,2017,2017,%,1.740000,X,Repository: ILO-STATISTICS - Micro data processing | Data reference period: Second quarter
95,'340,Honduras,3022,ILOSTAT - Household survey,21118,Share of employment in fishing and aquaculture,1,Total,6121,Value,2018,2018,%,1.970000,B,Break in series: Methodology revised Repository: ILO-STATISTICS - Micro data processing | Data reference period: Second quarter
95,'340,Honduras,3022,ILOSTAT - Household survey,21118,Share of employment in fishing and aquaculture,1,Total,6121,Value,2019,2019,%,2.090000,X,Repository: ILO-STATISTICS - Micro data processing | Data reference period: Second quarter
95,'340,Honduras,3022,ILOSTAT - Household survey,21118,Share of employment in fishing and aquaculture,1,Total,6121,Value,2020,2020,%,3.050000,B,Break in series: Methodology revised Repository: ILO-STATISTICS - Micro data processing | Data reference period: Second quarter
95,'340,Honduras,3022,ILOSTAT - Household survey,21118,Share of employment in fishing and aquaculture,1,Total,6121,Value,2022,2022,%,2.750000,X,Repository: ILO-STATISTICS - Micro data processing | Data reference period: Second quarter
95,'340,Honduras,3022,ILOSTAT - Household survey,21118,Share of employment in fishing and aquaculture,1,Total,6121,Value,2023,2023,%,3.030000,X,Repository: ILO-STATISTICS - Micro data processing | Data reference period: Second quarter
95,'340,Honduras,3022,ILOSTAT - Household survey,21118,Share of employment in fishing and aquaculture,1,Total,6121,Value,2024,2024,%,2.640000,X,Repository: ILO-STATISTICS - Micro data processing | Data reference period: Second quarter
95,'340,Honduras,3022,ILOSTAT - Household survey,21118,Share of employment in fishing and aquaculture,1,Total,6121,Value,2025,2025,%,1.610000,X,Repository: ILO-STATISTICS - Micro data processing | Data reference period: Second quarter
95,'340,Honduras,3022,ILOSTAT - Household survey,21118,Share of employment in fishing and aquaculture,3,Female,6121,Value,2005,2005,%,2.270000,U,Unreliable Break in series: Methodology revised Repository: ILO-STATISTICS - Micro data processing
95,'340,Honduras,3022,ILOSTAT - Household survey,21118,Share of employment in fishing and aquaculture,3,Female,6121,Value,2006,2006,%,2.060000,X,Repository: ILO-STATISTICS - Micro data processing
95,'340,Honduras,3022,ILOSTAT - Household survey,21118,Share of employment in fishing and aquaculture,3,Female,6121,Value,2007,2007,%,4.100000,X,Repository: ILO-STATISTICS - Micro data processing
95,'340,Honduras,3022,ILOSTAT - Household survey,21118,Share of employment in fishing and aquaculture,3,Female,6121,Value,2008,2008,%,4.990000,B,Break in series: Methodology revised Repository: ILO-STATISTICS - Micro data processing
95,'340,Honduras,3022,ILOSTAT - Household survey,21118,Share of employment in fishing and aquaculture,3,Female,6121,Value,2009,2009,%,1.830000,X,Repository: ILO-STATISTICS - Micro data processing
95,'340,Honduras,3022,ILOSTAT - Household survey,21118,Share of employment in fishing and aquaculture,3,Female,6121,Value,2010,2010,%,2.810000,U,Unreliable Repository: ILO-STATISTICS - Micro data processing
95,'340,Honduras,3022,ILOSTAT - Household survey,21118,Share of employment in fishing and aquaculture,3,Female,6121,Value,2011,2011,%,1.840000,U,Unreliable Repository: ILO-STATISTICS - Micro data processing
95,'340,Honduras,3022,ILOSTAT - Household survey,21118,Share of employment in fishing and aquaculture,3,Female,6121,Value,2012,2012,%,2.030000,U,Unreliable Repository: ILO-STATISTICS - Micro data processing
95,'340,Honduras,3022,ILOSTAT - Household survey,21118,Share of employment in fishing and aquaculture,3,Female,6121,Value,2013,2013,%,2.990000,U,Unreliable Repository: ILO-STATISTICS - Micro data processing
95,'340,Honduras,3022,ILOSTAT - Household survey,21118,Share of employment in fishing and aquaculture,3,Female,6121,Value,2014,2014,%,2.590000,U,Unreliable Repository: ILO-STATISTICS - Micro data processing
95,'340,Honduras,3022,ILOSTAT - Household survey,21118,Share of employment in fishing and aquaculture,3,Female,6121,Value,2015,2015,%,4.050000,U,Unreliable Repository: ILO-STATISTICS - Micro data processing
95,'340,Honduras,3022,ILOSTAT - Household survey,21118,Share of employment in fishing and aquaculture,3,Female,6121,Value,2016,2016,%,2.160000,U,Unreliable Repository: ILO-STATISTICS - Micro data processing
95,'340,Honduras,3022,ILOSTAT - Household survey,21118,Share of employment in fishing and aquaculture,3,Female,6121,Value,2017,2017,%,2.520000,U,Unreliable Repository: ILO-STATISTICS - Micro data processing | Data reference period: Second quarter
95,'340,Honduras,3022,ILOSTAT - Household survey,21118,Share of employment in fishing and aquaculture,3,Female,6121,Value,2018,2018,%,2.910000,U,Unreliable Break in series: Methodology revised Repository: ILO-STATISTICS - Micro data processing | Data reference period: Second quarter
95,'340,Honduras,3022,ILOSTAT - Household survey,21118,Share of employment in fishing and aquaculture,3,Female,6121,Value,2019,2019,%,3.870000,U,Unreliable Repository: ILO-STATISTICS - Micro data processing | Data reference period: Second quarter
95,'340,Honduras,3022,ILOSTAT - Household survey,21118,Share of employment in fishing and aquaculture,3,Female,6121,Value,2022,2022,%,6.620000,U,Unreliable Repository: ILO-STATISTICS - Micro data processing | Data reference period: Second quarter
95,'340,Honduras,3022,ILOSTAT - Household survey,21118,Share of employment in fishing and aquaculture,3,Female,6121,Value,2023,2023,%,3.530000,U,Unreliable Repository: ILO-STATISTICS - Micro data processing | Data reference period: Second quarter
95,'340,Honduras,3022,ILOSTAT - Household survey,21118,Share of employment in fishing and aquaculture,3,Female,6121,Value,2024,2024,%,5.150000,U,Unreliable Repository: ILO-STATISTICS - Micro data processing | Data reference period: Second quarter
95,'340,Honduras,3022,ILOSTAT - Household survey,21118,Share of employment in fishing and aquaculture,3,Female,6121,Value,2025,2025,%,2.070000,U,Unreliable Repository: ILO-STATISTICS - Micro data processing | Data reference period: Second quarter
95,'340,Honduras,3022,ILOSTAT - Household survey,21158,Share of females in total employment in agriculture,3,Female,6121,Value,2005,2005,%,9.530000,B,Break in series: Methodology revised Repository: ILO-STATISTICS - Micro data processing
95,'340,Honduras,3022,ILOSTAT - Household survey,21158,Share of females in total employment in agriculture,3,Female,6121,Value,2006,2006,%,11.290000,X,Repository: ILO-STATISTICS - Micro data processing
95,'340,Honduras,3022,ILOSTAT - Household survey,21158,Share of females in total employment in agriculture,3,Female,6121,Value,2007,2007,%,10.060000,X,Repository: ILO-STATISTICS - Micro data processing
95,'340,Honduras,3022,ILOSTAT - Household survey,21158,Share of females in total employment in agriculture,3,Female,6121,Value,2008,2008,%,10.670000,B,Break in series: Methodology revised Repository: ILO-STATISTICS - Micro data processing
95,'340,Honduras,3022,ILOSTAT - Household survey,21158,Share of females in total employment in agriculture,3,Female,6121,Value,2009,2009,%,11.720000,X,Repository: ILO-STATISTICS - Micro data processing
95,'340,Honduras,3022,ILOSTAT - Household survey,21158,Share of females in total employment in agriculture,3,Female,6121,Value,2010,2010,%,12.330000,X,Repository: ILO-STATISTICS - Micro data processing
95,'340,Honduras,3022,ILOSTAT - Household survey,21158,Share of females in total employment in agriculture,3,Female,6121,Value,2011,2011,%,9.390000,X,Repository: ILO-STATISTICS - Micro data processing
95,'340,Honduras,3022,ILOSTAT - Household survey,21158,Share of females in total employment in agriculture,3,Female,6121,Value,2012,2012,%,10.470000,X,Repository: ILO-STATISTICS - Micro data processing
95,'340,Honduras,3022,ILOSTAT - Household survey,21158,Share of females in total employment in agriculture,3,Female,6121,Value,2013,2013,%,10.820000,X,Repository: ILO-STATISTICS - Micro data processing
95,'340,Honduras,3022,ILOSTAT - Household survey,21158,Share of females in total employment in agriculture,3,Female,6121,Value,2014,2014,%,12.570000,X,Repository: ILO-STATISTICS - Micro data processing
95,'340,Honduras,3022,ILOSTAT - Household survey,21158,Share of females in total employment in agriculture,3,Female,6121,Value,2015,2015,%,10.750000,X,Repository: ILO-STATISTICS - Micro data processing
95,'340,Honduras,3022,ILOSTAT - Household survey,21158,Share of females in total employment in agriculture,3,Female,6121,Value,2016,2016,%,11.900000,X,Repository: ILO-STATISTICS - Micro data processing
95,'340,Honduras,3022,ILOSTAT - Household survey,21158,Share of females in total employment in agriculture,3,Female,6121,Value,2017,2017,%,11.700000,X,Repository: ILO-STATISTICS - Micro data processing | Data reference period: Second quarter
95,'340,Honduras,3022,ILOSTAT - Household survey,21158,Share of females in total employment in agriculture,3,Female,6121,Value,2018,2018,%,14.240000,B,Break in series: Methodology revised Repository: ILO-STATISTICS - Micro data processing | Data reference period: Second quarter
95,'340,Honduras,3022,ILOSTAT - Household survey,21158,Share of females in total employment in agriculture,3,Female,6121,Value,2019,2019,%,10.510000,X,Repository: ILO-STATISTICS - Micro data processing | Data reference period: Second quarter
95,'340,Honduras,3022,ILOSTAT - Household survey,21158,Share of females in total employment in agriculture,3,Female,6121,Value,2020,2020,%,15.470000,B,Break in series: Methodology revised Repository: ILO-STATISTICS - Micro data processing | Data reference period: Second quarter
95,'340,Honduras,3022,ILOSTAT - Household survey,21158,Share of females in total employment in agriculture,3,Female,6121,Value,2021,2021,%,16.400000,X,Repository: ILO-STATISTICS - Micro data processing | Data reference period: Second quarter
95,'340,Honduras,3022,ILOSTAT - Household survey,21158,Share of females in total employment in agriculture,3,Female,6121,Value,2022,2022,%,10.410000,X,Repository: ILO-STATISTICS - Micro data processing | Data reference period: Second quarter
95,'340,Honduras,3022,ILOSTAT - Household survey,21158,Share of females in total employment in agriculture,3,Female,6121,Value,2023,2023,%,9.370000,X,Repository: ILO-STATISTICS - Micro data processing | Data reference period: Second quarter
95,'340,Honduras,3022,ILOSTAT - Household survey,21158,Share of females in total employment in agriculture,3,Female,6121,Value,2024,2024,%,8.710000,X,Repository: ILO-STATISTICS - Micro data processing | Data reference period: Second quarter
95,'340,Honduras,3022,ILOSTAT - Household survey,21158,Share of females in total employment in agriculture,3,Female,6121,Value,2025,2025,%,10.510000,X,Repository: ILO-STATISTICS - Micro data processing | Data reference period: Second quarter
95,'340,Honduras,3022,ILOSTAT - Household survey,21152,Share of employees in agriculture in total employees,1,Total,6121,Value,2005,2005,%,21.880000,B,Break in series: Methodology revised Repository: ILO-STATISTICS - Micro data processing
95,'340,Honduras,3022,ILOSTAT - Household survey,21152,Share of employees in agriculture in total employees,1,Total,6121,Value,2006,2006,%,21.330000,X,Repository: ILO-STATISTICS - Micro data processing
95,'340,Honduras,3022,ILOSTAT - Household survey,21152,Share of employees in agriculture in total employees,1,Total,6121,Value,2007,2007,%,21.750000,X,Repository: ILO-STATISTICS - Micro data processing
95,'340,Honduras,3022,ILOSTAT - Household survey,21152,Share of employees in agriculture in total employees,1,Total,6121,Value,2008,2008,%,22.820000,B,Break in series: Methodology revised Repository: ILO-STATISTICS - Micro data processing
95,'340,Honduras,3022,ILOSTAT - Household survey,21152,Share of employees in agriculture in total employees,1,Total,6121,Value,2009,2009,%,25.460000,X,Repository: ILO-STATISTICS - Micro data processing
95,'340,Honduras,3022,ILOSTAT - Household survey,21152,Share of employees in agriculture in total employees,1,Total,6121,Value,2010,2010,%,23.290000,X,Repository: ILO-STATISTICS - Micro data processing
95,'340,Honduras,3022,ILOSTAT - Household survey,21152,Share of employees in agriculture in total employees,1,Total,6121,Value,2011,2011,%,22.170000,X,Repository: ILO-STATISTICS - Micro data processing
95,'340,Honduras,3022,ILOSTAT - Household survey,21152,Share of employees in agriculture in total employees,1,Total,6121,Value,2012,2012,%,20.930000,X,Repository: ILO-STATISTICS - Micro data processing
95,'340,Honduras,3022,ILOSTAT - Household survey,21152,Share of employees in agriculture in total employees,1,Total,6121,Value,2013,2013,%,22.570000,X,Repository: ILO-STATISTICS - Micro data processing
95,'340,Honduras,3022,ILOSTAT - Household survey,21152,Share of employees in agriculture in total employees,1,Total,6121,Value,2014,2014,%,18.050000,X,Repository: ILO-STATISTICS - Micro data processing
95,'340,Honduras,3022,ILOSTAT - Household survey,21152,Share of employees in agriculture in total employees,1,Total,6121,Value,2015,2015,%,19.280000,X,Repository: ILO-STATISTICS - Micro data processing
95,'340,Honduras,3022,ILOSTAT - Household survey,21152,Share of employees in agriculture in total employees,1,Total,6121,Value,2016,2016,%,17.950000,X,Repository: ILO-STATISTICS - Micro data processing
95,'340,Honduras,3022,ILOSTAT - Household survey,21152,Share of employees in agriculture in total employees,1,Total,6121,Value,2017,2017,%,22.220000,X,Repository: ILO-STATISTICS - Micro data processing | Data reference period: Second quarter
95,'340,Honduras,3022,ILOSTAT - Household survey,21152,Share of employees in agriculture in total employees,1,Total,6121,Value,2018,2018,%,22.140000,B,Break in series: Methodology revised Repository: ILO-STATISTICS - Micro data processing | Data reference period: Second quarter
95,'340,Honduras,3022,ILOSTAT - Household survey,21152,Share of employees in agriculture in total employees,1,Total,6121,Value,2019,2019,%,20.160000,X,Repository: ILO-STATISTICS - Micro data processing | Data reference period: Second quarter
95,'340,Honduras,3022,ILOSTAT - Household survey,21152,Share of employees in agriculture in total employees,1,Total,6121,Value,2020,2020,%,23.530000,B,Break in series: Methodology revised Repository: ILO-STATISTICS - Micro data processing | Data reference period: Second quarter
95,'340,Honduras,3022,ILOSTAT - Household survey,21152,Share of employees in agriculture in total employees,1,Total,6121,Value,2021,2021,%,22.220000,X,Repository: ILO-STATISTICS - Micro data processing | Data reference period: Second quarter
95,'340,Honduras,3022,ILOSTAT - Household survey,21152,Share of employees in agriculture in total employees,1,Total,6121,Value,2022,2022,%,21.570000,X,Repository: ILO-STATISTICS - Micro data processing | Data reference period: Second quarter
95,'340,Honduras,3022,ILOSTAT - Household survey,21152,Share of employees in agriculture in total employees,1,Total,6121,Value,2023,2023,%,22.680000,X,Repository: ILO-STATISTICS - Micro data processing | Data reference period: Second quarter
95,'340,Honduras,3022,ILOSTAT - Household survey,21152,Share of employees in agriculture in total employees,1,Total,6121,Value,2024,2024,%,19.850000,X,Repository: ILO-STATISTICS - Micro data processing | Data reference period: Second quarter
95,'340,Honduras,3022,ILOSTAT - Household survey,21152,Share of employees in agriculture in total employees,1,Total,6121,Value,2025,2025,%,20.870000,X,Repository: ILO-STATISTICS - Micro data processing | Data reference period: Second quarter
95,'340,Honduras,3022,ILOSTAT - Household survey,21152,Share of employees in agriculture in total employees,2,Male,6121,Value,2005,2005,%,31.330000,B,Break in series: Methodology revised Repository: ILO-STATISTICS - Micro data processing
95,'340,Honduras,3022,ILOSTAT - Household survey,21152,Share of employees in agriculture in total employees,2,Male,6121,Value,2006,2006,%,30.360000,X,Repository: ILO-STATISTICS - Micro data processing
95,'340,Honduras,3022,ILOSTAT - Household survey,21152,Share of employees in agriculture in total employees,2,Male,6121,Value,2007,2007,%,30.240000,X,Repository: ILO-STATISTICS - Micro data processing
95,'340,Honduras,3022,ILOSTAT - Household survey,21152,Share of employees in agriculture in total employees,2,Male,6121,Value,2008,2008,%,32.310000,B,Break in series: Methodology revised Repository: ILO-STATISTICS - Micro data processing
95,'340,Honduras,3022,ILOSTAT - Household survey,21152,Share of employees in agriculture in total employees,2,Male,6121,Value,2009,2009,%,35.290000,X,Repository: ILO-STATISTICS - Micro data processing
95,'340,Honduras,3022,ILOSTAT - Household survey,21152,Share of employees in agriculture in total employees,2,Male,6121,Value,2010,2010,%,32.470000,X,Repository: ILO-STATISTICS - Micro data processing
95,'340,Honduras,3022,ILOSTAT - Household survey,21152,Share of employees in agriculture in total employees,2,Male,6121,Value,2011,2011,%,31.620000,X,Repository: ILO-STATISTICS - Micro data processing
95,'340,Honduras,3022,ILOSTAT - Household survey,21152,Share of employees in agriculture in total employees,2,Male,6121,Value,2012,2012,%,29.800000,X,Repository: ILO-STATISTICS - Micro data processing
95,'340,Honduras,3022,ILOSTAT - Household survey,21152,Share of employees in agriculture in total employees,2,Male,6121,Value,2013,2013,%,31.990000,X,Repository: ILO-STATISTICS - Micro data processing
95,'340,Honduras,3022,ILOSTAT - Household survey,21152,Share of employees in agriculture in total employees,2,Male,6121,Value,2014,2014,%,26.490000,X,Repository: ILO-STATISTICS - Micro data processing
95,'340,Honduras,3022,ILOSTAT - Household survey,21152,Share of employees in agriculture in total employees,2,Male,6121,Value,2015,2015,%,27.810000,X,Repository: ILO-STATISTICS - Micro data processing
95,'340,Honduras,3022,ILOSTAT - Household survey,21152,Share of employees in agriculture in total employees,2,Male,6121,Value,2016,2016,%,25.950000,X,Repository: ILO-STATISTICS - Micro data processing
95,'340,Honduras,3022,ILOSTAT - Household survey,21152,Share of employees in agriculture in total employees,2,Male,6121,Value,2017,2017,%,31.680000,X,Repository: ILO-STATISTICS - Micro data processing | Data reference period: Second quarter
95,'340,Honduras,3022,ILOSTAT - Household survey,21152,Share of employees in agriculture in total employees,2,Male,6121,Value,2018,2018,%,31.230000,B,Break in series: Methodology revised Repository: ILO-STATISTICS - Micro data processing | Data reference period: Second quarter
95,'340,Honduras,3022,ILOSTAT - Household survey,21152,Share of employees in agriculture in total employees,2,Male,6121,Value,2019,2019,%,28.650000,X,Repository: ILO-STATISTICS - Micro data processing | Data reference period: Second quarter
95,'340,Honduras,3022,ILOSTAT - Household survey,21152,Share of employees in agriculture in total employees,2,Male,6121,Value,2020,2020,%,30.940000,B,Break in series: Methodology revised Repository: ILO-STATISTICS - Micro data processing | Data reference period: Second quarter
95,'340,Honduras,3022,ILOSTAT - Household survey,21152,Share of employees in agriculture in total employees,2,Male,6121,Value,2021,2021,%,29.400000,X,Repository: ILO-STATISTICS - Micro data processing | Data reference period: Second quarter
95,'340,Honduras,3022,ILOSTAT - Household survey,21152,Share of employees in agriculture in total employees,2,Male,6121,Value,2022,2022,%,29.590000,X,Repository: ILO-STATISTICS - Micro data processing | Data reference period: Second quarter
95,'340,Honduras,3022,ILOSTAT - Household survey,21152,Share of employees in agriculture in total employees,2,Male,6121,Value,2023,2023,%,31.250000,X,Repository: ILO-STATISTICS - Micro data processing | Data reference period: Second quarter
95,'340,Honduras,3022,ILOSTAT - Household survey,21152,Share of employees in agriculture in total employees,2,Male,6121,Value,2024,2024,%,28.240000,X,Repository: ILO-STATISTICS - Micro data processing | Data reference period: Second quarter
95,'340,Honduras,3022,ILOSTAT - Household survey,21152,Share of employees in agriculture in total employees,2,Male,6121,Value,2025,2025,%,28.850000,X,Repository: ILO-STATISTICS - Micro data processing | Data reference period: Second quarter
95,'340,Honduras,3022,ILOSTAT - Household survey,21152,Share of employees in agriculture in total employees,3,Female,6121,Value,2005,2005,%,3.490000,B,Break in series: Methodology revised Repository: ILO-STATISTICS - Micro data processing
95,'340,Honduras,3022,ILOSTAT - Household survey,21152,Share of employees in agriculture in total employees,3,Female,6121,Value,2006,2006,%,3.940000,X,Repository: ILO-STATISTICS - Micro data processing
95,'340,Honduras,3022,ILOSTAT - Household survey,21152,Share of employees in agriculture in total employees,3,Female,6121,Value,2007,2007,%,4.940000,X,Repository: ILO-STATISTICS - Micro data processing
95,'340,Honduras,3022,ILOSTAT - Household survey,21152,Share of employees in agriculture in total employees,3,Female,6121,Value,2008,2008,%,4.730000,B,Break in series: Methodology revised Repository: ILO-STATISTICS - Micro data processing
95,'340,Honduras,3022,ILOSTAT - Household survey,21152,Share of employees in agriculture in total employees,3,Female,6121,Value,2009,2009,%,4.880000,X,Repository: ILO-STATISTICS - Micro data processing
95,'340,Honduras,3022,ILOSTAT - Household survey,21152,Share of employees in agriculture in total employees,3,Female,6121,Value,2010,2010,%,5.460000,X,Repository: ILO-STATISTICS - Micro data processing
95,'340,Honduras,3022,ILOSTAT - Household survey,21152,Share of employees in agriculture in total employees,3,Female,6121,Value,2011,2011,%,4.130000,X,Repository: ILO-STATISTICS - Micro data processing
95,'340,Honduras,3022,ILOSTAT - Household survey,21152,Share of employees in agriculture in total employees,3,Female,6121,Value,2012,2012,%,4.010000,X,Repository: ILO-STATISTICS - Micro data processing
95,'340,Honduras,3022,ILOSTAT - Household survey,21152,Share of employees in agriculture in total employees,3,Female,6121,Value,2013,2013,%,4.560000,X,Repository: ILO-STATISTICS - Micro data processing
95,'340,Honduras,3022,ILOSTAT - Household survey,21152,Share of employees in agriculture in total employees,3,Female,6121,Value,2014,2014,%,2.440000,X,Repository: ILO-STATISTICS - Micro data processing
95,'340,Honduras,3022,ILOSTAT - Household survey,21152,Share of employees in agriculture in total employees,3,Female,6121,Value,2015,2015,%,3.510000,X,Repository: ILO-STATISTICS - Micro data processing
95,'340,Honduras,3022,ILOSTAT - Household survey,21152,Share of employees in agriculture in total employees,3,Female,6121,Value,2016,2016,%,3.100000,X,Repository: ILO-STATISTICS - Micro data processing
95,'340,Honduras,3022,ILOSTAT - Household survey,21152,Share of employees in agriculture in total employees,3,Female,6121,Value,2017,2017,%,3.370000,X,Repository: ILO-STATISTICS - Micro data processing | Data reference period: Second quarter
95,'340,Honduras,3022,ILOSTAT - Household survey,21152,Share of employees in agriculture in total employees,3,Female,6121,Value,2018,2018,%,4.460000,B,Break in series: Methodology revised Repository: ILO-STATISTICS - Micro data processing | Data reference period: Second quarter
95,'340,Honduras,3022,ILOSTAT - Household survey,21152,Share of employees in agriculture in total employees,3,Female,6121,Value,2019,2019,%,3.740000,X,Repository: ILO-STATISTICS - Micro data processing | Data reference period: Second quarter
95,'340,Honduras,3022,ILOSTAT - Household survey,21152,Share of employees in agriculture in total employees,3,Female,6121,Value,2020,2020,%,10.120000,B,Break in series: Methodology revised Repository: ILO-STATISTICS - Micro data processing | Data reference period: Second quarter
95,'340,Honduras,3022,ILOSTAT - Household survey,21152,Share of employees in agriculture in total employees,3,Female,6121,Value,2021,2021,%,9.130000,X,Repository: ILO-STATISTICS - Micro data processing | Data reference period: Second quarter
95,'340,Honduras,3022,ILOSTAT - Household survey,21152,Share of employees in agriculture in total employees,3,Female,6121,Value,2022,2022,%,5.310000,X,Repository: ILO-STATISTICS - Micro data processing | Data reference period: Second quarter
95,'340,Honduras,3022,ILOSTAT - Household survey,21152,Share of employees in agriculture in total employees,3,Female,6121,Value,2023,2023,%,4.580000,X,Repository: ILO-STATISTICS - Micro data processing | Data reference period: Second quarter
95,'340,Honduras,3022,ILOSTAT - Household survey,21152,Share of employees in agriculture in total employees,3,Female,6121,Value,2024,2024,%,3.900000,X,Repository: ILO-STATISTICS - Micro data processing | Data reference period: Second quarter
95,'340,Honduras,3022,ILOSTAT - Household survey,21152,Share of employees in agriculture in total employees,3,Female,6121,Value,2025,2025,%,4.210000,X,Repository: ILO-STATISTICS - Micro data processing | Data reference period: Second quarter
95,'340,Honduras,3022,ILOSTAT - Household survey,21157,Share of female employees in total employees in agriculture,3,Female,6121,Value,2005,2005,%,5.410000,B,Break in series: Methodology revised Repository: ILO-STATISTICS - Micro data processing
95,'340,Honduras,3022,ILOSTAT - Household survey,21157,Share of female employees in total employees in agriculture,3,Female,6121,Value,2006,2006,%,6.320000,X,Repository: ILO-STATISTICS - Micro data processing
95,'340,Honduras,3022,ILOSTAT - Household survey,21157,Share of female employees in total employees in agriculture,3,Female,6121,Value,2007,2007,%,7.610000,X,Repository: ILO-STATISTICS - Micro data processing
95,'340,Honduras,3022,ILOSTAT - Household survey,21157,Share of female employees in total employees in agriculture,3,Female,6121,Value,2008,2008,%,7.140000,B,Break in series: Methodology revised Repository: ILO-STATISTICS - Micro data processing
95,'340,Honduras,3022,ILOSTAT - Household survey,21157,Share of female employees in total employees in agriculture,3,Female,6121,Value,2009,2009,%,6.200000,X,Repository: ILO-STATISTICS - Micro data processing
95,'340,Honduras,3022,ILOSTAT - Household survey,21157,Share of female employees in total employees in agriculture,3,Female,6121,Value,2010,2010,%,7.970000,X,Repository: ILO-STATISTICS - Micro data processing
95,'340,Honduras,3022,ILOSTAT - Household survey,21157,Share of female employees in total employees in agriculture,3,Female,6121,Value,2011,2011,%,6.400000,X,Repository: ILO-STATISTICS - Micro data processing
95,'340,Honduras,3022,ILOSTAT - Household survey,21157,Share of female employees in total employees in agriculture,3,Female,6121,Value,2012,2012,%,6.600000,X,Repository: ILO-STATISTICS - Micro data processing
95,'340,Honduras,3022,ILOSTAT - Household survey,21157,Share of female employees in total employees in agriculture,3,Female,6121,Value,2013,2013,%,6.930000,X,Repository: ILO-STATISTICS - Micro data processing
95,'340,Honduras,3022,ILOSTAT - Household survey,21157,Share of female employees in total employees in agriculture,3,Female,6121,Value,2014,2014,%,4.740000,X,Repository: ILO-STATISTICS - Micro data processing
95,'340,Honduras,3022,ILOSTAT - Household survey,21157,Share of female employees in total employees in agriculture,3,Female,6121,Value,2015,2015,%,6.390000,X,Repository: ILO-STATISTICS - Micro data processing
95,'340,Honduras,3022,ILOSTAT - Household survey,21157,Share of female employees in total employees in agriculture,3,Female,6121,Value,2016,2016,%,6.050000,X,Repository: ILO-STATISTICS - Micro data processing
95,'340,Honduras,3022,ILOSTAT - Household survey,21157,Share of female employees in total employees in agriculture,3,Female,6121,Value,2017,2017,%,5.070000,X,Repository: ILO-STATISTICS - Micro data processing | Data reference period: Second quarter
95,'340,Honduras,3022,ILOSTAT - Household survey,21157,Share of female employees in total employees in agriculture,3,Female,6121,Value,2018,2018,%,6.840000,B,Break in series: Methodology revised Repository: ILO-STATISTICS - Micro data processing | Data reference period: Second quarter
95,'340,Honduras,3022,ILOSTAT - Household survey,21157,Share of female employees in total employees in agriculture,3,Female,6121,Value,2019,2019,%,6.310000,X,Repository: ILO-STATISTICS - Micro data processing | Data reference period: Second quarter
95,'340,Honduras,3022,ILOSTAT - Household survey,21157,Share of female employees in total employees in agriculture,3,Female,6121,Value,2020,2020,%,15.300000,B,Break in series: Methodology revised Repository: ILO-STATISTICS - Micro data processing | Data reference period: Second quarter
95,'340,Honduras,3022,ILOSTAT - Household survey,21157,Share of female employees in total employees in agriculture,3,Female,6121,Value,2021,2021,%,14.580000,X,Repository: ILO-STATISTICS - Micro data processing | Data reference period: Second quarter
95,'340,Honduras,3022,ILOSTAT - Household survey,21157,Share of female employees in total employees in agriculture,3,Female,6121,Value,2022,2022,%,8.130000,X,Repository: ILO-STATISTICS - Micro data processing | Data reference period: Second quarter
95,'340,Honduras,3022,ILOSTAT - Household survey,21157,Share of female employees in total employees in agriculture,3,Female,6121,Value,2023,2023,%,6.480000,X,Repository: ILO-STATISTICS - Micro data processing | Data reference period: Second quarter
95,'340,Honduras,3022,ILOSTAT - Household survey,21157,Share of female employees in total employees in agriculture,3,Female,6121,Value,2024,2024,%,6.760000,X,Repository: ILO-STATISTICS - Micro data processing | Data reference period: Second quarter
95,'340,Honduras,3022,ILOSTAT - Household survey,21157,Share of female employees in total employees in agriculture,3,Female,6121,Value,2025,2025,%,6.530000,X,Repository: ILO-STATISTICS - Micro data processing | Data reference period: Second quarter
