Area Code,Area Code (M49),Area,Item Code,Item Code (CPC),Item,Element Code,Element,Year Code,Year,Months Code,Months,Unit,Value,Flag
95,'340,Honduras,515,'01341,Apples,5539,Producer Price Index (2014-2016 = 100),1991,1991,7021,Annual value,,1.250000,E
95,'340,Honduras,515,'01341,Apples,5539,Producer Price Index (2014-2016 = 100),1992,1992,7021,Annual value,,1.760000,E
95,'340,Honduras,515,'01341,Apples,5539,Producer Price Index (2014-2016 = 100),1993,1993,7021,Annual value,,2.470000,E
95,'340,Honduras,515,'01341,Apples,5539,Producer Price Index (2014-2016 = 100),1994,1994,7021,Annual value,,3.480000,E
95,'340,Honduras,515,'01341,Apples,5539,Producer Price Index (2014-2016 = 100),1995,1995,7021,Annual value,,4.050000,E
95,'340,Honduras,515,'01341,Apples,5539,Producer Price Index (2014-2016 = 100),1996,1996,7021,Annual value,,5.160000,E
95,'340,Honduras,515,'01341,Apples,5539,Producer Price Index (2014-2016 = 100),1997,1997,7021,Annual value,,5.080000,E
95,'340,Honduras,515,'01341,Apples,5539,Producer Price Index (2014-2016 = 100),1998,1998,7021,Annual value,,5.080000,E
95,'340,Honduras,515,'01341,Apples,5539,Producer Price Index (2014-2016 = 100),1999,1999,7021,Annual value,,5.080000,E
95,'340,Honduras,515,'01341,Apples,5539,Producer Price Index (2014-2016 = 100),2000,2000,7021,Annual value,,6.390000,E
95,'340,Honduras,515,'01341,Apples,5539,Producer Price Index (2014-2016 = 100),2001,2001,7021,Annual value,,7.190000,E
95,'340,Honduras,515,'01341,Apples,5539,Producer Price Index (2014-2016 = 100),2002,2002,7021,Annual value,,23.920000,E
95,'340,Honduras,515,'01341,Apples,5539,Producer Price Index (2014-2016 = 100),2003,2003,7021,Annual value,,18.690000,E
95,'340,Honduras,515,'01341,Apples,5539,Producer Price Index (2014-2016 = 100),2004,2004,7021,Annual value,,23.840000,E
95,'340,Honduras,515,'01341,Apples,5539,Producer Price Index (2014-2016 = 100),2005,2005,7021,Annual value,,35.760000,E
95,'340,Honduras,515,'01341,Apples,5539,Producer Price Index (2014-2016 = 100),2006,2006,7021,Annual value,,47.690000,E
95,'340,Honduras,515,'01341,Apples,5539,Producer Price Index (2014-2016 = 100),2007,2007,7021,Annual value,,52.390000,E
95,'340,Honduras,515,'01341,Apples,5539,Producer Price Index (2014-2016 = 100),2008,2008,7021,Annual value,,55.160000,E
95,'340,Honduras,515,'01341,Apples,5539,Producer Price Index (2014-2016 = 100),2009,2009,7021,Annual value,,61.160000,E
95,'340,Honduras,515,'01341,Apples,5539,Producer Price Index (2014-2016 = 100),2010,2010,7021,Annual value,,74.990000,E
95,'340,Honduras,515,'01341,Apples,5539,Producer Price Index (2014-2016 = 100),2011,2011,7021,Annual value,,74.670000,E
95,'340,Honduras,515,'01341,Apples,5539,Producer Price Index (2014-2016 = 100),2012,2012,7021,Annual value,,81.000000,E
95,'340,Honduras,515,'01341,Apples,5539,Producer Price Index (2014-2016 = 100),2013,2013,7021,Annual value,,87.330000,E
95,'340,Honduras,515,'01341,Apples,5539,Producer Price Index (2014-2016 = 100),2014,2014,7021,Annual value,,93.670000,E
95,'340,Honduras,515,'01341,Apples,5539,Producer Price Index (2014-2016 = 100),2015,2015,7021,Annual value,,100.000000,E
95,'340,Honduras,515,'01341,Apples,5539,Producer Price Index (2014-2016 = 100),2016,2016,7021,Annual value,,106.330000,E
95,'340,Honduras,515,'01341,Apples,5539,Producer Price Index (2014-2016 = 100),2017,2017,7021,Annual value,,112.670000,E
95,'340,Honduras,515,'01341,Apples,5539,Producer Price Index (2014-2016 = 100),2018,2018,7021,Annual value,,119.000000,E
95,'340,Honduras,515,'01341,Apples,5539,Producer Price Index (2014-2016 = 100),2019,2019,7021,Annual value,,125.330000,E
95,'340,Honduras,515,'01341,Apples,5539,Producer Price Index (2014-2016 = 100),2020,2020,7021,Annual value,,130.690000,E
95,'340,Honduras,515,'01341,Apples,5539,Producer Price Index (2014-2016 = 100),2021,2021,7021,Annual value,,137.650000,E
95,'340,Honduras,515,'01341,Apples,5539,Producer Price Index (2014-2016 = 100),2022,2022,7021,Annual value,,143.350000,E
95,'340,Honduras,515,'01341,Apples,5539,Producer Price Index (2014-2016 = 100),2023,2023,7021,Annual value,,149.470000,E
95,'340,Honduras,515,'01341,Apples,5539,Producer Price Index (2014-2016 = 100),2024,2024,7021,Annual value,,155.590000,E
95,'340,Honduras,515,'01341,Apples,5539,Producer Price Index (2014-2016 = 100),2025,2025,7021,Annual value,,161.710000,E
95,'340,Honduras,572,'01311,Avocados,5530,Producer Price (LCU/tonne),1993,1993,7021,Annual value,LCU,985.000000,A
95,'340,Honduras,572,'01311,Avocados,5530,Producer Price (LCU/tonne),1994,1994,7021,Annual value,LCU,1046.000000,A
95,'340,Honduras,572,'01311,Avocados,5530,Producer Price (LCU/tonne),1995,1995,7021,Annual value,LCU,1100.000000,A
95,'340,Honduras,572,'01311,Avocados,5530,Producer Price (LCU/tonne),1996,1996,7021,Annual value,LCU,1311.000000,A
95,'340,Honduras,572,'01311,Avocados,5530,Producer Price (LCU/tonne),1997,1997,7021,Annual value,LCU,1434.000000,A
95,'340,Honduras,572,'01311,Avocados,5530,Producer Price (LCU/tonne),1998,1998,7021,Annual value,LCU,1487.000000,A
95,'340,Honduras,572,'01311,Avocados,5530,Producer Price (LCU/tonne),1999,1999,7021,Annual value,LCU,1646.000000,A
95,'340,Honduras,572,'01311,Avocados,5530,Producer Price (LCU/tonne),2000,2000,7021,Annual value,LCU,1769.000000,A
95,'340,Honduras,572,'01311,Avocados,5530,Producer Price (LCU/tonne),2001,2001,7021,Annual value,LCU,1865.000000,A
95,'340,Honduras,572,'01311,Avocados,5530,Producer Price (LCU/tonne),2002,2002,7021,Annual value,LCU,3300.000000,A
95,'340,Honduras,572,'01311,Avocados,5530,Producer Price (LCU/tonne),2003,2003,7021,Annual value,LCU,3960.000000,A
95,'340,Honduras,572,'01311,Avocados,5530,Producer Price (LCU/tonne),2004,2004,7021,Annual value,LCU,4400.000000,A
95,'340,Honduras,572,'01311,Avocados,5530,Producer Price (LCU/tonne),2005,2005,7021,Annual value,LCU,4730.000000,A
95,'340,Honduras,572,'01311,Avocados,5530,Producer Price (LCU/tonne),2006,2006,7021,Annual value,LCU,5238.000000,A
95,'340,Honduras,572,'01311,Avocados,5530,Producer Price (LCU/tonne),2007,2007,7021,Annual value,LCU,7040.000000,A
95,'340,Honduras,572,'01311,Avocados,5530,Producer Price (LCU/tonne),2008,2008,7021,Annual value,LCU,7700.000000,A
95,'340,Honduras,572,'01311,Avocados,5531,Producer Price (SLC/tonne),1993,1993,7021,Annual value,SLC,985.000000,A
95,'340,Honduras,572,'01311,Avocados,5531,Producer Price (SLC/tonne),1994,1994,7021,Annual value,SLC,1046.000000,A
95,'340,Honduras,572,'01311,Avocados,5531,Producer Price (SLC/tonne),1995,1995,7021,Annual value,SLC,1100.000000,A
95,'340,Honduras,572,'01311,Avocados,5531,Producer Price (SLC/tonne),1996,1996,7021,Annual value,SLC,1311.000000,A
95,'340,Honduras,572,'01311,Avocados,5531,Producer Price (SLC/tonne),1997,1997,7021,Annual value,SLC,1434.000000,A
95,'340,Honduras,572,'01311,Avocados,5531,Producer Price (SLC/tonne),1998,1998,7021,Annual value,SLC,1487.000000,A
95,'340,Honduras,572,'01311,Avocados,5531,Producer Price (SLC/tonne),1999,1999,7021,Annual value,SLC,1646.000000,A
95,'340,Honduras,572,'01311,Avocados,5531,Producer Price (SLC/tonne),2000,2000,7021,Annual value,SLC,1769.000000,A
95,'340,Honduras,572,'01311,Avocados,5531,Producer Price (SLC/tonne),2001,2001,7021,Annual value,SLC,1865.000000,A
95,'340,Honduras,572,'01311,Avocados,5531,Producer Price (SLC/tonne),2002,2002,7021,Annual value,SLC,3300.000000,A
95,'340,Honduras,572,'01311,Avocados,5531,Producer Price (SLC/tonne),2003,2003,7021,Annual value,SLC,3960.000000,A
95,'340,Honduras,572,'01311,Avocados,5531,Producer Price (SLC/tonne),2004,2004,7021,Annual value,SLC,4400.000000,A
95,'340,Honduras,572,'01311,Avocados,5531,Producer Price (SLC/tonne),2005,2005,7021,Annual value,SLC,4730.000000,A
95,'340,Honduras,572,'01311,Avocados,5531,Producer Price (SLC/tonne),2006,2006,7021,Annual value,SLC,5238.000000,A
95,'340,Honduras,572,'01311,Avocados,5531,Producer Price (SLC/tonne),2007,2007,7021,Annual value,SLC,7040.000000,A
95,'340,Honduras,572,'01311,Avocados,5531,Producer Price (SLC/tonne),2008,2008,7021,Annual value,SLC,7700.000000,A
95,'340,Honduras,572,'01311,Avocados,5532,Producer Price (USD/tonne),1993,1993,7021,Annual value,USD,152.200000,A
95,'340,Honduras,572,'01311,Avocados,5532,Producer Price (USD/tonne),1994,1994,7021,Annual value,USD,124.400000,A
95,'340,Honduras,572,'01311,Avocados,5532,Producer Price (USD/tonne),1995,1995,7021,Annual value,USD,116.100000,A
95,'340,Honduras,572,'01311,Avocados,5532,Producer Price (USD/tonne),1996,1996,7021,Annual value,USD,112.000000,A
95,'340,Honduras,572,'01311,Avocados,5532,Producer Price (USD/tonne),1997,1997,7021,Annual value,USD,110.300000,A
95,'340,Honduras,572,'01311,Avocados,5532,Producer Price (USD/tonne),1998,1998,7021,Annual value,USD,111.100000,A
95,'340,Honduras,572,'01311,Avocados,5532,Producer Price (USD/tonne),1999,1999,7021,Annual value,USD,115.800000,A
95,'340,Honduras,572,'01311,Avocados,5532,Producer Price (USD/tonne),2000,2000,7021,Annual value,USD,119.200000,A
95,'340,Honduras,572,'01311,Avocados,5532,Producer Price (USD/tonne),2001,2001,7021,Annual value,USD,120.500000,A
95,'340,Honduras,572,'01311,Avocados,5532,Producer Price (USD/tonne),2002,2002,7021,Annual value,USD,200.800000,A
95,'340,Honduras,572,'01311,Avocados,5532,Producer Price (USD/tonne),2003,2003,7021,Annual value,USD,228.300000,A
95,'340,Honduras,572,'01311,Avocados,5532,Producer Price (USD/tonne),2004,2004,7021,Annual value,USD,241.700000,A
95,'340,Honduras,572,'01311,Avocados,5532,Producer Price (USD/tonne),2005,2005,7021,Annual value,USD,251.200000,A
95,'340,Honduras,572,'01311,Avocados,5532,Producer Price (USD/tonne),2006,2006,7021,Annual value,USD,277.200000,A
95,'340,Honduras,572,'01311,Avocados,5532,Producer Price (USD/tonne),2007,2007,7021,Annual value,USD,372.600000,A
95,'340,Honduras,572,'01311,Avocados,5532,Producer Price (USD/tonne),2008,2008,7021,Annual value,USD,407.300000,A
95,'340,Honduras,572,'01311,Avocados,5539,Producer Price Index (2014-2016 = 100),1991,1991,7021,Annual value,,2.390000,E
95,'340,Honduras,572,'01311,Avocados,5539,Producer Price Index (2014-2016 = 100),1992,1992,7021,Annual value,,3.360000,E
95,'340,Honduras,572,'01311,Avocados,5539,Producer Price Index (2014-2016 = 100),1993,1993,7021,Annual value,,8.140000,E
95,'340,Honduras,572,'01311,Avocados,5539,Producer Price Index (2014-2016 = 100),1994,1994,7021,Annual value,,8.640000,E
95,'340,Honduras,572,'01311,Avocados,5539,Producer Price Index (2014-2016 = 100),1995,1995,7021,Annual value,,9.090000,E
95,'340,Honduras,572,'01311,Avocados,5539,Producer Price Index (2014-2016 = 100),1996,1996,7021,Annual value,,10.830000,E
95,'340,Honduras,572,'01311,Avocados,5539,Producer Price Index (2014-2016 = 100),1997,1997,7021,Annual value,,11.850000,E
95,'340,Honduras,572,'01311,Avocados,5539,Producer Price Index (2014-2016 = 100),1998,1998,7021,Annual value,,12.290000,E
95,'340,Honduras,572,'01311,Avocados,5539,Producer Price Index (2014-2016 = 100),1999,1999,7021,Annual value,,13.600000,E
95,'340,Honduras,572,'01311,Avocados,5539,Producer Price Index (2014-2016 = 100),2000,2000,7021,Annual value,,14.620000,E
95,'340,Honduras,572,'01311,Avocados,5539,Producer Price Index (2014-2016 = 100),2001,2001,7021,Annual value,,15.410000,E
95,'340,Honduras,572,'01311,Avocados,5539,Producer Price Index (2014-2016 = 100),2002,2002,7021,Annual value,,27.270000,E
95,'340,Honduras,572,'01311,Avocados,5539,Producer Price Index (2014-2016 = 100),2003,2003,7021,Annual value,,32.720000,E
95,'340,Honduras,572,'01311,Avocados,5539,Producer Price Index (2014-2016 = 100),2004,2004,7021,Annual value,,36.360000,E
95,'340,Honduras,572,'01311,Avocados,5539,Producer Price Index (2014-2016 = 100),2005,2005,7021,Annual value,,39.090000,E
95,'340,Honduras,572,'01311,Avocados,5539,Producer Price Index (2014-2016 = 100),2006,2006,7021,Annual value,,43.290000,E
95,'340,Honduras,572,'01311,Avocados,5539,Producer Price Index (2014-2016 = 100),2007,2007,7021,Annual value,,58.180000,E
95,'340,Honduras,572,'01311,Avocados,5539,Producer Price Index (2014-2016 = 100),2008,2008,7021,Annual value,,63.630000,E
95,'340,Honduras,572,'01311,Avocados,5539,Producer Price Index (2014-2016 = 100),2009,2009,7021,Annual value,,71.380000,E
95,'340,Honduras,572,'01311,Avocados,5539,Producer Price Index (2014-2016 = 100),2010,2010,7021,Annual value,,81.630000,E
95,'340,Honduras,572,'01311,Avocados,5539,Producer Price Index (2014-2016 = 100),2011,2011,7021,Annual value,,77.100000,E
95,'340,Honduras,572,'01311,Avocados,5539,Producer Price Index (2014-2016 = 100),2012,2012,7021,Annual value,,82.830000,E
95,'340,Honduras,572,'01311,Avocados,5539,Producer Price Index (2014-2016 = 100),2013,2013,7021,Annual value,,88.550000,E
95,'340,Honduras,572,'01311,Avocados,5539,Producer Price Index (2014-2016 = 100),2014,2014,7021,Annual value,,94.280000,E
95,'340,Honduras,572,'01311,Avocados,5539,Producer Price Index (2014-2016 = 100),2015,2015,7021,Annual value,,100.000000,E
95,'340,Honduras,572,'01311,Avocados,5539,Producer Price Index (2014-2016 = 100),2016,2016,7021,Annual value,,105.720000,E
95,'340,Honduras,572,'01311,Avocados,5539,Producer Price Index (2014-2016 = 100),2017,2017,7021,Annual value,,111.450000,E
95,'340,Honduras,572,'01311,Avocados,5539,Producer Price Index (2014-2016 = 100),2018,2018,7021,Annual value,,117.170000,E
95,'340,Honduras,572,'01311,Avocados,5539,Producer Price Index (2014-2016 = 100),2019,2019,7021,Annual value,,122.900000,E
95,'340,Honduras,572,'01311,Avocados,5539,Producer Price Index (2014-2016 = 100),2020,2020,7021,Annual value,,127.370000,E
95,'340,Honduras,572,'01311,Avocados,5539,Producer Price Index (2014-2016 = 100),2021,2021,7021,Annual value,,135.230000,E
95,'340,Honduras,572,'01311,Avocados,5539,Producer Price Index (2014-2016 = 100),2022,2022,7021,Annual value,,138.610000,E
95,'340,Honduras,572,'01311,Avocados,5539,Producer Price Index (2014-2016 = 100),2023,2023,7021,Annual value,,143.670000,E
95,'340,Honduras,572,'01311,Avocados,5539,Producer Price Index (2014-2016 = 100),2024,2024,7021,Annual value,,148.740000,E
95,'340,Honduras,572,'01311,Avocados,5539,Producer Price Index (2014-2016 = 100),2025,2025,7021,Annual value,,153.800000,E
95,'340,Honduras,486,'01312,Bananas,5530,Producer Price (LCU/tonne),1991,1991,7021,Annual value,LCU,347.000000,A
95,'340,Honduras,486,'01312,Bananas,5530,Producer Price (LCU/tonne),1992,1992,7021,Annual value,LCU,489.000000,A
95,'340,Honduras,486,'01312,Bananas,5530,Producer Price (LCU/tonne),1993,1993,7021,Annual value,LCU,687.000000,A
95,'340,Honduras,486,'01312,Bananas,5530,Producer Price (LCU/tonne),1994,1994,7021,Annual value,LCU,967.000000,A
95,'340,Honduras,486,'01312,Bananas,5530,Producer Price (LCU/tonne),1995,1995,7021,Annual value,LCU,1124.000000,A
95,'340,Honduras,486,'01312,Bananas,5530,Producer Price (LCU/tonne),1996,1996,7021,Annual value,LCU,1433.000000,A
95,'340,Honduras,486,'01312,Bananas,5530,Producer Price (LCU/tonne),1997,1997,7021,Annual value,LCU,1410.000000,A
95,'340,Honduras,486,'01312,Bananas,5530,Producer Price (LCU/tonne),1998,1998,7021,Annual value,LCU,1410.000000,A
95,'340,Honduras,486,'01312,Bananas,5530,Producer Price (LCU/tonne),1999,1999,7021,Annual value,LCU,1411.000000,A
95,'340,Honduras,486,'01312,Bananas,5530,Producer Price (LCU/tonne),2000,2000,7021,Annual value,LCU,1775.000000,A
95,'340,Honduras,486,'01312,Bananas,5530,Producer Price (LCU/tonne),2001,2001,7021,Annual value,LCU,1997.000000,A
95,'340,Honduras,486,'01312,Bananas,5530,Producer Price (LCU/tonne),2002,2002,7021,Annual value,LCU,2645.000000,A
95,'340,Honduras,486,'01312,Bananas,5530,Producer Price (LCU/tonne),2003,2003,7021,Annual value,LCU,2906.000000,A
95,'340,Honduras,486,'01312,Bananas,5530,Producer Price (LCU/tonne),2004,2004,7021,Annual value,LCU,3129.000000,A
95,'340,Honduras,486,'01312,Bananas,5530,Producer Price (LCU/tonne),2005,2005,7021,Annual value,LCU,3450.000000,A
95,'340,Honduras,486,'01312,Bananas,5530,Producer Price (LCU/tonne),2006,2006,7021,Annual value,LCU,3824.000000,A
95,'340,Honduras,486,'01312,Bananas,5530,Producer Price (LCU/tonne),2007,2007,7021,Annual value,LCU,4400.000000,A
95,'340,Honduras,486,'01312,Bananas,5530,Producer Price (LCU/tonne),2008,2008,7021,Annual value,LCU,4950.000000,A
95,'340,Honduras,486,'01312,Bananas,5530,Producer Price (LCU/tonne),2022,2022,7021,Annual value,LCU,12007.700000,A
95,'340,Honduras,486,'01312,Bananas,5530,Producer Price (LCU/tonne),2023,2023,7021,Annual value,LCU,12273.200000,A
95,'340,Honduras,486,'01312,Bananas,5530,Producer Price (LCU/tonne),2024,2024,7021,Annual value,LCU,12367.000000,A
95,'340,Honduras,486,'01312,Bananas,5530,Producer Price (LCU/tonne),2024,2024,7001,January,LCU,12294.400000,A
95,'340,Honduras,486,'01312,Bananas,5530,Producer Price (LCU/tonne),2024,2024,7002,February,LCU,12297.800000,A
95,'340,Honduras,486,'01312,Bananas,5530,Producer Price (LCU/tonne),2024,2024,7003,March,LCU,12310.100000,A
95,'340,Honduras,486,'01312,Bananas,5530,Producer Price (LCU/tonne),2024,2024,7004,April,LCU,12306.900000,A
95,'340,Honduras,486,'01312,Bananas,5530,Producer Price (LCU/tonne),2024,2024,7005,May,LCU,12319.300000,A
95,'340,Honduras,486,'01312,Bananas,5530,Producer Price (LCU/tonne),2024,2024,7006,June,LCU,12326.500000,A
95,'340,Honduras,486,'01312,Bananas,5530,Producer Price (LCU/tonne),2024,2024,7007,July,LCU,12345.100000,A
95,'340,Honduras,486,'01312,Bananas,5530,Producer Price (LCU/tonne),2024,2024,7008,August,LCU,12350.500000,A
95,'340,Honduras,486,'01312,Bananas,5530,Producer Price (LCU/tonne),2024,2024,7009,September,LCU,12362.300000,A
95,'340,Honduras,486,'01312,Bananas,5530,Producer Price (LCU/tonne),2024,2024,7010,October,LCU,12416.700000,A
95,'340,Honduras,486,'01312,Bananas,5530,Producer Price (LCU/tonne),2024,2024,7011,November,LCU,12477.800000,A
95,'340,Honduras,486,'01312,Bananas,5530,Producer Price (LCU/tonne),2024,2024,7012,December,LCU,12599.800000,A
95,'340,Honduras,486,'01312,Bananas,5530,Producer Price (LCU/tonne),2025,2025,7001,January,LCU,12696.600000,A
95,'340,Honduras,486,'01312,Bananas,5531,Producer Price (SLC/tonne),1991,1991,7021,Annual value,SLC,347.000000,A
95,'340,Honduras,486,'01312,Bananas,5531,Producer Price (SLC/tonne),1992,1992,7021,Annual value,SLC,489.000000,A
95,'340,Honduras,486,'01312,Bananas,5531,Producer Price (SLC/tonne),1993,1993,7021,Annual value,SLC,687.000000,A
95,'340,Honduras,486,'01312,Bananas,5531,Producer Price (SLC/tonne),1994,1994,7021,Annual value,SLC,967.000000,A
95,'340,Honduras,486,'01312,Bananas,5531,Producer Price (SLC/tonne),1995,1995,7021,Annual value,SLC,1124.000000,A
95,'340,Honduras,486,'01312,Bananas,5531,Producer Price (SLC/tonne),1996,1996,7021,Annual value,SLC,1433.000000,A
95,'340,Honduras,486,'01312,Bananas,5531,Producer Price (SLC/tonne),1997,1997,7021,Annual value,SLC,1410.000000,A
95,'340,Honduras,486,'01312,Bananas,5531,Producer Price (SLC/tonne),1998,1998,7021,Annual value,SLC,1410.000000,A
95,'340,Honduras,486,'01312,Bananas,5531,Producer Price (SLC/tonne),1999,1999,7021,Annual value,SLC,1411.000000,A
95,'340,Honduras,486,'01312,Bananas,5531,Producer Price (SLC/tonne),2000,2000,7021,Annual value,SLC,1775.000000,A
95,'340,Honduras,486,'01312,Bananas,5531,Producer Price (SLC/tonne),2001,2001,7021,Annual value,SLC,1997.000000,A
95,'340,Honduras,486,'01312,Bananas,5531,Producer Price (SLC/tonne),2002,2002,7021,Annual value,SLC,2645.000000,A
95,'340,Honduras,486,'01312,Bananas,5531,Producer Price (SLC/tonne),2003,2003,7021,Annual value,SLC,2906.000000,A
95,'340,Honduras,486,'01312,Bananas,5531,Producer Price (SLC/tonne),2004,2004,7021,Annual value,SLC,3129.000000,A
95,'340,Honduras,486,'01312,Bananas,5531,Producer Price (SLC/tonne),2005,2005,7021,Annual value,SLC,3450.000000,A
95,'340,Honduras,486,'01312,Bananas,5531,Producer Price (SLC/tonne),2006,2006,7021,Annual value,SLC,3824.000000,A
95,'340,Honduras,486,'01312,Bananas,5531,Producer Price (SLC/tonne),2007,2007,7021,Annual value,SLC,4400.000000,A
95,'340,Honduras,486,'01312,Bananas,5531,Producer Price (SLC/tonne),2008,2008,7021,Annual value,SLC,4950.000000,A
95,'340,Honduras,486,'01312,Bananas,5531,Producer Price (SLC/tonne),2022,2022,7021,Annual value,SLC,12007.700000,A
95,'340,Honduras,486,'01312,Bananas,5531,Producer Price (SLC/tonne),2023,2023,7021,Annual value,SLC,12273.200000,A
95,'340,Honduras,486,'01312,Bananas,5531,Producer Price (SLC/tonne),2024,2024,7021,Annual value,SLC,12367.000000,A
95,'340,Honduras,486,'01312,Bananas,5532,Producer Price (USD/tonne),1991,1991,7021,Annual value,USD,65.300000,A
95,'340,Honduras,486,'01312,Bananas,5532,Producer Price (USD/tonne),1992,1992,7021,Annual value,USD,88.900000,A
95,'340,Honduras,486,'01312,Bananas,5532,Producer Price (USD/tonne),1993,1993,7021,Annual value,USD,106.200000,A
95,'340,Honduras,486,'01312,Bananas,5532,Producer Price (USD/tonne),1994,1994,7021,Annual value,USD,115.000000,A
95,'340,Honduras,486,'01312,Bananas,5532,Producer Price (USD/tonne),1995,1995,7021,Annual value,USD,118.700000,A
95,'340,Honduras,486,'01312,Bananas,5532,Producer Price (USD/tonne),1996,1996,7021,Annual value,USD,122.400000,A
95,'340,Honduras,486,'01312,Bananas,5532,Producer Price (USD/tonne),1997,1997,7021,Annual value,USD,108.400000,A
95,'340,Honduras,486,'01312,Bananas,5532,Producer Price (USD/tonne),1998,1998,7021,Annual value,USD,105.300000,A
95,'340,Honduras,486,'01312,Bananas,5532,Producer Price (USD/tonne),1999,1999,7021,Annual value,USD,99.300000,A
95,'340,Honduras,486,'01312,Bananas,5532,Producer Price (USD/tonne),2000,2000,7021,Annual value,USD,119.600000,A
95,'340,Honduras,486,'01312,Bananas,5532,Producer Price (USD/tonne),2001,2001,7021,Annual value,USD,129.100000,A
95,'340,Honduras,486,'01312,Bananas,5532,Producer Price (USD/tonne),2002,2002,7021,Annual value,USD,161.000000,A
95,'340,Honduras,486,'01312,Bananas,5532,Producer Price (USD/tonne),2003,2003,7021,Annual value,USD,167.500000,A
95,'340,Honduras,486,'01312,Bananas,5532,Producer Price (USD/tonne),2004,2004,7021,Annual value,USD,171.900000,A
95,'340,Honduras,486,'01312,Bananas,5532,Producer Price (USD/tonne),2005,2005,7021,Annual value,USD,183.200000,A
95,'340,Honduras,486,'01312,Bananas,5532,Producer Price (USD/tonne),2006,2006,7021,Annual value,USD,202.400000,A
95,'340,Honduras,486,'01312,Bananas,5532,Producer Price (USD/tonne),2007,2007,7021,Annual value,USD,232.900000,A
95,'340,Honduras,486,'01312,Bananas,5532,Producer Price (USD/tonne),2008,2008,7021,Annual value,USD,261.900000,A
95,'340,Honduras,486,'01312,Bananas,5532,Producer Price (USD/tonne),2022,2022,7021,Annual value,USD,490.400000,A
95,'340,Honduras,486,'01312,Bananas,5532,Producer Price (USD/tonne),2023,2023,7021,Annual value,USD,498.900000,A
95,'340,Honduras,486,'01312,Bananas,5532,Producer Price (USD/tonne),2024,2024,7021,Annual value,USD,498.700000,A
95,'340,Honduras,486,'01312,Bananas,5539,Producer Price Index (2014-2016 = 100),1991,1991,7021,Annual value,,4.740000,E
95,'340,Honduras,486,'01312,Bananas,5539,Producer Price Index (2014-2016 = 100),1992,1992,7021,Annual value,,6.680000,E
95,'340,Honduras,486,'01312,Bananas,5539,Producer Price Index (2014-2016 = 100),1993,1993,7021,Annual value,,9.390000,E
95,'340,Honduras,486,'01312,Bananas,5539,Producer Price Index (2014-2016 = 100),1994,1994,7021,Annual value,,13.210000,E
95,'340,Honduras,486,'01312,Bananas,5539,Producer Price Index (2014-2016 = 100),1995,1995,7021,Annual value,,15.360000,E
95,'340,Honduras,486,'01312,Bananas,5539,Producer Price Index (2014-2016 = 100),1996,1996,7021,Annual value,,19.580000,E
95,'340,Honduras,486,'01312,Bananas,5539,Producer Price Index (2014-2016 = 100),1997,1997,7021,Annual value,,19.270000,E
95,'340,Honduras,486,'01312,Bananas,5539,Producer Price Index (2014-2016 = 100),1998,1998,7021,Annual value,,19.270000,E
95,'340,Honduras,486,'01312,Bananas,5539,Producer Price Index (2014-2016 = 100),1999,1999,7021,Annual value,,19.280000,E
95,'340,Honduras,486,'01312,Bananas,5539,Producer Price Index (2014-2016 = 100),2000,2000,7021,Annual value,,24.250000,E
95,'340,Honduras,486,'01312,Bananas,5539,Producer Price Index (2014-2016 = 100),2001,2001,7021,Annual value,,27.290000,E
95,'340,Honduras,486,'01312,Bananas,5539,Producer Price Index (2014-2016 = 100),2002,2002,7021,Annual value,,36.140000,E
95,'340,Honduras,486,'01312,Bananas,5539,Producer Price Index (2014-2016 = 100),2003,2003,7021,Annual value,,39.710000,E
95,'340,Honduras,486,'01312,Bananas,5539,Producer Price Index (2014-2016 = 100),2004,2004,7021,Annual value,,42.750000,E
95,'340,Honduras,486,'01312,Bananas,5539,Producer Price Index (2014-2016 = 100),2005,2005,7021,Annual value,,47.140000,E
95,'340,Honduras,486,'01312,Bananas,5539,Producer Price Index (2014-2016 = 100),2006,2006,7021,Annual value,,52.250000,E
95,'340,Honduras,486,'01312,Bananas,5539,Producer Price Index (2014-2016 = 100),2007,2007,7021,Annual value,,60.120000,E
95,'340,Honduras,486,'01312,Bananas,5539,Producer Price Index (2014-2016 = 100),2008,2008,7021,Annual value,,67.630000,E
95,'340,Honduras,486,'01312,Bananas,5539,Producer Price Index (2014-2016 = 100),2009,2009,7021,Annual value,,75.030000,E
95,'340,Honduras,486,'01312,Bananas,5539,Producer Price Index (2014-2016 = 100),2010,2010,7021,Annual value,,81.860000,E
95,'340,Honduras,486,'01312,Bananas,5539,Producer Price Index (2014-2016 = 100),2011,2011,7021,Annual value,,79.710000,E
95,'340,Honduras,486,'01312,Bananas,5539,Producer Price Index (2014-2016 = 100),2012,2012,7021,Annual value,,84.780000,E
95,'340,Honduras,486,'01312,Bananas,5539,Producer Price Index (2014-2016 = 100),2013,2013,7021,Annual value,,89.860000,E
95,'340,Honduras,486,'01312,Bananas,5539,Producer Price Index (2014-2016 = 100),2014,2014,7021,Annual value,,94.930000,E
95,'340,Honduras,486,'01312,Bananas,5539,Producer Price Index (2014-2016 = 100),2015,2015,7021,Annual value,,100.000000,E
95,'340,Honduras,486,'01312,Bananas,5539,Producer Price Index (2014-2016 = 100),2016,2016,7021,Annual value,,105.070000,E
95,'340,Honduras,486,'01312,Bananas,5539,Producer Price Index (2014-2016 = 100),2017,2017,7021,Annual value,,110.140000,E
95,'340,Honduras,486,'01312,Bananas,5539,Producer Price Index (2014-2016 = 100),2018,2018,7021,Annual value,,115.220000,E
95,'340,Honduras,486,'01312,Bananas,5539,Producer Price Index (2014-2016 = 100),2019,2019,7021,Annual value,,120.290000,E
95,'340,Honduras,486,'01312,Bananas,5539,Producer Price Index (2014-2016 = 100),2020,2020,7021,Annual value,,134.220000,E
95,'340,Honduras,486,'01312,Bananas,5539,Producer Price Index (2014-2016 = 100),2021,2021,7021,Annual value,,150.080000,E
95,'340,Honduras,486,'01312,Bananas,5539,Producer Price Index (2014-2016 = 100),2022,2022,7021,Annual value,,164.070000,E
95,'340,Honduras,486,'01312,Bananas,5539,Producer Price Index (2014-2016 = 100),2023,2023,7021,Annual value,,167.700000,E
95,'340,Honduras,486,'01312,Bananas,5539,Producer Price Index (2014-2016 = 100),2024,2024,7021,Annual value,,168.980000,E
95,'340,Honduras,486,'01312,Bananas,5539,Producer Price Index (2014-2016 = 100),2025,2025,7021,Annual value,,170.260000,E
95,'340,Honduras,176,'01701,"Beans, dry",5530,Producer Price (LCU/tonne),1991,1991,7021,Annual value,LCU,2535.000000,A
95,'340,Honduras,176,'01701,"Beans, dry",5530,Producer Price (LCU/tonne),1992,1992,7021,Annual value,LCU,1543.000000,A
95,'340,Honduras,176,'01701,"Beans, dry",5530,Producer Price (LCU/tonne),1993,1993,7021,Annual value,LCU,4079.000000,A
95,'340,Honduras,176,'01701,"Beans, dry",5530,Producer Price (LCU/tonne),1994,1994,7021,Annual value,LCU,4829.000000,A
95,'340,Honduras,176,'01701,"Beans, dry",5530,Producer Price (LCU/tonne),1995,1995,7021,Annual value,LCU,3527.000000,A
95,'340,Honduras,176,'01701,"Beans, dry",5530,Producer Price (LCU/tonne),1996,1996,7021,Annual value,LCU,10249.000000,A
95,'340,Honduras,176,'01701,"Beans, dry",5530,Producer Price (LCU/tonne),1997,1997,7021,Annual value,LCU,9792.000000,A
95,'340,Honduras,176,'01701,"Beans, dry",5530,Producer Price (LCU/tonne),1998,1998,7021,Annual value,LCU,8389.000000,A
95,'340,Honduras,176,'01701,"Beans, dry",5530,Producer Price (LCU/tonne),1999,1999,7021,Annual value,LCU,9815.000000,A
95,'340,Honduras,176,'01701,"Beans, dry",5530,Producer Price (LCU/tonne),2000,2000,7021,Annual value,LCU,10987.000000,A
95,'340,Honduras,176,'01701,"Beans, dry",5530,Producer Price (LCU/tonne),2001,2001,7021,Annual value,LCU,12299.000000,A
95,'340,Honduras,176,'01701,"Beans, dry",5530,Producer Price (LCU/tonne),2002,2002,7021,Annual value,LCU,7422.000000,A
95,'340,Honduras,176,'01701,"Beans, dry",5530,Producer Price (LCU/tonne),2003,2003,7021,Annual value,LCU,6680.000000,A
95,'340,Honduras,176,'01701,"Beans, dry",5530,Producer Price (LCU/tonne),2004,2004,7021,Annual value,LCU,10560.000000,A
95,'340,Honduras,176,'01701,"Beans, dry",5530,Producer Price (LCU/tonne),2005,2005,7021,Annual value,LCU,10120.000000,A
95,'340,Honduras,176,'01701,"Beans, dry",5530,Producer Price (LCU/tonne),2006,2006,7021,Annual value,LCU,9108.000000,A
95,'340,Honduras,176,'01701,"Beans, dry",5530,Producer Price (LCU/tonne),2007,2007,7021,Annual value,LCU,17424.000000,A
95,'340,Honduras,176,'01701,"Beans, dry",5530,Producer Price (LCU/tonne),2008,2008,7021,Annual value,LCU,17612.000000,A
95,'340,Honduras,176,'01701,"Beans, dry",5530,Producer Price (LCU/tonne),2022,2022,7021,Annual value,LCU,35279.800000,A
95,'340,Honduras,176,'01701,"Beans, dry",5530,Producer Price (LCU/tonne),2023,2023,7021,Annual value,LCU,44130.400000,A
95,'340,Honduras,176,'01701,"Beans, dry",5530,Producer Price (LCU/tonne),2024,2024,7021,Annual value,LCU,40558.200000,A
95,'340,Honduras,176,'01701,"Beans, dry",5530,Producer Price (LCU/tonne),2024,2024,7001,January,LCU,41808.800000,A
95,'340,Honduras,176,'01701,"Beans, dry",5530,Producer Price (LCU/tonne),2024,2024,7002,February,LCU,40670.100000,A
95,'340,Honduras,176,'01701,"Beans, dry",5530,Producer Price (LCU/tonne),2024,2024,7003,March,LCU,41637.400000,A
95,'340,Honduras,176,'01701,"Beans, dry",5530,Producer Price (LCU/tonne),2024,2024,7004,April,LCU,44906.100000,A
95,'340,Honduras,176,'01701,"Beans, dry",5530,Producer Price (LCU/tonne),2024,2024,7005,May,LCU,44509.000000,A
95,'340,Honduras,176,'01701,"Beans, dry",5530,Producer Price (LCU/tonne),2024,2024,7006,June,LCU,43257.000000,A
95,'340,Honduras,176,'01701,"Beans, dry",5530,Producer Price (LCU/tonne),2024,2024,7007,July,LCU,43622.800000,A
95,'340,Honduras,176,'01701,"Beans, dry",5530,Producer Price (LCU/tonne),2024,2024,7008,August,LCU,43452.300000,A
95,'340,Honduras,176,'01701,"Beans, dry",5530,Producer Price (LCU/tonne),2024,2024,7009,September,LCU,39084.400000,A
95,'340,Honduras,176,'01701,"Beans, dry",5530,Producer Price (LCU/tonne),2024,2024,7010,October,LCU,34810.500000,A
95,'340,Honduras,176,'01701,"Beans, dry",5530,Producer Price (LCU/tonne),2024,2024,7011,November,LCU,33667.700000,A
95,'340,Honduras,176,'01701,"Beans, dry",5530,Producer Price (LCU/tonne),2024,2024,7012,December,LCU,35272.200000,A
95,'340,Honduras,176,'01701,"Beans, dry",5530,Producer Price (LCU/tonne),2025,2025,7001,January,LCU,39163.500000,A
95,'340,Honduras,176,'01701,"Beans, dry",5531,Producer Price (SLC/tonne),1991,1991,7021,Annual value,SLC,2535.000000,A
95,'340,Honduras,176,'01701,"Beans, dry",5531,Producer Price (SLC/tonne),1992,1992,7021,Annual value,SLC,1543.000000,A
95,'340,Honduras,176,'01701,"Beans, dry",5531,Producer Price (SLC/tonne),1993,1993,7021,Annual value,SLC,4079.000000,A
95,'340,Honduras,176,'01701,"Beans, dry",5531,Producer Price (SLC/tonne),1994,1994,7021,Annual value,SLC,4829.000000,A
95,'340,Honduras,176,'01701,"Beans, dry",5531,Producer Price (SLC/tonne),1995,1995,7021,Annual value,SLC,3527.000000,A
95,'340,Honduras,176,'01701,"Beans, dry",5531,Producer Price (SLC/tonne),1996,1996,7021,Annual value,SLC,10249.000000,A
95,'340,Honduras,176,'01701,"Beans, dry",5531,Producer Price (SLC/tonne),1997,1997,7021,Annual value,SLC,9792.000000,A
95,'340,Honduras,176,'01701,"Beans, dry",5531,Producer Price (SLC/tonne),1998,1998,7021,Annual value,SLC,8389.000000,A
95,'340,Honduras,176,'01701,"Beans, dry",5531,Producer Price (SLC/tonne),1999,1999,7021,Annual value,SLC,9815.000000,A
95,'340,Honduras,176,'01701,"Beans, dry",5531,Producer Price (SLC/tonne),2000,2000,7021,Annual value,SLC,10987.000000,A
95,'340,Honduras,176,'01701,"Beans, dry",5531,Producer Price (SLC/tonne),2001,2001,7021,Annual value,SLC,12299.000000,A
95,'340,Honduras,176,'01701,"Beans, dry",5531,Producer Price (SLC/tonne),2002,2002,7021,Annual value,SLC,7422.000000,A
95,'340,Honduras,176,'01701,"Beans, dry",5531,Producer Price (SLC/tonne),2003,2003,7021,Annual value,SLC,6680.000000,A
95,'340,Honduras,176,'01701,"Beans, dry",5531,Producer Price (SLC/tonne),2004,2004,7021,Annual value,SLC,10560.000000,A
95,'340,Honduras,176,'01701,"Beans, dry",5531,Producer Price (SLC/tonne),2005,2005,7021,Annual value,SLC,10120.000000,A
95,'340,Honduras,176,'01701,"Beans, dry",5531,Producer Price (SLC/tonne),2006,2006,7021,Annual value,SLC,9108.000000,A
95,'340,Honduras,176,'01701,"Beans, dry",5531,Producer Price (SLC/tonne),2007,2007,7021,Annual value,SLC,17424.000000,A
95,'340,Honduras,176,'01701,"Beans, dry",5531,Producer Price (SLC/tonne),2008,2008,7021,Annual value,SLC,17612.000000,A
95,'340,Honduras,176,'01701,"Beans, dry",5531,Producer Price (SLC/tonne),2022,2022,7021,Annual value,SLC,35279.800000,A
95,'340,Honduras,176,'01701,"Beans, dry",5531,Producer Price (SLC/tonne),2023,2023,7021,Annual value,SLC,44130.400000,A
95,'340,Honduras,176,'01701,"Beans, dry",5531,Producer Price (SLC/tonne),2024,2024,7021,Annual value,SLC,40558.200000,A
95,'340,Honduras,176,'01701,"Beans, dry",5532,Producer Price (USD/tonne),1991,1991,7021,Annual value,USD,476.800000,A
95,'340,Honduras,176,'01701,"Beans, dry",5532,Producer Price (USD/tonne),1992,1992,7021,Annual value,USD,280.700000,A
95,'340,Honduras,176,'01701,"Beans, dry",5532,Producer Price (USD/tonne),1993,1993,7021,Annual value,USD,630.300000,A
95,'340,Honduras,176,'01701,"Beans, dry",5532,Producer Price (USD/tonne),1994,1994,7021,Annual value,USD,574.300000,A
95,'340,Honduras,176,'01701,"Beans, dry",5532,Producer Price (USD/tonne),1995,1995,7021,Annual value,USD,372.400000,A
95,'340,Honduras,176,'01701,"Beans, dry",5532,Producer Price (USD/tonne),1996,1996,7021,Annual value,USD,875.600000,A
95,'340,Honduras,176,'01701,"Beans, dry",5532,Producer Price (USD/tonne),1997,1997,7021,Annual value,USD,753.000000,A
95,'340,Honduras,176,'01701,"Beans, dry",5532,Producer Price (USD/tonne),1998,1998,7021,Annual value,USD,626.700000,A
95,'340,Honduras,176,'01701,"Beans, dry",5532,Producer Price (USD/tonne),1999,1999,7021,Annual value,USD,690.600000,A
95,'340,Honduras,176,'01701,"Beans, dry",5532,Producer Price (USD/tonne),2000,2000,7021,Annual value,USD,740.400000,A
95,'340,Honduras,176,'01701,"Beans, dry",5532,Producer Price (USD/tonne),2001,2001,7021,Annual value,USD,794.800000,A
95,'340,Honduras,176,'01701,"Beans, dry",5532,Producer Price (USD/tonne),2002,2002,7021,Annual value,USD,451.600000,A
95,'340,Honduras,176,'01701,"Beans, dry",5532,Producer Price (USD/tonne),2003,2003,7021,Annual value,USD,385.100000,A
95,'340,Honduras,176,'01701,"Beans, dry",5532,Producer Price (USD/tonne),2004,2004,7021,Annual value,USD,580.000000,A
95,'340,Honduras,176,'01701,"Beans, dry",5532,Producer Price (USD/tonne),2005,2005,7021,Annual value,USD,537.400000,A
95,'340,Honduras,176,'01701,"Beans, dry",5532,Producer Price (USD/tonne),2006,2006,7021,Annual value,USD,482.000000,A
95,'340,Honduras,176,'01701,"Beans, dry",5532,Producer Price (USD/tonne),2007,2007,7021,Annual value,USD,922.100000,A
95,'340,Honduras,176,'01701,"Beans, dry",5532,Producer Price (USD/tonne),2008,2008,7021,Annual value,USD,931.700000,A
95,'340,Honduras,176,'01701,"Beans, dry",5532,Producer Price (USD/tonne),2022,2022,7021,Annual value,USD,1440.800000,A
95,'340,Honduras,176,'01701,"Beans, dry",5532,Producer Price (USD/tonne),2023,2023,7021,Annual value,USD,1793.800000,A
95,'340,Honduras,176,'01701,"Beans, dry",5532,Producer Price (USD/tonne),2024,2024,7021,Annual value,USD,1635.500000,A
95,'340,Honduras,176,'01701,"Beans, dry",5539,Producer Price Index (2014-2016 = 100),1991,1991,7021,Annual value,,15.610000,E
95,'340,Honduras,176,'01701,"Beans, dry",5539,Producer Price Index (2014-2016 = 100),1992,1992,7021,Annual value,,9.500000,E
95,'340,Honduras,176,'01701,"Beans, dry",5539,Producer Price Index (2014-2016 = 100),1993,1993,7021,Annual value,,25.120000,E
95,'340,Honduras,176,'01701,"Beans, dry",5539,Producer Price Index (2014-2016 = 100),1994,1994,7021,Annual value,,29.740000,E
95,'340,Honduras,176,'01701,"Beans, dry",5539,Producer Price Index (2014-2016 = 100),1995,1995,7021,Annual value,,21.720000,E
95,'340,Honduras,176,'01701,"Beans, dry",5539,Producer Price Index (2014-2016 = 100),1996,1996,7021,Annual value,,63.120000,E
95,'340,Honduras,176,'01701,"Beans, dry",5539,Producer Price Index (2014-2016 = 100),1997,1997,7021,Annual value,,60.310000,E
95,'340,Honduras,176,'01701,"Beans, dry",5539,Producer Price Index (2014-2016 = 100),1998,1998,7021,Annual value,,51.670000,E
95,'340,Honduras,176,'01701,"Beans, dry",5539,Producer Price Index (2014-2016 = 100),1999,1999,7021,Annual value,,60.450000,E
95,'340,Honduras,176,'01701,"Beans, dry",5539,Producer Price Index (2014-2016 = 100),2000,2000,7021,Annual value,,67.670000,E
95,'340,Honduras,176,'01701,"Beans, dry",5539,Producer Price Index (2014-2016 = 100),2001,2001,7021,Annual value,,75.750000,E
95,'340,Honduras,176,'01701,"Beans, dry",5539,Producer Price Index (2014-2016 = 100),2002,2002,7021,Annual value,,45.710000,E
95,'340,Honduras,176,'01701,"Beans, dry",5539,Producer Price Index (2014-2016 = 100),2003,2003,7021,Annual value,,41.140000,E
95,'340,Honduras,176,'01701,"Beans, dry",5539,Producer Price Index (2014-2016 = 100),2004,2004,7021,Annual value,,65.040000,E
95,'340,Honduras,176,'01701,"Beans, dry",5539,Producer Price Index (2014-2016 = 100),2005,2005,7021,Annual value,,62.330000,E
95,'340,Honduras,176,'01701,"Beans, dry",5539,Producer Price Index (2014-2016 = 100),2006,2006,7021,Annual value,,56.100000,E
95,'340,Honduras,176,'01701,"Beans, dry",5539,Producer Price Index (2014-2016 = 100),2007,2007,7021,Annual value,,107.310000,E
95,'340,Honduras,176,'01701,"Beans, dry",5539,Producer Price Index (2014-2016 = 100),2008,2008,7021,Annual value,,108.470000,E
95,'340,Honduras,176,'01701,"Beans, dry",5539,Producer Price Index (2014-2016 = 100),2009,2009,7021,Annual value,,105.830000,E
95,'340,Honduras,176,'01701,"Beans, dry",5539,Producer Price Index (2014-2016 = 100),2010,2010,7021,Annual value,,99.670000,E
95,'340,Honduras,176,'01701,"Beans, dry",5539,Producer Price Index (2014-2016 = 100),2011,2011,7021,Annual value,,93.890000,E
95,'340,Honduras,176,'01701,"Beans, dry",5539,Producer Price Index (2014-2016 = 100),2012,2012,7021,Annual value,,95.420000,E
95,'340,Honduras,176,'01701,"Beans, dry",5539,Producer Price Index (2014-2016 = 100),2013,2013,7021,Annual value,,96.940000,E
95,'340,Honduras,176,'01701,"Beans, dry",5539,Producer Price Index (2014-2016 = 100),2014,2014,7021,Annual value,,98.470000,E
95,'340,Honduras,176,'01701,"Beans, dry",5539,Producer Price Index (2014-2016 = 100),2015,2015,7021,Annual value,,100.000000,E
95,'340,Honduras,176,'01701,"Beans, dry",5539,Producer Price Index (2014-2016 = 100),2016,2016,7021,Annual value,,101.530000,E
95,'340,Honduras,176,'01701,"Beans, dry",5539,Producer Price Index (2014-2016 = 100),2017,2017,7021,Annual value,,103.060000,E
95,'340,Honduras,176,'01701,"Beans, dry",5539,Producer Price Index (2014-2016 = 100),2018,2018,7021,Annual value,,104.580000,E
95,'340,Honduras,176,'01701,"Beans, dry",5539,Producer Price Index (2014-2016 = 100),2019,2019,7021,Annual value,,106.110000,E
95,'340,Honduras,176,'01701,"Beans, dry",5539,Producer Price Index (2014-2016 = 100),2020,2020,7021,Annual value,,136.260000,E
95,'340,Honduras,176,'01701,"Beans, dry",5539,Producer Price Index (2014-2016 = 100),2021,2021,7021,Annual value,,171.800000,E
95,'340,Honduras,176,'01701,"Beans, dry",5539,Producer Price Index (2014-2016 = 100),2022,2022,7021,Annual value,,217.290000,E
95,'340,Honduras,176,'01701,"Beans, dry",5539,Producer Price Index (2014-2016 = 100),2023,2023,7021,Annual value,,271.800000,E
95,'340,Honduras,176,'01701,"Beans, dry",5539,Producer Price Index (2014-2016 = 100),2024,2024,7021,Annual value,,249.800000,E
95,'340,Honduras,176,'01701,"Beans, dry",5539,Producer Price Index (2014-2016 = 100),2025,2025,7021,Annual value,,313.930000,E
95,'340,Honduras,358,'01212,Cabbages,5530,Producer Price (LCU/tonne),1991,1991,7021,Annual value,LCU,405.000000,A
95,'340,Honduras,358,'01212,Cabbages,5530,Producer Price (LCU/tonne),1992,1992,7021,Annual value,LCU,567.000000,A
95,'340,Honduras,358,'01212,Cabbages,5530,Producer Price (LCU/tonne),1993,1993,7021,Annual value,LCU,794.000000,A
95,'340,Honduras,358,'01212,Cabbages,5530,Producer Price (LCU/tonne),1994,1994,7021,Annual value,LCU,1096.000000,A
95,'340,Honduras,358,'01212,Cabbages,5530,Producer Price (LCU/tonne),1995,1995,7021,Annual value,LCU,1310.000000,A
95,'340,Honduras,358,'01212,Cabbages,5530,Producer Price (LCU/tonne),1996,1996,7021,Annual value,LCU,1565.000000,A
95,'340,Honduras,358,'01212,Cabbages,5530,Producer Price (LCU/tonne),1997,1997,7021,Annual value,LCU,1871.000000,A
95,'340,Honduras,358,'01212,Cabbages,5530,Producer Price (LCU/tonne),1998,1998,7021,Annual value,LCU,2038.000000,A
95,'340,Honduras,358,'01212,Cabbages,5530,Producer Price (LCU/tonne),1999,1999,7021,Annual value,LCU,2220.000000,A
95,'340,Honduras,358,'01212,Cabbages,5530,Producer Price (LCU/tonne),2000,2000,7021,Annual value,LCU,2419.000000,A
95,'340,Honduras,358,'01212,Cabbages,5530,Producer Price (LCU/tonne),2001,2001,7021,Annual value,LCU,2635.000000,A
95,'340,Honduras,358,'01212,Cabbages,5530,Producer Price (LCU/tonne),2002,2002,7021,Annual value,LCU,2714.000000,A
95,'340,Honduras,358,'01212,Cabbages,5530,Producer Price (LCU/tonne),2003,2003,7021,Annual value,LCU,2793.000000,A
95,'340,Honduras,358,'01212,Cabbages,5530,Producer Price (LCU/tonne),2004,2004,7021,Annual value,LCU,2872.000000,A
95,'340,Honduras,358,'01212,Cabbages,5530,Producer Price (LCU/tonne),2005,2005,7021,Annual value,LCU,2951.000000,A
95,'340,Honduras,358,'01212,Cabbages,5530,Producer Price (LCU/tonne),2006,2006,7021,Annual value,LCU,3194.000000,A
95,'340,Honduras,358,'01212,Cabbages,5530,Producer Price (LCU/tonne),2007,2007,7021,Annual value,LCU,3300.000000,A
95,'340,Honduras,358,'01212,Cabbages,5530,Producer Price (LCU/tonne),2008,2008,7021,Annual value,LCU,3452.000000,A
95,'340,Honduras,358,'01212,Cabbages,5531,Producer Price (SLC/tonne),1991,1991,7021,Annual value,SLC,405.000000,A
95,'340,Honduras,358,'01212,Cabbages,5531,Producer Price (SLC/tonne),1992,1992,7021,Annual value,SLC,567.000000,A
95,'340,Honduras,358,'01212,Cabbages,5531,Producer Price (SLC/tonne),1993,1993,7021,Annual value,SLC,794.000000,A
95,'340,Honduras,358,'01212,Cabbages,5531,Producer Price (SLC/tonne),1994,1994,7021,Annual value,SLC,1096.000000,A
95,'340,Honduras,358,'01212,Cabbages,5531,Producer Price (SLC/tonne),1995,1995,7021,Annual value,SLC,1310.000000,A
95,'340,Honduras,358,'01212,Cabbages,5531,Producer Price (SLC/tonne),1996,1996,7021,Annual value,SLC,1565.000000,A
95,'340,Honduras,358,'01212,Cabbages,5531,Producer Price (SLC/tonne),1997,1997,7021,Annual value,SLC,1871.000000,A
95,'340,Honduras,358,'01212,Cabbages,5531,Producer Price (SLC/tonne),1998,1998,7021,Annual value,SLC,2038.000000,A
95,'340,Honduras,358,'01212,Cabbages,5531,Producer Price (SLC/tonne),1999,1999,7021,Annual value,SLC,2220.000000,A
95,'340,Honduras,358,'01212,Cabbages,5531,Producer Price (SLC/tonne),2000,2000,7021,Annual value,SLC,2419.000000,A
95,'340,Honduras,358,'01212,Cabbages,5531,Producer Price (SLC/tonne),2001,2001,7021,Annual value,SLC,2635.000000,A
95,'340,Honduras,358,'01212,Cabbages,5531,Producer Price (SLC/tonne),2002,2002,7021,Annual value,SLC,2714.000000,A
95,'340,Honduras,358,'01212,Cabbages,5531,Producer Price (SLC/tonne),2003,2003,7021,Annual value,SLC,2793.000000,A
95,'340,Honduras,358,'01212,Cabbages,5531,Producer Price (SLC/tonne),2004,2004,7021,Annual value,SLC,2872.000000,A
95,'340,Honduras,358,'01212,Cabbages,5531,Producer Price (SLC/tonne),2005,2005,7021,Annual value,SLC,2951.000000,A
95,'340,Honduras,358,'01212,Cabbages,5531,Producer Price (SLC/tonne),2006,2006,7021,Annual value,SLC,3194.000000,A
95,'340,Honduras,358,'01212,Cabbages,5531,Producer Price (SLC/tonne),2007,2007,7021,Annual value,SLC,3300.000000,A
95,'340,Honduras,358,'01212,Cabbages,5531,Producer Price (SLC/tonne),2008,2008,7021,Annual value,SLC,3452.000000,A
95,'340,Honduras,358,'01212,Cabbages,5532,Producer Price (USD/tonne),1991,1991,7021,Annual value,USD,76.200000,A
95,'340,Honduras,358,'01212,Cabbages,5532,Producer Price (USD/tonne),1992,1992,7021,Annual value,USD,103.100000,A
95,'340,Honduras,358,'01212,Cabbages,5532,Producer Price (USD/tonne),1993,1993,7021,Annual value,USD,122.700000,A
95,'340,Honduras,358,'01212,Cabbages,5532,Producer Price (USD/tonne),1994,1994,7021,Annual value,USD,130.300000,A
95,'340,Honduras,358,'01212,Cabbages,5532,Producer Price (USD/tonne),1995,1995,7021,Annual value,USD,138.300000,A
95,'340,Honduras,358,'01212,Cabbages,5532,Producer Price (USD/tonne),1996,1996,7021,Annual value,USD,133.700000,A
95,'340,Honduras,358,'01212,Cabbages,5532,Producer Price (USD/tonne),1997,1997,7021,Annual value,USD,143.900000,A
95,'340,Honduras,358,'01212,Cabbages,5532,Producer Price (USD/tonne),1998,1998,7021,Annual value,USD,152.300000,A
95,'340,Honduras,358,'01212,Cabbages,5532,Producer Price (USD/tonne),1999,1999,7021,Annual value,USD,156.200000,A
95,'340,Honduras,358,'01212,Cabbages,5532,Producer Price (USD/tonne),2000,2000,7021,Annual value,USD,163.000000,A
95,'340,Honduras,358,'01212,Cabbages,5532,Producer Price (USD/tonne),2001,2001,7021,Annual value,USD,170.300000,A
95,'340,Honduras,358,'01212,Cabbages,5532,Producer Price (USD/tonne),2002,2002,7021,Annual value,USD,165.200000,A
95,'340,Honduras,358,'01212,Cabbages,5532,Producer Price (USD/tonne),2003,2003,7021,Annual value,USD,161.000000,A
95,'340,Honduras,358,'01212,Cabbages,5532,Producer Price (USD/tonne),2004,2004,7021,Annual value,USD,157.700000,A
95,'340,Honduras,358,'01212,Cabbages,5532,Producer Price (USD/tonne),2005,2005,7021,Annual value,USD,156.700000,A
95,'340,Honduras,358,'01212,Cabbages,5532,Producer Price (USD/tonne),2006,2006,7021,Annual value,USD,169.000000,A
95,'340,Honduras,358,'01212,Cabbages,5532,Producer Price (USD/tonne),2007,2007,7021,Annual value,USD,174.600000,A
95,'340,Honduras,358,'01212,Cabbages,5532,Producer Price (USD/tonne),2008,2008,7021,Annual value,USD,182.600000,A
95,'340,Honduras,358,'01212,Cabbages,5539,Producer Price Index (2014-2016 = 100),1991,1991,7021,Annual value,,9.620000,E
95,'340,Honduras,358,'01212,Cabbages,5539,Producer Price Index (2014-2016 = 100),1992,1992,7021,Annual value,,13.470000,E
95,'340,Honduras,358,'01212,Cabbages,5539,Producer Price Index (2014-2016 = 100),1993,1993,7021,Annual value,,18.860000,E
95,'340,Honduras,358,'01212,Cabbages,5539,Producer Price Index (2014-2016 = 100),1994,1994,7021,Annual value,,26.030000,E
95,'340,Honduras,358,'01212,Cabbages,5539,Producer Price Index (2014-2016 = 100),1995,1995,7021,Annual value,,31.120000,E
95,'340,Honduras,358,'01212,Cabbages,5539,Producer Price Index (2014-2016 = 100),1996,1996,7021,Annual value,,37.180000,E
95,'340,Honduras,358,'01212,Cabbages,5539,Producer Price Index (2014-2016 = 100),1997,1997,7021,Annual value,,44.440000,E
95,'340,Honduras,358,'01212,Cabbages,5539,Producer Price Index (2014-2016 = 100),1998,1998,7021,Annual value,,48.410000,E
95,'340,Honduras,358,'01212,Cabbages,5539,Producer Price Index (2014-2016 = 100),1999,1999,7021,Annual value,,52.730000,E
95,'340,Honduras,358,'01212,Cabbages,5539,Producer Price Index (2014-2016 = 100),2000,2000,7021,Annual value,,57.460000,E
95,'340,Honduras,358,'01212,Cabbages,5539,Producer Price Index (2014-2016 = 100),2001,2001,7021,Annual value,,62.590000,E
95,'340,Honduras,358,'01212,Cabbages,5539,Producer Price Index (2014-2016 = 100),2002,2002,7021,Annual value,,64.470000,E
95,'340,Honduras,358,'01212,Cabbages,5539,Producer Price Index (2014-2016 = 100),2003,2003,7021,Annual value,,66.350000,E
95,'340,Honduras,358,'01212,Cabbages,5539,Producer Price Index (2014-2016 = 100),2004,2004,7021,Annual value,,68.220000,E
95,'340,Honduras,358,'01212,Cabbages,5539,Producer Price Index (2014-2016 = 100),2005,2005,7021,Annual value,,70.100000,E
95,'340,Honduras,358,'01212,Cabbages,5539,Producer Price Index (2014-2016 = 100),2006,2006,7021,Annual value,,75.870000,E
95,'340,Honduras,358,'01212,Cabbages,5539,Producer Price Index (2014-2016 = 100),2007,2007,7021,Annual value,,78.390000,E
95,'340,Honduras,358,'01212,Cabbages,5539,Producer Price Index (2014-2016 = 100),2008,2008,7021,Annual value,,82.000000,E
95,'340,Honduras,358,'01212,Cabbages,5539,Producer Price Index (2014-2016 = 100),2009,2009,7021,Annual value,,85.000000,E
95,'340,Honduras,358,'01212,Cabbages,5539,Producer Price Index (2014-2016 = 100),2010,2010,7021,Annual value,,86.240000,E
95,'340,Honduras,358,'01212,Cabbages,5539,Producer Price Index (2014-2016 = 100),2011,2011,7021,Annual value,,88.980000,E
95,'340,Honduras,358,'01212,Cabbages,5539,Producer Price Index (2014-2016 = 100),2012,2012,7021,Annual value,,91.740000,E
95,'340,Honduras,358,'01212,Cabbages,5539,Producer Price Index (2014-2016 = 100),2013,2013,7021,Annual value,,94.490000,E
95,'340,Honduras,358,'01212,Cabbages,5539,Producer Price Index (2014-2016 = 100),2014,2014,7021,Annual value,,97.250000,E
95,'340,Honduras,358,'01212,Cabbages,5539,Producer Price Index (2014-2016 = 100),2015,2015,7021,Annual value,,100.000000,E
95,'340,Honduras,358,'01212,Cabbages,5539,Producer Price Index (2014-2016 = 100),2016,2016,7021,Annual value,,102.750000,E
95,'340,Honduras,358,'01212,Cabbages,5539,Producer Price Index (2014-2016 = 100),2017,2017,7021,Annual value,,105.510000,E
95,'340,Honduras,358,'01212,Cabbages,5539,Producer Price Index (2014-2016 = 100),2018,2018,7021,Annual value,,108.260000,E
95,'340,Honduras,358,'01212,Cabbages,5539,Producer Price Index (2014-2016 = 100),2019,2019,7021,Annual value,,111.020000,E
95,'340,Honduras,358,'01212,Cabbages,5539,Producer Price Index (2014-2016 = 100),2020,2020,7021,Annual value,,113.910000,E
95,'340,Honduras,358,'01212,Cabbages,5539,Producer Price Index (2014-2016 = 100),2021,2021,7021,Annual value,,117.040000,E
95,'340,Honduras,358,'01212,Cabbages,5539,Producer Price Index (2014-2016 = 100),2022,2022,7021,Annual value,,119.350000,E
95,'340,Honduras,358,'01212,Cabbages,5539,Producer Price Index (2014-2016 = 100),2023,2023,7021,Annual value,,122.090000,E
95,'340,Honduras,358,'01212,Cabbages,5539,Producer Price Index (2014-2016 = 100),2024,2024,7021,Annual value,,124.820000,E
95,'340,Honduras,358,'01212,Cabbages,5539,Producer Price Index (2014-2016 = 100),2025,2025,7021,Annual value,,127.560000,E
95,'340,Honduras,568,'01229,Cantaloupes and other melons,5530,Producer Price (LCU/tonne),1991,1991,7021,Annual value,LCU,1044.000000,A
95,'340,Honduras,568,'01229,Cantaloupes and other melons,5530,Producer Price (LCU/tonne),1992,1992,7021,Annual value,LCU,1190.000000,A
95,'340,Honduras,568,'01229,Cantaloupes and other melons,5530,Producer Price (LCU/tonne),1993,1993,7021,Annual value,LCU,1268.000000,A
95,'340,Honduras,568,'01229,Cantaloupes and other melons,5530,Producer Price (LCU/tonne),1994,1994,7021,Annual value,LCU,1618.000000,A
95,'340,Honduras,568,'01229,Cantaloupes and other melons,5530,Producer Price (LCU/tonne),1995,1995,7021,Annual value,LCU,1821.000000,A
95,'340,Honduras,568,'01229,Cantaloupes and other melons,5530,Producer Price (LCU/tonne),1996,1996,7021,Annual value,LCU,2065.000000,A
95,'340,Honduras,568,'01229,Cantaloupes and other melons,5530,Producer Price (LCU/tonne),1997,1997,7021,Annual value,LCU,2049.000000,A
95,'340,Honduras,568,'01229,Cantaloupes and other melons,5530,Producer Price (LCU/tonne),1998,1998,7021,Annual value,LCU,2255.000000,A
95,'340,Honduras,568,'01229,Cantaloupes and other melons,5530,Producer Price (LCU/tonne),1999,1999,7021,Annual value,LCU,2482.000000,A
95,'340,Honduras,568,'01229,Cantaloupes and other melons,5530,Producer Price (LCU/tonne),2000,2000,7021,Annual value,LCU,2731.000000,A
95,'340,Honduras,568,'01229,Cantaloupes and other melons,5530,Producer Price (LCU/tonne),2001,2001,7021,Annual value,LCU,3006.000000,A
95,'340,Honduras,568,'01229,Cantaloupes and other melons,5530,Producer Price (LCU/tonne),2002,2002,7021,Annual value,LCU,3280.000000,A
95,'340,Honduras,568,'01229,Cantaloupes and other melons,5530,Producer Price (LCU/tonne),2003,2003,7021,Annual value,LCU,3320.000000,A
95,'340,Honduras,568,'01229,Cantaloupes and other melons,5530,Producer Price (LCU/tonne),2004,2004,7021,Annual value,LCU,3426.000000,A
95,'340,Honduras,568,'01229,Cantaloupes and other melons,5530,Producer Price (LCU/tonne),2005,2005,7021,Annual value,LCU,3452.000000,A
95,'340,Honduras,568,'01229,Cantaloupes and other melons,5530,Producer Price (LCU/tonne),2006,2006,7021,Annual value,LCU,3520.000000,A
95,'340,Honduras,568,'01229,Cantaloupes and other melons,5530,Producer Price (LCU/tonne),2007,2007,7021,Annual value,LCU,3630.000000,A
95,'340,Honduras,568,'01229,Cantaloupes and other melons,5530,Producer Price (LCU/tonne),2008,2008,7021,Annual value,LCU,3825.000000,A
95,'340,Honduras,568,'01229,Cantaloupes and other melons,5530,Producer Price (LCU/tonne),2022,2022,7021,Annual value,LCU,14580.000000,A
95,'340,Honduras,568,'01229,Cantaloupes and other melons,5530,Producer Price (LCU/tonne),2023,2023,7021,Annual value,LCU,13910.000000,A
95,'340,Honduras,568,'01229,Cantaloupes and other melons,5530,Producer Price (LCU/tonne),2024,2024,7021,Annual value,LCU,14670.000000,A
95,'340,Honduras,568,'01229,Cantaloupes and other melons,5530,Producer Price (LCU/tonne),2024,2024,7001,January,LCU,14240.000000,A
95,'340,Honduras,568,'01229,Cantaloupes and other melons,5530,Producer Price (LCU/tonne),2024,2024,7002,February,LCU,14490.000000,A
95,'340,Honduras,568,'01229,Cantaloupes and other melons,5530,Producer Price (LCU/tonne),2024,2024,7003,March,LCU,13180.000000,A
95,'340,Honduras,568,'01229,Cantaloupes and other melons,5530,Producer Price (LCU/tonne),2024,2024,7004,April,LCU,12950.000000,A
95,'340,Honduras,568,'01229,Cantaloupes and other melons,5530,Producer Price (LCU/tonne),2024,2024,7005,May,LCU,10470.000000,A
95,'340,Honduras,568,'01229,Cantaloupes and other melons,5530,Producer Price (LCU/tonne),2024,2024,7012,December,LCU,22710.000000,A
95,'340,Honduras,568,'01229,Cantaloupes and other melons,5530,Producer Price (LCU/tonne),2025,2025,7001,January,LCU,16950.000000,A
95,'340,Honduras,568,'01229,Cantaloupes and other melons,5531,Producer Price (SLC/tonne),1991,1991,7021,Annual value,SLC,1044.000000,A
95,'340,Honduras,568,'01229,Cantaloupes and other melons,5531,Producer Price (SLC/tonne),1992,1992,7021,Annual value,SLC,1190.000000,A
95,'340,Honduras,568,'01229,Cantaloupes and other melons,5531,Producer Price (SLC/tonne),1993,1993,7021,Annual value,SLC,1268.000000,A
95,'340,Honduras,568,'01229,Cantaloupes and other melons,5531,Producer Price (SLC/tonne),1994,1994,7021,Annual value,SLC,1618.000000,A
95,'340,Honduras,568,'01229,Cantaloupes and other melons,5531,Producer Price (SLC/tonne),1995,1995,7021,Annual value,SLC,1821.000000,A
95,'340,Honduras,568,'01229,Cantaloupes and other melons,5531,Producer Price (SLC/tonne),1996,1996,7021,Annual value,SLC,2065.000000,A
95,'340,Honduras,568,'01229,Cantaloupes and other melons,5531,Producer Price (SLC/tonne),1997,1997,7021,Annual value,SLC,2049.000000,A
95,'340,Honduras,568,'01229,Cantaloupes and other melons,5531,Producer Price (SLC/tonne),1998,1998,7021,Annual value,SLC,2255.000000,A
95,'340,Honduras,568,'01229,Cantaloupes and other melons,5531,Producer Price (SLC/tonne),1999,1999,7021,Annual value,SLC,2482.000000,A
95,'340,Honduras,568,'01229,Cantaloupes and other melons,5531,Producer Price (SLC/tonne),2000,2000,7021,Annual value,SLC,2731.000000,A
95,'340,Honduras,568,'01229,Cantaloupes and other melons,5531,Producer Price (SLC/tonne),2001,2001,7021,Annual value,SLC,3006.000000,A
95,'340,Honduras,568,'01229,Cantaloupes and other melons,5531,Producer Price (SLC/tonne),2002,2002,7021,Annual value,SLC,3280.000000,A
95,'340,Honduras,568,'01229,Cantaloupes and other melons,5531,Producer Price (SLC/tonne),2003,2003,7021,Annual value,SLC,3320.000000,A
95,'340,Honduras,568,'01229,Cantaloupes and other melons,5531,Producer Price (SLC/tonne),2004,2004,7021,Annual value,SLC,3426.000000,A
95,'340,Honduras,568,'01229,Cantaloupes and other melons,5531,Producer Price (SLC/tonne),2005,2005,7021,Annual value,SLC,3452.000000,A
95,'340,Honduras,568,'01229,Cantaloupes and other melons,5531,Producer Price (SLC/tonne),2006,2006,7021,Annual value,SLC,3520.000000,A
95,'340,Honduras,568,'01229,Cantaloupes and other melons,5531,Producer Price (SLC/tonne),2007,2007,7021,Annual value,SLC,3630.000000,A
95,'340,Honduras,568,'01229,Cantaloupes and other melons,5531,Producer Price (SLC/tonne),2008,2008,7021,Annual value,SLC,3825.000000,A
95,'340,Honduras,568,'01229,Cantaloupes and other melons,5531,Producer Price (SLC/tonne),2022,2022,7021,Annual value,SLC,14580.000000,A
95,'340,Honduras,568,'01229,Cantaloupes and other melons,5531,Producer Price (SLC/tonne),2023,2023,7021,Annual value,SLC,13910.000000,A
95,'340,Honduras,568,'01229,Cantaloupes and other melons,5531,Producer Price (SLC/tonne),2024,2024,7021,Annual value,SLC,14670.000000,A
95,'340,Honduras,568,'01229,Cantaloupes and other melons,5532,Producer Price (USD/tonne),1991,1991,7021,Annual value,USD,196.400000,A
95,'340,Honduras,568,'01229,Cantaloupes and other melons,5532,Producer Price (USD/tonne),1992,1992,7021,Annual value,USD,216.400000,A
95,'340,Honduras,568,'01229,Cantaloupes and other melons,5532,Producer Price (USD/tonne),1993,1993,7021,Annual value,USD,195.900000,A
95,'340,Honduras,568,'01229,Cantaloupes and other melons,5532,Producer Price (USD/tonne),1994,1994,7021,Annual value,USD,192.400000,A
95,'340,Honduras,568,'01229,Cantaloupes and other melons,5532,Producer Price (USD/tonne),1995,1995,7021,Annual value,USD,192.300000,A
95,'340,Honduras,568,'01229,Cantaloupes and other melons,5532,Producer Price (USD/tonne),1996,1996,7021,Annual value,USD,176.400000,A
95,'340,Honduras,568,'01229,Cantaloupes and other melons,5532,Producer Price (USD/tonne),1997,1997,7021,Annual value,USD,157.600000,A
95,'340,Honduras,568,'01229,Cantaloupes and other melons,5532,Producer Price (USD/tonne),1998,1998,7021,Annual value,USD,168.500000,A
95,'340,Honduras,568,'01229,Cantaloupes and other melons,5532,Producer Price (USD/tonne),1999,1999,7021,Annual value,USD,174.600000,A
95,'340,Honduras,568,'01229,Cantaloupes and other melons,5532,Producer Price (USD/tonne),2000,2000,7021,Annual value,USD,184.000000,A
95,'340,Honduras,568,'01229,Cantaloupes and other melons,5532,Producer Price (USD/tonne),2001,2001,7021,Annual value,USD,194.300000,A
95,'340,Honduras,568,'01229,Cantaloupes and other melons,5532,Producer Price (USD/tonne),2002,2002,7021,Annual value,USD,199.600000,A
95,'340,Honduras,568,'01229,Cantaloupes and other melons,5532,Producer Price (USD/tonne),2003,2003,7021,Annual value,USD,191.400000,A
95,'340,Honduras,568,'01229,Cantaloupes and other melons,5532,Producer Price (USD/tonne),2004,2004,7021,Annual value,USD,188.200000,A
95,'340,Honduras,568,'01229,Cantaloupes and other melons,5532,Producer Price (USD/tonne),2005,2005,7021,Annual value,USD,183.300000,A
95,'340,Honduras,568,'01229,Cantaloupes and other melons,5532,Producer Price (USD/tonne),2006,2006,7021,Annual value,USD,186.300000,A
95,'340,Honduras,568,'01229,Cantaloupes and other melons,5532,Producer Price (USD/tonne),2007,2007,7021,Annual value,USD,192.100000,A
95,'340,Honduras,568,'01229,Cantaloupes and other melons,5532,Producer Price (USD/tonne),2008,2008,7021,Annual value,USD,202.300000,A
95,'340,Honduras,568,'01229,Cantaloupes and other melons,5532,Producer Price (USD/tonne),2022,2022,7021,Annual value,USD,595.400000,A
95,'340,Honduras,568,'01229,Cantaloupes and other melons,5532,Producer Price (USD/tonne),2023,2023,7021,Annual value,USD,565.400000,A
95,'340,Honduras,568,'01229,Cantaloupes and other melons,5532,Producer Price (USD/tonne),2024,2024,7021,Annual value,USD,591.500000,A
95,'340,Honduras,568,'01229,Cantaloupes and other melons,5539,Producer Price Index (2014-2016 = 100),1991,1991,7021,Annual value,,21.490000,E
95,'340,Honduras,568,'01229,Cantaloupes and other melons,5539,Producer Price Index (2014-2016 = 100),1992,1992,7021,Annual value,,24.490000,E
95,'340,Honduras,568,'01229,Cantaloupes and other melons,5539,Producer Price Index (2014-2016 = 100),1993,1993,7021,Annual value,,26.100000,E
95,'340,Honduras,568,'01229,Cantaloupes and other melons,5539,Producer Price Index (2014-2016 = 100),1994,1994,7021,Annual value,,33.300000,E
95,'340,Honduras,568,'01229,Cantaloupes and other melons,5539,Producer Price Index (2014-2016 = 100),1995,1995,7021,Annual value,,37.480000,E
95,'340,Honduras,568,'01229,Cantaloupes and other melons,5539,Producer Price Index (2014-2016 = 100),1996,1996,7021,Annual value,,42.500000,E
95,'340,Honduras,568,'01229,Cantaloupes and other melons,5539,Producer Price Index (2014-2016 = 100),1997,1997,7021,Annual value,,42.170000,E
95,'340,Honduras,568,'01229,Cantaloupes and other melons,5539,Producer Price Index (2014-2016 = 100),1998,1998,7021,Annual value,,46.410000,E
95,'340,Honduras,568,'01229,Cantaloupes and other melons,5539,Producer Price Index (2014-2016 = 100),1999,1999,7021,Annual value,,51.090000,E
95,'340,Honduras,568,'01229,Cantaloupes and other melons,5539,Producer Price Index (2014-2016 = 100),2000,2000,7021,Annual value,,56.210000,E
95,'340,Honduras,568,'01229,Cantaloupes and other melons,5539,Producer Price Index (2014-2016 = 100),2001,2001,7021,Annual value,,61.870000,E
95,'340,Honduras,568,'01229,Cantaloupes and other melons,5539,Producer Price Index (2014-2016 = 100),2002,2002,7021,Annual value,,67.510000,E
95,'340,Honduras,568,'01229,Cantaloupes and other melons,5539,Producer Price Index (2014-2016 = 100),2003,2003,7021,Annual value,,68.340000,E
95,'340,Honduras,568,'01229,Cantaloupes and other melons,5539,Producer Price Index (2014-2016 = 100),2004,2004,7021,Annual value,,70.520000,E
95,'340,Honduras,568,'01229,Cantaloupes and other melons,5539,Producer Price Index (2014-2016 = 100),2005,2005,7021,Annual value,,71.050000,E
95,'340,Honduras,568,'01229,Cantaloupes and other melons,5539,Producer Price Index (2014-2016 = 100),2006,2006,7021,Annual value,,72.450000,E
95,'340,Honduras,568,'01229,Cantaloupes and other melons,5539,Producer Price Index (2014-2016 = 100),2007,2007,7021,Annual value,,74.720000,E
95,'340,Honduras,568,'01229,Cantaloupes and other melons,5539,Producer Price Index (2014-2016 = 100),2008,2008,7021,Annual value,,78.730000,E
95,'340,Honduras,568,'01229,Cantaloupes and other melons,5539,Producer Price Index (2014-2016 = 100),2009,2009,7021,Annual value,,81.500000,E
95,'340,Honduras,568,'01229,Cantaloupes and other melons,5539,Producer Price Index (2014-2016 = 100),2010,2010,7021,Annual value,,85.950000,E
95,'340,Honduras,568,'01229,Cantaloupes and other melons,5539,Producer Price Index (2014-2016 = 100),2011,2011,7021,Annual value,,88.540000,E
95,'340,Honduras,568,'01229,Cantaloupes and other melons,5539,Producer Price Index (2014-2016 = 100),2012,2012,7021,Annual value,,91.410000,E
95,'340,Honduras,568,'01229,Cantaloupes and other melons,5539,Producer Price Index (2014-2016 = 100),2013,2013,7021,Annual value,,94.270000,E
95,'340,Honduras,568,'01229,Cantaloupes and other melons,5539,Producer Price Index (2014-2016 = 100),2014,2014,7021,Annual value,,97.140000,E
95,'340,Honduras,568,'01229,Cantaloupes and other melons,5539,Producer Price Index (2014-2016 = 100),2015,2015,7021,Annual value,,100.000000,E
95,'340,Honduras,568,'01229,Cantaloupes and other melons,5539,Producer Price Index (2014-2016 = 100),2016,2016,7021,Annual value,,102.860000,E
95,'340,Honduras,568,'01229,Cantaloupes and other melons,5539,Producer Price Index (2014-2016 = 100),2017,2017,7021,Annual value,,105.730000,E
95,'340,Honduras,568,'01229,Cantaloupes and other melons,5539,Producer Price Index (2014-2016 = 100),2018,2018,7021,Annual value,,108.590000,E
95,'340,Honduras,568,'01229,Cantaloupes and other melons,5539,Producer Price Index (2014-2016 = 100),2019,2019,7021,Annual value,,111.460000,E
95,'340,Honduras,568,'01229,Cantaloupes and other melons,5539,Producer Price Index (2014-2016 = 100),2020,2020,7021,Annual value,,176.720000,E
95,'340,Honduras,568,'01229,Cantaloupes and other melons,5539,Producer Price Index (2014-2016 = 100),2021,2021,7021,Annual value,,236.070000,E
95,'340,Honduras,568,'01229,Cantaloupes and other melons,5539,Producer Price Index (2014-2016 = 100),2022,2022,7021,Annual value,,300.100000,E
95,'340,Honduras,568,'01229,Cantaloupes and other melons,5539,Producer Price Index (2014-2016 = 100),2023,2023,7021,Annual value,,286.310000,E
95,'340,Honduras,568,'01229,Cantaloupes and other melons,5539,Producer Price Index (2014-2016 = 100),2024,2024,7021,Annual value,,301.950000,E
95,'340,Honduras,568,'01229,Cantaloupes and other melons,5539,Producer Price Index (2014-2016 = 100),2025,2025,7021,Annual value,,319.770000,E
95,'340,Honduras,426,'01251,Carrots and turnips,5530,Producer Price (LCU/tonne),2005,2005,7021,Annual value,LCU,7480.000000,A
95,'340,Honduras,426,'01251,Carrots and turnips,5530,Producer Price (LCU/tonne),2006,2006,7021,Annual value,LCU,8381.000000,A
95,'340,Honduras,426,'01251,Carrots and turnips,5530,Producer Price (LCU/tonne),2007,2007,7021,Annual value,LCU,8800.000000,A
95,'340,Honduras,426,'01251,Carrots and turnips,5530,Producer Price (LCU/tonne),2008,2008,7021,Annual value,LCU,9020.000000,A
95,'340,Honduras,426,'01251,Carrots and turnips,5531,Producer Price (SLC/tonne),2005,2005,7021,Annual value,SLC,7480.000000,A
95,'340,Honduras,426,'01251,Carrots and turnips,5531,Producer Price (SLC/tonne),2006,2006,7021,Annual value,SLC,8381.000000,A
95,'340,Honduras,426,'01251,Carrots and turnips,5531,Producer Price (SLC/tonne),2007,2007,7021,Annual value,SLC,8800.000000,A
95,'340,Honduras,426,'01251,Carrots and turnips,5531,Producer Price (SLC/tonne),2008,2008,7021,Annual value,SLC,9020.000000,A
95,'340,Honduras,426,'01251,Carrots and turnips,5532,Producer Price (USD/tonne),2005,2005,7021,Annual value,USD,397.200000,A
95,'340,Honduras,426,'01251,Carrots and turnips,5532,Producer Price (USD/tonne),2006,2006,7021,Annual value,USD,443.600000,A
95,'340,Honduras,426,'01251,Carrots and turnips,5532,Producer Price (USD/tonne),2007,2007,7021,Annual value,USD,465.700000,A
95,'340,Honduras,426,'01251,Carrots and turnips,5532,Producer Price (USD/tonne),2008,2008,7021,Annual value,USD,477.200000,A
95,'340,Honduras,426,'01251,Carrots and turnips,5539,Producer Price Index (2014-2016 = 100),1991,1991,7021,Annual value,,1.700000,E
95,'340,Honduras,426,'01251,Carrots and turnips,5539,Producer Price Index (2014-2016 = 100),1992,1992,7021,Annual value,,2.470000,E
95,'340,Honduras,426,'01251,Carrots and turnips,5539,Producer Price Index (2014-2016 = 100),1993,1993,7021,Annual value,,4.250000,E
95,'340,Honduras,426,'01251,Carrots and turnips,5539,Producer Price Index (2014-2016 = 100),1994,1994,7021,Annual value,,5.670000,E
95,'340,Honduras,426,'01251,Carrots and turnips,5539,Producer Price Index (2014-2016 = 100),1995,1995,7021,Annual value,,6.780000,E
95,'340,Honduras,426,'01251,Carrots and turnips,5539,Producer Price Index (2014-2016 = 100),1996,1996,7021,Annual value,,12.080000,E
95,'340,Honduras,426,'01251,Carrots and turnips,5539,Producer Price Index (2014-2016 = 100),1997,1997,7021,Annual value,,14.440000,E
95,'340,Honduras,426,'01251,Carrots and turnips,5539,Producer Price Index (2014-2016 = 100),1998,1998,7021,Annual value,,16.020000,E
95,'340,Honduras,426,'01251,Carrots and turnips,5539,Producer Price Index (2014-2016 = 100),1999,1999,7021,Annual value,,17.760000,E
95,'340,Honduras,426,'01251,Carrots and turnips,5539,Producer Price Index (2014-2016 = 100),2000,2000,7021,Annual value,,19.690000,E
95,'340,Honduras,426,'01251,Carrots and turnips,5539,Producer Price Index (2014-2016 = 100),2001,2001,7021,Annual value,,21.850000,E
95,'340,Honduras,426,'01251,Carrots and turnips,5539,Producer Price Index (2014-2016 = 100),2002,2002,7021,Annual value,,24.230000,E
95,'340,Honduras,426,'01251,Carrots and turnips,5539,Producer Price Index (2014-2016 = 100),2003,2003,7021,Annual value,,32.510000,E
95,'340,Honduras,426,'01251,Carrots and turnips,5539,Producer Price Index (2014-2016 = 100),2004,2004,7021,Annual value,,40.810000,E
95,'340,Honduras,426,'01251,Carrots and turnips,5539,Producer Price Index (2014-2016 = 100),2005,2005,7021,Annual value,,49.140000,E
95,'340,Honduras,426,'01251,Carrots and turnips,5539,Producer Price Index (2014-2016 = 100),2006,2006,7021,Annual value,,55.060000,E
95,'340,Honduras,426,'01251,Carrots and turnips,5539,Producer Price Index (2014-2016 = 100),2007,2007,7021,Annual value,,57.810000,E
95,'340,Honduras,426,'01251,Carrots and turnips,5539,Producer Price Index (2014-2016 = 100),2008,2008,7021,Annual value,,59.250000,E
95,'340,Honduras,426,'01251,Carrots and turnips,5539,Producer Price Index (2014-2016 = 100),2009,2009,7021,Annual value,,60.790000,E
95,'340,Honduras,426,'01251,Carrots and turnips,5539,Producer Price Index (2014-2016 = 100),2010,2010,7021,Annual value,,73.560000,E
95,'340,Honduras,426,'01251,Carrots and turnips,5539,Producer Price Index (2014-2016 = 100),2011,2011,7021,Annual value,,78.340000,E
95,'340,Honduras,426,'01251,Carrots and turnips,5539,Producer Price Index (2014-2016 = 100),2012,2012,7021,Annual value,,83.760000,E
95,'340,Honduras,426,'01251,Carrots and turnips,5539,Producer Price Index (2014-2016 = 100),2013,2013,7021,Annual value,,89.170000,E
95,'340,Honduras,426,'01251,Carrots and turnips,5539,Producer Price Index (2014-2016 = 100),2014,2014,7021,Annual value,,94.590000,E
95,'340,Honduras,426,'01251,Carrots and turnips,5539,Producer Price Index (2014-2016 = 100),2015,2015,7021,Annual value,,100.000000,E
95,'340,Honduras,426,'01251,Carrots and turnips,5539,Producer Price Index (2014-2016 = 100),2016,2016,7021,Annual value,,105.410000,E
95,'340,Honduras,426,'01251,Carrots and turnips,5539,Producer Price Index (2014-2016 = 100),2017,2017,7021,Annual value,,110.830000,E
95,'340,Honduras,426,'01251,Carrots and turnips,5539,Producer Price Index (2014-2016 = 100),2018,2018,7021,Annual value,,116.240000,E
95,'340,Honduras,426,'01251,Carrots and turnips,5539,Producer Price Index (2014-2016 = 100),2019,2019,7021,Annual value,,121.660000,E
95,'340,Honduras,426,'01251,Carrots and turnips,5539,Producer Price Index (2014-2016 = 100),2020,2020,7021,Annual value,,126.880000,E
95,'340,Honduras,426,'01251,Carrots and turnips,5539,Producer Price Index (2014-2016 = 100),2021,2021,7021,Annual value,,134.640000,E
95,'340,Honduras,426,'01251,Carrots and turnips,5539,Producer Price Index (2014-2016 = 100),2022,2022,7021,Annual value,,136.010000,E
95,'340,Honduras,426,'01251,Carrots and turnips,5539,Producer Price Index (2014-2016 = 100),2023,2023,7021,Annual value,,140.980000,E
95,'340,Honduras,426,'01251,Carrots and turnips,5539,Producer Price Index (2014-2016 = 100),2024,2024,7021,Annual value,,145.940000,E
95,'340,Honduras,426,'01251,Carrots and turnips,5539,Producer Price Index (2014-2016 = 100),2025,2025,7021,Annual value,,150.910000,E
95,'340,Honduras,217,'01372,"Cashew nuts, in shell",5539,Producer Price Index (2014-2016 = 100),1991,1991,7021,Annual value,,77.880000,E
95,'340,Honduras,217,'01372,"Cashew nuts, in shell",5539,Producer Price Index (2014-2016 = 100),1992,1992,7021,Annual value,,75.170000,E
95,'340,Honduras,217,'01372,"Cashew nuts, in shell",5539,Producer Price Index (2014-2016 = 100),1993,1993,7021,Annual value,,78.510000,E
95,'340,Honduras,217,'01372,"Cashew nuts, in shell",5539,Producer Price Index (2014-2016 = 100),1994,1994,7021,Annual value,,90.000000,E
95,'340,Honduras,217,'01372,"Cashew nuts, in shell",5539,Producer Price Index (2014-2016 = 100),1995,1995,7021,Annual value,,85.600000,E
95,'340,Honduras,217,'01372,"Cashew nuts, in shell",5539,Producer Price Index (2014-2016 = 100),1996,1996,7021,Annual value,,88.400000,E
95,'340,Honduras,217,'01372,"Cashew nuts, in shell",5539,Producer Price Index (2014-2016 = 100),1997,1997,7021,Annual value,,101.460000,E
95,'340,Honduras,217,'01372,"Cashew nuts, in shell",5539,Producer Price Index (2014-2016 = 100),1998,1998,7021,Annual value,,94.540000,E
95,'340,Honduras,217,'01372,"Cashew nuts, in shell",5539,Producer Price Index (2014-2016 = 100),1999,1999,7021,Annual value,,88.890000,E
95,'340,Honduras,217,'01372,"Cashew nuts, in shell",5539,Producer Price Index (2014-2016 = 100),2000,2000,7021,Annual value,,91.060000,E
95,'340,Honduras,217,'01372,"Cashew nuts, in shell",5539,Producer Price Index (2014-2016 = 100),2001,2001,7021,Annual value,,86.980000,E
95,'340,Honduras,217,'01372,"Cashew nuts, in shell",5539,Producer Price Index (2014-2016 = 100),2002,2002,7021,Annual value,,79.100000,E
95,'340,Honduras,217,'01372,"Cashew nuts, in shell",5539,Producer Price Index (2014-2016 = 100),2003,2003,7021,Annual value,,77.180000,E
95,'340,Honduras,217,'01372,"Cashew nuts, in shell",5539,Producer Price Index (2014-2016 = 100),2004,2004,7021,Annual value,,81.270000,E
95,'340,Honduras,217,'01372,"Cashew nuts, in shell",5539,Producer Price Index (2014-2016 = 100),2005,2005,7021,Annual value,,93.740000,E
95,'340,Honduras,217,'01372,"Cashew nuts, in shell",5539,Producer Price Index (2014-2016 = 100),2006,2006,7021,Annual value,,92.700000,E
95,'340,Honduras,217,'01372,"Cashew nuts, in shell",5539,Producer Price Index (2014-2016 = 100),2007,2007,7021,Annual value,,99.900000,E
95,'340,Honduras,217,'01372,"Cashew nuts, in shell",5539,Producer Price Index (2014-2016 = 100),2008,2008,7021,Annual value,,112.280000,E
95,'340,Honduras,217,'01372,"Cashew nuts, in shell",5539,Producer Price Index (2014-2016 = 100),2009,2009,7021,Annual value,,120.060000,E
95,'340,Honduras,217,'01372,"Cashew nuts, in shell",5539,Producer Price Index (2014-2016 = 100),2010,2010,7021,Annual value,,96.650000,E
95,'340,Honduras,217,'01372,"Cashew nuts, in shell",5539,Producer Price Index (2014-2016 = 100),2011,2011,7021,Annual value,,96.910000,E
95,'340,Honduras,217,'01372,"Cashew nuts, in shell",5539,Producer Price Index (2014-2016 = 100),2012,2012,7021,Annual value,,97.680000,E
95,'340,Honduras,217,'01372,"Cashew nuts, in shell",5539,Producer Price Index (2014-2016 = 100),2013,2013,7021,Annual value,,98.450000,E
95,'340,Honduras,217,'01372,"Cashew nuts, in shell",5539,Producer Price Index (2014-2016 = 100),2014,2014,7021,Annual value,,99.230000,E
95,'340,Honduras,217,'01372,"Cashew nuts, in shell",5539,Producer Price Index (2014-2016 = 100),2015,2015,7021,Annual value,,100.000000,E
95,'340,Honduras,217,'01372,"Cashew nuts, in shell",5539,Producer Price Index (2014-2016 = 100),2016,2016,7021,Annual value,,100.770000,E
95,'340,Honduras,217,'01372,"Cashew nuts, in shell",5539,Producer Price Index (2014-2016 = 100),2017,2017,7021,Annual value,,101.550000,E
95,'340,Honduras,217,'01372,"Cashew nuts, in shell",5539,Producer Price Index (2014-2016 = 100),2018,2018,7021,Annual value,,102.320000,E
95,'340,Honduras,217,'01372,"Cashew nuts, in shell",5539,Producer Price Index (2014-2016 = 100),2019,2019,7021,Annual value,,103.090000,E
95,'340,Honduras,217,'01372,"Cashew nuts, in shell",5539,Producer Price Index (2014-2016 = 100),2020,2020,7021,Annual value,,102.940000,E
95,'340,Honduras,217,'01372,"Cashew nuts, in shell",5539,Producer Price Index (2014-2016 = 100),2021,2021,7021,Annual value,,101.690000,E
95,'340,Honduras,217,'01372,"Cashew nuts, in shell",5539,Producer Price Index (2014-2016 = 100),2022,2022,7021,Annual value,,101.510000,E
95,'340,Honduras,217,'01372,"Cashew nuts, in shell",5539,Producer Price Index (2014-2016 = 100),2023,2023,7021,Annual value,,101.560000,E
95,'340,Honduras,217,'01372,"Cashew nuts, in shell",5539,Producer Price Index (2014-2016 = 100),2024,2024,7021,Annual value,,101.610000,E
95,'340,Honduras,217,'01372,"Cashew nuts, in shell",5539,Producer Price Index (2014-2016 = 100),2025,2025,7021,Annual value,,101.660000,E
95,'340,Honduras,125,'01520.01,"Cassava, fresh",5530,Producer Price (LCU/tonne),1991,1991,7021,Annual value,LCU,280.000000,A
95,'340,Honduras,125,'01520.01,"Cassava, fresh",5530,Producer Price (LCU/tonne),1992,1992,7021,Annual value,LCU,350.000000,A
95,'340,Honduras,125,'01520.01,"Cassava, fresh",5530,Producer Price (LCU/tonne),1993,1993,7021,Annual value,LCU,437.000000,A
95,'340,Honduras,125,'01520.01,"Cassava, fresh",5530,Producer Price (LCU/tonne),1994,1994,7021,Annual value,LCU,612.000000,A
95,'340,Honduras,125,'01520.01,"Cassava, fresh",5530,Producer Price (LCU/tonne),1995,1995,7021,Annual value,LCU,731.000000,A
95,'340,Honduras,125,'01520.01,"Cassava, fresh",5530,Producer Price (LCU/tonne),1996,1996,7021,Annual value,LCU,874.000000,A
95,'340,Honduras,125,'01520.01,"Cassava, fresh",5530,Producer Price (LCU/tonne),1997,1997,7021,Annual value,LCU,1044.000000,A
95,'340,Honduras,125,'01520.01,"Cassava, fresh",5530,Producer Price (LCU/tonne),1998,1998,7021,Annual value,LCU,1135.000000,A
95,'340,Honduras,125,'01520.01,"Cassava, fresh",5530,Producer Price (LCU/tonne),1999,1999,7021,Annual value,LCU,1233.000000,A
95,'340,Honduras,125,'01520.01,"Cassava, fresh",5530,Producer Price (LCU/tonne),2000,2000,7021,Annual value,LCU,1362.000000,A
95,'340,Honduras,125,'01520.01,"Cassava, fresh",5530,Producer Price (LCU/tonne),2001,2001,7021,Annual value,LCU,1482.000000,A
95,'340,Honduras,125,'01520.01,"Cassava, fresh",5530,Producer Price (LCU/tonne),2002,2002,7021,Annual value,LCU,1612.000000,A
95,'340,Honduras,125,'01520.01,"Cassava, fresh",5530,Producer Price (LCU/tonne),2003,2003,7021,Annual value,LCU,1715.000000,A
95,'340,Honduras,125,'01520.01,"Cassava, fresh",5530,Producer Price (LCU/tonne),2004,2004,7021,Annual value,LCU,1722.000000,A
95,'340,Honduras,125,'01520.01,"Cassava, fresh",5530,Producer Price (LCU/tonne),2005,2005,7021,Annual value,LCU,1741.000000,A
95,'340,Honduras,125,'01520.01,"Cassava, fresh",5530,Producer Price (LCU/tonne),2006,2006,7021,Annual value,LCU,1750.000000,A
95,'340,Honduras,125,'01520.01,"Cassava, fresh",5530,Producer Price (LCU/tonne),2007,2007,7021,Annual value,LCU,3300.000000,A
95,'340,Honduras,125,'01520.01,"Cassava, fresh",5530,Producer Price (LCU/tonne),2008,2008,7021,Annual value,LCU,5170.000000,A
95,'340,Honduras,125,'01520.01,"Cassava, fresh",5530,Producer Price (LCU/tonne),2022,2022,7021,Annual value,LCU,20477.300000,A
95,'340,Honduras,125,'01520.01,"Cassava, fresh",5530,Producer Price (LCU/tonne),2023,2023,7021,Annual value,LCU,31830.200000,A
95,'340,Honduras,125,'01520.01,"Cassava, fresh",5530,Producer Price (LCU/tonne),2024,2024,7021,Annual value,LCU,35195.600000,A
95,'340,Honduras,125,'01520.01,"Cassava, fresh",5530,Producer Price (LCU/tonne),2024,2024,7001,January,LCU,39240.000000,A
95,'340,Honduras,125,'01520.01,"Cassava, fresh",5530,Producer Price (LCU/tonne),2024,2024,7002,February,LCU,39019.000000,A
95,'340,Honduras,125,'01520.01,"Cassava, fresh",5530,Producer Price (LCU/tonne),2024,2024,7003,March,LCU,39872.800000,A
95,'340,Honduras,125,'01520.01,"Cassava, fresh",5530,Producer Price (LCU/tonne),2024,2024,7004,April,LCU,39737.400000,A
95,'340,Honduras,125,'01520.01,"Cassava, fresh",5530,Producer Price (LCU/tonne),2024,2024,7005,May,LCU,41317.700000,A
95,'340,Honduras,125,'01520.01,"Cassava, fresh",5530,Producer Price (LCU/tonne),2024,2024,7006,June,LCU,41414.600000,A
95,'340,Honduras,125,'01520.01,"Cassava, fresh",5530,Producer Price (LCU/tonne),2024,2024,7007,July,LCU,38722.200000,A
95,'340,Honduras,125,'01520.01,"Cassava, fresh",5530,Producer Price (LCU/tonne),2024,2024,7008,August,LCU,35784.500000,A
95,'340,Honduras,125,'01520.01,"Cassava, fresh",5530,Producer Price (LCU/tonne),2024,2024,7009,September,LCU,30596.800000,A
95,'340,Honduras,125,'01520.01,"Cassava, fresh",5530,Producer Price (LCU/tonne),2024,2024,7010,October,LCU,28799.400000,A
95,'340,Honduras,125,'01520.01,"Cassava, fresh",5530,Producer Price (LCU/tonne),2024,2024,7011,November,LCU,25470.700000,A
95,'340,Honduras,125,'01520.01,"Cassava, fresh",5530,Producer Price (LCU/tonne),2024,2024,7012,December,LCU,22372.200000,A
95,'340,Honduras,125,'01520.01,"Cassava, fresh",5530,Producer Price (LCU/tonne),2025,2025,7001,January,LCU,23163.900000,A
95,'340,Honduras,125,'01520.01,"Cassava, fresh",5531,Producer Price (SLC/tonne),1991,1991,7021,Annual value,SLC,280.000000,A
95,'340,Honduras,125,'01520.01,"Cassava, fresh",5531,Producer Price (SLC/tonne),1992,1992,7021,Annual value,SLC,350.000000,A
95,'340,Honduras,125,'01520.01,"Cassava, fresh",5531,Producer Price (SLC/tonne),1993,1993,7021,Annual value,SLC,437.000000,A
95,'340,Honduras,125,'01520.01,"Cassava, fresh",5531,Producer Price (SLC/tonne),1994,1994,7021,Annual value,SLC,612.000000,A
95,'340,Honduras,125,'01520.01,"Cassava, fresh",5531,Producer Price (SLC/tonne),1995,1995,7021,Annual value,SLC,731.000000,A
95,'340,Honduras,125,'01520.01,"Cassava, fresh",5531,Producer Price (SLC/tonne),1996,1996,7021,Annual value,SLC,874.000000,A
95,'340,Honduras,125,'01520.01,"Cassava, fresh",5531,Producer Price (SLC/tonne),1997,1997,7021,Annual value,SLC,1044.000000,A
95,'340,Honduras,125,'01520.01,"Cassava, fresh",5531,Producer Price (SLC/tonne),1998,1998,7021,Annual value,SLC,1135.000000,A
95,'340,Honduras,125,'01520.01,"Cassava, fresh",5531,Producer Price (SLC/tonne),1999,1999,7021,Annual value,SLC,1233.000000,A
95,'340,Honduras,125,'01520.01,"Cassava, fresh",5531,Producer Price (SLC/tonne),2000,2000,7021,Annual value,SLC,1362.000000,A
95,'340,Honduras,125,'01520.01,"Cassava, fresh",5531,Producer Price (SLC/tonne),2001,2001,7021,Annual value,SLC,1482.000000,A
95,'340,Honduras,125,'01520.01,"Cassava, fresh",5531,Producer Price (SLC/tonne),2002,2002,7021,Annual value,SLC,1612.000000,A
95,'340,Honduras,125,'01520.01,"Cassava, fresh",5531,Producer Price (SLC/tonne),2003,2003,7021,Annual value,SLC,1715.000000,A
95,'340,Honduras,125,'01520.01,"Cassava, fresh",5531,Producer Price (SLC/tonne),2004,2004,7021,Annual value,SLC,1722.000000,A
95,'340,Honduras,125,'01520.01,"Cassava, fresh",5531,Producer Price (SLC/tonne),2005,2005,7021,Annual value,SLC,1741.000000,A
95,'340,Honduras,125,'01520.01,"Cassava, fresh",5531,Producer Price (SLC/tonne),2006,2006,7021,Annual value,SLC,1750.000000,A
95,'340,Honduras,125,'01520.01,"Cassava, fresh",5531,Producer Price (SLC/tonne),2007,2007,7021,Annual value,SLC,3300.000000,A
95,'340,Honduras,125,'01520.01,"Cassava, fresh",5531,Producer Price (SLC/tonne),2008,2008,7021,Annual value,SLC,5170.000000,A
95,'340,Honduras,125,'01520.01,"Cassava, fresh",5531,Producer Price (SLC/tonne),2022,2022,7021,Annual value,SLC,20477.300000,A
95,'340,Honduras,125,'01520.01,"Cassava, fresh",5531,Producer Price (SLC/tonne),2023,2023,7021,Annual value,SLC,31830.200000,A
95,'340,Honduras,125,'01520.01,"Cassava, fresh",5531,Producer Price (SLC/tonne),2024,2024,7021,Annual value,SLC,35195.600000,A
95,'340,Honduras,125,'01520.01,"Cassava, fresh",5532,Producer Price (USD/tonne),1991,1991,7021,Annual value,USD,52.700000,A
95,'340,Honduras,125,'01520.01,"Cassava, fresh",5532,Producer Price (USD/tonne),1992,1992,7021,Annual value,USD,63.700000,A
95,'340,Honduras,125,'01520.01,"Cassava, fresh",5532,Producer Price (USD/tonne),1993,1993,7021,Annual value,USD,67.500000,A
95,'340,Honduras,125,'01520.01,"Cassava, fresh",5532,Producer Price (USD/tonne),1994,1994,7021,Annual value,USD,72.800000,A
95,'340,Honduras,125,'01520.01,"Cassava, fresh",5532,Producer Price (USD/tonne),1995,1995,7021,Annual value,USD,77.200000,A
95,'340,Honduras,125,'01520.01,"Cassava, fresh",5532,Producer Price (USD/tonne),1996,1996,7021,Annual value,USD,74.700000,A
95,'340,Honduras,125,'01520.01,"Cassava, fresh",5532,Producer Price (USD/tonne),1997,1997,7021,Annual value,USD,80.300000,A
95,'340,Honduras,125,'01520.01,"Cassava, fresh",5532,Producer Price (USD/tonne),1998,1998,7021,Annual value,USD,84.800000,A
95,'340,Honduras,125,'01520.01,"Cassava, fresh",5532,Producer Price (USD/tonne),1999,1999,7021,Annual value,USD,86.800000,A
95,'340,Honduras,125,'01520.01,"Cassava, fresh",5532,Producer Price (USD/tonne),2000,2000,7021,Annual value,USD,91.800000,A
95,'340,Honduras,125,'01520.01,"Cassava, fresh",5532,Producer Price (USD/tonne),2001,2001,7021,Annual value,USD,95.800000,A
95,'340,Honduras,125,'01520.01,"Cassava, fresh",5532,Producer Price (USD/tonne),2002,2002,7021,Annual value,USD,98.100000,A
95,'340,Honduras,125,'01520.01,"Cassava, fresh",5532,Producer Price (USD/tonne),2003,2003,7021,Annual value,USD,98.900000,A
95,'340,Honduras,125,'01520.01,"Cassava, fresh",5532,Producer Price (USD/tonne),2004,2004,7021,Annual value,USD,94.600000,A
95,'340,Honduras,125,'01520.01,"Cassava, fresh",5532,Producer Price (USD/tonne),2005,2005,7021,Annual value,USD,92.400000,A
95,'340,Honduras,125,'01520.01,"Cassava, fresh",5532,Producer Price (USD/tonne),2006,2006,7021,Annual value,USD,92.600000,A
95,'340,Honduras,125,'01520.01,"Cassava, fresh",5532,Producer Price (USD/tonne),2007,2007,7021,Annual value,USD,174.600000,A
95,'340,Honduras,125,'01520.01,"Cassava, fresh",5532,Producer Price (USD/tonne),2008,2008,7021,Annual value,USD,273.500000,A
95,'340,Honduras,125,'01520.01,"Cassava, fresh",5532,Producer Price (USD/tonne),2022,2022,7021,Annual value,USD,836.300000,A
95,'340,Honduras,125,'01520.01,"Cassava, fresh",5532,Producer Price (USD/tonne),2023,2023,7021,Annual value,USD,1293.800000,A
95,'340,Honduras,125,'01520.01,"Cassava, fresh",5532,Producer Price (USD/tonne),2024,2024,7021,Annual value,USD,1419.200000,A
95,'340,Honduras,125,'01520.01,"Cassava, fresh",5539,Producer Price Index (2014-2016 = 100),1991,1991,7021,Annual value,,6.160000,E
95,'340,Honduras,125,'01520.01,"Cassava, fresh",5539,Producer Price Index (2014-2016 = 100),1992,1992,7021,Annual value,,7.700000,E
95,'340,Honduras,125,'01520.01,"Cassava, fresh",5539,Producer Price Index (2014-2016 = 100),1993,1993,7021,Annual value,,9.610000,E
95,'340,Honduras,125,'01520.01,"Cassava, fresh",5539,Producer Price Index (2014-2016 = 100),1994,1994,7021,Annual value,,13.460000,E
95,'340,Honduras,125,'01520.01,"Cassava, fresh",5539,Producer Price Index (2014-2016 = 100),1995,1995,7021,Annual value,,16.080000,E
95,'340,Honduras,125,'01520.01,"Cassava, fresh",5539,Producer Price Index (2014-2016 = 100),1996,1996,7021,Annual value,,19.220000,E
95,'340,Honduras,125,'01520.01,"Cassava, fresh",5539,Producer Price Index (2014-2016 = 100),1997,1997,7021,Annual value,,22.960000,E
95,'340,Honduras,125,'01520.01,"Cassava, fresh",5539,Producer Price Index (2014-2016 = 100),1998,1998,7021,Annual value,,24.960000,E
95,'340,Honduras,125,'01520.01,"Cassava, fresh",5539,Producer Price Index (2014-2016 = 100),1999,1999,7021,Annual value,,27.120000,E
95,'340,Honduras,125,'01520.01,"Cassava, fresh",5539,Producer Price Index (2014-2016 = 100),2000,2000,7021,Annual value,,29.950000,E
95,'340,Honduras,125,'01520.01,"Cassava, fresh",5539,Producer Price Index (2014-2016 = 100),2001,2001,7021,Annual value,,32.590000,E
95,'340,Honduras,125,'01520.01,"Cassava, fresh",5539,Producer Price Index (2014-2016 = 100),2002,2002,7021,Annual value,,35.450000,E
95,'340,Honduras,125,'01520.01,"Cassava, fresh",5539,Producer Price Index (2014-2016 = 100),2003,2003,7021,Annual value,,37.720000,E
95,'340,Honduras,125,'01520.01,"Cassava, fresh",5539,Producer Price Index (2014-2016 = 100),2004,2004,7021,Annual value,,37.870000,E
95,'340,Honduras,125,'01520.01,"Cassava, fresh",5539,Producer Price Index (2014-2016 = 100),2005,2005,7021,Annual value,,38.290000,E
95,'340,Honduras,125,'01520.01,"Cassava, fresh",5539,Producer Price Index (2014-2016 = 100),2006,2006,7021,Annual value,,38.490000,E
95,'340,Honduras,125,'01520.01,"Cassava, fresh",5539,Producer Price Index (2014-2016 = 100),2007,2007,7021,Annual value,,72.580000,E
95,'340,Honduras,125,'01520.01,"Cassava, fresh",5539,Producer Price Index (2014-2016 = 100),2008,2008,7021,Annual value,,113.710000,E
95,'340,Honduras,125,'01520.01,"Cassava, fresh",5539,Producer Price Index (2014-2016 = 100),2009,2009,7021,Annual value,,153.240000,E
95,'340,Honduras,125,'01520.01,"Cassava, fresh",5539,Producer Price Index (2014-2016 = 100),2010,2010,7021,Annual value,,86.580000,E
95,'340,Honduras,125,'01520.01,"Cassava, fresh",5539,Producer Price Index (2014-2016 = 100),2011,2011,7021,Annual value,,79.980000,E
95,'340,Honduras,125,'01520.01,"Cassava, fresh",5539,Producer Price Index (2014-2016 = 100),2012,2012,7021,Annual value,,84.990000,E
95,'340,Honduras,125,'01520.01,"Cassava, fresh",5539,Producer Price Index (2014-2016 = 100),2013,2013,7021,Annual value,,89.990000,E
95,'340,Honduras,125,'01520.01,"Cassava, fresh",5539,Producer Price Index (2014-2016 = 100),2014,2014,7021,Annual value,,95.000000,E
95,'340,Honduras,125,'01520.01,"Cassava, fresh",5539,Producer Price Index (2014-2016 = 100),2015,2015,7021,Annual value,,100.000000,E
95,'340,Honduras,125,'01520.01,"Cassava, fresh",5539,Producer Price Index (2014-2016 = 100),2016,2016,7021,Annual value,,105.000000,E
95,'340,Honduras,125,'01520.01,"Cassava, fresh",5539,Producer Price Index (2014-2016 = 100),2017,2017,7021,Annual value,,110.010000,E
95,'340,Honduras,125,'01520.01,"Cassava, fresh",5539,Producer Price Index (2014-2016 = 100),2018,2018,7021,Annual value,,115.010000,E
95,'340,Honduras,125,'01520.01,"Cassava, fresh",5539,Producer Price Index (2014-2016 = 100),2019,2019,7021,Annual value,,120.020000,E
95,'340,Honduras,125,'01520.01,"Cassava, fresh",5539,Producer Price Index (2014-2016 = 100),2020,2020,7021,Annual value,,226.870000,E
95,'340,Honduras,125,'01520.01,"Cassava, fresh",5539,Producer Price Index (2014-2016 = 100),2021,2021,7021,Annual value,,336.730000,E
95,'340,Honduras,125,'01520.01,"Cassava, fresh",5539,Producer Price Index (2014-2016 = 100),2022,2022,7021,Annual value,,450.370000,E
95,'340,Honduras,125,'01520.01,"Cassava, fresh",5539,Producer Price Index (2014-2016 = 100),2023,2023,7021,Annual value,,700.050000,E
95,'340,Honduras,125,'01520.01,"Cassava, fresh",5539,Producer Price Index (2014-2016 = 100),2024,2024,7021,Annual value,,774.070000,E
95,'340,Honduras,125,'01520.01,"Cassava, fresh",5539,Producer Price Index (2014-2016 = 100),2025,2025,7021,Annual value,,884.790000,E
95,'340,Honduras,393,'01213,Cauliflowers and broccoli,5530,Producer Price (LCU/tonne),2005,2005,7021,Annual value,LCU,4200.000000,A
95,'340,Honduras,393,'01213,Cauliflowers and broccoli,5530,Producer Price (LCU/tonne),2006,2006,7021,Annual value,LCU,4400.000000,A
95,'340,Honduras,393,'01213,Cauliflowers and broccoli,5530,Producer Price (LCU/tonne),2007,2007,7021,Annual value,LCU,5500.000000,A
95,'340,Honduras,393,'01213,Cauliflowers and broccoli,5530,Producer Price (LCU/tonne),2008,2008,7021,Annual value,LCU,4026.000000,A
95,'340,Honduras,393,'01213,Cauliflowers and broccoli,5531,Producer Price (SLC/tonne),2005,2005,7021,Annual value,SLC,4200.000000,A
95,'340,Honduras,393,'01213,Cauliflowers and broccoli,5531,Producer Price (SLC/tonne),2006,2006,7021,Annual value,SLC,4400.000000,A
95,'340,Honduras,393,'01213,Cauliflowers and broccoli,5531,Producer Price (SLC/tonne),2007,2007,7021,Annual value,SLC,5500.000000,A
95,'340,Honduras,393,'01213,Cauliflowers and broccoli,5531,Producer Price (SLC/tonne),2008,2008,7021,Annual value,SLC,4026.000000,A
95,'340,Honduras,393,'01213,Cauliflowers and broccoli,5532,Producer Price (USD/tonne),2005,2005,7021,Annual value,USD,223.000000,A
95,'340,Honduras,393,'01213,Cauliflowers and broccoli,5532,Producer Price (USD/tonne),2006,2006,7021,Annual value,USD,232.900000,A
95,'340,Honduras,393,'01213,Cauliflowers and broccoli,5532,Producer Price (USD/tonne),2007,2007,7021,Annual value,USD,291.100000,A
95,'340,Honduras,393,'01213,Cauliflowers and broccoli,5532,Producer Price (USD/tonne),2008,2008,7021,Annual value,USD,213.000000,A
95,'340,Honduras,393,'01213,Cauliflowers and broccoli,5539,Producer Price Index (2014-2016 = 100),1991,1991,7021,Annual value,,4.690000,E
95,'340,Honduras,393,'01213,Cauliflowers and broccoli,5539,Producer Price Index (2014-2016 = 100),1992,1992,7021,Annual value,,6.800000,E
95,'340,Honduras,393,'01213,Cauliflowers and broccoli,5539,Producer Price Index (2014-2016 = 100),1993,1993,7021,Annual value,,11.720000,E
95,'340,Honduras,393,'01213,Cauliflowers and broccoli,5539,Producer Price Index (2014-2016 = 100),1994,1994,7021,Annual value,,15.640000,E
95,'340,Honduras,393,'01213,Cauliflowers and broccoli,5539,Producer Price Index (2014-2016 = 100),1995,1995,7021,Annual value,,18.690000,E
95,'340,Honduras,393,'01213,Cauliflowers and broccoli,5539,Producer Price Index (2014-2016 = 100),1996,1996,7021,Annual value,,13.560000,E
95,'340,Honduras,393,'01213,Cauliflowers and broccoli,5539,Producer Price Index (2014-2016 = 100),1997,1997,7021,Annual value,,16.200000,E
95,'340,Honduras,393,'01213,Cauliflowers and broccoli,5539,Producer Price Index (2014-2016 = 100),1998,1998,7021,Annual value,,17.970000,E
95,'340,Honduras,393,'01213,Cauliflowers and broccoli,5539,Producer Price Index (2014-2016 = 100),1999,1999,7021,Annual value,,19.930000,E
95,'340,Honduras,393,'01213,Cauliflowers and broccoli,5539,Producer Price Index (2014-2016 = 100),2000,2000,7021,Annual value,,22.100000,E
95,'340,Honduras,393,'01213,Cauliflowers and broccoli,5539,Producer Price Index (2014-2016 = 100),2001,2001,7021,Annual value,,24.510000,E
95,'340,Honduras,393,'01213,Cauliflowers and broccoli,5539,Producer Price Index (2014-2016 = 100),2002,2002,7021,Annual value,,27.190000,E
95,'340,Honduras,393,'01213,Cauliflowers and broccoli,5539,Producer Price Index (2014-2016 = 100),2003,2003,7021,Annual value,,36.480000,E
95,'340,Honduras,393,'01213,Cauliflowers and broccoli,5539,Producer Price Index (2014-2016 = 100),2004,2004,7021,Annual value,,45.800000,E
95,'340,Honduras,393,'01213,Cauliflowers and broccoli,5539,Producer Price Index (2014-2016 = 100),2005,2005,7021,Annual value,,55.140000,E
95,'340,Honduras,393,'01213,Cauliflowers and broccoli,5539,Producer Price Index (2014-2016 = 100),2006,2006,7021,Annual value,,57.760000,E
95,'340,Honduras,393,'01213,Cauliflowers and broccoli,5539,Producer Price Index (2014-2016 = 100),2007,2007,7021,Annual value,,72.200000,E
95,'340,Honduras,393,'01213,Cauliflowers and broccoli,5539,Producer Price Index (2014-2016 = 100),2008,2008,7021,Annual value,,52.850000,E
95,'340,Honduras,393,'01213,Cauliflowers and broccoli,5539,Producer Price Index (2014-2016 = 100),2009,2009,7021,Annual value,,64.170000,E
95,'340,Honduras,393,'01213,Cauliflowers and broccoli,5539,Producer Price Index (2014-2016 = 100),2010,2010,7021,Annual value,,79.310000,E
95,'340,Honduras,393,'01213,Cauliflowers and broccoli,5539,Producer Price Index (2014-2016 = 100),2011,2011,7021,Annual value,,79.450000,E
95,'340,Honduras,393,'01213,Cauliflowers and broccoli,5539,Producer Price Index (2014-2016 = 100),2012,2012,7021,Annual value,,84.590000,E
95,'340,Honduras,393,'01213,Cauliflowers and broccoli,5539,Producer Price Index (2014-2016 = 100),2013,2013,7021,Annual value,,89.720000,E
95,'340,Honduras,393,'01213,Cauliflowers and broccoli,5539,Producer Price Index (2014-2016 = 100),2014,2014,7021,Annual value,,94.860000,E
95,'340,Honduras,393,'01213,Cauliflowers and broccoli,5539,Producer Price Index (2014-2016 = 100),2015,2015,7021,Annual value,,100.000000,E
95,'340,Honduras,393,'01213,Cauliflowers and broccoli,5539,Producer Price Index (2014-2016 = 100),2016,2016,7021,Annual value,,105.140000,E
95,'340,Honduras,393,'01213,Cauliflowers and broccoli,5539,Producer Price Index (2014-2016 = 100),2017,2017,7021,Annual value,,110.280000,E
95,'340,Honduras,393,'01213,Cauliflowers and broccoli,5539,Producer Price Index (2014-2016 = 100),2018,2018,7021,Annual value,,115.410000,E
95,'340,Honduras,393,'01213,Cauliflowers and broccoli,5539,Producer Price Index (2014-2016 = 100),2019,2019,7021,Annual value,,120.550000,E
95,'340,Honduras,393,'01213,Cauliflowers and broccoli,5539,Producer Price Index (2014-2016 = 100),2020,2020,7021,Annual value,,126.030000,E
95,'340,Honduras,393,'01213,Cauliflowers and broccoli,5539,Producer Price Index (2014-2016 = 100),2021,2021,7021,Annual value,,133.280000,E
95,'340,Honduras,393,'01213,Cauliflowers and broccoli,5539,Producer Price Index (2014-2016 = 100),2022,2022,7021,Annual value,,131.510000,E
95,'340,Honduras,393,'01213,Cauliflowers and broccoli,5539,Producer Price Index (2014-2016 = 100),2023,2023,7021,Annual value,,135.570000,E
95,'340,Honduras,393,'01213,Cauliflowers and broccoli,5539,Producer Price Index (2014-2016 = 100),2024,2024,7021,Annual value,,139.630000,E
95,'340,Honduras,393,'01213,Cauliflowers and broccoli,5539,Producer Price Index (2014-2016 = 100),2025,2025,7021,Annual value,,143.690000,E
95,'340,Honduras,401,'01231,"Chillies and peppers, green (Capsicum spp. and Pimenta spp.)",5530,Producer Price (LCU/tonne),2005,2005,7021,Annual value,LCU,5923.000000,A
95,'340,Honduras,401,'01231,"Chillies and peppers, green (Capsicum spp. and Pimenta spp.)",5530,Producer Price (LCU/tonne),2006,2006,7021,Annual value,LCU,6769.000000,A
95,'340,Honduras,401,'01231,"Chillies and peppers, green (Capsicum spp. and Pimenta spp.)",5530,Producer Price (LCU/tonne),2007,2007,7021,Annual value,LCU,7920.000000,A
95,'340,Honduras,401,'01231,"Chillies and peppers, green (Capsicum spp. and Pimenta spp.)",5530,Producer Price (LCU/tonne),2008,2008,7021,Annual value,LCU,8800.000000,A
95,'340,Honduras,401,'01231,"Chillies and peppers, green (Capsicum spp. and Pimenta spp.)",5530,Producer Price (LCU/tonne),2022,2022,7021,Annual value,LCU,36376.500000,A
95,'340,Honduras,401,'01231,"Chillies and peppers, green (Capsicum spp. and Pimenta spp.)",5530,Producer Price (LCU/tonne),2023,2023,7021,Annual value,LCU,28660.200000,A
95,'340,Honduras,401,'01231,"Chillies and peppers, green (Capsicum spp. and Pimenta spp.)",5530,Producer Price (LCU/tonne),2024,2024,7021,Annual value,LCU,33069.500000,A
95,'340,Honduras,401,'01231,"Chillies and peppers, green (Capsicum spp. and Pimenta spp.)",5530,Producer Price (LCU/tonne),2024,2024,7001,January,LCU,33069.500000,A
95,'340,Honduras,401,'01231,"Chillies and peppers, green (Capsicum spp. and Pimenta spp.)",5530,Producer Price (LCU/tonne),2024,2024,7002,February,LCU,33069.500000,A
95,'340,Honduras,401,'01231,"Chillies and peppers, green (Capsicum spp. and Pimenta spp.)",5530,Producer Price (LCU/tonne),2024,2024,7003,March,LCU,33069.500000,A
95,'340,Honduras,401,'01231,"Chillies and peppers, green (Capsicum spp. and Pimenta spp.)",5530,Producer Price (LCU/tonne),2024,2024,7004,April,LCU,33069.500000,A
95,'340,Honduras,401,'01231,"Chillies and peppers, green (Capsicum spp. and Pimenta spp.)",5530,Producer Price (LCU/tonne),2024,2024,7005,May,LCU,33069.500000,A
95,'340,Honduras,401,'01231,"Chillies and peppers, green (Capsicum spp. and Pimenta spp.)",5530,Producer Price (LCU/tonne),2024,2024,7006,June,LCU,33069.500000,A
95,'340,Honduras,401,'01231,"Chillies and peppers, green (Capsicum spp. and Pimenta spp.)",5530,Producer Price (LCU/tonne),2024,2024,7007,July,LCU,33069.500000,A
95,'340,Honduras,401,'01231,"Chillies and peppers, green (Capsicum spp. and Pimenta spp.)",5530,Producer Price (LCU/tonne),2024,2024,7008,August,LCU,33069.500000,A
95,'340,Honduras,401,'01231,"Chillies and peppers, green (Capsicum spp. and Pimenta spp.)",5530,Producer Price (LCU/tonne),2024,2024,7009,September,LCU,33069.500000,A
95,'340,Honduras,401,'01231,"Chillies and peppers, green (Capsicum spp. and Pimenta spp.)",5530,Producer Price (LCU/tonne),2024,2024,7010,October,LCU,33069.500000,A
95,'340,Honduras,401,'01231,"Chillies and peppers, green (Capsicum spp. and Pimenta spp.)",5530,Producer Price (LCU/tonne),2024,2024,7011,November,LCU,33069.500000,A
95,'340,Honduras,401,'01231,"Chillies and peppers, green (Capsicum spp. and Pimenta spp.)",5530,Producer Price (LCU/tonne),2024,2024,7012,December,LCU,33069.500000,A
95,'340,Honduras,401,'01231,"Chillies and peppers, green (Capsicum spp. and Pimenta spp.)",5530,Producer Price (LCU/tonne),2025,2025,7001,January,LCU,33069.500000,A
95,'340,Honduras,401,'01231,"Chillies and peppers, green (Capsicum spp. and Pimenta spp.)",5531,Producer Price (SLC/tonne),2005,2005,7021,Annual value,SLC,5923.000000,A
95,'340,Honduras,401,'01231,"Chillies and peppers, green (Capsicum spp. and Pimenta spp.)",5531,Producer Price (SLC/tonne),2006,2006,7021,Annual value,SLC,6769.000000,A
95,'340,Honduras,401,'01231,"Chillies and peppers, green (Capsicum spp. and Pimenta spp.)",5531,Producer Price (SLC/tonne),2007,2007,7021,Annual value,SLC,7920.000000,A
95,'340,Honduras,401,'01231,"Chillies and peppers, green (Capsicum spp. and Pimenta spp.)",5531,Producer Price (SLC/tonne),2008,2008,7021,Annual value,SLC,8800.000000,A
95,'340,Honduras,401,'01231,"Chillies and peppers, green (Capsicum spp. and Pimenta spp.)",5531,Producer Price (SLC/tonne),2022,2022,7021,Annual value,SLC,36376.500000,A
95,'340,Honduras,401,'01231,"Chillies and peppers, green (Capsicum spp. and Pimenta spp.)",5531,Producer Price (SLC/tonne),2023,2023,7021,Annual value,SLC,28660.200000,A
95,'340,Honduras,401,'01231,"Chillies and peppers, green (Capsicum spp. and Pimenta spp.)",5531,Producer Price (SLC/tonne),2024,2024,7021,Annual value,SLC,33069.500000,A
95,'340,Honduras,401,'01231,"Chillies and peppers, green (Capsicum spp. and Pimenta spp.)",5532,Producer Price (USD/tonne),2005,2005,7021,Annual value,USD,314.500000,A
95,'340,Honduras,401,'01231,"Chillies and peppers, green (Capsicum spp. and Pimenta spp.)",5532,Producer Price (USD/tonne),2006,2006,7021,Annual value,USD,358.200000,A
95,'340,Honduras,401,'01231,"Chillies and peppers, green (Capsicum spp. and Pimenta spp.)",5532,Producer Price (USD/tonne),2007,2007,7021,Annual value,USD,419.200000,A
95,'340,Honduras,401,'01231,"Chillies and peppers, green (Capsicum spp. and Pimenta spp.)",5532,Producer Price (USD/tonne),2008,2008,7021,Annual value,USD,465.500000,A
95,'340,Honduras,401,'01231,"Chillies and peppers, green (Capsicum spp. and Pimenta spp.)",5532,Producer Price (USD/tonne),2022,2022,7021,Annual value,USD,1485.600000,A
95,'340,Honduras,401,'01231,"Chillies and peppers, green (Capsicum spp. and Pimenta spp.)",5532,Producer Price (USD/tonne),2023,2023,7021,Annual value,USD,1165.000000,A
95,'340,Honduras,401,'01231,"Chillies and peppers, green (Capsicum spp. and Pimenta spp.)",5532,Producer Price (USD/tonne),2024,2024,7021,Annual value,USD,1333.500000,A
95,'340,Honduras,401,'01231,"Chillies and peppers, green (Capsicum spp. and Pimenta spp.)",5539,Producer Price Index (2014-2016 = 100),1991,1991,7021,Annual value,,3.490000,E
95,'340,Honduras,401,'01231,"Chillies and peppers, green (Capsicum spp. and Pimenta spp.)",5539,Producer Price Index (2014-2016 = 100),1992,1992,7021,Annual value,,5.060000,E
95,'340,Honduras,401,'01231,"Chillies and peppers, green (Capsicum spp. and Pimenta spp.)",5539,Producer Price Index (2014-2016 = 100),1993,1993,7021,Annual value,,8.720000,E
95,'340,Honduras,401,'01231,"Chillies and peppers, green (Capsicum spp. and Pimenta spp.)",5539,Producer Price Index (2014-2016 = 100),1994,1994,7021,Annual value,,11.640000,E
95,'340,Honduras,401,'01231,"Chillies and peppers, green (Capsicum spp. and Pimenta spp.)",5539,Producer Price Index (2014-2016 = 100),1995,1995,7021,Annual value,,13.910000,E
95,'340,Honduras,401,'01231,"Chillies and peppers, green (Capsicum spp. and Pimenta spp.)",5539,Producer Price Index (2014-2016 = 100),1996,1996,7021,Annual value,,10.010000,E
95,'340,Honduras,401,'01231,"Chillies and peppers, green (Capsicum spp. and Pimenta spp.)",5539,Producer Price Index (2014-2016 = 100),1997,1997,7021,Annual value,,11.970000,E
95,'340,Honduras,401,'01231,"Chillies and peppers, green (Capsicum spp. and Pimenta spp.)",5539,Producer Price Index (2014-2016 = 100),1998,1998,7021,Annual value,,13.280000,E
95,'340,Honduras,401,'01231,"Chillies and peppers, green (Capsicum spp. and Pimenta spp.)",5539,Producer Price Index (2014-2016 = 100),1999,1999,7021,Annual value,,14.720000,E
95,'340,Honduras,401,'01231,"Chillies and peppers, green (Capsicum spp. and Pimenta spp.)",5539,Producer Price Index (2014-2016 = 100),2000,2000,7021,Annual value,,16.330000,E
95,'340,Honduras,401,'01231,"Chillies and peppers, green (Capsicum spp. and Pimenta spp.)",5539,Producer Price Index (2014-2016 = 100),2001,2001,7021,Annual value,,18.110000,E
95,'340,Honduras,401,'01231,"Chillies and peppers, green (Capsicum spp. and Pimenta spp.)",5539,Producer Price Index (2014-2016 = 100),2002,2002,7021,Annual value,,20.090000,E
95,'340,Honduras,401,'01231,"Chillies and peppers, green (Capsicum spp. and Pimenta spp.)",5539,Producer Price Index (2014-2016 = 100),2003,2003,7021,Annual value,,26.950000,E
95,'340,Honduras,401,'01231,"Chillies and peppers, green (Capsicum spp. and Pimenta spp.)",5539,Producer Price Index (2014-2016 = 100),2004,2004,7021,Annual value,,33.830000,E
95,'340,Honduras,401,'01231,"Chillies and peppers, green (Capsicum spp. and Pimenta spp.)",5539,Producer Price Index (2014-2016 = 100),2005,2005,7021,Annual value,,40.730000,E
95,'340,Honduras,401,'01231,"Chillies and peppers, green (Capsicum spp. and Pimenta spp.)",5539,Producer Price Index (2014-2016 = 100),2006,2006,7021,Annual value,,46.550000,E
95,'340,Honduras,401,'01231,"Chillies and peppers, green (Capsicum spp. and Pimenta spp.)",5539,Producer Price Index (2014-2016 = 100),2007,2007,7021,Annual value,,54.470000,E
95,'340,Honduras,401,'01231,"Chillies and peppers, green (Capsicum spp. and Pimenta spp.)",5539,Producer Price Index (2014-2016 = 100),2008,2008,7021,Annual value,,60.520000,E
95,'340,Honduras,401,'01231,"Chillies and peppers, green (Capsicum spp. and Pimenta spp.)",5539,Producer Price Index (2014-2016 = 100),2009,2009,7021,Annual value,,66.630000,E
95,'340,Honduras,401,'01231,"Chillies and peppers, green (Capsicum spp. and Pimenta spp.)",5539,Producer Price Index (2014-2016 = 100),2010,2010,7021,Annual value,,71.110000,E
95,'340,Honduras,401,'01231,"Chillies and peppers, green (Capsicum spp. and Pimenta spp.)",5539,Producer Price Index (2014-2016 = 100),2011,2011,7021,Annual value,,76.420000,E
95,'340,Honduras,401,'01231,"Chillies and peppers, green (Capsicum spp. and Pimenta spp.)",5539,Producer Price Index (2014-2016 = 100),2012,2012,7021,Annual value,,82.320000,E
95,'340,Honduras,401,'01231,"Chillies and peppers, green (Capsicum spp. and Pimenta spp.)",5539,Producer Price Index (2014-2016 = 100),2013,2013,7021,Annual value,,88.210000,E
95,'340,Honduras,401,'01231,"Chillies and peppers, green (Capsicum spp. and Pimenta spp.)",5539,Producer Price Index (2014-2016 = 100),2014,2014,7021,Annual value,,94.110000,E
95,'340,Honduras,401,'01231,"Chillies and peppers, green (Capsicum spp. and Pimenta spp.)",5539,Producer Price Index (2014-2016 = 100),2015,2015,7021,Annual value,,100.000000,E
95,'340,Honduras,401,'01231,"Chillies and peppers, green (Capsicum spp. and Pimenta spp.)",5539,Producer Price Index (2014-2016 = 100),2016,2016,7021,Annual value,,105.890000,E
95,'340,Honduras,401,'01231,"Chillies and peppers, green (Capsicum spp. and Pimenta spp.)",5539,Producer Price Index (2014-2016 = 100),2017,2017,7021,Annual value,,111.790000,E
95,'340,Honduras,401,'01231,"Chillies and peppers, green (Capsicum spp. and Pimenta spp.)",5539,Producer Price Index (2014-2016 = 100),2018,2018,7021,Annual value,,117.680000,E
95,'340,Honduras,401,'01231,"Chillies and peppers, green (Capsicum spp. and Pimenta spp.)",5539,Producer Price Index (2014-2016 = 100),2019,2019,7021,Annual value,,123.580000,E
95,'340,Honduras,401,'01231,"Chillies and peppers, green (Capsicum spp. and Pimenta spp.)",5539,Producer Price Index (2014-2016 = 100),2020,2020,7021,Annual value,,164.580000,E
95,'340,Honduras,401,'01231,"Chillies and peppers, green (Capsicum spp. and Pimenta spp.)",5539,Producer Price Index (2014-2016 = 100),2021,2021,7021,Annual value,,195.440000,E
95,'340,Honduras,401,'01231,"Chillies and peppers, green (Capsicum spp. and Pimenta spp.)",5539,Producer Price Index (2014-2016 = 100),2022,2022,7021,Annual value,,250.170000,E
95,'340,Honduras,401,'01231,"Chillies and peppers, green (Capsicum spp. and Pimenta spp.)",5539,Producer Price Index (2014-2016 = 100),2023,2023,7021,Annual value,,197.100000,E
95,'340,Honduras,401,'01231,"Chillies and peppers, green (Capsicum spp. and Pimenta spp.)",5539,Producer Price Index (2014-2016 = 100),2024,2024,7021,Annual value,,227.430000,E
95,'340,Honduras,401,'01231,"Chillies and peppers, green (Capsicum spp. and Pimenta spp.)",5539,Producer Price Index (2014-2016 = 100),2025,2025,7021,Annual value,,267.610000,E
95,'340,Honduras,661,'01640,Cocoa beans,5530,Producer Price (LCU/tonne),2004,2004,7021,Annual value,LCU,32100.000000,A
95,'340,Honduras,661,'01640,Cocoa beans,5530,Producer Price (LCU/tonne),2005,2005,7021,Annual value,LCU,32500.000000,A
95,'340,Honduras,661,'01640,Cocoa beans,5530,Producer Price (LCU/tonne),2006,2006,7021,Annual value,LCU,33000.000000,A
95,'340,Honduras,661,'01640,Cocoa beans,5530,Producer Price (LCU/tonne),2007,2007,7021,Annual value,LCU,22000.000000,A
95,'340,Honduras,661,'01640,Cocoa beans,5531,Producer Price (SLC/tonne),2004,2004,7021,Annual value,SLC,32100.000000,A
95,'340,Honduras,661,'01640,Cocoa beans,5531,Producer Price (SLC/tonne),2005,2005,7021,Annual value,SLC,32500.000000,A
95,'340,Honduras,661,'01640,Cocoa beans,5531,Producer Price (SLC/tonne),2006,2006,7021,Annual value,SLC,33000.000000,A
95,'340,Honduras,661,'01640,Cocoa beans,5531,Producer Price (SLC/tonne),2007,2007,7021,Annual value,SLC,22000.000000,A
95,'340,Honduras,661,'01640,Cocoa beans,5532,Producer Price (USD/tonne),2004,2004,7021,Annual value,USD,1763.100000,A
95,'340,Honduras,661,'01640,Cocoa beans,5532,Producer Price (USD/tonne),2005,2005,7021,Annual value,USD,1725.800000,A
95,'340,Honduras,661,'01640,Cocoa beans,5532,Producer Price (USD/tonne),2006,2006,7021,Annual value,USD,1746.500000,A
95,'340,Honduras,661,'01640,Cocoa beans,5532,Producer Price (USD/tonne),2007,2007,7021,Annual value,USD,1164.300000,A
95,'340,Honduras,661,'01640,Cocoa beans,5539,Producer Price Index (2014-2016 = 100),1991,1991,7021,Annual value,,16.080000,E
95,'340,Honduras,661,'01640,Cocoa beans,5539,Producer Price Index (2014-2016 = 100),1992,1992,7021,Annual value,,15.470000,E
95,'340,Honduras,661,'01640,Cocoa beans,5539,Producer Price Index (2014-2016 = 100),1993,1993,7021,Annual value,,23.890000,E
95,'340,Honduras,661,'01640,Cocoa beans,5539,Producer Price Index (2014-2016 = 100),1994,1994,7021,Annual value,,57.660000,E
95,'340,Honduras,661,'01640,Cocoa beans,5539,Producer Price Index (2014-2016 = 100),1995,1995,7021,Annual value,,51.730000,E
95,'340,Honduras,661,'01640,Cocoa beans,5539,Producer Price Index (2014-2016 = 100),1996,1996,7021,Annual value,,107.030000,E
95,'340,Honduras,661,'01640,Cocoa beans,5539,Producer Price Index (2014-2016 = 100),1997,1997,7021,Annual value,,139.000000,E
95,'340,Honduras,661,'01640,Cocoa beans,5539,Producer Price Index (2014-2016 = 100),1998,1998,7021,Annual value,,107.880000,E
95,'340,Honduras,661,'01640,Cocoa beans,5539,Producer Price Index (2014-2016 = 100),1999,1999,7021,Annual value,,92.520000,E
95,'340,Honduras,661,'01640,Cocoa beans,5539,Producer Price Index (2014-2016 = 100),2000,2000,7021,Annual value,,100.780000,E
95,'340,Honduras,661,'01640,Cocoa beans,5539,Producer Price Index (2014-2016 = 100),2001,2001,7021,Annual value,,109.790000,E
95,'340,Honduras,661,'01640,Cocoa beans,5539,Producer Price Index (2014-2016 = 100),2002,2002,7021,Annual value,,64.190000,E
95,'340,Honduras,661,'01640,Cocoa beans,5539,Producer Price Index (2014-2016 = 100),2003,2003,7021,Annual value,,75.430000,E
95,'340,Honduras,661,'01640,Cocoa beans,5539,Producer Price Index (2014-2016 = 100),2004,2004,7021,Annual value,,112.240000,E
95,'340,Honduras,661,'01640,Cocoa beans,5539,Producer Price Index (2014-2016 = 100),2005,2005,7021,Annual value,,113.640000,E
95,'340,Honduras,661,'01640,Cocoa beans,5539,Producer Price Index (2014-2016 = 100),2006,2006,7021,Annual value,,115.390000,E
95,'340,Honduras,661,'01640,Cocoa beans,5539,Producer Price Index (2014-2016 = 100),2007,2007,7021,Annual value,,76.920000,E
95,'340,Honduras,661,'01640,Cocoa beans,5539,Producer Price Index (2014-2016 = 100),2008,2008,7021,Annual value,,86.450000,E
95,'340,Honduras,661,'01640,Cocoa beans,5539,Producer Price Index (2014-2016 = 100),2009,2009,7021,Annual value,,94.970000,E
95,'340,Honduras,661,'01640,Cocoa beans,5539,Producer Price Index (2014-2016 = 100),2010,2010,7021,Annual value,,101.280000,E
95,'340,Honduras,661,'01640,Cocoa beans,5539,Producer Price Index (2014-2016 = 100),2011,2011,7021,Annual value,,97.650000,E
95,'340,Honduras,661,'01640,Cocoa beans,5539,Producer Price Index (2014-2016 = 100),2012,2012,7021,Annual value,,98.240000,E
95,'340,Honduras,661,'01640,Cocoa beans,5539,Producer Price Index (2014-2016 = 100),2013,2013,7021,Annual value,,98.820000,E
95,'340,Honduras,661,'01640,Cocoa beans,5539,Producer Price Index (2014-2016 = 100),2014,2014,7021,Annual value,,99.410000,E
95,'340,Honduras,661,'01640,Cocoa beans,5539,Producer Price Index (2014-2016 = 100),2015,2015,7021,Annual value,,100.000000,E
95,'340,Honduras,661,'01640,Cocoa beans,5539,Producer Price Index (2014-2016 = 100),2016,2016,7021,Annual value,,100.590000,E
95,'340,Honduras,661,'01640,Cocoa beans,5539,Producer Price Index (2014-2016 = 100),2017,2017,7021,Annual value,,101.180000,E
95,'340,Honduras,661,'01640,Cocoa beans,5539,Producer Price Index (2014-2016 = 100),2018,2018,7021,Annual value,,101.760000,E
95,'340,Honduras,661,'01640,Cocoa beans,5539,Producer Price Index (2014-2016 = 100),2019,2019,7021,Annual value,,102.350000,E
95,'340,Honduras,661,'01640,Cocoa beans,5539,Producer Price Index (2014-2016 = 100),2020,2020,7021,Annual value,,100.010000,E
95,'340,Honduras,661,'01640,Cocoa beans,5539,Producer Price Index (2014-2016 = 100),2021,2021,7021,Annual value,,99.740000,E
95,'340,Honduras,661,'01640,Cocoa beans,5539,Producer Price Index (2014-2016 = 100),2022,2022,7021,Annual value,,99.500000,E
95,'340,Honduras,661,'01640,Cocoa beans,5539,Producer Price Index (2014-2016 = 100),2023,2023,7021,Annual value,,99.530000,E
95,'340,Honduras,661,'01640,Cocoa beans,5539,Producer Price Index (2014-2016 = 100),2024,2024,7021,Annual value,,99.550000,E
95,'340,Honduras,661,'01640,Cocoa beans,5539,Producer Price Index (2014-2016 = 100),2025,2025,7021,Annual value,,99.580000,E
95,'340,Honduras,249,'01460,"Coconuts, in shell",5530,Producer Price (LCU/tonne),1991,1991,7021,Annual value,LCU,216.000000,A
95,'340,Honduras,249,'01460,"Coconuts, in shell",5530,Producer Price (LCU/tonne),1992,1992,7021,Annual value,LCU,227.000000,A
95,'340,Honduras,249,'01460,"Coconuts, in shell",5530,Producer Price (LCU/tonne),1993,1993,7021,Annual value,LCU,260.000000,A
95,'340,Honduras,249,'01460,"Coconuts, in shell",5530,Producer Price (LCU/tonne),1994,1994,7021,Annual value,LCU,344.000000,A
95,'340,Honduras,249,'01460,"Coconuts, in shell",5530,Producer Price (LCU/tonne),1995,1995,7021,Annual value,LCU,353.000000,A
95,'340,Honduras,249,'01460,"Coconuts, in shell",5530,Producer Price (LCU/tonne),1996,1996,7021,Annual value,LCU,950.000000,A
95,'340,Honduras,249,'01460,"Coconuts, in shell",5530,Producer Price (LCU/tonne),1997,1997,7021,Annual value,LCU,1250.000000,A
95,'340,Honduras,249,'01460,"Coconuts, in shell",5530,Producer Price (LCU/tonne),1998,1998,7021,Annual value,LCU,1300.000000,A
95,'340,Honduras,249,'01460,"Coconuts, in shell",5530,Producer Price (LCU/tonne),1999,1999,7021,Annual value,LCU,1521.000000,A
95,'340,Honduras,249,'01460,"Coconuts, in shell",5530,Producer Price (LCU/tonne),2000,2000,7021,Annual value,LCU,1525.000000,A
95,'340,Honduras,249,'01460,"Coconuts, in shell",5530,Producer Price (LCU/tonne),2001,2001,7021,Annual value,LCU,1528.000000,A
95,'340,Honduras,249,'01460,"Coconuts, in shell",5530,Producer Price (LCU/tonne),2002,2002,7021,Annual value,LCU,1530.000000,A
95,'340,Honduras,249,'01460,"Coconuts, in shell",5530,Producer Price (LCU/tonne),2003,2003,7021,Annual value,LCU,1535.000000,A
95,'340,Honduras,249,'01460,"Coconuts, in shell",5530,Producer Price (LCU/tonne),2004,2004,7021,Annual value,LCU,1540.000000,A
95,'340,Honduras,249,'01460,"Coconuts, in shell",5530,Producer Price (LCU/tonne),2005,2005,7021,Annual value,LCU,1650.000000,A
95,'340,Honduras,249,'01460,"Coconuts, in shell",5530,Producer Price (LCU/tonne),2006,2006,7021,Annual value,LCU,1782.000000,A
95,'340,Honduras,249,'01460,"Coconuts, in shell",5530,Producer Price (LCU/tonne),2007,2007,7021,Annual value,LCU,2640.000000,A
95,'340,Honduras,249,'01460,"Coconuts, in shell",5530,Producer Price (LCU/tonne),2008,2008,7021,Annual value,LCU,2850.000000,A
95,'340,Honduras,249,'01460,"Coconuts, in shell",5531,Producer Price (SLC/tonne),1991,1991,7021,Annual value,SLC,216.000000,A
95,'340,Honduras,249,'01460,"Coconuts, in shell",5531,Producer Price (SLC/tonne),1992,1992,7021,Annual value,SLC,227.000000,A
95,'340,Honduras,249,'01460,"Coconuts, in shell",5531,Producer Price (SLC/tonne),1993,1993,7021,Annual value,SLC,260.000000,A
95,'340,Honduras,249,'01460,"Coconuts, in shell",5531,Producer Price (SLC/tonne),1994,1994,7021,Annual value,SLC,344.000000,A
95,'340,Honduras,249,'01460,"Coconuts, in shell",5531,Producer Price (SLC/tonne),1995,1995,7021,Annual value,SLC,353.000000,A
95,'340,Honduras,249,'01460,"Coconuts, in shell",5531,Producer Price (SLC/tonne),1996,1996,7021,Annual value,SLC,950.000000,A
95,'340,Honduras,249,'01460,"Coconuts, in shell",5531,Producer Price (SLC/tonne),1997,1997,7021,Annual value,SLC,1250.000000,A
95,'340,Honduras,249,'01460,"Coconuts, in shell",5531,Producer Price (SLC/tonne),1998,1998,7021,Annual value,SLC,1300.000000,A
95,'340,Honduras,249,'01460,"Coconuts, in shell",5531,Producer Price (SLC/tonne),1999,1999,7021,Annual value,SLC,1521.000000,A
95,'340,Honduras,249,'01460,"Coconuts, in shell",5531,Producer Price (SLC/tonne),2000,2000,7021,Annual value,SLC,1525.000000,A
95,'340,Honduras,249,'01460,"Coconuts, in shell",5531,Producer Price (SLC/tonne),2001,2001,7021,Annual value,SLC,1528.000000,A
95,'340,Honduras,249,'01460,"Coconuts, in shell",5531,Producer Price (SLC/tonne),2002,2002,7021,Annual value,SLC,1530.000000,A
95,'340,Honduras,249,'01460,"Coconuts, in shell",5531,Producer Price (SLC/tonne),2003,2003,7021,Annual value,SLC,1535.000000,A
95,'340,Honduras,249,'01460,"Coconuts, in shell",5531,Producer Price (SLC/tonne),2004,2004,7021,Annual value,SLC,1540.000000,A
95,'340,Honduras,249,'01460,"Coconuts, in shell",5531,Producer Price (SLC/tonne),2005,2005,7021,Annual value,SLC,1650.000000,A
95,'340,Honduras,249,'01460,"Coconuts, in shell",5531,Producer Price (SLC/tonne),2006,2006,7021,Annual value,SLC,1782.000000,A
95,'340,Honduras,249,'01460,"Coconuts, in shell",5531,Producer Price (SLC/tonne),2007,2007,7021,Annual value,SLC,2640.000000,A
95,'340,Honduras,249,'01460,"Coconuts, in shell",5531,Producer Price (SLC/tonne),2008,2008,7021,Annual value,SLC,2850.000000,A
95,'340,Honduras,249,'01460,"Coconuts, in shell",5532,Producer Price (USD/tonne),1991,1991,7021,Annual value,USD,40.600000,A
95,'340,Honduras,249,'01460,"Coconuts, in shell",5532,Producer Price (USD/tonne),1992,1992,7021,Annual value,USD,41.300000,A
95,'340,Honduras,249,'01460,"Coconuts, in shell",5532,Producer Price (USD/tonne),1993,1993,7021,Annual value,USD,40.200000,A
95,'340,Honduras,249,'01460,"Coconuts, in shell",5532,Producer Price (USD/tonne),1994,1994,7021,Annual value,USD,40.900000,A
95,'340,Honduras,249,'01460,"Coconuts, in shell",5532,Producer Price (USD/tonne),1995,1995,7021,Annual value,USD,37.300000,A
95,'340,Honduras,249,'01460,"Coconuts, in shell",5532,Producer Price (USD/tonne),1996,1996,7021,Annual value,USD,81.200000,A
95,'340,Honduras,249,'01460,"Coconuts, in shell",5532,Producer Price (USD/tonne),1997,1997,7021,Annual value,USD,96.100000,A
95,'340,Honduras,249,'01460,"Coconuts, in shell",5532,Producer Price (USD/tonne),1998,1998,7021,Annual value,USD,97.100000,A
95,'340,Honduras,249,'01460,"Coconuts, in shell",5532,Producer Price (USD/tonne),1999,1999,7021,Annual value,USD,107.000000,A
95,'340,Honduras,249,'01460,"Coconuts, in shell",5532,Producer Price (USD/tonne),2000,2000,7021,Annual value,USD,102.800000,A
95,'340,Honduras,249,'01460,"Coconuts, in shell",5532,Producer Price (USD/tonne),2001,2001,7021,Annual value,USD,98.700000,A
95,'340,Honduras,249,'01460,"Coconuts, in shell",5532,Producer Price (USD/tonne),2002,2002,7021,Annual value,USD,93.100000,A
95,'340,Honduras,249,'01460,"Coconuts, in shell",5532,Producer Price (USD/tonne),2003,2003,7021,Annual value,USD,88.500000,A
95,'340,Honduras,249,'01460,"Coconuts, in shell",5532,Producer Price (USD/tonne),2004,2004,7021,Annual value,USD,84.600000,A
95,'340,Honduras,249,'01460,"Coconuts, in shell",5532,Producer Price (USD/tonne),2005,2005,7021,Annual value,USD,87.600000,A
95,'340,Honduras,249,'01460,"Coconuts, in shell",5532,Producer Price (USD/tonne),2006,2006,7021,Annual value,USD,94.300000,A
95,'340,Honduras,249,'01460,"Coconuts, in shell",5532,Producer Price (USD/tonne),2007,2007,7021,Annual value,USD,139.700000,A
95,'340,Honduras,249,'01460,"Coconuts, in shell",5532,Producer Price (USD/tonne),2008,2008,7021,Annual value,USD,150.800000,A
95,'340,Honduras,249,'01460,"Coconuts, in shell",5539,Producer Price Index (2014-2016 = 100),1991,1991,7021,Annual value,,6.810000,E
95,'340,Honduras,249,'01460,"Coconuts, in shell",5539,Producer Price Index (2014-2016 = 100),1992,1992,7021,Annual value,,7.150000,E
95,'340,Honduras,249,'01460,"Coconuts, in shell",5539,Producer Price Index (2014-2016 = 100),1993,1993,7021,Annual value,,8.190000,E
95,'340,Honduras,249,'01460,"Coconuts, in shell",5539,Producer Price Index (2014-2016 = 100),1994,1994,7021,Annual value,,10.840000,E
95,'340,Honduras,249,'01460,"Coconuts, in shell",5539,Producer Price Index (2014-2016 = 100),1995,1995,7021,Annual value,,11.130000,E
95,'340,Honduras,249,'01460,"Coconuts, in shell",5539,Producer Price Index (2014-2016 = 100),1996,1996,7021,Annual value,,29.940000,E
95,'340,Honduras,249,'01460,"Coconuts, in shell",5539,Producer Price Index (2014-2016 = 100),1997,1997,7021,Annual value,,39.400000,E
95,'340,Honduras,249,'01460,"Coconuts, in shell",5539,Producer Price Index (2014-2016 = 100),1998,1998,7021,Annual value,,40.970000,E
95,'340,Honduras,249,'01460,"Coconuts, in shell",5539,Producer Price Index (2014-2016 = 100),1999,1999,7021,Annual value,,47.940000,E
95,'340,Honduras,249,'01460,"Coconuts, in shell",5539,Producer Price Index (2014-2016 = 100),2000,2000,7021,Annual value,,48.070000,E
95,'340,Honduras,249,'01460,"Coconuts, in shell",5539,Producer Price Index (2014-2016 = 100),2001,2001,7021,Annual value,,48.160000,E
95,'340,Honduras,249,'01460,"Coconuts, in shell",5539,Producer Price Index (2014-2016 = 100),2002,2002,7021,Annual value,,48.220000,E
95,'340,Honduras,249,'01460,"Coconuts, in shell",5539,Producer Price Index (2014-2016 = 100),2003,2003,7021,Annual value,,48.380000,E
95,'340,Honduras,249,'01460,"Coconuts, in shell",5539,Producer Price Index (2014-2016 = 100),2004,2004,7021,Annual value,,48.540000,E
95,'340,Honduras,249,'01460,"Coconuts, in shell",5539,Producer Price Index (2014-2016 = 100),2005,2005,7021,Annual value,,52.010000,E
95,'340,Honduras,249,'01460,"Coconuts, in shell",5539,Producer Price Index (2014-2016 = 100),2006,2006,7021,Annual value,,56.170000,E
95,'340,Honduras,249,'01460,"Coconuts, in shell",5539,Producer Price Index (2014-2016 = 100),2007,2007,7021,Annual value,,83.210000,E
95,'340,Honduras,249,'01460,"Coconuts, in shell",5539,Producer Price Index (2014-2016 = 100),2008,2008,7021,Annual value,,89.830000,E
95,'340,Honduras,249,'01460,"Coconuts, in shell",5539,Producer Price Index (2014-2016 = 100),2009,2009,7021,Annual value,,93.240000,E
95,'340,Honduras,249,'01460,"Coconuts, in shell",5539,Producer Price Index (2014-2016 = 100),2010,2010,7021,Annual value,,93.410000,E
95,'340,Honduras,249,'01460,"Coconuts, in shell",5539,Producer Price Index (2014-2016 = 100),2011,2011,7021,Annual value,,88.710000,E
95,'340,Honduras,249,'01460,"Coconuts, in shell",5539,Producer Price Index (2014-2016 = 100),2012,2012,7021,Annual value,,91.530000,E
95,'340,Honduras,249,'01460,"Coconuts, in shell",5539,Producer Price Index (2014-2016 = 100),2013,2013,7021,Annual value,,94.350000,E
95,'340,Honduras,249,'01460,"Coconuts, in shell",5539,Producer Price Index (2014-2016 = 100),2014,2014,7021,Annual value,,97.180000,E
95,'340,Honduras,249,'01460,"Coconuts, in shell",5539,Producer Price Index (2014-2016 = 100),2015,2015,7021,Annual value,,100.000000,E
95,'340,Honduras,249,'01460,"Coconuts, in shell",5539,Producer Price Index (2014-2016 = 100),2016,2016,7021,Annual value,,102.820000,E
95,'340,Honduras,249,'01460,"Coconuts, in shell",5539,Producer Price Index (2014-2016 = 100),2017,2017,7021,Annual value,,105.650000,E
95,'340,Honduras,249,'01460,"Coconuts, in shell",5539,Producer Price Index (2014-2016 = 100),2018,2018,7021,Annual value,,108.470000,E
95,'340,Honduras,249,'01460,"Coconuts, in shell",5539,Producer Price Index (2014-2016 = 100),2019,2019,7021,Annual value,,111.290000,E
95,'340,Honduras,249,'01460,"Coconuts, in shell",5539,Producer Price Index (2014-2016 = 100),2020,2020,7021,Annual value,,113.500000,E
95,'340,Honduras,249,'01460,"Coconuts, in shell",5539,Producer Price Index (2014-2016 = 100),2021,2021,7021,Annual value,,115.730000,E
95,'340,Honduras,249,'01460,"Coconuts, in shell",5539,Producer Price Index (2014-2016 = 100),2022,2022,7021,Annual value,,114.250000,E
95,'340,Honduras,249,'01460,"Coconuts, in shell",5539,Producer Price Index (2014-2016 = 100),2023,2023,7021,Annual value,,115.160000,E
95,'340,Honduras,249,'01460,"Coconuts, in shell",5539,Producer Price Index (2014-2016 = 100),2024,2024,7021,Annual value,,116.060000,E
95,'340,Honduras,249,'01460,"Coconuts, in shell",5539,Producer Price Index (2014-2016 = 100),2025,2025,7021,Annual value,,116.960000,E
95,'340,Honduras,656,'01610,"Coffee, green",5530,Producer Price (LCU/tonne),1991,1991,7021,Annual value,LCU,5424.000000,A
95,'340,Honduras,656,'01610,"Coffee, green",5530,Producer Price (LCU/tonne),1992,1992,7021,Annual value,LCU,5218.000000,A
95,'340,Honduras,656,'01610,"Coffee, green",5530,Producer Price (LCU/tonne),1993,1993,7021,Annual value,LCU,8057.000000,A
95,'340,Honduras,656,'01610,"Coffee, green",5530,Producer Price (LCU/tonne),1994,1994,7021,Annual value,LCU,19445.000000,A
95,'340,Honduras,656,'01610,"Coffee, green",5530,Producer Price (LCU/tonne),1995,1995,7021,Annual value,LCU,17481.000000,A
95,'340,Honduras,656,'01610,"Coffee, green",5530,Producer Price (LCU/tonne),1996,1996,7021,Annual value,LCU,23078.000000,A
95,'340,Honduras,656,'01610,"Coffee, green",5530,Producer Price (LCU/tonne),1997,1997,7021,Annual value,LCU,29970.000000,A
95,'340,Honduras,656,'01610,"Coffee, green",5530,Producer Price (LCU/tonne),1998,1998,7021,Annual value,LCU,23260.000000,A
95,'340,Honduras,656,'01610,"Coffee, green",5530,Producer Price (LCU/tonne),1999,1999,7021,Annual value,LCU,19948.000000,A
95,'340,Honduras,656,'01610,"Coffee, green",5530,Producer Price (LCU/tonne),2000,2000,7021,Annual value,LCU,21730.000000,A
95,'340,Honduras,656,'01610,"Coffee, green",5530,Producer Price (LCU/tonne),2001,2001,7021,Annual value,LCU,23671.000000,A
95,'340,Honduras,656,'01610,"Coffee, green",5530,Producer Price (LCU/tonne),2002,2002,7021,Annual value,LCU,13840.000000,A
95,'340,Honduras,656,'01610,"Coffee, green",5530,Producer Price (LCU/tonne),2003,2003,7021,Annual value,LCU,16263.000000,A
95,'340,Honduras,656,'01610,"Coffee, green",5530,Producer Price (LCU/tonne),2004,2004,7021,Annual value,LCU,24200.000000,A
95,'340,Honduras,656,'01610,"Coffee, green",5530,Producer Price (LCU/tonne),2005,2005,7021,Annual value,LCU,33000.000000,A
95,'340,Honduras,656,'01610,"Coffee, green",5530,Producer Price (LCU/tonne),2006,2006,7021,Annual value,LCU,39600.000000,A
95,'340,Honduras,656,'01610,"Coffee, green",5530,Producer Price (LCU/tonne),2007,2007,7021,Annual value,LCU,44000.000000,A
95,'340,Honduras,656,'01610,"Coffee, green",5530,Producer Price (LCU/tonne),2008,2008,7021,Annual value,LCU,44950.000000,A
95,'340,Honduras,656,'01610,"Coffee, green",5530,Producer Price (LCU/tonne),2022,2022,7021,Annual value,LCU,98273.900000,A
95,'340,Honduras,656,'01610,"Coffee, green",5530,Producer Price (LCU/tonne),2023,2023,7021,Annual value,LCU,76161.700000,A
95,'340,Honduras,656,'01610,"Coffee, green",5530,Producer Price (LCU/tonne),2024,2024,7021,Annual value,LCU,76161.700000,A
95,'340,Honduras,656,'01610,"Coffee, green",5530,Producer Price (LCU/tonne),2024,2024,7001,January,LCU,72665.700000,A
95,'340,Honduras,656,'01610,"Coffee, green",5530,Producer Price (LCU/tonne),2024,2024,7002,February,LCU,72522.800000,A
95,'340,Honduras,656,'01610,"Coffee, green",5530,Producer Price (LCU/tonne),2024,2024,7003,March,LCU,72070.700000,A
95,'340,Honduras,656,'01610,"Coffee, green",5530,Producer Price (LCU/tonne),2024,2024,7004,April,LCU,80276.500000,A
95,'340,Honduras,656,'01610,"Coffee, green",5530,Producer Price (LCU/tonne),2024,2024,7005,May,LCU,85949.000000,A
95,'340,Honduras,656,'01610,"Coffee, green",5530,Producer Price (LCU/tonne),2024,2024,7006,June,LCU,97154.600000,A
95,'340,Honduras,656,'01610,"Coffee, green",5530,Producer Price (LCU/tonne),2024,2024,7007,July,LCU,80259.300000,A
95,'340,Honduras,656,'01610,"Coffee, green",5530,Producer Price (LCU/tonne),2024,2024,7008,August,LCU,86293.800000,A
95,'340,Honduras,656,'01610,"Coffee, green",5530,Producer Price (LCU/tonne),2024,2024,7012,December,LCU,128803.600000,A
95,'340,Honduras,656,'01610,"Coffee, green",5531,Producer Price (SLC/tonne),1991,1991,7021,Annual value,SLC,5424.000000,A
95,'340,Honduras,656,'01610,"Coffee, green",5531,Producer Price (SLC/tonne),1992,1992,7021,Annual value,SLC,5218.000000,A
95,'340,Honduras,656,'01610,"Coffee, green",5531,Producer Price (SLC/tonne),1993,1993,7021,Annual value,SLC,8057.000000,A
95,'340,Honduras,656,'01610,"Coffee, green",5531,Producer Price (SLC/tonne),1994,1994,7021,Annual value,SLC,19445.000000,A
95,'340,Honduras,656,'01610,"Coffee, green",5531,Producer Price (SLC/tonne),1995,1995,7021,Annual value,SLC,17481.000000,A
95,'340,Honduras,656,'01610,"Coffee, green",5531,Producer Price (SLC/tonne),1996,1996,7021,Annual value,SLC,23078.000000,A
95,'340,Honduras,656,'01610,"Coffee, green",5531,Producer Price (SLC/tonne),1997,1997,7021,Annual value,SLC,29970.000000,A
95,'340,Honduras,656,'01610,"Coffee, green",5531,Producer Price (SLC/tonne),1998,1998,7021,Annual value,SLC,23260.000000,A
95,'340,Honduras,656,'01610,"Coffee, green",5531,Producer Price (SLC/tonne),1999,1999,7021,Annual value,SLC,19948.000000,A
95,'340,Honduras,656,'01610,"Coffee, green",5531,Producer Price (SLC/tonne),2000,2000,7021,Annual value,SLC,21730.000000,A
95,'340,Honduras,656,'01610,"Coffee, green",5531,Producer Price (SLC/tonne),2001,2001,7021,Annual value,SLC,23671.000000,A
95,'340,Honduras,656,'01610,"Coffee, green",5531,Producer Price (SLC/tonne),2002,2002,7021,Annual value,SLC,13840.000000,A
95,'340,Honduras,656,'01610,"Coffee, green",5531,Producer Price (SLC/tonne),2003,2003,7021,Annual value,SLC,16263.000000,A
95,'340,Honduras,656,'01610,"Coffee, green",5531,Producer Price (SLC/tonne),2004,2004,7021,Annual value,SLC,24200.000000,A
95,'340,Honduras,656,'01610,"Coffee, green",5531,Producer Price (SLC/tonne),2005,2005,7021,Annual value,SLC,33000.000000,A
95,'340,Honduras,656,'01610,"Coffee, green",5531,Producer Price (SLC/tonne),2006,2006,7021,Annual value,SLC,39600.000000,A
95,'340,Honduras,656,'01610,"Coffee, green",5531,Producer Price (SLC/tonne),2007,2007,7021,Annual value,SLC,44000.000000,A
95,'340,Honduras,656,'01610,"Coffee, green",5531,Producer Price (SLC/tonne),2008,2008,7021,Annual value,SLC,44950.000000,A
95,'340,Honduras,656,'01610,"Coffee, green",5531,Producer Price (SLC/tonne),2022,2022,7021,Annual value,SLC,98273.900000,A
95,'340,Honduras,656,'01610,"Coffee, green",5531,Producer Price (SLC/tonne),2023,2023,7021,Annual value,SLC,76161.700000,A
95,'340,Honduras,656,'01610,"Coffee, green",5531,Producer Price (SLC/tonne),2024,2024,7021,Annual value,SLC,76161.700000,A
95,'340,Honduras,656,'01610,"Coffee, green",5532,Producer Price (USD/tonne),1991,1991,7021,Annual value,USD,1020.200000,A
95,'340,Honduras,656,'01610,"Coffee, green",5532,Producer Price (USD/tonne),1992,1992,7021,Annual value,USD,949.100000,A
95,'340,Honduras,656,'01610,"Coffee, green",5532,Producer Price (USD/tonne),1993,1993,7021,Annual value,USD,1245.000000,A
95,'340,Honduras,656,'01610,"Coffee, green",5532,Producer Price (USD/tonne),1994,1994,7021,Annual value,USD,2312.500000,A
95,'340,Honduras,656,'01610,"Coffee, green",5532,Producer Price (USD/tonne),1995,1995,7021,Annual value,USD,1845.700000,A
95,'340,Honduras,656,'01610,"Coffee, green",5532,Producer Price (USD/tonne),1996,1996,7021,Annual value,USD,1971.600000,A
95,'340,Honduras,656,'01610,"Coffee, green",5532,Producer Price (USD/tonne),1997,1997,7021,Annual value,USD,2304.800000,A
95,'340,Honduras,656,'01610,"Coffee, green",5532,Producer Price (USD/tonne),1998,1998,7021,Annual value,USD,1737.800000,A
95,'340,Honduras,656,'01610,"Coffee, green",5532,Producer Price (USD/tonne),1999,1999,7021,Annual value,USD,1403.500000,A
95,'340,Honduras,656,'01610,"Coffee, green",5532,Producer Price (USD/tonne),2000,2000,7021,Annual value,USD,1464.400000,A
95,'340,Honduras,656,'01610,"Coffee, green",5532,Producer Price (USD/tonne),2001,2001,7021,Annual value,USD,1529.800000,A
95,'340,Honduras,656,'01610,"Coffee, green",5532,Producer Price (USD/tonne),2002,2002,7021,Annual value,USD,842.200000,A
95,'340,Honduras,656,'01610,"Coffee, green",5532,Producer Price (USD/tonne),2003,2003,7021,Annual value,USD,937.600000,A
95,'340,Honduras,656,'01610,"Coffee, green",5532,Producer Price (USD/tonne),2004,2004,7021,Annual value,USD,1329.200000,A
95,'340,Honduras,656,'01610,"Coffee, green",5532,Producer Price (USD/tonne),2005,2005,7021,Annual value,USD,1752.300000,A
95,'340,Honduras,656,'01610,"Coffee, green",5532,Producer Price (USD/tonne),2006,2006,7021,Annual value,USD,2095.800000,A
95,'340,Honduras,656,'01610,"Coffee, green",5532,Producer Price (USD/tonne),2007,2007,7021,Annual value,USD,2328.600000,A
95,'340,Honduras,656,'01610,"Coffee, green",5532,Producer Price (USD/tonne),2008,2008,7021,Annual value,USD,2377.800000,A
95,'340,Honduras,656,'01610,"Coffee, green",5532,Producer Price (USD/tonne),2022,2022,7021,Annual value,USD,4013.500000,A
95,'340,Honduras,656,'01610,"Coffee, green",5532,Producer Price (USD/tonne),2023,2023,7021,Annual value,USD,3095.800000,A
95,'340,Honduras,656,'01610,"Coffee, green",5532,Producer Price (USD/tonne),2024,2024,7021,Annual value,USD,3071.100000,A
95,'340,Honduras,656,'01610,"Coffee, green",5539,Producer Price Index (2014-2016 = 100),1991,1991,7021,Annual value,,10.990000,E
95,'340,Honduras,656,'01610,"Coffee, green",5539,Producer Price Index (2014-2016 = 100),1992,1992,7021,Annual value,,10.570000,E
95,'340,Honduras,656,'01610,"Coffee, green",5539,Producer Price Index (2014-2016 = 100),1993,1993,7021,Annual value,,16.320000,E
95,'340,Honduras,656,'01610,"Coffee, green",5539,Producer Price Index (2014-2016 = 100),1994,1994,7021,Annual value,,39.400000,E
95,'340,Honduras,656,'01610,"Coffee, green",5539,Producer Price Index (2014-2016 = 100),1995,1995,7021,Annual value,,35.420000,E
95,'340,Honduras,656,'01610,"Coffee, green",5539,Producer Price Index (2014-2016 = 100),1996,1996,7021,Annual value,,46.760000,E
95,'340,Honduras,656,'01610,"Coffee, green",5539,Producer Price Index (2014-2016 = 100),1997,1997,7021,Annual value,,60.720000,E
95,'340,Honduras,656,'01610,"Coffee, green",5539,Producer Price Index (2014-2016 = 100),1998,1998,7021,Annual value,,47.130000,E
95,'340,Honduras,656,'01610,"Coffee, green",5539,Producer Price Index (2014-2016 = 100),1999,1999,7021,Annual value,,40.420000,E
95,'340,Honduras,656,'01610,"Coffee, green",5539,Producer Price Index (2014-2016 = 100),2000,2000,7021,Annual value,,44.030000,E
95,'340,Honduras,656,'01610,"Coffee, green",5539,Producer Price Index (2014-2016 = 100),2001,2001,7021,Annual value,,47.960000,E
95,'340,Honduras,656,'01610,"Coffee, green",5539,Producer Price Index (2014-2016 = 100),2002,2002,7021,Annual value,,28.040000,E
95,'340,Honduras,656,'01610,"Coffee, green",5539,Producer Price Index (2014-2016 = 100),2003,2003,7021,Annual value,,32.950000,E
95,'340,Honduras,656,'01610,"Coffee, green",5539,Producer Price Index (2014-2016 = 100),2004,2004,7021,Annual value,,49.030000,E
95,'340,Honduras,656,'01610,"Coffee, green",5539,Producer Price Index (2014-2016 = 100),2005,2005,7021,Annual value,,66.860000,E
95,'340,Honduras,656,'01610,"Coffee, green",5539,Producer Price Index (2014-2016 = 100),2006,2006,7021,Annual value,,80.240000,E
95,'340,Honduras,656,'01610,"Coffee, green",5539,Producer Price Index (2014-2016 = 100),2007,2007,7021,Annual value,,89.150000,E
95,'340,Honduras,656,'01610,"Coffee, green",5539,Producer Price Index (2014-2016 = 100),2008,2008,7021,Annual value,,91.080000,E
95,'340,Honduras,656,'01610,"Coffee, green",5539,Producer Price Index (2014-2016 = 100),2009,2009,7021,Annual value,,92.450000,E
95,'340,Honduras,656,'01610,"Coffee, green",5539,Producer Price Index (2014-2016 = 100),2010,2010,7021,Annual value,,91.510000,E
95,'340,Honduras,656,'01610,"Coffee, green",5539,Producer Price Index (2014-2016 = 100),2011,2011,7021,Annual value,,91.900000,E
95,'340,Honduras,656,'01610,"Coffee, green",5539,Producer Price Index (2014-2016 = 100),2012,2012,7021,Annual value,,93.930000,E
95,'340,Honduras,656,'01610,"Coffee, green",5539,Producer Price Index (2014-2016 = 100),2013,2013,7021,Annual value,,95.950000,E
95,'340,Honduras,656,'01610,"Coffee, green",5539,Producer Price Index (2014-2016 = 100),2014,2014,7021,Annual value,,97.980000,E
95,'340,Honduras,656,'01610,"Coffee, green",5539,Producer Price Index (2014-2016 = 100),2015,2015,7021,Annual value,,100.000000,E
95,'340,Honduras,656,'01610,"Coffee, green",5539,Producer Price Index (2014-2016 = 100),2016,2016,7021,Annual value,,102.020000,E
95,'340,Honduras,656,'01610,"Coffee, green",5539,Producer Price Index (2014-2016 = 100),2017,2017,7021,Annual value,,104.050000,E
95,'340,Honduras,656,'01610,"Coffee, green",5539,Producer Price Index (2014-2016 = 100),2018,2018,7021,Annual value,,106.070000,E
95,'340,Honduras,656,'01610,"Coffee, green",5539,Producer Price Index (2014-2016 = 100),2019,2019,7021,Annual value,,108.100000,E
95,'340,Honduras,656,'01610,"Coffee, green",5539,Producer Price Index (2014-2016 = 100),2020,2020,7021,Annual value,,137.320000,E
95,'340,Honduras,656,'01610,"Coffee, green",5539,Producer Price Index (2014-2016 = 100),2021,2021,7021,Annual value,,156.090000,E
95,'340,Honduras,656,'01610,"Coffee, green",5539,Producer Price Index (2014-2016 = 100),2022,2022,7021,Annual value,,199.120000,E
95,'340,Honduras,656,'01610,"Coffee, green",5539,Producer Price Index (2014-2016 = 100),2023,2023,7021,Annual value,,154.320000,E
95,'340,Honduras,656,'01610,"Coffee, green",5539,Producer Price Index (2014-2016 = 100),2024,2024,7021,Annual value,,154.320000,E
95,'340,Honduras,656,'01610,"Coffee, green",5539,Producer Price Index (2014-2016 = 100),2025,2025,7021,Annual value,,175.810000,E
95,'340,Honduras,767,'01921.02,"Cotton lint, ginned",5539,Producer Price Index (2014-2016 = 100),1991,1991,7021,Annual value,,13.390000,E
95,'340,Honduras,767,'01921.02,"Cotton lint, ginned",5539,Producer Price Index (2014-2016 = 100),1992,1992,7021,Annual value,,15.310000,E
95,'340,Honduras,767,'01921.02,"Cotton lint, ginned",5539,Producer Price Index (2014-2016 = 100),1993,1993,7021,Annual value,,17.530000,E
95,'340,Honduras,767,'01921.02,"Cotton lint, ginned",5539,Producer Price Index (2014-2016 = 100),1994,1994,7021,Annual value,,23.190000,E
95,'340,Honduras,767,'01921.02,"Cotton lint, ginned",5539,Producer Price Index (2014-2016 = 100),1995,1995,7021,Annual value,,23.800000,E
95,'340,Honduras,767,'01921.02,"Cotton lint, ginned",5539,Producer Price Index (2014-2016 = 100),1996,1996,7021,Annual value,,24.540000,E
95,'340,Honduras,767,'01921.02,"Cotton lint, ginned",5539,Producer Price Index (2014-2016 = 100),1997,1997,7021,Annual value,,29.000000,E
95,'340,Honduras,767,'01921.02,"Cotton lint, ginned",5539,Producer Price Index (2014-2016 = 100),1998,1998,7021,Annual value,,32.130000,E
95,'340,Honduras,767,'01921.02,"Cotton lint, ginned",5539,Producer Price Index (2014-2016 = 100),1999,1999,7021,Annual value,,35.690000,E
95,'340,Honduras,767,'01921.02,"Cotton lint, ginned",5539,Producer Price Index (2014-2016 = 100),2000,2000,7021,Annual value,,39.800000,E
95,'340,Honduras,767,'01921.02,"Cotton lint, ginned",5539,Producer Price Index (2014-2016 = 100),2001,2001,7021,Annual value,,44.380000,E
95,'340,Honduras,767,'01921.02,"Cotton lint, ginned",5539,Producer Price Index (2014-2016 = 100),2002,2002,7021,Annual value,,46.110000,E
95,'340,Honduras,767,'01921.02,"Cotton lint, ginned",5539,Producer Price Index (2014-2016 = 100),2003,2003,7021,Annual value,,50.870000,E
95,'340,Honduras,767,'01921.02,"Cotton lint, ginned",5539,Producer Price Index (2014-2016 = 100),2004,2004,7021,Annual value,,54.990000,E
95,'340,Honduras,767,'01921.02,"Cotton lint, ginned",5539,Producer Price Index (2014-2016 = 100),2005,2005,7021,Annual value,,59.100000,E
95,'340,Honduras,767,'01921.02,"Cotton lint, ginned",5539,Producer Price Index (2014-2016 = 100),2006,2006,7021,Annual value,,61.530000,E
95,'340,Honduras,767,'01921.02,"Cotton lint, ginned",5539,Producer Price Index (2014-2016 = 100),2007,2007,7021,Annual value,,66.310000,E
95,'340,Honduras,767,'01921.02,"Cotton lint, ginned",5539,Producer Price Index (2014-2016 = 100),2008,2008,7021,Annual value,,74.530000,E
95,'340,Honduras,767,'01921.02,"Cotton lint, ginned",5539,Producer Price Index (2014-2016 = 100),2009,2009,7021,Annual value,,76.950000,E
95,'340,Honduras,767,'01921.02,"Cotton lint, ginned",5539,Producer Price Index (2014-2016 = 100),2010,2010,7021,Annual value,,80.200000,E
95,'340,Honduras,767,'01921.02,"Cotton lint, ginned",5539,Producer Price Index (2014-2016 = 100),2011,2011,7021,Annual value,,83.690000,E
95,'340,Honduras,767,'01921.02,"Cotton lint, ginned",5539,Producer Price Index (2014-2016 = 100),2012,2012,7021,Annual value,,87.770000,E
95,'340,Honduras,767,'01921.02,"Cotton lint, ginned",5539,Producer Price Index (2014-2016 = 100),2013,2013,7021,Annual value,,91.850000,E
95,'340,Honduras,767,'01921.02,"Cotton lint, ginned",5539,Producer Price Index (2014-2016 = 100),2014,2014,7021,Annual value,,95.920000,E
95,'340,Honduras,767,'01921.02,"Cotton lint, ginned",5539,Producer Price Index (2014-2016 = 100),2015,2015,7021,Annual value,,100.000000,E
95,'340,Honduras,767,'01921.02,"Cotton lint, ginned",5539,Producer Price Index (2014-2016 = 100),2016,2016,7021,Annual value,,104.080000,E
95,'340,Honduras,767,'01921.02,"Cotton lint, ginned",5539,Producer Price Index (2014-2016 = 100),2017,2017,7021,Annual value,,108.150000,E
95,'340,Honduras,767,'01921.02,"Cotton lint, ginned",5539,Producer Price Index (2014-2016 = 100),2018,2018,7021,Annual value,,112.230000,E
95,'340,Honduras,767,'01921.02,"Cotton lint, ginned",5539,Producer Price Index (2014-2016 = 100),2019,2019,7021,Annual value,,116.310000,E
95,'340,Honduras,767,'01921.02,"Cotton lint, ginned",5539,Producer Price Index (2014-2016 = 100),2020,2020,7021,Annual value,,120.440000,E
95,'340,Honduras,767,'01921.02,"Cotton lint, ginned",5539,Producer Price Index (2014-2016 = 100),2021,2021,7021,Annual value,,124.820000,E
95,'340,Honduras,767,'01921.02,"Cotton lint, ginned",5539,Producer Price Index (2014-2016 = 100),2022,2022,7021,Annual value,,128.580000,E
95,'340,Honduras,767,'01921.02,"Cotton lint, ginned",5539,Producer Price Index (2014-2016 = 100),2023,2023,7021,Annual value,,132.630000,E
95,'340,Honduras,767,'01921.02,"Cotton lint, ginned",5539,Producer Price Index (2014-2016 = 100),2024,2024,7021,Annual value,,136.680000,E
95,'340,Honduras,767,'01921.02,"Cotton lint, ginned",5539,Producer Price Index (2014-2016 = 100),2025,2025,7021,Annual value,,140.730000,E
95,'340,Honduras,329,'0143,Cotton seed,5539,Producer Price Index (2014-2016 = 100),1991,1991,7021,Annual value,,12.930000,E
95,'340,Honduras,329,'0143,Cotton seed,5539,Producer Price Index (2014-2016 = 100),1992,1992,7021,Annual value,,14.780000,E
95,'340,Honduras,329,'0143,Cotton seed,5539,Producer Price Index (2014-2016 = 100),1993,1993,7021,Annual value,,16.920000,E
95,'340,Honduras,329,'0143,Cotton seed,5539,Producer Price Index (2014-2016 = 100),1994,1994,7021,Annual value,,22.400000,E
95,'340,Honduras,329,'0143,Cotton seed,5539,Producer Price Index (2014-2016 = 100),1995,1995,7021,Annual value,,22.980000,E
95,'340,Honduras,329,'0143,Cotton seed,5539,Producer Price Index (2014-2016 = 100),1996,1996,7021,Annual value,,23.690000,E
95,'340,Honduras,329,'0143,Cotton seed,5539,Producer Price Index (2014-2016 = 100),1997,1997,7021,Annual value,,28.010000,E
95,'340,Honduras,329,'0143,Cotton seed,5539,Producer Price Index (2014-2016 = 100),1998,1998,7021,Annual value,,31.020000,E
95,'340,Honduras,329,'0143,Cotton seed,5539,Producer Price Index (2014-2016 = 100),1999,1999,7021,Annual value,,34.480000,E
95,'340,Honduras,329,'0143,Cotton seed,5539,Producer Price Index (2014-2016 = 100),2000,2000,7021,Annual value,,38.430000,E
95,'340,Honduras,329,'0143,Cotton seed,5539,Producer Price Index (2014-2016 = 100),2001,2001,7021,Annual value,,42.850000,E
95,'340,Honduras,329,'0143,Cotton seed,5539,Producer Price Index (2014-2016 = 100),2002,2002,7021,Annual value,,44.530000,E
95,'340,Honduras,329,'0143,Cotton seed,5539,Producer Price Index (2014-2016 = 100),2003,2003,7021,Annual value,,49.120000,E
95,'340,Honduras,329,'0143,Cotton seed,5539,Producer Price Index (2014-2016 = 100),2004,2004,7021,Annual value,,53.090000,E
95,'340,Honduras,329,'0143,Cotton seed,5539,Producer Price Index (2014-2016 = 100),2005,2005,7021,Annual value,,57.060000,E
95,'340,Honduras,329,'0143,Cotton seed,5539,Producer Price Index (2014-2016 = 100),2006,2006,7021,Annual value,,59.410000,E
95,'340,Honduras,329,'0143,Cotton seed,5539,Producer Price Index (2014-2016 = 100),2007,2007,7021,Annual value,,65.560000,E
95,'340,Honduras,329,'0143,Cotton seed,5539,Producer Price Index (2014-2016 = 100),2008,2008,7021,Annual value,,78.270000,E
95,'340,Honduras,329,'0143,Cotton seed,5539,Producer Price Index (2014-2016 = 100),2009,2009,7021,Annual value,,87.420000,E
95,'340,Honduras,329,'0143,Cotton seed,5539,Producer Price Index (2014-2016 = 100),2010,2010,7021,Annual value,,86.600000,E
95,'340,Honduras,329,'0143,Cotton seed,5539,Producer Price Index (2014-2016 = 100),2011,2011,7021,Annual value,,83.380000,E
95,'340,Honduras,329,'0143,Cotton seed,5539,Producer Price Index (2014-2016 = 100),2012,2012,7021,Annual value,,87.530000,E
95,'340,Honduras,329,'0143,Cotton seed,5539,Producer Price Index (2014-2016 = 100),2013,2013,7021,Annual value,,91.690000,E
95,'340,Honduras,329,'0143,Cotton seed,5539,Producer Price Index (2014-2016 = 100),2014,2014,7021,Annual value,,95.840000,E
95,'340,Honduras,329,'0143,Cotton seed,5539,Producer Price Index (2014-2016 = 100),2015,2015,7021,Annual value,,100.000000,E
95,'340,Honduras,329,'0143,Cotton seed,5539,Producer Price Index (2014-2016 = 100),2016,2016,7021,Annual value,,104.160000,E
95,'340,Honduras,329,'0143,Cotton seed,5539,Producer Price Index (2014-2016 = 100),2017,2017,7021,Annual value,,108.310000,E
95,'340,Honduras,329,'0143,Cotton seed,5539,Producer Price Index (2014-2016 = 100),2018,2018,7021,Annual value,,112.470000,E
95,'340,Honduras,329,'0143,Cotton seed,5539,Producer Price Index (2014-2016 = 100),2019,2019,7021,Annual value,,116.620000,E
95,'340,Honduras,329,'0143,Cotton seed,5539,Producer Price Index (2014-2016 = 100),2020,2020,7021,Annual value,,120.750000,E
95,'340,Honduras,329,'0143,Cotton seed,5539,Producer Price Index (2014-2016 = 100),2021,2021,7021,Annual value,,124.870000,E
95,'340,Honduras,329,'0143,Cotton seed,5539,Producer Price Index (2014-2016 = 100),2022,2022,7021,Annual value,,125.080000,E
95,'340,Honduras,329,'0143,Cotton seed,5539,Producer Price Index (2014-2016 = 100),2023,2023,7021,Annual value,,127.690000,E
95,'340,Honduras,329,'0143,Cotton seed,5539,Producer Price Index (2014-2016 = 100),2024,2024,7021,Annual value,,130.310000,E
95,'340,Honduras,329,'0143,Cotton seed,5539,Producer Price Index (2014-2016 = 100),2025,2025,7021,Annual value,,132.920000,E
95,'340,Honduras,397,'01232,Cucumbers and gherkins,5530,Producer Price (LCU/tonne),2005,2005,7021,Annual value,LCU,2640.000000,A
95,'340,Honduras,397,'01232,Cucumbers and gherkins,5530,Producer Price (LCU/tonne),2006,2006,7021,Annual value,LCU,2860.000000,A
95,'340,Honduras,397,'01232,Cucumbers and gherkins,5530,Producer Price (LCU/tonne),2007,2007,7021,Annual value,LCU,4400.000000,A
95,'340,Honduras,397,'01232,Cucumbers and gherkins,5530,Producer Price (LCU/tonne),2008,2008,7021,Annual value,LCU,3740.000000,A
95,'340,Honduras,397,'01232,Cucumbers and gherkins,5530,Producer Price (LCU/tonne),2022,2022,7021,Annual value,LCU,7892.600000,A
95,'340,Honduras,397,'01232,Cucumbers and gherkins,5530,Producer Price (LCU/tonne),2023,2023,7021,Annual value,LCU,11023.200000,A
95,'340,Honduras,397,'01232,Cucumbers and gherkins,5530,Producer Price (LCU/tonne),2024,2024,7021,Annual value,LCU,13227.800000,A
95,'340,Honduras,397,'01232,Cucumbers and gherkins,5530,Producer Price (LCU/tonne),2024,2024,7001,January,LCU,13227.800000,A
95,'340,Honduras,397,'01232,Cucumbers and gherkins,5530,Producer Price (LCU/tonne),2024,2024,7002,February,LCU,13227.800000,A
95,'340,Honduras,397,'01232,Cucumbers and gherkins,5530,Producer Price (LCU/tonne),2024,2024,7003,March,LCU,13227.800000,A
95,'340,Honduras,397,'01232,Cucumbers and gherkins,5530,Producer Price (LCU/tonne),2024,2024,7004,April,LCU,13227.800000,A
95,'340,Honduras,397,'01232,Cucumbers and gherkins,5530,Producer Price (LCU/tonne),2024,2024,7005,May,LCU,13227.800000,A
95,'340,Honduras,397,'01232,Cucumbers and gherkins,5530,Producer Price (LCU/tonne),2024,2024,7006,June,LCU,13227.800000,A
95,'340,Honduras,397,'01232,Cucumbers and gherkins,5530,Producer Price (LCU/tonne),2024,2024,7007,July,LCU,13227.800000,A
95,'340,Honduras,397,'01232,Cucumbers and gherkins,5530,Producer Price (LCU/tonne),2024,2024,7008,August,LCU,13227.800000,A
95,'340,Honduras,397,'01232,Cucumbers and gherkins,5530,Producer Price (LCU/tonne),2024,2024,7009,September,LCU,13227.800000,A
95,'340,Honduras,397,'01232,Cucumbers and gherkins,5531,Producer Price (SLC/tonne),2005,2005,7021,Annual value,SLC,2640.000000,A
95,'340,Honduras,397,'01232,Cucumbers and gherkins,5531,Producer Price (SLC/tonne),2006,2006,7021,Annual value,SLC,2860.000000,A
95,'340,Honduras,397,'01232,Cucumbers and gherkins,5531,Producer Price (SLC/tonne),2007,2007,7021,Annual value,SLC,4400.000000,A
95,'340,Honduras,397,'01232,Cucumbers and gherkins,5531,Producer Price (SLC/tonne),2008,2008,7021,Annual value,SLC,3740.000000,A
95,'340,Honduras,397,'01232,Cucumbers and gherkins,5531,Producer Price (SLC/tonne),2022,2022,7021,Annual value,SLC,7892.600000,A
95,'340,Honduras,397,'01232,Cucumbers and gherkins,5531,Producer Price (SLC/tonne),2023,2023,7021,Annual value,SLC,11023.200000,A
95,'340,Honduras,397,'01232,Cucumbers and gherkins,5531,Producer Price (SLC/tonne),2024,2024,7021,Annual value,SLC,13227.800000,A
95,'340,Honduras,397,'01232,Cucumbers and gherkins,5532,Producer Price (USD/tonne),2005,2005,7021,Annual value,USD,140.200000,A
95,'340,Honduras,397,'01232,Cucumbers and gherkins,5532,Producer Price (USD/tonne),2006,2006,7021,Annual value,USD,151.400000,A
95,'340,Honduras,397,'01232,Cucumbers and gherkins,5532,Producer Price (USD/tonne),2007,2007,7021,Annual value,USD,232.900000,A
95,'340,Honduras,397,'01232,Cucumbers and gherkins,5532,Producer Price (USD/tonne),2008,2008,7021,Annual value,USD,197.800000,A
95,'340,Honduras,397,'01232,Cucumbers and gherkins,5532,Producer Price (USD/tonne),2022,2022,7021,Annual value,USD,322.300000,A
95,'340,Honduras,397,'01232,Cucumbers and gherkins,5532,Producer Price (USD/tonne),2023,2023,7021,Annual value,USD,448.100000,A
95,'340,Honduras,397,'01232,Cucumbers and gherkins,5532,Producer Price (USD/tonne),2024,2024,7021,Annual value,USD,533.400000,A
95,'340,Honduras,397,'01232,Cucumbers and gherkins,5539,Producer Price Index (2014-2016 = 100),1991,1991,7021,Annual value,,4.300000,E
95,'340,Honduras,397,'01232,Cucumbers and gherkins,5539,Producer Price Index (2014-2016 = 100),1992,1992,7021,Annual value,,6.240000,E
95,'340,Honduras,397,'01232,Cucumbers and gherkins,5539,Producer Price Index (2014-2016 = 100),1993,1993,7021,Annual value,,10.750000,E
95,'340,Honduras,397,'01232,Cucumbers and gherkins,5539,Producer Price Index (2014-2016 = 100),1994,1994,7021,Annual value,,14.350000,E
95,'340,Honduras,397,'01232,Cucumbers and gherkins,5539,Producer Price Index (2014-2016 = 100),1995,1995,7021,Annual value,,17.150000,E
95,'340,Honduras,397,'01232,Cucumbers and gherkins,5539,Producer Price Index (2014-2016 = 100),1996,1996,7021,Annual value,,10.040000,E
95,'340,Honduras,397,'01232,Cucumbers and gherkins,5539,Producer Price Index (2014-2016 = 100),1997,1997,7021,Annual value,,12.000000,E
95,'340,Honduras,397,'01232,Cucumbers and gherkins,5539,Producer Price Index (2014-2016 = 100),1998,1998,7021,Annual value,,13.310000,E
95,'340,Honduras,397,'01232,Cucumbers and gherkins,5539,Producer Price Index (2014-2016 = 100),1999,1999,7021,Annual value,,14.760000,E
95,'340,Honduras,397,'01232,Cucumbers and gherkins,5539,Producer Price Index (2014-2016 = 100),2000,2000,7021,Annual value,,16.370000,E
95,'340,Honduras,397,'01232,Cucumbers and gherkins,5539,Producer Price Index (2014-2016 = 100),2001,2001,7021,Annual value,,18.160000,E
95,'340,Honduras,397,'01232,Cucumbers and gherkins,5539,Producer Price Index (2014-2016 = 100),2002,2002,7021,Annual value,,20.140000,E
95,'340,Honduras,397,'01232,Cucumbers and gherkins,5539,Producer Price Index (2014-2016 = 100),2003,2003,7021,Annual value,,27.020000,E
95,'340,Honduras,397,'01232,Cucumbers and gherkins,5539,Producer Price Index (2014-2016 = 100),2004,2004,7021,Annual value,,33.920000,E
95,'340,Honduras,397,'01232,Cucumbers and gherkins,5539,Producer Price Index (2014-2016 = 100),2005,2005,7021,Annual value,,40.840000,E
95,'340,Honduras,397,'01232,Cucumbers and gherkins,5539,Producer Price Index (2014-2016 = 100),2006,2006,7021,Annual value,,44.240000,E
95,'340,Honduras,397,'01232,Cucumbers and gherkins,5539,Producer Price Index (2014-2016 = 100),2007,2007,7021,Annual value,,68.060000,E
95,'340,Honduras,397,'01232,Cucumbers and gherkins,5539,Producer Price Index (2014-2016 = 100),2008,2008,7021,Annual value,,57.850000,E
95,'340,Honduras,397,'01232,Cucumbers and gherkins,5539,Producer Price Index (2014-2016 = 100),2009,2009,7021,Annual value,,63.520000,E
95,'340,Honduras,397,'01232,Cucumbers and gherkins,5539,Producer Price Index (2014-2016 = 100),2010,2010,7021,Annual value,,70.610000,E
95,'340,Honduras,397,'01232,Cucumbers and gherkins,5539,Producer Price Index (2014-2016 = 100),2011,2011,7021,Annual value,,76.950000,E
95,'340,Honduras,397,'01232,Cucumbers and gherkins,5539,Producer Price Index (2014-2016 = 100),2012,2012,7021,Annual value,,82.720000,E
95,'340,Honduras,397,'01232,Cucumbers and gherkins,5539,Producer Price Index (2014-2016 = 100),2013,2013,7021,Annual value,,88.480000,E
95,'340,Honduras,397,'01232,Cucumbers and gherkins,5539,Producer Price Index (2014-2016 = 100),2014,2014,7021,Annual value,,94.240000,E
95,'340,Honduras,397,'01232,Cucumbers and gherkins,5539,Producer Price Index (2014-2016 = 100),2015,2015,7021,Annual value,,100.000000,E
95,'340,Honduras,397,'01232,Cucumbers and gherkins,5539,Producer Price Index (2014-2016 = 100),2016,2016,7021,Annual value,,105.760000,E
95,'340,Honduras,397,'01232,Cucumbers and gherkins,5539,Producer Price Index (2014-2016 = 100),2017,2017,7021,Annual value,,111.520000,E
95,'340,Honduras,397,'01232,Cucumbers and gherkins,5539,Producer Price Index (2014-2016 = 100),2018,2018,7021,Annual value,,117.280000,E
95,'340,Honduras,397,'01232,Cucumbers and gherkins,5539,Producer Price Index (2014-2016 = 100),2019,2019,7021,Annual value,,123.050000,E
95,'340,Honduras,397,'01232,Cucumbers and gherkins,5539,Producer Price Index (2014-2016 = 100),2020,2020,7021,Annual value,,128.980000,E
95,'340,Honduras,397,'01232,Cucumbers and gherkins,5539,Producer Price Index (2014-2016 = 100),2021,2021,7021,Annual value,,133.540000,E
95,'340,Honduras,397,'01232,Cucumbers and gherkins,5539,Producer Price Index (2014-2016 = 100),2022,2022,7021,Annual value,,122.090000,E
95,'340,Honduras,397,'01232,Cucumbers and gherkins,5539,Producer Price Index (2014-2016 = 100),2023,2023,7021,Annual value,,170.520000,E
95,'340,Honduras,397,'01232,Cucumbers and gherkins,5539,Producer Price Index (2014-2016 = 100),2024,2024,7021,Annual value,,204.620000,E
95,'340,Honduras,397,'01232,Cucumbers and gherkins,5539,Producer Price Index (2014-2016 = 100),2025,2025,7021,Annual value,,222.940000,E
95,'340,Honduras,149,'01599.10,"Edible roots and tubers with high starch or inulin content, n.e.c., fresh",5530,Producer Price (LCU/tonne),2022,2022,7021,Annual value,LCU,26866.500000,A
95,'340,Honduras,149,'01599.10,"Edible roots and tubers with high starch or inulin content, n.e.c., fresh",5530,Producer Price (LCU/tonne),2023,2023,7021,Annual value,LCU,27536.300000,A
95,'340,Honduras,149,'01599.10,"Edible roots and tubers with high starch or inulin content, n.e.c., fresh",5530,Producer Price (LCU/tonne),2024,2024,7021,Annual value,LCU,29606.300000,A
95,'340,Honduras,149,'01599.10,"Edible roots and tubers with high starch or inulin content, n.e.c., fresh",5530,Producer Price (LCU/tonne),2024,2024,7001,January,LCU,27572.700000,A
95,'340,Honduras,149,'01599.10,"Edible roots and tubers with high starch or inulin content, n.e.c., fresh",5530,Producer Price (LCU/tonne),2024,2024,7002,February,LCU,27595.800000,A
95,'340,Honduras,149,'01599.10,"Edible roots and tubers with high starch or inulin content, n.e.c., fresh",5530,Producer Price (LCU/tonne),2024,2024,7003,March,LCU,27606.200000,A
95,'340,Honduras,149,'01599.10,"Edible roots and tubers with high starch or inulin content, n.e.c., fresh",5530,Producer Price (LCU/tonne),2024,2024,7004,April,LCU,30060.200000,A
95,'340,Honduras,149,'01599.10,"Edible roots and tubers with high starch or inulin content, n.e.c., fresh",5530,Producer Price (LCU/tonne),2024,2024,7005,May,LCU,30090.400000,A
95,'340,Honduras,149,'01599.10,"Edible roots and tubers with high starch or inulin content, n.e.c., fresh",5530,Producer Price (LCU/tonne),2024,2024,7006,June,LCU,30108.200000,A
95,'340,Honduras,149,'01599.10,"Edible roots and tubers with high starch or inulin content, n.e.c., fresh",5530,Producer Price (LCU/tonne),2024,2024,7007,July,LCU,30153.700000,A
95,'340,Honduras,149,'01599.10,"Edible roots and tubers with high starch or inulin content, n.e.c., fresh",5530,Producer Price (LCU/tonne),2024,2024,7008,August,LCU,30162.500000,A
95,'340,Honduras,149,'01599.10,"Edible roots and tubers with high starch or inulin content, n.e.c., fresh",5530,Producer Price (LCU/tonne),2024,2024,7009,September,LCU,30206.600000,A
95,'340,Honduras,149,'01599.10,"Edible roots and tubers with high starch or inulin content, n.e.c., fresh",5530,Producer Price (LCU/tonne),2024,2024,7010,October,LCU,30342.200000,A
95,'340,Honduras,149,'01599.10,"Edible roots and tubers with high starch or inulin content, n.e.c., fresh",5530,Producer Price (LCU/tonne),2024,2024,7011,November,LCU,30554.700000,A
95,'340,Honduras,149,'01599.10,"Edible roots and tubers with high starch or inulin content, n.e.c., fresh",5530,Producer Price (LCU/tonne),2024,2024,7012,December,LCU,30822.300000,A
95,'340,Honduras,149,'01599.10,"Edible roots and tubers with high starch or inulin content, n.e.c., fresh",5530,Producer Price (LCU/tonne),2025,2025,7001,January,LCU,28474.600000,A
95,'340,Honduras,149,'01599.10,"Edible roots and tubers with high starch or inulin content, n.e.c., fresh",5531,Producer Price (SLC/tonne),2022,2022,7021,Annual value,SLC,26866.500000,A
95,'340,Honduras,149,'01599.10,"Edible roots and tubers with high starch or inulin content, n.e.c., fresh",5531,Producer Price (SLC/tonne),2023,2023,7021,Annual value,SLC,27536.300000,A
95,'340,Honduras,149,'01599.10,"Edible roots and tubers with high starch or inulin content, n.e.c., fresh",5531,Producer Price (SLC/tonne),2024,2024,7021,Annual value,SLC,29606.300000,A
95,'340,Honduras,149,'01599.10,"Edible roots and tubers with high starch or inulin content, n.e.c., fresh",5532,Producer Price (USD/tonne),2022,2022,7021,Annual value,USD,1097.200000,A
95,'340,Honduras,149,'01599.10,"Edible roots and tubers with high starch or inulin content, n.e.c., fresh",5532,Producer Price (USD/tonne),2023,2023,7021,Annual value,USD,1119.300000,A
95,'340,Honduras,149,'01599.10,"Edible roots and tubers with high starch or inulin content, n.e.c., fresh",5532,Producer Price (USD/tonne),2024,2024,7021,Annual value,USD,1193.800000,A
95,'340,Honduras,149,'01599.10,"Edible roots and tubers with high starch or inulin content, n.e.c., fresh",5539,Producer Price Index (2014-2016 = 100),1991,1991,7021,Annual value,,3.030000,E
95,'340,Honduras,149,'01599.10,"Edible roots and tubers with high starch or inulin content, n.e.c., fresh",5539,Producer Price Index (2014-2016 = 100),1992,1992,7021,Annual value,,3.790000,E
95,'340,Honduras,149,'01599.10,"Edible roots and tubers with high starch or inulin content, n.e.c., fresh",5539,Producer Price Index (2014-2016 = 100),1993,1993,7021,Annual value,,4.730000,E
95,'340,Honduras,149,'01599.10,"Edible roots and tubers with high starch or inulin content, n.e.c., fresh",5539,Producer Price Index (2014-2016 = 100),1994,1994,7021,Annual value,,6.620000,E
95,'340,Honduras,149,'01599.10,"Edible roots and tubers with high starch or inulin content, n.e.c., fresh",5539,Producer Price Index (2014-2016 = 100),1995,1995,7021,Annual value,,7.910000,E
95,'340,Honduras,149,'01599.10,"Edible roots and tubers with high starch or inulin content, n.e.c., fresh",5539,Producer Price Index (2014-2016 = 100),1996,1996,7021,Annual value,,9.460000,E
95,'340,Honduras,149,'01599.10,"Edible roots and tubers with high starch or inulin content, n.e.c., fresh",5539,Producer Price Index (2014-2016 = 100),1997,1997,7021,Annual value,,11.290000,E
95,'340,Honduras,149,'01599.10,"Edible roots and tubers with high starch or inulin content, n.e.c., fresh",5539,Producer Price Index (2014-2016 = 100),1998,1998,7021,Annual value,,12.280000,E
95,'340,Honduras,149,'01599.10,"Edible roots and tubers with high starch or inulin content, n.e.c., fresh",5539,Producer Price Index (2014-2016 = 100),1999,1999,7021,Annual value,,13.340000,E
95,'340,Honduras,149,'01599.10,"Edible roots and tubers with high starch or inulin content, n.e.c., fresh",5539,Producer Price Index (2014-2016 = 100),2000,2000,7021,Annual value,,18.750000,E
95,'340,Honduras,149,'01599.10,"Edible roots and tubers with high starch or inulin content, n.e.c., fresh",5539,Producer Price Index (2014-2016 = 100),2001,2001,7021,Annual value,,24.170000,E
95,'340,Honduras,149,'01599.10,"Edible roots and tubers with high starch or inulin content, n.e.c., fresh",5539,Producer Price Index (2014-2016 = 100),2002,2002,7021,Annual value,,29.590000,E
95,'340,Honduras,149,'01599.10,"Edible roots and tubers with high starch or inulin content, n.e.c., fresh",5539,Producer Price Index (2014-2016 = 100),2003,2003,7021,Annual value,,35.000000,E
95,'340,Honduras,149,'01599.10,"Edible roots and tubers with high starch or inulin content, n.e.c., fresh",5539,Producer Price Index (2014-2016 = 100),2004,2004,7021,Annual value,,40.420000,E
95,'340,Honduras,149,'01599.10,"Edible roots and tubers with high starch or inulin content, n.e.c., fresh",5539,Producer Price Index (2014-2016 = 100),2005,2005,7021,Annual value,,45.840000,E
95,'340,Honduras,149,'01599.10,"Edible roots and tubers with high starch or inulin content, n.e.c., fresh",5539,Producer Price Index (2014-2016 = 100),2006,2006,7021,Annual value,,51.250000,E
95,'340,Honduras,149,'01599.10,"Edible roots and tubers with high starch or inulin content, n.e.c., fresh",5539,Producer Price Index (2014-2016 = 100),2007,2007,7021,Annual value,,56.670000,E
95,'340,Honduras,149,'01599.10,"Edible roots and tubers with high starch or inulin content, n.e.c., fresh",5539,Producer Price Index (2014-2016 = 100),2008,2008,7021,Annual value,,62.080000,E
95,'340,Honduras,149,'01599.10,"Edible roots and tubers with high starch or inulin content, n.e.c., fresh",5539,Producer Price Index (2014-2016 = 100),2009,2009,7021,Annual value,,67.500000,E
95,'340,Honduras,149,'01599.10,"Edible roots and tubers with high starch or inulin content, n.e.c., fresh",5539,Producer Price Index (2014-2016 = 100),2010,2010,7021,Annual value,,72.920000,E
95,'340,Honduras,149,'01599.10,"Edible roots and tubers with high starch or inulin content, n.e.c., fresh",5539,Producer Price Index (2014-2016 = 100),2011,2011,7021,Annual value,,78.330000,E
95,'340,Honduras,149,'01599.10,"Edible roots and tubers with high starch or inulin content, n.e.c., fresh",5539,Producer Price Index (2014-2016 = 100),2012,2012,7021,Annual value,,83.750000,E
95,'340,Honduras,149,'01599.10,"Edible roots and tubers with high starch or inulin content, n.e.c., fresh",5539,Producer Price Index (2014-2016 = 100),2013,2013,7021,Annual value,,89.170000,E
95,'340,Honduras,149,'01599.10,"Edible roots and tubers with high starch or inulin content, n.e.c., fresh",5539,Producer Price Index (2014-2016 = 100),2014,2014,7021,Annual value,,94.580000,E
95,'340,Honduras,149,'01599.10,"Edible roots and tubers with high starch or inulin content, n.e.c., fresh",5539,Producer Price Index (2014-2016 = 100),2015,2015,7021,Annual value,,100.000000,E
95,'340,Honduras,149,'01599.10,"Edible roots and tubers with high starch or inulin content, n.e.c., fresh",5539,Producer Price Index (2014-2016 = 100),2016,2016,7021,Annual value,,105.420000,E
95,'340,Honduras,149,'01599.10,"Edible roots and tubers with high starch or inulin content, n.e.c., fresh",5539,Producer Price Index (2014-2016 = 100),2017,2017,7021,Annual value,,110.830000,E
95,'340,Honduras,149,'01599.10,"Edible roots and tubers with high starch or inulin content, n.e.c., fresh",5539,Producer Price Index (2014-2016 = 100),2018,2018,7021,Annual value,,116.250000,E
95,'340,Honduras,149,'01599.10,"Edible roots and tubers with high starch or inulin content, n.e.c., fresh",5539,Producer Price Index (2014-2016 = 100),2019,2019,7021,Annual value,,121.670000,E
95,'340,Honduras,149,'01599.10,"Edible roots and tubers with high starch or inulin content, n.e.c., fresh",5539,Producer Price Index (2014-2016 = 100),2020,2020,7021,Annual value,,127.080000,E
95,'340,Honduras,149,'01599.10,"Edible roots and tubers with high starch or inulin content, n.e.c., fresh",5539,Producer Price Index (2014-2016 = 100),2021,2021,7021,Annual value,,132.500000,E
95,'340,Honduras,149,'01599.10,"Edible roots and tubers with high starch or inulin content, n.e.c., fresh",5539,Producer Price Index (2014-2016 = 100),2022,2022,7021,Annual value,,137.920000,E
95,'340,Honduras,149,'01599.10,"Edible roots and tubers with high starch or inulin content, n.e.c., fresh",5539,Producer Price Index (2014-2016 = 100),2023,2023,7021,Annual value,,141.350000,E
95,'340,Honduras,149,'01599.10,"Edible roots and tubers with high starch or inulin content, n.e.c., fresh",5539,Producer Price Index (2014-2016 = 100),2024,2024,7021,Annual value,,151.980000,E
95,'340,Honduras,149,'01599.10,"Edible roots and tubers with high starch or inulin content, n.e.c., fresh",5539,Producer Price Index (2014-2016 = 100),2025,2025,7021,Annual value,,154.160000,E
95,'340,Honduras,399,'01233,Eggplants (aubergines),5530,Producer Price (LCU/tonne),2004,2004,7021,Annual value,LCU,6400.000000,A
95,'340,Honduras,399,'01233,Eggplants (aubergines),5530,Producer Price (LCU/tonne),2005,2005,7021,Annual value,LCU,6500.000000,A
95,'340,Honduras,399,'01233,Eggplants (aubergines),5530,Producer Price (LCU/tonne),2006,2006,7021,Annual value,LCU,6600.000000,A
95,'340,Honduras,399,'01233,Eggplants (aubergines),5530,Producer Price (LCU/tonne),2007,2007,7021,Annual value,LCU,7436.600000,A
95,'340,Honduras,399,'01233,Eggplants (aubergines),5530,Producer Price (LCU/tonne),2008,2008,7021,Annual value,LCU,7600.000000,A
95,'340,Honduras,399,'01233,Eggplants (aubergines),5530,Producer Price (LCU/tonne),2022,2022,7021,Annual value,LCU,11001.100000,A
95,'340,Honduras,399,'01233,Eggplants (aubergines),5530,Producer Price (LCU/tonne),2023,2023,7021,Annual value,LCU,12566.400000,A
95,'340,Honduras,399,'01233,Eggplants (aubergines),5530,Producer Price (LCU/tonne),2024,2024,7021,Annual value,LCU,13955.300000,A
95,'340,Honduras,399,'01233,Eggplants (aubergines),5530,Producer Price (LCU/tonne),2024,2024,7001,January,LCU,25728.100000,A
95,'340,Honduras,399,'01233,Eggplants (aubergines),5530,Producer Price (LCU/tonne),2024,2024,7002,February,LCU,17637.100000,A
95,'340,Honduras,399,'01233,Eggplants (aubergines),5530,Producer Price (LCU/tonne),2024,2024,7003,March,LCU,13227.800000,A
95,'340,Honduras,399,'01233,Eggplants (aubergines),5530,Producer Price (LCU/tonne),2024,2024,7004,April,LCU,11023.200000,A
95,'340,Honduras,399,'01233,Eggplants (aubergines),5530,Producer Price (LCU/tonne),2024,2024,7005,May,LCU,11023.200000,A
95,'340,Honduras,399,'01233,Eggplants (aubergines),5530,Producer Price (LCU/tonne),2024,2024,7006,June,LCU,9920.900000,A
95,'340,Honduras,399,'01233,Eggplants (aubergines),5530,Producer Price (LCU/tonne),2024,2024,7007,July,LCU,11750.700000,A
95,'340,Honduras,399,'01233,Eggplants (aubergines),5530,Producer Price (LCU/tonne),2024,2024,7008,August,LCU,10582.200000,A
95,'340,Honduras,399,'01233,Eggplants (aubergines),5530,Producer Price (LCU/tonne),2024,2024,7009,September,LCU,13955.300000,A
95,'340,Honduras,399,'01233,Eggplants (aubergines),5530,Producer Price (LCU/tonne),2024,2024,7010,October,LCU,14330.100000,A
95,'340,Honduras,399,'01233,Eggplants (aubergines),5530,Producer Price (LCU/tonne),2024,2024,7011,November,LCU,11023.200000,A
95,'340,Honduras,399,'01233,Eggplants (aubergines),5530,Producer Price (LCU/tonne),2024,2024,7012,December,LCU,17196.100000,A
95,'340,Honduras,399,'01233,Eggplants (aubergines),5530,Producer Price (LCU/tonne),2025,2025,7001,January,LCU,17637.100000,A
95,'340,Honduras,399,'01233,Eggplants (aubergines),5531,Producer Price (SLC/tonne),2004,2004,7021,Annual value,SLC,6400.000000,A
95,'340,Honduras,399,'01233,Eggplants (aubergines),5531,Producer Price (SLC/tonne),2005,2005,7021,Annual value,SLC,6500.000000,A
95,'340,Honduras,399,'01233,Eggplants (aubergines),5531,Producer Price (SLC/tonne),2006,2006,7021,Annual value,SLC,6600.000000,A
95,'340,Honduras,399,'01233,Eggplants (aubergines),5531,Producer Price (SLC/tonne),2007,2007,7021,Annual value,SLC,7436.600000,A
95,'340,Honduras,399,'01233,Eggplants (aubergines),5531,Producer Price (SLC/tonne),2008,2008,7021,Annual value,SLC,7600.000000,A
95,'340,Honduras,399,'01233,Eggplants (aubergines),5531,Producer Price (SLC/tonne),2022,2022,7021,Annual value,SLC,11001.100000,A
95,'340,Honduras,399,'01233,Eggplants (aubergines),5531,Producer Price (SLC/tonne),2023,2023,7021,Annual value,SLC,12566.400000,A
95,'340,Honduras,399,'01233,Eggplants (aubergines),5531,Producer Price (SLC/tonne),2024,2024,7021,Annual value,SLC,13955.300000,A
95,'340,Honduras,399,'01233,Eggplants (aubergines),5532,Producer Price (USD/tonne),2004,2004,7021,Annual value,USD,351.500000,A
95,'340,Honduras,399,'01233,Eggplants (aubergines),5532,Producer Price (USD/tonne),2005,2005,7021,Annual value,USD,345.200000,A
95,'340,Honduras,399,'01233,Eggplants (aubergines),5532,Producer Price (USD/tonne),2006,2006,7021,Annual value,USD,349.300000,A
95,'340,Honduras,399,'01233,Eggplants (aubergines),5532,Producer Price (USD/tonne),2007,2007,7021,Annual value,USD,393.600000,A
95,'340,Honduras,399,'01233,Eggplants (aubergines),5532,Producer Price (USD/tonne),2008,2008,7021,Annual value,USD,402.000000,A
95,'340,Honduras,399,'01233,Eggplants (aubergines),5532,Producer Price (USD/tonne),2022,2022,7021,Annual value,USD,449.300000,A
95,'340,Honduras,399,'01233,Eggplants (aubergines),5532,Producer Price (USD/tonne),2023,2023,7021,Annual value,USD,510.800000,A
95,'340,Honduras,399,'01233,Eggplants (aubergines),5532,Producer Price (USD/tonne),2024,2024,7021,Annual value,USD,562.700000,A
95,'340,Honduras,399,'01233,Eggplants (aubergines),5539,Producer Price Index (2014-2016 = 100),1991,1991,7021,Annual value,,2.120000,E
95,'340,Honduras,399,'01233,Eggplants (aubergines),5539,Producer Price Index (2014-2016 = 100),1992,1992,7021,Annual value,,3.070000,E
95,'340,Honduras,399,'01233,Eggplants (aubergines),5539,Producer Price Index (2014-2016 = 100),1993,1993,7021,Annual value,,5.290000,E
95,'340,Honduras,399,'01233,Eggplants (aubergines),5539,Producer Price Index (2014-2016 = 100),1994,1994,7021,Annual value,,7.060000,E
95,'340,Honduras,399,'01233,Eggplants (aubergines),5539,Producer Price Index (2014-2016 = 100),1995,1995,7021,Annual value,,8.430000,E
95,'340,Honduras,399,'01233,Eggplants (aubergines),5539,Producer Price Index (2014-2016 = 100),1996,1996,7021,Annual value,,16.560000,E
95,'340,Honduras,399,'01233,Eggplants (aubergines),5539,Producer Price Index (2014-2016 = 100),1997,1997,7021,Annual value,,19.790000,E
95,'340,Honduras,399,'01233,Eggplants (aubergines),5539,Producer Price Index (2014-2016 = 100),1998,1998,7021,Annual value,,21.960000,E
95,'340,Honduras,399,'01233,Eggplants (aubergines),5539,Producer Price Index (2014-2016 = 100),1999,1999,7021,Annual value,,24.350000,E
95,'340,Honduras,399,'01233,Eggplants (aubergines),5539,Producer Price Index (2014-2016 = 100),2000,2000,7021,Annual value,,27.000000,E
95,'340,Honduras,399,'01233,Eggplants (aubergines),5539,Producer Price Index (2014-2016 = 100),2001,2001,7021,Annual value,,29.950000,E
95,'340,Honduras,399,'01233,Eggplants (aubergines),5539,Producer Price Index (2014-2016 = 100),2002,2002,7021,Annual value,,33.220000,E
95,'340,Honduras,399,'01233,Eggplants (aubergines),5539,Producer Price Index (2014-2016 = 100),2003,2003,7021,Annual value,,44.570000,E
95,'340,Honduras,399,'01233,Eggplants (aubergines),5539,Producer Price Index (2014-2016 = 100),2004,2004,7021,Annual value,,55.950000,E
95,'340,Honduras,399,'01233,Eggplants (aubergines),5539,Producer Price Index (2014-2016 = 100),2005,2005,7021,Annual value,,56.820000,E
95,'340,Honduras,399,'01233,Eggplants (aubergines),5539,Producer Price Index (2014-2016 = 100),2006,2006,7021,Annual value,,57.690000,E
95,'340,Honduras,399,'01233,Eggplants (aubergines),5539,Producer Price Index (2014-2016 = 100),2007,2007,7021,Annual value,,65.010000,E
95,'340,Honduras,399,'01233,Eggplants (aubergines),5539,Producer Price Index (2014-2016 = 100),2008,2008,7021,Annual value,,66.430000,E
95,'340,Honduras,399,'01233,Eggplants (aubergines),5539,Producer Price Index (2014-2016 = 100),2009,2009,7021,Annual value,,69.330000,E
95,'340,Honduras,399,'01233,Eggplants (aubergines),5539,Producer Price Index (2014-2016 = 100),2010,2010,7021,Annual value,,77.690000,E
95,'340,Honduras,399,'01233,Eggplants (aubergines),5539,Producer Price Index (2014-2016 = 100),2011,2011,7021,Annual value,,81.990000,E
95,'340,Honduras,399,'01233,Eggplants (aubergines),5539,Producer Price Index (2014-2016 = 100),2012,2012,7021,Annual value,,86.490000,E
95,'340,Honduras,399,'01233,Eggplants (aubergines),5539,Producer Price Index (2014-2016 = 100),2013,2013,7021,Annual value,,90.990000,E
95,'340,Honduras,399,'01233,Eggplants (aubergines),5539,Producer Price Index (2014-2016 = 100),2014,2014,7021,Annual value,,95.500000,E
95,'340,Honduras,399,'01233,Eggplants (aubergines),5539,Producer Price Index (2014-2016 = 100),2015,2015,7021,Annual value,,100.000000,E
95,'340,Honduras,399,'01233,Eggplants (aubergines),5539,Producer Price Index (2014-2016 = 100),2016,2016,7021,Annual value,,104.500000,E
95,'340,Honduras,399,'01233,Eggplants (aubergines),5539,Producer Price Index (2014-2016 = 100),2017,2017,7021,Annual value,,109.010000,E
95,'340,Honduras,399,'01233,Eggplants (aubergines),5539,Producer Price Index (2014-2016 = 100),2018,2018,7021,Annual value,,113.510000,E
95,'340,Honduras,399,'01233,Eggplants (aubergines),5539,Producer Price Index (2014-2016 = 100),2019,2019,7021,Annual value,,118.010000,E
95,'340,Honduras,399,'01233,Eggplants (aubergines),5539,Producer Price Index (2014-2016 = 100),2020,2020,7021,Annual value,,110.800000,E
95,'340,Honduras,399,'01233,Eggplants (aubergines),5539,Producer Price Index (2014-2016 = 100),2021,2021,7021,Annual value,,103.190000,E
95,'340,Honduras,399,'01233,Eggplants (aubergines),5539,Producer Price Index (2014-2016 = 100),2022,2022,7021,Annual value,,96.170000,E
95,'340,Honduras,399,'01233,Eggplants (aubergines),5539,Producer Price Index (2014-2016 = 100),2023,2023,7021,Annual value,,109.850000,E
95,'340,Honduras,399,'01233,Eggplants (aubergines),5539,Producer Price Index (2014-2016 = 100),2024,2024,7021,Annual value,,121.990000,E
95,'340,Honduras,399,'01233,Eggplants (aubergines),5539,Producer Price Index (2014-2016 = 100),2025,2025,7021,Annual value,,134.160000,E
95,'340,Honduras,560,'01330,Grapes,5539,Producer Price Index (2014-2016 = 100),1991,1991,7021,Annual value,,2.500000,E
95,'340,Honduras,560,'01330,Grapes,5539,Producer Price Index (2014-2016 = 100),1992,1992,7021,Annual value,,3.500000,E
95,'340,Honduras,560,'01330,Grapes,5539,Producer Price Index (2014-2016 = 100),1993,1993,7021,Annual value,,4.920000,E
95,'340,Honduras,560,'01330,Grapes,5539,Producer Price Index (2014-2016 = 100),1994,1994,7021,Annual value,,6.910000,E
95,'340,Honduras,560,'01330,Grapes,5539,Producer Price Index (2014-2016 = 100),1995,1995,7021,Annual value,,8.260000,E
95,'340,Honduras,560,'01330,Grapes,5539,Producer Price Index (2014-2016 = 100),1996,1996,7021,Annual value,,9.870000,E
95,'340,Honduras,560,'01330,Grapes,5539,Producer Price Index (2014-2016 = 100),1997,1997,7021,Annual value,,11.560000,E
95,'340,Honduras,560,'01330,Grapes,5539,Producer Price Index (2014-2016 = 100),1998,1998,7021,Annual value,,12.590000,E
95,'340,Honduras,560,'01330,Grapes,5539,Producer Price Index (2014-2016 = 100),1999,1999,7021,Annual value,,13.710000,E
95,'340,Honduras,560,'01330,Grapes,5539,Producer Price Index (2014-2016 = 100),2000,2000,7021,Annual value,,14.940000,E
95,'340,Honduras,560,'01330,Grapes,5539,Producer Price Index (2014-2016 = 100),2001,2001,7021,Annual value,,16.260000,E
95,'340,Honduras,560,'01330,Grapes,5539,Producer Price Index (2014-2016 = 100),2002,2002,7021,Annual value,,17.710000,E
95,'340,Honduras,560,'01330,Grapes,5539,Producer Price Index (2014-2016 = 100),2003,2003,7021,Annual value,,19.820000,E
95,'340,Honduras,560,'01330,Grapes,5539,Producer Price Index (2014-2016 = 100),2004,2004,7021,Annual value,,25.280000,E
95,'340,Honduras,560,'01330,Grapes,5539,Producer Price Index (2014-2016 = 100),2005,2005,7021,Annual value,,37.920000,E
95,'340,Honduras,560,'01330,Grapes,5539,Producer Price Index (2014-2016 = 100),2006,2006,7021,Annual value,,50.560000,E
95,'340,Honduras,560,'01330,Grapes,5539,Producer Price Index (2014-2016 = 100),2007,2007,7021,Annual value,,57.860000,E
95,'340,Honduras,560,'01330,Grapes,5539,Producer Price Index (2014-2016 = 100),2008,2008,7021,Annual value,,60.920000,E
95,'340,Honduras,560,'01330,Grapes,5539,Producer Price Index (2014-2016 = 100),2009,2009,7021,Annual value,,63.280000,E
95,'340,Honduras,560,'01330,Grapes,5539,Producer Price Index (2014-2016 = 100),2010,2010,7021,Annual value,,76.020000,E
95,'340,Honduras,560,'01330,Grapes,5539,Producer Price Index (2014-2016 = 100),2011,2011,7021,Annual value,,75.950000,E
95,'340,Honduras,560,'01330,Grapes,5539,Producer Price Index (2014-2016 = 100),2012,2012,7021,Annual value,,81.960000,E
95,'340,Honduras,560,'01330,Grapes,5539,Producer Price Index (2014-2016 = 100),2013,2013,7021,Annual value,,87.970000,E
95,'340,Honduras,560,'01330,Grapes,5539,Producer Price Index (2014-2016 = 100),2014,2014,7021,Annual value,,93.990000,E
95,'340,Honduras,560,'01330,Grapes,5539,Producer Price Index (2014-2016 = 100),2015,2015,7021,Annual value,,100.000000,E
95,'340,Honduras,560,'01330,Grapes,5539,Producer Price Index (2014-2016 = 100),2016,2016,7021,Annual value,,106.010000,E
95,'340,Honduras,560,'01330,Grapes,5539,Producer Price Index (2014-2016 = 100),2017,2017,7021,Annual value,,112.030000,E
95,'340,Honduras,560,'01330,Grapes,5539,Producer Price Index (2014-2016 = 100),2018,2018,7021,Annual value,,118.040000,E
95,'340,Honduras,560,'01330,Grapes,5539,Producer Price Index (2014-2016 = 100),2019,2019,7021,Annual value,,124.050000,E
95,'340,Honduras,560,'01330,Grapes,5539,Producer Price Index (2014-2016 = 100),2020,2020,7021,Annual value,,129.030000,E
95,'340,Honduras,560,'01330,Grapes,5539,Producer Price Index (2014-2016 = 100),2021,2021,7021,Annual value,,135.770000,E
95,'340,Honduras,560,'01330,Grapes,5539,Producer Price Index (2014-2016 = 100),2022,2022,7021,Annual value,,140.590000,E
95,'340,Honduras,560,'01330,Grapes,5539,Producer Price Index (2014-2016 = 100),2023,2023,7021,Annual value,,146.270000,E
95,'340,Honduras,560,'01330,Grapes,5539,Producer Price Index (2014-2016 = 100),2024,2024,7021,Annual value,,151.960000,E
95,'340,Honduras,560,'01330,Grapes,5539,Producer Price Index (2014-2016 = 100),2025,2025,7021,Annual value,,157.640000,E
95,'340,Honduras,446,'01290.01,Green corn (maize),5530,Producer Price (LCU/tonne),2005,2005,7021,Annual value,LCU,8254.000000,A
95,'340,Honduras,446,'01290.01,Green corn (maize),5530,Producer Price (LCU/tonne),2006,2006,7021,Annual value,LCU,8462.000000,A
95,'340,Honduras,446,'01290.01,Green corn (maize),5530,Producer Price (LCU/tonne),2007,2007,7021,Annual value,LCU,9900.000000,A
95,'340,Honduras,446,'01290.01,Green corn (maize),5530,Producer Price (LCU/tonne),2008,2008,7021,Annual value,LCU,9955.000000,A
95,'340,Honduras,446,'01290.01,Green corn (maize),5531,Producer Price (SLC/tonne),2005,2005,7021,Annual value,SLC,8254.000000,A
95,'340,Honduras,446,'01290.01,Green corn (maize),5531,Producer Price (SLC/tonne),2006,2006,7021,Annual value,SLC,8462.000000,A
95,'340,Honduras,446,'01290.01,Green corn (maize),5531,Producer Price (SLC/tonne),2007,2007,7021,Annual value,SLC,9900.000000,A
95,'340,Honduras,446,'01290.01,Green corn (maize),5531,Producer Price (SLC/tonne),2008,2008,7021,Annual value,SLC,9955.000000,A
95,'340,Honduras,446,'01290.01,Green corn (maize),5532,Producer Price (USD/tonne),2005,2005,7021,Annual value,USD,438.300000,A
95,'340,Honduras,446,'01290.01,Green corn (maize),5532,Producer Price (USD/tonne),2006,2006,7021,Annual value,USD,447.800000,A
95,'340,Honduras,446,'01290.01,Green corn (maize),5532,Producer Price (USD/tonne),2007,2007,7021,Annual value,USD,523.900000,A
95,'340,Honduras,446,'01290.01,Green corn (maize),5532,Producer Price (USD/tonne),2008,2008,7021,Annual value,USD,526.600000,A
95,'340,Honduras,446,'01290.01,Green corn (maize),5539,Producer Price Index (2014-2016 = 100),2005,2005,7021,Annual value,,70.370000,E
95,'340,Honduras,446,'01290.01,Green corn (maize),5539,Producer Price Index (2014-2016 = 100),2006,2006,7021,Annual value,,72.140000,E
95,'340,Honduras,446,'01290.01,Green corn (maize),5539,Producer Price Index (2014-2016 = 100),2007,2007,7021,Annual value,,84.400000,E
95,'340,Honduras,446,'01290.01,Green corn (maize),5539,Producer Price Index (2014-2016 = 100),2008,2008,7021,Annual value,,84.870000,E
95,'340,Honduras,446,'01290.01,Green corn (maize),5539,Producer Price Index (2014-2016 = 100),2009,2009,7021,Annual value,,81.580000,E
95,'340,Honduras,446,'01290.01,Green corn (maize),5539,Producer Price Index (2014-2016 = 100),2010,2010,7021,Annual value,,93.200000,E
95,'340,Honduras,446,'01290.01,Green corn (maize),5539,Producer Price Index (2014-2016 = 100),2011,2011,7021,Annual value,,120.050000,E
95,'340,Honduras,446,'01290.01,Green corn (maize),5539,Producer Price Index (2014-2016 = 100),2012,2012,7021,Annual value,,108.260000,E
95,'340,Honduras,446,'01290.01,Green corn (maize),5539,Producer Price Index (2014-2016 = 100),2013,2013,7021,Annual value,,93.900000,E
95,'340,Honduras,446,'01290.01,Green corn (maize),5539,Producer Price Index (2014-2016 = 100),2014,2014,7021,Annual value,,100.320000,E
95,'340,Honduras,446,'01290.01,Green corn (maize),5539,Producer Price Index (2014-2016 = 100),2015,2015,7021,Annual value,,101.130000,E
95,'340,Honduras,446,'01290.01,Green corn (maize),5539,Producer Price Index (2014-2016 = 100),2016,2016,7021,Annual value,,98.560000,E
95,'340,Honduras,446,'01290.01,Green corn (maize),5539,Producer Price Index (2014-2016 = 100),2017,2017,7021,Annual value,,100.890000,E
95,'340,Honduras,446,'01290.01,Green corn (maize),5539,Producer Price Index (2014-2016 = 100),2018,2018,7021,Annual value,,93.520000,E
95,'340,Honduras,446,'01290.01,Green corn (maize),5539,Producer Price Index (2014-2016 = 100),2019,2019,7021,Annual value,,90.510000,E
95,'340,Honduras,446,'01290.01,Green corn (maize),5539,Producer Price Index (2014-2016 = 100),2020,2020,7021,Annual value,,90.060000,E
95,'340,Honduras,446,'01290.01,Green corn (maize),5539,Producer Price Index (2014-2016 = 100),2021,2021,7021,Annual value,,102.300000,E
95,'340,Honduras,446,'01290.01,Green corn (maize),5539,Producer Price Index (2014-2016 = 100),2022,2022,7021,Annual value,,100.070000,E
95,'340,Honduras,446,'01290.01,Green corn (maize),5539,Producer Price Index (2014-2016 = 100),2023,2023,7021,Annual value,,100.840000,E
95,'340,Honduras,446,'01290.01,Green corn (maize),5539,Producer Price Index (2014-2016 = 100),2024,2024,7021,Annual value,,101.610000,E
95,'340,Honduras,446,'01290.01,Green corn (maize),5539,Producer Price Index (2014-2016 = 100),2025,2025,7021,Annual value,,102.370000,E
95,'340,Honduras,406,'01252,Green garlic,5530,Producer Price (LCU/tonne),2005,2005,7021,Annual value,LCU,30800.000000,A
95,'340,Honduras,406,'01252,Green garlic,5530,Producer Price (LCU/tonne),2006,2006,7021,Annual value,LCU,33000.000000,A
95,'340,Honduras,406,'01252,Green garlic,5530,Producer Price (LCU/tonne),2007,2007,7021,Annual value,LCU,35500.000000,A
95,'340,Honduras,406,'01252,Green garlic,5530,Producer Price (LCU/tonne),2008,2008,7021,Annual value,LCU,36220.000000,A
95,'340,Honduras,406,'01252,Green garlic,5531,Producer Price (SLC/tonne),2005,2005,7021,Annual value,SLC,30800.000000,A
95,'340,Honduras,406,'01252,Green garlic,5531,Producer Price (SLC/tonne),2006,2006,7021,Annual value,SLC,33000.000000,A
95,'340,Honduras,406,'01252,Green garlic,5531,Producer Price (SLC/tonne),2007,2007,7021,Annual value,SLC,35500.000000,A
95,'340,Honduras,406,'01252,Green garlic,5531,Producer Price (SLC/tonne),2008,2008,7021,Annual value,SLC,36220.000000,A
95,'340,Honduras,406,'01252,Green garlic,5532,Producer Price (USD/tonne),2005,2005,7021,Annual value,USD,1635.500000,A
95,'340,Honduras,406,'01252,Green garlic,5532,Producer Price (USD/tonne),2006,2006,7021,Annual value,USD,1746.500000,A
95,'340,Honduras,406,'01252,Green garlic,5532,Producer Price (USD/tonne),2007,2007,7021,Annual value,USD,1878.800000,A
95,'340,Honduras,406,'01252,Green garlic,5532,Producer Price (USD/tonne),2008,2008,7021,Annual value,USD,1916.000000,A
95,'340,Honduras,406,'01252,Green garlic,5539,Producer Price Index (2014-2016 = 100),1991,1991,7021,Annual value,,3.450000,E
95,'340,Honduras,406,'01252,Green garlic,5539,Producer Price Index (2014-2016 = 100),1992,1992,7021,Annual value,,4.650000,E
95,'340,Honduras,406,'01252,Green garlic,5539,Producer Price Index (2014-2016 = 100),1993,1993,7021,Annual value,,7.200000,E
95,'340,Honduras,406,'01252,Green garlic,5539,Producer Price Index (2014-2016 = 100),1994,1994,7021,Annual value,,6.760000,E
95,'340,Honduras,406,'01252,Green garlic,5539,Producer Price Index (2014-2016 = 100),1995,1995,7021,Annual value,,8.080000,E
95,'340,Honduras,406,'01252,Green garlic,5539,Producer Price Index (2014-2016 = 100),1996,1996,7021,Annual value,,26.200000,E
95,'340,Honduras,406,'01252,Green garlic,5539,Producer Price Index (2014-2016 = 100),1997,1997,7021,Annual value,,31.310000,E
95,'340,Honduras,406,'01252,Green garlic,5539,Producer Price Index (2014-2016 = 100),1998,1998,7021,Annual value,,34.390000,E
95,'340,Honduras,406,'01252,Green garlic,5539,Producer Price Index (2014-2016 = 100),1999,1999,7021,Annual value,,37.770000,E
95,'340,Honduras,406,'01252,Green garlic,5539,Producer Price Index (2014-2016 = 100),2000,2000,7021,Annual value,,41.490000,E
95,'340,Honduras,406,'01252,Green garlic,5539,Producer Price Index (2014-2016 = 100),2001,2001,7021,Annual value,,45.560000,E
95,'340,Honduras,406,'01252,Green garlic,5539,Producer Price Index (2014-2016 = 100),2002,2002,7021,Annual value,,50.040000,E
95,'340,Honduras,406,'01252,Green garlic,5539,Producer Price Index (2014-2016 = 100),2003,2003,7021,Annual value,,54.180000,E
95,'340,Honduras,406,'01252,Green garlic,5539,Producer Price Index (2014-2016 = 100),2004,2004,7021,Annual value,,58.330000,E
95,'340,Honduras,406,'01252,Green garlic,5539,Producer Price Index (2014-2016 = 100),2005,2005,7021,Annual value,,62.490000,E
95,'340,Honduras,406,'01252,Green garlic,5539,Producer Price Index (2014-2016 = 100),2006,2006,7021,Annual value,,66.950000,E
95,'340,Honduras,406,'01252,Green garlic,5539,Producer Price Index (2014-2016 = 100),2007,2007,7021,Annual value,,72.020000,E
95,'340,Honduras,406,'01252,Green garlic,5539,Producer Price Index (2014-2016 = 100),2008,2008,7021,Annual value,,73.490000,E
95,'340,Honduras,406,'01252,Green garlic,5539,Producer Price Index (2014-2016 = 100),2009,2009,7021,Annual value,,79.500000,E
95,'340,Honduras,406,'01252,Green garlic,5539,Producer Price Index (2014-2016 = 100),2010,2010,7021,Annual value,,87.820000,E
95,'340,Honduras,406,'01252,Green garlic,5539,Producer Price Index (2014-2016 = 100),2011,2011,7021,Annual value,,90.400000,E
95,'340,Honduras,406,'01252,Green garlic,5539,Producer Price Index (2014-2016 = 100),2012,2012,7021,Annual value,,92.260000,E
95,'340,Honduras,406,'01252,Green garlic,5539,Producer Price Index (2014-2016 = 100),2013,2013,7021,Annual value,,97.010000,E
95,'340,Honduras,406,'01252,Green garlic,5539,Producer Price Index (2014-2016 = 100),2014,2014,7021,Annual value,,97.010000,E
95,'340,Honduras,406,'01252,Green garlic,5539,Producer Price Index (2014-2016 = 100),2015,2015,7021,Annual value,,100.150000,E
95,'340,Honduras,406,'01252,Green garlic,5539,Producer Price Index (2014-2016 = 100),2016,2016,7021,Annual value,,102.840000,E
95,'340,Honduras,406,'01252,Green garlic,5539,Producer Price Index (2014-2016 = 100),2017,2017,7021,Annual value,,104.320000,E
95,'340,Honduras,406,'01252,Green garlic,5539,Producer Price Index (2014-2016 = 100),2018,2018,7021,Annual value,,108.710000,E
95,'340,Honduras,406,'01252,Green garlic,5539,Producer Price Index (2014-2016 = 100),2019,2019,7021,Annual value,,111.860000,E
95,'340,Honduras,406,'01252,Green garlic,5539,Producer Price Index (2014-2016 = 100),2020,2020,7021,Annual value,,114.620000,E
95,'340,Honduras,406,'01252,Green garlic,5539,Producer Price Index (2014-2016 = 100),2021,2021,7021,Annual value,,119.730000,E
95,'340,Honduras,406,'01252,Green garlic,5539,Producer Price Index (2014-2016 = 100),2022,2022,7021,Annual value,,121.070000,E
95,'340,Honduras,406,'01252,Green garlic,5539,Producer Price Index (2014-2016 = 100),2023,2023,7021,Annual value,,123.650000,E
95,'340,Honduras,406,'01252,Green garlic,5539,Producer Price Index (2014-2016 = 100),2024,2024,7021,Annual value,,126.230000,E
95,'340,Honduras,406,'01252,Green garlic,5539,Producer Price Index (2014-2016 = 100),2025,2025,7021,Annual value,,128.810000,E
95,'340,Honduras,242,'0142,"Groundnuts, excluding shelled",5539,Producer Price Index (2014-2016 = 100),1991,1991,7021,Annual value,,26.120000,E
95,'340,Honduras,242,'0142,"Groundnuts, excluding shelled",5539,Producer Price Index (2014-2016 = 100),1992,1992,7021,Annual value,,27.420000,E
95,'340,Honduras,242,'0142,"Groundnuts, excluding shelled",5539,Producer Price Index (2014-2016 = 100),1993,1993,7021,Annual value,,31.440000,E
95,'340,Honduras,242,'0142,"Groundnuts, excluding shelled",5539,Producer Price Index (2014-2016 = 100),1994,1994,7021,Annual value,,41.580000,E
95,'340,Honduras,242,'0142,"Groundnuts, excluding shelled",5539,Producer Price Index (2014-2016 = 100),1995,1995,7021,Annual value,,42.650000,E
95,'340,Honduras,242,'0142,"Groundnuts, excluding shelled",5539,Producer Price Index (2014-2016 = 100),1996,1996,7021,Annual value,,44.010000,E
95,'340,Honduras,242,'0142,"Groundnuts, excluding shelled",5539,Producer Price Index (2014-2016 = 100),1997,1997,7021,Annual value,,44.010000,E
95,'340,Honduras,242,'0142,"Groundnuts, excluding shelled",5539,Producer Price Index (2014-2016 = 100),1998,1998,7021,Annual value,,44.010000,E
95,'340,Honduras,242,'0142,"Groundnuts, excluding shelled",5539,Producer Price Index (2014-2016 = 100),1999,1999,7021,Annual value,,44.010000,E
95,'340,Honduras,242,'0142,"Groundnuts, excluding shelled",5539,Producer Price Index (2014-2016 = 100),2000,2000,7021,Annual value,,51.950000,E
95,'340,Honduras,242,'0142,"Groundnuts, excluding shelled",5539,Producer Price Index (2014-2016 = 100),2001,2001,7021,Annual value,,52.560000,E
95,'340,Honduras,242,'0142,"Groundnuts, excluding shelled",5539,Producer Price Index (2014-2016 = 100),2002,2002,7021,Annual value,,54.610000,E
95,'340,Honduras,242,'0142,"Groundnuts, excluding shelled",5539,Producer Price Index (2014-2016 = 100),2003,2003,7021,Annual value,,56.440000,E
95,'340,Honduras,242,'0142,"Groundnuts, excluding shelled",5539,Producer Price Index (2014-2016 = 100),2004,2004,7021,Annual value,,60.990000,E
95,'340,Honduras,242,'0142,"Groundnuts, excluding shelled",5539,Producer Price Index (2014-2016 = 100),2005,2005,7021,Annual value,,65.550000,E
95,'340,Honduras,242,'0142,"Groundnuts, excluding shelled",5539,Producer Price Index (2014-2016 = 100),2006,2006,7021,Annual value,,68.250000,E
95,'340,Honduras,242,'0142,"Groundnuts, excluding shelled",5539,Producer Price Index (2014-2016 = 100),2007,2007,7021,Annual value,,76.010000,E
95,'340,Honduras,242,'0142,"Groundnuts, excluding shelled",5539,Producer Price Index (2014-2016 = 100),2008,2008,7021,Annual value,,90.750000,E
95,'340,Honduras,242,'0142,"Groundnuts, excluding shelled",5539,Producer Price Index (2014-2016 = 100),2009,2009,7021,Annual value,,94.680000,E
95,'340,Honduras,242,'0142,"Groundnuts, excluding shelled",5539,Producer Price Index (2014-2016 = 100),2010,2010,7021,Annual value,,87.600000,E
95,'340,Honduras,242,'0142,"Groundnuts, excluding shelled",5539,Producer Price Index (2014-2016 = 100),2011,2011,7021,Annual value,,87.590000,E
95,'340,Honduras,242,'0142,"Groundnuts, excluding shelled",5539,Producer Price Index (2014-2016 = 100),2012,2012,7021,Annual value,,90.690000,E
95,'340,Honduras,242,'0142,"Groundnuts, excluding shelled",5539,Producer Price Index (2014-2016 = 100),2013,2013,7021,Annual value,,93.790000,E
95,'340,Honduras,242,'0142,"Groundnuts, excluding shelled",5539,Producer Price Index (2014-2016 = 100),2014,2014,7021,Annual value,,96.900000,E
95,'340,Honduras,242,'0142,"Groundnuts, excluding shelled",5539,Producer Price Index (2014-2016 = 100),2015,2015,7021,Annual value,,100.000000,E
95,'340,Honduras,242,'0142,"Groundnuts, excluding shelled",5539,Producer Price Index (2014-2016 = 100),2016,2016,7021,Annual value,,103.100000,E
95,'340,Honduras,242,'0142,"Groundnuts, excluding shelled",5539,Producer Price Index (2014-2016 = 100),2017,2017,7021,Annual value,,106.210000,E
95,'340,Honduras,242,'0142,"Groundnuts, excluding shelled",5539,Producer Price Index (2014-2016 = 100),2018,2018,7021,Annual value,,109.310000,E
95,'340,Honduras,242,'0142,"Groundnuts, excluding shelled",5539,Producer Price Index (2014-2016 = 100),2019,2019,7021,Annual value,,112.410000,E
95,'340,Honduras,242,'0142,"Groundnuts, excluding shelled",5539,Producer Price Index (2014-2016 = 100),2020,2020,7021,Annual value,,115.470000,E
95,'340,Honduras,242,'0142,"Groundnuts, excluding shelled",5539,Producer Price Index (2014-2016 = 100),2021,2021,7021,Annual value,,117.330000,E
95,'340,Honduras,242,'0142,"Groundnuts, excluding shelled",5539,Producer Price Index (2014-2016 = 100),2022,2022,7021,Annual value,,116.730000,E
95,'340,Honduras,242,'0142,"Groundnuts, excluding shelled",5539,Producer Price Index (2014-2016 = 100),2023,2023,7021,Annual value,,118.200000,E
95,'340,Honduras,242,'0142,"Groundnuts, excluding shelled",5539,Producer Price Index (2014-2016 = 100),2024,2024,7021,Annual value,,119.680000,E
95,'340,Honduras,242,'0142,"Groundnuts, excluding shelled",5539,Producer Price Index (2014-2016 = 100),2025,2025,7021,Annual value,,121.150000,E
95,'340,Honduras,1062,'0231,"Hen eggs in shell, fresh",5530,Producer Price (LCU/tonne),1991,1991,7021,Annual value,LCU,4800.000000,A
95,'340,Honduras,1062,'0231,"Hen eggs in shell, fresh",5530,Producer Price (LCU/tonne),1992,1992,7021,Annual value,LCU,4600.000000,A
95,'340,Honduras,1062,'0231,"Hen eggs in shell, fresh",5530,Producer Price (LCU/tonne),1998,1998,7021,Annual value,LCU,36000.000000,A
95,'340,Honduras,1062,'0231,"Hen eggs in shell, fresh",5530,Producer Price (LCU/tonne),1999,1999,7021,Annual value,LCU,38000.000000,A
95,'340,Honduras,1062,'0231,"Hen eggs in shell, fresh",5530,Producer Price (LCU/tonne),2000,2000,7021,Annual value,LCU,40000.000000,A
95,'340,Honduras,1062,'0231,"Hen eggs in shell, fresh",5530,Producer Price (LCU/tonne),2001,2001,7021,Annual value,LCU,41000.000000,A
95,'340,Honduras,1062,'0231,"Hen eggs in shell, fresh",5530,Producer Price (LCU/tonne),2002,2002,7021,Annual value,LCU,42000.000000,A
95,'340,Honduras,1062,'0231,"Hen eggs in shell, fresh",5530,Producer Price (LCU/tonne),2003,2003,7021,Annual value,LCU,43000.000000,A
95,'340,Honduras,1062,'0231,"Hen eggs in shell, fresh",5530,Producer Price (LCU/tonne),2004,2004,7021,Annual value,LCU,45000.000000,A
95,'340,Honduras,1062,'0231,"Hen eggs in shell, fresh",5530,Producer Price (LCU/tonne),2005,2005,7021,Annual value,LCU,46000.000000,A
95,'340,Honduras,1062,'0231,"Hen eggs in shell, fresh",5530,Producer Price (LCU/tonne),2006,2006,7021,Annual value,LCU,49000.000000,A
95,'340,Honduras,1062,'0231,"Hen eggs in shell, fresh",5530,Producer Price (LCU/tonne),2007,2007,7021,Annual value,LCU,50000.000000,A
95,'340,Honduras,1062,'0231,"Hen eggs in shell, fresh",5530,Producer Price (LCU/tonne),2008,2008,7021,Annual value,LCU,45000.000000,A
95,'340,Honduras,1062,'0231,"Hen eggs in shell, fresh",5530,Producer Price (LCU/tonne),2022,2022,7021,Annual value,LCU,39536.400000,A
95,'340,Honduras,1062,'0231,"Hen eggs in shell, fresh",5530,Producer Price (LCU/tonne),2023,2023,7021,Annual value,LCU,42740.900000,A
95,'340,Honduras,1062,'0231,"Hen eggs in shell, fresh",5530,Producer Price (LCU/tonne),2024,2024,7021,Annual value,LCU,36260.100000,A
95,'340,Honduras,1062,'0231,"Hen eggs in shell, fresh",5530,Producer Price (LCU/tonne),2024,2024,7001,January,LCU,45081.800000,A
95,'340,Honduras,1062,'0231,"Hen eggs in shell, fresh",5530,Producer Price (LCU/tonne),2024,2024,7002,February,LCU,41896.000000,A
95,'340,Honduras,1062,'0231,"Hen eggs in shell, fresh",5530,Producer Price (LCU/tonne),2024,2024,7003,March,LCU,36492.900000,A
95,'340,Honduras,1062,'0231,"Hen eggs in shell, fresh",5530,Producer Price (LCU/tonne),2024,2024,7004,April,LCU,36141.400000,A
95,'340,Honduras,1062,'0231,"Hen eggs in shell, fresh",5530,Producer Price (LCU/tonne),2024,2024,7005,May,LCU,34740.400000,A
95,'340,Honduras,1062,'0231,"Hen eggs in shell, fresh",5530,Producer Price (LCU/tonne),2024,2024,7006,June,LCU,34620.700000,A
95,'340,Honduras,1062,'0231,"Hen eggs in shell, fresh",5530,Producer Price (LCU/tonne),2024,2024,7007,July,LCU,35252.500000,A
95,'340,Honduras,1062,'0231,"Hen eggs in shell, fresh",5530,Producer Price (LCU/tonne),2024,2024,7008,August,LCU,33997.500000,A
95,'340,Honduras,1062,'0231,"Hen eggs in shell, fresh",5530,Producer Price (LCU/tonne),2024,2024,7009,September,LCU,35968.200000,A
95,'340,Honduras,1062,'0231,"Hen eggs in shell, fresh",5530,Producer Price (LCU/tonne),2024,2024,7010,October,LCU,33635.900000,A
95,'340,Honduras,1062,'0231,"Hen eggs in shell, fresh",5530,Producer Price (LCU/tonne),2024,2024,7011,November,LCU,33453.500000,A
95,'340,Honduras,1062,'0231,"Hen eggs in shell, fresh",5530,Producer Price (LCU/tonne),2024,2024,7012,December,LCU,33838.400000,A
95,'340,Honduras,1062,'0231,"Hen eggs in shell, fresh",5530,Producer Price (LCU/tonne),2025,2025,7001,January,LCU,35090.400000,A
95,'340,Honduras,1062,'0231,"Hen eggs in shell, fresh",5531,Producer Price (SLC/tonne),1991,1991,7021,Annual value,SLC,4800.000000,A
95,'340,Honduras,1062,'0231,"Hen eggs in shell, fresh",5531,Producer Price (SLC/tonne),1992,1992,7021,Annual value,SLC,4600.000000,A
95,'340,Honduras,1062,'0231,"Hen eggs in shell, fresh",5531,Producer Price (SLC/tonne),1998,1998,7021,Annual value,SLC,36000.000000,A
95,'340,Honduras,1062,'0231,"Hen eggs in shell, fresh",5531,Producer Price (SLC/tonne),1999,1999,7021,Annual value,SLC,38000.000000,A
95,'340,Honduras,1062,'0231,"Hen eggs in shell, fresh",5531,Producer Price (SLC/tonne),2000,2000,7021,Annual value,SLC,40000.000000,A
95,'340,Honduras,1062,'0231,"Hen eggs in shell, fresh",5531,Producer Price (SLC/tonne),2001,2001,7021,Annual value,SLC,41000.000000,A
95,'340,Honduras,1062,'0231,"Hen eggs in shell, fresh",5531,Producer Price (SLC/tonne),2002,2002,7021,Annual value,SLC,42000.000000,A
95,'340,Honduras,1062,'0231,"Hen eggs in shell, fresh",5531,Producer Price (SLC/tonne),2003,2003,7021,Annual value,SLC,43000.000000,A
95,'340,Honduras,1062,'0231,"Hen eggs in shell, fresh",5531,Producer Price (SLC/tonne),2004,2004,7021,Annual value,SLC,45000.000000,A
95,'340,Honduras,1062,'0231,"Hen eggs in shell, fresh",5531,Producer Price (SLC/tonne),2005,2005,7021,Annual value,SLC,46000.000000,A
95,'340,Honduras,1062,'0231,"Hen eggs in shell, fresh",5531,Producer Price (SLC/tonne),2006,2006,7021,Annual value,SLC,49000.000000,A
95,'340,Honduras,1062,'0231,"Hen eggs in shell, fresh",5531,Producer Price (SLC/tonne),2007,2007,7021,Annual value,SLC,50000.000000,A
95,'340,Honduras,1062,'0231,"Hen eggs in shell, fresh",5531,Producer Price (SLC/tonne),2008,2008,7021,Annual value,SLC,45000.000000,A
95,'340,Honduras,1062,'0231,"Hen eggs in shell, fresh",5531,Producer Price (SLC/tonne),2022,2022,7021,Annual value,SLC,39536.400000,A
95,'340,Honduras,1062,'0231,"Hen eggs in shell, fresh",5531,Producer Price (SLC/tonne),2023,2023,7021,Annual value,SLC,42740.900000,A
95,'340,Honduras,1062,'0231,"Hen eggs in shell, fresh",5531,Producer Price (SLC/tonne),2024,2024,7021,Annual value,SLC,36260.100000,A
95,'340,Honduras,1062,'0231,"Hen eggs in shell, fresh",5532,Producer Price (USD/tonne),1991,1991,7021,Annual value,USD,902.800000,A
95,'340,Honduras,1062,'0231,"Hen eggs in shell, fresh",5532,Producer Price (USD/tonne),1992,1992,7021,Annual value,USD,836.700000,A
95,'340,Honduras,1062,'0231,"Hen eggs in shell, fresh",5532,Producer Price (USD/tonne),1998,1998,7021,Annual value,USD,2689.600000,A
95,'340,Honduras,1062,'0231,"Hen eggs in shell, fresh",5532,Producer Price (USD/tonne),1999,1999,7021,Annual value,USD,2673.600000,A
95,'340,Honduras,1062,'0231,"Hen eggs in shell, fresh",5532,Producer Price (USD/tonne),2000,2000,7021,Annual value,USD,2695.600000,A
95,'340,Honduras,1062,'0231,"Hen eggs in shell, fresh",5532,Producer Price (USD/tonne),2001,2001,7021,Annual value,USD,2649.700000,A
95,'340,Honduras,1062,'0231,"Hen eggs in shell, fresh",5532,Producer Price (USD/tonne),2002,2002,7021,Annual value,USD,2555.800000,A
95,'340,Honduras,1062,'0231,"Hen eggs in shell, fresh",5532,Producer Price (USD/tonne),2003,2003,7021,Annual value,USD,2479.100000,A
95,'340,Honduras,1062,'0231,"Hen eggs in shell, fresh",5532,Producer Price (USD/tonne),2004,2004,7021,Annual value,USD,2471.700000,A
95,'340,Honduras,1062,'0231,"Hen eggs in shell, fresh",5532,Producer Price (USD/tonne),2005,2005,7021,Annual value,USD,2442.600000,A
95,'340,Honduras,1062,'0231,"Hen eggs in shell, fresh",5532,Producer Price (USD/tonne),2006,2006,7021,Annual value,USD,2593.300000,A
95,'340,Honduras,1062,'0231,"Hen eggs in shell, fresh",5532,Producer Price (USD/tonne),2007,2007,7021,Annual value,USD,2646.200000,A
95,'340,Honduras,1062,'0231,"Hen eggs in shell, fresh",5532,Producer Price (USD/tonne),2008,2008,7021,Annual value,USD,2380.500000,A
95,'340,Honduras,1062,'0231,"Hen eggs in shell, fresh",5532,Producer Price (USD/tonne),2022,2022,7021,Annual value,USD,1614.700000,A
95,'340,Honduras,1062,'0231,"Hen eggs in shell, fresh",5532,Producer Price (USD/tonne),2023,2023,7021,Annual value,USD,1737.300000,A
95,'340,Honduras,1062,'0231,"Hen eggs in shell, fresh",5532,Producer Price (USD/tonne),2024,2024,7021,Annual value,USD,1462.100000,A
95,'340,Honduras,1062,'0231,"Hen eggs in shell, fresh",5539,Producer Price Index (2014-2016 = 100),1991,1991,7021,Annual value,,9.100000,E
95,'340,Honduras,1062,'0231,"Hen eggs in shell, fresh",5539,Producer Price Index (2014-2016 = 100),1992,1992,7021,Annual value,,8.720000,E
95,'340,Honduras,1062,'0231,"Hen eggs in shell, fresh",5539,Producer Price Index (2014-2016 = 100),1993,1993,7021,Annual value,,51.990000,E
95,'340,Honduras,1062,'0231,"Hen eggs in shell, fresh",5539,Producer Price Index (2014-2016 = 100),1994,1994,7021,Annual value,,43.680000,E
95,'340,Honduras,1062,'0231,"Hen eggs in shell, fresh",5539,Producer Price Index (2014-2016 = 100),1995,1995,7021,Annual value,,43.680000,E
95,'340,Honduras,1062,'0231,"Hen eggs in shell, fresh",5539,Producer Price Index (2014-2016 = 100),1996,1996,7021,Annual value,,64.170000,E
95,'340,Honduras,1062,'0231,"Hen eggs in shell, fresh",5539,Producer Price Index (2014-2016 = 100),1997,1997,7021,Annual value,,66.900000,E
95,'340,Honduras,1062,'0231,"Hen eggs in shell, fresh",5539,Producer Price Index (2014-2016 = 100),1998,1998,7021,Annual value,,68.260000,E
95,'340,Honduras,1062,'0231,"Hen eggs in shell, fresh",5539,Producer Price Index (2014-2016 = 100),1999,1999,7021,Annual value,,72.060000,E
95,'340,Honduras,1062,'0231,"Hen eggs in shell, fresh",5539,Producer Price Index (2014-2016 = 100),2000,2000,7021,Annual value,,75.850000,E
95,'340,Honduras,1062,'0231,"Hen eggs in shell, fresh",5539,Producer Price Index (2014-2016 = 100),2001,2001,7021,Annual value,,77.750000,E
95,'340,Honduras,1062,'0231,"Hen eggs in shell, fresh",5539,Producer Price Index (2014-2016 = 100),2002,2002,7021,Annual value,,79.640000,E
95,'340,Honduras,1062,'0231,"Hen eggs in shell, fresh",5539,Producer Price Index (2014-2016 = 100),2003,2003,7021,Annual value,,81.540000,E
95,'340,Honduras,1062,'0231,"Hen eggs in shell, fresh",5539,Producer Price Index (2014-2016 = 100),2004,2004,7021,Annual value,,85.330000,E
95,'340,Honduras,1062,'0231,"Hen eggs in shell, fresh",5539,Producer Price Index (2014-2016 = 100),2005,2005,7021,Annual value,,87.230000,E
95,'340,Honduras,1062,'0231,"Hen eggs in shell, fresh",5539,Producer Price Index (2014-2016 = 100),2006,2006,7021,Annual value,,92.920000,E
95,'340,Honduras,1062,'0231,"Hen eggs in shell, fresh",5539,Producer Price Index (2014-2016 = 100),2007,2007,7021,Annual value,,94.810000,E
95,'340,Honduras,1062,'0231,"Hen eggs in shell, fresh",5539,Producer Price Index (2014-2016 = 100),2008,2008,7021,Annual value,,85.330000,E
95,'340,Honduras,1062,'0231,"Hen eggs in shell, fresh",5539,Producer Price Index (2014-2016 = 100),2009,2009,7021,Annual value,,89.820000,E
95,'340,Honduras,1062,'0231,"Hen eggs in shell, fresh",5539,Producer Price Index (2014-2016 = 100),2010,2010,7021,Annual value,,95.230000,E
95,'340,Honduras,1062,'0231,"Hen eggs in shell, fresh",5539,Producer Price Index (2014-2016 = 100),2011,2011,7021,Annual value,,94.410000,E
95,'340,Honduras,1062,'0231,"Hen eggs in shell, fresh",5539,Producer Price Index (2014-2016 = 100),2012,2012,7021,Annual value,,95.810000,E
95,'340,Honduras,1062,'0231,"Hen eggs in shell, fresh",5539,Producer Price Index (2014-2016 = 100),2013,2013,7021,Annual value,,97.210000,E
95,'340,Honduras,1062,'0231,"Hen eggs in shell, fresh",5539,Producer Price Index (2014-2016 = 100),2014,2014,7021,Annual value,,98.600000,E
95,'340,Honduras,1062,'0231,"Hen eggs in shell, fresh",5539,Producer Price Index (2014-2016 = 100),2015,2015,7021,Annual value,,100.000000,E
95,'340,Honduras,1062,'0231,"Hen eggs in shell, fresh",5539,Producer Price Index (2014-2016 = 100),2016,2016,7021,Annual value,,101.400000,E
95,'340,Honduras,1062,'0231,"Hen eggs in shell, fresh",5539,Producer Price Index (2014-2016 = 100),2017,2017,7021,Annual value,,102.790000,E
95,'340,Honduras,1062,'0231,"Hen eggs in shell, fresh",5539,Producer Price Index (2014-2016 = 100),2018,2018,7021,Annual value,,104.190000,E
95,'340,Honduras,1062,'0231,"Hen eggs in shell, fresh",5539,Producer Price Index (2014-2016 = 100),2019,2019,7021,Annual value,,105.590000,E
95,'340,Honduras,1062,'0231,"Hen eggs in shell, fresh",5539,Producer Price Index (2014-2016 = 100),2020,2020,7021,Annual value,,93.910000,E
95,'340,Honduras,1062,'0231,"Hen eggs in shell, fresh",5539,Producer Price Index (2014-2016 = 100),2021,2021,7021,Annual value,,86.460000,E
95,'340,Honduras,1062,'0231,"Hen eggs in shell, fresh",5539,Producer Price Index (2014-2016 = 100),2022,2022,7021,Annual value,,74.970000,E
95,'340,Honduras,1062,'0231,"Hen eggs in shell, fresh",5539,Producer Price Index (2014-2016 = 100),2023,2023,7021,Annual value,,81.050000,E
95,'340,Honduras,1062,'0231,"Hen eggs in shell, fresh",5539,Producer Price Index (2014-2016 = 100),2024,2024,7021,Annual value,,68.760000,E
95,'340,Honduras,1062,'0231,"Hen eggs in shell, fresh",5539,Producer Price Index (2014-2016 = 100),2025,2025,7021,Annual value,,56.660000,E
95,'340,Honduras,1097,'21118.01,"Horse meat, fresh or chilled",5539,Producer Price Index (2014-2016 = 100),1991,1991,7021,Annual value,,19.380000,E
95,'340,Honduras,1097,'21118.01,"Horse meat, fresh or chilled",5539,Producer Price Index (2014-2016 = 100),1992,1992,7021,Annual value,,19.640000,E
95,'340,Honduras,1097,'21118.01,"Horse meat, fresh or chilled",5539,Producer Price Index (2014-2016 = 100),1993,1993,7021,Annual value,,21.610000,E
95,'340,Honduras,1097,'21118.01,"Horse meat, fresh or chilled",5539,Producer Price Index (2014-2016 = 100),1994,1994,7021,Annual value,,24.420000,E
95,'340,Honduras,1097,'21118.01,"Horse meat, fresh or chilled",5539,Producer Price Index (2014-2016 = 100),1995,1995,7021,Annual value,,27.010000,E
95,'340,Honduras,1097,'21118.01,"Horse meat, fresh or chilled",5539,Producer Price Index (2014-2016 = 100),1996,1996,7021,Annual value,,29.050000,E
95,'340,Honduras,1097,'21118.01,"Horse meat, fresh or chilled",5539,Producer Price Index (2014-2016 = 100),1997,1997,7021,Annual value,,31.670000,E
95,'340,Honduras,1097,'21118.01,"Horse meat, fresh or chilled",5539,Producer Price Index (2014-2016 = 100),1998,1998,7021,Annual value,,34.360000,E
95,'340,Honduras,1097,'21118.01,"Horse meat, fresh or chilled",5539,Producer Price Index (2014-2016 = 100),1999,1999,7021,Annual value,,34.450000,E
95,'340,Honduras,1097,'21118.01,"Horse meat, fresh or chilled",5539,Producer Price Index (2014-2016 = 100),2000,2000,7021,Annual value,,34.660000,E
95,'340,Honduras,1097,'21118.01,"Horse meat, fresh or chilled",5539,Producer Price Index (2014-2016 = 100),2001,2001,7021,Annual value,,34.680000,E
95,'340,Honduras,1097,'21118.01,"Horse meat, fresh or chilled",5539,Producer Price Index (2014-2016 = 100),2002,2002,7021,Annual value,,34.710000,E
95,'340,Honduras,1097,'21118.01,"Horse meat, fresh or chilled",5539,Producer Price Index (2014-2016 = 100),2003,2003,7021,Annual value,,35.120000,E
95,'340,Honduras,1097,'21118.01,"Horse meat, fresh or chilled",5539,Producer Price Index (2014-2016 = 100),2004,2004,7021,Annual value,,51.260000,E
95,'340,Honduras,1097,'21118.01,"Horse meat, fresh or chilled",5539,Producer Price Index (2014-2016 = 100),2005,2005,7021,Annual value,,53.820000,E
95,'340,Honduras,1097,'21118.01,"Horse meat, fresh or chilled",5539,Producer Price Index (2014-2016 = 100),2006,2006,7021,Annual value,,57.670000,E
95,'340,Honduras,1097,'21118.01,"Horse meat, fresh or chilled",5539,Producer Price Index (2014-2016 = 100),2007,2007,7021,Annual value,,64.080000,E
95,'340,Honduras,1097,'21118.01,"Horse meat, fresh or chilled",5539,Producer Price Index (2014-2016 = 100),2008,2008,7021,Annual value,,84.580000,E
95,'340,Honduras,1097,'21118.01,"Horse meat, fresh or chilled",5539,Producer Price Index (2014-2016 = 100),2009,2009,7021,Annual value,,98.420000,E
95,'340,Honduras,1097,'21118.01,"Horse meat, fresh or chilled",5539,Producer Price Index (2014-2016 = 100),2010,2010,7021,Annual value,,77.380000,E
95,'340,Honduras,1097,'21118.01,"Horse meat, fresh or chilled",5539,Producer Price Index (2014-2016 = 100),2011,2011,7021,Annual value,,81.930000,E
95,'340,Honduras,1097,'21118.01,"Horse meat, fresh or chilled",5539,Producer Price Index (2014-2016 = 100),2012,2012,7021,Annual value,,86.440000,E
95,'340,Honduras,1097,'21118.01,"Horse meat, fresh or chilled",5539,Producer Price Index (2014-2016 = 100),2013,2013,7021,Annual value,,90.960000,E
95,'340,Honduras,1097,'21118.01,"Horse meat, fresh or chilled",5539,Producer Price Index (2014-2016 = 100),2014,2014,7021,Annual value,,95.480000,E
95,'340,Honduras,1097,'21118.01,"Horse meat, fresh or chilled",5539,Producer Price Index (2014-2016 = 100),2015,2015,7021,Annual value,,100.000000,E
95,'340,Honduras,1097,'21118.01,"Horse meat, fresh or chilled",5539,Producer Price Index (2014-2016 = 100),2016,2016,7021,Annual value,,104.520000,E
95,'340,Honduras,1097,'21118.01,"Horse meat, fresh or chilled",5539,Producer Price Index (2014-2016 = 100),2017,2017,7021,Annual value,,109.040000,E
95,'340,Honduras,1097,'21118.01,"Horse meat, fresh or chilled",5539,Producer Price Index (2014-2016 = 100),2018,2018,7021,Annual value,,113.560000,E
95,'340,Honduras,1097,'21118.01,"Horse meat, fresh or chilled",5539,Producer Price Index (2014-2016 = 100),2019,2019,7021,Annual value,,118.070000,E
95,'340,Honduras,1097,'21118.01,"Horse meat, fresh or chilled",5539,Producer Price Index (2014-2016 = 100),2020,2020,7021,Annual value,,121.620000,E
95,'340,Honduras,1097,'21118.01,"Horse meat, fresh or chilled",5539,Producer Price Index (2014-2016 = 100),2021,2021,7021,Annual value,,126.250000,E
95,'340,Honduras,1097,'21118.01,"Horse meat, fresh or chilled",5539,Producer Price Index (2014-2016 = 100),2022,2022,7021,Annual value,,124.970000,E
95,'340,Honduras,1097,'21118.01,"Horse meat, fresh or chilled",5539,Producer Price Index (2014-2016 = 100),2023,2023,7021,Annual value,,127.530000,E
95,'340,Honduras,1097,'21118.01,"Horse meat, fresh or chilled",5539,Producer Price Index (2014-2016 = 100),2024,2024,7021,Annual value,,130.080000,E
95,'340,Honduras,1097,'21118.01,"Horse meat, fresh or chilled",5539,Producer Price Index (2014-2016 = 100),2025,2025,7021,Annual value,,132.640000,E
95,'340,Honduras,1121,'21118.01b,"Horse meat, fresh or chilled (biological)",5530,Producer Price (LCU/tonne),2004,2004,7021,Annual value,LCU,7272.700000,A
95,'340,Honduras,1121,'21118.01b,"Horse meat, fresh or chilled (biological)",5530,Producer Price (LCU/tonne),2005,2005,7021,Annual value,LCU,7636.400000,A
95,'340,Honduras,1121,'21118.01b,"Horse meat, fresh or chilled (biological)",5530,Producer Price (LCU/tonne),2006,2006,7021,Annual value,LCU,8181.800000,A
95,'340,Honduras,1121,'21118.01b,"Horse meat, fresh or chilled (biological)",5530,Producer Price (LCU/tonne),2007,2007,7021,Annual value,LCU,9090.900000,A
95,'340,Honduras,1121,'21118.01b,"Horse meat, fresh or chilled (biological)",5530,Producer Price (LCU/tonne),2008,2008,7021,Annual value,LCU,12000.000000,A
95,'340,Honduras,1121,'21118.01b,"Horse meat, fresh or chilled (biological)",5531,Producer Price (SLC/tonne),2004,2004,7021,Annual value,SLC,7272.700000,A
95,'340,Honduras,1121,'21118.01b,"Horse meat, fresh or chilled (biological)",5531,Producer Price (SLC/tonne),2005,2005,7021,Annual value,SLC,7636.400000,A
95,'340,Honduras,1121,'21118.01b,"Horse meat, fresh or chilled (biological)",5531,Producer Price (SLC/tonne),2006,2006,7021,Annual value,SLC,8181.800000,A
95,'340,Honduras,1121,'21118.01b,"Horse meat, fresh or chilled (biological)",5531,Producer Price (SLC/tonne),2007,2007,7021,Annual value,SLC,9090.900000,A
95,'340,Honduras,1121,'21118.01b,"Horse meat, fresh or chilled (biological)",5531,Producer Price (SLC/tonne),2008,2008,7021,Annual value,SLC,12000.000000,A
95,'340,Honduras,1121,'21118.01b,"Horse meat, fresh or chilled (biological)",5532,Producer Price (USD/tonne),2004,2004,7021,Annual value,USD,399.500000,A
95,'340,Honduras,1121,'21118.01b,"Horse meat, fresh or chilled (biological)",5532,Producer Price (USD/tonne),2005,2005,7021,Annual value,USD,405.500000,A
95,'340,Honduras,1121,'21118.01b,"Horse meat, fresh or chilled (biological)",5532,Producer Price (USD/tonne),2006,2006,7021,Annual value,USD,433.000000,A
95,'340,Honduras,1121,'21118.01b,"Horse meat, fresh or chilled (biological)",5532,Producer Price (USD/tonne),2007,2007,7021,Annual value,USD,481.100000,A
95,'340,Honduras,1121,'21118.01b,"Horse meat, fresh or chilled (biological)",5532,Producer Price (USD/tonne),2008,2008,7021,Annual value,USD,634.800000,A
95,'340,Honduras,1121,'21118.01b,"Horse meat, fresh or chilled (biological)",5539,Producer Price Index (2014-2016 = 100),1991,1991,7021,Annual value,,18.910000,E
95,'340,Honduras,1121,'21118.01b,"Horse meat, fresh or chilled (biological)",5539,Producer Price Index (2014-2016 = 100),1992,1992,7021,Annual value,,19.160000,E
95,'340,Honduras,1121,'21118.01b,"Horse meat, fresh or chilled (biological)",5539,Producer Price Index (2014-2016 = 100),1993,1993,7021,Annual value,,21.080000,E
95,'340,Honduras,1121,'21118.01b,"Horse meat, fresh or chilled (biological)",5539,Producer Price Index (2014-2016 = 100),1994,1994,7021,Annual value,,23.820000,E
95,'340,Honduras,1121,'21118.01b,"Horse meat, fresh or chilled (biological)",5539,Producer Price Index (2014-2016 = 100),1995,1995,7021,Annual value,,26.350000,E
95,'340,Honduras,1121,'21118.01b,"Horse meat, fresh or chilled (biological)",5539,Producer Price Index (2014-2016 = 100),1996,1996,7021,Annual value,,28.330000,E
95,'340,Honduras,1121,'21118.01b,"Horse meat, fresh or chilled (biological)",5539,Producer Price Index (2014-2016 = 100),1997,1997,7021,Annual value,,30.890000,E
95,'340,Honduras,1121,'21118.01b,"Horse meat, fresh or chilled (biological)",5539,Producer Price Index (2014-2016 = 100),1998,1998,7021,Annual value,,33.530000,E
95,'340,Honduras,1121,'21118.01b,"Horse meat, fresh or chilled (biological)",5539,Producer Price Index (2014-2016 = 100),1999,1999,7021,Annual value,,33.610000,E
95,'340,Honduras,1121,'21118.01b,"Horse meat, fresh or chilled (biological)",5539,Producer Price Index (2014-2016 = 100),2000,2000,7021,Annual value,,33.810000,E
95,'340,Honduras,1121,'21118.01b,"Horse meat, fresh or chilled (biological)",5539,Producer Price Index (2014-2016 = 100),2001,2001,7021,Annual value,,33.840000,E
95,'340,Honduras,1121,'21118.01b,"Horse meat, fresh or chilled (biological)",5539,Producer Price Index (2014-2016 = 100),2002,2002,7021,Annual value,,33.860000,E
95,'340,Honduras,1121,'21118.01b,"Horse meat, fresh or chilled (biological)",5539,Producer Price Index (2014-2016 = 100),2003,2003,7021,Annual value,,34.260000,E
95,'340,Honduras,1121,'21118.01b,"Horse meat, fresh or chilled (biological)",5539,Producer Price Index (2014-2016 = 100),2004,2004,7021,Annual value,,50.000000,E
95,'340,Honduras,1121,'21118.01b,"Horse meat, fresh or chilled (biological)",5539,Producer Price Index (2014-2016 = 100),2005,2005,7021,Annual value,,52.510000,E
95,'340,Honduras,1121,'21118.01b,"Horse meat, fresh or chilled (biological)",5539,Producer Price Index (2014-2016 = 100),2006,2006,7021,Annual value,,56.260000,E
95,'340,Honduras,1121,'21118.01b,"Horse meat, fresh or chilled (biological)",5539,Producer Price Index (2014-2016 = 100),2007,2007,7021,Annual value,,62.510000,E
95,'340,Honduras,1121,'21118.01b,"Horse meat, fresh or chilled (biological)",5539,Producer Price Index (2014-2016 = 100),2008,2008,7021,Annual value,,82.510000,E
95,'340,Honduras,1121,'21118.01b,"Horse meat, fresh or chilled (biological)",5539,Producer Price Index (2014-2016 = 100),2009,2009,7021,Annual value,,94.240000,E
95,'340,Honduras,1121,'21118.01b,"Horse meat, fresh or chilled (biological)",5539,Producer Price Index (2014-2016 = 100),2010,2010,7021,Annual value,,76.240000,E
95,'340,Honduras,1121,'21118.01b,"Horse meat, fresh or chilled (biological)",5539,Producer Price Index (2014-2016 = 100),2011,2011,7021,Annual value,,81.490000,E
95,'340,Honduras,1121,'21118.01b,"Horse meat, fresh or chilled (biological)",5539,Producer Price Index (2014-2016 = 100),2012,2012,7021,Annual value,,86.110000,E
95,'340,Honduras,1121,'21118.01b,"Horse meat, fresh or chilled (biological)",5539,Producer Price Index (2014-2016 = 100),2013,2013,7021,Annual value,,90.740000,E
95,'340,Honduras,1121,'21118.01b,"Horse meat, fresh or chilled (biological)",5539,Producer Price Index (2014-2016 = 100),2014,2014,7021,Annual value,,95.370000,E
95,'340,Honduras,1121,'21118.01b,"Horse meat, fresh or chilled (biological)",5539,Producer Price Index (2014-2016 = 100),2015,2015,7021,Annual value,,100.000000,E
95,'340,Honduras,1121,'21118.01b,"Horse meat, fresh or chilled (biological)",5539,Producer Price Index (2014-2016 = 100),2016,2016,7021,Annual value,,104.630000,E
95,'340,Honduras,1121,'21118.01b,"Horse meat, fresh or chilled (biological)",5539,Producer Price Index (2014-2016 = 100),2017,2017,7021,Annual value,,109.260000,E
95,'340,Honduras,1121,'21118.01b,"Horse meat, fresh or chilled (biological)",5539,Producer Price Index (2014-2016 = 100),2018,2018,7021,Annual value,,113.890000,E
95,'340,Honduras,1121,'21118.01b,"Horse meat, fresh or chilled (biological)",5539,Producer Price Index (2014-2016 = 100),2019,2019,7021,Annual value,,118.510000,E
95,'340,Honduras,1121,'21118.01b,"Horse meat, fresh or chilled (biological)",5539,Producer Price Index (2014-2016 = 100),2020,2020,7021,Annual value,,122.600000,E
95,'340,Honduras,1121,'21118.01b,"Horse meat, fresh or chilled (biological)",5539,Producer Price Index (2014-2016 = 100),2021,2021,7021,Annual value,,128.000000,E
95,'340,Honduras,1121,'21118.01b,"Horse meat, fresh or chilled (biological)",5539,Producer Price Index (2014-2016 = 100),2022,2022,7021,Annual value,,126.840000,E
95,'340,Honduras,1121,'21118.01b,"Horse meat, fresh or chilled (biological)",5539,Producer Price Index (2014-2016 = 100),2023,2023,7021,Annual value,,129.790000,E
95,'340,Honduras,1121,'21118.01b,"Horse meat, fresh or chilled (biological)",5539,Producer Price Index (2014-2016 = 100),2024,2024,7021,Annual value,,132.740000,E
95,'340,Honduras,1121,'21118.01b,"Horse meat, fresh or chilled (biological)",5539,Producer Price Index (2014-2016 = 100),2025,2025,7021,Annual value,,135.690000,E
95,'340,Honduras,497,'01322,Lemons and limes,5530,Producer Price (LCU/tonne),2004,2004,7021,Annual value,LCU,2357.000000,A
95,'340,Honduras,497,'01322,Lemons and limes,5530,Producer Price (LCU/tonne),2005,2005,7021,Annual value,LCU,2462.000000,A
95,'340,Honduras,497,'01322,Lemons and limes,5530,Producer Price (LCU/tonne),2006,2006,7021,Annual value,LCU,2640.000000,A
95,'340,Honduras,497,'01322,Lemons and limes,5530,Producer Price (LCU/tonne),2007,2007,7021,Annual value,LCU,4400.000000,A
95,'340,Honduras,497,'01322,Lemons and limes,5530,Producer Price (LCU/tonne),2008,2008,7021,Annual value,LCU,4620.000000,A
95,'340,Honduras,497,'01322,Lemons and limes,5531,Producer Price (SLC/tonne),2004,2004,7021,Annual value,SLC,2357.000000,A
95,'340,Honduras,497,'01322,Lemons and limes,5531,Producer Price (SLC/tonne),2005,2005,7021,Annual value,SLC,2462.000000,A
95,'340,Honduras,497,'01322,Lemons and limes,5531,Producer Price (SLC/tonne),2006,2006,7021,Annual value,SLC,2640.000000,A
95,'340,Honduras,497,'01322,Lemons and limes,5531,Producer Price (SLC/tonne),2007,2007,7021,Annual value,SLC,4400.000000,A
95,'340,Honduras,497,'01322,Lemons and limes,5531,Producer Price (SLC/tonne),2008,2008,7021,Annual value,SLC,4620.000000,A
95,'340,Honduras,497,'01322,Lemons and limes,5532,Producer Price (USD/tonne),2004,2004,7021,Annual value,USD,129.500000,A
95,'340,Honduras,497,'01322,Lemons and limes,5532,Producer Price (USD/tonne),2005,2005,7021,Annual value,USD,130.700000,A
95,'340,Honduras,497,'01322,Lemons and limes,5532,Producer Price (USD/tonne),2006,2006,7021,Annual value,USD,139.700000,A
95,'340,Honduras,497,'01322,Lemons and limes,5532,Producer Price (USD/tonne),2007,2007,7021,Annual value,USD,232.900000,A
95,'340,Honduras,497,'01322,Lemons and limes,5532,Producer Price (USD/tonne),2008,2008,7021,Annual value,USD,244.400000,A
95,'340,Honduras,497,'01322,Lemons and limes,5539,Producer Price Index (2014-2016 = 100),1991,1991,7021,Annual value,,3.820000,E
95,'340,Honduras,497,'01322,Lemons and limes,5539,Producer Price Index (2014-2016 = 100),1992,1992,7021,Annual value,,4.230000,E
95,'340,Honduras,497,'01322,Lemons and limes,5539,Producer Price Index (2014-2016 = 100),1993,1993,7021,Annual value,,4.920000,E
95,'340,Honduras,497,'01322,Lemons and limes,5539,Producer Price Index (2014-2016 = 100),1994,1994,7021,Annual value,,6.380000,E
95,'340,Honduras,497,'01322,Lemons and limes,5539,Producer Price Index (2014-2016 = 100),1995,1995,7021,Annual value,,6.640000,E
95,'340,Honduras,497,'01322,Lemons and limes,5539,Producer Price Index (2014-2016 = 100),1996,1996,7021,Annual value,,15.080000,E
95,'340,Honduras,497,'01322,Lemons and limes,5539,Producer Price Index (2014-2016 = 100),1997,1997,7021,Annual value,,15.080000,E
95,'340,Honduras,497,'01322,Lemons and limes,5539,Producer Price Index (2014-2016 = 100),1998,1998,7021,Annual value,,15.210000,E
95,'340,Honduras,497,'01322,Lemons and limes,5539,Producer Price Index (2014-2016 = 100),1999,1999,7021,Annual value,,15.520000,E
95,'340,Honduras,497,'01322,Lemons and limes,5539,Producer Price Index (2014-2016 = 100),2000,2000,7021,Annual value,,15.520000,E
95,'340,Honduras,497,'01322,Lemons and limes,5539,Producer Price Index (2014-2016 = 100),2001,2001,7021,Annual value,,15.740000,E
95,'340,Honduras,497,'01322,Lemons and limes,5539,Producer Price Index (2014-2016 = 100),2002,2002,7021,Annual value,,15.960000,E
95,'340,Honduras,497,'01322,Lemons and limes,5539,Producer Price Index (2014-2016 = 100),2003,2003,7021,Annual value,,30.590000,E
95,'340,Honduras,497,'01322,Lemons and limes,5539,Producer Price Index (2014-2016 = 100),2004,2004,7021,Annual value,,39.020000,E
95,'340,Honduras,497,'01322,Lemons and limes,5539,Producer Price Index (2014-2016 = 100),2005,2005,7021,Annual value,,40.750000,E
95,'340,Honduras,497,'01322,Lemons and limes,5539,Producer Price Index (2014-2016 = 100),2006,2006,7021,Annual value,,43.700000,E
95,'340,Honduras,497,'01322,Lemons and limes,5539,Producer Price Index (2014-2016 = 100),2007,2007,7021,Annual value,,72.840000,E
95,'340,Honduras,497,'01322,Lemons and limes,5539,Producer Price Index (2014-2016 = 100),2008,2008,7021,Annual value,,76.480000,E
95,'340,Honduras,497,'01322,Lemons and limes,5539,Producer Price Index (2014-2016 = 100),2009,2009,7021,Annual value,,81.690000,E
95,'340,Honduras,497,'01322,Lemons and limes,5539,Producer Price Index (2014-2016 = 100),2010,2010,7021,Annual value,,89.340000,E
95,'340,Honduras,497,'01322,Lemons and limes,5539,Producer Price Index (2014-2016 = 100),2011,2011,7021,Annual value,,83.050000,E
95,'340,Honduras,497,'01322,Lemons and limes,5539,Producer Price Index (2014-2016 = 100),2012,2012,7021,Annual value,,87.290000,E
95,'340,Honduras,497,'01322,Lemons and limes,5539,Producer Price Index (2014-2016 = 100),2013,2013,7021,Annual value,,91.530000,E
95,'340,Honduras,497,'01322,Lemons and limes,5539,Producer Price Index (2014-2016 = 100),2014,2014,7021,Annual value,,95.760000,E
95,'340,Honduras,497,'01322,Lemons and limes,5539,Producer Price Index (2014-2016 = 100),2015,2015,7021,Annual value,,100.000000,E
95,'340,Honduras,497,'01322,Lemons and limes,5539,Producer Price Index (2014-2016 = 100),2016,2016,7021,Annual value,,104.240000,E
95,'340,Honduras,497,'01322,Lemons and limes,5539,Producer Price Index (2014-2016 = 100),2017,2017,7021,Annual value,,108.470000,E
95,'340,Honduras,497,'01322,Lemons and limes,5539,Producer Price Index (2014-2016 = 100),2018,2018,7021,Annual value,,112.710000,E
95,'340,Honduras,497,'01322,Lemons and limes,5539,Producer Price Index (2014-2016 = 100),2019,2019,7021,Annual value,,116.950000,E
95,'340,Honduras,497,'01322,Lemons and limes,5539,Producer Price Index (2014-2016 = 100),2020,2020,7021,Annual value,,119.890000,E
95,'340,Honduras,497,'01322,Lemons and limes,5539,Producer Price Index (2014-2016 = 100),2021,2021,7021,Annual value,,126.720000,E
95,'340,Honduras,497,'01322,Lemons and limes,5539,Producer Price Index (2014-2016 = 100),2022,2022,7021,Annual value,,125.500000,E
95,'340,Honduras,497,'01322,Lemons and limes,5539,Producer Price Index (2014-2016 = 100),2023,2023,7021,Annual value,,127.940000,E
95,'340,Honduras,497,'01322,Lemons and limes,5539,Producer Price Index (2014-2016 = 100),2024,2024,7021,Annual value,,130.390000,E
95,'340,Honduras,497,'01322,Lemons and limes,5539,Producer Price Index (2014-2016 = 100),2025,2025,7021,Annual value,,132.840000,E
95,'340,Honduras,372,'01214,Lettuce and chicory,5530,Producer Price (LCU/tonne),2005,2005,7021,Annual value,LCU,1250.000000,A
95,'340,Honduras,372,'01214,Lettuce and chicory,5530,Producer Price (LCU/tonne),2006,2006,7021,Annual value,LCU,1320.000000,A
95,'340,Honduras,372,'01214,Lettuce and chicory,5530,Producer Price (LCU/tonne),2007,2007,7021,Annual value,LCU,1500.000000,A
95,'340,Honduras,372,'01214,Lettuce and chicory,5530,Producer Price (LCU/tonne),2008,2008,7021,Annual value,LCU,3575.000000,A
95,'340,Honduras,372,'01214,Lettuce and chicory,5530,Producer Price (LCU/tonne),2022,2022,7021,Annual value,LCU,15432.400000,A
95,'340,Honduras,372,'01214,Lettuce and chicory,5530,Producer Price (LCU/tonne),2023,2023,7021,Annual value,LCU,14506.500000,A
95,'340,Honduras,372,'01214,Lettuce and chicory,5530,Producer Price (LCU/tonne),2024,2024,7021,Annual value,LCU,17085.900000,A
95,'340,Honduras,372,'01214,Lettuce and chicory,5530,Producer Price (LCU/tonne),2024,2024,7001,January,LCU,17637.100000,A
95,'340,Honduras,372,'01214,Lettuce and chicory,5530,Producer Price (LCU/tonne),2024,2024,7002,February,LCU,15432.400000,A
95,'340,Honduras,372,'01214,Lettuce and chicory,5530,Producer Price (LCU/tonne),2024,2024,7003,March,LCU,15432.400000,A
95,'340,Honduras,372,'01214,Lettuce and chicory,5530,Producer Price (LCU/tonne),2024,2024,7004,April,LCU,15432.400000,A
95,'340,Honduras,372,'01214,Lettuce and chicory,5530,Producer Price (LCU/tonne),2024,2024,7005,May,LCU,26455.600000,A
95,'340,Honduras,372,'01214,Lettuce and chicory,5530,Producer Price (LCU/tonne),2024,2024,7006,June,LCU,26455.600000,A
95,'340,Honduras,372,'01214,Lettuce and chicory,5530,Producer Price (LCU/tonne),2024,2024,7007,July,LCU,30864.900000,A
95,'340,Honduras,372,'01214,Lettuce and chicory,5530,Producer Price (LCU/tonne),2024,2024,7008,August,LCU,13227.800000,A
95,'340,Honduras,372,'01214,Lettuce and chicory,5530,Producer Price (LCU/tonne),2024,2024,7009,September,LCU,13227.800000,A
95,'340,Honduras,372,'01214,Lettuce and chicory,5530,Producer Price (LCU/tonne),2024,2024,7010,October,LCU,8818.500000,A
95,'340,Honduras,372,'01214,Lettuce and chicory,5530,Producer Price (LCU/tonne),2024,2024,7011,November,LCU,11023.200000,A
95,'340,Honduras,372,'01214,Lettuce and chicory,5530,Producer Price (LCU/tonne),2024,2024,7012,December,LCU,11023.200000,A
95,'340,Honduras,372,'01214,Lettuce and chicory,5530,Producer Price (LCU/tonne),2025,2025,7001,January,LCU,19841.700000,A
95,'340,Honduras,372,'01214,Lettuce and chicory,5531,Producer Price (SLC/tonne),2005,2005,7021,Annual value,SLC,1250.000000,A
95,'340,Honduras,372,'01214,Lettuce and chicory,5531,Producer Price (SLC/tonne),2006,2006,7021,Annual value,SLC,1320.000000,A
95,'340,Honduras,372,'01214,Lettuce and chicory,5531,Producer Price (SLC/tonne),2007,2007,7021,Annual value,SLC,1500.000000,A
95,'340,Honduras,372,'01214,Lettuce and chicory,5531,Producer Price (SLC/tonne),2008,2008,7021,Annual value,SLC,3575.000000,A
95,'340,Honduras,372,'01214,Lettuce and chicory,5531,Producer Price (SLC/tonne),2022,2022,7021,Annual value,SLC,15432.400000,A
95,'340,Honduras,372,'01214,Lettuce and chicory,5531,Producer Price (SLC/tonne),2023,2023,7021,Annual value,SLC,14506.500000,A
95,'340,Honduras,372,'01214,Lettuce and chicory,5531,Producer Price (SLC/tonne),2024,2024,7021,Annual value,SLC,17085.900000,A
95,'340,Honduras,372,'01214,Lettuce and chicory,5532,Producer Price (USD/tonne),2005,2005,7021,Annual value,USD,66.400000,A
95,'340,Honduras,372,'01214,Lettuce and chicory,5532,Producer Price (USD/tonne),2006,2006,7021,Annual value,USD,69.900000,A
95,'340,Honduras,372,'01214,Lettuce and chicory,5532,Producer Price (USD/tonne),2007,2007,7021,Annual value,USD,79.400000,A
95,'340,Honduras,372,'01214,Lettuce and chicory,5532,Producer Price (USD/tonne),2008,2008,7021,Annual value,USD,189.100000,A
95,'340,Honduras,372,'01214,Lettuce and chicory,5532,Producer Price (USD/tonne),2022,2022,7021,Annual value,USD,630.300000,A
95,'340,Honduras,372,'01214,Lettuce and chicory,5532,Producer Price (USD/tonne),2023,2023,7021,Annual value,USD,589.700000,A
95,'340,Honduras,372,'01214,Lettuce and chicory,5532,Producer Price (USD/tonne),2024,2024,7021,Annual value,USD,689.000000,A
95,'340,Honduras,372,'01214,Lettuce and chicory,5539,Producer Price Index (2014-2016 = 100),1991,1991,7021,Annual value,,29.570000,E
95,'340,Honduras,372,'01214,Lettuce and chicory,5539,Producer Price Index (2014-2016 = 100),1992,1992,7021,Annual value,,42.890000,E
95,'340,Honduras,372,'01214,Lettuce and chicory,5539,Producer Price Index (2014-2016 = 100),1993,1993,7021,Annual value,,73.920000,E
95,'340,Honduras,372,'01214,Lettuce and chicory,5539,Producer Price Index (2014-2016 = 100),1994,1994,7021,Annual value,,98.650000,E
95,'340,Honduras,372,'01214,Lettuce and chicory,5539,Producer Price Index (2014-2016 = 100),1995,1995,7021,Annual value,,117.900000,E
95,'340,Honduras,372,'01214,Lettuce and chicory,5539,Producer Price Index (2014-2016 = 100),1996,1996,7021,Annual value,,13.930000,E
95,'340,Honduras,372,'01214,Lettuce and chicory,5539,Producer Price Index (2014-2016 = 100),1997,1997,7021,Annual value,,16.650000,E
95,'340,Honduras,372,'01214,Lettuce and chicory,5539,Producer Price Index (2014-2016 = 100),1998,1998,7021,Annual value,,18.470000,E
95,'340,Honduras,372,'01214,Lettuce and chicory,5539,Producer Price Index (2014-2016 = 100),1999,1999,7021,Annual value,,20.490000,E
95,'340,Honduras,372,'01214,Lettuce and chicory,5539,Producer Price Index (2014-2016 = 100),2000,2000,7021,Annual value,,22.720000,E
95,'340,Honduras,372,'01214,Lettuce and chicory,5539,Producer Price Index (2014-2016 = 100),2001,2001,7021,Annual value,,25.200000,E
95,'340,Honduras,372,'01214,Lettuce and chicory,5539,Producer Price Index (2014-2016 = 100),2002,2002,7021,Annual value,,27.950000,E
95,'340,Honduras,372,'01214,Lettuce and chicory,5539,Producer Price Index (2014-2016 = 100),2003,2003,7021,Annual value,,37.500000,E
95,'340,Honduras,372,'01214,Lettuce and chicory,5539,Producer Price Index (2014-2016 = 100),2004,2004,7021,Annual value,,47.070000,E
95,'340,Honduras,372,'01214,Lettuce and chicory,5539,Producer Price Index (2014-2016 = 100),2005,2005,7021,Annual value,,56.680000,E
95,'340,Honduras,372,'01214,Lettuce and chicory,5539,Producer Price Index (2014-2016 = 100),2006,2006,7021,Annual value,,59.850000,E
95,'340,Honduras,372,'01214,Lettuce and chicory,5539,Producer Price Index (2014-2016 = 100),2007,2007,7021,Annual value,,68.010000,E
95,'340,Honduras,372,'01214,Lettuce and chicory,5539,Producer Price Index (2014-2016 = 100),2008,2008,7021,Annual value,,162.090000,E
95,'340,Honduras,372,'01214,Lettuce and chicory,5539,Producer Price Index (2014-2016 = 100),2009,2009,7021,Annual value,,187.170000,E
95,'340,Honduras,372,'01214,Lettuce and chicory,5539,Producer Price Index (2014-2016 = 100),2010,2010,7021,Annual value,,74.100000,E
95,'340,Honduras,372,'01214,Lettuce and chicory,5539,Producer Price Index (2014-2016 = 100),2011,2011,7021,Annual value,,83.980000,E
95,'340,Honduras,372,'01214,Lettuce and chicory,5539,Producer Price Index (2014-2016 = 100),2012,2012,7021,Annual value,,87.980000,E
95,'340,Honduras,372,'01214,Lettuce and chicory,5539,Producer Price Index (2014-2016 = 100),2013,2013,7021,Annual value,,91.990000,E
95,'340,Honduras,372,'01214,Lettuce and chicory,5539,Producer Price Index (2014-2016 = 100),2014,2014,7021,Annual value,,95.990000,E
95,'340,Honduras,372,'01214,Lettuce and chicory,5539,Producer Price Index (2014-2016 = 100),2015,2015,7021,Annual value,,100.000000,E
95,'340,Honduras,372,'01214,Lettuce and chicory,5539,Producer Price Index (2014-2016 = 100),2016,2016,7021,Annual value,,104.010000,E
95,'340,Honduras,372,'01214,Lettuce and chicory,5539,Producer Price Index (2014-2016 = 100),2017,2017,7021,Annual value,,108.010000,E
95,'340,Honduras,372,'01214,Lettuce and chicory,5539,Producer Price Index (2014-2016 = 100),2018,2018,7021,Annual value,,112.020000,E
95,'340,Honduras,372,'01214,Lettuce and chicory,5539,Producer Price Index (2014-2016 = 100),2019,2019,7021,Annual value,,116.020000,E
95,'340,Honduras,372,'01214,Lettuce and chicory,5539,Producer Price Index (2014-2016 = 100),2020,2020,7021,Annual value,,314.260000,E
95,'340,Honduras,372,'01214,Lettuce and chicory,5539,Producer Price Index (2014-2016 = 100),2021,2021,7021,Annual value,,478.790000,E
95,'340,Honduras,372,'01214,Lettuce and chicory,5539,Producer Price Index (2014-2016 = 100),2022,2022,7021,Annual value,,699.720000,E
95,'340,Honduras,372,'01214,Lettuce and chicory,5539,Producer Price Index (2014-2016 = 100),2023,2023,7021,Annual value,,657.740000,E
95,'340,Honduras,372,'01214,Lettuce and chicory,5539,Producer Price Index (2014-2016 = 100),2024,2024,7021,Annual value,,774.690000,E
95,'340,Honduras,372,'01214,Lettuce and chicory,5539,Producer Price Index (2014-2016 = 100),2025,2025,7021,Annual value,,941.900000,E
95,'340,Honduras,56,'0112,Maize (corn),5530,Producer Price (LCU/tonne),1991,1991,7021,Annual value,LCU,739.000000,A
95,'340,Honduras,56,'0112,Maize (corn),5530,Producer Price (LCU/tonne),1992,1992,7021,Annual value,LCU,849.000000,A
95,'340,Honduras,56,'0112,Maize (corn),5530,Producer Price (LCU/tonne),1993,1993,7021,Annual value,LCU,934.000000,A
95,'340,Honduras,56,'0112,Maize (corn),5530,Producer Price (LCU/tonne),1994,1994,7021,Annual value,LCU,1543.000000,A
95,'340,Honduras,56,'0112,Maize (corn),5530,Producer Price (LCU/tonne),1995,1995,7021,Annual value,LCU,1574.000000,A
95,'340,Honduras,56,'0112,Maize (corn),5530,Producer Price (LCU/tonne),1996,1996,7021,Annual value,LCU,2493.000000,A
95,'340,Honduras,56,'0112,Maize (corn),5530,Producer Price (LCU/tonne),1997,1997,7021,Annual value,LCU,2748.000000,A
95,'340,Honduras,56,'0112,Maize (corn),5530,Producer Price (LCU/tonne),1998,1998,7021,Annual value,LCU,2624.000000,A
95,'340,Honduras,56,'0112,Maize (corn),5530,Producer Price (LCU/tonne),1999,1999,7021,Annual value,LCU,2729.000000,A
95,'340,Honduras,56,'0112,Maize (corn),5530,Producer Price (LCU/tonne),2000,2000,7021,Annual value,LCU,3027.000000,A
95,'340,Honduras,56,'0112,Maize (corn),5530,Producer Price (LCU/tonne),2001,2001,7021,Annual value,LCU,3559.000000,A
95,'340,Honduras,56,'0112,Maize (corn),5530,Producer Price (LCU/tonne),2002,2002,7021,Annual value,LCU,3611.000000,A
95,'340,Honduras,56,'0112,Maize (corn),5530,Producer Price (LCU/tonne),2003,2003,7021,Annual value,LCU,3620.000000,A
95,'340,Honduras,56,'0112,Maize (corn),5530,Producer Price (LCU/tonne),2004,2004,7021,Annual value,LCU,3642.000000,A
95,'340,Honduras,56,'0112,Maize (corn),5530,Producer Price (LCU/tonne),2005,2005,7021,Annual value,LCU,3652.000000,A
95,'340,Honduras,56,'0112,Maize (corn),5530,Producer Price (LCU/tonne),2006,2006,7021,Annual value,LCU,4268.000000,A
95,'340,Honduras,56,'0112,Maize (corn),5530,Producer Price (LCU/tonne),2007,2007,7021,Annual value,LCU,6006.000000,A
95,'340,Honduras,56,'0112,Maize (corn),5530,Producer Price (LCU/tonne),2008,2008,7021,Annual value,LCU,5803.000000,A
95,'340,Honduras,56,'0112,Maize (corn),5530,Producer Price (LCU/tonne),2022,2022,7021,Annual value,LCU,13031.800000,A
95,'340,Honduras,56,'0112,Maize (corn),5530,Producer Price (LCU/tonne),2023,2023,7021,Annual value,LCU,12066.500000,A
95,'340,Honduras,56,'0112,Maize (corn),5530,Producer Price (LCU/tonne),2024,2024,7021,Annual value,LCU,11040.800000,A
95,'340,Honduras,56,'0112,Maize (corn),5530,Producer Price (LCU/tonne),2024,2024,7001,January,LCU,11293.800000,A
95,'340,Honduras,56,'0112,Maize (corn),5530,Producer Price (LCU/tonne),2024,2024,7002,February,LCU,11096.400000,A
95,'340,Honduras,56,'0112,Maize (corn),5530,Producer Price (LCU/tonne),2024,2024,7003,March,LCU,11237.100000,A
95,'340,Honduras,56,'0112,Maize (corn),5530,Producer Price (LCU/tonne),2024,2024,7004,April,LCU,11223.800000,A
95,'340,Honduras,56,'0112,Maize (corn),5530,Producer Price (LCU/tonne),2024,2024,7005,May,LCU,10658.600000,A
95,'340,Honduras,56,'0112,Maize (corn),5530,Producer Price (LCU/tonne),2024,2024,7006,June,LCU,10707.400000,A
95,'340,Honduras,56,'0112,Maize (corn),5530,Producer Price (LCU/tonne),2024,2024,7007,July,LCU,10810.900000,A
95,'340,Honduras,56,'0112,Maize (corn),5530,Producer Price (LCU/tonne),2024,2024,7008,August,LCU,11586.000000,A
95,'340,Honduras,56,'0112,Maize (corn),5530,Producer Price (LCU/tonne),2024,2024,7009,September,LCU,11647.900000,A
95,'340,Honduras,56,'0112,Maize (corn),5530,Producer Price (LCU/tonne),2024,2024,7010,October,LCU,11406.800000,A
95,'340,Honduras,56,'0112,Maize (corn),5530,Producer Price (LCU/tonne),2024,2024,7011,November,LCU,10572.900000,A
95,'340,Honduras,56,'0112,Maize (corn),5530,Producer Price (LCU/tonne),2024,2024,7012,December,LCU,10247.600000,A
95,'340,Honduras,56,'0112,Maize (corn),5530,Producer Price (LCU/tonne),2025,2025,7001,January,LCU,10311.300000,A
95,'340,Honduras,56,'0112,Maize (corn),5531,Producer Price (SLC/tonne),1991,1991,7021,Annual value,SLC,739.000000,A
95,'340,Honduras,56,'0112,Maize (corn),5531,Producer Price (SLC/tonne),1992,1992,7021,Annual value,SLC,849.000000,A
95,'340,Honduras,56,'0112,Maize (corn),5531,Producer Price (SLC/tonne),1993,1993,7021,Annual value,SLC,934.000000,A
95,'340,Honduras,56,'0112,Maize (corn),5531,Producer Price (SLC/tonne),1994,1994,7021,Annual value,SLC,1543.000000,A
95,'340,Honduras,56,'0112,Maize (corn),5531,Producer Price (SLC/tonne),1995,1995,7021,Annual value,SLC,1574.000000,A
95,'340,Honduras,56,'0112,Maize (corn),5531,Producer Price (SLC/tonne),1996,1996,7021,Annual value,SLC,2493.000000,A
95,'340,Honduras,56,'0112,Maize (corn),5531,Producer Price (SLC/tonne),1997,1997,7021,Annual value,SLC,2748.000000,A
95,'340,Honduras,56,'0112,Maize (corn),5531,Producer Price (SLC/tonne),1998,1998,7021,Annual value,SLC,2624.000000,A
95,'340,Honduras,56,'0112,Maize (corn),5531,Producer Price (SLC/tonne),1999,1999,7021,Annual value,SLC,2729.000000,A
95,'340,Honduras,56,'0112,Maize (corn),5531,Producer Price (SLC/tonne),2000,2000,7021,Annual value,SLC,3027.000000,A
95,'340,Honduras,56,'0112,Maize (corn),5531,Producer Price (SLC/tonne),2001,2001,7021,Annual value,SLC,3559.000000,A
95,'340,Honduras,56,'0112,Maize (corn),5531,Producer Price (SLC/tonne),2002,2002,7021,Annual value,SLC,3611.000000,A
95,'340,Honduras,56,'0112,Maize (corn),5531,Producer Price (SLC/tonne),2003,2003,7021,Annual value,SLC,3620.000000,A
95,'340,Honduras,56,'0112,Maize (corn),5531,Producer Price (SLC/tonne),2004,2004,7021,Annual value,SLC,3642.000000,A
95,'340,Honduras,56,'0112,Maize (corn),5531,Producer Price (SLC/tonne),2005,2005,7021,Annual value,SLC,3652.000000,A
95,'340,Honduras,56,'0112,Maize (corn),5531,Producer Price (SLC/tonne),2006,2006,7021,Annual value,SLC,4268.000000,A
95,'340,Honduras,56,'0112,Maize (corn),5531,Producer Price (SLC/tonne),2007,2007,7021,Annual value,SLC,6006.000000,A
95,'340,Honduras,56,'0112,Maize (corn),5531,Producer Price (SLC/tonne),2008,2008,7021,Annual value,SLC,5803.000000,A
95,'340,Honduras,56,'0112,Maize (corn),5531,Producer Price (SLC/tonne),2022,2022,7021,Annual value,SLC,13031.800000,A
95,'340,Honduras,56,'0112,Maize (corn),5531,Producer Price (SLC/tonne),2023,2023,7021,Annual value,SLC,12066.500000,A
95,'340,Honduras,56,'0112,Maize (corn),5531,Producer Price (SLC/tonne),2024,2024,7021,Annual value,SLC,11040.800000,A
95,'340,Honduras,56,'0112,Maize (corn),5532,Producer Price (USD/tonne),1991,1991,7021,Annual value,USD,139.000000,A
95,'340,Honduras,56,'0112,Maize (corn),5532,Producer Price (USD/tonne),1992,1992,7021,Annual value,USD,154.400000,A
95,'340,Honduras,56,'0112,Maize (corn),5532,Producer Price (USD/tonne),1993,1993,7021,Annual value,USD,144.300000,A
95,'340,Honduras,56,'0112,Maize (corn),5532,Producer Price (USD/tonne),1994,1994,7021,Annual value,USD,183.500000,A
95,'340,Honduras,56,'0112,Maize (corn),5532,Producer Price (USD/tonne),1995,1995,7021,Annual value,USD,166.200000,A
95,'340,Honduras,56,'0112,Maize (corn),5532,Producer Price (USD/tonne),1996,1996,7021,Annual value,USD,213.000000,A
95,'340,Honduras,56,'0112,Maize (corn),5532,Producer Price (USD/tonne),1997,1997,7021,Annual value,USD,211.300000,A
95,'340,Honduras,56,'0112,Maize (corn),5532,Producer Price (USD/tonne),1998,1998,7021,Annual value,USD,196.000000,A
95,'340,Honduras,56,'0112,Maize (corn),5532,Producer Price (USD/tonne),1999,1999,7021,Annual value,USD,192.000000,A
95,'340,Honduras,56,'0112,Maize (corn),5532,Producer Price (USD/tonne),2000,2000,7021,Annual value,USD,204.000000,A
95,'340,Honduras,56,'0112,Maize (corn),5532,Producer Price (USD/tonne),2001,2001,7021,Annual value,USD,230.000000,A
95,'340,Honduras,56,'0112,Maize (corn),5532,Producer Price (USD/tonne),2002,2002,7021,Annual value,USD,219.700000,A
95,'340,Honduras,56,'0112,Maize (corn),5532,Producer Price (USD/tonne),2003,2003,7021,Annual value,USD,208.700000,A
95,'340,Honduras,56,'0112,Maize (corn),5532,Producer Price (USD/tonne),2004,2004,7021,Annual value,USD,200.000000,A
95,'340,Honduras,56,'0112,Maize (corn),5532,Producer Price (USD/tonne),2005,2005,7021,Annual value,USD,193.900000,A
95,'340,Honduras,56,'0112,Maize (corn),5532,Producer Price (USD/tonne),2006,2006,7021,Annual value,USD,225.900000,A
95,'340,Honduras,56,'0112,Maize (corn),5532,Producer Price (USD/tonne),2007,2007,7021,Annual value,USD,317.900000,A
95,'340,Honduras,56,'0112,Maize (corn),5532,Producer Price (USD/tonne),2008,2008,7021,Annual value,USD,307.000000,A
95,'340,Honduras,56,'0112,Maize (corn),5532,Producer Price (USD/tonne),2022,2022,7021,Annual value,USD,532.200000,A
95,'340,Honduras,56,'0112,Maize (corn),5532,Producer Price (USD/tonne),2023,2023,7021,Annual value,USD,490.500000,A
95,'340,Honduras,56,'0112,Maize (corn),5532,Producer Price (USD/tonne),2024,2024,7021,Annual value,USD,445.200000,A
95,'340,Honduras,56,'0112,Maize (corn),5539,Producer Price Index (2014-2016 = 100),1991,1991,7021,Annual value,,10.760000,E
95,'340,Honduras,56,'0112,Maize (corn),5539,Producer Price Index (2014-2016 = 100),1992,1992,7021,Annual value,,12.360000,E
95,'340,Honduras,56,'0112,Maize (corn),5539,Producer Price Index (2014-2016 = 100),1993,1993,7021,Annual value,,13.600000,E
95,'340,Honduras,56,'0112,Maize (corn),5539,Producer Price Index (2014-2016 = 100),1994,1994,7021,Annual value,,22.460000,E
95,'340,Honduras,56,'0112,Maize (corn),5539,Producer Price Index (2014-2016 = 100),1995,1995,7021,Annual value,,22.920000,E
95,'340,Honduras,56,'0112,Maize (corn),5539,Producer Price Index (2014-2016 = 100),1996,1996,7021,Annual value,,36.290000,E
95,'340,Honduras,56,'0112,Maize (corn),5539,Producer Price Index (2014-2016 = 100),1997,1997,7021,Annual value,,40.010000,E
95,'340,Honduras,56,'0112,Maize (corn),5539,Producer Price Index (2014-2016 = 100),1998,1998,7021,Annual value,,38.200000,E
95,'340,Honduras,56,'0112,Maize (corn),5539,Producer Price Index (2014-2016 = 100),1999,1999,7021,Annual value,,39.730000,E
95,'340,Honduras,56,'0112,Maize (corn),5539,Producer Price Index (2014-2016 = 100),2000,2000,7021,Annual value,,44.070000,E
95,'340,Honduras,56,'0112,Maize (corn),5539,Producer Price Index (2014-2016 = 100),2001,2001,7021,Annual value,,51.810000,E
95,'340,Honduras,56,'0112,Maize (corn),5539,Producer Price Index (2014-2016 = 100),2002,2002,7021,Annual value,,52.570000,E
95,'340,Honduras,56,'0112,Maize (corn),5539,Producer Price Index (2014-2016 = 100),2003,2003,7021,Annual value,,52.700000,E
95,'340,Honduras,56,'0112,Maize (corn),5539,Producer Price Index (2014-2016 = 100),2004,2004,7021,Annual value,,53.020000,E
95,'340,Honduras,56,'0112,Maize (corn),5539,Producer Price Index (2014-2016 = 100),2005,2005,7021,Annual value,,53.170000,E
95,'340,Honduras,56,'0112,Maize (corn),5539,Producer Price Index (2014-2016 = 100),2006,2006,7021,Annual value,,62.140000,E
95,'340,Honduras,56,'0112,Maize (corn),5539,Producer Price Index (2014-2016 = 100),2007,2007,7021,Annual value,,87.440000,E
95,'340,Honduras,56,'0112,Maize (corn),5539,Producer Price Index (2014-2016 = 100),2008,2008,7021,Annual value,,84.480000,E
95,'340,Honduras,56,'0112,Maize (corn),5539,Producer Price Index (2014-2016 = 100),2009,2009,7021,Annual value,,85.620000,E
95,'340,Honduras,56,'0112,Maize (corn),5539,Producer Price Index (2014-2016 = 100),2010,2010,7021,Annual value,,90.820000,E
95,'340,Honduras,56,'0112,Maize (corn),5539,Producer Price Index (2014-2016 = 100),2011,2011,7021,Annual value,,88.170000,E
95,'340,Honduras,56,'0112,Maize (corn),5539,Producer Price Index (2014-2016 = 100),2012,2012,7021,Annual value,,91.120000,E
95,'340,Honduras,56,'0112,Maize (corn),5539,Producer Price Index (2014-2016 = 100),2013,2013,7021,Annual value,,94.080000,E
95,'340,Honduras,56,'0112,Maize (corn),5539,Producer Price Index (2014-2016 = 100),2014,2014,7021,Annual value,,97.040000,E
95,'340,Honduras,56,'0112,Maize (corn),5539,Producer Price Index (2014-2016 = 100),2015,2015,7021,Annual value,,100.000000,E
95,'340,Honduras,56,'0112,Maize (corn),5539,Producer Price Index (2014-2016 = 100),2016,2016,7021,Annual value,,102.960000,E
95,'340,Honduras,56,'0112,Maize (corn),5539,Producer Price Index (2014-2016 = 100),2017,2017,7021,Annual value,,105.920000,E
95,'340,Honduras,56,'0112,Maize (corn),5539,Producer Price Index (2014-2016 = 100),2018,2018,7021,Annual value,,108.880000,E
95,'340,Honduras,56,'0112,Maize (corn),5539,Producer Price Index (2014-2016 = 100),2019,2019,7021,Annual value,,111.830000,E
95,'340,Honduras,56,'0112,Maize (corn),5539,Producer Price Index (2014-2016 = 100),2020,2020,7021,Annual value,,135.960000,E
95,'340,Honduras,56,'0112,Maize (corn),5539,Producer Price Index (2014-2016 = 100),2021,2021,7021,Annual value,,161.500000,E
95,'340,Honduras,56,'0112,Maize (corn),5539,Producer Price Index (2014-2016 = 100),2022,2022,7021,Annual value,,189.730000,E
95,'340,Honduras,56,'0112,Maize (corn),5539,Producer Price Index (2014-2016 = 100),2023,2023,7021,Annual value,,175.670000,E
95,'340,Honduras,56,'0112,Maize (corn),5539,Producer Price Index (2014-2016 = 100),2024,2024,7021,Annual value,,160.740000,E
95,'340,Honduras,56,'0112,Maize (corn),5539,Producer Price Index (2014-2016 = 100),2025,2025,7021,Annual value,,145.920000,E
95,'340,Honduras,571,'01316,"Mangoes, guavas and mangosteens",5530,Producer Price (LCU/tonne),1993,1993,7021,Annual value,LCU,1100.000000,A
95,'340,Honduras,571,'01316,"Mangoes, guavas and mangosteens",5530,Producer Price (LCU/tonne),1994,1994,7021,Annual value,LCU,1320.000000,A
95,'340,Honduras,571,'01316,"Mangoes, guavas and mangosteens",5530,Producer Price (LCU/tonne),1995,1995,7021,Annual value,LCU,1386.000000,A
95,'340,Honduras,571,'01316,"Mangoes, guavas and mangosteens",5530,Producer Price (LCU/tonne),1996,1996,7021,Annual value,LCU,1400.000000,A
95,'340,Honduras,571,'01316,"Mangoes, guavas and mangosteens",5530,Producer Price (LCU/tonne),1997,1997,7021,Annual value,LCU,1400.000000,A
95,'340,Honduras,571,'01316,"Mangoes, guavas and mangosteens",5530,Producer Price (LCU/tonne),1998,1998,7021,Annual value,LCU,1420.000000,A
95,'340,Honduras,571,'01316,"Mangoes, guavas and mangosteens",5530,Producer Price (LCU/tonne),1999,1999,7021,Annual value,LCU,1450.000000,A
95,'340,Honduras,571,'01316,"Mangoes, guavas and mangosteens",5530,Producer Price (LCU/tonne),2000,2000,7021,Annual value,LCU,1455.000000,A
95,'340,Honduras,571,'01316,"Mangoes, guavas and mangosteens",5530,Producer Price (LCU/tonne),2001,2001,7021,Annual value,LCU,2200.000000,A
95,'340,Honduras,571,'01316,"Mangoes, guavas and mangosteens",5530,Producer Price (LCU/tonne),2002,2002,7021,Annual value,LCU,3080.000000,A
95,'340,Honduras,571,'01316,"Mangoes, guavas and mangosteens",5530,Producer Price (LCU/tonne),2003,2003,7021,Annual value,LCU,3300.000000,A
95,'340,Honduras,571,'01316,"Mangoes, guavas and mangosteens",5530,Producer Price (LCU/tonne),2004,2004,7021,Annual value,LCU,3960.000000,A
95,'340,Honduras,571,'01316,"Mangoes, guavas and mangosteens",5530,Producer Price (LCU/tonne),2005,2005,7021,Annual value,LCU,4400.000000,A
95,'340,Honduras,571,'01316,"Mangoes, guavas and mangosteens",5530,Producer Price (LCU/tonne),2006,2006,7021,Annual value,LCU,4840.000000,A
95,'340,Honduras,571,'01316,"Mangoes, guavas and mangosteens",5530,Producer Price (LCU/tonne),2007,2007,7021,Annual value,LCU,4400.000000,A
95,'340,Honduras,571,'01316,"Mangoes, guavas and mangosteens",5530,Producer Price (LCU/tonne),2008,2008,7021,Annual value,LCU,5038.000000,A
95,'340,Honduras,571,'01316,"Mangoes, guavas and mangosteens",5531,Producer Price (SLC/tonne),1993,1993,7021,Annual value,SLC,1100.000000,A
95,'340,Honduras,571,'01316,"Mangoes, guavas and mangosteens",5531,Producer Price (SLC/tonne),1994,1994,7021,Annual value,SLC,1320.000000,A
95,'340,Honduras,571,'01316,"Mangoes, guavas and mangosteens",5531,Producer Price (SLC/tonne),1995,1995,7021,Annual value,SLC,1386.000000,A
95,'340,Honduras,571,'01316,"Mangoes, guavas and mangosteens",5531,Producer Price (SLC/tonne),1996,1996,7021,Annual value,SLC,1400.000000,A
95,'340,Honduras,571,'01316,"Mangoes, guavas and mangosteens",5531,Producer Price (SLC/tonne),1997,1997,7021,Annual value,SLC,1400.000000,A
95,'340,Honduras,571,'01316,"Mangoes, guavas and mangosteens",5531,Producer Price (SLC/tonne),1998,1998,7021,Annual value,SLC,1420.000000,A
95,'340,Honduras,571,'01316,"Mangoes, guavas and mangosteens",5531,Producer Price (SLC/tonne),1999,1999,7021,Annual value,SLC,1450.000000,A
95,'340,Honduras,571,'01316,"Mangoes, guavas and mangosteens",5531,Producer Price (SLC/tonne),2000,2000,7021,Annual value,SLC,1455.000000,A
95,'340,Honduras,571,'01316,"Mangoes, guavas and mangosteens",5531,Producer Price (SLC/tonne),2001,2001,7021,Annual value,SLC,2200.000000,A
95,'340,Honduras,571,'01316,"Mangoes, guavas and mangosteens",5531,Producer Price (SLC/tonne),2002,2002,7021,Annual value,SLC,3080.000000,A
95,'340,Honduras,571,'01316,"Mangoes, guavas and mangosteens",5531,Producer Price (SLC/tonne),2003,2003,7021,Annual value,SLC,3300.000000,A
95,'340,Honduras,571,'01316,"Mangoes, guavas and mangosteens",5531,Producer Price (SLC/tonne),2004,2004,7021,Annual value,SLC,3960.000000,A
95,'340,Honduras,571,'01316,"Mangoes, guavas and mangosteens",5531,Producer Price (SLC/tonne),2005,2005,7021,Annual value,SLC,4400.000000,A
95,'340,Honduras,571,'01316,"Mangoes, guavas and mangosteens",5531,Producer Price (SLC/tonne),2006,2006,7021,Annual value,SLC,4840.000000,A
95,'340,Honduras,571,'01316,"Mangoes, guavas and mangosteens",5531,Producer Price (SLC/tonne),2007,2007,7021,Annual value,SLC,4400.000000,A
95,'340,Honduras,571,'01316,"Mangoes, guavas and mangosteens",5531,Producer Price (SLC/tonne),2008,2008,7021,Annual value,SLC,5038.000000,A
95,'340,Honduras,571,'01316,"Mangoes, guavas and mangosteens",5532,Producer Price (USD/tonne),1993,1993,7021,Annual value,USD,170.000000,A
95,'340,Honduras,571,'01316,"Mangoes, guavas and mangosteens",5532,Producer Price (USD/tonne),1994,1994,7021,Annual value,USD,157.000000,A
95,'340,Honduras,571,'01316,"Mangoes, guavas and mangosteens",5532,Producer Price (USD/tonne),1995,1995,7021,Annual value,USD,146.300000,A
95,'340,Honduras,571,'01316,"Mangoes, guavas and mangosteens",5532,Producer Price (USD/tonne),1996,1996,7021,Annual value,USD,119.600000,A
95,'340,Honduras,571,'01316,"Mangoes, guavas and mangosteens",5532,Producer Price (USD/tonne),1997,1997,7021,Annual value,USD,107.700000,A
95,'340,Honduras,571,'01316,"Mangoes, guavas and mangosteens",5532,Producer Price (USD/tonne),1998,1998,7021,Annual value,USD,106.100000,A
95,'340,Honduras,571,'01316,"Mangoes, guavas and mangosteens",5532,Producer Price (USD/tonne),1999,1999,7021,Annual value,USD,102.000000,A
95,'340,Honduras,571,'01316,"Mangoes, guavas and mangosteens",5532,Producer Price (USD/tonne),2000,2000,7021,Annual value,USD,98.100000,A
95,'340,Honduras,571,'01316,"Mangoes, guavas and mangosteens",5532,Producer Price (USD/tonne),2001,2001,7021,Annual value,USD,142.200000,A
95,'340,Honduras,571,'01316,"Mangoes, guavas and mangosteens",5532,Producer Price (USD/tonne),2002,2002,7021,Annual value,USD,187.400000,A
95,'340,Honduras,571,'01316,"Mangoes, guavas and mangosteens",5532,Producer Price (USD/tonne),2003,2003,7021,Annual value,USD,190.300000,A
95,'340,Honduras,571,'01316,"Mangoes, guavas and mangosteens",5532,Producer Price (USD/tonne),2004,2004,7021,Annual value,USD,217.500000,A
95,'340,Honduras,571,'01316,"Mangoes, guavas and mangosteens",5532,Producer Price (USD/tonne),2005,2005,7021,Annual value,USD,233.600000,A
95,'340,Honduras,571,'01316,"Mangoes, guavas and mangosteens",5532,Producer Price (USD/tonne),2006,2006,7021,Annual value,USD,256.100000,A
95,'340,Honduras,571,'01316,"Mangoes, guavas and mangosteens",5532,Producer Price (USD/tonne),2007,2007,7021,Annual value,USD,232.900000,A
95,'340,Honduras,571,'01316,"Mangoes, guavas and mangosteens",5532,Producer Price (USD/tonne),2008,2008,7021,Annual value,USD,266.500000,A
95,'340,Honduras,571,'01316,"Mangoes, guavas and mangosteens",5539,Producer Price Index (2014-2016 = 100),1991,1991,7021,Annual value,,6.870000,E
95,'340,Honduras,571,'01316,"Mangoes, guavas and mangosteens",5539,Producer Price Index (2014-2016 = 100),1992,1992,7021,Annual value,,9.640000,E
95,'340,Honduras,571,'01316,"Mangoes, guavas and mangosteens",5539,Producer Price Index (2014-2016 = 100),1993,1993,7021,Annual value,,13.540000,E
95,'340,Honduras,571,'01316,"Mangoes, guavas and mangosteens",5539,Producer Price Index (2014-2016 = 100),1994,1994,7021,Annual value,,16.250000,E
95,'340,Honduras,571,'01316,"Mangoes, guavas and mangosteens",5539,Producer Price Index (2014-2016 = 100),1995,1995,7021,Annual value,,17.070000,E
95,'340,Honduras,571,'01316,"Mangoes, guavas and mangosteens",5539,Producer Price Index (2014-2016 = 100),1996,1996,7021,Annual value,,17.240000,E
95,'340,Honduras,571,'01316,"Mangoes, guavas and mangosteens",5539,Producer Price Index (2014-2016 = 100),1997,1997,7021,Annual value,,17.240000,E
95,'340,Honduras,571,'01316,"Mangoes, guavas and mangosteens",5539,Producer Price Index (2014-2016 = 100),1998,1998,7021,Annual value,,17.480000,E
95,'340,Honduras,571,'01316,"Mangoes, guavas and mangosteens",5539,Producer Price Index (2014-2016 = 100),1999,1999,7021,Annual value,,17.850000,E
95,'340,Honduras,571,'01316,"Mangoes, guavas and mangosteens",5539,Producer Price Index (2014-2016 = 100),2000,2000,7021,Annual value,,17.910000,E
95,'340,Honduras,571,'01316,"Mangoes, guavas and mangosteens",5539,Producer Price Index (2014-2016 = 100),2001,2001,7021,Annual value,,27.090000,E
95,'340,Honduras,571,'01316,"Mangoes, guavas and mangosteens",5539,Producer Price Index (2014-2016 = 100),2002,2002,7021,Annual value,,37.920000,E
95,'340,Honduras,571,'01316,"Mangoes, guavas and mangosteens",5539,Producer Price Index (2014-2016 = 100),2003,2003,7021,Annual value,,40.630000,E
95,'340,Honduras,571,'01316,"Mangoes, guavas and mangosteens",5539,Producer Price Index (2014-2016 = 100),2004,2004,7021,Annual value,,48.760000,E
95,'340,Honduras,571,'01316,"Mangoes, guavas and mangosteens",5539,Producer Price Index (2014-2016 = 100),2005,2005,7021,Annual value,,54.180000,E
95,'340,Honduras,571,'01316,"Mangoes, guavas and mangosteens",5539,Producer Price Index (2014-2016 = 100),2006,2006,7021,Annual value,,59.590000,E
95,'340,Honduras,571,'01316,"Mangoes, guavas and mangosteens",5539,Producer Price Index (2014-2016 = 100),2007,2007,7021,Annual value,,54.180000,E
95,'340,Honduras,571,'01316,"Mangoes, guavas and mangosteens",5539,Producer Price Index (2014-2016 = 100),2008,2008,7021,Annual value,,62.030000,E
95,'340,Honduras,571,'01316,"Mangoes, guavas and mangosteens",5539,Producer Price Index (2014-2016 = 100),2009,2009,7021,Annual value,,67.100000,E
95,'340,Honduras,571,'01316,"Mangoes, guavas and mangosteens",5539,Producer Price Index (2014-2016 = 100),2010,2010,7021,Annual value,,77.330000,E
95,'340,Honduras,571,'01316,"Mangoes, guavas and mangosteens",5539,Producer Price Index (2014-2016 = 100),2011,2011,7021,Annual value,,79.780000,E
95,'340,Honduras,571,'01316,"Mangoes, guavas and mangosteens",5539,Producer Price Index (2014-2016 = 100),2012,2012,7021,Annual value,,84.830000,E
95,'340,Honduras,571,'01316,"Mangoes, guavas and mangosteens",5539,Producer Price Index (2014-2016 = 100),2013,2013,7021,Annual value,,89.890000,E
95,'340,Honduras,571,'01316,"Mangoes, guavas and mangosteens",5539,Producer Price Index (2014-2016 = 100),2014,2014,7021,Annual value,,94.940000,E
95,'340,Honduras,571,'01316,"Mangoes, guavas and mangosteens",5539,Producer Price Index (2014-2016 = 100),2015,2015,7021,Annual value,,100.000000,E
95,'340,Honduras,571,'01316,"Mangoes, guavas and mangosteens",5539,Producer Price Index (2014-2016 = 100),2016,2016,7021,Annual value,,105.060000,E
95,'340,Honduras,571,'01316,"Mangoes, guavas and mangosteens",5539,Producer Price Index (2014-2016 = 100),2017,2017,7021,Annual value,,110.110000,E
95,'340,Honduras,571,'01316,"Mangoes, guavas and mangosteens",5539,Producer Price Index (2014-2016 = 100),2018,2018,7021,Annual value,,115.170000,E
95,'340,Honduras,571,'01316,"Mangoes, guavas and mangosteens",5539,Producer Price Index (2014-2016 = 100),2019,2019,7021,Annual value,,120.220000,E
95,'340,Honduras,571,'01316,"Mangoes, guavas and mangosteens",5539,Producer Price Index (2014-2016 = 100),2020,2020,7021,Annual value,,125.140000,E
95,'340,Honduras,571,'01316,"Mangoes, guavas and mangosteens",5539,Producer Price Index (2014-2016 = 100),2021,2021,7021,Annual value,,132.710000,E
95,'340,Honduras,571,'01316,"Mangoes, guavas and mangosteens",5539,Producer Price Index (2014-2016 = 100),2022,2022,7021,Annual value,,133.520000,E
95,'340,Honduras,571,'01316,"Mangoes, guavas and mangosteens",5539,Producer Price Index (2014-2016 = 100),2023,2023,7021,Annual value,,138.100000,E
95,'340,Honduras,571,'01316,"Mangoes, guavas and mangosteens",5539,Producer Price Index (2014-2016 = 100),2024,2024,7021,Annual value,,142.680000,E
95,'340,Honduras,571,'01316,"Mangoes, guavas and mangosteens",5539,Producer Price Index (2014-2016 = 100),2025,2025,7021,Annual value,,147.260000,E
95,'340,Honduras,1108,'21118.02,"Meat of asses, fresh or chilled",5539,Producer Price Index (2014-2016 = 100),2004,2004,7021,Annual value,,64.230000,E
95,'340,Honduras,1108,'21118.02,"Meat of asses, fresh or chilled",5539,Producer Price Index (2014-2016 = 100),2005,2005,7021,Annual value,,70.650000,E
95,'340,Honduras,1108,'21118.02,"Meat of asses, fresh or chilled",5539,Producer Price Index (2014-2016 = 100),2006,2006,7021,Annual value,,77.070000,E
95,'340,Honduras,1108,'21118.02,"Meat of asses, fresh or chilled",5539,Producer Price Index (2014-2016 = 100),2007,2007,7021,Annual value,,81.700000,E
95,'340,Honduras,1108,'21118.02,"Meat of asses, fresh or chilled",5539,Producer Price Index (2014-2016 = 100),2008,2008,7021,Annual value,,84.870000,E
95,'340,Honduras,1108,'21118.02,"Meat of asses, fresh or chilled",5539,Producer Price Index (2014-2016 = 100),2009,2009,7021,Annual value,,81.580000,E
95,'340,Honduras,1108,'21118.02,"Meat of asses, fresh or chilled",5539,Producer Price Index (2014-2016 = 100),2010,2010,7021,Annual value,,93.200000,E
95,'340,Honduras,1108,'21118.02,"Meat of asses, fresh or chilled",5539,Producer Price Index (2014-2016 = 100),2011,2011,7021,Annual value,,120.050000,E
95,'340,Honduras,1108,'21118.02,"Meat of asses, fresh or chilled",5539,Producer Price Index (2014-2016 = 100),2012,2012,7021,Annual value,,108.260000,E
95,'340,Honduras,1108,'21118.02,"Meat of asses, fresh or chilled",5539,Producer Price Index (2014-2016 = 100),2013,2013,7021,Annual value,,93.900000,E
95,'340,Honduras,1108,'21118.02,"Meat of asses, fresh or chilled",5539,Producer Price Index (2014-2016 = 100),2014,2014,7021,Annual value,,100.320000,E
95,'340,Honduras,1108,'21118.02,"Meat of asses, fresh or chilled",5539,Producer Price Index (2014-2016 = 100),2015,2015,7021,Annual value,,101.130000,E
95,'340,Honduras,1108,'21118.02,"Meat of asses, fresh or chilled",5539,Producer Price Index (2014-2016 = 100),2016,2016,7021,Annual value,,98.560000,E
95,'340,Honduras,1108,'21118.02,"Meat of asses, fresh or chilled",5539,Producer Price Index (2014-2016 = 100),2017,2017,7021,Annual value,,100.890000,E
95,'340,Honduras,1108,'21118.02,"Meat of asses, fresh or chilled",5539,Producer Price Index (2014-2016 = 100),2018,2018,7021,Annual value,,93.520000,E
95,'340,Honduras,1108,'21118.02,"Meat of asses, fresh or chilled",5539,Producer Price Index (2014-2016 = 100),2019,2019,7021,Annual value,,90.240000,E
95,'340,Honduras,1108,'21118.02,"Meat of asses, fresh or chilled",5539,Producer Price Index (2014-2016 = 100),2020,2020,7021,Annual value,,89.360000,E
95,'340,Honduras,1108,'21118.02,"Meat of asses, fresh or chilled",5539,Producer Price Index (2014-2016 = 100),2021,2021,7021,Annual value,,101.950000,E
95,'340,Honduras,1108,'21118.02,"Meat of asses, fresh or chilled",5539,Producer Price Index (2014-2016 = 100),2022,2022,7021,Annual value,,99.750000,E
95,'340,Honduras,1108,'21118.02,"Meat of asses, fresh or chilled",5539,Producer Price Index (2014-2016 = 100),2023,2023,7021,Annual value,,100.490000,E
95,'340,Honduras,1108,'21118.02,"Meat of asses, fresh or chilled",5539,Producer Price Index (2014-2016 = 100),2024,2024,7021,Annual value,,101.220000,E
95,'340,Honduras,1108,'21118.02,"Meat of asses, fresh or chilled",5539,Producer Price Index (2014-2016 = 100),2025,2025,7021,Annual value,,101.950000,E
95,'340,Honduras,1123,'21118.02b,"Meat of asses, fresh or chilled (biological)",5530,Producer Price (LCU/tonne),2004,2004,7021,Annual value,LCU,9090.900000,A
95,'340,Honduras,1123,'21118.02b,"Meat of asses, fresh or chilled (biological)",5530,Producer Price (LCU/tonne),2005,2005,7021,Annual value,LCU,10000.000000,A
95,'340,Honduras,1123,'21118.02b,"Meat of asses, fresh or chilled (biological)",5530,Producer Price (LCU/tonne),2006,2006,7021,Annual value,LCU,10909.100000,A
95,'340,Honduras,1123,'21118.02b,"Meat of asses, fresh or chilled (biological)",5530,Producer Price (LCU/tonne),2007,2007,7021,Annual value,LCU,10909.100000,A
95,'340,Honduras,1123,'21118.02b,"Meat of asses, fresh or chilled (biological)",5530,Producer Price (LCU/tonne),2008,2008,7021,Annual value,LCU,11333.000000,A
95,'340,Honduras,1123,'21118.02b,"Meat of asses, fresh or chilled (biological)",5531,Producer Price (SLC/tonne),2004,2004,7021,Annual value,SLC,9090.900000,A
95,'340,Honduras,1123,'21118.02b,"Meat of asses, fresh or chilled (biological)",5531,Producer Price (SLC/tonne),2005,2005,7021,Annual value,SLC,10000.000000,A
95,'340,Honduras,1123,'21118.02b,"Meat of asses, fresh or chilled (biological)",5531,Producer Price (SLC/tonne),2006,2006,7021,Annual value,SLC,10909.100000,A
95,'340,Honduras,1123,'21118.02b,"Meat of asses, fresh or chilled (biological)",5531,Producer Price (SLC/tonne),2007,2007,7021,Annual value,SLC,10909.100000,A
95,'340,Honduras,1123,'21118.02b,"Meat of asses, fresh or chilled (biological)",5531,Producer Price (SLC/tonne),2008,2008,7021,Annual value,SLC,11333.000000,A
95,'340,Honduras,1123,'21118.02b,"Meat of asses, fresh or chilled (biological)",5532,Producer Price (USD/tonne),2004,2004,7021,Annual value,USD,499.300000,A
95,'340,Honduras,1123,'21118.02b,"Meat of asses, fresh or chilled (biological)",5532,Producer Price (USD/tonne),2005,2005,7021,Annual value,USD,531.000000,A
95,'340,Honduras,1123,'21118.02b,"Meat of asses, fresh or chilled (biological)",5532,Producer Price (USD/tonne),2006,2006,7021,Annual value,USD,577.300000,A
95,'340,Honduras,1123,'21118.02b,"Meat of asses, fresh or chilled (biological)",5532,Producer Price (USD/tonne),2007,2007,7021,Annual value,USD,577.400000,A
95,'340,Honduras,1123,'21118.02b,"Meat of asses, fresh or chilled (biological)",5532,Producer Price (USD/tonne),2008,2008,7021,Annual value,USD,599.500000,A
95,'340,Honduras,1123,'21118.02b,"Meat of asses, fresh or chilled (biological)",5539,Producer Price Index (2014-2016 = 100),2004,2004,7021,Annual value,,68.080000,E
95,'340,Honduras,1123,'21118.02b,"Meat of asses, fresh or chilled (biological)",5539,Producer Price Index (2014-2016 = 100),2005,2005,7021,Annual value,,74.890000,E
95,'340,Honduras,1123,'21118.02b,"Meat of asses, fresh or chilled (biological)",5539,Producer Price Index (2014-2016 = 100),2006,2006,7021,Annual value,,81.700000,E
95,'340,Honduras,1123,'21118.02b,"Meat of asses, fresh or chilled (biological)",5539,Producer Price Index (2014-2016 = 100),2007,2007,7021,Annual value,,81.700000,E
95,'340,Honduras,1123,'21118.02b,"Meat of asses, fresh or chilled (biological)",5539,Producer Price Index (2014-2016 = 100),2008,2008,7021,Annual value,,84.870000,E
95,'340,Honduras,1123,'21118.02b,"Meat of asses, fresh or chilled (biological)",5539,Producer Price Index (2014-2016 = 100),2009,2009,7021,Annual value,,81.580000,E
95,'340,Honduras,1123,'21118.02b,"Meat of asses, fresh or chilled (biological)",5539,Producer Price Index (2014-2016 = 100),2010,2010,7021,Annual value,,93.200000,E
95,'340,Honduras,1123,'21118.02b,"Meat of asses, fresh or chilled (biological)",5539,Producer Price Index (2014-2016 = 100),2011,2011,7021,Annual value,,120.050000,E
95,'340,Honduras,1123,'21118.02b,"Meat of asses, fresh or chilled (biological)",5539,Producer Price Index (2014-2016 = 100),2012,2012,7021,Annual value,,108.260000,E
95,'340,Honduras,1123,'21118.02b,"Meat of asses, fresh or chilled (biological)",5539,Producer Price Index (2014-2016 = 100),2013,2013,7021,Annual value,,93.900000,E
95,'340,Honduras,1123,'21118.02b,"Meat of asses, fresh or chilled (biological)",5539,Producer Price Index (2014-2016 = 100),2014,2014,7021,Annual value,,100.320000,E
95,'340,Honduras,1123,'21118.02b,"Meat of asses, fresh or chilled (biological)",5539,Producer Price Index (2014-2016 = 100),2015,2015,7021,Annual value,,101.130000,E
95,'340,Honduras,1123,'21118.02b,"Meat of asses, fresh or chilled (biological)",5539,Producer Price Index (2014-2016 = 100),2016,2016,7021,Annual value,,98.560000,E
95,'340,Honduras,1123,'21118.02b,"Meat of asses, fresh or chilled (biological)",5539,Producer Price Index (2014-2016 = 100),2017,2017,7021,Annual value,,100.890000,E
95,'340,Honduras,1123,'21118.02b,"Meat of asses, fresh or chilled (biological)",5539,Producer Price Index (2014-2016 = 100),2018,2018,7021,Annual value,,93.520000,E
95,'340,Honduras,1123,'21118.02b,"Meat of asses, fresh or chilled (biological)",5539,Producer Price Index (2014-2016 = 100),2019,2019,7021,Annual value,,90.270000,E
95,'340,Honduras,1123,'21118.02b,"Meat of asses, fresh or chilled (biological)",5539,Producer Price Index (2014-2016 = 100),2020,2020,7021,Annual value,,86.770000,E
95,'340,Honduras,1123,'21118.02b,"Meat of asses, fresh or chilled (biological)",5539,Producer Price Index (2014-2016 = 100),2021,2021,7021,Annual value,,101.410000,E
95,'340,Honduras,1123,'21118.02b,"Meat of asses, fresh or chilled (biological)",5539,Producer Price Index (2014-2016 = 100),2022,2022,7021,Annual value,,99.610000,E
95,'340,Honduras,1123,'21118.02b,"Meat of asses, fresh or chilled (biological)",5539,Producer Price Index (2014-2016 = 100),2023,2023,7021,Annual value,,100.250000,E
95,'340,Honduras,1123,'21118.02b,"Meat of asses, fresh or chilled (biological)",5539,Producer Price Index (2014-2016 = 100),2024,2024,7021,Annual value,,100.900000,E
95,'340,Honduras,1123,'21118.02b,"Meat of asses, fresh or chilled (biological)",5539,Producer Price Index (2014-2016 = 100),2025,2025,7021,Annual value,,101.550000,E
95,'340,Honduras,867,'21111.01,"Meat of cattle with the bone, fresh or chilled",5530,Producer Price (LCU/tonne),2022,2022,7021,Annual value,LCU,103282.100000,A
95,'340,Honduras,867,'21111.01,"Meat of cattle with the bone, fresh or chilled",5530,Producer Price (LCU/tonne),2023,2023,7021,Annual value,LCU,113661.900000,A
95,'340,Honduras,867,'21111.01,"Meat of cattle with the bone, fresh or chilled",5530,Producer Price (LCU/tonne),2024,2024,7021,Annual value,LCU,114129.100000,A
95,'340,Honduras,867,'21111.01,"Meat of cattle with the bone, fresh or chilled",5531,Producer Price (SLC/tonne),2022,2022,7021,Annual value,SLC,103282.100000,A
95,'340,Honduras,867,'21111.01,"Meat of cattle with the bone, fresh or chilled",5531,Producer Price (SLC/tonne),2023,2023,7021,Annual value,SLC,113661.900000,A
95,'340,Honduras,867,'21111.01,"Meat of cattle with the bone, fresh or chilled",5531,Producer Price (SLC/tonne),2024,2024,7021,Annual value,SLC,114129.100000,A
95,'340,Honduras,867,'21111.01,"Meat of cattle with the bone, fresh or chilled",5532,Producer Price (USD/tonne),2022,2022,7021,Annual value,USD,4218.000000,A
95,'340,Honduras,867,'21111.01,"Meat of cattle with the bone, fresh or chilled",5532,Producer Price (USD/tonne),2023,2023,7021,Annual value,USD,4620.100000,A
95,'340,Honduras,867,'21111.01,"Meat of cattle with the bone, fresh or chilled",5532,Producer Price (USD/tonne),2024,2024,7021,Annual value,USD,4602.100000,A
95,'340,Honduras,867,'21111.01,"Meat of cattle with the bone, fresh or chilled",5539,Producer Price Index (2014-2016 = 100),1991,1991,7021,Annual value,,31.500000,E
95,'340,Honduras,867,'21111.01,"Meat of cattle with the bone, fresh or chilled",5539,Producer Price Index (2014-2016 = 100),1992,1992,7021,Annual value,,31.920000,E
95,'340,Honduras,867,'21111.01,"Meat of cattle with the bone, fresh or chilled",5539,Producer Price Index (2014-2016 = 100),1993,1993,7021,Annual value,,38.440000,E
95,'340,Honduras,867,'21111.01,"Meat of cattle with the bone, fresh or chilled",5539,Producer Price Index (2014-2016 = 100),1994,1994,7021,Annual value,,43.450000,E
95,'340,Honduras,867,'21111.01,"Meat of cattle with the bone, fresh or chilled",5539,Producer Price Index (2014-2016 = 100),1995,1995,7021,Annual value,,48.050000,E
95,'340,Honduras,867,'21111.01,"Meat of cattle with the bone, fresh or chilled",5539,Producer Price Index (2014-2016 = 100),1996,1996,7021,Annual value,,73.840000,E
95,'340,Honduras,867,'21111.01,"Meat of cattle with the bone, fresh or chilled",5539,Producer Price Index (2014-2016 = 100),1997,1997,7021,Annual value,,95.670000,E
95,'340,Honduras,867,'21111.01,"Meat of cattle with the bone, fresh or chilled",5539,Producer Price Index (2014-2016 = 100),1998,1998,7021,Annual value,,82.830000,E
95,'340,Honduras,867,'21111.01,"Meat of cattle with the bone, fresh or chilled",5539,Producer Price Index (2014-2016 = 100),1999,1999,7021,Annual value,,83.070000,E
95,'340,Honduras,867,'21111.01,"Meat of cattle with the bone, fresh or chilled",5539,Producer Price Index (2014-2016 = 100),2000,2000,7021,Annual value,,83.740000,E
95,'340,Honduras,867,'21111.01,"Meat of cattle with the bone, fresh or chilled",5539,Producer Price Index (2014-2016 = 100),2001,2001,7021,Annual value,,84.630000,E
95,'340,Honduras,867,'21111.01,"Meat of cattle with the bone, fresh or chilled",5539,Producer Price Index (2014-2016 = 100),2002,2002,7021,Annual value,,85.220000,E
95,'340,Honduras,867,'21111.01,"Meat of cattle with the bone, fresh or chilled",5539,Producer Price Index (2014-2016 = 100),2003,2003,7021,Annual value,,89.360000,E
95,'340,Honduras,867,'21111.01,"Meat of cattle with the bone, fresh or chilled",5539,Producer Price Index (2014-2016 = 100),2004,2004,7021,Annual value,,94.100000,E
95,'340,Honduras,867,'21111.01,"Meat of cattle with the bone, fresh or chilled",5539,Producer Price Index (2014-2016 = 100),2005,2005,7021,Annual value,,95.870000,E
95,'340,Honduras,867,'21111.01,"Meat of cattle with the bone, fresh or chilled",5539,Producer Price Index (2014-2016 = 100),2006,2006,7021,Annual value,,100.610000,E
95,'340,Honduras,867,'21111.01,"Meat of cattle with the bone, fresh or chilled",5539,Producer Price Index (2014-2016 = 100),2007,2007,7021,Annual value,,106.520000,E
95,'340,Honduras,867,'21111.01,"Meat of cattle with the bone, fresh or chilled",5539,Producer Price Index (2014-2016 = 100),2008,2008,7021,Annual value,,94.190000,E
95,'340,Honduras,867,'21111.01,"Meat of cattle with the bone, fresh or chilled",5539,Producer Price Index (2014-2016 = 100),2009,2009,7021,Annual value,,87.340000,E
95,'340,Honduras,867,'21111.01,"Meat of cattle with the bone, fresh or chilled",5539,Producer Price Index (2014-2016 = 100),2010,2010,7021,Annual value,,99.700000,E
95,'340,Honduras,867,'21111.01,"Meat of cattle with the bone, fresh or chilled",5539,Producer Price Index (2014-2016 = 100),2011,2011,7021,Annual value,,97.840000,E
95,'340,Honduras,867,'21111.01,"Meat of cattle with the bone, fresh or chilled",5539,Producer Price Index (2014-2016 = 100),2012,2012,7021,Annual value,,98.380000,E
95,'340,Honduras,867,'21111.01,"Meat of cattle with the bone, fresh or chilled",5539,Producer Price Index (2014-2016 = 100),2013,2013,7021,Annual value,,98.920000,E
95,'340,Honduras,867,'21111.01,"Meat of cattle with the bone, fresh or chilled",5539,Producer Price Index (2014-2016 = 100),2014,2014,7021,Annual value,,99.460000,E
95,'340,Honduras,867,'21111.01,"Meat of cattle with the bone, fresh or chilled",5539,Producer Price Index (2014-2016 = 100),2015,2015,7021,Annual value,,100.000000,E
95,'340,Honduras,867,'21111.01,"Meat of cattle with the bone, fresh or chilled",5539,Producer Price Index (2014-2016 = 100),2016,2016,7021,Annual value,,100.540000,E
95,'340,Honduras,867,'21111.01,"Meat of cattle with the bone, fresh or chilled",5539,Producer Price Index (2014-2016 = 100),2017,2017,7021,Annual value,,101.080000,E
95,'340,Honduras,867,'21111.01,"Meat of cattle with the bone, fresh or chilled",5539,Producer Price Index (2014-2016 = 100),2018,2018,7021,Annual value,,101.620000,E
95,'340,Honduras,867,'21111.01,"Meat of cattle with the bone, fresh or chilled",5539,Producer Price Index (2014-2016 = 100),2019,2019,7021,Annual value,,102.160000,E
95,'340,Honduras,867,'21111.01,"Meat of cattle with the bone, fresh or chilled",5539,Producer Price Index (2014-2016 = 100),2020,2020,7021,Annual value,,114.990000,E
95,'340,Honduras,867,'21111.01,"Meat of cattle with the bone, fresh or chilled",5539,Producer Price Index (2014-2016 = 100),2021,2021,7021,Annual value,,127.630000,E
95,'340,Honduras,867,'21111.01,"Meat of cattle with the bone, fresh or chilled",5539,Producer Price Index (2014-2016 = 100),2022,2022,7021,Annual value,,141.530000,E
95,'340,Honduras,867,'21111.01,"Meat of cattle with the bone, fresh or chilled",5539,Producer Price Index (2014-2016 = 100),2023,2023,7021,Annual value,,155.750000,E
95,'340,Honduras,867,'21111.01,"Meat of cattle with the bone, fresh or chilled",5539,Producer Price Index (2014-2016 = 100),2024,2024,7021,Annual value,,156.390000,E
95,'340,Honduras,867,'21111.01,"Meat of cattle with the bone, fresh or chilled",5539,Producer Price Index (2014-2016 = 100),2025,2025,7021,Annual value,,178.160000,E
95,'340,Honduras,945,'21111.01b,"Meat of cattle with the bone, fresh or chilled (biological)",5530,Producer Price (LCU/tonne),1998,1998,7021,Annual value,LCU,30828.000000,A
95,'340,Honduras,945,'21111.01b,"Meat of cattle with the bone, fresh or chilled (biological)",5530,Producer Price (LCU/tonne),1999,1999,7021,Annual value,LCU,30916.000000,A
95,'340,Honduras,945,'21111.01b,"Meat of cattle with the bone, fresh or chilled (biological)",5530,Producer Price (LCU/tonne),2000,2000,7021,Annual value,LCU,31167.000000,A
95,'340,Honduras,945,'21111.01b,"Meat of cattle with the bone, fresh or chilled (biological)",5530,Producer Price (LCU/tonne),2001,2001,7021,Annual value,LCU,31497.000000,A
95,'340,Honduras,945,'21111.01b,"Meat of cattle with the bone, fresh or chilled (biological)",5530,Producer Price (LCU/tonne),2002,2002,7021,Annual value,LCU,31718.000000,A
95,'340,Honduras,945,'21111.01b,"Meat of cattle with the bone, fresh or chilled (biological)",5530,Producer Price (LCU/tonne),2003,2003,7021,Annual value,LCU,33260.000000,A
95,'340,Honduras,945,'21111.01b,"Meat of cattle with the bone, fresh or chilled (biological)",5530,Producer Price (LCU/tonne),2004,2004,7021,Annual value,LCU,35022.000000,A
95,'340,Honduras,945,'21111.01b,"Meat of cattle with the bone, fresh or chilled (biological)",5530,Producer Price (LCU/tonne),2005,2005,7021,Annual value,LCU,35683.000000,A
95,'340,Honduras,945,'21111.01b,"Meat of cattle with the bone, fresh or chilled (biological)",5530,Producer Price (LCU/tonne),2006,2006,7021,Annual value,LCU,37445.000000,A
95,'340,Honduras,945,'21111.01b,"Meat of cattle with the bone, fresh or chilled (biological)",5530,Producer Price (LCU/tonne),2007,2007,7021,Annual value,LCU,39646.000000,A
95,'340,Honduras,945,'21111.01b,"Meat of cattle with the bone, fresh or chilled (biological)",5530,Producer Price (LCU/tonne),2008,2008,7021,Annual value,LCU,35057.000000,A
95,'340,Honduras,945,'21111.01b,"Meat of cattle with the bone, fresh or chilled (biological)",5530,Producer Price (LCU/tonne),2024,2024,7021,Annual value,LCU,60443.700000,A
95,'340,Honduras,945,'21111.01b,"Meat of cattle with the bone, fresh or chilled (biological)",5530,Producer Price (LCU/tonne),2024,2024,7001,January,LCU,57320.500000,A
95,'340,Honduras,945,'21111.01b,"Meat of cattle with the bone, fresh or chilled (biological)",5530,Producer Price (LCU/tonne),2024,2024,7002,February,LCU,57320.500000,A
95,'340,Honduras,945,'21111.01b,"Meat of cattle with the bone, fresh or chilled (biological)",5530,Producer Price (LCU/tonne),2024,2024,7003,March,LCU,57320.500000,A
95,'340,Honduras,945,'21111.01b,"Meat of cattle with the bone, fresh or chilled (biological)",5530,Producer Price (LCU/tonne),2024,2024,7004,April,LCU,57320.500000,A
95,'340,Honduras,945,'21111.01b,"Meat of cattle with the bone, fresh or chilled (biological)",5530,Producer Price (LCU/tonne),2024,2024,7005,May,LCU,61729.800000,A
95,'340,Honduras,945,'21111.01b,"Meat of cattle with the bone, fresh or chilled (biological)",5530,Producer Price (LCU/tonne),2024,2024,7006,June,LCU,61729.800000,A
95,'340,Honduras,945,'21111.01b,"Meat of cattle with the bone, fresh or chilled (biological)",5530,Producer Price (LCU/tonne),2024,2024,7007,July,LCU,63934.400000,A
95,'340,Honduras,945,'21111.01b,"Meat of cattle with the bone, fresh or chilled (biological)",5530,Producer Price (LCU/tonne),2024,2024,7008,August,LCU,61729.800000,A
95,'340,Honduras,945,'21111.01b,"Meat of cattle with the bone, fresh or chilled (biological)",5530,Producer Price (LCU/tonne),2024,2024,7009,September,LCU,61729.800000,A
95,'340,Honduras,945,'21111.01b,"Meat of cattle with the bone, fresh or chilled (biological)",5530,Producer Price (LCU/tonne),2024,2024,7010,October,LCU,61729.800000,A
95,'340,Honduras,945,'21111.01b,"Meat of cattle with the bone, fresh or chilled (biological)",5530,Producer Price (LCU/tonne),2024,2024,7011,November,LCU,61729.800000,A
95,'340,Honduras,945,'21111.01b,"Meat of cattle with the bone, fresh or chilled (biological)",5530,Producer Price (LCU/tonne),2024,2024,7012,December,LCU,61729.800000,A
95,'340,Honduras,945,'21111.01b,"Meat of cattle with the bone, fresh or chilled (biological)",5530,Producer Price (LCU/tonne),2025,2025,7001,January,LCU,61729.800000,A
95,'340,Honduras,945,'21111.01b,"Meat of cattle with the bone, fresh or chilled (biological)",5531,Producer Price (SLC/tonne),1998,1998,7021,Annual value,SLC,30828.000000,A
95,'340,Honduras,945,'21111.01b,"Meat of cattle with the bone, fresh or chilled (biological)",5531,Producer Price (SLC/tonne),1999,1999,7021,Annual value,SLC,30916.000000,A
95,'340,Honduras,945,'21111.01b,"Meat of cattle with the bone, fresh or chilled (biological)",5531,Producer Price (SLC/tonne),2000,2000,7021,Annual value,SLC,31167.000000,A
95,'340,Honduras,945,'21111.01b,"Meat of cattle with the bone, fresh or chilled (biological)",5531,Producer Price (SLC/tonne),2001,2001,7021,Annual value,SLC,31497.000000,A
95,'340,Honduras,945,'21111.01b,"Meat of cattle with the bone, fresh or chilled (biological)",5531,Producer Price (SLC/tonne),2002,2002,7021,Annual value,SLC,31718.000000,A
95,'340,Honduras,945,'21111.01b,"Meat of cattle with the bone, fresh or chilled (biological)",5531,Producer Price (SLC/tonne),2003,2003,7021,Annual value,SLC,33260.000000,A
95,'340,Honduras,945,'21111.01b,"Meat of cattle with the bone, fresh or chilled (biological)",5531,Producer Price (SLC/tonne),2004,2004,7021,Annual value,SLC,35022.000000,A
95,'340,Honduras,945,'21111.01b,"Meat of cattle with the bone, fresh or chilled (biological)",5531,Producer Price (SLC/tonne),2005,2005,7021,Annual value,SLC,35683.000000,A
95,'340,Honduras,945,'21111.01b,"Meat of cattle with the bone, fresh or chilled (biological)",5531,Producer Price (SLC/tonne),2006,2006,7021,Annual value,SLC,37445.000000,A
95,'340,Honduras,945,'21111.01b,"Meat of cattle with the bone, fresh or chilled (biological)",5531,Producer Price (SLC/tonne),2007,2007,7021,Annual value,SLC,39646.000000,A
95,'340,Honduras,945,'21111.01b,"Meat of cattle with the bone, fresh or chilled (biological)",5531,Producer Price (SLC/tonne),2008,2008,7021,Annual value,SLC,35057.000000,A
95,'340,Honduras,945,'21111.01b,"Meat of cattle with the bone, fresh or chilled (biological)",5531,Producer Price (SLC/tonne),2024,2024,7021,Annual value,SLC,60443.700000,A
95,'340,Honduras,945,'21111.01b,"Meat of cattle with the bone, fresh or chilled (biological)",5532,Producer Price (USD/tonne),1998,1998,7021,Annual value,USD,2303.200000,A
95,'340,Honduras,945,'21111.01b,"Meat of cattle with the bone, fresh or chilled (biological)",5532,Producer Price (USD/tonne),1999,1999,7021,Annual value,USD,2175.200000,A
95,'340,Honduras,945,'21111.01b,"Meat of cattle with the bone, fresh or chilled (biological)",5532,Producer Price (USD/tonne),2000,2000,7021,Annual value,USD,2100.300000,A
95,'340,Honduras,945,'21111.01b,"Meat of cattle with the bone, fresh or chilled (biological)",5532,Producer Price (USD/tonne),2001,2001,7021,Annual value,USD,2035.500000,A
95,'340,Honduras,945,'21111.01b,"Meat of cattle with the bone, fresh or chilled (biological)",5532,Producer Price (USD/tonne),2002,2002,7021,Annual value,USD,1930.100000,A
95,'340,Honduras,945,'21111.01b,"Meat of cattle with the bone, fresh or chilled (biological)",5532,Producer Price (USD/tonne),2003,2003,7021,Annual value,USD,1917.500000,A
95,'340,Honduras,945,'21111.01b,"Meat of cattle with the bone, fresh or chilled (biological)",5532,Producer Price (USD/tonne),2004,2004,7021,Annual value,USD,1923.600000,A
95,'340,Honduras,945,'21111.01b,"Meat of cattle with the bone, fresh or chilled (biological)",5532,Producer Price (USD/tonne),2005,2005,7021,Annual value,USD,1894.800000,A
95,'340,Honduras,945,'21111.01b,"Meat of cattle with the bone, fresh or chilled (biological)",5532,Producer Price (USD/tonne),2006,2006,7021,Annual value,USD,1981.700000,A
95,'340,Honduras,945,'21111.01b,"Meat of cattle with the bone, fresh or chilled (biological)",5532,Producer Price (USD/tonne),2007,2007,7021,Annual value,USD,2098.200000,A
95,'340,Honduras,945,'21111.01b,"Meat of cattle with the bone, fresh or chilled (biological)",5532,Producer Price (USD/tonne),2008,2008,7021,Annual value,USD,1854.500000,A
95,'340,Honduras,945,'21111.01b,"Meat of cattle with the bone, fresh or chilled (biological)",5532,Producer Price (USD/tonne),2024,2024,7021,Annual value,USD,2437.300000,A
95,'340,Honduras,945,'21111.01b,"Meat of cattle with the bone, fresh or chilled (biological)",5539,Producer Price Index (2014-2016 = 100),1991,1991,7021,Annual value,,31.230000,E
95,'340,Honduras,945,'21111.01b,"Meat of cattle with the bone, fresh or chilled (biological)",5539,Producer Price Index (2014-2016 = 100),1992,1992,7021,Annual value,,31.650000,E
95,'340,Honduras,945,'21111.01b,"Meat of cattle with the bone, fresh or chilled (biological)",5539,Producer Price Index (2014-2016 = 100),1993,1993,7021,Annual value,,38.110000,E
95,'340,Honduras,945,'21111.01b,"Meat of cattle with the bone, fresh or chilled (biological)",5539,Producer Price Index (2014-2016 = 100),1994,1994,7021,Annual value,,43.070000,E
95,'340,Honduras,945,'21111.01b,"Meat of cattle with the bone, fresh or chilled (biological)",5539,Producer Price Index (2014-2016 = 100),1995,1995,7021,Annual value,,47.640000,E
95,'340,Honduras,945,'21111.01b,"Meat of cattle with the bone, fresh or chilled (biological)",5539,Producer Price Index (2014-2016 = 100),1996,1996,7021,Annual value,,73.210000,E
95,'340,Honduras,945,'21111.01b,"Meat of cattle with the bone, fresh or chilled (biological)",5539,Producer Price Index (2014-2016 = 100),1997,1997,7021,Annual value,,94.860000,E
95,'340,Honduras,945,'21111.01b,"Meat of cattle with the bone, fresh or chilled (biological)",5539,Producer Price Index (2014-2016 = 100),1998,1998,7021,Annual value,,82.120000,E
95,'340,Honduras,945,'21111.01b,"Meat of cattle with the bone, fresh or chilled (biological)",5539,Producer Price Index (2014-2016 = 100),1999,1999,7021,Annual value,,82.360000,E
95,'340,Honduras,945,'21111.01b,"Meat of cattle with the bone, fresh or chilled (biological)",5539,Producer Price Index (2014-2016 = 100),2000,2000,7021,Annual value,,83.020000,E
95,'340,Honduras,945,'21111.01b,"Meat of cattle with the bone, fresh or chilled (biological)",5539,Producer Price Index (2014-2016 = 100),2001,2001,7021,Annual value,,83.900000,E
95,'340,Honduras,945,'21111.01b,"Meat of cattle with the bone, fresh or chilled (biological)",5539,Producer Price Index (2014-2016 = 100),2002,2002,7021,Annual value,,84.490000,E
95,'340,Honduras,945,'21111.01b,"Meat of cattle with the bone, fresh or chilled (biological)",5539,Producer Price Index (2014-2016 = 100),2003,2003,7021,Annual value,,88.600000,E
95,'340,Honduras,945,'21111.01b,"Meat of cattle with the bone, fresh or chilled (biological)",5539,Producer Price Index (2014-2016 = 100),2004,2004,7021,Annual value,,93.290000,E
95,'340,Honduras,945,'21111.01b,"Meat of cattle with the bone, fresh or chilled (biological)",5539,Producer Price Index (2014-2016 = 100),2005,2005,7021,Annual value,,95.050000,E
95,'340,Honduras,945,'21111.01b,"Meat of cattle with the bone, fresh or chilled (biological)",5539,Producer Price Index (2014-2016 = 100),2006,2006,7021,Annual value,,99.750000,E
95,'340,Honduras,945,'21111.01b,"Meat of cattle with the bone, fresh or chilled (biological)",5539,Producer Price Index (2014-2016 = 100),2007,2007,7021,Annual value,,105.610000,E
95,'340,Honduras,945,'21111.01b,"Meat of cattle with the bone, fresh or chilled (biological)",5539,Producer Price Index (2014-2016 = 100),2008,2008,7021,Annual value,,93.390000,E
95,'340,Honduras,945,'21111.01b,"Meat of cattle with the bone, fresh or chilled (biological)",5539,Producer Price Index (2014-2016 = 100),2009,2009,7021,Annual value,,86.320000,E
95,'340,Honduras,945,'21111.01b,"Meat of cattle with the bone, fresh or chilled (biological)",5539,Producer Price Index (2014-2016 = 100),2010,2010,7021,Annual value,,99.210000,E
95,'340,Honduras,945,'21111.01b,"Meat of cattle with the bone, fresh or chilled (biological)",5539,Producer Price Index (2014-2016 = 100),2011,2011,7021,Annual value,,97.550000,E
95,'340,Honduras,945,'21111.01b,"Meat of cattle with the bone, fresh or chilled (biological)",5539,Producer Price Index (2014-2016 = 100),2012,2012,7021,Annual value,,98.160000,E
95,'340,Honduras,945,'21111.01b,"Meat of cattle with the bone, fresh or chilled (biological)",5539,Producer Price Index (2014-2016 = 100),2013,2013,7021,Annual value,,98.780000,E
95,'340,Honduras,945,'21111.01b,"Meat of cattle with the bone, fresh or chilled (biological)",5539,Producer Price Index (2014-2016 = 100),2014,2014,7021,Annual value,,99.390000,E
95,'340,Honduras,945,'21111.01b,"Meat of cattle with the bone, fresh or chilled (biological)",5539,Producer Price Index (2014-2016 = 100),2015,2015,7021,Annual value,,100.000000,E
95,'340,Honduras,945,'21111.01b,"Meat of cattle with the bone, fresh or chilled (biological)",5539,Producer Price Index (2014-2016 = 100),2016,2016,7021,Annual value,,100.610000,E
95,'340,Honduras,945,'21111.01b,"Meat of cattle with the bone, fresh or chilled (biological)",5539,Producer Price Index (2014-2016 = 100),2017,2017,7021,Annual value,,101.220000,E
95,'340,Honduras,945,'21111.01b,"Meat of cattle with the bone, fresh or chilled (biological)",5539,Producer Price Index (2014-2016 = 100),2018,2018,7021,Annual value,,101.840000,E
95,'340,Honduras,945,'21111.01b,"Meat of cattle with the bone, fresh or chilled (biological)",5539,Producer Price Index (2014-2016 = 100),2019,2019,7021,Annual value,,102.450000,E
95,'340,Honduras,945,'21111.01b,"Meat of cattle with the bone, fresh or chilled (biological)",5539,Producer Price Index (2014-2016 = 100),2020,2020,7021,Annual value,,109.720000,E
95,'340,Honduras,945,'21111.01b,"Meat of cattle with the bone, fresh or chilled (biological)",5539,Producer Price Index (2014-2016 = 100),2021,2021,7021,Annual value,,118.920000,E
95,'340,Honduras,945,'21111.01b,"Meat of cattle with the bone, fresh or chilled (biological)",5539,Producer Price Index (2014-2016 = 100),2022,2022,7021,Annual value,,126.360000,E
95,'340,Honduras,945,'21111.01b,"Meat of cattle with the bone, fresh or chilled (biological)",5539,Producer Price Index (2014-2016 = 100),2023,2023,7021,Annual value,,134.200000,E
95,'340,Honduras,945,'21111.01b,"Meat of cattle with the bone, fresh or chilled (biological)",5539,Producer Price Index (2014-2016 = 100),2024,2024,7021,Annual value,,161.010000,E
95,'340,Honduras,945,'21111.01b,"Meat of cattle with the bone, fresh or chilled (biological)",5539,Producer Price Index (2014-2016 = 100),2025,2025,7021,Annual value,,155.720000,E
95,'340,Honduras,1058,'21121,"Meat of chickens, fresh or chilled",5530,Producer Price (LCU/tonne),2022,2022,7021,Annual value,LCU,46694.200000,A
95,'340,Honduras,1058,'21121,"Meat of chickens, fresh or chilled",5530,Producer Price (LCU/tonne),2023,2023,7021,Annual value,LCU,48568.100000,A
95,'340,Honduras,1058,'21121,"Meat of chickens, fresh or chilled",5530,Producer Price (LCU/tonne),2024,2024,7021,Annual value,LCU,44357.200000,A
95,'340,Honduras,1058,'21121,"Meat of chickens, fresh or chilled",5531,Producer Price (SLC/tonne),2022,2022,7021,Annual value,SLC,46694.200000,A
95,'340,Honduras,1058,'21121,"Meat of chickens, fresh or chilled",5531,Producer Price (SLC/tonne),2023,2023,7021,Annual value,SLC,48568.100000,A
95,'340,Honduras,1058,'21121,"Meat of chickens, fresh or chilled",5531,Producer Price (SLC/tonne),2024,2024,7021,Annual value,SLC,44357.200000,A
95,'340,Honduras,1058,'21121,"Meat of chickens, fresh or chilled",5532,Producer Price (USD/tonne),2022,2022,7021,Annual value,USD,1907.000000,A
95,'340,Honduras,1058,'21121,"Meat of chickens, fresh or chilled",5532,Producer Price (USD/tonne),2023,2023,7021,Annual value,USD,1974.200000,A
95,'340,Honduras,1058,'21121,"Meat of chickens, fresh or chilled",5532,Producer Price (USD/tonne),2024,2024,7021,Annual value,USD,1788.700000,A
95,'340,Honduras,1058,'21121,"Meat of chickens, fresh or chilled",5539,Producer Price Index (2014-2016 = 100),1991,1991,7021,Annual value,,19.120000,E
95,'340,Honduras,1058,'21121,"Meat of chickens, fresh or chilled",5539,Producer Price Index (2014-2016 = 100),1992,1992,7021,Annual value,,20.430000,E
95,'340,Honduras,1058,'21121,"Meat of chickens, fresh or chilled",5539,Producer Price Index (2014-2016 = 100),1993,1993,7021,Annual value,,21.220000,E
95,'340,Honduras,1058,'21121,"Meat of chickens, fresh or chilled",5539,Producer Price Index (2014-2016 = 100),1994,1994,7021,Annual value,,24.560000,E
95,'340,Honduras,1058,'21121,"Meat of chickens, fresh or chilled",5539,Producer Price Index (2014-2016 = 100),1995,1995,7021,Annual value,,30.720000,E
95,'340,Honduras,1058,'21121,"Meat of chickens, fresh or chilled",5539,Producer Price Index (2014-2016 = 100),1996,1996,7021,Annual value,,41.450000,E
95,'340,Honduras,1058,'21121,"Meat of chickens, fresh or chilled",5539,Producer Price Index (2014-2016 = 100),1997,1997,7021,Annual value,,47.020000,E
95,'340,Honduras,1058,'21121,"Meat of chickens, fresh or chilled",5539,Producer Price Index (2014-2016 = 100),1998,1998,7021,Annual value,,54.630000,E
95,'340,Honduras,1058,'21121,"Meat of chickens, fresh or chilled",5539,Producer Price Index (2014-2016 = 100),1999,1999,7021,Annual value,,54.660000,E
95,'340,Honduras,1058,'21121,"Meat of chickens, fresh or chilled",5539,Producer Price Index (2014-2016 = 100),2000,2000,7021,Annual value,,54.690000,E
95,'340,Honduras,1058,'21121,"Meat of chickens, fresh or chilled",5539,Producer Price Index (2014-2016 = 100),2001,2001,7021,Annual value,,54.720000,E
95,'340,Honduras,1058,'21121,"Meat of chickens, fresh or chilled",5539,Producer Price Index (2014-2016 = 100),2002,2002,7021,Annual value,,54.740000,E
95,'340,Honduras,1058,'21121,"Meat of chickens, fresh or chilled",5539,Producer Price Index (2014-2016 = 100),2003,2003,7021,Annual value,,54.960000,E
95,'340,Honduras,1058,'21121,"Meat of chickens, fresh or chilled",5539,Producer Price Index (2014-2016 = 100),2004,2004,7021,Annual value,,64.070000,E
95,'340,Honduras,1058,'21121,"Meat of chickens, fresh or chilled",5539,Producer Price Index (2014-2016 = 100),2005,2005,7021,Annual value,,66.660000,E
95,'340,Honduras,1058,'21121,"Meat of chickens, fresh or chilled",5539,Producer Price Index (2014-2016 = 100),2006,2006,7021,Annual value,,76.390000,E
95,'340,Honduras,1058,'21121,"Meat of chickens, fresh or chilled",5539,Producer Price Index (2014-2016 = 100),2007,2007,7021,Annual value,,81.480000,E
95,'340,Honduras,1058,'21121,"Meat of chickens, fresh or chilled",5539,Producer Price Index (2014-2016 = 100),2008,2008,7021,Annual value,,86.570000,E
95,'340,Honduras,1058,'21121,"Meat of chickens, fresh or chilled",5539,Producer Price Index (2014-2016 = 100),2009,2009,7021,Annual value,,91.350000,E
95,'340,Honduras,1058,'21121,"Meat of chickens, fresh or chilled",5539,Producer Price Index (2014-2016 = 100),2010,2010,7021,Annual value,,90.350000,E
95,'340,Honduras,1058,'21121,"Meat of chickens, fresh or chilled",5539,Producer Price Index (2014-2016 = 100),2011,2011,7021,Annual value,,90.700000,E
95,'340,Honduras,1058,'21121,"Meat of chickens, fresh or chilled",5539,Producer Price Index (2014-2016 = 100),2012,2012,7021,Annual value,,93.020000,E
95,'340,Honduras,1058,'21121,"Meat of chickens, fresh or chilled",5539,Producer Price Index (2014-2016 = 100),2013,2013,7021,Annual value,,95.350000,E
95,'340,Honduras,1058,'21121,"Meat of chickens, fresh or chilled",5539,Producer Price Index (2014-2016 = 100),2014,2014,7021,Annual value,,97.670000,E
95,'340,Honduras,1058,'21121,"Meat of chickens, fresh or chilled",5539,Producer Price Index (2014-2016 = 100),2015,2015,7021,Annual value,,100.000000,E
95,'340,Honduras,1058,'21121,"Meat of chickens, fresh or chilled",5539,Producer Price Index (2014-2016 = 100),2016,2016,7021,Annual value,,102.330000,E
95,'340,Honduras,1058,'21121,"Meat of chickens, fresh or chilled",5539,Producer Price Index (2014-2016 = 100),2017,2017,7021,Annual value,,104.650000,E
95,'340,Honduras,1058,'21121,"Meat of chickens, fresh or chilled",5539,Producer Price Index (2014-2016 = 100),2018,2018,7021,Annual value,,106.980000,E
95,'340,Honduras,1058,'21121,"Meat of chickens, fresh or chilled",5539,Producer Price Index (2014-2016 = 100),2019,2019,7021,Annual value,,109.300000,E
95,'340,Honduras,1058,'21121,"Meat of chickens, fresh or chilled",5539,Producer Price Index (2014-2016 = 100),2020,2020,7021,Annual value,,114.080000,E
95,'340,Honduras,1058,'21121,"Meat of chickens, fresh or chilled",5539,Producer Price Index (2014-2016 = 100),2021,2021,7021,Annual value,,118.770000,E
95,'340,Honduras,1058,'21121,"Meat of chickens, fresh or chilled",5539,Producer Price Index (2014-2016 = 100),2022,2022,7021,Annual value,,126.500000,E
95,'340,Honduras,1058,'21121,"Meat of chickens, fresh or chilled",5539,Producer Price Index (2014-2016 = 100),2023,2023,7021,Annual value,,131.580000,E
95,'340,Honduras,1058,'21121,"Meat of chickens, fresh or chilled",5539,Producer Price Index (2014-2016 = 100),2024,2024,7021,Annual value,,120.170000,E
95,'340,Honduras,1058,'21121,"Meat of chickens, fresh or chilled",5539,Producer Price Index (2014-2016 = 100),2025,2025,7021,Annual value,,137.520000,E
95,'340,Honduras,1095,'21121b,"Meat of chickens, fresh or chilled (biological)",5530,Producer Price (LCU/tonne),1991,1991,7021,Annual value,LCU,5364.000000,A
95,'340,Honduras,1095,'21121b,"Meat of chickens, fresh or chilled (biological)",5530,Producer Price (LCU/tonne),1992,1992,7021,Annual value,LCU,5732.000000,A
95,'340,Honduras,1095,'21121b,"Meat of chickens, fresh or chilled (biological)",5530,Producer Price (LCU/tonne),1993,1993,7021,Annual value,LCU,5953.000000,A
95,'340,Honduras,1095,'21121b,"Meat of chickens, fresh or chilled (biological)",5530,Producer Price (LCU/tonne),1994,1994,7021,Annual value,LCU,6889.000000,A
95,'340,Honduras,1095,'21121b,"Meat of chickens, fresh or chilled (biological)",5530,Producer Price (LCU/tonne),1995,1995,7021,Annual value,LCU,8617.000000,A
95,'340,Honduras,1095,'21121b,"Meat of chickens, fresh or chilled (biological)",5530,Producer Price (LCU/tonne),1996,1996,7021,Annual value,LCU,11629.000000,A
95,'340,Honduras,1095,'21121b,"Meat of chickens, fresh or chilled (biological)",5530,Producer Price (LCU/tonne),1997,1997,7021,Annual value,LCU,13190.000000,A
95,'340,Honduras,1095,'21121b,"Meat of chickens, fresh or chilled (biological)",5530,Producer Price (LCU/tonne),1998,1998,7021,Annual value,LCU,15325.000000,A
95,'340,Honduras,1095,'21121b,"Meat of chickens, fresh or chilled (biological)",5530,Producer Price (LCU/tonne),1999,1999,7021,Annual value,LCU,15335.000000,A
95,'340,Honduras,1095,'21121b,"Meat of chickens, fresh or chilled (biological)",5530,Producer Price (LCU/tonne),2000,2000,7021,Annual value,LCU,15343.000000,A
95,'340,Honduras,1095,'21121b,"Meat of chickens, fresh or chilled (biological)",5530,Producer Price (LCU/tonne),2001,2001,7021,Annual value,LCU,15350.000000,A
95,'340,Honduras,1095,'21121b,"Meat of chickens, fresh or chilled (biological)",5530,Producer Price (LCU/tonne),2002,2002,7021,Annual value,LCU,15357.000000,A
95,'340,Honduras,1095,'21121b,"Meat of chickens, fresh or chilled (biological)",5530,Producer Price (LCU/tonne),2003,2003,7021,Annual value,LCU,15417.000000,A
95,'340,Honduras,1095,'21121b,"Meat of chickens, fresh or chilled (biological)",5530,Producer Price (LCU/tonne),2004,2004,7021,Annual value,LCU,17974.000000,A
95,'340,Honduras,1095,'21121b,"Meat of chickens, fresh or chilled (biological)",5530,Producer Price (LCU/tonne),2005,2005,7021,Annual value,LCU,18700.000000,A
95,'340,Honduras,1095,'21121b,"Meat of chickens, fresh or chilled (biological)",5530,Producer Price (LCU/tonne),2006,2006,7021,Annual value,LCU,21429.000000,A
95,'340,Honduras,1095,'21121b,"Meat of chickens, fresh or chilled (biological)",5530,Producer Price (LCU/tonne),2007,2007,7021,Annual value,LCU,22857.000000,A
95,'340,Honduras,1095,'21121b,"Meat of chickens, fresh or chilled (biological)",5530,Producer Price (LCU/tonne),2008,2008,7021,Annual value,LCU,24286.000000,A
95,'340,Honduras,1095,'21121b,"Meat of chickens, fresh or chilled (biological)",5531,Producer Price (SLC/tonne),1991,1991,7021,Annual value,SLC,5364.000000,A
95,'340,Honduras,1095,'21121b,"Meat of chickens, fresh or chilled (biological)",5531,Producer Price (SLC/tonne),1992,1992,7021,Annual value,SLC,5732.000000,A
95,'340,Honduras,1095,'21121b,"Meat of chickens, fresh or chilled (biological)",5531,Producer Price (SLC/tonne),1993,1993,7021,Annual value,SLC,5953.000000,A
95,'340,Honduras,1095,'21121b,"Meat of chickens, fresh or chilled (biological)",5531,Producer Price (SLC/tonne),1994,1994,7021,Annual value,SLC,6889.000000,A
95,'340,Honduras,1095,'21121b,"Meat of chickens, fresh or chilled (biological)",5531,Producer Price (SLC/tonne),1995,1995,7021,Annual value,SLC,8617.000000,A
95,'340,Honduras,1095,'21121b,"Meat of chickens, fresh or chilled (biological)",5531,Producer Price (SLC/tonne),1996,1996,7021,Annual value,SLC,11629.000000,A
95,'340,Honduras,1095,'21121b,"Meat of chickens, fresh or chilled (biological)",5531,Producer Price (SLC/tonne),1997,1997,7021,Annual value,SLC,13190.000000,A
95,'340,Honduras,1095,'21121b,"Meat of chickens, fresh or chilled (biological)",5531,Producer Price (SLC/tonne),1998,1998,7021,Annual value,SLC,15325.000000,A
95,'340,Honduras,1095,'21121b,"Meat of chickens, fresh or chilled (biological)",5531,Producer Price (SLC/tonne),1999,1999,7021,Annual value,SLC,15335.000000,A
95,'340,Honduras,1095,'21121b,"Meat of chickens, fresh or chilled (biological)",5531,Producer Price (SLC/tonne),2000,2000,7021,Annual value,SLC,15343.000000,A
95,'340,Honduras,1095,'21121b,"Meat of chickens, fresh or chilled (biological)",5531,Producer Price (SLC/tonne),2001,2001,7021,Annual value,SLC,15350.000000,A
95,'340,Honduras,1095,'21121b,"Meat of chickens, fresh or chilled (biological)",5531,Producer Price (SLC/tonne),2002,2002,7021,Annual value,SLC,15357.000000,A
95,'340,Honduras,1095,'21121b,"Meat of chickens, fresh or chilled (biological)",5531,Producer Price (SLC/tonne),2003,2003,7021,Annual value,SLC,15417.000000,A
95,'340,Honduras,1095,'21121b,"Meat of chickens, fresh or chilled (biological)",5531,Producer Price (SLC/tonne),2004,2004,7021,Annual value,SLC,17974.000000,A
95,'340,Honduras,1095,'21121b,"Meat of chickens, fresh or chilled (biological)",5531,Producer Price (SLC/tonne),2005,2005,7021,Annual value,SLC,18700.000000,A
95,'340,Honduras,1095,'21121b,"Meat of chickens, fresh or chilled (biological)",5531,Producer Price (SLC/tonne),2006,2006,7021,Annual value,SLC,21429.000000,A
95,'340,Honduras,1095,'21121b,"Meat of chickens, fresh or chilled (biological)",5531,Producer Price (SLC/tonne),2007,2007,7021,Annual value,SLC,22857.000000,A
95,'340,Honduras,1095,'21121b,"Meat of chickens, fresh or chilled (biological)",5531,Producer Price (SLC/tonne),2008,2008,7021,Annual value,SLC,24286.000000,A
95,'340,Honduras,1095,'21121b,"Meat of chickens, fresh or chilled (biological)",5532,Producer Price (USD/tonne),1991,1991,7021,Annual value,USD,1008.900000,A
95,'340,Honduras,1095,'21121b,"Meat of chickens, fresh or chilled (biological)",5532,Producer Price (USD/tonne),1992,1992,7021,Annual value,USD,1042.600000,A
95,'340,Honduras,1095,'21121b,"Meat of chickens, fresh or chilled (biological)",5532,Producer Price (USD/tonne),1993,1993,7021,Annual value,USD,919.900000,A
95,'340,Honduras,1095,'21121b,"Meat of chickens, fresh or chilled (biological)",5532,Producer Price (USD/tonne),1994,1994,7021,Annual value,USD,819.300000,A
95,'340,Honduras,1095,'21121b,"Meat of chickens, fresh or chilled (biological)",5532,Producer Price (USD/tonne),1995,1995,7021,Annual value,USD,909.800000,A
95,'340,Honduras,1095,'21121b,"Meat of chickens, fresh or chilled (biological)",5532,Producer Price (USD/tonne),1996,1996,7021,Annual value,USD,993.500000,A
95,'340,Honduras,1095,'21121b,"Meat of chickens, fresh or chilled (biological)",5532,Producer Price (USD/tonne),1997,1997,7021,Annual value,USD,1014.300000,A
95,'340,Honduras,1095,'21121b,"Meat of chickens, fresh or chilled (biological)",5532,Producer Price (USD/tonne),1998,1998,7021,Annual value,USD,1144.900000,A
95,'340,Honduras,1095,'21121b,"Meat of chickens, fresh or chilled (biological)",5532,Producer Price (USD/tonne),1999,1999,7021,Annual value,USD,1078.900000,A
95,'340,Honduras,1095,'21121b,"Meat of chickens, fresh or chilled (biological)",5532,Producer Price (USD/tonne),2000,2000,7021,Annual value,USD,1034.000000,A
95,'340,Honduras,1095,'21121b,"Meat of chickens, fresh or chilled (biological)",5532,Producer Price (USD/tonne),2001,2001,7021,Annual value,USD,992.000000,A
95,'340,Honduras,1095,'21121b,"Meat of chickens, fresh or chilled (biological)",5532,Producer Price (USD/tonne),2002,2002,7021,Annual value,USD,934.500000,A
95,'340,Honduras,1095,'21121b,"Meat of chickens, fresh or chilled (biological)",5532,Producer Price (USD/tonne),2003,2003,7021,Annual value,USD,888.800000,A
95,'340,Honduras,1095,'21121b,"Meat of chickens, fresh or chilled (biological)",5532,Producer Price (USD/tonne),2004,2004,7021,Annual value,USD,987.200000,A
95,'340,Honduras,1095,'21121b,"Meat of chickens, fresh or chilled (biological)",5532,Producer Price (USD/tonne),2005,2005,7021,Annual value,USD,993.000000,A
95,'340,Honduras,1095,'21121b,"Meat of chickens, fresh or chilled (biological)",5532,Producer Price (USD/tonne),2006,2006,7021,Annual value,USD,1134.100000,A
95,'340,Honduras,1095,'21121b,"Meat of chickens, fresh or chilled (biological)",5532,Producer Price (USD/tonne),2007,2007,7021,Annual value,USD,1209.700000,A
95,'340,Honduras,1095,'21121b,"Meat of chickens, fresh or chilled (biological)",5532,Producer Price (USD/tonne),2008,2008,7021,Annual value,USD,1284.700000,A
95,'340,Honduras,1095,'21121b,"Meat of chickens, fresh or chilled (biological)",5539,Producer Price Index (2014-2016 = 100),1991,1991,7021,Annual value,,19.160000,E
95,'340,Honduras,1095,'21121b,"Meat of chickens, fresh or chilled (biological)",5539,Producer Price Index (2014-2016 = 100),1992,1992,7021,Annual value,,20.470000,E
95,'340,Honduras,1095,'21121b,"Meat of chickens, fresh or chilled (biological)",5539,Producer Price Index (2014-2016 = 100),1993,1993,7021,Annual value,,21.260000,E
95,'340,Honduras,1095,'21121b,"Meat of chickens, fresh or chilled (biological)",5539,Producer Price Index (2014-2016 = 100),1994,1994,7021,Annual value,,24.600000,E
95,'340,Honduras,1095,'21121b,"Meat of chickens, fresh or chilled (biological)",5539,Producer Price Index (2014-2016 = 100),1995,1995,7021,Annual value,,30.780000,E
95,'340,Honduras,1095,'21121b,"Meat of chickens, fresh or chilled (biological)",5539,Producer Price Index (2014-2016 = 100),1996,1996,7021,Annual value,,41.530000,E
95,'340,Honduras,1095,'21121b,"Meat of chickens, fresh or chilled (biological)",5539,Producer Price Index (2014-2016 = 100),1997,1997,7021,Annual value,,47.110000,E
95,'340,Honduras,1095,'21121b,"Meat of chickens, fresh or chilled (biological)",5539,Producer Price Index (2014-2016 = 100),1998,1998,7021,Annual value,,54.730000,E
95,'340,Honduras,1095,'21121b,"Meat of chickens, fresh or chilled (biological)",5539,Producer Price Index (2014-2016 = 100),1999,1999,7021,Annual value,,54.770000,E
95,'340,Honduras,1095,'21121b,"Meat of chickens, fresh or chilled (biological)",5539,Producer Price Index (2014-2016 = 100),2000,2000,7021,Annual value,,54.800000,E
95,'340,Honduras,1095,'21121b,"Meat of chickens, fresh or chilled (biological)",5539,Producer Price Index (2014-2016 = 100),2001,2001,7021,Annual value,,54.820000,E
95,'340,Honduras,1095,'21121b,"Meat of chickens, fresh or chilled (biological)",5539,Producer Price Index (2014-2016 = 100),2002,2002,7021,Annual value,,54.850000,E
95,'340,Honduras,1095,'21121b,"Meat of chickens, fresh or chilled (biological)",5539,Producer Price Index (2014-2016 = 100),2003,2003,7021,Annual value,,55.060000,E
95,'340,Honduras,1095,'21121b,"Meat of chickens, fresh or chilled (biological)",5539,Producer Price Index (2014-2016 = 100),2004,2004,7021,Annual value,,64.200000,E
95,'340,Honduras,1095,'21121b,"Meat of chickens, fresh or chilled (biological)",5539,Producer Price Index (2014-2016 = 100),2005,2005,7021,Annual value,,66.790000,E
95,'340,Honduras,1095,'21121b,"Meat of chickens, fresh or chilled (biological)",5539,Producer Price Index (2014-2016 = 100),2006,2006,7021,Annual value,,76.540000,E
95,'340,Honduras,1095,'21121b,"Meat of chickens, fresh or chilled (biological)",5539,Producer Price Index (2014-2016 = 100),2007,2007,7021,Annual value,,81.640000,E
95,'340,Honduras,1095,'21121b,"Meat of chickens, fresh or chilled (biological)",5539,Producer Price Index (2014-2016 = 100),2008,2008,7021,Annual value,,86.740000,E
95,'340,Honduras,1095,'21121b,"Meat of chickens, fresh or chilled (biological)",5539,Producer Price Index (2014-2016 = 100),2009,2009,7021,Annual value,,91.540000,E
95,'340,Honduras,1095,'21121b,"Meat of chickens, fresh or chilled (biological)",5539,Producer Price Index (2014-2016 = 100),2010,2010,7021,Annual value,,90.800000,E
95,'340,Honduras,1095,'21121b,"Meat of chickens, fresh or chilled (biological)",5539,Producer Price Index (2014-2016 = 100),2011,2011,7021,Annual value,,90.780000,E
95,'340,Honduras,1095,'21121b,"Meat of chickens, fresh or chilled (biological)",5539,Producer Price Index (2014-2016 = 100),2012,2012,7021,Annual value,,93.080000,E
95,'340,Honduras,1095,'21121b,"Meat of chickens, fresh or chilled (biological)",5539,Producer Price Index (2014-2016 = 100),2013,2013,7021,Annual value,,95.390000,E
95,'340,Honduras,1095,'21121b,"Meat of chickens, fresh or chilled (biological)",5539,Producer Price Index (2014-2016 = 100),2014,2014,7021,Annual value,,97.690000,E
95,'340,Honduras,1095,'21121b,"Meat of chickens, fresh or chilled (biological)",5539,Producer Price Index (2014-2016 = 100),2015,2015,7021,Annual value,,100.000000,E
95,'340,Honduras,1095,'21121b,"Meat of chickens, fresh or chilled (biological)",5539,Producer Price Index (2014-2016 = 100),2016,2016,7021,Annual value,,102.310000,E
95,'340,Honduras,1095,'21121b,"Meat of chickens, fresh or chilled (biological)",5539,Producer Price Index (2014-2016 = 100),2017,2017,7021,Annual value,,104.610000,E
95,'340,Honduras,1095,'21121b,"Meat of chickens, fresh or chilled (biological)",5539,Producer Price Index (2014-2016 = 100),2018,2018,7021,Annual value,,106.920000,E
95,'340,Honduras,1095,'21121b,"Meat of chickens, fresh or chilled (biological)",5539,Producer Price Index (2014-2016 = 100),2019,2019,7021,Annual value,,109.220000,E
95,'340,Honduras,1095,'21121b,"Meat of chickens, fresh or chilled (biological)",5539,Producer Price Index (2014-2016 = 100),2020,2020,7021,Annual value,,111.420000,E
95,'340,Honduras,1095,'21121b,"Meat of chickens, fresh or chilled (biological)",5539,Producer Price Index (2014-2016 = 100),2021,2021,7021,Annual value,,116.440000,E
95,'340,Honduras,1095,'21121b,"Meat of chickens, fresh or chilled (biological)",5539,Producer Price Index (2014-2016 = 100),2022,2022,7021,Annual value,,117.690000,E
95,'340,Honduras,1095,'21121b,"Meat of chickens, fresh or chilled (biological)",5539,Producer Price Index (2014-2016 = 100),2023,2023,7021,Annual value,,120.160000,E
95,'340,Honduras,1095,'21121b,"Meat of chickens, fresh or chilled (biological)",5539,Producer Price Index (2014-2016 = 100),2024,2024,7021,Annual value,,122.640000,E
95,'340,Honduras,1095,'21121b,"Meat of chickens, fresh or chilled (biological)",5539,Producer Price Index (2014-2016 = 100),2025,2025,7021,Annual value,,125.110000,E
95,'340,Honduras,1017,'21116,"Meat of goat, fresh or chilled",5539,Producer Price Index (2014-2016 = 100),1991,1991,7021,Annual value,,26.150000,E
95,'340,Honduras,1017,'21116,"Meat of goat, fresh or chilled",5539,Producer Price Index (2014-2016 = 100),1992,1992,7021,Annual value,,26.500000,E
95,'340,Honduras,1017,'21116,"Meat of goat, fresh or chilled",5539,Producer Price Index (2014-2016 = 100),1993,1993,7021,Annual value,,29.150000,E
95,'340,Honduras,1017,'21116,"Meat of goat, fresh or chilled",5539,Producer Price Index (2014-2016 = 100),1994,1994,7021,Annual value,,32.950000,E
95,'340,Honduras,1017,'21116,"Meat of goat, fresh or chilled",5539,Producer Price Index (2014-2016 = 100),1995,1995,7021,Annual value,,36.430000,E
95,'340,Honduras,1017,'21116,"Meat of goat, fresh or chilled",5539,Producer Price Index (2014-2016 = 100),1996,1996,7021,Annual value,,39.190000,E
95,'340,Honduras,1017,'21116,"Meat of goat, fresh or chilled",5539,Producer Price Index (2014-2016 = 100),1997,1997,7021,Annual value,,42.720000,E
95,'340,Honduras,1017,'21116,"Meat of goat, fresh or chilled",5539,Producer Price Index (2014-2016 = 100),1998,1998,7021,Annual value,,46.360000,E
95,'340,Honduras,1017,'21116,"Meat of goat, fresh or chilled",5539,Producer Price Index (2014-2016 = 100),1999,1999,7021,Annual value,,46.480000,E
95,'340,Honduras,1017,'21116,"Meat of goat, fresh or chilled",5539,Producer Price Index (2014-2016 = 100),2000,2000,7021,Annual value,,46.760000,E
95,'340,Honduras,1017,'21116,"Meat of goat, fresh or chilled",5539,Producer Price Index (2014-2016 = 100),2001,2001,7021,Annual value,,46.800000,E
95,'340,Honduras,1017,'21116,"Meat of goat, fresh or chilled",5539,Producer Price Index (2014-2016 = 100),2002,2002,7021,Annual value,,46.830000,E
95,'340,Honduras,1017,'21116,"Meat of goat, fresh or chilled",5539,Producer Price Index (2014-2016 = 100),2003,2003,7021,Annual value,,47.380000,E
95,'340,Honduras,1017,'21116,"Meat of goat, fresh or chilled",5539,Producer Price Index (2014-2016 = 100),2004,2004,7021,Annual value,,62.180000,E
95,'340,Honduras,1017,'21116,"Meat of goat, fresh or chilled",5539,Producer Price Index (2014-2016 = 100),2005,2005,7021,Annual value,,68.710000,E
95,'340,Honduras,1017,'21116,"Meat of goat, fresh or chilled",5539,Producer Price Index (2014-2016 = 100),2006,2006,7021,Annual value,,73.520000,E
95,'340,Honduras,1017,'21116,"Meat of goat, fresh or chilled",5539,Producer Price Index (2014-2016 = 100),2007,2007,7021,Annual value,,81.480000,E
95,'340,Honduras,1017,'21116,"Meat of goat, fresh or chilled",5539,Producer Price Index (2014-2016 = 100),2008,2008,7021,Annual value,,86.850000,E
95,'340,Honduras,1017,'21116,"Meat of goat, fresh or chilled",5539,Producer Price Index (2014-2016 = 100),2009,2009,7021,Annual value,,91.850000,E
95,'340,Honduras,1017,'21116,"Meat of goat, fresh or chilled",5539,Producer Price Index (2014-2016 = 100),2010,2010,7021,Annual value,,89.750000,E
95,'340,Honduras,1017,'21116,"Meat of goat, fresh or chilled",5539,Producer Price Index (2014-2016 = 100),2011,2011,7021,Annual value,,90.760000,E
95,'340,Honduras,1017,'21116,"Meat of goat, fresh or chilled",5539,Producer Price Index (2014-2016 = 100),2012,2012,7021,Annual value,,93.070000,E
95,'340,Honduras,1017,'21116,"Meat of goat, fresh or chilled",5539,Producer Price Index (2014-2016 = 100),2013,2013,7021,Annual value,,95.380000,E
95,'340,Honduras,1017,'21116,"Meat of goat, fresh or chilled",5539,Producer Price Index (2014-2016 = 100),2014,2014,7021,Annual value,,97.690000,E
95,'340,Honduras,1017,'21116,"Meat of goat, fresh or chilled",5539,Producer Price Index (2014-2016 = 100),2015,2015,7021,Annual value,,100.000000,E
95,'340,Honduras,1017,'21116,"Meat of goat, fresh or chilled",5539,Producer Price Index (2014-2016 = 100),2016,2016,7021,Annual value,,102.310000,E
95,'340,Honduras,1017,'21116,"Meat of goat, fresh or chilled",5539,Producer Price Index (2014-2016 = 100),2017,2017,7021,Annual value,,104.620000,E
95,'340,Honduras,1017,'21116,"Meat of goat, fresh or chilled",5539,Producer Price Index (2014-2016 = 100),2018,2018,7021,Annual value,,106.930000,E
95,'340,Honduras,1017,'21116,"Meat of goat, fresh or chilled",5539,Producer Price Index (2014-2016 = 100),2019,2019,7021,Annual value,,109.240000,E
95,'340,Honduras,1017,'21116,"Meat of goat, fresh or chilled",5539,Producer Price Index (2014-2016 = 100),2020,2020,7021,Annual value,,111.440000,E
95,'340,Honduras,1017,'21116,"Meat of goat, fresh or chilled",5539,Producer Price Index (2014-2016 = 100),2021,2021,7021,Annual value,,116.550000,E
95,'340,Honduras,1017,'21116,"Meat of goat, fresh or chilled",5539,Producer Price Index (2014-2016 = 100),2022,2022,7021,Annual value,,117.870000,E
95,'340,Honduras,1017,'21116,"Meat of goat, fresh or chilled",5539,Producer Price Index (2014-2016 = 100),2023,2023,7021,Annual value,,120.380000,E
95,'340,Honduras,1017,'21116,"Meat of goat, fresh or chilled",5539,Producer Price Index (2014-2016 = 100),2024,2024,7021,Annual value,,122.880000,E
95,'340,Honduras,1017,'21116,"Meat of goat, fresh or chilled",5539,Producer Price Index (2014-2016 = 100),2025,2025,7021,Annual value,,125.390000,E
95,'340,Honduras,1033,'21116b,"Meat of goat, fresh or chilled (biological)",5539,Producer Price Index (2014-2016 = 100),1991,1991,7021,Annual value,,26.210000,E
95,'340,Honduras,1033,'21116b,"Meat of goat, fresh or chilled (biological)",5539,Producer Price Index (2014-2016 = 100),1992,1992,7021,Annual value,,26.560000,E
95,'340,Honduras,1033,'21116b,"Meat of goat, fresh or chilled (biological)",5539,Producer Price Index (2014-2016 = 100),1993,1993,7021,Annual value,,29.220000,E
95,'340,Honduras,1033,'21116b,"Meat of goat, fresh or chilled (biological)",5539,Producer Price Index (2014-2016 = 100),1994,1994,7021,Annual value,,33.030000,E
95,'340,Honduras,1033,'21116b,"Meat of goat, fresh or chilled (biological)",5539,Producer Price Index (2014-2016 = 100),1995,1995,7021,Annual value,,36.520000,E
95,'340,Honduras,1033,'21116b,"Meat of goat, fresh or chilled (biological)",5539,Producer Price Index (2014-2016 = 100),1996,1996,7021,Annual value,,39.280000,E
95,'340,Honduras,1033,'21116b,"Meat of goat, fresh or chilled (biological)",5539,Producer Price Index (2014-2016 = 100),1997,1997,7021,Annual value,,42.820000,E
95,'340,Honduras,1033,'21116b,"Meat of goat, fresh or chilled (biological)",5539,Producer Price Index (2014-2016 = 100),1998,1998,7021,Annual value,,46.470000,E
95,'340,Honduras,1033,'21116b,"Meat of goat, fresh or chilled (biological)",5539,Producer Price Index (2014-2016 = 100),1999,1999,7021,Annual value,,46.590000,E
95,'340,Honduras,1033,'21116b,"Meat of goat, fresh or chilled (biological)",5539,Producer Price Index (2014-2016 = 100),2000,2000,7021,Annual value,,46.870000,E
95,'340,Honduras,1033,'21116b,"Meat of goat, fresh or chilled (biological)",5539,Producer Price Index (2014-2016 = 100),2001,2001,7021,Annual value,,46.910000,E
95,'340,Honduras,1033,'21116b,"Meat of goat, fresh or chilled (biological)",5539,Producer Price Index (2014-2016 = 100),2002,2002,7021,Annual value,,46.940000,E
95,'340,Honduras,1033,'21116b,"Meat of goat, fresh or chilled (biological)",5539,Producer Price Index (2014-2016 = 100),2003,2003,7021,Annual value,,47.490000,E
95,'340,Honduras,1033,'21116b,"Meat of goat, fresh or chilled (biological)",5539,Producer Price Index (2014-2016 = 100),2004,2004,7021,Annual value,,62.330000,E
95,'340,Honduras,1033,'21116b,"Meat of goat, fresh or chilled (biological)",5539,Producer Price Index (2014-2016 = 100),2005,2005,7021,Annual value,,68.870000,E
95,'340,Honduras,1033,'21116b,"Meat of goat, fresh or chilled (biological)",5539,Producer Price Index (2014-2016 = 100),2006,2006,7021,Annual value,,73.690000,E
95,'340,Honduras,1033,'21116b,"Meat of goat, fresh or chilled (biological)",5539,Producer Price Index (2014-2016 = 100),2007,2007,7021,Annual value,,81.670000,E
95,'340,Honduras,1033,'21116b,"Meat of goat, fresh or chilled (biological)",5539,Producer Price Index (2014-2016 = 100),2008,2008,7021,Annual value,,87.050000,E
95,'340,Honduras,1033,'21116b,"Meat of goat, fresh or chilled (biological)",5539,Producer Price Index (2014-2016 = 100),2009,2009,7021,Annual value,,92.040000,E
95,'340,Honduras,1033,'21116b,"Meat of goat, fresh or chilled (biological)",5539,Producer Price Index (2014-2016 = 100),2010,2010,7021,Annual value,,89.970000,E
95,'340,Honduras,1033,'21116b,"Meat of goat, fresh or chilled (biological)",5539,Producer Price Index (2014-2016 = 100),2011,2011,7021,Annual value,,90.840000,E
95,'340,Honduras,1033,'21116b,"Meat of goat, fresh or chilled (biological)",5539,Producer Price Index (2014-2016 = 100),2012,2012,7021,Annual value,,93.130000,E
95,'340,Honduras,1033,'21116b,"Meat of goat, fresh or chilled (biological)",5539,Producer Price Index (2014-2016 = 100),2013,2013,7021,Annual value,,95.420000,E
95,'340,Honduras,1033,'21116b,"Meat of goat, fresh or chilled (biological)",5539,Producer Price Index (2014-2016 = 100),2014,2014,7021,Annual value,,97.710000,E
95,'340,Honduras,1033,'21116b,"Meat of goat, fresh or chilled (biological)",5539,Producer Price Index (2014-2016 = 100),2015,2015,7021,Annual value,,100.000000,E
95,'340,Honduras,1033,'21116b,"Meat of goat, fresh or chilled (biological)",5539,Producer Price Index (2014-2016 = 100),2016,2016,7021,Annual value,,102.290000,E
95,'340,Honduras,1033,'21116b,"Meat of goat, fresh or chilled (biological)",5539,Producer Price Index (2014-2016 = 100),2017,2017,7021,Annual value,,104.580000,E
95,'340,Honduras,1033,'21116b,"Meat of goat, fresh or chilled (biological)",5539,Producer Price Index (2014-2016 = 100),2018,2018,7021,Annual value,,106.870000,E
95,'340,Honduras,1033,'21116b,"Meat of goat, fresh or chilled (biological)",5539,Producer Price Index (2014-2016 = 100),2019,2019,7021,Annual value,,109.160000,E
95,'340,Honduras,1033,'21116b,"Meat of goat, fresh or chilled (biological)",5539,Producer Price Index (2014-2016 = 100),2020,2020,7021,Annual value,,111.320000,E
95,'340,Honduras,1033,'21116b,"Meat of goat, fresh or chilled (biological)",5539,Producer Price Index (2014-2016 = 100),2021,2021,7021,Annual value,,116.400000,E
95,'340,Honduras,1033,'21116b,"Meat of goat, fresh or chilled (biological)",5539,Producer Price Index (2014-2016 = 100),2022,2022,7021,Annual value,,117.690000,E
95,'340,Honduras,1033,'21116b,"Meat of goat, fresh or chilled (biological)",5539,Producer Price Index (2014-2016 = 100),2023,2023,7021,Annual value,,120.170000,E
95,'340,Honduras,1033,'21116b,"Meat of goat, fresh or chilled (biological)",5539,Producer Price Index (2014-2016 = 100),2024,2024,7021,Annual value,,122.650000,E
95,'340,Honduras,1033,'21116b,"Meat of goat, fresh or chilled (biological)",5539,Producer Price Index (2014-2016 = 100),2025,2025,7021,Annual value,,125.130000,E
95,'340,Honduras,1035,'21113.01,"Meat of pig with the bone, fresh or chilled",5530,Producer Price (LCU/tonne),1991,1991,7021,Annual value,LCU,6217.000000,A
95,'340,Honduras,1035,'21113.01,"Meat of pig with the bone, fresh or chilled",5530,Producer Price (LCU/tonne),1992,1992,7021,Annual value,LCU,6570.000000,A
95,'340,Honduras,1035,'21113.01,"Meat of pig with the bone, fresh or chilled",5530,Producer Price (LCU/tonne),2022,2022,7021,Annual value,LCU,97648.500000,A
95,'340,Honduras,1035,'21113.01,"Meat of pig with the bone, fresh or chilled",5530,Producer Price (LCU/tonne),2023,2023,7021,Annual value,LCU,98242.400000,A
95,'340,Honduras,1035,'21113.01,"Meat of pig with the bone, fresh or chilled",5530,Producer Price (LCU/tonne),2024,2024,7021,Annual value,LCU,110133.900000,A
95,'340,Honduras,1035,'21113.01,"Meat of pig with the bone, fresh or chilled",5531,Producer Price (SLC/tonne),1991,1991,7021,Annual value,SLC,6217.000000,A
95,'340,Honduras,1035,'21113.01,"Meat of pig with the bone, fresh or chilled",5531,Producer Price (SLC/tonne),1992,1992,7021,Annual value,SLC,6570.000000,A
95,'340,Honduras,1035,'21113.01,"Meat of pig with the bone, fresh or chilled",5531,Producer Price (SLC/tonne),2022,2022,7021,Annual value,SLC,97648.500000,A
95,'340,Honduras,1035,'21113.01,"Meat of pig with the bone, fresh or chilled",5531,Producer Price (SLC/tonne),2023,2023,7021,Annual value,SLC,98242.400000,A
95,'340,Honduras,1035,'21113.01,"Meat of pig with the bone, fresh or chilled",5531,Producer Price (SLC/tonne),2024,2024,7021,Annual value,SLC,110133.900000,A
95,'340,Honduras,1035,'21113.01,"Meat of pig with the bone, fresh or chilled",5532,Producer Price (USD/tonne),1991,1991,7021,Annual value,USD,1169.300000,A
95,'340,Honduras,1035,'21113.01,"Meat of pig with the bone, fresh or chilled",5532,Producer Price (USD/tonne),1992,1992,7021,Annual value,USD,1195.000000,A
95,'340,Honduras,1035,'21113.01,"Meat of pig with the bone, fresh or chilled",5532,Producer Price (USD/tonne),2022,2022,7021,Annual value,USD,3988.000000,A
95,'340,Honduras,1035,'21113.01,"Meat of pig with the bone, fresh or chilled",5532,Producer Price (USD/tonne),2023,2023,7021,Annual value,USD,3993.300000,A
95,'340,Honduras,1035,'21113.01,"Meat of pig with the bone, fresh or chilled",5532,Producer Price (USD/tonne),2024,2024,7021,Annual value,USD,4441.000000,A
95,'340,Honduras,1035,'21113.01,"Meat of pig with the bone, fresh or chilled",5539,Producer Price Index (2014-2016 = 100),1991,1991,7021,Annual value,,12.200000,E
95,'340,Honduras,1035,'21113.01,"Meat of pig with the bone, fresh or chilled",5539,Producer Price Index (2014-2016 = 100),1992,1992,7021,Annual value,,12.900000,E
95,'340,Honduras,1035,'21113.01,"Meat of pig with the bone, fresh or chilled",5539,Producer Price Index (2014-2016 = 100),1993,1993,7021,Annual value,,26.380000,E
95,'340,Honduras,1035,'21113.01,"Meat of pig with the bone, fresh or chilled",5539,Producer Price Index (2014-2016 = 100),1994,1994,7021,Annual value,,32.180000,E
95,'340,Honduras,1035,'21113.01,"Meat of pig with the bone, fresh or chilled",5539,Producer Price Index (2014-2016 = 100),1995,1995,7021,Annual value,,46.380000,E
95,'340,Honduras,1035,'21113.01,"Meat of pig with the bone, fresh or chilled",5539,Producer Price Index (2014-2016 = 100),1996,1996,7021,Annual value,,50.250000,E
95,'340,Honduras,1035,'21113.01,"Meat of pig with the bone, fresh or chilled",5539,Producer Price Index (2014-2016 = 100),1997,1997,7021,Annual value,,58.950000,E
95,'340,Honduras,1035,'21113.01,"Meat of pig with the bone, fresh or chilled",5539,Producer Price Index (2014-2016 = 100),1998,1998,7021,Annual value,,73.920000,E
95,'340,Honduras,1035,'21113.01,"Meat of pig with the bone, fresh or chilled",5539,Producer Price Index (2014-2016 = 100),1999,1999,7021,Annual value,,75.180000,E
95,'340,Honduras,1035,'21113.01,"Meat of pig with the bone, fresh or chilled",5539,Producer Price Index (2014-2016 = 100),2000,2000,7021,Annual value,,75.370000,E
95,'340,Honduras,1035,'21113.01,"Meat of pig with the bone, fresh or chilled",5539,Producer Price Index (2014-2016 = 100),2001,2001,7021,Annual value,,81.940000,E
95,'340,Honduras,1035,'21113.01,"Meat of pig with the bone, fresh or chilled",5539,Producer Price Index (2014-2016 = 100),2002,2002,7021,Annual value,,86.100000,E
95,'340,Honduras,1035,'21113.01,"Meat of pig with the bone, fresh or chilled",5539,Producer Price Index (2014-2016 = 100),2003,2003,7021,Annual value,,87.450000,E
95,'340,Honduras,1035,'21113.01,"Meat of pig with the bone, fresh or chilled",5539,Producer Price Index (2014-2016 = 100),2004,2004,7021,Annual value,,88.000000,E
95,'340,Honduras,1035,'21113.01,"Meat of pig with the bone, fresh or chilled",5539,Producer Price Index (2014-2016 = 100),2005,2005,7021,Annual value,,88.580000,E
95,'340,Honduras,1035,'21113.01,"Meat of pig with the bone, fresh or chilled",5539,Producer Price Index (2014-2016 = 100),2006,2006,7021,Annual value,,89.000000,E
95,'340,Honduras,1035,'21113.01,"Meat of pig with the bone, fresh or chilled",5539,Producer Price Index (2014-2016 = 100),2007,2007,7021,Annual value,,89.720000,E
95,'340,Honduras,1035,'21113.01,"Meat of pig with the bone, fresh or chilled",5539,Producer Price Index (2014-2016 = 100),2008,2008,7021,Annual value,,91.850000,E
95,'340,Honduras,1035,'21113.01,"Meat of pig with the bone, fresh or chilled",5539,Producer Price Index (2014-2016 = 100),2009,2009,7021,Annual value,,92.810000,E
95,'340,Honduras,1035,'21113.01,"Meat of pig with the bone, fresh or chilled",5539,Producer Price Index (2014-2016 = 100),2010,2010,7021,Annual value,,94.320000,E
95,'340,Honduras,1035,'21113.01,"Meat of pig with the bone, fresh or chilled",5539,Producer Price Index (2014-2016 = 100),2011,2011,7021,Annual value,,95.370000,E
95,'340,Honduras,1035,'21113.01,"Meat of pig with the bone, fresh or chilled",5539,Producer Price Index (2014-2016 = 100),2012,2012,7021,Annual value,,96.530000,E
95,'340,Honduras,1035,'21113.01,"Meat of pig with the bone, fresh or chilled",5539,Producer Price Index (2014-2016 = 100),2013,2013,7021,Annual value,,97.690000,E
95,'340,Honduras,1035,'21113.01,"Meat of pig with the bone, fresh or chilled",5539,Producer Price Index (2014-2016 = 100),2014,2014,7021,Annual value,,98.840000,E
95,'340,Honduras,1035,'21113.01,"Meat of pig with the bone, fresh or chilled",5539,Producer Price Index (2014-2016 = 100),2015,2015,7021,Annual value,,100.000000,E
95,'340,Honduras,1035,'21113.01,"Meat of pig with the bone, fresh or chilled",5539,Producer Price Index (2014-2016 = 100),2016,2016,7021,Annual value,,101.160000,E
95,'340,Honduras,1035,'21113.01,"Meat of pig with the bone, fresh or chilled",5539,Producer Price Index (2014-2016 = 100),2017,2017,7021,Annual value,,102.310000,E
95,'340,Honduras,1035,'21113.01,"Meat of pig with the bone, fresh or chilled",5539,Producer Price Index (2014-2016 = 100),2018,2018,7021,Annual value,,103.470000,E
95,'340,Honduras,1035,'21113.01,"Meat of pig with the bone, fresh or chilled",5539,Producer Price Index (2014-2016 = 100),2019,2019,7021,Annual value,,104.630000,E
95,'340,Honduras,1035,'21113.01,"Meat of pig with the bone, fresh or chilled",5539,Producer Price Index (2014-2016 = 100),2020,2020,7021,Annual value,,136.590000,E
95,'340,Honduras,1035,'21113.01,"Meat of pig with the bone, fresh or chilled",5539,Producer Price Index (2014-2016 = 100),2021,2021,7021,Annual value,,159.810000,E
95,'340,Honduras,1035,'21113.01,"Meat of pig with the bone, fresh or chilled",5539,Producer Price Index (2014-2016 = 100),2022,2022,7021,Annual value,,191.660000,E
95,'340,Honduras,1035,'21113.01,"Meat of pig with the bone, fresh or chilled",5539,Producer Price Index (2014-2016 = 100),2023,2023,7021,Annual value,,192.820000,E
95,'340,Honduras,1035,'21113.01,"Meat of pig with the bone, fresh or chilled",5539,Producer Price Index (2014-2016 = 100),2024,2024,7021,Annual value,,216.160000,E
95,'340,Honduras,1035,'21113.01,"Meat of pig with the bone, fresh or chilled",5539,Producer Price Index (2014-2016 = 100),2025,2025,7021,Annual value,,252.730000,E
95,'340,Honduras,1056,'21113.01b,"Meat of pig with the bone, fresh or chilled (biological)",5530,Producer Price (LCU/tonne),1991,1991,7021,Annual value,LCU,4441.000000,A
95,'340,Honduras,1056,'21113.01b,"Meat of pig with the bone, fresh or chilled (biological)",5530,Producer Price (LCU/tonne),1992,1992,7021,Annual value,LCU,4693.000000,A
95,'340,Honduras,1056,'21113.01b,"Meat of pig with the bone, fresh or chilled (biological)",5530,Producer Price (LCU/tonne),2003,2003,7021,Annual value,LCU,31813.000000,A
95,'340,Honduras,1056,'21113.01b,"Meat of pig with the bone, fresh or chilled (biological)",5530,Producer Price (LCU/tonne),2004,2004,7021,Annual value,LCU,32013.000000,A
95,'340,Honduras,1056,'21113.01b,"Meat of pig with the bone, fresh or chilled (biological)",5530,Producer Price (LCU/tonne),2005,2005,7021,Annual value,LCU,32225.000000,A
95,'340,Honduras,1056,'21113.01b,"Meat of pig with the bone, fresh or chilled (biological)",5530,Producer Price (LCU/tonne),2006,2006,7021,Annual value,LCU,32375.000000,A
95,'340,Honduras,1056,'21113.01b,"Meat of pig with the bone, fresh or chilled (biological)",5530,Producer Price (LCU/tonne),2007,2007,7021,Annual value,LCU,32638.000000,A
95,'340,Honduras,1056,'21113.01b,"Meat of pig with the bone, fresh or chilled (biological)",5530,Producer Price (LCU/tonne),2008,2008,7021,Annual value,LCU,33413.000000,A
95,'340,Honduras,1056,'21113.01b,"Meat of pig with the bone, fresh or chilled (biological)",5530,Producer Price (LCU/tonne),2022,2022,7021,Annual value,LCU,43828.100000,A
95,'340,Honduras,1056,'21113.01b,"Meat of pig with the bone, fresh or chilled (biological)",5530,Producer Price (LCU/tonne),2023,2023,7021,Annual value,LCU,48391.700000,A
95,'340,Honduras,1056,'21113.01b,"Meat of pig with the bone, fresh or chilled (biological)",5530,Producer Price (LCU/tonne),2024,2024,7021,Annual value,LCU,50772.700000,A
95,'340,Honduras,1056,'21113.01b,"Meat of pig with the bone, fresh or chilled (biological)",5530,Producer Price (LCU/tonne),2024,2024,7001,January,LCU,49824.700000,A
95,'340,Honduras,1056,'21113.01b,"Meat of pig with the bone, fresh or chilled (biological)",5530,Producer Price (LCU/tonne),2024,2024,7002,February,LCU,49714.500000,A
95,'340,Honduras,1056,'21113.01b,"Meat of pig with the bone, fresh or chilled (biological)",5530,Producer Price (LCU/tonne),2024,2024,7003,March,LCU,49868.800000,A
95,'340,Honduras,1056,'21113.01b,"Meat of pig with the bone, fresh or chilled (biological)",5530,Producer Price (LCU/tonne),2024,2024,7004,April,LCU,49736.500000,A
95,'340,Honduras,1056,'21113.01b,"Meat of pig with the bone, fresh or chilled (biological)",5530,Producer Price (LCU/tonne),2024,2024,7005,May,LCU,49802.700000,A
95,'340,Honduras,1056,'21113.01b,"Meat of pig with the bone, fresh or chilled (biological)",5530,Producer Price (LCU/tonne),2024,2024,7006,June,LCU,49979.100000,A
95,'340,Honduras,1056,'21113.01b,"Meat of pig with the bone, fresh or chilled (biological)",5530,Producer Price (LCU/tonne),2024,2024,7007,July,LCU,49846.800000,A
95,'340,Honduras,1056,'21113.01b,"Meat of pig with the bone, fresh or chilled (biological)",5530,Producer Price (LCU/tonne),2024,2024,7008,August,LCU,50133.400000,A
95,'340,Honduras,1056,'21113.01b,"Meat of pig with the bone, fresh or chilled (biological)",5530,Producer Price (LCU/tonne),2024,2024,7009,September,LCU,52029.400000,A
95,'340,Honduras,1056,'21113.01b,"Meat of pig with the bone, fresh or chilled (biological)",5530,Producer Price (LCU/tonne),2024,2024,7010,October,LCU,52205.700000,A
95,'340,Honduras,1056,'21113.01b,"Meat of pig with the bone, fresh or chilled (biological)",5530,Producer Price (LCU/tonne),2024,2024,7011,November,LCU,52095.500000,A
95,'340,Honduras,1056,'21113.01b,"Meat of pig with the bone, fresh or chilled (biological)",5530,Producer Price (LCU/tonne),2024,2024,7012,December,LCU,54035.600000,A
95,'340,Honduras,1056,'21113.01b,"Meat of pig with the bone, fresh or chilled (biological)",5531,Producer Price (SLC/tonne),1991,1991,7021,Annual value,SLC,4441.000000,A
95,'340,Honduras,1056,'21113.01b,"Meat of pig with the bone, fresh or chilled (biological)",5531,Producer Price (SLC/tonne),1992,1992,7021,Annual value,SLC,4693.000000,A
95,'340,Honduras,1056,'21113.01b,"Meat of pig with the bone, fresh or chilled (biological)",5531,Producer Price (SLC/tonne),2003,2003,7021,Annual value,SLC,31813.000000,A
95,'340,Honduras,1056,'21113.01b,"Meat of pig with the bone, fresh or chilled (biological)",5531,Producer Price (SLC/tonne),2004,2004,7021,Annual value,SLC,32013.000000,A
95,'340,Honduras,1056,'21113.01b,"Meat of pig with the bone, fresh or chilled (biological)",5531,Producer Price (SLC/tonne),2005,2005,7021,Annual value,SLC,32225.000000,A
95,'340,Honduras,1056,'21113.01b,"Meat of pig with the bone, fresh or chilled (biological)",5531,Producer Price (SLC/tonne),2006,2006,7021,Annual value,SLC,32375.000000,A
95,'340,Honduras,1056,'21113.01b,"Meat of pig with the bone, fresh or chilled (biological)",5531,Producer Price (SLC/tonne),2007,2007,7021,Annual value,SLC,32638.000000,A
95,'340,Honduras,1056,'21113.01b,"Meat of pig with the bone, fresh or chilled (biological)",5531,Producer Price (SLC/tonne),2008,2008,7021,Annual value,SLC,33413.000000,A
95,'340,Honduras,1056,'21113.01b,"Meat of pig with the bone, fresh or chilled (biological)",5531,Producer Price (SLC/tonne),2022,2022,7021,Annual value,SLC,43828.100000,A
95,'340,Honduras,1056,'21113.01b,"Meat of pig with the bone, fresh or chilled (biological)",5531,Producer Price (SLC/tonne),2023,2023,7021,Annual value,SLC,48391.700000,A
95,'340,Honduras,1056,'21113.01b,"Meat of pig with the bone, fresh or chilled (biological)",5531,Producer Price (SLC/tonne),2024,2024,7021,Annual value,SLC,50772.700000,A
95,'340,Honduras,1056,'21113.01b,"Meat of pig with the bone, fresh or chilled (biological)",5532,Producer Price (USD/tonne),1991,1991,7021,Annual value,USD,835.300000,A
95,'340,Honduras,1056,'21113.01b,"Meat of pig with the bone, fresh or chilled (biological)",5532,Producer Price (USD/tonne),1992,1992,7021,Annual value,USD,853.600000,A
95,'340,Honduras,1056,'21113.01b,"Meat of pig with the bone, fresh or chilled (biological)",5532,Producer Price (USD/tonne),2003,2003,7021,Annual value,USD,1834.100000,A
95,'340,Honduras,1056,'21113.01b,"Meat of pig with the bone, fresh or chilled (biological)",5532,Producer Price (USD/tonne),2004,2004,7021,Annual value,USD,1758.400000,A
95,'340,Honduras,1056,'21113.01b,"Meat of pig with the bone, fresh or chilled (biological)",5532,Producer Price (USD/tonne),2005,2005,7021,Annual value,USD,1711.200000,A
95,'340,Honduras,1056,'21113.01b,"Meat of pig with the bone, fresh or chilled (biological)",5532,Producer Price (USD/tonne),2006,2006,7021,Annual value,USD,1713.400000,A
95,'340,Honduras,1056,'21113.01b,"Meat of pig with the bone, fresh or chilled (biological)",5532,Producer Price (USD/tonne),2007,2007,7021,Annual value,USD,1727.300000,A
95,'340,Honduras,1056,'21113.01b,"Meat of pig with the bone, fresh or chilled (biological)",5532,Producer Price (USD/tonne),2008,2008,7021,Annual value,USD,1767.500000,A
95,'340,Honduras,1056,'21113.01b,"Meat of pig with the bone, fresh or chilled (biological)",5532,Producer Price (USD/tonne),2022,2022,7021,Annual value,USD,1789.900000,A
95,'340,Honduras,1056,'21113.01b,"Meat of pig with the bone, fresh or chilled (biological)",5532,Producer Price (USD/tonne),2023,2023,7021,Annual value,USD,1967.000000,A
95,'340,Honduras,1056,'21113.01b,"Meat of pig with the bone, fresh or chilled (biological)",5532,Producer Price (USD/tonne),2024,2024,7021,Annual value,USD,2047.300000,A
95,'340,Honduras,1056,'21113.01b,"Meat of pig with the bone, fresh or chilled (biological)",5539,Producer Price Index (2014-2016 = 100),1991,1991,7021,Annual value,,12.250000,E
95,'340,Honduras,1056,'21113.01b,"Meat of pig with the bone, fresh or chilled (biological)",5539,Producer Price Index (2014-2016 = 100),1992,1992,7021,Annual value,,12.950000,E
95,'340,Honduras,1056,'21113.01b,"Meat of pig with the bone, fresh or chilled (biological)",5539,Producer Price Index (2014-2016 = 100),1993,1993,7021,Annual value,,26.470000,E
95,'340,Honduras,1056,'21113.01b,"Meat of pig with the bone, fresh or chilled (biological)",5539,Producer Price Index (2014-2016 = 100),1994,1994,7021,Annual value,,32.290000,E
95,'340,Honduras,1056,'21113.01b,"Meat of pig with the bone, fresh or chilled (biological)",5539,Producer Price Index (2014-2016 = 100),1995,1995,7021,Annual value,,46.550000,E
95,'340,Honduras,1056,'21113.01b,"Meat of pig with the bone, fresh or chilled (biological)",5539,Producer Price Index (2014-2016 = 100),1996,1996,7021,Annual value,,50.430000,E
95,'340,Honduras,1056,'21113.01b,"Meat of pig with the bone, fresh or chilled (biological)",5539,Producer Price Index (2014-2016 = 100),1997,1997,7021,Annual value,,59.150000,E
95,'340,Honduras,1056,'21113.01b,"Meat of pig with the bone, fresh or chilled (biological)",5539,Producer Price Index (2014-2016 = 100),1998,1998,7021,Annual value,,74.190000,E
95,'340,Honduras,1056,'21113.01b,"Meat of pig with the bone, fresh or chilled (biological)",5539,Producer Price Index (2014-2016 = 100),1999,1999,7021,Annual value,,75.450000,E
95,'340,Honduras,1056,'21113.01b,"Meat of pig with the bone, fresh or chilled (biological)",5539,Producer Price Index (2014-2016 = 100),2000,2000,7021,Annual value,,75.640000,E
95,'340,Honduras,1056,'21113.01b,"Meat of pig with the bone, fresh or chilled (biological)",5539,Producer Price Index (2014-2016 = 100),2001,2001,7021,Annual value,,82.230000,E
95,'340,Honduras,1056,'21113.01b,"Meat of pig with the bone, fresh or chilled (biological)",5539,Producer Price Index (2014-2016 = 100),2002,2002,7021,Annual value,,86.400000,E
95,'340,Honduras,1056,'21113.01b,"Meat of pig with the bone, fresh or chilled (biological)",5539,Producer Price Index (2014-2016 = 100),2003,2003,7021,Annual value,,87.760000,E
95,'340,Honduras,1056,'21113.01b,"Meat of pig with the bone, fresh or chilled (biological)",5539,Producer Price Index (2014-2016 = 100),2004,2004,7021,Annual value,,88.310000,E
95,'340,Honduras,1056,'21113.01b,"Meat of pig with the bone, fresh or chilled (biological)",5539,Producer Price Index (2014-2016 = 100),2005,2005,7021,Annual value,,88.900000,E
95,'340,Honduras,1056,'21113.01b,"Meat of pig with the bone, fresh or chilled (biological)",5539,Producer Price Index (2014-2016 = 100),2006,2006,7021,Annual value,,89.310000,E
95,'340,Honduras,1056,'21113.01b,"Meat of pig with the bone, fresh or chilled (biological)",5539,Producer Price Index (2014-2016 = 100),2007,2007,7021,Annual value,,90.040000,E
95,'340,Honduras,1056,'21113.01b,"Meat of pig with the bone, fresh or chilled (biological)",5539,Producer Price Index (2014-2016 = 100),2008,2008,7021,Annual value,,92.180000,E
95,'340,Honduras,1056,'21113.01b,"Meat of pig with the bone, fresh or chilled (biological)",5539,Producer Price Index (2014-2016 = 100),2009,2009,7021,Annual value,,93.210000,E
95,'340,Honduras,1056,'21113.01b,"Meat of pig with the bone, fresh or chilled (biological)",5539,Producer Price Index (2014-2016 = 100),2010,2010,7021,Annual value,,94.420000,E
95,'340,Honduras,1056,'21113.01b,"Meat of pig with the bone, fresh or chilled (biological)",5539,Producer Price Index (2014-2016 = 100),2011,2011,7021,Annual value,,95.490000,E
95,'340,Honduras,1056,'21113.01b,"Meat of pig with the bone, fresh or chilled (biological)",5539,Producer Price Index (2014-2016 = 100),2012,2012,7021,Annual value,,96.620000,E
95,'340,Honduras,1056,'21113.01b,"Meat of pig with the bone, fresh or chilled (biological)",5539,Producer Price Index (2014-2016 = 100),2013,2013,7021,Annual value,,97.740000,E
95,'340,Honduras,1056,'21113.01b,"Meat of pig with the bone, fresh or chilled (biological)",5539,Producer Price Index (2014-2016 = 100),2014,2014,7021,Annual value,,98.870000,E
95,'340,Honduras,1056,'21113.01b,"Meat of pig with the bone, fresh or chilled (biological)",5539,Producer Price Index (2014-2016 = 100),2015,2015,7021,Annual value,,100.000000,E
95,'340,Honduras,1056,'21113.01b,"Meat of pig with the bone, fresh or chilled (biological)",5539,Producer Price Index (2014-2016 = 100),2016,2016,7021,Annual value,,101.130000,E
95,'340,Honduras,1056,'21113.01b,"Meat of pig with the bone, fresh or chilled (biological)",5539,Producer Price Index (2014-2016 = 100),2017,2017,7021,Annual value,,102.260000,E
95,'340,Honduras,1056,'21113.01b,"Meat of pig with the bone, fresh or chilled (biological)",5539,Producer Price Index (2014-2016 = 100),2018,2018,7021,Annual value,,103.380000,E
95,'340,Honduras,1056,'21113.01b,"Meat of pig with the bone, fresh or chilled (biological)",5539,Producer Price Index (2014-2016 = 100),2019,2019,7021,Annual value,,104.510000,E
95,'340,Honduras,1056,'21113.01b,"Meat of pig with the bone, fresh or chilled (biological)",5539,Producer Price Index (2014-2016 = 100),2020,2020,7021,Annual value,,109.890000,E
95,'340,Honduras,1056,'21113.01b,"Meat of pig with the bone, fresh or chilled (biological)",5539,Producer Price Index (2014-2016 = 100),2021,2021,7021,Annual value,,115.520000,E
95,'340,Honduras,1056,'21113.01b,"Meat of pig with the bone, fresh or chilled (biological)",5539,Producer Price Index (2014-2016 = 100),2022,2022,7021,Annual value,,120.910000,E
95,'340,Honduras,1056,'21113.01b,"Meat of pig with the bone, fresh or chilled (biological)",5539,Producer Price Index (2014-2016 = 100),2023,2023,7021,Annual value,,133.500000,E
95,'340,Honduras,1056,'21113.01b,"Meat of pig with the bone, fresh or chilled (biological)",5539,Producer Price Index (2014-2016 = 100),2024,2024,7021,Annual value,,140.070000,E
95,'340,Honduras,1056,'21113.01b,"Meat of pig with the bone, fresh or chilled (biological)",5539,Producer Price Index (2014-2016 = 100),2025,2025,7021,Annual value,,146.400000,E
95,'340,Honduras,977,'21115,"Meat of sheep, fresh or chilled",5539,Producer Price Index (2014-2016 = 100),1991,1991,7021,Annual value,,25.620000,E
95,'340,Honduras,977,'21115,"Meat of sheep, fresh or chilled",5539,Producer Price Index (2014-2016 = 100),1992,1992,7021,Annual value,,25.970000,E
95,'340,Honduras,977,'21115,"Meat of sheep, fresh or chilled",5539,Producer Price Index (2014-2016 = 100),1993,1993,7021,Annual value,,28.570000,E
95,'340,Honduras,977,'21115,"Meat of sheep, fresh or chilled",5539,Producer Price Index (2014-2016 = 100),1994,1994,7021,Annual value,,32.290000,E
95,'340,Honduras,977,'21115,"Meat of sheep, fresh or chilled",5539,Producer Price Index (2014-2016 = 100),1995,1995,7021,Annual value,,35.700000,E
95,'340,Honduras,977,'21115,"Meat of sheep, fresh or chilled",5539,Producer Price Index (2014-2016 = 100),1996,1996,7021,Annual value,,38.400000,E
95,'340,Honduras,977,'21115,"Meat of sheep, fresh or chilled",5539,Producer Price Index (2014-2016 = 100),1997,1997,7021,Annual value,,41.870000,E
95,'340,Honduras,977,'21115,"Meat of sheep, fresh or chilled",5539,Producer Price Index (2014-2016 = 100),1998,1998,7021,Annual value,,45.430000,E
95,'340,Honduras,977,'21115,"Meat of sheep, fresh or chilled",5539,Producer Price Index (2014-2016 = 100),1999,1999,7021,Annual value,,45.550000,E
95,'340,Honduras,977,'21115,"Meat of sheep, fresh or chilled",5539,Producer Price Index (2014-2016 = 100),2000,2000,7021,Annual value,,45.820000,E
95,'340,Honduras,977,'21115,"Meat of sheep, fresh or chilled",5539,Producer Price Index (2014-2016 = 100),2001,2001,7021,Annual value,,45.860000,E
95,'340,Honduras,977,'21115,"Meat of sheep, fresh or chilled",5539,Producer Price Index (2014-2016 = 100),2002,2002,7021,Annual value,,45.890000,E
95,'340,Honduras,977,'21115,"Meat of sheep, fresh or chilled",5539,Producer Price Index (2014-2016 = 100),2003,2003,7021,Annual value,,46.430000,E
95,'340,Honduras,977,'21115,"Meat of sheep, fresh or chilled",5539,Producer Price Index (2014-2016 = 100),2004,2004,7021,Annual value,,60.930000,E
95,'340,Honduras,977,'21115,"Meat of sheep, fresh or chilled",5539,Producer Price Index (2014-2016 = 100),2005,2005,7021,Annual value,,67.330000,E
95,'340,Honduras,977,'21115,"Meat of sheep, fresh or chilled",5539,Producer Price Index (2014-2016 = 100),2006,2006,7021,Annual value,,72.040000,E
95,'340,Honduras,977,'21115,"Meat of sheep, fresh or chilled",5539,Producer Price Index (2014-2016 = 100),2007,2007,7021,Annual value,,79.840000,E
95,'340,Honduras,977,'21115,"Meat of sheep, fresh or chilled",5539,Producer Price Index (2014-2016 = 100),2008,2008,7021,Annual value,,85.100000,E
95,'340,Honduras,977,'21115,"Meat of sheep, fresh or chilled",5539,Producer Price Index (2014-2016 = 100),2009,2009,7021,Annual value,,90.100000,E
95,'340,Honduras,977,'21115,"Meat of sheep, fresh or chilled",5539,Producer Price Index (2014-2016 = 100),2010,2010,7021,Annual value,,88.210000,E
95,'340,Honduras,977,'21115,"Meat of sheep, fresh or chilled",5539,Producer Price Index (2014-2016 = 100),2011,2011,7021,Annual value,,89.520000,E
95,'340,Honduras,977,'21115,"Meat of sheep, fresh or chilled",5539,Producer Price Index (2014-2016 = 100),2012,2012,7021,Annual value,,92.140000,E
95,'340,Honduras,977,'21115,"Meat of sheep, fresh or chilled",5539,Producer Price Index (2014-2016 = 100),2013,2013,7021,Annual value,,94.760000,E
95,'340,Honduras,977,'21115,"Meat of sheep, fresh or chilled",5539,Producer Price Index (2014-2016 = 100),2014,2014,7021,Annual value,,97.380000,E
95,'340,Honduras,977,'21115,"Meat of sheep, fresh or chilled",5539,Producer Price Index (2014-2016 = 100),2015,2015,7021,Annual value,,100.000000,E
95,'340,Honduras,977,'21115,"Meat of sheep, fresh or chilled",5539,Producer Price Index (2014-2016 = 100),2016,2016,7021,Annual value,,102.620000,E
95,'340,Honduras,977,'21115,"Meat of sheep, fresh or chilled",5539,Producer Price Index (2014-2016 = 100),2017,2017,7021,Annual value,,105.240000,E
95,'340,Honduras,977,'21115,"Meat of sheep, fresh or chilled",5539,Producer Price Index (2014-2016 = 100),2018,2018,7021,Annual value,,107.860000,E
95,'340,Honduras,977,'21115,"Meat of sheep, fresh or chilled",5539,Producer Price Index (2014-2016 = 100),2019,2019,7021,Annual value,,110.480000,E
95,'340,Honduras,977,'21115,"Meat of sheep, fresh or chilled",5539,Producer Price Index (2014-2016 = 100),2020,2020,7021,Annual value,,113.020000,E
95,'340,Honduras,977,'21115,"Meat of sheep, fresh or chilled",5539,Producer Price Index (2014-2016 = 100),2021,2021,7021,Annual value,,118.000000,E
95,'340,Honduras,977,'21115,"Meat of sheep, fresh or chilled",5539,Producer Price Index (2014-2016 = 100),2022,2022,7021,Annual value,,119.480000,E
95,'340,Honduras,977,'21115,"Meat of sheep, fresh or chilled",5539,Producer Price Index (2014-2016 = 100),2023,2023,7021,Annual value,,122.210000,E
95,'340,Honduras,977,'21115,"Meat of sheep, fresh or chilled",5539,Producer Price Index (2014-2016 = 100),2024,2024,7021,Annual value,,124.940000,E
95,'340,Honduras,977,'21115,"Meat of sheep, fresh or chilled",5539,Producer Price Index (2014-2016 = 100),2025,2025,7021,Annual value,,127.670000,E
95,'340,Honduras,1013,'21115b,"Meat of sheep, fresh or chilled (biological)",5539,Producer Price Index (2014-2016 = 100),1991,1991,7021,Annual value,,26.290000,E
95,'340,Honduras,1013,'21115b,"Meat of sheep, fresh or chilled (biological)",5539,Producer Price Index (2014-2016 = 100),1992,1992,7021,Annual value,,26.650000,E
95,'340,Honduras,1013,'21115b,"Meat of sheep, fresh or chilled (biological)",5539,Producer Price Index (2014-2016 = 100),1993,1993,7021,Annual value,,29.310000,E
95,'340,Honduras,1013,'21115b,"Meat of sheep, fresh or chilled (biological)",5539,Producer Price Index (2014-2016 = 100),1994,1994,7021,Annual value,,33.130000,E
95,'340,Honduras,1013,'21115b,"Meat of sheep, fresh or chilled (biological)",5539,Producer Price Index (2014-2016 = 100),1995,1995,7021,Annual value,,36.630000,E
95,'340,Honduras,1013,'21115b,"Meat of sheep, fresh or chilled (biological)",5539,Producer Price Index (2014-2016 = 100),1996,1996,7021,Annual value,,39.410000,E
95,'340,Honduras,1013,'21115b,"Meat of sheep, fresh or chilled (biological)",5539,Producer Price Index (2014-2016 = 100),1997,1997,7021,Annual value,,42.950000,E
95,'340,Honduras,1013,'21115b,"Meat of sheep, fresh or chilled (biological)",5539,Producer Price Index (2014-2016 = 100),1998,1998,7021,Annual value,,46.610000,E
95,'340,Honduras,1013,'21115b,"Meat of sheep, fresh or chilled (biological)",5539,Producer Price Index (2014-2016 = 100),1999,1999,7021,Annual value,,46.730000,E
95,'340,Honduras,1013,'21115b,"Meat of sheep, fresh or chilled (biological)",5539,Producer Price Index (2014-2016 = 100),2000,2000,7021,Annual value,,47.020000,E
95,'340,Honduras,1013,'21115b,"Meat of sheep, fresh or chilled (biological)",5539,Producer Price Index (2014-2016 = 100),2001,2001,7021,Annual value,,47.050000,E
95,'340,Honduras,1013,'21115b,"Meat of sheep, fresh or chilled (biological)",5539,Producer Price Index (2014-2016 = 100),2002,2002,7021,Annual value,,47.090000,E
95,'340,Honduras,1013,'21115b,"Meat of sheep, fresh or chilled (biological)",5539,Producer Price Index (2014-2016 = 100),2003,2003,7021,Annual value,,47.640000,E
95,'340,Honduras,1013,'21115b,"Meat of sheep, fresh or chilled (biological)",5539,Producer Price Index (2014-2016 = 100),2004,2004,7021,Annual value,,62.530000,E
95,'340,Honduras,1013,'21115b,"Meat of sheep, fresh or chilled (biological)",5539,Producer Price Index (2014-2016 = 100),2005,2005,7021,Annual value,,69.090000,E
95,'340,Honduras,1013,'21115b,"Meat of sheep, fresh or chilled (biological)",5539,Producer Price Index (2014-2016 = 100),2006,2006,7021,Annual value,,73.920000,E
95,'340,Honduras,1013,'21115b,"Meat of sheep, fresh or chilled (biological)",5539,Producer Price Index (2014-2016 = 100),2007,2007,7021,Annual value,,81.920000,E
95,'340,Honduras,1013,'21115b,"Meat of sheep, fresh or chilled (biological)",5539,Producer Price Index (2014-2016 = 100),2008,2008,7021,Annual value,,87.320000,E
95,'340,Honduras,1013,'21115b,"Meat of sheep, fresh or chilled (biological)",5539,Producer Price Index (2014-2016 = 100),2009,2009,7021,Annual value,,91.740000,E
95,'340,Honduras,1013,'21115b,"Meat of sheep, fresh or chilled (biological)",5539,Producer Price Index (2014-2016 = 100),2010,2010,7021,Annual value,,90.160000,E
95,'340,Honduras,1013,'21115b,"Meat of sheep, fresh or chilled (biological)",5539,Producer Price Index (2014-2016 = 100),2011,2011,7021,Annual value,,91.000000,E
95,'340,Honduras,1013,'21115b,"Meat of sheep, fresh or chilled (biological)",5539,Producer Price Index (2014-2016 = 100),2012,2012,7021,Annual value,,93.250000,E
95,'340,Honduras,1013,'21115b,"Meat of sheep, fresh or chilled (biological)",5539,Producer Price Index (2014-2016 = 100),2013,2013,7021,Annual value,,95.500000,E
95,'340,Honduras,1013,'21115b,"Meat of sheep, fresh or chilled (biological)",5539,Producer Price Index (2014-2016 = 100),2014,2014,7021,Annual value,,97.750000,E
95,'340,Honduras,1013,'21115b,"Meat of sheep, fresh or chilled (biological)",5539,Producer Price Index (2014-2016 = 100),2015,2015,7021,Annual value,,100.000000,E
95,'340,Honduras,1013,'21115b,"Meat of sheep, fresh or chilled (biological)",5539,Producer Price Index (2014-2016 = 100),2016,2016,7021,Annual value,,102.250000,E
95,'340,Honduras,1013,'21115b,"Meat of sheep, fresh or chilled (biological)",5539,Producer Price Index (2014-2016 = 100),2017,2017,7021,Annual value,,104.500000,E
95,'340,Honduras,1013,'21115b,"Meat of sheep, fresh or chilled (biological)",5539,Producer Price Index (2014-2016 = 100),2018,2018,7021,Annual value,,106.750000,E
95,'340,Honduras,1013,'21115b,"Meat of sheep, fresh or chilled (biological)",5539,Producer Price Index (2014-2016 = 100),2019,2019,7021,Annual value,,109.000000,E
95,'340,Honduras,1013,'21115b,"Meat of sheep, fresh or chilled (biological)",5539,Producer Price Index (2014-2016 = 100),2020,2020,7021,Annual value,,111.160000,E
95,'340,Honduras,1013,'21115b,"Meat of sheep, fresh or chilled (biological)",5539,Producer Price Index (2014-2016 = 100),2021,2021,7021,Annual value,,116.110000,E
95,'340,Honduras,1013,'21115b,"Meat of sheep, fresh or chilled (biological)",5539,Producer Price Index (2014-2016 = 100),2022,2022,7021,Annual value,,117.380000,E
95,'340,Honduras,1013,'21115b,"Meat of sheep, fresh or chilled (biological)",5539,Producer Price Index (2014-2016 = 100),2023,2023,7021,Annual value,,119.820000,E
95,'340,Honduras,1013,'21115b,"Meat of sheep, fresh or chilled (biological)",5539,Producer Price Index (2014-2016 = 100),2024,2024,7021,Annual value,,122.260000,E
95,'340,Honduras,1013,'21115b,"Meat of sheep, fresh or chilled (biological)",5539,Producer Price Index (2014-2016 = 100),2025,2025,7021,Annual value,,124.710000,E
95,'340,Honduras,1182,'02910,Natural honey,5530,Producer Price (LCU/tonne),2022,2022,7021,Annual value,LCU,61765.100000,A
95,'340,Honduras,1182,'02910,Natural honey,5530,Producer Price (LCU/tonne),2023,2023,7021,Annual value,LCU,61805.600000,A
95,'340,Honduras,1182,'02910,Natural honey,5530,Producer Price (LCU/tonne),2024,2024,7021,Annual value,LCU,57444.400000,A
95,'340,Honduras,1182,'02910,Natural honey,5530,Producer Price (LCU/tonne),2024,2024,7001,January,LCU,61666.700000,A
95,'340,Honduras,1182,'02910,Natural honey,5530,Producer Price (LCU/tonne),2024,2024,7002,February,LCU,61666.700000,A
95,'340,Honduras,1182,'02910,Natural honey,5530,Producer Price (LCU/tonne),2024,2024,7003,March,LCU,61666.700000,A
95,'340,Honduras,1182,'02910,Natural honey,5530,Producer Price (LCU/tonne),2024,2024,7004,April,LCU,56333.300000,A
95,'340,Honduras,1182,'02910,Natural honey,5530,Producer Price (LCU/tonne),2024,2024,7005,May,LCU,56333.300000,A
95,'340,Honduras,1182,'02910,Natural honey,5530,Producer Price (LCU/tonne),2024,2024,7006,June,LCU,56333.300000,A
95,'340,Honduras,1182,'02910,Natural honey,5530,Producer Price (LCU/tonne),2024,2024,7007,July,LCU,56333.300000,A
95,'340,Honduras,1182,'02910,Natural honey,5530,Producer Price (LCU/tonne),2024,2024,7008,August,LCU,56333.300000,A
95,'340,Honduras,1182,'02910,Natural honey,5530,Producer Price (LCU/tonne),2024,2024,7009,September,LCU,56333.300000,A
95,'340,Honduras,1182,'02910,Natural honey,5530,Producer Price (LCU/tonne),2024,2024,7010,October,LCU,56333.300000,A
95,'340,Honduras,1182,'02910,Natural honey,5530,Producer Price (LCU/tonne),2024,2024,7011,November,LCU,55000.000000,A
95,'340,Honduras,1182,'02910,Natural honey,5530,Producer Price (LCU/tonne),2024,2024,7012,December,LCU,55000.000000,A
95,'340,Honduras,1182,'02910,Natural honey,5530,Producer Price (LCU/tonne),2025,2025,7001,January,LCU,60000.000000,A
95,'340,Honduras,1182,'02910,Natural honey,5531,Producer Price (SLC/tonne),2022,2022,7021,Annual value,SLC,61765.100000,A
95,'340,Honduras,1182,'02910,Natural honey,5531,Producer Price (SLC/tonne),2023,2023,7021,Annual value,SLC,61805.600000,A
95,'340,Honduras,1182,'02910,Natural honey,5531,Producer Price (SLC/tonne),2024,2024,7021,Annual value,SLC,57444.400000,A
95,'340,Honduras,1182,'02910,Natural honey,5532,Producer Price (USD/tonne),2022,2022,7021,Annual value,USD,2522.500000,A
95,'340,Honduras,1182,'02910,Natural honey,5532,Producer Price (USD/tonne),2023,2023,7021,Annual value,USD,2512.300000,A
95,'340,Honduras,1182,'02910,Natural honey,5532,Producer Price (USD/tonne),2024,2024,7021,Annual value,USD,2316.400000,A
95,'340,Honduras,1182,'02910,Natural honey,5539,Producer Price Index (2014-2016 = 100),1991,1991,7021,Annual value,,12.210000,E
95,'340,Honduras,1182,'02910,Natural honey,5539,Producer Price Index (2014-2016 = 100),1992,1992,7021,Annual value,,16.960000,E
95,'340,Honduras,1182,'02910,Natural honey,5539,Producer Price Index (2014-2016 = 100),1993,1993,7021,Annual value,,15.700000,E
95,'340,Honduras,1182,'02910,Natural honey,5539,Producer Price Index (2014-2016 = 100),1994,1994,7021,Annual value,,18.530000,E
95,'340,Honduras,1182,'02910,Natural honey,5539,Producer Price Index (2014-2016 = 100),1995,1995,7021,Annual value,,23.600000,E
95,'340,Honduras,1182,'02910,Natural honey,5539,Producer Price Index (2014-2016 = 100),1996,1996,7021,Annual value,,29.460000,E
95,'340,Honduras,1182,'02910,Natural honey,5539,Producer Price Index (2014-2016 = 100),1997,1997,7021,Annual value,,40.790000,E
95,'340,Honduras,1182,'02910,Natural honey,5539,Producer Price Index (2014-2016 = 100),1998,1998,7021,Annual value,,46.100000,E
95,'340,Honduras,1182,'02910,Natural honey,5539,Producer Price Index (2014-2016 = 100),1999,1999,7021,Annual value,,51.810000,E
95,'340,Honduras,1182,'02910,Natural honey,5539,Producer Price Index (2014-2016 = 100),2000,2000,7021,Annual value,,50.160000,E
95,'340,Honduras,1182,'02910,Natural honey,5539,Producer Price Index (2014-2016 = 100),2001,2001,7021,Annual value,,50.910000,E
95,'340,Honduras,1182,'02910,Natural honey,5539,Producer Price Index (2014-2016 = 100),2002,2002,7021,Annual value,,55.340000,E
95,'340,Honduras,1182,'02910,Natural honey,5539,Producer Price Index (2014-2016 = 100),2003,2003,7021,Annual value,,58.160000,E
95,'340,Honduras,1182,'02910,Natural honey,5539,Producer Price Index (2014-2016 = 100),2004,2004,7021,Annual value,,59.550000,E
95,'340,Honduras,1182,'02910,Natural honey,5539,Producer Price Index (2014-2016 = 100),2005,2005,7021,Annual value,,64.510000,E
95,'340,Honduras,1182,'02910,Natural honey,5539,Producer Price Index (2014-2016 = 100),2006,2006,7021,Annual value,,69.470000,E
95,'340,Honduras,1182,'02910,Natural honey,5539,Producer Price Index (2014-2016 = 100),2007,2007,7021,Annual value,,73.930000,E
95,'340,Honduras,1182,'02910,Natural honey,5539,Producer Price Index (2014-2016 = 100),2008,2008,7021,Annual value,,83.090000,E
95,'340,Honduras,1182,'02910,Natural honey,5539,Producer Price Index (2014-2016 = 100),2009,2009,7021,Annual value,,90.920000,E
95,'340,Honduras,1182,'02910,Natural honey,5539,Producer Price Index (2014-2016 = 100),2010,2010,7021,Annual value,,86.080000,E
95,'340,Honduras,1182,'02910,Natural honey,5539,Producer Price Index (2014-2016 = 100),2011,2011,7021,Annual value,,88.180000,E
95,'340,Honduras,1182,'02910,Natural honey,5539,Producer Price Index (2014-2016 = 100),2012,2012,7021,Annual value,,91.130000,E
95,'340,Honduras,1182,'02910,Natural honey,5539,Producer Price Index (2014-2016 = 100),2013,2013,7021,Annual value,,94.090000,E
95,'340,Honduras,1182,'02910,Natural honey,5539,Producer Price Index (2014-2016 = 100),2014,2014,7021,Annual value,,97.040000,E
95,'340,Honduras,1182,'02910,Natural honey,5539,Producer Price Index (2014-2016 = 100),2015,2015,7021,Annual value,,100.000000,E
95,'340,Honduras,1182,'02910,Natural honey,5539,Producer Price Index (2014-2016 = 100),2016,2016,7021,Annual value,,102.960000,E
95,'340,Honduras,1182,'02910,Natural honey,5539,Producer Price Index (2014-2016 = 100),2017,2017,7021,Annual value,,105.910000,E
95,'340,Honduras,1182,'02910,Natural honey,5539,Producer Price Index (2014-2016 = 100),2018,2018,7021,Annual value,,108.870000,E
95,'340,Honduras,1182,'02910,Natural honey,5539,Producer Price Index (2014-2016 = 100),2019,2019,7021,Annual value,,111.820000,E
95,'340,Honduras,1182,'02910,Natural honey,5539,Producer Price Index (2014-2016 = 100),2020,2020,7021,Annual value,,133.380000,E
95,'340,Honduras,1182,'02910,Natural honey,5539,Producer Price Index (2014-2016 = 100),2021,2021,7021,Annual value,,154.280000,E
95,'340,Honduras,1182,'02910,Natural honey,5539,Producer Price Index (2014-2016 = 100),2022,2022,7021,Annual value,,179.620000,E
95,'340,Honduras,1182,'02910,Natural honey,5539,Producer Price Index (2014-2016 = 100),2023,2023,7021,Annual value,,179.740000,E
95,'340,Honduras,1182,'02910,Natural honey,5539,Producer Price Index (2014-2016 = 100),2024,2024,7021,Annual value,,167.050000,E
95,'340,Honduras,1182,'02910,Natural honey,5539,Producer Price Index (2014-2016 = 100),2025,2025,7021,Annual value,,154.370000,E
95,'340,Honduras,702,'01653,"Nutmeg, mace, cardamoms, raw",5539,Producer Price Index (2014-2016 = 100),1991,1991,7021,Annual value,,10.630000,E
95,'340,Honduras,702,'01653,"Nutmeg, mace, cardamoms, raw",5539,Producer Price Index (2014-2016 = 100),1992,1992,7021,Annual value,,10.230000,E
95,'340,Honduras,702,'01653,"Nutmeg, mace, cardamoms, raw",5539,Producer Price Index (2014-2016 = 100),1993,1993,7021,Annual value,,15.790000,E
95,'340,Honduras,702,'01653,"Nutmeg, mace, cardamoms, raw",5539,Producer Price Index (2014-2016 = 100),1994,1994,7021,Annual value,,38.120000,E
95,'340,Honduras,702,'01653,"Nutmeg, mace, cardamoms, raw",5539,Producer Price Index (2014-2016 = 100),1995,1995,7021,Annual value,,34.270000,E
95,'340,Honduras,702,'01653,"Nutmeg, mace, cardamoms, raw",5539,Producer Price Index (2014-2016 = 100),1996,1996,7021,Annual value,,45.240000,E
95,'340,Honduras,702,'01653,"Nutmeg, mace, cardamoms, raw",5539,Producer Price Index (2014-2016 = 100),1997,1997,7021,Annual value,,58.750000,E
95,'340,Honduras,702,'01653,"Nutmeg, mace, cardamoms, raw",5539,Producer Price Index (2014-2016 = 100),1998,1998,7021,Annual value,,45.590000,E
95,'340,Honduras,702,'01653,"Nutmeg, mace, cardamoms, raw",5539,Producer Price Index (2014-2016 = 100),1999,1999,7021,Annual value,,39.100000,E
95,'340,Honduras,702,'01653,"Nutmeg, mace, cardamoms, raw",5539,Producer Price Index (2014-2016 = 100),2000,2000,7021,Annual value,,42.600000,E
95,'340,Honduras,702,'01653,"Nutmeg, mace, cardamoms, raw",5539,Producer Price Index (2014-2016 = 100),2001,2001,7021,Annual value,,46.400000,E
95,'340,Honduras,702,'01653,"Nutmeg, mace, cardamoms, raw",5539,Producer Price Index (2014-2016 = 100),2002,2002,7021,Annual value,,27.130000,E
95,'340,Honduras,702,'01653,"Nutmeg, mace, cardamoms, raw",5539,Producer Price Index (2014-2016 = 100),2003,2003,7021,Annual value,,31.880000,E
95,'340,Honduras,702,'01653,"Nutmeg, mace, cardamoms, raw",5539,Producer Price Index (2014-2016 = 100),2004,2004,7021,Annual value,,47.440000,E
95,'340,Honduras,702,'01653,"Nutmeg, mace, cardamoms, raw",5539,Producer Price Index (2014-2016 = 100),2005,2005,7021,Annual value,,64.690000,E
95,'340,Honduras,702,'01653,"Nutmeg, mace, cardamoms, raw",5539,Producer Price Index (2014-2016 = 100),2006,2006,7021,Annual value,,77.620000,E
95,'340,Honduras,702,'01653,"Nutmeg, mace, cardamoms, raw",5539,Producer Price Index (2014-2016 = 100),2007,2007,7021,Annual value,,83.660000,E
95,'340,Honduras,702,'01653,"Nutmeg, mace, cardamoms, raw",5539,Producer Price Index (2014-2016 = 100),2008,2008,7021,Annual value,,94.020000,E
95,'340,Honduras,702,'01653,"Nutmeg, mace, cardamoms, raw",5539,Producer Price Index (2014-2016 = 100),2009,2009,7021,Annual value,,100.700000,E
95,'340,Honduras,702,'01653,"Nutmeg, mace, cardamoms, raw",5539,Producer Price Index (2014-2016 = 100),2010,2010,7021,Annual value,,91.670000,E
95,'340,Honduras,702,'01653,"Nutmeg, mace, cardamoms, raw",5539,Producer Price Index (2014-2016 = 100),2011,2011,7021,Annual value,,92.500000,E
95,'340,Honduras,702,'01653,"Nutmeg, mace, cardamoms, raw",5539,Producer Price Index (2014-2016 = 100),2012,2012,7021,Annual value,,94.380000,E
95,'340,Honduras,702,'01653,"Nutmeg, mace, cardamoms, raw",5539,Producer Price Index (2014-2016 = 100),2013,2013,7021,Annual value,,96.250000,E
95,'340,Honduras,702,'01653,"Nutmeg, mace, cardamoms, raw",5539,Producer Price Index (2014-2016 = 100),2014,2014,7021,Annual value,,98.130000,E
95,'340,Honduras,702,'01653,"Nutmeg, mace, cardamoms, raw",5539,Producer Price Index (2014-2016 = 100),2015,2015,7021,Annual value,,100.000000,E
95,'340,Honduras,702,'01653,"Nutmeg, mace, cardamoms, raw",5539,Producer Price Index (2014-2016 = 100),2016,2016,7021,Annual value,,101.870000,E
95,'340,Honduras,702,'01653,"Nutmeg, mace, cardamoms, raw",5539,Producer Price Index (2014-2016 = 100),2017,2017,7021,Annual value,,103.750000,E
95,'340,Honduras,702,'01653,"Nutmeg, mace, cardamoms, raw",5539,Producer Price Index (2014-2016 = 100),2018,2018,7021,Annual value,,105.620000,E
95,'340,Honduras,702,'01653,"Nutmeg, mace, cardamoms, raw",5539,Producer Price Index (2014-2016 = 100),2019,2019,7021,Annual value,,107.500000,E
95,'340,Honduras,702,'01653,"Nutmeg, mace, cardamoms, raw",5539,Producer Price Index (2014-2016 = 100),2020,2020,7021,Annual value,,109.230000,E
95,'340,Honduras,702,'01653,"Nutmeg, mace, cardamoms, raw",5539,Producer Price Index (2014-2016 = 100),2021,2021,7021,Annual value,,111.300000,E
95,'340,Honduras,702,'01653,"Nutmeg, mace, cardamoms, raw",5539,Producer Price Index (2014-2016 = 100),2022,2022,7021,Annual value,,110.410000,E
95,'340,Honduras,702,'01653,"Nutmeg, mace, cardamoms, raw",5539,Producer Price Index (2014-2016 = 100),2023,2023,7021,Annual value,,111.300000,E
95,'340,Honduras,702,'01653,"Nutmeg, mace, cardamoms, raw",5539,Producer Price Index (2014-2016 = 100),2024,2024,7021,Annual value,,112.200000,E
95,'340,Honduras,702,'01653,"Nutmeg, mace, cardamoms, raw",5539,Producer Price Index (2014-2016 = 100),2025,2025,7021,Annual value,,113.100000,E
95,'340,Honduras,254,'01491.01,Oil palm fruit,5530,Producer Price (LCU/tonne),1991,1991,7021,Annual value,LCU,190.000000,A
95,'340,Honduras,254,'01491.01,Oil palm fruit,5530,Producer Price (LCU/tonne),1992,1992,7021,Annual value,LCU,226.000000,A
95,'340,Honduras,254,'01491.01,Oil palm fruit,5530,Producer Price (LCU/tonne),1993,1993,7021,Annual value,LCU,314.000000,A
95,'340,Honduras,254,'01491.01,Oil palm fruit,5530,Producer Price (LCU/tonne),1994,1994,7021,Annual value,LCU,335.000000,A
95,'340,Honduras,254,'01491.01,Oil palm fruit,5530,Producer Price (LCU/tonne),1995,1995,7021,Annual value,LCU,581.000000,A
95,'340,Honduras,254,'01491.01,Oil palm fruit,5530,Producer Price (LCU/tonne),1996,1996,7021,Annual value,LCU,720.000000,A
95,'340,Honduras,254,'01491.01,Oil palm fruit,5530,Producer Price (LCU/tonne),1997,1997,7021,Annual value,LCU,937.000000,A
95,'340,Honduras,254,'01491.01,Oil palm fruit,5530,Producer Price (LCU/tonne),1998,1998,7021,Annual value,LCU,1084.000000,A
95,'340,Honduras,254,'01491.01,Oil palm fruit,5530,Producer Price (LCU/tonne),1999,1999,7021,Annual value,LCU,1231.000000,A
95,'340,Honduras,254,'01491.01,Oil palm fruit,5530,Producer Price (LCU/tonne),2000,2000,7021,Annual value,LCU,1378.000000,A
95,'340,Honduras,254,'01491.01,Oil palm fruit,5530,Producer Price (LCU/tonne),2001,2001,7021,Annual value,LCU,1525.000000,A
95,'340,Honduras,254,'01491.01,Oil palm fruit,5530,Producer Price (LCU/tonne),2002,2002,7021,Annual value,LCU,1672.000000,A
95,'340,Honduras,254,'01491.01,Oil palm fruit,5530,Producer Price (LCU/tonne),2003,2003,7021,Annual value,LCU,1819.000000,A
95,'340,Honduras,254,'01491.01,Oil palm fruit,5530,Producer Price (LCU/tonne),2004,2004,7021,Annual value,LCU,1966.000000,A
95,'340,Honduras,254,'01491.01,Oil palm fruit,5530,Producer Price (LCU/tonne),2005,2005,7021,Annual value,LCU,2113.000000,A
95,'340,Honduras,254,'01491.01,Oil palm fruit,5530,Producer Price (LCU/tonne),2006,2006,7021,Annual value,LCU,2200.000000,A
95,'340,Honduras,254,'01491.01,Oil palm fruit,5530,Producer Price (LCU/tonne),2007,2007,7021,Annual value,LCU,2200.000000,A
95,'340,Honduras,254,'01491.01,Oil palm fruit,5530,Producer Price (LCU/tonne),2008,2008,7021,Annual value,LCU,2550.000000,A
95,'340,Honduras,254,'01491.01,Oil palm fruit,5530,Producer Price (LCU/tonne),2022,2022,7021,Annual value,LCU,4895.900000,A
95,'340,Honduras,254,'01491.01,Oil palm fruit,5530,Producer Price (LCU/tonne),2023,2023,7021,Annual value,LCU,3306.500000,A
95,'340,Honduras,254,'01491.01,Oil palm fruit,5530,Producer Price (LCU/tonne),2024,2024,7021,Annual value,LCU,3816.400000,A
95,'340,Honduras,254,'01491.01,Oil palm fruit,5530,Producer Price (LCU/tonne),2024,2024,7001,January,LCU,3510.200000,A
95,'340,Honduras,254,'01491.01,Oil palm fruit,5530,Producer Price (LCU/tonne),2024,2024,7002,February,LCU,3854.000000,A
95,'340,Honduras,254,'01491.01,Oil palm fruit,5530,Producer Price (LCU/tonne),2024,2024,7003,March,LCU,4130.200000,A
95,'340,Honduras,254,'01491.01,Oil palm fruit,5530,Producer Price (LCU/tonne),2024,2024,7004,April,LCU,4190.300000,A
95,'340,Honduras,254,'01491.01,Oil palm fruit,5530,Producer Price (LCU/tonne),2024,2024,7005,May,LCU,4844.100000,A
95,'340,Honduras,254,'01491.01,Oil palm fruit,5530,Producer Price (LCU/tonne),2024,2024,7006,June,LCU,3933.300000,A
95,'340,Honduras,254,'01491.01,Oil palm fruit,5530,Producer Price (LCU/tonne),2024,2024,7007,July,LCU,3492.100000,A
95,'340,Honduras,254,'01491.01,Oil palm fruit,5530,Producer Price (LCU/tonne),2024,2024,7008,August,LCU,3300.000000,A
95,'340,Honduras,254,'01491.01,Oil palm fruit,5530,Producer Price (LCU/tonne),2024,2024,7009,September,LCU,3200.000000,A
95,'340,Honduras,254,'01491.01,Oil palm fruit,5530,Producer Price (LCU/tonne),2024,2024,7010,October,LCU,3443.000000,A
95,'340,Honduras,254,'01491.01,Oil palm fruit,5530,Producer Price (LCU/tonne),2024,2024,7011,November,LCU,3725.000000,A
95,'340,Honduras,254,'01491.01,Oil palm fruit,5530,Producer Price (LCU/tonne),2024,2024,7012,December,LCU,4175.000000,A
95,'340,Honduras,254,'01491.01,Oil palm fruit,5530,Producer Price (LCU/tonne),2025,2025,7001,January,LCU,4875.000000,A
95,'340,Honduras,254,'01491.01,Oil palm fruit,5531,Producer Price (SLC/tonne),1991,1991,7021,Annual value,SLC,190.000000,A
95,'340,Honduras,254,'01491.01,Oil palm fruit,5531,Producer Price (SLC/tonne),1992,1992,7021,Annual value,SLC,226.000000,A
95,'340,Honduras,254,'01491.01,Oil palm fruit,5531,Producer Price (SLC/tonne),1993,1993,7021,Annual value,SLC,314.000000,A
95,'340,Honduras,254,'01491.01,Oil palm fruit,5531,Producer Price (SLC/tonne),1994,1994,7021,Annual value,SLC,335.000000,A
95,'340,Honduras,254,'01491.01,Oil palm fruit,5531,Producer Price (SLC/tonne),1995,1995,7021,Annual value,SLC,581.000000,A
95,'340,Honduras,254,'01491.01,Oil palm fruit,5531,Producer Price (SLC/tonne),1996,1996,7021,Annual value,SLC,720.000000,A
95,'340,Honduras,254,'01491.01,Oil palm fruit,5531,Producer Price (SLC/tonne),1997,1997,7021,Annual value,SLC,937.000000,A
95,'340,Honduras,254,'01491.01,Oil palm fruit,5531,Producer Price (SLC/tonne),1998,1998,7021,Annual value,SLC,1084.000000,A
95,'340,Honduras,254,'01491.01,Oil palm fruit,5531,Producer Price (SLC/tonne),1999,1999,7021,Annual value,SLC,1231.000000,A
95,'340,Honduras,254,'01491.01,Oil palm fruit,5531,Producer Price (SLC/tonne),2000,2000,7021,Annual value,SLC,1378.000000,A
95,'340,Honduras,254,'01491.01,Oil palm fruit,5531,Producer Price (SLC/tonne),2001,2001,7021,Annual value,SLC,1525.000000,A
95,'340,Honduras,254,'01491.01,Oil palm fruit,5531,Producer Price (SLC/tonne),2002,2002,7021,Annual value,SLC,1672.000000,A
95,'340,Honduras,254,'01491.01,Oil palm fruit,5531,Producer Price (SLC/tonne),2003,2003,7021,Annual value,SLC,1819.000000,A
95,'340,Honduras,254,'01491.01,Oil palm fruit,5531,Producer Price (SLC/tonne),2004,2004,7021,Annual value,SLC,1966.000000,A
95,'340,Honduras,254,'01491.01,Oil palm fruit,5531,Producer Price (SLC/tonne),2005,2005,7021,Annual value,SLC,2113.000000,A
95,'340,Honduras,254,'01491.01,Oil palm fruit,5531,Producer Price (SLC/tonne),2006,2006,7021,Annual value,SLC,2200.000000,A
95,'340,Honduras,254,'01491.01,Oil palm fruit,5531,Producer Price (SLC/tonne),2007,2007,7021,Annual value,SLC,2200.000000,A
95,'340,Honduras,254,'01491.01,Oil palm fruit,5531,Producer Price (SLC/tonne),2008,2008,7021,Annual value,SLC,2550.000000,A
95,'340,Honduras,254,'01491.01,Oil palm fruit,5531,Producer Price (SLC/tonne),2022,2022,7021,Annual value,SLC,4895.900000,A
95,'340,Honduras,254,'01491.01,Oil palm fruit,5531,Producer Price (SLC/tonne),2023,2023,7021,Annual value,SLC,3306.500000,A
95,'340,Honduras,254,'01491.01,Oil palm fruit,5531,Producer Price (SLC/tonne),2024,2024,7021,Annual value,SLC,3816.400000,A
95,'340,Honduras,254,'01491.01,Oil palm fruit,5532,Producer Price (USD/tonne),1991,1991,7021,Annual value,USD,35.700000,A
95,'340,Honduras,254,'01491.01,Oil palm fruit,5532,Producer Price (USD/tonne),1992,1992,7021,Annual value,USD,41.100000,A
95,'340,Honduras,254,'01491.01,Oil palm fruit,5532,Producer Price (USD/tonne),1993,1993,7021,Annual value,USD,48.500000,A
95,'340,Honduras,254,'01491.01,Oil palm fruit,5532,Producer Price (USD/tonne),1994,1994,7021,Annual value,USD,39.800000,A
95,'340,Honduras,254,'01491.01,Oil palm fruit,5532,Producer Price (USD/tonne),1995,1995,7021,Annual value,USD,61.300000,A
95,'340,Honduras,254,'01491.01,Oil palm fruit,5532,Producer Price (USD/tonne),1996,1996,7021,Annual value,USD,61.500000,A
95,'340,Honduras,254,'01491.01,Oil palm fruit,5532,Producer Price (USD/tonne),1997,1997,7021,Annual value,USD,72.100000,A
95,'340,Honduras,254,'01491.01,Oil palm fruit,5532,Producer Price (USD/tonne),1998,1998,7021,Annual value,USD,81.000000,A
95,'340,Honduras,254,'01491.01,Oil palm fruit,5532,Producer Price (USD/tonne),1999,1999,7021,Annual value,USD,86.600000,A
95,'340,Honduras,254,'01491.01,Oil palm fruit,5532,Producer Price (USD/tonne),2000,2000,7021,Annual value,USD,92.900000,A
95,'340,Honduras,254,'01491.01,Oil palm fruit,5532,Producer Price (USD/tonne),2001,2001,7021,Annual value,USD,98.600000,A
95,'340,Honduras,254,'01491.01,Oil palm fruit,5532,Producer Price (USD/tonne),2002,2002,7021,Annual value,USD,101.700000,A
95,'340,Honduras,254,'01491.01,Oil palm fruit,5532,Producer Price (USD/tonne),2003,2003,7021,Annual value,USD,104.900000,A
95,'340,Honduras,254,'01491.01,Oil palm fruit,5532,Producer Price (USD/tonne),2004,2004,7021,Annual value,USD,108.000000,A
95,'340,Honduras,254,'01491.01,Oil palm fruit,5532,Producer Price (USD/tonne),2005,2005,7021,Annual value,USD,112.200000,A
95,'340,Honduras,254,'01491.01,Oil palm fruit,5532,Producer Price (USD/tonne),2006,2006,7021,Annual value,USD,116.400000,A
95,'340,Honduras,254,'01491.01,Oil palm fruit,5532,Producer Price (USD/tonne),2007,2007,7021,Annual value,USD,116.400000,A
95,'340,Honduras,254,'01491.01,Oil palm fruit,5532,Producer Price (USD/tonne),2008,2008,7021,Annual value,USD,134.900000,A
95,'340,Honduras,254,'01491.01,Oil palm fruit,5532,Producer Price (USD/tonne),2022,2022,7021,Annual value,USD,199.900000,A
95,'340,Honduras,254,'01491.01,Oil palm fruit,5532,Producer Price (USD/tonne),2023,2023,7021,Annual value,USD,134.400000,A
95,'340,Honduras,254,'01491.01,Oil palm fruit,5532,Producer Price (USD/tonne),2024,2024,7021,Annual value,USD,153.900000,A
95,'340,Honduras,254,'01491.01,Oil palm fruit,5539,Producer Price Index (2014-2016 = 100),1991,1991,7021,Annual value,,5.470000,E
95,'340,Honduras,254,'01491.01,Oil palm fruit,5539,Producer Price Index (2014-2016 = 100),1992,1992,7021,Annual value,,6.500000,E
95,'340,Honduras,254,'01491.01,Oil palm fruit,5539,Producer Price Index (2014-2016 = 100),1993,1993,7021,Annual value,,9.040000,E
95,'340,Honduras,254,'01491.01,Oil palm fruit,5539,Producer Price Index (2014-2016 = 100),1994,1994,7021,Annual value,,9.640000,E
95,'340,Honduras,254,'01491.01,Oil palm fruit,5539,Producer Price Index (2014-2016 = 100),1995,1995,7021,Annual value,,16.720000,E
95,'340,Honduras,254,'01491.01,Oil palm fruit,5539,Producer Price Index (2014-2016 = 100),1996,1996,7021,Annual value,,20.720000,E
95,'340,Honduras,254,'01491.01,Oil palm fruit,5539,Producer Price Index (2014-2016 = 100),1997,1997,7021,Annual value,,26.960000,E
95,'340,Honduras,254,'01491.01,Oil palm fruit,5539,Producer Price Index (2014-2016 = 100),1998,1998,7021,Annual value,,31.190000,E
95,'340,Honduras,254,'01491.01,Oil palm fruit,5539,Producer Price Index (2014-2016 = 100),1999,1999,7021,Annual value,,35.420000,E
95,'340,Honduras,254,'01491.01,Oil palm fruit,5539,Producer Price Index (2014-2016 = 100),2000,2000,7021,Annual value,,39.650000,E
95,'340,Honduras,254,'01491.01,Oil palm fruit,5539,Producer Price Index (2014-2016 = 100),2001,2001,7021,Annual value,,43.880000,E
95,'340,Honduras,254,'01491.01,Oil palm fruit,5539,Producer Price Index (2014-2016 = 100),2002,2002,7021,Annual value,,48.110000,E
95,'340,Honduras,254,'01491.01,Oil palm fruit,5539,Producer Price Index (2014-2016 = 100),2003,2003,7021,Annual value,,52.340000,E
95,'340,Honduras,254,'01491.01,Oil palm fruit,5539,Producer Price Index (2014-2016 = 100),2004,2004,7021,Annual value,,56.570000,E
95,'340,Honduras,254,'01491.01,Oil palm fruit,5539,Producer Price Index (2014-2016 = 100),2005,2005,7021,Annual value,,60.800000,E
95,'340,Honduras,254,'01491.01,Oil palm fruit,5539,Producer Price Index (2014-2016 = 100),2006,2006,7021,Annual value,,63.310000,E
95,'340,Honduras,254,'01491.01,Oil palm fruit,5539,Producer Price Index (2014-2016 = 100),2007,2007,7021,Annual value,,63.310000,E
95,'340,Honduras,254,'01491.01,Oil palm fruit,5539,Producer Price Index (2014-2016 = 100),2008,2008,7021,Annual value,,73.380000,E
95,'340,Honduras,254,'01491.01,Oil palm fruit,5539,Producer Price Index (2014-2016 = 100),2009,2009,7021,Annual value,,76.640000,E
95,'340,Honduras,254,'01491.01,Oil palm fruit,5539,Producer Price Index (2014-2016 = 100),2010,2010,7021,Annual value,,79.970000,E
95,'340,Honduras,254,'01491.01,Oil palm fruit,5539,Producer Price Index (2014-2016 = 100),2011,2011,7021,Annual value,,83.960000,E
95,'340,Honduras,254,'01491.01,Oil palm fruit,5539,Producer Price Index (2014-2016 = 100),2012,2012,7021,Annual value,,87.970000,E
95,'340,Honduras,254,'01491.01,Oil palm fruit,5539,Producer Price Index (2014-2016 = 100),2013,2013,7021,Annual value,,91.980000,E
95,'340,Honduras,254,'01491.01,Oil palm fruit,5539,Producer Price Index (2014-2016 = 100),2014,2014,7021,Annual value,,95.990000,E
95,'340,Honduras,254,'01491.01,Oil palm fruit,5539,Producer Price Index (2014-2016 = 100),2015,2015,7021,Annual value,,100.000000,E
95,'340,Honduras,254,'01491.01,Oil palm fruit,5539,Producer Price Index (2014-2016 = 100),2016,2016,7021,Annual value,,104.010000,E
95,'340,Honduras,254,'01491.01,Oil palm fruit,5539,Producer Price Index (2014-2016 = 100),2017,2017,7021,Annual value,,108.020000,E
95,'340,Honduras,254,'01491.01,Oil palm fruit,5539,Producer Price Index (2014-2016 = 100),2018,2018,7021,Annual value,,112.030000,E
95,'340,Honduras,254,'01491.01,Oil palm fruit,5539,Producer Price Index (2014-2016 = 100),2019,2019,7021,Annual value,,116.040000,E
95,'340,Honduras,254,'01491.01,Oil palm fruit,5539,Producer Price Index (2014-2016 = 100),2020,2020,7021,Annual value,,117.000000,E
95,'340,Honduras,254,'01491.01,Oil palm fruit,5539,Producer Price Index (2014-2016 = 100),2021,2021,7021,Annual value,,119.260000,E
95,'340,Honduras,254,'01491.01,Oil palm fruit,5539,Producer Price Index (2014-2016 = 100),2022,2022,7021,Annual value,,140.890000,E
95,'340,Honduras,254,'01491.01,Oil palm fruit,5539,Producer Price Index (2014-2016 = 100),2023,2023,7021,Annual value,,95.150000,E
95,'340,Honduras,254,'01491.01,Oil palm fruit,5539,Producer Price Index (2014-2016 = 100),2024,2024,7021,Annual value,,109.820000,E
95,'340,Honduras,254,'01491.01,Oil palm fruit,5539,Producer Price Index (2014-2016 = 100),2025,2025,7021,Annual value,,128.290000,E
95,'340,Honduras,403,'01253.02,"Onions and shallots, dry (excluding dehydrated)",5530,Producer Price (LCU/tonne),1991,1991,7021,Annual value,LCU,1079.000000,A
95,'340,Honduras,403,'01253.02,"Onions and shallots, dry (excluding dehydrated)",5530,Producer Price (LCU/tonne),1992,1992,7021,Annual value,LCU,1456.000000,A
95,'340,Honduras,403,'01253.02,"Onions and shallots, dry (excluding dehydrated)",5530,Producer Price (LCU/tonne),1993,1993,7021,Annual value,LCU,2253.000000,A
95,'340,Honduras,403,'01253.02,"Onions and shallots, dry (excluding dehydrated)",5530,Producer Price (LCU/tonne),1994,1994,7021,Annual value,LCU,2114.000000,A
95,'340,Honduras,403,'01253.02,"Onions and shallots, dry (excluding dehydrated)",5530,Producer Price (LCU/tonne),1995,1995,7021,Annual value,LCU,2527.000000,A
95,'340,Honduras,403,'01253.02,"Onions and shallots, dry (excluding dehydrated)",5530,Producer Price (LCU/tonne),1996,1996,7021,Annual value,LCU,3019.000000,A
95,'340,Honduras,403,'01253.02,"Onions and shallots, dry (excluding dehydrated)",5530,Producer Price (LCU/tonne),1997,1997,7021,Annual value,LCU,3608.000000,A
95,'340,Honduras,403,'01253.02,"Onions and shallots, dry (excluding dehydrated)",5530,Producer Price (LCU/tonne),1998,1998,7021,Annual value,LCU,3963.000000,A
95,'340,Honduras,403,'01253.02,"Onions and shallots, dry (excluding dehydrated)",5530,Producer Price (LCU/tonne),1999,1999,7021,Annual value,LCU,4352.000000,A
95,'340,Honduras,403,'01253.02,"Onions and shallots, dry (excluding dehydrated)",5530,Producer Price (LCU/tonne),2000,2000,7021,Annual value,LCU,4780.000000,A
95,'340,Honduras,403,'01253.02,"Onions and shallots, dry (excluding dehydrated)",5530,Producer Price (LCU/tonne),2001,2001,7021,Annual value,LCU,5250.000000,A
95,'340,Honduras,403,'01253.02,"Onions and shallots, dry (excluding dehydrated)",5530,Producer Price (LCU/tonne),2002,2002,7021,Annual value,LCU,5766.000000,A
95,'340,Honduras,403,'01253.02,"Onions and shallots, dry (excluding dehydrated)",5530,Producer Price (LCU/tonne),2003,2003,7021,Annual value,LCU,6243.000000,A
95,'340,Honduras,403,'01253.02,"Onions and shallots, dry (excluding dehydrated)",5530,Producer Price (LCU/tonne),2004,2004,7021,Annual value,LCU,6721.000000,A
95,'340,Honduras,403,'01253.02,"Onions and shallots, dry (excluding dehydrated)",5530,Producer Price (LCU/tonne),2005,2005,7021,Annual value,LCU,7200.000000,A
95,'340,Honduras,403,'01253.02,"Onions and shallots, dry (excluding dehydrated)",5530,Producer Price (LCU/tonne),2006,2006,7021,Annual value,LCU,7680.000000,A
95,'340,Honduras,403,'01253.02,"Onions and shallots, dry (excluding dehydrated)",5530,Producer Price (LCU/tonne),2007,2007,7021,Annual value,LCU,8120.000000,A
95,'340,Honduras,403,'01253.02,"Onions and shallots, dry (excluding dehydrated)",5530,Producer Price (LCU/tonne),2008,2008,7021,Annual value,LCU,8320.000000,A
95,'340,Honduras,403,'01253.02,"Onions and shallots, dry (excluding dehydrated)",5530,Producer Price (LCU/tonne),2022,2022,7021,Annual value,LCU,25266.200000,A
95,'340,Honduras,403,'01253.02,"Onions and shallots, dry (excluding dehydrated)",5530,Producer Price (LCU/tonne),2023,2023,7021,Annual value,LCU,28477.200000,A
95,'340,Honduras,403,'01253.02,"Onions and shallots, dry (excluding dehydrated)",5530,Producer Price (LCU/tonne),2024,2024,7021,Annual value,LCU,31451.800000,A
95,'340,Honduras,403,'01253.02,"Onions and shallots, dry (excluding dehydrated)",5530,Producer Price (LCU/tonne),2024,2024,7001,January,LCU,28497.400000,A
95,'340,Honduras,403,'01253.02,"Onions and shallots, dry (excluding dehydrated)",5530,Producer Price (LCU/tonne),2024,2024,7002,February,LCU,28261.500000,A
95,'340,Honduras,403,'01253.02,"Onions and shallots, dry (excluding dehydrated)",5530,Producer Price (LCU/tonne),2024,2024,7003,March,LCU,31133.400000,A
95,'340,Honduras,403,'01253.02,"Onions and shallots, dry (excluding dehydrated)",5530,Producer Price (LCU/tonne),2024,2024,7004,April,LCU,29372.900000,A
95,'340,Honduras,403,'01253.02,"Onions and shallots, dry (excluding dehydrated)",5530,Producer Price (LCU/tonne),2024,2024,7005,May,LCU,28312.500000,A
95,'340,Honduras,403,'01253.02,"Onions and shallots, dry (excluding dehydrated)",5530,Producer Price (LCU/tonne),2024,2024,7006,June,LCU,35936.800000,A
95,'340,Honduras,403,'01253.02,"Onions and shallots, dry (excluding dehydrated)",5530,Producer Price (LCU/tonne),2024,2024,7007,July,LCU,38775.000000,A
95,'340,Honduras,403,'01253.02,"Onions and shallots, dry (excluding dehydrated)",5530,Producer Price (LCU/tonne),2024,2024,7008,August,LCU,41139.600000,A
95,'340,Honduras,403,'01253.02,"Onions and shallots, dry (excluding dehydrated)",5530,Producer Price (LCU/tonne),2024,2024,7009,September,LCU,37846.300000,A
95,'340,Honduras,403,'01253.02,"Onions and shallots, dry (excluding dehydrated)",5530,Producer Price (LCU/tonne),2024,2024,7010,October,LCU,27719.900000,A
95,'340,Honduras,403,'01253.02,"Onions and shallots, dry (excluding dehydrated)",5530,Producer Price (LCU/tonne),2024,2024,7011,November,LCU,24356.900000,A
95,'340,Honduras,403,'01253.02,"Onions and shallots, dry (excluding dehydrated)",5530,Producer Price (LCU/tonne),2024,2024,7012,December,LCU,26068.900000,A
95,'340,Honduras,403,'01253.02,"Onions and shallots, dry (excluding dehydrated)",5530,Producer Price (LCU/tonne),2025,2025,7001,January,LCU,26905.700000,A
95,'340,Honduras,403,'01253.02,"Onions and shallots, dry (excluding dehydrated)",5531,Producer Price (SLC/tonne),1991,1991,7021,Annual value,SLC,1079.000000,A
95,'340,Honduras,403,'01253.02,"Onions and shallots, dry (excluding dehydrated)",5531,Producer Price (SLC/tonne),1992,1992,7021,Annual value,SLC,1456.000000,A
95,'340,Honduras,403,'01253.02,"Onions and shallots, dry (excluding dehydrated)",5531,Producer Price (SLC/tonne),1993,1993,7021,Annual value,SLC,2253.000000,A
95,'340,Honduras,403,'01253.02,"Onions and shallots, dry (excluding dehydrated)",5531,Producer Price (SLC/tonne),1994,1994,7021,Annual value,SLC,2114.000000,A
95,'340,Honduras,403,'01253.02,"Onions and shallots, dry (excluding dehydrated)",5531,Producer Price (SLC/tonne),1995,1995,7021,Annual value,SLC,2527.000000,A
95,'340,Honduras,403,'01253.02,"Onions and shallots, dry (excluding dehydrated)",5531,Producer Price (SLC/tonne),1996,1996,7021,Annual value,SLC,3019.000000,A
95,'340,Honduras,403,'01253.02,"Onions and shallots, dry (excluding dehydrated)",5531,Producer Price (SLC/tonne),1997,1997,7021,Annual value,SLC,3608.000000,A
95,'340,Honduras,403,'01253.02,"Onions and shallots, dry (excluding dehydrated)",5531,Producer Price (SLC/tonne),1998,1998,7021,Annual value,SLC,3963.000000,A
95,'340,Honduras,403,'01253.02,"Onions and shallots, dry (excluding dehydrated)",5531,Producer Price (SLC/tonne),1999,1999,7021,Annual value,SLC,4352.000000,A
95,'340,Honduras,403,'01253.02,"Onions and shallots, dry (excluding dehydrated)",5531,Producer Price (SLC/tonne),2000,2000,7021,Annual value,SLC,4780.000000,A
95,'340,Honduras,403,'01253.02,"Onions and shallots, dry (excluding dehydrated)",5531,Producer Price (SLC/tonne),2001,2001,7021,Annual value,SLC,5250.000000,A
95,'340,Honduras,403,'01253.02,"Onions and shallots, dry (excluding dehydrated)",5531,Producer Price (SLC/tonne),2002,2002,7021,Annual value,SLC,5766.000000,A
95,'340,Honduras,403,'01253.02,"Onions and shallots, dry (excluding dehydrated)",5531,Producer Price (SLC/tonne),2003,2003,7021,Annual value,SLC,6243.000000,A
95,'340,Honduras,403,'01253.02,"Onions and shallots, dry (excluding dehydrated)",5531,Producer Price (SLC/tonne),2004,2004,7021,Annual value,SLC,6721.000000,A
95,'340,Honduras,403,'01253.02,"Onions and shallots, dry (excluding dehydrated)",5531,Producer Price (SLC/tonne),2005,2005,7021,Annual value,SLC,7200.000000,A
95,'340,Honduras,403,'01253.02,"Onions and shallots, dry (excluding dehydrated)",5531,Producer Price (SLC/tonne),2006,2006,7021,Annual value,SLC,7680.000000,A
95,'340,Honduras,403,'01253.02,"Onions and shallots, dry (excluding dehydrated)",5531,Producer Price (SLC/tonne),2007,2007,7021,Annual value,SLC,8120.000000,A
95,'340,Honduras,403,'01253.02,"Onions and shallots, dry (excluding dehydrated)",5531,Producer Price (SLC/tonne),2008,2008,7021,Annual value,SLC,8320.000000,A
95,'340,Honduras,403,'01253.02,"Onions and shallots, dry (excluding dehydrated)",5531,Producer Price (SLC/tonne),2022,2022,7021,Annual value,SLC,25266.200000,A
95,'340,Honduras,403,'01253.02,"Onions and shallots, dry (excluding dehydrated)",5531,Producer Price (SLC/tonne),2023,2023,7021,Annual value,SLC,28477.200000,A
95,'340,Honduras,403,'01253.02,"Onions and shallots, dry (excluding dehydrated)",5531,Producer Price (SLC/tonne),2024,2024,7021,Annual value,SLC,31451.800000,A
95,'340,Honduras,403,'01253.02,"Onions and shallots, dry (excluding dehydrated)",5532,Producer Price (USD/tonne),1991,1991,7021,Annual value,USD,202.900000,A
95,'340,Honduras,403,'01253.02,"Onions and shallots, dry (excluding dehydrated)",5532,Producer Price (USD/tonne),1992,1992,7021,Annual value,USD,264.800000,A
95,'340,Honduras,403,'01253.02,"Onions and shallots, dry (excluding dehydrated)",5532,Producer Price (USD/tonne),1993,1993,7021,Annual value,USD,348.100000,A
95,'340,Honduras,403,'01253.02,"Onions and shallots, dry (excluding dehydrated)",5532,Producer Price (USD/tonne),1994,1994,7021,Annual value,USD,251.400000,A
95,'340,Honduras,403,'01253.02,"Onions and shallots, dry (excluding dehydrated)",5532,Producer Price (USD/tonne),1995,1995,7021,Annual value,USD,266.800000,A
95,'340,Honduras,403,'01253.02,"Onions and shallots, dry (excluding dehydrated)",5532,Producer Price (USD/tonne),1996,1996,7021,Annual value,USD,257.900000,A
95,'340,Honduras,403,'01253.02,"Onions and shallots, dry (excluding dehydrated)",5532,Producer Price (USD/tonne),1997,1997,7021,Annual value,USD,277.500000,A
95,'340,Honduras,403,'01253.02,"Onions and shallots, dry (excluding dehydrated)",5532,Producer Price (USD/tonne),1998,1998,7021,Annual value,USD,296.100000,A
95,'340,Honduras,403,'01253.02,"Onions and shallots, dry (excluding dehydrated)",5532,Producer Price (USD/tonne),1999,1999,7021,Annual value,USD,306.200000,A
95,'340,Honduras,403,'01253.02,"Onions and shallots, dry (excluding dehydrated)",5532,Producer Price (USD/tonne),2000,2000,7021,Annual value,USD,322.100000,A
95,'340,Honduras,403,'01253.02,"Onions and shallots, dry (excluding dehydrated)",5532,Producer Price (USD/tonne),2001,2001,7021,Annual value,USD,339.300000,A
95,'340,Honduras,403,'01253.02,"Onions and shallots, dry (excluding dehydrated)",5532,Producer Price (USD/tonne),2002,2002,7021,Annual value,USD,350.900000,A
95,'340,Honduras,403,'01253.02,"Onions and shallots, dry (excluding dehydrated)",5532,Producer Price (USD/tonne),2003,2003,7021,Annual value,USD,359.900000,A
95,'340,Honduras,403,'01253.02,"Onions and shallots, dry (excluding dehydrated)",5532,Producer Price (USD/tonne),2004,2004,7021,Annual value,USD,369.200000,A
95,'340,Honduras,403,'01253.02,"Onions and shallots, dry (excluding dehydrated)",5532,Producer Price (USD/tonne),2005,2005,7021,Annual value,USD,382.300000,A
95,'340,Honduras,403,'01253.02,"Onions and shallots, dry (excluding dehydrated)",5532,Producer Price (USD/tonne),2006,2006,7021,Annual value,USD,406.500000,A
95,'340,Honduras,403,'01253.02,"Onions and shallots, dry (excluding dehydrated)",5532,Producer Price (USD/tonne),2007,2007,7021,Annual value,USD,429.700000,A
95,'340,Honduras,403,'01253.02,"Onions and shallots, dry (excluding dehydrated)",5532,Producer Price (USD/tonne),2008,2008,7021,Annual value,USD,440.100000,A
95,'340,Honduras,403,'01253.02,"Onions and shallots, dry (excluding dehydrated)",5532,Producer Price (USD/tonne),2022,2022,7021,Annual value,USD,1031.900000,A
95,'340,Honduras,403,'01253.02,"Onions and shallots, dry (excluding dehydrated)",5532,Producer Price (USD/tonne),2023,2023,7021,Annual value,USD,1157.500000,A
95,'340,Honduras,403,'01253.02,"Onions and shallots, dry (excluding dehydrated)",5532,Producer Price (USD/tonne),2024,2024,7021,Annual value,USD,1268.300000,A
95,'340,Honduras,403,'01253.02,"Onions and shallots, dry (excluding dehydrated)",5539,Producer Price Index (2014-2016 = 100),1991,1991,7021,Annual value,,9.260000,E
95,'340,Honduras,403,'01253.02,"Onions and shallots, dry (excluding dehydrated)",5539,Producer Price Index (2014-2016 = 100),1992,1992,7021,Annual value,,12.490000,E
95,'340,Honduras,403,'01253.02,"Onions and shallots, dry (excluding dehydrated)",5539,Producer Price Index (2014-2016 = 100),1993,1993,7021,Annual value,,19.330000,E
95,'340,Honduras,403,'01253.02,"Onions and shallots, dry (excluding dehydrated)",5539,Producer Price Index (2014-2016 = 100),1994,1994,7021,Annual value,,18.140000,E
95,'340,Honduras,403,'01253.02,"Onions and shallots, dry (excluding dehydrated)",5539,Producer Price Index (2014-2016 = 100),1995,1995,7021,Annual value,,21.680000,E
95,'340,Honduras,403,'01253.02,"Onions and shallots, dry (excluding dehydrated)",5539,Producer Price Index (2014-2016 = 100),1996,1996,7021,Annual value,,25.910000,E
95,'340,Honduras,403,'01253.02,"Onions and shallots, dry (excluding dehydrated)",5539,Producer Price Index (2014-2016 = 100),1997,1997,7021,Annual value,,30.960000,E
95,'340,Honduras,403,'01253.02,"Onions and shallots, dry (excluding dehydrated)",5539,Producer Price Index (2014-2016 = 100),1998,1998,7021,Annual value,,34.010000,E
95,'340,Honduras,403,'01253.02,"Onions and shallots, dry (excluding dehydrated)",5539,Producer Price Index (2014-2016 = 100),1999,1999,7021,Annual value,,37.340000,E
95,'340,Honduras,403,'01253.02,"Onions and shallots, dry (excluding dehydrated)",5539,Producer Price Index (2014-2016 = 100),2000,2000,7021,Annual value,,41.020000,E
95,'340,Honduras,403,'01253.02,"Onions and shallots, dry (excluding dehydrated)",5539,Producer Price Index (2014-2016 = 100),2001,2001,7021,Annual value,,45.050000,E
95,'340,Honduras,403,'01253.02,"Onions and shallots, dry (excluding dehydrated)",5539,Producer Price Index (2014-2016 = 100),2002,2002,7021,Annual value,,49.480000,E
95,'340,Honduras,403,'01253.02,"Onions and shallots, dry (excluding dehydrated)",5539,Producer Price Index (2014-2016 = 100),2003,2003,7021,Annual value,,53.570000,E
95,'340,Honduras,403,'01253.02,"Onions and shallots, dry (excluding dehydrated)",5539,Producer Price Index (2014-2016 = 100),2004,2004,7021,Annual value,,57.670000,E
95,'340,Honduras,403,'01253.02,"Onions and shallots, dry (excluding dehydrated)",5539,Producer Price Index (2014-2016 = 100),2005,2005,7021,Annual value,,61.780000,E
95,'340,Honduras,403,'01253.02,"Onions and shallots, dry (excluding dehydrated)",5539,Producer Price Index (2014-2016 = 100),2006,2006,7021,Annual value,,65.900000,E
95,'340,Honduras,403,'01253.02,"Onions and shallots, dry (excluding dehydrated)",5539,Producer Price Index (2014-2016 = 100),2007,2007,7021,Annual value,,69.670000,E
95,'340,Honduras,403,'01253.02,"Onions and shallots, dry (excluding dehydrated)",5539,Producer Price Index (2014-2016 = 100),2008,2008,7021,Annual value,,71.390000,E
95,'340,Honduras,403,'01253.02,"Onions and shallots, dry (excluding dehydrated)",5539,Producer Price Index (2014-2016 = 100),2009,2009,7021,Annual value,,76.110000,E
95,'340,Honduras,403,'01253.02,"Onions and shallots, dry (excluding dehydrated)",5539,Producer Price Index (2014-2016 = 100),2010,2010,7021,Annual value,,80.630000,E
95,'340,Honduras,403,'01253.02,"Onions and shallots, dry (excluding dehydrated)",5539,Producer Price Index (2014-2016 = 100),2011,2011,7021,Annual value,,84.460000,E
95,'340,Honduras,403,'01253.02,"Onions and shallots, dry (excluding dehydrated)",5539,Producer Price Index (2014-2016 = 100),2012,2012,7021,Annual value,,88.350000,E
95,'340,Honduras,403,'01253.02,"Onions and shallots, dry (excluding dehydrated)",5539,Producer Price Index (2014-2016 = 100),2013,2013,7021,Annual value,,92.230000,E
95,'340,Honduras,403,'01253.02,"Onions and shallots, dry (excluding dehydrated)",5539,Producer Price Index (2014-2016 = 100),2014,2014,7021,Annual value,,96.120000,E
95,'340,Honduras,403,'01253.02,"Onions and shallots, dry (excluding dehydrated)",5539,Producer Price Index (2014-2016 = 100),2015,2015,7021,Annual value,,100.000000,E
95,'340,Honduras,403,'01253.02,"Onions and shallots, dry (excluding dehydrated)",5539,Producer Price Index (2014-2016 = 100),2016,2016,7021,Annual value,,103.880000,E
95,'340,Honduras,403,'01253.02,"Onions and shallots, dry (excluding dehydrated)",5539,Producer Price Index (2014-2016 = 100),2017,2017,7021,Annual value,,107.770000,E
95,'340,Honduras,403,'01253.02,"Onions and shallots, dry (excluding dehydrated)",5539,Producer Price Index (2014-2016 = 100),2018,2018,7021,Annual value,,111.650000,E
95,'340,Honduras,403,'01253.02,"Onions and shallots, dry (excluding dehydrated)",5539,Producer Price Index (2014-2016 = 100),2019,2019,7021,Annual value,,115.540000,E
95,'340,Honduras,403,'01253.02,"Onions and shallots, dry (excluding dehydrated)",5539,Producer Price Index (2014-2016 = 100),2020,2020,7021,Annual value,,151.480000,E
95,'340,Honduras,403,'01253.02,"Onions and shallots, dry (excluding dehydrated)",5539,Producer Price Index (2014-2016 = 100),2021,2021,7021,Annual value,,181.790000,E
95,'340,Honduras,403,'01253.02,"Onions and shallots, dry (excluding dehydrated)",5539,Producer Price Index (2014-2016 = 100),2022,2022,7021,Annual value,,216.800000,E
95,'340,Honduras,403,'01253.02,"Onions and shallots, dry (excluding dehydrated)",5539,Producer Price Index (2014-2016 = 100),2023,2023,7021,Annual value,,244.350000,E
95,'340,Honduras,403,'01253.02,"Onions and shallots, dry (excluding dehydrated)",5539,Producer Price Index (2014-2016 = 100),2024,2024,7021,Annual value,,269.880000,E
95,'340,Honduras,403,'01253.02,"Onions and shallots, dry (excluding dehydrated)",5539,Producer Price Index (2014-2016 = 100),2025,2025,7021,Annual value,,303.030000,E
95,'340,Honduras,402,'01253.01,"Onions and shallots, green",5530,Producer Price (LCU/tonne),2005,2005,7021,Annual value,LCU,8800.000000,A
95,'340,Honduras,402,'01253.01,"Onions and shallots, green",5530,Producer Price (LCU/tonne),2006,2006,7021,Annual value,LCU,9900.000000,A
95,'340,Honduras,402,'01253.01,"Onions and shallots, green",5530,Producer Price (LCU/tonne),2007,2007,7021,Annual value,LCU,9900.000000,A
95,'340,Honduras,402,'01253.01,"Onions and shallots, green",5530,Producer Price (LCU/tonne),2008,2008,7021,Annual value,LCU,8800.000000,A
95,'340,Honduras,402,'01253.01,"Onions and shallots, green",5531,Producer Price (SLC/tonne),2005,2005,7021,Annual value,SLC,8800.000000,A
95,'340,Honduras,402,'01253.01,"Onions and shallots, green",5531,Producer Price (SLC/tonne),2006,2006,7021,Annual value,SLC,9900.000000,A
95,'340,Honduras,402,'01253.01,"Onions and shallots, green",5531,Producer Price (SLC/tonne),2007,2007,7021,Annual value,SLC,9900.000000,A
95,'340,Honduras,402,'01253.01,"Onions and shallots, green",5531,Producer Price (SLC/tonne),2008,2008,7021,Annual value,SLC,8800.000000,A
95,'340,Honduras,402,'01253.01,"Onions and shallots, green",5532,Producer Price (USD/tonne),2005,2005,7021,Annual value,USD,467.300000,A
95,'340,Honduras,402,'01253.01,"Onions and shallots, green",5532,Producer Price (USD/tonne),2006,2006,7021,Annual value,USD,523.900000,A
95,'340,Honduras,402,'01253.01,"Onions and shallots, green",5532,Producer Price (USD/tonne),2007,2007,7021,Annual value,USD,523.900000,A
95,'340,Honduras,402,'01253.01,"Onions and shallots, green",5532,Producer Price (USD/tonne),2008,2008,7021,Annual value,USD,465.500000,A
95,'340,Honduras,402,'01253.01,"Onions and shallots, green",5539,Producer Price Index (2014-2016 = 100),2005,2005,7021,Annual value,,66.110000,E
95,'340,Honduras,402,'01253.01,"Onions and shallots, green",5539,Producer Price Index (2014-2016 = 100),2006,2006,7021,Annual value,,74.370000,E
95,'340,Honduras,402,'01253.01,"Onions and shallots, green",5539,Producer Price Index (2014-2016 = 100),2007,2007,7021,Annual value,,74.370000,E
95,'340,Honduras,402,'01253.01,"Onions and shallots, green",5539,Producer Price Index (2014-2016 = 100),2008,2008,7021,Annual value,,66.110000,E
95,'340,Honduras,402,'01253.01,"Onions and shallots, green",5539,Producer Price Index (2014-2016 = 100),2009,2009,7021,Annual value,,79.500000,E
95,'340,Honduras,402,'01253.01,"Onions and shallots, green",5539,Producer Price Index (2014-2016 = 100),2010,2010,7021,Annual value,,87.820000,E
95,'340,Honduras,402,'01253.01,"Onions and shallots, green",5539,Producer Price Index (2014-2016 = 100),2011,2011,7021,Annual value,,90.400000,E
95,'340,Honduras,402,'01253.01,"Onions and shallots, green",5539,Producer Price Index (2014-2016 = 100),2012,2012,7021,Annual value,,92.260000,E
95,'340,Honduras,402,'01253.01,"Onions and shallots, green",5539,Producer Price Index (2014-2016 = 100),2013,2013,7021,Annual value,,97.010000,E
95,'340,Honduras,402,'01253.01,"Onions and shallots, green",5539,Producer Price Index (2014-2016 = 100),2014,2014,7021,Annual value,,97.010000,E
95,'340,Honduras,402,'01253.01,"Onions and shallots, green",5539,Producer Price Index (2014-2016 = 100),2015,2015,7021,Annual value,,100.150000,E
95,'340,Honduras,402,'01253.01,"Onions and shallots, green",5539,Producer Price Index (2014-2016 = 100),2016,2016,7021,Annual value,,102.840000,E
95,'340,Honduras,402,'01253.01,"Onions and shallots, green",5539,Producer Price Index (2014-2016 = 100),2017,2017,7021,Annual value,,104.320000,E
95,'340,Honduras,402,'01253.01,"Onions and shallots, green",5539,Producer Price Index (2014-2016 = 100),2018,2018,7021,Annual value,,108.710000,E
95,'340,Honduras,402,'01253.01,"Onions and shallots, green",5539,Producer Price Index (2014-2016 = 100),2019,2019,7021,Annual value,,111.710000,E
95,'340,Honduras,402,'01253.01,"Onions and shallots, green",5539,Producer Price Index (2014-2016 = 100),2020,2020,7021,Annual value,,114.860000,E
95,'340,Honduras,402,'01253.01,"Onions and shallots, green",5539,Producer Price Index (2014-2016 = 100),2021,2021,7021,Annual value,,121.160000,E
95,'340,Honduras,402,'01253.01,"Onions and shallots, green",5539,Producer Price Index (2014-2016 = 100),2022,2022,7021,Annual value,,122.470000,E
95,'340,Honduras,402,'01253.01,"Onions and shallots, green",5539,Producer Price Index (2014-2016 = 100),2023,2023,7021,Annual value,,125.690000,E
95,'340,Honduras,402,'01253.01,"Onions and shallots, green",5539,Producer Price Index (2014-2016 = 100),2024,2024,7021,Annual value,,128.920000,E
95,'340,Honduras,402,'01253.01,"Onions and shallots, green",5539,Producer Price Index (2014-2016 = 100),2025,2025,7021,Annual value,,132.150000,E
95,'340,Honduras,490,'01323,Oranges,5530,Producer Price (LCU/tonne),1993,1993,7021,Annual value,LCU,250.000000,A
95,'340,Honduras,490,'01323,Oranges,5530,Producer Price (LCU/tonne),1994,1994,7021,Annual value,LCU,324.000000,A
95,'340,Honduras,490,'01323,Oranges,5530,Producer Price (LCU/tonne),1995,1995,7021,Annual value,LCU,337.000000,A
95,'340,Honduras,490,'01323,Oranges,5530,Producer Price (LCU/tonne),1996,1996,7021,Annual value,LCU,340.000000,A
95,'340,Honduras,490,'01323,Oranges,5530,Producer Price (LCU/tonne),1997,1997,7021,Annual value,LCU,340.000000,A
95,'340,Honduras,490,'01323,Oranges,5530,Producer Price (LCU/tonne),1998,1998,7021,Annual value,LCU,343.000000,A
95,'340,Honduras,490,'01323,Oranges,5530,Producer Price (LCU/tonne),1999,1999,7021,Annual value,LCU,350.000000,A
95,'340,Honduras,490,'01323,Oranges,5530,Producer Price (LCU/tonne),2000,2000,7021,Annual value,LCU,350.000000,A
95,'340,Honduras,490,'01323,Oranges,5530,Producer Price (LCU/tonne),2001,2001,7021,Annual value,LCU,355.000000,A
95,'340,Honduras,490,'01323,Oranges,5530,Producer Price (LCU/tonne),2002,2002,7021,Annual value,LCU,360.000000,A
95,'340,Honduras,490,'01323,Oranges,5530,Producer Price (LCU/tonne),2003,2003,7021,Annual value,LCU,690.000000,A
95,'340,Honduras,490,'01323,Oranges,5530,Producer Price (LCU/tonne),2004,2004,7021,Annual value,LCU,880.000000,A
95,'340,Honduras,490,'01323,Oranges,5530,Producer Price (LCU/tonne),2005,2005,7021,Annual value,LCU,1320.000000,A
95,'340,Honduras,490,'01323,Oranges,5530,Producer Price (LCU/tonne),2006,2006,7021,Annual value,LCU,1760.000000,A
95,'340,Honduras,490,'01323,Oranges,5530,Producer Price (LCU/tonne),2007,2007,7021,Annual value,LCU,2200.000000,A
95,'340,Honduras,490,'01323,Oranges,5530,Producer Price (LCU/tonne),2008,2008,7021,Annual value,LCU,1980.000000,A
95,'340,Honduras,490,'01323,Oranges,5531,Producer Price (SLC/tonne),1993,1993,7021,Annual value,SLC,250.000000,A
95,'340,Honduras,490,'01323,Oranges,5531,Producer Price (SLC/tonne),1994,1994,7021,Annual value,SLC,324.000000,A
95,'340,Honduras,490,'01323,Oranges,5531,Producer Price (SLC/tonne),1995,1995,7021,Annual value,SLC,337.000000,A
95,'340,Honduras,490,'01323,Oranges,5531,Producer Price (SLC/tonne),1996,1996,7021,Annual value,SLC,340.000000,A
95,'340,Honduras,490,'01323,Oranges,5531,Producer Price (SLC/tonne),1997,1997,7021,Annual value,SLC,340.000000,A
95,'340,Honduras,490,'01323,Oranges,5531,Producer Price (SLC/tonne),1998,1998,7021,Annual value,SLC,343.000000,A
95,'340,Honduras,490,'01323,Oranges,5531,Producer Price (SLC/tonne),1999,1999,7021,Annual value,SLC,350.000000,A
95,'340,Honduras,490,'01323,Oranges,5531,Producer Price (SLC/tonne),2000,2000,7021,Annual value,SLC,350.000000,A
95,'340,Honduras,490,'01323,Oranges,5531,Producer Price (SLC/tonne),2001,2001,7021,Annual value,SLC,355.000000,A
95,'340,Honduras,490,'01323,Oranges,5531,Producer Price (SLC/tonne),2002,2002,7021,Annual value,SLC,360.000000,A
95,'340,Honduras,490,'01323,Oranges,5531,Producer Price (SLC/tonne),2003,2003,7021,Annual value,SLC,690.000000,A
95,'340,Honduras,490,'01323,Oranges,5531,Producer Price (SLC/tonne),2004,2004,7021,Annual value,SLC,880.000000,A
95,'340,Honduras,490,'01323,Oranges,5531,Producer Price (SLC/tonne),2005,2005,7021,Annual value,SLC,1320.000000,A
95,'340,Honduras,490,'01323,Oranges,5531,Producer Price (SLC/tonne),2006,2006,7021,Annual value,SLC,1760.000000,A
95,'340,Honduras,490,'01323,Oranges,5531,Producer Price (SLC/tonne),2007,2007,7021,Annual value,SLC,2200.000000,A
95,'340,Honduras,490,'01323,Oranges,5531,Producer Price (SLC/tonne),2008,2008,7021,Annual value,SLC,1980.000000,A
95,'340,Honduras,490,'01323,Oranges,5532,Producer Price (USD/tonne),1993,1993,7021,Annual value,USD,38.600000,A
95,'340,Honduras,490,'01323,Oranges,5532,Producer Price (USD/tonne),1994,1994,7021,Annual value,USD,38.500000,A
95,'340,Honduras,490,'01323,Oranges,5532,Producer Price (USD/tonne),1995,1995,7021,Annual value,USD,35.600000,A
95,'340,Honduras,490,'01323,Oranges,5532,Producer Price (USD/tonne),1996,1996,7021,Annual value,USD,29.000000,A
95,'340,Honduras,490,'01323,Oranges,5532,Producer Price (USD/tonne),1997,1997,7021,Annual value,USD,26.100000,A
95,'340,Honduras,490,'01323,Oranges,5532,Producer Price (USD/tonne),1998,1998,7021,Annual value,USD,25.600000,A
95,'340,Honduras,490,'01323,Oranges,5532,Producer Price (USD/tonne),1999,1999,7021,Annual value,USD,24.600000,A
95,'340,Honduras,490,'01323,Oranges,5532,Producer Price (USD/tonne),2000,2000,7021,Annual value,USD,23.600000,A
95,'340,Honduras,490,'01323,Oranges,5532,Producer Price (USD/tonne),2001,2001,7021,Annual value,USD,22.900000,A
95,'340,Honduras,490,'01323,Oranges,5532,Producer Price (USD/tonne),2002,2002,7021,Annual value,USD,21.900000,A
95,'340,Honduras,490,'01323,Oranges,5532,Producer Price (USD/tonne),2003,2003,7021,Annual value,USD,39.800000,A
95,'340,Honduras,490,'01323,Oranges,5532,Producer Price (USD/tonne),2004,2004,7021,Annual value,USD,48.300000,A
95,'340,Honduras,490,'01323,Oranges,5532,Producer Price (USD/tonne),2005,2005,7021,Annual value,USD,70.100000,A
95,'340,Honduras,490,'01323,Oranges,5532,Producer Price (USD/tonne),2006,2006,7021,Annual value,USD,93.100000,A
95,'340,Honduras,490,'01323,Oranges,5532,Producer Price (USD/tonne),2007,2007,7021,Annual value,USD,116.400000,A
95,'340,Honduras,490,'01323,Oranges,5532,Producer Price (USD/tonne),2008,2008,7021,Annual value,USD,104.700000,A
95,'340,Honduras,490,'01323,Oranges,5539,Producer Price Index (2014-2016 = 100),1991,1991,7021,Annual value,,5.600000,E
95,'340,Honduras,490,'01323,Oranges,5539,Producer Price Index (2014-2016 = 100),1992,1992,7021,Annual value,,6.200000,E
95,'340,Honduras,490,'01323,Oranges,5539,Producer Price Index (2014-2016 = 100),1993,1993,7021,Annual value,,7.210000,E
95,'340,Honduras,490,'01323,Oranges,5539,Producer Price Index (2014-2016 = 100),1994,1994,7021,Annual value,,9.350000,E
95,'340,Honduras,490,'01323,Oranges,5539,Producer Price Index (2014-2016 = 100),1995,1995,7021,Annual value,,9.720000,E
95,'340,Honduras,490,'01323,Oranges,5539,Producer Price Index (2014-2016 = 100),1996,1996,7021,Annual value,,9.810000,E
95,'340,Honduras,490,'01323,Oranges,5539,Producer Price Index (2014-2016 = 100),1997,1997,7021,Annual value,,9.810000,E
95,'340,Honduras,490,'01323,Oranges,5539,Producer Price Index (2014-2016 = 100),1998,1998,7021,Annual value,,9.900000,E
95,'340,Honduras,490,'01323,Oranges,5539,Producer Price Index (2014-2016 = 100),1999,1999,7021,Annual value,,10.100000,E
95,'340,Honduras,490,'01323,Oranges,5539,Producer Price Index (2014-2016 = 100),2000,2000,7021,Annual value,,10.100000,E
95,'340,Honduras,490,'01323,Oranges,5539,Producer Price Index (2014-2016 = 100),2001,2001,7021,Annual value,,10.240000,E
95,'340,Honduras,490,'01323,Oranges,5539,Producer Price Index (2014-2016 = 100),2002,2002,7021,Annual value,,10.390000,E
95,'340,Honduras,490,'01323,Oranges,5539,Producer Price Index (2014-2016 = 100),2003,2003,7021,Annual value,,19.910000,E
95,'340,Honduras,490,'01323,Oranges,5539,Producer Price Index (2014-2016 = 100),2004,2004,7021,Annual value,,25.390000,E
95,'340,Honduras,490,'01323,Oranges,5539,Producer Price Index (2014-2016 = 100),2005,2005,7021,Annual value,,38.080000,E
95,'340,Honduras,490,'01323,Oranges,5539,Producer Price Index (2014-2016 = 100),2006,2006,7021,Annual value,,50.780000,E
95,'340,Honduras,490,'01323,Oranges,5539,Producer Price Index (2014-2016 = 100),2007,2007,7021,Annual value,,63.470000,E
95,'340,Honduras,490,'01323,Oranges,5539,Producer Price Index (2014-2016 = 100),2008,2008,7021,Annual value,,57.120000,E
95,'340,Honduras,490,'01323,Oranges,5539,Producer Price Index (2014-2016 = 100),2009,2009,7021,Annual value,,58.180000,E
95,'340,Honduras,490,'01323,Oranges,5539,Producer Price Index (2014-2016 = 100),2010,2010,7021,Annual value,,68.080000,E
95,'340,Honduras,490,'01323,Oranges,5539,Producer Price Index (2014-2016 = 100),2011,2011,7021,Annual value,,75.640000,E
95,'340,Honduras,490,'01323,Oranges,5539,Producer Price Index (2014-2016 = 100),2012,2012,7021,Annual value,,81.730000,E
95,'340,Honduras,490,'01323,Oranges,5539,Producer Price Index (2014-2016 = 100),2013,2013,7021,Annual value,,87.820000,E
95,'340,Honduras,490,'01323,Oranges,5539,Producer Price Index (2014-2016 = 100),2014,2014,7021,Annual value,,93.910000,E
95,'340,Honduras,490,'01323,Oranges,5539,Producer Price Index (2014-2016 = 100),2015,2015,7021,Annual value,,100.000000,E
95,'340,Honduras,490,'01323,Oranges,5539,Producer Price Index (2014-2016 = 100),2016,2016,7021,Annual value,,106.090000,E
95,'340,Honduras,490,'01323,Oranges,5539,Producer Price Index (2014-2016 = 100),2017,2017,7021,Annual value,,112.180000,E
95,'340,Honduras,490,'01323,Oranges,5539,Producer Price Index (2014-2016 = 100),2018,2018,7021,Annual value,,118.270000,E
95,'340,Honduras,490,'01323,Oranges,5539,Producer Price Index (2014-2016 = 100),2019,2019,7021,Annual value,,124.360000,E
95,'340,Honduras,490,'01323,Oranges,5539,Producer Price Index (2014-2016 = 100),2020,2020,7021,Annual value,,130.390000,E
95,'340,Honduras,490,'01323,Oranges,5539,Producer Price Index (2014-2016 = 100),2021,2021,7021,Annual value,,138.310000,E
95,'340,Honduras,490,'01323,Oranges,5539,Producer Price Index (2014-2016 = 100),2022,2022,7021,Annual value,,139.340000,E
95,'340,Honduras,490,'01323,Oranges,5539,Producer Price Index (2014-2016 = 100),2023,2023,7021,Annual value,,144.660000,E
95,'340,Honduras,490,'01323,Oranges,5539,Producer Price Index (2014-2016 = 100),2024,2024,7021,Annual value,,149.970000,E
95,'340,Honduras,490,'01323,Oranges,5539,Producer Price Index (2014-2016 = 100),2025,2025,7021,Annual value,,155.290000,E
95,'340,Honduras,512,'01329,"Other citrus fruit, n.e.c.",5530,Producer Price (LCU/tonne),2007,2007,7021,Annual value,LCU,3520.000000,A
95,'340,Honduras,512,'01329,"Other citrus fruit, n.e.c.",5530,Producer Price (LCU/tonne),2008,2008,7021,Annual value,LCU,3580.000000,A
95,'340,Honduras,512,'01329,"Other citrus fruit, n.e.c.",5531,Producer Price (SLC/tonne),2007,2007,7021,Annual value,SLC,3520.000000,A
95,'340,Honduras,512,'01329,"Other citrus fruit, n.e.c.",5531,Producer Price (SLC/tonne),2008,2008,7021,Annual value,SLC,3580.000000,A
95,'340,Honduras,512,'01329,"Other citrus fruit, n.e.c.",5532,Producer Price (USD/tonne),2007,2007,7021,Annual value,USD,186.300000,A
95,'340,Honduras,512,'01329,"Other citrus fruit, n.e.c.",5532,Producer Price (USD/tonne),2008,2008,7021,Annual value,USD,189.400000,A
95,'340,Honduras,512,'01329,"Other citrus fruit, n.e.c.",5539,Producer Price Index (2014-2016 = 100),1991,1991,7021,Annual value,,10.300000,E
95,'340,Honduras,512,'01329,"Other citrus fruit, n.e.c.",5539,Producer Price Index (2014-2016 = 100),1992,1992,7021,Annual value,,11.330000,E
95,'340,Honduras,512,'01329,"Other citrus fruit, n.e.c.",5539,Producer Price Index (2014-2016 = 100),1993,1993,7021,Annual value,,12.870000,E
95,'340,Honduras,512,'01329,"Other citrus fruit, n.e.c.",5539,Producer Price Index (2014-2016 = 100),1994,1994,7021,Annual value,,16.690000,E
95,'340,Honduras,512,'01329,"Other citrus fruit, n.e.c.",5539,Producer Price Index (2014-2016 = 100),1995,1995,7021,Annual value,,17.350000,E
95,'340,Honduras,512,'01329,"Other citrus fruit, n.e.c.",5539,Producer Price Index (2014-2016 = 100),1996,1996,7021,Annual value,,17.510000,E
95,'340,Honduras,512,'01329,"Other citrus fruit, n.e.c.",5539,Producer Price Index (2014-2016 = 100),1997,1997,7021,Annual value,,17.510000,E
95,'340,Honduras,512,'01329,"Other citrus fruit, n.e.c.",5539,Producer Price Index (2014-2016 = 100),1998,1998,7021,Annual value,,17.670000,E
95,'340,Honduras,512,'01329,"Other citrus fruit, n.e.c.",5539,Producer Price Index (2014-2016 = 100),1999,1999,7021,Annual value,,18.020000,E
95,'340,Honduras,512,'01329,"Other citrus fruit, n.e.c.",5539,Producer Price Index (2014-2016 = 100),2000,2000,7021,Annual value,,18.020000,E
95,'340,Honduras,512,'01329,"Other citrus fruit, n.e.c.",5539,Producer Price Index (2014-2016 = 100),2001,2001,7021,Annual value,,18.290000,E
95,'340,Honduras,512,'01329,"Other citrus fruit, n.e.c.",5539,Producer Price Index (2014-2016 = 100),2002,2002,7021,Annual value,,18.550000,E
95,'340,Honduras,512,'01329,"Other citrus fruit, n.e.c.",5539,Producer Price Index (2014-2016 = 100),2003,2003,7021,Annual value,,35.560000,E
95,'340,Honduras,512,'01329,"Other citrus fruit, n.e.c.",5539,Producer Price Index (2014-2016 = 100),2004,2004,7021,Annual value,,45.360000,E
95,'340,Honduras,512,'01329,"Other citrus fruit, n.e.c.",5539,Producer Price Index (2014-2016 = 100),2005,2005,7021,Annual value,,68.040000,E
95,'340,Honduras,512,'01329,"Other citrus fruit, n.e.c.",5539,Producer Price Index (2014-2016 = 100),2006,2006,7021,Annual value,,90.710000,E
95,'340,Honduras,512,'01329,"Other citrus fruit, n.e.c.",5539,Producer Price Index (2014-2016 = 100),2007,2007,7021,Annual value,,62.500000,E
95,'340,Honduras,512,'01329,"Other citrus fruit, n.e.c.",5539,Producer Price Index (2014-2016 = 100),2008,2008,7021,Annual value,,63.560000,E
95,'340,Honduras,512,'01329,"Other citrus fruit, n.e.c.",5539,Producer Price Index (2014-2016 = 100),2009,2009,7021,Annual value,,62.170000,E
95,'340,Honduras,512,'01329,"Other citrus fruit, n.e.c.",5539,Producer Price Index (2014-2016 = 100),2010,2010,7021,Annual value,,79.590000,E
95,'340,Honduras,512,'01329,"Other citrus fruit, n.e.c.",5539,Producer Price Index (2014-2016 = 100),2011,2011,7021,Annual value,,83.040000,E
95,'340,Honduras,512,'01329,"Other citrus fruit, n.e.c.",5539,Producer Price Index (2014-2016 = 100),2012,2012,7021,Annual value,,87.280000,E
95,'340,Honduras,512,'01329,"Other citrus fruit, n.e.c.",5539,Producer Price Index (2014-2016 = 100),2013,2013,7021,Annual value,,91.520000,E
95,'340,Honduras,512,'01329,"Other citrus fruit, n.e.c.",5539,Producer Price Index (2014-2016 = 100),2014,2014,7021,Annual value,,95.760000,E
95,'340,Honduras,512,'01329,"Other citrus fruit, n.e.c.",5539,Producer Price Index (2014-2016 = 100),2015,2015,7021,Annual value,,100.000000,E
95,'340,Honduras,512,'01329,"Other citrus fruit, n.e.c.",5539,Producer Price Index (2014-2016 = 100),2016,2016,7021,Annual value,,104.240000,E
95,'340,Honduras,512,'01329,"Other citrus fruit, n.e.c.",5539,Producer Price Index (2014-2016 = 100),2017,2017,7021,Annual value,,108.480000,E
95,'340,Honduras,512,'01329,"Other citrus fruit, n.e.c.",5539,Producer Price Index (2014-2016 = 100),2018,2018,7021,Annual value,,112.720000,E
95,'340,Honduras,512,'01329,"Other citrus fruit, n.e.c.",5539,Producer Price Index (2014-2016 = 100),2019,2019,7021,Annual value,,116.960000,E
95,'340,Honduras,512,'01329,"Other citrus fruit, n.e.c.",5539,Producer Price Index (2014-2016 = 100),2020,2020,7021,Annual value,,117.790000,E
95,'340,Honduras,512,'01329,"Other citrus fruit, n.e.c.",5539,Producer Price Index (2014-2016 = 100),2021,2021,7021,Annual value,,122.310000,E
95,'340,Honduras,512,'01329,"Other citrus fruit, n.e.c.",5539,Producer Price Index (2014-2016 = 100),2022,2022,7021,Annual value,,121.180000,E
95,'340,Honduras,512,'01329,"Other citrus fruit, n.e.c.",5539,Producer Price Index (2014-2016 = 100),2023,2023,7021,Annual value,,123.830000,E
95,'340,Honduras,512,'01329,"Other citrus fruit, n.e.c.",5539,Producer Price Index (2014-2016 = 100),2024,2024,7021,Annual value,,126.490000,E
95,'340,Honduras,512,'01329,"Other citrus fruit, n.e.c.",5539,Producer Price Index (2014-2016 = 100),2025,2025,7021,Annual value,,129.140000,E
95,'340,Honduras,619,'01359.90,"Other fruits, n.e.c.",5539,Producer Price Index (2014-2016 = 100),1991,1991,7021,Annual value,,5.360000,E
95,'340,Honduras,619,'01359.90,"Other fruits, n.e.c.",5539,Producer Price Index (2014-2016 = 100),1992,1992,7021,Annual value,,7.370000,E
95,'340,Honduras,619,'01359.90,"Other fruits, n.e.c.",5539,Producer Price Index (2014-2016 = 100),1993,1993,7021,Annual value,,9.360000,E
95,'340,Honduras,619,'01359.90,"Other fruits, n.e.c.",5539,Producer Price Index (2014-2016 = 100),1994,1994,7021,Annual value,,12.830000,E
95,'340,Honduras,619,'01359.90,"Other fruits, n.e.c.",5539,Producer Price Index (2014-2016 = 100),1995,1995,7021,Annual value,,15.140000,E
95,'340,Honduras,619,'01359.90,"Other fruits, n.e.c.",5539,Producer Price Index (2014-2016 = 100),1996,1996,7021,Annual value,,17.430000,E
95,'340,Honduras,619,'01359.90,"Other fruits, n.e.c.",5539,Producer Price Index (2014-2016 = 100),1997,1997,7021,Annual value,,17.280000,E
95,'340,Honduras,619,'01359.90,"Other fruits, n.e.c.",5539,Producer Price Index (2014-2016 = 100),1998,1998,7021,Annual value,,17.410000,E
95,'340,Honduras,619,'01359.90,"Other fruits, n.e.c.",5539,Producer Price Index (2014-2016 = 100),1999,1999,7021,Annual value,,17.600000,E
95,'340,Honduras,619,'01359.90,"Other fruits, n.e.c.",5539,Producer Price Index (2014-2016 = 100),2000,2000,7021,Annual value,,19.870000,E
95,'340,Honduras,619,'01359.90,"Other fruits, n.e.c.",5539,Producer Price Index (2014-2016 = 100),2001,2001,7021,Annual value,,21.510000,E
95,'340,Honduras,619,'01359.90,"Other fruits, n.e.c.",5539,Producer Price Index (2014-2016 = 100),2002,2002,7021,Annual value,,21.760000,E
95,'340,Honduras,619,'01359.90,"Other fruits, n.e.c.",5539,Producer Price Index (2014-2016 = 100),2003,2003,7021,Annual value,,34.630000,E
95,'340,Honduras,619,'01359.90,"Other fruits, n.e.c.",5539,Producer Price Index (2014-2016 = 100),2004,2004,7021,Annual value,,45.460000,E
95,'340,Honduras,619,'01359.90,"Other fruits, n.e.c.",5539,Producer Price Index (2014-2016 = 100),2005,2005,7021,Annual value,,50.230000,E
95,'340,Honduras,619,'01359.90,"Other fruits, n.e.c.",5539,Producer Price Index (2014-2016 = 100),2006,2006,7021,Annual value,,52.670000,E
95,'340,Honduras,619,'01359.90,"Other fruits, n.e.c.",5539,Producer Price Index (2014-2016 = 100),2007,2007,7021,Annual value,,58.230000,E
95,'340,Honduras,619,'01359.90,"Other fruits, n.e.c.",5539,Producer Price Index (2014-2016 = 100),2008,2008,7021,Annual value,,61.310000,E
95,'340,Honduras,619,'01359.90,"Other fruits, n.e.c.",5539,Producer Price Index (2014-2016 = 100),2009,2009,7021,Annual value,,64.490000,E
95,'340,Honduras,619,'01359.90,"Other fruits, n.e.c.",5539,Producer Price Index (2014-2016 = 100),2010,2010,7021,Annual value,,76.420000,E
95,'340,Honduras,619,'01359.90,"Other fruits, n.e.c.",5539,Producer Price Index (2014-2016 = 100),2011,2011,7021,Annual value,,78.600000,E
95,'340,Honduras,619,'01359.90,"Other fruits, n.e.c.",5539,Producer Price Index (2014-2016 = 100),2012,2012,7021,Annual value,,83.950000,E
95,'340,Honduras,619,'01359.90,"Other fruits, n.e.c.",5539,Producer Price Index (2014-2016 = 100),2013,2013,7021,Annual value,,89.300000,E
95,'340,Honduras,619,'01359.90,"Other fruits, n.e.c.",5539,Producer Price Index (2014-2016 = 100),2014,2014,7021,Annual value,,94.650000,E
95,'340,Honduras,619,'01359.90,"Other fruits, n.e.c.",5539,Producer Price Index (2014-2016 = 100),2015,2015,7021,Annual value,,100.000000,E
95,'340,Honduras,619,'01359.90,"Other fruits, n.e.c.",5539,Producer Price Index (2014-2016 = 100),2016,2016,7021,Annual value,,105.350000,E
95,'340,Honduras,619,'01359.90,"Other fruits, n.e.c.",5539,Producer Price Index (2014-2016 = 100),2017,2017,7021,Annual value,,110.700000,E
95,'340,Honduras,619,'01359.90,"Other fruits, n.e.c.",5539,Producer Price Index (2014-2016 = 100),2018,2018,7021,Annual value,,116.050000,E
95,'340,Honduras,619,'01359.90,"Other fruits, n.e.c.",5539,Producer Price Index (2014-2016 = 100),2019,2019,7021,Annual value,,121.400000,E
95,'340,Honduras,619,'01359.90,"Other fruits, n.e.c.",5539,Producer Price Index (2014-2016 = 100),2020,2020,7021,Annual value,,126.750000,E
95,'340,Honduras,619,'01359.90,"Other fruits, n.e.c.",5539,Producer Price Index (2014-2016 = 100),2021,2021,7021,Annual value,,132.310000,E
95,'340,Honduras,619,'01359.90,"Other fruits, n.e.c.",5539,Producer Price Index (2014-2016 = 100),2022,2022,7021,Annual value,,136.550000,E
95,'340,Honduras,619,'01359.90,"Other fruits, n.e.c.",5539,Producer Price Index (2014-2016 = 100),2023,2023,7021,Annual value,,141.740000,E
95,'340,Honduras,619,'01359.90,"Other fruits, n.e.c.",5539,Producer Price Index (2014-2016 = 100),2024,2024,7021,Annual value,,146.920000,E
95,'340,Honduras,619,'01359.90,"Other fruits, n.e.c.",5539,Producer Price Index (2014-2016 = 100),2025,2025,7021,Annual value,,152.110000,E
95,'340,Honduras,463,'01290.90,"Other vegetables, fresh n.e.c.",5539,Producer Price Index (2014-2016 = 100),1991,1991,7021,Annual value,,8.720000,E
95,'340,Honduras,463,'01290.90,"Other vegetables, fresh n.e.c.",5539,Producer Price Index (2014-2016 = 100),1992,1992,7021,Annual value,,12.200000,E
95,'340,Honduras,463,'01290.90,"Other vegetables, fresh n.e.c.",5539,Producer Price Index (2014-2016 = 100),1993,1993,7021,Annual value,,17.090000,E
95,'340,Honduras,463,'01290.90,"Other vegetables, fresh n.e.c.",5539,Producer Price Index (2014-2016 = 100),1994,1994,7021,Annual value,,23.590000,E
95,'340,Honduras,463,'01290.90,"Other vegetables, fresh n.e.c.",5539,Producer Price Index (2014-2016 = 100),1995,1995,7021,Annual value,,28.200000,E
95,'340,Honduras,463,'01290.90,"Other vegetables, fresh n.e.c.",5539,Producer Price Index (2014-2016 = 100),1996,1996,7021,Annual value,,33.680000,E
95,'340,Honduras,463,'01290.90,"Other vegetables, fresh n.e.c.",5539,Producer Price Index (2014-2016 = 100),1997,1997,7021,Annual value,,40.270000,E
95,'340,Honduras,463,'01290.90,"Other vegetables, fresh n.e.c.",5539,Producer Price Index (2014-2016 = 100),1998,1998,7021,Annual value,,43.860000,E
95,'340,Honduras,463,'01290.90,"Other vegetables, fresh n.e.c.",5539,Producer Price Index (2014-2016 = 100),1999,1999,7021,Annual value,,47.780000,E
95,'340,Honduras,463,'01290.90,"Other vegetables, fresh n.e.c.",5539,Producer Price Index (2014-2016 = 100),2000,2000,7021,Annual value,,52.060000,E
95,'340,Honduras,463,'01290.90,"Other vegetables, fresh n.e.c.",5539,Producer Price Index (2014-2016 = 100),2001,2001,7021,Annual value,,56.710000,E
95,'340,Honduras,463,'01290.90,"Other vegetables, fresh n.e.c.",5539,Producer Price Index (2014-2016 = 100),2002,2002,7021,Annual value,,62.910000,E
95,'340,Honduras,463,'01290.90,"Other vegetables, fresh n.e.c.",5539,Producer Price Index (2014-2016 = 100),2003,2003,7021,Annual value,,56.910000,E
95,'340,Honduras,463,'01290.90,"Other vegetables, fresh n.e.c.",5539,Producer Price Index (2014-2016 = 100),2004,2004,7021,Annual value,,59.920000,E
95,'340,Honduras,463,'01290.90,"Other vegetables, fresh n.e.c.",5539,Producer Price Index (2014-2016 = 100),2005,2005,7021,Annual value,,69.120000,E
95,'340,Honduras,463,'01290.90,"Other vegetables, fresh n.e.c.",5539,Producer Price Index (2014-2016 = 100),2006,2006,7021,Annual value,,68.350000,E
95,'340,Honduras,463,'01290.90,"Other vegetables, fresh n.e.c.",5539,Producer Price Index (2014-2016 = 100),2007,2007,7021,Annual value,,73.660000,E
95,'340,Honduras,463,'01290.90,"Other vegetables, fresh n.e.c.",5539,Producer Price Index (2014-2016 = 100),2008,2008,7021,Annual value,,82.790000,E
95,'340,Honduras,463,'01290.90,"Other vegetables, fresh n.e.c.",5539,Producer Price Index (2014-2016 = 100),2009,2009,7021,Annual value,,86.730000,E
95,'340,Honduras,463,'01290.90,"Other vegetables, fresh n.e.c.",5539,Producer Price Index (2014-2016 = 100),2010,2010,7021,Annual value,,85.160000,E
95,'340,Honduras,463,'01290.90,"Other vegetables, fresh n.e.c.",5539,Producer Price Index (2014-2016 = 100),2011,2011,7021,Annual value,,87.890000,E
95,'340,Honduras,463,'01290.90,"Other vegetables, fresh n.e.c.",5539,Producer Price Index (2014-2016 = 100),2012,2012,7021,Annual value,,90.920000,E
95,'340,Honduras,463,'01290.90,"Other vegetables, fresh n.e.c.",5539,Producer Price Index (2014-2016 = 100),2013,2013,7021,Annual value,,93.940000,E
95,'340,Honduras,463,'01290.90,"Other vegetables, fresh n.e.c.",5539,Producer Price Index (2014-2016 = 100),2014,2014,7021,Annual value,,96.970000,E
95,'340,Honduras,463,'01290.90,"Other vegetables, fresh n.e.c.",5539,Producer Price Index (2014-2016 = 100),2015,2015,7021,Annual value,,100.000000,E
95,'340,Honduras,463,'01290.90,"Other vegetables, fresh n.e.c.",5539,Producer Price Index (2014-2016 = 100),2016,2016,7021,Annual value,,103.030000,E
95,'340,Honduras,463,'01290.90,"Other vegetables, fresh n.e.c.",5539,Producer Price Index (2014-2016 = 100),2017,2017,7021,Annual value,,106.060000,E
95,'340,Honduras,463,'01290.90,"Other vegetables, fresh n.e.c.",5539,Producer Price Index (2014-2016 = 100),2018,2018,7021,Annual value,,109.080000,E
95,'340,Honduras,463,'01290.90,"Other vegetables, fresh n.e.c.",5539,Producer Price Index (2014-2016 = 100),2019,2019,7021,Annual value,,112.110000,E
95,'340,Honduras,463,'01290.90,"Other vegetables, fresh n.e.c.",5539,Producer Price Index (2014-2016 = 100),2020,2020,7021,Annual value,,115.230000,E
95,'340,Honduras,463,'01290.90,"Other vegetables, fresh n.e.c.",5539,Producer Price Index (2014-2016 = 100),2021,2021,7021,Annual value,,119.180000,E
95,'340,Honduras,463,'01290.90,"Other vegetables, fresh n.e.c.",5539,Producer Price Index (2014-2016 = 100),2022,2022,7021,Annual value,,120.330000,E
95,'340,Honduras,463,'01290.90,"Other vegetables, fresh n.e.c.",5539,Producer Price Index (2014-2016 = 100),2023,2023,7021,Annual value,,122.960000,E
95,'340,Honduras,463,'01290.90,"Other vegetables, fresh n.e.c.",5539,Producer Price Index (2014-2016 = 100),2024,2024,7021,Annual value,,125.600000,E
95,'340,Honduras,463,'01290.90,"Other vegetables, fresh n.e.c.",5539,Producer Price Index (2014-2016 = 100),2025,2025,7021,Annual value,,128.230000,E
95,'340,Honduras,256,'01491.02,Palm kernels,5539,Producer Price Index (2014-2016 = 100),1991,1991,7021,Annual value,,16.760000,E
95,'340,Honduras,256,'01491.02,Palm kernels,5539,Producer Price Index (2014-2016 = 100),1992,1992,7021,Annual value,,17.610000,E
95,'340,Honduras,256,'01491.02,Palm kernels,5539,Producer Price Index (2014-2016 = 100),1993,1993,7021,Annual value,,20.170000,E
95,'340,Honduras,256,'01491.02,Palm kernels,5539,Producer Price Index (2014-2016 = 100),1994,1994,7021,Annual value,,26.690000,E
95,'340,Honduras,256,'01491.02,Palm kernels,5539,Producer Price Index (2014-2016 = 100),1995,1995,7021,Annual value,,27.380000,E
95,'340,Honduras,256,'01491.02,Palm kernels,5539,Producer Price Index (2014-2016 = 100),1996,1996,7021,Annual value,,28.240000,E
95,'340,Honduras,256,'01491.02,Palm kernels,5539,Producer Price Index (2014-2016 = 100),1997,1997,7021,Annual value,,28.240000,E
95,'340,Honduras,256,'01491.02,Palm kernels,5539,Producer Price Index (2014-2016 = 100),1998,1998,7021,Annual value,,28.240000,E
95,'340,Honduras,256,'01491.02,Palm kernels,5539,Producer Price Index (2014-2016 = 100),1999,1999,7021,Annual value,,32.070000,E
95,'340,Honduras,256,'01491.02,Palm kernels,5539,Producer Price Index (2014-2016 = 100),2000,2000,7021,Annual value,,35.900000,E
95,'340,Honduras,256,'01491.02,Palm kernels,5539,Producer Price Index (2014-2016 = 100),2001,2001,7021,Annual value,,39.730000,E
95,'340,Honduras,256,'01491.02,Palm kernels,5539,Producer Price Index (2014-2016 = 100),2002,2002,7021,Annual value,,43.560000,E
95,'340,Honduras,256,'01491.02,Palm kernels,5539,Producer Price Index (2014-2016 = 100),2003,2003,7021,Annual value,,47.380000,E
95,'340,Honduras,256,'01491.02,Palm kernels,5539,Producer Price Index (2014-2016 = 100),2004,2004,7021,Annual value,,51.210000,E
95,'340,Honduras,256,'01491.02,Palm kernels,5539,Producer Price Index (2014-2016 = 100),2005,2005,7021,Annual value,,55.040000,E
95,'340,Honduras,256,'01491.02,Palm kernels,5539,Producer Price Index (2014-2016 = 100),2006,2006,7021,Annual value,,57.310000,E
95,'340,Honduras,256,'01491.02,Palm kernels,5539,Producer Price Index (2014-2016 = 100),2007,2007,7021,Annual value,,64.140000,E
95,'340,Honduras,256,'01491.02,Palm kernels,5539,Producer Price Index (2014-2016 = 100),2008,2008,7021,Annual value,,76.570000,E
95,'340,Honduras,256,'01491.02,Palm kernels,5539,Producer Price Index (2014-2016 = 100),2009,2009,7021,Annual value,,78.610000,E
95,'340,Honduras,256,'01491.02,Palm kernels,5539,Producer Price Index (2014-2016 = 100),2010,2010,7021,Annual value,,81.260000,E
95,'340,Honduras,256,'01491.02,Palm kernels,5539,Producer Price Index (2014-2016 = 100),2011,2011,7021,Annual value,,82.660000,E
95,'340,Honduras,256,'01491.02,Palm kernels,5539,Producer Price Index (2014-2016 = 100),2012,2012,7021,Annual value,,86.990000,E
95,'340,Honduras,256,'01491.02,Palm kernels,5539,Producer Price Index (2014-2016 = 100),2013,2013,7021,Annual value,,91.330000,E
95,'340,Honduras,256,'01491.02,Palm kernels,5539,Producer Price Index (2014-2016 = 100),2014,2014,7021,Annual value,,95.660000,E
95,'340,Honduras,256,'01491.02,Palm kernels,5539,Producer Price Index (2014-2016 = 100),2015,2015,7021,Annual value,,100.000000,E
95,'340,Honduras,256,'01491.02,Palm kernels,5539,Producer Price Index (2014-2016 = 100),2016,2016,7021,Annual value,,104.340000,E
95,'340,Honduras,256,'01491.02,Palm kernels,5539,Producer Price Index (2014-2016 = 100),2017,2017,7021,Annual value,,108.670000,E
95,'340,Honduras,256,'01491.02,Palm kernels,5539,Producer Price Index (2014-2016 = 100),2018,2018,7021,Annual value,,113.010000,E
95,'340,Honduras,256,'01491.02,Palm kernels,5539,Producer Price Index (2014-2016 = 100),2019,2019,7021,Annual value,,117.340000,E
95,'340,Honduras,256,'01491.02,Palm kernels,5539,Producer Price Index (2014-2016 = 100),2020,2020,7021,Annual value,,121.460000,E
95,'340,Honduras,256,'01491.02,Palm kernels,5539,Producer Price Index (2014-2016 = 100),2021,2021,7021,Annual value,,126.600000,E
95,'340,Honduras,256,'01491.02,Palm kernels,5539,Producer Price Index (2014-2016 = 100),2022,2022,7021,Annual value,,129.030000,E
95,'340,Honduras,256,'01491.02,Palm kernels,5539,Producer Price Index (2014-2016 = 100),2023,2023,7021,Annual value,,132.840000,E
95,'340,Honduras,256,'01491.02,Palm kernels,5539,Producer Price Index (2014-2016 = 100),2024,2024,7021,Annual value,,136.640000,E
95,'340,Honduras,256,'01491.02,Palm kernels,5539,Producer Price Index (2014-2016 = 100),2025,2025,7021,Annual value,,140.450000,E
95,'340,Honduras,257,'2165,Palm oil,5530,Producer Price (LCU/tonne),2004,2004,7021,Annual value,LCU,13800.000000,A
95,'340,Honduras,257,'2165,Palm oil,5530,Producer Price (LCU/tonne),2005,2005,7021,Annual value,LCU,14000.000000,A
95,'340,Honduras,257,'2165,Palm oil,5530,Producer Price (LCU/tonne),2006,2006,7021,Annual value,LCU,14168.000000,A
95,'340,Honduras,257,'2165,Palm oil,5530,Producer Price (LCU/tonne),2007,2007,7021,Annual value,LCU,14400.000000,A
95,'340,Honduras,257,'2165,Palm oil,5530,Producer Price (LCU/tonne),2008,2008,7021,Annual value,LCU,14930.000000,A
95,'340,Honduras,257,'2165,Palm oil,5530,Producer Price (LCU/tonne),2022,2022,7021,Annual value,LCU,32377.200000,A
95,'340,Honduras,257,'2165,Palm oil,5530,Producer Price (LCU/tonne),2023,2023,7021,Annual value,LCU,22677.600000,A
95,'340,Honduras,257,'2165,Palm oil,5530,Producer Price (LCU/tonne),2024,2024,7021,Annual value,LCU,24551.100000,A
95,'340,Honduras,257,'2165,Palm oil,5530,Producer Price (LCU/tonne),2024,2024,7001,January,LCU,21735.100000,A
95,'340,Honduras,257,'2165,Palm oil,5530,Producer Price (LCU/tonne),2024,2024,7002,February,LCU,21959.000000,A
95,'340,Honduras,257,'2165,Palm oil,5530,Producer Price (LCU/tonne),2024,2024,7003,March,LCU,22231.600000,A
95,'340,Honduras,257,'2165,Palm oil,5530,Producer Price (LCU/tonne),2024,2024,7004,April,LCU,24126.900000,A
95,'340,Honduras,257,'2165,Palm oil,5530,Producer Price (LCU/tonne),2024,2024,7005,May,LCU,24086.900000,A
95,'340,Honduras,257,'2165,Palm oil,5530,Producer Price (LCU/tonne),2024,2024,7006,June,LCU,22608.500000,A
95,'340,Honduras,257,'2165,Palm oil,5530,Producer Price (LCU/tonne),2024,2024,7007,July,LCU,23480.900000,A
95,'340,Honduras,257,'2165,Palm oil,5530,Producer Price (LCU/tonne),2024,2024,7008,August,LCU,23763.700000,A
95,'340,Honduras,257,'2165,Palm oil,5530,Producer Price (LCU/tonne),2024,2024,7009,September,LCU,24565.300000,A
95,'340,Honduras,257,'2165,Palm oil,5530,Producer Price (LCU/tonne),2024,2024,7010,October,LCU,26080.800000,A
95,'340,Honduras,257,'2165,Palm oil,5530,Producer Price (LCU/tonne),2024,2024,7011,November,LCU,28518.100000,A
95,'340,Honduras,257,'2165,Palm oil,5530,Producer Price (LCU/tonne),2024,2024,7012,December,LCU,31322.100000,A
95,'340,Honduras,257,'2165,Palm oil,5530,Producer Price (LCU/tonne),2025,2025,7001,January,LCU,31900.500000,A
95,'340,Honduras,257,'2165,Palm oil,5531,Producer Price (SLC/tonne),2004,2004,7021,Annual value,SLC,13800.000000,A
95,'340,Honduras,257,'2165,Palm oil,5531,Producer Price (SLC/tonne),2005,2005,7021,Annual value,SLC,14000.000000,A
95,'340,Honduras,257,'2165,Palm oil,5531,Producer Price (SLC/tonne),2006,2006,7021,Annual value,SLC,14168.000000,A
95,'340,Honduras,257,'2165,Palm oil,5531,Producer Price (SLC/tonne),2007,2007,7021,Annual value,SLC,14400.000000,A
95,'340,Honduras,257,'2165,Palm oil,5531,Producer Price (SLC/tonne),2008,2008,7021,Annual value,SLC,14930.000000,A
95,'340,Honduras,257,'2165,Palm oil,5531,Producer Price (SLC/tonne),2022,2022,7021,Annual value,SLC,32377.200000,A
95,'340,Honduras,257,'2165,Palm oil,5531,Producer Price (SLC/tonne),2023,2023,7021,Annual value,SLC,22677.600000,A
95,'340,Honduras,257,'2165,Palm oil,5531,Producer Price (SLC/tonne),2024,2024,7021,Annual value,SLC,24551.100000,A
95,'340,Honduras,257,'2165,Palm oil,5532,Producer Price (USD/tonne),2004,2004,7021,Annual value,USD,758.000000,A
95,'340,Honduras,257,'2165,Palm oil,5532,Producer Price (USD/tonne),2005,2005,7021,Annual value,USD,743.400000,A
95,'340,Honduras,257,'2165,Palm oil,5532,Producer Price (USD/tonne),2006,2006,7021,Annual value,USD,749.800000,A
95,'340,Honduras,257,'2165,Palm oil,5532,Producer Price (USD/tonne),2007,2007,7021,Annual value,USD,762.100000,A
95,'340,Honduras,257,'2165,Palm oil,5532,Producer Price (USD/tonne),2008,2008,7021,Annual value,USD,789.800000,A
95,'340,Honduras,257,'2165,Palm oil,5532,Producer Price (USD/tonne),2022,2022,7021,Annual value,USD,1322.300000,A
95,'340,Honduras,257,'2165,Palm oil,5532,Producer Price (USD/tonne),2023,2023,7021,Annual value,USD,921.800000,A
95,'340,Honduras,257,'2165,Palm oil,5532,Producer Price (USD/tonne),2024,2024,7021,Annual value,USD,990.000000,A
95,'340,Honduras,257,'2165,Palm oil,5539,Producer Price Index (2014-2016 = 100),1991,1991,7021,Annual value,,5.040000,E
95,'340,Honduras,257,'2165,Palm oil,5539,Producer Price Index (2014-2016 = 100),1992,1992,7021,Annual value,,6.000000,E
95,'340,Honduras,257,'2165,Palm oil,5539,Producer Price Index (2014-2016 = 100),1993,1993,7021,Annual value,,8.330000,E
95,'340,Honduras,257,'2165,Palm oil,5539,Producer Price Index (2014-2016 = 100),1994,1994,7021,Annual value,,8.890000,E
95,'340,Honduras,257,'2165,Palm oil,5539,Producer Price Index (2014-2016 = 100),1995,1995,7021,Annual value,,15.410000,E
95,'340,Honduras,257,'2165,Palm oil,5539,Producer Price Index (2014-2016 = 100),1996,1996,7021,Annual value,,24.130000,E
95,'340,Honduras,257,'2165,Palm oil,5539,Producer Price Index (2014-2016 = 100),1997,1997,7021,Annual value,,31.400000,E
95,'340,Honduras,257,'2165,Palm oil,5539,Producer Price Index (2014-2016 = 100),1998,1998,7021,Annual value,,36.330000,E
95,'340,Honduras,257,'2165,Palm oil,5539,Producer Price Index (2014-2016 = 100),1999,1999,7021,Annual value,,41.260000,E
95,'340,Honduras,257,'2165,Palm oil,5539,Producer Price Index (2014-2016 = 100),2000,2000,7021,Annual value,,46.180000,E
95,'340,Honduras,257,'2165,Palm oil,5539,Producer Price Index (2014-2016 = 100),2001,2001,7021,Annual value,,51.110000,E
95,'340,Honduras,257,'2165,Palm oil,5539,Producer Price Index (2014-2016 = 100),2002,2002,7021,Annual value,,56.040000,E
95,'340,Honduras,257,'2165,Palm oil,5539,Producer Price Index (2014-2016 = 100),2003,2003,7021,Annual value,,60.960000,E
95,'340,Honduras,257,'2165,Palm oil,5539,Producer Price Index (2014-2016 = 100),2004,2004,7021,Annual value,,65.890000,E
95,'340,Honduras,257,'2165,Palm oil,5539,Producer Price Index (2014-2016 = 100),2005,2005,7021,Annual value,,66.850000,E
95,'340,Honduras,257,'2165,Palm oil,5539,Producer Price Index (2014-2016 = 100),2006,2006,7021,Annual value,,67.650000,E
95,'340,Honduras,257,'2165,Palm oil,5539,Producer Price Index (2014-2016 = 100),2007,2007,7021,Annual value,,68.760000,E
95,'340,Honduras,257,'2165,Palm oil,5539,Producer Price Index (2014-2016 = 100),2008,2008,7021,Annual value,,71.290000,E
95,'340,Honduras,257,'2165,Palm oil,5539,Producer Price Index (2014-2016 = 100),2009,2009,7021,Annual value,,73.570000,E
95,'340,Honduras,257,'2165,Palm oil,5539,Producer Price Index (2014-2016 = 100),2010,2010,7021,Annual value,,82.410000,E
95,'340,Honduras,257,'2165,Palm oil,5539,Producer Price Index (2014-2016 = 100),2011,2011,7021,Annual value,,85.900000,E
95,'340,Honduras,257,'2165,Palm oil,5539,Producer Price Index (2014-2016 = 100),2012,2012,7021,Annual value,,89.430000,E
95,'340,Honduras,257,'2165,Palm oil,5539,Producer Price Index (2014-2016 = 100),2013,2013,7021,Annual value,,92.950000,E
95,'340,Honduras,257,'2165,Palm oil,5539,Producer Price Index (2014-2016 = 100),2014,2014,7021,Annual value,,96.480000,E
95,'340,Honduras,257,'2165,Palm oil,5539,Producer Price Index (2014-2016 = 100),2015,2015,7021,Annual value,,100.000000,E
95,'340,Honduras,257,'2165,Palm oil,5539,Producer Price Index (2014-2016 = 100),2016,2016,7021,Annual value,,103.520000,E
95,'340,Honduras,257,'2165,Palm oil,5539,Producer Price Index (2014-2016 = 100),2017,2017,7021,Annual value,,107.050000,E
95,'340,Honduras,257,'2165,Palm oil,5539,Producer Price Index (2014-2016 = 100),2018,2018,7021,Annual value,,110.570000,E
95,'340,Honduras,257,'2165,Palm oil,5539,Producer Price Index (2014-2016 = 100),2019,2019,7021,Annual value,,114.100000,E
95,'340,Honduras,257,'2165,Palm oil,5539,Producer Price Index (2014-2016 = 100),2020,2020,7021,Annual value,,120.960000,E
95,'340,Honduras,257,'2165,Palm oil,5539,Producer Price Index (2014-2016 = 100),2021,2021,7021,Annual value,,126.580000,E
95,'340,Honduras,257,'2165,Palm oil,5539,Producer Price Index (2014-2016 = 100),2022,2022,7021,Annual value,,154.590000,E
95,'340,Honduras,257,'2165,Palm oil,5539,Producer Price Index (2014-2016 = 100),2023,2023,7021,Annual value,,108.280000,E
95,'340,Honduras,257,'2165,Palm oil,5539,Producer Price Index (2014-2016 = 100),2024,2024,7021,Annual value,,117.220000,E
95,'340,Honduras,257,'2165,Palm oil,5539,Producer Price Index (2014-2016 = 100),2025,2025,7021,Annual value,,149.090000,E
95,'340,Honduras,600,'01317,Papayas,5530,Producer Price (LCU/tonne),2004,2004,7021,Annual value,LCU,4840.000000,A
95,'340,Honduras,600,'01317,Papayas,5530,Producer Price (LCU/tonne),2005,2005,7021,Annual value,LCU,5060.000000,A
95,'340,Honduras,600,'01317,Papayas,5530,Producer Price (LCU/tonne),2006,2006,7021,Annual value,LCU,5500.000000,A
95,'340,Honduras,600,'01317,Papayas,5530,Producer Price (LCU/tonne),2007,2007,7021,Annual value,LCU,7700.000000,A
95,'340,Honduras,600,'01317,Papayas,5530,Producer Price (LCU/tonne),2008,2008,7021,Annual value,LCU,8030.000000,A
95,'340,Honduras,600,'01317,Papayas,5531,Producer Price (SLC/tonne),2004,2004,7021,Annual value,SLC,4840.000000,A
95,'340,Honduras,600,'01317,Papayas,5531,Producer Price (SLC/tonne),2005,2005,7021,Annual value,SLC,5060.000000,A
95,'340,Honduras,600,'01317,Papayas,5531,Producer Price (SLC/tonne),2006,2006,7021,Annual value,SLC,5500.000000,A
95,'340,Honduras,600,'01317,Papayas,5531,Producer Price (SLC/tonne),2007,2007,7021,Annual value,SLC,7700.000000,A
95,'340,Honduras,600,'01317,Papayas,5531,Producer Price (SLC/tonne),2008,2008,7021,Annual value,SLC,8030.000000,A
95,'340,Honduras,600,'01317,Papayas,5532,Producer Price (USD/tonne),2004,2004,7021,Annual value,USD,265.800000,A
95,'340,Honduras,600,'01317,Papayas,5532,Producer Price (USD/tonne),2005,2005,7021,Annual value,USD,268.700000,A
95,'340,Honduras,600,'01317,Papayas,5532,Producer Price (USD/tonne),2006,2006,7021,Annual value,USD,291.100000,A
95,'340,Honduras,600,'01317,Papayas,5532,Producer Price (USD/tonne),2007,2007,7021,Annual value,USD,407.500000,A
95,'340,Honduras,600,'01317,Papayas,5532,Producer Price (USD/tonne),2008,2008,7021,Annual value,USD,424.800000,A
95,'340,Honduras,600,'01317,Papayas,5539,Producer Price Index (2014-2016 = 100),1991,1991,7021,Annual value,,2.860000,E
95,'340,Honduras,600,'01317,Papayas,5539,Producer Price Index (2014-2016 = 100),1992,1992,7021,Annual value,,4.020000,E
95,'340,Honduras,600,'01317,Papayas,5539,Producer Price Index (2014-2016 = 100),1993,1993,7021,Annual value,,5.650000,E
95,'340,Honduras,600,'01317,Papayas,5539,Producer Price Index (2014-2016 = 100),1994,1994,7021,Annual value,,7.930000,E
95,'340,Honduras,600,'01317,Papayas,5539,Producer Price Index (2014-2016 = 100),1995,1995,7021,Annual value,,9.470000,E
95,'340,Honduras,600,'01317,Papayas,5539,Producer Price Index (2014-2016 = 100),1996,1996,7021,Annual value,,16.990000,E
95,'340,Honduras,600,'01317,Papayas,5539,Producer Price Index (2014-2016 = 100),1997,1997,7021,Annual value,,19.890000,E
95,'340,Honduras,600,'01317,Papayas,5539,Producer Price Index (2014-2016 = 100),1998,1998,7021,Annual value,,21.660000,E
95,'340,Honduras,600,'01317,Papayas,5539,Producer Price Index (2014-2016 = 100),1999,1999,7021,Annual value,,23.590000,E
95,'340,Honduras,600,'01317,Papayas,5539,Producer Price Index (2014-2016 = 100),2000,2000,7021,Annual value,,25.700000,E
95,'340,Honduras,600,'01317,Papayas,5539,Producer Price Index (2014-2016 = 100),2001,2001,7021,Annual value,,27.980000,E
95,'340,Honduras,600,'01317,Papayas,5539,Producer Price Index (2014-2016 = 100),2002,2002,7021,Annual value,,30.470000,E
95,'340,Honduras,600,'01317,Papayas,5539,Producer Price Index (2014-2016 = 100),2003,2003,7021,Annual value,,34.110000,E
95,'340,Honduras,600,'01317,Papayas,5539,Producer Price Index (2014-2016 = 100),2004,2004,7021,Annual value,,46.780000,E
95,'340,Honduras,600,'01317,Papayas,5539,Producer Price Index (2014-2016 = 100),2005,2005,7021,Annual value,,48.910000,E
95,'340,Honduras,600,'01317,Papayas,5539,Producer Price Index (2014-2016 = 100),2006,2006,7021,Annual value,,53.160000,E
95,'340,Honduras,600,'01317,Papayas,5539,Producer Price Index (2014-2016 = 100),2007,2007,7021,Annual value,,74.430000,E
95,'340,Honduras,600,'01317,Papayas,5539,Producer Price Index (2014-2016 = 100),2008,2008,7021,Annual value,,77.620000,E
95,'340,Honduras,600,'01317,Papayas,5539,Producer Price Index (2014-2016 = 100),2009,2009,7021,Annual value,,84.710000,E
95,'340,Honduras,600,'01317,Papayas,5539,Producer Price Index (2014-2016 = 100),2010,2010,7021,Annual value,,93.240000,E
95,'340,Honduras,600,'01317,Papayas,5539,Producer Price Index (2014-2016 = 100),2011,2011,7021,Annual value,,84.700000,E
95,'340,Honduras,600,'01317,Papayas,5539,Producer Price Index (2014-2016 = 100),2012,2012,7021,Annual value,,88.530000,E
95,'340,Honduras,600,'01317,Papayas,5539,Producer Price Index (2014-2016 = 100),2013,2013,7021,Annual value,,92.350000,E
95,'340,Honduras,600,'01317,Papayas,5539,Producer Price Index (2014-2016 = 100),2014,2014,7021,Annual value,,96.180000,E
95,'340,Honduras,600,'01317,Papayas,5539,Producer Price Index (2014-2016 = 100),2015,2015,7021,Annual value,,100.000000,E
95,'340,Honduras,600,'01317,Papayas,5539,Producer Price Index (2014-2016 = 100),2016,2016,7021,Annual value,,103.820000,E
95,'340,Honduras,600,'01317,Papayas,5539,Producer Price Index (2014-2016 = 100),2017,2017,7021,Annual value,,107.650000,E
95,'340,Honduras,600,'01317,Papayas,5539,Producer Price Index (2014-2016 = 100),2018,2018,7021,Annual value,,111.470000,E
95,'340,Honduras,600,'01317,Papayas,5539,Producer Price Index (2014-2016 = 100),2019,2019,7021,Annual value,,115.300000,E
95,'340,Honduras,600,'01317,Papayas,5539,Producer Price Index (2014-2016 = 100),2020,2020,7021,Annual value,,117.980000,E
95,'340,Honduras,600,'01317,Papayas,5539,Producer Price Index (2014-2016 = 100),2021,2021,7021,Annual value,,123.670000,E
95,'340,Honduras,600,'01317,Papayas,5539,Producer Price Index (2014-2016 = 100),2022,2022,7021,Annual value,,122.880000,E
95,'340,Honduras,600,'01317,Papayas,5539,Producer Price Index (2014-2016 = 100),2023,2023,7021,Annual value,,125.090000,E
95,'340,Honduras,600,'01317,Papayas,5539,Producer Price Index (2014-2016 = 100),2024,2024,7021,Annual value,,127.310000,E
95,'340,Honduras,600,'01317,Papayas,5539,Producer Price Index (2014-2016 = 100),2025,2025,7021,Annual value,,129.520000,E
95,'340,Honduras,687,'01651,"Pepper (Piper spp.), raw",5539,Producer Price Index (2014-2016 = 100),1991,1991,7021,Annual value,,10.520000,E
95,'340,Honduras,687,'01651,"Pepper (Piper spp.), raw",5539,Producer Price Index (2014-2016 = 100),1992,1992,7021,Annual value,,10.120000,E
95,'340,Honduras,687,'01651,"Pepper (Piper spp.), raw",5539,Producer Price Index (2014-2016 = 100),1993,1993,7021,Annual value,,15.630000,E
95,'340,Honduras,687,'01651,"Pepper (Piper spp.), raw",5539,Producer Price Index (2014-2016 = 100),1994,1994,7021,Annual value,,37.720000,E
95,'340,Honduras,687,'01651,"Pepper (Piper spp.), raw",5539,Producer Price Index (2014-2016 = 100),1995,1995,7021,Annual value,,33.910000,E
95,'340,Honduras,687,'01651,"Pepper (Piper spp.), raw",5539,Producer Price Index (2014-2016 = 100),1996,1996,7021,Annual value,,44.770000,E
95,'340,Honduras,687,'01651,"Pepper (Piper spp.), raw",5539,Producer Price Index (2014-2016 = 100),1997,1997,7021,Annual value,,58.140000,E
95,'340,Honduras,687,'01651,"Pepper (Piper spp.), raw",5539,Producer Price Index (2014-2016 = 100),1998,1998,7021,Annual value,,45.120000,E
95,'340,Honduras,687,'01651,"Pepper (Piper spp.), raw",5539,Producer Price Index (2014-2016 = 100),1999,1999,7021,Annual value,,38.700000,E
95,'340,Honduras,687,'01651,"Pepper (Piper spp.), raw",5539,Producer Price Index (2014-2016 = 100),2000,2000,7021,Annual value,,42.150000,E
95,'340,Honduras,687,'01651,"Pepper (Piper spp.), raw",5539,Producer Price Index (2014-2016 = 100),2001,2001,7021,Annual value,,45.920000,E
95,'340,Honduras,687,'01651,"Pepper (Piper spp.), raw",5539,Producer Price Index (2014-2016 = 100),2002,2002,7021,Annual value,,26.850000,E
95,'340,Honduras,687,'01651,"Pepper (Piper spp.), raw",5539,Producer Price Index (2014-2016 = 100),2003,2003,7021,Annual value,,31.550000,E
95,'340,Honduras,687,'01651,"Pepper (Piper spp.), raw",5539,Producer Price Index (2014-2016 = 100),2004,2004,7021,Annual value,,46.950000,E
95,'340,Honduras,687,'01651,"Pepper (Piper spp.), raw",5539,Producer Price Index (2014-2016 = 100),2005,2005,7021,Annual value,,64.020000,E
95,'340,Honduras,687,'01651,"Pepper (Piper spp.), raw",5539,Producer Price Index (2014-2016 = 100),2006,2006,7021,Annual value,,76.820000,E
95,'340,Honduras,687,'01651,"Pepper (Piper spp.), raw",5539,Producer Price Index (2014-2016 = 100),2007,2007,7021,Annual value,,82.790000,E
95,'340,Honduras,687,'01651,"Pepper (Piper spp.), raw",5539,Producer Price Index (2014-2016 = 100),2008,2008,7021,Annual value,,93.050000,E
95,'340,Honduras,687,'01651,"Pepper (Piper spp.), raw",5539,Producer Price Index (2014-2016 = 100),2009,2009,7021,Annual value,,100.590000,E
95,'340,Honduras,687,'01651,"Pepper (Piper spp.), raw",5539,Producer Price Index (2014-2016 = 100),2010,2010,7021,Annual value,,91.020000,E
95,'340,Honduras,687,'01651,"Pepper (Piper spp.), raw",5539,Producer Price Index (2014-2016 = 100),2011,2011,7021,Annual value,,91.940000,E
95,'340,Honduras,687,'01651,"Pepper (Piper spp.), raw",5539,Producer Price Index (2014-2016 = 100),2012,2012,7021,Annual value,,93.950000,E
95,'340,Honduras,687,'01651,"Pepper (Piper spp.), raw",5539,Producer Price Index (2014-2016 = 100),2013,2013,7021,Annual value,,95.970000,E
95,'340,Honduras,687,'01651,"Pepper (Piper spp.), raw",5539,Producer Price Index (2014-2016 = 100),2014,2014,7021,Annual value,,97.980000,E
95,'340,Honduras,687,'01651,"Pepper (Piper spp.), raw",5539,Producer Price Index (2014-2016 = 100),2015,2015,7021,Annual value,,100.000000,E
95,'340,Honduras,687,'01651,"Pepper (Piper spp.), raw",5539,Producer Price Index (2014-2016 = 100),2016,2016,7021,Annual value,,102.020000,E
95,'340,Honduras,687,'01651,"Pepper (Piper spp.), raw",5539,Producer Price Index (2014-2016 = 100),2017,2017,7021,Annual value,,104.030000,E
95,'340,Honduras,687,'01651,"Pepper (Piper spp.), raw",5539,Producer Price Index (2014-2016 = 100),2018,2018,7021,Annual value,,106.050000,E
95,'340,Honduras,687,'01651,"Pepper (Piper spp.), raw",5539,Producer Price Index (2014-2016 = 100),2019,2019,7021,Annual value,,108.060000,E
95,'340,Honduras,687,'01651,"Pepper (Piper spp.), raw",5539,Producer Price Index (2014-2016 = 100),2020,2020,7021,Annual value,,109.940000,E
95,'340,Honduras,687,'01651,"Pepper (Piper spp.), raw",5539,Producer Price Index (2014-2016 = 100),2021,2021,7021,Annual value,,114.730000,E
95,'340,Honduras,687,'01651,"Pepper (Piper spp.), raw",5539,Producer Price Index (2014-2016 = 100),2022,2022,7021,Annual value,,114.630000,E
95,'340,Honduras,687,'01651,"Pepper (Piper spp.), raw",5539,Producer Price Index (2014-2016 = 100),2023,2023,7021,Annual value,,116.700000,E
95,'340,Honduras,687,'01651,"Pepper (Piper spp.), raw",5539,Producer Price Index (2014-2016 = 100),2024,2024,7021,Annual value,,118.770000,E
95,'340,Honduras,687,'01651,"Pepper (Piper spp.), raw",5539,Producer Price Index (2014-2016 = 100),2025,2025,7021,Annual value,,120.840000,E
95,'340,Honduras,574,'01318,Pineapples,5530,Producer Price (LCU/tonne),1991,1991,7021,Annual value,LCU,404.000000,A
95,'340,Honduras,574,'01318,Pineapples,5530,Producer Price (LCU/tonne),1992,1992,7021,Annual value,LCU,567.000000,A
95,'340,Honduras,574,'01318,Pineapples,5530,Producer Price (LCU/tonne),1993,1993,7021,Annual value,LCU,797.000000,A
95,'340,Honduras,574,'01318,Pineapples,5530,Producer Price (LCU/tonne),1994,1994,7021,Annual value,LCU,1119.000000,A
95,'340,Honduras,574,'01318,Pineapples,5530,Producer Price (LCU/tonne),1995,1995,7021,Annual value,LCU,1337.000000,A
95,'340,Honduras,574,'01318,Pineapples,5530,Producer Price (LCU/tonne),1996,1996,7021,Annual value,LCU,1598.000000,A
95,'340,Honduras,574,'01318,Pineapples,5530,Producer Price (LCU/tonne),1997,1997,7021,Annual value,LCU,1871.000000,A
95,'340,Honduras,574,'01318,Pineapples,5530,Producer Price (LCU/tonne),1998,1998,7021,Annual value,LCU,2037.000000,A
95,'340,Honduras,574,'01318,Pineapples,5530,Producer Price (LCU/tonne),1999,1999,7021,Annual value,LCU,2219.000000,A
95,'340,Honduras,574,'01318,Pineapples,5530,Producer Price (LCU/tonne),2000,2000,7021,Annual value,LCU,2417.000000,A
95,'340,Honduras,574,'01318,Pineapples,5530,Producer Price (LCU/tonne),2001,2001,7021,Annual value,LCU,2632.000000,A
95,'340,Honduras,574,'01318,Pineapples,5530,Producer Price (LCU/tonne),2002,2002,7021,Annual value,LCU,2866.000000,A
95,'340,Honduras,574,'01318,Pineapples,5530,Producer Price (LCU/tonne),2003,2003,7021,Annual value,LCU,3208.000000,A
95,'340,Honduras,574,'01318,Pineapples,5530,Producer Price (LCU/tonne),2004,2004,7021,Annual value,LCU,4400.000000,A
95,'340,Honduras,574,'01318,Pineapples,5530,Producer Price (LCU/tonne),2005,2005,7021,Annual value,LCU,5500.000000,A
95,'340,Honduras,574,'01318,Pineapples,5530,Producer Price (LCU/tonne),2006,2006,7021,Annual value,LCU,6600.000000,A
95,'340,Honduras,574,'01318,Pineapples,5530,Producer Price (LCU/tonne),2007,2007,7021,Annual value,LCU,5500.000000,A
95,'340,Honduras,574,'01318,Pineapples,5530,Producer Price (LCU/tonne),2008,2008,7021,Annual value,LCU,5720.000000,A
95,'340,Honduras,574,'01318,Pineapples,5530,Producer Price (LCU/tonne),2022,2022,7021,Annual value,LCU,13578.800000,A
95,'340,Honduras,574,'01318,Pineapples,5530,Producer Price (LCU/tonne),2023,2023,7021,Annual value,LCU,13626.000000,A
95,'340,Honduras,574,'01318,Pineapples,5530,Producer Price (LCU/tonne),2024,2024,7021,Annual value,LCU,13733.300000,A
95,'340,Honduras,574,'01318,Pineapples,5530,Producer Price (LCU/tonne),2024,2024,7001,January,LCU,13649.800000,A
95,'340,Honduras,574,'01318,Pineapples,5530,Producer Price (LCU/tonne),2024,2024,7002,February,LCU,13649.800000,A
95,'340,Honduras,574,'01318,Pineapples,5530,Producer Price (LCU/tonne),2024,2024,7003,March,LCU,13667.600000,A
95,'340,Honduras,574,'01318,Pineapples,5530,Producer Price (LCU/tonne),2024,2024,7004,April,LCU,13663.700000,A
95,'340,Honduras,574,'01318,Pineapples,5530,Producer Price (LCU/tonne),2024,2024,7005,May,LCU,13677.500000,A
95,'340,Honduras,574,'01318,Pineapples,5530,Producer Price (LCU/tonne),2024,2024,7006,June,LCU,13685.500000,A
95,'340,Honduras,574,'01318,Pineapples,5530,Producer Price (LCU/tonne),2024,2024,7007,July,LCU,13706.200000,A
95,'340,Honduras,574,'01318,Pineapples,5530,Producer Price (LCU/tonne),2024,2024,7008,August,LCU,13710.200000,A
95,'340,Honduras,574,'01318,Pineapples,5530,Producer Price (LCU/tonne),2024,2024,7009,September,LCU,13730.200000,A
95,'340,Honduras,574,'01318,Pineapples,5530,Producer Price (LCU/tonne),2024,2024,7010,October,LCU,13791.900000,A
95,'340,Honduras,574,'01318,Pineapples,5530,Producer Price (LCU/tonne),2024,2024,7011,November,LCU,13888.500000,A
95,'340,Honduras,574,'01318,Pineapples,5530,Producer Price (LCU/tonne),2024,2024,7012,December,LCU,13978.400000,A
95,'340,Honduras,574,'01318,Pineapples,5530,Producer Price (LCU/tonne),2025,2025,7001,January,LCU,14096.400000,A
95,'340,Honduras,574,'01318,Pineapples,5531,Producer Price (SLC/tonne),1991,1991,7021,Annual value,SLC,404.000000,A
95,'340,Honduras,574,'01318,Pineapples,5531,Producer Price (SLC/tonne),1992,1992,7021,Annual value,SLC,567.000000,A
95,'340,Honduras,574,'01318,Pineapples,5531,Producer Price (SLC/tonne),1993,1993,7021,Annual value,SLC,797.000000,A
95,'340,Honduras,574,'01318,Pineapples,5531,Producer Price (SLC/tonne),1994,1994,7021,Annual value,SLC,1119.000000,A
95,'340,Honduras,574,'01318,Pineapples,5531,Producer Price (SLC/tonne),1995,1995,7021,Annual value,SLC,1337.000000,A
95,'340,Honduras,574,'01318,Pineapples,5531,Producer Price (SLC/tonne),1996,1996,7021,Annual value,SLC,1598.000000,A
95,'340,Honduras,574,'01318,Pineapples,5531,Producer Price (SLC/tonne),1997,1997,7021,Annual value,SLC,1871.000000,A
95,'340,Honduras,574,'01318,Pineapples,5531,Producer Price (SLC/tonne),1998,1998,7021,Annual value,SLC,2037.000000,A
95,'340,Honduras,574,'01318,Pineapples,5531,Producer Price (SLC/tonne),1999,1999,7021,Annual value,SLC,2219.000000,A
95,'340,Honduras,574,'01318,Pineapples,5531,Producer Price (SLC/tonne),2000,2000,7021,Annual value,SLC,2417.000000,A
95,'340,Honduras,574,'01318,Pineapples,5531,Producer Price (SLC/tonne),2001,2001,7021,Annual value,SLC,2632.000000,A
95,'340,Honduras,574,'01318,Pineapples,5531,Producer Price (SLC/tonne),2002,2002,7021,Annual value,SLC,2866.000000,A
95,'340,Honduras,574,'01318,Pineapples,5531,Producer Price (SLC/tonne),2003,2003,7021,Annual value,SLC,3208.000000,A
95,'340,Honduras,574,'01318,Pineapples,5531,Producer Price (SLC/tonne),2004,2004,7021,Annual value,SLC,4400.000000,A
95,'340,Honduras,574,'01318,Pineapples,5531,Producer Price (SLC/tonne),2005,2005,7021,Annual value,SLC,5500.000000,A
95,'340,Honduras,574,'01318,Pineapples,5531,Producer Price (SLC/tonne),2006,2006,7021,Annual value,SLC,6600.000000,A
95,'340,Honduras,574,'01318,Pineapples,5531,Producer Price (SLC/tonne),2007,2007,7021,Annual value,SLC,5500.000000,A
95,'340,Honduras,574,'01318,Pineapples,5531,Producer Price (SLC/tonne),2008,2008,7021,Annual value,SLC,5720.000000,A
95,'340,Honduras,574,'01318,Pineapples,5531,Producer Price (SLC/tonne),2022,2022,7021,Annual value,SLC,13578.800000,A
95,'340,Honduras,574,'01318,Pineapples,5531,Producer Price (SLC/tonne),2023,2023,7021,Annual value,SLC,13626.000000,A
95,'340,Honduras,574,'01318,Pineapples,5531,Producer Price (SLC/tonne),2024,2024,7021,Annual value,SLC,13733.300000,A
95,'340,Honduras,574,'01318,Pineapples,5532,Producer Price (USD/tonne),1991,1991,7021,Annual value,USD,76.000000,A
95,'340,Honduras,574,'01318,Pineapples,5532,Producer Price (USD/tonne),1992,1992,7021,Annual value,USD,103.100000,A
95,'340,Honduras,574,'01318,Pineapples,5532,Producer Price (USD/tonne),1993,1993,7021,Annual value,USD,123.200000,A
95,'340,Honduras,574,'01318,Pineapples,5532,Producer Price (USD/tonne),1994,1994,7021,Annual value,USD,133.100000,A
95,'340,Honduras,574,'01318,Pineapples,5532,Producer Price (USD/tonne),1995,1995,7021,Annual value,USD,141.200000,A
95,'340,Honduras,574,'01318,Pineapples,5532,Producer Price (USD/tonne),1996,1996,7021,Annual value,USD,136.500000,A
95,'340,Honduras,574,'01318,Pineapples,5532,Producer Price (USD/tonne),1997,1997,7021,Annual value,USD,143.900000,A
95,'340,Honduras,574,'01318,Pineapples,5532,Producer Price (USD/tonne),1998,1998,7021,Annual value,USD,152.200000,A
95,'340,Honduras,574,'01318,Pineapples,5532,Producer Price (USD/tonne),1999,1999,7021,Annual value,USD,156.100000,A
95,'340,Honduras,574,'01318,Pineapples,5532,Producer Price (USD/tonne),2000,2000,7021,Annual value,USD,162.900000,A
95,'340,Honduras,574,'01318,Pineapples,5532,Producer Price (USD/tonne),2001,2001,7021,Annual value,USD,170.100000,A
95,'340,Honduras,574,'01318,Pineapples,5532,Producer Price (USD/tonne),2002,2002,7021,Annual value,USD,174.400000,A
95,'340,Honduras,574,'01318,Pineapples,5532,Producer Price (USD/tonne),2003,2003,7021,Annual value,USD,184.900000,A
95,'340,Honduras,574,'01318,Pineapples,5532,Producer Price (USD/tonne),2004,2004,7021,Annual value,USD,241.700000,A
95,'340,Honduras,574,'01318,Pineapples,5532,Producer Price (USD/tonne),2005,2005,7021,Annual value,USD,292.100000,A
95,'340,Honduras,574,'01318,Pineapples,5532,Producer Price (USD/tonne),2006,2006,7021,Annual value,USD,349.300000,A
95,'340,Honduras,574,'01318,Pineapples,5532,Producer Price (USD/tonne),2007,2007,7021,Annual value,USD,291.100000,A
95,'340,Honduras,574,'01318,Pineapples,5532,Producer Price (USD/tonne),2008,2008,7021,Annual value,USD,302.600000,A
95,'340,Honduras,574,'01318,Pineapples,5532,Producer Price (USD/tonne),2022,2022,7021,Annual value,USD,554.600000,A
95,'340,Honduras,574,'01318,Pineapples,5532,Producer Price (USD/tonne),2023,2023,7021,Annual value,USD,553.900000,A
95,'340,Honduras,574,'01318,Pineapples,5532,Producer Price (USD/tonne),2024,2024,7021,Annual value,USD,553.800000,A
95,'340,Honduras,574,'01318,Pineapples,5539,Producer Price Index (2014-2016 = 100),1991,1991,7021,Annual value,,4.900000,E
95,'340,Honduras,574,'01318,Pineapples,5539,Producer Price Index (2014-2016 = 100),1992,1992,7021,Annual value,,6.880000,E
95,'340,Honduras,574,'01318,Pineapples,5539,Producer Price Index (2014-2016 = 100),1993,1993,7021,Annual value,,9.670000,E
95,'340,Honduras,574,'01318,Pineapples,5539,Producer Price Index (2014-2016 = 100),1994,1994,7021,Annual value,,13.580000,E
95,'340,Honduras,574,'01318,Pineapples,5539,Producer Price Index (2014-2016 = 100),1995,1995,7021,Annual value,,16.230000,E
95,'340,Honduras,574,'01318,Pineapples,5539,Producer Price Index (2014-2016 = 100),1996,1996,7021,Annual value,,19.400000,E
95,'340,Honduras,574,'01318,Pineapples,5539,Producer Price Index (2014-2016 = 100),1997,1997,7021,Annual value,,22.710000,E
95,'340,Honduras,574,'01318,Pineapples,5539,Producer Price Index (2014-2016 = 100),1998,1998,7021,Annual value,,24.730000,E
95,'340,Honduras,574,'01318,Pineapples,5539,Producer Price Index (2014-2016 = 100),1999,1999,7021,Annual value,,26.930000,E
95,'340,Honduras,574,'01318,Pineapples,5539,Producer Price Index (2014-2016 = 100),2000,2000,7021,Annual value,,29.340000,E
95,'340,Honduras,574,'01318,Pineapples,5539,Producer Price Index (2014-2016 = 100),2001,2001,7021,Annual value,,31.950000,E
95,'340,Honduras,574,'01318,Pineapples,5539,Producer Price Index (2014-2016 = 100),2002,2002,7021,Annual value,,34.790000,E
95,'340,Honduras,574,'01318,Pineapples,5539,Producer Price Index (2014-2016 = 100),2003,2003,7021,Annual value,,38.940000,E
95,'340,Honduras,574,'01318,Pineapples,5539,Producer Price Index (2014-2016 = 100),2004,2004,7021,Annual value,,53.410000,E
95,'340,Honduras,574,'01318,Pineapples,5539,Producer Price Index (2014-2016 = 100),2005,2005,7021,Annual value,,66.760000,E
95,'340,Honduras,574,'01318,Pineapples,5539,Producer Price Index (2014-2016 = 100),2006,2006,7021,Annual value,,80.110000,E
95,'340,Honduras,574,'01318,Pineapples,5539,Producer Price Index (2014-2016 = 100),2007,2007,7021,Annual value,,66.760000,E
95,'340,Honduras,574,'01318,Pineapples,5539,Producer Price Index (2014-2016 = 100),2008,2008,7021,Annual value,,69.430000,E
95,'340,Honduras,574,'01318,Pineapples,5539,Producer Price Index (2014-2016 = 100),2009,2009,7021,Annual value,,73.880000,E
95,'340,Honduras,574,'01318,Pineapples,5539,Producer Price Index (2014-2016 = 100),2010,2010,7021,Annual value,,87.480000,E
95,'340,Honduras,574,'01318,Pineapples,5539,Producer Price Index (2014-2016 = 100),2011,2011,7021,Annual value,,84.630000,E
95,'340,Honduras,574,'01318,Pineapples,5539,Producer Price Index (2014-2016 = 100),2012,2012,7021,Annual value,,88.470000,E
95,'340,Honduras,574,'01318,Pineapples,5539,Producer Price Index (2014-2016 = 100),2013,2013,7021,Annual value,,92.310000,E
95,'340,Honduras,574,'01318,Pineapples,5539,Producer Price Index (2014-2016 = 100),2014,2014,7021,Annual value,,96.160000,E
95,'340,Honduras,574,'01318,Pineapples,5539,Producer Price Index (2014-2016 = 100),2015,2015,7021,Annual value,,100.000000,E
95,'340,Honduras,574,'01318,Pineapples,5539,Producer Price Index (2014-2016 = 100),2016,2016,7021,Annual value,,103.840000,E
95,'340,Honduras,574,'01318,Pineapples,5539,Producer Price Index (2014-2016 = 100),2017,2017,7021,Annual value,,107.690000,E
95,'340,Honduras,574,'01318,Pineapples,5539,Producer Price Index (2014-2016 = 100),2018,2018,7021,Annual value,,111.530000,E
95,'340,Honduras,574,'01318,Pineapples,5539,Producer Price Index (2014-2016 = 100),2019,2019,7021,Annual value,,115.370000,E
95,'340,Honduras,574,'01318,Pineapples,5539,Producer Price Index (2014-2016 = 100),2020,2020,7021,Annual value,,130.000000,E
95,'340,Honduras,574,'01318,Pineapples,5539,Producer Price Index (2014-2016 = 100),2021,2021,7021,Annual value,,144.330000,E
95,'340,Honduras,574,'01318,Pineapples,5539,Producer Price Index (2014-2016 = 100),2022,2022,7021,Annual value,,164.820000,E
95,'340,Honduras,574,'01318,Pineapples,5539,Producer Price Index (2014-2016 = 100),2023,2023,7021,Annual value,,165.390000,E
95,'340,Honduras,574,'01318,Pineapples,5539,Producer Price Index (2014-2016 = 100),2024,2024,7021,Annual value,,166.700000,E
95,'340,Honduras,574,'01318,Pineapples,5539,Producer Price Index (2014-2016 = 100),2025,2025,7021,Annual value,,171.640000,E
95,'340,Honduras,489,'01313,Plantains and cooking bananas,5530,Producer Price (LCU/tonne),1991,1991,7021,Annual value,LCU,756.000000,A
95,'340,Honduras,489,'01313,Plantains and cooking bananas,5530,Producer Price (LCU/tonne),1992,1992,7021,Annual value,LCU,834.000000,A
95,'340,Honduras,489,'01313,Plantains and cooking bananas,5530,Producer Price (LCU/tonne),1993,1993,7021,Annual value,LCU,972.000000,A
95,'340,Honduras,489,'01313,Plantains and cooking bananas,5530,Producer Price (LCU/tonne),1994,1994,7021,Annual value,LCU,1367.000000,A
95,'340,Honduras,489,'01313,Plantains and cooking bananas,5530,Producer Price (LCU/tonne),1995,1995,7021,Annual value,LCU,1565.000000,A
95,'340,Honduras,489,'01313,Plantains and cooking bananas,5530,Producer Price (LCU/tonne),1996,1996,7021,Annual value,LCU,1738.000000,A
95,'340,Honduras,489,'01313,Plantains and cooking bananas,5530,Producer Price (LCU/tonne),1997,1997,7021,Annual value,LCU,2187.000000,A
95,'340,Honduras,489,'01313,Plantains and cooking bananas,5530,Producer Price (LCU/tonne),1998,1998,7021,Annual value,LCU,2658.000000,A
95,'340,Honduras,489,'01313,Plantains and cooking bananas,5530,Producer Price (LCU/tonne),1999,1999,7021,Annual value,LCU,3203.000000,A
95,'340,Honduras,489,'01313,Plantains and cooking bananas,5530,Producer Price (LCU/tonne),2000,2000,7021,Annual value,LCU,3641.000000,A
95,'340,Honduras,489,'01313,Plantains and cooking bananas,5530,Producer Price (LCU/tonne),2001,2001,7021,Annual value,LCU,4138.000000,A
95,'340,Honduras,489,'01313,Plantains and cooking bananas,5530,Producer Price (LCU/tonne),2002,2002,7021,Annual value,LCU,4390.000000,A
95,'340,Honduras,489,'01313,Plantains and cooking bananas,5530,Producer Price (LCU/tonne),2003,2003,7021,Annual value,LCU,4469.000000,A
95,'340,Honduras,489,'01313,Plantains and cooking bananas,5530,Producer Price (LCU/tonne),2004,2004,7021,Annual value,LCU,4558.000000,A
95,'340,Honduras,489,'01313,Plantains and cooking bananas,5530,Producer Price (LCU/tonne),2005,2005,7021,Annual value,LCU,4697.000000,A
95,'340,Honduras,489,'01313,Plantains and cooking bananas,5530,Producer Price (LCU/tonne),2006,2006,7021,Annual value,LCU,4779.000000,A
95,'340,Honduras,489,'01313,Plantains and cooking bananas,5530,Producer Price (LCU/tonne),2007,2007,7021,Annual value,LCU,4400.000000,A
95,'340,Honduras,489,'01313,Plantains and cooking bananas,5530,Producer Price (LCU/tonne),2008,2008,7021,Annual value,LCU,4530.000000,A
95,'340,Honduras,489,'01313,Plantains and cooking bananas,5531,Producer Price (SLC/tonne),1991,1991,7021,Annual value,SLC,756.000000,A
95,'340,Honduras,489,'01313,Plantains and cooking bananas,5531,Producer Price (SLC/tonne),1992,1992,7021,Annual value,SLC,834.000000,A
95,'340,Honduras,489,'01313,Plantains and cooking bananas,5531,Producer Price (SLC/tonne),1993,1993,7021,Annual value,SLC,972.000000,A
95,'340,Honduras,489,'01313,Plantains and cooking bananas,5531,Producer Price (SLC/tonne),1994,1994,7021,Annual value,SLC,1367.000000,A
95,'340,Honduras,489,'01313,Plantains and cooking bananas,5531,Producer Price (SLC/tonne),1995,1995,7021,Annual value,SLC,1565.000000,A
95,'340,Honduras,489,'01313,Plantains and cooking bananas,5531,Producer Price (SLC/tonne),1996,1996,7021,Annual value,SLC,1738.000000,A
95,'340,Honduras,489,'01313,Plantains and cooking bananas,5531,Producer Price (SLC/tonne),1997,1997,7021,Annual value,SLC,2187.000000,A
95,'340,Honduras,489,'01313,Plantains and cooking bananas,5531,Producer Price (SLC/tonne),1998,1998,7021,Annual value,SLC,2658.000000,A
95,'340,Honduras,489,'01313,Plantains and cooking bananas,5531,Producer Price (SLC/tonne),1999,1999,7021,Annual value,SLC,3203.000000,A
95,'340,Honduras,489,'01313,Plantains and cooking bananas,5531,Producer Price (SLC/tonne),2000,2000,7021,Annual value,SLC,3641.000000,A
95,'340,Honduras,489,'01313,Plantains and cooking bananas,5531,Producer Price (SLC/tonne),2001,2001,7021,Annual value,SLC,4138.000000,A
95,'340,Honduras,489,'01313,Plantains and cooking bananas,5531,Producer Price (SLC/tonne),2002,2002,7021,Annual value,SLC,4390.000000,A
95,'340,Honduras,489,'01313,Plantains and cooking bananas,5531,Producer Price (SLC/tonne),2003,2003,7021,Annual value,SLC,4469.000000,A
95,'340,Honduras,489,'01313,Plantains and cooking bananas,5531,Producer Price (SLC/tonne),2004,2004,7021,Annual value,SLC,4558.000000,A
95,'340,Honduras,489,'01313,Plantains and cooking bananas,5531,Producer Price (SLC/tonne),2005,2005,7021,Annual value,SLC,4697.000000,A
95,'340,Honduras,489,'01313,Plantains and cooking bananas,5531,Producer Price (SLC/tonne),2006,2006,7021,Annual value,SLC,4779.000000,A
95,'340,Honduras,489,'01313,Plantains and cooking bananas,5531,Producer Price (SLC/tonne),2007,2007,7021,Annual value,SLC,4400.000000,A
95,'340,Honduras,489,'01313,Plantains and cooking bananas,5531,Producer Price (SLC/tonne),2008,2008,7021,Annual value,SLC,4530.000000,A
95,'340,Honduras,489,'01313,Plantains and cooking bananas,5532,Producer Price (USD/tonne),1991,1991,7021,Annual value,USD,142.200000,A
95,'340,Honduras,489,'01313,Plantains and cooking bananas,5532,Producer Price (USD/tonne),1992,1992,7021,Annual value,USD,151.700000,A
95,'340,Honduras,489,'01313,Plantains and cooking bananas,5532,Producer Price (USD/tonne),1993,1993,7021,Annual value,USD,150.200000,A
95,'340,Honduras,489,'01313,Plantains and cooking bananas,5532,Producer Price (USD/tonne),1994,1994,7021,Annual value,USD,162.600000,A
95,'340,Honduras,489,'01313,Plantains and cooking bananas,5532,Producer Price (USD/tonne),1995,1995,7021,Annual value,USD,165.200000,A
95,'340,Honduras,489,'01313,Plantains and cooking bananas,5532,Producer Price (USD/tonne),1996,1996,7021,Annual value,USD,148.500000,A
95,'340,Honduras,489,'01313,Plantains and cooking bananas,5532,Producer Price (USD/tonne),1997,1997,7021,Annual value,USD,168.200000,A
95,'340,Honduras,489,'01313,Plantains and cooking bananas,5532,Producer Price (USD/tonne),1998,1998,7021,Annual value,USD,198.600000,A
95,'340,Honduras,489,'01313,Plantains and cooking bananas,5532,Producer Price (USD/tonne),1999,1999,7021,Annual value,USD,225.400000,A
95,'340,Honduras,489,'01313,Plantains and cooking bananas,5532,Producer Price (USD/tonne),2000,2000,7021,Annual value,USD,245.400000,A
95,'340,Honduras,489,'01313,Plantains and cooking bananas,5532,Producer Price (USD/tonne),2001,2001,7021,Annual value,USD,267.400000,A
95,'340,Honduras,489,'01313,Plantains and cooking bananas,5532,Producer Price (USD/tonne),2002,2002,7021,Annual value,USD,267.100000,A
95,'340,Honduras,489,'01313,Plantains and cooking bananas,5532,Producer Price (USD/tonne),2003,2003,7021,Annual value,USD,257.600000,A
95,'340,Honduras,489,'01313,Plantains and cooking bananas,5532,Producer Price (USD/tonne),2004,2004,7021,Annual value,USD,250.400000,A
95,'340,Honduras,489,'01313,Plantains and cooking bananas,5532,Producer Price (USD/tonne),2005,2005,7021,Annual value,USD,249.400000,A
95,'340,Honduras,489,'01313,Plantains and cooking bananas,5532,Producer Price (USD/tonne),2006,2006,7021,Annual value,USD,252.900000,A
95,'340,Honduras,489,'01313,Plantains and cooking bananas,5532,Producer Price (USD/tonne),2007,2007,7021,Annual value,USD,232.900000,A
95,'340,Honduras,489,'01313,Plantains and cooking bananas,5532,Producer Price (USD/tonne),2008,2008,7021,Annual value,USD,239.600000,A
95,'340,Honduras,489,'01313,Plantains and cooking bananas,5539,Producer Price Index (2014-2016 = 100),1991,1991,7021,Annual value,,12.300000,E
95,'340,Honduras,489,'01313,Plantains and cooking bananas,5539,Producer Price Index (2014-2016 = 100),1992,1992,7021,Annual value,,13.560000,E
95,'340,Honduras,489,'01313,Plantains and cooking bananas,5539,Producer Price Index (2014-2016 = 100),1993,1993,7021,Annual value,,15.810000,E
95,'340,Honduras,489,'01313,Plantains and cooking bananas,5539,Producer Price Index (2014-2016 = 100),1994,1994,7021,Annual value,,22.230000,E
95,'340,Honduras,489,'01313,Plantains and cooking bananas,5539,Producer Price Index (2014-2016 = 100),1995,1995,7021,Annual value,,25.450000,E
95,'340,Honduras,489,'01313,Plantains and cooking bananas,5539,Producer Price Index (2014-2016 = 100),1996,1996,7021,Annual value,,28.270000,E
95,'340,Honduras,489,'01313,Plantains and cooking bananas,5539,Producer Price Index (2014-2016 = 100),1997,1997,7021,Annual value,,35.570000,E
95,'340,Honduras,489,'01313,Plantains and cooking bananas,5539,Producer Price Index (2014-2016 = 100),1998,1998,7021,Annual value,,43.230000,E
95,'340,Honduras,489,'01313,Plantains and cooking bananas,5539,Producer Price Index (2014-2016 = 100),1999,1999,7021,Annual value,,52.100000,E
95,'340,Honduras,489,'01313,Plantains and cooking bananas,5539,Producer Price Index (2014-2016 = 100),2000,2000,7021,Annual value,,59.220000,E
95,'340,Honduras,489,'01313,Plantains and cooking bananas,5539,Producer Price Index (2014-2016 = 100),2001,2001,7021,Annual value,,67.300000,E
95,'340,Honduras,489,'01313,Plantains and cooking bananas,5539,Producer Price Index (2014-2016 = 100),2002,2002,7021,Annual value,,71.400000,E
95,'340,Honduras,489,'01313,Plantains and cooking bananas,5539,Producer Price Index (2014-2016 = 100),2003,2003,7021,Annual value,,72.690000,E
95,'340,Honduras,489,'01313,Plantains and cooking bananas,5539,Producer Price Index (2014-2016 = 100),2004,2004,7021,Annual value,,74.140000,E
95,'340,Honduras,489,'01313,Plantains and cooking bananas,5539,Producer Price Index (2014-2016 = 100),2005,2005,7021,Annual value,,76.400000,E
95,'340,Honduras,489,'01313,Plantains and cooking bananas,5539,Producer Price Index (2014-2016 = 100),2006,2006,7021,Annual value,,77.730000,E
95,'340,Honduras,489,'01313,Plantains and cooking bananas,5539,Producer Price Index (2014-2016 = 100),2007,2007,7021,Annual value,,71.570000,E
95,'340,Honduras,489,'01313,Plantains and cooking bananas,5539,Producer Price Index (2014-2016 = 100),2008,2008,7021,Annual value,,73.680000,E
95,'340,Honduras,489,'01313,Plantains and cooking bananas,5539,Producer Price Index (2014-2016 = 100),2009,2009,7021,Annual value,,74.670000,E
95,'340,Honduras,489,'01313,Plantains and cooking bananas,5539,Producer Price Index (2014-2016 = 100),2010,2010,7021,Annual value,,86.960000,E
95,'340,Honduras,489,'01313,Plantains and cooking bananas,5539,Producer Price Index (2014-2016 = 100),2011,2011,7021,Annual value,,89.100000,E
95,'340,Honduras,489,'01313,Plantains and cooking bananas,5539,Producer Price Index (2014-2016 = 100),2012,2012,7021,Annual value,,91.830000,E
95,'340,Honduras,489,'01313,Plantains and cooking bananas,5539,Producer Price Index (2014-2016 = 100),2013,2013,7021,Annual value,,94.550000,E
95,'340,Honduras,489,'01313,Plantains and cooking bananas,5539,Producer Price Index (2014-2016 = 100),2014,2014,7021,Annual value,,97.280000,E
95,'340,Honduras,489,'01313,Plantains and cooking bananas,5539,Producer Price Index (2014-2016 = 100),2015,2015,7021,Annual value,,100.000000,E
95,'340,Honduras,489,'01313,Plantains and cooking bananas,5539,Producer Price Index (2014-2016 = 100),2016,2016,7021,Annual value,,102.720000,E
95,'340,Honduras,489,'01313,Plantains and cooking bananas,5539,Producer Price Index (2014-2016 = 100),2017,2017,7021,Annual value,,105.450000,E
95,'340,Honduras,489,'01313,Plantains and cooking bananas,5539,Producer Price Index (2014-2016 = 100),2018,2018,7021,Annual value,,108.170000,E
95,'340,Honduras,489,'01313,Plantains and cooking bananas,5539,Producer Price Index (2014-2016 = 100),2019,2019,7021,Annual value,,110.900000,E
95,'340,Honduras,489,'01313,Plantains and cooking bananas,5539,Producer Price Index (2014-2016 = 100),2020,2020,7021,Annual value,,113.150000,E
95,'340,Honduras,489,'01313,Plantains and cooking bananas,5539,Producer Price Index (2014-2016 = 100),2021,2021,7021,Annual value,,115.950000,E
95,'340,Honduras,489,'01313,Plantains and cooking bananas,5539,Producer Price Index (2014-2016 = 100),2022,2022,7021,Annual value,,115.150000,E
95,'340,Honduras,489,'01313,Plantains and cooking bananas,5539,Producer Price Index (2014-2016 = 100),2023,2023,7021,Annual value,,116.570000,E
95,'340,Honduras,489,'01313,Plantains and cooking bananas,5539,Producer Price Index (2014-2016 = 100),2024,2024,7021,Annual value,,117.990000,E
95,'340,Honduras,489,'01313,Plantains and cooking bananas,5539,Producer Price Index (2014-2016 = 100),2025,2025,7021,Annual value,,119.420000,E
95,'340,Honduras,507,'01321,Pomelos and grapefruits,5530,Producer Price (LCU/tonne),1993,1993,7021,Annual value,LCU,600.000000,A
95,'340,Honduras,507,'01321,Pomelos and grapefruits,5530,Producer Price (LCU/tonne),1994,1994,7021,Annual value,LCU,660.000000,A
95,'340,Honduras,507,'01321,Pomelos and grapefruits,5530,Producer Price (LCU/tonne),1995,1995,7021,Annual value,LCU,704.000000,A
95,'340,Honduras,507,'01321,Pomelos and grapefruits,5530,Producer Price (LCU/tonne),1996,1996,7021,Annual value,LCU,710.000000,A
95,'340,Honduras,507,'01321,Pomelos and grapefruits,5530,Producer Price (LCU/tonne),1997,1997,7021,Annual value,LCU,720.000000,A
95,'340,Honduras,507,'01321,Pomelos and grapefruits,5530,Producer Price (LCU/tonne),1998,1998,7021,Annual value,LCU,725.000000,A
95,'340,Honduras,507,'01321,Pomelos and grapefruits,5530,Producer Price (LCU/tonne),1999,1999,7021,Annual value,LCU,725.000000,A
95,'340,Honduras,507,'01321,Pomelos and grapefruits,5530,Producer Price (LCU/tonne),2000,2000,7021,Annual value,LCU,730.000000,A
95,'340,Honduras,507,'01321,Pomelos and grapefruits,5530,Producer Price (LCU/tonne),2001,2001,7021,Annual value,LCU,730.000000,A
95,'340,Honduras,507,'01321,Pomelos and grapefruits,5530,Producer Price (LCU/tonne),2002,2002,7021,Annual value,LCU,735.000000,A
95,'340,Honduras,507,'01321,Pomelos and grapefruits,5530,Producer Price (LCU/tonne),2003,2003,7021,Annual value,LCU,880.000000,A
95,'340,Honduras,507,'01321,Pomelos and grapefruits,5530,Producer Price (LCU/tonne),2004,2004,7021,Annual value,LCU,1320.000000,A
95,'340,Honduras,507,'01321,Pomelos and grapefruits,5530,Producer Price (LCU/tonne),2005,2005,7021,Annual value,LCU,1760.000000,A
95,'340,Honduras,507,'01321,Pomelos and grapefruits,5530,Producer Price (LCU/tonne),2006,2006,7021,Annual value,LCU,2200.000000,A
95,'340,Honduras,507,'01321,Pomelos and grapefruits,5530,Producer Price (LCU/tonne),2007,2007,7021,Annual value,LCU,2500.000000,A
95,'340,Honduras,507,'01321,Pomelos and grapefruits,5530,Producer Price (LCU/tonne),2008,2008,7021,Annual value,LCU,3200.000000,A
95,'340,Honduras,507,'01321,Pomelos and grapefruits,5531,Producer Price (SLC/tonne),1993,1993,7021,Annual value,SLC,600.000000,A
95,'340,Honduras,507,'01321,Pomelos and grapefruits,5531,Producer Price (SLC/tonne),1994,1994,7021,Annual value,SLC,660.000000,A
95,'340,Honduras,507,'01321,Pomelos and grapefruits,5531,Producer Price (SLC/tonne),1995,1995,7021,Annual value,SLC,704.000000,A
95,'340,Honduras,507,'01321,Pomelos and grapefruits,5531,Producer Price (SLC/tonne),1996,1996,7021,Annual value,SLC,710.000000,A
95,'340,Honduras,507,'01321,Pomelos and grapefruits,5531,Producer Price (SLC/tonne),1997,1997,7021,Annual value,SLC,720.000000,A
95,'340,Honduras,507,'01321,Pomelos and grapefruits,5531,Producer Price (SLC/tonne),1998,1998,7021,Annual value,SLC,725.000000,A
95,'340,Honduras,507,'01321,Pomelos and grapefruits,5531,Producer Price (SLC/tonne),1999,1999,7021,Annual value,SLC,725.000000,A
95,'340,Honduras,507,'01321,Pomelos and grapefruits,5531,Producer Price (SLC/tonne),2000,2000,7021,Annual value,SLC,730.000000,A
95,'340,Honduras,507,'01321,Pomelos and grapefruits,5531,Producer Price (SLC/tonne),2001,2001,7021,Annual value,SLC,730.000000,A
95,'340,Honduras,507,'01321,Pomelos and grapefruits,5531,Producer Price (SLC/tonne),2002,2002,7021,Annual value,SLC,735.000000,A
95,'340,Honduras,507,'01321,Pomelos and grapefruits,5531,Producer Price (SLC/tonne),2003,2003,7021,Annual value,SLC,880.000000,A
95,'340,Honduras,507,'01321,Pomelos and grapefruits,5531,Producer Price (SLC/tonne),2004,2004,7021,Annual value,SLC,1320.000000,A
95,'340,Honduras,507,'01321,Pomelos and grapefruits,5531,Producer Price (SLC/tonne),2005,2005,7021,Annual value,SLC,1760.000000,A
95,'340,Honduras,507,'01321,Pomelos and grapefruits,5531,Producer Price (SLC/tonne),2006,2006,7021,Annual value,SLC,2200.000000,A
95,'340,Honduras,507,'01321,Pomelos and grapefruits,5531,Producer Price (SLC/tonne),2007,2007,7021,Annual value,SLC,2500.000000,A
95,'340,Honduras,507,'01321,Pomelos and grapefruits,5531,Producer Price (SLC/tonne),2008,2008,7021,Annual value,SLC,3200.000000,A
95,'340,Honduras,507,'01321,Pomelos and grapefruits,5532,Producer Price (USD/tonne),1993,1993,7021,Annual value,USD,92.700000,A
95,'340,Honduras,507,'01321,Pomelos and grapefruits,5532,Producer Price (USD/tonne),1994,1994,7021,Annual value,USD,78.500000,A
95,'340,Honduras,507,'01321,Pomelos and grapefruits,5532,Producer Price (USD/tonne),1995,1995,7021,Annual value,USD,74.300000,A
95,'340,Honduras,507,'01321,Pomelos and grapefruits,5532,Producer Price (USD/tonne),1996,1996,7021,Annual value,USD,60.700000,A
95,'340,Honduras,507,'01321,Pomelos and grapefruits,5532,Producer Price (USD/tonne),1997,1997,7021,Annual value,USD,55.400000,A
95,'340,Honduras,507,'01321,Pomelos and grapefruits,5532,Producer Price (USD/tonne),1998,1998,7021,Annual value,USD,54.200000,A
95,'340,Honduras,507,'01321,Pomelos and grapefruits,5532,Producer Price (USD/tonne),1999,1999,7021,Annual value,USD,51.000000,A
95,'340,Honduras,507,'01321,Pomelos and grapefruits,5532,Producer Price (USD/tonne),2000,2000,7021,Annual value,USD,49.200000,A
95,'340,Honduras,507,'01321,Pomelos and grapefruits,5532,Producer Price (USD/tonne),2001,2001,7021,Annual value,USD,47.200000,A
95,'340,Honduras,507,'01321,Pomelos and grapefruits,5532,Producer Price (USD/tonne),2002,2002,7021,Annual value,USD,44.700000,A
95,'340,Honduras,507,'01321,Pomelos and grapefruits,5532,Producer Price (USD/tonne),2003,2003,7021,Annual value,USD,50.700000,A
95,'340,Honduras,507,'01321,Pomelos and grapefruits,5532,Producer Price (USD/tonne),2004,2004,7021,Annual value,USD,72.500000,A
95,'340,Honduras,507,'01321,Pomelos and grapefruits,5532,Producer Price (USD/tonne),2005,2005,7021,Annual value,USD,93.500000,A
95,'340,Honduras,507,'01321,Pomelos and grapefruits,5532,Producer Price (USD/tonne),2006,2006,7021,Annual value,USD,116.400000,A
95,'340,Honduras,507,'01321,Pomelos and grapefruits,5532,Producer Price (USD/tonne),2007,2007,7021,Annual value,USD,132.300000,A
95,'340,Honduras,507,'01321,Pomelos and grapefruits,5532,Producer Price (USD/tonne),2008,2008,7021,Annual value,USD,169.300000,A
95,'340,Honduras,507,'01321,Pomelos and grapefruits,5539,Producer Price Index (2014-2016 = 100),1991,1991,7021,Annual value,,10.730000,E
95,'340,Honduras,507,'01321,Pomelos and grapefruits,5539,Producer Price Index (2014-2016 = 100),1992,1992,7021,Annual value,,11.830000,E
95,'340,Honduras,507,'01321,Pomelos and grapefruits,5539,Producer Price Index (2014-2016 = 100),1993,1993,7021,Annual value,,13.780000,E
95,'340,Honduras,507,'01321,Pomelos and grapefruits,5539,Producer Price Index (2014-2016 = 100),1994,1994,7021,Annual value,,15.160000,E
95,'340,Honduras,507,'01321,Pomelos and grapefruits,5539,Producer Price Index (2014-2016 = 100),1995,1995,7021,Annual value,,16.170000,E
95,'340,Honduras,507,'01321,Pomelos and grapefruits,5539,Producer Price Index (2014-2016 = 100),1996,1996,7021,Annual value,,16.310000,E
95,'340,Honduras,507,'01321,Pomelos and grapefruits,5539,Producer Price Index (2014-2016 = 100),1997,1997,7021,Annual value,,16.540000,E
95,'340,Honduras,507,'01321,Pomelos and grapefruits,5539,Producer Price Index (2014-2016 = 100),1998,1998,7021,Annual value,,16.660000,E
95,'340,Honduras,507,'01321,Pomelos and grapefruits,5539,Producer Price Index (2014-2016 = 100),1999,1999,7021,Annual value,,16.660000,E
95,'340,Honduras,507,'01321,Pomelos and grapefruits,5539,Producer Price Index (2014-2016 = 100),2000,2000,7021,Annual value,,16.770000,E
95,'340,Honduras,507,'01321,Pomelos and grapefruits,5539,Producer Price Index (2014-2016 = 100),2001,2001,7021,Annual value,,16.770000,E
95,'340,Honduras,507,'01321,Pomelos and grapefruits,5539,Producer Price Index (2014-2016 = 100),2002,2002,7021,Annual value,,16.890000,E
95,'340,Honduras,507,'01321,Pomelos and grapefruits,5539,Producer Price Index (2014-2016 = 100),2003,2003,7021,Annual value,,20.220000,E
95,'340,Honduras,507,'01321,Pomelos and grapefruits,5539,Producer Price Index (2014-2016 = 100),2004,2004,7021,Annual value,,30.320000,E
95,'340,Honduras,507,'01321,Pomelos and grapefruits,5539,Producer Price Index (2014-2016 = 100),2005,2005,7021,Annual value,,40.430000,E
95,'340,Honduras,507,'01321,Pomelos and grapefruits,5539,Producer Price Index (2014-2016 = 100),2006,2006,7021,Annual value,,50.540000,E
95,'340,Honduras,507,'01321,Pomelos and grapefruits,5539,Producer Price Index (2014-2016 = 100),2007,2007,7021,Annual value,,57.430000,E
95,'340,Honduras,507,'01321,Pomelos and grapefruits,5539,Producer Price Index (2014-2016 = 100),2008,2008,7021,Annual value,,73.510000,E
95,'340,Honduras,507,'01321,Pomelos and grapefruits,5539,Producer Price Index (2014-2016 = 100),2009,2009,7021,Annual value,,88.280000,E
95,'340,Honduras,507,'01321,Pomelos and grapefruits,5539,Producer Price Index (2014-2016 = 100),2010,2010,7021,Annual value,,69.640000,E
95,'340,Honduras,507,'01321,Pomelos and grapefruits,5539,Producer Price Index (2014-2016 = 100),2011,2011,7021,Annual value,,77.270000,E
95,'340,Honduras,507,'01321,Pomelos and grapefruits,5539,Producer Price Index (2014-2016 = 100),2012,2012,7021,Annual value,,82.950000,E
95,'340,Honduras,507,'01321,Pomelos and grapefruits,5539,Producer Price Index (2014-2016 = 100),2013,2013,7021,Annual value,,88.640000,E
95,'340,Honduras,507,'01321,Pomelos and grapefruits,5539,Producer Price Index (2014-2016 = 100),2014,2014,7021,Annual value,,94.320000,E
95,'340,Honduras,507,'01321,Pomelos and grapefruits,5539,Producer Price Index (2014-2016 = 100),2015,2015,7021,Annual value,,100.000000,E
95,'340,Honduras,507,'01321,Pomelos and grapefruits,5539,Producer Price Index (2014-2016 = 100),2016,2016,7021,Annual value,,105.680000,E
95,'340,Honduras,507,'01321,Pomelos and grapefruits,5539,Producer Price Index (2014-2016 = 100),2017,2017,7021,Annual value,,111.360000,E
95,'340,Honduras,507,'01321,Pomelos and grapefruits,5539,Producer Price Index (2014-2016 = 100),2018,2018,7021,Annual value,,117.050000,E
95,'340,Honduras,507,'01321,Pomelos and grapefruits,5539,Producer Price Index (2014-2016 = 100),2019,2019,7021,Annual value,,122.730000,E
95,'340,Honduras,507,'01321,Pomelos and grapefruits,5539,Producer Price Index (2014-2016 = 100),2020,2020,7021,Annual value,,126.590000,E
95,'340,Honduras,507,'01321,Pomelos and grapefruits,5539,Producer Price Index (2014-2016 = 100),2021,2021,7021,Annual value,,134.290000,E
95,'340,Honduras,507,'01321,Pomelos and grapefruits,5539,Producer Price Index (2014-2016 = 100),2022,2022,7021,Annual value,,133.810000,E
95,'340,Honduras,507,'01321,Pomelos and grapefruits,5539,Producer Price Index (2014-2016 = 100),2023,2023,7021,Annual value,,137.740000,E
95,'340,Honduras,507,'01321,Pomelos and grapefruits,5539,Producer Price Index (2014-2016 = 100),2024,2024,7021,Annual value,,141.660000,E
95,'340,Honduras,507,'01321,Pomelos and grapefruits,5539,Producer Price Index (2014-2016 = 100),2025,2025,7021,Annual value,,145.590000,E
95,'340,Honduras,116,'01510,Potatoes,5530,Producer Price (LCU/tonne),1991,1991,7021,Annual value,LCU,1295.000000,A
95,'340,Honduras,116,'01510,Potatoes,5530,Producer Price (LCU/tonne),1992,1992,7021,Annual value,LCU,1748.000000,A
95,'340,Honduras,116,'01510,Potatoes,5530,Producer Price (LCU/tonne),1993,1993,7021,Annual value,LCU,1949.000000,A
95,'340,Honduras,116,'01510,Potatoes,5530,Producer Price (LCU/tonne),1994,1994,7021,Annual value,LCU,2723.000000,A
95,'340,Honduras,116,'01510,Potatoes,5530,Producer Price (LCU/tonne),1995,1995,7021,Annual value,LCU,3254.000000,A
95,'340,Honduras,116,'01510,Potatoes,5530,Producer Price (LCU/tonne),1996,1996,7021,Annual value,LCU,3888.000000,A
95,'340,Honduras,116,'01510,Potatoes,5530,Producer Price (LCU/tonne),1997,1997,7021,Annual value,LCU,4646.000000,A
95,'340,Honduras,116,'01510,Potatoes,5530,Producer Price (LCU/tonne),1998,1998,7021,Annual value,LCU,5186.000000,A
95,'340,Honduras,116,'01510,Potatoes,5530,Producer Price (LCU/tonne),1999,1999,7021,Annual value,LCU,5789.000000,A
95,'340,Honduras,116,'01510,Potatoes,5530,Producer Price (LCU/tonne),2000,2000,7021,Annual value,LCU,6462.000000,A
95,'340,Honduras,116,'01510,Potatoes,5530,Producer Price (LCU/tonne),2001,2001,7021,Annual value,LCU,7213.000000,A
95,'340,Honduras,116,'01510,Potatoes,5530,Producer Price (LCU/tonne),2002,2002,7021,Annual value,LCU,8051.000000,A
95,'340,Honduras,116,'01510,Potatoes,5530,Producer Price (LCU/tonne),2003,2003,7021,Annual value,LCU,8100.000000,A
95,'340,Honduras,116,'01510,Potatoes,5530,Producer Price (LCU/tonne),2004,2004,7021,Annual value,LCU,8149.000000,A
95,'340,Honduras,116,'01510,Potatoes,5530,Producer Price (LCU/tonne),2005,2005,7021,Annual value,LCU,8198.000000,A
95,'340,Honduras,116,'01510,Potatoes,5530,Producer Price (LCU/tonne),2006,2006,7021,Annual value,LCU,8360.000000,A
95,'340,Honduras,116,'01510,Potatoes,5530,Producer Price (LCU/tonne),2007,2007,7021,Annual value,LCU,6600.000000,A
95,'340,Honduras,116,'01510,Potatoes,5530,Producer Price (LCU/tonne),2008,2008,7021,Annual value,LCU,6314.000000,A
95,'340,Honduras,116,'01510,Potatoes,5530,Producer Price (LCU/tonne),2022,2022,7021,Annual value,LCU,17572.400000,A
95,'340,Honduras,116,'01510,Potatoes,5530,Producer Price (LCU/tonne),2023,2023,7021,Annual value,LCU,19945.500000,A
95,'340,Honduras,116,'01510,Potatoes,5530,Producer Price (LCU/tonne),2024,2024,7021,Annual value,LCU,20833.200000,A
95,'340,Honduras,116,'01510,Potatoes,5530,Producer Price (LCU/tonne),2024,2024,7001,January,LCU,18478.200000,A
95,'340,Honduras,116,'01510,Potatoes,5530,Producer Price (LCU/tonne),2024,2024,7002,February,LCU,21739.000000,A
95,'340,Honduras,116,'01510,Potatoes,5530,Producer Price (LCU/tonne),2024,2024,7003,March,LCU,23912.900000,A
95,'340,Honduras,116,'01510,Potatoes,5530,Producer Price (LCU/tonne),2024,2024,7004,April,LCU,20652.000000,A
95,'340,Honduras,116,'01510,Potatoes,5530,Producer Price (LCU/tonne),2024,2024,7005,May,LCU,19565.100000,A
95,'340,Honduras,116,'01510,Potatoes,5530,Producer Price (LCU/tonne),2024,2024,7006,June,LCU,22826.000000,A
95,'340,Honduras,116,'01510,Potatoes,5530,Producer Price (LCU/tonne),2024,2024,7007,July,LCU,22826.000000,A
95,'340,Honduras,116,'01510,Potatoes,5530,Producer Price (LCU/tonne),2024,2024,7008,August,LCU,28260.700000,A
95,'340,Honduras,116,'01510,Potatoes,5530,Producer Price (LCU/tonne),2024,2024,7009,September,LCU,15217.300000,A
95,'340,Honduras,116,'01510,Potatoes,5530,Producer Price (LCU/tonne),2024,2024,7010,October,LCU,14130.400000,A
95,'340,Honduras,116,'01510,Potatoes,5530,Producer Price (LCU/tonne),2024,2024,7011,November,LCU,16304.300000,A
95,'340,Honduras,116,'01510,Potatoes,5530,Producer Price (LCU/tonne),2024,2024,7012,December,LCU,26086.800000,A
95,'340,Honduras,116,'01510,Potatoes,5530,Producer Price (LCU/tonne),2025,2025,7001,January,LCU,26086.800000,A
95,'340,Honduras,116,'01510,Potatoes,5531,Producer Price (SLC/tonne),1991,1991,7021,Annual value,SLC,1295.000000,A
95,'340,Honduras,116,'01510,Potatoes,5531,Producer Price (SLC/tonne),1992,1992,7021,Annual value,SLC,1748.000000,A
95,'340,Honduras,116,'01510,Potatoes,5531,Producer Price (SLC/tonne),1993,1993,7021,Annual value,SLC,1949.000000,A
95,'340,Honduras,116,'01510,Potatoes,5531,Producer Price (SLC/tonne),1994,1994,7021,Annual value,SLC,2723.000000,A
95,'340,Honduras,116,'01510,Potatoes,5531,Producer Price (SLC/tonne),1995,1995,7021,Annual value,SLC,3254.000000,A
95,'340,Honduras,116,'01510,Potatoes,5531,Producer Price (SLC/tonne),1996,1996,7021,Annual value,SLC,3888.000000,A
95,'340,Honduras,116,'01510,Potatoes,5531,Producer Price (SLC/tonne),1997,1997,7021,Annual value,SLC,4646.000000,A
95,'340,Honduras,116,'01510,Potatoes,5531,Producer Price (SLC/tonne),1998,1998,7021,Annual value,SLC,5186.000000,A
95,'340,Honduras,116,'01510,Potatoes,5531,Producer Price (SLC/tonne),1999,1999,7021,Annual value,SLC,5789.000000,A
95,'340,Honduras,116,'01510,Potatoes,5531,Producer Price (SLC/tonne),2000,2000,7021,Annual value,SLC,6462.000000,A
95,'340,Honduras,116,'01510,Potatoes,5531,Producer Price (SLC/tonne),2001,2001,7021,Annual value,SLC,7213.000000,A
95,'340,Honduras,116,'01510,Potatoes,5531,Producer Price (SLC/tonne),2002,2002,7021,Annual value,SLC,8051.000000,A
95,'340,Honduras,116,'01510,Potatoes,5531,Producer Price (SLC/tonne),2003,2003,7021,Annual value,SLC,8100.000000,A
95,'340,Honduras,116,'01510,Potatoes,5531,Producer Price (SLC/tonne),2004,2004,7021,Annual value,SLC,8149.000000,A
95,'340,Honduras,116,'01510,Potatoes,5531,Producer Price (SLC/tonne),2005,2005,7021,Annual value,SLC,8198.000000,A
95,'340,Honduras,116,'01510,Potatoes,5531,Producer Price (SLC/tonne),2006,2006,7021,Annual value,SLC,8360.000000,A
95,'340,Honduras,116,'01510,Potatoes,5531,Producer Price (SLC/tonne),2007,2007,7021,Annual value,SLC,6600.000000,A
95,'340,Honduras,116,'01510,Potatoes,5531,Producer Price (SLC/tonne),2008,2008,7021,Annual value,SLC,6314.000000,A
95,'340,Honduras,116,'01510,Potatoes,5531,Producer Price (SLC/tonne),2022,2022,7021,Annual value,SLC,17572.400000,A
95,'340,Honduras,116,'01510,Potatoes,5531,Producer Price (SLC/tonne),2023,2023,7021,Annual value,SLC,19945.500000,A
95,'340,Honduras,116,'01510,Potatoes,5531,Producer Price (SLC/tonne),2024,2024,7021,Annual value,SLC,20833.200000,A
95,'340,Honduras,116,'01510,Potatoes,5532,Producer Price (USD/tonne),1991,1991,7021,Annual value,USD,243.600000,A
95,'340,Honduras,116,'01510,Potatoes,5532,Producer Price (USD/tonne),1992,1992,7021,Annual value,USD,317.900000,A
95,'340,Honduras,116,'01510,Potatoes,5532,Producer Price (USD/tonne),1993,1993,7021,Annual value,USD,301.200000,A
95,'340,Honduras,116,'01510,Potatoes,5532,Producer Price (USD/tonne),1994,1994,7021,Annual value,USD,323.800000,A
95,'340,Honduras,116,'01510,Potatoes,5532,Producer Price (USD/tonne),1995,1995,7021,Annual value,USD,343.600000,A
95,'340,Honduras,116,'01510,Potatoes,5532,Producer Price (USD/tonne),1996,1996,7021,Annual value,USD,332.200000,A
95,'340,Honduras,116,'01510,Potatoes,5532,Producer Price (USD/tonne),1997,1997,7021,Annual value,USD,357.300000,A
95,'340,Honduras,116,'01510,Potatoes,5532,Producer Price (USD/tonne),1998,1998,7021,Annual value,USD,387.400000,A
95,'340,Honduras,116,'01510,Potatoes,5532,Producer Price (USD/tonne),1999,1999,7021,Annual value,USD,407.300000,A
95,'340,Honduras,116,'01510,Potatoes,5532,Producer Price (USD/tonne),2000,2000,7021,Annual value,USD,435.500000,A
95,'340,Honduras,116,'01510,Potatoes,5532,Producer Price (USD/tonne),2001,2001,7021,Annual value,USD,466.100000,A
95,'340,Honduras,116,'01510,Potatoes,5532,Producer Price (USD/tonne),2002,2002,7021,Annual value,USD,489.900000,A
95,'340,Honduras,116,'01510,Potatoes,5532,Producer Price (USD/tonne),2003,2003,7021,Annual value,USD,467.000000,A
95,'340,Honduras,116,'01510,Potatoes,5532,Producer Price (USD/tonne),2004,2004,7021,Annual value,USD,447.600000,A
95,'340,Honduras,116,'01510,Potatoes,5532,Producer Price (USD/tonne),2005,2005,7021,Annual value,USD,435.300000,A
95,'340,Honduras,116,'01510,Potatoes,5532,Producer Price (USD/tonne),2006,2006,7021,Annual value,USD,442.400000,A
95,'340,Honduras,116,'01510,Potatoes,5532,Producer Price (USD/tonne),2007,2007,7021,Annual value,USD,349.300000,A
95,'340,Honduras,116,'01510,Potatoes,5532,Producer Price (USD/tonne),2008,2008,7021,Annual value,USD,334.000000,A
95,'340,Honduras,116,'01510,Potatoes,5532,Producer Price (USD/tonne),2022,2022,7021,Annual value,USD,717.700000,A
95,'340,Honduras,116,'01510,Potatoes,5532,Producer Price (USD/tonne),2023,2023,7021,Annual value,USD,810.700000,A
95,'340,Honduras,116,'01510,Potatoes,5532,Producer Price (USD/tonne),2024,2024,7021,Annual value,USD,840.100000,A
95,'340,Honduras,116,'01510,Potatoes,5539,Producer Price Index (2014-2016 = 100),1991,1991,7021,Annual value,,15.390000,E
95,'340,Honduras,116,'01510,Potatoes,5539,Producer Price Index (2014-2016 = 100),1992,1992,7021,Annual value,,20.770000,E
95,'340,Honduras,116,'01510,Potatoes,5539,Producer Price Index (2014-2016 = 100),1993,1993,7021,Annual value,,23.160000,E
95,'340,Honduras,116,'01510,Potatoes,5539,Producer Price Index (2014-2016 = 100),1994,1994,7021,Annual value,,32.350000,E
95,'340,Honduras,116,'01510,Potatoes,5539,Producer Price Index (2014-2016 = 100),1995,1995,7021,Annual value,,38.660000,E
95,'340,Honduras,116,'01510,Potatoes,5539,Producer Price Index (2014-2016 = 100),1996,1996,7021,Annual value,,46.200000,E
95,'340,Honduras,116,'01510,Potatoes,5539,Producer Price Index (2014-2016 = 100),1997,1997,7021,Annual value,,55.200000,E
95,'340,Honduras,116,'01510,Potatoes,5539,Producer Price Index (2014-2016 = 100),1998,1998,7021,Annual value,,61.620000,E
95,'340,Honduras,116,'01510,Potatoes,5539,Producer Price Index (2014-2016 = 100),1999,1999,7021,Annual value,,68.780000,E
95,'340,Honduras,116,'01510,Potatoes,5539,Producer Price Index (2014-2016 = 100),2000,2000,7021,Annual value,,76.780000,E
95,'340,Honduras,116,'01510,Potatoes,5539,Producer Price Index (2014-2016 = 100),2001,2001,7021,Annual value,,85.700000,E
95,'340,Honduras,116,'01510,Potatoes,5539,Producer Price Index (2014-2016 = 100),2002,2002,7021,Annual value,,95.660000,E
95,'340,Honduras,116,'01510,Potatoes,5539,Producer Price Index (2014-2016 = 100),2003,2003,7021,Annual value,,96.240000,E
95,'340,Honduras,116,'01510,Potatoes,5539,Producer Price Index (2014-2016 = 100),2004,2004,7021,Annual value,,96.820000,E
95,'340,Honduras,116,'01510,Potatoes,5539,Producer Price Index (2014-2016 = 100),2005,2005,7021,Annual value,,97.400000,E
95,'340,Honduras,116,'01510,Potatoes,5539,Producer Price Index (2014-2016 = 100),2006,2006,7021,Annual value,,99.330000,E
95,'340,Honduras,116,'01510,Potatoes,5539,Producer Price Index (2014-2016 = 100),2007,2007,7021,Annual value,,78.420000,E
95,'340,Honduras,116,'01510,Potatoes,5539,Producer Price Index (2014-2016 = 100),2008,2008,7021,Annual value,,75.020000,E
95,'340,Honduras,116,'01510,Potatoes,5539,Producer Price Index (2014-2016 = 100),2009,2009,7021,Annual value,,80.930000,E
95,'340,Honduras,116,'01510,Potatoes,5539,Producer Price Index (2014-2016 = 100),2010,2010,7021,Annual value,,95.430000,E
95,'340,Honduras,116,'01510,Potatoes,5539,Producer Price Index (2014-2016 = 100),2011,2011,7021,Annual value,,94.850000,E
95,'340,Honduras,116,'01510,Potatoes,5539,Producer Price Index (2014-2016 = 100),2012,2012,7021,Annual value,,96.140000,E
95,'340,Honduras,116,'01510,Potatoes,5539,Producer Price Index (2014-2016 = 100),2013,2013,7021,Annual value,,97.420000,E
95,'340,Honduras,116,'01510,Potatoes,5539,Producer Price Index (2014-2016 = 100),2014,2014,7021,Annual value,,98.710000,E
95,'340,Honduras,116,'01510,Potatoes,5539,Producer Price Index (2014-2016 = 100),2015,2015,7021,Annual value,,100.000000,E
95,'340,Honduras,116,'01510,Potatoes,5539,Producer Price Index (2014-2016 = 100),2016,2016,7021,Annual value,,101.290000,E
95,'340,Honduras,116,'01510,Potatoes,5539,Producer Price Index (2014-2016 = 100),2017,2017,7021,Annual value,,102.580000,E
95,'340,Honduras,116,'01510,Potatoes,5539,Producer Price Index (2014-2016 = 100),2018,2018,7021,Annual value,,103.860000,E
95,'340,Honduras,116,'01510,Potatoes,5539,Producer Price Index (2014-2016 = 100),2019,2019,7021,Annual value,,105.150000,E
95,'340,Honduras,116,'01510,Potatoes,5539,Producer Price Index (2014-2016 = 100),2020,2020,7021,Annual value,,138.510000,E
95,'340,Honduras,116,'01510,Potatoes,5539,Producer Price Index (2014-2016 = 100),2021,2021,7021,Annual value,,172.380000,E
95,'340,Honduras,116,'01510,Potatoes,5539,Producer Price Index (2014-2016 = 100),2022,2022,7021,Annual value,,208.790000,E
95,'340,Honduras,116,'01510,Potatoes,5539,Producer Price Index (2014-2016 = 100),2023,2023,7021,Annual value,,236.980000,E
95,'340,Honduras,116,'01510,Potatoes,5539,Producer Price Index (2014-2016 = 100),2024,2024,7021,Annual value,,247.530000,E
95,'340,Honduras,116,'01510,Potatoes,5539,Producer Price Index (2014-2016 = 100),2025,2025,7021,Annual value,,258.080000,E
95,'340,Honduras,394,'01235,"Pumpkins, squash and gourds",5530,Producer Price (LCU/tonne),2022,2022,7021,Annual value,LCU,31460.100000,A
95,'340,Honduras,394,'01235,"Pumpkins, squash and gourds",5530,Producer Price (LCU/tonne),2023,2023,7021,Annual value,LCU,32694.700000,A
95,'340,Honduras,394,'01235,"Pumpkins, squash and gourds",5530,Producer Price (LCU/tonne),2024,2024,7021,Annual value,LCU,32959.300000,A
95,'340,Honduras,394,'01235,"Pumpkins, squash and gourds",5530,Producer Price (LCU/tonne),2024,2024,7001,January,LCU,32759.500000,A
95,'340,Honduras,394,'01235,"Pumpkins, squash and gourds",5530,Producer Price (LCU/tonne),2024,2024,7002,February,LCU,32787.100000,A
95,'340,Honduras,394,'01235,"Pumpkins, squash and gourds",5530,Producer Price (LCU/tonne),2024,2024,7003,March,LCU,32799.400000,A
95,'340,Honduras,394,'01235,"Pumpkins, squash and gourds",5530,Producer Price (LCU/tonne),2024,2024,7004,April,LCU,32793.100000,A
95,'340,Honduras,394,'01235,"Pumpkins, squash and gourds",5530,Producer Price (LCU/tonne),2024,2024,7005,May,LCU,32825.900000,A
95,'340,Honduras,394,'01235,"Pumpkins, squash and gourds",5530,Producer Price (LCU/tonne),2024,2024,7006,June,LCU,32845.300000,A
95,'340,Honduras,394,'01235,"Pumpkins, squash and gourds",5530,Producer Price (LCU/tonne),2024,2024,7007,July,LCU,32894.900000,A
95,'340,Honduras,394,'01235,"Pumpkins, squash and gourds",5530,Producer Price (LCU/tonne),2024,2024,7008,August,LCU,32904.600000,A
95,'340,Honduras,394,'01235,"Pumpkins, squash and gourds",5530,Producer Price (LCU/tonne),2024,2024,7009,September,LCU,32952.400000,A
95,'340,Honduras,394,'01235,"Pumpkins, squash and gourds",5530,Producer Price (LCU/tonne),2024,2024,7010,October,LCU,33100.600000,A
95,'340,Honduras,394,'01235,"Pumpkins, squash and gourds",5530,Producer Price (LCU/tonne),2024,2024,7011,November,LCU,33332.300000,A
95,'340,Honduras,394,'01235,"Pumpkins, squash and gourds",5530,Producer Price (LCU/tonne),2024,2024,7012,December,LCU,33624.400000,A
95,'340,Honduras,394,'01235,"Pumpkins, squash and gourds",5530,Producer Price (LCU/tonne),2025,2025,7001,January,LCU,33831.200000,A
95,'340,Honduras,394,'01235,"Pumpkins, squash and gourds",5531,Producer Price (SLC/tonne),2022,2022,7021,Annual value,SLC,31460.100000,A
95,'340,Honduras,394,'01235,"Pumpkins, squash and gourds",5531,Producer Price (SLC/tonne),2023,2023,7021,Annual value,SLC,32694.700000,A
95,'340,Honduras,394,'01235,"Pumpkins, squash and gourds",5531,Producer Price (SLC/tonne),2024,2024,7021,Annual value,SLC,32959.300000,A
95,'340,Honduras,394,'01235,"Pumpkins, squash and gourds",5532,Producer Price (USD/tonne),2022,2022,7021,Annual value,USD,1284.800000,A
95,'340,Honduras,394,'01235,"Pumpkins, squash and gourds",5532,Producer Price (USD/tonne),2023,2023,7021,Annual value,USD,1329.000000,A
95,'340,Honduras,394,'01235,"Pumpkins, squash and gourds",5532,Producer Price (USD/tonne),2024,2024,7021,Annual value,USD,1329.000000,A
95,'340,Honduras,394,'01235,"Pumpkins, squash and gourds",5539,Producer Price Index (2014-2016 = 100),1991,1991,7021,Annual value,,3.600000,E
95,'340,Honduras,394,'01235,"Pumpkins, squash and gourds",5539,Producer Price Index (2014-2016 = 100),1992,1992,7021,Annual value,,5.220000,E
95,'340,Honduras,394,'01235,"Pumpkins, squash and gourds",5539,Producer Price Index (2014-2016 = 100),1993,1993,7021,Annual value,,9.010000,E
95,'340,Honduras,394,'01235,"Pumpkins, squash and gourds",5539,Producer Price Index (2014-2016 = 100),1994,1994,7021,Annual value,,12.020000,E
95,'340,Honduras,394,'01235,"Pumpkins, squash and gourds",5539,Producer Price Index (2014-2016 = 100),1995,1995,7021,Annual value,,14.360000,E
95,'340,Honduras,394,'01235,"Pumpkins, squash and gourds",5539,Producer Price Index (2014-2016 = 100),1996,1996,7021,Annual value,,17.160000,E
95,'340,Honduras,394,'01235,"Pumpkins, squash and gourds",5539,Producer Price Index (2014-2016 = 100),1997,1997,7021,Annual value,,20.510000,E
95,'340,Honduras,394,'01235,"Pumpkins, squash and gourds",5539,Producer Price Index (2014-2016 = 100),1998,1998,7021,Annual value,,22.760000,E
95,'340,Honduras,394,'01235,"Pumpkins, squash and gourds",5539,Producer Price Index (2014-2016 = 100),1999,1999,7021,Annual value,,25.230000,E
95,'340,Honduras,394,'01235,"Pumpkins, squash and gourds",5539,Producer Price Index (2014-2016 = 100),2000,2000,7021,Annual value,,27.980000,E
95,'340,Honduras,394,'01235,"Pumpkins, squash and gourds",5539,Producer Price Index (2014-2016 = 100),2001,2001,7021,Annual value,,31.040000,E
95,'340,Honduras,394,'01235,"Pumpkins, squash and gourds",5539,Producer Price Index (2014-2016 = 100),2002,2002,7021,Annual value,,34.430000,E
95,'340,Honduras,394,'01235,"Pumpkins, squash and gourds",5539,Producer Price Index (2014-2016 = 100),2003,2003,7021,Annual value,,46.190000,E
95,'340,Honduras,394,'01235,"Pumpkins, squash and gourds",5539,Producer Price Index (2014-2016 = 100),2004,2004,7021,Annual value,,49.730000,E
95,'340,Honduras,394,'01235,"Pumpkins, squash and gourds",5539,Producer Price Index (2014-2016 = 100),2005,2005,7021,Annual value,,53.270000,E
95,'340,Honduras,394,'01235,"Pumpkins, squash and gourds",5539,Producer Price Index (2014-2016 = 100),2006,2006,7021,Annual value,,56.820000,E
95,'340,Honduras,394,'01235,"Pumpkins, squash and gourds",5539,Producer Price Index (2014-2016 = 100),2007,2007,7021,Annual value,,63.410000,E
95,'340,Honduras,394,'01235,"Pumpkins, squash and gourds",5539,Producer Price Index (2014-2016 = 100),2008,2008,7021,Annual value,,64.430000,E
95,'340,Honduras,394,'01235,"Pumpkins, squash and gourds",5539,Producer Price Index (2014-2016 = 100),2009,2009,7021,Annual value,,68.640000,E
95,'340,Honduras,394,'01235,"Pumpkins, squash and gourds",5539,Producer Price Index (2014-2016 = 100),2010,2010,7021,Annual value,,76.420000,E
95,'340,Honduras,394,'01235,"Pumpkins, squash and gourds",5539,Producer Price Index (2014-2016 = 100),2011,2011,7021,Annual value,,80.940000,E
95,'340,Honduras,394,'01235,"Pumpkins, squash and gourds",5539,Producer Price Index (2014-2016 = 100),2012,2012,7021,Annual value,,85.700000,E
95,'340,Honduras,394,'01235,"Pumpkins, squash and gourds",5539,Producer Price Index (2014-2016 = 100),2013,2013,7021,Annual value,,90.470000,E
95,'340,Honduras,394,'01235,"Pumpkins, squash and gourds",5539,Producer Price Index (2014-2016 = 100),2014,2014,7021,Annual value,,95.230000,E
95,'340,Honduras,394,'01235,"Pumpkins, squash and gourds",5539,Producer Price Index (2014-2016 = 100),2015,2015,7021,Annual value,,100.000000,E
95,'340,Honduras,394,'01235,"Pumpkins, squash and gourds",5539,Producer Price Index (2014-2016 = 100),2016,2016,7021,Annual value,,104.770000,E
95,'340,Honduras,394,'01235,"Pumpkins, squash and gourds",5539,Producer Price Index (2014-2016 = 100),2017,2017,7021,Annual value,,109.530000,E
95,'340,Honduras,394,'01235,"Pumpkins, squash and gourds",5539,Producer Price Index (2014-2016 = 100),2018,2018,7021,Annual value,,114.300000,E
95,'340,Honduras,394,'01235,"Pumpkins, squash and gourds",5539,Producer Price Index (2014-2016 = 100),2019,2019,7021,Annual value,,119.060000,E
95,'340,Honduras,394,'01235,"Pumpkins, squash and gourds",5539,Producer Price Index (2014-2016 = 100),2020,2020,7021,Annual value,,212.660000,E
95,'340,Honduras,394,'01235,"Pumpkins, squash and gourds",5539,Producer Price Index (2014-2016 = 100),2021,2021,7021,Annual value,,330.910000,E
95,'340,Honduras,394,'01235,"Pumpkins, squash and gourds",5539,Producer Price Index (2014-2016 = 100),2022,2022,7021,Annual value,,430.620000,E
95,'340,Honduras,394,'01235,"Pumpkins, squash and gourds",5539,Producer Price Index (2014-2016 = 100),2023,2023,7021,Annual value,,447.520000,E
95,'340,Honduras,394,'01235,"Pumpkins, squash and gourds",5539,Producer Price Index (2014-2016 = 100),2024,2024,7021,Annual value,,451.140000,E
95,'340,Honduras,394,'01235,"Pumpkins, squash and gourds",5539,Producer Price Index (2014-2016 = 100),2025,2025,7021,Annual value,,454.760000,E
95,'340,Honduras,882,'02211,Raw milk of cattle,5530,Producer Price (LCU/tonne),1992,1992,7021,Annual value,LCU,3000.000000,A
95,'340,Honduras,882,'02211,Raw milk of cattle,5530,Producer Price (LCU/tonne),1993,1993,7021,Annual value,LCU,1290.000000,A
95,'340,Honduras,882,'02211,Raw milk of cattle,5530,Producer Price (LCU/tonne),1994,1994,7021,Annual value,LCU,2550.000000,A
95,'340,Honduras,882,'02211,Raw milk of cattle,5530,Producer Price (LCU/tonne),1995,1995,7021,Annual value,LCU,3500.000000,A
95,'340,Honduras,882,'02211,Raw milk of cattle,5530,Producer Price (LCU/tonne),1996,1996,7021,Annual value,LCU,4080.000000,A
95,'340,Honduras,882,'02211,Raw milk of cattle,5530,Producer Price (LCU/tonne),1997,1997,7021,Annual value,LCU,4870.000000,A
95,'340,Honduras,882,'02211,Raw milk of cattle,5530,Producer Price (LCU/tonne),1998,1998,7021,Annual value,LCU,4820.000000,A
95,'340,Honduras,882,'02211,Raw milk of cattle,5530,Producer Price (LCU/tonne),1999,1999,7021,Annual value,LCU,5100.000000,A
95,'340,Honduras,882,'02211,Raw milk of cattle,5530,Producer Price (LCU/tonne),2000,2000,7021,Annual value,LCU,5340.000000,A
95,'340,Honduras,882,'02211,Raw milk of cattle,5530,Producer Price (LCU/tonne),2001,2001,7021,Annual value,LCU,5570.000000,A
95,'340,Honduras,882,'02211,Raw milk of cattle,5530,Producer Price (LCU/tonne),2002,2002,7021,Annual value,LCU,5850.000000,A
95,'340,Honduras,882,'02211,Raw milk of cattle,5530,Producer Price (LCU/tonne),2003,2003,7021,Annual value,LCU,5860.000000,A
95,'340,Honduras,882,'02211,Raw milk of cattle,5530,Producer Price (LCU/tonne),2004,2004,7021,Annual value,LCU,6305.000000,A
95,'340,Honduras,882,'02211,Raw milk of cattle,5530,Producer Price (LCU/tonne),2005,2005,7021,Annual value,LCU,6500.000000,A
95,'340,Honduras,882,'02211,Raw milk of cattle,5530,Producer Price (LCU/tonne),2006,2006,7021,Annual value,LCU,7032.000000,A
95,'340,Honduras,882,'02211,Raw milk of cattle,5530,Producer Price (LCU/tonne),2007,2007,7021,Annual value,LCU,7371.000000,A
95,'340,Honduras,882,'02211,Raw milk of cattle,5530,Producer Price (LCU/tonne),2008,2008,7021,Annual value,LCU,7556.000000,A
95,'340,Honduras,882,'02211,Raw milk of cattle,5530,Producer Price (LCU/tonne),2022,2022,7021,Annual value,LCU,13944.400000,A
95,'340,Honduras,882,'02211,Raw milk of cattle,5530,Producer Price (LCU/tonne),2023,2023,7021,Annual value,LCU,14778.000000,A
95,'340,Honduras,882,'02211,Raw milk of cattle,5530,Producer Price (LCU/tonne),2024,2024,7021,Annual value,LCU,15843.100000,A
95,'340,Honduras,882,'02211,Raw milk of cattle,5530,Producer Price (LCU/tonne),2024,2024,7001,January,LCU,15520.000000,A
95,'340,Honduras,882,'02211,Raw milk of cattle,5530,Producer Price (LCU/tonne),2024,2024,7002,February,LCU,15520.000000,A
95,'340,Honduras,882,'02211,Raw milk of cattle,5530,Producer Price (LCU/tonne),2024,2024,7003,March,LCU,15740.000000,A
95,'340,Honduras,882,'02211,Raw milk of cattle,5530,Producer Price (LCU/tonne),2024,2024,7004,April,LCU,15740.000000,A
95,'340,Honduras,882,'02211,Raw milk of cattle,5530,Producer Price (LCU/tonne),2024,2024,7005,May,LCU,15740.000000,A
95,'340,Honduras,882,'02211,Raw milk of cattle,5530,Producer Price (LCU/tonne),2024,2024,7006,June,LCU,15740.000000,A
95,'340,Honduras,882,'02211,Raw milk of cattle,5530,Producer Price (LCU/tonne),2024,2024,7007,July,LCU,15740.000000,A
95,'340,Honduras,882,'02211,Raw milk of cattle,5530,Producer Price (LCU/tonne),2024,2024,7008,August,LCU,15740.000000,A
95,'340,Honduras,882,'02211,Raw milk of cattle,5530,Producer Price (LCU/tonne),2024,2024,7009,September,LCU,15990.000000,A
95,'340,Honduras,882,'02211,Raw milk of cattle,5530,Producer Price (LCU/tonne),2024,2024,7010,October,LCU,15990.000000,A
95,'340,Honduras,882,'02211,Raw milk of cattle,5530,Producer Price (LCU/tonne),2024,2024,7011,November,LCU,15990.000000,A
95,'340,Honduras,882,'02211,Raw milk of cattle,5530,Producer Price (LCU/tonne),2024,2024,7012,December,LCU,15990.000000,A
95,'340,Honduras,882,'02211,Raw milk of cattle,5531,Producer Price (SLC/tonne),1992,1992,7021,Annual value,SLC,3000.000000,A
95,'340,Honduras,882,'02211,Raw milk of cattle,5531,Producer Price (SLC/tonne),1993,1993,7021,Annual value,SLC,1290.000000,A
95,'340,Honduras,882,'02211,Raw milk of cattle,5531,Producer Price (SLC/tonne),1994,1994,7021,Annual value,SLC,2550.000000,A
95,'340,Honduras,882,'02211,Raw milk of cattle,5531,Producer Price (SLC/tonne),1995,1995,7021,Annual value,SLC,3500.000000,A
95,'340,Honduras,882,'02211,Raw milk of cattle,5531,Producer Price (SLC/tonne),1996,1996,7021,Annual value,SLC,4080.000000,A
95,'340,Honduras,882,'02211,Raw milk of cattle,5531,Producer Price (SLC/tonne),1997,1997,7021,Annual value,SLC,4870.000000,A
95,'340,Honduras,882,'02211,Raw milk of cattle,5531,Producer Price (SLC/tonne),1998,1998,7021,Annual value,SLC,4820.000000,A
95,'340,Honduras,882,'02211,Raw milk of cattle,5531,Producer Price (SLC/tonne),1999,1999,7021,Annual value,SLC,5100.000000,A
95,'340,Honduras,882,'02211,Raw milk of cattle,5531,Producer Price (SLC/tonne),2000,2000,7021,Annual value,SLC,5340.000000,A
95,'340,Honduras,882,'02211,Raw milk of cattle,5531,Producer Price (SLC/tonne),2001,2001,7021,Annual value,SLC,5570.000000,A
95,'340,Honduras,882,'02211,Raw milk of cattle,5531,Producer Price (SLC/tonne),2002,2002,7021,Annual value,SLC,5850.000000,A
95,'340,Honduras,882,'02211,Raw milk of cattle,5531,Producer Price (SLC/tonne),2003,2003,7021,Annual value,SLC,5860.000000,A
95,'340,Honduras,882,'02211,Raw milk of cattle,5531,Producer Price (SLC/tonne),2004,2004,7021,Annual value,SLC,6305.000000,A
95,'340,Honduras,882,'02211,Raw milk of cattle,5531,Producer Price (SLC/tonne),2005,2005,7021,Annual value,SLC,6500.000000,A
95,'340,Honduras,882,'02211,Raw milk of cattle,5531,Producer Price (SLC/tonne),2006,2006,7021,Annual value,SLC,7032.000000,A
95,'340,Honduras,882,'02211,Raw milk of cattle,5531,Producer Price (SLC/tonne),2007,2007,7021,Annual value,SLC,7371.000000,A
95,'340,Honduras,882,'02211,Raw milk of cattle,5531,Producer Price (SLC/tonne),2008,2008,7021,Annual value,SLC,7556.000000,A
95,'340,Honduras,882,'02211,Raw milk of cattle,5531,Producer Price (SLC/tonne),2022,2022,7021,Annual value,SLC,13944.400000,A
95,'340,Honduras,882,'02211,Raw milk of cattle,5531,Producer Price (SLC/tonne),2023,2023,7021,Annual value,SLC,14778.000000,A
95,'340,Honduras,882,'02211,Raw milk of cattle,5531,Producer Price (SLC/tonne),2024,2024,7021,Annual value,SLC,15843.100000,A
95,'340,Honduras,882,'02211,Raw milk of cattle,5532,Producer Price (USD/tonne),1992,1992,7021,Annual value,USD,545.700000,A
95,'340,Honduras,882,'02211,Raw milk of cattle,5532,Producer Price (USD/tonne),1993,1993,7021,Annual value,USD,199.300000,A
95,'340,Honduras,882,'02211,Raw milk of cattle,5532,Producer Price (USD/tonne),1994,1994,7021,Annual value,USD,303.300000,A
95,'340,Honduras,882,'02211,Raw milk of cattle,5532,Producer Price (USD/tonne),1995,1995,7021,Annual value,USD,369.500000,A
95,'340,Honduras,882,'02211,Raw milk of cattle,5532,Producer Price (USD/tonne),1996,1996,7021,Annual value,USD,348.600000,A
95,'340,Honduras,882,'02211,Raw milk of cattle,5532,Producer Price (USD/tonne),1997,1997,7021,Annual value,USD,374.500000,A
95,'340,Honduras,882,'02211,Raw milk of cattle,5532,Producer Price (USD/tonne),1998,1998,7021,Annual value,USD,360.100000,A
95,'340,Honduras,882,'02211,Raw milk of cattle,5532,Producer Price (USD/tonne),1999,1999,7021,Annual value,USD,358.800000,A
95,'340,Honduras,882,'02211,Raw milk of cattle,5532,Producer Price (USD/tonne),2000,2000,7021,Annual value,USD,359.900000,A
95,'340,Honduras,882,'02211,Raw milk of cattle,5532,Producer Price (USD/tonne),2001,2001,7021,Annual value,USD,360.000000,A
95,'340,Honduras,882,'02211,Raw milk of cattle,5532,Producer Price (USD/tonne),2002,2002,7021,Annual value,USD,356.000000,A
95,'340,Honduras,882,'02211,Raw milk of cattle,5532,Producer Price (USD/tonne),2003,2003,7021,Annual value,USD,337.800000,A
95,'340,Honduras,882,'02211,Raw milk of cattle,5532,Producer Price (USD/tonne),2004,2004,7021,Annual value,USD,346.300000,A
95,'340,Honduras,882,'02211,Raw milk of cattle,5532,Producer Price (USD/tonne),2005,2005,7021,Annual value,USD,345.200000,A
95,'340,Honduras,882,'02211,Raw milk of cattle,5532,Producer Price (USD/tonne),2006,2006,7021,Annual value,USD,372.200000,A
95,'340,Honduras,882,'02211,Raw milk of cattle,5532,Producer Price (USD/tonne),2007,2007,7021,Annual value,USD,390.100000,A
95,'340,Honduras,882,'02211,Raw milk of cattle,5532,Producer Price (USD/tonne),2008,2008,7021,Annual value,USD,399.700000,A
95,'340,Honduras,882,'02211,Raw milk of cattle,5532,Producer Price (USD/tonne),2022,2022,7021,Annual value,USD,569.500000,A
95,'340,Honduras,882,'02211,Raw milk of cattle,5532,Producer Price (USD/tonne),2023,2023,7021,Annual value,USD,600.700000,A
95,'340,Honduras,882,'02211,Raw milk of cattle,5532,Producer Price (USD/tonne),2024,2024,7021,Annual value,USD,638.900000,A
95,'340,Honduras,882,'02211,Raw milk of cattle,5539,Producer Price Index (2014-2016 = 100),1991,1991,7021,Annual value,,31.180000,E
95,'340,Honduras,882,'02211,Raw milk of cattle,5539,Producer Price Index (2014-2016 = 100),1992,1992,7021,Annual value,,31.600000,E
95,'340,Honduras,882,'02211,Raw milk of cattle,5539,Producer Price Index (2014-2016 = 100),1993,1993,7021,Annual value,,13.590000,E
95,'340,Honduras,882,'02211,Raw milk of cattle,5539,Producer Price Index (2014-2016 = 100),1994,1994,7021,Annual value,,26.860000,E
95,'340,Honduras,882,'02211,Raw milk of cattle,5539,Producer Price Index (2014-2016 = 100),1995,1995,7021,Annual value,,36.870000,E
95,'340,Honduras,882,'02211,Raw milk of cattle,5539,Producer Price Index (2014-2016 = 100),1996,1996,7021,Annual value,,42.980000,E
95,'340,Honduras,882,'02211,Raw milk of cattle,5539,Producer Price Index (2014-2016 = 100),1997,1997,7021,Annual value,,51.300000,E
95,'340,Honduras,882,'02211,Raw milk of cattle,5539,Producer Price Index (2014-2016 = 100),1998,1998,7021,Annual value,,50.780000,E
95,'340,Honduras,882,'02211,Raw milk of cattle,5539,Producer Price Index (2014-2016 = 100),1999,1999,7021,Annual value,,53.730000,E
95,'340,Honduras,882,'02211,Raw milk of cattle,5539,Producer Price Index (2014-2016 = 100),2000,2000,7021,Annual value,,56.260000,E
95,'340,Honduras,882,'02211,Raw milk of cattle,5539,Producer Price Index (2014-2016 = 100),2001,2001,7021,Annual value,,58.680000,E
95,'340,Honduras,882,'02211,Raw milk of cattle,5539,Producer Price Index (2014-2016 = 100),2002,2002,7021,Annual value,,61.630000,E
95,'340,Honduras,882,'02211,Raw milk of cattle,5539,Producer Price Index (2014-2016 = 100),2003,2003,7021,Annual value,,61.730000,E
95,'340,Honduras,882,'02211,Raw milk of cattle,5539,Producer Price Index (2014-2016 = 100),2004,2004,7021,Annual value,,66.420000,E
95,'340,Honduras,882,'02211,Raw milk of cattle,5539,Producer Price Index (2014-2016 = 100),2005,2005,7021,Annual value,,68.480000,E
95,'340,Honduras,882,'02211,Raw milk of cattle,5539,Producer Price Index (2014-2016 = 100),2006,2006,7021,Annual value,,74.080000,E
95,'340,Honduras,882,'02211,Raw milk of cattle,5539,Producer Price Index (2014-2016 = 100),2007,2007,7021,Annual value,,77.650000,E
95,'340,Honduras,882,'02211,Raw milk of cattle,5539,Producer Price Index (2014-2016 = 100),2008,2008,7021,Annual value,,79.600000,E
95,'340,Honduras,882,'02211,Raw milk of cattle,5539,Producer Price Index (2014-2016 = 100),2009,2009,7021,Annual value,,81.920000,E
95,'340,Honduras,882,'02211,Raw milk of cattle,5539,Producer Price Index (2014-2016 = 100),2010,2010,7021,Annual value,,87.990000,E
95,'340,Honduras,882,'02211,Raw milk of cattle,5539,Producer Price Index (2014-2016 = 100),2011,2011,7021,Annual value,,88.560000,E
95,'340,Honduras,882,'02211,Raw milk of cattle,5539,Producer Price Index (2014-2016 = 100),2012,2012,7021,Annual value,,91.420000,E
95,'340,Honduras,882,'02211,Raw milk of cattle,5539,Producer Price Index (2014-2016 = 100),2013,2013,7021,Annual value,,94.280000,E
95,'340,Honduras,882,'02211,Raw milk of cattle,5539,Producer Price Index (2014-2016 = 100),2014,2014,7021,Annual value,,97.140000,E
95,'340,Honduras,882,'02211,Raw milk of cattle,5539,Producer Price Index (2014-2016 = 100),2015,2015,7021,Annual value,,100.000000,E
95,'340,Honduras,882,'02211,Raw milk of cattle,5539,Producer Price Index (2014-2016 = 100),2016,2016,7021,Annual value,,102.860000,E
95,'340,Honduras,882,'02211,Raw milk of cattle,5539,Producer Price Index (2014-2016 = 100),2017,2017,7021,Annual value,,105.720000,E
95,'340,Honduras,882,'02211,Raw milk of cattle,5539,Producer Price Index (2014-2016 = 100),2018,2018,7021,Annual value,,108.580000,E
95,'340,Honduras,882,'02211,Raw milk of cattle,5539,Producer Price Index (2014-2016 = 100),2019,2019,7021,Annual value,,111.440000,E
95,'340,Honduras,882,'02211,Raw milk of cattle,5539,Producer Price Index (2014-2016 = 100),2020,2020,7021,Annual value,,123.920000,E
95,'340,Honduras,882,'02211,Raw milk of cattle,5539,Producer Price Index (2014-2016 = 100),2021,2021,7021,Annual value,,134.660000,E
95,'340,Honduras,882,'02211,Raw milk of cattle,5539,Producer Price Index (2014-2016 = 100),2022,2022,7021,Annual value,,146.900000,E
95,'340,Honduras,882,'02211,Raw milk of cattle,5539,Producer Price Index (2014-2016 = 100),2023,2023,7021,Annual value,,155.680000,E
95,'340,Honduras,882,'02211,Raw milk of cattle,5539,Producer Price Index (2014-2016 = 100),2024,2024,7021,Annual value,,166.900000,E
95,'340,Honduras,882,'02211,Raw milk of cattle,5539,Producer Price Index (2014-2016 = 100),2025,2025,7021,Annual value,,177.610000,E
95,'340,Honduras,27,'0113,Rice,5530,Producer Price (LCU/tonne),1991,1991,7021,Annual value,LCU,1320.000000,A
95,'340,Honduras,27,'0113,Rice,5530,Producer Price (LCU/tonne),1992,1992,7021,Annual value,LCU,990.000000,A
95,'340,Honduras,27,'0113,Rice,5530,Producer Price (LCU/tonne),1993,1993,7021,Annual value,LCU,1166.000000,A
95,'340,Honduras,27,'0113,Rice,5530,Producer Price (LCU/tonne),1994,1994,7021,Annual value,LCU,1376.000000,A
95,'340,Honduras,27,'0113,Rice,5530,Producer Price (LCU/tonne),1995,1995,7021,Annual value,LCU,1582.000000,A
95,'340,Honduras,27,'0113,Rice,5530,Producer Price (LCU/tonne),1996,1996,7021,Annual value,LCU,2286.000000,A
95,'340,Honduras,27,'0113,Rice,5530,Producer Price (LCU/tonne),1997,1997,7021,Annual value,LCU,2562.000000,A
95,'340,Honduras,27,'0113,Rice,5530,Producer Price (LCU/tonne),1998,1998,7021,Annual value,LCU,2667.000000,A
95,'340,Honduras,27,'0113,Rice,5530,Producer Price (LCU/tonne),1999,1999,7021,Annual value,LCU,2987.000000,A
95,'340,Honduras,27,'0113,Rice,5530,Producer Price (LCU/tonne),2000,2000,7021,Annual value,LCU,3188.000000,A
95,'340,Honduras,27,'0113,Rice,5530,Producer Price (LCU/tonne),2001,2001,7021,Annual value,LCU,3669.000000,A
95,'340,Honduras,27,'0113,Rice,5530,Producer Price (LCU/tonne),2002,2002,7021,Annual value,LCU,4151.000000,A
95,'340,Honduras,27,'0113,Rice,5530,Producer Price (LCU/tonne),2003,2003,7021,Annual value,LCU,4315.000000,A
95,'340,Honduras,27,'0113,Rice,5530,Producer Price (LCU/tonne),2004,2004,7021,Annual value,LCU,4512.000000,A
95,'340,Honduras,27,'0113,Rice,5530,Producer Price (LCU/tonne),2005,2005,7021,Annual value,LCU,4972.000000,A
95,'340,Honduras,27,'0113,Rice,5530,Producer Price (LCU/tonne),2006,2006,7021,Annual value,LCU,5412.000000,A
95,'340,Honduras,27,'0113,Rice,5530,Producer Price (LCU/tonne),2007,2007,7021,Annual value,LCU,6336.000000,A
95,'340,Honduras,27,'0113,Rice,5530,Producer Price (LCU/tonne),2008,2008,7021,Annual value,LCU,7544.000000,A
95,'340,Honduras,27,'0113,Rice,5531,Producer Price (SLC/tonne),1991,1991,7021,Annual value,SLC,1320.000000,A
95,'340,Honduras,27,'0113,Rice,5531,Producer Price (SLC/tonne),1992,1992,7021,Annual value,SLC,990.000000,A
95,'340,Honduras,27,'0113,Rice,5531,Producer Price (SLC/tonne),1993,1993,7021,Annual value,SLC,1166.000000,A
95,'340,Honduras,27,'0113,Rice,5531,Producer Price (SLC/tonne),1994,1994,7021,Annual value,SLC,1376.000000,A
95,'340,Honduras,27,'0113,Rice,5531,Producer Price (SLC/tonne),1995,1995,7021,Annual value,SLC,1582.000000,A
95,'340,Honduras,27,'0113,Rice,5531,Producer Price (SLC/tonne),1996,1996,7021,Annual value,SLC,2286.000000,A
95,'340,Honduras,27,'0113,Rice,5531,Producer Price (SLC/tonne),1997,1997,7021,Annual value,SLC,2562.000000,A
95,'340,Honduras,27,'0113,Rice,5531,Producer Price (SLC/tonne),1998,1998,7021,Annual value,SLC,2667.000000,A
95,'340,Honduras,27,'0113,Rice,5531,Producer Price (SLC/tonne),1999,1999,7021,Annual value,SLC,2987.000000,A
95,'340,Honduras,27,'0113,Rice,5531,Producer Price (SLC/tonne),2000,2000,7021,Annual value,SLC,3188.000000,A
95,'340,Honduras,27,'0113,Rice,5531,Producer Price (SLC/tonne),2001,2001,7021,Annual value,SLC,3669.000000,A
95,'340,Honduras,27,'0113,Rice,5531,Producer Price (SLC/tonne),2002,2002,7021,Annual value,SLC,4151.000000,A
95,'340,Honduras,27,'0113,Rice,5531,Producer Price (SLC/tonne),2003,2003,7021,Annual value,SLC,4315.000000,A
95,'340,Honduras,27,'0113,Rice,5531,Producer Price (SLC/tonne),2004,2004,7021,Annual value,SLC,4512.000000,A
95,'340,Honduras,27,'0113,Rice,5531,Producer Price (SLC/tonne),2005,2005,7021,Annual value,SLC,4972.000000,A
95,'340,Honduras,27,'0113,Rice,5531,Producer Price (SLC/tonne),2006,2006,7021,Annual value,SLC,5412.000000,A
95,'340,Honduras,27,'0113,Rice,5531,Producer Price (SLC/tonne),2007,2007,7021,Annual value,SLC,6336.000000,A
95,'340,Honduras,27,'0113,Rice,5531,Producer Price (SLC/tonne),2008,2008,7021,Annual value,SLC,7544.000000,A
95,'340,Honduras,27,'0113,Rice,5532,Producer Price (USD/tonne),1991,1991,7021,Annual value,USD,248.300000,A
95,'340,Honduras,27,'0113,Rice,5532,Producer Price (USD/tonne),1992,1992,7021,Annual value,USD,180.100000,A
95,'340,Honduras,27,'0113,Rice,5532,Producer Price (USD/tonne),1993,1993,7021,Annual value,USD,180.200000,A
95,'340,Honduras,27,'0113,Rice,5532,Producer Price (USD/tonne),1994,1994,7021,Annual value,USD,163.600000,A
95,'340,Honduras,27,'0113,Rice,5532,Producer Price (USD/tonne),1995,1995,7021,Annual value,USD,167.000000,A
95,'340,Honduras,27,'0113,Rice,5532,Producer Price (USD/tonne),1996,1996,7021,Annual value,USD,195.300000,A
95,'340,Honduras,27,'0113,Rice,5532,Producer Price (USD/tonne),1997,1997,7021,Annual value,USD,197.000000,A
95,'340,Honduras,27,'0113,Rice,5532,Producer Price (USD/tonne),1998,1998,7021,Annual value,USD,199.300000,A
95,'340,Honduras,27,'0113,Rice,5532,Producer Price (USD/tonne),1999,1999,7021,Annual value,USD,210.200000,A
95,'340,Honduras,27,'0113,Rice,5532,Producer Price (USD/tonne),2000,2000,7021,Annual value,USD,214.800000,A
95,'340,Honduras,27,'0113,Rice,5532,Producer Price (USD/tonne),2001,2001,7021,Annual value,USD,237.100000,A
95,'340,Honduras,27,'0113,Rice,5532,Producer Price (USD/tonne),2002,2002,7021,Annual value,USD,252.600000,A
95,'340,Honduras,27,'0113,Rice,5532,Producer Price (USD/tonne),2003,2003,7021,Annual value,USD,248.800000,A
95,'340,Honduras,27,'0113,Rice,5532,Producer Price (USD/tonne),2004,2004,7021,Annual value,USD,247.800000,A
95,'340,Honduras,27,'0113,Rice,5532,Producer Price (USD/tonne),2005,2005,7021,Annual value,USD,264.000000,A
95,'340,Honduras,27,'0113,Rice,5532,Producer Price (USD/tonne),2006,2006,7021,Annual value,USD,286.400000,A
95,'340,Honduras,27,'0113,Rice,5532,Producer Price (USD/tonne),2007,2007,7021,Annual value,USD,335.300000,A
95,'340,Honduras,27,'0113,Rice,5532,Producer Price (USD/tonne),2008,2008,7021,Annual value,USD,399.100000,A
95,'340,Honduras,27,'0113,Rice,5539,Producer Price Index (2014-2016 = 100),1991,1991,7021,Annual value,,13.810000,E
95,'340,Honduras,27,'0113,Rice,5539,Producer Price Index (2014-2016 = 100),1992,1992,7021,Annual value,,10.360000,E
95,'340,Honduras,27,'0113,Rice,5539,Producer Price Index (2014-2016 = 100),1993,1993,7021,Annual value,,12.200000,E
95,'340,Honduras,27,'0113,Rice,5539,Producer Price Index (2014-2016 = 100),1994,1994,7021,Annual value,,14.400000,E
95,'340,Honduras,27,'0113,Rice,5539,Producer Price Index (2014-2016 = 100),1995,1995,7021,Annual value,,16.550000,E
95,'340,Honduras,27,'0113,Rice,5539,Producer Price Index (2014-2016 = 100),1996,1996,7021,Annual value,,23.920000,E
95,'340,Honduras,27,'0113,Rice,5539,Producer Price Index (2014-2016 = 100),1997,1997,7021,Annual value,,26.800000,E
95,'340,Honduras,27,'0113,Rice,5539,Producer Price Index (2014-2016 = 100),1998,1998,7021,Annual value,,27.900000,E
95,'340,Honduras,27,'0113,Rice,5539,Producer Price Index (2014-2016 = 100),1999,1999,7021,Annual value,,31.250000,E
95,'340,Honduras,27,'0113,Rice,5539,Producer Price Index (2014-2016 = 100),2000,2000,7021,Annual value,,33.350000,E
95,'340,Honduras,27,'0113,Rice,5539,Producer Price Index (2014-2016 = 100),2001,2001,7021,Annual value,,38.380000,E
95,'340,Honduras,27,'0113,Rice,5539,Producer Price Index (2014-2016 = 100),2002,2002,7021,Annual value,,43.430000,E
95,'340,Honduras,27,'0113,Rice,5539,Producer Price Index (2014-2016 = 100),2003,2003,7021,Annual value,,45.140000,E
95,'340,Honduras,27,'0113,Rice,5539,Producer Price Index (2014-2016 = 100),2004,2004,7021,Annual value,,47.200000,E
95,'340,Honduras,27,'0113,Rice,5539,Producer Price Index (2014-2016 = 100),2005,2005,7021,Annual value,,52.020000,E
95,'340,Honduras,27,'0113,Rice,5539,Producer Price Index (2014-2016 = 100),2006,2006,7021,Annual value,,56.620000,E
95,'340,Honduras,27,'0113,Rice,5539,Producer Price Index (2014-2016 = 100),2007,2007,7021,Annual value,,66.290000,E
95,'340,Honduras,27,'0113,Rice,5539,Producer Price Index (2014-2016 = 100),2008,2008,7021,Annual value,,78.920000,E
95,'340,Honduras,27,'0113,Rice,5539,Producer Price Index (2014-2016 = 100),2009,2009,7021,Annual value,,91.630000,E
95,'340,Honduras,27,'0113,Rice,5539,Producer Price Index (2014-2016 = 100),2010,2010,7021,Annual value,,89.470000,E
95,'340,Honduras,27,'0113,Rice,5539,Producer Price Index (2014-2016 = 100),2011,2011,7021,Annual value,,82.440000,E
95,'340,Honduras,27,'0113,Rice,5539,Producer Price Index (2014-2016 = 100),2012,2012,7021,Annual value,,86.830000,E
95,'340,Honduras,27,'0113,Rice,5539,Producer Price Index (2014-2016 = 100),2013,2013,7021,Annual value,,91.220000,E
95,'340,Honduras,27,'0113,Rice,5539,Producer Price Index (2014-2016 = 100),2014,2014,7021,Annual value,,95.610000,E
95,'340,Honduras,27,'0113,Rice,5539,Producer Price Index (2014-2016 = 100),2015,2015,7021,Annual value,,100.000000,E
95,'340,Honduras,27,'0113,Rice,5539,Producer Price Index (2014-2016 = 100),2016,2016,7021,Annual value,,104.390000,E
95,'340,Honduras,27,'0113,Rice,5539,Producer Price Index (2014-2016 = 100),2017,2017,7021,Annual value,,108.780000,E
95,'340,Honduras,27,'0113,Rice,5539,Producer Price Index (2014-2016 = 100),2018,2018,7021,Annual value,,113.170000,E
95,'340,Honduras,27,'0113,Rice,5539,Producer Price Index (2014-2016 = 100),2019,2019,7021,Annual value,,117.560000,E
95,'340,Honduras,27,'0113,Rice,5539,Producer Price Index (2014-2016 = 100),2020,2020,7021,Annual value,,121.510000,E
95,'340,Honduras,27,'0113,Rice,5539,Producer Price Index (2014-2016 = 100),2021,2021,7021,Annual value,,124.590000,E
95,'340,Honduras,27,'0113,Rice,5539,Producer Price Index (2014-2016 = 100),2022,2022,7021,Annual value,,123.530000,E
95,'340,Honduras,27,'0113,Rice,5539,Producer Price Index (2014-2016 = 100),2023,2023,7021,Annual value,,125.510000,E
95,'340,Honduras,27,'0113,Rice,5539,Producer Price Index (2014-2016 = 100),2024,2024,7021,Annual value,,127.500000,E
95,'340,Honduras,27,'0113,Rice,5539,Producer Price Index (2014-2016 = 100),2025,2025,7021,Annual value,,129.480000,E
95,'340,Honduras,328,'01921.01,"Seed cotton, unginned",5530,Producer Price (LCU/tonne),1991,1991,7021,Annual value,LCU,3307.000000,A
95,'340,Honduras,328,'01921.01,"Seed cotton, unginned",5530,Producer Price (LCU/tonne),1996,1996,7021,Annual value,LCU,6072.000000,A
95,'340,Honduras,328,'01921.01,"Seed cotton, unginned",5530,Producer Price (LCU/tonne),1997,1997,7021,Annual value,LCU,7150.000000,A
95,'340,Honduras,328,'01921.01,"Seed cotton, unginned",5530,Producer Price (LCU/tonne),1998,1998,7021,Annual value,LCU,7920.000000,A
95,'340,Honduras,328,'01921.01,"Seed cotton, unginned",5530,Producer Price (LCU/tonne),1999,1999,7021,Annual value,LCU,10538.000000,A
95,'340,Honduras,328,'01921.01,"Seed cotton, unginned",5530,Producer Price (LCU/tonne),2000,2000,7021,Annual value,LCU,12294.000000,A
95,'340,Honduras,328,'01921.01,"Seed cotton, unginned",5530,Producer Price (LCU/tonne),2001,2001,7021,Annual value,LCU,10538.000000,A
95,'340,Honduras,328,'01921.01,"Seed cotton, unginned",5530,Producer Price (LCU/tonne),2002,2002,7021,Annual value,LCU,11362.000000,A
95,'340,Honduras,328,'01921.01,"Seed cotton, unginned",5530,Producer Price (LCU/tonne),2003,2003,7021,Annual value,LCU,12536.000000,A
95,'340,Honduras,328,'01921.01,"Seed cotton, unginned",5531,Producer Price (SLC/tonne),1991,1991,7021,Annual value,SLC,3307.000000,A
95,'340,Honduras,328,'01921.01,"Seed cotton, unginned",5531,Producer Price (SLC/tonne),1996,1996,7021,Annual value,SLC,6072.000000,A
95,'340,Honduras,328,'01921.01,"Seed cotton, unginned",5531,Producer Price (SLC/tonne),1997,1997,7021,Annual value,SLC,7150.000000,A
95,'340,Honduras,328,'01921.01,"Seed cotton, unginned",5531,Producer Price (SLC/tonne),1998,1998,7021,Annual value,SLC,7920.000000,A
95,'340,Honduras,328,'01921.01,"Seed cotton, unginned",5531,Producer Price (SLC/tonne),1999,1999,7021,Annual value,SLC,10538.000000,A
95,'340,Honduras,328,'01921.01,"Seed cotton, unginned",5531,Producer Price (SLC/tonne),2000,2000,7021,Annual value,SLC,12294.000000,A
95,'340,Honduras,328,'01921.01,"Seed cotton, unginned",5531,Producer Price (SLC/tonne),2001,2001,7021,Annual value,SLC,10538.000000,A
95,'340,Honduras,328,'01921.01,"Seed cotton, unginned",5531,Producer Price (SLC/tonne),2002,2002,7021,Annual value,SLC,11362.000000,A
95,'340,Honduras,328,'01921.01,"Seed cotton, unginned",5531,Producer Price (SLC/tonne),2003,2003,7021,Annual value,SLC,12536.000000,A
95,'340,Honduras,328,'01921.01,"Seed cotton, unginned",5532,Producer Price (USD/tonne),1991,1991,7021,Annual value,USD,622.000000,A
95,'340,Honduras,328,'01921.01,"Seed cotton, unginned",5532,Producer Price (USD/tonne),1996,1996,7021,Annual value,USD,518.700000,A
95,'340,Honduras,328,'01921.01,"Seed cotton, unginned",5532,Producer Price (USD/tonne),1997,1997,7021,Annual value,USD,549.900000,A
95,'340,Honduras,328,'01921.01,"Seed cotton, unginned",5532,Producer Price (USD/tonne),1998,1998,7021,Annual value,USD,591.700000,A
95,'340,Honduras,328,'01921.01,"Seed cotton, unginned",5532,Producer Price (USD/tonne),1999,1999,7021,Annual value,USD,741.400000,A
95,'340,Honduras,328,'01921.01,"Seed cotton, unginned",5532,Producer Price (USD/tonne),2000,2000,7021,Annual value,USD,828.500000,A
95,'340,Honduras,328,'01921.01,"Seed cotton, unginned",5532,Producer Price (USD/tonne),2001,2001,7021,Annual value,USD,681.000000,A
95,'340,Honduras,328,'01921.01,"Seed cotton, unginned",5532,Producer Price (USD/tonne),2002,2002,7021,Annual value,USD,691.400000,A
95,'340,Honduras,328,'01921.01,"Seed cotton, unginned",5532,Producer Price (USD/tonne),2003,2003,7021,Annual value,USD,722.700000,A
95,'340,Honduras,328,'01921.01,"Seed cotton, unginned",5539,Producer Price Index (2014-2016 = 100),1991,1991,7021,Annual value,,13.930000,E
95,'340,Honduras,328,'01921.01,"Seed cotton, unginned",5539,Producer Price Index (2014-2016 = 100),1992,1992,7021,Annual value,,15.920000,E
95,'340,Honduras,328,'01921.01,"Seed cotton, unginned",5539,Producer Price Index (2014-2016 = 100),1993,1993,7021,Annual value,,18.240000,E
95,'340,Honduras,328,'01921.01,"Seed cotton, unginned",5539,Producer Price Index (2014-2016 = 100),1994,1994,7021,Annual value,,24.130000,E
95,'340,Honduras,328,'01921.01,"Seed cotton, unginned",5539,Producer Price Index (2014-2016 = 100),1995,1995,7021,Annual value,,24.760000,E
95,'340,Honduras,328,'01921.01,"Seed cotton, unginned",5539,Producer Price Index (2014-2016 = 100),1996,1996,7021,Annual value,,25.570000,E
95,'340,Honduras,328,'01921.01,"Seed cotton, unginned",5539,Producer Price Index (2014-2016 = 100),1997,1997,7021,Annual value,,30.110000,E
95,'340,Honduras,328,'01921.01,"Seed cotton, unginned",5539,Producer Price Index (2014-2016 = 100),1998,1998,7021,Annual value,,33.360000,E
95,'340,Honduras,328,'01921.01,"Seed cotton, unginned",5539,Producer Price Index (2014-2016 = 100),1999,1999,7021,Annual value,,44.380000,E
95,'340,Honduras,328,'01921.01,"Seed cotton, unginned",5539,Producer Price Index (2014-2016 = 100),2000,2000,7021,Annual value,,51.780000,E
95,'340,Honduras,328,'01921.01,"Seed cotton, unginned",5539,Producer Price Index (2014-2016 = 100),2001,2001,7021,Annual value,,44.380000,E
95,'340,Honduras,328,'01921.01,"Seed cotton, unginned",5539,Producer Price Index (2014-2016 = 100),2002,2002,7021,Annual value,,47.850000,E
95,'340,Honduras,328,'01921.01,"Seed cotton, unginned",5539,Producer Price Index (2014-2016 = 100),2003,2003,7021,Annual value,,52.800000,E
95,'340,Honduras,328,'01921.01,"Seed cotton, unginned",5539,Producer Price Index (2014-2016 = 100),2004,2004,7021,Annual value,,57.060000,E
95,'340,Honduras,328,'01921.01,"Seed cotton, unginned",5539,Producer Price Index (2014-2016 = 100),2005,2005,7021,Annual value,,61.330000,E
95,'340,Honduras,328,'01921.01,"Seed cotton, unginned",5539,Producer Price Index (2014-2016 = 100),2006,2006,7021,Annual value,,63.850000,E
95,'340,Honduras,328,'01921.01,"Seed cotton, unginned",5539,Producer Price Index (2014-2016 = 100),2007,2007,7021,Annual value,,71.560000,E
95,'340,Honduras,328,'01921.01,"Seed cotton, unginned",5539,Producer Price Index (2014-2016 = 100),2008,2008,7021,Annual value,,85.430000,E
95,'340,Honduras,328,'01921.01,"Seed cotton, unginned",5539,Producer Price Index (2014-2016 = 100),2009,2009,7021,Annual value,,93.210000,E
95,'340,Honduras,328,'01921.01,"Seed cotton, unginned",5539,Producer Price Index (2014-2016 = 100),2010,2010,7021,Annual value,,90.400000,E
95,'340,Honduras,328,'01921.01,"Seed cotton, unginned",5539,Producer Price Index (2014-2016 = 100),2011,2011,7021,Annual value,,87.250000,E
95,'340,Honduras,328,'01921.01,"Seed cotton, unginned",5539,Producer Price Index (2014-2016 = 100),2012,2012,7021,Annual value,,90.440000,E
95,'340,Honduras,328,'01921.01,"Seed cotton, unginned",5539,Producer Price Index (2014-2016 = 100),2013,2013,7021,Annual value,,93.630000,E
95,'340,Honduras,328,'01921.01,"Seed cotton, unginned",5539,Producer Price Index (2014-2016 = 100),2014,2014,7021,Annual value,,96.810000,E
95,'340,Honduras,328,'01921.01,"Seed cotton, unginned",5539,Producer Price Index (2014-2016 = 100),2015,2015,7021,Annual value,,100.000000,E
95,'340,Honduras,328,'01921.01,"Seed cotton, unginned",5539,Producer Price Index (2014-2016 = 100),2016,2016,7021,Annual value,,103.190000,E
95,'340,Honduras,328,'01921.01,"Seed cotton, unginned",5539,Producer Price Index (2014-2016 = 100),2017,2017,7021,Annual value,,106.370000,E
95,'340,Honduras,328,'01921.01,"Seed cotton, unginned",5539,Producer Price Index (2014-2016 = 100),2018,2018,7021,Annual value,,109.560000,E
95,'340,Honduras,328,'01921.01,"Seed cotton, unginned",5539,Producer Price Index (2014-2016 = 100),2019,2019,7021,Annual value,,112.750000,E
95,'340,Honduras,328,'01921.01,"Seed cotton, unginned",5539,Producer Price Index (2014-2016 = 100),2020,2020,7021,Annual value,,115.840000,E
95,'340,Honduras,328,'01921.01,"Seed cotton, unginned",5539,Producer Price Index (2014-2016 = 100),2021,2021,7021,Annual value,,120.200000,E
95,'340,Honduras,328,'01921.01,"Seed cotton, unginned",5539,Producer Price Index (2014-2016 = 100),2022,2022,7021,Annual value,,119.360000,E
95,'340,Honduras,328,'01921.01,"Seed cotton, unginned",5539,Producer Price Index (2014-2016 = 100),2023,2023,7021,Annual value,,121.000000,E
95,'340,Honduras,328,'01921.01,"Seed cotton, unginned",5539,Producer Price Index (2014-2016 = 100),2024,2024,7021,Annual value,,123.240000,E
95,'340,Honduras,328,'01921.01,"Seed cotton, unginned",5539,Producer Price Index (2014-2016 = 100),2025,2025,7021,Annual value,,125.230000,E
95,'340,Honduras,289,'01444,Sesame seed,5530,Producer Price (LCU/tonne),2004,2004,7021,Annual value,LCU,7920.000000,A
95,'340,Honduras,289,'01444,Sesame seed,5530,Producer Price (LCU/tonne),2005,2005,7021,Annual value,LCU,8250.000000,A
95,'340,Honduras,289,'01444,Sesame seed,5530,Producer Price (LCU/tonne),2006,2006,7021,Annual value,LCU,8800.000000,A
95,'340,Honduras,289,'01444,Sesame seed,5530,Producer Price (LCU/tonne),2007,2007,7021,Annual value,LCU,11000.000000,A
95,'340,Honduras,289,'01444,Sesame seed,5530,Producer Price (LCU/tonne),2008,2008,7021,Annual value,LCU,16500.000000,A
95,'340,Honduras,289,'01444,Sesame seed,5531,Producer Price (SLC/tonne),2004,2004,7021,Annual value,SLC,7920.000000,A
95,'340,Honduras,289,'01444,Sesame seed,5531,Producer Price (SLC/tonne),2005,2005,7021,Annual value,SLC,8250.000000,A
95,'340,Honduras,289,'01444,Sesame seed,5531,Producer Price (SLC/tonne),2006,2006,7021,Annual value,SLC,8800.000000,A
95,'340,Honduras,289,'01444,Sesame seed,5531,Producer Price (SLC/tonne),2007,2007,7021,Annual value,SLC,11000.000000,A
95,'340,Honduras,289,'01444,Sesame seed,5531,Producer Price (SLC/tonne),2008,2008,7021,Annual value,SLC,16500.000000,A
95,'340,Honduras,289,'01444,Sesame seed,5532,Producer Price (USD/tonne),2004,2004,7021,Annual value,USD,435.000000,A
95,'340,Honduras,289,'01444,Sesame seed,5532,Producer Price (USD/tonne),2005,2005,7021,Annual value,USD,438.100000,A
95,'340,Honduras,289,'01444,Sesame seed,5532,Producer Price (USD/tonne),2006,2006,7021,Annual value,USD,465.700000,A
95,'340,Honduras,289,'01444,Sesame seed,5532,Producer Price (USD/tonne),2007,2007,7021,Annual value,USD,582.200000,A
95,'340,Honduras,289,'01444,Sesame seed,5532,Producer Price (USD/tonne),2008,2008,7021,Annual value,USD,872.800000,A
95,'340,Honduras,289,'01444,Sesame seed,5539,Producer Price Index (2014-2016 = 100),1991,1991,7021,Annual value,,3.560000,E
95,'340,Honduras,289,'01444,Sesame seed,5539,Producer Price Index (2014-2016 = 100),1992,1992,7021,Annual value,,3.730000,E
95,'340,Honduras,289,'01444,Sesame seed,5539,Producer Price Index (2014-2016 = 100),1993,1993,7021,Annual value,,4.280000,E
95,'340,Honduras,289,'01444,Sesame seed,5539,Producer Price Index (2014-2016 = 100),1994,1994,7021,Annual value,,5.660000,E
95,'340,Honduras,289,'01444,Sesame seed,5539,Producer Price Index (2014-2016 = 100),1995,1995,7021,Annual value,,5.800000,E
95,'340,Honduras,289,'01444,Sesame seed,5539,Producer Price Index (2014-2016 = 100),1996,1996,7021,Annual value,,14.630000,E
95,'340,Honduras,289,'01444,Sesame seed,5539,Producer Price Index (2014-2016 = 100),1997,1997,7021,Annual value,,19.030000,E
95,'340,Honduras,289,'01444,Sesame seed,5539,Producer Price Index (2014-2016 = 100),1998,1998,7021,Annual value,,22.020000,E
95,'340,Honduras,289,'01444,Sesame seed,5539,Producer Price Index (2014-2016 = 100),1999,1999,7021,Annual value,,25.010000,E
95,'340,Honduras,289,'01444,Sesame seed,5539,Producer Price Index (2014-2016 = 100),2000,2000,7021,Annual value,,27.990000,E
95,'340,Honduras,289,'01444,Sesame seed,5539,Producer Price Index (2014-2016 = 100),2001,2001,7021,Annual value,,30.980000,E
95,'340,Honduras,289,'01444,Sesame seed,5539,Producer Price Index (2014-2016 = 100),2002,2002,7021,Annual value,,33.960000,E
95,'340,Honduras,289,'01444,Sesame seed,5539,Producer Price Index (2014-2016 = 100),2003,2003,7021,Annual value,,36.950000,E
95,'340,Honduras,289,'01444,Sesame seed,5539,Producer Price Index (2014-2016 = 100),2004,2004,7021,Annual value,,39.940000,E
95,'340,Honduras,289,'01444,Sesame seed,5539,Producer Price Index (2014-2016 = 100),2005,2005,7021,Annual value,,41.600000,E
95,'340,Honduras,289,'01444,Sesame seed,5539,Producer Price Index (2014-2016 = 100),2006,2006,7021,Annual value,,44.370000,E
95,'340,Honduras,289,'01444,Sesame seed,5539,Producer Price Index (2014-2016 = 100),2007,2007,7021,Annual value,,55.470000,E
95,'340,Honduras,289,'01444,Sesame seed,5539,Producer Price Index (2014-2016 = 100),2008,2008,7021,Annual value,,83.200000,E
95,'340,Honduras,289,'01444,Sesame seed,5539,Producer Price Index (2014-2016 = 100),2009,2009,7021,Annual value,,107.930000,E
95,'340,Honduras,289,'01444,Sesame seed,5539,Producer Price Index (2014-2016 = 100),2010,2010,7021,Annual value,,87.890000,E
95,'340,Honduras,289,'01444,Sesame seed,5539,Producer Price Index (2014-2016 = 100),2011,2011,7021,Annual value,,79.830000,E
95,'340,Honduras,289,'01444,Sesame seed,5539,Producer Price Index (2014-2016 = 100),2012,2012,7021,Annual value,,85.270000,E
95,'340,Honduras,289,'01444,Sesame seed,5539,Producer Price Index (2014-2016 = 100),2013,2013,7021,Annual value,,90.420000,E
95,'340,Honduras,289,'01444,Sesame seed,5539,Producer Price Index (2014-2016 = 100),2014,2014,7021,Annual value,,95.330000,E
95,'340,Honduras,289,'01444,Sesame seed,5539,Producer Price Index (2014-2016 = 100),2015,2015,7021,Annual value,,100.050000,E
95,'340,Honduras,289,'01444,Sesame seed,5539,Producer Price Index (2014-2016 = 100),2016,2016,7021,Annual value,,104.620000,E
95,'340,Honduras,289,'01444,Sesame seed,5539,Producer Price Index (2014-2016 = 100),2017,2017,7021,Annual value,,109.050000,E
95,'340,Honduras,289,'01444,Sesame seed,5539,Producer Price Index (2014-2016 = 100),2018,2018,7021,Annual value,,113.380000,E
95,'340,Honduras,289,'01444,Sesame seed,5539,Producer Price Index (2014-2016 = 100),2019,2019,7021,Annual value,,117.630000,E
95,'340,Honduras,289,'01444,Sesame seed,5539,Producer Price Index (2014-2016 = 100),2020,2020,7021,Annual value,,121.790000,E
95,'340,Honduras,289,'01444,Sesame seed,5539,Producer Price Index (2014-2016 = 100),2021,2021,7021,Annual value,,128.810000,E
95,'340,Honduras,289,'01444,Sesame seed,5539,Producer Price Index (2014-2016 = 100),2022,2022,7021,Annual value,,125.600000,E
95,'340,Honduras,289,'01444,Sesame seed,5539,Producer Price Index (2014-2016 = 100),2023,2023,7021,Annual value,,128.170000,E
95,'340,Honduras,289,'01444,Sesame seed,5539,Producer Price Index (2014-2016 = 100),2024,2024,7021,Annual value,,130.730000,E
95,'340,Honduras,289,'01444,Sesame seed,5539,Producer Price Index (2014-2016 = 100),2025,2025,7021,Annual value,,133.300000,E
95,'340,Honduras,83,'0114,Sorghum,5530,Producer Price (LCU/tonne),1991,1991,7021,Annual value,LCU,656.000000,A
95,'340,Honduras,83,'0114,Sorghum,5530,Producer Price (LCU/tonne),1992,1992,7021,Annual value,LCU,705.000000,A
95,'340,Honduras,83,'0114,Sorghum,5530,Producer Price (LCU/tonne),1993,1993,7021,Annual value,LCU,794.000000,A
95,'340,Honduras,83,'0114,Sorghum,5530,Producer Price (LCU/tonne),1994,1994,7021,Annual value,LCU,1257.000000,A
95,'340,Honduras,83,'0114,Sorghum,5530,Producer Price (LCU/tonne),1995,1995,7021,Annual value,LCU,1323.000000,A
95,'340,Honduras,83,'0114,Sorghum,5530,Producer Price (LCU/tonne),1996,1996,7021,Annual value,LCU,2293.000000,A
95,'340,Honduras,83,'0114,Sorghum,5530,Producer Price (LCU/tonne),1997,1997,7021,Annual value,LCU,2528.000000,A
95,'340,Honduras,83,'0114,Sorghum,5530,Producer Price (LCU/tonne),1998,1998,7021,Annual value,LCU,2414.000000,A
95,'340,Honduras,83,'0114,Sorghum,5530,Producer Price (LCU/tonne),1999,1999,7021,Annual value,LCU,2487.000000,A
95,'340,Honduras,83,'0114,Sorghum,5530,Producer Price (LCU/tonne),2000,2000,7021,Annual value,LCU,2729.000000,A
95,'340,Honduras,83,'0114,Sorghum,5530,Producer Price (LCU/tonne),2001,2001,7021,Annual value,LCU,2740.000000,A
95,'340,Honduras,83,'0114,Sorghum,5530,Producer Price (LCU/tonne),2002,2002,7021,Annual value,LCU,2752.000000,A
95,'340,Honduras,83,'0114,Sorghum,5530,Producer Price (LCU/tonne),2003,2003,7021,Annual value,LCU,2757.000000,A
95,'340,Honduras,83,'0114,Sorghum,5530,Producer Price (LCU/tonne),2004,2004,7021,Annual value,LCU,2755.000000,A
95,'340,Honduras,83,'0114,Sorghum,5530,Producer Price (LCU/tonne),2005,2005,7021,Annual value,LCU,2815.000000,A
95,'340,Honduras,83,'0114,Sorghum,5530,Producer Price (LCU/tonne),2006,2006,7021,Annual value,LCU,3069.000000,A
95,'340,Honduras,83,'0114,Sorghum,5530,Producer Price (LCU/tonne),2007,2007,7021,Annual value,LCU,4257.000000,A
95,'340,Honduras,83,'0114,Sorghum,5530,Producer Price (LCU/tonne),2008,2008,7021,Annual value,LCU,5829.000000,A
95,'340,Honduras,83,'0114,Sorghum,5531,Producer Price (SLC/tonne),1991,1991,7021,Annual value,SLC,656.000000,A
95,'340,Honduras,83,'0114,Sorghum,5531,Producer Price (SLC/tonne),1992,1992,7021,Annual value,SLC,705.000000,A
95,'340,Honduras,83,'0114,Sorghum,5531,Producer Price (SLC/tonne),1993,1993,7021,Annual value,SLC,794.000000,A
95,'340,Honduras,83,'0114,Sorghum,5531,Producer Price (SLC/tonne),1994,1994,7021,Annual value,SLC,1257.000000,A
95,'340,Honduras,83,'0114,Sorghum,5531,Producer Price (SLC/tonne),1995,1995,7021,Annual value,SLC,1323.000000,A
95,'340,Honduras,83,'0114,Sorghum,5531,Producer Price (SLC/tonne),1996,1996,7021,Annual value,SLC,2293.000000,A
95,'340,Honduras,83,'0114,Sorghum,5531,Producer Price (SLC/tonne),1997,1997,7021,Annual value,SLC,2528.000000,A
95,'340,Honduras,83,'0114,Sorghum,5531,Producer Price (SLC/tonne),1998,1998,7021,Annual value,SLC,2414.000000,A
95,'340,Honduras,83,'0114,Sorghum,5531,Producer Price (SLC/tonne),1999,1999,7021,Annual value,SLC,2487.000000,A
95,'340,Honduras,83,'0114,Sorghum,5531,Producer Price (SLC/tonne),2000,2000,7021,Annual value,SLC,2729.000000,A
95,'340,Honduras,83,'0114,Sorghum,5531,Producer Price (SLC/tonne),2001,2001,7021,Annual value,SLC,2740.000000,A
95,'340,Honduras,83,'0114,Sorghum,5531,Producer Price (SLC/tonne),2002,2002,7021,Annual value,SLC,2752.000000,A
95,'340,Honduras,83,'0114,Sorghum,5531,Producer Price (SLC/tonne),2003,2003,7021,Annual value,SLC,2757.000000,A
95,'340,Honduras,83,'0114,Sorghum,5531,Producer Price (SLC/tonne),2004,2004,7021,Annual value,SLC,2755.000000,A
95,'340,Honduras,83,'0114,Sorghum,5531,Producer Price (SLC/tonne),2005,2005,7021,Annual value,SLC,2815.000000,A
95,'340,Honduras,83,'0114,Sorghum,5531,Producer Price (SLC/tonne),2006,2006,7021,Annual value,SLC,3069.000000,A
95,'340,Honduras,83,'0114,Sorghum,5531,Producer Price (SLC/tonne),2007,2007,7021,Annual value,SLC,4257.000000,A
95,'340,Honduras,83,'0114,Sorghum,5531,Producer Price (SLC/tonne),2008,2008,7021,Annual value,SLC,5829.000000,A
95,'340,Honduras,83,'0114,Sorghum,5532,Producer Price (USD/tonne),1991,1991,7021,Annual value,USD,123.400000,A
95,'340,Honduras,83,'0114,Sorghum,5532,Producer Price (USD/tonne),1992,1992,7021,Annual value,USD,128.200000,A
95,'340,Honduras,83,'0114,Sorghum,5532,Producer Price (USD/tonne),1993,1993,7021,Annual value,USD,122.700000,A
95,'340,Honduras,83,'0114,Sorghum,5532,Producer Price (USD/tonne),1994,1994,7021,Annual value,USD,149.500000,A
95,'340,Honduras,83,'0114,Sorghum,5532,Producer Price (USD/tonne),1995,1995,7021,Annual value,USD,139.700000,A
95,'340,Honduras,83,'0114,Sorghum,5532,Producer Price (USD/tonne),1996,1996,7021,Annual value,USD,195.900000,A
95,'340,Honduras,83,'0114,Sorghum,5532,Producer Price (USD/tonne),1997,1997,7021,Annual value,USD,194.400000,A
95,'340,Honduras,83,'0114,Sorghum,5532,Producer Price (USD/tonne),1998,1998,7021,Annual value,USD,180.400000,A
95,'340,Honduras,83,'0114,Sorghum,5532,Producer Price (USD/tonne),1999,1999,7021,Annual value,USD,175.000000,A
95,'340,Honduras,83,'0114,Sorghum,5532,Producer Price (USD/tonne),2000,2000,7021,Annual value,USD,183.900000,A
95,'340,Honduras,83,'0114,Sorghum,5532,Producer Price (USD/tonne),2001,2001,7021,Annual value,USD,177.100000,A
95,'340,Honduras,83,'0114,Sorghum,5532,Producer Price (USD/tonne),2002,2002,7021,Annual value,USD,167.500000,A
95,'340,Honduras,83,'0114,Sorghum,5532,Producer Price (USD/tonne),2003,2003,7021,Annual value,USD,158.900000,A
95,'340,Honduras,83,'0114,Sorghum,5532,Producer Price (USD/tonne),2004,2004,7021,Annual value,USD,151.300000,A
95,'340,Honduras,83,'0114,Sorghum,5532,Producer Price (USD/tonne),2005,2005,7021,Annual value,USD,149.500000,A
95,'340,Honduras,83,'0114,Sorghum,5532,Producer Price (USD/tonne),2006,2006,7021,Annual value,USD,162.400000,A
95,'340,Honduras,83,'0114,Sorghum,5532,Producer Price (USD/tonne),2007,2007,7021,Annual value,USD,225.300000,A
95,'340,Honduras,83,'0114,Sorghum,5532,Producer Price (USD/tonne),2008,2008,7021,Annual value,USD,308.400000,A
95,'340,Honduras,83,'0114,Sorghum,5539,Producer Price Index (2014-2016 = 100),1991,1991,7021,Annual value,,9.300000,E
95,'340,Honduras,83,'0114,Sorghum,5539,Producer Price Index (2014-2016 = 100),1992,1992,7021,Annual value,,10.000000,E
95,'340,Honduras,83,'0114,Sorghum,5539,Producer Price Index (2014-2016 = 100),1993,1993,7021,Annual value,,11.260000,E
95,'340,Honduras,83,'0114,Sorghum,5539,Producer Price Index (2014-2016 = 100),1994,1994,7021,Annual value,,17.820000,E
95,'340,Honduras,83,'0114,Sorghum,5539,Producer Price Index (2014-2016 = 100),1995,1995,7021,Annual value,,18.760000,E
95,'340,Honduras,83,'0114,Sorghum,5539,Producer Price Index (2014-2016 = 100),1996,1996,7021,Annual value,,32.510000,E
95,'340,Honduras,83,'0114,Sorghum,5539,Producer Price Index (2014-2016 = 100),1997,1997,7021,Annual value,,35.840000,E
95,'340,Honduras,83,'0114,Sorghum,5539,Producer Price Index (2014-2016 = 100),1998,1998,7021,Annual value,,34.230000,E
95,'340,Honduras,83,'0114,Sorghum,5539,Producer Price Index (2014-2016 = 100),1999,1999,7021,Annual value,,35.260000,E
95,'340,Honduras,83,'0114,Sorghum,5539,Producer Price Index (2014-2016 = 100),2000,2000,7021,Annual value,,38.690000,E
95,'340,Honduras,83,'0114,Sorghum,5539,Producer Price Index (2014-2016 = 100),2001,2001,7021,Annual value,,38.850000,E
95,'340,Honduras,83,'0114,Sorghum,5539,Producer Price Index (2014-2016 = 100),2002,2002,7021,Annual value,,39.020000,E
95,'340,Honduras,83,'0114,Sorghum,5539,Producer Price Index (2014-2016 = 100),2003,2003,7021,Annual value,,39.090000,E
95,'340,Honduras,83,'0114,Sorghum,5539,Producer Price Index (2014-2016 = 100),2004,2004,7021,Annual value,,39.060000,E
95,'340,Honduras,83,'0114,Sorghum,5539,Producer Price Index (2014-2016 = 100),2005,2005,7021,Annual value,,39.910000,E
95,'340,Honduras,83,'0114,Sorghum,5539,Producer Price Index (2014-2016 = 100),2006,2006,7021,Annual value,,43.520000,E
95,'340,Honduras,83,'0114,Sorghum,5539,Producer Price Index (2014-2016 = 100),2007,2007,7021,Annual value,,60.360000,E
95,'340,Honduras,83,'0114,Sorghum,5539,Producer Price Index (2014-2016 = 100),2008,2008,7021,Annual value,,82.650000,E
95,'340,Honduras,83,'0114,Sorghum,5539,Producer Price Index (2014-2016 = 100),2009,2009,7021,Annual value,,102.730000,E
95,'340,Honduras,83,'0114,Sorghum,5539,Producer Price Index (2014-2016 = 100),2010,2010,7021,Annual value,,83.410000,E
95,'340,Honduras,83,'0114,Sorghum,5539,Producer Price Index (2014-2016 = 100),2011,2011,7021,Annual value,,89.190000,E
95,'340,Honduras,83,'0114,Sorghum,5539,Producer Price Index (2014-2016 = 100),2012,2012,7021,Annual value,,93.200000,E
95,'340,Honduras,83,'0114,Sorghum,5539,Producer Price Index (2014-2016 = 100),2013,2013,7021,Annual value,,96.080000,E
95,'340,Honduras,83,'0114,Sorghum,5539,Producer Price Index (2014-2016 = 100),2014,2014,7021,Annual value,,98.280000,E
95,'340,Honduras,83,'0114,Sorghum,5539,Producer Price Index (2014-2016 = 100),2015,2015,7021,Annual value,,100.080000,E
95,'340,Honduras,83,'0114,Sorghum,5539,Producer Price Index (2014-2016 = 100),2016,2016,7021,Annual value,,101.640000,E
95,'340,Honduras,83,'0114,Sorghum,5539,Producer Price Index (2014-2016 = 100),2017,2017,7021,Annual value,,103.050000,E
95,'340,Honduras,83,'0114,Sorghum,5539,Producer Price Index (2014-2016 = 100),2018,2018,7021,Annual value,,104.380000,E
95,'340,Honduras,83,'0114,Sorghum,5539,Producer Price Index (2014-2016 = 100),2019,2019,7021,Annual value,,105.650000,E
95,'340,Honduras,83,'0114,Sorghum,5539,Producer Price Index (2014-2016 = 100),2020,2020,7021,Annual value,,107.080000,E
95,'340,Honduras,83,'0114,Sorghum,5539,Producer Price Index (2014-2016 = 100),2021,2021,7021,Annual value,,125.010000,E
95,'340,Honduras,83,'0114,Sorghum,5539,Producer Price Index (2014-2016 = 100),2022,2022,7021,Annual value,,122.490000,E
95,'340,Honduras,83,'0114,Sorghum,5539,Producer Price Index (2014-2016 = 100),2023,2023,7021,Annual value,,126.010000,E
95,'340,Honduras,83,'0114,Sorghum,5539,Producer Price Index (2014-2016 = 100),2024,2024,7021,Annual value,,129.530000,E
95,'340,Honduras,83,'0114,Sorghum,5539,Producer Price Index (2014-2016 = 100),2025,2025,7021,Annual value,,133.040000,E
95,'340,Honduras,236,'0141,Soya beans,5539,Producer Price Index (2014-2016 = 100),1991,1991,7021,Annual value,,12.230000,E
95,'340,Honduras,236,'0141,Soya beans,5539,Producer Price Index (2014-2016 = 100),1992,1992,7021,Annual value,,14.550000,E
95,'340,Honduras,236,'0141,Soya beans,5539,Producer Price Index (2014-2016 = 100),1993,1993,7021,Annual value,,20.220000,E
95,'340,Honduras,236,'0141,Soya beans,5539,Producer Price Index (2014-2016 = 100),1994,1994,7021,Annual value,,21.570000,E
95,'340,Honduras,236,'0141,Soya beans,5539,Producer Price Index (2014-2016 = 100),1995,1995,7021,Annual value,,37.410000,E
95,'340,Honduras,236,'0141,Soya beans,5539,Producer Price Index (2014-2016 = 100),1996,1996,7021,Annual value,,46.360000,E
95,'340,Honduras,236,'0141,Soya beans,5539,Producer Price Index (2014-2016 = 100),1997,1997,7021,Annual value,,60.340000,E
95,'340,Honduras,236,'0141,Soya beans,5539,Producer Price Index (2014-2016 = 100),1998,1998,7021,Annual value,,69.800000,E
95,'340,Honduras,236,'0141,Soya beans,5539,Producer Price Index (2014-2016 = 100),1999,1999,7021,Annual value,,54.150000,E
95,'340,Honduras,236,'0141,Soya beans,5539,Producer Price Index (2014-2016 = 100),2000,2000,7021,Annual value,,51.000000,E
95,'340,Honduras,236,'0141,Soya beans,5539,Producer Price Index (2014-2016 = 100),2001,2001,7021,Annual value,,50.550000,E
95,'340,Honduras,236,'0141,Soya beans,5539,Producer Price Index (2014-2016 = 100),2002,2002,7021,Annual value,,54.670000,E
95,'340,Honduras,236,'0141,Soya beans,5539,Producer Price Index (2014-2016 = 100),2003,2003,7021,Annual value,,58.790000,E
95,'340,Honduras,236,'0141,Soya beans,5539,Producer Price Index (2014-2016 = 100),2004,2004,7021,Annual value,,63.540000,E
95,'340,Honduras,236,'0141,Soya beans,5539,Producer Price Index (2014-2016 = 100),2005,2005,7021,Annual value,,68.290000,E
95,'340,Honduras,236,'0141,Soya beans,5539,Producer Price Index (2014-2016 = 100),2006,2006,7021,Annual value,,71.110000,E
95,'340,Honduras,236,'0141,Soya beans,5539,Producer Price Index (2014-2016 = 100),2007,2007,7021,Annual value,,79.490000,E
95,'340,Honduras,236,'0141,Soya beans,5539,Producer Price Index (2014-2016 = 100),2008,2008,7021,Annual value,,94.900000,E
95,'340,Honduras,236,'0141,Soya beans,5539,Producer Price Index (2014-2016 = 100),2009,2009,7021,Annual value,,107.510000,E
95,'340,Honduras,236,'0141,Soya beans,5539,Producer Price Index (2014-2016 = 100),2010,2010,7021,Annual value,,95.030000,E
95,'340,Honduras,236,'0141,Soya beans,5539,Producer Price Index (2014-2016 = 100),2011,2011,7021,Annual value,,93.580000,E
95,'340,Honduras,236,'0141,Soya beans,5539,Producer Price Index (2014-2016 = 100),2012,2012,7021,Annual value,,95.180000,E
95,'340,Honduras,236,'0141,Soya beans,5539,Producer Price Index (2014-2016 = 100),2013,2013,7021,Annual value,,96.790000,E
95,'340,Honduras,236,'0141,Soya beans,5539,Producer Price Index (2014-2016 = 100),2014,2014,7021,Annual value,,98.390000,E
95,'340,Honduras,236,'0141,Soya beans,5539,Producer Price Index (2014-2016 = 100),2015,2015,7021,Annual value,,100.000000,E
95,'340,Honduras,236,'0141,Soya beans,5539,Producer Price Index (2014-2016 = 100),2016,2016,7021,Annual value,,101.610000,E
95,'340,Honduras,236,'0141,Soya beans,5539,Producer Price Index (2014-2016 = 100),2017,2017,7021,Annual value,,103.210000,E
95,'340,Honduras,236,'0141,Soya beans,5539,Producer Price Index (2014-2016 = 100),2018,2018,7021,Annual value,,104.820000,E
95,'340,Honduras,236,'0141,Soya beans,5539,Producer Price Index (2014-2016 = 100),2019,2019,7021,Annual value,,106.420000,E
95,'340,Honduras,236,'0141,Soya beans,5539,Producer Price Index (2014-2016 = 100),2020,2020,7021,Annual value,,107.960000,E
95,'340,Honduras,236,'0141,Soya beans,5539,Producer Price Index (2014-2016 = 100),2021,2021,7021,Annual value,,109.790000,E
95,'340,Honduras,236,'0141,Soya beans,5539,Producer Price Index (2014-2016 = 100),2022,2022,7021,Annual value,,108.580000,E
95,'340,Honduras,236,'0141,Soya beans,5539,Producer Price Index (2014-2016 = 100),2023,2023,7021,Annual value,,109.270000,E
95,'340,Honduras,236,'0141,Soya beans,5539,Producer Price Index (2014-2016 = 100),2024,2024,7021,Annual value,,109.950000,E
95,'340,Honduras,236,'0141,Soya beans,5539,Producer Price Index (2014-2016 = 100),2025,2025,7021,Annual value,,110.640000,E
95,'340,Honduras,544,'01354,Strawberries,5530,Producer Price (LCU/tonne),2004,2004,7021,Annual value,LCU,30800.000000,A
95,'340,Honduras,544,'01354,Strawberries,5530,Producer Price (LCU/tonne),2005,2005,7021,Annual value,LCU,33000.000000,A
95,'340,Honduras,544,'01354,Strawberries,5530,Producer Price (LCU/tonne),2006,2006,7021,Annual value,LCU,35200.000000,A
95,'340,Honduras,544,'01354,Strawberries,5530,Producer Price (LCU/tonne),2007,2007,7021,Annual value,LCU,33000.000000,A
95,'340,Honduras,544,'01354,Strawberries,5530,Producer Price (LCU/tonne),2008,2008,7021,Annual value,LCU,26400.000000,A
95,'340,Honduras,544,'01354,Strawberries,5531,Producer Price (SLC/tonne),2004,2004,7021,Annual value,SLC,30800.000000,A
95,'340,Honduras,544,'01354,Strawberries,5531,Producer Price (SLC/tonne),2005,2005,7021,Annual value,SLC,33000.000000,A
95,'340,Honduras,544,'01354,Strawberries,5531,Producer Price (SLC/tonne),2006,2006,7021,Annual value,SLC,35200.000000,A
95,'340,Honduras,544,'01354,Strawberries,5531,Producer Price (SLC/tonne),2007,2007,7021,Annual value,SLC,33000.000000,A
95,'340,Honduras,544,'01354,Strawberries,5531,Producer Price (SLC/tonne),2008,2008,7021,Annual value,SLC,26400.000000,A
95,'340,Honduras,544,'01354,Strawberries,5532,Producer Price (USD/tonne),2004,2004,7021,Annual value,USD,1691.700000,A
95,'340,Honduras,544,'01354,Strawberries,5532,Producer Price (USD/tonne),2005,2005,7021,Annual value,USD,1752.300000,A
95,'340,Honduras,544,'01354,Strawberries,5532,Producer Price (USD/tonne),2006,2006,7021,Annual value,USD,1862.900000,A
95,'340,Honduras,544,'01354,Strawberries,5532,Producer Price (USD/tonne),2007,2007,7021,Annual value,USD,1746.500000,A
95,'340,Honduras,544,'01354,Strawberries,5532,Producer Price (USD/tonne),2008,2008,7021,Annual value,USD,1396.500000,A
95,'340,Honduras,544,'01354,Strawberries,5539,Producer Price Index (2014-2016 = 100),1991,1991,7021,Annual value,,77.450000,E
95,'340,Honduras,544,'01354,Strawberries,5539,Producer Price Index (2014-2016 = 100),1992,1992,7021,Annual value,,74.760000,E
95,'340,Honduras,544,'01354,Strawberries,5539,Producer Price Index (2014-2016 = 100),1993,1993,7021,Annual value,,77.540000,E
95,'340,Honduras,544,'01354,Strawberries,5539,Producer Price Index (2014-2016 = 100),1994,1994,7021,Annual value,,89.500000,E
95,'340,Honduras,544,'01354,Strawberries,5539,Producer Price Index (2014-2016 = 100),1995,1995,7021,Annual value,,84.080000,E
95,'340,Honduras,544,'01354,Strawberries,5539,Producer Price Index (2014-2016 = 100),1996,1996,7021,Annual value,,86.910000,E
95,'340,Honduras,544,'01354,Strawberries,5539,Producer Price Index (2014-2016 = 100),1997,1997,7021,Annual value,,99.840000,E
95,'340,Honduras,544,'01354,Strawberries,5539,Producer Price Index (2014-2016 = 100),1998,1998,7021,Annual value,,92.950000,E
95,'340,Honduras,544,'01354,Strawberries,5539,Producer Price Index (2014-2016 = 100),1999,1999,7021,Annual value,,87.560000,E
95,'340,Honduras,544,'01354,Strawberries,5539,Producer Price Index (2014-2016 = 100),2000,2000,7021,Annual value,,109.390000,E
95,'340,Honduras,544,'01354,Strawberries,5539,Producer Price Index (2014-2016 = 100),2001,2001,7021,Annual value,,104.490000,E
95,'340,Honduras,544,'01354,Strawberries,5539,Producer Price Index (2014-2016 = 100),2002,2002,7021,Annual value,,95.090000,E
95,'340,Honduras,544,'01354,Strawberries,5539,Producer Price Index (2014-2016 = 100),2003,2003,7021,Annual value,,93.780000,E
95,'340,Honduras,544,'01354,Strawberries,5539,Producer Price Index (2014-2016 = 100),2004,2004,7021,Annual value,,98.750000,E
95,'340,Honduras,544,'01354,Strawberries,5539,Producer Price Index (2014-2016 = 100),2005,2005,7021,Annual value,,105.800000,E
95,'340,Honduras,544,'01354,Strawberries,5539,Producer Price Index (2014-2016 = 100),2006,2006,7021,Annual value,,112.850000,E
95,'340,Honduras,544,'01354,Strawberries,5539,Producer Price Index (2014-2016 = 100),2007,2007,7021,Annual value,,105.800000,E
95,'340,Honduras,544,'01354,Strawberries,5539,Producer Price Index (2014-2016 = 100),2008,2008,7021,Annual value,,84.640000,E
95,'340,Honduras,544,'01354,Strawberries,5539,Producer Price Index (2014-2016 = 100),2009,2009,7021,Annual value,,83.020000,E
95,'340,Honduras,544,'01354,Strawberries,5539,Producer Price Index (2014-2016 = 100),2010,2010,7021,Annual value,,100.200000,E
95,'340,Honduras,544,'01354,Strawberries,5539,Producer Price Index (2014-2016 = 100),2011,2011,7021,Annual value,,98.810000,E
95,'340,Honduras,544,'01354,Strawberries,5539,Producer Price Index (2014-2016 = 100),2012,2012,7021,Annual value,,99.110000,E
95,'340,Honduras,544,'01354,Strawberries,5539,Producer Price Index (2014-2016 = 100),2013,2013,7021,Annual value,,99.410000,E
95,'340,Honduras,544,'01354,Strawberries,5539,Producer Price Index (2014-2016 = 100),2014,2014,7021,Annual value,,99.700000,E
95,'340,Honduras,544,'01354,Strawberries,5539,Producer Price Index (2014-2016 = 100),2015,2015,7021,Annual value,,100.000000,E
95,'340,Honduras,544,'01354,Strawberries,5539,Producer Price Index (2014-2016 = 100),2016,2016,7021,Annual value,,100.300000,E
95,'340,Honduras,544,'01354,Strawberries,5539,Producer Price Index (2014-2016 = 100),2017,2017,7021,Annual value,,100.590000,E
95,'340,Honduras,544,'01354,Strawberries,5539,Producer Price Index (2014-2016 = 100),2018,2018,7021,Annual value,,100.890000,E
95,'340,Honduras,544,'01354,Strawberries,5539,Producer Price Index (2014-2016 = 100),2019,2019,7021,Annual value,,101.190000,E
95,'340,Honduras,544,'01354,Strawberries,5539,Producer Price Index (2014-2016 = 100),2020,2020,7021,Annual value,,101.150000,E
95,'340,Honduras,544,'01354,Strawberries,5539,Producer Price Index (2014-2016 = 100),2021,2021,7021,Annual value,,99.240000,E
95,'340,Honduras,544,'01354,Strawberries,5539,Producer Price Index (2014-2016 = 100),2022,2022,7021,Annual value,,99.230000,E
95,'340,Honduras,544,'01354,Strawberries,5539,Producer Price Index (2014-2016 = 100),2023,2023,7021,Annual value,,99.200000,E
95,'340,Honduras,544,'01354,Strawberries,5539,Producer Price Index (2014-2016 = 100),2024,2024,7021,Annual value,,99.180000,E
95,'340,Honduras,544,'01354,Strawberries,5539,Producer Price Index (2014-2016 = 100),2025,2025,7021,Annual value,,99.150000,E
95,'340,Honduras,157,'01801,Sugar beet,5530,Producer Price (LCU/tonne),2005,2005,7021,Annual value,LCU,6000.000000,A
95,'340,Honduras,157,'01801,Sugar beet,5530,Producer Price (LCU/tonne),2006,2006,7021,Annual value,LCU,6600.000000,A
95,'340,Honduras,157,'01801,Sugar beet,5530,Producer Price (LCU/tonne),2007,2007,7021,Annual value,LCU,6800.000000,A
95,'340,Honduras,157,'01801,Sugar beet,5530,Producer Price (LCU/tonne),2008,2008,7021,Annual value,LCU,6900.000000,A
95,'340,Honduras,157,'01801,Sugar beet,5531,Producer Price (SLC/tonne),2005,2005,7021,Annual value,SLC,6000.000000,A
95,'340,Honduras,157,'01801,Sugar beet,5531,Producer Price (SLC/tonne),2006,2006,7021,Annual value,SLC,6600.000000,A
95,'340,Honduras,157,'01801,Sugar beet,5531,Producer Price (SLC/tonne),2007,2007,7021,Annual value,SLC,6800.000000,A
95,'340,Honduras,157,'01801,Sugar beet,5531,Producer Price (SLC/tonne),2008,2008,7021,Annual value,SLC,6900.000000,A
95,'340,Honduras,157,'01801,Sugar beet,5532,Producer Price (USD/tonne),2005,2005,7021,Annual value,USD,318.600000,A
95,'340,Honduras,157,'01801,Sugar beet,5532,Producer Price (USD/tonne),2006,2006,7021,Annual value,USD,349.300000,A
95,'340,Honduras,157,'01801,Sugar beet,5532,Producer Price (USD/tonne),2007,2007,7021,Annual value,USD,359.900000,A
95,'340,Honduras,157,'01801,Sugar beet,5532,Producer Price (USD/tonne),2008,2008,7021,Annual value,USD,365.000000,A
95,'340,Honduras,157,'01801,Sugar beet,5539,Producer Price Index (2014-2016 = 100),2005,2005,7021,Annual value,,73.800000,E
95,'340,Honduras,157,'01801,Sugar beet,5539,Producer Price Index (2014-2016 = 100),2006,2006,7021,Annual value,,81.180000,E
95,'340,Honduras,157,'01801,Sugar beet,5539,Producer Price Index (2014-2016 = 100),2007,2007,7021,Annual value,,83.640000,E
95,'340,Honduras,157,'01801,Sugar beet,5539,Producer Price Index (2014-2016 = 100),2008,2008,7021,Annual value,,84.870000,E
95,'340,Honduras,157,'01801,Sugar beet,5539,Producer Price Index (2014-2016 = 100),2009,2009,7021,Annual value,,81.580000,E
95,'340,Honduras,157,'01801,Sugar beet,5539,Producer Price Index (2014-2016 = 100),2010,2010,7021,Annual value,,93.200000,E
95,'340,Honduras,157,'01801,Sugar beet,5539,Producer Price Index (2014-2016 = 100),2011,2011,7021,Annual value,,120.050000,E
95,'340,Honduras,157,'01801,Sugar beet,5539,Producer Price Index (2014-2016 = 100),2012,2012,7021,Annual value,,108.260000,E
95,'340,Honduras,157,'01801,Sugar beet,5539,Producer Price Index (2014-2016 = 100),2013,2013,7021,Annual value,,93.900000,E
95,'340,Honduras,157,'01801,Sugar beet,5539,Producer Price Index (2014-2016 = 100),2014,2014,7021,Annual value,,100.320000,E
95,'340,Honduras,157,'01801,Sugar beet,5539,Producer Price Index (2014-2016 = 100),2015,2015,7021,Annual value,,101.130000,E
95,'340,Honduras,157,'01801,Sugar beet,5539,Producer Price Index (2014-2016 = 100),2016,2016,7021,Annual value,,98.560000,E
95,'340,Honduras,157,'01801,Sugar beet,5539,Producer Price Index (2014-2016 = 100),2017,2017,7021,Annual value,,100.890000,E
95,'340,Honduras,157,'01801,Sugar beet,5539,Producer Price Index (2014-2016 = 100),2018,2018,7021,Annual value,,93.520000,E
95,'340,Honduras,157,'01801,Sugar beet,5539,Producer Price Index (2014-2016 = 100),2019,2019,7021,Annual value,,95.600000,E
95,'340,Honduras,157,'01801,Sugar beet,5539,Producer Price Index (2014-2016 = 100),2020,2020,7021,Annual value,,99.910000,E
95,'340,Honduras,157,'01801,Sugar beet,5539,Producer Price Index (2014-2016 = 100),2021,2021,7021,Annual value,,103.640000,E
95,'340,Honduras,157,'01801,Sugar beet,5539,Producer Price Index (2014-2016 = 100),2022,2022,7021,Annual value,,101.930000,E
95,'340,Honduras,157,'01801,Sugar beet,5539,Producer Price Index (2014-2016 = 100),2023,2023,7021,Annual value,,102.690000,E
95,'340,Honduras,157,'01801,Sugar beet,5539,Producer Price Index (2014-2016 = 100),2024,2024,7021,Annual value,,103.460000,E
95,'340,Honduras,157,'01801,Sugar beet,5539,Producer Price Index (2014-2016 = 100),2025,2025,7021,Annual value,,104.220000,E
95,'340,Honduras,156,'01802,Sugar cane,5530,Producer Price (LCU/tonne),1991,1991,7021,Annual value,LCU,50.000000,A
95,'340,Honduras,156,'01802,Sugar cane,5530,Producer Price (LCU/tonne),1992,1992,7021,Annual value,LCU,65.000000,A
95,'340,Honduras,156,'01802,Sugar cane,5530,Producer Price (LCU/tonne),1993,1993,7021,Annual value,LCU,65.000000,A
95,'340,Honduras,156,'01802,Sugar cane,5530,Producer Price (LCU/tonne),1994,1994,7021,Annual value,LCU,85.000000,A
95,'340,Honduras,156,'01802,Sugar cane,5530,Producer Price (LCU/tonne),1995,1995,7021,Annual value,LCU,110.000000,A
95,'340,Honduras,156,'01802,Sugar cane,5530,Producer Price (LCU/tonne),1996,1996,7021,Annual value,LCU,146.000000,A
95,'340,Honduras,156,'01802,Sugar cane,5530,Producer Price (LCU/tonne),1997,1997,7021,Annual value,LCU,172.000000,A
95,'340,Honduras,156,'01802,Sugar cane,5530,Producer Price (LCU/tonne),1998,1998,7021,Annual value,LCU,190.000000,A
95,'340,Honduras,156,'01802,Sugar cane,5530,Producer Price (LCU/tonne),1999,1999,7021,Annual value,LCU,206.000000,A
95,'340,Honduras,156,'01802,Sugar cane,5530,Producer Price (LCU/tonne),2000,2000,7021,Annual value,LCU,228.000000,A
95,'340,Honduras,156,'01802,Sugar cane,5530,Producer Price (LCU/tonne),2001,2001,7021,Annual value,LCU,252.000000,A
95,'340,Honduras,156,'01802,Sugar cane,5530,Producer Price (LCU/tonne),2002,2002,7021,Annual value,LCU,225.000000,A
95,'340,Honduras,156,'01802,Sugar cane,5530,Producer Price (LCU/tonne),2003,2003,7021,Annual value,LCU,228.000000,A
95,'340,Honduras,156,'01802,Sugar cane,5530,Producer Price (LCU/tonne),2004,2004,7021,Annual value,LCU,252.000000,A
95,'340,Honduras,156,'01802,Sugar cane,5530,Producer Price (LCU/tonne),2005,2005,7021,Annual value,LCU,265.000000,A
95,'340,Honduras,156,'01802,Sugar cane,5530,Producer Price (LCU/tonne),2006,2006,7021,Annual value,LCU,303.000000,A
95,'340,Honduras,156,'01802,Sugar cane,5530,Producer Price (LCU/tonne),2007,2007,7021,Annual value,LCU,311.000000,A
95,'340,Honduras,156,'01802,Sugar cane,5530,Producer Price (LCU/tonne),2008,2008,7021,Annual value,LCU,330.000000,A
95,'340,Honduras,156,'01802,Sugar cane,5530,Producer Price (LCU/tonne),2022,2022,7021,Annual value,LCU,696.300000,A
95,'340,Honduras,156,'01802,Sugar cane,5530,Producer Price (LCU/tonne),2023,2023,7021,Annual value,LCU,781.400000,A
95,'340,Honduras,156,'01802,Sugar cane,5530,Producer Price (LCU/tonne),2024,2024,7021,Annual value,LCU,781.400000,A
95,'340,Honduras,156,'01802,Sugar cane,5530,Producer Price (LCU/tonne),2024,2024,7001,January,LCU,781.400000,A
95,'340,Honduras,156,'01802,Sugar cane,5530,Producer Price (LCU/tonne),2024,2024,7002,February,LCU,781.400000,A
95,'340,Honduras,156,'01802,Sugar cane,5530,Producer Price (LCU/tonne),2024,2024,7003,March,LCU,781.400000,A
95,'340,Honduras,156,'01802,Sugar cane,5530,Producer Price (LCU/tonne),2024,2024,7004,April,LCU,781.400000,A
95,'340,Honduras,156,'01802,Sugar cane,5530,Producer Price (LCU/tonne),2024,2024,7005,May,LCU,781.400000,A
95,'340,Honduras,156,'01802,Sugar cane,5530,Producer Price (LCU/tonne),2024,2024,7006,June,LCU,781.400000,A
95,'340,Honduras,156,'01802,Sugar cane,5530,Producer Price (LCU/tonne),2024,2024,7007,July,LCU,781.400000,A
95,'340,Honduras,156,'01802,Sugar cane,5530,Producer Price (LCU/tonne),2024,2024,7008,August,LCU,781.400000,A
95,'340,Honduras,156,'01802,Sugar cane,5530,Producer Price (LCU/tonne),2024,2024,7009,September,LCU,781.400000,A
95,'340,Honduras,156,'01802,Sugar cane,5530,Producer Price (LCU/tonne),2024,2024,7010,October,LCU,781.400000,A
95,'340,Honduras,156,'01802,Sugar cane,5530,Producer Price (LCU/tonne),2024,2024,7011,November,LCU,781.400000,A
95,'340,Honduras,156,'01802,Sugar cane,5530,Producer Price (LCU/tonne),2024,2024,7012,December,LCU,781.400000,A
95,'340,Honduras,156,'01802,Sugar cane,5530,Producer Price (LCU/tonne),2025,2025,7001,January,LCU,781.400000,A
95,'340,Honduras,156,'01802,Sugar cane,5531,Producer Price (SLC/tonne),1991,1991,7021,Annual value,SLC,50.000000,A
95,'340,Honduras,156,'01802,Sugar cane,5531,Producer Price (SLC/tonne),1992,1992,7021,Annual value,SLC,65.000000,A
95,'340,Honduras,156,'01802,Sugar cane,5531,Producer Price (SLC/tonne),1993,1993,7021,Annual value,SLC,65.000000,A
95,'340,Honduras,156,'01802,Sugar cane,5531,Producer Price (SLC/tonne),1994,1994,7021,Annual value,SLC,85.000000,A
95,'340,Honduras,156,'01802,Sugar cane,5531,Producer Price (SLC/tonne),1995,1995,7021,Annual value,SLC,110.000000,A
95,'340,Honduras,156,'01802,Sugar cane,5531,Producer Price (SLC/tonne),1996,1996,7021,Annual value,SLC,146.000000,A
95,'340,Honduras,156,'01802,Sugar cane,5531,Producer Price (SLC/tonne),1997,1997,7021,Annual value,SLC,172.000000,A
95,'340,Honduras,156,'01802,Sugar cane,5531,Producer Price (SLC/tonne),1998,1998,7021,Annual value,SLC,190.000000,A
95,'340,Honduras,156,'01802,Sugar cane,5531,Producer Price (SLC/tonne),1999,1999,7021,Annual value,SLC,206.000000,A
95,'340,Honduras,156,'01802,Sugar cane,5531,Producer Price (SLC/tonne),2000,2000,7021,Annual value,SLC,228.000000,A
95,'340,Honduras,156,'01802,Sugar cane,5531,Producer Price (SLC/tonne),2001,2001,7021,Annual value,SLC,252.000000,A
95,'340,Honduras,156,'01802,Sugar cane,5531,Producer Price (SLC/tonne),2002,2002,7021,Annual value,SLC,225.000000,A
95,'340,Honduras,156,'01802,Sugar cane,5531,Producer Price (SLC/tonne),2003,2003,7021,Annual value,SLC,228.000000,A
95,'340,Honduras,156,'01802,Sugar cane,5531,Producer Price (SLC/tonne),2004,2004,7021,Annual value,SLC,252.000000,A
95,'340,Honduras,156,'01802,Sugar cane,5531,Producer Price (SLC/tonne),2005,2005,7021,Annual value,SLC,265.000000,A
95,'340,Honduras,156,'01802,Sugar cane,5531,Producer Price (SLC/tonne),2006,2006,7021,Annual value,SLC,303.000000,A
95,'340,Honduras,156,'01802,Sugar cane,5531,Producer Price (SLC/tonne),2007,2007,7021,Annual value,SLC,311.000000,A
95,'340,Honduras,156,'01802,Sugar cane,5531,Producer Price (SLC/tonne),2008,2008,7021,Annual value,SLC,330.000000,A
95,'340,Honduras,156,'01802,Sugar cane,5531,Producer Price (SLC/tonne),2022,2022,7021,Annual value,SLC,696.300000,A
95,'340,Honduras,156,'01802,Sugar cane,5531,Producer Price (SLC/tonne),2023,2023,7021,Annual value,SLC,781.400000,A
95,'340,Honduras,156,'01802,Sugar cane,5531,Producer Price (SLC/tonne),2024,2024,7021,Annual value,SLC,781.400000,A
95,'340,Honduras,156,'01802,Sugar cane,5532,Producer Price (USD/tonne),1991,1991,7021,Annual value,USD,9.400000,A
95,'340,Honduras,156,'01802,Sugar cane,5532,Producer Price (USD/tonne),1992,1992,7021,Annual value,USD,11.800000,A
95,'340,Honduras,156,'01802,Sugar cane,5532,Producer Price (USD/tonne),1993,1993,7021,Annual value,USD,10.000000,A
95,'340,Honduras,156,'01802,Sugar cane,5532,Producer Price (USD/tonne),1994,1994,7021,Annual value,USD,10.100000,A
95,'340,Honduras,156,'01802,Sugar cane,5532,Producer Price (USD/tonne),1995,1995,7021,Annual value,USD,11.600000,A
95,'340,Honduras,156,'01802,Sugar cane,5532,Producer Price (USD/tonne),1996,1996,7021,Annual value,USD,12.500000,A
95,'340,Honduras,156,'01802,Sugar cane,5532,Producer Price (USD/tonne),1997,1997,7021,Annual value,USD,13.200000,A
95,'340,Honduras,156,'01802,Sugar cane,5532,Producer Price (USD/tonne),1998,1998,7021,Annual value,USD,14.200000,A
95,'340,Honduras,156,'01802,Sugar cane,5532,Producer Price (USD/tonne),1999,1999,7021,Annual value,USD,14.500000,A
95,'340,Honduras,156,'01802,Sugar cane,5532,Producer Price (USD/tonne),2000,2000,7021,Annual value,USD,15.400000,A
95,'340,Honduras,156,'01802,Sugar cane,5532,Producer Price (USD/tonne),2001,2001,7021,Annual value,USD,16.300000,A
95,'340,Honduras,156,'01802,Sugar cane,5532,Producer Price (USD/tonne),2002,2002,7021,Annual value,USD,13.700000,A
95,'340,Honduras,156,'01802,Sugar cane,5532,Producer Price (USD/tonne),2003,2003,7021,Annual value,USD,13.100000,A
95,'340,Honduras,156,'01802,Sugar cane,5532,Producer Price (USD/tonne),2004,2004,7021,Annual value,USD,13.800000,A
95,'340,Honduras,156,'01802,Sugar cane,5532,Producer Price (USD/tonne),2005,2005,7021,Annual value,USD,14.100000,A
95,'340,Honduras,156,'01802,Sugar cane,5532,Producer Price (USD/tonne),2006,2006,7021,Annual value,USD,16.000000,A
95,'340,Honduras,156,'01802,Sugar cane,5532,Producer Price (USD/tonne),2007,2007,7021,Annual value,USD,16.500000,A
95,'340,Honduras,156,'01802,Sugar cane,5532,Producer Price (USD/tonne),2008,2008,7021,Annual value,USD,17.500000,A
95,'340,Honduras,156,'01802,Sugar cane,5532,Producer Price (USD/tonne),2022,2022,7021,Annual value,USD,28.400000,A
95,'340,Honduras,156,'01802,Sugar cane,5532,Producer Price (USD/tonne),2023,2023,7021,Annual value,USD,31.800000,A
95,'340,Honduras,156,'01802,Sugar cane,5532,Producer Price (USD/tonne),2024,2024,7021,Annual value,USD,31.500000,A
95,'340,Honduras,156,'01802,Sugar cane,5539,Producer Price Index (2014-2016 = 100),1991,1991,7021,Annual value,,12.680000,E
95,'340,Honduras,156,'01802,Sugar cane,5539,Producer Price Index (2014-2016 = 100),1992,1992,7021,Annual value,,16.490000,E
95,'340,Honduras,156,'01802,Sugar cane,5539,Producer Price Index (2014-2016 = 100),1993,1993,7021,Annual value,,16.490000,E
95,'340,Honduras,156,'01802,Sugar cane,5539,Producer Price Index (2014-2016 = 100),1994,1994,7021,Annual value,,21.560000,E
95,'340,Honduras,156,'01802,Sugar cane,5539,Producer Price Index (2014-2016 = 100),1995,1995,7021,Annual value,,27.900000,E
95,'340,Honduras,156,'01802,Sugar cane,5539,Producer Price Index (2014-2016 = 100),1996,1996,7021,Annual value,,37.030000,E
95,'340,Honduras,156,'01802,Sugar cane,5539,Producer Price Index (2014-2016 = 100),1997,1997,7021,Annual value,,43.630000,E
95,'340,Honduras,156,'01802,Sugar cane,5539,Producer Price Index (2014-2016 = 100),1998,1998,7021,Annual value,,48.190000,E
95,'340,Honduras,156,'01802,Sugar cane,5539,Producer Price Index (2014-2016 = 100),1999,1999,7021,Annual value,,52.250000,E
95,'340,Honduras,156,'01802,Sugar cane,5539,Producer Price Index (2014-2016 = 100),2000,2000,7021,Annual value,,57.830000,E
95,'340,Honduras,156,'01802,Sugar cane,5539,Producer Price Index (2014-2016 = 100),2001,2001,7021,Annual value,,63.920000,E
95,'340,Honduras,156,'01802,Sugar cane,5539,Producer Price Index (2014-2016 = 100),2002,2002,7021,Annual value,,57.070000,E
95,'340,Honduras,156,'01802,Sugar cane,5539,Producer Price Index (2014-2016 = 100),2003,2003,7021,Annual value,,57.830000,E
95,'340,Honduras,156,'01802,Sugar cane,5539,Producer Price Index (2014-2016 = 100),2004,2004,7021,Annual value,,63.920000,E
95,'340,Honduras,156,'01802,Sugar cane,5539,Producer Price Index (2014-2016 = 100),2005,2005,7021,Annual value,,67.210000,E
95,'340,Honduras,156,'01802,Sugar cane,5539,Producer Price Index (2014-2016 = 100),2006,2006,7021,Annual value,,76.850000,E
95,'340,Honduras,156,'01802,Sugar cane,5539,Producer Price Index (2014-2016 = 100),2007,2007,7021,Annual value,,78.880000,E
95,'340,Honduras,156,'01802,Sugar cane,5539,Producer Price Index (2014-2016 = 100),2008,2008,7021,Annual value,,83.700000,E
95,'340,Honduras,156,'01802,Sugar cane,5539,Producer Price Index (2014-2016 = 100),2009,2009,7021,Annual value,,87.370000,E
95,'340,Honduras,156,'01802,Sugar cane,5539,Producer Price Index (2014-2016 = 100),2010,2010,7021,Annual value,,87.630000,E
95,'340,Honduras,156,'01802,Sugar cane,5539,Producer Price Index (2014-2016 = 100),2011,2011,7021,Annual value,,89.610000,E
95,'340,Honduras,156,'01802,Sugar cane,5539,Producer Price Index (2014-2016 = 100),2012,2012,7021,Annual value,,92.200000,E
95,'340,Honduras,156,'01802,Sugar cane,5539,Producer Price Index (2014-2016 = 100),2013,2013,7021,Annual value,,94.800000,E
95,'340,Honduras,156,'01802,Sugar cane,5539,Producer Price Index (2014-2016 = 100),2014,2014,7021,Annual value,,97.400000,E
95,'340,Honduras,156,'01802,Sugar cane,5539,Producer Price Index (2014-2016 = 100),2015,2015,7021,Annual value,,100.000000,E
95,'340,Honduras,156,'01802,Sugar cane,5539,Producer Price Index (2014-2016 = 100),2016,2016,7021,Annual value,,102.600000,E
95,'340,Honduras,156,'01802,Sugar cane,5539,Producer Price Index (2014-2016 = 100),2017,2017,7021,Annual value,,105.200000,E
95,'340,Honduras,156,'01802,Sugar cane,5539,Producer Price Index (2014-2016 = 100),2018,2018,7021,Annual value,,107.800000,E
95,'340,Honduras,156,'01802,Sugar cane,5539,Producer Price Index (2014-2016 = 100),2019,2019,7021,Annual value,,110.390000,E
95,'340,Honduras,156,'01802,Sugar cane,5539,Producer Price Index (2014-2016 = 100),2020,2020,7021,Annual value,,132.520000,E
95,'340,Honduras,156,'01802,Sugar cane,5539,Producer Price Index (2014-2016 = 100),2021,2021,7021,Annual value,,153.700000,E
95,'340,Honduras,156,'01802,Sugar cane,5539,Producer Price Index (2014-2016 = 100),2022,2022,7021,Annual value,,176.600000,E
95,'340,Honduras,156,'01802,Sugar cane,5539,Producer Price Index (2014-2016 = 100),2023,2023,7021,Annual value,,198.190000,E
95,'340,Honduras,156,'01802,Sugar cane,5539,Producer Price Index (2014-2016 = 100),2024,2024,7021,Annual value,,198.190000,E
95,'340,Honduras,156,'01802,Sugar cane,5539,Producer Price Index (2014-2016 = 100),2025,2025,7021,Annual value,,238.420000,E
95,'340,Honduras,122,'01530,Sweet potatoes,5530,Producer Price (LCU/tonne),2007,2007,7021,Annual value,LCU,4400.000000,A
95,'340,Honduras,122,'01530,Sweet potatoes,5530,Producer Price (LCU/tonne),2008,2008,7021,Annual value,LCU,4092.000000,A
95,'340,Honduras,122,'01530,Sweet potatoes,5530,Producer Price (LCU/tonne),2022,2022,7021,Annual value,LCU,11710.300000,A
95,'340,Honduras,122,'01530,Sweet potatoes,5530,Producer Price (LCU/tonne),2023,2023,7021,Annual value,LCU,14238.200000,A
95,'340,Honduras,122,'01530,Sweet potatoes,5530,Producer Price (LCU/tonne),2024,2024,7021,Annual value,LCU,11696.500000,A
95,'340,Honduras,122,'01530,Sweet potatoes,5530,Producer Price (LCU/tonne),2024,2024,7001,January,LCU,13430.100000,A
95,'340,Honduras,122,'01530,Sweet potatoes,5530,Producer Price (LCU/tonne),2024,2024,7002,February,LCU,7675.700000,A
95,'340,Honduras,122,'01530,Sweet potatoes,5530,Producer Price (LCU/tonne),2024,2024,7003,March,LCU,14475.800000,A
95,'340,Honduras,122,'01530,Sweet potatoes,5530,Producer Price (LCU/tonne),2024,2024,7004,April,LCU,11513.400000,A
95,'340,Honduras,122,'01530,Sweet potatoes,5530,Producer Price (LCU/tonne),2024,2024,7005,May,LCU,16328.700000,A
95,'340,Honduras,122,'01530,Sweet potatoes,5530,Producer Price (LCU/tonne),2024,2024,7006,June,LCU,12526.700000,A
95,'340,Honduras,122,'01530,Sweet potatoes,5530,Producer Price (LCU/tonne),2024,2024,7007,July,LCU,11418.400000,A
95,'340,Honduras,122,'01530,Sweet potatoes,5530,Producer Price (LCU/tonne),2024,2024,7009,September,LCU,9667.000000,A
95,'340,Honduras,122,'01530,Sweet potatoes,5530,Producer Price (LCU/tonne),2024,2024,7010,October,LCU,10690.300000,A
95,'340,Honduras,122,'01530,Sweet potatoes,5530,Producer Price (LCU/tonne),2024,2024,7011,November,LCU,10496.100000,A
95,'340,Honduras,122,'01530,Sweet potatoes,5530,Producer Price (LCU/tonne),2024,2024,7012,December,LCU,10439.000000,A
95,'340,Honduras,122,'01530,Sweet potatoes,5530,Producer Price (LCU/tonne),2025,2025,7001,January,LCU,10315.200000,A
95,'340,Honduras,122,'01530,Sweet potatoes,5531,Producer Price (SLC/tonne),2007,2007,7021,Annual value,SLC,4400.000000,A
95,'340,Honduras,122,'01530,Sweet potatoes,5531,Producer Price (SLC/tonne),2008,2008,7021,Annual value,SLC,4092.000000,A
95,'340,Honduras,122,'01530,Sweet potatoes,5531,Producer Price (SLC/tonne),2022,2022,7021,Annual value,SLC,11710.300000,A
95,'340,Honduras,122,'01530,Sweet potatoes,5531,Producer Price (SLC/tonne),2023,2023,7021,Annual value,SLC,14238.200000,A
95,'340,Honduras,122,'01530,Sweet potatoes,5531,Producer Price (SLC/tonne),2024,2024,7021,Annual value,SLC,11696.500000,A
95,'340,Honduras,122,'01530,Sweet potatoes,5532,Producer Price (USD/tonne),2007,2007,7021,Annual value,USD,232.900000,A
95,'340,Honduras,122,'01530,Sweet potatoes,5532,Producer Price (USD/tonne),2008,2008,7021,Annual value,USD,216.500000,A
95,'340,Honduras,122,'01530,Sweet potatoes,5532,Producer Price (USD/tonne),2022,2022,7021,Annual value,USD,478.200000,A
95,'340,Honduras,122,'01530,Sweet potatoes,5532,Producer Price (USD/tonne),2023,2023,7021,Annual value,USD,578.700000,A
95,'340,Honduras,122,'01530,Sweet potatoes,5532,Producer Price (USD/tonne),2024,2024,7021,Annual value,USD,471.600000,A
95,'340,Honduras,122,'01530,Sweet potatoes,5539,Producer Price Index (2014-2016 = 100),1991,1991,7021,Annual value,,20.170000,E
95,'340,Honduras,122,'01530,Sweet potatoes,5539,Producer Price Index (2014-2016 = 100),1992,1992,7021,Annual value,,27.250000,E
95,'340,Honduras,122,'01530,Sweet potatoes,5539,Producer Price Index (2014-2016 = 100),1993,1993,7021,Annual value,,30.380000,E
95,'340,Honduras,122,'01530,Sweet potatoes,5539,Producer Price Index (2014-2016 = 100),1994,1994,7021,Annual value,,42.420000,E
95,'340,Honduras,122,'01530,Sweet potatoes,5539,Producer Price Index (2014-2016 = 100),1995,1995,7021,Annual value,,50.720000,E
95,'340,Honduras,122,'01530,Sweet potatoes,5539,Producer Price Index (2014-2016 = 100),1996,1996,7021,Annual value,,60.580000,E
95,'340,Honduras,122,'01530,Sweet potatoes,5539,Producer Price Index (2014-2016 = 100),1997,1997,7021,Annual value,,72.400000,E
95,'340,Honduras,122,'01530,Sweet potatoes,5539,Producer Price Index (2014-2016 = 100),1998,1998,7021,Annual value,,80.820000,E
95,'340,Honduras,122,'01530,Sweet potatoes,5539,Producer Price Index (2014-2016 = 100),1999,1999,7021,Annual value,,90.210000,E
95,'340,Honduras,122,'01530,Sweet potatoes,5539,Producer Price Index (2014-2016 = 100),2000,2000,7021,Annual value,,100.690000,E
95,'340,Honduras,122,'01530,Sweet potatoes,5539,Producer Price Index (2014-2016 = 100),2001,2001,7021,Annual value,,112.420000,E
95,'340,Honduras,122,'01530,Sweet potatoes,5539,Producer Price Index (2014-2016 = 100),2002,2002,7021,Annual value,,73.890000,E
95,'340,Honduras,122,'01530,Sweet potatoes,5539,Producer Price Index (2014-2016 = 100),2003,2003,7021,Annual value,,72.400000,E
95,'340,Honduras,122,'01530,Sweet potatoes,5539,Producer Price Index (2014-2016 = 100),2004,2004,7021,Annual value,,72.840000,E
95,'340,Honduras,122,'01530,Sweet potatoes,5539,Producer Price Index (2014-2016 = 100),2005,2005,7021,Annual value,,73.280000,E
95,'340,Honduras,122,'01530,Sweet potatoes,5539,Producer Price Index (2014-2016 = 100),2006,2006,7021,Annual value,,74.730000,E
95,'340,Honduras,122,'01530,Sweet potatoes,5539,Producer Price Index (2014-2016 = 100),2007,2007,7021,Annual value,,109.290000,E
95,'340,Honduras,122,'01530,Sweet potatoes,5539,Producer Price Index (2014-2016 = 100),2008,2008,7021,Annual value,,101.640000,E
95,'340,Honduras,122,'01530,Sweet potatoes,5539,Producer Price Index (2014-2016 = 100),2009,2009,7021,Annual value,,99.800000,E
95,'340,Honduras,122,'01530,Sweet potatoes,5539,Producer Price Index (2014-2016 = 100),2010,2010,7021,Annual value,,100.210000,E
95,'340,Honduras,122,'01530,Sweet potatoes,5539,Producer Price Index (2014-2016 = 100),2011,2011,7021,Annual value,,97.300000,E
95,'340,Honduras,122,'01530,Sweet potatoes,5539,Producer Price Index (2014-2016 = 100),2012,2012,7021,Annual value,,97.970000,E
95,'340,Honduras,122,'01530,Sweet potatoes,5539,Producer Price Index (2014-2016 = 100),2013,2013,7021,Annual value,,98.650000,E
95,'340,Honduras,122,'01530,Sweet potatoes,5539,Producer Price Index (2014-2016 = 100),2014,2014,7021,Annual value,,99.320000,E
95,'340,Honduras,122,'01530,Sweet potatoes,5539,Producer Price Index (2014-2016 = 100),2015,2015,7021,Annual value,,100.000000,E
95,'340,Honduras,122,'01530,Sweet potatoes,5539,Producer Price Index (2014-2016 = 100),2016,2016,7021,Annual value,,100.680000,E
95,'340,Honduras,122,'01530,Sweet potatoes,5539,Producer Price Index (2014-2016 = 100),2017,2017,7021,Annual value,,101.350000,E
95,'340,Honduras,122,'01530,Sweet potatoes,5539,Producer Price Index (2014-2016 = 100),2018,2018,7021,Annual value,,102.030000,E
95,'340,Honduras,122,'01530,Sweet potatoes,5539,Producer Price Index (2014-2016 = 100),2019,2019,7021,Annual value,,102.700000,E
95,'340,Honduras,122,'01530,Sweet potatoes,5539,Producer Price Index (2014-2016 = 100),2020,2020,7021,Annual value,,163.570000,E
95,'340,Honduras,122,'01530,Sweet potatoes,5539,Producer Price Index (2014-2016 = 100),2021,2021,7021,Annual value,,222.530000,E
95,'340,Honduras,122,'01530,Sweet potatoes,5539,Producer Price Index (2014-2016 = 100),2022,2022,7021,Annual value,,290.860000,E
95,'340,Honduras,122,'01530,Sweet potatoes,5539,Producer Price Index (2014-2016 = 100),2023,2023,7021,Annual value,,353.650000,E
95,'340,Honduras,122,'01530,Sweet potatoes,5539,Producer Price Index (2014-2016 = 100),2024,2024,7021,Annual value,,290.520000,E
95,'340,Honduras,122,'01530,Sweet potatoes,5539,Producer Price Index (2014-2016 = 100),2025,2025,7021,Annual value,,458.380000,E
95,'340,Honduras,388,'01234,Tomatoes,5530,Producer Price (LCU/tonne),1991,1991,7021,Annual value,LCU,324.000000,A
95,'340,Honduras,388,'01234,Tomatoes,5530,Producer Price (LCU/tonne),1992,1992,7021,Annual value,LCU,470.000000,A
95,'340,Honduras,388,'01234,Tomatoes,5530,Producer Price (LCU/tonne),1993,1993,7021,Annual value,LCU,810.000000,A
95,'340,Honduras,388,'01234,Tomatoes,5530,Producer Price (LCU/tonne),1994,1994,7021,Annual value,LCU,1081.000000,A
95,'340,Honduras,388,'01234,Tomatoes,5530,Producer Price (LCU/tonne),1995,1995,7021,Annual value,LCU,1292.000000,A
95,'340,Honduras,388,'01234,Tomatoes,5530,Producer Price (LCU/tonne),1996,1996,7021,Annual value,LCU,1544.000000,A
95,'340,Honduras,388,'01234,Tomatoes,5530,Producer Price (LCU/tonne),1997,1997,7021,Annual value,LCU,1845.000000,A
95,'340,Honduras,388,'01234,Tomatoes,5530,Producer Price (LCU/tonne),1998,1998,7021,Annual value,LCU,2047.000000,A
95,'340,Honduras,388,'01234,Tomatoes,5530,Producer Price (LCU/tonne),1999,1999,7021,Annual value,LCU,2270.000000,A
95,'340,Honduras,388,'01234,Tomatoes,5530,Producer Price (LCU/tonne),2000,2000,7021,Annual value,LCU,2517.000000,A
95,'340,Honduras,388,'01234,Tomatoes,5530,Producer Price (LCU/tonne),2001,2001,7021,Annual value,LCU,2792.000000,A
95,'340,Honduras,388,'01234,Tomatoes,5530,Producer Price (LCU/tonne),2002,2002,7021,Annual value,LCU,3097.000000,A
95,'340,Honduras,388,'01234,Tomatoes,5530,Producer Price (LCU/tonne),2003,2003,7021,Annual value,LCU,4155.000000,A
95,'340,Honduras,388,'01234,Tomatoes,5530,Producer Price (LCU/tonne),2004,2004,7021,Annual value,LCU,5216.000000,A
95,'340,Honduras,388,'01234,Tomatoes,5530,Producer Price (LCU/tonne),2005,2005,7021,Annual value,LCU,6280.000000,A
95,'340,Honduras,388,'01234,Tomatoes,5530,Producer Price (LCU/tonne),2006,2006,7021,Annual value,LCU,6286.000000,A
95,'340,Honduras,388,'01234,Tomatoes,5530,Producer Price (LCU/tonne),2007,2007,7021,Annual value,LCU,9900.000000,A
95,'340,Honduras,388,'01234,Tomatoes,5530,Producer Price (LCU/tonne),2008,2008,7021,Annual value,LCU,8756.000000,A
95,'340,Honduras,388,'01234,Tomatoes,5530,Producer Price (LCU/tonne),2022,2022,7021,Annual value,LCU,22046.300000,A
95,'340,Honduras,388,'01234,Tomatoes,5530,Producer Price (LCU/tonne),2023,2023,7021,Annual value,LCU,24802.100000,A
95,'340,Honduras,388,'01234,Tomatoes,5530,Producer Price (LCU/tonne),2024,2024,7021,Annual value,LCU,29975.200000,A
95,'340,Honduras,388,'01234,Tomatoes,5530,Producer Price (LCU/tonne),2024,2024,7001,January,LCU,33069.500000,A
95,'340,Honduras,388,'01234,Tomatoes,5530,Producer Price (LCU/tonne),2024,2024,7002,February,LCU,28660.200000,A
95,'340,Honduras,388,'01234,Tomatoes,5530,Producer Price (LCU/tonne),2024,2024,7003,March,LCU,28660.200000,A
95,'340,Honduras,388,'01234,Tomatoes,5530,Producer Price (LCU/tonne),2024,2024,7004,April,LCU,26455.600000,A
95,'340,Honduras,388,'01234,Tomatoes,5530,Producer Price (LCU/tonne),2024,2024,7005,May,LCU,28660.200000,A
95,'340,Honduras,388,'01234,Tomatoes,5530,Producer Price (LCU/tonne),2024,2024,7006,June,LCU,22046.300000,A
95,'340,Honduras,388,'01234,Tomatoes,5530,Producer Price (LCU/tonne),2024,2024,7007,July,LCU,26455.600000,A
95,'340,Honduras,388,'01234,Tomatoes,5530,Producer Price (LCU/tonne),2024,2024,7008,August,LCU,22046.300000,A
95,'340,Honduras,388,'01234,Tomatoes,5530,Producer Price (LCU/tonne),2024,2024,7009,September,LCU,41268.700000,A
95,'340,Honduras,388,'01234,Tomatoes,5530,Producer Price (LCU/tonne),2024,2024,7010,October,LCU,41268.700000,A
95,'340,Honduras,388,'01234,Tomatoes,5530,Producer Price (LCU/tonne),2024,2024,7011,November,LCU,41268.700000,A
95,'340,Honduras,388,'01234,Tomatoes,5530,Producer Price (LCU/tonne),2024,2024,7012,December,LCU,19841.700000,A
95,'340,Honduras,388,'01234,Tomatoes,5530,Producer Price (LCU/tonne),2025,2025,7001,January,LCU,13227.800000,A
95,'340,Honduras,388,'01234,Tomatoes,5531,Producer Price (SLC/tonne),1991,1991,7021,Annual value,SLC,324.000000,A
95,'340,Honduras,388,'01234,Tomatoes,5531,Producer Price (SLC/tonne),1992,1992,7021,Annual value,SLC,470.000000,A
95,'340,Honduras,388,'01234,Tomatoes,5531,Producer Price (SLC/tonne),1993,1993,7021,Annual value,SLC,810.000000,A
95,'340,Honduras,388,'01234,Tomatoes,5531,Producer Price (SLC/tonne),1994,1994,7021,Annual value,SLC,1081.000000,A
95,'340,Honduras,388,'01234,Tomatoes,5531,Producer Price (SLC/tonne),1995,1995,7021,Annual value,SLC,1292.000000,A
95,'340,Honduras,388,'01234,Tomatoes,5531,Producer Price (SLC/tonne),1996,1996,7021,Annual value,SLC,1544.000000,A
95,'340,Honduras,388,'01234,Tomatoes,5531,Producer Price (SLC/tonne),1997,1997,7021,Annual value,SLC,1845.000000,A
95,'340,Honduras,388,'01234,Tomatoes,5531,Producer Price (SLC/tonne),1998,1998,7021,Annual value,SLC,2047.000000,A
95,'340,Honduras,388,'01234,Tomatoes,5531,Producer Price (SLC/tonne),1999,1999,7021,Annual value,SLC,2270.000000,A
95,'340,Honduras,388,'01234,Tomatoes,5531,Producer Price (SLC/tonne),2000,2000,7021,Annual value,SLC,2517.000000,A
95,'340,Honduras,388,'01234,Tomatoes,5531,Producer Price (SLC/tonne),2001,2001,7021,Annual value,SLC,2792.000000,A
95,'340,Honduras,388,'01234,Tomatoes,5531,Producer Price (SLC/tonne),2002,2002,7021,Annual value,SLC,3097.000000,A
95,'340,Honduras,388,'01234,Tomatoes,5531,Producer Price (SLC/tonne),2003,2003,7021,Annual value,SLC,4155.000000,A
95,'340,Honduras,388,'01234,Tomatoes,5531,Producer Price (SLC/tonne),2004,2004,7021,Annual value,SLC,5216.000000,A
95,'340,Honduras,388,'01234,Tomatoes,5531,Producer Price (SLC/tonne),2005,2005,7021,Annual value,SLC,6280.000000,A
95,'340,Honduras,388,'01234,Tomatoes,5531,Producer Price (SLC/tonne),2006,2006,7021,Annual value,SLC,6286.000000,A
95,'340,Honduras,388,'01234,Tomatoes,5531,Producer Price (SLC/tonne),2007,2007,7021,Annual value,SLC,9900.000000,A
95,'340,Honduras,388,'01234,Tomatoes,5531,Producer Price (SLC/tonne),2008,2008,7021,Annual value,SLC,8756.000000,A
95,'340,Honduras,388,'01234,Tomatoes,5531,Producer Price (SLC/tonne),2022,2022,7021,Annual value,SLC,22046.300000,A
95,'340,Honduras,388,'01234,Tomatoes,5531,Producer Price (SLC/tonne),2023,2023,7021,Annual value,SLC,24802.100000,A
95,'340,Honduras,388,'01234,Tomatoes,5531,Producer Price (SLC/tonne),2024,2024,7021,Annual value,SLC,29975.200000,A
95,'340,Honduras,388,'01234,Tomatoes,5532,Producer Price (USD/tonne),1991,1991,7021,Annual value,USD,60.900000,A
95,'340,Honduras,388,'01234,Tomatoes,5532,Producer Price (USD/tonne),1992,1992,7021,Annual value,USD,85.500000,A
95,'340,Honduras,388,'01234,Tomatoes,5532,Producer Price (USD/tonne),1993,1993,7021,Annual value,USD,125.200000,A
95,'340,Honduras,388,'01234,Tomatoes,5532,Producer Price (USD/tonne),1994,1994,7021,Annual value,USD,128.600000,A
95,'340,Honduras,388,'01234,Tomatoes,5532,Producer Price (USD/tonne),1995,1995,7021,Annual value,USD,136.400000,A
95,'340,Honduras,388,'01234,Tomatoes,5532,Producer Price (USD/tonne),1996,1996,7021,Annual value,USD,131.900000,A
95,'340,Honduras,388,'01234,Tomatoes,5532,Producer Price (USD/tonne),1997,1997,7021,Annual value,USD,141.900000,A
95,'340,Honduras,388,'01234,Tomatoes,5532,Producer Price (USD/tonne),1998,1998,7021,Annual value,USD,152.900000,A
95,'340,Honduras,388,'01234,Tomatoes,5532,Producer Price (USD/tonne),1999,1999,7021,Annual value,USD,159.700000,A
95,'340,Honduras,388,'01234,Tomatoes,5532,Producer Price (USD/tonne),2000,2000,7021,Annual value,USD,169.600000,A
95,'340,Honduras,388,'01234,Tomatoes,5532,Producer Price (USD/tonne),2001,2001,7021,Annual value,USD,180.400000,A
95,'340,Honduras,388,'01234,Tomatoes,5532,Producer Price (USD/tonne),2002,2002,7021,Annual value,USD,188.500000,A
95,'340,Honduras,388,'01234,Tomatoes,5532,Producer Price (USD/tonne),2003,2003,7021,Annual value,USD,239.500000,A
95,'340,Honduras,388,'01234,Tomatoes,5532,Producer Price (USD/tonne),2004,2004,7021,Annual value,USD,286.500000,A
95,'340,Honduras,388,'01234,Tomatoes,5532,Producer Price (USD/tonne),2005,2005,7021,Annual value,USD,333.500000,A
95,'340,Honduras,388,'01234,Tomatoes,5532,Producer Price (USD/tonne),2006,2006,7021,Annual value,USD,332.700000,A
95,'340,Honduras,388,'01234,Tomatoes,5532,Producer Price (USD/tonne),2007,2007,7021,Annual value,USD,523.900000,A
95,'340,Honduras,388,'01234,Tomatoes,5532,Producer Price (USD/tonne),2008,2008,7021,Annual value,USD,463.200000,A
95,'340,Honduras,388,'01234,Tomatoes,5532,Producer Price (USD/tonne),2022,2022,7021,Annual value,USD,900.400000,A
95,'340,Honduras,388,'01234,Tomatoes,5532,Producer Price (USD/tonne),2023,2023,7021,Annual value,USD,1008.100000,A
95,'340,Honduras,388,'01234,Tomatoes,5532,Producer Price (USD/tonne),2024,2024,7021,Annual value,USD,1208.700000,A
95,'340,Honduras,388,'01234,Tomatoes,5539,Producer Price Index (2014-2016 = 100),1991,1991,7021,Annual value,,2.290000,E
95,'340,Honduras,388,'01234,Tomatoes,5539,Producer Price Index (2014-2016 = 100),1992,1992,7021,Annual value,,3.320000,E
95,'340,Honduras,388,'01234,Tomatoes,5539,Producer Price Index (2014-2016 = 100),1993,1993,7021,Annual value,,5.730000,E
95,'340,Honduras,388,'01234,Tomatoes,5539,Producer Price Index (2014-2016 = 100),1994,1994,7021,Annual value,,7.640000,E
95,'340,Honduras,388,'01234,Tomatoes,5539,Producer Price Index (2014-2016 = 100),1995,1995,7021,Annual value,,9.130000,E
95,'340,Honduras,388,'01234,Tomatoes,5539,Producer Price Index (2014-2016 = 100),1996,1996,7021,Annual value,,10.920000,E
95,'340,Honduras,388,'01234,Tomatoes,5539,Producer Price Index (2014-2016 = 100),1997,1997,7021,Annual value,,13.040000,E
95,'340,Honduras,388,'01234,Tomatoes,5539,Producer Price Index (2014-2016 = 100),1998,1998,7021,Annual value,,14.470000,E
95,'340,Honduras,388,'01234,Tomatoes,5539,Producer Price Index (2014-2016 = 100),1999,1999,7021,Annual value,,16.050000,E
95,'340,Honduras,388,'01234,Tomatoes,5539,Producer Price Index (2014-2016 = 100),2000,2000,7021,Annual value,,17.790000,E
95,'340,Honduras,388,'01234,Tomatoes,5539,Producer Price Index (2014-2016 = 100),2001,2001,7021,Annual value,,19.740000,E
95,'340,Honduras,388,'01234,Tomatoes,5539,Producer Price Index (2014-2016 = 100),2002,2002,7021,Annual value,,21.890000,E
95,'340,Honduras,388,'01234,Tomatoes,5539,Producer Price Index (2014-2016 = 100),2003,2003,7021,Annual value,,29.370000,E
95,'340,Honduras,388,'01234,Tomatoes,5539,Producer Price Index (2014-2016 = 100),2004,2004,7021,Annual value,,36.880000,E
95,'340,Honduras,388,'01234,Tomatoes,5539,Producer Price Index (2014-2016 = 100),2005,2005,7021,Annual value,,44.400000,E
95,'340,Honduras,388,'01234,Tomatoes,5539,Producer Price Index (2014-2016 = 100),2006,2006,7021,Annual value,,44.440000,E
95,'340,Honduras,388,'01234,Tomatoes,5539,Producer Price Index (2014-2016 = 100),2007,2007,7021,Annual value,,69.990000,E
95,'340,Honduras,388,'01234,Tomatoes,5539,Producer Price Index (2014-2016 = 100),2008,2008,7021,Annual value,,61.900000,E
95,'340,Honduras,388,'01234,Tomatoes,5539,Producer Price Index (2014-2016 = 100),2009,2009,7021,Annual value,,76.910000,E
95,'340,Honduras,388,'01234,Tomatoes,5539,Producer Price Index (2014-2016 = 100),2010,2010,7021,Annual value,,90.630000,E
95,'340,Honduras,388,'01234,Tomatoes,5539,Producer Price Index (2014-2016 = 100),2011,2011,7021,Annual value,,77.910000,E
95,'340,Honduras,388,'01234,Tomatoes,5539,Producer Price Index (2014-2016 = 100),2012,2012,7021,Annual value,,83.430000,E
95,'340,Honduras,388,'01234,Tomatoes,5539,Producer Price Index (2014-2016 = 100),2013,2013,7021,Annual value,,88.950000,E
95,'340,Honduras,388,'01234,Tomatoes,5539,Producer Price Index (2014-2016 = 100),2014,2014,7021,Annual value,,94.480000,E
95,'340,Honduras,388,'01234,Tomatoes,5539,Producer Price Index (2014-2016 = 100),2015,2015,7021,Annual value,,100.000000,E
95,'340,Honduras,388,'01234,Tomatoes,5539,Producer Price Index (2014-2016 = 100),2016,2016,7021,Annual value,,105.520000,E
95,'340,Honduras,388,'01234,Tomatoes,5539,Producer Price Index (2014-2016 = 100),2017,2017,7021,Annual value,,111.050000,E
95,'340,Honduras,388,'01234,Tomatoes,5539,Producer Price Index (2014-2016 = 100),2018,2018,7021,Annual value,,116.570000,E
95,'340,Honduras,388,'01234,Tomatoes,5539,Producer Price Index (2014-2016 = 100),2019,2019,7021,Annual value,,122.090000,E
95,'340,Honduras,388,'01234,Tomatoes,5539,Producer Price Index (2014-2016 = 100),2020,2020,7021,Annual value,,135.140000,E
95,'340,Honduras,388,'01234,Tomatoes,5539,Producer Price Index (2014-2016 = 100),2021,2021,7021,Annual value,,145.960000,E
95,'340,Honduras,388,'01234,Tomatoes,5539,Producer Price Index (2014-2016 = 100),2022,2022,7021,Annual value,,155.860000,E
95,'340,Honduras,388,'01234,Tomatoes,5539,Producer Price Index (2014-2016 = 100),2023,2023,7021,Annual value,,175.340000,E
95,'340,Honduras,388,'01234,Tomatoes,5539,Producer Price Index (2014-2016 = 100),2024,2024,7021,Annual value,,211.920000,E
95,'340,Honduras,388,'01234,Tomatoes,5539,Producer Price Index (2014-2016 = 100),2025,2025,7021,Annual value,,248.490000,E
95,'340,Honduras,826,'01970,Unmanufactured tobacco,5530,Producer Price (LCU/tonne),1991,1991,7021,Annual value,LCU,7753.000000,A
95,'340,Honduras,826,'01970,Unmanufactured tobacco,5530,Producer Price (LCU/tonne),1992,1992,7021,Annual value,LCU,10764.000000,A
95,'340,Honduras,826,'01970,Unmanufactured tobacco,5530,Producer Price (LCU/tonne),1993,1993,7021,Annual value,LCU,9966.000000,A
95,'340,Honduras,826,'01970,Unmanufactured tobacco,5530,Producer Price (LCU/tonne),1994,1994,7021,Annual value,LCU,11762.000000,A
95,'340,Honduras,826,'01970,Unmanufactured tobacco,5530,Producer Price (LCU/tonne),1995,1995,7021,Annual value,LCU,15013.000000,A
95,'340,Honduras,826,'01970,Unmanufactured tobacco,5530,Producer Price (LCU/tonne),1996,1996,7021,Annual value,LCU,70120.000000,A
95,'340,Honduras,826,'01970,Unmanufactured tobacco,5530,Producer Price (LCU/tonne),1997,1997,7021,Annual value,LCU,71200.000000,A
95,'340,Honduras,826,'01970,Unmanufactured tobacco,5530,Producer Price (LCU/tonne),1998,1998,7021,Annual value,LCU,72500.000000,A
95,'340,Honduras,826,'01970,Unmanufactured tobacco,5530,Producer Price (LCU/tonne),1999,1999,7021,Annual value,LCU,73220.000000,A
95,'340,Honduras,826,'01970,Unmanufactured tobacco,5530,Producer Price (LCU/tonne),2000,2000,7021,Annual value,LCU,74100.000000,A
95,'340,Honduras,826,'01970,Unmanufactured tobacco,5530,Producer Price (LCU/tonne),2001,2001,7021,Annual value,LCU,74500.000000,A
95,'340,Honduras,826,'01970,Unmanufactured tobacco,5530,Producer Price (LCU/tonne),2002,2002,7021,Annual value,LCU,75900.000000,A
95,'340,Honduras,826,'01970,Unmanufactured tobacco,5530,Producer Price (LCU/tonne),2003,2003,7021,Annual value,LCU,77000.000000,A
95,'340,Honduras,826,'01970,Unmanufactured tobacco,5530,Producer Price (LCU/tonne),2004,2004,7021,Annual value,LCU,78100.000000,A
95,'340,Honduras,826,'01970,Unmanufactured tobacco,5530,Producer Price (LCU/tonne),2005,2005,7021,Annual value,LCU,79200.000000,A
95,'340,Honduras,826,'01970,Unmanufactured tobacco,5530,Producer Price (LCU/tonne),2006,2006,7021,Annual value,LCU,83116.000000,A
95,'340,Honduras,826,'01970,Unmanufactured tobacco,5530,Producer Price (LCU/tonne),2007,2007,7021,Annual value,LCU,83600.000000,A
95,'340,Honduras,826,'01970,Unmanufactured tobacco,5530,Producer Price (LCU/tonne),2008,2008,7021,Annual value,LCU,200200.000000,A
95,'340,Honduras,826,'01970,Unmanufactured tobacco,5530,Producer Price (LCU/tonne),2022,2022,7021,Annual value,LCU,325888.100000,A
95,'340,Honduras,826,'01970,Unmanufactured tobacco,5530,Producer Price (LCU/tonne),2023,2023,7021,Annual value,LCU,333882.900000,A
95,'340,Honduras,826,'01970,Unmanufactured tobacco,5530,Producer Price (LCU/tonne),2024,2024,7021,Annual value,LCU,357156.700000,A
95,'340,Honduras,826,'01970,Unmanufactured tobacco,5530,Producer Price (LCU/tonne),2024,2024,7001,January,LCU,354896.000000,A
95,'340,Honduras,826,'01970,Unmanufactured tobacco,5530,Producer Price (LCU/tonne),2024,2024,7002,February,LCU,355193.300000,A
95,'340,Honduras,826,'01970,Unmanufactured tobacco,5530,Producer Price (LCU/tonne),2024,2024,7003,March,LCU,355327.400000,A
95,'340,Honduras,826,'01970,Unmanufactured tobacco,5530,Producer Price (LCU/tonne),2024,2024,7004,April,LCU,355257.200000,A
95,'340,Honduras,826,'01970,Unmanufactured tobacco,5530,Producer Price (LCU/tonne),2024,2024,7005,May,LCU,355614.400000,A
95,'340,Honduras,826,'01970,Unmanufactured tobacco,5530,Producer Price (LCU/tonne),2024,2024,7006,June,LCU,355823.500000,A
95,'340,Honduras,826,'01970,Unmanufactured tobacco,5530,Producer Price (LCU/tonne),2024,2024,7007,July,LCU,356361.700000,A
95,'340,Honduras,826,'01970,Unmanufactured tobacco,5530,Producer Price (LCU/tonne),2024,2024,7008,August,LCU,356465.400000,A
95,'340,Honduras,826,'01970,Unmanufactured tobacco,5530,Producer Price (LCU/tonne),2024,2024,7009,September,LCU,356985.500000,A
95,'340,Honduras,826,'01970,Unmanufactured tobacco,5530,Producer Price (LCU/tonne),2024,2024,7010,October,LCU,358590.400000,A
95,'340,Honduras,826,'01970,Unmanufactured tobacco,5530,Producer Price (LCU/tonne),2024,2024,7011,November,LCU,361100.800000,A
95,'340,Honduras,826,'01970,Unmanufactured tobacco,5530,Producer Price (LCU/tonne),2024,2024,7012,December,LCU,364264.200000,A
95,'340,Honduras,826,'01970,Unmanufactured tobacco,5530,Producer Price (LCU/tonne),2025,2025,7001,January,LCU,366505.900000,A
95,'340,Honduras,826,'01970,Unmanufactured tobacco,5531,Producer Price (SLC/tonne),1991,1991,7021,Annual value,SLC,7753.000000,A
95,'340,Honduras,826,'01970,Unmanufactured tobacco,5531,Producer Price (SLC/tonne),1992,1992,7021,Annual value,SLC,10764.000000,A
95,'340,Honduras,826,'01970,Unmanufactured tobacco,5531,Producer Price (SLC/tonne),1993,1993,7021,Annual value,SLC,9966.000000,A
95,'340,Honduras,826,'01970,Unmanufactured tobacco,5531,Producer Price (SLC/tonne),1994,1994,7021,Annual value,SLC,11762.000000,A
95,'340,Honduras,826,'01970,Unmanufactured tobacco,5531,Producer Price (SLC/tonne),1995,1995,7021,Annual value,SLC,15013.000000,A
95,'340,Honduras,826,'01970,Unmanufactured tobacco,5531,Producer Price (SLC/tonne),1996,1996,7021,Annual value,SLC,70120.000000,A
95,'340,Honduras,826,'01970,Unmanufactured tobacco,5531,Producer Price (SLC/tonne),1997,1997,7021,Annual value,SLC,71200.000000,A
95,'340,Honduras,826,'01970,Unmanufactured tobacco,5531,Producer Price (SLC/tonne),1998,1998,7021,Annual value,SLC,72500.000000,A
95,'340,Honduras,826,'01970,Unmanufactured tobacco,5531,Producer Price (SLC/tonne),1999,1999,7021,Annual value,SLC,73220.000000,A
95,'340,Honduras,826,'01970,Unmanufactured tobacco,5531,Producer Price (SLC/tonne),2000,2000,7021,Annual value,SLC,74100.000000,A
95,'340,Honduras,826,'01970,Unmanufactured tobacco,5531,Producer Price (SLC/tonne),2001,2001,7021,Annual value,SLC,74500.000000,A
95,'340,Honduras,826,'01970,Unmanufactured tobacco,5531,Producer Price (SLC/tonne),2002,2002,7021,Annual value,SLC,75900.000000,A
95,'340,Honduras,826,'01970,Unmanufactured tobacco,5531,Producer Price (SLC/tonne),2003,2003,7021,Annual value,SLC,77000.000000,A
95,'340,Honduras,826,'01970,Unmanufactured tobacco,5531,Producer Price (SLC/tonne),2004,2004,7021,Annual value,SLC,78100.000000,A
95,'340,Honduras,826,'01970,Unmanufactured tobacco,5531,Producer Price (SLC/tonne),2005,2005,7021,Annual value,SLC,79200.000000,A
95,'340,Honduras,826,'01970,Unmanufactured tobacco,5531,Producer Price (SLC/tonne),2006,2006,7021,Annual value,SLC,83116.000000,A
95,'340,Honduras,826,'01970,Unmanufactured tobacco,5531,Producer Price (SLC/tonne),2007,2007,7021,Annual value,SLC,83600.000000,A
95,'340,Honduras,826,'01970,Unmanufactured tobacco,5531,Producer Price (SLC/tonne),2008,2008,7021,Annual value,SLC,200200.000000,A
95,'340,Honduras,826,'01970,Unmanufactured tobacco,5531,Producer Price (SLC/tonne),2022,2022,7021,Annual value,SLC,325888.100000,A
95,'340,Honduras,826,'01970,Unmanufactured tobacco,5531,Producer Price (SLC/tonne),2023,2023,7021,Annual value,SLC,333882.900000,A
95,'340,Honduras,826,'01970,Unmanufactured tobacco,5531,Producer Price (SLC/tonne),2024,2024,7021,Annual value,SLC,357156.700000,A
95,'340,Honduras,826,'01970,Unmanufactured tobacco,5532,Producer Price (USD/tonne),1991,1991,7021,Annual value,USD,1458.200000,A
95,'340,Honduras,826,'01970,Unmanufactured tobacco,5532,Producer Price (USD/tonne),1992,1992,7021,Annual value,USD,1957.800000,A
95,'340,Honduras,826,'01970,Unmanufactured tobacco,5532,Producer Price (USD/tonne),1993,1993,7021,Annual value,USD,1540.000000,A
95,'340,Honduras,826,'01970,Unmanufactured tobacco,5532,Producer Price (USD/tonne),1994,1994,7021,Annual value,USD,1398.800000,A
95,'340,Honduras,826,'01970,Unmanufactured tobacco,5532,Producer Price (USD/tonne),1995,1995,7021,Annual value,USD,1585.200000,A
95,'340,Honduras,826,'01970,Unmanufactured tobacco,5532,Producer Price (USD/tonne),1996,1996,7021,Annual value,USD,5990.400000,A
95,'340,Honduras,826,'01970,Unmanufactured tobacco,5532,Producer Price (USD/tonne),1997,1997,7021,Annual value,USD,5475.400000,A
95,'340,Honduras,826,'01970,Unmanufactured tobacco,5532,Producer Price (USD/tonne),1998,1998,7021,Annual value,USD,5416.500000,A
95,'340,Honduras,826,'01970,Unmanufactured tobacco,5532,Producer Price (USD/tonne),1999,1999,7021,Annual value,USD,5151.500000,A
95,'340,Honduras,826,'01970,Unmanufactured tobacco,5532,Producer Price (USD/tonne),2000,2000,7021,Annual value,USD,4993.500000,A
95,'340,Honduras,826,'01970,Unmanufactured tobacco,5532,Producer Price (USD/tonne),2001,2001,7021,Annual value,USD,4814.600000,A
95,'340,Honduras,826,'01970,Unmanufactured tobacco,5532,Producer Price (USD/tonne),2002,2002,7021,Annual value,USD,4618.600000,A
95,'340,Honduras,826,'01970,Unmanufactured tobacco,5532,Producer Price (USD/tonne),2003,2003,7021,Annual value,USD,4439.200000,A
95,'340,Honduras,826,'01970,Unmanufactured tobacco,5532,Producer Price (USD/tonne),2004,2004,7021,Annual value,USD,4289.700000,A
95,'340,Honduras,826,'01970,Unmanufactured tobacco,5532,Producer Price (USD/tonne),2005,2005,7021,Annual value,USD,4205.500000,A
95,'340,Honduras,826,'01970,Unmanufactured tobacco,5532,Producer Price (USD/tonne),2006,2006,7021,Annual value,USD,4398.800000,A
95,'340,Honduras,826,'01970,Unmanufactured tobacco,5532,Producer Price (USD/tonne),2007,2007,7021,Annual value,USD,4424.400000,A
95,'340,Honduras,826,'01970,Unmanufactured tobacco,5532,Producer Price (USD/tonne),2008,2008,7021,Annual value,USD,10590.500000,A
95,'340,Honduras,826,'01970,Unmanufactured tobacco,5532,Producer Price (USD/tonne),2022,2022,7021,Annual value,USD,13309.200000,A
95,'340,Honduras,826,'01970,Unmanufactured tobacco,5532,Producer Price (USD/tonne),2023,2023,7021,Annual value,USD,13571.600000,A
95,'340,Honduras,826,'01970,Unmanufactured tobacco,5532,Producer Price (USD/tonne),2024,2024,7021,Annual value,USD,14401.900000,A
95,'340,Honduras,826,'01970,Unmanufactured tobacco,5539,Producer Price Index (2014-2016 = 100),1991,1991,7021,Annual value,,4.850000,E
95,'340,Honduras,826,'01970,Unmanufactured tobacco,5539,Producer Price Index (2014-2016 = 100),1992,1992,7021,Annual value,,6.740000,E
95,'340,Honduras,826,'01970,Unmanufactured tobacco,5539,Producer Price Index (2014-2016 = 100),1993,1993,7021,Annual value,,6.240000,E
95,'340,Honduras,826,'01970,Unmanufactured tobacco,5539,Producer Price Index (2014-2016 = 100),1994,1994,7021,Annual value,,7.360000,E
95,'340,Honduras,826,'01970,Unmanufactured tobacco,5539,Producer Price Index (2014-2016 = 100),1995,1995,7021,Annual value,,9.400000,E
95,'340,Honduras,826,'01970,Unmanufactured tobacco,5539,Producer Price Index (2014-2016 = 100),1996,1996,7021,Annual value,,43.910000,E
95,'340,Honduras,826,'01970,Unmanufactured tobacco,5539,Producer Price Index (2014-2016 = 100),1997,1997,7021,Annual value,,44.580000,E
95,'340,Honduras,826,'01970,Unmanufactured tobacco,5539,Producer Price Index (2014-2016 = 100),1998,1998,7021,Annual value,,45.400000,E
95,'340,Honduras,826,'01970,Unmanufactured tobacco,5539,Producer Price Index (2014-2016 = 100),1999,1999,7021,Annual value,,45.850000,E
95,'340,Honduras,826,'01970,Unmanufactured tobacco,5539,Producer Price Index (2014-2016 = 100),2000,2000,7021,Annual value,,46.400000,E
95,'340,Honduras,826,'01970,Unmanufactured tobacco,5539,Producer Price Index (2014-2016 = 100),2001,2001,7021,Annual value,,46.650000,E
95,'340,Honduras,826,'01970,Unmanufactured tobacco,5539,Producer Price Index (2014-2016 = 100),2002,2002,7021,Annual value,,47.520000,E
95,'340,Honduras,826,'01970,Unmanufactured tobacco,5539,Producer Price Index (2014-2016 = 100),2003,2003,7021,Annual value,,48.210000,E
95,'340,Honduras,826,'01970,Unmanufactured tobacco,5539,Producer Price Index (2014-2016 = 100),2004,2004,7021,Annual value,,48.900000,E
95,'340,Honduras,826,'01970,Unmanufactured tobacco,5539,Producer Price Index (2014-2016 = 100),2005,2005,7021,Annual value,,49.590000,E
95,'340,Honduras,826,'01970,Unmanufactured tobacco,5539,Producer Price Index (2014-2016 = 100),2006,2006,7021,Annual value,,52.040000,E
95,'340,Honduras,826,'01970,Unmanufactured tobacco,5539,Producer Price Index (2014-2016 = 100),2007,2007,7021,Annual value,,52.350000,E
95,'340,Honduras,826,'01970,Unmanufactured tobacco,5539,Producer Price Index (2014-2016 = 100),2008,2008,7021,Annual value,,125.360000,E
95,'340,Honduras,826,'01970,Unmanufactured tobacco,5539,Producer Price Index (2014-2016 = 100),2009,2009,7021,Annual value,,123.950000,E
95,'340,Honduras,826,'01970,Unmanufactured tobacco,5539,Producer Price Index (2014-2016 = 100),2010,2010,7021,Annual value,,101.690000,E
95,'340,Honduras,826,'01970,Unmanufactured tobacco,5539,Producer Price Index (2014-2016 = 100),2011,2011,7021,Annual value,,93.450000,E
95,'340,Honduras,826,'01970,Unmanufactured tobacco,5539,Producer Price Index (2014-2016 = 100),2012,2012,7021,Annual value,,95.090000,E
95,'340,Honduras,826,'01970,Unmanufactured tobacco,5539,Producer Price Index (2014-2016 = 100),2013,2013,7021,Annual value,,96.720000,E
95,'340,Honduras,826,'01970,Unmanufactured tobacco,5539,Producer Price Index (2014-2016 = 100),2014,2014,7021,Annual value,,98.360000,E
95,'340,Honduras,826,'01970,Unmanufactured tobacco,5539,Producer Price Index (2014-2016 = 100),2015,2015,7021,Annual value,,100.000000,E
95,'340,Honduras,826,'01970,Unmanufactured tobacco,5539,Producer Price Index (2014-2016 = 100),2016,2016,7021,Annual value,,101.640000,E
95,'340,Honduras,826,'01970,Unmanufactured tobacco,5539,Producer Price Index (2014-2016 = 100),2017,2017,7021,Annual value,,103.280000,E
95,'340,Honduras,826,'01970,Unmanufactured tobacco,5539,Producer Price Index (2014-2016 = 100),2018,2018,7021,Annual value,,104.910000,E
95,'340,Honduras,826,'01970,Unmanufactured tobacco,5539,Producer Price Index (2014-2016 = 100),2019,2019,7021,Annual value,,106.550000,E
95,'340,Honduras,826,'01970,Unmanufactured tobacco,5539,Producer Price Index (2014-2016 = 100),2020,2020,7021,Annual value,,137.170000,E
95,'340,Honduras,826,'01970,Unmanufactured tobacco,5539,Producer Price Index (2014-2016 = 100),2021,2021,7021,Annual value,,168.190000,E
95,'340,Honduras,826,'01970,Unmanufactured tobacco,5539,Producer Price Index (2014-2016 = 100),2022,2022,7021,Annual value,,204.060000,E
95,'340,Honduras,826,'01970,Unmanufactured tobacco,5539,Producer Price Index (2014-2016 = 100),2023,2023,7021,Annual value,,209.060000,E
95,'340,Honduras,826,'01970,Unmanufactured tobacco,5539,Producer Price Index (2014-2016 = 100),2024,2024,7021,Annual value,,223.630000,E
95,'340,Honduras,826,'01970,Unmanufactured tobacco,5539,Producer Price Index (2014-2016 = 100),2025,2025,7021,Annual value,,241.000000,E
95,'340,Honduras,567,'01221,Watermelons,5530,Producer Price (LCU/tonne),1991,1991,7021,Annual value,LCU,369.000000,A
95,'340,Honduras,567,'01221,Watermelons,5530,Producer Price (LCU/tonne),1992,1992,7021,Annual value,LCU,630.000000,A
95,'340,Honduras,567,'01221,Watermelons,5530,Producer Price (LCU/tonne),1993,1993,7021,Annual value,LCU,805.000000,A
95,'340,Honduras,567,'01221,Watermelons,5530,Producer Price (LCU/tonne),1994,1994,7021,Annual value,LCU,1130.000000,A
95,'340,Honduras,567,'01221,Watermelons,5530,Producer Price (LCU/tonne),1995,1995,7021,Annual value,LCU,1433.000000,A
95,'340,Honduras,567,'01221,Watermelons,5530,Producer Price (LCU/tonne),1996,1996,7021,Annual value,LCU,1714.000000,A
95,'340,Honduras,567,'01221,Watermelons,5530,Producer Price (LCU/tonne),1997,1997,7021,Annual value,LCU,2050.000000,A
95,'340,Honduras,567,'01221,Watermelons,5530,Producer Price (LCU/tonne),1998,1998,7021,Annual value,LCU,2256.000000,A
95,'340,Honduras,567,'01221,Watermelons,5530,Producer Price (LCU/tonne),1999,1999,7021,Annual value,LCU,2483.000000,A
95,'340,Honduras,567,'01221,Watermelons,5530,Producer Price (LCU/tonne),2000,2000,7021,Annual value,LCU,2732.000000,A
95,'340,Honduras,567,'01221,Watermelons,5530,Producer Price (LCU/tonne),2001,2001,7021,Annual value,LCU,3007.000000,A
95,'340,Honduras,567,'01221,Watermelons,5530,Producer Price (LCU/tonne),2002,2002,7021,Annual value,LCU,3310.000000,A
95,'340,Honduras,567,'01221,Watermelons,5530,Producer Price (LCU/tonne),2003,2003,7021,Annual value,LCU,3369.000000,A
95,'340,Honduras,567,'01221,Watermelons,5530,Producer Price (LCU/tonne),2004,2004,7021,Annual value,LCU,3428.000000,A
95,'340,Honduras,567,'01221,Watermelons,5530,Producer Price (LCU/tonne),2005,2005,7021,Annual value,LCU,3487.000000,A
95,'340,Honduras,567,'01221,Watermelons,5530,Producer Price (LCU/tonne),2006,2006,7021,Annual value,LCU,3667.000000,A
95,'340,Honduras,567,'01221,Watermelons,5530,Producer Price (LCU/tonne),2007,2007,7021,Annual value,LCU,3300.000000,A
95,'340,Honduras,567,'01221,Watermelons,5530,Producer Price (LCU/tonne),2008,2008,7021,Annual value,LCU,3667.000000,A
95,'340,Honduras,567,'01221,Watermelons,5530,Producer Price (LCU/tonne),2022,2022,7021,Annual value,LCU,13420.000000,A
95,'340,Honduras,567,'01221,Watermelons,5530,Producer Price (LCU/tonne),2023,2023,7021,Annual value,LCU,14110.000000,A
95,'340,Honduras,567,'01221,Watermelons,5530,Producer Price (LCU/tonne),2024,2024,7021,Annual value,LCU,15600.000000,A
95,'340,Honduras,567,'01221,Watermelons,5530,Producer Price (LCU/tonne),2024,2024,7001,January,LCU,15130.000000,A
95,'340,Honduras,567,'01221,Watermelons,5530,Producer Price (LCU/tonne),2024,2024,7002,February,LCU,15150.000000,A
95,'340,Honduras,567,'01221,Watermelons,5530,Producer Price (LCU/tonne),2024,2024,7003,March,LCU,15320.000000,A
95,'340,Honduras,567,'01221,Watermelons,5530,Producer Price (LCU/tonne),2024,2024,7004,April,LCU,15340.000000,A
95,'340,Honduras,567,'01221,Watermelons,5530,Producer Price (LCU/tonne),2024,2024,7012,December,LCU,17040.000000,A
95,'340,Honduras,567,'01221,Watermelons,5530,Producer Price (LCU/tonne),2025,2025,7001,January,LCU,16160.000000,A
95,'340,Honduras,567,'01221,Watermelons,5531,Producer Price (SLC/tonne),1991,1991,7021,Annual value,SLC,369.000000,A
95,'340,Honduras,567,'01221,Watermelons,5531,Producer Price (SLC/tonne),1992,1992,7021,Annual value,SLC,630.000000,A
95,'340,Honduras,567,'01221,Watermelons,5531,Producer Price (SLC/tonne),1993,1993,7021,Annual value,SLC,805.000000,A
95,'340,Honduras,567,'01221,Watermelons,5531,Producer Price (SLC/tonne),1994,1994,7021,Annual value,SLC,1130.000000,A
95,'340,Honduras,567,'01221,Watermelons,5531,Producer Price (SLC/tonne),1995,1995,7021,Annual value,SLC,1433.000000,A
95,'340,Honduras,567,'01221,Watermelons,5531,Producer Price (SLC/tonne),1996,1996,7021,Annual value,SLC,1714.000000,A
95,'340,Honduras,567,'01221,Watermelons,5531,Producer Price (SLC/tonne),1997,1997,7021,Annual value,SLC,2050.000000,A
95,'340,Honduras,567,'01221,Watermelons,5531,Producer Price (SLC/tonne),1998,1998,7021,Annual value,SLC,2256.000000,A
95,'340,Honduras,567,'01221,Watermelons,5531,Producer Price (SLC/tonne),1999,1999,7021,Annual value,SLC,2483.000000,A
95,'340,Honduras,567,'01221,Watermelons,5531,Producer Price (SLC/tonne),2000,2000,7021,Annual value,SLC,2732.000000,A
95,'340,Honduras,567,'01221,Watermelons,5531,Producer Price (SLC/tonne),2001,2001,7021,Annual value,SLC,3007.000000,A
95,'340,Honduras,567,'01221,Watermelons,5531,Producer Price (SLC/tonne),2002,2002,7021,Annual value,SLC,3310.000000,A
95,'340,Honduras,567,'01221,Watermelons,5531,Producer Price (SLC/tonne),2003,2003,7021,Annual value,SLC,3369.000000,A
95,'340,Honduras,567,'01221,Watermelons,5531,Producer Price (SLC/tonne),2004,2004,7021,Annual value,SLC,3428.000000,A
95,'340,Honduras,567,'01221,Watermelons,5531,Producer Price (SLC/tonne),2005,2005,7021,Annual value,SLC,3487.000000,A
95,'340,Honduras,567,'01221,Watermelons,5531,Producer Price (SLC/tonne),2006,2006,7021,Annual value,SLC,3667.000000,A
95,'340,Honduras,567,'01221,Watermelons,5531,Producer Price (SLC/tonne),2007,2007,7021,Annual value,SLC,3300.000000,A
95,'340,Honduras,567,'01221,Watermelons,5531,Producer Price (SLC/tonne),2008,2008,7021,Annual value,SLC,3667.000000,A
95,'340,Honduras,567,'01221,Watermelons,5531,Producer Price (SLC/tonne),2022,2022,7021,Annual value,SLC,13420.000000,A
95,'340,Honduras,567,'01221,Watermelons,5531,Producer Price (SLC/tonne),2023,2023,7021,Annual value,SLC,14110.000000,A
95,'340,Honduras,567,'01221,Watermelons,5531,Producer Price (SLC/tonne),2024,2024,7021,Annual value,SLC,15600.000000,A
95,'340,Honduras,567,'01221,Watermelons,5532,Producer Price (USD/tonne),1991,1991,7021,Annual value,USD,69.400000,A
95,'340,Honduras,567,'01221,Watermelons,5532,Producer Price (USD/tonne),1992,1992,7021,Annual value,USD,114.600000,A
95,'340,Honduras,567,'01221,Watermelons,5532,Producer Price (USD/tonne),1993,1993,7021,Annual value,USD,124.400000,A
95,'340,Honduras,567,'01221,Watermelons,5532,Producer Price (USD/tonne),1994,1994,7021,Annual value,USD,134.400000,A
95,'340,Honduras,567,'01221,Watermelons,5532,Producer Price (USD/tonne),1995,1995,7021,Annual value,USD,151.300000,A
95,'340,Honduras,567,'01221,Watermelons,5532,Producer Price (USD/tonne),1996,1996,7021,Annual value,USD,146.400000,A
95,'340,Honduras,567,'01221,Watermelons,5532,Producer Price (USD/tonne),1997,1997,7021,Annual value,USD,157.600000,A
95,'340,Honduras,567,'01221,Watermelons,5532,Producer Price (USD/tonne),1998,1998,7021,Annual value,USD,168.500000,A
95,'340,Honduras,567,'01221,Watermelons,5532,Producer Price (USD/tonne),1999,1999,7021,Annual value,USD,174.700000,A
95,'340,Honduras,567,'01221,Watermelons,5532,Producer Price (USD/tonne),2000,2000,7021,Annual value,USD,184.100000,A
95,'340,Honduras,567,'01221,Watermelons,5532,Producer Price (USD/tonne),2001,2001,7021,Annual value,USD,194.300000,A
95,'340,Honduras,567,'01221,Watermelons,5532,Producer Price (USD/tonne),2002,2002,7021,Annual value,USD,201.400000,A
95,'340,Honduras,567,'01221,Watermelons,5532,Producer Price (USD/tonne),2003,2003,7021,Annual value,USD,194.200000,A
95,'340,Honduras,567,'01221,Watermelons,5532,Producer Price (USD/tonne),2004,2004,7021,Annual value,USD,188.300000,A
95,'340,Honduras,567,'01221,Watermelons,5532,Producer Price (USD/tonne),2005,2005,7021,Annual value,USD,185.200000,A
95,'340,Honduras,567,'01221,Watermelons,5532,Producer Price (USD/tonne),2006,2006,7021,Annual value,USD,194.100000,A
95,'340,Honduras,567,'01221,Watermelons,5532,Producer Price (USD/tonne),2007,2007,7021,Annual value,USD,174.600000,A
95,'340,Honduras,567,'01221,Watermelons,5532,Producer Price (USD/tonne),2008,2008,7021,Annual value,USD,194.000000,A
95,'340,Honduras,567,'01221,Watermelons,5532,Producer Price (USD/tonne),2022,2022,7021,Annual value,USD,548.100000,A
95,'340,Honduras,567,'01221,Watermelons,5532,Producer Price (USD/tonne),2023,2023,7021,Annual value,USD,573.500000,A
95,'340,Honduras,567,'01221,Watermelons,5532,Producer Price (USD/tonne),2024,2024,7021,Annual value,USD,629.100000,A
95,'340,Honduras,567,'01221,Watermelons,5539,Producer Price Index (2014-2016 = 100),1991,1991,7021,Annual value,,8.170000,E
95,'340,Honduras,567,'01221,Watermelons,5539,Producer Price Index (2014-2016 = 100),1992,1992,7021,Annual value,,13.950000,E
95,'340,Honduras,567,'01221,Watermelons,5539,Producer Price Index (2014-2016 = 100),1993,1993,7021,Annual value,,17.830000,E
95,'340,Honduras,567,'01221,Watermelons,5539,Producer Price Index (2014-2016 = 100),1994,1994,7021,Annual value,,25.030000,E
95,'340,Honduras,567,'01221,Watermelons,5539,Producer Price Index (2014-2016 = 100),1995,1995,7021,Annual value,,31.740000,E
95,'340,Honduras,567,'01221,Watermelons,5539,Producer Price Index (2014-2016 = 100),1996,1996,7021,Annual value,,37.960000,E
95,'340,Honduras,567,'01221,Watermelons,5539,Producer Price Index (2014-2016 = 100),1997,1997,7021,Annual value,,45.400000,E
95,'340,Honduras,567,'01221,Watermelons,5539,Producer Price Index (2014-2016 = 100),1998,1998,7021,Annual value,,49.970000,E
95,'340,Honduras,567,'01221,Watermelons,5539,Producer Price Index (2014-2016 = 100),1999,1999,7021,Annual value,,54.990000,E
95,'340,Honduras,567,'01221,Watermelons,5539,Producer Price Index (2014-2016 = 100),2000,2000,7021,Annual value,,60.510000,E
95,'340,Honduras,567,'01221,Watermelons,5539,Producer Price Index (2014-2016 = 100),2001,2001,7021,Annual value,,66.600000,E
95,'340,Honduras,567,'01221,Watermelons,5539,Producer Price Index (2014-2016 = 100),2002,2002,7021,Annual value,,73.310000,E
95,'340,Honduras,567,'01221,Watermelons,5539,Producer Price Index (2014-2016 = 100),2003,2003,7021,Annual value,,74.620000,E
95,'340,Honduras,567,'01221,Watermelons,5539,Producer Price Index (2014-2016 = 100),2004,2004,7021,Annual value,,75.920000,E
95,'340,Honduras,567,'01221,Watermelons,5539,Producer Price Index (2014-2016 = 100),2005,2005,7021,Annual value,,77.230000,E
95,'340,Honduras,567,'01221,Watermelons,5539,Producer Price Index (2014-2016 = 100),2006,2006,7021,Annual value,,81.220000,E
95,'340,Honduras,567,'01221,Watermelons,5539,Producer Price Index (2014-2016 = 100),2007,2007,7021,Annual value,,73.090000,E
95,'340,Honduras,567,'01221,Watermelons,5539,Producer Price Index (2014-2016 = 100),2008,2008,7021,Annual value,,81.220000,E
95,'340,Honduras,567,'01221,Watermelons,5539,Producer Price Index (2014-2016 = 100),2009,2009,7021,Annual value,,81.230000,E
95,'340,Honduras,567,'01221,Watermelons,5539,Producer Price Index (2014-2016 = 100),2010,2010,7021,Annual value,,88.060000,E
95,'340,Honduras,567,'01221,Watermelons,5539,Producer Price Index (2014-2016 = 100),2011,2011,7021,Annual value,,90.290000,E
95,'340,Honduras,567,'01221,Watermelons,5539,Producer Price Index (2014-2016 = 100),2012,2012,7021,Annual value,,92.720000,E
95,'340,Honduras,567,'01221,Watermelons,5539,Producer Price Index (2014-2016 = 100),2013,2013,7021,Annual value,,95.150000,E
95,'340,Honduras,567,'01221,Watermelons,5539,Producer Price Index (2014-2016 = 100),2014,2014,7021,Annual value,,97.570000,E
95,'340,Honduras,567,'01221,Watermelons,5539,Producer Price Index (2014-2016 = 100),2015,2015,7021,Annual value,,100.000000,E
95,'340,Honduras,567,'01221,Watermelons,5539,Producer Price Index (2014-2016 = 100),2016,2016,7021,Annual value,,102.430000,E
95,'340,Honduras,567,'01221,Watermelons,5539,Producer Price Index (2014-2016 = 100),2017,2017,7021,Annual value,,104.850000,E
95,'340,Honduras,567,'01221,Watermelons,5539,Producer Price Index (2014-2016 = 100),2018,2018,7021,Annual value,,107.280000,E
95,'340,Honduras,567,'01221,Watermelons,5539,Producer Price Index (2014-2016 = 100),2019,2019,7021,Annual value,,109.710000,E
95,'340,Honduras,567,'01221,Watermelons,5539,Producer Price Index (2014-2016 = 100),2020,2020,7021,Annual value,,176.370000,E
95,'340,Honduras,567,'01221,Watermelons,5539,Producer Price Index (2014-2016 = 100),2021,2021,7021,Annual value,,230.980000,E
95,'340,Honduras,567,'01221,Watermelons,5539,Producer Price Index (2014-2016 = 100),2022,2022,7021,Annual value,,297.230000,E
95,'340,Honduras,567,'01221,Watermelons,5539,Producer Price Index (2014-2016 = 100),2023,2023,7021,Annual value,,312.510000,E
95,'340,Honduras,567,'01221,Watermelons,5539,Producer Price Index (2014-2016 = 100),2024,2024,7021,Annual value,,345.510000,E
95,'340,Honduras,567,'01221,Watermelons,5539,Producer Price Index (2014-2016 = 100),2025,2025,7021,Annual value,,390.020000,E
95,'340,Honduras,15,'0111,Wheat,5539,Producer Price Index (2014-2016 = 100),1991,1991,7021,Annual value,,29.680000,E
95,'340,Honduras,15,'0111,Wheat,5539,Producer Price Index (2014-2016 = 100),1992,1992,7021,Annual value,,34.090000,E
95,'340,Honduras,15,'0111,Wheat,5539,Producer Price Index (2014-2016 = 100),1993,1993,7021,Annual value,,37.530000,E
95,'340,Honduras,15,'0111,Wheat,5539,Producer Price Index (2014-2016 = 100),1994,1994,7021,Annual value,,61.960000,E
95,'340,Honduras,15,'0111,Wheat,5539,Producer Price Index (2014-2016 = 100),1995,1995,7021,Annual value,,63.190000,E
95,'340,Honduras,15,'0111,Wheat,5539,Producer Price Index (2014-2016 = 100),1996,1996,7021,Annual value,,100.110000,E
95,'340,Honduras,15,'0111,Wheat,5539,Producer Price Index (2014-2016 = 100),1997,1997,7021,Annual value,,110.340000,E
95,'340,Honduras,15,'0111,Wheat,5539,Producer Price Index (2014-2016 = 100),1998,1998,7021,Annual value,,105.400000,E
95,'340,Honduras,15,'0111,Wheat,5539,Producer Price Index (2014-2016 = 100),1999,1999,7021,Annual value,,109.590000,E
95,'340,Honduras,15,'0111,Wheat,5539,Producer Price Index (2014-2016 = 100),2000,2000,7021,Annual value,,121.540000,E
95,'340,Honduras,15,'0111,Wheat,5539,Producer Price Index (2014-2016 = 100),2001,2001,7021,Annual value,,142.930000,E
95,'340,Honduras,15,'0111,Wheat,5539,Producer Price Index (2014-2016 = 100),2002,2002,7021,Annual value,,93.930000,E
95,'340,Honduras,15,'0111,Wheat,5539,Producer Price Index (2014-2016 = 100),2003,2003,7021,Annual value,,92.040000,E
95,'340,Honduras,15,'0111,Wheat,5539,Producer Price Index (2014-2016 = 100),2004,2004,7021,Annual value,,92.600000,E
95,'340,Honduras,15,'0111,Wheat,5539,Producer Price Index (2014-2016 = 100),2005,2005,7021,Annual value,,92.850000,E
95,'340,Honduras,15,'0111,Wheat,5539,Producer Price Index (2014-2016 = 100),2006,2006,7021,Annual value,,93.970000,E
95,'340,Honduras,15,'0111,Wheat,5539,Producer Price Index (2014-2016 = 100),2007,2007,7021,Annual value,,101.270000,E
95,'340,Honduras,15,'0111,Wheat,5539,Producer Price Index (2014-2016 = 100),2008,2008,7021,Annual value,,113.820000,E
95,'340,Honduras,15,'0111,Wheat,5539,Producer Price Index (2014-2016 = 100),2009,2009,7021,Annual value,,118.330000,E
95,'340,Honduras,15,'0111,Wheat,5539,Producer Price Index (2014-2016 = 100),2010,2010,7021,Annual value,,107.300000,E
95,'340,Honduras,15,'0111,Wheat,5539,Producer Price Index (2014-2016 = 100),2011,2011,7021,Annual value,,103.160000,E
95,'340,Honduras,15,'0111,Wheat,5539,Producer Price Index (2014-2016 = 100),2012,2012,7021,Annual value,,102.370000,E
95,'340,Honduras,15,'0111,Wheat,5539,Producer Price Index (2014-2016 = 100),2013,2013,7021,Annual value,,101.580000,E
95,'340,Honduras,15,'0111,Wheat,5539,Producer Price Index (2014-2016 = 100),2014,2014,7021,Annual value,,100.790000,E
95,'340,Honduras,15,'0111,Wheat,5539,Producer Price Index (2014-2016 = 100),2015,2015,7021,Annual value,,100.000000,E
95,'340,Honduras,15,'0111,Wheat,5539,Producer Price Index (2014-2016 = 100),2016,2016,7021,Annual value,,99.210000,E
95,'340,Honduras,15,'0111,Wheat,5539,Producer Price Index (2014-2016 = 100),2017,2017,7021,Annual value,,98.420000,E
95,'340,Honduras,15,'0111,Wheat,5539,Producer Price Index (2014-2016 = 100),2018,2018,7021,Annual value,,97.630000,E
95,'340,Honduras,15,'0111,Wheat,5539,Producer Price Index (2014-2016 = 100),2019,2019,7021,Annual value,,96.840000,E
95,'340,Honduras,15,'0111,Wheat,5539,Producer Price Index (2014-2016 = 100),2020,2020,7021,Annual value,,96.080000,E
95,'340,Honduras,15,'0111,Wheat,5539,Producer Price Index (2014-2016 = 100),2021,2021,7021,Annual value,,99.970000,E
95,'340,Honduras,15,'0111,Wheat,5539,Producer Price Index (2014-2016 = 100),2022,2022,7021,Annual value,,100.260000,E
95,'340,Honduras,15,'0111,Wheat,5539,Producer Price Index (2014-2016 = 100),2023,2023,7021,Annual value,,100.110000,E
95,'340,Honduras,15,'0111,Wheat,5539,Producer Price Index (2014-2016 = 100),2024,2024,7021,Annual value,,99.950000,E
95,'340,Honduras,15,'0111,Wheat,5539,Producer Price Index (2014-2016 = 100),2025,2025,7021,Annual value,,99.790000,E
95,'340,Honduras,2051,'F2051,Agriculture,5539,Producer Price Index (2014-2016 = 100),1991,1991,7021,Annual value,,12.140000,E
95,'340,Honduras,2051,'F2051,Agriculture,5539,Producer Price Index (2014-2016 = 100),1992,1992,7021,Annual value,,12.700000,E
95,'340,Honduras,2051,'F2051,Agriculture,5539,Producer Price Index (2014-2016 = 100),1993,1993,7021,Annual value,,16.050000,E
95,'340,Honduras,2051,'F2051,Agriculture,5539,Producer Price Index (2014-2016 = 100),1994,1994,7021,Annual value,,26.680000,E
95,'340,Honduras,2051,'F2051,Agriculture,5539,Producer Price Index (2014-2016 = 100),1995,1995,7021,Annual value,,27.930000,E
95,'340,Honduras,2051,'F2051,Agriculture,5539,Producer Price Index (2014-2016 = 100),1996,1996,7021,Annual value,,38.100000,E
95,'340,Honduras,2051,'F2051,Agriculture,5539,Producer Price Index (2014-2016 = 100),1997,1997,7021,Annual value,,45.040000,E
95,'340,Honduras,2051,'F2051,Agriculture,5539,Producer Price Index (2014-2016 = 100),1998,1998,7021,Annual value,,41.270000,E
95,'340,Honduras,2051,'F2051,Agriculture,5539,Producer Price Index (2014-2016 = 100),1999,1999,7021,Annual value,,41.140000,E
95,'340,Honduras,2051,'F2051,Agriculture,5539,Producer Price Index (2014-2016 = 100),2000,2000,7021,Annual value,,44.950000,E
95,'340,Honduras,2051,'F2051,Agriculture,5539,Producer Price Index (2014-2016 = 100),2001,2001,7021,Annual value,,48.940000,E
95,'340,Honduras,2051,'F2051,Agriculture,5539,Producer Price Index (2014-2016 = 100),2002,2002,7021,Annual value,,43.610000,E
95,'340,Honduras,2051,'F2051,Agriculture,5539,Producer Price Index (2014-2016 = 100),2003,2003,7021,Annual value,,46.600000,E
95,'340,Honduras,2051,'F2051,Agriculture,5539,Producer Price Index (2014-2016 = 100),2004,2004,7021,Annual value,,55.000000,E
95,'340,Honduras,2051,'F2051,Agriculture,5539,Producer Price Index (2014-2016 = 100),2005,2005,7021,Annual value,,62.630000,E
95,'340,Honduras,2051,'F2051,Agriculture,5539,Producer Price Index (2014-2016 = 100),2006,2006,7021,Annual value,,70.100000,E
95,'340,Honduras,2051,'F2051,Agriculture,5539,Producer Price Index (2014-2016 = 100),2007,2007,7021,Annual value,,79.150000,E
95,'340,Honduras,2051,'F2051,Agriculture,5539,Producer Price Index (2014-2016 = 100),2008,2008,7021,Annual value,,82.850000,E
95,'340,Honduras,2051,'F2051,Agriculture,5539,Producer Price Index (2014-2016 = 100),2009,2009,7021,Annual value,,85.960000,E
95,'340,Honduras,2051,'F2051,Agriculture,5539,Producer Price Index (2014-2016 = 100),2010,2010,7021,Annual value,,88.320000,E
95,'340,Honduras,2051,'F2051,Agriculture,5539,Producer Price Index (2014-2016 = 100),2011,2011,7021,Annual value,,88.100000,E
95,'340,Honduras,2051,'F2051,Agriculture,5539,Producer Price Index (2014-2016 = 100),2012,2012,7021,Annual value,,91.080000,E
95,'340,Honduras,2051,'F2051,Agriculture,5539,Producer Price Index (2014-2016 = 100),2013,2013,7021,Annual value,,94.060000,E
95,'340,Honduras,2051,'F2051,Agriculture,5539,Producer Price Index (2014-2016 = 100),2014,2014,7021,Annual value,,97.030000,E
95,'340,Honduras,2051,'F2051,Agriculture,5539,Producer Price Index (2014-2016 = 100),2015,2015,7021,Annual value,,100.000000,E
95,'340,Honduras,2051,'F2051,Agriculture,5539,Producer Price Index (2014-2016 = 100),2016,2016,7021,Annual value,,102.970000,E
95,'340,Honduras,2051,'F2051,Agriculture,5539,Producer Price Index (2014-2016 = 100),2017,2017,7021,Annual value,,105.940000,E
95,'340,Honduras,2051,'F2051,Agriculture,5539,Producer Price Index (2014-2016 = 100),2018,2018,7021,Annual value,,108.910000,E
95,'340,Honduras,2051,'F2051,Agriculture,5539,Producer Price Index (2014-2016 = 100),2019,2019,7021,Annual value,,111.880000,E
95,'340,Honduras,2051,'F2051,Agriculture,5539,Producer Price Index (2014-2016 = 100),2020,2020,7021,Annual value,,131.300000,E
95,'340,Honduras,2051,'F2051,Agriculture,5539,Producer Price Index (2014-2016 = 100),2021,2021,7021,Annual value,,147.890000,E
95,'340,Honduras,2051,'F2051,Agriculture,5539,Producer Price Index (2014-2016 = 100),2022,2022,7021,Annual value,,173.990000,E
95,'340,Honduras,2051,'F2051,Agriculture,5539,Producer Price Index (2014-2016 = 100),2023,2023,7021,Annual value,,161.010000,E
95,'340,Honduras,2051,'F2051,Agriculture,5539,Producer Price Index (2014-2016 = 100),2024,2024,7021,Annual value,,163.470000,E
95,'340,Honduras,2051,'F2051,Agriculture,5539,Producer Price Index (2014-2016 = 100),2025,2025,7021,Annual value,,177.970000,E
95,'340,Honduras,1717,'F1717,"Cereals, primary",5539,Producer Price Index (2014-2016 = 100),1991,1991,7021,Annual value,,11.110000,E
95,'340,Honduras,1717,'F1717,"Cereals, primary",5539,Producer Price Index (2014-2016 = 100),1992,1992,7021,Annual value,,12.020000,E
95,'340,Honduras,1717,'F1717,"Cereals, primary",5539,Producer Price Index (2014-2016 = 100),1993,1993,7021,Annual value,,13.340000,E
95,'340,Honduras,1717,'F1717,"Cereals, primary",5539,Producer Price Index (2014-2016 = 100),1994,1994,7021,Annual value,,21.260000,E
95,'340,Honduras,1717,'F1717,"Cereals, primary",5539,Producer Price Index (2014-2016 = 100),1995,1995,7021,Annual value,,21.950000,E
95,'340,Honduras,1717,'F1717,"Cereals, primary",5539,Producer Price Index (2014-2016 = 100),1996,1996,7021,Annual value,,34.570000,E
95,'340,Honduras,1717,'F1717,"Cereals, primary",5539,Producer Price Index (2014-2016 = 100),1997,1997,7021,Annual value,,38.160000,E
95,'340,Honduras,1717,'F1717,"Cereals, primary",5539,Producer Price Index (2014-2016 = 100),1998,1998,7021,Annual value,,36.740000,E
95,'340,Honduras,1717,'F1717,"Cereals, primary",5539,Producer Price Index (2014-2016 = 100),1999,1999,7021,Annual value,,38.490000,E
95,'340,Honduras,1717,'F1717,"Cereals, primary",5539,Producer Price Index (2014-2016 = 100),2000,2000,7021,Annual value,,42.510000,E
95,'340,Honduras,1717,'F1717,"Cereals, primary",5539,Producer Price Index (2014-2016 = 100),2001,2001,7021,Annual value,,49.620000,E
95,'340,Honduras,1717,'F1717,"Cereals, primary",5539,Producer Price Index (2014-2016 = 100),2002,2002,7021,Annual value,,50.890000,E
95,'340,Honduras,1717,'F1717,"Cereals, primary",5539,Producer Price Index (2014-2016 = 100),2003,2003,7021,Annual value,,51.220000,E
95,'340,Honduras,1717,'F1717,"Cereals, primary",5539,Producer Price Index (2014-2016 = 100),2004,2004,7021,Annual value,,51.760000,E
95,'340,Honduras,1717,'F1717,"Cereals, primary",5539,Producer Price Index (2014-2016 = 100),2005,2005,7021,Annual value,,52.540000,E
95,'340,Honduras,1717,'F1717,"Cereals, primary",5539,Producer Price Index (2014-2016 = 100),2006,2006,7021,Annual value,,60.730000,E
95,'340,Honduras,1717,'F1717,"Cereals, primary",5539,Producer Price Index (2014-2016 = 100),2007,2007,7021,Annual value,,83.660000,E
95,'340,Honduras,1717,'F1717,"Cereals, primary",5539,Producer Price Index (2014-2016 = 100),2008,2008,7021,Annual value,,83.700000,E
95,'340,Honduras,1717,'F1717,"Cereals, primary",5539,Producer Price Index (2014-2016 = 100),2009,2009,7021,Annual value,,87.070000,E
95,'340,Honduras,1717,'F1717,"Cereals, primary",5539,Producer Price Index (2014-2016 = 100),2010,2010,7021,Annual value,,90.370000,E
95,'340,Honduras,1717,'F1717,"Cereals, primary",5539,Producer Price Index (2014-2016 = 100),2011,2011,7021,Annual value,,87.470000,E
95,'340,Honduras,1717,'F1717,"Cereals, primary",5539,Producer Price Index (2014-2016 = 100),2012,2012,7021,Annual value,,90.650000,E
95,'340,Honduras,1717,'F1717,"Cereals, primary",5539,Producer Price Index (2014-2016 = 100),2013,2013,7021,Annual value,,93.790000,E
95,'340,Honduras,1717,'F1717,"Cereals, primary",5539,Producer Price Index (2014-2016 = 100),2014,2014,7021,Annual value,,96.900000,E
95,'340,Honduras,1717,'F1717,"Cereals, primary",5539,Producer Price Index (2014-2016 = 100),2015,2015,7021,Annual value,,100.000000,E
95,'340,Honduras,1717,'F1717,"Cereals, primary",5539,Producer Price Index (2014-2016 = 100),2016,2016,7021,Annual value,,103.090000,E
95,'340,Honduras,1717,'F1717,"Cereals, primary",5539,Producer Price Index (2014-2016 = 100),2017,2017,7021,Annual value,,106.180000,E
95,'340,Honduras,1717,'F1717,"Cereals, primary",5539,Producer Price Index (2014-2016 = 100),2018,2018,7021,Annual value,,109.260000,E
95,'340,Honduras,1717,'F1717,"Cereals, primary",5539,Producer Price Index (2014-2016 = 100),2019,2019,7021,Annual value,,112.340000,E
95,'340,Honduras,1717,'F1717,"Cereals, primary",5539,Producer Price Index (2014-2016 = 100),2020,2020,7021,Annual value,,132.960000,E
95,'340,Honduras,1717,'F1717,"Cereals, primary",5539,Producer Price Index (2014-2016 = 100),2021,2021,7021,Annual value,,155.260000,E
95,'340,Honduras,1717,'F1717,"Cereals, primary",5539,Producer Price Index (2014-2016 = 100),2022,2022,7021,Annual value,,178.490000,E
95,'340,Honduras,1717,'F1717,"Cereals, primary",5539,Producer Price Index (2014-2016 = 100),2023,2023,7021,Annual value,,167.200000,E
95,'340,Honduras,1717,'F1717,"Cereals, primary",5539,Producer Price Index (2014-2016 = 100),2024,2024,7021,Annual value,,155.180000,E
95,'340,Honduras,1717,'F1717,"Cereals, primary",5539,Producer Price Index (2014-2016 = 100),2025,2025,7021,Annual value,,143.260000,E
95,'340,Honduras,1804,'F1804,"Citrus Fruit, Total",5539,Producer Price Index (2014-2016 = 100),1991,1991,7021,Annual value,,5.850000,E
95,'340,Honduras,1804,'F1804,"Citrus Fruit, Total",5539,Producer Price Index (2014-2016 = 100),1992,1992,7021,Annual value,,6.480000,E
95,'340,Honduras,1804,'F1804,"Citrus Fruit, Total",5539,Producer Price Index (2014-2016 = 100),1993,1993,7021,Annual value,,7.530000,E
95,'340,Honduras,1804,'F1804,"Citrus Fruit, Total",5539,Producer Price Index (2014-2016 = 100),1994,1994,7021,Annual value,,9.480000,E
95,'340,Honduras,1804,'F1804,"Citrus Fruit, Total",5539,Producer Price Index (2014-2016 = 100),1995,1995,7021,Annual value,,9.910000,E
95,'340,Honduras,1804,'F1804,"Citrus Fruit, Total",5539,Producer Price Index (2014-2016 = 100),1996,1996,7021,Annual value,,11.390000,E
95,'340,Honduras,1804,'F1804,"Citrus Fruit, Total",5539,Producer Price Index (2014-2016 = 100),1997,1997,7021,Annual value,,11.410000,E
95,'340,Honduras,1804,'F1804,"Citrus Fruit, Total",5539,Producer Price Index (2014-2016 = 100),1998,1998,7021,Annual value,,11.510000,E
95,'340,Honduras,1804,'F1804,"Citrus Fruit, Total",5539,Producer Price Index (2014-2016 = 100),1999,1999,7021,Annual value,,11.710000,E
95,'340,Honduras,1804,'F1804,"Citrus Fruit, Total",5539,Producer Price Index (2014-2016 = 100),2000,2000,7021,Annual value,,11.720000,E
95,'340,Honduras,1804,'F1804,"Citrus Fruit, Total",5539,Producer Price Index (2014-2016 = 100),2001,2001,7021,Annual value,,11.860000,E
95,'340,Honduras,1804,'F1804,"Citrus Fruit, Total",5539,Producer Price Index (2014-2016 = 100),2002,2002,7021,Annual value,,12.020000,E
95,'340,Honduras,1804,'F1804,"Citrus Fruit, Total",5539,Producer Price Index (2014-2016 = 100),2003,2003,7021,Annual value,,21.790000,E
95,'340,Honduras,1804,'F1804,"Citrus Fruit, Total",5539,Producer Price Index (2014-2016 = 100),2004,2004,7021,Annual value,,28.260000,E
95,'340,Honduras,1804,'F1804,"Citrus Fruit, Total",5539,Producer Price Index (2014-2016 = 100),2005,2005,7021,Annual value,,38.910000,E
95,'340,Honduras,1804,'F1804,"Citrus Fruit, Total",5539,Producer Price Index (2014-2016 = 100),2006,2006,7021,Annual value,,49.770000,E
95,'340,Honduras,1804,'F1804,"Citrus Fruit, Total",5539,Producer Price Index (2014-2016 = 100),2007,2007,7021,Annual value,,64.410000,E
95,'340,Honduras,1804,'F1804,"Citrus Fruit, Total",5539,Producer Price Index (2014-2016 = 100),2008,2008,7021,Annual value,,62.050000,E
95,'340,Honduras,1804,'F1804,"Citrus Fruit, Total",5539,Producer Price Index (2014-2016 = 100),2009,2009,7021,Annual value,,65.190000,E
95,'340,Honduras,1804,'F1804,"Citrus Fruit, Total",5539,Producer Price Index (2014-2016 = 100),2010,2010,7021,Annual value,,71.830000,E
95,'340,Honduras,1804,'F1804,"Citrus Fruit, Total",5539,Producer Price Index (2014-2016 = 100),2011,2011,7021,Annual value,,77.080000,E
95,'340,Honduras,1804,'F1804,"Citrus Fruit, Total",5539,Producer Price Index (2014-2016 = 100),2012,2012,7021,Annual value,,82.810000,E
95,'340,Honduras,1804,'F1804,"Citrus Fruit, Total",5539,Producer Price Index (2014-2016 = 100),2013,2013,7021,Annual value,,88.540000,E
95,'340,Honduras,1804,'F1804,"Citrus Fruit, Total",5539,Producer Price Index (2014-2016 = 100),2014,2014,7021,Annual value,,94.270000,E
95,'340,Honduras,1804,'F1804,"Citrus Fruit, Total",5539,Producer Price Index (2014-2016 = 100),2015,2015,7021,Annual value,,100.000000,E
95,'340,Honduras,1804,'F1804,"Citrus Fruit, Total",5539,Producer Price Index (2014-2016 = 100),2016,2016,7021,Annual value,,105.730000,E
95,'340,Honduras,1804,'F1804,"Citrus Fruit, Total",5539,Producer Price Index (2014-2016 = 100),2017,2017,7021,Annual value,,111.460000,E
95,'340,Honduras,1804,'F1804,"Citrus Fruit, Total",5539,Producer Price Index (2014-2016 = 100),2018,2018,7021,Annual value,,117.190000,E
95,'340,Honduras,1804,'F1804,"Citrus Fruit, Total",5539,Producer Price Index (2014-2016 = 100),2019,2019,7021,Annual value,,122.920000,E
95,'340,Honduras,1804,'F1804,"Citrus Fruit, Total",5539,Producer Price Index (2014-2016 = 100),2020,2020,7021,Annual value,,128.190000,E
95,'340,Honduras,1804,'F1804,"Citrus Fruit, Total",5539,Producer Price Index (2014-2016 = 100),2021,2021,7021,Annual value,,135.890000,E
95,'340,Honduras,1804,'F1804,"Citrus Fruit, Total",5539,Producer Price Index (2014-2016 = 100),2022,2022,7021,Annual value,,136.380000,E
95,'340,Honduras,1804,'F1804,"Citrus Fruit, Total",5539,Producer Price Index (2014-2016 = 100),2023,2023,7021,Annual value,,141.070000,E
95,'340,Honduras,1804,'F1804,"Citrus Fruit, Total",5539,Producer Price Index (2014-2016 = 100),2024,2024,7021,Annual value,,145.750000,E
95,'340,Honduras,1804,'F1804,"Citrus Fruit, Total",5539,Producer Price Index (2014-2016 = 100),2025,2025,7021,Annual value,,150.430000,E
95,'340,Honduras,1814,'F1814,"Coarse Grain, Total",5539,Producer Price Index (2014-2016 = 100),1991,1991,7021,Annual value,,10.700000,E
95,'340,Honduras,1814,'F1814,"Coarse Grain, Total",5539,Producer Price Index (2014-2016 = 100),1992,1992,7021,Annual value,,12.260000,E
95,'340,Honduras,1814,'F1814,"Coarse Grain, Total",5539,Producer Price Index (2014-2016 = 100),1993,1993,7021,Annual value,,13.500000,E
95,'340,Honduras,1814,'F1814,"Coarse Grain, Total",5539,Producer Price Index (2014-2016 = 100),1994,1994,7021,Annual value,,22.260000,E
95,'340,Honduras,1814,'F1814,"Coarse Grain, Total",5539,Producer Price Index (2014-2016 = 100),1995,1995,7021,Annual value,,22.730000,E
95,'340,Honduras,1814,'F1814,"Coarse Grain, Total",5539,Producer Price Index (2014-2016 = 100),1996,1996,7021,Annual value,,36.130000,E
95,'340,Honduras,1814,'F1814,"Coarse Grain, Total",5539,Producer Price Index (2014-2016 = 100),1997,1997,7021,Annual value,,39.830000,E
95,'340,Honduras,1814,'F1814,"Coarse Grain, Total",5539,Producer Price Index (2014-2016 = 100),1998,1998,7021,Annual value,,38.030000,E
95,'340,Honduras,1814,'F1814,"Coarse Grain, Total",5539,Producer Price Index (2014-2016 = 100),1999,1999,7021,Annual value,,39.540000,E
95,'340,Honduras,1814,'F1814,"Coarse Grain, Total",5539,Producer Price Index (2014-2016 = 100),2000,2000,7021,Annual value,,43.830000,E
95,'340,Honduras,1814,'F1814,"Coarse Grain, Total",5539,Producer Price Index (2014-2016 = 100),2001,2001,7021,Annual value,,51.250000,E
95,'340,Honduras,1814,'F1814,"Coarse Grain, Total",5539,Producer Price Index (2014-2016 = 100),2002,2002,7021,Annual value,,51.980000,E
95,'340,Honduras,1814,'F1814,"Coarse Grain, Total",5539,Producer Price Index (2014-2016 = 100),2003,2003,7021,Annual value,,52.110000,E
95,'340,Honduras,1814,'F1814,"Coarse Grain, Total",5539,Producer Price Index (2014-2016 = 100),2004,2004,7021,Annual value,,52.410000,E
95,'340,Honduras,1814,'F1814,"Coarse Grain, Total",5539,Producer Price Index (2014-2016 = 100),2005,2005,7021,Annual value,,52.590000,E
95,'340,Honduras,1814,'F1814,"Coarse Grain, Total",5539,Producer Price Index (2014-2016 = 100),2006,2006,7021,Annual value,,61.320000,E
95,'340,Honduras,1814,'F1814,"Coarse Grain, Total",5539,Producer Price Index (2014-2016 = 100),2007,2007,7021,Annual value,,86.260000,E
95,'340,Honduras,1814,'F1814,"Coarse Grain, Total",5539,Producer Price Index (2014-2016 = 100),2008,2008,7021,Annual value,,84.400000,E
95,'340,Honduras,1814,'F1814,"Coarse Grain, Total",5539,Producer Price Index (2014-2016 = 100),2009,2009,7021,Annual value,,86.370000,E
95,'340,Honduras,1814,'F1814,"Coarse Grain, Total",5539,Producer Price Index (2014-2016 = 100),2010,2010,7021,Annual value,,90.490000,E
95,'340,Honduras,1814,'F1814,"Coarse Grain, Total",5539,Producer Price Index (2014-2016 = 100),2011,2011,7021,Annual value,,88.210000,E
95,'340,Honduras,1814,'F1814,"Coarse Grain, Total",5539,Producer Price Index (2014-2016 = 100),2012,2012,7021,Annual value,,91.220000,E
95,'340,Honduras,1814,'F1814,"Coarse Grain, Total",5539,Producer Price Index (2014-2016 = 100),2013,2013,7021,Annual value,,94.170000,E
95,'340,Honduras,1814,'F1814,"Coarse Grain, Total",5539,Producer Price Index (2014-2016 = 100),2014,2014,7021,Annual value,,97.100000,E
95,'340,Honduras,1814,'F1814,"Coarse Grain, Total",5539,Producer Price Index (2014-2016 = 100),2015,2015,7021,Annual value,,100.000000,E
95,'340,Honduras,1814,'F1814,"Coarse Grain, Total",5539,Producer Price Index (2014-2016 = 100),2016,2016,7021,Annual value,,102.900000,E
95,'340,Honduras,1814,'F1814,"Coarse Grain, Total",5539,Producer Price Index (2014-2016 = 100),2017,2017,7021,Annual value,,105.790000,E
95,'340,Honduras,1814,'F1814,"Coarse Grain, Total",5539,Producer Price Index (2014-2016 = 100),2018,2018,7021,Annual value,,108.680000,E
95,'340,Honduras,1814,'F1814,"Coarse Grain, Total",5539,Producer Price Index (2014-2016 = 100),2019,2019,7021,Annual value,,111.560000,E
95,'340,Honduras,1814,'F1814,"Coarse Grain, Total",5539,Producer Price Index (2014-2016 = 100),2020,2020,7021,Annual value,,134.700000,E
95,'340,Honduras,1814,'F1814,"Coarse Grain, Total",5539,Producer Price Index (2014-2016 = 100),2021,2021,7021,Annual value,,159.910000,E
95,'340,Honduras,1814,'F1814,"Coarse Grain, Total",5539,Producer Price Index (2014-2016 = 100),2022,2022,7021,Annual value,,186.800000,E
95,'340,Honduras,1814,'F1814,"Coarse Grain, Total",5539,Producer Price Index (2014-2016 = 100),2023,2023,7021,Annual value,,173.510000,E
95,'340,Honduras,1814,'F1814,"Coarse Grain, Total",5539,Producer Price Index (2014-2016 = 100),2024,2024,7021,Annual value,,159.380000,E
95,'340,Honduras,1814,'F1814,"Coarse Grain, Total",5539,Producer Price Index (2014-2016 = 100),2025,2025,7021,Annual value,,145.360000,E
95,'340,Honduras,1783,'F1783,Eggs Primary,5539,Producer Price Index (2014-2016 = 100),1991,1991,7021,Annual value,,9.100000,E
95,'340,Honduras,1783,'F1783,Eggs Primary,5539,Producer Price Index (2014-2016 = 100),1992,1992,7021,Annual value,,8.720000,E
95,'340,Honduras,1783,'F1783,Eggs Primary,5539,Producer Price Index (2014-2016 = 100),1993,1993,7021,Annual value,,51.990000,E
95,'340,Honduras,1783,'F1783,Eggs Primary,5539,Producer Price Index (2014-2016 = 100),1994,1994,7021,Annual value,,43.680000,E
95,'340,Honduras,1783,'F1783,Eggs Primary,5539,Producer Price Index (2014-2016 = 100),1995,1995,7021,Annual value,,43.680000,E
95,'340,Honduras,1783,'F1783,Eggs Primary,5539,Producer Price Index (2014-2016 = 100),1996,1996,7021,Annual value,,64.170000,E
95,'340,Honduras,1783,'F1783,Eggs Primary,5539,Producer Price Index (2014-2016 = 100),1997,1997,7021,Annual value,,66.900000,E
95,'340,Honduras,1783,'F1783,Eggs Primary,5539,Producer Price Index (2014-2016 = 100),1998,1998,7021,Annual value,,68.260000,E
95,'340,Honduras,1783,'F1783,Eggs Primary,5539,Producer Price Index (2014-2016 = 100),1999,1999,7021,Annual value,,72.060000,E
95,'340,Honduras,1783,'F1783,Eggs Primary,5539,Producer Price Index (2014-2016 = 100),2000,2000,7021,Annual value,,75.850000,E
95,'340,Honduras,1783,'F1783,Eggs Primary,5539,Producer Price Index (2014-2016 = 100),2001,2001,7021,Annual value,,77.750000,E
95,'340,Honduras,1783,'F1783,Eggs Primary,5539,Producer Price Index (2014-2016 = 100),2002,2002,7021,Annual value,,79.640000,E
95,'340,Honduras,1783,'F1783,Eggs Primary,5539,Producer Price Index (2014-2016 = 100),2003,2003,7021,Annual value,,81.540000,E
95,'340,Honduras,1783,'F1783,Eggs Primary,5539,Producer Price Index (2014-2016 = 100),2004,2004,7021,Annual value,,85.330000,E
95,'340,Honduras,1783,'F1783,Eggs Primary,5539,Producer Price Index (2014-2016 = 100),2005,2005,7021,Annual value,,87.230000,E
95,'340,Honduras,1783,'F1783,Eggs Primary,5539,Producer Price Index (2014-2016 = 100),2006,2006,7021,Annual value,,92.920000,E
95,'340,Honduras,1783,'F1783,Eggs Primary,5539,Producer Price Index (2014-2016 = 100),2007,2007,7021,Annual value,,94.810000,E
95,'340,Honduras,1783,'F1783,Eggs Primary,5539,Producer Price Index (2014-2016 = 100),2008,2008,7021,Annual value,,85.330000,E
95,'340,Honduras,1783,'F1783,Eggs Primary,5539,Producer Price Index (2014-2016 = 100),2009,2009,7021,Annual value,,89.820000,E
95,'340,Honduras,1783,'F1783,Eggs Primary,5539,Producer Price Index (2014-2016 = 100),2010,2010,7021,Annual value,,95.230000,E
95,'340,Honduras,1783,'F1783,Eggs Primary,5539,Producer Price Index (2014-2016 = 100),2011,2011,7021,Annual value,,94.410000,E
95,'340,Honduras,1783,'F1783,Eggs Primary,5539,Producer Price Index (2014-2016 = 100),2012,2012,7021,Annual value,,95.810000,E
95,'340,Honduras,1783,'F1783,Eggs Primary,5539,Producer Price Index (2014-2016 = 100),2013,2013,7021,Annual value,,97.210000,E
95,'340,Honduras,1783,'F1783,Eggs Primary,5539,Producer Price Index (2014-2016 = 100),2014,2014,7021,Annual value,,98.600000,E
95,'340,Honduras,1783,'F1783,Eggs Primary,5539,Producer Price Index (2014-2016 = 100),2015,2015,7021,Annual value,,100.000000,E
95,'340,Honduras,1783,'F1783,Eggs Primary,5539,Producer Price Index (2014-2016 = 100),2016,2016,7021,Annual value,,101.400000,E
95,'340,Honduras,1783,'F1783,Eggs Primary,5539,Producer Price Index (2014-2016 = 100),2017,2017,7021,Annual value,,102.790000,E
95,'340,Honduras,1783,'F1783,Eggs Primary,5539,Producer Price Index (2014-2016 = 100),2018,2018,7021,Annual value,,104.190000,E
95,'340,Honduras,1783,'F1783,Eggs Primary,5539,Producer Price Index (2014-2016 = 100),2019,2019,7021,Annual value,,105.590000,E
95,'340,Honduras,1783,'F1783,Eggs Primary,5539,Producer Price Index (2014-2016 = 100),2020,2020,7021,Annual value,,93.910000,E
95,'340,Honduras,1783,'F1783,Eggs Primary,5539,Producer Price Index (2014-2016 = 100),2021,2021,7021,Annual value,,86.460000,E
95,'340,Honduras,1783,'F1783,Eggs Primary,5539,Producer Price Index (2014-2016 = 100),2022,2022,7021,Annual value,,74.970000,E
95,'340,Honduras,1783,'F1783,Eggs Primary,5539,Producer Price Index (2014-2016 = 100),2023,2023,7021,Annual value,,81.050000,E
95,'340,Honduras,1783,'F1783,Eggs Primary,5539,Producer Price Index (2014-2016 = 100),2024,2024,7021,Annual value,,68.760000,E
95,'340,Honduras,1783,'F1783,Eggs Primary,5539,Producer Price Index (2014-2016 = 100),2025,2025,7021,Annual value,,56.660000,E
95,'340,Honduras,1753,'F1753,Fibre Crops Primary,5539,Producer Price Index (2014-2016 = 100),1991,1991,7021,Annual value,,13.540000,E
95,'340,Honduras,1753,'F1753,Fibre Crops Primary,5539,Producer Price Index (2014-2016 = 100),1992,1992,7021,Annual value,,15.480000,E
95,'340,Honduras,1753,'F1753,Fibre Crops Primary,5539,Producer Price Index (2014-2016 = 100),1993,1993,7021,Annual value,,17.730000,E
95,'340,Honduras,1753,'F1753,Fibre Crops Primary,5539,Producer Price Index (2014-2016 = 100),1994,1994,7021,Annual value,,23.460000,E
95,'340,Honduras,1753,'F1753,Fibre Crops Primary,5539,Producer Price Index (2014-2016 = 100),1995,1995,7021,Annual value,,24.070000,E
95,'340,Honduras,1753,'F1753,Fibre Crops Primary,5539,Producer Price Index (2014-2016 = 100),1996,1996,7021,Annual value,,24.830000,E
95,'340,Honduras,1753,'F1753,Fibre Crops Primary,5539,Producer Price Index (2014-2016 = 100),1997,1997,7021,Annual value,,29.310000,E
95,'340,Honduras,1753,'F1753,Fibre Crops Primary,5539,Producer Price Index (2014-2016 = 100),1998,1998,7021,Annual value,,32.470000,E
95,'340,Honduras,1753,'F1753,Fibre Crops Primary,5539,Producer Price Index (2014-2016 = 100),1999,1999,7021,Annual value,,38.120000,E
95,'340,Honduras,1753,'F1753,Fibre Crops Primary,5539,Producer Price Index (2014-2016 = 100),2000,2000,7021,Annual value,,43.150000,E
95,'340,Honduras,1753,'F1753,Fibre Crops Primary,5539,Producer Price Index (2014-2016 = 100),2001,2001,7021,Annual value,,44.380000,E
95,'340,Honduras,1753,'F1753,Fibre Crops Primary,5539,Producer Price Index (2014-2016 = 100),2002,2002,7021,Annual value,,46.600000,E
95,'340,Honduras,1753,'F1753,Fibre Crops Primary,5539,Producer Price Index (2014-2016 = 100),2003,2003,7021,Annual value,,51.410000,E
95,'340,Honduras,1753,'F1753,Fibre Crops Primary,5539,Producer Price Index (2014-2016 = 100),2004,2004,7021,Annual value,,55.570000,E
95,'340,Honduras,1753,'F1753,Fibre Crops Primary,5539,Producer Price Index (2014-2016 = 100),2005,2005,7021,Annual value,,59.720000,E
95,'340,Honduras,1753,'F1753,Fibre Crops Primary,5539,Producer Price Index (2014-2016 = 100),2006,2006,7021,Annual value,,62.180000,E
95,'340,Honduras,1753,'F1753,Fibre Crops Primary,5539,Producer Price Index (2014-2016 = 100),2007,2007,7021,Annual value,,67.780000,E
95,'340,Honduras,1753,'F1753,Fibre Crops Primary,5539,Producer Price Index (2014-2016 = 100),2008,2008,7021,Annual value,,77.580000,E
95,'340,Honduras,1753,'F1753,Fibre Crops Primary,5539,Producer Price Index (2014-2016 = 100),2009,2009,7021,Annual value,,81.490000,E
95,'340,Honduras,1753,'F1753,Fibre Crops Primary,5539,Producer Price Index (2014-2016 = 100),2010,2010,7021,Annual value,,83.050000,E
95,'340,Honduras,1753,'F1753,Fibre Crops Primary,5539,Producer Price Index (2014-2016 = 100),2011,2011,7021,Annual value,,84.690000,E
95,'340,Honduras,1753,'F1753,Fibre Crops Primary,5539,Producer Price Index (2014-2016 = 100),2012,2012,7021,Annual value,,88.520000,E
95,'340,Honduras,1753,'F1753,Fibre Crops Primary,5539,Producer Price Index (2014-2016 = 100),2013,2013,7021,Annual value,,92.340000,E
95,'340,Honduras,1753,'F1753,Fibre Crops Primary,5539,Producer Price Index (2014-2016 = 100),2014,2014,7021,Annual value,,96.170000,E
95,'340,Honduras,1753,'F1753,Fibre Crops Primary,5539,Producer Price Index (2014-2016 = 100),2015,2015,7021,Annual value,,100.000000,E
95,'340,Honduras,1753,'F1753,Fibre Crops Primary,5539,Producer Price Index (2014-2016 = 100),2016,2016,7021,Annual value,,103.830000,E
95,'340,Honduras,1753,'F1753,Fibre Crops Primary,5539,Producer Price Index (2014-2016 = 100),2017,2017,7021,Annual value,,107.660000,E
95,'340,Honduras,1753,'F1753,Fibre Crops Primary,5539,Producer Price Index (2014-2016 = 100),2018,2018,7021,Annual value,,111.480000,E
95,'340,Honduras,1753,'F1753,Fibre Crops Primary,5539,Producer Price Index (2014-2016 = 100),2019,2019,7021,Annual value,,115.310000,E
95,'340,Honduras,1753,'F1753,Fibre Crops Primary,5539,Producer Price Index (2014-2016 = 100),2020,2020,7021,Annual value,,119.150000,E
95,'340,Honduras,1753,'F1753,Fibre Crops Primary,5539,Producer Price Index (2014-2016 = 100),2021,2021,7021,Annual value,,123.530000,E
95,'340,Honduras,1753,'F1753,Fibre Crops Primary,5539,Producer Price Index (2014-2016 = 100),2022,2022,7021,Annual value,,126.000000,E
95,'340,Honduras,1753,'F1753,Fibre Crops Primary,5539,Producer Price Index (2014-2016 = 100),2023,2023,7021,Annual value,,129.380000,E
95,'340,Honduras,1753,'F1753,Fibre Crops Primary,5539,Producer Price Index (2014-2016 = 100),2024,2024,7021,Annual value,,132.920000,E
95,'340,Honduras,1753,'F1753,Fibre Crops Primary,5539,Producer Price Index (2014-2016 = 100),2025,2025,7021,Annual value,,136.400000,E
95,'340,Honduras,1801,'F1801,"Fruit excl Melons, Total",5539,Producer Price Index (2014-2016 = 100),1991,1991,7021,Annual value,,5.490000,E
95,'340,Honduras,1801,'F1801,"Fruit excl Melons, Total",5539,Producer Price Index (2014-2016 = 100),1992,1992,7021,Annual value,,7.220000,E
95,'340,Honduras,1801,'F1801,"Fruit excl Melons, Total",5539,Producer Price Index (2014-2016 = 100),1993,1993,7021,Annual value,,9.630000,E
95,'340,Honduras,1801,'F1801,"Fruit excl Melons, Total",5539,Producer Price Index (2014-2016 = 100),1994,1994,7021,Annual value,,13.370000,E
95,'340,Honduras,1801,'F1801,"Fruit excl Melons, Total",5539,Producer Price Index (2014-2016 = 100),1995,1995,7021,Annual value,,15.410000,E
95,'340,Honduras,1801,'F1801,"Fruit excl Melons, Total",5539,Producer Price Index (2014-2016 = 100),1996,1996,7021,Annual value,,18.940000,E
95,'340,Honduras,1801,'F1801,"Fruit excl Melons, Total",5539,Producer Price Index (2014-2016 = 100),1997,1997,7021,Annual value,,19.510000,E
95,'340,Honduras,1801,'F1801,"Fruit excl Melons, Total",5539,Producer Price Index (2014-2016 = 100),1998,1998,7021,Annual value,,20.240000,E
95,'340,Honduras,1801,'F1801,"Fruit excl Melons, Total",5539,Producer Price Index (2014-2016 = 100),1999,1999,7021,Annual value,,21.110000,E
95,'340,Honduras,1801,'F1801,"Fruit excl Melons, Total",5539,Producer Price Index (2014-2016 = 100),2000,2000,7021,Annual value,,25.180000,E
95,'340,Honduras,1801,'F1801,"Fruit excl Melons, Total",5539,Producer Price Index (2014-2016 = 100),2001,2001,7021,Annual value,,28.070000,E
95,'340,Honduras,1801,'F1801,"Fruit excl Melons, Total",5539,Producer Price Index (2014-2016 = 100),2002,2002,7021,Annual value,,34.350000,E
95,'340,Honduras,1801,'F1801,"Fruit excl Melons, Total",5539,Producer Price Index (2014-2016 = 100),2003,2003,7021,Annual value,,39.330000,E
95,'340,Honduras,1801,'F1801,"Fruit excl Melons, Total",5539,Producer Price Index (2014-2016 = 100),2004,2004,7021,Annual value,,44.140000,E
95,'340,Honduras,1801,'F1801,"Fruit excl Melons, Total",5539,Producer Price Index (2014-2016 = 100),2005,2005,7021,Annual value,,49.850000,E
95,'340,Honduras,1801,'F1801,"Fruit excl Melons, Total",5539,Producer Price Index (2014-2016 = 100),2006,2006,7021,Annual value,,55.800000,E
95,'340,Honduras,1801,'F1801,"Fruit excl Melons, Total",5539,Producer Price Index (2014-2016 = 100),2007,2007,7021,Annual value,,61.830000,E
95,'340,Honduras,1801,'F1801,"Fruit excl Melons, Total",5539,Producer Price Index (2014-2016 = 100),2008,2008,7021,Annual value,,66.970000,E
95,'340,Honduras,1801,'F1801,"Fruit excl Melons, Total",5539,Producer Price Index (2014-2016 = 100),2009,2009,7021,Annual value,,72.790000,E
95,'340,Honduras,1801,'F1801,"Fruit excl Melons, Total",5539,Producer Price Index (2014-2016 = 100),2010,2010,7021,Annual value,,80.910000,E
95,'340,Honduras,1801,'F1801,"Fruit excl Melons, Total",5539,Producer Price Index (2014-2016 = 100),2011,2011,7021,Annual value,,80.320000,E
95,'340,Honduras,1801,'F1801,"Fruit excl Melons, Total",5539,Producer Price Index (2014-2016 = 100),2012,2012,7021,Annual value,,85.240000,E
95,'340,Honduras,1801,'F1801,"Fruit excl Melons, Total",5539,Producer Price Index (2014-2016 = 100),2013,2013,7021,Annual value,,90.160000,E
95,'340,Honduras,1801,'F1801,"Fruit excl Melons, Total",5539,Producer Price Index (2014-2016 = 100),2014,2014,7021,Annual value,,95.080000,E
95,'340,Honduras,1801,'F1801,"Fruit excl Melons, Total",5539,Producer Price Index (2014-2016 = 100),2015,2015,7021,Annual value,,100.000000,E
95,'340,Honduras,1801,'F1801,"Fruit excl Melons, Total",5539,Producer Price Index (2014-2016 = 100),2016,2016,7021,Annual value,,104.920000,E
95,'340,Honduras,1801,'F1801,"Fruit excl Melons, Total",5539,Producer Price Index (2014-2016 = 100),2017,2017,7021,Annual value,,109.840000,E
95,'340,Honduras,1801,'F1801,"Fruit excl Melons, Total",5539,Producer Price Index (2014-2016 = 100),2018,2018,7021,Annual value,,114.760000,E
95,'340,Honduras,1801,'F1801,"Fruit excl Melons, Total",5539,Producer Price Index (2014-2016 = 100),2019,2019,7021,Annual value,,119.680000,E
95,'340,Honduras,1801,'F1801,"Fruit excl Melons, Total",5539,Producer Price Index (2014-2016 = 100),2020,2020,7021,Annual value,,130.960000,E
95,'340,Honduras,1801,'F1801,"Fruit excl Melons, Total",5539,Producer Price Index (2014-2016 = 100),2021,2021,7021,Annual value,,143.850000,E
95,'340,Honduras,1801,'F1801,"Fruit excl Melons, Total",5539,Producer Price Index (2014-2016 = 100),2022,2022,7021,Annual value,,154.650000,E
95,'340,Honduras,1801,'F1801,"Fruit excl Melons, Total",5539,Producer Price Index (2014-2016 = 100),2023,2023,7021,Annual value,,158.160000,E
95,'340,Honduras,1801,'F1801,"Fruit excl Melons, Total",5539,Producer Price Index (2014-2016 = 100),2024,2024,7021,Annual value,,160.220000,E
95,'340,Honduras,1801,'F1801,"Fruit excl Melons, Total",5539,Producer Price Index (2014-2016 = 100),2025,2025,7021,Annual value,,162.540000,E
95,'340,Honduras,1738,'F1738,Fruit Primary,5539,Producer Price Index (2014-2016 = 100),1991,1991,7021,Annual value,,7.630000,E
95,'340,Honduras,1738,'F1738,Fruit Primary,5539,Producer Price Index (2014-2016 = 100),1992,1992,7021,Annual value,,9.620000,E
95,'340,Honduras,1738,'F1738,Fruit Primary,5539,Producer Price Index (2014-2016 = 100),1993,1993,7021,Annual value,,11.960000,E
95,'340,Honduras,1738,'F1738,Fruit Primary,5539,Producer Price Index (2014-2016 = 100),1994,1994,7021,Annual value,,16.240000,E
95,'340,Honduras,1738,'F1738,Fruit Primary,5539,Producer Price Index (2014-2016 = 100),1995,1995,7021,Annual value,,18.680000,E
95,'340,Honduras,1738,'F1738,Fruit Primary,5539,Producer Price Index (2014-2016 = 100),1996,1996,7021,Annual value,,22.470000,E
95,'340,Honduras,1738,'F1738,Fruit Primary,5539,Producer Price Index (2014-2016 = 100),1997,1997,7021,Annual value,,23.090000,E
95,'340,Honduras,1738,'F1738,Fruit Primary,5539,Producer Price Index (2014-2016 = 100),1998,1998,7021,Annual value,,24.380000,E
95,'340,Honduras,1738,'F1738,Fruit Primary,5539,Producer Price Index (2014-2016 = 100),1999,1999,7021,Annual value,,25.840000,E
95,'340,Honduras,1738,'F1738,Fruit Primary,5539,Producer Price Index (2014-2016 = 100),2000,2000,7021,Annual value,,30.090000,E
95,'340,Honduras,1738,'F1738,Fruit Primary,5539,Producer Price Index (2014-2016 = 100),2001,2001,7021,Annual value,,33.410000,E
95,'340,Honduras,1738,'F1738,Fruit Primary,5539,Producer Price Index (2014-2016 = 100),2002,2002,7021,Annual value,,39.620000,E
95,'340,Honduras,1738,'F1738,Fruit Primary,5539,Producer Price Index (2014-2016 = 100),2003,2003,7021,Annual value,,43.970000,E
95,'340,Honduras,1738,'F1738,Fruit Primary,5539,Producer Price Index (2014-2016 = 100),2004,2004,7021,Annual value,,48.350000,E
95,'340,Honduras,1738,'F1738,Fruit Primary,5539,Producer Price Index (2014-2016 = 100),2005,2005,7021,Annual value,,53.280000,E
95,'340,Honduras,1738,'F1738,Fruit Primary,5539,Producer Price Index (2014-2016 = 100),2006,2006,7021,Annual value,,58.600000,E
95,'340,Honduras,1738,'F1738,Fruit Primary,5539,Producer Price Index (2014-2016 = 100),2007,2007,7021,Annual value,,63.780000,E
95,'340,Honduras,1738,'F1738,Fruit Primary,5539,Producer Price Index (2014-2016 = 100),2008,2008,7021,Annual value,,68.850000,E
95,'340,Honduras,1738,'F1738,Fruit Primary,5539,Producer Price Index (2014-2016 = 100),2009,2009,7021,Annual value,,74.130000,E
95,'340,Honduras,1738,'F1738,Fruit Primary,5539,Producer Price Index (2014-2016 = 100),2010,2010,7021,Annual value,,81.740000,E
95,'340,Honduras,1738,'F1738,Fruit Primary,5539,Producer Price Index (2014-2016 = 100),2011,2011,7021,Annual value,,81.630000,E
95,'340,Honduras,1738,'F1738,Fruit Primary,5539,Producer Price Index (2014-2016 = 100),2012,2012,7021,Annual value,,86.220000,E
95,'340,Honduras,1738,'F1738,Fruit Primary,5539,Producer Price Index (2014-2016 = 100),2013,2013,7021,Annual value,,90.820000,E
95,'340,Honduras,1738,'F1738,Fruit Primary,5539,Producer Price Index (2014-2016 = 100),2014,2014,7021,Annual value,,95.410000,E
95,'340,Honduras,1738,'F1738,Fruit Primary,5539,Producer Price Index (2014-2016 = 100),2015,2015,7021,Annual value,,100.000000,E
95,'340,Honduras,1738,'F1738,Fruit Primary,5539,Producer Price Index (2014-2016 = 100),2016,2016,7021,Annual value,,104.590000,E
95,'340,Honduras,1738,'F1738,Fruit Primary,5539,Producer Price Index (2014-2016 = 100),2017,2017,7021,Annual value,,109.180000,E
95,'340,Honduras,1738,'F1738,Fruit Primary,5539,Producer Price Index (2014-2016 = 100),2018,2018,7021,Annual value,,113.780000,E
95,'340,Honduras,1738,'F1738,Fruit Primary,5539,Producer Price Index (2014-2016 = 100),2019,2019,7021,Annual value,,118.370000,E
95,'340,Honduras,1738,'F1738,Fruit Primary,5539,Producer Price Index (2014-2016 = 100),2020,2020,7021,Annual value,,138.020000,E
95,'340,Honduras,1738,'F1738,Fruit Primary,5539,Producer Price Index (2014-2016 = 100),2021,2021,7021,Annual value,,157.970000,E
95,'340,Honduras,1738,'F1738,Fruit Primary,5539,Producer Price Index (2014-2016 = 100),2022,2022,7021,Annual value,,177.050000,E
95,'340,Honduras,1738,'F1738,Fruit Primary,5539,Producer Price Index (2014-2016 = 100),2023,2023,7021,Annual value,,178.620000,E
95,'340,Honduras,1738,'F1738,Fruit Primary,5539,Producer Price Index (2014-2016 = 100),2024,2024,7021,Annual value,,183.220000,E
95,'340,Honduras,1738,'F1738,Fruit Primary,5539,Producer Price Index (2014-2016 = 100),2025,2025,7021,Annual value,,188.610000,E
95,'340,Honduras,2044,'F2044,Livestock,5539,Producer Price Index (2014-2016 = 100),1991,1991,7021,Annual value,,24.570000,E
95,'340,Honduras,2044,'F2044,Livestock,5539,Producer Price Index (2014-2016 = 100),1992,1992,7021,Annual value,,24.750000,E
95,'340,Honduras,2044,'F2044,Livestock,5539,Producer Price Index (2014-2016 = 100),1993,1993,7021,Annual value,,25.080000,E
95,'340,Honduras,2044,'F2044,Livestock,5539,Producer Price Index (2014-2016 = 100),1994,1994,7021,Annual value,,31.890000,E
95,'340,Honduras,2044,'F2044,Livestock,5539,Producer Price Index (2014-2016 = 100),1995,1995,7021,Annual value,,38.900000,E
95,'340,Honduras,2044,'F2044,Livestock,5539,Producer Price Index (2014-2016 = 100),1996,1996,7021,Annual value,,49.320000,E
95,'340,Honduras,2044,'F2044,Livestock,5539,Producer Price Index (2014-2016 = 100),1997,1997,7021,Annual value,,55.960000,E
95,'340,Honduras,2044,'F2044,Livestock,5539,Producer Price Index (2014-2016 = 100),1998,1998,7021,Annual value,,56.010000,E
95,'340,Honduras,2044,'F2044,Livestock,5539,Producer Price Index (2014-2016 = 100),1999,1999,7021,Annual value,,59.210000,E
95,'340,Honduras,2044,'F2044,Livestock,5539,Producer Price Index (2014-2016 = 100),2000,2000,7021,Annual value,,62.120000,E
95,'340,Honduras,2044,'F2044,Livestock,5539,Producer Price Index (2014-2016 = 100),2001,2001,7021,Annual value,,64.380000,E
95,'340,Honduras,2044,'F2044,Livestock,5539,Producer Price Index (2014-2016 = 100),2002,2002,7021,Annual value,,67.020000,E
95,'340,Honduras,2044,'F2044,Livestock,5539,Producer Price Index (2014-2016 = 100),2003,2003,7021,Annual value,,67.660000,E
95,'340,Honduras,2044,'F2044,Livestock,5539,Producer Price Index (2014-2016 = 100),2004,2004,7021,Annual value,,72.080000,E
95,'340,Honduras,2044,'F2044,Livestock,5539,Producer Price Index (2014-2016 = 100),2005,2005,7021,Annual value,,74.090000,E
95,'340,Honduras,2044,'F2044,Livestock,5539,Producer Price Index (2014-2016 = 100),2006,2006,7021,Annual value,,79.710000,E
95,'340,Honduras,2044,'F2044,Livestock,5539,Producer Price Index (2014-2016 = 100),2007,2007,7021,Annual value,,82.780000,E
95,'340,Honduras,2044,'F2044,Livestock,5539,Producer Price Index (2014-2016 = 100),2008,2008,7021,Annual value,,81.320000,E
95,'340,Honduras,2044,'F2044,Livestock,5539,Producer Price Index (2014-2016 = 100),2009,2009,7021,Annual value,,84.290000,E
95,'340,Honduras,2044,'F2044,Livestock,5539,Producer Price Index (2014-2016 = 100),2010,2010,7021,Annual value,,90.160000,E
95,'340,Honduras,2044,'F2044,Livestock,5539,Producer Price Index (2014-2016 = 100),2011,2011,7021,Annual value,,90.310000,E
95,'340,Honduras,2044,'F2044,Livestock,5539,Producer Price Index (2014-2016 = 100),2012,2012,7021,Annual value,,92.730000,E
95,'340,Honduras,2044,'F2044,Livestock,5539,Producer Price Index (2014-2016 = 100),2013,2013,7021,Annual value,,95.160000,E
95,'340,Honduras,2044,'F2044,Livestock,5539,Producer Price Index (2014-2016 = 100),2014,2014,7021,Annual value,,97.580000,E
95,'340,Honduras,2044,'F2044,Livestock,5539,Producer Price Index (2014-2016 = 100),2015,2015,7021,Annual value,,100.000000,E
95,'340,Honduras,2044,'F2044,Livestock,5539,Producer Price Index (2014-2016 = 100),2016,2016,7021,Annual value,,102.420000,E
95,'340,Honduras,2044,'F2044,Livestock,5539,Producer Price Index (2014-2016 = 100),2017,2017,7021,Annual value,,104.840000,E
95,'340,Honduras,2044,'F2044,Livestock,5539,Producer Price Index (2014-2016 = 100),2018,2018,7021,Annual value,,107.270000,E
95,'340,Honduras,2044,'F2044,Livestock,5539,Producer Price Index (2014-2016 = 100),2019,2019,7021,Annual value,,109.690000,E
95,'340,Honduras,2044,'F2044,Livestock,5539,Producer Price Index (2014-2016 = 100),2020,2020,7021,Annual value,,114.950000,E
95,'340,Honduras,2044,'F2044,Livestock,5539,Producer Price Index (2014-2016 = 100),2021,2021,7021,Annual value,,120.250000,E
95,'340,Honduras,2044,'F2044,Livestock,5539,Producer Price Index (2014-2016 = 100),2022,2022,7021,Annual value,,125.390000,E
95,'340,Honduras,2044,'F2044,Livestock,5539,Producer Price Index (2014-2016 = 100),2023,2023,7021,Annual value,,133.360000,E
95,'340,Honduras,2044,'F2044,Livestock,5539,Producer Price Index (2014-2016 = 100),2024,2024,7021,Annual value,,137.540000,E
95,'340,Honduras,2044,'F2044,Livestock,5539,Producer Price Index (2014-2016 = 100),2025,2025,7021,Annual value,,141.400000,E
95,'340,Honduras,1765,'F1765,"Meat, Total",5539,Producer Price Index (2014-2016 = 100),1991,1991,7021,Annual value,,23.700000,E
95,'340,Honduras,1765,'F1765,"Meat, Total",5539,Producer Price Index (2014-2016 = 100),1992,1992,7021,Annual value,,24.630000,E
95,'340,Honduras,1765,'F1765,"Meat, Total",5539,Producer Price Index (2014-2016 = 100),1993,1993,7021,Annual value,,28.370000,E
95,'340,Honduras,1765,'F1765,"Meat, Total",5539,Producer Price Index (2014-2016 = 100),1994,1994,7021,Annual value,,32.510000,E
95,'340,Honduras,1765,'F1765,"Meat, Total",5539,Producer Price Index (2014-2016 = 100),1995,1995,7021,Annual value,,38.460000,E
95,'340,Honduras,1765,'F1765,"Meat, Total",5539,Producer Price Index (2014-2016 = 100),1996,1996,7021,Annual value,,54.830000,E
95,'340,Honduras,1765,'F1765,"Meat, Total",5539,Producer Price Index (2014-2016 = 100),1997,1997,7021,Annual value,,67.050000,E
95,'340,Honduras,1765,'F1765,"Meat, Total",5539,Producer Price Index (2014-2016 = 100),1998,1998,7021,Annual value,,66.870000,E
95,'340,Honduras,1765,'F1765,"Meat, Total",5539,Producer Price Index (2014-2016 = 100),1999,1999,7021,Annual value,,67.050000,E
95,'340,Honduras,1765,'F1765,"Meat, Total",5539,Producer Price Index (2014-2016 = 100),2000,2000,7021,Annual value,,67.350000,E
95,'340,Honduras,1765,'F1765,"Meat, Total",5539,Producer Price Index (2014-2016 = 100),2001,2001,7021,Annual value,,68.060000,E
95,'340,Honduras,1765,'F1765,"Meat, Total",5539,Producer Price Index (2014-2016 = 100),2002,2002,7021,Annual value,,68.530000,E
95,'340,Honduras,1765,'F1765,"Meat, Total",5539,Producer Price Index (2014-2016 = 100),2003,2003,7021,Annual value,,70.380000,E
95,'340,Honduras,1765,'F1765,"Meat, Total",5539,Producer Price Index (2014-2016 = 100),2004,2004,7021,Annual value,,77.300000,E
95,'340,Honduras,1765,'F1765,"Meat, Total",5539,Producer Price Index (2014-2016 = 100),2005,2005,7021,Annual value,,79.460000,E
95,'340,Honduras,1765,'F1765,"Meat, Total",5539,Producer Price Index (2014-2016 = 100),2006,2006,7021,Annual value,,86.700000,E
95,'340,Honduras,1765,'F1765,"Meat, Total",5539,Producer Price Index (2014-2016 = 100),2007,2007,7021,Annual value,,91.890000,E
95,'340,Honduras,1765,'F1765,"Meat, Total",5539,Producer Price Index (2014-2016 = 100),2008,2008,7021,Annual value,,89.890000,E
95,'340,Honduras,1765,'F1765,"Meat, Total",5539,Producer Price Index (2014-2016 = 100),2009,2009,7021,Annual value,,89.830000,E
95,'340,Honduras,1765,'F1765,"Meat, Total",5539,Producer Price Index (2014-2016 = 100),2010,2010,7021,Annual value,,94.280000,E
95,'340,Honduras,1765,'F1765,"Meat, Total",5539,Producer Price Index (2014-2016 = 100),2011,2011,7021,Annual value,,93.780000,E
95,'340,Honduras,1765,'F1765,"Meat, Total",5539,Producer Price Index (2014-2016 = 100),2012,2012,7021,Annual value,,95.340000,E
95,'340,Honduras,1765,'F1765,"Meat, Total",5539,Producer Price Index (2014-2016 = 100),2013,2013,7021,Annual value,,96.890000,E
95,'340,Honduras,1765,'F1765,"Meat, Total",5539,Producer Price Index (2014-2016 = 100),2014,2014,7021,Annual value,,98.450000,E
95,'340,Honduras,1765,'F1765,"Meat, Total",5539,Producer Price Index (2014-2016 = 100),2015,2015,7021,Annual value,,100.000000,E
95,'340,Honduras,1765,'F1765,"Meat, Total",5539,Producer Price Index (2014-2016 = 100),2016,2016,7021,Annual value,,101.550000,E
95,'340,Honduras,1765,'F1765,"Meat, Total",5539,Producer Price Index (2014-2016 = 100),2017,2017,7021,Annual value,,103.110000,E
95,'340,Honduras,1765,'F1765,"Meat, Total",5539,Producer Price Index (2014-2016 = 100),2018,2018,7021,Annual value,,104.660000,E
95,'340,Honduras,1765,'F1765,"Meat, Total",5539,Producer Price Index (2014-2016 = 100),2019,2019,7021,Annual value,,106.220000,E
95,'340,Honduras,1765,'F1765,"Meat, Total",5539,Producer Price Index (2014-2016 = 100),2020,2020,7021,Annual value,,115.640000,E
95,'340,Honduras,1765,'F1765,"Meat, Total",5539,Producer Price Index (2014-2016 = 100),2021,2021,7021,Annual value,,124.470000,E
95,'340,Honduras,1765,'F1765,"Meat, Total",5539,Producer Price Index (2014-2016 = 100),2022,2022,7021,Annual value,,135.930000,E
95,'340,Honduras,1765,'F1765,"Meat, Total",5539,Producer Price Index (2014-2016 = 100),2023,2023,7021,Annual value,,144.440000,E
95,'340,Honduras,1765,'F1765,"Meat, Total",5539,Producer Price Index (2014-2016 = 100),2024,2024,7021,Annual value,,139.710000,E
95,'340,Honduras,1765,'F1765,"Meat, Total",5539,Producer Price Index (2014-2016 = 100),2025,2025,7021,Annual value,,159.800000,E
95,'340,Honduras,1780,'F1780,"Milk, Total",5539,Producer Price Index (2014-2016 = 100),1991,1991,7021,Annual value,,31.180000,E
95,'340,Honduras,1780,'F1780,"Milk, Total",5539,Producer Price Index (2014-2016 = 100),1992,1992,7021,Annual value,,31.600000,E
95,'340,Honduras,1780,'F1780,"Milk, Total",5539,Producer Price Index (2014-2016 = 100),1993,1993,7021,Annual value,,13.590000,E
95,'340,Honduras,1780,'F1780,"Milk, Total",5539,Producer Price Index (2014-2016 = 100),1994,1994,7021,Annual value,,26.860000,E
95,'340,Honduras,1780,'F1780,"Milk, Total",5539,Producer Price Index (2014-2016 = 100),1995,1995,7021,Annual value,,36.870000,E
95,'340,Honduras,1780,'F1780,"Milk, Total",5539,Producer Price Index (2014-2016 = 100),1996,1996,7021,Annual value,,42.980000,E
95,'340,Honduras,1780,'F1780,"Milk, Total",5539,Producer Price Index (2014-2016 = 100),1997,1997,7021,Annual value,,51.300000,E
95,'340,Honduras,1780,'F1780,"Milk, Total",5539,Producer Price Index (2014-2016 = 100),1998,1998,7021,Annual value,,50.780000,E
95,'340,Honduras,1780,'F1780,"Milk, Total",5539,Producer Price Index (2014-2016 = 100),1999,1999,7021,Annual value,,53.730000,E
95,'340,Honduras,1780,'F1780,"Milk, Total",5539,Producer Price Index (2014-2016 = 100),2000,2000,7021,Annual value,,56.260000,E
95,'340,Honduras,1780,'F1780,"Milk, Total",5539,Producer Price Index (2014-2016 = 100),2001,2001,7021,Annual value,,58.680000,E
95,'340,Honduras,1780,'F1780,"Milk, Total",5539,Producer Price Index (2014-2016 = 100),2002,2002,7021,Annual value,,61.630000,E
95,'340,Honduras,1780,'F1780,"Milk, Total",5539,Producer Price Index (2014-2016 = 100),2003,2003,7021,Annual value,,61.730000,E
95,'340,Honduras,1780,'F1780,"Milk, Total",5539,Producer Price Index (2014-2016 = 100),2004,2004,7021,Annual value,,66.420000,E
95,'340,Honduras,1780,'F1780,"Milk, Total",5539,Producer Price Index (2014-2016 = 100),2005,2005,7021,Annual value,,68.480000,E
95,'340,Honduras,1780,'F1780,"Milk, Total",5539,Producer Price Index (2014-2016 = 100),2006,2006,7021,Annual value,,74.080000,E
95,'340,Honduras,1780,'F1780,"Milk, Total",5539,Producer Price Index (2014-2016 = 100),2007,2007,7021,Annual value,,77.650000,E
95,'340,Honduras,1780,'F1780,"Milk, Total",5539,Producer Price Index (2014-2016 = 100),2008,2008,7021,Annual value,,79.600000,E
95,'340,Honduras,1780,'F1780,"Milk, Total",5539,Producer Price Index (2014-2016 = 100),2009,2009,7021,Annual value,,81.920000,E
95,'340,Honduras,1780,'F1780,"Milk, Total",5539,Producer Price Index (2014-2016 = 100),2010,2010,7021,Annual value,,87.990000,E
95,'340,Honduras,1780,'F1780,"Milk, Total",5539,Producer Price Index (2014-2016 = 100),2011,2011,7021,Annual value,,88.560000,E
95,'340,Honduras,1780,'F1780,"Milk, Total",5539,Producer Price Index (2014-2016 = 100),2012,2012,7021,Annual value,,91.420000,E
95,'340,Honduras,1780,'F1780,"Milk, Total",5539,Producer Price Index (2014-2016 = 100),2013,2013,7021,Annual value,,94.280000,E
95,'340,Honduras,1780,'F1780,"Milk, Total",5539,Producer Price Index (2014-2016 = 100),2014,2014,7021,Annual value,,97.140000,E
95,'340,Honduras,1780,'F1780,"Milk, Total",5539,Producer Price Index (2014-2016 = 100),2015,2015,7021,Annual value,,100.000000,E
95,'340,Honduras,1780,'F1780,"Milk, Total",5539,Producer Price Index (2014-2016 = 100),2016,2016,7021,Annual value,,102.860000,E
95,'340,Honduras,1780,'F1780,"Milk, Total",5539,Producer Price Index (2014-2016 = 100),2017,2017,7021,Annual value,,105.720000,E
95,'340,Honduras,1780,'F1780,"Milk, Total",5539,Producer Price Index (2014-2016 = 100),2018,2018,7021,Annual value,,108.580000,E
95,'340,Honduras,1780,'F1780,"Milk, Total",5539,Producer Price Index (2014-2016 = 100),2019,2019,7021,Annual value,,111.440000,E
95,'340,Honduras,1780,'F1780,"Milk, Total",5539,Producer Price Index (2014-2016 = 100),2020,2020,7021,Annual value,,123.920000,E
95,'340,Honduras,1780,'F1780,"Milk, Total",5539,Producer Price Index (2014-2016 = 100),2021,2021,7021,Annual value,,134.660000,E
95,'340,Honduras,1780,'F1780,"Milk, Total",5539,Producer Price Index (2014-2016 = 100),2022,2022,7021,Annual value,,146.900000,E
95,'340,Honduras,1780,'F1780,"Milk, Total",5539,Producer Price Index (2014-2016 = 100),2023,2023,7021,Annual value,,155.680000,E
95,'340,Honduras,1780,'F1780,"Milk, Total",5539,Producer Price Index (2014-2016 = 100),2024,2024,7021,Annual value,,166.900000,E
95,'340,Honduras,1780,'F1780,"Milk, Total",5539,Producer Price Index (2014-2016 = 100),2025,2025,7021,Annual value,,177.610000,E
95,'340,Honduras,1732,'F1732,"Oilcrops, Oil Equivalent",5539,Producer Price Index (2014-2016 = 100),1991,1991,7021,Annual value,,5.540000,E
95,'340,Honduras,1732,'F1732,"Oilcrops, Oil Equivalent",5539,Producer Price Index (2014-2016 = 100),1992,1992,7021,Annual value,,6.580000,E
95,'340,Honduras,1732,'F1732,"Oilcrops, Oil Equivalent",5539,Producer Price Index (2014-2016 = 100),1993,1993,7021,Annual value,,9.100000,E
95,'340,Honduras,1732,'F1732,"Oilcrops, Oil Equivalent",5539,Producer Price Index (2014-2016 = 100),1994,1994,7021,Annual value,,9.760000,E
95,'340,Honduras,1732,'F1732,"Oilcrops, Oil Equivalent",5539,Producer Price Index (2014-2016 = 100),1995,1995,7021,Annual value,,16.750000,E
95,'340,Honduras,1732,'F1732,"Oilcrops, Oil Equivalent",5539,Producer Price Index (2014-2016 = 100),1996,1996,7021,Annual value,,20.850000,E
95,'340,Honduras,1732,'F1732,"Oilcrops, Oil Equivalent",5539,Producer Price Index (2014-2016 = 100),1997,1997,7021,Annual value,,27.120000,E
95,'340,Honduras,1732,'F1732,"Oilcrops, Oil Equivalent",5539,Producer Price Index (2014-2016 = 100),1998,1998,7021,Annual value,,31.330000,E
95,'340,Honduras,1732,'F1732,"Oilcrops, Oil Equivalent",5539,Producer Price Index (2014-2016 = 100),1999,1999,7021,Annual value,,35.560000,E
95,'340,Honduras,1732,'F1732,"Oilcrops, Oil Equivalent",5539,Producer Price Index (2014-2016 = 100),2000,2000,7021,Annual value,,39.760000,E
95,'340,Honduras,1732,'F1732,"Oilcrops, Oil Equivalent",5539,Producer Price Index (2014-2016 = 100),2001,2001,7021,Annual value,,43.880000,E
95,'340,Honduras,1732,'F1732,"Oilcrops, Oil Equivalent",5539,Producer Price Index (2014-2016 = 100),2002,2002,7021,Annual value,,48.070000,E
95,'340,Honduras,1732,'F1732,"Oilcrops, Oil Equivalent",5539,Producer Price Index (2014-2016 = 100),2003,2003,7021,Annual value,,52.280000,E
95,'340,Honduras,1732,'F1732,"Oilcrops, Oil Equivalent",5539,Producer Price Index (2014-2016 = 100),2004,2004,7021,Annual value,,56.480000,E
95,'340,Honduras,1732,'F1732,"Oilcrops, Oil Equivalent",5539,Producer Price Index (2014-2016 = 100),2005,2005,7021,Annual value,,60.690000,E
95,'340,Honduras,1732,'F1732,"Oilcrops, Oil Equivalent",5539,Producer Price Index (2014-2016 = 100),2006,2006,7021,Annual value,,63.210000,E
95,'340,Honduras,1732,'F1732,"Oilcrops, Oil Equivalent",5539,Producer Price Index (2014-2016 = 100),2007,2007,7021,Annual value,,63.490000,E
95,'340,Honduras,1732,'F1732,"Oilcrops, Oil Equivalent",5539,Producer Price Index (2014-2016 = 100),2008,2008,7021,Annual value,,73.660000,E
95,'340,Honduras,1732,'F1732,"Oilcrops, Oil Equivalent",5539,Producer Price Index (2014-2016 = 100),2009,2009,7021,Annual value,,77.060000,E
95,'340,Honduras,1732,'F1732,"Oilcrops, Oil Equivalent",5539,Producer Price Index (2014-2016 = 100),2010,2010,7021,Annual value,,80.190000,E
95,'340,Honduras,1732,'F1732,"Oilcrops, Oil Equivalent",5539,Producer Price Index (2014-2016 = 100),2011,2011,7021,Annual value,,84.010000,E
95,'340,Honduras,1732,'F1732,"Oilcrops, Oil Equivalent",5539,Producer Price Index (2014-2016 = 100),2012,2012,7021,Annual value,,88.010000,E
95,'340,Honduras,1732,'F1732,"Oilcrops, Oil Equivalent",5539,Producer Price Index (2014-2016 = 100),2013,2013,7021,Annual value,,92.010000,E
95,'340,Honduras,1732,'F1732,"Oilcrops, Oil Equivalent",5539,Producer Price Index (2014-2016 = 100),2014,2014,7021,Annual value,,96.010000,E
95,'340,Honduras,1732,'F1732,"Oilcrops, Oil Equivalent",5539,Producer Price Index (2014-2016 = 100),2015,2015,7021,Annual value,,100.000000,E
95,'340,Honduras,1732,'F1732,"Oilcrops, Oil Equivalent",5539,Producer Price Index (2014-2016 = 100),2016,2016,7021,Annual value,,103.990000,E
95,'340,Honduras,1732,'F1732,"Oilcrops, Oil Equivalent",5539,Producer Price Index (2014-2016 = 100),2017,2017,7021,Annual value,,107.990000,E
95,'340,Honduras,1732,'F1732,"Oilcrops, Oil Equivalent",5539,Producer Price Index (2014-2016 = 100),2018,2018,7021,Annual value,,111.980000,E
95,'340,Honduras,1732,'F1732,"Oilcrops, Oil Equivalent",5539,Producer Price Index (2014-2016 = 100),2019,2019,7021,Annual value,,115.970000,E
95,'340,Honduras,1732,'F1732,"Oilcrops, Oil Equivalent",5539,Producer Price Index (2014-2016 = 100),2020,2020,7021,Annual value,,116.970000,E
95,'340,Honduras,1732,'F1732,"Oilcrops, Oil Equivalent",5539,Producer Price Index (2014-2016 = 100),2021,2021,7021,Annual value,,119.260000,E
95,'340,Honduras,1732,'F1732,"Oilcrops, Oil Equivalent",5539,Producer Price Index (2014-2016 = 100),2022,2022,7021,Annual value,,140.440000,E
95,'340,Honduras,1732,'F1732,"Oilcrops, Oil Equivalent",5539,Producer Price Index (2014-2016 = 100),2023,2023,7021,Annual value,,95.610000,E
95,'340,Honduras,1732,'F1732,"Oilcrops, Oil Equivalent",5539,Producer Price Index (2014-2016 = 100),2024,2024,7021,Annual value,,110.040000,E
95,'340,Honduras,1732,'F1732,"Oilcrops, Oil Equivalent",5539,Producer Price Index (2014-2016 = 100),2025,2025,7021,Annual value,,128.180000,E
95,'340,Honduras,1726,'F1726,"Pulses, Total",5539,Producer Price Index (2014-2016 = 100),1991,1991,7021,Annual value,,15.610000,E
95,'340,Honduras,1726,'F1726,"Pulses, Total",5539,Producer Price Index (2014-2016 = 100),1992,1992,7021,Annual value,,9.500000,E
95,'340,Honduras,1726,'F1726,"Pulses, Total",5539,Producer Price Index (2014-2016 = 100),1993,1993,7021,Annual value,,25.120000,E
95,'340,Honduras,1726,'F1726,"Pulses, Total",5539,Producer Price Index (2014-2016 = 100),1994,1994,7021,Annual value,,29.740000,E
95,'340,Honduras,1726,'F1726,"Pulses, Total",5539,Producer Price Index (2014-2016 = 100),1995,1995,7021,Annual value,,21.720000,E
95,'340,Honduras,1726,'F1726,"Pulses, Total",5539,Producer Price Index (2014-2016 = 100),1996,1996,7021,Annual value,,63.120000,E
95,'340,Honduras,1726,'F1726,"Pulses, Total",5539,Producer Price Index (2014-2016 = 100),1997,1997,7021,Annual value,,60.310000,E
95,'340,Honduras,1726,'F1726,"Pulses, Total",5539,Producer Price Index (2014-2016 = 100),1998,1998,7021,Annual value,,51.670000,E
95,'340,Honduras,1726,'F1726,"Pulses, Total",5539,Producer Price Index (2014-2016 = 100),1999,1999,7021,Annual value,,60.450000,E
95,'340,Honduras,1726,'F1726,"Pulses, Total",5539,Producer Price Index (2014-2016 = 100),2000,2000,7021,Annual value,,67.670000,E
95,'340,Honduras,1726,'F1726,"Pulses, Total",5539,Producer Price Index (2014-2016 = 100),2001,2001,7021,Annual value,,75.750000,E
95,'340,Honduras,1726,'F1726,"Pulses, Total",5539,Producer Price Index (2014-2016 = 100),2002,2002,7021,Annual value,,45.710000,E
95,'340,Honduras,1726,'F1726,"Pulses, Total",5539,Producer Price Index (2014-2016 = 100),2003,2003,7021,Annual value,,41.140000,E
95,'340,Honduras,1726,'F1726,"Pulses, Total",5539,Producer Price Index (2014-2016 = 100),2004,2004,7021,Annual value,,65.040000,E
95,'340,Honduras,1726,'F1726,"Pulses, Total",5539,Producer Price Index (2014-2016 = 100),2005,2005,7021,Annual value,,62.330000,E
95,'340,Honduras,1726,'F1726,"Pulses, Total",5539,Producer Price Index (2014-2016 = 100),2006,2006,7021,Annual value,,56.100000,E
95,'340,Honduras,1726,'F1726,"Pulses, Total",5539,Producer Price Index (2014-2016 = 100),2007,2007,7021,Annual value,,107.310000,E
95,'340,Honduras,1726,'F1726,"Pulses, Total",5539,Producer Price Index (2014-2016 = 100),2008,2008,7021,Annual value,,108.470000,E
95,'340,Honduras,1726,'F1726,"Pulses, Total",5539,Producer Price Index (2014-2016 = 100),2009,2009,7021,Annual value,,105.830000,E
95,'340,Honduras,1726,'F1726,"Pulses, Total",5539,Producer Price Index (2014-2016 = 100),2010,2010,7021,Annual value,,99.670000,E
95,'340,Honduras,1726,'F1726,"Pulses, Total",5539,Producer Price Index (2014-2016 = 100),2011,2011,7021,Annual value,,93.890000,E
95,'340,Honduras,1726,'F1726,"Pulses, Total",5539,Producer Price Index (2014-2016 = 100),2012,2012,7021,Annual value,,95.420000,E
95,'340,Honduras,1726,'F1726,"Pulses, Total",5539,Producer Price Index (2014-2016 = 100),2013,2013,7021,Annual value,,96.940000,E
95,'340,Honduras,1726,'F1726,"Pulses, Total",5539,Producer Price Index (2014-2016 = 100),2014,2014,7021,Annual value,,98.470000,E
95,'340,Honduras,1726,'F1726,"Pulses, Total",5539,Producer Price Index (2014-2016 = 100),2015,2015,7021,Annual value,,100.000000,E
95,'340,Honduras,1726,'F1726,"Pulses, Total",5539,Producer Price Index (2014-2016 = 100),2016,2016,7021,Annual value,,101.530000,E
95,'340,Honduras,1726,'F1726,"Pulses, Total",5539,Producer Price Index (2014-2016 = 100),2017,2017,7021,Annual value,,103.060000,E
95,'340,Honduras,1726,'F1726,"Pulses, Total",5539,Producer Price Index (2014-2016 = 100),2018,2018,7021,Annual value,,104.580000,E
95,'340,Honduras,1726,'F1726,"Pulses, Total",5539,Producer Price Index (2014-2016 = 100),2019,2019,7021,Annual value,,106.110000,E
95,'340,Honduras,1726,'F1726,"Pulses, Total",5539,Producer Price Index (2014-2016 = 100),2020,2020,7021,Annual value,,136.260000,E
95,'340,Honduras,1726,'F1726,"Pulses, Total",5539,Producer Price Index (2014-2016 = 100),2021,2021,7021,Annual value,,171.800000,E
95,'340,Honduras,1726,'F1726,"Pulses, Total",5539,Producer Price Index (2014-2016 = 100),2022,2022,7021,Annual value,,217.290000,E
95,'340,Honduras,1726,'F1726,"Pulses, Total",5539,Producer Price Index (2014-2016 = 100),2023,2023,7021,Annual value,,271.800000,E
95,'340,Honduras,1726,'F1726,"Pulses, Total",5539,Producer Price Index (2014-2016 = 100),2024,2024,7021,Annual value,,249.800000,E
95,'340,Honduras,1726,'F1726,"Pulses, Total",5539,Producer Price Index (2014-2016 = 100),2025,2025,7021,Annual value,,313.930000,E
95,'340,Honduras,1720,'F1720,"Roots and Tubers, Total",5539,Producer Price Index (2014-2016 = 100),1991,1991,7021,Annual value,,11.250000,E
95,'340,Honduras,1720,'F1720,"Roots and Tubers, Total",5539,Producer Price Index (2014-2016 = 100),1992,1992,7021,Annual value,,14.980000,E
95,'340,Honduras,1720,'F1720,"Roots and Tubers, Total",5539,Producer Price Index (2014-2016 = 100),1993,1993,7021,Annual value,,17.050000,E
95,'340,Honduras,1720,'F1720,"Roots and Tubers, Total",5539,Producer Price Index (2014-2016 = 100),1994,1994,7021,Annual value,,23.830000,E
95,'340,Honduras,1720,'F1720,"Roots and Tubers, Total",5539,Producer Price Index (2014-2016 = 100),1995,1995,7021,Annual value,,28.480000,E
95,'340,Honduras,1720,'F1720,"Roots and Tubers, Total",5539,Producer Price Index (2014-2016 = 100),1996,1996,7021,Annual value,,34.030000,E
95,'340,Honduras,1720,'F1720,"Roots and Tubers, Total",5539,Producer Price Index (2014-2016 = 100),1997,1997,7021,Annual value,,40.660000,E
95,'340,Honduras,1720,'F1720,"Roots and Tubers, Total",5539,Producer Price Index (2014-2016 = 100),1998,1998,7021,Annual value,,45.160000,E
95,'340,Honduras,1720,'F1720,"Roots and Tubers, Total",5539,Producer Price Index (2014-2016 = 100),1999,1999,7021,Annual value,,50.160000,E
95,'340,Honduras,1720,'F1720,"Roots and Tubers, Total",5539,Producer Price Index (2014-2016 = 100),2000,2000,7021,Annual value,,56.750000,E
95,'340,Honduras,1720,'F1720,"Roots and Tubers, Total",5539,Producer Price Index (2014-2016 = 100),2001,2001,7021,Annual value,,63.840000,E
95,'340,Honduras,1720,'F1720,"Roots and Tubers, Total",5539,Producer Price Index (2014-2016 = 100),2002,2002,7021,Annual value,,64.900000,E
95,'340,Honduras,1720,'F1720,"Roots and Tubers, Total",5539,Producer Price Index (2014-2016 = 100),2003,2003,7021,Annual value,,66.630000,E
95,'340,Honduras,1720,'F1720,"Roots and Tubers, Total",5539,Producer Price Index (2014-2016 = 100),2004,2004,7021,Annual value,,68.130000,E
95,'340,Honduras,1720,'F1720,"Roots and Tubers, Total",5539,Producer Price Index (2014-2016 = 100),2005,2005,7021,Annual value,,69.690000,E
95,'340,Honduras,1720,'F1720,"Roots and Tubers, Total",5539,Producer Price Index (2014-2016 = 100),2006,2006,7021,Annual value,,71.890000,E
95,'340,Honduras,1720,'F1720,"Roots and Tubers, Total",5539,Producer Price Index (2014-2016 = 100),2007,2007,7021,Annual value,,76.450000,E
95,'340,Honduras,1720,'F1720,"Roots and Tubers, Total",5539,Producer Price Index (2014-2016 = 100),2008,2008,7021,Annual value,,84.620000,E
95,'340,Honduras,1720,'F1720,"Roots and Tubers, Total",5539,Producer Price Index (2014-2016 = 100),2009,2009,7021,Annual value,,97.160000,E
95,'340,Honduras,1720,'F1720,"Roots and Tubers, Total",5539,Producer Price Index (2014-2016 = 100),2010,2010,7021,Annual value,,89.220000,E
95,'340,Honduras,1720,'F1720,"Roots and Tubers, Total",5539,Producer Price Index (2014-2016 = 100),2011,2011,7021,Annual value,,88.230000,E
95,'340,Honduras,1720,'F1720,"Roots and Tubers, Total",5539,Producer Price Index (2014-2016 = 100),2012,2012,7021,Annual value,,91.170000,E
95,'340,Honduras,1720,'F1720,"Roots and Tubers, Total",5539,Producer Price Index (2014-2016 = 100),2013,2013,7021,Annual value,,94.110000,E
95,'340,Honduras,1720,'F1720,"Roots and Tubers, Total",5539,Producer Price Index (2014-2016 = 100),2014,2014,7021,Annual value,,97.060000,E
95,'340,Honduras,1720,'F1720,"Roots and Tubers, Total",5539,Producer Price Index (2014-2016 = 100),2015,2015,7021,Annual value,,100.000000,E
95,'340,Honduras,1720,'F1720,"Roots and Tubers, Total",5539,Producer Price Index (2014-2016 = 100),2016,2016,7021,Annual value,,102.940000,E
95,'340,Honduras,1720,'F1720,"Roots and Tubers, Total",5539,Producer Price Index (2014-2016 = 100),2017,2017,7021,Annual value,,105.890000,E
95,'340,Honduras,1720,'F1720,"Roots and Tubers, Total",5539,Producer Price Index (2014-2016 = 100),2018,2018,7021,Annual value,,108.830000,E
95,'340,Honduras,1720,'F1720,"Roots and Tubers, Total",5539,Producer Price Index (2014-2016 = 100),2019,2019,7021,Annual value,,111.770000,E
95,'340,Honduras,1720,'F1720,"Roots and Tubers, Total",5539,Producer Price Index (2014-2016 = 100),2020,2020,7021,Annual value,,159.660000,E
95,'340,Honduras,1720,'F1720,"Roots and Tubers, Total",5539,Producer Price Index (2014-2016 = 100),2021,2021,7021,Annual value,,208.210000,E
95,'340,Honduras,1720,'F1720,"Roots and Tubers, Total",5539,Producer Price Index (2014-2016 = 100),2022,2022,7021,Annual value,,259.920000,E
95,'340,Honduras,1720,'F1720,"Roots and Tubers, Total",5539,Producer Price Index (2014-2016 = 100),2023,2023,7021,Annual value,,338.300000,E
95,'340,Honduras,1720,'F1720,"Roots and Tubers, Total",5539,Producer Price Index (2014-2016 = 100),2024,2024,7021,Annual value,,353.900000,E
95,'340,Honduras,1720,'F1720,"Roots and Tubers, Total",5539,Producer Price Index (2014-2016 = 100),2025,2025,7021,Annual value,,406.130000,E
95,'340,Honduras,1729,'F1729,"Treenuts, Total",5539,Producer Price Index (2014-2016 = 100),1991,1991,7021,Annual value,,77.880000,E
95,'340,Honduras,1729,'F1729,"Treenuts, Total",5539,Producer Price Index (2014-2016 = 100),1992,1992,7021,Annual value,,75.170000,E
95,'340,Honduras,1729,'F1729,"Treenuts, Total",5539,Producer Price Index (2014-2016 = 100),1993,1993,7021,Annual value,,78.510000,E
95,'340,Honduras,1729,'F1729,"Treenuts, Total",5539,Producer Price Index (2014-2016 = 100),1994,1994,7021,Annual value,,90.000000,E
95,'340,Honduras,1729,'F1729,"Treenuts, Total",5539,Producer Price Index (2014-2016 = 100),1995,1995,7021,Annual value,,85.600000,E
95,'340,Honduras,1729,'F1729,"Treenuts, Total",5539,Producer Price Index (2014-2016 = 100),1996,1996,7021,Annual value,,88.400000,E
95,'340,Honduras,1729,'F1729,"Treenuts, Total",5539,Producer Price Index (2014-2016 = 100),1997,1997,7021,Annual value,,101.460000,E
95,'340,Honduras,1729,'F1729,"Treenuts, Total",5539,Producer Price Index (2014-2016 = 100),1998,1998,7021,Annual value,,94.540000,E
95,'340,Honduras,1729,'F1729,"Treenuts, Total",5539,Producer Price Index (2014-2016 = 100),1999,1999,7021,Annual value,,88.890000,E
95,'340,Honduras,1729,'F1729,"Treenuts, Total",5539,Producer Price Index (2014-2016 = 100),2000,2000,7021,Annual value,,91.060000,E
95,'340,Honduras,1729,'F1729,"Treenuts, Total",5539,Producer Price Index (2014-2016 = 100),2001,2001,7021,Annual value,,86.980000,E
95,'340,Honduras,1729,'F1729,"Treenuts, Total",5539,Producer Price Index (2014-2016 = 100),2002,2002,7021,Annual value,,79.100000,E
95,'340,Honduras,1729,'F1729,"Treenuts, Total",5539,Producer Price Index (2014-2016 = 100),2003,2003,7021,Annual value,,77.180000,E
95,'340,Honduras,1729,'F1729,"Treenuts, Total",5539,Producer Price Index (2014-2016 = 100),2004,2004,7021,Annual value,,81.270000,E
95,'340,Honduras,1729,'F1729,"Treenuts, Total",5539,Producer Price Index (2014-2016 = 100),2005,2005,7021,Annual value,,93.740000,E
95,'340,Honduras,1729,'F1729,"Treenuts, Total",5539,Producer Price Index (2014-2016 = 100),2006,2006,7021,Annual value,,92.700000,E
95,'340,Honduras,1729,'F1729,"Treenuts, Total",5539,Producer Price Index (2014-2016 = 100),2007,2007,7021,Annual value,,99.900000,E
95,'340,Honduras,1729,'F1729,"Treenuts, Total",5539,Producer Price Index (2014-2016 = 100),2008,2008,7021,Annual value,,112.280000,E
95,'340,Honduras,1729,'F1729,"Treenuts, Total",5539,Producer Price Index (2014-2016 = 100),2009,2009,7021,Annual value,,120.060000,E
95,'340,Honduras,1729,'F1729,"Treenuts, Total",5539,Producer Price Index (2014-2016 = 100),2010,2010,7021,Annual value,,96.650000,E
95,'340,Honduras,1729,'F1729,"Treenuts, Total",5539,Producer Price Index (2014-2016 = 100),2011,2011,7021,Annual value,,96.910000,E
95,'340,Honduras,1729,'F1729,"Treenuts, Total",5539,Producer Price Index (2014-2016 = 100),2012,2012,7021,Annual value,,97.680000,E
95,'340,Honduras,1729,'F1729,"Treenuts, Total",5539,Producer Price Index (2014-2016 = 100),2013,2013,7021,Annual value,,98.450000,E
95,'340,Honduras,1729,'F1729,"Treenuts, Total",5539,Producer Price Index (2014-2016 = 100),2014,2014,7021,Annual value,,99.230000,E
95,'340,Honduras,1729,'F1729,"Treenuts, Total",5539,Producer Price Index (2014-2016 = 100),2015,2015,7021,Annual value,,100.000000,E
95,'340,Honduras,1729,'F1729,"Treenuts, Total",5539,Producer Price Index (2014-2016 = 100),2016,2016,7021,Annual value,,100.770000,E
95,'340,Honduras,1729,'F1729,"Treenuts, Total",5539,Producer Price Index (2014-2016 = 100),2017,2017,7021,Annual value,,101.550000,E
95,'340,Honduras,1729,'F1729,"Treenuts, Total",5539,Producer Price Index (2014-2016 = 100),2018,2018,7021,Annual value,,102.320000,E
95,'340,Honduras,1729,'F1729,"Treenuts, Total",5539,Producer Price Index (2014-2016 = 100),2019,2019,7021,Annual value,,103.090000,E
95,'340,Honduras,1729,'F1729,"Treenuts, Total",5539,Producer Price Index (2014-2016 = 100),2020,2020,7021,Annual value,,102.940000,E
95,'340,Honduras,1729,'F1729,"Treenuts, Total",5539,Producer Price Index (2014-2016 = 100),2021,2021,7021,Annual value,,101.690000,E
95,'340,Honduras,1729,'F1729,"Treenuts, Total",5539,Producer Price Index (2014-2016 = 100),2022,2022,7021,Annual value,,101.510000,E
95,'340,Honduras,1729,'F1729,"Treenuts, Total",5539,Producer Price Index (2014-2016 = 100),2023,2023,7021,Annual value,,101.560000,E
95,'340,Honduras,1729,'F1729,"Treenuts, Total",5539,Producer Price Index (2014-2016 = 100),2024,2024,7021,Annual value,,101.610000,E
95,'340,Honduras,1729,'F1729,"Treenuts, Total",5539,Producer Price Index (2014-2016 = 100),2025,2025,7021,Annual value,,101.660000,E
95,'340,Honduras,1800,'F1800,"Vegetables and Melons, Total",5539,Producer Price Index (2014-2016 = 100),1991,1991,7021,Annual value,,9.930000,E
95,'340,Honduras,1800,'F1800,"Vegetables and Melons, Total",5539,Producer Price Index (2014-2016 = 100),1992,1992,7021,Annual value,,12.450000,E
95,'340,Honduras,1800,'F1800,"Vegetables and Melons, Total",5539,Producer Price Index (2014-2016 = 100),1993,1993,7021,Annual value,,15.600000,E
95,'340,Honduras,1800,'F1800,"Vegetables and Melons, Total",5539,Producer Price Index (2014-2016 = 100),1994,1994,7021,Annual value,,20.240000,E
95,'340,Honduras,1800,'F1800,"Vegetables and Melons, Total",5539,Producer Price Index (2014-2016 = 100),1995,1995,7021,Annual value,,23.620000,E
95,'340,Honduras,1800,'F1800,"Vegetables and Melons, Total",5539,Producer Price Index (2014-2016 = 100),1996,1996,7021,Annual value,,26.570000,E
95,'340,Honduras,1800,'F1800,"Vegetables and Melons, Total",5539,Producer Price Index (2014-2016 = 100),1997,1997,7021,Annual value,,29.220000,E
95,'340,Honduras,1800,'F1800,"Vegetables and Melons, Total",5539,Producer Price Index (2014-2016 = 100),1998,1998,7021,Annual value,,32.130000,E
95,'340,Honduras,1800,'F1800,"Vegetables and Melons, Total",5539,Producer Price Index (2014-2016 = 100),1999,1999,7021,Annual value,,35.330000,E
95,'340,Honduras,1800,'F1800,"Vegetables and Melons, Total",5539,Producer Price Index (2014-2016 = 100),2000,2000,7021,Annual value,,38.850000,E
95,'340,Honduras,1800,'F1800,"Vegetables and Melons, Total",5539,Producer Price Index (2014-2016 = 100),2001,2001,7021,Annual value,,42.730000,E
95,'340,Honduras,1800,'F1800,"Vegetables and Melons, Total",5539,Producer Price Index (2014-2016 = 100),2002,2002,7021,Annual value,,46.590000,E
95,'340,Honduras,1800,'F1800,"Vegetables and Melons, Total",5539,Producer Price Index (2014-2016 = 100),2003,2003,7021,Annual value,,50.250000,E
95,'340,Honduras,1800,'F1800,"Vegetables and Melons, Total",5539,Producer Price Index (2014-2016 = 100),2004,2004,7021,Annual value,,54.820000,E
95,'340,Honduras,1800,'F1800,"Vegetables and Melons, Total",5539,Producer Price Index (2014-2016 = 100),2005,2005,7021,Annual value,,59.080000,E
95,'340,Honduras,1800,'F1800,"Vegetables and Melons, Total",5539,Producer Price Index (2014-2016 = 100),2006,2006,7021,Annual value,,61.260000,E
95,'340,Honduras,1800,'F1800,"Vegetables and Melons, Total",5539,Producer Price Index (2014-2016 = 100),2007,2007,7021,Annual value,,70.520000,E
95,'340,Honduras,1800,'F1800,"Vegetables and Melons, Total",5539,Producer Price Index (2014-2016 = 100),2008,2008,7021,Annual value,,71.560000,E
95,'340,Honduras,1800,'F1800,"Vegetables and Melons, Total",5539,Producer Price Index (2014-2016 = 100),2009,2009,7021,Annual value,,77.730000,E
95,'340,Honduras,1800,'F1800,"Vegetables and Melons, Total",5539,Producer Price Index (2014-2016 = 100),2010,2010,7021,Annual value,,84.110000,E
95,'340,Honduras,1800,'F1800,"Vegetables and Melons, Total",5539,Producer Price Index (2014-2016 = 100),2011,2011,7021,Annual value,,83.760000,E
95,'340,Honduras,1800,'F1800,"Vegetables and Melons, Total",5539,Producer Price Index (2014-2016 = 100),2012,2012,7021,Annual value,,87.820000,E
95,'340,Honduras,1800,'F1800,"Vegetables and Melons, Total",5539,Producer Price Index (2014-2016 = 100),2013,2013,7021,Annual value,,91.880000,E
95,'340,Honduras,1800,'F1800,"Vegetables and Melons, Total",5539,Producer Price Index (2014-2016 = 100),2014,2014,7021,Annual value,,95.940000,E
95,'340,Honduras,1800,'F1800,"Vegetables and Melons, Total",5539,Producer Price Index (2014-2016 = 100),2015,2015,7021,Annual value,,100.000000,E
95,'340,Honduras,1800,'F1800,"Vegetables and Melons, Total",5539,Producer Price Index (2014-2016 = 100),2016,2016,7021,Annual value,,104.060000,E
95,'340,Honduras,1800,'F1800,"Vegetables and Melons, Total",5539,Producer Price Index (2014-2016 = 100),2017,2017,7021,Annual value,,108.120000,E
95,'340,Honduras,1800,'F1800,"Vegetables and Melons, Total",5539,Producer Price Index (2014-2016 = 100),2018,2018,7021,Annual value,,112.190000,E
95,'340,Honduras,1800,'F1800,"Vegetables and Melons, Total",5539,Producer Price Index (2014-2016 = 100),2019,2019,7021,Annual value,,116.250000,E
95,'340,Honduras,1800,'F1800,"Vegetables and Melons, Total",5539,Producer Price Index (2014-2016 = 100),2020,2020,7021,Annual value,,150.560000,E
95,'340,Honduras,1800,'F1800,"Vegetables and Melons, Total",5539,Producer Price Index (2014-2016 = 100),2021,2021,7021,Annual value,,181.320000,E
95,'340,Honduras,1800,'F1800,"Vegetables and Melons, Total",5539,Producer Price Index (2014-2016 = 100),2022,2022,7021,Annual value,,214.790000,E
95,'340,Honduras,1800,'F1800,"Vegetables and Melons, Total",5539,Producer Price Index (2014-2016 = 100),2023,2023,7021,Annual value,,215.970000,E
95,'340,Honduras,1800,'F1800,"Vegetables and Melons, Total",5539,Producer Price Index (2014-2016 = 100),2024,2024,7021,Annual value,,237.600000,E
95,'340,Honduras,1800,'F1800,"Vegetables and Melons, Total",5539,Producer Price Index (2014-2016 = 100),2025,2025,7021,Annual value,,261.060000,E
95,'340,Honduras,1735,'F1735,Vegetables Primary,5539,Producer Price Index (2014-2016 = 100),1991,1991,7021,Annual value,,4.850000,E
95,'340,Honduras,1735,'F1735,Vegetables Primary,5539,Producer Price Index (2014-2016 = 100),1992,1992,7021,Annual value,,6.850000,E
95,'340,Honduras,1735,'F1735,Vegetables Primary,5539,Producer Price Index (2014-2016 = 100),1993,1993,7021,Annual value,,10.640000,E
95,'340,Honduras,1735,'F1735,Vegetables Primary,5539,Producer Price Index (2014-2016 = 100),1994,1994,7021,Annual value,,13.890000,E
95,'340,Honduras,1735,'F1735,Vegetables Primary,5539,Producer Price Index (2014-2016 = 100),1995,1995,7021,Annual value,,16.610000,E
95,'340,Honduras,1735,'F1735,Vegetables Primary,5539,Producer Price Index (2014-2016 = 100),1996,1996,7021,Annual value,,18.330000,E
95,'340,Honduras,1735,'F1735,Vegetables Primary,5539,Producer Price Index (2014-2016 = 100),1997,1997,7021,Annual value,,21.910000,E
95,'340,Honduras,1735,'F1735,Vegetables Primary,5539,Producer Price Index (2014-2016 = 100),1998,1998,7021,Annual value,,24.070000,E
95,'340,Honduras,1735,'F1735,Vegetables Primary,5539,Producer Price Index (2014-2016 = 100),1999,1999,7021,Annual value,,26.440000,E
95,'340,Honduras,1735,'F1735,Vegetables Primary,5539,Producer Price Index (2014-2016 = 100),2000,2000,7021,Annual value,,29.050000,E
95,'340,Honduras,1735,'F1735,Vegetables Primary,5539,Producer Price Index (2014-2016 = 100),2001,2001,7021,Annual value,,31.930000,E
95,'340,Honduras,1735,'F1735,Vegetables Primary,5539,Producer Price Index (2014-2016 = 100),2002,2002,7021,Annual value,,34.730000,E
95,'340,Honduras,1735,'F1735,Vegetables Primary,5539,Producer Price Index (2014-2016 = 100),2003,2003,7021,Annual value,,39.890000,E
95,'340,Honduras,1735,'F1735,Vegetables Primary,5539,Producer Price Index (2014-2016 = 100),2004,2004,7021,Annual value,,45.820000,E
95,'340,Honduras,1735,'F1735,Vegetables Primary,5539,Producer Price Index (2014-2016 = 100),2005,2005,7021,Annual value,,52.040000,E
95,'340,Honduras,1735,'F1735,Vegetables Primary,5539,Producer Price Index (2014-2016 = 100),2006,2006,7021,Annual value,,54.420000,E
95,'340,Honduras,1735,'F1735,Vegetables Primary,5539,Producer Price Index (2014-2016 = 100),2007,2007,7021,Annual value,,68.400000,E
95,'340,Honduras,1735,'F1735,Vegetables Primary,5539,Producer Price Index (2014-2016 = 100),2008,2008,7021,Annual value,,67.450000,E
95,'340,Honduras,1735,'F1735,Vegetables Primary,5539,Producer Price Index (2014-2016 = 100),2009,2009,7021,Annual value,,75.700000,E
95,'340,Honduras,1735,'F1735,Vegetables Primary,5539,Producer Price Index (2014-2016 = 100),2010,2010,7021,Annual value,,82.930000,E
95,'340,Honduras,1735,'F1735,Vegetables Primary,5539,Producer Price Index (2014-2016 = 100),2011,2011,7021,Annual value,,81.010000,E
95,'340,Honduras,1735,'F1735,Vegetables Primary,5539,Producer Price Index (2014-2016 = 100),2012,2012,7021,Annual value,,85.750000,E
95,'340,Honduras,1735,'F1735,Vegetables Primary,5539,Producer Price Index (2014-2016 = 100),2013,2013,7021,Annual value,,90.510000,E
95,'340,Honduras,1735,'F1735,Vegetables Primary,5539,Producer Price Index (2014-2016 = 100),2014,2014,7021,Annual value,,95.250000,E
95,'340,Honduras,1735,'F1735,Vegetables Primary,5539,Producer Price Index (2014-2016 = 100),2015,2015,7021,Annual value,,100.000000,E
95,'340,Honduras,1735,'F1735,Vegetables Primary,5539,Producer Price Index (2014-2016 = 100),2016,2016,7021,Annual value,,104.750000,E
95,'340,Honduras,1735,'F1735,Vegetables Primary,5539,Producer Price Index (2014-2016 = 100),2017,2017,7021,Annual value,,109.500000,E
95,'340,Honduras,1735,'F1735,Vegetables Primary,5539,Producer Price Index (2014-2016 = 100),2018,2018,7021,Annual value,,114.250000,E
95,'340,Honduras,1735,'F1735,Vegetables Primary,5539,Producer Price Index (2014-2016 = 100),2019,2019,7021,Annual value,,119.000000,E
95,'340,Honduras,1735,'F1735,Vegetables Primary,5539,Producer Price Index (2014-2016 = 100),2020,2020,7021,Annual value,,136.410000,E
95,'340,Honduras,1735,'F1735,Vegetables Primary,5539,Producer Price Index (2014-2016 = 100),2021,2021,7021,Annual value,,152.070000,E
95,'340,Honduras,1735,'F1735,Vegetables Primary,5539,Producer Price Index (2014-2016 = 100),2022,2022,7021,Annual value,,168.780000,E
95,'340,Honduras,1735,'F1735,Vegetables Primary,5539,Producer Price Index (2014-2016 = 100),2023,2023,7021,Annual value,,175.490000,E
95,'340,Honduras,1735,'F1735,Vegetables Primary,5539,Producer Price Index (2014-2016 = 100),2024,2024,7021,Annual value,,198.840000,E
95,'340,Honduras,1735,'F1735,Vegetables Primary,5539,Producer Price Index (2014-2016 = 100),2025,2025,7021,Annual value,,222.980000,E
