area_code,m49,area,is_aggregate,element,unit,year,value,flag
5100,002,Africa,1,Area harvested,ha,1998,2791979.000000,E
5100,002,Africa,1,Area harvested,ha,1999,2584603.000000,A
5100,002,Africa,1,Area harvested,ha,2000,2573491.000000,E
5100,002,Africa,1,Area harvested,ha,2001,2257901.000000,A
5100,002,Africa,1,Area harvested,ha,2002,2024651.000000,E
5100,002,Africa,1,Area harvested,ha,2003,1880105.000000,E
5100,002,Africa,1,Area harvested,ha,2004,2491720.000000,E
5100,002,Africa,1,Area harvested,ha,2005,2266828.000000,A
5100,002,Africa,1,Area harvested,ha,2006,2411097.000000,A
5100,002,Africa,1,Area harvested,ha,2007,2423109.000000,A
5100,002,Africa,1,Area harvested,ha,2008,2440645.000000,E
5100,002,Africa,1,Area harvested,ha,2009,2357294.000000,A
5100,002,Africa,1,Area harvested,ha,2010,2347322.000000,E
5100,002,Africa,1,Area harvested,ha,2011,1857021.000000,E
5100,002,Africa,1,Area harvested,ha,2012,2431964.000000,E
5100,002,Africa,1,Area harvested,ha,2013,2512857.000000,E
5100,002,Africa,1,Area harvested,ha,2014,2663879.000000,E
5100,002,Africa,1,Area harvested,ha,2015,3375890.000000,E
5100,002,Africa,1,Area harvested,ha,2016,3384977.000000,E
5100,002,Africa,1,Area harvested,ha,2017,2921770.000000,E
5100,002,Africa,1,Area harvested,ha,2018,4057183.000000,E
5100,002,Africa,1,Area harvested,ha,2019,4233263.000000,E
5100,002,Africa,1,Area harvested,ha,2020,4177695.000000,E
5100,002,Africa,1,Area harvested,ha,2021,4297866.000000,E
5100,002,Africa,1,Area harvested,ha,2022,4490458.000000,E
5100,002,Africa,1,Area harvested,ha,2023,4121369.000000,E
5100,002,Africa,1,Area harvested,ha,2024,4465362.000000,E
5100,002,Africa,1,Production,t,1998,1219222.190000,A
5100,002,Africa,1,Production,t,1999,1254014.680000,A
5100,002,Africa,1,Production,t,2000,1277578.310000,A
5100,002,Africa,1,Production,t,2001,1121398.780000,A
5100,002,Africa,1,Production,t,2002,1097192.730000,A
5100,002,Africa,1,Production,t,2003,811628.390000,A
5100,002,Africa,1,Production,t,2004,1064072.770000,A
5100,002,Africa,1,Production,t,2005,986411.890000,A
5100,002,Africa,1,Production,t,2006,1061882.790000,A
5100,002,Africa,1,Production,t,2007,998151.190000,A
5100,002,Africa,1,Production,t,2008,1079877.620000,A
5100,002,Africa,1,Production,t,2009,1002789.780000,A
5100,002,Africa,1,Production,t,2010,1086196.280000,A
5100,002,Africa,1,Production,t,2011,1053917.770000,E
5100,002,Africa,1,Production,t,2012,1150397.060000,E
5100,002,Africa,1,Production,t,2013,1105640.810000,A
5100,002,Africa,1,Production,t,2014,1154435.930000,E
5100,002,Africa,1,Production,t,2015,1381548.490000,E
5100,002,Africa,1,Production,t,2016,1402423.520000,A
5100,002,Africa,1,Production,t,2017,1451777.620000,A
5100,002,Africa,1,Production,t,2018,1660516.070000,A
5100,002,Africa,1,Production,t,2019,1813980.160000,E
5100,002,Africa,1,Production,t,2020,1883187.580000,A
5100,002,Africa,1,Production,t,2021,1966350.590000,E
5100,002,Africa,1,Production,t,2022,2065840.700000,A
5100,002,Africa,1,Production,t,2023,1943557.140000,E
5100,002,Africa,1,Production,t,2024,1909981.560000,E
5100,002,Africa,1,Yield,kg/ha,1998,436.700000,E
5100,002,Africa,1,Yield,kg/ha,1999,485.200000,A
5100,002,Africa,1,Yield,kg/ha,2000,496.400000,E
5100,002,Africa,1,Yield,kg/ha,2001,496.700000,A
5100,002,Africa,1,Yield,kg/ha,2002,541.900000,E
5100,002,Africa,1,Yield,kg/ha,2003,431.700000,E
5100,002,Africa,1,Yield,kg/ha,2004,427.000000,E
5100,002,Africa,1,Yield,kg/ha,2005,435.200000,A
5100,002,Africa,1,Yield,kg/ha,2006,440.400000,A
5100,002,Africa,1,Yield,kg/ha,2007,411.900000,A
5100,002,Africa,1,Yield,kg/ha,2008,442.500000,E
5100,002,Africa,1,Yield,kg/ha,2009,425.400000,A
5100,002,Africa,1,Yield,kg/ha,2010,462.700000,E
5100,002,Africa,1,Yield,kg/ha,2011,567.500000,E
5100,002,Africa,1,Yield,kg/ha,2012,473.000000,E
5100,002,Africa,1,Yield,kg/ha,2013,440.000000,E
5100,002,Africa,1,Yield,kg/ha,2014,433.400000,E
5100,002,Africa,1,Yield,kg/ha,2015,409.200000,E
5100,002,Africa,1,Yield,kg/ha,2016,414.300000,E
5100,002,Africa,1,Yield,kg/ha,2017,496.900000,E
5100,002,Africa,1,Yield,kg/ha,2018,409.300000,E
5100,002,Africa,1,Yield,kg/ha,2019,428.500000,E
5100,002,Africa,1,Yield,kg/ha,2020,450.800000,E
5100,002,Africa,1,Yield,kg/ha,2021,457.500000,E
5100,002,Africa,1,Yield,kg/ha,2022,460.100000,E
5100,002,Africa,1,Yield,kg/ha,2023,471.600000,E
5100,002,Africa,1,Yield,kg/ha,2024,427.700000,E
5200,019,Americas,1,Area harvested,ha,1998,5519444.000000,A
5200,019,Americas,1,Area harvested,ha,1999,5747971.000000,A
5200,019,Americas,1,Area harvested,ha,2000,5628489.000000,A
5200,019,Americas,1,Area harvested,ha,2001,5805887.000000,A
5200,019,Americas,1,Area harvested,ha,2002,5742440.000000,A
5200,019,Americas,1,Area harvested,ha,2003,5772385.000000,A
5200,019,Americas,1,Area harvested,ha,2004,5806395.000000,A
5200,019,Americas,1,Area harvested,ha,2005,5811039.000000,A
5200,019,Americas,1,Area harvested,ha,2006,5743832.000000,A
5200,019,Americas,1,Area harvested,ha,2007,5749961.000000,A
5200,019,Americas,1,Area harvested,ha,2008,5581000.000000,A
5200,019,Americas,1,Area harvested,ha,2009,5521916.000000,A
5200,019,Americas,1,Area harvested,ha,2010,5581193.000000,A
5200,019,Americas,1,Area harvested,ha,2011,5445244.000000,A
5200,019,Americas,1,Area harvested,ha,2012,5310429.000000,A
5200,019,Americas,1,Area harvested,ha,2013,5261688.000000,A
5200,019,Americas,1,Area harvested,ha,2014,5106302.000000,A
5200,019,Americas,1,Area harvested,ha,2015,5090297.000000,A
5200,019,Americas,1,Area harvested,ha,2016,5119718.000000,A
5200,019,Americas,1,Area harvested,ha,2017,5203511.000000,A
5200,019,Americas,1,Area harvested,ha,2018,5229784.000000,A
5200,019,Americas,1,Area harvested,ha,2019,5192804.000000,A
5200,019,Americas,1,Area harvested,ha,2020,5160309.000000,A
5200,019,Americas,1,Area harvested,ha,2021,5154105.000000,A
5200,019,Americas,1,Area harvested,ha,2022,5121859.000000,A
5200,019,Americas,1,Area harvested,ha,2023,5208958.000000,A
5200,019,Americas,1,Area harvested,ha,2024,5169200.000000,A
5200,019,Americas,1,Production,t,1998,3910577.870000,A
5200,019,Americas,1,Production,t,1999,3854454.910000,A
5200,019,Americas,1,Production,t,2000,4188908.710000,A
5200,019,Americas,1,Production,t,2001,4165133.360000,A
5200,019,Americas,1,Production,t,2002,4793794.690000,A
5200,019,Americas,1,Production,t,2003,4138067.030000,A
5200,019,Americas,1,Production,t,2004,4622145.130000,A
5200,019,Americas,1,Production,t,2005,4292591.550000,A
5200,019,Americas,1,Production,t,2006,4818187.400000,A
5200,019,Americas,1,Production,t,2007,4583816.430000,A
5200,019,Americas,1,Production,t,2008,5043730.060000,A
5200,019,Americas,1,Production,t,2009,4384681.710000,A
5200,019,Americas,1,Production,t,2010,4942636.650000,A
5200,019,Americas,1,Production,t,2011,4774524.210000,A
5200,019,Americas,1,Production,t,2012,5154999.710000,A
5200,019,Americas,1,Production,t,2013,4984019.950000,A
5200,019,Americas,1,Production,t,2014,4829105.440000,A
5200,019,Americas,1,Production,t,2015,4806983.810000,A
5200,019,Americas,1,Production,t,2016,5249791.760000,A
5200,019,Americas,1,Production,t,2017,5118902.590000,A
5200,019,Americas,1,Production,t,2018,6024632.150000,A
5200,019,Americas,1,Production,t,2019,5519472.460000,A
5200,019,Americas,1,Production,t,2020,6083770.710000,A
5200,019,Americas,1,Production,t,2021,5165406.130000,A
5200,019,Americas,1,Production,t,2022,5387946.860000,A
5200,019,Americas,1,Production,t,2023,5591924.930000,A
5200,019,Americas,1,Production,t,2024,5713503.470000,A
5200,019,Americas,1,Yield,kg/ha,1998,708.500000,A
5200,019,Americas,1,Yield,kg/ha,1999,670.600000,A
5200,019,Americas,1,Yield,kg/ha,2000,744.200000,A
5200,019,Americas,1,Yield,kg/ha,2001,717.400000,A
5200,019,Americas,1,Yield,kg/ha,2002,834.800000,A
5200,019,Americas,1,Yield,kg/ha,2003,716.900000,A
5200,019,Americas,1,Yield,kg/ha,2004,796.000000,A
5200,019,Americas,1,Yield,kg/ha,2005,738.700000,A
5200,019,Americas,1,Yield,kg/ha,2006,838.800000,A
5200,019,Americas,1,Yield,kg/ha,2007,797.200000,A
5200,019,Americas,1,Yield,kg/ha,2008,903.700000,A
5200,019,Americas,1,Yield,kg/ha,2009,794.100000,A
5200,019,Americas,1,Yield,kg/ha,2010,885.600000,A
5200,019,Americas,1,Yield,kg/ha,2011,876.800000,A
5200,019,Americas,1,Yield,kg/ha,2012,970.700000,A
5200,019,Americas,1,Yield,kg/ha,2013,947.200000,A
5200,019,Americas,1,Yield,kg/ha,2014,945.700000,A
5200,019,Americas,1,Yield,kg/ha,2015,944.300000,A
5200,019,Americas,1,Yield,kg/ha,2016,1025.400000,A
5200,019,Americas,1,Yield,kg/ha,2017,983.700000,A
5200,019,Americas,1,Yield,kg/ha,2018,1152.000000,A
5200,019,Americas,1,Yield,kg/ha,2019,1062.900000,A
5200,019,Americas,1,Yield,kg/ha,2020,1179.000000,A
5200,019,Americas,1,Yield,kg/ha,2021,1002.200000,A
5200,019,Americas,1,Yield,kg/ha,2022,1052.000000,A
5200,019,Americas,1,Yield,kg/ha,2023,1073.500000,A
5200,019,Americas,1,Yield,kg/ha,2024,1105.300000,A
7,024,Angola,0,Area harvested,ha,1998,35000.000000,E
7,024,Angola,0,Area harvested,ha,1999,30000.000000,E
7,024,Angola,0,Area harvested,ha,2000,30000.000000,E
7,024,Angola,0,Area harvested,ha,2001,32000.000000,E
7,024,Angola,0,Area harvested,ha,2002,11000.000000,E
7,024,Angola,0,Area harvested,ha,2003,20000.000000,E
7,024,Angola,0,Area harvested,ha,2004,17000.000000,E
7,024,Angola,0,Area harvested,ha,2005,16000.000000,E
7,024,Angola,0,Area harvested,ha,2006,15000.000000,E
7,024,Angola,0,Area harvested,ha,2007,21894.000000,A
7,024,Angola,0,Area harvested,ha,2008,20000.000000,E
7,024,Angola,0,Area harvested,ha,2009,45189.000000,A
7,024,Angola,0,Area harvested,ha,2010,29052.000000,A
7,024,Angola,0,Area harvested,ha,2011,33190.000000,I
7,024,Angola,0,Area harvested,ha,2012,38245.000000,X
7,024,Angola,0,Area harvested,ha,2013,40707.000000,A
7,024,Angola,0,Area harvested,ha,2014,52200.000000,A
7,024,Angola,0,Area harvested,ha,2015,52200.000000,A
7,024,Angola,0,Area harvested,ha,2016,47939.000000,I
7,024,Angola,0,Area harvested,ha,2017,42013.000000,I
7,024,Angola,0,Area harvested,ha,2018,40423.000000,I
7,024,Angola,0,Area harvested,ha,2019,40029.000000,I
7,024,Angola,0,Area harvested,ha,2020,34368.000000,I
7,024,Angola,0,Area harvested,ha,2021,29814.000000,I
7,024,Angola,0,Area harvested,ha,2022,15432.000000,I
7,024,Angola,0,Area harvested,ha,2023,18290.000000,I
7,024,Angola,0,Area harvested,ha,2024,22060.000000,I
7,024,Angola,0,Production,t,1998,5100.000000,X
7,024,Angola,0,Production,t,1999,3300.000000,X
7,024,Angola,0,Production,t,2000,4260.000000,X
7,024,Angola,0,Production,t,2001,3300.000000,X
7,024,Angola,0,Production,t,2002,1260.000000,X
7,024,Angola,0,Production,t,2003,2040.000000,X
7,024,Angola,0,Production,t,2004,1980.000000,X
7,024,Angola,0,Production,t,2005,3500.000000,E
7,024,Angola,0,Production,t,2006,5000.000000,E
7,024,Angola,0,Production,t,2007,11523.000000,A
7,024,Angola,0,Production,t,2008,4000.000000,A
7,024,Angola,0,Production,t,2009,11982.000000,A
7,024,Angola,0,Production,t,2010,9951.000000,A
7,024,Angola,0,Production,t,2011,10192.000000,A
7,024,Angola,0,Production,t,2012,11740.030000,I
7,024,Angola,0,Production,t,2013,12550.000000,A
7,024,Angola,0,Production,t,2014,15009.000000,A
7,024,Angola,0,Production,t,2015,15000.000000,A
7,024,Angola,0,Production,t,2016,14679.610000,I
7,024,Angola,0,Production,t,2017,13542.990000,I
7,024,Angola,0,Production,t,2018,13228.180000,I
7,024,Angola,0,Production,t,2019,13256.510000,I
7,024,Angola,0,Production,t,2020,11652.140000,I
7,024,Angola,0,Production,t,2021,10304.000000,A
7,024,Angola,0,Production,t,2022,5206.000000,A
7,024,Angola,0,Production,t,2023,6229.000000,A
7,024,Angola,0,Production,t,2024,7584.000000,A
7,024,Angola,0,Yield,kg/ha,1998,145.700000,E
7,024,Angola,0,Yield,kg/ha,1999,110.000000,E
7,024,Angola,0,Yield,kg/ha,2000,142.000000,E
7,024,Angola,0,Yield,kg/ha,2001,103.100000,E
7,024,Angola,0,Yield,kg/ha,2002,114.500000,E
7,024,Angola,0,Yield,kg/ha,2003,102.000000,E
7,024,Angola,0,Yield,kg/ha,2004,116.500000,E
7,024,Angola,0,Yield,kg/ha,2005,218.800000,E
7,024,Angola,0,Yield,kg/ha,2006,333.300000,E
7,024,Angola,0,Yield,kg/ha,2007,526.300000,A
7,024,Angola,0,Yield,kg/ha,2008,200.000000,E
7,024,Angola,0,Yield,kg/ha,2009,265.200000,A
7,024,Angola,0,Yield,kg/ha,2010,342.500000,A
7,024,Angola,0,Yield,kg/ha,2011,307.100000,E
7,024,Angola,0,Yield,kg/ha,2012,307.000000,E
7,024,Angola,0,Yield,kg/ha,2013,308.300000,A
7,024,Angola,0,Yield,kg/ha,2014,287.500000,A
7,024,Angola,0,Yield,kg/ha,2015,287.400000,A
7,024,Angola,0,Yield,kg/ha,2016,306.200000,E
7,024,Angola,0,Yield,kg/ha,2017,322.400000,E
7,024,Angola,0,Yield,kg/ha,2018,327.200000,E
7,024,Angola,0,Yield,kg/ha,2019,331.200000,E
7,024,Angola,0,Yield,kg/ha,2020,339.000000,E
7,024,Angola,0,Yield,kg/ha,2021,345.600000,E
7,024,Angola,0,Yield,kg/ha,2022,337.300000,E
7,024,Angola,0,Yield,kg/ha,2023,340.600000,E
7,024,Angola,0,Yield,kg/ha,2024,343.800000,E
5300,142,Asia,1,Area harvested,ha,1998,1720407.000000,A
5300,142,Asia,1,Area harvested,ha,1999,1852207.000000,E
5300,142,Asia,1,Area harvested,ha,2000,2431709.000000,A
5300,142,Asia,1,Area harvested,ha,2001,2494821.000000,A
5300,142,Asia,1,Area harvested,ha,2002,2584854.000000,A
5300,142,Asia,1,Area harvested,ha,2003,2572574.000000,A
5300,142,Asia,1,Area harvested,ha,2004,2491478.000000,A
5300,142,Asia,1,Area harvested,ha,2005,2459736.000000,A
5300,142,Asia,1,Area harvested,ha,2006,2517791.000000,A
5300,142,Asia,1,Area harvested,ha,2007,2508396.000000,A
5300,142,Asia,1,Area harvested,ha,2008,2506054.000000,A
5300,142,Asia,1,Area harvested,ha,2009,2495648.000000,A
5300,142,Asia,1,Area harvested,ha,2010,2505605.000000,A
5300,142,Asia,1,Area harvested,ha,2011,2569098.000000,A
5300,142,Asia,1,Area harvested,ha,2012,2515250.000000,A
5300,142,Asia,1,Area harvested,ha,2013,2549064.000000,A
5300,142,Asia,1,Area harvested,ha,2014,2564271.000000,A
5300,142,Asia,1,Area harvested,ha,2015,2612102.000000,A
5300,142,Asia,1,Area harvested,ha,2016,2620159.000000,A
5300,142,Asia,1,Area harvested,ha,2017,2639679.000000,A
5300,142,Asia,1,Area harvested,ha,2018,2646056.000000,A
5300,142,Asia,1,Area harvested,ha,2019,2636607.000000,A
5300,142,Asia,1,Area harvested,ha,2020,2656587.000000,A
5300,142,Asia,1,Area harvested,ha,2021,2704792.000000,A
5300,142,Asia,1,Area harvested,ha,2022,2751940.000000,A
5300,142,Asia,1,Area harvested,ha,2023,2781568.000000,A
5300,142,Asia,1,Area harvested,ha,2024,2795108.000000,A
5300,142,Asia,1,Production,t,1998,1421774.000000,A
5300,142,Asia,1,Production,t,1999,1599114.000000,A
5300,142,Asia,1,Production,t,2000,1949181.000000,A
5300,142,Asia,1,Production,t,2001,2029551.000000,A
5300,142,Asia,1,Production,t,2002,1972317.170000,A
5300,142,Asia,1,Production,t,2003,2020006.020000,A
5300,142,Asia,1,Production,t,2004,2116732.000000,E
5300,142,Asia,1,Production,t,2005,2036915.570000,E
5300,142,Asia,1,Production,t,2006,2219260.000000,A
5300,142,Asia,1,Production,t,2007,2494485.000000,E
5300,142,Asia,1,Production,t,2008,2304398.000000,A
5300,142,Asia,1,Production,t,2009,2330024.600000,A
5300,142,Asia,1,Production,t,2010,2379412.290000,A
5300,142,Asia,1,Production,t,2011,2521749.800000,A
5300,142,Asia,1,Production,t,2012,2623674.040000,A
5300,142,Asia,1,Production,t,2013,2699674.120000,A
5300,142,Asia,1,Production,t,2014,2759619.510000,A
5300,142,Asia,1,Production,t,2015,2813389.620000,A
5300,142,Asia,1,Production,t,2016,2844287.180000,A
5300,142,Asia,1,Production,t,2017,2971828.790000,A
5300,142,Asia,1,Production,t,2018,3089587.870000,A
5300,142,Asia,1,Production,t,2019,3182731.440000,A
5300,142,Asia,1,Production,t,2020,3231200.870000,A
5300,142,Asia,1,Production,t,2021,3392001.270000,A
5300,142,Asia,1,Production,t,2022,3493100.920000,A
5300,142,Asia,1,Production,t,2023,3498487.470000,A
5300,142,Asia,1,Production,t,2024,3610914.400000,A
5300,142,Asia,1,Yield,kg/ha,1998,826.400000,A
5300,142,Asia,1,Yield,kg/ha,1999,863.400000,E
5300,142,Asia,1,Yield,kg/ha,2000,801.600000,A
5300,142,Asia,1,Yield,kg/ha,2001,813.500000,A
5300,142,Asia,1,Yield,kg/ha,2002,763.000000,A
5300,142,Asia,1,Yield,kg/ha,2003,785.200000,A
5300,142,Asia,1,Yield,kg/ha,2004,849.600000,E
5300,142,Asia,1,Yield,kg/ha,2005,828.100000,E
5300,142,Asia,1,Yield,kg/ha,2006,881.400000,A
5300,142,Asia,1,Yield,kg/ha,2007,994.500000,E
5300,142,Asia,1,Yield,kg/ha,2008,919.500000,A
5300,142,Asia,1,Yield,kg/ha,2009,933.600000,A
5300,142,Asia,1,Yield,kg/ha,2010,949.600000,A
5300,142,Asia,1,Yield,kg/ha,2011,981.600000,A
5300,142,Asia,1,Yield,kg/ha,2012,1043.100000,A
5300,142,Asia,1,Yield,kg/ha,2013,1059.100000,A
5300,142,Asia,1,Yield,kg/ha,2014,1076.200000,A
5300,142,Asia,1,Yield,kg/ha,2015,1077.100000,A
5300,142,Asia,1,Yield,kg/ha,2016,1085.500000,A
5300,142,Asia,1,Yield,kg/ha,2017,1125.800000,A
5300,142,Asia,1,Yield,kg/ha,2018,1167.600000,A
5300,142,Asia,1,Yield,kg/ha,2019,1207.100000,A
5300,142,Asia,1,Yield,kg/ha,2020,1216.300000,A
5300,142,Asia,1,Yield,kg/ha,2021,1254.100000,A
5300,142,Asia,1,Yield,kg/ha,2022,1269.300000,A
5300,142,Asia,1,Yield,kg/ha,2023,1257.700000,A
5300,142,Asia,1,Yield,kg/ha,2024,1291.900000,A
23,084,Belize,0,Area harvested,ha,1998,35.000000,E
23,084,Belize,0,Area harvested,ha,1999,40.000000,A
23,084,Belize,0,Area harvested,ha,2000,40.000000,E
23,084,Belize,0,Area harvested,ha,2001,70.000000,E
23,084,Belize,0,Area harvested,ha,2002,70.000000,E
23,084,Belize,0,Area harvested,ha,2003,70.000000,E
23,084,Belize,0,Area harvested,ha,2004,70.000000,E
23,084,Belize,0,Area harvested,ha,2005,20.000000,E
23,084,Belize,0,Area harvested,ha,2006,40.000000,A
23,084,Belize,0,Area harvested,ha,2007,45.000000,A
23,084,Belize,0,Area harvested,ha,2008,40.000000,E
23,084,Belize,0,Area harvested,ha,2009,52.000000,I
23,084,Belize,0,Area harvested,ha,2010,50.000000,I
23,084,Belize,0,Area harvested,ha,2011,55.000000,I
23,084,Belize,0,Area harvested,ha,2012,59.000000,I
23,084,Belize,0,Area harvested,ha,2013,64.000000,I
23,084,Belize,0,Area harvested,ha,2014,68.000000,I
23,084,Belize,0,Area harvested,ha,2015,76.000000,I
23,084,Belize,0,Area harvested,ha,2016,69.000000,E
23,084,Belize,0,Area harvested,ha,2017,73.000000,I
23,084,Belize,0,Area harvested,ha,2018,75.000000,I
23,084,Belize,0,Area harvested,ha,2019,72.000000,E
23,084,Belize,0,Area harvested,ha,2020,73.000000,E
23,084,Belize,0,Area harvested,ha,2021,74.000000,I
23,084,Belize,0,Area harvested,ha,2022,74.000000,I
23,084,Belize,0,Area harvested,ha,2023,75.000000,I
23,084,Belize,0,Area harvested,ha,2024,76.000000,I
23,084,Belize,0,Production,t,1998,93.000000,A
23,084,Belize,0,Production,t,1999,70.000000,A
23,084,Belize,0,Production,t,2000,165.000000,E
23,084,Belize,0,Production,t,2001,229.000000,A
23,084,Belize,0,Production,t,2002,227.000000,A
23,084,Belize,0,Production,t,2003,229.000000,A
23,084,Belize,0,Production,t,2004,231.000000,A
23,084,Belize,0,Production,t,2005,54.000000,A
23,084,Belize,0,Production,t,2006,95.000000,A
23,084,Belize,0,Production,t,2007,45.000000,A
23,084,Belize,0,Production,t,2008,90.000000,E
23,084,Belize,0,Production,t,2009,105.190000,I
23,084,Belize,0,Production,t,2010,90.460000,I
23,084,Belize,0,Production,t,2011,90.680000,I
23,084,Belize,0,Production,t,2012,88.980000,I
23,084,Belize,0,Production,t,2013,87.270000,I
23,084,Belize,0,Production,t,2014,87.540000,I
23,084,Belize,0,Production,t,2015,91.220000,I
23,084,Belize,0,Production,t,2016,89.130000,I
23,084,Belize,0,Production,t,2017,89.300000,E
23,084,Belize,0,Production,t,2018,89.880000,E
23,084,Belize,0,Production,t,2019,89.440000,E
23,084,Belize,0,Production,t,2020,89.540000,E
23,084,Belize,0,Production,t,2021,89.620000,E
23,084,Belize,0,Production,t,2022,89.530000,E
23,084,Belize,0,Production,t,2023,89.560000,E
23,084,Belize,0,Production,t,2024,89.570000,E
23,084,Belize,0,Yield,kg/ha,1998,2657.100000,E
23,084,Belize,0,Yield,kg/ha,1999,1750.000000,A
23,084,Belize,0,Yield,kg/ha,2000,4125.000000,E
23,084,Belize,0,Yield,kg/ha,2001,3271.400000,E
23,084,Belize,0,Yield,kg/ha,2002,3242.900000,E
23,084,Belize,0,Yield,kg/ha,2003,3271.400000,E
23,084,Belize,0,Yield,kg/ha,2004,3300.000000,E
23,084,Belize,0,Yield,kg/ha,2005,2700.000000,E
23,084,Belize,0,Yield,kg/ha,2006,2375.000000,A
23,084,Belize,0,Yield,kg/ha,2007,1000.000000,A
23,084,Belize,0,Yield,kg/ha,2008,2250.000000,E
23,084,Belize,0,Yield,kg/ha,2009,2027.100000,E
23,084,Belize,0,Yield,kg/ha,2010,1800.800000,E
23,084,Belize,0,Yield,kg/ha,2011,1642.800000,E
23,084,Belize,0,Yield,kg/ha,2012,1501.300000,E
23,084,Belize,0,Yield,kg/ha,2013,1359.700000,E
23,084,Belize,0,Yield,kg/ha,2014,1296.800000,E
23,084,Belize,0,Yield,kg/ha,2015,1193.400000,E
23,084,Belize,0,Yield,kg/ha,2016,1284.700000,E
23,084,Belize,0,Yield,kg/ha,2017,1231.300000,E
23,084,Belize,0,Yield,kg/ha,2018,1197.900000,E
23,084,Belize,0,Yield,kg/ha,2019,1236.800000,E
23,084,Belize,0,Yield,kg/ha,2020,1221.700000,E
23,084,Belize,0,Yield,kg/ha,2021,1204.100000,E
23,084,Belize,0,Yield,kg/ha,2022,1217.900000,E
23,084,Belize,0,Yield,kg/ha,2023,1201.800000,E
23,084,Belize,0,Yield,kg/ha,2024,1180.600000,E
53,204,Benin,0,Area harvested,ha,1998,815.000000,I
53,204,Benin,0,Area harvested,ha,1999,795.000000,I
53,204,Benin,0,Area harvested,ha,2000,749.000000,I
53,204,Benin,0,Area harvested,ha,2001,750.000000,E
53,204,Benin,0,Area harvested,ha,2002,500.000000,E
53,204,Benin,0,Area harvested,ha,2003,300.000000,E
53,204,Benin,0,Area harvested,ha,2004,440.000000,I
53,204,Benin,0,Area harvested,ha,2005,424.000000,I
53,204,Benin,0,Area harvested,ha,2006,312.000000,I
53,204,Benin,0,Area harvested,ha,2007,313.000000,I
53,204,Benin,0,Area harvested,ha,2008,373.000000,I
53,204,Benin,0,Area harvested,ha,2009,355.000000,I
53,204,Benin,0,Area harvested,ha,2010,330.000000,E
53,204,Benin,0,Area harvested,ha,2011,340.000000,E
53,204,Benin,0,Area harvested,ha,2012,350.000000,E
53,204,Benin,0,Area harvested,ha,2013,355.000000,E
53,204,Benin,0,Area harvested,ha,2014,294.000000,I
53,204,Benin,0,Area harvested,ha,2015,253.000000,I
53,204,Benin,0,Area harvested,ha,2016,301.000000,E
53,204,Benin,0,Area harvested,ha,2017,282.000000,E
53,204,Benin,0,Area harvested,ha,2018,279.000000,E
53,204,Benin,0,Area harvested,ha,2019,287.000000,E
53,204,Benin,0,Area harvested,ha,2020,283.000000,E
53,204,Benin,0,Area harvested,ha,2021,283.000000,E
53,204,Benin,0,Area harvested,ha,2022,284.000000,E
53,204,Benin,0,Area harvested,ha,2023,283.000000,E
53,204,Benin,0,Area harvested,ha,2024,284.000000,E
53,204,Benin,0,Production,t,1998,153.890000,I
53,204,Benin,0,Production,t,1999,150.680000,I
53,204,Benin,0,Production,t,2000,142.510000,I
53,204,Benin,0,Production,t,2001,150.000000,E
53,204,Benin,0,Production,t,2002,100.000000,E
53,204,Benin,0,Production,t,2003,60.000000,X
53,204,Benin,0,Production,t,2004,85.770000,I
53,204,Benin,0,Production,t,2005,82.250000,I
53,204,Benin,0,Production,t,2006,60.000000,X
53,204,Benin,0,Production,t,2007,60.000000,X
53,204,Benin,0,Production,t,2008,70.430000,I
53,204,Benin,0,Production,t,2009,67.340000,I
53,204,Benin,0,Production,t,2010,60.000000,E
53,204,Benin,0,Production,t,2011,65.000000,E
53,204,Benin,0,Production,t,2012,68.000000,E
53,204,Benin,0,Production,t,2013,70.000000,E
53,204,Benin,0,Production,t,2014,57.300000,I
53,204,Benin,0,Production,t,2015,48.760000,I
53,204,Benin,0,Production,t,2016,58.690000,E
53,204,Benin,0,Production,t,2017,54.910000,E
53,204,Benin,0,Production,t,2018,54.120000,E
53,204,Benin,0,Production,t,2019,55.910000,E
53,204,Benin,0,Production,t,2020,54.980000,E
53,204,Benin,0,Production,t,2021,55.000000,E
53,204,Benin,0,Production,t,2022,55.300000,E
53,204,Benin,0,Production,t,2023,55.090000,E
53,204,Benin,0,Production,t,2024,55.130000,E
53,204,Benin,0,Yield,kg/ha,1998,188.800000,E
53,204,Benin,0,Yield,kg/ha,1999,189.600000,E
53,204,Benin,0,Yield,kg/ha,2000,190.400000,E
53,204,Benin,0,Yield,kg/ha,2001,200.000000,E
53,204,Benin,0,Yield,kg/ha,2002,200.000000,E
53,204,Benin,0,Yield,kg/ha,2003,200.000000,E
53,204,Benin,0,Yield,kg/ha,2004,194.900000,E
53,204,Benin,0,Yield,kg/ha,2005,194.200000,E
53,204,Benin,0,Yield,kg/ha,2006,192.600000,E
53,204,Benin,0,Yield,kg/ha,2007,191.700000,E
53,204,Benin,0,Yield,kg/ha,2008,188.800000,E
53,204,Benin,0,Yield,kg/ha,2009,189.500000,E
53,204,Benin,0,Yield,kg/ha,2010,181.800000,E
53,204,Benin,0,Yield,kg/ha,2011,191.200000,E
53,204,Benin,0,Yield,kg/ha,2012,194.300000,E
53,204,Benin,0,Yield,kg/ha,2013,197.200000,E
53,204,Benin,0,Yield,kg/ha,2014,194.800000,E
53,204,Benin,0,Yield,kg/ha,2015,192.900000,E
53,204,Benin,0,Yield,kg/ha,2016,195.200000,E
53,204,Benin,0,Yield,kg/ha,2017,194.400000,E
53,204,Benin,0,Yield,kg/ha,2018,194.200000,E
53,204,Benin,0,Yield,kg/ha,2019,194.600000,E
53,204,Benin,0,Yield,kg/ha,2020,194.400000,E
53,204,Benin,0,Yield,kg/ha,2021,194.400000,E
53,204,Benin,0,Yield,kg/ha,2022,194.500000,E
53,204,Benin,0,Yield,kg/ha,2023,194.500000,E
53,204,Benin,0,Yield,kg/ha,2024,194.500000,E
19,068,Bolivia (Plurinational State of),0,Area harvested,ha,1998,23601.000000,A
19,068,Bolivia (Plurinational State of),0,Area harvested,ha,1999,24273.000000,A
19,068,Bolivia (Plurinational State of),0,Area harvested,ha,2000,24404.000000,A
19,068,Bolivia (Plurinational State of),0,Area harvested,ha,2001,24691.000000,A
19,068,Bolivia (Plurinational State of),0,Area harvested,ha,2002,24845.000000,A
19,068,Bolivia (Plurinational State of),0,Area harvested,ha,2003,25020.000000,A
19,068,Bolivia (Plurinational State of),0,Area harvested,ha,2004,25129.000000,A
19,068,Bolivia (Plurinational State of),0,Area harvested,ha,2005,25518.000000,A
19,068,Bolivia (Plurinational State of),0,Area harvested,ha,2006,25555.000000,A
19,068,Bolivia (Plurinational State of),0,Area harvested,ha,2007,25676.000000,A
19,068,Bolivia (Plurinational State of),0,Area harvested,ha,2008,25756.000000,A
19,068,Bolivia (Plurinational State of),0,Area harvested,ha,2009,26373.000000,A
19,068,Bolivia (Plurinational State of),0,Area harvested,ha,2010,29349.000000,A
19,068,Bolivia (Plurinational State of),0,Area harvested,ha,2011,29603.000000,A
19,068,Bolivia (Plurinational State of),0,Area harvested,ha,2012,31245.000000,A
19,068,Bolivia (Plurinational State of),0,Area harvested,ha,2013,30291.000000,A
19,068,Bolivia (Plurinational State of),0,Area harvested,ha,2014,22860.000000,A
19,068,Bolivia (Plurinational State of),0,Area harvested,ha,2015,23032.000000,A
19,068,Bolivia (Plurinational State of),0,Area harvested,ha,2016,23306.000000,A
19,068,Bolivia (Plurinational State of),0,Area harvested,ha,2017,23573.000000,A
19,068,Bolivia (Plurinational State of),0,Area harvested,ha,2018,24596.000000,A
19,068,Bolivia (Plurinational State of),0,Area harvested,ha,2019,25500.000000,A
19,068,Bolivia (Plurinational State of),0,Area harvested,ha,2020,25551.000000,A
19,068,Bolivia (Plurinational State of),0,Area harvested,ha,2021,25548.000000,A
19,068,Bolivia (Plurinational State of),0,Area harvested,ha,2022,25954.000000,A
19,068,Bolivia (Plurinational State of),0,Area harvested,ha,2023,25496.000000,A
19,068,Bolivia (Plurinational State of),0,Area harvested,ha,2024,25119.000000,A
19,068,Bolivia (Plurinational State of),0,Production,t,1998,22532.000000,A
19,068,Bolivia (Plurinational State of),0,Production,t,1999,26931.000000,A
19,068,Bolivia (Plurinational State of),0,Production,t,2000,27696.000000,A
19,068,Bolivia (Plurinational State of),0,Production,t,2001,24086.000000,A
19,068,Bolivia (Plurinational State of),0,Production,t,2002,24513.000000,A
19,068,Bolivia (Plurinational State of),0,Production,t,2003,24700.000000,A
19,068,Bolivia (Plurinational State of),0,Production,t,2004,24546.000000,A
19,068,Bolivia (Plurinational State of),0,Production,t,2005,24976.000000,A
19,068,Bolivia (Plurinational State of),0,Production,t,2006,25272.000000,A
19,068,Bolivia (Plurinational State of),0,Production,t,2007,27012.000000,A
19,068,Bolivia (Plurinational State of),0,Production,t,2008,27305.000000,A
19,068,Bolivia (Plurinational State of),0,Production,t,2009,28270.000000,A
19,068,Bolivia (Plurinational State of),0,Production,t,2010,27327.020000,A
19,068,Bolivia (Plurinational State of),0,Production,t,2011,27596.400000,A
19,068,Bolivia (Plurinational State of),0,Production,t,2012,28136.860000,A
19,068,Bolivia (Plurinational State of),0,Production,t,2013,29455.130000,A
19,068,Bolivia (Plurinational State of),0,Production,t,2014,20496.000000,A
19,068,Bolivia (Plurinational State of),0,Production,t,2015,20954.000000,A
19,068,Bolivia (Plurinational State of),0,Production,t,2016,21427.000000,A
19,068,Bolivia (Plurinational State of),0,Production,t,2017,21181.000000,A
19,068,Bolivia (Plurinational State of),0,Production,t,2018,22120.990000,A
19,068,Bolivia (Plurinational State of),0,Production,t,2019,24841.000000,A
19,068,Bolivia (Plurinational State of),0,Production,t,2020,23401.000000,A
19,068,Bolivia (Plurinational State of),0,Production,t,2021,23451.980000,A
19,068,Bolivia (Plurinational State of),0,Production,t,2022,23238.780000,A
19,068,Bolivia (Plurinational State of),0,Production,t,2023,23579.450000,A
19,068,Bolivia (Plurinational State of),0,Production,t,2024,23063.650000,A
19,068,Bolivia (Plurinational State of),0,Yield,kg/ha,1998,954.700000,A
19,068,Bolivia (Plurinational State of),0,Yield,kg/ha,1999,1109.500000,A
19,068,Bolivia (Plurinational State of),0,Yield,kg/ha,2000,1134.900000,A
19,068,Bolivia (Plurinational State of),0,Yield,kg/ha,2001,975.500000,A
19,068,Bolivia (Plurinational State of),0,Yield,kg/ha,2002,986.600000,A
19,068,Bolivia (Plurinational State of),0,Yield,kg/ha,2003,987.200000,A
19,068,Bolivia (Plurinational State of),0,Yield,kg/ha,2004,976.800000,A
19,068,Bolivia (Plurinational State of),0,Yield,kg/ha,2005,978.800000,A
19,068,Bolivia (Plurinational State of),0,Yield,kg/ha,2006,988.900000,A
19,068,Bolivia (Plurinational State of),0,Yield,kg/ha,2007,1052.000000,A
19,068,Bolivia (Plurinational State of),0,Yield,kg/ha,2008,1060.100000,A
19,068,Bolivia (Plurinational State of),0,Yield,kg/ha,2009,1071.900000,A
19,068,Bolivia (Plurinational State of),0,Yield,kg/ha,2010,931.100000,A
19,068,Bolivia (Plurinational State of),0,Yield,kg/ha,2011,932.200000,A
19,068,Bolivia (Plurinational State of),0,Yield,kg/ha,2012,900.500000,A
19,068,Bolivia (Plurinational State of),0,Yield,kg/ha,2013,972.400000,A
19,068,Bolivia (Plurinational State of),0,Yield,kg/ha,2014,896.600000,A
19,068,Bolivia (Plurinational State of),0,Yield,kg/ha,2015,909.800000,A
19,068,Bolivia (Plurinational State of),0,Yield,kg/ha,2016,919.400000,A
19,068,Bolivia (Plurinational State of),0,Yield,kg/ha,2017,898.500000,A
19,068,Bolivia (Plurinational State of),0,Yield,kg/ha,2018,899.400000,A
19,068,Bolivia (Plurinational State of),0,Yield,kg/ha,2019,974.200000,A
19,068,Bolivia (Plurinational State of),0,Yield,kg/ha,2020,915.900000,A
19,068,Bolivia (Plurinational State of),0,Yield,kg/ha,2021,917.900000,A
19,068,Bolivia (Plurinational State of),0,Yield,kg/ha,2022,895.400000,A
19,068,Bolivia (Plurinational State of),0,Yield,kg/ha,2023,924.800000,A
19,068,Bolivia (Plurinational State of),0,Yield,kg/ha,2024,918.200000,A
21,076,Brazil,0,Area harvested,ha,1998,2070410.000000,A
21,076,Brazil,0,Area harvested,ha,1999,2222925.000000,A
21,076,Brazil,0,Area harvested,ha,2000,2267968.000000,A
21,076,Brazil,0,Area harvested,ha,2001,2336031.000000,A
21,076,Brazil,0,Area harvested,ha,2002,2370891.000000,A
21,076,Brazil,0,Area harvested,ha,2003,2395501.000000,A
21,076,Brazil,0,Area harvested,ha,2004,2368040.000000,A
21,076,Brazil,0,Area harvested,ha,2005,2325920.000000,A
21,076,Brazil,0,Area harvested,ha,2006,2312157.000000,A
21,076,Brazil,0,Area harvested,ha,2007,2264129.000000,A
21,076,Brazil,0,Area harvested,ha,2008,2222224.000000,A
21,076,Brazil,0,Area harvested,ha,2009,2135508.000000,A
21,076,Brazil,0,Area harvested,ha,2010,2159785.000000,A
21,076,Brazil,0,Area harvested,ha,2011,2148775.000000,A
21,076,Brazil,0,Area harvested,ha,2012,2120080.000000,A
21,076,Brazil,0,Area harvested,ha,2013,2085522.000000,A
21,076,Brazil,0,Area harvested,ha,2014,1997827.000000,A
21,076,Brazil,0,Area harvested,ha,2015,1977714.000000,A
21,076,Brazil,0,Area harvested,ha,2016,1996604.000000,A
21,076,Brazil,0,Area harvested,ha,2017,1802417.000000,A
21,076,Brazil,0,Area harvested,ha,2018,1863966.000000,A
21,076,Brazil,0,Area harvested,ha,2019,1825283.000000,A
21,076,Brazil,0,Area harvested,ha,2020,1898429.000000,A
21,076,Brazil,0,Area harvested,ha,2021,1832508.000000,A
21,076,Brazil,0,Area harvested,ha,2022,1867392.000000,A
21,076,Brazil,0,Area harvested,ha,2023,1905239.000000,A
21,076,Brazil,0,Area harvested,ha,2024,1943977.000000,A
21,076,Brazil,0,Production,t,1998,1689366.000000,A
21,076,Brazil,0,Production,t,1999,1631852.000000,A
21,076,Brazil,0,Production,t,2000,1903562.000000,A
21,076,Brazil,0,Production,t,2001,1819569.000000,A
21,076,Brazil,0,Production,t,2002,2610524.000000,A
21,076,Brazil,0,Production,t,2003,1987074.000000,A
21,076,Brazil,0,Production,t,2004,2465710.000000,A
21,076,Brazil,0,Production,t,2005,2140169.000000,A
21,076,Brazil,0,Production,t,2006,2573368.000000,A
21,076,Brazil,0,Production,t,2007,2249011.000000,A
21,076,Brazil,0,Production,t,2008,2796927.000000,A
21,076,Brazil,0,Production,t,2009,2440056.000000,A
21,076,Brazil,0,Production,t,2010,2907265.000000,A
21,076,Brazil,0,Production,t,2011,2700540.000000,A
21,076,Brazil,0,Production,t,2012,3037534.000000,A
21,076,Brazil,0,Production,t,2013,2964538.000000,A
21,076,Brazil,0,Production,t,2014,2804070.000000,A
21,076,Brazil,0,Production,t,2015,2647504.000000,A
21,076,Brazil,0,Production,t,2016,3024466.000000,A
21,076,Brazil,0,Production,t,2017,2684508.000000,A
21,076,Brazil,0,Production,t,2018,3552729.000000,A
21,076,Brazil,0,Production,t,2019,3011745.000000,A
21,076,Brazil,0,Production,t,2020,3705719.000000,A
21,076,Brazil,0,Production,t,2021,2985581.000000,A
21,076,Brazil,0,Production,t,2022,3179341.000000,A
21,076,Brazil,0,Production,t,2023,3348510.000000,A
21,076,Brazil,0,Production,t,2024,3387724.000000,A
21,076,Brazil,0,Yield,kg/ha,1998,816.000000,A
21,076,Brazil,0,Yield,kg/ha,1999,734.100000,A
21,076,Brazil,0,Yield,kg/ha,2000,839.300000,A
21,076,Brazil,0,Yield,kg/ha,2001,778.900000,A
21,076,Brazil,0,Yield,kg/ha,2002,1101.100000,A
21,076,Brazil,0,Yield,kg/ha,2003,829.500000,A
21,076,Brazil,0,Yield,kg/ha,2004,1041.200000,A
21,076,Brazil,0,Yield,kg/ha,2005,920.100000,A
21,076,Brazil,0,Yield,kg/ha,2006,1113.000000,A
21,076,Brazil,0,Yield,kg/ha,2007,993.300000,A
21,076,Brazil,0,Yield,kg/ha,2008,1258.600000,A
21,076,Brazil,0,Yield,kg/ha,2009,1142.600000,A
21,076,Brazil,0,Yield,kg/ha,2010,1346.100000,A
21,076,Brazil,0,Yield,kg/ha,2011,1256.800000,A
21,076,Brazil,0,Yield,kg/ha,2012,1432.700000,A
21,076,Brazil,0,Yield,kg/ha,2013,1421.500000,A
21,076,Brazil,0,Yield,kg/ha,2014,1403.600000,A
21,076,Brazil,0,Yield,kg/ha,2015,1338.700000,A
21,076,Brazil,0,Yield,kg/ha,2016,1514.800000,A
21,076,Brazil,0,Yield,kg/ha,2017,1489.400000,A
21,076,Brazil,0,Yield,kg/ha,2018,1906.000000,A
21,076,Brazil,0,Yield,kg/ha,2019,1650.000000,A
21,076,Brazil,0,Yield,kg/ha,2020,1952.000000,A
21,076,Brazil,0,Yield,kg/ha,2021,1629.200000,A
21,076,Brazil,0,Yield,kg/ha,2022,1702.600000,A
21,076,Brazil,0,Yield,kg/ha,2023,1757.500000,A
21,076,Brazil,0,Yield,kg/ha,2024,1742.700000,A
29,108,Burundi,0,Area harvested,ha,1998,28000.000000,E
29,108,Burundi,0,Area harvested,ha,1999,32000.000000,A
29,108,Burundi,0,Area harvested,ha,2000,62000.000000,E
29,108,Burundi,0,Area harvested,ha,2001,65000.000000,E
29,108,Burundi,0,Area harvested,ha,2002,190000.000000,E
29,108,Burundi,0,Area harvested,ha,2003,37000.000000,E
29,108,Burundi,0,Area harvested,ha,2004,210000.000000,E
29,108,Burundi,0,Area harvested,ha,2005,37000.000000,E
29,108,Burundi,0,Area harvested,ha,2006,153000.000000,E
29,108,Burundi,0,Area harvested,ha,2007,30000.000000,E
29,108,Burundi,0,Area harvested,ha,2008,108000.000000,E
29,108,Burundi,0,Area harvested,ha,2009,26000.000000,E
29,108,Burundi,0,Area harvested,ha,2010,108799.000000,I
29,108,Burundi,0,Area harvested,ha,2011,46620.000000,I
29,108,Burundi,0,Area harvested,ha,2012,30144.000000,I
29,108,Burundi,0,Area harvested,ha,2013,26120.000000,I
29,108,Burundi,0,Area harvested,ha,2014,11624.000000,I
29,108,Burundi,0,Area harvested,ha,2015,19966.000000,I
29,108,Burundi,0,Area harvested,ha,2016,14565.000000,I
29,108,Burundi,0,Area harvested,ha,2017,16500.000000,E
29,108,Burundi,0,Area harvested,ha,2018,14396.000000,I
29,108,Burundi,0,Area harvested,ha,2019,14691.000000,I
29,108,Burundi,0,Area harvested,ha,2020,7594.000000,I
29,108,Burundi,0,Area harvested,ha,2021,14753.000000,I
29,108,Burundi,0,Area harvested,ha,2022,11307.000000,I
29,108,Burundi,0,Area harvested,ha,2023,9046.000000,I
29,108,Burundi,0,Area harvested,ha,2024,7429.000000,I
29,108,Burundi,0,Production,t,1998,16937.000000,A
29,108,Burundi,0,Production,t,1999,29130.000000,A
29,108,Burundi,0,Production,t,2000,67439.000000,A
29,108,Burundi,0,Production,t,2001,70980.000000,A
29,108,Burundi,0,Production,t,2002,182182.000000,A
29,108,Burundi,0,Production,t,2003,35682.000000,A
29,108,Burundi,0,Production,t,2004,204509.000000,A
29,108,Burundi,0,Production,t,2005,34828.000000,A
29,108,Burundi,0,Production,t,2006,149460.000000,A
29,108,Burundi,0,Production,t,2007,31964.000000,A
29,108,Burundi,0,Production,t,2008,100475.000000,A
29,108,Burundi,0,Production,t,2009,20517.000000,A
29,108,Burundi,0,Production,t,2010,89960.000000,A
29,108,Burundi,0,Production,t,2011,41960.000000,A
29,108,Burundi,0,Production,t,2012,26340.000000,A
29,108,Burundi,0,Production,t,2013,22625.000000,A
29,108,Burundi,0,Production,t,2014,10405.000000,A
29,108,Burundi,0,Production,t,2015,18367.000000,A
29,108,Burundi,0,Production,t,2016,13624.460000,A
29,108,Burundi,0,Production,t,2017,16340.000000,A
29,108,Burundi,0,Production,t,2018,14216.000000,A
29,108,Burundi,0,Production,t,2019,14059.000000,A
29,108,Burundi,0,Production,t,2020,7111.000000,A
29,108,Burundi,0,Production,t,2021,13800.000000,X
29,108,Burundi,0,Production,t,2022,10500.000000,X
29,108,Burundi,0,Production,t,2023,8400.000000,X
29,108,Burundi,0,Production,t,2024,6900.000000,X
29,108,Burundi,0,Yield,kg/ha,1998,604.900000,E
29,108,Burundi,0,Yield,kg/ha,1999,910.300000,A
29,108,Burundi,0,Yield,kg/ha,2000,1087.700000,E
29,108,Burundi,0,Yield,kg/ha,2001,1092.000000,E
29,108,Burundi,0,Yield,kg/ha,2002,958.900000,E
29,108,Burundi,0,Yield,kg/ha,2003,964.400000,E
29,108,Burundi,0,Yield,kg/ha,2004,973.900000,E
29,108,Burundi,0,Yield,kg/ha,2005,941.300000,E
29,108,Burundi,0,Yield,kg/ha,2006,976.900000,E
29,108,Burundi,0,Yield,kg/ha,2007,1065.500000,E
29,108,Burundi,0,Yield,kg/ha,2008,930.300000,E
29,108,Burundi,0,Yield,kg/ha,2009,789.100000,E
29,108,Burundi,0,Yield,kg/ha,2010,826.800000,E
29,108,Burundi,0,Yield,kg/ha,2011,900.000000,E
29,108,Burundi,0,Yield,kg/ha,2012,873.800000,E
29,108,Burundi,0,Yield,kg/ha,2013,866.200000,E
29,108,Burundi,0,Yield,kg/ha,2014,895.100000,E
29,108,Burundi,0,Yield,kg/ha,2015,919.900000,E
29,108,Burundi,0,Yield,kg/ha,2016,935.400000,E
29,108,Burundi,0,Yield,kg/ha,2017,990.300000,E
29,108,Burundi,0,Yield,kg/ha,2018,987.500000,E
29,108,Burundi,0,Yield,kg/ha,2019,957.000000,E
29,108,Burundi,0,Yield,kg/ha,2020,936.300000,E
29,108,Burundi,0,Yield,kg/ha,2021,935.400000,E
29,108,Burundi,0,Yield,kg/ha,2022,928.700000,E
29,108,Burundi,0,Yield,kg/ha,2023,928.600000,E
29,108,Burundi,0,Yield,kg/ha,2024,928.800000,E
35,132,Cabo Verde,0,Area harvested,ha,1998,,M
35,132,Cabo Verde,0,Area harvested,ha,1999,,M
35,132,Cabo Verde,0,Area harvested,ha,2000,,M
35,132,Cabo Verde,0,Area harvested,ha,2001,,M
35,132,Cabo Verde,0,Area harvested,ha,2002,,M
35,132,Cabo Verde,0,Area harvested,ha,2003,,M
35,132,Cabo Verde,0,Area harvested,ha,2004,,M
35,132,Cabo Verde,0,Area harvested,ha,2005,,M
35,132,Cabo Verde,0,Area harvested,ha,2006,,M
35,132,Cabo Verde,0,Area harvested,ha,2007,,M
35,132,Cabo Verde,0,Area harvested,ha,2008,,M
35,132,Cabo Verde,0,Area harvested,ha,2009,,M
35,132,Cabo Verde,0,Area harvested,ha,2010,,M
35,132,Cabo Verde,0,Area harvested,ha,2011,318.000000,I
35,132,Cabo Verde,0,Area harvested,ha,2012,420.000000,E
35,132,Cabo Verde,0,Area harvested,ha,2013,300.000000,E
35,132,Cabo Verde,0,Area harvested,ha,2014,255.000000,I
35,132,Cabo Verde,0,Area harvested,ha,2015,247.000000,I
35,132,Cabo Verde,0,Area harvested,ha,2016,317.000000,I
35,132,Cabo Verde,0,Area harvested,ha,2017,215.000000,I
35,132,Cabo Verde,0,Area harvested,ha,2018,209.000000,I
35,132,Cabo Verde,0,Area harvested,ha,2019,180.000000,I
35,132,Cabo Verde,0,Area harvested,ha,2020,213.000000,I
35,132,Cabo Verde,0,Area harvested,ha,2021,177.000000,I
35,132,Cabo Verde,0,Area harvested,ha,2022,207.000000,I
35,132,Cabo Verde,0,Area harvested,ha,2023,75.000000,I
35,132,Cabo Verde,0,Area harvested,ha,2024,60.000000,I
35,132,Cabo Verde,0,Production,t,1998,,M
35,132,Cabo Verde,0,Production,t,1999,,M
35,132,Cabo Verde,0,Production,t,2000,,M
35,132,Cabo Verde,0,Production,t,2001,,M
35,132,Cabo Verde,0,Production,t,2002,,M
35,132,Cabo Verde,0,Production,t,2003,,M
35,132,Cabo Verde,0,Production,t,2004,,M
35,132,Cabo Verde,0,Production,t,2005,,M
35,132,Cabo Verde,0,Production,t,2006,,M
35,132,Cabo Verde,0,Production,t,2007,,M
35,132,Cabo Verde,0,Production,t,2008,,M
35,132,Cabo Verde,0,Production,t,2009,,M
35,132,Cabo Verde,0,Production,t,2010,,M
35,132,Cabo Verde,0,Production,t,2011,62.000000,A
35,132,Cabo Verde,0,Production,t,2012,88.000000,A
35,132,Cabo Verde,0,Production,t,2013,62.000000,A
35,132,Cabo Verde,0,Production,t,2014,52.000000,A
35,132,Cabo Verde,0,Production,t,2015,52.340000,A
35,132,Cabo Verde,0,Production,t,2016,68.090000,A
35,132,Cabo Verde,0,Production,t,2017,46.890000,A
35,132,Cabo Verde,0,Production,t,2018,46.000000,A
35,132,Cabo Verde,0,Production,t,2019,40.000000,A
35,132,Cabo Verde,0,Production,t,2020,48.000000,A
35,132,Cabo Verde,0,Production,t,2021,40.730000,A
35,132,Cabo Verde,0,Production,t,2022,47.000000,A
35,132,Cabo Verde,0,Production,t,2023,17.170000,A
35,132,Cabo Verde,0,Production,t,2024,14.000000,A
35,132,Cabo Verde,0,Yield,kg/ha,2011,194.900000,E
35,132,Cabo Verde,0,Yield,kg/ha,2012,209.500000,E
35,132,Cabo Verde,0,Yield,kg/ha,2013,206.700000,E
35,132,Cabo Verde,0,Yield,kg/ha,2014,204.300000,E
35,132,Cabo Verde,0,Yield,kg/ha,2015,211.600000,E
35,132,Cabo Verde,0,Yield,kg/ha,2016,215.000000,E
35,132,Cabo Verde,0,Yield,kg/ha,2017,217.700000,E
35,132,Cabo Verde,0,Yield,kg/ha,2018,219.900000,E
35,132,Cabo Verde,0,Yield,kg/ha,2019,222.500000,E
35,132,Cabo Verde,0,Yield,kg/ha,2020,225.800000,E
35,132,Cabo Verde,0,Yield,kg/ha,2021,230.400000,E
35,132,Cabo Verde,0,Yield,kg/ha,2022,227.200000,E
35,132,Cabo Verde,0,Yield,kg/ha,2023,229.500000,E
35,132,Cabo Verde,0,Yield,kg/ha,2024,231.800000,E
115,116,Cambodia,0,Area harvested,ha,1998,360.000000,E
115,116,Cambodia,0,Area harvested,ha,1999,365.000000,A
115,116,Cambodia,0,Area harvested,ha,2000,365.000000,A
115,116,Cambodia,0,Area harvested,ha,2001,365.000000,A
115,116,Cambodia,0,Area harvested,ha,2002,370.000000,E
115,116,Cambodia,0,Area harvested,ha,2003,376.000000,I
115,116,Cambodia,0,Area harvested,ha,2004,380.000000,E
115,116,Cambodia,0,Area harvested,ha,2005,400.000000,E
115,116,Cambodia,0,Area harvested,ha,2006,400.000000,E
115,116,Cambodia,0,Area harvested,ha,2007,410.000000,E
115,116,Cambodia,0,Area harvested,ha,2008,410.000000,E
115,116,Cambodia,0,Area harvested,ha,2009,420.000000,E
115,116,Cambodia,0,Area harvested,ha,2010,445.000000,I
115,116,Cambodia,0,Area harvested,ha,2011,436.000000,I
115,116,Cambodia,0,Area harvested,ha,2012,438.000000,I
115,116,Cambodia,0,Area harvested,ha,2013,442.000000,I
115,116,Cambodia,0,Area harvested,ha,2014,445.000000,I
115,116,Cambodia,0,Area harvested,ha,2015,461.000000,I
115,116,Cambodia,0,Area harvested,ha,2016,472.000000,I
115,116,Cambodia,0,Area harvested,ha,2017,458.000000,I
115,116,Cambodia,0,Area harvested,ha,2018,449.000000,I
115,116,Cambodia,0,Area harvested,ha,2019,449.000000,I
115,116,Cambodia,0,Area harvested,ha,2020,451.000000,I
115,116,Cambodia,0,Area harvested,ha,2021,456.000000,I
115,116,Cambodia,0,Area harvested,ha,2022,456.000000,I
115,116,Cambodia,0,Area harvested,ha,2023,456.000000,I
115,116,Cambodia,0,Area harvested,ha,2024,457.000000,I
115,116,Cambodia,0,Production,t,1998,290.000000,E
115,116,Cambodia,0,Production,t,1999,300.000000,A
115,116,Cambodia,0,Production,t,2000,300.000000,A
115,116,Cambodia,0,Production,t,2001,300.000000,A
115,116,Cambodia,0,Production,t,2002,300.170000,I
115,116,Cambodia,0,Production,t,2003,305.020000,I
115,116,Cambodia,0,Production,t,2004,310.000000,E
115,116,Cambodia,0,Production,t,2005,319.570000,I
115,116,Cambodia,0,Production,t,2006,300.000000,E
115,116,Cambodia,0,Production,t,2007,320.000000,E
115,116,Cambodia,0,Production,t,2008,330.000000,E
115,116,Cambodia,0,Production,t,2009,350.000000,E
115,116,Cambodia,0,Production,t,2010,362.290000,I
115,116,Cambodia,0,Production,t,2011,348.800000,I
115,116,Cambodia,0,Production,t,2012,350.040000,I
115,116,Cambodia,0,Production,t,2013,353.120000,I
115,116,Cambodia,0,Production,t,2014,356.580000,I
115,116,Cambodia,0,Production,t,2015,369.690000,I
115,116,Cambodia,0,Production,t,2016,359.800000,E
115,116,Cambodia,0,Production,t,2017,356.640000,I
115,116,Cambodia,0,Production,t,2018,356.820000,I
115,116,Cambodia,0,Production,t,2019,357.510000,I
115,116,Cambodia,0,Production,t,2020,358.970000,I
115,116,Cambodia,0,Production,t,2021,362.380000,I
115,116,Cambodia,0,Production,t,2022,361.760000,I
115,116,Cambodia,0,Production,t,2023,362.220000,I
115,116,Cambodia,0,Production,t,2024,362.680000,I
115,116,Cambodia,0,Yield,kg/ha,1998,805.600000,E
115,116,Cambodia,0,Yield,kg/ha,1999,821.900000,A
115,116,Cambodia,0,Yield,kg/ha,2000,821.900000,A
115,116,Cambodia,0,Yield,kg/ha,2001,821.900000,A
115,116,Cambodia,0,Yield,kg/ha,2002,811.300000,E
115,116,Cambodia,0,Yield,kg/ha,2003,811.500000,E
115,116,Cambodia,0,Yield,kg/ha,2004,815.800000,E
115,116,Cambodia,0,Yield,kg/ha,2005,798.900000,E
115,116,Cambodia,0,Yield,kg/ha,2006,750.000000,E
115,116,Cambodia,0,Yield,kg/ha,2007,780.500000,E
115,116,Cambodia,0,Yield,kg/ha,2008,804.900000,E
115,116,Cambodia,0,Yield,kg/ha,2009,833.300000,E
115,116,Cambodia,0,Yield,kg/ha,2010,814.900000,E
115,116,Cambodia,0,Yield,kg/ha,2011,800.800000,E
115,116,Cambodia,0,Yield,kg/ha,2012,799.100000,E
115,116,Cambodia,0,Yield,kg/ha,2013,798.300000,E
115,116,Cambodia,0,Yield,kg/ha,2014,801.200000,E
115,116,Cambodia,0,Yield,kg/ha,2015,802.000000,E
115,116,Cambodia,0,Yield,kg/ha,2016,763.000000,E
115,116,Cambodia,0,Yield,kg/ha,2017,779.500000,E
115,116,Cambodia,0,Yield,kg/ha,2018,794.100000,E
115,116,Cambodia,0,Yield,kg/ha,2019,797.000000,E
115,116,Cambodia,0,Yield,kg/ha,2020,796.400000,E
115,116,Cambodia,0,Yield,kg/ha,2021,794.300000,E
115,116,Cambodia,0,Yield,kg/ha,2022,793.900000,E
115,116,Cambodia,0,Yield,kg/ha,2023,793.600000,E
115,116,Cambodia,0,Yield,kg/ha,2024,793.200000,E
32,120,Cameroon,0,Area harvested,ha,1998,406616.000000,I
32,120,Cameroon,0,Area harvested,ha,1999,340135.000000,I
32,120,Cameroon,0,Area harvested,ha,2000,294226.000000,I
32,120,Cameroon,0,Area harvested,ha,2001,234983.000000,I
32,120,Cameroon,0,Area harvested,ha,2002,140000.000000,E
32,120,Cameroon,0,Area harvested,ha,2003,160000.000000,E
32,120,Cameroon,0,Area harvested,ha,2004,170000.000000,E
32,120,Cameroon,0,Area harvested,ha,2005,183000.000000,A
32,120,Cameroon,0,Area harvested,ha,2006,200000.000000,E
32,120,Cameroon,0,Area harvested,ha,2007,150000.000000,E
32,120,Cameroon,0,Area harvested,ha,2008,160000.000000,E
32,120,Cameroon,0,Area harvested,ha,2009,155000.000000,E
32,120,Cameroon,0,Area harvested,ha,2010,214348.000000,I
32,120,Cameroon,0,Area harvested,ha,2011,75313.000000,I
32,120,Cameroon,0,Area harvested,ha,2012,102258.000000,I
32,120,Cameroon,0,Area harvested,ha,2013,107584.000000,I
32,120,Cameroon,0,Area harvested,ha,2014,101062.000000,I
32,120,Cameroon,0,Area harvested,ha,2015,94623.000000,I
32,120,Cameroon,0,Area harvested,ha,2016,83285.000000,A
32,120,Cameroon,0,Area harvested,ha,2017,91308.000000,A
32,120,Cameroon,0,Area harvested,ha,2018,81386.000000,A
32,120,Cameroon,0,Area harvested,ha,2019,77929.000000,A
32,120,Cameroon,0,Area harvested,ha,2020,69827.000000,A
32,120,Cameroon,0,Area harvested,ha,2021,62639.000000,I
32,120,Cameroon,0,Area harvested,ha,2022,61693.000000,I
32,120,Cameroon,0,Area harvested,ha,2023,57563.000000,I
32,120,Cameroon,0,Area harvested,ha,2024,54231.000000,I
32,120,Cameroon,0,Production,t,1998,112532.000000,A
32,120,Cameroon,0,Production,t,1999,98000.000000,A
32,120,Cameroon,0,Production,t,2000,86200.000000,A
32,120,Cameroon,0,Production,t,2001,70500.000000,A
32,120,Cameroon,0,Production,t,2002,41000.000000,X
32,120,Cameroon,0,Production,t,2003,48000.000000,X
32,120,Cameroon,0,Production,t,2004,54000.000000,X
32,120,Cameroon,0,Production,t,2005,60000.000000,A
32,120,Cameroon,0,Production,t,2006,62300.000000,X
32,120,Cameroon,0,Production,t,2007,47792.000000,A
32,120,Cameroon,0,Production,t,2008,50687.000000,A
32,120,Cameroon,0,Production,t,2009,48123.000000,X
32,120,Cameroon,0,Production,t,2010,66584.000000,A
32,120,Cameroon,0,Production,t,2011,26322.000000,A
32,120,Cameroon,0,Production,t,2012,38127.000000,A
32,120,Cameroon,0,Production,t,2013,41800.000000,A
32,120,Cameroon,0,Production,t,2014,41143.170000,I
32,120,Cameroon,0,Production,t,2015,39702.170000,I
32,120,Cameroon,0,Production,t,2016,38411.700000,A
32,120,Cameroon,0,Production,t,2017,41916.800000,A
32,120,Cameroon,0,Production,t,2018,41184.500000,A
32,120,Cameroon,0,Production,t,2019,40907.300000,A
32,120,Cameroon,0,Production,t,2020,36359.900000,A
32,120,Cameroon,0,Production,t,2021,32487.610000,I
32,120,Cameroon,0,Production,t,2022,32255.270000,I
32,120,Cameroon,0,Production,t,2023,31009.610000,I
32,120,Cameroon,0,Production,t,2024,29774.370000,I
32,120,Cameroon,0,Yield,kg/ha,1998,276.800000,E
32,120,Cameroon,0,Yield,kg/ha,1999,288.100000,E
32,120,Cameroon,0,Yield,kg/ha,2000,293.000000,E
32,120,Cameroon,0,Yield,kg/ha,2001,300.000000,E
32,120,Cameroon,0,Yield,kg/ha,2002,292.900000,E
32,120,Cameroon,0,Yield,kg/ha,2003,300.000000,E
32,120,Cameroon,0,Yield,kg/ha,2004,317.600000,E
32,120,Cameroon,0,Yield,kg/ha,2005,327.900000,A
32,120,Cameroon,0,Yield,kg/ha,2006,311.500000,E
32,120,Cameroon,0,Yield,kg/ha,2007,318.600000,E
32,120,Cameroon,0,Yield,kg/ha,2008,316.800000,E
32,120,Cameroon,0,Yield,kg/ha,2009,310.500000,E
32,120,Cameroon,0,Yield,kg/ha,2010,310.600000,E
32,120,Cameroon,0,Yield,kg/ha,2011,349.500000,E
32,120,Cameroon,0,Yield,kg/ha,2012,372.800000,E
32,120,Cameroon,0,Yield,kg/ha,2013,388.500000,E
32,120,Cameroon,0,Yield,kg/ha,2014,407.100000,E
32,120,Cameroon,0,Yield,kg/ha,2015,419.600000,E
32,120,Cameroon,0,Yield,kg/ha,2016,461.200000,A
32,120,Cameroon,0,Yield,kg/ha,2017,459.100000,A
32,120,Cameroon,0,Yield,kg/ha,2018,506.000000,A
32,120,Cameroon,0,Yield,kg/ha,2019,524.900000,A
32,120,Cameroon,0,Yield,kg/ha,2020,520.700000,A
32,120,Cameroon,0,Yield,kg/ha,2021,518.600000,E
32,120,Cameroon,0,Yield,kg/ha,2022,522.800000,E
32,120,Cameroon,0,Yield,kg/ha,2023,538.700000,E
32,120,Cameroon,0,Yield,kg/ha,2024,549.000000,E
5206,029,Caribbean,1,Area harvested,ha,1998,301167.000000,E
5206,029,Caribbean,1,Area harvested,ha,1999,308034.000000,E
5206,029,Caribbean,1,Area harvested,ha,2000,291796.000000,A
5206,029,Caribbean,1,Area harvested,ha,2001,284867.000000,A
5206,029,Caribbean,1,Area harvested,ha,2002,272903.000000,E
5206,029,Caribbean,1,Area harvested,ha,2003,279403.000000,E
5206,029,Caribbean,1,Area harvested,ha,2004,269819.000000,E
5206,029,Caribbean,1,Area harvested,ha,2005,270290.000000,E
5206,029,Caribbean,1,Area harvested,ha,2006,265610.000000,E
5206,029,Caribbean,1,Area harvested,ha,2007,300183.000000,E
5206,029,Caribbean,1,Area harvested,ha,2008,252489.000000,E
5206,029,Caribbean,1,Area harvested,ha,2009,233992.000000,E
5206,029,Caribbean,1,Area harvested,ha,2010,227902.000000,E
5206,029,Caribbean,1,Area harvested,ha,2011,226894.000000,E
5206,029,Caribbean,1,Area harvested,ha,2012,166344.000000,E
5206,029,Caribbean,1,Area harvested,ha,2013,143349.000000,E
5206,029,Caribbean,1,Area harvested,ha,2014,151663.000000,A
5206,029,Caribbean,1,Area harvested,ha,2015,145893.000000,A
5206,029,Caribbean,1,Area harvested,ha,2016,154325.000000,E
5206,029,Caribbean,1,Area harvested,ha,2017,143882.000000,A
5206,029,Caribbean,1,Area harvested,ha,2018,125807.000000,E
5206,029,Caribbean,1,Area harvested,ha,2019,132346.000000,E
5206,029,Caribbean,1,Area harvested,ha,2020,94487.000000,E
5206,029,Caribbean,1,Area harvested,ha,2021,90483.000000,E
5206,029,Caribbean,1,Area harvested,ha,2022,93072.000000,E
5206,029,Caribbean,1,Area harvested,ha,2023,99406.000000,E
5206,029,Caribbean,1,Area harvested,ha,2024,87778.000000,E
5206,029,Caribbean,1,Production,t,1998,113786.870000,A
5206,029,Caribbean,1,Production,t,1999,94924.910000,E
5206,029,Caribbean,1,Production,t,2000,103611.710000,A
5206,029,Caribbean,1,Production,t,2001,91651.520000,A
5206,029,Caribbean,1,Production,t,2002,90130.410000,A
5206,029,Caribbean,1,Production,t,2003,95587.210000,A
5206,029,Caribbean,1,Production,t,2004,92817.330000,A
5206,029,Caribbean,1,Production,t,2005,103728.550000,A
5206,029,Caribbean,1,Production,t,2006,105615.020000,A
5206,029,Caribbean,1,Production,t,2007,124004.450000,A
5206,029,Caribbean,1,Production,t,2008,92867.680000,A
5206,029,Caribbean,1,Production,t,2009,86152.290000,E
5206,029,Caribbean,1,Production,t,2010,66749.060000,E
5206,029,Caribbean,1,Production,t,2011,68384.360000,E
5206,029,Caribbean,1,Production,t,2012,68537.580000,E
5206,029,Caribbean,1,Production,t,2013,50277.820000,E
5206,029,Caribbean,1,Production,t,2014,36587.450000,E
5206,029,Caribbean,1,Production,t,2015,30670.510000,E
5206,029,Caribbean,1,Production,t,2016,34811.790000,E
5206,029,Caribbean,1,Production,t,2017,35275.670000,E
5206,029,Caribbean,1,Production,t,2018,39601.960000,A
5206,029,Caribbean,1,Production,t,2019,35913.890000,E
5206,029,Caribbean,1,Production,t,2020,36924.780000,E
5206,029,Caribbean,1,Production,t,2021,40159.770000,A
5206,029,Caribbean,1,Production,t,2022,43014.280000,A
5206,029,Caribbean,1,Production,t,2023,49345.380000,A
5206,029,Caribbean,1,Production,t,2024,43675.980000,A
5206,029,Caribbean,1,Yield,kg/ha,1998,377.800000,E
5206,029,Caribbean,1,Yield,kg/ha,1999,308.200000,E
5206,029,Caribbean,1,Yield,kg/ha,2000,355.100000,A
5206,029,Caribbean,1,Yield,kg/ha,2001,321.700000,A
5206,029,Caribbean,1,Yield,kg/ha,2002,330.300000,E
5206,029,Caribbean,1,Yield,kg/ha,2003,342.100000,E
5206,029,Caribbean,1,Yield,kg/ha,2004,344.000000,E
5206,029,Caribbean,1,Yield,kg/ha,2005,383.800000,E
5206,029,Caribbean,1,Yield,kg/ha,2006,397.600000,E
5206,029,Caribbean,1,Yield,kg/ha,2007,413.100000,E
5206,029,Caribbean,1,Yield,kg/ha,2008,367.800000,E
5206,029,Caribbean,1,Yield,kg/ha,2009,368.200000,E
5206,029,Caribbean,1,Yield,kg/ha,2010,292.900000,E
5206,029,Caribbean,1,Yield,kg/ha,2011,301.400000,E
5206,029,Caribbean,1,Yield,kg/ha,2012,412.000000,E
5206,029,Caribbean,1,Yield,kg/ha,2013,350.700000,E
5206,029,Caribbean,1,Yield,kg/ha,2014,241.200000,E
5206,029,Caribbean,1,Yield,kg/ha,2015,210.200000,E
5206,029,Caribbean,1,Yield,kg/ha,2016,225.600000,E
5206,029,Caribbean,1,Yield,kg/ha,2017,245.200000,E
5206,029,Caribbean,1,Yield,kg/ha,2018,314.800000,E
5206,029,Caribbean,1,Yield,kg/ha,2019,271.400000,E
5206,029,Caribbean,1,Yield,kg/ha,2020,390.800000,E
5206,029,Caribbean,1,Yield,kg/ha,2021,443.800000,E
5206,029,Caribbean,1,Yield,kg/ha,2022,462.200000,E
5206,029,Caribbean,1,Yield,kg/ha,2023,496.400000,E
5206,029,Caribbean,1,Yield,kg/ha,2024,497.600000,E
37,140,Central African Republic,0,Area harvested,ha,1998,20570.000000,I
37,140,Central African Republic,0,Area harvested,ha,1999,19978.000000,I
37,140,Central African Republic,0,Area harvested,ha,2000,23506.000000,I
37,140,Central African Republic,0,Area harvested,ha,2001,23195.000000,I
37,140,Central African Republic,0,Area harvested,ha,2002,25068.000000,I
37,140,Central African Republic,0,Area harvested,ha,2003,12000.000000,E
37,140,Central African Republic,0,Area harvested,ha,2004,9000.000000,E
37,140,Central African Republic,0,Area harvested,ha,2005,7000.000000,E
37,140,Central African Republic,0,Area harvested,ha,2006,3200.000000,E
37,140,Central African Republic,0,Area harvested,ha,2007,5200.000000,E
37,140,Central African Republic,0,Area harvested,ha,2008,7100.000000,E
37,140,Central African Republic,0,Area harvested,ha,2009,7800.000000,E
37,140,Central African Republic,0,Area harvested,ha,2010,13410.000000,I
37,140,Central African Republic,0,Area harvested,ha,2011,16944.000000,I
37,140,Central African Republic,0,Area harvested,ha,2012,20059.000000,I
37,140,Central African Republic,0,Area harvested,ha,2013,24925.000000,I
37,140,Central African Republic,0,Area harvested,ha,2014,45052.000000,A
37,140,Central African Republic,0,Area harvested,ha,2015,44800.000000,A
37,140,Central African Republic,0,Area harvested,ha,2016,44000.000000,A
37,140,Central African Republic,0,Area harvested,ha,2017,44617.000000,E
37,140,Central African Republic,0,Area harvested,ha,2018,298752.000000,I
37,140,Central African Republic,0,Area harvested,ha,2019,622257.000000,I
37,140,Central African Republic,0,Area harvested,ha,2020,717420.000000,A
37,140,Central African Republic,0,Area harvested,ha,2021,738942.000000,A
37,140,Central African Republic,0,Area harvested,ha,2022,761111.000000,A
37,140,Central African Republic,0,Area harvested,ha,2023,783944.000000,A
37,140,Central African Republic,0,Area harvested,ha,2024,943748.000000,I
37,140,Central African Republic,0,Production,t,1998,12037.000000,A
37,140,Central African Republic,0,Production,t,1999,11260.000000,A
37,140,Central African Republic,0,Production,t,2000,12900.000000,A
37,140,Central African Republic,0,Production,t,2001,12300.000000,X
37,140,Central African Republic,0,Production,t,2002,13000.000000,A
37,140,Central African Republic,0,Production,t,2003,5520.000000,X
37,140,Central African Republic,0,Production,t,2004,4320.000000,X
37,140,Central African Republic,0,Production,t,2005,3300.000000,X
37,140,Central African Republic,0,Production,t,2006,1500.000000,X
37,140,Central African Republic,0,Production,t,2007,2400.000000,X
37,140,Central African Republic,0,Production,t,2008,3300.000000,X
37,140,Central African Republic,0,Production,t,2009,3544.000000,A
37,140,Central African Republic,0,Production,t,2010,5270.000000,A
37,140,Central African Republic,0,Production,t,2011,6217.620000,I
37,140,Central African Republic,0,Production,t,2012,6922.630000,I
37,140,Central African Republic,0,Production,t,2013,7974.680000,I
37,140,Central African Republic,0,Production,t,2014,10799.000000,A
37,140,Central African Republic,0,Production,t,2015,9050.000000,A
37,140,Central African Republic,0,Production,t,2016,10120.000000,A
37,140,Central African Republic,0,Production,t,2017,9989.670000,E
37,140,Central African Republic,0,Production,t,2018,89979.420000,I
37,140,Central African Republic,0,Production,t,2019,202752.730000,I
37,140,Central African Republic,0,Production,t,2020,289283.300000,A
37,140,Central African Republic,0,Production,t,2021,297961.800000,A
37,140,Central African Republic,0,Production,t,2022,306900.660000,A
37,140,Central African Republic,0,Production,t,2023,316108.000000,A
37,140,Central African Republic,0,Production,t,2024,324922.990000,I
37,140,Central African Republic,0,Yield,kg/ha,1998,585.200000,E
37,140,Central African Republic,0,Yield,kg/ha,1999,563.600000,E
37,140,Central African Republic,0,Yield,kg/ha,2000,548.800000,E
37,140,Central African Republic,0,Yield,kg/ha,2001,530.300000,E
37,140,Central African Republic,0,Yield,kg/ha,2002,518.600000,E
37,140,Central African Republic,0,Yield,kg/ha,2003,460.000000,E
37,140,Central African Republic,0,Yield,kg/ha,2004,480.000000,E
37,140,Central African Republic,0,Yield,kg/ha,2005,471.400000,E
37,140,Central African Republic,0,Yield,kg/ha,2006,468.800000,E
37,140,Central African Republic,0,Yield,kg/ha,2007,461.500000,E
37,140,Central African Republic,0,Yield,kg/ha,2008,464.800000,E
37,140,Central African Republic,0,Yield,kg/ha,2009,454.400000,E
37,140,Central African Republic,0,Yield,kg/ha,2010,393.000000,E
37,140,Central African Republic,0,Yield,kg/ha,2011,366.900000,E
37,140,Central African Republic,0,Yield,kg/ha,2012,345.100000,E
37,140,Central African Republic,0,Yield,kg/ha,2013,319.900000,E
37,140,Central African Republic,0,Yield,kg/ha,2014,239.700000,A
37,140,Central African Republic,0,Yield,kg/ha,2015,202.000000,A
37,140,Central African Republic,0,Yield,kg/ha,2016,230.000000,A
37,140,Central African Republic,0,Yield,kg/ha,2017,223.900000,E
37,140,Central African Republic,0,Yield,kg/ha,2018,301.200000,E
37,140,Central African Republic,0,Yield,kg/ha,2019,325.800000,E
37,140,Central African Republic,0,Yield,kg/ha,2020,403.200000,A
37,140,Central African Republic,0,Yield,kg/ha,2021,403.200000,A
37,140,Central African Republic,0,Yield,kg/ha,2022,403.200000,A
37,140,Central African Republic,0,Yield,kg/ha,2023,403.200000,A
37,140,Central African Republic,0,Yield,kg/ha,2024,344.300000,E
5204,013,Central America,1,Area harvested,ha,1998,1523589.000000,A
5204,013,Central America,1,Area harvested,ha,1999,1593154.000000,A
5204,013,Central America,1,Area harvested,ha,2000,1582755.000000,A
5204,013,Central America,1,Area harvested,ha,2001,1644012.000000,A
5204,013,Central America,1,Area harvested,ha,2002,1605966.000000,A
5204,013,Central America,1,Area harvested,ha,2003,1633662.000000,A
5204,013,Central America,1,Area harvested,ha,2004,1646738.000000,A
5204,013,Central America,1,Area harvested,ha,2005,1663526.000000,A
5204,013,Central America,1,Area harvested,ha,2006,1657586.000000,A
5204,013,Central America,1,Area harvested,ha,2007,1669544.000000,A
5204,013,Central America,1,Area harvested,ha,2008,1655631.000000,A
5204,013,Central America,1,Area harvested,ha,2009,1657245.000000,A
5204,013,Central America,1,Area harvested,ha,2010,1697303.000000,A
5204,013,Central America,1,Area harvested,ha,2011,1652303.000000,A
5204,013,Central America,1,Area harvested,ha,2012,1672974.000000,A
5204,013,Central America,1,Area harvested,ha,2013,1594627.000000,A
5204,013,Central America,1,Area harvested,ha,2014,1576344.000000,A
5204,013,Central America,1,Area harvested,ha,2015,1560600.000000,A
5204,013,Central America,1,Area harvested,ha,2016,1587953.000000,A
5204,013,Central America,1,Area harvested,ha,2017,1700931.000000,E
5204,013,Central America,1,Area harvested,ha,2018,1720335.000000,E
5204,013,Central America,1,Area harvested,ha,2019,1714651.000000,E
5204,013,Central America,1,Area harvested,ha,2020,1677224.000000,E
5204,013,Central America,1,Area harvested,ha,2021,1724844.000000,E
5204,013,Central America,1,Area harvested,ha,2022,1679174.000000,A
5204,013,Central America,1,Area harvested,ha,2023,1715836.000000,A
5204,013,Central America,1,Area harvested,ha,2024,1664095.000000,A
5204,013,Central America,1,Production,t,1998,1049771.000000,A
5204,013,Central America,1,Production,t,1999,1165583.000000,A
5204,013,Central America,1,Production,t,2000,1211647.000000,A
5204,013,Central America,1,Production,t,2001,1114229.840000,A
5204,013,Central America,1,Production,t,2002,1045084.280000,A
5204,013,Central America,1,Production,t,2003,1038303.500000,A
5204,013,Central America,1,Production,t,2004,1027412.800000,A
5204,013,Central America,1,Production,t,2005,1055575.000000,A
5204,013,Central America,1,Production,t,2006,1003384.380000,A
5204,013,Central America,1,Production,t,2007,1084728.980000,A
5204,013,Central America,1,Production,t,2008,1055361.380000,A
5204,013,Central America,1,Production,t,2009,1016527.420000,A
5204,013,Central America,1,Production,t,2010,1033490.160000,A
5204,013,Central America,1,Production,t,2011,1077735.840000,A
5204,013,Central America,1,Production,t,2012,1166399.710000,A
5204,013,Central America,1,Production,t,2013,956535.600000,A
5204,013,Central America,1,Production,t,2014,956115.590000,A
5204,013,Central America,1,Production,t,2015,969671.870000,A
5204,013,Central America,1,Production,t,2016,1015450.940000,A
5204,013,Central America,1,Production,t,2017,1121706.120000,A
5204,013,Central America,1,Production,t,2018,1160473.430000,A
5204,013,Central America,1,Production,t,2019,1129998.570000,A
5204,013,Central America,1,Production,t,2020,1068651.400000,A
5204,013,Central America,1,Production,t,2021,1127533.540000,A
5204,013,Central America,1,Production,t,2022,1050120.690000,A
5204,013,Central America,1,Production,t,2023,1054861.420000,A
5204,013,Central America,1,Production,t,2024,992128.630000,E
5204,013,Central America,1,Yield,kg/ha,1998,689.000000,A
5204,013,Central America,1,Yield,kg/ha,1999,731.600000,A
5204,013,Central America,1,Yield,kg/ha,2000,765.500000,A
5204,013,Central America,1,Yield,kg/ha,2001,677.800000,A
5204,013,Central America,1,Yield,kg/ha,2002,650.800000,A
5204,013,Central America,1,Yield,kg/ha,2003,635.600000,A
5204,013,Central America,1,Yield,kg/ha,2004,623.900000,A
5204,013,Central America,1,Yield,kg/ha,2005,634.500000,A
5204,013,Central America,1,Yield,kg/ha,2006,605.300000,A
5204,013,Central America,1,Yield,kg/ha,2007,649.700000,A
5204,013,Central America,1,Yield,kg/ha,2008,637.400000,A
5204,013,Central America,1,Yield,kg/ha,2009,613.400000,A
5204,013,Central America,1,Yield,kg/ha,2010,608.900000,A
5204,013,Central America,1,Yield,kg/ha,2011,652.300000,A
5204,013,Central America,1,Yield,kg/ha,2012,697.200000,A
5204,013,Central America,1,Yield,kg/ha,2013,599.800000,A
5204,013,Central America,1,Yield,kg/ha,2014,606.500000,A
5204,013,Central America,1,Yield,kg/ha,2015,621.300000,A
5204,013,Central America,1,Yield,kg/ha,2016,639.500000,A
5204,013,Central America,1,Yield,kg/ha,2017,659.500000,E
5204,013,Central America,1,Yield,kg/ha,2018,674.600000,E
5204,013,Central America,1,Yield,kg/ha,2019,659.000000,E
5204,013,Central America,1,Yield,kg/ha,2020,637.200000,E
5204,013,Central America,1,Yield,kg/ha,2021,653.700000,E
5204,013,Central America,1,Yield,kg/ha,2022,625.400000,A
5204,013,Central America,1,Yield,kg/ha,2023,614.800000,A
5204,013,Central America,1,Yield,kg/ha,2024,596.200000,E
351,159,China,0,Area harvested,ha,1998,4400.000000,A
351,159,China,0,Area harvested,ha,1999,7000.000000,A
351,159,China,0,Area harvested,ha,2000,9600.000000,A
351,159,China,0,Area harvested,ha,2001,14600.000000,A
351,159,China,0,Area harvested,ha,2002,15600.000000,A
351,159,China,0,Area harvested,ha,2003,16000.000000,A
351,159,China,0,Area harvested,ha,2004,12000.000000,A
351,159,China,0,Area harvested,ha,2005,15500.000000,A
351,159,China,0,Area harvested,ha,2006,14400.000000,A
351,159,China,0,Area harvested,ha,2007,15110.000000,A
351,159,China,0,Area harvested,ha,2008,16280.000000,A
351,159,China,0,Area harvested,ha,2009,22530.000000,A
351,159,China,0,Area harvested,ha,2010,25007.000000,A
351,159,China,0,Area harvested,ha,2011,29550.000000,A
351,159,China,0,Area harvested,ha,2012,37800.000000,A
351,159,China,0,Area harvested,ha,2013,49600.000000,A
351,159,China,0,Area harvested,ha,2014,49225.000000,E
351,159,China,0,Area harvested,ha,2015,42810.000000,E
351,159,China,0,Area harvested,ha,2016,40875.000000,E
351,159,China,0,Area harvested,ha,2017,39818.000000,E
351,159,China,0,Area harvested,ha,2018,38933.000000,E
351,159,China,0,Area harvested,ha,2019,39123.000000,E
351,159,China,0,Area harvested,ha,2020,36023.000000,E
351,159,China,0,Area harvested,ha,2021,32889.000000,E
351,159,China,0,Area harvested,ha,2022,33019.000000,E
351,159,China,0,Area harvested,ha,2023,32220.000000,E
351,159,China,0,Area harvested,ha,2024,33122.000000,E
351,159,China,0,Production,t,1998,6237.000000,A
351,159,China,0,Production,t,1999,8743.000000,A
351,159,China,0,Production,t,2000,11568.000000,A
351,159,China,0,Production,t,2001,17202.000000,A
351,159,China,0,Production,t,2002,19456.000000,A
351,159,China,0,Production,t,2003,23144.000000,A
351,159,China,0,Production,t,2004,21659.000000,A
351,159,China,0,Production,t,2005,21919.000000,A
351,159,China,0,Production,t,2006,25655.000000,A
351,159,China,0,Production,t,2007,26000.000000,E
351,159,China,0,Production,t,2008,33278.000000,A
351,159,China,0,Production,t,2009,70405.000000,A
351,159,China,0,Production,t,2010,49596.000000,A
351,159,China,0,Production,t,2011,65384.000000,A
351,159,China,0,Production,t,2012,92064.000000,A
351,159,China,0,Production,t,2013,116826.000000,A
351,159,China,0,Production,t,2014,127585.930000,E
351,159,China,0,Production,t,2015,115896.760000,E
351,159,China,0,Production,t,2016,114186.440000,E
351,159,China,0,Production,t,2017,115110.140000,E
351,159,China,0,Production,t,2018,116519.000000,E
351,159,China,0,Production,t,2019,121012.000000,E
351,159,China,0,Production,t,2020,114970.000000,E
351,159,China,0,Production,t,2021,108906.000000,E
351,159,China,0,Production,t,2022,108980.000000,E
351,159,China,0,Production,t,2023,108956.000000,E
351,159,China,0,Production,t,2024,114951.290000,E
351,159,China,0,Yield,kg/ha,1998,1417.500000,A
351,159,China,0,Yield,kg/ha,1999,1249.000000,A
351,159,China,0,Yield,kg/ha,2000,1205.000000,A
351,159,China,0,Yield,kg/ha,2001,1178.200000,A
351,159,China,0,Yield,kg/ha,2002,1247.200000,A
351,159,China,0,Yield,kg/ha,2003,1446.500000,A
351,159,China,0,Yield,kg/ha,2004,1804.900000,A
351,159,China,0,Yield,kg/ha,2005,1414.100000,A
351,159,China,0,Yield,kg/ha,2006,1781.600000,A
351,159,China,0,Yield,kg/ha,2007,1720.700000,E
351,159,China,0,Yield,kg/ha,2008,2044.100000,A
351,159,China,0,Yield,kg/ha,2009,3124.900000,A
351,159,China,0,Yield,kg/ha,2010,1983.300000,A
351,159,China,0,Yield,kg/ha,2011,2212.700000,A
351,159,China,0,Yield,kg/ha,2012,2435.600000,A
351,159,China,0,Yield,kg/ha,2013,2355.400000,A
351,159,China,0,Yield,kg/ha,2014,2591.900000,E
351,159,China,0,Yield,kg/ha,2015,2707.200000,E
351,159,China,0,Yield,kg/ha,2016,2793.600000,E
351,159,China,0,Yield,kg/ha,2017,2890.900000,E
351,159,China,0,Yield,kg/ha,2018,2992.800000,E
351,159,China,0,Yield,kg/ha,2019,3093.100000,E
351,159,China,0,Yield,kg/ha,2020,3191.500000,E
351,159,China,0,Yield,kg/ha,2021,3311.300000,E
351,159,China,0,Yield,kg/ha,2022,3300.500000,E
351,159,China,0,Yield,kg/ha,2023,3381.600000,E
351,159,China,0,Yield,kg/ha,2024,3470.600000,E
214,158,"China, Taiwan Province of",0,Area harvested,ha,1998,0.000000,I
214,158,"China, Taiwan Province of",0,Area harvested,ha,1999,0.000000,I
214,158,"China, Taiwan Province of",0,Area harvested,ha,2000,0.000000,I
214,158,"China, Taiwan Province of",0,Area harvested,ha,2001,0.000000,I
214,158,"China, Taiwan Province of",0,Area harvested,ha,2002,0.000000,I
214,158,"China, Taiwan Province of",0,Area harvested,ha,2003,0.000000,I
214,158,"China, Taiwan Province of",0,Area harvested,ha,2004,0.000000,I
214,158,"China, Taiwan Province of",0,Area harvested,ha,2005,0.000000,I
214,158,"China, Taiwan Province of",0,Area harvested,ha,2006,0.000000,I
214,158,"China, Taiwan Province of",0,Area harvested,ha,2007,0.000000,I
214,158,"China, Taiwan Province of",0,Area harvested,ha,2008,0.000000,I
214,158,"China, Taiwan Province of",0,Area harvested,ha,2009,0.000000,I
214,158,"China, Taiwan Province of",0,Area harvested,ha,2010,0.000000,I
214,158,"China, Taiwan Province of",0,Area harvested,ha,2011,0.000000,I
214,158,"China, Taiwan Province of",0,Area harvested,ha,2012,0.000000,I
214,158,"China, Taiwan Province of",0,Area harvested,ha,2013,0.000000,I
214,158,"China, Taiwan Province of",0,Area harvested,ha,2014,0.000000,I
214,158,"China, Taiwan Province of",0,Area harvested,ha,2015,960.000000,A
214,158,"China, Taiwan Province of",0,Area harvested,ha,2016,1097.000000,A
214,158,"China, Taiwan Province of",0,Area harvested,ha,2017,1117.000000,A
214,158,"China, Taiwan Province of",0,Area harvested,ha,2018,1152.000000,A
214,158,"China, Taiwan Province of",0,Area harvested,ha,2019,1099.000000,A
214,158,"China, Taiwan Province of",0,Area harvested,ha,2020,1112.000000,A
214,158,"China, Taiwan Province of",0,Area harvested,ha,2021,1142.000000,A
214,158,"China, Taiwan Province of",0,Area harvested,ha,2022,1143.000000,A
214,158,"China, Taiwan Province of",0,Area harvested,ha,2023,1166.000000,A
214,158,"China, Taiwan Province of",0,Area harvested,ha,2024,1136.000000,I
214,158,"China, Taiwan Province of",0,Production,t,1998,0.000000,I
214,158,"China, Taiwan Province of",0,Production,t,1999,0.000000,I
214,158,"China, Taiwan Province of",0,Production,t,2000,0.000000,I
214,158,"China, Taiwan Province of",0,Production,t,2001,0.000000,I
214,158,"China, Taiwan Province of",0,Production,t,2002,0.000000,I
214,158,"China, Taiwan Province of",0,Production,t,2003,0.000000,I
214,158,"China, Taiwan Province of",0,Production,t,2004,0.000000,I
214,158,"China, Taiwan Province of",0,Production,t,2005,0.000000,I
214,158,"China, Taiwan Province of",0,Production,t,2006,0.000000,I
214,158,"China, Taiwan Province of",0,Production,t,2007,0.000000,I
214,158,"China, Taiwan Province of",0,Production,t,2008,0.000000,I
214,158,"China, Taiwan Province of",0,Production,t,2009,0.000000,I
214,158,"China, Taiwan Province of",0,Production,t,2010,0.000000,I
214,158,"China, Taiwan Province of",0,Production,t,2011,0.000000,I
214,158,"China, Taiwan Province of",0,Production,t,2012,0.000000,I
214,158,"China, Taiwan Province of",0,Production,t,2013,0.000000,I
214,158,"China, Taiwan Province of",0,Production,t,2014,0.000000,I
214,158,"China, Taiwan Province of",0,Production,t,2015,757.000000,A
214,158,"China, Taiwan Province of",0,Production,t,2016,841.000000,A
214,158,"China, Taiwan Province of",0,Production,t,2017,947.000000,A
214,158,"China, Taiwan Province of",0,Production,t,2018,1019.000000,A
214,158,"China, Taiwan Province of",0,Production,t,2019,1012.000000,A
214,158,"China, Taiwan Province of",0,Production,t,2020,970.000000,A
214,158,"China, Taiwan Province of",0,Production,t,2021,906.000000,A
214,158,"China, Taiwan Province of",0,Production,t,2022,980.000000,A
214,158,"China, Taiwan Province of",0,Production,t,2023,956.000000,A
214,158,"China, Taiwan Province of",0,Production,t,2024,951.290000,I
214,158,"China, Taiwan Province of",0,Yield,kg/ha,2015,788.500000,A
214,158,"China, Taiwan Province of",0,Yield,kg/ha,2016,766.600000,A
214,158,"China, Taiwan Province of",0,Yield,kg/ha,2017,847.800000,A
214,158,"China, Taiwan Province of",0,Yield,kg/ha,2018,884.500000,A
214,158,"China, Taiwan Province of",0,Yield,kg/ha,2019,920.800000,A
214,158,"China, Taiwan Province of",0,Yield,kg/ha,2020,872.300000,A
214,158,"China, Taiwan Province of",0,Yield,kg/ha,2021,793.300000,A
214,158,"China, Taiwan Province of",0,Yield,kg/ha,2022,857.400000,A
214,158,"China, Taiwan Province of",0,Yield,kg/ha,2023,819.900000,A
214,158,"China, Taiwan Province of",0,Yield,kg/ha,2024,837.600000,E
41,156,"China, mainland",0,Area harvested,ha,1998,4400.000000,A
41,156,"China, mainland",0,Area harvested,ha,1999,7000.000000,A
41,156,"China, mainland",0,Area harvested,ha,2000,9600.000000,A
41,156,"China, mainland",0,Area harvested,ha,2001,14600.000000,A
41,156,"China, mainland",0,Area harvested,ha,2002,15600.000000,A
41,156,"China, mainland",0,Area harvested,ha,2003,16000.000000,A
41,156,"China, mainland",0,Area harvested,ha,2004,12000.000000,A
41,156,"China, mainland",0,Area harvested,ha,2005,15500.000000,A
41,156,"China, mainland",0,Area harvested,ha,2006,14400.000000,A
41,156,"China, mainland",0,Area harvested,ha,2007,15110.000000,A
41,156,"China, mainland",0,Area harvested,ha,2008,16280.000000,A
41,156,"China, mainland",0,Area harvested,ha,2009,22530.000000,A
41,156,"China, mainland",0,Area harvested,ha,2010,25007.000000,A
41,156,"China, mainland",0,Area harvested,ha,2011,29550.000000,A
41,156,"China, mainland",0,Area harvested,ha,2012,37800.000000,A
41,156,"China, mainland",0,Area harvested,ha,2013,49600.000000,A
41,156,"China, mainland",0,Area harvested,ha,2014,49225.000000,I
41,156,"China, mainland",0,Area harvested,ha,2015,41850.000000,I
41,156,"China, mainland",0,Area harvested,ha,2016,39778.000000,I
41,156,"China, mainland",0,Area harvested,ha,2017,38701.000000,I
41,156,"China, mainland",0,Area harvested,ha,2018,37781.000000,I
41,156,"China, mainland",0,Area harvested,ha,2019,38024.000000,I
41,156,"China, mainland",0,Area harvested,ha,2020,34911.000000,I
41,156,"China, mainland",0,Area harvested,ha,2021,31747.000000,I
41,156,"China, mainland",0,Area harvested,ha,2022,31876.000000,I
41,156,"China, mainland",0,Area harvested,ha,2023,31054.000000,I
41,156,"China, mainland",0,Area harvested,ha,2024,31986.000000,I
41,156,"China, mainland",0,Production,t,1998,6237.000000,A
41,156,"China, mainland",0,Production,t,1999,8743.000000,A
41,156,"China, mainland",0,Production,t,2000,11568.000000,A
41,156,"China, mainland",0,Production,t,2001,17202.000000,A
41,156,"China, mainland",0,Production,t,2002,19456.000000,A
41,156,"China, mainland",0,Production,t,2003,23144.000000,A
41,156,"China, mainland",0,Production,t,2004,21659.000000,A
41,156,"China, mainland",0,Production,t,2005,21919.000000,A
41,156,"China, mainland",0,Production,t,2006,25655.000000,A
41,156,"China, mainland",0,Production,t,2007,26000.000000,E
41,156,"China, mainland",0,Production,t,2008,33278.000000,A
41,156,"China, mainland",0,Production,t,2009,70405.000000,A
41,156,"China, mainland",0,Production,t,2010,49596.000000,A
41,156,"China, mainland",0,Production,t,2011,65384.000000,A
41,156,"China, mainland",0,Production,t,2012,92064.000000,A
41,156,"China, mainland",0,Production,t,2013,116826.000000,A
41,156,"China, mainland",0,Production,t,2014,127585.930000,I
41,156,"China, mainland",0,Production,t,2015,115139.760000,I
41,156,"China, mainland",0,Production,t,2016,113345.440000,I
41,156,"China, mainland",0,Production,t,2017,114163.140000,I
41,156,"China, mainland",0,Production,t,2018,115500.000000,X
41,156,"China, mainland",0,Production,t,2019,120000.000000,X
41,156,"China, mainland",0,Production,t,2020,114000.000000,X
41,156,"China, mainland",0,Production,t,2021,108000.000000,X
41,156,"China, mainland",0,Production,t,2022,108000.000000,X
41,156,"China, mainland",0,Production,t,2023,108000.000000,X
41,156,"China, mainland",0,Production,t,2024,114000.000000,X
41,156,"China, mainland",0,Yield,kg/ha,1998,1417.500000,A
41,156,"China, mainland",0,Yield,kg/ha,1999,1249.000000,A
41,156,"China, mainland",0,Yield,kg/ha,2000,1205.000000,A
41,156,"China, mainland",0,Yield,kg/ha,2001,1178.200000,A
41,156,"China, mainland",0,Yield,kg/ha,2002,1247.200000,A
41,156,"China, mainland",0,Yield,kg/ha,2003,1446.500000,A
41,156,"China, mainland",0,Yield,kg/ha,2004,1804.900000,A
41,156,"China, mainland",0,Yield,kg/ha,2005,1414.100000,A
41,156,"China, mainland",0,Yield,kg/ha,2006,1781.600000,A
41,156,"China, mainland",0,Yield,kg/ha,2007,1720.700000,E
41,156,"China, mainland",0,Yield,kg/ha,2008,2044.100000,A
41,156,"China, mainland",0,Yield,kg/ha,2009,3124.900000,A
41,156,"China, mainland",0,Yield,kg/ha,2010,1983.300000,A
41,156,"China, mainland",0,Yield,kg/ha,2011,2212.700000,A
41,156,"China, mainland",0,Yield,kg/ha,2012,2435.600000,A
41,156,"China, mainland",0,Yield,kg/ha,2013,2355.400000,A
41,156,"China, mainland",0,Yield,kg/ha,2014,2591.900000,E
41,156,"China, mainland",0,Yield,kg/ha,2015,2751.200000,E
41,156,"China, mainland",0,Yield,kg/ha,2016,2849.500000,E
41,156,"China, mainland",0,Yield,kg/ha,2017,2949.900000,E
41,156,"China, mainland",0,Yield,kg/ha,2018,3057.100000,E
41,156,"China, mainland",0,Yield,kg/ha,2019,3155.900000,E
41,156,"China, mainland",0,Yield,kg/ha,2020,3265.400000,E
41,156,"China, mainland",0,Yield,kg/ha,2021,3401.900000,E
41,156,"China, mainland",0,Yield,kg/ha,2022,3388.100000,E
41,156,"China, mainland",0,Yield,kg/ha,2023,3477.800000,E
41,156,"China, mainland",0,Yield,kg/ha,2024,3564.000000,E
44,170,Colombia,0,Area harvested,ha,1998,812000.000000,A
44,170,Colombia,0,Area harvested,ha,1999,783000.000000,A
44,170,Colombia,0,Area harvested,ha,2000,675342.000000,A
44,170,Colombia,0,Area harvested,ha,2001,704846.000000,A
44,170,Colombia,0,Area harvested,ha,2002,710510.000000,A
44,170,Colombia,0,Area harvested,ha,2003,721362.000000,A
44,170,Colombia,0,Area harvested,ha,2004,771219.000000,A
44,170,Colombia,0,Area harvested,ha,2005,806884.000000,A
44,170,Colombia,0,Area harvested,ha,2006,785535.000000,A
44,170,Colombia,0,Area harvested,ha,2007,797660.000000,A
44,170,Colombia,0,Area harvested,ha,2008,732656.000000,A
44,170,Colombia,0,Area harvested,ha,2009,765345.000000,A
44,170,Colombia,0,Area harvested,ha,2010,778052.000000,A
44,170,Colombia,0,Area harvested,ha,2011,723921.000000,A
44,170,Colombia,0,Area harvested,ha,2012,696023.000000,A
44,170,Colombia,0,Area harvested,ha,2013,771725.000000,A
44,170,Colombia,0,Area harvested,ha,2014,795563.000000,A
44,170,Colombia,0,Area harvested,ha,2015,801118.000000,A
44,170,Colombia,0,Area harvested,ha,2016,778362.000000,A
44,170,Colombia,0,Area harvested,ha,2017,903950.000000,A
44,170,Colombia,0,Area harvested,ha,2018,877140.000000,A
44,170,Colombia,0,Area harvested,ha,2019,853698.000000,A
44,170,Colombia,0,Area harvested,ha,2020,844744.000000,A
44,170,Colombia,0,Area harvested,ha,2021,840112.000000,A
44,170,Colombia,0,Area harvested,ha,2022,842399.000000,A
44,170,Colombia,0,Area harvested,ha,2023,841354.000000,A
44,170,Colombia,0,Area harvested,ha,2024,837685.000000,A
44,170,Colombia,0,Production,t,1998,766980.000000,A
44,170,Colombia,0,Production,t,1999,546720.000000,A
44,170,Colombia,0,Production,t,2000,637140.000000,A
44,170,Colombia,0,Production,t,2001,656160.000000,A
44,170,Colombia,0,Production,t,2002,696840.000000,A
44,170,Colombia,0,Production,t,2003,694080.000000,A
44,170,Colombia,0,Production,t,2004,674400.000000,A
44,170,Colombia,0,Production,t,2005,667140.000000,A
44,170,Colombia,0,Production,t,2006,724740.000000,A
44,170,Colombia,0,Production,t,2007,757080.000000,A
44,170,Colombia,0,Production,t,2008,688680.000000,A
44,170,Colombia,0,Production,t,2009,468720.000000,A
44,170,Colombia,0,Production,t,2010,535380.000000,A
44,170,Colombia,0,Production,t,2011,468540.000000,A
44,170,Colombia,0,Production,t,2012,462000.000000,A
44,170,Colombia,0,Production,t,2013,653160.000000,A
44,170,Colombia,0,Production,t,2014,728400.000000,A
44,170,Colombia,0,Production,t,2015,827750.000000,A
44,170,Colombia,0,Production,t,2016,818243.000000,A
44,170,Colombia,0,Production,t,2017,851640.000000,A
44,170,Colombia,0,Production,t,2018,813420.000000,A
44,170,Colombia,0,Production,t,2019,885120.000000,A
44,170,Colombia,0,Production,t,2020,833400.000000,A
44,170,Colombia,0,Production,t,2021,560340.000000,A
44,170,Colombia,0,Production,t,2022,665015.950000,A
44,170,Colombia,0,Production,t,2023,680857.670000,A
44,170,Colombia,0,Production,t,2024,839846.690000,A
44,170,Colombia,0,Yield,kg/ha,1998,944.600000,A
44,170,Colombia,0,Yield,kg/ha,1999,698.200000,A
44,170,Colombia,0,Yield,kg/ha,2000,943.400000,A
44,170,Colombia,0,Yield,kg/ha,2001,930.900000,A
44,170,Colombia,0,Yield,kg/ha,2002,980.800000,A
44,170,Colombia,0,Yield,kg/ha,2003,962.200000,A
44,170,Colombia,0,Yield,kg/ha,2004,874.500000,A
44,170,Colombia,0,Yield,kg/ha,2005,826.800000,A
44,170,Colombia,0,Yield,kg/ha,2006,922.600000,A
44,170,Colombia,0,Yield,kg/ha,2007,949.100000,A
44,170,Colombia,0,Yield,kg/ha,2008,940.000000,A
44,170,Colombia,0,Yield,kg/ha,2009,612.400000,A
44,170,Colombia,0,Yield,kg/ha,2010,688.100000,A
44,170,Colombia,0,Yield,kg/ha,2011,647.200000,A
44,170,Colombia,0,Yield,kg/ha,2012,663.800000,A
44,170,Colombia,0,Yield,kg/ha,2013,846.400000,A
44,170,Colombia,0,Yield,kg/ha,2014,915.600000,A
44,170,Colombia,0,Yield,kg/ha,2015,1033.200000,A
44,170,Colombia,0,Yield,kg/ha,2016,1051.200000,A
44,170,Colombia,0,Yield,kg/ha,2017,942.100000,A
44,170,Colombia,0,Yield,kg/ha,2018,927.400000,A
44,170,Colombia,0,Yield,kg/ha,2019,1036.800000,A
44,170,Colombia,0,Yield,kg/ha,2020,986.600000,A
44,170,Colombia,0,Yield,kg/ha,2021,667.000000,A
44,170,Colombia,0,Yield,kg/ha,2022,789.400000,A
44,170,Colombia,0,Yield,kg/ha,2023,809.200000,A
44,170,Colombia,0,Yield,kg/ha,2024,1002.600000,A
45,174,Comoros,0,Area harvested,ha,1998,640.000000,E
45,174,Comoros,0,Area harvested,ha,1999,656.000000,I
45,174,Comoros,0,Area harvested,ha,2000,650.000000,E
45,174,Comoros,0,Area harvested,ha,2001,676.000000,I
45,174,Comoros,0,Area harvested,ha,2002,687.000000,I
45,174,Comoros,0,Area harvested,ha,2003,665.000000,E
45,174,Comoros,0,Area harvested,ha,2004,736.000000,I
45,174,Comoros,0,Area harvested,ha,2005,800.000000,E
45,174,Comoros,0,Area harvested,ha,2006,803.000000,I
45,174,Comoros,0,Area harvested,ha,2007,820.000000,I
45,174,Comoros,0,Area harvested,ha,2008,836.000000,I
45,174,Comoros,0,Area harvested,ha,2009,848.000000,I
45,174,Comoros,0,Area harvested,ha,2010,858.000000,I
45,174,Comoros,0,Area harvested,ha,2011,865.000000,I
45,174,Comoros,0,Area harvested,ha,2012,885.000000,E
45,174,Comoros,0,Area harvested,ha,2013,890.000000,E
45,174,Comoros,0,Area harvested,ha,2014,924.000000,I
45,174,Comoros,0,Area harvested,ha,2015,973.000000,I
45,174,Comoros,0,Area harvested,ha,2016,957.000000,I
45,174,Comoros,0,Area harvested,ha,2017,952.000000,I
45,174,Comoros,0,Area harvested,ha,2018,959.000000,I
45,174,Comoros,0,Area harvested,ha,2019,968.000000,I
45,174,Comoros,0,Area harvested,ha,2020,977.000000,I
45,174,Comoros,0,Area harvested,ha,2021,998.000000,I
45,174,Comoros,0,Area harvested,ha,2022,1005.000000,I
45,174,Comoros,0,Area harvested,ha,2023,993.000000,E
45,174,Comoros,0,Area harvested,ha,2024,999.000000,E
45,174,Comoros,0,Production,t,1998,96.000000,E
45,174,Comoros,0,Production,t,1999,98.070000,I
45,174,Comoros,0,Production,t,2000,98.000000,E
45,174,Comoros,0,Production,t,2001,100.990000,I
45,174,Comoros,0,Production,t,2002,102.670000,I
45,174,Comoros,0,Production,t,2003,100.000000,E
45,174,Comoros,0,Production,t,2004,110.100000,I
45,174,Comoros,0,Production,t,2005,120.000000,E
45,174,Comoros,0,Production,t,2006,119.090000,I
45,174,Comoros,0,Production,t,2007,120.800000,I
45,174,Comoros,0,Production,t,2008,122.620000,I
45,174,Comoros,0,Production,t,2009,124.240000,I
45,174,Comoros,0,Production,t,2010,125.780000,I
45,174,Comoros,0,Production,t,2011,127.350000,I
45,174,Comoros,0,Production,t,2012,130.000000,E
45,174,Comoros,0,Production,t,2013,132.000000,E
45,174,Comoros,0,Production,t,2014,133.480000,I
45,174,Comoros,0,Production,t,2015,135.350000,I
45,174,Comoros,0,Production,t,2016,136.260000,I
45,174,Comoros,0,Production,t,2017,137.120000,I
45,174,Comoros,0,Production,t,2018,138.180000,I
45,174,Comoros,0,Production,t,2019,139.350000,I
45,174,Comoros,0,Production,t,2020,140.590000,I
45,174,Comoros,0,Production,t,2021,143.450000,I
45,174,Comoros,0,Production,t,2022,141.130000,E
45,174,Comoros,0,Production,t,2023,141.730000,E
45,174,Comoros,0,Production,t,2024,142.100000,E
45,174,Comoros,0,Yield,kg/ha,1998,150.000000,E
45,174,Comoros,0,Yield,kg/ha,1999,149.500000,E
45,174,Comoros,0,Yield,kg/ha,2000,150.800000,E
45,174,Comoros,0,Yield,kg/ha,2001,149.400000,E
45,174,Comoros,0,Yield,kg/ha,2002,149.400000,E
45,174,Comoros,0,Yield,kg/ha,2003,150.400000,E
45,174,Comoros,0,Yield,kg/ha,2004,149.500000,E
45,174,Comoros,0,Yield,kg/ha,2005,150.000000,E
45,174,Comoros,0,Yield,kg/ha,2006,148.300000,E
45,174,Comoros,0,Yield,kg/ha,2007,147.400000,E
45,174,Comoros,0,Yield,kg/ha,2008,146.800000,E
45,174,Comoros,0,Yield,kg/ha,2009,146.500000,E
45,174,Comoros,0,Yield,kg/ha,2010,146.700000,E
45,174,Comoros,0,Yield,kg/ha,2011,147.200000,E
45,174,Comoros,0,Yield,kg/ha,2012,146.900000,E
45,174,Comoros,0,Yield,kg/ha,2013,148.300000,E
45,174,Comoros,0,Yield,kg/ha,2014,144.500000,E
45,174,Comoros,0,Yield,kg/ha,2015,139.100000,E
45,174,Comoros,0,Yield,kg/ha,2016,142.400000,E
45,174,Comoros,0,Yield,kg/ha,2017,144.000000,E
45,174,Comoros,0,Yield,kg/ha,2018,144.100000,E
45,174,Comoros,0,Yield,kg/ha,2019,144.000000,E
45,174,Comoros,0,Yield,kg/ha,2020,143.900000,E
45,174,Comoros,0,Yield,kg/ha,2021,143.800000,E
45,174,Comoros,0,Yield,kg/ha,2022,140.500000,E
45,174,Comoros,0,Yield,kg/ha,2023,142.700000,E
45,174,Comoros,0,Yield,kg/ha,2024,142.300000,E
46,178,Congo,0,Area harvested,ha,1998,2295.000000,I
46,178,Congo,0,Area harvested,ha,1999,4996.000000,A
46,178,Congo,0,Area harvested,ha,2000,5166.000000,A
46,178,Congo,0,Area harvested,ha,2001,5373.000000,A
46,178,Congo,0,Area harvested,ha,2002,5623.000000,A
46,178,Congo,0,Area harvested,ha,2003,6600.000000,E
46,178,Congo,0,Area harvested,ha,2004,8350.000000,E
46,178,Congo,0,Area harvested,ha,2005,10000.000000,E
46,178,Congo,0,Area harvested,ha,2006,9300.000000,E
46,178,Congo,0,Area harvested,ha,2007,9000.000000,E
46,178,Congo,0,Area harvested,ha,2008,8000.000000,E
46,178,Congo,0,Area harvested,ha,2009,8500.000000,E
46,178,Congo,0,Area harvested,ha,2010,9020.000000,I
46,178,Congo,0,Area harvested,ha,2011,9388.000000,I
46,178,Congo,0,Area harvested,ha,2012,9364.000000,I
46,178,Congo,0,Area harvested,ha,2013,9564.000000,I
46,178,Congo,0,Area harvested,ha,2014,9878.000000,I
46,178,Congo,0,Area harvested,ha,2015,10014.000000,I
46,178,Congo,0,Area harvested,ha,2016,10237.000000,I
46,178,Congo,0,Area harvested,ha,2017,10043.000000,E
46,178,Congo,0,Area harvested,ha,2018,10350.000000,I
46,178,Congo,0,Area harvested,ha,2019,10655.000000,I
46,178,Congo,0,Area harvested,ha,2020,10349.000000,E
46,178,Congo,0,Area harvested,ha,2021,10451.000000,E
46,178,Congo,0,Area harvested,ha,2022,10485.000000,E
46,178,Congo,0,Area harvested,ha,2023,10428.000000,E
46,178,Congo,0,Area harvested,ha,2024,10455.000000,E
46,178,Congo,0,Production,t,1998,850.000000,A
46,178,Congo,0,Production,t,1999,1490.000000,A
46,178,Congo,0,Production,t,2000,1550.000000,A
46,178,Congo,0,Production,t,2001,1612.000000,A
46,178,Congo,0,Production,t,2002,1687.000000,A
46,178,Congo,0,Production,t,2003,2000.000000,X
46,178,Congo,0,Production,t,2004,2800.000000,E
46,178,Congo,0,Production,t,2005,3300.000000,E
46,178,Congo,0,Production,t,2006,3000.000000,E
46,178,Congo,0,Production,t,2007,3000.000000,E
46,178,Congo,0,Production,t,2008,2400.000000,A
46,178,Congo,0,Production,t,2009,2700.000000,E
46,178,Congo,0,Production,t,2010,2826.610000,I
46,178,Congo,0,Production,t,2011,2900.700000,I
46,178,Congo,0,Production,t,2012,2934.580000,I
46,178,Congo,0,Production,t,2013,2987.030000,I
46,178,Congo,0,Production,t,2014,3005.380000,I
46,178,Congo,0,Production,t,2015,3038.730000,I
46,178,Congo,0,Production,t,2016,3062.070000,I
46,178,Congo,0,Production,t,2017,3108.090000,I
46,178,Congo,0,Production,t,2018,3151.080000,I
46,178,Congo,0,Production,t,2019,3173.440000,I
46,178,Congo,0,Production,t,2020,3191.720000,I
46,178,Congo,0,Production,t,2021,3172.080000,E
46,178,Congo,0,Production,t,2022,3179.080000,E
46,178,Congo,0,Production,t,2023,3180.960000,E
46,178,Congo,0,Production,t,2024,3177.370000,E
46,178,Congo,0,Yield,kg/ha,1998,370.300000,E
46,178,Congo,0,Yield,kg/ha,1999,298.200000,A
46,178,Congo,0,Yield,kg/ha,2000,300.000000,A
46,178,Congo,0,Yield,kg/ha,2001,300.000000,A
46,178,Congo,0,Yield,kg/ha,2002,300.000000,A
46,178,Congo,0,Yield,kg/ha,2003,303.000000,E
46,178,Congo,0,Yield,kg/ha,2004,335.300000,E
46,178,Congo,0,Yield,kg/ha,2005,330.000000,E
46,178,Congo,0,Yield,kg/ha,2006,322.600000,E
46,178,Congo,0,Yield,kg/ha,2007,333.300000,E
46,178,Congo,0,Yield,kg/ha,2008,300.000000,E
46,178,Congo,0,Yield,kg/ha,2009,317.600000,E
46,178,Congo,0,Yield,kg/ha,2010,313.400000,E
46,178,Congo,0,Yield,kg/ha,2011,309.000000,E
46,178,Congo,0,Yield,kg/ha,2012,313.400000,E
46,178,Congo,0,Yield,kg/ha,2013,312.300000,E
46,178,Congo,0,Yield,kg/ha,2014,304.300000,E
46,178,Congo,0,Yield,kg/ha,2015,303.400000,E
46,178,Congo,0,Yield,kg/ha,2016,299.100000,E
46,178,Congo,0,Yield,kg/ha,2017,309.500000,E
46,178,Congo,0,Yield,kg/ha,2018,304.500000,E
46,178,Congo,0,Yield,kg/ha,2019,297.800000,E
46,178,Congo,0,Yield,kg/ha,2020,308.400000,E
46,178,Congo,0,Yield,kg/ha,2021,303.500000,E
46,178,Congo,0,Yield,kg/ha,2022,303.200000,E
46,178,Congo,0,Yield,kg/ha,2023,305.000000,E
46,178,Congo,0,Yield,kg/ha,2024,303.900000,E
47,184,Cook Islands,0,Area harvested,ha,1998,14.000000,I
47,184,Cook Islands,0,Area harvested,ha,1999,10.000000,E
47,184,Cook Islands,0,Area harvested,ha,2000,10.000000,E
47,184,Cook Islands,0,Area harvested,ha,2001,10.000000,E
47,184,Cook Islands,0,Area harvested,ha,2002,10.000000,E
47,184,Cook Islands,0,Area harvested,ha,2003,5.000000,A
47,184,Cook Islands,0,Area harvested,ha,2004,0.000000,E
47,184,Cook Islands,0,Area harvested,ha,2005,0.000000,I
47,184,Cook Islands,0,Area harvested,ha,2006,0.000000,E
47,184,Cook Islands,0,Area harvested,ha,2007,0.000000,E
47,184,Cook Islands,0,Area harvested,ha,2008,0.000000,I
47,184,Cook Islands,0,Area harvested,ha,2009,1.000000,I
47,184,Cook Islands,0,Area harvested,ha,2010,0.000000,I
47,184,Cook Islands,0,Area harvested,ha,2011,0.000000,I
47,184,Cook Islands,0,Area harvested,ha,2012,0.000000,I
47,184,Cook Islands,0,Area harvested,ha,2013,0.000000,I
47,184,Cook Islands,0,Area harvested,ha,2014,0.000000,I
47,184,Cook Islands,0,Area harvested,ha,2015,1.000000,I
47,184,Cook Islands,0,Area harvested,ha,2016,1.000000,I
47,184,Cook Islands,0,Area harvested,ha,2017,1.000000,I
47,184,Cook Islands,0,Area harvested,ha,2018,1.000000,E
47,184,Cook Islands,0,Area harvested,ha,2019,1.000000,I
47,184,Cook Islands,0,Area harvested,ha,2020,1.000000,E
47,184,Cook Islands,0,Area harvested,ha,2021,1.000000,I
47,184,Cook Islands,0,Area harvested,ha,2022,1.000000,I
47,184,Cook Islands,0,Area harvested,ha,2023,1.000000,I
47,184,Cook Islands,0,Area harvested,ha,2024,1.000000,I
47,184,Cook Islands,0,Production,t,1998,10.000000,E
47,184,Cook Islands,0,Production,t,1999,5.000000,A
47,184,Cook Islands,0,Production,t,2000,6.500000,I
47,184,Cook Islands,0,Production,t,2001,6.620000,I
47,184,Cook Islands,0,Production,t,2002,6.780000,I
47,184,Cook Islands,0,Production,t,2003,3.000000,A
47,184,Cook Islands,0,Production,t,2004,0.000000,A
47,184,Cook Islands,0,Production,t,2005,0.140000,I
47,184,Cook Islands,0,Production,t,2006,0.000000,E
47,184,Cook Islands,0,Production,t,2007,0.000000,E
47,184,Cook Islands,0,Production,t,2008,0.120000,I
47,184,Cook Islands,0,Production,t,2009,0.370000,I
47,184,Cook Islands,0,Production,t,2010,0.350000,I
47,184,Cook Islands,0,Production,t,2011,0.330000,I
47,184,Cook Islands,0,Production,t,2012,0.320000,I
47,184,Cook Islands,0,Production,t,2013,0.300000,I
47,184,Cook Islands,0,Production,t,2014,0.300000,I
47,184,Cook Islands,0,Production,t,2015,0.400000,I
47,184,Cook Islands,0,Production,t,2016,0.340000,E
47,184,Cook Islands,0,Production,t,2017,0.300000,I
47,184,Cook Islands,0,Production,t,2018,0.270000,I
47,184,Cook Islands,0,Production,t,2019,0.260000,I
47,184,Cook Islands,0,Production,t,2020,0.250000,I
47,184,Cook Islands,0,Production,t,2021,0.340000,I
47,184,Cook Islands,0,Production,t,2022,0.360000,I
47,184,Cook Islands,0,Production,t,2023,0.360000,I
47,184,Cook Islands,0,Production,t,2024,0.370000,I
47,184,Cook Islands,0,Yield,kg/ha,1998,705.400000,E
47,184,Cook Islands,0,Yield,kg/ha,1999,500.000000,E
47,184,Cook Islands,0,Yield,kg/ha,2000,650.000000,E
47,184,Cook Islands,0,Yield,kg/ha,2001,662.400000,E
47,184,Cook Islands,0,Yield,kg/ha,2002,678.000000,E
47,184,Cook Islands,0,Yield,kg/ha,2003,600.000000,A
47,184,Cook Islands,0,Yield,kg/ha,2005,735.500000,E
47,184,Cook Islands,0,Yield,kg/ha,2008,718.200000,E
47,184,Cook Islands,0,Yield,kg/ha,2009,720.100000,E
47,184,Cook Islands,0,Yield,kg/ha,2010,722.100000,E
47,184,Cook Islands,0,Yield,kg/ha,2011,724.000000,E
47,184,Cook Islands,0,Yield,kg/ha,2012,725.900000,E
47,184,Cook Islands,0,Yield,kg/ha,2013,727.800000,E
47,184,Cook Islands,0,Yield,kg/ha,2014,649.100000,E
47,184,Cook Islands,0,Yield,kg/ha,2015,637.000000,E
47,184,Cook Islands,0,Yield,kg/ha,2016,413.300000,E
47,184,Cook Islands,0,Yield,kg/ha,2017,515.100000,E
47,184,Cook Islands,0,Yield,kg/ha,2018,403.800000,E
47,184,Cook Islands,0,Yield,kg/ha,2019,505.500000,E
47,184,Cook Islands,0,Yield,kg/ha,2020,424.700000,E
47,184,Cook Islands,0,Yield,kg/ha,2021,541.400000,E
47,184,Cook Islands,0,Yield,kg/ha,2022,546.200000,E
47,184,Cook Islands,0,Yield,kg/ha,2023,546.100000,E
47,184,Cook Islands,0,Yield,kg/ha,2024,546.100000,E
48,188,Costa Rica,0,Area harvested,ha,1998,106000.000000,A
48,188,Costa Rica,0,Area harvested,ha,1999,106000.000000,A
48,188,Costa Rica,0,Area harvested,ha,2000,106000.000000,A
48,188,Costa Rica,0,Area harvested,ha,2001,113130.000000,A
48,188,Costa Rica,0,Area harvested,ha,2002,113387.000000,A
48,188,Costa Rica,0,Area harvested,ha,2003,113387.000000,A
48,188,Costa Rica,0,Area harvested,ha,2004,98681.000000,A
48,188,Costa Rica,0,Area harvested,ha,2005,98681.000000,A
48,188,Costa Rica,0,Area harvested,ha,2006,98681.000000,A
48,188,Costa Rica,0,Area harvested,ha,2007,98681.000000,A
48,188,Costa Rica,0,Area harvested,ha,2008,98681.000000,A
48,188,Costa Rica,0,Area harvested,ha,2009,98681.000000,A
48,188,Costa Rica,0,Area harvested,ha,2010,98681.000000,A
48,188,Costa Rica,0,Area harvested,ha,2011,98681.000000,A
48,188,Costa Rica,0,Area harvested,ha,2012,93774.000000,A
48,188,Costa Rica,0,Area harvested,ha,2013,93774.000000,A
48,188,Costa Rica,0,Area harvested,ha,2014,84133.000000,A
48,188,Costa Rica,0,Area harvested,ha,2015,84133.000000,A
48,188,Costa Rica,0,Area harvested,ha,2016,84133.000000,A
48,188,Costa Rica,0,Area harvested,ha,2017,93697.000000,A
48,188,Costa Rica,0,Area harvested,ha,2018,93697.000000,A
48,188,Costa Rica,0,Area harvested,ha,2019,93697.000000,A
48,188,Costa Rica,0,Area harvested,ha,2020,93697.000000,A
48,188,Costa Rica,0,Area harvested,ha,2021,93697.000000,A
48,188,Costa Rica,0,Area harvested,ha,2022,82539.000000,A
48,188,Costa Rica,0,Area harvested,ha,2023,82539.000000,A
48,188,Costa Rica,0,Area harvested,ha,2024,82539.000000,A
48,188,Costa Rica,0,Production,t,1998,152385.000000,A
48,188,Costa Rica,0,Production,t,1999,147868.000000,A
48,188,Costa Rica,0,Production,t,2000,161395.000000,A
48,188,Costa Rica,0,Production,t,2001,150289.000000,A
48,188,Costa Rica,0,Production,t,2002,140874.000000,A
48,188,Costa Rica,0,Production,t,2003,132259.000000,A
48,188,Costa Rica,0,Production,t,2004,126000.000000,X
48,188,Costa Rica,0,Production,t,2005,125669.000000,A
48,188,Costa Rica,0,Production,t,2006,101038.000000,A
48,188,Costa Rica,0,Production,t,2007,121058.000000,A
48,188,Costa Rica,0,Production,t,2008,111959.000000,A
48,188,Costa Rica,0,Production,t,2009,91403.000000,A
48,188,Costa Rica,0,Production,t,2010,91620.000000,A
48,188,Costa Rica,0,Production,t,2011,95038.000000,A
48,188,Costa Rica,0,Production,t,2012,117873.000000,A
48,188,Costa Rica,0,Production,t,2013,71381.000000,A
48,188,Costa Rica,0,Production,t,2014,96735.000000,A
48,188,Costa Rica,0,Production,t,2015,83846.000000,A
48,188,Costa Rica,0,Production,t,2016,93720.000000,A
48,188,Costa Rica,0,Production,t,2017,90419.000000,A
48,188,Costa Rica,0,Production,t,2018,92016.000000,A
48,188,Costa Rica,0,Production,t,2019,76385.000000,A
48,188,Costa Rica,0,Production,t,2020,86791.000000,A
48,188,Costa Rica,0,Production,t,2021,95322.000000,A
48,188,Costa Rica,0,Production,t,2022,74620.260000,A
48,188,Costa Rica,0,Production,t,2023,80270.330000,A
48,188,Costa Rica,0,Production,t,2024,62153.980000,A
48,188,Costa Rica,0,Yield,kg/ha,1998,1437.600000,A
48,188,Costa Rica,0,Yield,kg/ha,1999,1395.000000,A
48,188,Costa Rica,0,Yield,kg/ha,2000,1522.600000,A
48,188,Costa Rica,0,Yield,kg/ha,2001,1328.500000,A
48,188,Costa Rica,0,Yield,kg/ha,2002,1242.400000,A
48,188,Costa Rica,0,Yield,kg/ha,2003,1166.400000,A
48,188,Costa Rica,0,Yield,kg/ha,2004,1276.800000,E
48,188,Costa Rica,0,Yield,kg/ha,2005,1273.500000,A
48,188,Costa Rica,0,Yield,kg/ha,2006,1023.900000,A
48,188,Costa Rica,0,Yield,kg/ha,2007,1226.800000,A
48,188,Costa Rica,0,Yield,kg/ha,2008,1134.600000,A
48,188,Costa Rica,0,Yield,kg/ha,2009,926.200000,A
48,188,Costa Rica,0,Yield,kg/ha,2010,928.400000,A
48,188,Costa Rica,0,Yield,kg/ha,2011,963.100000,A
48,188,Costa Rica,0,Yield,kg/ha,2012,1257.000000,A
48,188,Costa Rica,0,Yield,kg/ha,2013,761.200000,A
48,188,Costa Rica,0,Yield,kg/ha,2014,1149.800000,A
48,188,Costa Rica,0,Yield,kg/ha,2015,996.600000,A
48,188,Costa Rica,0,Yield,kg/ha,2016,1114.000000,A
48,188,Costa Rica,0,Yield,kg/ha,2017,965.000000,A
48,188,Costa Rica,0,Yield,kg/ha,2018,982.100000,A
48,188,Costa Rica,0,Yield,kg/ha,2019,815.200000,A
48,188,Costa Rica,0,Yield,kg/ha,2020,926.300000,A
48,188,Costa Rica,0,Yield,kg/ha,2021,1017.300000,A
48,188,Costa Rica,0,Yield,kg/ha,2022,904.100000,A
48,188,Costa Rica,0,Yield,kg/ha,2023,972.500000,A
48,188,Costa Rica,0,Yield,kg/ha,2024,753.000000,A
49,192,Cuba,0,Area harvested,ha,1998,70000.000000,E
49,192,Cuba,0,Area harvested,ha,1999,75000.000000,E
49,192,Cuba,0,Area harvested,ha,2000,55000.000000,E
49,192,Cuba,0,Area harvested,ha,2001,52000.000000,E
49,192,Cuba,0,Area harvested,ha,2002,49000.000000,E
49,192,Cuba,0,Area harvested,ha,2003,50000.000000,E
49,192,Cuba,0,Area harvested,ha,2004,51546.000000,I
49,192,Cuba,0,Area harvested,ha,2005,36000.000000,E
49,192,Cuba,0,Area harvested,ha,2006,28000.000000,E
49,192,Cuba,0,Area harvested,ha,2007,45000.000000,E
49,192,Cuba,0,Area harvested,ha,2008,20800.000000,E
49,192,Cuba,0,Area harvested,ha,2009,26600.000000,E
49,192,Cuba,0,Area harvested,ha,2010,27000.000000,E
49,192,Cuba,0,Area harvested,ha,2011,27500.000000,E
49,192,Cuba,0,Area harvested,ha,2012,28000.000000,E
49,192,Cuba,0,Area harvested,ha,2013,28000.000000,E
49,192,Cuba,0,Area harvested,ha,2014,28500.000000,E
49,192,Cuba,0,Area harvested,ha,2015,23067.000000,I
49,192,Cuba,0,Area harvested,ha,2016,23221.000000,I
49,192,Cuba,0,Area harvested,ha,2017,20833.000000,I
49,192,Cuba,0,Area harvested,ha,2018,23367.000000,I
49,192,Cuba,0,Area harvested,ha,2019,23538.000000,I
49,192,Cuba,0,Area harvested,ha,2020,22431.000000,I
49,192,Cuba,0,Area harvested,ha,2021,27106.000000,I
49,192,Cuba,0,Area harvested,ha,2022,18728.000000,I
49,192,Cuba,0,Area harvested,ha,2023,17886.000000,I
49,192,Cuba,0,Area harvested,ha,2024,17801.000000,I
49,192,Cuba,0,Production,t,1998,13500.000000,X
49,192,Cuba,0,Production,t,1999,22020.000000,X
49,192,Cuba,0,Production,t,2000,16500.000000,X
49,192,Cuba,0,Production,t,2001,15720.000000,X
49,192,Cuba,0,Production,t,2002,14700.000000,X
49,192,Cuba,0,Production,t,2003,15000.000000,X
49,192,Cuba,0,Production,t,2004,15240.000000,X
49,192,Cuba,0,Production,t,2005,10800.000000,X
49,192,Cuba,0,Production,t,2006,8400.000000,X
49,192,Cuba,0,Production,t,2007,13500.000000,X
49,192,Cuba,0,Production,t,2008,6240.000000,X
49,192,Cuba,0,Production,t,2009,7980.000000,X
49,192,Cuba,0,Production,t,2010,8430.000000,X
49,192,Cuba,0,Production,t,2011,10150.000000,X
49,192,Cuba,0,Production,t,2012,7560.000000,X
49,192,Cuba,0,Production,t,2013,8944.000000,X
49,192,Cuba,0,Production,t,2014,9203.030000,I
49,192,Cuba,0,Production,t,2015,7416.540000,I
49,192,Cuba,0,Production,t,2016,7539.750000,I
49,192,Cuba,0,Production,t,2017,6780.000000,X
49,192,Cuba,0,Production,t,2018,7680.000000,X
49,192,Cuba,0,Production,t,2019,7800.000000,X
49,192,Cuba,0,Production,t,2020,7500.000000,X
49,192,Cuba,0,Production,t,2021,9100.000000,A
49,192,Cuba,0,Production,t,2022,6252.000000,A
49,192,Cuba,0,Production,t,2023,6000.000000,X
49,192,Cuba,0,Production,t,2024,6000.000000,X
49,192,Cuba,0,Yield,kg/ha,1998,192.900000,E
49,192,Cuba,0,Yield,kg/ha,1999,293.600000,E
49,192,Cuba,0,Yield,kg/ha,2000,300.000000,E
49,192,Cuba,0,Yield,kg/ha,2001,302.300000,E
49,192,Cuba,0,Yield,kg/ha,2002,300.000000,E
49,192,Cuba,0,Yield,kg/ha,2003,300.000000,E
49,192,Cuba,0,Yield,kg/ha,2004,295.700000,E
49,192,Cuba,0,Yield,kg/ha,2005,300.000000,E
49,192,Cuba,0,Yield,kg/ha,2006,300.000000,E
49,192,Cuba,0,Yield,kg/ha,2007,300.000000,E
49,192,Cuba,0,Yield,kg/ha,2008,300.000000,E
49,192,Cuba,0,Yield,kg/ha,2009,300.000000,E
49,192,Cuba,0,Yield,kg/ha,2010,312.200000,E
49,192,Cuba,0,Yield,kg/ha,2011,369.100000,E
49,192,Cuba,0,Yield,kg/ha,2012,270.000000,E
49,192,Cuba,0,Yield,kg/ha,2013,319.400000,E
49,192,Cuba,0,Yield,kg/ha,2014,322.900000,E
49,192,Cuba,0,Yield,kg/ha,2015,321.500000,E
49,192,Cuba,0,Yield,kg/ha,2016,324.700000,E
49,192,Cuba,0,Yield,kg/ha,2017,325.500000,E
49,192,Cuba,0,Yield,kg/ha,2018,328.700000,E
49,192,Cuba,0,Yield,kg/ha,2019,331.400000,E
49,192,Cuba,0,Yield,kg/ha,2020,334.400000,E
49,192,Cuba,0,Yield,kg/ha,2021,335.700000,E
49,192,Cuba,0,Yield,kg/ha,2022,333.800000,E
49,192,Cuba,0,Yield,kg/ha,2023,335.500000,E
49,192,Cuba,0,Yield,kg/ha,2024,337.100000,E
107,384,Côte d'Ivoire,0,Area harvested,ha,1998,883279.000000,A
107,384,Côte d'Ivoire,0,Area harvested,ha,1999,819329.000000,A
107,384,Côte d'Ivoire,0,Area harvested,ha,2000,829319.000000,A
107,384,Côte d'Ivoire,0,Area harvested,ha,2001,602075.000000,A
107,384,Côte d'Ivoire,0,Area harvested,ha,2002,455090.000000,A
107,384,Côte d'Ivoire,0,Area harvested,ha,2003,410472.000000,A
107,384,Côte d'Ivoire,0,Area harvested,ha,2004,740000.000000,E
107,384,Côte d'Ivoire,0,Area harvested,ha,2005,718750.000000,A
107,384,Côte d'Ivoire,0,Area harvested,ha,2006,747500.000000,A
107,384,Côte d'Ivoire,0,Area harvested,ha,2007,777400.000000,A
107,384,Côte d'Ivoire,0,Area harvested,ha,2008,650000.000000,E
107,384,Côte d'Ivoire,0,Area harvested,ha,2009,623354.000000,A
107,384,Côte d'Ivoire,0,Area harvested,ha,2010,441066.000000,I
107,384,Côte d'Ivoire,0,Area harvested,ha,2011,163206.000000,I
107,384,Côte d'Ivoire,0,Area harvested,ha,2012,732998.000000,I
107,384,Côte d'Ivoire,0,Area harvested,ha,2013,689759.000000,I
107,384,Côte d'Ivoire,0,Area harvested,ha,2014,766335.000000,I
107,384,Côte d'Ivoire,0,Area harvested,ha,2015,954793.000000,I
107,384,Côte d'Ivoire,0,Area harvested,ha,2016,830166.000000,I
107,384,Côte d'Ivoire,0,Area harvested,ha,2017,275011.000000,E
107,384,Côte d'Ivoire,0,Area harvested,ha,2018,1090375.000000,E
107,384,Côte d'Ivoire,0,Area harvested,ha,2019,769224.000000,I
107,384,Côte d'Ivoire,0,Area harvested,ha,2020,620709.000000,I
107,384,Côte d'Ivoire,0,Area harvested,ha,2021,444383.000000,I
107,384,Côte d'Ivoire,0,Area harvested,ha,2022,539000.000000,E
107,384,Côte d'Ivoire,0,Area harvested,ha,2023,332249.000000,I
107,384,Côte d'Ivoire,0,Area harvested,ha,2024,599673.000000,I
107,384,Côte d'Ivoire,0,Production,t,1998,311000.000000,A
107,384,Côte d'Ivoire,0,Production,t,1999,307331.000000,A
107,384,Côte d'Ivoire,0,Production,t,2000,380000.000000,A
107,384,Côte d'Ivoire,0,Production,t,2001,301127.000000,A
107,384,Côte d'Ivoire,0,Production,t,2002,182001.000000,A
107,384,Côte d'Ivoire,0,Production,t,2003,140027.000000,A
107,384,Côte d'Ivoire,0,Production,t,2004,154081.000000,A
107,384,Côte d'Ivoire,0,Production,t,2005,230000.000000,A
107,384,Côte d'Ivoire,0,Production,t,2006,187000.000000,A
107,384,Côte d'Ivoire,0,Production,t,2007,170849.000000,A
107,384,Côte d'Ivoire,0,Production,t,2008,173118.000000,A
107,384,Côte d'Ivoire,0,Production,t,2009,142945.000000,A
107,384,Côte d'Ivoire,0,Production,t,2010,94372.000000,A
107,384,Côte d'Ivoire,0,Production,t,2011,32291.000000,A
107,384,Côte d'Ivoire,0,Production,t,2012,121426.000000,A
107,384,Côte d'Ivoire,0,Production,t,2013,103743.000000,A
107,384,Côte d'Ivoire,0,Production,t,2014,109913.470000,I
107,384,Côte d'Ivoire,0,Production,t,2015,127000.000000,A
107,384,Côte d'Ivoire,0,Production,t,2016,106000.000000,A
107,384,Côte d'Ivoire,0,Production,t,2017,33600.000000,A
107,384,Côte d'Ivoire,0,Production,t,2018,123900.000000,A
107,384,Côte d'Ivoire,0,Production,t,2019,95204.000000,A
107,384,Côte d'Ivoire,0,Production,t,2020,82366.000000,A
107,384,Côte d'Ivoire,0,Production,t,2021,61312.000000,A
107,384,Côte d'Ivoire,0,Production,t,2022,89878.000000,A
107,384,Côte d'Ivoire,0,Production,t,2023,46975.000000,A
107,384,Côte d'Ivoire,0,Production,t,2024,72133.000000,A
107,384,Côte d'Ivoire,0,Yield,kg/ha,1998,352.100000,A
107,384,Côte d'Ivoire,0,Yield,kg/ha,1999,375.100000,A
107,384,Côte d'Ivoire,0,Yield,kg/ha,2000,458.200000,A
107,384,Côte d'Ivoire,0,Yield,kg/ha,2001,500.100000,A
107,384,Côte d'Ivoire,0,Yield,kg/ha,2002,399.900000,A
107,384,Côte d'Ivoire,0,Yield,kg/ha,2003,341.100000,A
107,384,Côte d'Ivoire,0,Yield,kg/ha,2004,208.200000,E
107,384,Côte d'Ivoire,0,Yield,kg/ha,2005,320.000000,A
107,384,Côte d'Ivoire,0,Yield,kg/ha,2006,250.200000,A
107,384,Côte d'Ivoire,0,Yield,kg/ha,2007,219.800000,A
107,384,Côte d'Ivoire,0,Yield,kg/ha,2008,266.300000,E
107,384,Côte d'Ivoire,0,Yield,kg/ha,2009,229.300000,A
107,384,Côte d'Ivoire,0,Yield,kg/ha,2010,214.000000,E
107,384,Côte d'Ivoire,0,Yield,kg/ha,2011,197.900000,E
107,384,Côte d'Ivoire,0,Yield,kg/ha,2012,165.700000,E
107,384,Côte d'Ivoire,0,Yield,kg/ha,2013,150.400000,E
107,384,Côte d'Ivoire,0,Yield,kg/ha,2014,143.400000,E
107,384,Côte d'Ivoire,0,Yield,kg/ha,2015,133.000000,E
107,384,Côte d'Ivoire,0,Yield,kg/ha,2016,127.700000,E
107,384,Côte d'Ivoire,0,Yield,kg/ha,2017,122.200000,E
107,384,Côte d'Ivoire,0,Yield,kg/ha,2018,113.600000,E
107,384,Côte d'Ivoire,0,Yield,kg/ha,2019,123.800000,E
107,384,Côte d'Ivoire,0,Yield,kg/ha,2020,132.700000,E
107,384,Côte d'Ivoire,0,Yield,kg/ha,2021,138.000000,E
107,384,Côte d'Ivoire,0,Yield,kg/ha,2022,166.700000,E
107,384,Côte d'Ivoire,0,Yield,kg/ha,2023,141.400000,E
107,384,Côte d'Ivoire,0,Yield,kg/ha,2024,120.300000,E
250,180,Democratic Republic of the Congo,0,Area harvested,ha,1998,155259.000000,A
250,180,Democratic Republic of the Congo,0,Area harvested,ha,1999,131000.000000,E
250,180,Democratic Republic of the Congo,0,Area harvested,ha,2000,114538.000000,A
250,180,Democratic Republic of the Congo,0,Area harvested,ha,2001,99649.000000,A
250,180,Democratic Republic of the Congo,0,Area harvested,ha,2002,82256.000000,A
250,180,Democratic Republic of the Congo,0,Area harvested,ha,2003,82179.000000,A
250,180,Democratic Republic of the Congo,0,Area harvested,ha,2004,82103.000000,A
250,180,Democratic Republic of the Congo,0,Area harvested,ha,2005,82026.000000,A
250,180,Democratic Republic of the Congo,0,Area harvested,ha,2006,81949.000000,A
250,180,Democratic Republic of the Congo,0,Area harvested,ha,2007,81872.000000,A
250,180,Democratic Republic of the Congo,0,Area harvested,ha,2008,81795.000000,A
250,180,Democratic Republic of the Congo,0,Area harvested,ha,2009,81718.000000,A
250,180,Democratic Republic of the Congo,0,Area harvested,ha,2010,81641.000000,A
250,180,Democratic Republic of the Congo,0,Area harvested,ha,2011,81513.000000,I
250,180,Democratic Republic of the Congo,0,Area harvested,ha,2012,80625.000000,I
250,180,Democratic Republic of the Congo,0,Area harvested,ha,2013,76185.000000,I
250,180,Democratic Republic of the Congo,0,Area harvested,ha,2014,72077.000000,I
250,180,Democratic Republic of the Congo,0,Area harvested,ha,2015,78969.000000,I
250,180,Democratic Republic of the Congo,0,Area harvested,ha,2016,75744.000000,E
250,180,Democratic Republic of the Congo,0,Area harvested,ha,2017,102625.000000,I
250,180,Democratic Republic of the Congo,0,Area harvested,ha,2018,130553.000000,I
250,180,Democratic Republic of the Congo,0,Area harvested,ha,2019,134006.000000,I
250,180,Democratic Republic of the Congo,0,Area harvested,ha,2020,134760.000000,I
250,180,Democratic Republic of the Congo,0,Area harvested,ha,2021,136970.000000,I
250,180,Democratic Republic of the Congo,0,Area harvested,ha,2022,149291.000000,I
250,180,Democratic Republic of the Congo,0,Area harvested,ha,2023,158282.000000,I
250,180,Democratic Republic of the Congo,0,Area harvested,ha,2024,166516.000000,E
250,180,Democratic Republic of the Congo,0,Production,t,1998,55991.000000,A
250,180,Democratic Republic of the Congo,0,Production,t,1999,48605.000000,A
250,180,Democratic Republic of the Congo,0,Production,t,2000,46767.000000,A
250,180,Democratic Republic of the Congo,0,Production,t,2001,34723.000000,A
250,180,Democratic Republic of the Congo,0,Production,t,2002,32080.000000,A
250,180,Democratic Republic of the Congo,0,Production,t,2003,32050.000000,A
250,180,Democratic Republic of the Congo,0,Production,t,2004,32020.000000,A
250,180,Democratic Republic of the Congo,0,Production,t,2005,31990.000000,A
250,180,Democratic Republic of the Congo,0,Production,t,2006,31960.000000,A
250,180,Democratic Republic of the Congo,0,Production,t,2007,31930.000000,A
250,180,Democratic Republic of the Congo,0,Production,t,2008,31900.000000,A
250,180,Democratic Republic of the Congo,0,Production,t,2009,31870.000000,A
250,180,Democratic Republic of the Congo,0,Production,t,2010,31840.000000,A
250,180,Democratic Republic of the Congo,0,Production,t,2011,31810.000000,A
250,180,Democratic Republic of the Congo,0,Production,t,2012,31561.740000,I
250,180,Democratic Republic of the Congo,0,Production,t,2013,29700.710000,I
250,180,Democratic Republic of the Congo,0,Production,t,2014,28233.000000,I
250,180,Democratic Republic of the Congo,0,Production,t,2015,30999.410000,I
250,180,Democratic Republic of the Congo,0,Production,t,2016,29644.370000,E
250,180,Democratic Republic of the Congo,0,Production,t,2017,40342.180000,I
250,180,Democratic Republic of the Congo,0,Production,t,2018,51485.000000,A
250,180,Democratic Republic of the Congo,0,Production,t,2019,52940.000000,A
250,180,Democratic Republic of the Congo,0,Production,t,2020,53303.000000,A
250,180,Democratic Republic of the Congo,0,Production,t,2021,54159.650000,I
250,180,Democratic Republic of the Congo,0,Production,t,2022,58817.480000,I
250,180,Democratic Republic of the Congo,0,Production,t,2023,62405.410000,I
250,180,Democratic Republic of the Congo,0,Production,t,2024,65701.240000,I
250,180,Democratic Republic of the Congo,0,Yield,kg/ha,1998,360.600000,A
250,180,Democratic Republic of the Congo,0,Yield,kg/ha,1999,371.000000,E
250,180,Democratic Republic of the Congo,0,Yield,kg/ha,2000,408.300000,A
250,180,Democratic Republic of the Congo,0,Yield,kg/ha,2001,348.500000,A
250,180,Democratic Republic of the Congo,0,Yield,kg/ha,2002,390.000000,A
250,180,Democratic Republic of the Congo,0,Yield,kg/ha,2003,390.000000,A
250,180,Democratic Republic of the Congo,0,Yield,kg/ha,2004,390.000000,A
250,180,Democratic Republic of the Congo,0,Yield,kg/ha,2005,390.000000,A
250,180,Democratic Republic of the Congo,0,Yield,kg/ha,2006,390.000000,A
250,180,Democratic Republic of the Congo,0,Yield,kg/ha,2007,390.000000,A
250,180,Democratic Republic of the Congo,0,Yield,kg/ha,2008,390.000000,A
250,180,Democratic Republic of the Congo,0,Yield,kg/ha,2009,390.000000,A
250,180,Democratic Republic of the Congo,0,Yield,kg/ha,2010,390.000000,A
250,180,Democratic Republic of the Congo,0,Yield,kg/ha,2011,390.200000,E
250,180,Democratic Republic of the Congo,0,Yield,kg/ha,2012,391.500000,E
250,180,Democratic Republic of the Congo,0,Yield,kg/ha,2013,389.900000,E
250,180,Democratic Republic of the Congo,0,Yield,kg/ha,2014,391.700000,E
250,180,Democratic Republic of the Congo,0,Yield,kg/ha,2015,392.600000,E
250,180,Democratic Republic of the Congo,0,Yield,kg/ha,2016,391.400000,E
250,180,Democratic Republic of the Congo,0,Yield,kg/ha,2017,393.100000,E
250,180,Democratic Republic of the Congo,0,Yield,kg/ha,2018,394.400000,E
250,180,Democratic Republic of the Congo,0,Yield,kg/ha,2019,395.100000,E
250,180,Democratic Republic of the Congo,0,Yield,kg/ha,2020,395.500000,E
250,180,Democratic Republic of the Congo,0,Yield,kg/ha,2021,395.400000,E
250,180,Democratic Republic of the Congo,0,Yield,kg/ha,2022,394.000000,E
250,180,Democratic Republic of the Congo,0,Yield,kg/ha,2023,394.300000,E
250,180,Democratic Republic of the Congo,0,Yield,kg/ha,2024,394.600000,E
55,212,Dominica,0,Area harvested,ha,1998,432.000000,I
55,212,Dominica,0,Area harvested,ha,1999,415.000000,E
55,212,Dominica,0,Area harvested,ha,2000,353.000000,I
55,212,Dominica,0,Area harvested,ha,2001,331.000000,I
55,212,Dominica,0,Area harvested,ha,2002,309.000000,I
55,212,Dominica,0,Area harvested,ha,2003,288.000000,I
55,212,Dominica,0,Area harvested,ha,2004,267.000000,I
55,212,Dominica,0,Area harvested,ha,2005,246.000000,I
55,212,Dominica,0,Area harvested,ha,2006,225.000000,I
55,212,Dominica,0,Area harvested,ha,2007,92.000000,I
55,212,Dominica,0,Area harvested,ha,2008,75.000000,I
55,212,Dominica,0,Area harvested,ha,2009,65.000000,I
55,212,Dominica,0,Area harvested,ha,2010,51.000000,I
55,212,Dominica,0,Area harvested,ha,2011,563.000000,I
55,212,Dominica,0,Area harvested,ha,2012,419.000000,I
55,212,Dominica,0,Area harvested,ha,2013,419.000000,I
55,212,Dominica,0,Area harvested,ha,2014,419.000000,I
55,212,Dominica,0,Area harvested,ha,2015,419.000000,I
55,212,Dominica,0,Area harvested,ha,2016,418.000000,I
55,212,Dominica,0,Area harvested,ha,2017,418.000000,I
55,212,Dominica,0,Area harvested,ha,2018,418.000000,E
55,212,Dominica,0,Area harvested,ha,2019,398.000000,I
55,212,Dominica,0,Area harvested,ha,2020,411.000000,E
55,212,Dominica,0,Area harvested,ha,2021,409.000000,E
55,212,Dominica,0,Area harvested,ha,2022,406.000000,E
55,212,Dominica,0,Area harvested,ha,2023,409.000000,E
55,212,Dominica,0,Area harvested,ha,2024,408.000000,E
55,212,Dominica,0,Production,t,1998,362.380000,I
55,212,Dominica,0,Production,t,1999,370.000000,E
55,212,Dominica,0,Production,t,2000,307.710000,I
55,212,Dominica,0,Production,t,2001,289.720000,I
55,212,Dominica,0,Production,t,2002,271.730000,I
55,212,Dominica,0,Production,t,2003,253.740000,I
55,212,Dominica,0,Production,t,2004,235.760000,I
55,212,Dominica,0,Production,t,2005,217.800000,I
55,212,Dominica,0,Production,t,2006,199.840000,I
55,212,Dominica,0,Production,t,2007,82.000000,A
55,212,Dominica,0,Production,t,2008,67.000000,A
55,212,Dominica,0,Production,t,2009,58.000000,A
55,212,Dominica,0,Production,t,2010,45.000000,A
55,212,Dominica,0,Production,t,2011,498.000000,A
55,212,Dominica,0,Production,t,2012,370.810000,I
55,212,Dominica,0,Production,t,2013,370.550000,I
55,212,Dominica,0,Production,t,2014,370.300000,I
55,212,Dominica,0,Production,t,2015,370.100000,I
55,212,Dominica,0,Production,t,2016,369.630000,I
55,212,Dominica,0,Production,t,2017,369.360000,I
55,212,Dominica,0,Production,t,2018,369.700000,E
55,212,Dominica,0,Production,t,2019,353.640000,I
55,212,Dominica,0,Production,t,2020,364.230000,E
55,212,Dominica,0,Production,t,2021,362.530000,E
55,212,Dominica,0,Production,t,2022,360.130000,E
55,212,Dominica,0,Production,t,2023,362.300000,E
55,212,Dominica,0,Production,t,2024,361.650000,E
55,212,Dominica,0,Yield,kg/ha,1998,839.300000,E
55,212,Dominica,0,Yield,kg/ha,1999,891.600000,E
55,212,Dominica,0,Yield,kg/ha,2000,872.500000,E
55,212,Dominica,0,Yield,kg/ha,2001,875.400000,E
55,212,Dominica,0,Yield,kg/ha,2002,878.100000,E
55,212,Dominica,0,Yield,kg/ha,2003,880.700000,E
55,212,Dominica,0,Yield,kg/ha,2004,883.100000,E
55,212,Dominica,0,Yield,kg/ha,2005,885.400000,E
55,212,Dominica,0,Yield,kg/ha,2006,887.700000,E
55,212,Dominica,0,Yield,kg/ha,2007,887.800000,E
55,212,Dominica,0,Yield,kg/ha,2008,887.900000,E
55,212,Dominica,0,Yield,kg/ha,2009,888.500000,E
55,212,Dominica,0,Yield,kg/ha,2010,885.400000,E
55,212,Dominica,0,Yield,kg/ha,2011,885.200000,E
55,212,Dominica,0,Yield,kg/ha,2012,885.000000,E
55,212,Dominica,0,Yield,kg/ha,2013,884.800000,E
55,212,Dominica,0,Yield,kg/ha,2014,884.500000,E
55,212,Dominica,0,Yield,kg/ha,2015,884.300000,E
55,212,Dominica,0,Yield,kg/ha,2016,884.000000,E
55,212,Dominica,0,Yield,kg/ha,2017,883.700000,E
55,212,Dominica,0,Yield,kg/ha,2018,884.000000,E
55,212,Dominica,0,Yield,kg/ha,2019,888.700000,E
55,212,Dominica,0,Yield,kg/ha,2020,885.400000,E
55,212,Dominica,0,Yield,kg/ha,2021,886.000000,E
55,212,Dominica,0,Yield,kg/ha,2022,886.700000,E
55,212,Dominica,0,Yield,kg/ha,2023,886.000000,E
55,212,Dominica,0,Yield,kg/ha,2024,886.200000,E
56,214,Dominican Republic,0,Area harvested,ha,1998,139373.000000,A
56,214,Dominican Republic,0,Area harvested,ha,1999,139372.000000,A
56,214,Dominican Republic,0,Area harvested,ha,2000,139372.000000,A
56,214,Dominican Republic,0,Area harvested,ha,2001,139373.000000,A
56,214,Dominican Republic,0,Area harvested,ha,2002,133342.000000,A
56,214,Dominican Republic,0,Area harvested,ha,2003,133342.000000,A
56,214,Dominican Republic,0,Area harvested,ha,2004,133342.000000,A
56,214,Dominican Republic,0,Area harvested,ha,2005,133342.000000,A
56,214,Dominican Republic,0,Area harvested,ha,2006,133342.000000,A
56,214,Dominican Republic,0,Area harvested,ha,2007,133342.000000,A
56,214,Dominican Republic,0,Area harvested,ha,2008,133342.000000,A
56,214,Dominican Republic,0,Area harvested,ha,2009,133342.000000,A
56,214,Dominican Republic,0,Area harvested,ha,2010,133342.000000,A
56,214,Dominican Republic,0,Area harvested,ha,2011,133342.000000,A
56,214,Dominican Republic,0,Area harvested,ha,2012,75472.000000,A
56,214,Dominican Republic,0,Area harvested,ha,2013,75472.000000,A
56,214,Dominican Republic,0,Area harvested,ha,2014,100629.000000,A
56,214,Dominican Republic,0,Area harvested,ha,2015,100629.000000,A
56,214,Dominican Republic,0,Area harvested,ha,2016,100629.000000,A
56,214,Dominican Republic,0,Area harvested,ha,2017,96139.000000,A
56,214,Dominican Republic,0,Area harvested,ha,2018,75102.000000,A
56,214,Dominican Republic,0,Area harvested,ha,2019,80118.000000,A
56,214,Dominican Republic,0,Area harvested,ha,2020,44160.000000,A
56,214,Dominican Republic,0,Area harvested,ha,2021,34821.000000,A
56,214,Dominican Republic,0,Area harvested,ha,2022,42175.000000,A
56,214,Dominican Republic,0,Area harvested,ha,2023,51334.000000,A
56,214,Dominican Republic,0,Area harvested,ha,2024,45158.000000,A
56,214,Dominican Republic,0,Production,t,1998,56943.000000,A
56,214,Dominican Republic,0,Production,t,1999,34609.000000,A
56,214,Dominican Republic,0,Production,t,2000,45546.000000,A
56,214,Dominican Republic,0,Production,t,2001,35476.000000,A
56,214,Dominican Republic,0,Production,t,2002,37330.000000,A
56,214,Dominican Republic,0,Production,t,2003,36929.000000,A
56,214,Dominican Republic,0,Production,t,2004,35421.000000,A
56,214,Dominican Republic,0,Production,t,2005,40303.000000,A
56,214,Dominican Republic,0,Production,t,2006,41352.170000,A
56,214,Dominican Republic,0,Production,t,2007,41231.970000,A
56,214,Dominican Republic,0,Production,t,2008,35582.420000,A
56,214,Dominican Republic,0,Production,t,2009,37950.000000,A
56,214,Dominican Republic,0,Production,t,2010,21876.000000,A
56,214,Dominican Republic,0,Production,t,2011,22679.850000,A
56,214,Dominican Republic,0,Production,t,2012,27009.000000,A
56,214,Dominican Republic,0,Production,t,2013,18552.120000,A
56,214,Dominican Republic,0,Production,t,2014,13213.280000,A
56,214,Dominican Republic,0,Production,t,2015,9888.420000,A
56,214,Dominican Republic,0,Production,t,2016,11470.580000,A
56,214,Dominican Republic,0,Production,t,2017,15241.000000,A
56,214,Dominican Republic,0,Production,t,2018,18416.040000,A
56,214,Dominican Republic,0,Production,t,2019,13873.310000,A
56,214,Dominican Republic,0,Production,t,2020,15380.930000,A
56,214,Dominican Republic,0,Production,t,2021,16558.970000,A
56,214,Dominican Republic,0,Production,t,2022,20577.020000,A
56,214,Dominican Republic,0,Production,t,2023,27397.260000,A
56,214,Dominican Republic,0,Production,t,2024,24838.000000,A
56,214,Dominican Republic,0,Yield,kg/ha,1998,408.600000,A
56,214,Dominican Republic,0,Yield,kg/ha,1999,248.300000,A
56,214,Dominican Republic,0,Yield,kg/ha,2000,326.800000,A
56,214,Dominican Republic,0,Yield,kg/ha,2001,254.500000,A
56,214,Dominican Republic,0,Yield,kg/ha,2002,280.000000,A
56,214,Dominican Republic,0,Yield,kg/ha,2003,276.900000,A
56,214,Dominican Republic,0,Yield,kg/ha,2004,265.600000,A
56,214,Dominican Republic,0,Yield,kg/ha,2005,302.300000,A
56,214,Dominican Republic,0,Yield,kg/ha,2006,310.100000,A
56,214,Dominican Republic,0,Yield,kg/ha,2007,309.200000,A
56,214,Dominican Republic,0,Yield,kg/ha,2008,266.900000,A
56,214,Dominican Republic,0,Yield,kg/ha,2009,284.600000,A
56,214,Dominican Republic,0,Yield,kg/ha,2010,164.100000,A
56,214,Dominican Republic,0,Yield,kg/ha,2011,170.100000,A
56,214,Dominican Republic,0,Yield,kg/ha,2012,357.900000,A
56,214,Dominican Republic,0,Yield,kg/ha,2013,245.800000,A
56,214,Dominican Republic,0,Yield,kg/ha,2014,131.300000,A
56,214,Dominican Republic,0,Yield,kg/ha,2015,98.300000,A
56,214,Dominican Republic,0,Yield,kg/ha,2016,114.000000,A
56,214,Dominican Republic,0,Yield,kg/ha,2017,158.500000,A
56,214,Dominican Republic,0,Yield,kg/ha,2018,245.200000,A
56,214,Dominican Republic,0,Yield,kg/ha,2019,173.200000,A
56,214,Dominican Republic,0,Yield,kg/ha,2020,348.300000,A
56,214,Dominican Republic,0,Yield,kg/ha,2021,475.500000,A
56,214,Dominican Republic,0,Yield,kg/ha,2022,487.900000,A
56,214,Dominican Republic,0,Yield,kg/ha,2023,533.700000,A
56,214,Dominican Republic,0,Yield,kg/ha,2024,550.000000,A
5101,014,Eastern Africa,1,Area harvested,ha,1998,1103473.000000,E
5101,014,Eastern Africa,1,Area harvested,ha,1999,1080365.000000,A
5101,014,Eastern Africa,1,Area harvested,ha,2000,1128780.000000,E
5101,014,Eastern Africa,1,Area harvested,ha,2001,1120358.000000,A
5101,014,Eastern Africa,1,Area harvested,ha,2002,1183546.000000,E
5101,014,Eastern Africa,1,Area harvested,ha,2003,1072860.000000,A
5101,014,Eastern Africa,1,Area harvested,ha,2004,1341221.000000,E
5101,014,Eastern Africa,1,Area harvested,ha,2005,1124362.000000,A
5101,014,Eastern Africa,1,Area harvested,ha,2006,1222457.000000,A
5101,014,Eastern Africa,1,Area harvested,ha,2007,1248877.000000,A
5101,014,Eastern Africa,1,Area harvested,ha,2008,1380745.000000,E
5101,014,Eastern Africa,1,Area harvested,ha,2009,1307394.000000,E
5101,014,Eastern Africa,1,Area harvested,ha,2010,1428187.000000,E
5101,014,Eastern Africa,1,Area harvested,ha,2011,1335585.000000,E
5101,014,Eastern Africa,1,Area harvested,ha,2012,1341907.000000,E
5101,014,Eastern Africa,1,Area harvested,ha,2013,1456791.000000,E
5101,014,Eastern Africa,1,Area harvested,ha,2014,1446972.000000,E
5101,014,Eastern Africa,1,Area harvested,ha,2015,1577755.000000,E
5101,014,Eastern Africa,1,Area harvested,ha,2016,1720488.000000,E
5101,014,Eastern Africa,1,Area harvested,ha,2017,1793007.000000,E
5101,014,Eastern Africa,1,Area harvested,ha,2018,1798285.000000,E
5101,014,Eastern Africa,1,Area harvested,ha,2019,1951497.000000,E
5101,014,Eastern Africa,1,Area harvested,ha,2020,1954917.000000,E
5101,014,Eastern Africa,1,Area harvested,ha,2021,2172952.000000,E
5101,014,Eastern Africa,1,Area harvested,ha,2022,2239691.000000,E
5101,014,Eastern Africa,1,Area harvested,ha,2023,2195414.000000,E
5101,014,Eastern Africa,1,Area harvested,ha,2024,2163574.000000,E
5101,014,Eastern Africa,1,Production,t,1998,635360.000000,E
5101,014,Eastern Africa,1,Production,t,1999,714931.960000,A
5101,014,Eastern Africa,1,Production,t,2000,679350.000000,E
5101,014,Eastern Africa,1,Production,t,2001,636830.410000,A
5101,014,Eastern Africa,1,Production,t,2002,767665.330000,A
5101,014,Eastern Africa,1,Production,t,2003,524609.530000,A
5101,014,Eastern Africa,1,Production,t,2004,753554.100000,A
5101,014,Eastern Africa,1,Production,t,2005,591871.640000,A
5101,014,Eastern Africa,1,Production,t,2006,702446.790000,A
5101,014,Eastern Africa,1,Production,t,2007,661635.640000,A
5101,014,Eastern Africa,1,Production,t,2008,745240.710000,A
5101,014,Eastern Africa,1,Production,t,2009,689844.750000,A
5101,014,Eastern Africa,1,Production,t,2010,800056.730000,A
5101,014,Eastern Africa,1,Production,t,2011,862596.970000,E
5101,014,Eastern Africa,1,Production,t,2012,865394.040000,E
5101,014,Eastern Africa,1,Production,t,2013,833408.560000,A
5101,014,Eastern Africa,1,Production,t,2014,878605.830000,E
5101,014,Eastern Africa,1,Production,t,2015,919452.840000,E
5101,014,Eastern Africa,1,Production,t,2016,953933.610000,A
5101,014,Eastern Africa,1,Production,t,2017,1064236.300000,A
5101,014,Eastern Africa,1,Production,t,2018,1073238.900000,A
5101,014,Eastern Africa,1,Production,t,2019,1130809.230000,E
5101,014,Eastern Africa,1,Production,t,2020,1132504.870000,A
5101,014,Eastern Africa,1,Production,t,2021,1211995.480000,E
5101,014,Eastern Africa,1,Production,t,2022,1272746.550000,A
5101,014,Eastern Africa,1,Production,t,2023,1245259.030000,E
5101,014,Eastern Africa,1,Production,t,2024,1200451.360000,E
5101,014,Eastern Africa,1,Yield,kg/ha,1998,575.800000,E
5101,014,Eastern Africa,1,Yield,kg/ha,1999,661.800000,A
5101,014,Eastern Africa,1,Yield,kg/ha,2000,601.800000,E
5101,014,Eastern Africa,1,Yield,kg/ha,2001,568.400000,A
5101,014,Eastern Africa,1,Yield,kg/ha,2002,648.600000,E
5101,014,Eastern Africa,1,Yield,kg/ha,2003,489.000000,A
5101,014,Eastern Africa,1,Yield,kg/ha,2004,561.800000,E
5101,014,Eastern Africa,1,Yield,kg/ha,2005,526.400000,A
5101,014,Eastern Africa,1,Yield,kg/ha,2006,574.600000,A
5101,014,Eastern Africa,1,Yield,kg/ha,2007,529.800000,A
5101,014,Eastern Africa,1,Yield,kg/ha,2008,539.700000,E
5101,014,Eastern Africa,1,Yield,kg/ha,2009,527.600000,E
5101,014,Eastern Africa,1,Yield,kg/ha,2010,560.200000,E
5101,014,Eastern Africa,1,Yield,kg/ha,2011,645.900000,E
5101,014,Eastern Africa,1,Yield,kg/ha,2012,644.900000,E
5101,014,Eastern Africa,1,Yield,kg/ha,2013,572.100000,E
5101,014,Eastern Africa,1,Yield,kg/ha,2014,607.200000,E
5101,014,Eastern Africa,1,Yield,kg/ha,2015,582.800000,E
5101,014,Eastern Africa,1,Yield,kg/ha,2016,554.500000,E
5101,014,Eastern Africa,1,Yield,kg/ha,2017,593.500000,E
5101,014,Eastern Africa,1,Yield,kg/ha,2018,596.800000,E
5101,014,Eastern Africa,1,Yield,kg/ha,2019,579.500000,E
5101,014,Eastern Africa,1,Yield,kg/ha,2020,579.300000,E
5101,014,Eastern Africa,1,Yield,kg/ha,2021,557.800000,E
5101,014,Eastern Africa,1,Yield,kg/ha,2022,568.300000,E
5101,014,Eastern Africa,1,Yield,kg/ha,2023,567.200000,E
5101,014,Eastern Africa,1,Yield,kg/ha,2024,554.800000,E
5302,030,Eastern Asia,1,Area harvested,ha,1998,4400.000000,A
5302,030,Eastern Asia,1,Area harvested,ha,1999,7000.000000,A
5302,030,Eastern Asia,1,Area harvested,ha,2000,9600.000000,A
5302,030,Eastern Asia,1,Area harvested,ha,2001,14600.000000,A
5302,030,Eastern Asia,1,Area harvested,ha,2002,15600.000000,A
5302,030,Eastern Asia,1,Area harvested,ha,2003,16000.000000,A
5302,030,Eastern Asia,1,Area harvested,ha,2004,12000.000000,A
5302,030,Eastern Asia,1,Area harvested,ha,2005,15500.000000,A
5302,030,Eastern Asia,1,Area harvested,ha,2006,14400.000000,A
5302,030,Eastern Asia,1,Area harvested,ha,2007,15110.000000,A
5302,030,Eastern Asia,1,Area harvested,ha,2008,16280.000000,A
5302,030,Eastern Asia,1,Area harvested,ha,2009,22530.000000,A
5302,030,Eastern Asia,1,Area harvested,ha,2010,25007.000000,A
5302,030,Eastern Asia,1,Area harvested,ha,2011,29550.000000,A
5302,030,Eastern Asia,1,Area harvested,ha,2012,37800.000000,A
5302,030,Eastern Asia,1,Area harvested,ha,2013,49600.000000,A
5302,030,Eastern Asia,1,Area harvested,ha,2014,49225.000000,E
5302,030,Eastern Asia,1,Area harvested,ha,2015,42810.000000,E
5302,030,Eastern Asia,1,Area harvested,ha,2016,40875.000000,E
5302,030,Eastern Asia,1,Area harvested,ha,2017,39818.000000,E
5302,030,Eastern Asia,1,Area harvested,ha,2018,38933.000000,E
5302,030,Eastern Asia,1,Area harvested,ha,2019,39123.000000,E
5302,030,Eastern Asia,1,Area harvested,ha,2020,36023.000000,E
5302,030,Eastern Asia,1,Area harvested,ha,2021,32889.000000,E
5302,030,Eastern Asia,1,Area harvested,ha,2022,33019.000000,E
5302,030,Eastern Asia,1,Area harvested,ha,2023,32220.000000,E
5302,030,Eastern Asia,1,Area harvested,ha,2024,33122.000000,E
5302,030,Eastern Asia,1,Production,t,1998,6237.000000,A
5302,030,Eastern Asia,1,Production,t,1999,8743.000000,A
5302,030,Eastern Asia,1,Production,t,2000,11568.000000,A
5302,030,Eastern Asia,1,Production,t,2001,17202.000000,A
5302,030,Eastern Asia,1,Production,t,2002,19456.000000,A
5302,030,Eastern Asia,1,Production,t,2003,23144.000000,A
5302,030,Eastern Asia,1,Production,t,2004,21659.000000,A
5302,030,Eastern Asia,1,Production,t,2005,21919.000000,A
5302,030,Eastern Asia,1,Production,t,2006,25655.000000,A
5302,030,Eastern Asia,1,Production,t,2007,26000.000000,E
5302,030,Eastern Asia,1,Production,t,2008,33278.000000,A
5302,030,Eastern Asia,1,Production,t,2009,70405.000000,A
5302,030,Eastern Asia,1,Production,t,2010,49596.000000,A
5302,030,Eastern Asia,1,Production,t,2011,65384.000000,A
5302,030,Eastern Asia,1,Production,t,2012,92064.000000,A
5302,030,Eastern Asia,1,Production,t,2013,116826.000000,A
5302,030,Eastern Asia,1,Production,t,2014,127585.930000,E
5302,030,Eastern Asia,1,Production,t,2015,115896.760000,E
5302,030,Eastern Asia,1,Production,t,2016,114186.440000,E
5302,030,Eastern Asia,1,Production,t,2017,115110.140000,E
5302,030,Eastern Asia,1,Production,t,2018,116519.000000,E
5302,030,Eastern Asia,1,Production,t,2019,121012.000000,E
5302,030,Eastern Asia,1,Production,t,2020,114970.000000,E
5302,030,Eastern Asia,1,Production,t,2021,108906.000000,E
5302,030,Eastern Asia,1,Production,t,2022,108980.000000,E
5302,030,Eastern Asia,1,Production,t,2023,108956.000000,E
5302,030,Eastern Asia,1,Production,t,2024,114951.290000,E
5302,030,Eastern Asia,1,Yield,kg/ha,1998,1417.500000,A
5302,030,Eastern Asia,1,Yield,kg/ha,1999,1249.000000,A
5302,030,Eastern Asia,1,Yield,kg/ha,2000,1205.000000,A
5302,030,Eastern Asia,1,Yield,kg/ha,2001,1178.200000,A
5302,030,Eastern Asia,1,Yield,kg/ha,2002,1247.200000,A
5302,030,Eastern Asia,1,Yield,kg/ha,2003,1446.500000,A
5302,030,Eastern Asia,1,Yield,kg/ha,2004,1804.900000,A
5302,030,Eastern Asia,1,Yield,kg/ha,2005,1414.100000,A
5302,030,Eastern Asia,1,Yield,kg/ha,2006,1781.600000,A
5302,030,Eastern Asia,1,Yield,kg/ha,2007,1720.700000,E
5302,030,Eastern Asia,1,Yield,kg/ha,2008,2044.100000,A
5302,030,Eastern Asia,1,Yield,kg/ha,2009,3124.900000,A
5302,030,Eastern Asia,1,Yield,kg/ha,2010,1983.300000,A
5302,030,Eastern Asia,1,Yield,kg/ha,2011,2212.700000,A
5302,030,Eastern Asia,1,Yield,kg/ha,2012,2435.600000,A
5302,030,Eastern Asia,1,Yield,kg/ha,2013,2355.400000,A
5302,030,Eastern Asia,1,Yield,kg/ha,2014,2591.900000,E
5302,030,Eastern Asia,1,Yield,kg/ha,2015,2707.200000,E
5302,030,Eastern Asia,1,Yield,kg/ha,2016,2793.600000,E
5302,030,Eastern Asia,1,Yield,kg/ha,2017,2890.900000,E
5302,030,Eastern Asia,1,Yield,kg/ha,2018,2992.800000,E
5302,030,Eastern Asia,1,Yield,kg/ha,2019,3093.100000,E
5302,030,Eastern Asia,1,Yield,kg/ha,2020,3191.500000,E
5302,030,Eastern Asia,1,Yield,kg/ha,2021,3311.300000,E
5302,030,Eastern Asia,1,Yield,kg/ha,2022,3300.500000,E
5302,030,Eastern Asia,1,Yield,kg/ha,2023,3381.600000,E
5302,030,Eastern Asia,1,Yield,kg/ha,2024,3470.600000,E
58,218,Ecuador,0,Area harvested,ha,1998,389782.000000,A
58,218,Ecuador,0,Area harvested,ha,1999,374922.000000,A
58,218,Ecuador,0,Area harvested,ha,2000,286746.000000,A
58,218,Ecuador,0,Area harvested,ha,2001,296348.000000,A
58,218,Ecuador,0,Area harvested,ha,2002,225450.000000,A
58,218,Ecuador,0,Area harvested,ha,2003,215978.000000,A
58,218,Ecuador,0,Area harvested,ha,2004,216279.000000,A
58,218,Ecuador,0,Area harvested,ha,2005,205544.000000,A
58,218,Ecuador,0,Area harvested,ha,2006,180676.000000,A
58,218,Ecuador,0,Area harvested,ha,2007,177804.000000,A
58,218,Ecuador,0,Area harvested,ha,2008,168479.000000,A
58,218,Ecuador,0,Area harvested,ha,2009,171923.000000,A
58,218,Ecuador,0,Area harvested,ha,2010,144931.000000,A
58,218,Ecuador,0,Area harvested,ha,2011,98347.000000,A
58,218,Ecuador,0,Area harvested,ha,2012,78710.000000,A
58,218,Ecuador,0,Area harvested,ha,2013,61627.000000,A
58,218,Ecuador,0,Area harvested,ha,2014,35483.000000,A
58,218,Ecuador,0,Area harvested,ha,2015,44027.000000,A
58,218,Ecuador,0,Area harvested,ha,2016,29872.000000,A
58,218,Ecuador,0,Area harvested,ha,2017,37260.000000,A
58,218,Ecuador,0,Area harvested,ha,2018,31924.000000,A
58,218,Ecuador,0,Area harvested,ha,2019,36047.000000,A
58,218,Ecuador,0,Area harvested,ha,2020,26909.000000,A
58,218,Ecuador,0,Area harvested,ha,2021,29481.000000,A
58,218,Ecuador,0,Area harvested,ha,2022,29901.000000,A
58,218,Ecuador,0,Area harvested,ha,2023,22373.000000,A
58,218,Ecuador,0,Area harvested,ha,2024,18533.000000,A
58,218,Ecuador,0,Production,t,1998,48190.000000,A
58,218,Ecuador,0,Production,t,1999,132939.000000,A
58,218,Ecuador,0,Production,t,2000,27606.000000,A
58,218,Ecuador,0,Production,t,2001,164790.000000,A
58,218,Ecuador,0,Production,t,2002,23325.000000,A
58,218,Ecuador,0,Production,t,2003,23579.000000,A
58,218,Ecuador,0,Production,t,2004,27932.000000,A
58,218,Ecuador,0,Production,t,2005,40805.000000,A
58,218,Ecuador,0,Production,t,2006,31461.000000,A
58,218,Ecuador,0,Production,t,2007,38687.000000,A
58,218,Ecuador,0,Production,t,2008,32096.000000,A
58,218,Ecuador,0,Production,t,2009,33624.000000,A
58,218,Ecuador,0,Production,t,2010,31347.000000,A
58,218,Ecuador,0,Production,t,2011,23829.000000,A
58,218,Ecuador,0,Production,t,2012,7340.030000,A
58,218,Ecuador,0,Production,t,2013,7760.000000,A
58,218,Ecuador,0,Production,t,2014,4224.530000,A
58,218,Ecuador,0,Production,t,2015,5297.440000,A
58,218,Ecuador,0,Production,t,2016,3904.530000,A
58,218,Ecuador,0,Production,t,2017,7564.000000,A
58,218,Ecuador,0,Production,t,2018,5065.000000,A
58,218,Ecuador,0,Production,t,2019,8140.980000,A
58,218,Ecuador,0,Production,t,2020,5280.290000,A
58,218,Ecuador,0,Production,t,2021,4916.870000,A
58,218,Ecuador,0,Production,t,2022,7965.970000,A
58,218,Ecuador,0,Production,t,2023,5584.190000,A
58,218,Ecuador,0,Production,t,2024,5465.050000,A
58,218,Ecuador,0,Yield,kg/ha,1998,123.600000,A
58,218,Ecuador,0,Yield,kg/ha,1999,354.600000,A
58,218,Ecuador,0,Yield,kg/ha,2000,96.300000,A
58,218,Ecuador,0,Yield,kg/ha,2001,556.100000,A
58,218,Ecuador,0,Yield,kg/ha,2002,103.500000,A
58,218,Ecuador,0,Yield,kg/ha,2003,109.200000,A
58,218,Ecuador,0,Yield,kg/ha,2004,129.100000,A
58,218,Ecuador,0,Yield,kg/ha,2005,198.500000,A
58,218,Ecuador,0,Yield,kg/ha,2006,174.100000,A
58,218,Ecuador,0,Yield,kg/ha,2007,217.600000,A
58,218,Ecuador,0,Yield,kg/ha,2008,190.500000,A
58,218,Ecuador,0,Yield,kg/ha,2009,195.600000,A
58,218,Ecuador,0,Yield,kg/ha,2010,216.300000,A
58,218,Ecuador,0,Yield,kg/ha,2011,242.300000,A
58,218,Ecuador,0,Yield,kg/ha,2012,93.300000,A
58,218,Ecuador,0,Yield,kg/ha,2013,125.900000,A
58,218,Ecuador,0,Yield,kg/ha,2014,119.100000,A
58,218,Ecuador,0,Yield,kg/ha,2015,120.300000,A
58,218,Ecuador,0,Yield,kg/ha,2016,130.700000,A
58,218,Ecuador,0,Yield,kg/ha,2017,203.000000,A
58,218,Ecuador,0,Yield,kg/ha,2018,158.700000,A
58,218,Ecuador,0,Yield,kg/ha,2019,225.800000,A
58,218,Ecuador,0,Yield,kg/ha,2020,196.200000,A
58,218,Ecuador,0,Yield,kg/ha,2021,166.800000,A
58,218,Ecuador,0,Yield,kg/ha,2022,266.400000,A
58,218,Ecuador,0,Yield,kg/ha,2023,249.600000,A
58,218,Ecuador,0,Yield,kg/ha,2024,294.900000,A
60,222,El Salvador,0,Area harvested,ha,1998,162028.000000,A
60,222,El Salvador,0,Area harvested,ha,1999,162064.000000,A
60,222,El Salvador,0,Area harvested,ha,2000,162190.000000,A
60,222,El Salvador,0,Area harvested,ha,2001,162190.000000,A
60,222,El Salvador,0,Area harvested,ha,2002,160945.000000,A
60,222,El Salvador,0,Area harvested,ha,2003,160691.000000,A
60,222,El Salvador,0,Area harvested,ha,2004,160091.000000,A
60,222,El Salvador,0,Area harvested,ha,2005,160691.000000,A
60,222,El Salvador,0,Area harvested,ha,2006,155407.000000,A
60,222,El Salvador,0,Area harvested,ha,2007,153706.000000,A
60,222,El Salvador,0,Area harvested,ha,2008,153846.000000,A
60,222,El Salvador,0,Area harvested,ha,2009,153846.000000,A
60,222,El Salvador,0,Area harvested,ha,2010,152340.000000,A
60,222,El Salvador,0,Area harvested,ha,2011,139958.000000,A
60,222,El Salvador,0,Area harvested,ha,2012,139958.000000,A
60,222,El Salvador,0,Area harvested,ha,2013,139860.000000,A
60,222,El Salvador,0,Area harvested,ha,2014,140000.000000,A
60,222,El Salvador,0,Area harvested,ha,2015,140000.000000,A
60,222,El Salvador,0,Area harvested,ha,2016,140000.000000,A
60,222,El Salvador,0,Area harvested,ha,2017,139139.000000,A
60,222,El Salvador,0,Area harvested,ha,2018,140000.000000,A
60,222,El Salvador,0,Area harvested,ha,2019,140000.000000,A
60,222,El Salvador,0,Area harvested,ha,2020,140000.000000,A
60,222,El Salvador,0,Area harvested,ha,2021,140018.000000,A
60,222,El Salvador,0,Area harvested,ha,2022,116011.000000,A
60,222,El Salvador,0,Area harvested,ha,2023,119316.000000,I
60,222,El Salvador,0,Area harvested,ha,2024,117332.000000,I
60,222,El Salvador,0,Production,t,1998,117214.000000,A
60,222,El Salvador,0,Production,t,1999,160782.000000,A
60,222,El Salvador,0,Production,t,2000,114087.000000,A
60,222,El Salvador,0,Production,t,2001,112201.000000,A
60,222,El Salvador,0,Production,t,2002,91513.000000,A
60,222,El Salvador,0,Production,t,2003,81157.000000,A
60,222,El Salvador,0,Production,t,2004,83088.000000,A
60,222,El Salvador,0,Production,t,2005,87963.000000,A
60,222,El Salvador,0,Production,t,2006,85350.000000,A
60,222,El Salvador,0,Production,t,2007,96355.000000,A
60,222,El Salvador,0,Production,t,2008,97727.000000,A
60,222,El Salvador,0,Production,t,2009,76591.000000,A
60,222,El Salvador,0,Production,t,2010,112636.000000,A
60,222,El Salvador,0,Production,t,2011,82095.000000,A
60,222,El Salvador,0,Production,t,2012,89489.000000,A
60,222,El Salvador,0,Production,t,2013,32864.000000,A
60,222,El Salvador,0,Production,t,2014,41965.000000,A
60,222,El Salvador,0,Production,t,2015,35682.000000,A
60,222,El Salvador,0,Production,t,2016,38636.000000,A
60,222,El Salvador,0,Production,t,2017,41141.360000,A
60,222,El Salvador,0,Production,t,2018,43318.800000,A
60,222,El Salvador,0,Production,t,2019,33640.910000,A
60,222,El Salvador,0,Production,t,2020,35000.000000,A
60,222,El Salvador,0,Production,t,2021,41910.910000,A
60,222,El Salvador,0,Production,t,2022,41866.000000,A
60,222,El Salvador,0,Production,t,2023,32570.720000,I
60,222,El Salvador,0,Production,t,2024,28487.640000,I
60,222,El Salvador,0,Yield,kg/ha,1998,723.400000,A
60,222,El Salvador,0,Yield,kg/ha,1999,992.100000,A
60,222,El Salvador,0,Yield,kg/ha,2000,703.400000,A
60,222,El Salvador,0,Yield,kg/ha,2001,691.800000,A
60,222,El Salvador,0,Yield,kg/ha,2002,568.600000,A
60,222,El Salvador,0,Yield,kg/ha,2003,505.100000,A
60,222,El Salvador,0,Yield,kg/ha,2004,519.000000,A
60,222,El Salvador,0,Yield,kg/ha,2005,547.400000,A
60,222,El Salvador,0,Yield,kg/ha,2006,549.200000,A
60,222,El Salvador,0,Yield,kg/ha,2007,626.900000,A
60,222,El Salvador,0,Yield,kg/ha,2008,635.200000,A
60,222,El Salvador,0,Yield,kg/ha,2009,497.800000,A
60,222,El Salvador,0,Yield,kg/ha,2010,739.400000,A
60,222,El Salvador,0,Yield,kg/ha,2011,586.600000,A
60,222,El Salvador,0,Yield,kg/ha,2012,639.400000,A
60,222,El Salvador,0,Yield,kg/ha,2013,235.000000,A
60,222,El Salvador,0,Yield,kg/ha,2014,299.800000,A
60,222,El Salvador,0,Yield,kg/ha,2015,254.900000,A
60,222,El Salvador,0,Yield,kg/ha,2016,276.000000,A
60,222,El Salvador,0,Yield,kg/ha,2017,295.700000,A
60,222,El Salvador,0,Yield,kg/ha,2018,309.400000,A
60,222,El Salvador,0,Yield,kg/ha,2019,240.300000,A
60,222,El Salvador,0,Yield,kg/ha,2020,250.000000,A
60,222,El Salvador,0,Yield,kg/ha,2021,299.300000,A
60,222,El Salvador,0,Yield,kg/ha,2022,360.900000,A
60,222,El Salvador,0,Yield,kg/ha,2023,273.000000,E
60,222,El Salvador,0,Yield,kg/ha,2024,242.800000,E
61,226,Equatorial Guinea,0,Area harvested,ha,1998,13396.000000,I
61,226,Equatorial Guinea,0,Area harvested,ha,1999,9500.000000,E
61,226,Equatorial Guinea,0,Area harvested,ha,2000,13000.000000,E
61,226,Equatorial Guinea,0,Area harvested,ha,2001,13294.000000,I
61,226,Equatorial Guinea,0,Area harvested,ha,2002,13338.000000,I
61,226,Equatorial Guinea,0,Area harvested,ha,2003,13398.000000,I
61,226,Equatorial Guinea,0,Area harvested,ha,2004,11000.000000,E
61,226,Equatorial Guinea,0,Area harvested,ha,2005,10764.000000,I
61,226,Equatorial Guinea,0,Area harvested,ha,2006,12000.000000,E
61,226,Equatorial Guinea,0,Area harvested,ha,2007,11762.000000,I
61,226,Equatorial Guinea,0,Area harvested,ha,2008,11582.000000,I
61,226,Equatorial Guinea,0,Area harvested,ha,2009,10814.000000,I
61,226,Equatorial Guinea,0,Area harvested,ha,2010,11516.000000,I
61,226,Equatorial Guinea,0,Area harvested,ha,2011,11790.000000,I
61,226,Equatorial Guinea,0,Area harvested,ha,2012,12500.000000,E
61,226,Equatorial Guinea,0,Area harvested,ha,2013,12000.000000,E
61,226,Equatorial Guinea,0,Area harvested,ha,2014,11900.000000,E
61,226,Equatorial Guinea,0,Area harvested,ha,2015,11533.000000,I
61,226,Equatorial Guinea,0,Area harvested,ha,2016,11320.000000,I
61,226,Equatorial Guinea,0,Area harvested,ha,2017,11230.000000,I
61,226,Equatorial Guinea,0,Area harvested,ha,2018,11174.000000,I
61,226,Equatorial Guinea,0,Area harvested,ha,2019,11123.000000,I
61,226,Equatorial Guinea,0,Area harvested,ha,2020,11020.000000,I
61,226,Equatorial Guinea,0,Area harvested,ha,2021,11040.000000,I
61,226,Equatorial Guinea,0,Area harvested,ha,2022,11084.000000,I
61,226,Equatorial Guinea,0,Area harvested,ha,2023,11032.000000,I
61,226,Equatorial Guinea,0,Area harvested,ha,2024,10981.000000,I
61,226,Equatorial Guinea,0,Production,t,1998,5000.000000,X
61,226,Equatorial Guinea,0,Production,t,1999,3500.000000,A
61,226,Equatorial Guinea,0,Production,t,2000,5000.000000,X
61,226,Equatorial Guinea,0,Production,t,2001,5000.000000,X
61,226,Equatorial Guinea,0,Production,t,2002,5000.000000,X
61,226,Equatorial Guinea,0,Production,t,2003,5000.000000,X
61,226,Equatorial Guinea,0,Production,t,2004,4000.000000,X
61,226,Equatorial Guinea,0,Production,t,2005,4000.000000,X
61,226,Equatorial Guinea,0,Production,t,2006,4500.000000,E
61,226,Equatorial Guinea,0,Production,t,2007,4397.590000,I
61,226,Equatorial Guinea,0,Production,t,2008,4299.550000,I
61,226,Equatorial Guinea,0,Production,t,2009,4000.000000,E
61,226,Equatorial Guinea,0,Production,t,2010,4250.710000,I
61,226,Equatorial Guinea,0,Production,t,2011,4342.630000,I
61,226,Equatorial Guinea,0,Production,t,2012,4594.720000,I
61,226,Equatorial Guinea,0,Production,t,2013,4401.740000,I
61,226,Equatorial Guinea,0,Production,t,2014,4385.480000,I
61,226,Equatorial Guinea,0,Production,t,2015,4254.380000,I
61,226,Equatorial Guinea,0,Production,t,2016,4174.110000,I
61,226,Equatorial Guinea,0,Production,t,2017,4134.300000,I
61,226,Equatorial Guinea,0,Production,t,2018,4113.440000,I
61,226,Equatorial Guinea,0,Production,t,2019,4094.870000,I
61,226,Equatorial Guinea,0,Production,t,2020,4056.410000,I
61,226,Equatorial Guinea,0,Production,t,2021,4062.250000,I
61,226,Equatorial Guinea,0,Production,t,2022,4076.410000,I
61,226,Equatorial Guinea,0,Production,t,2023,4055.450000,I
61,226,Equatorial Guinea,0,Production,t,2024,4034.350000,I
61,226,Equatorial Guinea,0,Yield,kg/ha,1998,373.200000,E
61,226,Equatorial Guinea,0,Yield,kg/ha,1999,368.400000,E
61,226,Equatorial Guinea,0,Yield,kg/ha,2000,384.600000,E
61,226,Equatorial Guinea,0,Yield,kg/ha,2001,376.100000,E
61,226,Equatorial Guinea,0,Yield,kg/ha,2002,374.900000,E
61,226,Equatorial Guinea,0,Yield,kg/ha,2003,373.200000,E
61,226,Equatorial Guinea,0,Yield,kg/ha,2004,363.600000,E
61,226,Equatorial Guinea,0,Yield,kg/ha,2005,371.600000,E
61,226,Equatorial Guinea,0,Yield,kg/ha,2006,375.000000,E
61,226,Equatorial Guinea,0,Yield,kg/ha,2007,373.900000,E
61,226,Equatorial Guinea,0,Yield,kg/ha,2008,371.200000,E
61,226,Equatorial Guinea,0,Yield,kg/ha,2009,369.900000,E
61,226,Equatorial Guinea,0,Yield,kg/ha,2010,369.100000,E
61,226,Equatorial Guinea,0,Yield,kg/ha,2011,368.300000,E
61,226,Equatorial Guinea,0,Yield,kg/ha,2012,367.600000,E
61,226,Equatorial Guinea,0,Yield,kg/ha,2013,366.800000,E
61,226,Equatorial Guinea,0,Yield,kg/ha,2014,368.500000,E
61,226,Equatorial Guinea,0,Yield,kg/ha,2015,368.900000,E
61,226,Equatorial Guinea,0,Yield,kg/ha,2016,368.800000,E
61,226,Equatorial Guinea,0,Yield,kg/ha,2017,368.100000,E
61,226,Equatorial Guinea,0,Yield,kg/ha,2018,368.100000,E
61,226,Equatorial Guinea,0,Yield,kg/ha,2019,368.200000,E
61,226,Equatorial Guinea,0,Yield,kg/ha,2020,368.100000,E
61,226,Equatorial Guinea,0,Yield,kg/ha,2021,367.900000,E
61,226,Equatorial Guinea,0,Yield,kg/ha,2022,367.800000,E
61,226,Equatorial Guinea,0,Yield,kg/ha,2023,367.600000,E
61,226,Equatorial Guinea,0,Yield,kg/ha,2024,367.400000,E
238,231,Ethiopia,0,Area harvested,ha,1998,302517.000000,I
238,231,Ethiopia,0,Area harvested,ha,1999,251310.000000,A
238,231,Ethiopia,0,Area harvested,ha,2000,250000.000000,E
238,231,Ethiopia,0,Area harvested,ha,2001,243834.000000,A
238,231,Ethiopia,0,Area harvested,ha,2002,218000.000000,E
238,231,Ethiopia,0,Area harvested,ha,2003,232439.000000,A
238,231,Ethiopia,0,Area harvested,ha,2004,260201.000000,A
238,231,Ethiopia,0,Area harvested,ha,2005,261175.000000,A
238,231,Ethiopia,0,Area harvested,ha,2006,295238.000000,A
238,231,Ethiopia,0,Area harvested,ha,2007,407147.000000,A
238,231,Ethiopia,0,Area harvested,ha,2008,391296.000000,A
238,231,Ethiopia,0,Area harvested,ha,2009,395003.000000,A
238,231,Ethiopia,0,Area harvested,ha,2010,498618.000000,A
238,231,Ethiopia,0,Area harvested,ha,2011,580440.000000,E
238,231,Ethiopia,0,Area harvested,ha,2012,600530.000000,E
238,231,Ethiopia,0,Area harvested,ha,2013,538466.000000,A
238,231,Ethiopia,0,Area harvested,ha,2014,626820.000000,E
238,231,Ethiopia,0,Area harvested,ha,2015,653940.000000,E
238,231,Ethiopia,0,Area harvested,ha,2016,761209.000000,A
238,231,Ethiopia,0,Area harvested,ha,2017,808022.000000,A
238,231,Ethiopia,0,Area harvested,ha,2018,871707.000000,A
238,231,Ethiopia,0,Area harvested,ha,2019,871380.000000,E
238,231,Ethiopia,0,Area harvested,ha,2020,856592.000000,A
238,231,Ethiopia,0,Area harvested,ha,2021,912170.000000,E
238,231,Ethiopia,0,Area harvested,ha,2022,794404.000000,A
238,231,Ethiopia,0,Area harvested,ha,2023,843635.000000,I
238,231,Ethiopia,0,Area harvested,ha,2024,862943.000000,I
238,231,Ethiopia,0,Production,t,1998,229980.000000,X
238,231,Ethiopia,0,Production,t,1999,217450.000000,A
238,231,Ethiopia,0,Production,t,2000,229980.000000,X
238,231,Ethiopia,0,Production,t,2001,157155.000000,A
238,231,Ethiopia,0,Production,t,2002,160000.000000,E
238,231,Ethiopia,0,Production,t,2003,126188.000000,A
238,231,Ethiopia,0,Production,t,2004,156170.000000,A
238,231,Ethiopia,0,Production,t,2005,171631.000000,A
238,231,Ethiopia,0,Production,t,2006,241482.000000,A
238,231,Ethiopia,0,Production,t,2007,273400.000000,A
238,231,Ethiopia,0,Production,t,2008,260239.000000,A
238,231,Ethiopia,0,Production,t,2009,265469.000000,A
238,231,Ethiopia,0,Production,t,2010,370569.000000,A
238,231,Ethiopia,0,Production,t,2011,442270.000000,E
238,231,Ethiopia,0,Production,t,2012,449740.000000,E
238,231,Ethiopia,0,Production,t,2013,392006.000000,A
238,231,Ethiopia,0,Production,t,2014,467860.000000,E
238,231,Ethiopia,0,Production,t,2015,501240.000000,E
238,231,Ethiopia,0,Production,t,2016,494819.000000,A
238,231,Ethiopia,0,Production,t,2017,549531.000000,A
238,231,Ethiopia,0,Production,t,2018,573986.000000,A
238,231,Ethiopia,0,Production,t,2019,573580.000000,E
238,231,Ethiopia,0,Production,t,2020,584789.570000,A
238,231,Ethiopia,0,Production,t,2021,590400.000000,E
238,231,Ethiopia,0,Production,t,2022,545566.360000,A
238,231,Ethiopia,0,Production,t,2023,559400.000000,X
238,231,Ethiopia,0,Production,t,2024,575696.180000,I
238,231,Ethiopia,0,Yield,kg/ha,1998,760.200000,E
238,231,Ethiopia,0,Yield,kg/ha,1999,865.300000,A
238,231,Ethiopia,0,Yield,kg/ha,2000,919.900000,E
238,231,Ethiopia,0,Yield,kg/ha,2001,644.500000,A
238,231,Ethiopia,0,Yield,kg/ha,2002,733.900000,E
238,231,Ethiopia,0,Yield,kg/ha,2003,542.900000,A
238,231,Ethiopia,0,Yield,kg/ha,2004,600.200000,A
238,231,Ethiopia,0,Yield,kg/ha,2005,657.100000,A
238,231,Ethiopia,0,Yield,kg/ha,2006,817.900000,A
238,231,Ethiopia,0,Yield,kg/ha,2007,671.500000,A
238,231,Ethiopia,0,Yield,kg/ha,2008,665.100000,A
238,231,Ethiopia,0,Yield,kg/ha,2009,672.100000,A
238,231,Ethiopia,0,Yield,kg/ha,2010,743.200000,A
238,231,Ethiopia,0,Yield,kg/ha,2011,762.000000,E
238,231,Ethiopia,0,Yield,kg/ha,2012,748.900000,E
238,231,Ethiopia,0,Yield,kg/ha,2013,728.000000,A
238,231,Ethiopia,0,Yield,kg/ha,2014,746.400000,E
238,231,Ethiopia,0,Yield,kg/ha,2015,766.500000,E
238,231,Ethiopia,0,Yield,kg/ha,2016,650.000000,A
238,231,Ethiopia,0,Yield,kg/ha,2017,680.100000,A
238,231,Ethiopia,0,Yield,kg/ha,2018,658.500000,A
238,231,Ethiopia,0,Yield,kg/ha,2019,658.200000,E
238,231,Ethiopia,0,Yield,kg/ha,2020,682.700000,A
238,231,Ethiopia,0,Yield,kg/ha,2021,647.200000,E
238,231,Ethiopia,0,Yield,kg/ha,2022,686.800000,A
238,231,Ethiopia,0,Yield,kg/ha,2023,663.100000,E
238,231,Ethiopia,0,Yield,kg/ha,2024,667.100000,E
5400,150,Europe,1,Production,t,1998,,M
5400,150,Europe,1,Production,t,1999,,M
5400,150,Europe,1,Production,t,2000,,M
5400,150,Europe,1,Production,t,2001,,M
5400,150,Europe,1,Production,t,2002,,M
5400,150,Europe,1,Production,t,2003,,M
5400,150,Europe,1,Production,t,2004,,M
5400,150,Europe,1,Production,t,2005,,M
5400,150,Europe,1,Production,t,2006,,M
5400,150,Europe,1,Production,t,2007,,M
5400,150,Europe,1,Production,t,2008,,M
5400,150,Europe,1,Production,t,2009,,M
5400,150,Europe,1,Production,t,2010,,M
5400,150,Europe,1,Production,t,2011,,M
5400,150,Europe,1,Production,t,2012,,M
5400,150,Europe,1,Production,t,2013,,M
5400,150,Europe,1,Production,t,2014,,M
5400,150,Europe,1,Production,t,2015,,M
5400,150,Europe,1,Production,t,2016,,M
5400,150,Europe,1,Production,t,2017,,M
5707,097,European Union (27),1,Production,t,1998,,M
5707,097,European Union (27),1,Production,t,1999,,M
5707,097,European Union (27),1,Production,t,2000,,M
5707,097,European Union (27),1,Production,t,2001,,M
5707,097,European Union (27),1,Production,t,2002,,M
5707,097,European Union (27),1,Production,t,2003,,M
5707,097,European Union (27),1,Production,t,2004,,M
5707,097,European Union (27),1,Production,t,2005,,M
5707,097,European Union (27),1,Production,t,2006,,M
5707,097,European Union (27),1,Production,t,2007,,M
5707,097,European Union (27),1,Production,t,2008,,M
5707,097,European Union (27),1,Production,t,2009,,M
5707,097,European Union (27),1,Production,t,2010,,M
5707,097,European Union (27),1,Production,t,2011,,M
5707,097,European Union (27),1,Production,t,2012,,M
5707,097,European Union (27),1,Production,t,2013,,M
5707,097,European Union (27),1,Production,t,2014,,M
5707,097,European Union (27),1,Production,t,2015,,M
5707,097,European Union (27),1,Production,t,2016,,M
5707,097,European Union (27),1,Production,t,2017,,M
66,242,Fiji,0,Area harvested,ha,1998,20.000000,E
66,242,Fiji,0,Area harvested,ha,1999,20.000000,E
66,242,Fiji,0,Area harvested,ha,2000,30.000000,E
66,242,Fiji,0,Area harvested,ha,2001,32.000000,I
66,242,Fiji,0,Area harvested,ha,2002,30.000000,I
66,242,Fiji,0,Area harvested,ha,2003,30.000000,E
66,242,Fiji,0,Area harvested,ha,2004,30.000000,I
66,242,Fiji,0,Area harvested,ha,2005,30.000000,A
66,242,Fiji,0,Area harvested,ha,2006,29.000000,I
66,242,Fiji,0,Area harvested,ha,2007,30.000000,E
66,242,Fiji,0,Area harvested,ha,2008,30.000000,E
66,242,Fiji,0,Area harvested,ha,2009,30.000000,E
66,242,Fiji,0,Area harvested,ha,2010,29.000000,I
66,242,Fiji,0,Area harvested,ha,2011,30.000000,I
66,242,Fiji,0,Area harvested,ha,2012,30.000000,I
66,242,Fiji,0,Area harvested,ha,2013,30.000000,E
66,242,Fiji,0,Area harvested,ha,2014,30.000000,I
66,242,Fiji,0,Area harvested,ha,2015,15.000000,I
66,242,Fiji,0,Area harvested,ha,2016,25.000000,E
66,242,Fiji,0,Area harvested,ha,2017,23.000000,E
66,242,Fiji,0,Area harvested,ha,2018,21.000000,E
66,242,Fiji,0,Area harvested,ha,2019,23.000000,E
66,242,Fiji,0,Area harvested,ha,2020,22.000000,I
66,242,Fiji,0,Area harvested,ha,2021,22.000000,E
66,242,Fiji,0,Area harvested,ha,2022,22.000000,E
66,242,Fiji,0,Area harvested,ha,2023,22.000000,E
66,242,Fiji,0,Area harvested,ha,2024,22.000000,E
66,242,Fiji,0,Production,t,1998,10.850000,I
66,242,Fiji,0,Production,t,1999,10.620000,I
66,242,Fiji,0,Production,t,2000,15.000000,E
66,242,Fiji,0,Production,t,2001,16.150000,I
66,242,Fiji,0,Production,t,2002,15.000000,E
66,242,Fiji,0,Production,t,2003,15.100000,I
66,242,Fiji,0,Production,t,2004,15.010000,I
66,242,Fiji,0,Production,t,2005,15.000000,A
66,242,Fiji,0,Production,t,2006,14.430000,I
66,242,Fiji,0,Production,t,2007,14.760000,I
66,242,Fiji,0,Production,t,2008,14.850000,I
66,242,Fiji,0,Production,t,2009,15.000000,E
66,242,Fiji,0,Production,t,2010,15.150000,I
66,242,Fiji,0,Production,t,2011,16.470000,I
66,242,Fiji,0,Production,t,2012,17.830000,I
66,242,Fiji,0,Production,t,2013,20.000000,E
66,242,Fiji,0,Production,t,2014,21.140000,I
66,242,Fiji,0,Production,t,2015,7.760000,I
66,242,Fiji,0,Production,t,2016,16.300000,E
66,242,Fiji,0,Production,t,2017,15.070000,E
66,242,Fiji,0,Production,t,2018,13.040000,E
66,242,Fiji,0,Production,t,2019,14.800000,E
66,242,Fiji,0,Production,t,2020,14.300000,E
66,242,Fiji,0,Production,t,2021,14.050000,E
66,242,Fiji,0,Production,t,2022,14.380000,E
66,242,Fiji,0,Production,t,2023,14.250000,E
66,242,Fiji,0,Production,t,2024,14.230000,E
66,242,Fiji,0,Yield,kg/ha,1998,542.400000,E
66,242,Fiji,0,Yield,kg/ha,1999,530.900000,E
66,242,Fiji,0,Yield,kg/ha,2000,500.000000,E
66,242,Fiji,0,Yield,kg/ha,2001,511.600000,E
66,242,Fiji,0,Yield,kg/ha,2002,507.000000,E
66,242,Fiji,0,Yield,kg/ha,2003,503.500000,E
66,242,Fiji,0,Yield,kg/ha,2004,501.500000,E
66,242,Fiji,0,Yield,kg/ha,2005,500.000000,A
66,242,Fiji,0,Yield,kg/ha,2006,495.400000,E
66,242,Fiji,0,Yield,kg/ha,2007,491.900000,E
66,242,Fiji,0,Yield,kg/ha,2008,495.100000,E
66,242,Fiji,0,Yield,kg/ha,2009,500.000000,E
66,242,Fiji,0,Yield,kg/ha,2010,526.100000,E
66,242,Fiji,0,Yield,kg/ha,2011,554.900000,E
66,242,Fiji,0,Yield,kg/ha,2012,588.600000,E
66,242,Fiji,0,Yield,kg/ha,2013,666.700000,E
66,242,Fiji,0,Yield,kg/ha,2014,708.800000,E
66,242,Fiji,0,Yield,kg/ha,2015,522.900000,E
66,242,Fiji,0,Yield,kg/ha,2016,654.900000,E
66,242,Fiji,0,Yield,kg/ha,2017,649.900000,E
66,242,Fiji,0,Yield,kg/ha,2018,621.900000,E
66,242,Fiji,0,Yield,kg/ha,2019,643.200000,E
66,242,Fiji,0,Yield,kg/ha,2020,640.800000,E
66,242,Fiji,0,Yield,kg/ha,2021,635.700000,E
66,242,Fiji,0,Yield,kg/ha,2022,639.900000,E
66,242,Fiji,0,Yield,kg/ha,2023,638.800000,E
66,242,Fiji,0,Yield,kg/ha,2024,638.100000,E
70,258,French Polynesia,0,Area harvested,ha,1998,80.000000,E
70,258,French Polynesia,0,Area harvested,ha,1999,90.000000,E
70,258,French Polynesia,0,Area harvested,ha,2000,90.000000,E
70,258,French Polynesia,0,Area harvested,ha,2001,90.000000,E
70,258,French Polynesia,0,Area harvested,ha,2002,90.000000,E
70,258,French Polynesia,0,Area harvested,ha,2003,90.000000,E
70,258,French Polynesia,0,Area harvested,ha,2004,85.000000,E
70,258,French Polynesia,0,Area harvested,ha,2005,83.000000,I
70,258,French Polynesia,0,Area harvested,ha,2006,86.000000,I
70,258,French Polynesia,0,Area harvested,ha,2007,87.000000,E
70,258,French Polynesia,0,Area harvested,ha,2008,87.000000,E
70,258,French Polynesia,0,Area harvested,ha,2009,87.000000,E
70,258,French Polynesia,0,Area harvested,ha,2010,87.000000,E
70,258,French Polynesia,0,Area harvested,ha,2011,90.000000,E
70,258,French Polynesia,0,Area harvested,ha,2012,90.000000,E
70,258,French Polynesia,0,Area harvested,ha,2013,95.000000,E
70,258,French Polynesia,0,Area harvested,ha,2014,90.000000,E
70,258,French Polynesia,0,Area harvested,ha,2015,95.000000,I
70,258,French Polynesia,0,Area harvested,ha,2016,93.000000,E
70,258,French Polynesia,0,Area harvested,ha,2017,97.000000,I
70,258,French Polynesia,0,Area harvested,ha,2018,95.000000,E
70,258,French Polynesia,0,Area harvested,ha,2019,98.000000,I
70,258,French Polynesia,0,Area harvested,ha,2020,97.000000,E
70,258,French Polynesia,0,Area harvested,ha,2021,97.000000,E
70,258,French Polynesia,0,Area harvested,ha,2022,97.000000,E
70,258,French Polynesia,0,Area harvested,ha,2023,97.000000,E
70,258,French Polynesia,0,Area harvested,ha,2024,97.000000,E
70,258,French Polynesia,0,Production,t,1998,16.000000,A
70,258,French Polynesia,0,Production,t,1999,18.000000,E
70,258,French Polynesia,0,Production,t,2000,17.610000,I
70,258,French Polynesia,0,Production,t,2001,17.550000,I
70,258,French Polynesia,0,Production,t,2002,17.480000,I
70,258,French Polynesia,0,Production,t,2003,17.420000,I
70,258,French Polynesia,0,Production,t,2004,15.000000,E
70,258,French Polynesia,0,Production,t,2005,16.000000,E
70,258,French Polynesia,0,Production,t,2006,16.840000,I
70,258,French Polynesia,0,Production,t,2007,17.140000,I
70,258,French Polynesia,0,Production,t,2008,16.000000,E
70,258,French Polynesia,0,Production,t,2009,17.690000,I
70,258,French Polynesia,0,Production,t,2010,18.110000,I
70,258,French Polynesia,0,Production,t,2011,20.000000,E
70,258,French Polynesia,0,Production,t,2012,20.000000,E
70,258,French Polynesia,0,Production,t,2013,22.000000,E
70,258,French Polynesia,0,Production,t,2014,20.000000,E
70,258,French Polynesia,0,Production,t,2015,20.880000,I
70,258,French Polynesia,0,Production,t,2016,21.590000,I
70,258,French Polynesia,0,Production,t,2017,20.820000,E
70,258,French Polynesia,0,Production,t,2018,21.850000,I
70,258,French Polynesia,0,Production,t,2019,22.420000,I
70,258,French Polynesia,0,Production,t,2020,21.700000,E
70,258,French Polynesia,0,Production,t,2021,21.990000,E
70,258,French Polynesia,0,Production,t,2022,22.030000,E
70,258,French Polynesia,0,Production,t,2023,21.910000,E
70,258,French Polynesia,0,Production,t,2024,21.980000,E
70,258,French Polynesia,0,Yield,kg/ha,1998,200.000000,E
70,258,French Polynesia,0,Yield,kg/ha,1999,200.000000,E
70,258,French Polynesia,0,Yield,kg/ha,2000,195.600000,E
70,258,French Polynesia,0,Yield,kg/ha,2001,195.000000,E
70,258,French Polynesia,0,Yield,kg/ha,2002,194.300000,E
70,258,French Polynesia,0,Yield,kg/ha,2003,193.500000,E
70,258,French Polynesia,0,Yield,kg/ha,2004,176.500000,E
70,258,French Polynesia,0,Yield,kg/ha,2005,193.900000,E
70,258,French Polynesia,0,Yield,kg/ha,2006,195.200000,E
70,258,French Polynesia,0,Yield,kg/ha,2007,197.000000,E
70,258,French Polynesia,0,Yield,kg/ha,2008,183.900000,E
70,258,French Polynesia,0,Yield,kg/ha,2009,203.300000,E
70,258,French Polynesia,0,Yield,kg/ha,2010,208.200000,E
70,258,French Polynesia,0,Yield,kg/ha,2011,222.200000,E
70,258,French Polynesia,0,Yield,kg/ha,2012,222.200000,E
70,258,French Polynesia,0,Yield,kg/ha,2013,231.600000,E
70,258,French Polynesia,0,Yield,kg/ha,2014,222.200000,E
70,258,French Polynesia,0,Yield,kg/ha,2015,219.300000,E
70,258,French Polynesia,0,Yield,kg/ha,2016,231.100000,E
70,258,French Polynesia,0,Yield,kg/ha,2017,213.800000,E
70,258,French Polynesia,0,Yield,kg/ha,2018,229.200000,E
70,258,French Polynesia,0,Yield,kg/ha,2019,228.000000,E
70,258,French Polynesia,0,Yield,kg/ha,2020,223.600000,E
70,258,French Polynesia,0,Yield,kg/ha,2021,226.900000,E
70,258,French Polynesia,0,Yield,kg/ha,2022,226.200000,E
70,258,French Polynesia,0,Yield,kg/ha,2023,225.600000,E
70,258,French Polynesia,0,Yield,kg/ha,2024,226.200000,E
74,266,Gabon,0,Area harvested,ha,1998,460.000000,E
74,266,Gabon,0,Area harvested,ha,1999,390.000000,E
74,266,Gabon,0,Area harvested,ha,2000,500.000000,E
74,266,Gabon,0,Area harvested,ha,2001,212.000000,I
74,266,Gabon,0,Area harvested,ha,2002,500.000000,E
74,266,Gabon,0,Area harvested,ha,2003,300.000000,E
74,266,Gabon,0,Area harvested,ha,2004,357.000000,I
74,266,Gabon,0,Area harvested,ha,2005,266.000000,I
74,266,Gabon,0,Area harvested,ha,2006,319.000000,I
74,266,Gabon,0,Area harvested,ha,2007,331.000000,I
74,266,Gabon,0,Area harvested,ha,2008,333.000000,I
74,266,Gabon,0,Area harvested,ha,2009,323.000000,I
74,266,Gabon,0,Area harvested,ha,2010,320.000000,I
74,266,Gabon,0,Area harvested,ha,2011,307.000000,I
74,266,Gabon,0,Area harvested,ha,2012,310.000000,I
74,266,Gabon,0,Area harvested,ha,2013,302.000000,I
74,266,Gabon,0,Area harvested,ha,2014,289.000000,I
74,266,Gabon,0,Area harvested,ha,2015,283.000000,I
74,266,Gabon,0,Area harvested,ha,2016,275.000000,I
74,266,Gabon,0,Area harvested,ha,2017,269.000000,I
74,266,Gabon,0,Area harvested,ha,2018,276.000000,E
74,266,Gabon,0,Area harvested,ha,2019,273.000000,E
74,266,Gabon,0,Area harvested,ha,2020,273.000000,E
74,266,Gabon,0,Area harvested,ha,2021,274.000000,E
74,266,Gabon,0,Area harvested,ha,2022,273.000000,E
74,266,Gabon,0,Area harvested,ha,2023,273.000000,E
74,266,Gabon,0,Area harvested,ha,2024,274.000000,E
74,266,Gabon,0,Production,t,1998,145.000000,A
74,266,Gabon,0,Production,t,1999,125.000000,A
74,266,Gabon,0,Production,t,2000,198.000000,A
74,266,Gabon,0,Production,t,2001,78.000000,A
74,266,Gabon,0,Production,t,2002,180.000000,X
74,266,Gabon,0,Production,t,2003,120.000000,X
74,266,Gabon,0,Production,t,2004,134.330000,I
74,266,Gabon,0,Production,t,2005,100.000000,A
74,266,Gabon,0,Production,t,2006,120.000000,X
74,266,Gabon,0,Production,t,2007,125.000000,E
74,266,Gabon,0,Production,t,2008,125.990000,I
74,266,Gabon,0,Production,t,2009,122.800000,I
74,266,Gabon,0,Production,t,2010,121.760000,I
74,266,Gabon,0,Production,t,2011,118.560000,I
74,266,Gabon,0,Production,t,2012,117.010000,I
74,266,Gabon,0,Production,t,2013,114.280000,I
74,266,Gabon,0,Production,t,2014,109.370000,I
74,266,Gabon,0,Production,t,2015,107.330000,I
74,266,Gabon,0,Production,t,2016,104.510000,I
74,266,Gabon,0,Production,t,2017,102.420000,I
74,266,Gabon,0,Production,t,2018,104.750000,E
74,266,Gabon,0,Production,t,2019,103.900000,E
74,266,Gabon,0,Production,t,2020,103.690000,E
74,266,Gabon,0,Production,t,2021,104.110000,E
74,266,Gabon,0,Production,t,2022,103.900000,E
74,266,Gabon,0,Production,t,2023,103.900000,E
74,266,Gabon,0,Production,t,2024,103.970000,E
74,266,Gabon,0,Yield,kg/ha,1998,315.200000,E
74,266,Gabon,0,Yield,kg/ha,1999,320.500000,E
74,266,Gabon,0,Yield,kg/ha,2000,396.000000,E
74,266,Gabon,0,Yield,kg/ha,2001,368.000000,E
74,266,Gabon,0,Yield,kg/ha,2002,360.000000,E
74,266,Gabon,0,Yield,kg/ha,2003,400.000000,E
74,266,Gabon,0,Yield,kg/ha,2004,376.100000,E
74,266,Gabon,0,Yield,kg/ha,2005,376.400000,E
74,266,Gabon,0,Yield,kg/ha,2006,376.700000,E
74,266,Gabon,0,Yield,kg/ha,2007,377.400000,E
74,266,Gabon,0,Yield,kg/ha,2008,378.600000,E
74,266,Gabon,0,Yield,kg/ha,2009,379.700000,E
74,266,Gabon,0,Yield,kg/ha,2010,380.900000,E
74,266,Gabon,0,Yield,kg/ha,2011,385.600000,E
74,266,Gabon,0,Yield,kg/ha,2012,378.000000,E
74,266,Gabon,0,Yield,kg/ha,2013,378.500000,E
74,266,Gabon,0,Yield,kg/ha,2014,378.900000,E
74,266,Gabon,0,Yield,kg/ha,2015,379.400000,E
74,266,Gabon,0,Yield,kg/ha,2016,379.800000,E
74,266,Gabon,0,Yield,kg/ha,2017,380.300000,E
74,266,Gabon,0,Yield,kg/ha,2018,379.800000,E
74,266,Gabon,0,Yield,kg/ha,2019,380.000000,E
74,266,Gabon,0,Yield,kg/ha,2020,380.000000,E
74,266,Gabon,0,Yield,kg/ha,2021,379.900000,E
74,266,Gabon,0,Yield,kg/ha,2022,380.000000,E
74,266,Gabon,0,Yield,kg/ha,2023,380.000000,E
74,266,Gabon,0,Yield,kg/ha,2024,380.000000,E
81,288,Ghana,0,Area harvested,ha,1998,20930.000000,A
81,288,Ghana,0,Area harvested,ha,1999,7715.000000,I
81,288,Ghana,0,Area harvested,ha,2000,3361.000000,I
81,288,Ghana,0,Area harvested,ha,2001,2110.000000,I
81,288,Ghana,0,Area harvested,ha,2002,2011.000000,I
81,288,Ghana,0,Area harvested,ha,2003,1117.000000,I
81,288,Ghana,0,Area harvested,ha,2004,1181.000000,I
81,288,Ghana,0,Area harvested,ha,2005,1141.000000,I
81,288,Ghana,0,Area harvested,ha,2006,1411.000000,I
81,288,Ghana,0,Area harvested,ha,2007,1435.000000,I
81,288,Ghana,0,Area harvested,ha,2008,1196.000000,I
81,288,Ghana,0,Area harvested,ha,2009,1321.000000,I
81,288,Ghana,0,Area harvested,ha,2010,824.000000,I
81,288,Ghana,0,Area harvested,ha,2011,350.000000,A
81,288,Ghana,0,Area harvested,ha,2012,400.000000,A
81,288,Ghana,0,Area harvested,ha,2013,450.000000,A
81,288,Ghana,0,Area harvested,ha,2014,460.000000,A
81,288,Ghana,0,Area harvested,ha,2015,460.000000,A
81,288,Ghana,0,Area harvested,ha,2016,460.000000,X
81,288,Ghana,0,Area harvested,ha,2017,460.000000,E
81,288,Ghana,0,Area harvested,ha,2018,460.000000,E
81,288,Ghana,0,Area harvested,ha,2019,460.000000,E
81,288,Ghana,0,Area harvested,ha,2020,460.000000,E
81,288,Ghana,0,Area harvested,ha,2021,460.000000,E
81,288,Ghana,0,Area harvested,ha,2022,460.000000,E
81,288,Ghana,0,Area harvested,ha,2023,460.000000,E
81,288,Ghana,0,Area harvested,ha,2024,460.000000,E
81,288,Ghana,0,Production,t,1998,8370.000000,A
81,288,Ghana,0,Production,t,1999,3965.000000,A
81,288,Ghana,0,Production,t,2000,1956.000000,A
81,288,Ghana,0,Production,t,2001,1379.000000,A
81,288,Ghana,0,Production,t,2002,1464.000000,A
81,288,Ghana,0,Production,t,2003,900.000000,A
81,288,Ghana,0,Production,t,2004,1140.000000,A
81,288,Ghana,0,Production,t,2005,1200.000000,X
81,288,Ghana,0,Production,t,2006,1740.000000,X
81,288,Ghana,0,Production,t,2007,1860.000000,X
81,288,Ghana,0,Production,t,2008,1620.000000,X
81,288,Ghana,0,Production,t,2009,1860.000000,X
81,288,Ghana,0,Production,t,2010,1200.000000,X
81,288,Ghana,0,Production,t,2011,550.000000,A
81,288,Ghana,0,Production,t,2012,600.000000,A
81,288,Ghana,0,Production,t,2013,698.000000,A
81,288,Ghana,0,Production,t,2014,736.000000,A
81,288,Ghana,0,Production,t,2015,736.000000,A
81,288,Ghana,0,Production,t,2016,736.000000,X
81,288,Ghana,0,Production,t,2017,736.000000,E
81,288,Ghana,0,Production,t,2018,736.000000,E
81,288,Ghana,0,Production,t,2019,736.000000,E
81,288,Ghana,0,Production,t,2020,736.000000,E
81,288,Ghana,0,Production,t,2021,736.000000,E
81,288,Ghana,0,Production,t,2022,736.000000,E
81,288,Ghana,0,Production,t,2023,736.000000,E
81,288,Ghana,0,Production,t,2024,736.000000,E
81,288,Ghana,0,Yield,kg/ha,1998,399.900000,A
81,288,Ghana,0,Yield,kg/ha,1999,513.900000,E
81,288,Ghana,0,Yield,kg/ha,2000,582.000000,E
81,288,Ghana,0,Yield,kg/ha,2001,653.700000,E
81,288,Ghana,0,Yield,kg/ha,2002,728.000000,E
81,288,Ghana,0,Yield,kg/ha,2003,805.500000,E
81,288,Ghana,0,Yield,kg/ha,2004,965.000000,E
81,288,Ghana,0,Yield,kg/ha,2005,1052.100000,E
81,288,Ghana,0,Yield,kg/ha,2006,1233.500000,E
81,288,Ghana,0,Yield,kg/ha,2007,1296.300000,E
81,288,Ghana,0,Yield,kg/ha,2008,1354.800000,E
81,288,Ghana,0,Yield,kg/ha,2009,1408.200000,E
81,288,Ghana,0,Yield,kg/ha,2010,1456.100000,E
81,288,Ghana,0,Yield,kg/ha,2011,1571.400000,A
81,288,Ghana,0,Yield,kg/ha,2012,1500.000000,A
81,288,Ghana,0,Yield,kg/ha,2013,1551.100000,A
81,288,Ghana,0,Yield,kg/ha,2014,1600.000000,A
81,288,Ghana,0,Yield,kg/ha,2015,1600.000000,A
81,288,Ghana,0,Yield,kg/ha,2016,1600.000000,X
81,288,Ghana,0,Yield,kg/ha,2017,1600.000000,E
81,288,Ghana,0,Yield,kg/ha,2018,1600.000000,E
81,288,Ghana,0,Yield,kg/ha,2019,1600.000000,E
81,288,Ghana,0,Yield,kg/ha,2020,1600.000000,E
81,288,Ghana,0,Yield,kg/ha,2021,1600.000000,E
81,288,Ghana,0,Yield,kg/ha,2022,1600.000000,E
81,288,Ghana,0,Yield,kg/ha,2023,1600.000000,E
81,288,Ghana,0,Yield,kg/ha,2024,1600.000000,E
87,312,Guadeloupe,0,Area harvested,ha,1998,29.000000,E
87,312,Guadeloupe,0,Area harvested,ha,1999,32.000000,E
87,312,Guadeloupe,0,Area harvested,ha,2000,35.000000,E
87,312,Guadeloupe,0,Area harvested,ha,2001,36.000000,I
87,312,Guadeloupe,0,Area harvested,ha,2002,36.000000,I
87,312,Guadeloupe,0,Area harvested,ha,2003,30.000000,E
87,312,Guadeloupe,0,Area harvested,ha,2004,19.000000,E
87,312,Guadeloupe,0,Area harvested,ha,2005,25.000000,E
87,312,Guadeloupe,0,Area harvested,ha,2006,25.000000,E
87,312,Guadeloupe,0,Production,t,1998,29.000000,E
87,312,Guadeloupe,0,Production,t,1999,32.000000,E
87,312,Guadeloupe,0,Production,t,2000,35.000000,X
87,312,Guadeloupe,0,Production,t,2001,35.000000,X
87,312,Guadeloupe,0,Production,t,2002,35.000000,X
87,312,Guadeloupe,0,Production,t,2003,30.000000,X
87,312,Guadeloupe,0,Production,t,2004,19.000000,X
87,312,Guadeloupe,0,Production,t,2005,25.000000,E
87,312,Guadeloupe,0,Production,t,2006,24.440000,I
87,312,Guadeloupe,0,Yield,kg/ha,1998,1000.000000,E
87,312,Guadeloupe,0,Yield,kg/ha,1999,1000.000000,E
87,312,Guadeloupe,0,Yield,kg/ha,2000,1000.000000,E
87,312,Guadeloupe,0,Yield,kg/ha,2001,966.900000,E
87,312,Guadeloupe,0,Yield,kg/ha,2002,972.200000,E
87,312,Guadeloupe,0,Yield,kg/ha,2003,1000.000000,E
87,312,Guadeloupe,0,Yield,kg/ha,2004,1000.000000,E
87,312,Guadeloupe,0,Yield,kg/ha,2005,1000.000000,E
87,312,Guadeloupe,0,Yield,kg/ha,2006,977.600000,E
89,320,Guatemala,0,Area harvested,ha,1998,260000.000000,X
89,320,Guatemala,0,Area harvested,ha,1999,273000.000000,A
89,320,Guatemala,0,Area harvested,ha,2000,273000.000000,A
89,320,Guatemala,0,Area harvested,ha,2001,262296.000000,A
89,320,Guatemala,0,Area harvested,ha,2002,262016.000000,A
89,320,Guatemala,0,Area harvested,ha,2003,247339.000000,A
89,320,Guatemala,0,Area harvested,ha,2004,247339.000000,A
89,320,Guatemala,0,Area harvested,ha,2005,247339.000000,A
89,320,Guatemala,0,Area harvested,ha,2006,247339.000000,A
89,320,Guatemala,0,Area harvested,ha,2007,248597.000000,A
89,320,Guatemala,0,Area harvested,ha,2008,248597.000000,A
89,320,Guatemala,0,Area harvested,ha,2009,248807.000000,A
89,320,Guatemala,0,Area harvested,ha,2010,249925.000000,A
89,320,Guatemala,0,Area harvested,ha,2011,254817.000000,A
89,320,Guatemala,0,Area harvested,ha,2012,254328.000000,A
89,320,Guatemala,0,Area harvested,ha,2013,250624.000000,A
89,320,Guatemala,0,Area harvested,ha,2014,262435.000000,A
89,320,Guatemala,0,Area harvested,ha,2015,269424.000000,A
89,320,Guatemala,0,Area harvested,ha,2016,274177.000000,A
89,320,Guatemala,0,Area harvested,ha,2017,257619.000000,I
89,320,Guatemala,0,Area harvested,ha,2018,279446.000000,I
89,320,Guatemala,0,Area harvested,ha,2019,260649.000000,I
89,320,Guatemala,0,Area harvested,ha,2020,320736.000000,I
89,320,Guatemala,0,Area harvested,ha,2021,319883.000000,I
89,320,Guatemala,0,Area harvested,ha,2022,376019.000000,A
89,320,Guatemala,0,Area harvested,ha,2023,376019.000000,A
89,320,Guatemala,0,Area harvested,ha,2024,376019.000000,A
89,320,Guatemala,0,Production,t,1998,253080.000000,X
89,320,Guatemala,0,Production,t,1999,293520.000000,X
89,320,Guatemala,0,Production,t,2000,312060.000000,X
89,320,Guatemala,0,Production,t,2001,261096.840000,A
89,320,Guatemala,0,Production,t,2002,255091.280000,A
89,320,Guatemala,0,Production,t,2003,244200.000000,X
89,320,Guatemala,0,Production,t,2004,250279.000000,A
89,320,Guatemala,0,Production,t,2005,248277.000000,A
89,320,Guatemala,0,Production,t,2006,240331.380000,A
89,320,Guatemala,0,Production,t,2007,248613.980000,A
89,320,Guatemala,0,Production,t,2008,254914.380000,A
89,320,Guatemala,0,Production,t,2009,247502.680000,A
89,320,Guatemala,0,Production,t,2010,248355.430000,A
89,320,Guatemala,0,Production,t,2011,265401.430000,A
89,320,Guatemala,0,Production,t,2012,272432.000000,A
89,320,Guatemala,0,Production,t,2013,248668.000000,A
89,320,Guatemala,0,Production,t,2014,227653.470000,A
89,320,Guatemala,0,Production,t,2015,225653.130000,A
89,320,Guatemala,0,Production,t,2016,236144.720000,A
89,320,Guatemala,0,Production,t,2017,224000.000000,X
89,320,Guatemala,0,Production,t,2018,240400.000000,X
89,320,Guatemala,0,Production,t,2019,216400.000000,X
89,320,Guatemala,0,Production,t,2020,246000.000000,X
89,320,Guatemala,0,Production,t,2021,226700.000000,X
89,320,Guatemala,0,Production,t,2022,238354.000000,A
89,320,Guatemala,0,Production,t,2023,212848.000000,A
89,320,Guatemala,0,Production,t,2024,224860.000000,A
89,320,Guatemala,0,Yield,kg/ha,1998,973.400000,X
89,320,Guatemala,0,Yield,kg/ha,1999,1075.200000,E
89,320,Guatemala,0,Yield,kg/ha,2000,1143.100000,E
89,320,Guatemala,0,Yield,kg/ha,2001,995.400000,A
89,320,Guatemala,0,Yield,kg/ha,2002,973.600000,A
89,320,Guatemala,0,Yield,kg/ha,2003,987.300000,E
89,320,Guatemala,0,Yield,kg/ha,2004,1011.900000,A
89,320,Guatemala,0,Yield,kg/ha,2005,1003.800000,A
89,320,Guatemala,0,Yield,kg/ha,2006,971.700000,A
89,320,Guatemala,0,Yield,kg/ha,2007,1000.100000,A
89,320,Guatemala,0,Yield,kg/ha,2008,1025.400000,A
89,320,Guatemala,0,Yield,kg/ha,2009,994.800000,A
89,320,Guatemala,0,Yield,kg/ha,2010,993.700000,A
89,320,Guatemala,0,Yield,kg/ha,2011,1041.500000,A
89,320,Guatemala,0,Yield,kg/ha,2012,1071.200000,A
89,320,Guatemala,0,Yield,kg/ha,2013,992.200000,A
89,320,Guatemala,0,Yield,kg/ha,2014,867.500000,A
89,320,Guatemala,0,Yield,kg/ha,2015,837.500000,A
89,320,Guatemala,0,Yield,kg/ha,2016,861.300000,A
89,320,Guatemala,0,Yield,kg/ha,2017,869.500000,E
89,320,Guatemala,0,Yield,kg/ha,2018,860.300000,E
89,320,Guatemala,0,Yield,kg/ha,2019,830.200000,E
89,320,Guatemala,0,Yield,kg/ha,2020,767.000000,E
89,320,Guatemala,0,Yield,kg/ha,2021,708.700000,E
89,320,Guatemala,0,Yield,kg/ha,2022,633.900000,A
89,320,Guatemala,0,Yield,kg/ha,2023,566.100000,A
89,320,Guatemala,0,Yield,kg/ha,2024,598.000000,A
90,324,Guinea,0,Area harvested,ha,1998,48567.000000,I
90,324,Guinea,0,Area harvested,ha,1999,52356.000000,I
90,324,Guinea,0,Area harvested,ha,2000,53065.000000,I
90,324,Guinea,0,Area harvested,ha,2001,40000.000000,E
90,324,Guinea,0,Area harvested,ha,2002,50000.000000,E
90,324,Guinea,0,Area harvested,ha,2003,50340.000000,I
90,324,Guinea,0,Area harvested,ha,2004,48802.000000,I
90,324,Guinea,0,Area harvested,ha,2005,52000.000000,E
90,324,Guinea,0,Area harvested,ha,2006,50000.000000,E
90,324,Guinea,0,Area harvested,ha,2007,53000.000000,E
90,324,Guinea,0,Area harvested,ha,2008,65000.000000,E
90,324,Guinea,0,Area harvested,ha,2009,63000.000000,E
90,324,Guinea,0,Area harvested,ha,2010,65690.000000,I
90,324,Guinea,0,Area harvested,ha,2011,68631.000000,I
90,324,Guinea,0,Area harvested,ha,2012,39904.000000,I
90,324,Guinea,0,Area harvested,ha,2013,40962.000000,I
90,324,Guinea,0,Area harvested,ha,2014,94300.000000,E
90,324,Guinea,0,Area harvested,ha,2015,490000.000000,E
90,324,Guinea,0,Area harvested,ha,2016,508000.000000,E
90,324,Guinea,0,Area harvested,ha,2017,504000.000000,E
90,324,Guinea,0,Area harvested,ha,2018,547000.000000,E
90,324,Guinea,0,Area harvested,ha,2019,567000.000000,E
90,324,Guinea,0,Area harvested,ha,2020,574753.000000,I
90,324,Guinea,0,Area harvested,ha,2021,640026.000000,I
90,324,Guinea,0,Area harvested,ha,2022,651076.000000,I
90,324,Guinea,0,Area harvested,ha,2023,504133.000000,I
90,324,Guinea,0,Area harvested,ha,2024,445086.000000,I
90,324,Guinea,0,Production,t,1998,20888.000000,A
90,324,Guinea,0,Production,t,1999,22119.470000,I
90,324,Guinea,0,Production,t,2000,22080.000000,A
90,324,Guinea,0,Production,t,2001,14160.000000,A
90,324,Guinea,0,Production,t,2002,19680.000000,A
90,324,Guinea,0,Production,t,2003,20880.000000,A
90,324,Guinea,0,Production,t,2004,20220.000000,A
90,324,Guinea,0,Production,t,2005,20770.000000,A
90,324,Guinea,0,Production,t,2006,23226.000000,A
90,324,Guinea,0,Production,t,2007,26556.000000,A
90,324,Guinea,0,Production,t,2008,27353.000000,A
90,324,Guinea,0,Production,t,2009,28173.000000,A
90,324,Guinea,0,Production,t,2010,29018.000000,A
90,324,Guinea,0,Production,t,2011,30320.000000,A
90,324,Guinea,0,Production,t,2012,17907.000000,A
90,324,Guinea,0,Production,t,2013,18440.000000,A
90,324,Guinea,0,Production,t,2014,41500.000000,A
90,324,Guinea,0,Production,t,2015,210866.000000,A
90,324,Guinea,0,Production,t,2016,218635.000000,A
90,324,Guinea,0,Production,t,2017,216691.000000,A
90,324,Guinea,0,Production,t,2018,235043.000000,A
90,324,Guinea,0,Production,t,2019,243703.000000,A
90,324,Guinea,0,Production,t,2020,242682.000000,A
90,324,Guinea,0,Production,t,2021,261992.000000,A
90,324,Guinea,0,Production,t,2022,261645.000000,A
90,324,Guinea,0,Production,t,2023,200000.000000,X
90,324,Guinea,0,Production,t,2024,174847.180000,I
90,324,Guinea,0,Yield,kg/ha,1998,430.100000,E
90,324,Guinea,0,Yield,kg/ha,1999,422.500000,E
90,324,Guinea,0,Yield,kg/ha,2000,416.100000,E
90,324,Guinea,0,Yield,kg/ha,2001,354.000000,E
90,324,Guinea,0,Yield,kg/ha,2002,393.600000,E
90,324,Guinea,0,Yield,kg/ha,2003,414.800000,E
90,324,Guinea,0,Yield,kg/ha,2004,414.300000,E
90,324,Guinea,0,Yield,kg/ha,2005,399.400000,E
90,324,Guinea,0,Yield,kg/ha,2006,464.500000,E
90,324,Guinea,0,Yield,kg/ha,2007,501.100000,E
90,324,Guinea,0,Yield,kg/ha,2008,420.800000,E
90,324,Guinea,0,Yield,kg/ha,2009,447.200000,E
90,324,Guinea,0,Yield,kg/ha,2010,441.700000,E
90,324,Guinea,0,Yield,kg/ha,2011,441.800000,E
90,324,Guinea,0,Yield,kg/ha,2012,448.800000,E
90,324,Guinea,0,Yield,kg/ha,2013,450.200000,E
90,324,Guinea,0,Yield,kg/ha,2014,440.100000,E
90,324,Guinea,0,Yield,kg/ha,2015,430.300000,E
90,324,Guinea,0,Yield,kg/ha,2016,430.400000,E
90,324,Guinea,0,Yield,kg/ha,2017,429.900000,E
90,324,Guinea,0,Yield,kg/ha,2018,429.700000,E
90,324,Guinea,0,Yield,kg/ha,2019,429.800000,E
90,324,Guinea,0,Yield,kg/ha,2020,422.200000,E
90,324,Guinea,0,Yield,kg/ha,2021,409.300000,E
90,324,Guinea,0,Yield,kg/ha,2022,401.900000,E
90,324,Guinea,0,Yield,kg/ha,2023,396.700000,E
90,324,Guinea,0,Yield,kg/ha,2024,392.800000,E
91,328,Guyana,0,Area harvested,ha,1998,300.000000,E
91,328,Guyana,0,Area harvested,ha,1999,350.000000,E
91,328,Guyana,0,Area harvested,ha,2000,32.000000,I
91,328,Guyana,0,Area harvested,ha,2001,350.000000,E
91,328,Guyana,0,Area harvested,ha,2002,400.000000,E
91,328,Guyana,0,Area harvested,ha,2003,640.000000,E
91,328,Guyana,0,Area harvested,ha,2004,640.000000,E
91,328,Guyana,0,Area harvested,ha,2005,645.000000,E
91,328,Guyana,0,Area harvested,ha,2006,645.000000,E
91,328,Guyana,0,Area harvested,ha,2007,650.000000,E
91,328,Guyana,0,Area harvested,ha,2008,650.000000,E
91,328,Guyana,0,Area harvested,ha,2009,560.000000,E
91,328,Guyana,0,Area harvested,ha,2010,560.000000,E
91,328,Guyana,0,Area harvested,ha,2011,565.000000,E
91,328,Guyana,0,Area harvested,ha,2012,565.000000,E
91,328,Guyana,0,Area harvested,ha,2013,570.000000,E
91,328,Guyana,0,Area harvested,ha,2014,570.000000,E
91,328,Guyana,0,Area harvested,ha,2015,564.000000,I
91,328,Guyana,0,Area harvested,ha,2016,539.000000,I
91,328,Guyana,0,Area harvested,ha,2017,529.000000,I
91,328,Guyana,0,Area harvested,ha,2018,593.000000,I
91,328,Guyana,0,Area harvested,ha,2019,813.000000,I
91,328,Guyana,0,Area harvested,ha,2020,742.000000,I
91,328,Guyana,0,Area harvested,ha,2021,735.000000,I
91,328,Guyana,0,Area harvested,ha,2022,702.000000,I
91,328,Guyana,0,Area harvested,ha,2023,164.000000,I
91,328,Guyana,0,Area harvested,ha,2024,185.000000,I
91,328,Guyana,0,Production,t,1998,136.000000,A
91,328,Guyana,0,Production,t,1999,140.000000,E
91,328,Guyana,0,Production,t,2000,15.000000,A
91,328,Guyana,0,Production,t,2001,153.000000,A
91,328,Guyana,0,Production,t,2002,300.000000,X
91,328,Guyana,0,Production,t,2003,480.000000,X
91,328,Guyana,0,Production,t,2004,480.000000,X
91,328,Guyana,0,Production,t,2005,480.000000,X
91,328,Guyana,0,Production,t,2006,480.000000,X
91,328,Guyana,0,Production,t,2007,480.000000,X
91,328,Guyana,0,Production,t,2008,480.000000,X
91,328,Guyana,0,Production,t,2009,420.000000,X
91,328,Guyana,0,Production,t,2010,420.000000,X
91,328,Guyana,0,Production,t,2011,420.000000,X
91,328,Guyana,0,Production,t,2012,420.000000,X
91,328,Guyana,0,Production,t,2013,420.000000,X
91,328,Guyana,0,Production,t,2014,420.000000,X
91,328,Guyana,0,Production,t,2015,420.000000,X
91,328,Guyana,0,Production,t,2016,420.000000,X
91,328,Guyana,0,Production,t,2017,420.000000,X
91,328,Guyana,0,Production,t,2018,475.000000,A
91,328,Guyana,0,Production,t,2019,654.000000,A
91,328,Guyana,0,Production,t,2020,600.000000,X
91,328,Guyana,0,Production,t,2021,600.000000,X
91,328,Guyana,0,Production,t,2022,567.000000,A
91,328,Guyana,0,Production,t,2023,133.000000,A
91,328,Guyana,0,Production,t,2024,151.000000,A
91,328,Guyana,0,Yield,kg/ha,1998,453.300000,E
91,328,Guyana,0,Yield,kg/ha,1999,400.000000,E
91,328,Guyana,0,Yield,kg/ha,2000,466.500000,E
91,328,Guyana,0,Yield,kg/ha,2001,437.100000,E
91,328,Guyana,0,Yield,kg/ha,2002,750.000000,E
91,328,Guyana,0,Yield,kg/ha,2003,750.000000,E
91,328,Guyana,0,Yield,kg/ha,2004,750.000000,E
91,328,Guyana,0,Yield,kg/ha,2005,744.200000,E
91,328,Guyana,0,Yield,kg/ha,2006,744.200000,E
91,328,Guyana,0,Yield,kg/ha,2007,738.500000,E
91,328,Guyana,0,Yield,kg/ha,2008,738.500000,E
91,328,Guyana,0,Yield,kg/ha,2009,750.000000,E
91,328,Guyana,0,Yield,kg/ha,2010,750.000000,E
91,328,Guyana,0,Yield,kg/ha,2011,743.400000,E
91,328,Guyana,0,Yield,kg/ha,2012,743.400000,E
91,328,Guyana,0,Yield,kg/ha,2013,736.800000,E
91,328,Guyana,0,Yield,kg/ha,2014,736.800000,E
91,328,Guyana,0,Yield,kg/ha,2015,744.700000,E
91,328,Guyana,0,Yield,kg/ha,2016,779.500000,E
91,328,Guyana,0,Yield,kg/ha,2017,793.200000,E
91,328,Guyana,0,Yield,kg/ha,2018,800.500000,E
91,328,Guyana,0,Yield,kg/ha,2019,804.300000,E
91,328,Guyana,0,Yield,kg/ha,2020,808.100000,E
91,328,Guyana,0,Yield,kg/ha,2021,816.000000,E
91,328,Guyana,0,Yield,kg/ha,2022,807.600000,E
91,328,Guyana,0,Yield,kg/ha,2023,811.100000,E
91,328,Guyana,0,Yield,kg/ha,2024,814.700000,E
93,332,Haiti,0,Area harvested,ha,1998,53617.000000,I
93,332,Haiti,0,Area harvested,ha,1999,54754.000000,I
93,332,Haiti,0,Area harvested,ha,2000,57800.000000,A
93,332,Haiti,0,Area harvested,ha,2001,54000.000000,A
93,332,Haiti,0,Area harvested,ha,2002,52000.000000,E
93,332,Haiti,0,Area harvested,ha,2003,57800.000000,E
93,332,Haiti,0,Area harvested,ha,2004,55900.000000,E
93,332,Haiti,0,Area harvested,ha,2005,67500.000000,E
93,332,Haiti,0,Area harvested,ha,2006,67571.000000,I
93,332,Haiti,0,Area harvested,ha,2007,90600.000000,E
93,332,Haiti,0,Area harvested,ha,2008,67500.000000,E
93,332,Haiti,0,Area harvested,ha,2009,41000.000000,E
93,332,Haiti,0,Area harvested,ha,2010,41000.000000,E
93,332,Haiti,0,Area harvested,ha,2011,41000.000000,E
93,332,Haiti,0,Area harvested,ha,2012,41000.000000,E
93,332,Haiti,0,Area harvested,ha,2013,20000.000000,E
93,332,Haiti,0,Area harvested,ha,2014,7000.000000,E
93,332,Haiti,0,Area harvested,ha,2015,7200.000000,E
93,332,Haiti,0,Area harvested,ha,2016,7400.000000,E
93,332,Haiti,0,Area harvested,ha,2017,7700.000000,E
93,332,Haiti,0,Area harvested,ha,2018,8085.000000,I
93,332,Haiti,0,Area harvested,ha,2019,8479.000000,I
93,332,Haiti,0,Area harvested,ha,2020,8895.000000,I
93,332,Haiti,0,Area harvested,ha,2021,9338.000000,I
93,332,Haiti,0,Area harvested,ha,2022,9826.000000,I
93,332,Haiti,0,Area harvested,ha,2023,9738.000000,I
93,332,Haiti,0,Area harvested,ha,2024,8477.000000,I
93,332,Haiti,0,Production,t,1998,27239.000000,A
93,332,Haiti,0,Production,t,1999,28000.000000,E
93,332,Haiti,0,Production,t,2000,30000.000000,A
93,332,Haiti,0,Production,t,2001,28000.000000,A
93,332,Haiti,0,Production,t,2002,27000.000000,A
93,332,Haiti,0,Production,t,2003,30000.000000,A
93,332,Haiti,0,Production,t,2004,29000.000000,A
93,332,Haiti,0,Production,t,2005,35000.000000,A
93,332,Haiti,0,Production,t,2006,35000.000000,A
93,332,Haiti,0,Production,t,2007,47000.000000,A
93,332,Haiti,0,Production,t,2008,35000.000000,A
93,332,Haiti,0,Production,t,2009,21022.000000,X
93,332,Haiti,0,Production,t,2010,20968.000000,X
93,332,Haiti,0,Production,t,2011,20958.000000,X
93,332,Haiti,0,Production,t,2012,20930.000000,X
93,332,Haiti,0,Production,t,2013,10320.000000,X
93,332,Haiti,0,Production,t,2014,3600.000000,X
93,332,Haiti,0,Production,t,2015,3660.000000,X
93,332,Haiti,0,Production,t,2016,3840.000000,X
93,332,Haiti,0,Production,t,2017,3969.000000,X
93,332,Haiti,0,Production,t,2018,4167.000000,X
93,332,Haiti,0,Production,t,2019,4376.000000,X
93,332,Haiti,0,Production,t,2020,4595.000000,X
93,332,Haiti,0,Production,t,2021,4824.000000,X
93,332,Haiti,0,Production,t,2022,5066.000000,X
93,332,Haiti,0,Production,t,2023,5021.300000,I
93,332,Haiti,0,Production,t,2024,4371.490000,I
93,332,Haiti,0,Yield,kg/ha,1998,508.000000,E
93,332,Haiti,0,Yield,kg/ha,1999,511.400000,E
93,332,Haiti,0,Yield,kg/ha,2000,519.000000,A
93,332,Haiti,0,Yield,kg/ha,2001,518.500000,A
93,332,Haiti,0,Yield,kg/ha,2002,519.200000,E
93,332,Haiti,0,Yield,kg/ha,2003,519.000000,E
93,332,Haiti,0,Yield,kg/ha,2004,518.800000,E
93,332,Haiti,0,Yield,kg/ha,2005,518.500000,E
93,332,Haiti,0,Yield,kg/ha,2006,518.000000,E
93,332,Haiti,0,Yield,kg/ha,2007,518.800000,E
93,332,Haiti,0,Yield,kg/ha,2008,518.500000,E
93,332,Haiti,0,Yield,kg/ha,2009,512.700000,E
93,332,Haiti,0,Yield,kg/ha,2010,511.400000,E
93,332,Haiti,0,Yield,kg/ha,2011,511.200000,E
93,332,Haiti,0,Yield,kg/ha,2012,510.500000,E
93,332,Haiti,0,Yield,kg/ha,2013,516.000000,E
93,332,Haiti,0,Yield,kg/ha,2014,514.300000,E
93,332,Haiti,0,Yield,kg/ha,2015,508.300000,E
93,332,Haiti,0,Yield,kg/ha,2016,518.900000,E
93,332,Haiti,0,Yield,kg/ha,2017,515.500000,E
93,332,Haiti,0,Yield,kg/ha,2018,515.400000,E
93,332,Haiti,0,Yield,kg/ha,2019,516.100000,E
93,332,Haiti,0,Yield,kg/ha,2020,516.600000,E
93,332,Haiti,0,Yield,kg/ha,2021,516.600000,E
93,332,Haiti,0,Yield,kg/ha,2022,515.600000,E
93,332,Haiti,0,Yield,kg/ha,2023,515.600000,E
93,332,Haiti,0,Yield,kg/ha,2024,515.700000,E
95,340,Honduras,0,Area harvested,ha,1998,199452.000000,A
95,340,Honduras,0,Area harvested,ha,1999,205131.000000,A
95,340,Honduras,0,Area harvested,ha,2000,210769.000000,A
95,340,Honduras,0,Area harvested,ha,2001,216562.000000,A
95,340,Honduras,0,Area harvested,ha,2002,204490.000000,A
95,340,Honduras,0,Area harvested,ha,2003,228438.000000,A
95,340,Honduras,0,Area harvested,ha,2004,236376.000000,A
95,340,Honduras,0,Area harvested,ha,2005,238455.000000,A
95,340,Honduras,0,Area harvested,ha,2006,250012.000000,A
95,340,Honduras,0,Area harvested,ha,2007,239000.000000,E
95,340,Honduras,0,Area harvested,ha,2008,242000.000000,E
95,340,Honduras,0,Area harvested,ha,2009,242683.000000,A
95,340,Honduras,0,Area harvested,ha,2010,313429.000000,A
95,340,Honduras,0,Area harvested,ha,2011,328375.000000,A
95,340,Honduras,0,Area harvested,ha,2012,347065.000000,A
95,340,Honduras,0,Area harvested,ha,2013,285471.000000,I
95,340,Honduras,0,Area harvested,ha,2014,270000.000000,A
95,340,Honduras,0,Area harvested,ha,2015,270000.000000,A
95,340,Honduras,0,Area harvested,ha,2016,309806.000000,I
95,340,Honduras,0,Area harvested,ha,2017,423676.000000,I
95,340,Honduras,0,Area harvested,ha,2018,431122.000000,I
95,340,Honduras,0,Area harvested,ha,2019,424739.000000,I
95,340,Honduras,0,Area harvested,ha,2020,323457.000000,I
95,340,Honduras,0,Area harvested,ha,2021,358284.000000,I
95,340,Honduras,0,Area harvested,ha,2022,278897.000000,I
95,340,Honduras,0,Area harvested,ha,2023,320513.000000,I
95,340,Honduras,0,Area harvested,ha,2024,266728.000000,I
95,340,Honduras,0,Production,t,1998,172772.000000,A
95,340,Honduras,0,Production,t,1999,157409.000000,A
95,340,Honduras,0,Production,t,2000,193309.000000,A
95,340,Honduras,0,Production,t,2001,205545.000000,A
95,340,Honduras,0,Production,t,2002,172727.000000,A
95,340,Honduras,0,Production,t,2003,175284.000000,A
95,340,Honduras,0,Production,t,2004,185090.000000,A
95,340,Honduras,0,Production,t,2005,190640.000000,A
95,340,Honduras,0,Production,t,2006,213636.000000,A
95,340,Honduras,0,Production,t,2007,236302.000000,A
95,340,Honduras,0,Production,t,2008,240948.000000,A
95,340,Honduras,0,Production,t,2009,231288.000000,A
95,340,Honduras,0,Production,t,2010,244335.000000,A
95,340,Honduras,0,Production,t,2011,284347.000000,A
95,340,Honduras,0,Production,t,2012,343403.000000,A
95,340,Honduras,0,Production,t,2013,280697.000000,A
95,340,Honduras,0,Production,t,2014,282230.000000,A
95,340,Honduras,0,Production,t,2015,332747.000000,A
95,340,Honduras,0,Production,t,2016,366542.000000,A
95,340,Honduras,0,Production,t,2017,477580.000000,A
95,340,Honduras,0,Production,t,2018,478830.760000,A
95,340,Honduras,0,Production,t,2019,472497.960000,A
95,340,Honduras,0,Production,t,2020,364552.380000,A
95,340,Honduras,0,Production,t,2021,417591.240000,A
95,340,Honduras,0,Production,t,2022,330111.310000,A
95,340,Honduras,0,Production,t,2023,384361.020000,A
95,340,Honduras,0,Production,t,2024,324015.020000,A
95,340,Honduras,0,Yield,kg/ha,1998,866.200000,A
95,340,Honduras,0,Yield,kg/ha,1999,767.400000,A
95,340,Honduras,0,Yield,kg/ha,2000,917.200000,A
95,340,Honduras,0,Yield,kg/ha,2001,949.100000,A
95,340,Honduras,0,Yield,kg/ha,2002,844.700000,A
95,340,Honduras,0,Yield,kg/ha,2003,767.300000,A
95,340,Honduras,0,Yield,kg/ha,2004,783.000000,A
95,340,Honduras,0,Yield,kg/ha,2005,799.500000,A
95,340,Honduras,0,Yield,kg/ha,2006,854.500000,A
95,340,Honduras,0,Yield,kg/ha,2007,988.700000,E
95,340,Honduras,0,Yield,kg/ha,2008,995.700000,E
95,340,Honduras,0,Yield,kg/ha,2009,953.000000,A
95,340,Honduras,0,Yield,kg/ha,2010,779.600000,A
95,340,Honduras,0,Yield,kg/ha,2011,865.900000,A
95,340,Honduras,0,Yield,kg/ha,2012,989.400000,A
95,340,Honduras,0,Yield,kg/ha,2013,983.300000,E
95,340,Honduras,0,Yield,kg/ha,2014,1045.300000,A
95,340,Honduras,0,Yield,kg/ha,2015,1232.400000,A
95,340,Honduras,0,Yield,kg/ha,2016,1183.100000,E
95,340,Honduras,0,Yield,kg/ha,2017,1127.200000,E
95,340,Honduras,0,Yield,kg/ha,2018,1110.700000,E
95,340,Honduras,0,Yield,kg/ha,2019,1112.400000,E
95,340,Honduras,0,Yield,kg/ha,2020,1127.000000,E
95,340,Honduras,0,Yield,kg/ha,2021,1165.500000,E
95,340,Honduras,0,Yield,kg/ha,2022,1183.600000,E
95,340,Honduras,0,Yield,kg/ha,2023,1199.200000,E
95,340,Honduras,0,Yield,kg/ha,2024,1214.800000,E
100,356,India,0,Area harvested,ha,1998,285652.000000,A
100,356,India,0,Area harvested,ha,1999,302234.000000,A
100,356,India,0,Area harvested,ha,2000,308433.000000,A
100,356,India,0,Area harvested,ha,2001,313934.000000,A
100,356,India,0,Area harvested,ha,2002,320737.000000,A
100,356,India,0,Area harvested,ha,2003,320615.000000,A
100,356,India,0,Area harvested,ha,2004,325124.000000,A
100,356,India,0,Area harvested,ha,2005,333338.000000,A
100,356,India,0,Area harvested,ha,2006,341351.000000,A
100,356,India,0,Area harvested,ha,2007,343040.000000,A
100,356,India,0,Area harvested,ha,2008,344508.000000,A
100,356,India,0,Area harvested,ha,2009,350500.000000,A
100,356,India,0,Area harvested,ha,2010,355502.000000,A
100,356,India,0,Area harvested,ha,2011,360485.000000,A
100,356,India,0,Area harvested,ha,2012,368687.000000,A
100,356,India,0,Area harvested,ha,2013,376305.000000,A
100,356,India,0,Area harvested,ha,2014,381304.000000,A
100,356,India,0,Area harvested,ha,2015,423270.000000,A
100,356,India,0,Area harvested,ha,2016,434436.000000,A
100,356,India,0,Area harvested,ha,2017,449357.000000,A
100,356,India,0,Area harvested,ha,2018,413020.000000,A
100,356,India,0,Area harvested,ha,2019,416741.000000,A
100,356,India,0,Area harvested,ha,2020,418167.000000,A
100,356,India,0,Area harvested,ha,2021,422924.000000,A
100,356,India,0,Area harvested,ha,2022,479669.000000,A
100,356,India,0,Area harvested,ha,2023,489619.000000,A
100,356,India,0,Area harvested,ha,2024,491419.000000,A
100,356,India,0,Production,t,1998,228000.000000,A
100,356,India,0,Production,t,1999,265000.000000,A
100,356,India,0,Production,t,2000,292000.000000,A
100,356,India,0,Production,t,2001,301000.000000,A
100,356,India,0,Production,t,2002,301000.000000,A
100,356,India,0,Production,t,2003,275275.000000,A
100,356,India,0,Production,t,2004,270500.000000,A
100,356,India,0,Production,t,2005,275500.000000,A
100,356,India,0,Production,t,2006,274000.000000,A
100,356,India,0,Production,t,2007,288000.000000,A
100,356,India,0,Production,t,2008,262000.000000,A
100,356,India,0,Production,t,2009,262300.000000,A
100,356,India,0,Production,t,2010,289600.000000,A
100,356,India,0,Production,t,2011,302000.000000,A
100,356,India,0,Production,t,2012,314000.000000,A
100,356,India,0,Production,t,2013,318200.000000,A
100,356,India,0,Production,t,2014,304500.000000,A
100,356,India,0,Production,t,2015,327000.000000,A
100,356,India,0,Production,t,2016,348000.000000,A
100,356,India,0,Production,t,2017,312000.000000,A
100,356,India,0,Production,t,2018,316000.000000,A
100,356,India,0,Production,t,2019,319500.000000,A
100,356,India,0,Production,t,2020,298000.000000,A
100,356,India,0,Production,t,2021,334000.000000,A
100,356,India,0,Production,t,2022,352000.000000,A
100,356,India,0,Production,t,2023,360500.000000,A
100,356,India,0,Production,t,2024,363000.000000,A
100,356,India,0,Yield,kg/ha,1998,798.200000,A
100,356,India,0,Yield,kg/ha,1999,876.800000,A
100,356,India,0,Yield,kg/ha,2000,946.700000,A
100,356,India,0,Yield,kg/ha,2001,958.800000,A
100,356,India,0,Yield,kg/ha,2002,938.500000,A
100,356,India,0,Yield,kg/ha,2003,858.600000,A
100,356,India,0,Yield,kg/ha,2004,832.000000,A
100,356,India,0,Yield,kg/ha,2005,826.500000,A
100,356,India,0,Yield,kg/ha,2006,802.700000,A
100,356,India,0,Yield,kg/ha,2007,839.600000,A
100,356,India,0,Yield,kg/ha,2008,760.500000,A
100,356,India,0,Yield,kg/ha,2009,748.400000,A
100,356,India,0,Yield,kg/ha,2010,814.600000,A
100,356,India,0,Yield,kg/ha,2011,837.800000,A
100,356,India,0,Yield,kg/ha,2012,851.700000,A
100,356,India,0,Yield,kg/ha,2013,845.600000,A
100,356,India,0,Yield,kg/ha,2014,798.600000,A
100,356,India,0,Yield,kg/ha,2015,772.600000,A
100,356,India,0,Yield,kg/ha,2016,801.000000,A
100,356,India,0,Yield,kg/ha,2017,694.300000,A
100,356,India,0,Yield,kg/ha,2018,765.100000,A
100,356,India,0,Yield,kg/ha,2019,766.700000,A
100,356,India,0,Yield,kg/ha,2020,712.600000,A
100,356,India,0,Yield,kg/ha,2021,789.700000,A
100,356,India,0,Yield,kg/ha,2022,733.800000,A
100,356,India,0,Yield,kg/ha,2023,736.300000,A
100,356,India,0,Yield,kg/ha,2024,738.700000,A
101,360,Indonesia,0,Area harvested,ha,1998,844172.000000,A
101,360,Indonesia,0,Area harvested,ha,1999,900000.000000,X
101,360,Indonesia,0,Area harvested,ha,2000,1260687.000000,A
101,360,Indonesia,0,Area harvested,ha,2001,1313383.000000,A
101,360,Indonesia,0,Area harvested,ha,2002,1372184.000000,A
101,360,Indonesia,0,Area harvested,ha,2003,1381730.000000,A
101,360,Indonesia,0,Area harvested,ha,2004,1303943.000000,A
101,360,Indonesia,0,Area harvested,ha,2005,1255272.000000,A
101,360,Indonesia,0,Area harvested,ha,2006,1308732.000000,A
101,360,Indonesia,0,Area harvested,ha,2007,1295912.000000,A
101,360,Indonesia,0,Area harvested,ha,2008,1295111.000000,A
101,360,Indonesia,0,Area harvested,ha,2009,1266235.000000,A
101,360,Indonesia,0,Area harvested,ha,2010,1268476.000000,A
101,360,Indonesia,0,Area harvested,ha,2011,1293000.000000,A
101,360,Indonesia,0,Area harvested,ha,2012,1233900.000000,A
101,360,Indonesia,0,Area harvested,ha,2013,1241700.000000,A
101,360,Indonesia,0,Area harvested,ha,2014,1230500.000000,A
101,360,Indonesia,0,Area harvested,ha,2015,1230001.000000,A
101,360,Indonesia,0,Area harvested,ha,2016,1228512.000000,A
101,360,Indonesia,0,Area harvested,ha,2017,1238598.000000,A
101,360,Indonesia,0,Area harvested,ha,2018,1252826.000000,A
101,360,Indonesia,0,Area harvested,ha,2019,1245359.000000,A
101,360,Indonesia,0,Area harvested,ha,2020,1250452.000000,A
101,360,Indonesia,0,Area harvested,ha,2021,1279570.000000,A
101,360,Indonesia,0,Area harvested,ha,2022,1265961.000000,A
101,360,Indonesia,0,Area harvested,ha,2023,1266848.000000,A
101,360,Indonesia,0,Area harvested,ha,2024,1269354.000000,A
101,360,Indonesia,0,Production,t,1998,512165.000000,A
101,360,Indonesia,0,Production,t,1999,524687.000000,A
101,360,Indonesia,0,Production,t,2000,554574.000000,A
101,360,Indonesia,0,Production,t,2001,569234.000000,A
101,360,Indonesia,0,Production,t,2002,682019.000000,A
101,360,Indonesia,0,Production,t,2003,663571.000000,A
101,360,Indonesia,0,Production,t,2004,647385.000000,A
101,360,Indonesia,0,Production,t,2005,640365.000000,A
101,360,Indonesia,0,Production,t,2006,682158.000000,A
101,360,Indonesia,0,Production,t,2007,676475.000000,A
101,360,Indonesia,0,Production,t,2008,698016.000000,A
101,360,Indonesia,0,Production,t,2009,682591.000000,A
101,360,Indonesia,0,Production,t,2010,684076.000000,A
101,360,Indonesia,0,Production,t,2011,638600.000000,A
101,360,Indonesia,0,Production,t,2012,691163.000000,A
101,360,Indonesia,0,Production,t,2013,675800.000000,A
101,360,Indonesia,0,Production,t,2014,643900.000000,A
101,360,Indonesia,0,Production,t,2015,639412.000000,A
101,360,Indonesia,0,Production,t,2016,639305.000000,A
101,360,Indonesia,0,Production,t,2017,717962.000000,A
101,360,Indonesia,0,Production,t,2018,756051.000000,A
101,360,Indonesia,0,Production,t,2019,752512.000000,A
101,360,Indonesia,0,Production,t,2020,762380.000000,A
101,360,Indonesia,0,Production,t,2021,786191.000000,A
101,360,Indonesia,0,Production,t,2022,774960.530000,A
101,360,Indonesia,0,Production,t,2023,758725.000000,A
101,360,Indonesia,0,Production,t,2024,807578.000000,A
101,360,Indonesia,0,Yield,kg/ha,1998,606.700000,A
101,360,Indonesia,0,Yield,kg/ha,1999,583.000000,E
101,360,Indonesia,0,Yield,kg/ha,2000,439.900000,A
101,360,Indonesia,0,Yield,kg/ha,2001,433.400000,A
101,360,Indonesia,0,Yield,kg/ha,2002,497.000000,A
101,360,Indonesia,0,Yield,kg/ha,2003,480.200000,A
101,360,Indonesia,0,Yield,kg/ha,2004,496.500000,A
101,360,Indonesia,0,Yield,kg/ha,2005,510.100000,A
101,360,Indonesia,0,Yield,kg/ha,2006,521.200000,A
101,360,Indonesia,0,Yield,kg/ha,2007,522.000000,A
101,360,Indonesia,0,Yield,kg/ha,2008,539.000000,A
101,360,Indonesia,0,Yield,kg/ha,2009,539.100000,A
101,360,Indonesia,0,Yield,kg/ha,2010,539.300000,A
101,360,Indonesia,0,Yield,kg/ha,2011,493.900000,A
101,360,Indonesia,0,Yield,kg/ha,2012,560.100000,A
101,360,Indonesia,0,Yield,kg/ha,2013,544.300000,A
101,360,Indonesia,0,Yield,kg/ha,2014,523.300000,A
101,360,Indonesia,0,Yield,kg/ha,2015,519.800000,A
101,360,Indonesia,0,Yield,kg/ha,2016,520.400000,A
101,360,Indonesia,0,Yield,kg/ha,2017,579.700000,A
101,360,Indonesia,0,Yield,kg/ha,2018,603.500000,A
101,360,Indonesia,0,Yield,kg/ha,2019,604.300000,A
101,360,Indonesia,0,Yield,kg/ha,2020,609.700000,A
101,360,Indonesia,0,Yield,kg/ha,2021,614.400000,A
101,360,Indonesia,0,Yield,kg/ha,2022,612.200000,A
101,360,Indonesia,0,Yield,kg/ha,2023,598.900000,A
101,360,Indonesia,0,Yield,kg/ha,2024,636.200000,A
109,388,Jamaica,0,Area harvested,ha,1998,4000.000000,E
109,388,Jamaica,0,Area harvested,ha,1999,5100.000000,E
109,388,Jamaica,0,Area harvested,ha,2000,5100.000000,E
109,388,Jamaica,0,Area harvested,ha,2001,5600.000000,E
109,388,Jamaica,0,Area harvested,ha,2002,5600.000000,E
109,388,Jamaica,0,Area harvested,ha,2003,6100.000000,E
109,388,Jamaica,0,Area harvested,ha,2004,5600.000000,E
109,388,Jamaica,0,Area harvested,ha,2005,8400.000000,E
109,388,Jamaica,0,Area harvested,ha,2006,11250.000000,E
109,388,Jamaica,0,Area harvested,ha,2007,11250.000000,E
109,388,Jamaica,0,Area harvested,ha,2008,11250.000000,E
109,388,Jamaica,0,Area harvested,ha,2009,14057.000000,I
109,388,Jamaica,0,Area harvested,ha,2010,9000.000000,E
109,388,Jamaica,0,Area harvested,ha,2011,8607.000000,I
109,388,Jamaica,0,Area harvested,ha,2012,7500.000000,E
109,388,Jamaica,0,Area harvested,ha,2013,8000.000000,E
109,388,Jamaica,0,Area harvested,ha,2014,7800.000000,E
109,388,Jamaica,0,Area harvested,ha,2015,7543.000000,I
109,388,Jamaica,0,Area harvested,ha,2016,9334.000000,I
109,388,Jamaica,0,Area harvested,ha,2017,7433.000000,I
109,388,Jamaica,0,Area harvested,ha,2018,8163.000000,I
109,388,Jamaica,0,Area harvested,ha,2019,7557.000000,I
109,388,Jamaica,0,Area harvested,ha,2020,7096.000000,I
109,388,Jamaica,0,Area harvested,ha,2021,7693.000000,I
109,388,Jamaica,0,Area harvested,ha,2022,8707.000000,I
109,388,Jamaica,0,Area harvested,ha,2023,10143.000000,I
109,388,Jamaica,0,Area harvested,ha,2024,8191.000000,I
109,388,Jamaica,0,Production,t,1998,1740.000000,X
109,388,Jamaica,0,Production,t,1999,2340.000000,X
109,388,Jamaica,0,Production,t,2000,2220.000000,X
109,388,Jamaica,0,Production,t,2001,2880.000000,X
109,388,Jamaica,0,Production,t,2002,2760.000000,X
109,388,Jamaica,0,Production,t,2003,3300.000000,E
109,388,Jamaica,0,Production,t,2004,2400.000000,X
109,388,Jamaica,0,Production,t,2005,8897.000000,A
109,388,Jamaica,0,Production,t,2006,12390.000000,A
109,388,Jamaica,0,Production,t,2007,15117.000000,A
109,388,Jamaica,0,Production,t,2008,9035.000000,A
109,388,Jamaica,0,Production,t,2009,12456.000000,A
109,388,Jamaica,0,Production,t,2010,9121.000000,A
109,388,Jamaica,0,Production,t,2011,8099.000000,A
109,388,Jamaica,0,Production,t,2012,6687.000000,A
109,388,Jamaica,0,Production,t,2013,6984.000000,A
109,388,Jamaica,0,Production,t,2014,5298.000000,A
109,388,Jamaica,0,Production,t,2015,5755.000000,A
109,388,Jamaica,0,Production,t,2016,7580.000000,A
109,388,Jamaica,0,Production,t,2017,6222.000000,A
109,388,Jamaica,0,Production,t,2018,7085.000000,A
109,388,Jamaica,0,Production,t,2019,6701.000000,A
109,388,Jamaica,0,Production,t,2020,6201.000000,A
109,388,Jamaica,0,Production,t,2021,6507.800000,A
109,388,Jamaica,0,Production,t,2022,7064.100000,A
109,388,Jamaica,0,Production,t,2023,8152.000000,A
109,388,Jamaica,0,Production,t,2024,6521.000000,A
109,388,Jamaica,0,Yield,kg/ha,1998,435.000000,E
109,388,Jamaica,0,Yield,kg/ha,1999,458.800000,E
109,388,Jamaica,0,Yield,kg/ha,2000,435.300000,E
109,388,Jamaica,0,Yield,kg/ha,2001,514.300000,E
109,388,Jamaica,0,Yield,kg/ha,2002,492.900000,E
109,388,Jamaica,0,Yield,kg/ha,2003,541.000000,E
109,388,Jamaica,0,Yield,kg/ha,2004,428.600000,E
109,388,Jamaica,0,Yield,kg/ha,2005,1059.200000,E
109,388,Jamaica,0,Yield,kg/ha,2006,1101.300000,E
109,388,Jamaica,0,Yield,kg/ha,2007,1343.700000,E
109,388,Jamaica,0,Yield,kg/ha,2008,803.100000,E
109,388,Jamaica,0,Yield,kg/ha,2009,886.100000,E
109,388,Jamaica,0,Yield,kg/ha,2010,1013.400000,E
109,388,Jamaica,0,Yield,kg/ha,2011,941.000000,E
109,388,Jamaica,0,Yield,kg/ha,2012,891.600000,E
109,388,Jamaica,0,Yield,kg/ha,2013,873.000000,E
109,388,Jamaica,0,Yield,kg/ha,2014,679.200000,E
109,388,Jamaica,0,Yield,kg/ha,2015,762.900000,E
109,388,Jamaica,0,Yield,kg/ha,2016,812.100000,E
109,388,Jamaica,0,Yield,kg/ha,2017,837.100000,E
109,388,Jamaica,0,Yield,kg/ha,2018,868.000000,E
109,388,Jamaica,0,Yield,kg/ha,2019,886.700000,E
109,388,Jamaica,0,Yield,kg/ha,2020,873.900000,E
109,388,Jamaica,0,Yield,kg/ha,2021,845.900000,E
109,388,Jamaica,0,Yield,kg/ha,2022,811.300000,E
109,388,Jamaica,0,Yield,kg/ha,2023,803.700000,E
109,388,Jamaica,0,Yield,kg/ha,2024,796.100000,E
114,404,Kenya,0,Area harvested,ha,1998,178500.000000,A
114,404,Kenya,0,Area harvested,ha,1999,170000.000000,A
114,404,Kenya,0,Area harvested,ha,2000,170000.000000,A
114,404,Kenya,0,Area harvested,ha,2001,170000.000000,A
114,404,Kenya,0,Area harvested,ha,2002,170000.000000,A
114,404,Kenya,0,Area harvested,ha,2003,170000.000000,A
114,404,Kenya,0,Area harvested,ha,2004,170000.000000,A
114,404,Kenya,0,Area harvested,ha,2005,170000.000000,A
114,404,Kenya,0,Area harvested,ha,2006,170000.000000,A
114,404,Kenya,0,Area harvested,ha,2007,163000.000000,A
114,404,Kenya,0,Area harvested,ha,2008,155000.000000,A
114,404,Kenya,0,Area harvested,ha,2009,160000.000000,A
114,404,Kenya,0,Area harvested,ha,2010,160000.000000,A
114,404,Kenya,0,Area harvested,ha,2011,115600.000000,A
114,404,Kenya,0,Area harvested,ha,2012,109795.000000,A
114,404,Kenya,0,Area harvested,ha,2013,109800.000000,A
114,404,Kenya,0,Area harvested,ha,2014,110000.000000,A
114,404,Kenya,0,Area harvested,ha,2015,113500.000000,A
114,404,Kenya,0,Area harvested,ha,2016,114000.000000,A
114,404,Kenya,0,Area harvested,ha,2017,114700.000000,A
114,404,Kenya,0,Area harvested,ha,2018,115570.000000,A
114,404,Kenya,0,Area harvested,ha,2019,119600.000000,A
114,404,Kenya,0,Area harvested,ha,2020,119700.000000,A
114,404,Kenya,0,Area harvested,ha,2021,108200.000000,A
114,404,Kenya,0,Area harvested,ha,2022,109400.000000,A
114,404,Kenya,0,Area harvested,ha,2023,111900.000000,A
114,404,Kenya,0,Area harvested,ha,2024,113600.000000,A
114,404,Kenya,0,Production,t,1998,53715.000000,A
114,404,Kenya,0,Production,t,1999,68100.000000,A
114,404,Kenya,0,Production,t,2000,100700.000000,A
114,404,Kenya,0,Production,t,2001,51700.000000,A
114,404,Kenya,0,Production,t,2002,51900.000000,A
114,404,Kenya,0,Production,t,2003,55443.000000,A
114,404,Kenya,0,Production,t,2004,48431.000000,A
114,404,Kenya,0,Production,t,2005,45200.000000,A
114,404,Kenya,0,Production,t,2006,48300.000000,A
114,404,Kenya,0,Production,t,2007,53368.000000,A
114,404,Kenya,0,Production,t,2008,42000.000000,A
114,404,Kenya,0,Production,t,2009,54000.000000,A
114,404,Kenya,0,Production,t,2010,42000.000000,A
114,404,Kenya,0,Production,t,2011,36300.000000,A
114,404,Kenya,0,Production,t,2012,49000.000000,A
114,404,Kenya,0,Production,t,2013,39800.000000,A
114,404,Kenya,0,Production,t,2014,49500.000000,A
114,404,Kenya,0,Production,t,2015,42000.000000,A
114,404,Kenya,0,Production,t,2016,46100.000000,A
114,404,Kenya,0,Production,t,2017,38620.000000,A
114,404,Kenya,0,Production,t,2018,41375.000000,A
114,404,Kenya,0,Production,t,2019,44500.000000,A
114,404,Kenya,0,Production,t,2020,36900.000000,A
114,404,Kenya,0,Production,t,2021,34500.000000,A
114,404,Kenya,0,Production,t,2022,51900.000000,A
114,404,Kenya,0,Production,t,2023,48700.000000,A
114,404,Kenya,0,Production,t,2024,49500.000000,A
114,404,Kenya,0,Yield,kg/ha,1998,300.900000,A
114,404,Kenya,0,Yield,kg/ha,1999,400.600000,A
114,404,Kenya,0,Yield,kg/ha,2000,592.400000,A
114,404,Kenya,0,Yield,kg/ha,2001,304.100000,A
114,404,Kenya,0,Yield,kg/ha,2002,305.300000,A
114,404,Kenya,0,Yield,kg/ha,2003,326.100000,A
114,404,Kenya,0,Yield,kg/ha,2004,284.900000,A
114,404,Kenya,0,Yield,kg/ha,2005,265.900000,A
114,404,Kenya,0,Yield,kg/ha,2006,284.100000,A
114,404,Kenya,0,Yield,kg/ha,2007,327.400000,A
114,404,Kenya,0,Yield,kg/ha,2008,271.000000,A
114,404,Kenya,0,Yield,kg/ha,2009,337.500000,A
114,404,Kenya,0,Yield,kg/ha,2010,262.500000,A
114,404,Kenya,0,Yield,kg/ha,2011,314.000000,A
114,404,Kenya,0,Yield,kg/ha,2012,446.300000,A
114,404,Kenya,0,Yield,kg/ha,2013,362.500000,A
114,404,Kenya,0,Yield,kg/ha,2014,450.000000,A
114,404,Kenya,0,Yield,kg/ha,2015,370.000000,A
114,404,Kenya,0,Yield,kg/ha,2016,404.400000,A
114,404,Kenya,0,Yield,kg/ha,2017,336.700000,A
114,404,Kenya,0,Yield,kg/ha,2018,358.000000,A
114,404,Kenya,0,Yield,kg/ha,2019,372.100000,A
114,404,Kenya,0,Yield,kg/ha,2020,308.300000,A
114,404,Kenya,0,Yield,kg/ha,2021,318.900000,A
114,404,Kenya,0,Yield,kg/ha,2022,474.400000,A
114,404,Kenya,0,Yield,kg/ha,2023,435.200000,A
114,404,Kenya,0,Yield,kg/ha,2024,435.700000,A
5802,432,Land Locked Developing Countries (LLDCs),1,Area harvested,ha,1998,708600.000000,E
5802,432,Land Locked Developing Countries (LLDCs),1,Area harvested,ha,1999,679250.000000,A
5802,432,Land Locked Developing Countries (LLDCs),1,Area harvested,ha,2000,731685.000000,E
5802,432,Land Locked Developing Countries (LLDCs),1,Area harvested,ha,2001,699614.000000,A
5802,432,Land Locked Developing Countries (LLDCs),1,Area harvested,ha,2002,758819.000000,E
5802,432,Land Locked Developing Countries (LLDCs),1,Area harvested,ha,2003,648836.000000,E
5802,432,Land Locked Developing Countries (LLDCs),1,Area harvested,ha,2004,851566.000000,E
5802,432,Land Locked Developing Countries (LLDCs),1,Area harvested,ha,2005,680918.000000,E
5802,432,Land Locked Developing Countries (LLDCs),1,Area harvested,ha,2006,785023.000000,E
5802,432,Land Locked Developing Countries (LLDCs),1,Area harvested,ha,2007,840299.000000,E
5802,432,Land Locked Developing Countries (LLDCs),1,Area harvested,ha,2008,979311.000000,E
5802,432,Land Locked Developing Countries (LLDCs),1,Area harvested,ha,2009,869240.000000,E
5802,432,Land Locked Developing Countries (LLDCs),1,Area harvested,ha,2010,1019731.000000,E
5802,432,Land Locked Developing Countries (LLDCs),1,Area harvested,ha,2011,1094962.000000,E
5802,432,Land Locked Developing Countries (LLDCs),1,Area harvested,ha,2012,1110984.000000,E
5802,432,Land Locked Developing Countries (LLDCs),1,Area harvested,ha,2013,1130054.000000,E
5802,432,Land Locked Developing Countries (LLDCs),1,Area harvested,ha,2014,1223754.000000,E
5802,432,Land Locked Developing Countries (LLDCs),1,Area harvested,ha,2015,1301705.000000,E
5802,432,Land Locked Developing Countries (LLDCs),1,Area harvested,ha,2016,1401170.000000,E
5802,432,Land Locked Developing Countries (LLDCs),1,Area harvested,ha,2017,1545685.000000,E
5802,432,Land Locked Developing Countries (LLDCs),1,Area harvested,ha,2018,1829105.000000,E
5802,432,Land Locked Developing Countries (LLDCs),1,Area harvested,ha,2019,2200135.000000,E
5802,432,Land Locked Developing Countries (LLDCs),1,Area harvested,ha,2020,2357107.000000,A
5802,432,Land Locked Developing Countries (LLDCs),1,Area harvested,ha,2021,2545492.000000,E
5802,432,Land Locked Developing Countries (LLDCs),1,Area harvested,ha,2022,2649980.000000,E
5802,432,Land Locked Developing Countries (LLDCs),1,Area harvested,ha,2023,2644513.000000,E
5802,432,Land Locked Developing Countries (LLDCs),1,Area harvested,ha,2024,2700118.000000,E
5802,432,Land Locked Developing Countries (LLDCs),1,Production,t,1998,539085.000000,E
5802,432,Land Locked Developing Countries (LLDCs),1,Production,t,1999,594743.000000,A
5802,432,Land Locked Developing Countries (LLDCs),1,Production,t,2000,539826.000000,E
5802,432,Land Locked Developing Countries (LLDCs),1,Production,t,2001,526639.000000,A
5802,432,Land Locked Developing Countries (LLDCs),1,Production,t,2002,659469.000000,A
5802,432,Land Locked Developing Countries (LLDCs),1,Production,t,2003,406973.000000,A
5802,432,Land Locked Developing Countries (LLDCs),1,Production,t,2004,619585.000000,A
5802,432,Land Locked Developing Countries (LLDCs),1,Production,t,2005,451407.640000,A
5802,432,Land Locked Developing Countries (LLDCs),1,Production,t,2006,612754.700000,A
5802,432,Land Locked Developing Countries (LLDCs),1,Production,t,2007,568259.840000,A
5802,432,Land Locked Developing Countries (LLDCs),1,Production,t,2008,672673.090000,A
5802,432,Land Locked Developing Countries (LLDCs),1,Production,t,2009,593537.510000,A
5802,432,Land Locked Developing Countries (LLDCs),1,Production,t,2010,738546.970000,A
5802,432,Land Locked Developing Countries (LLDCs),1,Production,t,2011,795692.620000,E
5802,432,Land Locked Developing Countries (LLDCs),1,Production,t,2012,818980.860000,E
5802,432,Land Locked Developing Countries (LLDCs),1,Production,t,2013,799971.830000,A
5802,432,Land Locked Developing Countries (LLDCs),1,Production,t,2014,875641.410000,E
5802,432,Land Locked Developing Countries (LLDCs),1,Production,t,2015,953119.630000,E
5802,432,Land Locked Developing Countries (LLDCs),1,Production,t,2016,961916.890000,A
5802,432,Land Locked Developing Countries (LLDCs),1,Production,t,2017,1100251.620000,A
5802,432,Land Locked Developing Countries (LLDCs),1,Production,t,2018,1198648.070000,A
5802,432,Land Locked Developing Countries (LLDCs),1,Production,t,2019,1351375.650000,E
5802,432,Land Locked Developing Countries (LLDCs),1,Production,t,2020,1463353.630000,A
5802,432,Land Locked Developing Countries (LLDCs),1,Production,t,2021,1540444.090000,E
5802,432,Land Locked Developing Countries (LLDCs),1,Production,t,2022,1604422.770000,A
5802,432,Land Locked Developing Countries (LLDCs),1,Production,t,2023,1607695.060000,E
5802,432,Land Locked Developing Countries (LLDCs),1,Production,t,2024,1546778.280000,E
5802,432,Land Locked Developing Countries (LLDCs),1,Yield,kg/ha,1998,760.800000,E
5802,432,Land Locked Developing Countries (LLDCs),1,Yield,kg/ha,1999,875.600000,A
5802,432,Land Locked Developing Countries (LLDCs),1,Yield,kg/ha,2000,737.800000,E
5802,432,Land Locked Developing Countries (LLDCs),1,Yield,kg/ha,2001,752.800000,A
5802,432,Land Locked Developing Countries (LLDCs),1,Yield,kg/ha,2002,869.100000,E
5802,432,Land Locked Developing Countries (LLDCs),1,Yield,kg/ha,2003,627.200000,E
5802,432,Land Locked Developing Countries (LLDCs),1,Yield,kg/ha,2004,727.600000,E
5802,432,Land Locked Developing Countries (LLDCs),1,Yield,kg/ha,2005,662.900000,E
5802,432,Land Locked Developing Countries (LLDCs),1,Yield,kg/ha,2006,780.600000,E
5802,432,Land Locked Developing Countries (LLDCs),1,Yield,kg/ha,2007,676.300000,E
5802,432,Land Locked Developing Countries (LLDCs),1,Yield,kg/ha,2008,686.900000,E
5802,432,Land Locked Developing Countries (LLDCs),1,Yield,kg/ha,2009,682.800000,E
5802,432,Land Locked Developing Countries (LLDCs),1,Yield,kg/ha,2010,724.300000,E
5802,432,Land Locked Developing Countries (LLDCs),1,Yield,kg/ha,2011,726.700000,E
5802,432,Land Locked Developing Countries (LLDCs),1,Yield,kg/ha,2012,737.200000,E
5802,432,Land Locked Developing Countries (LLDCs),1,Yield,kg/ha,2013,707.900000,E
5802,432,Land Locked Developing Countries (LLDCs),1,Yield,kg/ha,2014,715.500000,E
5802,432,Land Locked Developing Countries (LLDCs),1,Yield,kg/ha,2015,732.200000,E
5802,432,Land Locked Developing Countries (LLDCs),1,Yield,kg/ha,2016,686.500000,E
5802,432,Land Locked Developing Countries (LLDCs),1,Yield,kg/ha,2017,711.800000,E
5802,432,Land Locked Developing Countries (LLDCs),1,Yield,kg/ha,2018,655.300000,E
5802,432,Land Locked Developing Countries (LLDCs),1,Yield,kg/ha,2019,614.200000,E
5802,432,Land Locked Developing Countries (LLDCs),1,Yield,kg/ha,2020,620.800000,A
5802,432,Land Locked Developing Countries (LLDCs),1,Yield,kg/ha,2021,605.200000,E
5802,432,Land Locked Developing Countries (LLDCs),1,Yield,kg/ha,2022,605.400000,E
5802,432,Land Locked Developing Countries (LLDCs),1,Yield,kg/ha,2023,607.900000,E
5802,432,Land Locked Developing Countries (LLDCs),1,Yield,kg/ha,2024,572.900000,E
120,418,Lao People's Democratic Republic,0,Area harvested,ha,1998,28640.000000,A
120,418,Lao People's Democratic Republic,0,Area harvested,ha,1999,29250.000000,A
120,418,Lao People's Democratic Republic,0,Area harvested,ha,2000,29402.000000,A
120,418,Lao People's Democratic Republic,0,Area harvested,ha,2001,32220.000000,A
120,418,Lao People's Democratic Republic,0,Area harvested,ha,2002,36624.000000,A
120,418,Lao People's Democratic Republic,0,Area harvested,ha,2003,37347.000000,A
120,418,Lao People's Democratic Republic,0,Area harvested,ha,2004,37576.000000,A
120,418,Lao People's Democratic Republic,0,Area harvested,ha,2005,42580.000000,A
120,418,Lao People's Democratic Republic,0,Area harvested,ha,2006,43140.000000,A
120,418,Lao People's Democratic Republic,0,Area harvested,ha,2007,44990.000000,A
120,418,Lao People's Democratic Republic,0,Area harvested,ha,2008,48555.000000,A
120,418,Lao People's Democratic Republic,0,Area harvested,ha,2009,52430.000000,A
120,418,Lao People's Democratic Republic,0,Area harvested,ha,2010,50595.000000,A
120,418,Lao People's Democratic Republic,0,Area harvested,ha,2011,54775.000000,A
120,418,Lao People's Democratic Republic,0,Area harvested,ha,2012,56875.000000,A
120,418,Lao People's Democratic Republic,0,Area harvested,ha,2013,57345.000000,A
120,418,Lao People's Democratic Republic,0,Area harvested,ha,2014,70330.000000,A
120,418,Lao People's Democratic Republic,0,Area harvested,ha,2015,77535.000000,A
120,418,Lao People's Democratic Republic,0,Area harvested,ha,2016,77900.000000,A
120,418,Lao People's Democratic Republic,0,Area harvested,ha,2017,80890.000000,A
120,418,Lao People's Democratic Republic,0,Area harvested,ha,2018,82980.000000,A
120,418,Lao People's Democratic Republic,0,Area harvested,ha,2019,86145.000000,A
120,418,Lao People's Democratic Republic,0,Area harvested,ha,2020,82581.000000,A
120,418,Lao People's Democratic Republic,0,Area harvested,ha,2021,83320.000000,A
120,418,Lao People's Democratic Republic,0,Area harvested,ha,2022,89400.000000,A
120,418,Lao People's Democratic Republic,0,Area harvested,ha,2023,95800.000000,A
120,418,Lao People's Democratic Republic,0,Area harvested,ha,2024,91730.000000,A
120,418,Lao People's Democratic Republic,0,Production,t,1998,16999.000000,A
120,418,Lao People's Democratic Republic,0,Production,t,1999,17530.000000,A
120,418,Lao People's Democratic Republic,0,Production,t,2000,23500.000000,A
120,418,Lao People's Democratic Republic,0,Production,t,2001,25796.000000,A
120,418,Lao People's Democratic Republic,0,Production,t,2002,32197.000000,A
120,418,Lao People's Democratic Republic,0,Production,t,2003,27850.000000,A
120,418,Lao People's Democratic Republic,0,Production,t,2004,23100.000000,A
120,418,Lao People's Democratic Republic,0,Production,t,2005,25000.000000,A
120,418,Lao People's Democratic Republic,0,Production,t,2006,25250.000000,A
120,418,Lao People's Democratic Republic,0,Production,t,2007,33200.000000,A
120,418,Lao People's Democratic Republic,0,Production,t,2008,38985.000000,A
120,418,Lao People's Democratic Republic,0,Production,t,2009,46035.000000,A
120,418,Lao People's Democratic Republic,0,Production,t,2010,46290.000000,A
120,418,Lao People's Democratic Republic,0,Production,t,2011,52010.000000,A
120,418,Lao People's Democratic Republic,0,Production,t,2012,87330.000000,A
120,418,Lao People's Democratic Republic,0,Production,t,2013,92045.000000,A
120,418,Lao People's Democratic Republic,0,Production,t,2014,113580.000000,A
120,418,Lao People's Democratic Republic,0,Production,t,2015,135925.000000,A
120,418,Lao People's Democratic Republic,0,Production,t,2016,136600.000000,A
120,418,Lao People's Democratic Republic,0,Production,t,2017,150795.000000,A
120,418,Lao People's Democratic Republic,0,Production,t,2018,154435.000000,A
120,418,Lao People's Democratic Republic,0,Production,t,2019,171380.000000,A
120,418,Lao People's Democratic Republic,0,Production,t,2020,158190.000000,A
120,418,Lao People's Democratic Republic,0,Production,t,2021,161200.000000,A
120,418,Lao People's Democratic Republic,0,Production,t,2022,171000.000000,A
120,418,Lao People's Democratic Republic,0,Production,t,2023,183895.000000,A
120,418,Lao People's Democratic Republic,0,Production,t,2024,174900.000000,A
120,418,Lao People's Democratic Republic,0,Yield,kg/ha,1998,593.500000,A
120,418,Lao People's Democratic Republic,0,Yield,kg/ha,1999,599.300000,A
120,418,Lao People's Democratic Republic,0,Yield,kg/ha,2000,799.300000,A
120,418,Lao People's Democratic Republic,0,Yield,kg/ha,2001,800.600000,A
120,418,Lao People's Democratic Republic,0,Yield,kg/ha,2002,879.100000,A
120,418,Lao People's Democratic Republic,0,Yield,kg/ha,2003,745.700000,A
120,418,Lao People's Democratic Republic,0,Yield,kg/ha,2004,614.800000,A
120,418,Lao People's Democratic Republic,0,Yield,kg/ha,2005,587.100000,A
120,418,Lao People's Democratic Republic,0,Yield,kg/ha,2006,585.300000,A
120,418,Lao People's Democratic Republic,0,Yield,kg/ha,2007,737.900000,A
120,418,Lao People's Democratic Republic,0,Yield,kg/ha,2008,802.900000,A
120,418,Lao People's Democratic Republic,0,Yield,kg/ha,2009,878.000000,A
120,418,Lao People's Democratic Republic,0,Yield,kg/ha,2010,914.900000,A
120,418,Lao People's Democratic Republic,0,Yield,kg/ha,2011,949.500000,A
120,418,Lao People's Democratic Republic,0,Yield,kg/ha,2012,1535.500000,A
120,418,Lao People's Democratic Republic,0,Yield,kg/ha,2013,1605.100000,A
120,418,Lao People's Democratic Republic,0,Yield,kg/ha,2014,1615.000000,A
120,418,Lao People's Democratic Republic,0,Yield,kg/ha,2015,1753.100000,A
120,418,Lao People's Democratic Republic,0,Yield,kg/ha,2016,1753.500000,A
120,418,Lao People's Democratic Republic,0,Yield,kg/ha,2017,1864.200000,A
120,418,Lao People's Democratic Republic,0,Yield,kg/ha,2018,1861.100000,A
120,418,Lao People's Democratic Republic,0,Yield,kg/ha,2019,1989.400000,A
120,418,Lao People's Democratic Republic,0,Yield,kg/ha,2020,1915.600000,A
120,418,Lao People's Democratic Republic,0,Yield,kg/ha,2021,1934.700000,A
120,418,Lao People's Democratic Republic,0,Yield,kg/ha,2022,1912.800000,A
120,418,Lao People's Democratic Republic,0,Yield,kg/ha,2023,1919.600000,A
120,418,Lao People's Democratic Republic,0,Yield,kg/ha,2024,1906.700000,A
5801,199,Least Developed Countries (LDCs),1,Area harvested,ha,1998,1459370.000000,E
5801,199,Least Developed Countries (LDCs),1,Area harvested,ha,1999,1408186.000000,E
5801,199,Least Developed Countries (LDCs),1,Area harvested,ha,2000,1433355.000000,E
5801,199,Least Developed Countries (LDCs),1,Area harvested,ha,2001,1409157.000000,E
5801,199,Least Developed Countries (LDCs),1,Area harvested,ha,2002,1423578.000000,E
5801,199,Least Developed Countries (LDCs),1,Area harvested,ha,2003,1302063.000000,E
5801,199,Least Developed Countries (LDCs),1,Area harvested,ha,2004,1577007.000000,E
5801,199,Least Developed Countries (LDCs),1,Area harvested,ha,2005,1378638.000000,E
5801,199,Least Developed Countries (LDCs),1,Area harvested,ha,2006,1482768.000000,E
5801,199,Least Developed Countries (LDCs),1,Area harvested,ha,2007,1551846.000000,E
5801,199,Least Developed Countries (LDCs),1,Area harvested,ha,2008,1665363.000000,E
5801,199,Least Developed Countries (LDCs),1,Area harvested,ha,2009,1589321.000000,E
5801,199,Least Developed Countries (LDCs),1,Area harvested,ha,2010,1700887.000000,E
5801,199,Least Developed Countries (LDCs),1,Area harvested,ha,2011,1676406.000000,E
5801,199,Least Developed Countries (LDCs),1,Area harvested,ha,2012,1623101.000000,E
5801,199,Least Developed Countries (LDCs),1,Area harvested,ha,2013,1724166.000000,E
5801,199,Least Developed Countries (LDCs),1,Area harvested,ha,2014,1811371.000000,E
5801,199,Least Developed Countries (LDCs),1,Area harvested,ha,2015,2354112.000000,E
5801,199,Least Developed Countries (LDCs),1,Area harvested,ha,2016,2490910.000000,E
5801,199,Least Developed Countries (LDCs),1,Area harvested,ha,2017,2569018.000000,E
5801,199,Least Developed Countries (LDCs),1,Area harvested,ha,2018,2912893.000000,E
5801,199,Least Developed Countries (LDCs),1,Area harvested,ha,2019,3405475.000000,E
5801,199,Least Developed Countries (LDCs),1,Area harvested,ha,2020,3509864.000000,E
5801,199,Least Developed Countries (LDCs),1,Area harvested,ha,2021,3826469.000000,E
5801,199,Least Developed Countries (LDCs),1,Area harvested,ha,2022,3931126.000000,E
5801,199,Least Developed Countries (LDCs),1,Area harvested,ha,2023,3777949.000000,E
5801,199,Least Developed Countries (LDCs),1,Area harvested,ha,2024,3850598.000000,E
5801,199,Least Developed Countries (LDCs),1,Production,t,1998,782477.190000,E
5801,199,Least Developed Countries (LDCs),1,Production,t,1999,828610.680000,A
5801,199,Least Developed Countries (LDCs),1,Production,t,2000,769379.310000,E
5801,199,Least Developed Countries (LDCs),1,Production,t,2001,761159.780000,A
5801,199,Least Developed Countries (LDCs),1,Production,t,2002,889645.900000,A
5801,199,Least Developed Countries (LDCs),1,Production,t,2003,630689.410000,A
5801,199,Least Developed Countries (LDCs),1,Production,t,2004,869914.440000,A
5801,199,Least Developed Countries (LDCs),1,Production,t,2005,724062.470000,A
5801,199,Least Developed Countries (LDCs),1,Production,t,2006,843824.790000,A
5801,199,Least Developed Countries (LDCs),1,Production,t,2007,831589.600000,A
5801,199,Least Developed Countries (LDCs),1,Production,t,2008,915099.080000,A
5801,199,Least Developed Countries (LDCs),1,Production,t,2009,849459.990000,A
5801,199,Least Developed Countries (LDCs),1,Production,t,2010,978750.500000,A
5801,199,Least Developed Countries (LDCs),1,Production,t,2011,1056880.110000,E
5801,199,Least Developed Countries (LDCs),1,Production,t,2012,1071075.880000,E
5801,199,Least Developed Countries (LDCs),1,Production,t,2013,1045138.980000,A
5801,199,Least Developed Countries (LDCs),1,Production,t,2014,1095854.470000,E
5801,199,Least Developed Countries (LDCs),1,Production,t,2015,1333918.280000,E
5801,199,Least Developed Countries (LDCs),1,Production,t,2016,1374795.610000,A
5801,199,Least Developed Countries (LDCs),1,Production,t,2017,1513878.460000,A
5801,199,Least Developed Countries (LDCs),1,Production,t,2018,1638683.120000,A
5801,199,Least Developed Countries (LDCs),1,Production,t,2019,1835242.140000,E
5801,199,Least Developed Countries (LDCs),1,Production,t,2020,1919920.980000,A
5801,199,Least Developed Countries (LDCs),1,Production,t,2021,2058385.720000,E
5801,199,Least Developed Countries (LDCs),1,Production,t,2022,2102021.310000,A
5801,199,Least Developed Countries (LDCs),1,Production,t,2023,2038737.420000,E
5801,199,Least Developed Countries (LDCs),1,Production,t,2024,1973233.670000,E
5801,199,Least Developed Countries (LDCs),1,Yield,kg/ha,1998,536.200000,E
5801,199,Least Developed Countries (LDCs),1,Yield,kg/ha,1999,588.400000,E
5801,199,Least Developed Countries (LDCs),1,Yield,kg/ha,2000,536.800000,E
5801,199,Least Developed Countries (LDCs),1,Yield,kg/ha,2001,540.200000,E
5801,199,Least Developed Countries (LDCs),1,Yield,kg/ha,2002,624.900000,E
5801,199,Least Developed Countries (LDCs),1,Yield,kg/ha,2003,484.400000,E
5801,199,Least Developed Countries (LDCs),1,Yield,kg/ha,2004,551.600000,E
5801,199,Least Developed Countries (LDCs),1,Yield,kg/ha,2005,525.200000,E
5801,199,Least Developed Countries (LDCs),1,Yield,kg/ha,2006,569.100000,E
5801,199,Least Developed Countries (LDCs),1,Yield,kg/ha,2007,535.900000,E
5801,199,Least Developed Countries (LDCs),1,Yield,kg/ha,2008,549.500000,E
5801,199,Least Developed Countries (LDCs),1,Yield,kg/ha,2009,534.500000,E
5801,199,Least Developed Countries (LDCs),1,Yield,kg/ha,2010,575.400000,E
5801,199,Least Developed Countries (LDCs),1,Yield,kg/ha,2011,630.400000,E
5801,199,Least Developed Countries (LDCs),1,Yield,kg/ha,2012,659.900000,E
5801,199,Least Developed Countries (LDCs),1,Yield,kg/ha,2013,606.200000,E
5801,199,Least Developed Countries (LDCs),1,Yield,kg/ha,2014,605.000000,E
5801,199,Least Developed Countries (LDCs),1,Yield,kg/ha,2015,566.600000,E
5801,199,Least Developed Countries (LDCs),1,Yield,kg/ha,2016,551.900000,E
5801,199,Least Developed Countries (LDCs),1,Yield,kg/ha,2017,589.300000,E
5801,199,Least Developed Countries (LDCs),1,Yield,kg/ha,2018,562.600000,E
5801,199,Least Developed Countries (LDCs),1,Yield,kg/ha,2019,538.900000,E
5801,199,Least Developed Countries (LDCs),1,Yield,kg/ha,2020,547.000000,E
5801,199,Least Developed Countries (LDCs),1,Yield,kg/ha,2021,537.900000,E
5801,199,Least Developed Countries (LDCs),1,Yield,kg/ha,2022,534.700000,E
5801,199,Least Developed Countries (LDCs),1,Yield,kg/ha,2023,539.600000,E
5801,199,Least Developed Countries (LDCs),1,Yield,kg/ha,2024,512.400000,E
123,430,Liberia,0,Area harvested,ha,1998,15499.000000,I
123,430,Liberia,0,Area harvested,ha,1999,15730.000000,I
123,430,Liberia,0,Area harvested,ha,2000,16000.000000,E
123,430,Liberia,0,Area harvested,ha,2001,15834.000000,I
123,430,Liberia,0,Area harvested,ha,2002,16215.000000,I
123,430,Liberia,0,Area harvested,ha,2003,16797.000000,I
123,430,Liberia,0,Area harvested,ha,2004,17465.000000,I
123,430,Liberia,0,Area harvested,ha,2005,18000.000000,E
123,430,Liberia,0,Area harvested,ha,2006,18000.000000,E
123,430,Liberia,0,Area harvested,ha,2007,14000.000000,E
123,430,Liberia,0,Area harvested,ha,2008,10500.000000,E
123,430,Liberia,0,Area harvested,ha,2009,8000.000000,E
123,430,Liberia,0,Area harvested,ha,2010,2600.000000,E
123,430,Liberia,0,Area harvested,ha,2011,2800.000000,E
123,430,Liberia,0,Area harvested,ha,2012,2800.000000,E
123,430,Liberia,0,Area harvested,ha,2013,2780.000000,E
123,430,Liberia,0,Area harvested,ha,2014,2800.000000,E
123,430,Liberia,0,Area harvested,ha,2015,2661.000000,I
123,430,Liberia,0,Area harvested,ha,2016,2747.000000,E
123,430,Liberia,0,Area harvested,ha,2017,2672.000000,I
123,430,Liberia,0,Area harvested,ha,2018,2616.000000,I
123,430,Liberia,0,Area harvested,ha,2019,2679.000000,E
123,430,Liberia,0,Area harvested,ha,2020,2653.000000,I
123,430,Liberia,0,Area harvested,ha,2021,2749.000000,I
123,430,Liberia,0,Area harvested,ha,2022,2778.000000,I
123,430,Liberia,0,Area harvested,ha,2023,2766.000000,I
123,430,Liberia,0,Area harvested,ha,2024,2753.000000,I
123,430,Liberia,0,Production,t,1998,3059.300000,I
123,430,Liberia,0,Production,t,1999,3078.580000,I
123,430,Liberia,0,Production,t,2000,3126.800000,I
123,430,Liberia,0,Production,t,2001,3200.000000,E
123,430,Liberia,0,Production,t,2002,3345.770000,I
123,430,Liberia,0,Production,t,2003,3538.890000,I
123,430,Liberia,0,Production,t,2004,3750.570000,I
123,430,Liberia,0,Production,t,2005,4080.000000,X
123,430,Liberia,0,Production,t,2006,4260.000000,X
123,430,Liberia,0,Production,t,2007,3180.000000,X
123,430,Liberia,0,Production,t,2008,2400.000000,X
123,430,Liberia,0,Production,t,2009,1800.000000,X
123,430,Liberia,0,Production,t,2010,600.000000,X
123,430,Liberia,0,Production,t,2011,649.830000,I
123,430,Liberia,0,Production,t,2012,650.190000,I
123,430,Liberia,0,Production,t,2013,636.920000,I
123,430,Liberia,0,Production,t,2014,650.740000,I
123,430,Liberia,0,Production,t,2015,628.420000,I
123,430,Liberia,0,Production,t,2016,638.690000,E
123,430,Liberia,0,Production,t,2017,625.600000,I
123,430,Liberia,0,Production,t,2018,620.950000,I
123,430,Liberia,0,Production,t,2019,628.410000,E
123,430,Liberia,0,Production,t,2020,626.480000,I
123,430,Liberia,0,Production,t,2021,656.180000,I
123,430,Liberia,0,Production,t,2022,655.850000,I
123,430,Liberia,0,Production,t,2023,654.580000,I
123,430,Liberia,0,Production,t,2024,653.220000,I
123,430,Liberia,0,Yield,kg/ha,1998,197.400000,E
123,430,Liberia,0,Yield,kg/ha,1999,195.700000,E
123,430,Liberia,0,Yield,kg/ha,2000,195.400000,E
123,430,Liberia,0,Yield,kg/ha,2001,202.100000,E
123,430,Liberia,0,Yield,kg/ha,2002,206.300000,E
123,430,Liberia,0,Yield,kg/ha,2003,210.700000,E
123,430,Liberia,0,Yield,kg/ha,2004,214.700000,E
123,430,Liberia,0,Yield,kg/ha,2005,226.700000,E
123,430,Liberia,0,Yield,kg/ha,2006,236.700000,E
123,430,Liberia,0,Yield,kg/ha,2007,227.100000,E
123,430,Liberia,0,Yield,kg/ha,2008,228.600000,E
123,430,Liberia,0,Yield,kg/ha,2009,225.000000,E
123,430,Liberia,0,Yield,kg/ha,2010,230.800000,E
123,430,Liberia,0,Yield,kg/ha,2011,232.100000,E
123,430,Liberia,0,Yield,kg/ha,2012,232.200000,E
123,430,Liberia,0,Yield,kg/ha,2013,229.100000,E
123,430,Liberia,0,Yield,kg/ha,2014,232.400000,E
123,430,Liberia,0,Yield,kg/ha,2015,236.200000,E
123,430,Liberia,0,Yield,kg/ha,2016,232.500000,E
123,430,Liberia,0,Yield,kg/ha,2017,234.100000,E
123,430,Liberia,0,Yield,kg/ha,2018,237.300000,E
123,430,Liberia,0,Yield,kg/ha,2019,234.600000,E
123,430,Liberia,0,Yield,kg/ha,2020,236.200000,E
123,430,Liberia,0,Yield,kg/ha,2021,238.700000,E
123,430,Liberia,0,Yield,kg/ha,2022,236.100000,E
123,430,Liberia,0,Yield,kg/ha,2023,236.700000,E
123,430,Liberia,0,Yield,kg/ha,2024,237.300000,E
5815,901,Low Income Food Deficit Countries (LIFDCs),1,Area harvested,ha,1998,2011653.000000,E
5815,901,Low Income Food Deficit Countries (LIFDCs),1,Area harvested,ha,1999,1889920.000000,E
5815,901,Low Income Food Deficit Countries (LIFDCs),1,Area harvested,ha,2000,1891233.000000,E
5815,901,Low Income Food Deficit Countries (LIFDCs),1,Area harvested,ha,2001,1796014.000000,E
5815,901,Low Income Food Deficit Countries (LIFDCs),1,Area harvested,ha,2002,1735687.000000,E
5815,901,Low Income Food Deficit Countries (LIFDCs),1,Area harvested,ha,2003,1632250.000000,E
5815,901,Low Income Food Deficit Countries (LIFDCs),1,Area harvested,ha,2004,1913480.000000,E
5815,901,Low Income Food Deficit Countries (LIFDCs),1,Area harvested,ha,2005,1734035.000000,A
5815,901,Low Income Food Deficit Countries (LIFDCs),1,Area harvested,ha,2006,1840522.000000,E
5815,901,Low Income Food Deficit Countries (LIFDCs),1,Area harvested,ha,2007,1857327.000000,E
5815,901,Low Income Food Deficit Countries (LIFDCs),1,Area harvested,ha,2008,1968205.000000,E
5815,901,Low Income Food Deficit Countries (LIFDCs),1,Area harvested,ha,2009,1863299.000000,E
5815,901,Low Income Food Deficit Countries (LIFDCs),1,Area harvested,ha,2010,2046502.000000,E
5815,901,Low Income Food Deficit Countries (LIFDCs),1,Area harvested,ha,2011,1836990.000000,E
5815,901,Low Income Food Deficit Countries (LIFDCs),1,Area harvested,ha,2012,1835892.000000,E
5815,901,Low Income Food Deficit Countries (LIFDCs),1,Area harvested,ha,2013,1926340.000000,E
5815,901,Low Income Food Deficit Countries (LIFDCs),1,Area harvested,ha,2014,1972902.000000,E
5815,901,Low Income Food Deficit Countries (LIFDCs),1,Area harvested,ha,2015,2506510.000000,E
5815,901,Low Income Food Deficit Countries (LIFDCs),1,Area harvested,ha,2016,2649340.000000,E
5815,901,Low Income Food Deficit Countries (LIFDCs),1,Area harvested,ha,2017,2760454.000000,E
5815,901,Low Income Food Deficit Countries (LIFDCs),1,Area harvested,ha,2018,3082487.000000,E
5815,901,Low Income Food Deficit Countries (LIFDCs),1,Area harvested,ha,2019,3596148.000000,E
5815,901,Low Income Food Deficit Countries (LIFDCs),1,Area harvested,ha,2020,3697817.000000,E
5815,901,Low Income Food Deficit Countries (LIFDCs),1,Area harvested,ha,2021,4009006.000000,E
5815,901,Low Income Food Deficit Countries (LIFDCs),1,Area harvested,ha,2022,4128388.000000,E
5815,901,Low Income Food Deficit Countries (LIFDCs),1,Area harvested,ha,2023,3948111.000000,E
5815,901,Low Income Food Deficit Countries (LIFDCs),1,Area harvested,ha,2024,4019972.000000,E
5815,901,Low Income Food Deficit Countries (LIFDCs),1,Production,t,1998,987277.190000,A
5815,901,Low Income Food Deficit Countries (LIFDCs),1,Production,t,1999,1059611.680000,A
5815,901,Low Income Food Deficit Countries (LIFDCs),1,Production,t,2000,1003775.310000,A
5815,901,Low Income Food Deficit Countries (LIFDCs),1,Production,t,2001,907590.780000,A
5815,901,Low Income Food Deficit Countries (LIFDCs),1,Production,t,2002,997060.730000,A
5815,901,Low Income Food Deficit Countries (LIFDCs),1,Production,t,2003,777204.390000,A
5815,901,Low Income Food Deficit Countries (LIFDCs),1,Production,t,2004,989207.440000,A
5815,901,Low Income Food Deficit Countries (LIFDCs),1,Production,t,2005,877973.250000,A
5815,901,Low Income Food Deficit Countries (LIFDCs),1,Production,t,2006,975103.090000,A
5815,901,Low Income Food Deficit Countries (LIFDCs),1,Production,t,2007,969234.760000,A
5815,901,Low Income Food Deficit Countries (LIFDCs),1,Production,t,2008,1017374.990000,A
5815,901,Low Income Food Deficit Countries (LIFDCs),1,Production,t,2009,965117.920000,A
5815,901,Low Income Food Deficit Countries (LIFDCs),1,Production,t,2010,1085526.130000,A
5815,901,Low Income Food Deficit Countries (LIFDCs),1,Production,t,2011,1141233.540000,E
5815,901,Low Income Food Deficit Countries (LIFDCs),1,Production,t,2012,1130168.750000,E
5815,901,Low Income Food Deficit Countries (LIFDCs),1,Production,t,2013,1089373.000000,A
5815,901,Low Income Food Deficit Countries (LIFDCs),1,Production,t,2014,1124872.610000,E
5815,901,Low Income Food Deficit Countries (LIFDCs),1,Production,t,2015,1343227.960000,E
5815,901,Low Income Food Deficit Countries (LIFDCs),1,Production,t,2016,1411774.030000,A
5815,901,Low Income Food Deficit Countries (LIFDCs),1,Production,t,2017,1540277.670000,A
5815,901,Low Income Food Deficit Countries (LIFDCs),1,Production,t,2018,1673263.960000,A
5815,901,Low Income Food Deficit Countries (LIFDCs),1,Production,t,2019,1872308.960000,E
5815,901,Low Income Food Deficit Countries (LIFDCs),1,Production,t,2020,1954404.360000,A
5815,901,Low Income Food Deficit Countries (LIFDCs),1,Production,t,2021,2091863.990000,E
5815,901,Low Income Food Deficit Countries (LIFDCs),1,Production,t,2022,2154679.870000,A
5815,901,Low Income Food Deficit Countries (LIFDCs),1,Production,t,2023,2048238.210000,E
5815,901,Low Income Food Deficit Countries (LIFDCs),1,Production,t,2024,1997923.220000,E
5815,901,Low Income Food Deficit Countries (LIFDCs),1,Yield,kg/ha,1998,490.800000,E
5815,901,Low Income Food Deficit Countries (LIFDCs),1,Yield,kg/ha,1999,560.700000,E
5815,901,Low Income Food Deficit Countries (LIFDCs),1,Yield,kg/ha,2000,530.800000,E
5815,901,Low Income Food Deficit Countries (LIFDCs),1,Yield,kg/ha,2001,505.300000,E
5815,901,Low Income Food Deficit Countries (LIFDCs),1,Yield,kg/ha,2002,574.400000,E
5815,901,Low Income Food Deficit Countries (LIFDCs),1,Yield,kg/ha,2003,476.200000,E
5815,901,Low Income Food Deficit Countries (LIFDCs),1,Yield,kg/ha,2004,517.000000,E
5815,901,Low Income Food Deficit Countries (LIFDCs),1,Yield,kg/ha,2005,506.300000,A
5815,901,Low Income Food Deficit Countries (LIFDCs),1,Yield,kg/ha,2006,529.800000,E
5815,901,Low Income Food Deficit Countries (LIFDCs),1,Yield,kg/ha,2007,521.800000,E
5815,901,Low Income Food Deficit Countries (LIFDCs),1,Yield,kg/ha,2008,516.900000,E
5815,901,Low Income Food Deficit Countries (LIFDCs),1,Yield,kg/ha,2009,518.000000,E
5815,901,Low Income Food Deficit Countries (LIFDCs),1,Yield,kg/ha,2010,530.400000,E
5815,901,Low Income Food Deficit Countries (LIFDCs),1,Yield,kg/ha,2011,621.300000,E
5815,901,Low Income Food Deficit Countries (LIFDCs),1,Yield,kg/ha,2012,615.600000,E
5815,901,Low Income Food Deficit Countries (LIFDCs),1,Yield,kg/ha,2013,565.500000,E
5815,901,Low Income Food Deficit Countries (LIFDCs),1,Yield,kg/ha,2014,570.200000,E
5815,901,Low Income Food Deficit Countries (LIFDCs),1,Yield,kg/ha,2015,535.900000,E
5815,901,Low Income Food Deficit Countries (LIFDCs),1,Yield,kg/ha,2016,532.900000,E
5815,901,Low Income Food Deficit Countries (LIFDCs),1,Yield,kg/ha,2017,558.000000,E
5815,901,Low Income Food Deficit Countries (LIFDCs),1,Yield,kg/ha,2018,542.800000,E
5815,901,Low Income Food Deficit Countries (LIFDCs),1,Yield,kg/ha,2019,520.600000,E
5815,901,Low Income Food Deficit Countries (LIFDCs),1,Yield,kg/ha,2020,528.500000,E
5815,901,Low Income Food Deficit Countries (LIFDCs),1,Yield,kg/ha,2021,521.800000,E
5815,901,Low Income Food Deficit Countries (LIFDCs),1,Yield,kg/ha,2022,521.900000,E
5815,901,Low Income Food Deficit Countries (LIFDCs),1,Yield,kg/ha,2023,518.800000,E
5815,901,Low Income Food Deficit Countries (LIFDCs),1,Yield,kg/ha,2024,497.000000,E
129,450,Madagascar,0,Area harvested,ha,1998,193000.000000,X
129,450,Madagascar,0,Area harvested,ha,1999,193070.000000,A
129,450,Madagascar,0,Area harvested,ha,2000,193200.000000,A
129,450,Madagascar,0,Area harvested,ha,2001,193355.000000,A
129,450,Madagascar,0,Area harvested,ha,2002,193510.000000,A
129,450,Madagascar,0,Area harvested,ha,2003,193670.000000,A
129,450,Madagascar,0,Area harvested,ha,2004,193770.000000,A
129,450,Madagascar,0,Area harvested,ha,2005,115020.000000,A
129,450,Madagascar,0,Area harvested,ha,2006,115100.000000,A
129,450,Madagascar,0,Area harvested,ha,2007,111685.000000,A
129,450,Madagascar,0,Area harvested,ha,2008,117955.000000,A
129,450,Madagascar,0,Area harvested,ha,2009,119000.000000,E
129,450,Madagascar,0,Area harvested,ha,2010,118482.000000,I
129,450,Madagascar,0,Area harvested,ha,2011,110064.000000,I
129,450,Madagascar,0,Area harvested,ha,2012,102181.000000,I
129,450,Madagascar,0,Area harvested,ha,2013,96780.000000,I
129,450,Madagascar,0,Area harvested,ha,2014,91792.000000,I
129,450,Madagascar,0,Area harvested,ha,2015,86998.000000,I
129,450,Madagascar,0,Area harvested,ha,2016,97882.000000,I
129,450,Madagascar,0,Area harvested,ha,2017,110244.000000,I
129,450,Madagascar,0,Area harvested,ha,2018,100544.000000,I
129,450,Madagascar,0,Area harvested,ha,2019,121127.000000,I
129,450,Madagascar,0,Area harvested,ha,2020,77040.000000,I
129,450,Madagascar,0,Area harvested,ha,2021,83111.000000,I
129,450,Madagascar,0,Area harvested,ha,2022,90431.000000,I
129,450,Madagascar,0,Area harvested,ha,2023,87742.000000,I
129,450,Madagascar,0,Area harvested,ha,2024,87583.000000,I
129,450,Madagascar,0,Production,t,1998,60000.000000,A
129,450,Madagascar,0,Production,t,1999,65000.000000,A
129,450,Madagascar,0,Production,t,2000,58080.000000,A
129,450,Madagascar,0,Production,t,2001,64530.000000,A
129,450,Madagascar,0,Production,t,2002,61520.000000,A
129,450,Madagascar,0,Production,t,2003,70315.000000,A
129,450,Madagascar,0,Production,t,2004,67775.000000,A
129,450,Madagascar,0,Production,t,2005,55500.000000,A
129,450,Madagascar,0,Production,t,2006,61635.000000,A
129,450,Madagascar,0,Production,t,2007,56470.000000,A
129,450,Madagascar,0,Production,t,2008,56978.000000,A
129,450,Madagascar,0,Production,t,2009,57491.000000,A
129,450,Madagascar,0,Production,t,2010,58178.000000,A
129,450,Madagascar,0,Production,t,2011,55698.040000,I
129,450,Madagascar,0,Production,t,2012,53363.680000,I
129,450,Madagascar,0,Production,t,2013,51627.540000,I
129,450,Madagascar,0,Production,t,2014,49223.000000,A
129,450,Madagascar,0,Production,t,2015,47507.000000,A
129,450,Madagascar,0,Production,t,2016,53093.000000,A
129,450,Madagascar,0,Production,t,2017,59602.000000,A
129,450,Madagascar,0,Production,t,2018,54514.810000,I
129,450,Madagascar,0,Production,t,2019,65760.000000,A
129,450,Madagascar,0,Production,t,2020,42220.000000,A
129,450,Madagascar,0,Production,t,2021,46400.610000,I
129,450,Madagascar,0,Production,t,2022,50532.030000,I
129,450,Madagascar,0,Production,t,2023,49340.520000,I
129,450,Madagascar,0,Production,t,2024,49561.400000,I
129,450,Madagascar,0,Yield,kg/ha,1998,310.900000,E
129,450,Madagascar,0,Yield,kg/ha,1999,336.700000,A
129,450,Madagascar,0,Yield,kg/ha,2000,300.600000,A
129,450,Madagascar,0,Yield,kg/ha,2001,333.700000,A
129,450,Madagascar,0,Yield,kg/ha,2002,317.900000,A
129,450,Madagascar,0,Yield,kg/ha,2003,363.100000,A
129,450,Madagascar,0,Yield,kg/ha,2004,349.800000,A
129,450,Madagascar,0,Yield,kg/ha,2005,482.500000,A
129,450,Madagascar,0,Yield,kg/ha,2006,535.500000,A
129,450,Madagascar,0,Yield,kg/ha,2007,505.600000,A
129,450,Madagascar,0,Yield,kg/ha,2008,483.000000,A
129,450,Madagascar,0,Yield,kg/ha,2009,483.100000,E
129,450,Madagascar,0,Yield,kg/ha,2010,491.000000,E
129,450,Madagascar,0,Yield,kg/ha,2011,506.100000,E
129,450,Madagascar,0,Yield,kg/ha,2012,522.200000,E
129,450,Madagascar,0,Yield,kg/ha,2013,533.500000,E
129,450,Madagascar,0,Yield,kg/ha,2014,536.200000,E
129,450,Madagascar,0,Yield,kg/ha,2015,546.100000,E
129,450,Madagascar,0,Yield,kg/ha,2016,542.400000,E
129,450,Madagascar,0,Yield,kg/ha,2017,540.600000,E
129,450,Madagascar,0,Yield,kg/ha,2018,542.200000,E
129,450,Madagascar,0,Yield,kg/ha,2019,542.900000,E
129,450,Madagascar,0,Yield,kg/ha,2020,548.000000,E
129,450,Madagascar,0,Yield,kg/ha,2021,558.300000,E
129,450,Madagascar,0,Yield,kg/ha,2022,558.800000,E
129,450,Madagascar,0,Yield,kg/ha,2023,562.300000,E
129,450,Madagascar,0,Yield,kg/ha,2024,565.900000,E
130,454,Malawi,0,Area harvested,ha,1998,3200.000000,E
130,454,Malawi,0,Area harvested,ha,1999,3000.000000,E
130,454,Malawi,0,Area harvested,ha,2000,3479.000000,I
130,454,Malawi,0,Area harvested,ha,2001,4500.000000,E
130,454,Malawi,0,Area harvested,ha,2002,3234.000000,A
130,454,Malawi,0,Area harvested,ha,2003,2489.000000,A
130,454,Malawi,0,Area harvested,ha,2004,2280.000000,A
130,454,Malawi,0,Area harvested,ha,2005,1500.000000,E
130,454,Malawi,0,Area harvested,ha,2006,2100.000000,E
130,454,Malawi,0,Area harvested,ha,2007,1500.000000,E
130,454,Malawi,0,Area harvested,ha,2008,1300.000000,E
130,454,Malawi,0,Area harvested,ha,2009,3000.000000,E
130,454,Malawi,0,Area harvested,ha,2010,2834.000000,I
130,454,Malawi,0,Area harvested,ha,2011,2812.000000,I
130,454,Malawi,0,Area harvested,ha,2012,3900.000000,I
130,454,Malawi,0,Area harvested,ha,2013,3895.000000,I
130,454,Malawi,0,Area harvested,ha,2014,4451.000000,A
130,454,Malawi,0,Area harvested,ha,2015,4289.000000,A
130,454,Malawi,0,Area harvested,ha,2016,4289.000000,A
130,454,Malawi,0,Area harvested,ha,2017,4486.000000,I
130,454,Malawi,0,Area harvested,ha,2018,4747.000000,A
130,454,Malawi,0,Area harvested,ha,2019,4963.000000,I
130,454,Malawi,0,Area harvested,ha,2020,3890.000000,I
130,454,Malawi,0,Area harvested,ha,2021,3217.000000,A
130,454,Malawi,0,Area harvested,ha,2022,3491.000000,I
130,454,Malawi,0,Area harvested,ha,2023,3900.000000,I
130,454,Malawi,0,Area harvested,ha,2024,3762.000000,I
130,454,Malawi,0,Production,t,1998,3840.000000,X
130,454,Malawi,0,Production,t,1999,3540.000000,X
130,454,Malawi,0,Production,t,2000,3780.000000,X
130,454,Malawi,0,Production,t,2001,4320.000000,X
130,454,Malawi,0,Production,t,2002,2980.000000,A
130,454,Malawi,0,Production,t,2003,2584.000000,A
130,454,Malawi,0,Production,t,2004,1590.000000,A
130,454,Malawi,0,Production,t,2005,1181.000000,A
130,454,Malawi,0,Production,t,2006,2091.000000,A
130,454,Malawi,0,Production,t,2007,1403.000000,A
130,454,Malawi,0,Production,t,2008,1122.000000,A
130,454,Malawi,0,Production,t,2009,5510.000000,A
130,454,Malawi,0,Production,t,2010,4176.000000,A
130,454,Malawi,0,Production,t,2011,4015.000000,A
130,454,Malawi,0,Production,t,2012,5684.000000,A
130,454,Malawi,0,Production,t,2013,5699.000000,A
130,454,Malawi,0,Production,t,2014,6757.000000,A
130,454,Malawi,0,Production,t,2015,7217.000000,A
130,454,Malawi,0,Production,t,2016,7217.000000,A
130,454,Malawi,0,Production,t,2017,8420.000000,A
130,454,Malawi,0,Production,t,2018,11082.000000,A
130,454,Malawi,0,Production,t,2019,11000.000000,X
130,454,Malawi,0,Production,t,2020,10000.000000,X
130,454,Malawi,0,Production,t,2021,10086.000000,A
130,454,Malawi,0,Production,t,2022,11000.000000,X
130,454,Malawi,0,Production,t,2023,11000.000000,X
130,454,Malawi,0,Production,t,2024,11223.460000,I
130,454,Malawi,0,Yield,kg/ha,1998,1200.000000,E
130,454,Malawi,0,Yield,kg/ha,1999,1180.000000,E
130,454,Malawi,0,Yield,kg/ha,2000,1086.500000,E
130,454,Malawi,0,Yield,kg/ha,2001,960.000000,E
130,454,Malawi,0,Yield,kg/ha,2002,921.500000,A
130,454,Malawi,0,Yield,kg/ha,2003,1038.200000,A
130,454,Malawi,0,Yield,kg/ha,2004,697.400000,A
130,454,Malawi,0,Yield,kg/ha,2005,787.300000,E
130,454,Malawi,0,Yield,kg/ha,2006,995.700000,E
130,454,Malawi,0,Yield,kg/ha,2007,935.300000,E
130,454,Malawi,0,Yield,kg/ha,2008,863.100000,E
130,454,Malawi,0,Yield,kg/ha,2009,1836.700000,E
130,454,Malawi,0,Yield,kg/ha,2010,1473.500000,E
130,454,Malawi,0,Yield,kg/ha,2011,1428.000000,E
130,454,Malawi,0,Yield,kg/ha,2012,1457.500000,E
130,454,Malawi,0,Yield,kg/ha,2013,1463.100000,E
130,454,Malawi,0,Yield,kg/ha,2014,1518.100000,A
130,454,Malawi,0,Yield,kg/ha,2015,1682.700000,A
130,454,Malawi,0,Yield,kg/ha,2016,1682.700000,A
130,454,Malawi,0,Yield,kg/ha,2017,1877.100000,E
130,454,Malawi,0,Yield,kg/ha,2018,2334.600000,A
130,454,Malawi,0,Yield,kg/ha,2019,2216.400000,E
130,454,Malawi,0,Yield,kg/ha,2020,2570.700000,E
130,454,Malawi,0,Yield,kg/ha,2021,3135.200000,A
130,454,Malawi,0,Yield,kg/ha,2022,3150.900000,E
130,454,Malawi,0,Yield,kg/ha,2023,2820.200000,E
130,454,Malawi,0,Yield,kg/ha,2024,2983.200000,E
131,458,Malaysia,0,Area harvested,ha,1998,23342.000000,I
131,458,Malaysia,0,Area harvested,ha,1999,26799.000000,I
131,458,Malaysia,0,Area harvested,ha,2000,28106.000000,I
131,458,Malaysia,0,Area harvested,ha,2001,25254.000000,I
131,458,Malaysia,0,Area harvested,ha,2002,22979.000000,I
131,458,Malaysia,0,Area harvested,ha,2003,21877.000000,I
131,458,Malaysia,0,Area harvested,ha,2004,18603.000000,I
131,458,Malaysia,0,Area harvested,ha,2005,18052.000000,I
131,458,Malaysia,0,Area harvested,ha,2006,14082.000000,I
131,458,Malaysia,0,Area harvested,ha,2007,8724.000000,I
131,458,Malaysia,0,Area harvested,ha,2008,9063.000000,I
131,458,Malaysia,0,Area harvested,ha,2009,6148.000000,I
131,458,Malaysia,0,Area harvested,ha,2010,5098.000000,A
131,458,Malaysia,0,Area harvested,ha,2011,5141.000000,A
131,458,Malaysia,0,Area harvested,ha,2012,4277.000000,A
131,458,Malaysia,0,Area harvested,ha,2013,3764.000000,A
131,458,Malaysia,0,Area harvested,ha,2014,3722.000000,A
131,458,Malaysia,0,Area harvested,ha,2015,1976.000000,A
131,458,Malaysia,0,Area harvested,ha,2016,2030.000000,A
131,458,Malaysia,0,Area harvested,ha,2017,2076.000000,A
131,458,Malaysia,0,Area harvested,ha,2018,1477.000000,A
131,458,Malaysia,0,Area harvested,ha,2019,1576.000000,A
131,458,Malaysia,0,Area harvested,ha,2020,1558.000000,A
131,458,Malaysia,0,Area harvested,ha,2021,2283.000000,A
131,458,Malaysia,0,Area harvested,ha,2022,1451.000000,A
131,458,Malaysia,0,Area harvested,ha,2023,1346.000000,A
131,458,Malaysia,0,Area harvested,ha,2024,1381.000000,A
131,458,Malaysia,0,Production,t,1998,28000.000000,E
131,458,Malaysia,0,Production,t,1999,35000.000000,E
131,458,Malaysia,0,Production,t,2000,39800.000000,X
131,458,Malaysia,0,Production,t,2001,38500.000000,X
131,458,Malaysia,0,Production,t,2002,39200.000000,X
131,458,Malaysia,0,Production,t,2003,40000.000000,X
131,458,Malaysia,0,Production,t,2004,39200.000000,X
131,458,Malaysia,0,Production,t,2005,40000.000000,X
131,458,Malaysia,0,Production,t,2006,32779.000000,A
131,458,Malaysia,0,Production,t,2007,21213.000000,A
131,458,Malaysia,0,Production,t,2008,23061.000000,A
131,458,Malaysia,0,Production,t,2009,16332.000000,A
131,458,Malaysia,0,Production,t,2010,15768.000000,A
131,458,Malaysia,0,Production,t,2011,15064.000000,A
131,458,Malaysia,0,Production,t,2012,10427.000000,A
131,458,Malaysia,0,Production,t,2013,14739.000000,A
131,458,Malaysia,0,Production,t,2014,8186.000000,A
131,458,Malaysia,0,Production,t,2015,5929.000000,A
131,458,Malaysia,0,Production,t,2016,7170.000000,A
131,458,Malaysia,0,Production,t,2017,8109.180000,A
131,458,Malaysia,0,Production,t,2018,3369.200000,A
131,458,Malaysia,0,Production,t,2019,3558.500000,A
131,458,Malaysia,0,Production,t,2020,4241.080000,A
131,458,Malaysia,0,Production,t,2021,4150.550000,A
131,458,Malaysia,0,Production,t,2022,3849.580000,A
131,458,Malaysia,0,Production,t,2023,3910.090000,A
131,458,Malaysia,0,Production,t,2024,2861.290000,A
131,458,Malaysia,0,Yield,kg/ha,1998,1199.600000,E
131,458,Malaysia,0,Yield,kg/ha,1999,1306.000000,E
131,458,Malaysia,0,Yield,kg/ha,2000,1416.100000,E
131,458,Malaysia,0,Yield,kg/ha,2001,1524.500000,E
131,458,Malaysia,0,Yield,kg/ha,2002,1705.900000,E
131,458,Malaysia,0,Yield,kg/ha,2003,1828.400000,E
131,458,Malaysia,0,Yield,kg/ha,2004,2107.200000,E
131,458,Malaysia,0,Yield,kg/ha,2005,2215.800000,E
131,458,Malaysia,0,Yield,kg/ha,2006,2327.800000,E
131,458,Malaysia,0,Yield,kg/ha,2007,2431.500000,E
131,458,Malaysia,0,Yield,kg/ha,2008,2544.400000,E
131,458,Malaysia,0,Yield,kg/ha,2009,2656.300000,E
131,458,Malaysia,0,Yield,kg/ha,2010,3093.000000,A
131,458,Malaysia,0,Yield,kg/ha,2011,2930.200000,A
131,458,Malaysia,0,Yield,kg/ha,2012,2437.900000,A
131,458,Malaysia,0,Yield,kg/ha,2013,3915.800000,A
131,458,Malaysia,0,Yield,kg/ha,2014,2199.400000,A
131,458,Malaysia,0,Yield,kg/ha,2015,3000.100000,A
131,458,Malaysia,0,Yield,kg/ha,2016,3531.500000,A
131,458,Malaysia,0,Yield,kg/ha,2017,3905.900000,A
131,458,Malaysia,0,Yield,kg/ha,2018,2280.400000,A
131,458,Malaysia,0,Yield,kg/ha,2019,2257.300000,A
131,458,Malaysia,0,Yield,kg/ha,2020,2721.800000,A
131,458,Malaysia,0,Yield,kg/ha,2021,1817.700000,A
131,458,Malaysia,0,Yield,kg/ha,2022,2653.400000,A
131,458,Malaysia,0,Yield,kg/ha,2023,2904.000000,A
131,458,Malaysia,0,Yield,kg/ha,2024,2072.500000,A
135,474,Martinique,0,Area harvested,ha,1998,16.000000,E
135,474,Martinique,0,Area harvested,ha,1999,17.000000,I
135,474,Martinique,0,Area harvested,ha,2000,16.000000,E
135,474,Martinique,0,Area harvested,ha,2001,17.000000,I
135,474,Martinique,0,Area harvested,ha,2002,16.000000,E
135,474,Martinique,0,Area harvested,ha,2003,16.000000,E
135,474,Martinique,0,Area harvested,ha,2004,17.000000,I
135,474,Martinique,0,Area harvested,ha,2005,16.000000,E
135,474,Martinique,0,Area harvested,ha,2006,16.000000,E
135,474,Martinique,0,Production,t,1998,40.000000,E
135,474,Martinique,0,Production,t,1999,40.910000,I
135,474,Martinique,0,Production,t,2000,40.000000,E
135,474,Martinique,0,Production,t,2001,39.810000,I
135,474,Martinique,0,Production,t,2002,36.680000,I
135,474,Martinique,0,Production,t,2003,35.470000,I
135,474,Martinique,0,Production,t,2004,36.570000,I
135,474,Martinique,0,Production,t,2005,32.750000,I
135,474,Martinique,0,Production,t,2006,30.350000,I
135,474,Martinique,0,Yield,kg/ha,1998,2500.000000,E
135,474,Martinique,0,Yield,kg/ha,1999,2449.000000,E
135,474,Martinique,0,Yield,kg/ha,2000,2500.000000,E
135,474,Martinique,0,Yield,kg/ha,2001,2367.100000,E
135,474,Martinique,0,Yield,kg/ha,2002,2292.500000,E
135,474,Martinique,0,Yield,kg/ha,2003,2217.100000,E
135,474,Martinique,0,Yield,kg/ha,2004,2135.200000,E
135,474,Martinique,0,Yield,kg/ha,2005,2047.000000,E
135,474,Martinique,0,Yield,kg/ha,2006,1897.100000,E
137,480,Mauritius,0,Area harvested,ha,1998,,M
137,480,Mauritius,0,Area harvested,ha,1999,,M
137,480,Mauritius,0,Area harvested,ha,2000,,M
137,480,Mauritius,0,Area harvested,ha,2001,,M
137,480,Mauritius,0,Area harvested,ha,2002,,M
137,480,Mauritius,0,Area harvested,ha,2003,,M
137,480,Mauritius,0,Area harvested,ha,2004,,M
137,480,Mauritius,0,Area harvested,ha,2005,,M
137,480,Mauritius,0,Area harvested,ha,2006,,M
137,480,Mauritius,0,Area harvested,ha,2007,,M
137,480,Mauritius,0,Area harvested,ha,2008,,M
137,480,Mauritius,0,Area harvested,ha,2009,,M
137,480,Mauritius,0,Area harvested,ha,2010,,M
137,480,Mauritius,0,Area harvested,ha,2011,,M
137,480,Mauritius,0,Area harvested,ha,2012,,M
137,480,Mauritius,0,Area harvested,ha,2013,,M
137,480,Mauritius,0,Area harvested,ha,2014,,M
137,480,Mauritius,0,Area harvested,ha,2015,,M
137,480,Mauritius,0,Area harvested,ha,2016,,M
137,480,Mauritius,0,Area harvested,ha,2017,,M
137,480,Mauritius,0,Area harvested,ha,2018,,M
137,480,Mauritius,0,Area harvested,ha,2019,,M
137,480,Mauritius,0,Area harvested,ha,2020,,M
137,480,Mauritius,0,Area harvested,ha,2021,,M
137,480,Mauritius,0,Area harvested,ha,2022,,M
137,480,Mauritius,0,Area harvested,ha,2023,,M
137,480,Mauritius,0,Area harvested,ha,2024,,M
137,480,Mauritius,0,Production,t,1998,,M
137,480,Mauritius,0,Production,t,1999,,M
137,480,Mauritius,0,Production,t,2000,,M
137,480,Mauritius,0,Production,t,2001,,M
137,480,Mauritius,0,Production,t,2002,,M
137,480,Mauritius,0,Production,t,2003,,M
137,480,Mauritius,0,Production,t,2004,,M
137,480,Mauritius,0,Production,t,2005,,M
137,480,Mauritius,0,Production,t,2006,,M
137,480,Mauritius,0,Production,t,2007,,M
137,480,Mauritius,0,Production,t,2008,,M
137,480,Mauritius,0,Production,t,2009,,M
137,480,Mauritius,0,Production,t,2010,,M
137,480,Mauritius,0,Production,t,2011,,M
137,480,Mauritius,0,Production,t,2012,,M
137,480,Mauritius,0,Production,t,2013,,M
137,480,Mauritius,0,Production,t,2014,,M
137,480,Mauritius,0,Production,t,2015,,M
137,480,Mauritius,0,Production,t,2016,,M
137,480,Mauritius,0,Production,t,2017,,M
137,480,Mauritius,0,Production,t,2018,,M
137,480,Mauritius,0,Production,t,2019,,M
137,480,Mauritius,0,Production,t,2020,,M
137,480,Mauritius,0,Production,t,2021,,M
137,480,Mauritius,0,Production,t,2022,,M
137,480,Mauritius,0,Production,t,2023,,M
137,480,Mauritius,0,Production,t,2024,,M
5502,054,Melanesia,1,Area harvested,ha,1998,81855.000000,E
5502,054,Melanesia,1,Area harvested,ha,1999,87380.000000,E
5502,054,Melanesia,1,Area harvested,ha,2000,81907.000000,E
5502,054,Melanesia,1,Area harvested,ha,2001,66487.000000,E
5502,054,Melanesia,1,Area harvested,ha,2002,70293.000000,E
5502,054,Melanesia,1,Area harvested,ha,2003,70205.000000,E
5502,054,Melanesia,1,Area harvested,ha,2004,57798.000000,E
5502,054,Melanesia,1,Area harvested,ha,2005,65225.000000,E
5502,054,Melanesia,1,Area harvested,ha,2006,52229.000000,E
5502,054,Melanesia,1,Area harvested,ha,2007,55195.000000,E
5502,054,Melanesia,1,Area harvested,ha,2008,55275.000000,E
5502,054,Melanesia,1,Area harvested,ha,2009,55115.000000,E
5502,054,Melanesia,1,Area harvested,ha,2010,49573.000000,E
5502,054,Melanesia,1,Area harvested,ha,2011,80378.000000,E
5502,054,Melanesia,1,Area harvested,ha,2012,41003.000000,E
5502,054,Melanesia,1,Area harvested,ha,2013,46495.000000,E
5502,054,Melanesia,1,Area harvested,ha,2014,53797.000000,E
5502,054,Melanesia,1,Area harvested,ha,2015,54882.000000,E
5502,054,Melanesia,1,Area harvested,ha,2016,50956.000000,E
5502,054,Melanesia,1,Area harvested,ha,2017,44634.000000,E
5502,054,Melanesia,1,Area harvested,ha,2018,50460.000000,E
5502,054,Melanesia,1,Area harvested,ha,2019,42851.000000,E
5502,054,Melanesia,1,Area harvested,ha,2020,38448.000000,E
5502,054,Melanesia,1,Area harvested,ha,2021,45419.000000,E
5502,054,Melanesia,1,Area harvested,ha,2022,38721.000000,E
5502,054,Melanesia,1,Area harvested,ha,2023,55740.000000,E
5502,054,Melanesia,1,Area harvested,ha,2024,47753.000000,E
5502,054,Melanesia,1,Production,t,1998,81035.850000,A
5502,054,Melanesia,1,Production,t,1999,83143.300000,A
5502,054,Melanesia,1,Production,t,2000,83063.000000,E
5502,054,Melanesia,1,Production,t,2001,63807.150000,A
5502,054,Melanesia,1,Production,t,2002,65155.200000,A
5502,054,Melanesia,1,Production,t,2003,69348.960000,A
5502,054,Melanesia,1,Production,t,2004,59910.720000,A
5502,054,Melanesia,1,Production,t,2005,76134.000000,A
5502,054,Melanesia,1,Production,t,2006,48474.960000,A
5502,054,Melanesia,1,Production,t,2007,58131.320000,A
5502,054,Melanesia,1,Production,t,2008,61742.850000,A
5502,054,Melanesia,1,Production,t,2009,60279.380000,A
5502,054,Melanesia,1,Production,t,2010,52263.620000,A
5502,054,Melanesia,1,Production,t,2011,84920.940000,A
5502,054,Melanesia,1,Production,t,2012,43659.290000,A
5502,054,Melanesia,1,Production,t,2013,49722.640000,A
5502,054,Melanesia,1,Production,t,2014,56934.810000,E
5502,054,Melanesia,1,Production,t,2015,58011.640000,E
5502,054,Melanesia,1,Production,t,2016,53754.250000,E
5502,054,Melanesia,1,Production,t,2017,47015.300000,E
5502,054,Melanesia,1,Production,t,2018,53190.570000,E
5502,054,Melanesia,1,Production,t,2019,45160.390000,A
5502,054,Melanesia,1,Production,t,2020,40530.610000,A
5502,054,Melanesia,1,Production,t,2021,47910.410000,E
5502,054,Melanesia,1,Production,t,2022,40830.930000,E
5502,054,Melanesia,1,Production,t,2023,58829.920000,E
5502,054,Melanesia,1,Production,t,2024,50428.670000,E
5502,054,Melanesia,1,Yield,kg/ha,1998,990.000000,E
5502,054,Melanesia,1,Yield,kg/ha,1999,951.500000,E
5502,054,Melanesia,1,Yield,kg/ha,2000,1014.100000,E
5502,054,Melanesia,1,Yield,kg/ha,2001,959.700000,E
5502,054,Melanesia,1,Yield,kg/ha,2002,926.900000,E
5502,054,Melanesia,1,Yield,kg/ha,2003,987.800000,E
5502,054,Melanesia,1,Yield,kg/ha,2004,1036.500000,E
5502,054,Melanesia,1,Yield,kg/ha,2005,1167.300000,E
5502,054,Melanesia,1,Yield,kg/ha,2006,928.100000,E
5502,054,Melanesia,1,Yield,kg/ha,2007,1053.200000,E
5502,054,Melanesia,1,Yield,kg/ha,2008,1117.000000,E
5502,054,Melanesia,1,Yield,kg/ha,2009,1093.700000,E
5502,054,Melanesia,1,Yield,kg/ha,2010,1054.300000,E
5502,054,Melanesia,1,Yield,kg/ha,2011,1056.500000,E
5502,054,Melanesia,1,Yield,kg/ha,2012,1064.800000,E
5502,054,Melanesia,1,Yield,kg/ha,2013,1069.400000,E
5502,054,Melanesia,1,Yield,kg/ha,2014,1058.300000,E
5502,054,Melanesia,1,Yield,kg/ha,2015,1057.000000,E
5502,054,Melanesia,1,Yield,kg/ha,2016,1054.900000,E
5502,054,Melanesia,1,Yield,kg/ha,2017,1053.300000,E
5502,054,Melanesia,1,Yield,kg/ha,2018,1054.100000,E
5502,054,Melanesia,1,Yield,kg/ha,2019,1053.900000,E
5502,054,Melanesia,1,Yield,kg/ha,2020,1054.200000,E
5502,054,Melanesia,1,Yield,kg/ha,2021,1054.900000,E
5502,054,Melanesia,1,Yield,kg/ha,2022,1054.500000,E
5502,054,Melanesia,1,Yield,kg/ha,2023,1055.400000,E
5502,054,Melanesia,1,Yield,kg/ha,2024,1056.000000,E
138,484,Mexico,0,Area harvested,ha,1998,679156.000000,A
138,484,Mexico,0,Area harvested,ha,1999,722818.000000,A
138,484,Mexico,0,Area harvested,ha,2000,701326.000000,A
138,484,Mexico,0,Area harvested,ha,2001,747416.000000,A
138,484,Mexico,0,Area harvested,ha,2002,724558.000000,A
138,484,Mexico,0,Area harvested,ha,2003,742837.000000,A
138,484,Mexico,0,Area harvested,ha,2004,760581.000000,A
138,484,Mexico,0,Area harvested,ha,2005,762261.000000,A
138,484,Mexico,0,Area harvested,ha,2006,763418.000000,A
138,484,Mexico,0,Area harvested,ha,2007,772036.000000,A
138,484,Mexico,0,Area harvested,ha,2008,766984.000000,A
138,484,Mexico,0,Area harvested,ha,2009,765697.000000,A
138,484,Mexico,0,Area harvested,ha,2010,741410.000000,A
138,484,Mexico,0,Area harvested,ha,2011,688208.000000,A
138,484,Mexico,0,Area harvested,ha,2012,695350.000000,A
138,484,Mexico,0,Area harvested,ha,2013,700117.000000,A
138,484,Mexico,0,Area harvested,ha,2014,699307.000000,A
138,484,Mexico,0,Area harvested,ha,2015,664885.000000,A
138,484,Mexico,0,Area harvested,ha,2016,645638.000000,A
138,484,Mexico,0,Area harvested,ha,2017,638603.000000,A
138,484,Mexico,0,Area harvested,ha,2018,629799.000000,A
138,484,Mexico,0,Area harvested,ha,2019,629300.000000,A
138,484,Mexico,0,Area harvested,ha,2020,636004.000000,A
138,484,Mexico,0,Area harvested,ha,2021,641799.000000,A
138,484,Mexico,0,Area harvested,ha,2022,648487.000000,A
138,484,Mexico,0,Area harvested,ha,2023,654693.000000,A
138,484,Mexico,0,Area harvested,ha,2024,659699.000000,A
138,484,Mexico,0,Production,t,1998,277372.000000,A
138,484,Mexico,0,Production,t,1999,302119.000000,A
138,484,Mexico,0,Production,t,2000,338170.000000,A
138,484,Mexico,0,Production,t,2001,302996.000000,A
138,484,Mexico,0,Production,t,2002,313027.000000,A
138,484,Mexico,0,Production,t,2003,310861.000000,A
138,484,Mexico,0,Production,t,2004,312413.000000,A
138,484,Mexico,0,Production,t,2005,294364.000000,A
138,484,Mexico,0,Production,t,2006,279635.000000,A
138,484,Mexico,0,Production,t,2007,268565.000000,A
138,484,Mexico,0,Production,t,2008,260442.000000,A
138,484,Mexico,0,Production,t,2009,264472.000000,A
138,484,Mexico,0,Production,t,2010,245271.000000,A
138,484,Mexico,0,Production,t,2011,237056.000000,A
138,484,Mexico,0,Production,t,2012,246121.000000,A
138,484,Mexico,0,Production,t,2013,231596.000000,A
138,484,Mexico,0,Production,t,2014,214667.000000,A
138,484,Mexico,0,Production,t,2015,188934.000000,A
138,484,Mexico,0,Production,t,2016,151714.000000,A
138,484,Mexico,0,Production,t,2017,153777.400000,A
138,484,Mexico,0,Production,t,2018,158307.990000,A
138,484,Mexico,0,Production,t,2019,165712.270000,A
138,484,Mexico,0,Production,t,2020,175554.620000,A
138,484,Mexico,0,Production,t,2021,174341.400000,A
138,484,Mexico,0,Production,t,2022,188710.000000,E
138,484,Mexico,0,Production,t,2023,194940.000000,E
138,484,Mexico,0,Production,t,2024,194470.000000,E
138,484,Mexico,0,Yield,kg/ha,1998,408.400000,A
138,484,Mexico,0,Yield,kg/ha,1999,418.000000,A
138,484,Mexico,0,Yield,kg/ha,2000,482.200000,A
138,484,Mexico,0,Yield,kg/ha,2001,405.400000,A
138,484,Mexico,0,Yield,kg/ha,2002,432.000000,A
138,484,Mexico,0,Yield,kg/ha,2003,418.500000,A
138,484,Mexico,0,Yield,kg/ha,2004,410.800000,A
138,484,Mexico,0,Yield,kg/ha,2005,386.200000,A
138,484,Mexico,0,Yield,kg/ha,2006,366.300000,A
138,484,Mexico,0,Yield,kg/ha,2007,347.900000,A
138,484,Mexico,0,Yield,kg/ha,2008,339.600000,A
138,484,Mexico,0,Yield,kg/ha,2009,345.400000,A
138,484,Mexico,0,Yield,kg/ha,2010,330.800000,A
138,484,Mexico,0,Yield,kg/ha,2011,344.500000,A
138,484,Mexico,0,Yield,kg/ha,2012,354.000000,A
138,484,Mexico,0,Yield,kg/ha,2013,330.800000,A
138,484,Mexico,0,Yield,kg/ha,2014,307.000000,A
138,484,Mexico,0,Yield,kg/ha,2015,284.200000,A
138,484,Mexico,0,Yield,kg/ha,2016,235.000000,A
138,484,Mexico,0,Yield,kg/ha,2017,240.800000,A
138,484,Mexico,0,Yield,kg/ha,2018,251.400000,A
138,484,Mexico,0,Yield,kg/ha,2019,263.300000,A
138,484,Mexico,0,Yield,kg/ha,2020,276.000000,A
138,484,Mexico,0,Yield,kg/ha,2021,271.600000,A
138,484,Mexico,0,Yield,kg/ha,2022,291.000000,E
138,484,Mexico,0,Yield,kg/ha,2023,297.800000,E
138,484,Mexico,0,Yield,kg/ha,2024,294.800000,E
5102,017,Middle Africa,1,Area harvested,ha,1998,633897.000000,E
5102,017,Middle Africa,1,Area harvested,ha,1999,536449.000000,E
5102,017,Middle Africa,1,Area harvested,ha,2000,481116.000000,E
5102,017,Middle Africa,1,Area harvested,ha,2001,408904.000000,E
5102,017,Middle Africa,1,Area harvested,ha,2002,277985.000000,E
5102,017,Middle Africa,1,Area harvested,ha,2003,294679.000000,E
5102,017,Middle Africa,1,Area harvested,ha,2004,298030.000000,E
5102,017,Middle Africa,1,Area harvested,ha,2005,309281.000000,A
5102,017,Middle Africa,1,Area harvested,ha,2006,322008.000000,E
5102,017,Middle Africa,1,Area harvested,ha,2007,280284.000000,E
5102,017,Middle Africa,1,Area harvested,ha,2008,289032.000000,E
5102,017,Middle Africa,1,Area harvested,ha,2009,309569.000000,E
5102,017,Middle Africa,1,Area harvested,ha,2010,359526.000000,E
5102,017,Middle Africa,1,Area harvested,ha,2011,229449.000000,E
5102,017,Middle Africa,1,Area harvested,ha,2012,263472.000000,E
5102,017,Middle Africa,1,Area harvested,ha,2013,271324.000000,E
5102,017,Middle Africa,1,Area harvested,ha,2014,292585.000000,E
5102,017,Middle Africa,1,Area harvested,ha,2015,292583.000000,E
5102,017,Middle Africa,1,Area harvested,ha,2016,272914.000000,E
5102,017,Middle Africa,1,Area harvested,ha,2017,302235.000000,E
5102,017,Middle Africa,1,Area harvested,ha,2018,573047.000000,E
5102,017,Middle Africa,1,Area harvested,ha,2019,896399.000000,E
5102,017,Middle Africa,1,Area harvested,ha,2020,978147.000000,A
5102,017,Middle Africa,1,Area harvested,ha,2021,990262.000000,A
5102,017,Middle Africa,1,Area harvested,ha,2022,1009499.000000,A
5102,017,Middle Africa,1,Area harvested,ha,2023,1039944.000000,A
5102,017,Middle Africa,1,Area harvested,ha,2024,1208395.000000,E
5102,017,Middle Africa,1,Production,t,1998,191691.000000,A
5102,017,Middle Africa,1,Production,t,1999,166338.000000,A
5102,017,Middle Africa,1,Production,t,2000,156893.000000,A
5102,017,Middle Africa,1,Production,t,2001,127535.000000,A
5102,017,Middle Africa,1,Production,t,2002,94232.000000,E
5102,017,Middle Africa,1,Production,t,2003,94752.970000,E
5102,017,Middle Africa,1,Production,t,2004,99281.330000,E
5102,017,Middle Africa,1,Production,t,2005,106218.000000,A
5102,017,Middle Africa,1,Production,t,2006,108410.000000,E
5102,017,Middle Africa,1,Production,t,2007,101190.550000,A
5102,017,Middle Africa,1,Production,t,2008,96732.480000,A
5102,017,Middle Africa,1,Production,t,2009,102359.690000,E
5102,017,Middle Africa,1,Production,t,2010,120859.240000,A
5102,017,Middle Africa,1,Production,t,2011,81909.120000,A
5102,017,Middle Africa,1,Production,t,2012,96003.910000,E
5102,017,Middle Africa,1,Production,t,2013,99532.340000,E
5102,017,Middle Africa,1,Production,t,2014,102692.420000,E
5102,017,Middle Africa,1,Production,t,2015,102160.620000,E
5102,017,Middle Africa,1,Production,t,2016,100203.220000,E
5102,017,Middle Africa,1,Production,t,2017,113144.270000,E
5102,017,Middle Africa,1,Production,t,2018,203253.980000,E
5102,017,Middle Africa,1,Production,t,2019,317235.600000,E
5102,017,Middle Africa,1,Production,t,2020,397957.170000,A
5102,017,Middle Africa,1,Production,t,2021,402258.250000,A
5102,017,Middle Africa,1,Production,t,2022,410545.990000,A
5102,017,Middle Africa,1,Production,t,2023,423099.640000,A
5102,017,Middle Africa,1,Production,t,2024,435305.560000,E
5102,017,Middle Africa,1,Yield,kg/ha,1998,302.400000,E
5102,017,Middle Africa,1,Yield,kg/ha,1999,310.100000,E
5102,017,Middle Africa,1,Yield,kg/ha,2000,326.100000,E
5102,017,Middle Africa,1,Yield,kg/ha,2001,311.900000,E
5102,017,Middle Africa,1,Yield,kg/ha,2002,339.000000,E
5102,017,Middle Africa,1,Yield,kg/ha,2003,321.500000,E
5102,017,Middle Africa,1,Yield,kg/ha,2004,333.100000,E
5102,017,Middle Africa,1,Yield,kg/ha,2005,343.400000,A
5102,017,Middle Africa,1,Yield,kg/ha,2006,336.700000,E
5102,017,Middle Africa,1,Yield,kg/ha,2007,361.000000,E
5102,017,Middle Africa,1,Yield,kg/ha,2008,334.700000,E
5102,017,Middle Africa,1,Yield,kg/ha,2009,330.700000,E
5102,017,Middle Africa,1,Yield,kg/ha,2010,336.200000,E
5102,017,Middle Africa,1,Yield,kg/ha,2011,357.000000,E
5102,017,Middle Africa,1,Yield,kg/ha,2012,364.400000,E
5102,017,Middle Africa,1,Yield,kg/ha,2013,366.800000,E
5102,017,Middle Africa,1,Yield,kg/ha,2014,351.000000,E
5102,017,Middle Africa,1,Yield,kg/ha,2015,349.200000,E
5102,017,Middle Africa,1,Yield,kg/ha,2016,367.200000,E
5102,017,Middle Africa,1,Yield,kg/ha,2017,374.400000,E
5102,017,Middle Africa,1,Yield,kg/ha,2018,354.700000,E
5102,017,Middle Africa,1,Yield,kg/ha,2019,353.900000,E
5102,017,Middle Africa,1,Yield,kg/ha,2020,406.800000,A
5102,017,Middle Africa,1,Yield,kg/ha,2021,406.200000,A
5102,017,Middle Africa,1,Yield,kg/ha,2022,406.700000,A
5102,017,Middle Africa,1,Yield,kg/ha,2023,406.800000,A
5102,017,Middle Africa,1,Yield,kg/ha,2024,360.200000,E
144,508,Mozambique,0,Area harvested,ha,1998,1180.000000,I
144,508,Mozambique,0,Area harvested,ha,1999,1161.000000,I
144,508,Mozambique,0,Area harvested,ha,2000,1000.000000,E
144,508,Mozambique,0,Area harvested,ha,2001,1101.000000,I
144,508,Mozambique,0,Area harvested,ha,2002,1058.000000,I
144,508,Mozambique,0,Area harvested,ha,2003,1020.000000,I
144,508,Mozambique,0,Area harvested,ha,2004,880.000000,E
144,508,Mozambique,0,Area harvested,ha,2005,800.000000,E
144,508,Mozambique,0,Area harvested,ha,2006,820.000000,E
144,508,Mozambique,0,Area harvested,ha,2007,830.000000,E
144,508,Mozambique,0,Area harvested,ha,2008,840.000000,E
144,508,Mozambique,0,Area harvested,ha,2009,850.000000,E
144,508,Mozambique,0,Area harvested,ha,2010,900.000000,E
144,508,Mozambique,0,Area harvested,ha,2011,950.000000,E
144,508,Mozambique,0,Area harvested,ha,2012,980.000000,E
144,508,Mozambique,0,Area harvested,ha,2013,950.000000,E
144,508,Mozambique,0,Area harvested,ha,2014,877.000000,I
144,508,Mozambique,0,Area harvested,ha,2015,862.000000,I
144,508,Mozambique,0,Area harvested,ha,2016,896.000000,E
144,508,Mozambique,0,Area harvested,ha,2017,855.000000,I
144,508,Mozambique,0,Area harvested,ha,2018,838.000000,I
144,508,Mozambique,0,Area harvested,ha,2019,822.000000,I
144,508,Mozambique,0,Area harvested,ha,2020,817.000000,I
144,508,Mozambique,0,Area harvested,ha,2021,826.000000,E
144,508,Mozambique,0,Area harvested,ha,2022,814.000000,I
144,508,Mozambique,0,Area harvested,ha,2023,819.000000,E
144,508,Mozambique,0,Area harvested,ha,2024,819.000000,E
144,508,Mozambique,0,Production,t,1998,838.000000,I
144,508,Mozambique,0,Production,t,1999,812.890000,I
144,508,Mozambique,0,Production,t,2000,600.000000,E
144,508,Mozambique,0,Production,t,2001,782.410000,I
144,508,Mozambique,0,Production,t,2002,786.660000,I
144,508,Mozambique,0,Production,t,2003,801.530000,I
144,508,Mozambique,0,Production,t,2004,750.000000,E
144,508,Mozambique,0,Production,t,2005,680.000000,E
144,508,Mozambique,0,Production,t,2006,700.000000,E
144,508,Mozambique,0,Production,t,2007,720.000000,E
144,508,Mozambique,0,Production,t,2008,730.000000,E
144,508,Mozambique,0,Production,t,2009,740.000000,E
144,508,Mozambique,0,Production,t,2010,770.000000,E
144,508,Mozambique,0,Production,t,2011,800.000000,E
144,508,Mozambique,0,Production,t,2012,900.000000,E
144,508,Mozambique,0,Production,t,2013,900.000000,E
144,508,Mozambique,0,Production,t,2014,816.940000,I
144,508,Mozambique,0,Production,t,2015,804.440000,I
144,508,Mozambique,0,Production,t,2016,840.460000,E
144,508,Mozambique,0,Production,t,2017,806.230000,I
144,508,Mozambique,0,Production,t,2018,798.240000,I
144,508,Mozambique,0,Production,t,2019,789.950000,I
144,508,Mozambique,0,Production,t,2020,791.950000,I
144,508,Mozambique,0,Production,t,2021,797.110000,I
144,508,Mozambique,0,Production,t,2022,802.610000,I
144,508,Mozambique,0,Production,t,2023,803.150000,I
144,508,Mozambique,0,Production,t,2024,803.700000,I
144,508,Mozambique,0,Yield,kg/ha,1998,710.000000,E
144,508,Mozambique,0,Yield,kg/ha,1999,700.200000,E
144,508,Mozambique,0,Yield,kg/ha,2000,600.000000,E
144,508,Mozambique,0,Yield,kg/ha,2001,711.000000,E
144,508,Mozambique,0,Yield,kg/ha,2002,743.800000,E
144,508,Mozambique,0,Yield,kg/ha,2003,785.800000,E
144,508,Mozambique,0,Yield,kg/ha,2004,852.300000,E
144,508,Mozambique,0,Yield,kg/ha,2005,850.000000,E
144,508,Mozambique,0,Yield,kg/ha,2006,853.700000,E
144,508,Mozambique,0,Yield,kg/ha,2007,867.500000,E
144,508,Mozambique,0,Yield,kg/ha,2008,869.000000,E
144,508,Mozambique,0,Yield,kg/ha,2009,870.600000,E
144,508,Mozambique,0,Yield,kg/ha,2010,855.600000,E
144,508,Mozambique,0,Yield,kg/ha,2011,842.100000,E
144,508,Mozambique,0,Yield,kg/ha,2012,918.400000,E
144,508,Mozambique,0,Yield,kg/ha,2013,947.400000,E
144,508,Mozambique,0,Yield,kg/ha,2014,931.700000,E
144,508,Mozambique,0,Yield,kg/ha,2015,933.100000,E
144,508,Mozambique,0,Yield,kg/ha,2016,937.700000,E
144,508,Mozambique,0,Yield,kg/ha,2017,942.900000,E
144,508,Mozambique,0,Yield,kg/ha,2018,952.400000,E
144,508,Mozambique,0,Yield,kg/ha,2019,960.500000,E
144,508,Mozambique,0,Yield,kg/ha,2020,969.900000,E
144,508,Mozambique,0,Yield,kg/ha,2021,965.400000,E
144,508,Mozambique,0,Yield,kg/ha,2022,986.100000,E
144,508,Mozambique,0,Yield,kg/ha,2023,981.000000,E
144,508,Mozambique,0,Yield,kg/ha,2024,980.800000,E
28,104,Myanmar,0,Area harvested,ha,1998,4047.000000,A
28,104,Myanmar,0,Area harvested,ha,1999,4047.000000,A
28,104,Myanmar,0,Area harvested,ha,2000,4452.000000,A
28,104,Myanmar,0,Area harvested,ha,2001,4856.000000,A
28,104,Myanmar,0,Area harvested,ha,2002,4856.000000,A
28,104,Myanmar,0,Area harvested,ha,2003,5666.000000,A
28,104,Myanmar,0,Area harvested,ha,2004,6475.000000,A
28,104,Myanmar,0,Area harvested,ha,2005,7284.000000,A
28,104,Myanmar,0,Area harvested,ha,2006,8498.000000,A
28,104,Myanmar,0,Area harvested,ha,2007,9308.000000,A
28,104,Myanmar,0,Area harvested,ha,2008,9712.000000,A
28,104,Myanmar,0,Area harvested,ha,2009,10522.000000,A
28,104,Myanmar,0,Area harvested,ha,2010,10927.000000,A
28,104,Myanmar,0,Area harvested,ha,2011,10927.000000,A
28,104,Myanmar,0,Area harvested,ha,2012,11736.000000,A
28,104,Myanmar,0,Area harvested,ha,2013,11736.000000,A
28,104,Myanmar,0,Area harvested,ha,2014,11736.000000,A
28,104,Myanmar,0,Area harvested,ha,2015,11736.000000,A
28,104,Myanmar,0,Area harvested,ha,2016,12239.000000,A
28,104,Myanmar,0,Area harvested,ha,2017,12394.000000,A
28,104,Myanmar,0,Area harvested,ha,2018,12597.000000,A
28,104,Myanmar,0,Area harvested,ha,2019,12772.000000,A
28,104,Myanmar,0,Area harvested,ha,2020,12935.000000,A
28,104,Myanmar,0,Area harvested,ha,2021,12900.000000,A
28,104,Myanmar,0,Area harvested,ha,2022,12203.000000,A
28,104,Myanmar,0,Area harvested,ha,2023,11952.000000,I
28,104,Myanmar,0,Area harvested,ha,2024,12461.000000,I
28,104,Myanmar,0,Production,t,1998,1700.000000,A
28,104,Myanmar,0,Production,t,1999,1800.000000,A
28,104,Myanmar,0,Production,t,2000,2100.000000,A
28,104,Myanmar,0,Production,t,2001,2300.000000,A
28,104,Myanmar,0,Production,t,2002,2700.000000,A
28,104,Myanmar,0,Production,t,2003,2960.000000,A
28,104,Myanmar,0,Production,t,2004,3500.000000,A
28,104,Myanmar,0,Production,t,2005,4000.000000,A
28,104,Myanmar,0,Production,t,2006,4800.000000,A
28,104,Myanmar,0,Production,t,2007,5900.000000,A
28,104,Myanmar,0,Production,t,2008,6300.000000,A
28,104,Myanmar,0,Production,t,2009,7000.000000,A
28,104,Myanmar,0,Production,t,2010,7300.000000,A
28,104,Myanmar,0,Production,t,2011,7600.000000,A
28,104,Myanmar,0,Production,t,2012,8000.000000,A
28,104,Myanmar,0,Production,t,2013,8100.000000,A
28,104,Myanmar,0,Production,t,2014,8400.000000,A
28,104,Myanmar,0,Production,t,2015,8300.000000,A
28,104,Myanmar,0,Production,t,2016,8474.000000,A
28,104,Myanmar,0,Production,t,2017,8547.000000,A
28,104,Myanmar,0,Production,t,2018,8677.840000,A
28,104,Myanmar,0,Production,t,2019,8769.000000,A
28,104,Myanmar,0,Production,t,2020,8908.000000,A
28,104,Myanmar,0,Production,t,2021,8908.000000,A
28,104,Myanmar,0,Production,t,2022,8557.000000,A
28,104,Myanmar,0,Production,t,2023,8481.740000,I
28,104,Myanmar,0,Production,t,2024,8903.660000,I
28,104,Myanmar,0,Yield,kg/ha,1998,420.100000,A
28,104,Myanmar,0,Yield,kg/ha,1999,444.800000,A
28,104,Myanmar,0,Yield,kg/ha,2000,471.700000,A
28,104,Myanmar,0,Yield,kg/ha,2001,473.600000,A
28,104,Myanmar,0,Yield,kg/ha,2002,556.000000,A
28,104,Myanmar,0,Yield,kg/ha,2003,522.500000,A
28,104,Myanmar,0,Yield,kg/ha,2004,540.500000,A
28,104,Myanmar,0,Yield,kg/ha,2005,549.100000,A
28,104,Myanmar,0,Yield,kg/ha,2006,564.800000,A
28,104,Myanmar,0,Yield,kg/ha,2007,633.900000,A
28,104,Myanmar,0,Yield,kg/ha,2008,648.700000,A
28,104,Myanmar,0,Yield,kg/ha,2009,665.300000,A
28,104,Myanmar,0,Yield,kg/ha,2010,668.100000,A
28,104,Myanmar,0,Yield,kg/ha,2011,695.600000,A
28,104,Myanmar,0,Yield,kg/ha,2012,681.700000,A
28,104,Myanmar,0,Yield,kg/ha,2013,690.200000,A
28,104,Myanmar,0,Yield,kg/ha,2014,715.800000,A
28,104,Myanmar,0,Yield,kg/ha,2015,707.200000,A
28,104,Myanmar,0,Yield,kg/ha,2016,692.400000,A
28,104,Myanmar,0,Yield,kg/ha,2017,689.600000,A
28,104,Myanmar,0,Yield,kg/ha,2018,688.900000,A
28,104,Myanmar,0,Yield,kg/ha,2019,686.600000,A
28,104,Myanmar,0,Yield,kg/ha,2020,688.700000,A
28,104,Myanmar,0,Yield,kg/ha,2021,690.500000,A
28,104,Myanmar,0,Yield,kg/ha,2022,701.200000,A
28,104,Myanmar,0,Yield,kg/ha,2023,709.600000,E
28,104,Myanmar,0,Yield,kg/ha,2024,714.500000,E
149,524,Nepal,0,Area harvested,ha,1998,272.000000,A
149,524,Nepal,0,Area harvested,ha,1999,277.000000,A
149,524,Nepal,0,Area harvested,ha,2000,314.000000,A
149,524,Nepal,0,Area harvested,ha,2001,424.000000,A
149,524,Nepal,0,Area harvested,ha,2002,596.000000,A
149,524,Nepal,0,Area harvested,ha,2003,764.000000,A
149,524,Nepal,0,Area harvested,ha,2004,925.000000,A
149,524,Nepal,0,Area harvested,ha,2005,1078.000000,A
149,524,Nepal,0,Area harvested,ha,2006,1285.000000,A
149,524,Nepal,0,Area harvested,ha,2007,1395.000000,A
149,524,Nepal,0,Area harvested,ha,2008,1495.000000,A
149,524,Nepal,0,Area harvested,ha,2009,1531.000000,A
149,524,Nepal,0,Area harvested,ha,2010,1650.000000,A
149,524,Nepal,0,Area harvested,ha,2011,1752.000000,A
149,524,Nepal,0,Area harvested,ha,2012,1780.000000,A
149,524,Nepal,0,Area harvested,ha,2013,1750.000000,A
149,524,Nepal,0,Area harvested,ha,2014,1911.000000,A
149,524,Nepal,0,Area harvested,ha,2015,2381.000000,A
149,524,Nepal,0,Area harvested,ha,2016,2618.000000,A
149,524,Nepal,0,Area harvested,ha,2017,2646.000000,A
149,524,Nepal,0,Area harvested,ha,2018,2650.000000,A
149,524,Nepal,0,Area harvested,ha,2019,2761.000000,A
149,524,Nepal,0,Area harvested,ha,2020,2355.000000,A
149,524,Nepal,0,Area harvested,ha,2021,2355.000000,A
149,524,Nepal,0,Area harvested,ha,2022,3346.000000,A
149,524,Nepal,0,Area harvested,ha,2023,3659.000000,A
149,524,Nepal,0,Area harvested,ha,2024,4305.000000,A
149,524,Nepal,0,Production,t,1998,56.000000,A
149,524,Nepal,0,Production,t,1999,45.000000,A
149,524,Nepal,0,Production,t,2000,72.000000,A
149,524,Nepal,0,Production,t,2001,89.000000,A
149,524,Nepal,0,Production,t,2002,139.000000,A
149,524,Nepal,0,Production,t,2003,188.000000,A
149,524,Nepal,0,Production,t,2004,218.000000,A
149,524,Nepal,0,Production,t,2005,250.000000,A
149,524,Nepal,0,Production,t,2006,300.000000,A
149,524,Nepal,0,Production,t,2007,460.000000,A
149,524,Nepal,0,Production,t,2008,500.000000,A
149,524,Nepal,0,Production,t,2009,268.000000,A
149,524,Nepal,0,Production,t,2010,307.000000,A
149,524,Nepal,0,Production,t,2011,402.000000,A
149,524,Nepal,0,Production,t,2012,425.000000,A
149,524,Nepal,0,Production,t,2013,366.000000,A
149,524,Nepal,0,Production,t,2014,430.000000,A
149,524,Nepal,0,Production,t,2015,463.580000,A
149,524,Nepal,0,Production,t,2016,532.000000,A
149,524,Nepal,0,Production,t,2017,466.000000,A
149,524,Nepal,0,Production,t,2018,513.000000,A
149,524,Nepal,0,Production,t,2019,530.000000,A
149,524,Nepal,0,Production,t,2020,297.000000,A
149,524,Nepal,0,Production,t,2021,315.000000,A
149,524,Nepal,0,Production,t,2022,355.000000,A
149,524,Nepal,0,Production,t,2023,394.400000,A
149,524,Nepal,0,Production,t,2024,501.300000,A
149,524,Nepal,0,Yield,kg/ha,1998,205.900000,A
149,524,Nepal,0,Yield,kg/ha,1999,162.500000,A
149,524,Nepal,0,Yield,kg/ha,2000,229.300000,A
149,524,Nepal,0,Yield,kg/ha,2001,209.900000,A
149,524,Nepal,0,Yield,kg/ha,2002,233.200000,A
149,524,Nepal,0,Yield,kg/ha,2003,246.100000,A
149,524,Nepal,0,Yield,kg/ha,2004,235.700000,A
149,524,Nepal,0,Yield,kg/ha,2005,231.900000,A
149,524,Nepal,0,Yield,kg/ha,2006,233.500000,A
149,524,Nepal,0,Yield,kg/ha,2007,329.700000,A
149,524,Nepal,0,Yield,kg/ha,2008,334.400000,A
149,524,Nepal,0,Yield,kg/ha,2009,175.000000,A
149,524,Nepal,0,Yield,kg/ha,2010,186.100000,A
149,524,Nepal,0,Yield,kg/ha,2011,229.500000,A
149,524,Nepal,0,Yield,kg/ha,2012,238.800000,A
149,524,Nepal,0,Yield,kg/ha,2013,209.100000,A
149,524,Nepal,0,Yield,kg/ha,2014,225.000000,A
149,524,Nepal,0,Yield,kg/ha,2015,194.700000,A
149,524,Nepal,0,Yield,kg/ha,2016,203.200000,A
149,524,Nepal,0,Yield,kg/ha,2017,176.100000,A
149,524,Nepal,0,Yield,kg/ha,2018,193.600000,A
149,524,Nepal,0,Yield,kg/ha,2019,192.000000,A
149,524,Nepal,0,Yield,kg/ha,2020,126.100000,A
149,524,Nepal,0,Yield,kg/ha,2021,133.800000,A
149,524,Nepal,0,Yield,kg/ha,2022,106.100000,A
149,524,Nepal,0,Yield,kg/ha,2023,107.800000,A
149,524,Nepal,0,Yield,kg/ha,2024,116.400000,A
5817,902,Net Food Importing Developing Countries (NFIDCs),1,Area harvested,ha,1998,3506364.000000,E
5817,902,Net Food Importing Developing Countries (NFIDCs),1,Area harvested,ha,1999,3436571.000000,A
5817,902,Net Food Importing Developing Countries (NFIDCs),1,Area harvested,ha,2000,3516885.000000,A
5817,902,Net Food Importing Developing Countries (NFIDCs),1,Area harvested,ha,2001,3283708.000000,A
5817,902,Net Food Importing Developing Countries (NFIDCs),1,Area harvested,ha,2002,3145206.000000,A
5817,902,Net Food Importing Developing Countries (NFIDCs),1,Area harvested,ha,2003,2972979.000000,A
5817,902,Net Food Importing Developing Countries (NFIDCs),1,Area harvested,ha,2004,3590480.000000,E
5817,902,Net Food Importing Developing Countries (NFIDCs),1,Area harvested,ha,2005,3366224.000000,A
5817,902,Net Food Importing Developing Countries (NFIDCs),1,Area harvested,ha,2006,3505363.000000,A
5817,902,Net Food Importing Developing Countries (NFIDCs),1,Area harvested,ha,2007,3594634.000000,A
5817,902,Net Food Importing Developing Countries (NFIDCs),1,Area harvested,ha,2008,3561514.000000,E
5817,902,Net Food Importing Developing Countries (NFIDCs),1,Area harvested,ha,2009,3481404.000000,A
5817,902,Net Food Importing Developing Countries (NFIDCs),1,Area harvested,ha,2010,3486980.000000,A
5817,902,Net Food Importing Developing Countries (NFIDCs),1,Area harvested,ha,2011,3165327.000000,E
5817,902,Net Food Importing Developing Countries (NFIDCs),1,Area harvested,ha,2012,3615498.000000,E
5817,902,Net Food Importing Developing Countries (NFIDCs),1,Area harvested,ha,2013,3641072.000000,E
5817,902,Net Food Importing Developing Countries (NFIDCs),1,Area harvested,ha,2014,3765942.000000,E
5817,902,Net Food Importing Developing Countries (NFIDCs),1,Area harvested,ha,2015,4507117.000000,E
5817,902,Net Food Importing Developing Countries (NFIDCs),1,Area harvested,ha,2016,4577071.000000,E
5817,902,Net Food Importing Developing Countries (NFIDCs),1,Area harvested,ha,2017,4246069.000000,E
5817,902,Net Food Importing Developing Countries (NFIDCs),1,Area harvested,ha,2018,5391736.000000,E
5817,902,Net Food Importing Developing Countries (NFIDCs),1,Area harvested,ha,2019,5583792.000000,E
5817,902,Net Food Importing Developing Countries (NFIDCs),1,Area harvested,ha,2020,5388481.000000,E
5817,902,Net Food Importing Developing Countries (NFIDCs),1,Area harvested,ha,2021,5566058.000000,E
5817,902,Net Food Importing Developing Countries (NFIDCs),1,Area harvested,ha,2022,5635789.000000,E
5817,902,Net Food Importing Developing Countries (NFIDCs),1,Area harvested,ha,2023,5348540.000000,E
5817,902,Net Food Importing Developing Countries (NFIDCs),1,Area harvested,ha,2024,5618873.000000,E
5817,902,Net Food Importing Developing Countries (NFIDCs),1,Production,t,1998,1732534.090000,A
5817,902,Net Food Importing Developing Countries (NFIDCs),1,Production,t,1999,1839811.730000,A
5817,902,Net Food Importing Developing Countries (NFIDCs),1,Production,t,2000,1902863.090000,A
5817,902,Net Food Importing Developing Countries (NFIDCs),1,Production,t,2001,1785078.600000,A
5817,902,Net Food Importing Developing Countries (NFIDCs),1,Production,t,2002,1750467.750000,A
5817,902,Net Food Importing Developing Countries (NFIDCs),1,Production,t,2003,1415479.280000,A
5817,902,Net Food Importing Developing Countries (NFIDCs),1,Production,t,2004,1704936.940000,A
5817,902,Net Food Importing Developing Countries (NFIDCs),1,Production,t,2005,1599057.340000,A
5817,902,Net Food Importing Developing Countries (NFIDCs),1,Production,t,2006,1795464.250000,A
5817,902,Net Food Importing Developing Countries (NFIDCs),1,Production,t,2007,1761137.690000,A
5817,902,Net Food Importing Developing Countries (NFIDCs),1,Production,t,2008,1871457.380000,A
5817,902,Net Food Importing Developing Countries (NFIDCs),1,Production,t,2009,1725306.440000,A
5817,902,Net Food Importing Developing Countries (NFIDCs),1,Production,t,2010,1853496.450000,A
5817,902,Net Food Importing Developing Countries (NFIDCs),1,Production,t,2011,1942722.170000,A
5817,902,Net Food Importing Developing Countries (NFIDCs),1,Production,t,2012,2103025.770000,A
5817,902,Net Food Importing Developing Countries (NFIDCs),1,Production,t,2013,1861340.600000,A
5817,902,Net Food Importing Developing Countries (NFIDCs),1,Production,t,2014,1888730.440000,E
5817,902,Net Food Importing Developing Countries (NFIDCs),1,Production,t,2015,2202914.490000,A
5817,902,Net Food Importing Developing Countries (NFIDCs),1,Production,t,2016,2294357.010000,A
5817,902,Net Food Importing Developing Countries (NFIDCs),1,Production,t,2017,2533846.540000,A
5817,902,Net Food Importing Developing Countries (NFIDCs),1,Production,t,2018,2794954.310000,A
5817,902,Net Food Importing Developing Countries (NFIDCs),1,Production,t,2019,2936155.510000,A
5817,902,Net Food Importing Developing Countries (NFIDCs),1,Production,t,2020,2883422.000000,A
5817,902,Net Food Importing Developing Countries (NFIDCs),1,Production,t,2021,3070330.530000,A
5817,902,Net Food Importing Developing Countries (NFIDCs),1,Production,t,2022,3070467.270000,A
5817,902,Net Food Importing Developing Countries (NFIDCs),1,Production,t,2023,3024645.380000,E
5817,902,Net Food Importing Developing Countries (NFIDCs),1,Production,t,2024,2908547.840000,E
5817,902,Net Food Importing Developing Countries (NFIDCs),1,Yield,kg/ha,1998,494.100000,E
5817,902,Net Food Importing Developing Countries (NFIDCs),1,Yield,kg/ha,1999,535.400000,A
5817,902,Net Food Importing Developing Countries (NFIDCs),1,Yield,kg/ha,2000,541.100000,A
5817,902,Net Food Importing Developing Countries (NFIDCs),1,Yield,kg/ha,2001,543.600000,A
5817,902,Net Food Importing Developing Countries (NFIDCs),1,Yield,kg/ha,2002,556.600000,A
5817,902,Net Food Importing Developing Countries (NFIDCs),1,Yield,kg/ha,2003,476.100000,A
5817,902,Net Food Importing Developing Countries (NFIDCs),1,Yield,kg/ha,2004,474.800000,E
5817,902,Net Food Importing Developing Countries (NFIDCs),1,Yield,kg/ha,2005,475.000000,A
5817,902,Net Food Importing Developing Countries (NFIDCs),1,Yield,kg/ha,2006,512.200000,A
5817,902,Net Food Importing Developing Countries (NFIDCs),1,Yield,kg/ha,2007,489.900000,A
5817,902,Net Food Importing Developing Countries (NFIDCs),1,Yield,kg/ha,2008,525.500000,E
5817,902,Net Food Importing Developing Countries (NFIDCs),1,Yield,kg/ha,2009,495.600000,A
5817,902,Net Food Importing Developing Countries (NFIDCs),1,Yield,kg/ha,2010,531.500000,A
5817,902,Net Food Importing Developing Countries (NFIDCs),1,Yield,kg/ha,2011,613.800000,E
5817,902,Net Food Importing Developing Countries (NFIDCs),1,Yield,kg/ha,2012,581.700000,E
5817,902,Net Food Importing Developing Countries (NFIDCs),1,Yield,kg/ha,2013,511.200000,E
5817,902,Net Food Importing Developing Countries (NFIDCs),1,Yield,kg/ha,2014,501.500000,E
5817,902,Net Food Importing Developing Countries (NFIDCs),1,Yield,kg/ha,2015,488.800000,E
5817,902,Net Food Importing Developing Countries (NFIDCs),1,Yield,kg/ha,2016,501.300000,E
5817,902,Net Food Importing Developing Countries (NFIDCs),1,Yield,kg/ha,2017,596.800000,E
5817,902,Net Food Importing Developing Countries (NFIDCs),1,Yield,kg/ha,2018,518.400000,E
5817,902,Net Food Importing Developing Countries (NFIDCs),1,Yield,kg/ha,2019,525.800000,E
5817,902,Net Food Importing Developing Countries (NFIDCs),1,Yield,kg/ha,2020,535.100000,E
5817,902,Net Food Importing Developing Countries (NFIDCs),1,Yield,kg/ha,2021,551.600000,E
5817,902,Net Food Importing Developing Countries (NFIDCs),1,Yield,kg/ha,2022,544.800000,E
5817,902,Net Food Importing Developing Countries (NFIDCs),1,Yield,kg/ha,2023,565.500000,E
5817,902,Net Food Importing Developing Countries (NFIDCs),1,Yield,kg/ha,2024,517.600000,E
153,540,New Caledonia,0,Area harvested,ha,1998,330.000000,E
153,540,New Caledonia,0,Area harvested,ha,1999,300.000000,E
153,540,New Caledonia,0,Area harvested,ha,2000,140.000000,E
153,540,New Caledonia,0,Area harvested,ha,2001,430.000000,E
153,540,New Caledonia,0,Area harvested,ha,2002,232.000000,A
153,540,New Caledonia,0,Area harvested,ha,2003,150.000000,E
153,540,New Caledonia,0,Area harvested,ha,2004,380.000000,E
153,540,New Caledonia,0,Area harvested,ha,2005,170.000000,E
153,540,New Caledonia,0,Area harvested,ha,2006,175.000000,E
153,540,New Caledonia,0,Area harvested,ha,2007,140.000000,E
153,540,New Caledonia,0,Area harvested,ha,2008,220.000000,E
153,540,New Caledonia,0,Area harvested,ha,2009,60.000000,E
153,540,New Caledonia,0,Area harvested,ha,2010,90.000000,E
153,540,New Caledonia,0,Area harvested,ha,2011,126.000000,E
153,540,New Caledonia,0,Area harvested,ha,2012,73.000000,A
153,540,New Caledonia,0,Area harvested,ha,2013,40.000000,E
153,540,New Caledonia,0,Area harvested,ha,2014,40.000000,E
153,540,New Caledonia,0,Area harvested,ha,2015,47.000000,I
153,540,New Caledonia,0,Area harvested,ha,2016,25.000000,I
153,540,New Caledonia,0,Area harvested,ha,2017,37.000000,I
153,540,New Caledonia,0,Area harvested,ha,2018,19.000000,I
153,540,New Caledonia,0,Area harvested,ha,2019,14.000000,I
153,540,New Caledonia,0,Area harvested,ha,2020,14.000000,I
153,540,New Caledonia,0,Area harvested,ha,2021,14.000000,I
153,540,New Caledonia,0,Area harvested,ha,2022,11.000000,I
153,540,New Caledonia,0,Area harvested,ha,2023,9.000000,I
153,540,New Caledonia,0,Area harvested,ha,2024,7.000000,I
153,540,New Caledonia,0,Production,t,1998,35.000000,A
153,540,New Caledonia,0,Production,t,1999,48.000000,A
153,540,New Caledonia,0,Production,t,2000,18.000000,A
153,540,New Caledonia,0,Production,t,2001,56.000000,A
153,540,New Caledonia,0,Production,t,2002,20.000000,A
153,540,New Caledonia,0,Production,t,2003,18.000000,A
153,540,New Caledonia,0,Production,t,2004,60.000000,A
153,540,New Caledonia,0,Production,t,2005,25.000000,A
153,540,New Caledonia,0,Production,t,2006,25.000000,A
153,540,New Caledonia,0,Production,t,2007,21.000000,A
153,540,New Caledonia,0,Production,t,2008,33.000000,A
153,540,New Caledonia,0,Production,t,2009,9.000000,A
153,540,New Caledonia,0,Production,t,2010,13.000000,A
153,540,New Caledonia,0,Production,t,2011,19.000000,A
153,540,New Caledonia,0,Production,t,2012,6.000000,A
153,540,New Caledonia,0,Production,t,2013,7.000000,A
153,540,New Caledonia,0,Production,t,2014,5.000000,A
153,540,New Caledonia,0,Production,t,2015,6.390000,A
153,540,New Caledonia,0,Production,t,2016,3.550000,A
153,540,New Caledonia,0,Production,t,2017,5.200000,A
153,540,New Caledonia,0,Production,t,2018,2.600000,A
153,540,New Caledonia,0,Production,t,2019,2.000000,A
153,540,New Caledonia,0,Production,t,2020,1.940000,A
153,540,New Caledonia,0,Production,t,2021,1.920000,A
153,540,New Caledonia,0,Production,t,2022,1.540000,I
153,540,New Caledonia,0,Production,t,2023,1.180000,I
153,540,New Caledonia,0,Production,t,2024,1.010000,I
153,540,New Caledonia,0,Yield,kg/ha,1998,106.100000,E
153,540,New Caledonia,0,Yield,kg/ha,1999,160.000000,E
153,540,New Caledonia,0,Yield,kg/ha,2000,128.600000,E
153,540,New Caledonia,0,Yield,kg/ha,2001,130.200000,E
153,540,New Caledonia,0,Yield,kg/ha,2002,86.200000,A
153,540,New Caledonia,0,Yield,kg/ha,2003,120.000000,E
153,540,New Caledonia,0,Yield,kg/ha,2004,157.900000,E
153,540,New Caledonia,0,Yield,kg/ha,2005,147.100000,E
153,540,New Caledonia,0,Yield,kg/ha,2006,142.900000,E
153,540,New Caledonia,0,Yield,kg/ha,2007,150.000000,E
153,540,New Caledonia,0,Yield,kg/ha,2008,150.000000,E
153,540,New Caledonia,0,Yield,kg/ha,2009,150.000000,E
153,540,New Caledonia,0,Yield,kg/ha,2010,144.400000,E
153,540,New Caledonia,0,Yield,kg/ha,2011,150.800000,E
153,540,New Caledonia,0,Yield,kg/ha,2012,82.200000,A
153,540,New Caledonia,0,Yield,kg/ha,2013,175.000000,E
153,540,New Caledonia,0,Yield,kg/ha,2014,125.000000,E
153,540,New Caledonia,0,Yield,kg/ha,2015,135.800000,E
153,540,New Caledonia,0,Yield,kg/ha,2016,139.800000,E
153,540,New Caledonia,0,Yield,kg/ha,2017,139.800000,E
153,540,New Caledonia,0,Yield,kg/ha,2018,140.200000,E
153,540,New Caledonia,0,Yield,kg/ha,2019,140.500000,E
153,540,New Caledonia,0,Yield,kg/ha,2020,140.700000,E
153,540,New Caledonia,0,Yield,kg/ha,2021,139.900000,E
153,540,New Caledonia,0,Yield,kg/ha,2022,138.100000,E
153,540,New Caledonia,0,Yield,kg/ha,2023,138.200000,E
153,540,New Caledonia,0,Yield,kg/ha,2024,138.200000,E
157,558,Nicaragua,0,Area harvested,ha,1998,93118.000000,A
157,558,Nicaragua,0,Area harvested,ha,1999,91201.000000,A
157,558,Nicaragua,0,Area harvested,ha,2000,107865.000000,A
157,558,Nicaragua,0,Area harvested,ha,2001,108848.000000,A
157,558,Nicaragua,0,Area harvested,ha,2002,115200.000000,A
157,558,Nicaragua,0,Area harvested,ha,2003,115200.000000,A
157,558,Nicaragua,0,Area harvested,ha,2004,115200.000000,A
157,558,Nicaragua,0,Area harvested,ha,2005,126879.000000,A
157,558,Nicaragua,0,Area harvested,ha,2006,114189.000000,A
157,558,Nicaragua,0,Area harvested,ha,2007,126879.000000,A
157,558,Nicaragua,0,Area harvested,ha,2008,115883.000000,A
157,558,Nicaragua,0,Area harvested,ha,2009,118679.000000,A
157,558,Nicaragua,0,Area harvested,ha,2010,113680.000000,A
157,558,Nicaragua,0,Area harvested,ha,2011,120283.000000,A
157,558,Nicaragua,0,Area harvested,ha,2012,119927.000000,A
157,558,Nicaragua,0,Area harvested,ha,2013,108830.000000,A
157,558,Nicaragua,0,Area harvested,ha,2014,105519.000000,A
157,558,Nicaragua,0,Area harvested,ha,2015,115454.000000,A
157,558,Nicaragua,0,Area harvested,ha,2016,120497.000000,A
157,558,Nicaragua,0,Area harvested,ha,2017,133533.000000,I
157,558,Nicaragua,0,Area harvested,ha,2018,133836.000000,A
157,558,Nicaragua,0,Area harvested,ha,2019,147671.000000,A
157,558,Nicaragua,0,Area harvested,ha,2020,149418.000000,A
157,558,Nicaragua,0,Area harvested,ha,2021,157786.000000,A
157,558,Nicaragua,0,Area harvested,ha,2022,163421.000000,A
157,558,Nicaragua,0,Area harvested,ha,2023,148393.000000,A
157,558,Nicaragua,0,Production,t,1998,65420.000000,A
157,558,Nicaragua,0,Production,t,1999,91791.000000,A
157,558,Nicaragua,0,Production,t,2000,82206.000000,A
157,558,Nicaragua,0,Production,t,2001,66799.000000,A
157,558,Nicaragua,0,Production,t,2002,60235.000000,A
157,558,Nicaragua,0,Production,t,2003,82727.000000,A
157,558,Nicaragua,0,Production,t,2004,57533.000000,A
157,558,Nicaragua,0,Production,t,2005,95455.000000,A
157,558,Nicaragua,0,Production,t,2006,70455.000000,A
157,558,Nicaragua,0,Production,t,2007,100000.000000,A
157,558,Nicaragua,0,Production,t,2008,75957.000000,A
157,558,Nicaragua,0,Production,t,2009,92204.550000,A
157,558,Nicaragua,0,Production,t,2010,78712.270000,A
157,558,Nicaragua,0,Production,t,2011,103881.730000,A
157,558,Nicaragua,0,Production,t,2012,86943.730000,A
157,558,Nicaragua,0,Production,t,2013,84146.330000,A
157,558,Nicaragua,0,Production,t,2014,86089.580000,A
157,558,Nicaragua,0,Production,t,2015,95254.510000,A
157,558,Nicaragua,0,Production,t,2016,122470.090000,A
157,558,Nicaragua,0,Production,t,2017,128111.060000,A
157,558,Nicaragua,0,Production,t,2018,141931.000000,A
157,558,Nicaragua,0,Production,t,2019,156902.000000,A
157,558,Nicaragua,0,Production,t,2020,154409.870000,A
157,558,Nicaragua,0,Production,t,2021,165558.380000,A
157,558,Nicaragua,0,Production,t,2022,170180.530000,A
157,558,Nicaragua,0,Production,t,2023,143336.660000,A
157,558,Nicaragua,0,Yield,kg/ha,1998,702.500000,A
157,558,Nicaragua,0,Yield,kg/ha,1999,1006.500000,A
157,558,Nicaragua,0,Yield,kg/ha,2000,762.100000,A
157,558,Nicaragua,0,Yield,kg/ha,2001,613.700000,A
157,558,Nicaragua,0,Yield,kg/ha,2002,522.900000,A
157,558,Nicaragua,0,Yield,kg/ha,2003,718.100000,A
157,558,Nicaragua,0,Yield,kg/ha,2004,499.400000,A
157,558,Nicaragua,0,Yield,kg/ha,2005,752.300000,A
157,558,Nicaragua,0,Yield,kg/ha,2006,617.000000,A
157,558,Nicaragua,0,Yield,kg/ha,2007,788.200000,A
157,558,Nicaragua,0,Yield,kg/ha,2008,655.500000,A
157,558,Nicaragua,0,Yield,kg/ha,2009,776.900000,A
157,558,Nicaragua,0,Yield,kg/ha,2010,692.400000,A
157,558,Nicaragua,0,Yield,kg/ha,2011,863.600000,A
157,558,Nicaragua,0,Yield,kg/ha,2012,725.000000,A
157,558,Nicaragua,0,Yield,kg/ha,2013,773.200000,A
157,558,Nicaragua,0,Yield,kg/ha,2014,815.900000,A
157,558,Nicaragua,0,Yield,kg/ha,2015,825.000000,A
157,558,Nicaragua,0,Yield,kg/ha,2016,1016.400000,A
157,558,Nicaragua,0,Yield,kg/ha,2017,959.400000,E
157,558,Nicaragua,0,Yield,kg/ha,2018,1060.500000,A
157,558,Nicaragua,0,Yield,kg/ha,2019,1062.500000,A
157,558,Nicaragua,0,Yield,kg/ha,2020,1033.400000,A
157,558,Nicaragua,0,Yield,kg/ha,2021,1049.300000,A
157,558,Nicaragua,0,Yield,kg/ha,2022,1041.400000,A
157,558,Nicaragua,0,Yield,kg/ha,2023,965.900000,A
159,566,Nigeria,0,Area harvested,ha,1998,3300.000000,I
159,566,Nigeria,0,Area harvested,ha,1999,3130.000000,A
159,566,Nigeria,0,Area harvested,ha,2000,3190.000000,A
159,566,Nigeria,0,Area harvested,ha,2001,3210.000000,A
159,566,Nigeria,0,Area harvested,ha,2002,3330.000000,A
159,566,Nigeria,0,Area harvested,ha,2003,3540.000000,A
159,566,Nigeria,0,Area harvested,ha,2004,3580.000000,A
159,566,Nigeria,0,Area harvested,ha,2005,3670.000000,A
159,566,Nigeria,0,Area harvested,ha,2006,3710.000000,A
159,566,Nigeria,0,Area harvested,ha,2007,2000.000000,E
159,566,Nigeria,0,Area harvested,ha,2008,2100.000000,E
159,566,Nigeria,0,Area harvested,ha,2009,1800.000000,E
159,566,Nigeria,0,Area harvested,ha,2010,1990.000000,I
159,566,Nigeria,0,Area harvested,ha,2011,1942.000000,I
159,566,Nigeria,0,Area harvested,ha,2012,1893.000000,I
159,566,Nigeria,0,Area harvested,ha,2013,1639.000000,I
159,566,Nigeria,0,Area harvested,ha,2014,1520.000000,I
159,566,Nigeria,0,Area harvested,ha,2015,1345.000000,I
159,566,Nigeria,0,Area harvested,ha,2016,1501.000000,E
159,566,Nigeria,0,Area harvested,ha,2017,1455.000000,E
159,566,Nigeria,0,Area harvested,ha,2018,1434.000000,E
159,566,Nigeria,0,Area harvested,ha,2019,1421.000000,I
159,566,Nigeria,0,Area harvested,ha,2020,1380.000000,I
159,566,Nigeria,0,Area harvested,ha,2021,1367.000000,I
159,566,Nigeria,0,Area harvested,ha,2022,1390.000000,E
159,566,Nigeria,0,Area harvested,ha,2023,1379.000000,E
159,566,Nigeria,0,Area harvested,ha,2024,1379.000000,E
159,566,Nigeria,0,Production,t,1998,3700.000000,A
159,566,Nigeria,0,Production,t,1999,3750.000000,A
159,566,Nigeria,0,Production,t,2000,3830.000000,A
159,566,Nigeria,0,Production,t,2001,3850.000000,A
159,566,Nigeria,0,Production,t,2002,4100.000000,A
159,566,Nigeria,0,Production,t,2003,4360.000000,A
159,566,Nigeria,0,Production,t,2004,4660.000000,A
159,566,Nigeria,0,Production,t,2005,4990.000000,A
159,566,Nigeria,0,Production,t,2006,5340.000000,A
159,566,Nigeria,0,Production,t,2007,2520.000000,X
159,566,Nigeria,0,Production,t,2008,3000.000000,X
159,566,Nigeria,0,Production,t,2009,2040.000000,X
159,566,Nigeria,0,Production,t,2010,2400.000000,X
159,566,Nigeria,0,Production,t,2011,2524.570000,I
159,566,Nigeria,0,Production,t,2012,2416.920000,I
159,566,Nigeria,0,Production,t,2013,2100.000000,X
159,566,Nigeria,0,Production,t,2014,1972.170000,I
159,566,Nigeria,0,Production,t,2015,1754.520000,I
159,566,Nigeria,0,Production,t,2016,1942.230000,E
159,566,Nigeria,0,Production,t,2017,1889.640000,E
159,566,Nigeria,0,Production,t,2018,1862.130000,E
159,566,Nigeria,0,Production,t,2019,1852.020000,I
159,566,Nigeria,0,Production,t,2020,1806.080000,I
159,566,Nigeria,0,Production,t,2021,1798.950000,I
159,566,Nigeria,0,Production,t,2022,1819.020000,E
159,566,Nigeria,0,Production,t,2023,1808.010000,E
159,566,Nigeria,0,Production,t,2024,1808.660000,E
159,566,Nigeria,0,Yield,kg/ha,1998,1121.300000,E
159,566,Nigeria,0,Yield,kg/ha,1999,1198.100000,A
159,566,Nigeria,0,Yield,kg/ha,2000,1200.600000,A
159,566,Nigeria,0,Yield,kg/ha,2001,1199.400000,A
159,566,Nigeria,0,Yield,kg/ha,2002,1231.200000,A
159,566,Nigeria,0,Yield,kg/ha,2003,1231.600000,A
159,566,Nigeria,0,Yield,kg/ha,2004,1301.700000,A
159,566,Nigeria,0,Yield,kg/ha,2005,1359.700000,A
159,566,Nigeria,0,Yield,kg/ha,2006,1439.400000,A
159,566,Nigeria,0,Yield,kg/ha,2007,1260.000000,E
159,566,Nigeria,0,Yield,kg/ha,2008,1428.600000,E
159,566,Nigeria,0,Yield,kg/ha,2009,1133.300000,E
159,566,Nigeria,0,Yield,kg/ha,2010,1206.300000,E
159,566,Nigeria,0,Yield,kg/ha,2011,1300.100000,E
159,566,Nigeria,0,Yield,kg/ha,2012,1276.700000,E
159,566,Nigeria,0,Yield,kg/ha,2013,1281.100000,E
159,566,Nigeria,0,Yield,kg/ha,2014,1297.400000,E
159,566,Nigeria,0,Yield,kg/ha,2015,1304.500000,E
159,566,Nigeria,0,Yield,kg/ha,2016,1293.600000,E
159,566,Nigeria,0,Yield,kg/ha,2017,1298.300000,E
159,566,Nigeria,0,Yield,kg/ha,2018,1298.600000,E
159,566,Nigeria,0,Yield,kg/ha,2019,1302.900000,E
159,566,Nigeria,0,Yield,kg/ha,2020,1308.800000,E
159,566,Nigeria,0,Yield,kg/ha,2021,1315.800000,E
159,566,Nigeria,0,Yield,kg/ha,2022,1309.100000,E
159,566,Nigeria,0,Yield,kg/ha,2023,1311.200000,E
159,566,Nigeria,0,Yield,kg/ha,2024,1312.000000,E
5203,021,Northern America,1,Area harvested,ha,1998,2470.000000,A
5203,021,Northern America,1,Area harvested,ha,1999,2590.000000,A
5203,021,Northern America,1,Area harvested,ha,2000,2752.000000,A
5203,021,Northern America,1,Area harvested,ha,2001,2550.000000,A
5203,021,Northern America,1,Area harvested,ha,2002,2390.000000,A
5203,021,Northern America,1,Area harvested,ha,2003,2390.000000,A
5203,021,Northern America,1,Area harvested,ha,2004,2347.000000,A
5203,021,Northern America,1,Area harvested,ha,2005,2469.000000,A
5203,021,Northern America,1,Area harvested,ha,2006,2550.000000,A
5203,021,Northern America,1,Area harvested,ha,2007,2590.000000,A
5203,021,Northern America,1,Area harvested,ha,2008,2550.000000,A
5203,021,Northern America,1,Area harvested,ha,2009,2550.000000,A
5203,021,Northern America,1,Area harvested,ha,2010,2550.000000,A
5203,021,Northern America,1,Area harvested,ha,2011,2550.000000,A
5203,021,Northern America,1,Area harvested,ha,2012,2469.000000,A
5203,021,Northern America,1,Area harvested,ha,2013,3318.000000,A
5203,021,Northern America,1,Area harvested,ha,2014,4047.000000,A
5203,021,Northern America,1,Area harvested,ha,2015,2790.000000,A
5203,021,Northern America,1,Area harvested,ha,2016,2830.000000,A
5203,021,Northern America,1,Area harvested,ha,2017,2910.000000,A
5203,021,Northern America,1,Area harvested,ha,2018,2870.000000,A
5203,021,Northern America,1,Area harvested,ha,2019,2792.000000,A
5203,021,Northern America,1,Area harvested,ha,2020,2752.000000,A
5203,021,Northern America,1,Area harvested,ha,2021,2995.000000,A
5203,021,Northern America,1,Area harvested,ha,2022,3035.000000,A
5203,021,Northern America,1,Area harvested,ha,2023,2995.000000,A
5203,021,Northern America,1,Area harvested,ha,2024,2833.000000,A
5203,021,Northern America,1,Production,t,1998,3450.000000,A
5203,021,Northern America,1,Production,t,1999,3630.000000,A
5203,021,Northern America,1,Production,t,2000,3950.000000,A
5203,021,Northern America,1,Production,t,2001,3630.000000,A
5203,021,Northern America,1,Production,t,2002,3400.000000,A
5203,021,Northern America,1,Production,t,2003,3760.000000,A
5203,021,Northern America,1,Production,t,2004,2540.000000,A
5203,021,Northern America,1,Production,t,2005,3719.000000,A
5203,021,Northern America,1,Production,t,2006,3311.000000,A
5203,021,Northern America,1,Production,t,2007,3400.000000,A
5203,021,Northern America,1,Production,t,2008,3950.000000,A
5203,021,Northern America,1,Production,t,2009,3950.000000,A
5203,021,Northern America,1,Production,t,2010,3990.000000,A
5203,021,Northern America,1,Production,t,2011,3447.000000,A
5203,021,Northern America,1,Production,t,2012,3175.000000,A
5203,021,Northern America,1,Production,t,2013,3175.000000,A
5203,021,Northern America,1,Production,t,2014,3670.000000,A
5203,021,Northern America,1,Production,t,2015,2390.000000,A
5203,021,Northern America,1,Production,t,2016,1960.000000,A
5203,021,Northern America,1,Production,t,2017,2200.000000,A
5203,021,Northern America,1,Production,t,2018,2490.000000,A
5203,021,Northern America,1,Production,t,2019,2320.000000,A
5203,021,Northern America,1,Production,t,2020,1960.000000,A
5203,021,Northern America,1,Production,t,2021,4709.000000,A
5203,021,Northern America,1,Production,t,2022,3759.000000,A
5203,021,Northern America,1,Production,t,2023,3121.000000,A
5203,021,Northern America,1,Production,t,2024,3817.000000,A
5203,021,Northern America,1,Yield,kg/ha,1998,1396.800000,A
5203,021,Northern America,1,Yield,kg/ha,1999,1401.500000,A
5203,021,Northern America,1,Yield,kg/ha,2000,1435.300000,A
5203,021,Northern America,1,Yield,kg/ha,2001,1423.500000,A
5203,021,Northern America,1,Yield,kg/ha,2002,1422.600000,A
5203,021,Northern America,1,Yield,kg/ha,2003,1573.200000,A
5203,021,Northern America,1,Yield,kg/ha,2004,1082.200000,A
5203,021,Northern America,1,Yield,kg/ha,2005,1506.300000,A
5203,021,Northern America,1,Yield,kg/ha,2006,1298.400000,A
5203,021,Northern America,1,Yield,kg/ha,2007,1312.700000,A
5203,021,Northern America,1,Yield,kg/ha,2008,1549.000000,A
5203,021,Northern America,1,Yield,kg/ha,2009,1549.000000,A
5203,021,Northern America,1,Yield,kg/ha,2010,1564.700000,A
5203,021,Northern America,1,Yield,kg/ha,2011,1351.800000,A
5203,021,Northern America,1,Yield,kg/ha,2012,1285.900000,A
5203,021,Northern America,1,Yield,kg/ha,2013,956.900000,A
5203,021,Northern America,1,Yield,kg/ha,2014,906.800000,A
5203,021,Northern America,1,Yield,kg/ha,2015,856.600000,A
5203,021,Northern America,1,Yield,kg/ha,2016,692.600000,A
5203,021,Northern America,1,Yield,kg/ha,2017,756.000000,A
5203,021,Northern America,1,Yield,kg/ha,2018,867.600000,A
5203,021,Northern America,1,Yield,kg/ha,2019,830.900000,A
5203,021,Northern America,1,Yield,kg/ha,2020,712.200000,A
5203,021,Northern America,1,Yield,kg/ha,2021,1572.300000,A
5203,021,Northern America,1,Yield,kg/ha,2022,1238.600000,A
5203,021,Northern America,1,Yield,kg/ha,2023,1042.100000,A
5203,021,Northern America,1,Yield,kg/ha,2024,1347.300000,A
5500,009,Oceania,1,Area harvested,ha,1998,81997.000000,E
5500,009,Oceania,1,Area harvested,ha,1999,87521.000000,E
5500,009,Oceania,1,Area harvested,ha,2000,82050.000000,E
5500,009,Oceania,1,Area harvested,ha,2001,66629.000000,E
5500,009,Oceania,1,Area harvested,ha,2002,70436.000000,E
5500,009,Oceania,1,Area harvested,ha,2003,70343.000000,E
5500,009,Oceania,1,Area harvested,ha,2004,57926.000000,E
5500,009,Oceania,1,Area harvested,ha,2005,65352.000000,E
5500,009,Oceania,1,Area harvested,ha,2006,52360.000000,E
5500,009,Oceania,1,Area harvested,ha,2007,55327.000000,E
5500,009,Oceania,1,Area harvested,ha,2008,55407.000000,E
5500,009,Oceania,1,Area harvested,ha,2009,55248.000000,E
5500,009,Oceania,1,Area harvested,ha,2010,49705.000000,E
5500,009,Oceania,1,Area harvested,ha,2011,80514.000000,E
5500,009,Oceania,1,Area harvested,ha,2012,41140.000000,E
5500,009,Oceania,1,Area harvested,ha,2013,46637.000000,E
5500,009,Oceania,1,Area harvested,ha,2014,53936.000000,E
5500,009,Oceania,1,Area harvested,ha,2015,55026.000000,E
5500,009,Oceania,1,Area harvested,ha,2016,51098.000000,E
5500,009,Oceania,1,Area harvested,ha,2017,44781.000000,E
5500,009,Oceania,1,Area harvested,ha,2018,50605.000000,E
5500,009,Oceania,1,Area harvested,ha,2019,42999.000000,E
5500,009,Oceania,1,Area harvested,ha,2020,38596.000000,E
5500,009,Oceania,1,Area harvested,ha,2021,45566.000000,E
5500,009,Oceania,1,Area harvested,ha,2022,38869.000000,E
5500,009,Oceania,1,Area harvested,ha,2023,55888.000000,E
5500,009,Oceania,1,Area harvested,ha,2024,47902.000000,E
5500,009,Oceania,1,Production,t,1998,81085.870000,A
5500,009,Oceania,1,Production,t,1999,83189.360000,A
5500,009,Oceania,1,Production,t,2000,83109.180000,E
5500,009,Oceania,1,Production,t,2001,63853.420000,A
5500,009,Oceania,1,Production,t,2002,65201.580000,A
5500,009,Oceania,1,Production,t,2003,69391.510000,A
5500,009,Oceania,1,Production,t,2004,59948.130000,A
5500,009,Oceania,1,Production,t,2005,76174.210000,A
5500,009,Oceania,1,Production,t,2006,48518.240000,A
5500,009,Oceania,1,Production,t,2007,58173.590000,A
5500,009,Oceania,1,Production,t,2008,61783.860000,A
5500,009,Oceania,1,Production,t,2009,60322.090000,A
5500,009,Oceania,1,Production,t,2010,52308.430000,A
5500,009,Oceania,1,Production,t,2011,84967.290000,A
5500,009,Oceania,1,Production,t,2012,43706.340000,A
5500,009,Oceania,1,Production,t,2013,49770.940000,A
5500,009,Oceania,1,Production,t,2014,56981.190000,E
5500,009,Oceania,1,Production,t,2015,58060.050000,E
5500,009,Oceania,1,Production,t,2016,53802.730000,E
5500,009,Oceania,1,Production,t,2017,47063.050000,E
5500,009,Oceania,1,Production,t,2018,53239.610000,E
5500,009,Oceania,1,Production,t,2019,45210.260000,A
5500,009,Oceania,1,Production,t,2020,40580.150000,A
5500,009,Oceania,1,Production,t,2021,47959.910000,E
5500,009,Oceania,1,Production,t,2022,40880.370000,E
5500,009,Oceania,1,Production,t,2023,58879.170000,E
5500,009,Oceania,1,Production,t,2024,50477.980000,E
5500,009,Oceania,1,Yield,kg/ha,1998,988.900000,E
5500,009,Oceania,1,Yield,kg/ha,1999,950.500000,E
5500,009,Oceania,1,Yield,kg/ha,2000,1012.900000,E
5500,009,Oceania,1,Yield,kg/ha,2001,958.300000,E
5500,009,Oceania,1,Yield,kg/ha,2002,925.700000,E
5500,009,Oceania,1,Yield,kg/ha,2003,986.500000,E
5500,009,Oceania,1,Yield,kg/ha,2004,1034.900000,E
5500,009,Oceania,1,Yield,kg/ha,2005,1165.600000,E
5500,009,Oceania,1,Yield,kg/ha,2006,926.600000,E
5500,009,Oceania,1,Yield,kg/ha,2007,1051.500000,E
5500,009,Oceania,1,Yield,kg/ha,2008,1115.100000,E
5500,009,Oceania,1,Yield,kg/ha,2009,1091.900000,E
5500,009,Oceania,1,Yield,kg/ha,2010,1052.400000,E
5500,009,Oceania,1,Yield,kg/ha,2011,1055.300000,E
5500,009,Oceania,1,Yield,kg/ha,2012,1062.400000,E
5500,009,Oceania,1,Yield,kg/ha,2013,1067.200000,E
5500,009,Oceania,1,Yield,kg/ha,2014,1056.500000,E
5500,009,Oceania,1,Yield,kg/ha,2015,1055.100000,E
5500,009,Oceania,1,Yield,kg/ha,2016,1052.900000,E
5500,009,Oceania,1,Yield,kg/ha,2017,1051.000000,E
5500,009,Oceania,1,Yield,kg/ha,2018,1052.100000,E
5500,009,Oceania,1,Yield,kg/ha,2019,1051.400000,E
5500,009,Oceania,1,Yield,kg/ha,2020,1051.400000,E
5500,009,Oceania,1,Yield,kg/ha,2021,1052.500000,E
5500,009,Oceania,1,Yield,kg/ha,2022,1051.700000,E
5500,009,Oceania,1,Yield,kg/ha,2023,1053.500000,E
5500,009,Oceania,1,Yield,kg/ha,2024,1053.800000,E
166,591,Panama,0,Area harvested,ha,1998,23800.000000,A
166,591,Panama,0,Area harvested,ha,1999,32900.000000,A
166,591,Panama,0,Area harvested,ha,2000,21565.000000,A
166,591,Panama,0,Area harvested,ha,2001,33500.000000,A
166,591,Panama,0,Area harvested,ha,2002,25300.000000,E
166,591,Panama,0,Area harvested,ha,2003,25700.000000,E
166,591,Panama,0,Area harvested,ha,2004,28400.000000,E
166,591,Panama,0,Area harvested,ha,2005,29200.000000,E
166,591,Panama,0,Area harvested,ha,2006,28500.000000,E
166,591,Panama,0,Area harvested,ha,2007,30600.000000,E
166,591,Panama,0,Area harvested,ha,2008,29600.000000,E
166,591,Panama,0,Area harvested,ha,2009,28800.000000,E
166,591,Panama,0,Area harvested,ha,2010,27788.000000,I
166,591,Panama,0,Area harvested,ha,2011,21926.000000,I
166,591,Panama,0,Area harvested,ha,2012,22512.000000,I
166,591,Panama,0,Area harvested,ha,2013,15887.000000,I
166,591,Panama,0,Area harvested,ha,2014,14882.000000,I
166,591,Panama,0,Area harvested,ha,2015,16627.000000,I
166,591,Panama,0,Area harvested,ha,2016,13633.000000,I
166,591,Panama,0,Area harvested,ha,2017,14592.000000,I
166,591,Panama,0,Area harvested,ha,2018,12360.000000,I
166,591,Panama,0,Area harvested,ha,2019,18521.000000,I
166,591,Panama,0,Area harvested,ha,2020,13839.000000,I
166,591,Panama,0,Area harvested,ha,2021,13302.000000,I
166,591,Panama,0,Area harvested,ha,2022,13727.000000,I
166,591,Panama,0,Area harvested,ha,2023,14289.000000,I
166,591,Panama,0,Area harvested,ha,2024,14001.000000,I
166,591,Panama,0,Production,t,1998,11435.000000,A
166,591,Panama,0,Production,t,1999,12024.000000,A
166,591,Panama,0,Production,t,2000,10255.000000,A
166,591,Panama,0,Production,t,2001,15074.000000,A
166,591,Panama,0,Production,t,2002,11390.000000,A
166,591,Panama,0,Production,t,2003,11586.500000,A
166,591,Panama,0,Production,t,2004,12778.800000,A
166,591,Panama,0,Production,t,2005,13153.000000,A
166,591,Panama,0,Production,t,2006,12844.000000,A
166,591,Panama,0,Production,t,2007,13790.000000,A
166,591,Panama,0,Production,t,2008,13324.000000,A
166,591,Panama,0,Production,t,2009,12961.000000,A
166,591,Panama,0,Production,t,2010,12470.000000,A
166,591,Panama,0,Production,t,2011,9826.000000,A
166,591,Panama,0,Production,t,2012,10049.000000,A
166,591,Panama,0,Production,t,2013,7096.000000,A
166,591,Panama,0,Production,t,2014,6688.000000,A
166,591,Panama,0,Production,t,2015,7464.000000,A
166,591,Panama,0,Production,t,2016,6135.000000,A
166,591,Panama,0,Production,t,2017,6588.000000,A
166,591,Panama,0,Production,t,2018,5579.000000,A
166,591,Panama,0,Production,t,2019,8371.000000,A
166,591,Panama,0,Production,t,2020,6254.000000,A
166,591,Panama,0,Production,t,2021,6020.000000,A
166,591,Panama,0,Production,t,2022,6189.060000,I
166,591,Panama,0,Production,t,2023,6445.130000,I
166,591,Panama,0,Production,t,2024,6318.020000,I
166,591,Panama,0,Yield,kg/ha,1998,480.500000,A
166,591,Panama,0,Yield,kg/ha,1999,365.500000,A
166,591,Panama,0,Yield,kg/ha,2000,475.500000,A
166,591,Panama,0,Yield,kg/ha,2001,450.000000,A
166,591,Panama,0,Yield,kg/ha,2002,450.200000,E
166,591,Panama,0,Yield,kg/ha,2003,450.800000,E
166,591,Panama,0,Yield,kg/ha,2004,450.000000,E
166,591,Panama,0,Yield,kg/ha,2005,450.400000,E
166,591,Panama,0,Yield,kg/ha,2006,450.700000,E
166,591,Panama,0,Yield,kg/ha,2007,450.700000,E
166,591,Panama,0,Yield,kg/ha,2008,450.100000,E
166,591,Panama,0,Yield,kg/ha,2009,450.000000,E
166,591,Panama,0,Yield,kg/ha,2010,448.800000,E
166,591,Panama,0,Yield,kg/ha,2011,448.100000,E
166,591,Panama,0,Yield,kg/ha,2012,446.400000,E
166,591,Panama,0,Yield,kg/ha,2013,446.700000,E
166,591,Panama,0,Yield,kg/ha,2014,449.400000,E
166,591,Panama,0,Yield,kg/ha,2015,448.900000,E
166,591,Panama,0,Yield,kg/ha,2016,450.000000,E
166,591,Panama,0,Yield,kg/ha,2017,451.500000,E
166,591,Panama,0,Yield,kg/ha,2018,451.400000,E
166,591,Panama,0,Yield,kg/ha,2019,452.000000,E
166,591,Panama,0,Yield,kg/ha,2020,451.900000,E
166,591,Panama,0,Yield,kg/ha,2021,452.600000,E
166,591,Panama,0,Yield,kg/ha,2022,450.900000,E
166,591,Panama,0,Yield,kg/ha,2023,451.100000,E
166,591,Panama,0,Yield,kg/ha,2024,451.300000,E
168,598,Papua New Guinea,0,Area harvested,ha,1998,81445.000000,I
168,598,Papua New Guinea,0,Area harvested,ha,1999,87000.000000,E
168,598,Papua New Guinea,0,Area harvested,ha,2000,81697.000000,I
168,598,Papua New Guinea,0,Area harvested,ha,2001,66000.000000,E
168,598,Papua New Guinea,0,Area harvested,ha,2002,70000.000000,E
168,598,Papua New Guinea,0,Area harvested,ha,2003,70000.000000,E
168,598,Papua New Guinea,0,Area harvested,ha,2004,57364.000000,I
168,598,Papua New Guinea,0,Area harvested,ha,2005,65000.000000,E
168,598,Papua New Guinea,0,Area harvested,ha,2006,52000.000000,E
168,598,Papua New Guinea,0,Area harvested,ha,2007,55000.000000,E
168,598,Papua New Guinea,0,Area harvested,ha,2008,55000.000000,E
168,598,Papua New Guinea,0,Area harvested,ha,2009,55000.000000,E
168,598,Papua New Guinea,0,Area harvested,ha,2010,49429.000000,I
168,598,Papua New Guinea,0,Area harvested,ha,2011,80198.000000,I
168,598,Papua New Guinea,0,Area harvested,ha,2012,40875.000000,I
168,598,Papua New Guinea,0,Area harvested,ha,2013,46400.000000,I
168,598,Papua New Guinea,0,Area harvested,ha,2014,53702.000000,I
168,598,Papua New Guinea,0,Area harvested,ha,2015,54796.000000,I
168,598,Papua New Guinea,0,Area harvested,ha,2016,50881.000000,I
168,598,Papua New Guinea,0,Area harvested,ha,2017,44550.000000,I
168,598,Papua New Guinea,0,Area harvested,ha,2018,50396.000000,I
168,598,Papua New Guinea,0,Area harvested,ha,2019,42790.000000,I
168,598,Papua New Guinea,0,Area harvested,ha,2020,38388.000000,I
168,598,Papua New Guinea,0,Area harvested,ha,2021,45359.000000,I
168,598,Papua New Guinea,0,Area harvested,ha,2022,38662.000000,I
168,598,Papua New Guinea,0,Area harvested,ha,2023,55686.000000,I
168,598,Papua New Guinea,0,Area harvested,ha,2024,47702.000000,I
168,598,Papua New Guinea,0,Production,t,1998,80940.000000,A
168,598,Papua New Guinea,0,Production,t,1999,83040.000000,A
168,598,Papua New Guinea,0,Production,t,2000,83000.000000,X
168,598,Papua New Guinea,0,Production,t,2001,63720.000000,A
168,598,Papua New Guinea,0,Production,t,2002,65100.000000,A
168,598,Papua New Guinea,0,Production,t,2003,69300.000000,A
168,598,Papua New Guinea,0,Production,t,2004,59820.000000,A
168,598,Papua New Guinea,0,Production,t,2005,76080.000000,A
168,598,Papua New Guinea,0,Production,t,2006,48420.000000,A
168,598,Papua New Guinea,0,Production,t,2007,58080.000000,A
168,598,Papua New Guinea,0,Production,t,2008,61680.000000,A
168,598,Papua New Guinea,0,Production,t,2009,60240.000000,A
168,598,Papua New Guinea,0,Production,t,2010,52220.000000,A
168,598,Papua New Guinea,0,Production,t,2011,84870.000000,A
168,598,Papua New Guinea,0,Production,t,2012,43620.000000,A
168,598,Papua New Guinea,0,Production,t,2013,49680.000000,A
168,598,Papua New Guinea,0,Production,t,2014,56893.360000,I
168,598,Papua New Guinea,0,Production,t,2015,57982.280000,I
168,598,Papua New Guinea,0,Production,t,2016,53719.270000,I
168,598,Papua New Guinea,0,Production,t,2017,46980.000000,X
168,598,Papua New Guinea,0,Production,t,2018,53160.000000,X
168,598,Papua New Guinea,0,Production,t,2019,45129.000000,A
168,598,Papua New Guinea,0,Production,t,2020,40500.000000,A
168,598,Papua New Guinea,0,Production,t,2021,47880.000000,X
168,598,Papua New Guinea,0,Production,t,2022,40800.000000,X
168,598,Papua New Guinea,0,Production,t,2023,58800.000000,X
168,598,Papua New Guinea,0,Production,t,2024,50400.000000,X
168,598,Papua New Guinea,0,Yield,kg/ha,1998,993.800000,E
168,598,Papua New Guinea,0,Yield,kg/ha,1999,954.500000,E
168,598,Papua New Guinea,0,Yield,kg/ha,2000,1015.900000,E
168,598,Papua New Guinea,0,Yield,kg/ha,2001,965.500000,E
168,598,Papua New Guinea,0,Yield,kg/ha,2002,930.000000,E
168,598,Papua New Guinea,0,Yield,kg/ha,2003,990.000000,E
168,598,Papua New Guinea,0,Yield,kg/ha,2004,1042.800000,E
168,598,Papua New Guinea,0,Yield,kg/ha,2005,1170.500000,E
168,598,Papua New Guinea,0,Yield,kg/ha,2006,931.200000,E
168,598,Papua New Guinea,0,Yield,kg/ha,2007,1056.000000,E
168,598,Papua New Guinea,0,Yield,kg/ha,2008,1121.500000,E
168,598,Papua New Guinea,0,Yield,kg/ha,2009,1095.300000,E
168,598,Papua New Guinea,0,Yield,kg/ha,2010,1056.500000,E
168,598,Papua New Guinea,0,Yield,kg/ha,2011,1058.300000,E
168,598,Papua New Guinea,0,Yield,kg/ha,2012,1067.200000,E
168,598,Papua New Guinea,0,Yield,kg/ha,2013,1070.700000,E
168,598,Papua New Guinea,0,Yield,kg/ha,2014,1059.400000,E
168,598,Papua New Guinea,0,Yield,kg/ha,2015,1058.200000,E
168,598,Papua New Guinea,0,Yield,kg/ha,2016,1055.800000,E
168,598,Papua New Guinea,0,Yield,kg/ha,2017,1054.600000,E
168,598,Papua New Guinea,0,Yield,kg/ha,2018,1054.800000,E
168,598,Papua New Guinea,0,Yield,kg/ha,2019,1054.700000,E
168,598,Papua New Guinea,0,Yield,kg/ha,2020,1055.000000,E
168,598,Papua New Guinea,0,Yield,kg/ha,2021,1055.600000,E
168,598,Papua New Guinea,0,Yield,kg/ha,2022,1055.300000,E
168,598,Papua New Guinea,0,Yield,kg/ha,2023,1055.900000,E
168,598,Papua New Guinea,0,Yield,kg/ha,2024,1056.600000,E
169,600,Paraguay,0,Area harvested,ha,1998,5999.000000,A
169,600,Paraguay,0,Area harvested,ha,1999,5994.000000,A
169,600,Paraguay,0,Area harvested,ha,2000,5129.000000,A
169,600,Paraguay,0,Area harvested,ha,2001,3857.000000,A
169,600,Paraguay,0,Area harvested,ha,2002,3395.000000,A
169,600,Paraguay,0,Area harvested,ha,2003,3094.000000,A
169,600,Paraguay,0,Area harvested,ha,2004,3101.000000,A
169,600,Paraguay,0,Area harvested,ha,2005,2700.000000,A
169,600,Paraguay,0,Area harvested,ha,2006,2570.000000,A
169,600,Paraguay,0,Area harvested,ha,2007,2600.000000,E
169,600,Paraguay,0,Area harvested,ha,2008,291.000000,A
169,600,Paraguay,0,Area harvested,ha,2009,300.000000,A
169,600,Paraguay,0,Area harvested,ha,2010,290.000000,A
169,600,Paraguay,0,Area harvested,ha,2011,290.000000,A
169,600,Paraguay,0,Area harvested,ha,2012,294.000000,A
169,600,Paraguay,0,Area harvested,ha,2013,294.000000,A
169,600,Paraguay,0,Area harvested,ha,2014,294.000000,A
169,600,Paraguay,0,Area harvested,ha,2015,300.000000,A
169,600,Paraguay,0,Area harvested,ha,2016,300.000000,A
169,600,Paraguay,0,Area harvested,ha,2017,320.000000,A
169,600,Paraguay,0,Area harvested,ha,2018,320.000000,A
169,600,Paraguay,0,Area harvested,ha,2019,310.000000,A
169,600,Paraguay,0,Area harvested,ha,2020,306.000000,A
169,600,Paraguay,0,Area harvested,ha,2021,309.000000,A
169,600,Paraguay,0,Area harvested,ha,2022,309.000000,A
169,600,Paraguay,0,Area harvested,ha,2023,274.000000,I
169,600,Paraguay,0,Area harvested,ha,2024,278.000000,I
169,600,Paraguay,0,Production,t,1998,4752.000000,A
169,600,Paraguay,0,Production,t,1999,4726.000000,A
169,600,Paraguay,0,Production,t,2000,3586.000000,A
169,600,Paraguay,0,Production,t,2001,2751.000000,A
169,600,Paraguay,0,Production,t,2002,2434.000000,A
169,600,Paraguay,0,Production,t,2003,3085.000000,A
169,600,Paraguay,0,Production,t,2004,3353.000000,A
169,600,Paraguay,0,Production,t,2005,2900.000000,A
169,600,Paraguay,0,Production,t,2006,3040.000000,A
169,600,Paraguay,0,Production,t,2007,3100.000000,E
169,600,Paraguay,0,Production,t,2008,273.000000,A
169,600,Paraguay,0,Production,t,2009,281.000000,A
169,600,Paraguay,0,Production,t,2010,370.000000,A
169,600,Paraguay,0,Production,t,2011,370.000000,A
169,600,Paraguay,0,Production,t,2012,370.000000,A
169,600,Paraguay,0,Production,t,2013,382.000000,A
169,600,Paraguay,0,Production,t,2014,386.000000,A
169,600,Paraguay,0,Production,t,2015,395.000000,A
169,600,Paraguay,0,Production,t,2016,395.000000,A
169,600,Paraguay,0,Production,t,2017,442.000000,A
169,600,Paraguay,0,Production,t,2018,441.000000,A
169,600,Paraguay,0,Production,t,2019,399.000000,A
169,600,Paraguay,0,Production,t,2020,381.000000,A
169,600,Paraguay,0,Production,t,2021,388.000000,A
169,600,Paraguay,0,Production,t,2022,394.550000,I
169,600,Paraguay,0,Production,t,2023,361.580000,I
169,600,Paraguay,0,Production,t,2024,363.190000,I
169,600,Paraguay,0,Yield,kg/ha,1998,792.100000,A
169,600,Paraguay,0,Yield,kg/ha,1999,788.500000,A
169,600,Paraguay,0,Yield,kg/ha,2000,699.200000,A
169,600,Paraguay,0,Yield,kg/ha,2001,713.200000,A
169,600,Paraguay,0,Yield,kg/ha,2002,716.900000,A
169,600,Paraguay,0,Yield,kg/ha,2003,997.100000,A
169,600,Paraguay,0,Yield,kg/ha,2004,1081.300000,A
169,600,Paraguay,0,Yield,kg/ha,2005,1074.100000,A
169,600,Paraguay,0,Yield,kg/ha,2006,1182.900000,A
169,600,Paraguay,0,Yield,kg/ha,2007,1192.300000,E
169,600,Paraguay,0,Yield,kg/ha,2008,938.100000,A
169,600,Paraguay,0,Yield,kg/ha,2009,936.700000,A
169,600,Paraguay,0,Yield,kg/ha,2010,1275.900000,A
169,600,Paraguay,0,Yield,kg/ha,2011,1275.900000,A
169,600,Paraguay,0,Yield,kg/ha,2012,1258.500000,A
169,600,Paraguay,0,Yield,kg/ha,2013,1299.300000,A
169,600,Paraguay,0,Yield,kg/ha,2014,1312.900000,A
169,600,Paraguay,0,Yield,kg/ha,2015,1316.700000,A
169,600,Paraguay,0,Yield,kg/ha,2016,1316.700000,A
169,600,Paraguay,0,Yield,kg/ha,2017,1381.300000,A
169,600,Paraguay,0,Yield,kg/ha,2018,1378.100000,A
169,600,Paraguay,0,Yield,kg/ha,2019,1287.100000,A
169,600,Paraguay,0,Yield,kg/ha,2020,1245.100000,A
169,600,Paraguay,0,Yield,kg/ha,2021,1255.700000,A
169,600,Paraguay,0,Yield,kg/ha,2022,1276.900000,E
169,600,Paraguay,0,Yield,kg/ha,2023,1320.800000,E
169,600,Paraguay,0,Yield,kg/ha,2024,1308.100000,E
170,604,Peru,0,Area harvested,ha,1998,188610.000000,A
170,604,Peru,0,Area harvested,ha,1999,212261.000000,A
170,604,Peru,0,Area harvested,ha,2000,264492.000000,A
170,604,Peru,0,Area harvested,ha,2001,274252.000000,A
170,604,Peru,0,Area harvested,ha,2002,287379.000000,A
170,604,Peru,0,Area harvested,ha,2003,291844.000000,A
170,604,Peru,0,Area harvested,ha,2004,295139.000000,A
170,604,Peru,0,Area harvested,ha,2005,301534.000000,A
170,604,Peru,0,Area harvested,ha,2006,321449.000000,A
170,604,Peru,0,Area harvested,ha,2007,324062.000000,A
170,604,Peru,0,Area harvested,ha,2008,333388.000000,A
170,604,Peru,0,Area harvested,ha,2009,342621.000000,A
170,604,Peru,0,Area harvested,ha,2010,349633.000000,A
170,604,Peru,0,Area harvested,ha,2011,367096.000000,A
170,604,Peru,0,Area harvested,ha,2012,370632.000000,A
170,604,Peru,0,Area harvested,ha,2013,399523.000000,A
170,604,Peru,0,Area harvested,ha,2014,361671.000000,A
170,604,Peru,0,Area harvested,ha,2015,379187.000000,A
170,604,Peru,0,Area harvested,ha,2016,383973.000000,A
170,604,Peru,0,Area harvested,ha,2017,424129.000000,A
170,604,Peru,0,Area harvested,ha,2018,432409.000000,A
170,604,Peru,0,Area harvested,ha,2019,438177.000000,A
170,604,Peru,0,Area harvested,ha,2020,430820.000000,A
170,604,Peru,0,Area harvested,ha,2021,429717.000000,A
170,604,Peru,0,Area harvested,ha,2022,418790.000000,A
170,604,Peru,0,Area harvested,ha,2023,428738.000000,A
170,604,Peru,0,Area harvested,ha,2024,421972.000000,A
170,604,Peru,0,Production,t,1998,144763.000000,A
170,604,Peru,0,Production,t,1999,167145.000000,A
170,604,Peru,0,Production,t,2000,191651.000000,A
170,604,Peru,0,Production,t,2001,196232.000000,A
170,604,Peru,0,Production,t,2002,212770.000000,A
170,604,Peru,0,Production,t,2003,203148.000000,A
170,604,Peru,0,Production,t,2004,231447.000000,A
170,604,Peru,0,Production,t,2005,188611.000000,A
170,604,Peru,0,Production,t,2006,273178.000000,A
170,604,Peru,0,Production,t,2007,225992.000000,A
170,604,Peru,0,Production,t,2008,273780.000000,A
170,604,Peru,0,Production,t,2009,243479.000000,A
170,604,Peru,0,Production,t,2010,264605.000000,A
170,604,Peru,0,Production,t,2011,331547.000000,A
170,604,Peru,0,Production,t,2012,320163.560000,A
170,604,Peru,0,Production,t,2013,256241.430000,A
170,604,Peru,0,Production,t,2014,222047.000000,A
170,604,Peru,0,Production,t,2015,251938.000000,A
170,604,Peru,0,Production,t,2016,277760.400000,A
170,604,Peru,0,Production,t,2017,337330.000000,A
170,604,Peru,0,Production,t,2018,369621.990000,A
170,604,Peru,0,Production,t,2019,363319.590000,A
170,604,Peru,0,Production,t,2020,353205.740000,A
170,604,Peru,0,Production,t,2021,363996.830000,A
170,604,Peru,0,Production,t,2022,357346.420000,A
170,604,Peru,0,Production,t,2023,366940.030000,A
170,604,Peru,0,Production,t,2024,358993.780000,A
170,604,Peru,0,Yield,kg/ha,1998,767.500000,A
170,604,Peru,0,Yield,kg/ha,1999,787.500000,A
170,604,Peru,0,Yield,kg/ha,2000,724.600000,A
170,604,Peru,0,Yield,kg/ha,2001,715.500000,A
170,604,Peru,0,Yield,kg/ha,2002,740.400000,A
170,604,Peru,0,Yield,kg/ha,2003,696.100000,A
170,604,Peru,0,Yield,kg/ha,2004,784.200000,A
170,604,Peru,0,Yield,kg/ha,2005,625.500000,A
170,604,Peru,0,Yield,kg/ha,2006,849.800000,A
170,604,Peru,0,Yield,kg/ha,2007,697.400000,A
170,604,Peru,0,Yield,kg/ha,2008,821.200000,A
170,604,Peru,0,Yield,kg/ha,2009,710.600000,A
170,604,Peru,0,Yield,kg/ha,2010,756.800000,A
170,604,Peru,0,Yield,kg/ha,2011,903.200000,A
170,604,Peru,0,Yield,kg/ha,2012,863.800000,A
170,604,Peru,0,Yield,kg/ha,2013,641.400000,A
170,604,Peru,0,Yield,kg/ha,2014,613.900000,A
170,604,Peru,0,Yield,kg/ha,2015,664.400000,A
170,604,Peru,0,Yield,kg/ha,2016,723.400000,A
170,604,Peru,0,Yield,kg/ha,2017,795.300000,A
170,604,Peru,0,Yield,kg/ha,2018,854.800000,A
170,604,Peru,0,Yield,kg/ha,2019,829.200000,A
170,604,Peru,0,Yield,kg/ha,2020,819.800000,A
170,604,Peru,0,Yield,kg/ha,2021,847.100000,A
170,604,Peru,0,Yield,kg/ha,2022,853.300000,A
170,604,Peru,0,Yield,kg/ha,2023,855.900000,A
170,604,Peru,0,Yield,kg/ha,2024,850.800000,A
171,608,Philippines,0,Area harvested,ha,1998,133902.000000,A
171,608,Philippines,0,Area harvested,ha,1999,133208.000000,A
171,608,Philippines,0,Area harvested,ha,2000,136921.000000,A
171,608,Philippines,0,Area harvested,ha,2001,135354.000000,A
171,608,Philippines,0,Area harvested,ha,2002,132408.000000,A
171,608,Philippines,0,Area harvested,ha,2003,131790.000000,A
171,608,Philippines,0,Area harvested,ha,2004,131206.000000,A
171,608,Philippines,0,Area harvested,ha,2005,127975.000000,A
171,608,Philippines,0,Area harvested,ha,2006,126063.000000,A
171,608,Philippines,0,Area harvested,ha,2007,123975.000000,A
171,608,Philippines,0,Area harvested,ha,2008,123269.000000,A
171,608,Philippines,0,Area harvested,ha,2009,122645.000000,A
171,608,Philippines,0,Area harvested,ha,2010,121399.000000,A
171,608,Philippines,0,Area harvested,ha,2011,119637.000000,A
171,608,Philippines,0,Area harvested,ha,2012,120000.000000,A
171,608,Philippines,0,Area harvested,ha,2013,116460.000000,A
171,608,Philippines,0,Area harvested,ha,2014,117451.000000,A
171,608,Philippines,0,Area harvested,ha,2015,113738.000000,A
171,608,Philippines,0,Area harvested,ha,2016,114839.000000,A
171,608,Philippines,0,Area harvested,ha,2017,112843.000000,A
171,608,Philippines,0,Area harvested,ha,2018,113352.000000,A
171,608,Philippines,0,Area harvested,ha,2019,112024.000000,A
171,608,Philippines,0,Area harvested,ha,2020,113265.000000,A
171,608,Philippines,0,Area harvested,ha,2021,112553.000000,A
171,608,Philippines,0,Area harvested,ha,2022,112279.000000,A
171,608,Philippines,0,Area harvested,ha,2023,112890.000000,A
171,608,Philippines,0,Area harvested,ha,2024,115779.000000,A
171,608,Philippines,0,Production,t,1998,107802.000000,A
171,608,Philippines,0,Production,t,1999,104124.000000,A
171,608,Philippines,0,Production,t,2000,107557.000000,A
171,608,Philippines,0,Production,t,2001,112271.000000,A
171,608,Philippines,0,Production,t,2002,107080.000000,A
171,608,Philippines,0,Production,t,2003,106388.000000,A
171,608,Philippines,0,Production,t,2004,102865.000000,A
171,608,Philippines,0,Production,t,2005,105847.000000,A
171,608,Philippines,0,Production,t,2006,104093.000000,A
171,608,Philippines,0,Production,t,2007,97877.000000,A
171,608,Philippines,0,Production,t,2008,97428.000000,A
171,608,Philippines,0,Production,t,2009,96433.000000,A
171,608,Philippines,0,Production,t,2010,94536.000000,A
171,608,Philippines,0,Production,t,2011,88526.000000,A
171,608,Philippines,0,Production,t,2012,88943.000000,A
171,608,Philippines,0,Production,t,2013,78634.000000,A
171,608,Philippines,0,Production,t,2014,75454.000000,A
171,608,Philippines,0,Production,t,2015,72342.000000,A
171,608,Philippines,0,Production,t,2016,68822.930000,A
171,608,Philippines,0,Production,t,2017,62077.950000,A
171,608,Philippines,0,Production,t,2018,60312.760000,A
171,608,Philippines,0,Production,t,2019,60043.880000,A
171,608,Philippines,0,Production,t,2020,60640.950000,A
171,608,Philippines,0,Production,t,2021,60607.180000,A
171,608,Philippines,0,Production,t,2022,59962.360000,I
171,608,Philippines,0,Production,t,2023,60000.000000,E
171,608,Philippines,0,Production,t,2024,64000.000000,E
171,608,Philippines,0,Yield,kg/ha,1998,805.100000,A
171,608,Philippines,0,Yield,kg/ha,1999,781.700000,A
171,608,Philippines,0,Yield,kg/ha,2000,785.500000,A
171,608,Philippines,0,Yield,kg/ha,2001,829.500000,A
171,608,Philippines,0,Yield,kg/ha,2002,808.700000,A
171,608,Philippines,0,Yield,kg/ha,2003,807.300000,A
171,608,Philippines,0,Yield,kg/ha,2004,784.000000,A
171,608,Philippines,0,Yield,kg/ha,2005,827.100000,A
171,608,Philippines,0,Yield,kg/ha,2006,825.700000,A
171,608,Philippines,0,Yield,kg/ha,2007,789.500000,A
171,608,Philippines,0,Yield,kg/ha,2008,790.400000,A
171,608,Philippines,0,Yield,kg/ha,2009,786.300000,A
171,608,Philippines,0,Yield,kg/ha,2010,778.700000,A
171,608,Philippines,0,Yield,kg/ha,2011,740.000000,A
171,608,Philippines,0,Yield,kg/ha,2012,741.200000,A
171,608,Philippines,0,Yield,kg/ha,2013,675.200000,A
171,608,Philippines,0,Yield,kg/ha,2014,642.400000,A
171,608,Philippines,0,Yield,kg/ha,2015,636.000000,A
171,608,Philippines,0,Yield,kg/ha,2016,599.300000,A
171,608,Philippines,0,Yield,kg/ha,2017,550.100000,A
171,608,Philippines,0,Yield,kg/ha,2018,532.100000,A
171,608,Philippines,0,Yield,kg/ha,2019,536.000000,A
171,608,Philippines,0,Yield,kg/ha,2020,535.400000,A
171,608,Philippines,0,Yield,kg/ha,2021,538.500000,A
171,608,Philippines,0,Yield,kg/ha,2022,534.000000,E
171,608,Philippines,0,Yield,kg/ha,2023,531.500000,E
171,608,Philippines,0,Yield,kg/ha,2024,552.800000,E
5504,061,Polynesia,1,Area harvested,ha,1998,142.000000,E
5504,061,Polynesia,1,Area harvested,ha,1999,141.000000,E
5504,061,Polynesia,1,Area harvested,ha,2000,143.000000,E
5504,061,Polynesia,1,Area harvested,ha,2001,143.000000,E
5504,061,Polynesia,1,Area harvested,ha,2002,142.000000,E
5504,061,Polynesia,1,Area harvested,ha,2003,138.000000,E
5504,061,Polynesia,1,Area harvested,ha,2004,128.000000,E
5504,061,Polynesia,1,Area harvested,ha,2005,127.000000,E
5504,061,Polynesia,1,Area harvested,ha,2006,131.000000,E
5504,061,Polynesia,1,Area harvested,ha,2007,132.000000,E
5504,061,Polynesia,1,Area harvested,ha,2008,132.000000,E
5504,061,Polynesia,1,Area harvested,ha,2009,133.000000,E
5504,061,Polynesia,1,Area harvested,ha,2010,132.000000,E
5504,061,Polynesia,1,Area harvested,ha,2011,135.000000,E
5504,061,Polynesia,1,Area harvested,ha,2012,137.000000,E
5504,061,Polynesia,1,Area harvested,ha,2013,142.000000,E
5504,061,Polynesia,1,Area harvested,ha,2014,139.000000,E
5504,061,Polynesia,1,Area harvested,ha,2015,144.000000,E
5504,061,Polynesia,1,Area harvested,ha,2016,142.000000,E
5504,061,Polynesia,1,Area harvested,ha,2017,146.000000,E
5504,061,Polynesia,1,Area harvested,ha,2018,145.000000,E
5504,061,Polynesia,1,Area harvested,ha,2019,149.000000,E
5504,061,Polynesia,1,Area harvested,ha,2020,148.000000,E
5504,061,Polynesia,1,Area harvested,ha,2021,147.000000,E
5504,061,Polynesia,1,Area harvested,ha,2022,148.000000,E
5504,061,Polynesia,1,Area harvested,ha,2023,148.000000,E
5504,061,Polynesia,1,Area harvested,ha,2024,148.000000,E
5504,061,Polynesia,1,Production,t,1998,50.020000,E
5504,061,Polynesia,1,Production,t,1999,46.050000,E
5504,061,Polynesia,1,Production,t,2000,46.180000,E
5504,061,Polynesia,1,Production,t,2001,46.270000,E
5504,061,Polynesia,1,Production,t,2002,46.380000,E
5504,061,Polynesia,1,Production,t,2003,42.550000,E
5504,061,Polynesia,1,Production,t,2004,37.410000,E
5504,061,Polynesia,1,Production,t,2005,40.210000,E
5504,061,Polynesia,1,Production,t,2006,43.280000,E
5504,061,Polynesia,1,Production,t,2007,42.260000,E
5504,061,Polynesia,1,Production,t,2008,41.010000,E
5504,061,Polynesia,1,Production,t,2009,42.710000,E
5504,061,Polynesia,1,Production,t,2010,44.810000,E
5504,061,Polynesia,1,Production,t,2011,46.350000,E
5504,061,Polynesia,1,Production,t,2012,47.050000,E
5504,061,Polynesia,1,Production,t,2013,48.300000,E
5504,061,Polynesia,1,Production,t,2014,46.380000,E
5504,061,Polynesia,1,Production,t,2015,48.410000,E
5504,061,Polynesia,1,Production,t,2016,48.480000,E
5504,061,Polynesia,1,Production,t,2017,47.750000,E
5504,061,Polynesia,1,Production,t,2018,49.040000,E
5504,061,Polynesia,1,Production,t,2019,49.870000,E
5504,061,Polynesia,1,Production,t,2020,49.530000,E
5504,061,Polynesia,1,Production,t,2021,49.500000,E
5504,061,Polynesia,1,Production,t,2022,49.450000,E
5504,061,Polynesia,1,Production,t,2023,49.250000,E
5504,061,Polynesia,1,Production,t,2024,49.310000,E
5504,061,Polynesia,1,Yield,kg/ha,1998,351.800000,E
5504,061,Polynesia,1,Yield,kg/ha,1999,326.600000,E
5504,061,Polynesia,1,Yield,kg/ha,2000,323.000000,E
5504,061,Polynesia,1,Yield,kg/ha,2001,323.800000,E
5504,061,Polynesia,1,Yield,kg/ha,2002,325.500000,E
5504,061,Polynesia,1,Yield,kg/ha,2003,308.300000,E
5504,061,Polynesia,1,Yield,kg/ha,2004,292.300000,E
5504,061,Polynesia,1,Yield,kg/ha,2005,317.400000,E
5504,061,Polynesia,1,Yield,kg/ha,2006,329.700000,E
5504,061,Polynesia,1,Yield,kg/ha,2007,320.200000,E
5504,061,Polynesia,1,Yield,kg/ha,2008,310.300000,E
5504,061,Polynesia,1,Yield,kg/ha,2009,322.300000,E
5504,061,Polynesia,1,Yield,kg/ha,2010,338.300000,E
5504,061,Polynesia,1,Yield,kg/ha,2011,342.400000,E
5504,061,Polynesia,1,Yield,kg/ha,2012,342.600000,E
5504,061,Polynesia,1,Yield,kg/ha,2013,339.200000,E
5504,061,Polynesia,1,Yield,kg/ha,2014,334.000000,E
5504,061,Polynesia,1,Yield,kg/ha,2015,336.100000,E
5504,061,Polynesia,1,Yield,kg/ha,2016,340.900000,E
5504,061,Polynesia,1,Yield,kg/ha,2017,326.300000,E
5504,061,Polynesia,1,Yield,kg/ha,2018,338.300000,E
5504,061,Polynesia,1,Yield,kg/ha,2019,335.800000,E
5504,061,Polynesia,1,Yield,kg/ha,2020,334.600000,E
5504,061,Polynesia,1,Yield,kg/ha,2021,335.600000,E
5504,061,Polynesia,1,Yield,kg/ha,2022,333.500000,E
5504,061,Polynesia,1,Yield,kg/ha,2023,332.500000,E
5504,061,Polynesia,1,Yield,kg/ha,2024,332.800000,E
177,630,Puerto Rico,0,Area harvested,ha,1998,30450.000000,A
177,630,Puerto Rico,0,Area harvested,ha,1999,30590.000000,A
177,630,Puerto Rico,0,Area harvested,ha,2000,30190.000000,A
177,630,Puerto Rico,0,Area harvested,ha,2001,30590.000000,A
177,630,Puerto Rico,0,Area harvested,ha,2002,30590.000000,A
177,630,Puerto Rico,0,Area harvested,ha,2003,27510.000000,A
177,630,Puerto Rico,0,Area harvested,ha,2004,22008.000000,A
177,630,Puerto Rico,0,Area harvested,ha,2005,22008.000000,A
177,630,Puerto Rico,0,Area harvested,ha,2006,19918.000000,I
177,630,Puerto Rico,0,Area harvested,ha,2007,19045.000000,I
177,630,Puerto Rico,0,Area harvested,ha,2008,18616.000000,I
177,630,Puerto Rico,0,Area harvested,ha,2009,17501.000000,I
177,630,Puerto Rico,0,Area harvested,ha,2010,16621.000000,I
177,630,Puerto Rico,0,Area harvested,ha,2011,14857.000000,I
177,630,Puerto Rico,0,Area harvested,ha,2012,13053.000000,A
177,630,Puerto Rico,0,Area harvested,ha,2013,10543.000000,I
177,630,Puerto Rico,0,Area harvested,ha,2014,6437.000000,A
177,630,Puerto Rico,0,Area harvested,ha,2015,6287.000000,A
177,630,Puerto Rico,0,Area harvested,ha,2016,7941.000000,I
177,630,Puerto Rico,0,Area harvested,ha,2017,6000.000000,E
177,630,Puerto Rico,0,Area harvested,ha,2018,5220.000000,A
177,630,Puerto Rico,0,Area harvested,ha,2019,6252.000000,I
177,630,Puerto Rico,0,Area harvested,ha,2020,5872.000000,I
177,630,Puerto Rico,0,Area harvested,ha,2021,5416.000000,I
177,630,Puerto Rico,0,Area harvested,ha,2022,7452.000000,A
177,630,Puerto Rico,0,Area harvested,ha,2023,4190.000000,I
177,630,Puerto Rico,0,Area harvested,ha,2024,2007.000000,I
177,630,Puerto Rico,0,Production,t,1998,13393.000000,A
177,630,Puerto Rico,0,Production,t,1999,7000.000000,A
177,630,Puerto Rico,0,Production,t,2000,8250.000000,A
177,630,Puerto Rico,0,Production,t,2001,8650.000000,A
177,630,Puerto Rico,0,Production,t,2002,7600.000000,A
177,630,Puerto Rico,0,Production,t,2003,9308.000000,A
177,630,Puerto Rico,0,Production,t,2004,10206.000000,A
177,630,Puerto Rico,0,Production,t,2005,7938.000000,A
177,630,Puerto Rico,0,Production,t,2006,7323.200000,I
177,630,Puerto Rico,0,Production,t,2007,6833.480000,I
177,630,Puerto Rico,0,Production,t,2008,6683.260000,I
177,630,Puerto Rico,0,Production,t,2009,6337.280000,I
177,630,Puerto Rico,0,Production,t,2010,6058.220000,I
177,630,Puerto Rico,0,Production,t,2011,5737.880000,I
177,630,Puerto Rico,0,Production,t,2012,5760.000000,A
177,630,Puerto Rico,0,Production,t,2013,4880.900000,I
177,630,Puerto Rico,0,Production,t,2014,4674.400000,A
177,630,Puerto Rico,0,Production,t,2015,3369.050000,A
177,630,Puerto Rico,0,Production,t,2016,3120.430000,I
177,630,Puerto Rico,0,Production,t,2017,1800.000000,E
177,630,Puerto Rico,0,Production,t,2018,975.000000,A
177,630,Puerto Rico,0,Production,t,2019,1820.060000,I
177,630,Puerto Rico,0,Production,t,2020,1950.760000,I
177,630,Puerto Rico,0,Production,t,2021,1862.420000,I
177,630,Puerto Rico,0,Production,t,2022,2740.000000,A
177,630,Puerto Rico,0,Production,t,2023,1468.770000,I
177,630,Puerto Rico,0,Production,t,2024,635.990000,I
177,630,Puerto Rico,0,Yield,kg/ha,1998,439.800000,A
177,630,Puerto Rico,0,Yield,kg/ha,1999,228.800000,A
177,630,Puerto Rico,0,Yield,kg/ha,2000,273.300000,A
177,630,Puerto Rico,0,Yield,kg/ha,2001,282.800000,A
177,630,Puerto Rico,0,Yield,kg/ha,2002,248.400000,A
177,630,Puerto Rico,0,Yield,kg/ha,2003,338.300000,A
177,630,Puerto Rico,0,Yield,kg/ha,2004,463.700000,A
177,630,Puerto Rico,0,Yield,kg/ha,2005,360.700000,A
177,630,Puerto Rico,0,Yield,kg/ha,2006,367.700000,E
177,630,Puerto Rico,0,Yield,kg/ha,2007,358.800000,E
177,630,Puerto Rico,0,Yield,kg/ha,2008,359.000000,E
177,630,Puerto Rico,0,Yield,kg/ha,2009,362.100000,E
177,630,Puerto Rico,0,Yield,kg/ha,2010,364.500000,E
177,630,Puerto Rico,0,Yield,kg/ha,2011,386.200000,E
177,630,Puerto Rico,0,Yield,kg/ha,2012,441.300000,A
177,630,Puerto Rico,0,Yield,kg/ha,2013,462.900000,E
177,630,Puerto Rico,0,Yield,kg/ha,2014,726.200000,A
177,630,Puerto Rico,0,Yield,kg/ha,2015,535.900000,A
177,630,Puerto Rico,0,Yield,kg/ha,2016,392.900000,E
177,630,Puerto Rico,0,Yield,kg/ha,2017,300.000000,E
177,630,Puerto Rico,0,Yield,kg/ha,2018,186.800000,A
177,630,Puerto Rico,0,Yield,kg/ha,2019,291.100000,E
177,630,Puerto Rico,0,Yield,kg/ha,2020,332.200000,E
177,630,Puerto Rico,0,Yield,kg/ha,2021,343.900000,E
177,630,Puerto Rico,0,Yield,kg/ha,2022,367.700000,A
177,630,Puerto Rico,0,Yield,kg/ha,2023,350.600000,E
177,630,Puerto Rico,0,Yield,kg/ha,2024,316.800000,E
184,646,Rwanda,0,Area harvested,ha,1998,21000.000000,E
184,646,Rwanda,0,Area harvested,ha,1999,26728.000000,A
184,646,Rwanda,0,Area harvested,ha,2000,23000.000000,E
184,646,Rwanda,0,Area harvested,ha,2001,26000.000000,E
184,646,Rwanda,0,Area harvested,ha,2002,28000.000000,E
184,646,Rwanda,0,Area harvested,ha,2003,20000.000000,E
184,646,Rwanda,0,Area harvested,ha,2004,29000.000000,A
184,646,Rwanda,0,Area harvested,ha,2005,29625.000000,A
184,646,Rwanda,0,Area harvested,ha,2006,30750.000000,A
184,646,Rwanda,0,Area harvested,ha,2007,31875.000000,A
184,646,Rwanda,0,Area harvested,ha,2008,42900.000000,A
184,646,Rwanda,0,Area harvested,ha,2009,28828.000000,A
184,646,Rwanda,0,Area harvested,ha,2010,33977.000000,A
184,646,Rwanda,0,Area harvested,ha,2011,37377.000000,A
184,646,Rwanda,0,Area harvested,ha,2012,41762.000000,A
184,646,Rwanda,0,Area harvested,ha,2013,52030.000000,A
184,646,Rwanda,0,Area harvested,ha,2014,55030.000000,A
184,646,Rwanda,0,Area harvested,ha,2015,35500.000000,A
184,646,Rwanda,0,Area harvested,ha,2016,29964.000000,I
184,646,Rwanda,0,Area harvested,ha,2017,29558.000000,A
184,646,Rwanda,0,Area harvested,ha,2018,23412.000000,A
184,646,Rwanda,0,Area harvested,ha,2019,21793.000000,A
184,646,Rwanda,0,Area harvested,ha,2020,19460.000000,I
184,646,Rwanda,0,Area harvested,ha,2021,18220.000000,A
184,646,Rwanda,0,Area harvested,ha,2022,39500.000000,A
184,646,Rwanda,0,Area harvested,ha,2023,20219.000000,A
184,646,Rwanda,0,Area harvested,ha,2024,15432.000000,I
184,646,Rwanda,0,Production,t,1998,14268.000000,A
184,646,Rwanda,0,Production,t,1999,18800.000000,A
184,646,Rwanda,0,Production,t,2000,16098.000000,A
184,646,Rwanda,0,Production,t,2001,18366.000000,A
184,646,Rwanda,0,Production,t,2002,19427.000000,A
184,646,Rwanda,0,Production,t,2003,13805.000000,A
184,646,Rwanda,0,Production,t,2004,20017.000000,A
184,646,Rwanda,0,Production,t,2005,18597.000000,A
184,646,Rwanda,0,Production,t,2006,22223.000000,A
184,646,Rwanda,0,Production,t,2007,14683.000000,A
184,646,Rwanda,0,Production,t,2008,20724.000000,A
184,646,Rwanda,0,Production,t,2009,19371.890000,A
184,646,Rwanda,0,Production,t,2010,19319.000000,A
184,646,Rwanda,0,Production,t,2011,21820.400000,A
184,646,Rwanda,0,Production,t,2012,19995.000000,A
184,646,Rwanda,0,Production,t,2013,18346.000000,A
184,646,Rwanda,0,Production,t,2014,16379.000000,A
184,646,Rwanda,0,Production,t,2015,21808.000000,A
184,646,Rwanda,0,Production,t,2016,24689.410000,I
184,646,Rwanda,0,Production,t,2017,31717.520000,A
184,646,Rwanda,0,Production,t,2018,38643.340000,A
184,646,Rwanda,0,Production,t,2019,29366.010000,A
184,646,Rwanda,0,Production,t,2020,20459.000000,A
184,646,Rwanda,0,Production,t,2021,19466.880000,A
184,646,Rwanda,0,Production,t,2022,18945.390000,A
184,646,Rwanda,0,Production,t,2023,27104.400000,A
184,646,Rwanda,0,Production,t,2024,17839.780000,A
184,646,Rwanda,0,Yield,kg/ha,1998,679.400000,E
184,646,Rwanda,0,Yield,kg/ha,1999,703.400000,A
184,646,Rwanda,0,Yield,kg/ha,2000,699.900000,E
184,646,Rwanda,0,Yield,kg/ha,2001,706.400000,E
184,646,Rwanda,0,Yield,kg/ha,2002,693.800000,E
184,646,Rwanda,0,Yield,kg/ha,2003,690.300000,E
184,646,Rwanda,0,Yield,kg/ha,2004,690.200000,A
184,646,Rwanda,0,Yield,kg/ha,2005,627.700000,A
184,646,Rwanda,0,Yield,kg/ha,2006,722.700000,A
184,646,Rwanda,0,Yield,kg/ha,2007,460.600000,A
184,646,Rwanda,0,Yield,kg/ha,2008,483.100000,A
184,646,Rwanda,0,Yield,kg/ha,2009,672.000000,A
184,646,Rwanda,0,Yield,kg/ha,2010,568.600000,A
184,646,Rwanda,0,Yield,kg/ha,2011,583.800000,A
184,646,Rwanda,0,Yield,kg/ha,2012,478.800000,A
184,646,Rwanda,0,Yield,kg/ha,2013,352.600000,A
184,646,Rwanda,0,Yield,kg/ha,2014,297.600000,A
184,646,Rwanda,0,Yield,kg/ha,2015,614.300000,A
184,646,Rwanda,0,Yield,kg/ha,2016,824.000000,E
184,646,Rwanda,0,Yield,kg/ha,2017,1073.100000,A
184,646,Rwanda,0,Yield,kg/ha,2018,1650.600000,A
184,646,Rwanda,0,Yield,kg/ha,2019,1347.500000,A
184,646,Rwanda,0,Yield,kg/ha,2020,1051.300000,E
184,646,Rwanda,0,Yield,kg/ha,2021,1068.500000,A
184,646,Rwanda,0,Yield,kg/ha,2022,479.600000,A
184,646,Rwanda,0,Yield,kg/ha,2023,1340.500000,A
184,646,Rwanda,0,Yield,kg/ha,2024,1156.000000,E
189,662,Saint Lucia,0,Area harvested,ha,1998,,M
189,662,Saint Lucia,0,Area harvested,ha,1999,,M
189,662,Saint Lucia,0,Area harvested,ha,2000,,M
189,662,Saint Lucia,0,Area harvested,ha,2001,,M
189,662,Saint Lucia,0,Area harvested,ha,2002,,M
189,662,Saint Lucia,0,Area harvested,ha,2003,,M
189,662,Saint Lucia,0,Area harvested,ha,2004,,M
189,662,Saint Lucia,0,Area harvested,ha,2005,,M
189,662,Saint Lucia,0,Area harvested,ha,2006,,M
189,662,Saint Lucia,0,Area harvested,ha,2007,,M
189,662,Saint Lucia,0,Area harvested,ha,2008,,M
189,662,Saint Lucia,0,Area harvested,ha,2009,,M
189,662,Saint Lucia,0,Area harvested,ha,2010,,M
189,662,Saint Lucia,0,Area harvested,ha,2011,,M
189,662,Saint Lucia,0,Area harvested,ha,2012,,M
189,662,Saint Lucia,0,Area harvested,ha,2013,,M
189,662,Saint Lucia,0,Area harvested,ha,2014,,M
189,662,Saint Lucia,0,Area harvested,ha,2015,,M
189,662,Saint Lucia,0,Area harvested,ha,2016,,M
189,662,Saint Lucia,0,Area harvested,ha,2017,,M
189,662,Saint Lucia,0,Area harvested,ha,2018,,M
189,662,Saint Lucia,0,Area harvested,ha,2019,,M
189,662,Saint Lucia,0,Area harvested,ha,2020,,M
189,662,Saint Lucia,0,Area harvested,ha,2021,,M
189,662,Saint Lucia,0,Area harvested,ha,2022,,M
189,662,Saint Lucia,0,Area harvested,ha,2023,,M
189,662,Saint Lucia,0,Area harvested,ha,2024,,M
189,662,Saint Lucia,0,Production,t,1998,,M
189,662,Saint Lucia,0,Production,t,1999,,M
189,662,Saint Lucia,0,Production,t,2000,,M
189,662,Saint Lucia,0,Production,t,2001,,M
189,662,Saint Lucia,0,Production,t,2002,,M
189,662,Saint Lucia,0,Production,t,2003,,M
189,662,Saint Lucia,0,Production,t,2004,,M
189,662,Saint Lucia,0,Production,t,2005,,M
189,662,Saint Lucia,0,Production,t,2006,,M
189,662,Saint Lucia,0,Production,t,2007,,M
189,662,Saint Lucia,0,Production,t,2008,,M
189,662,Saint Lucia,0,Production,t,2009,,M
189,662,Saint Lucia,0,Production,t,2010,,M
189,662,Saint Lucia,0,Production,t,2011,,M
189,662,Saint Lucia,0,Production,t,2012,,M
189,662,Saint Lucia,0,Production,t,2013,,M
189,662,Saint Lucia,0,Production,t,2014,,M
189,662,Saint Lucia,0,Production,t,2015,,M
189,662,Saint Lucia,0,Production,t,2016,,M
189,662,Saint Lucia,0,Production,t,2017,,M
189,662,Saint Lucia,0,Production,t,2018,,M
189,662,Saint Lucia,0,Production,t,2019,,M
189,662,Saint Lucia,0,Production,t,2020,,M
189,662,Saint Lucia,0,Production,t,2021,,M
189,662,Saint Lucia,0,Production,t,2022,,M
189,662,Saint Lucia,0,Production,t,2023,,M
189,662,Saint Lucia,0,Production,t,2024,,M
191,670,Saint Vincent and the Grenadines,0,Area harvested,ha,1998,450.000000,I
191,670,Saint Vincent and the Grenadines,0,Area harvested,ha,1999,430.000000,E
191,670,Saint Vincent and the Grenadines,0,Area harvested,ha,2000,430.000000,E
191,670,Saint Vincent and the Grenadines,0,Area harvested,ha,2001,420.000000,E
191,670,Saint Vincent and the Grenadines,0,Area harvested,ha,2002,410.000000,E
191,670,Saint Vincent and the Grenadines,0,Area harvested,ha,2003,386.000000,I
191,670,Saint Vincent and the Grenadines,0,Area harvested,ha,2004,390.000000,E
191,670,Saint Vincent and the Grenadines,0,Area harvested,ha,2005,420.000000,E
191,670,Saint Vincent and the Grenadines,0,Area harvested,ha,2006,440.000000,E
191,670,Saint Vincent and the Grenadines,0,Area harvested,ha,2007,450.000000,E
191,670,Saint Vincent and the Grenadines,0,Area harvested,ha,2008,500.000000,E
191,670,Saint Vincent and the Grenadines,0,Area harvested,ha,2009,550.000000,E
191,670,Saint Vincent and the Grenadines,0,Area harvested,ha,2010,539.000000,I
191,670,Saint Vincent and the Grenadines,0,Area harvested,ha,2011,527.000000,I
191,670,Saint Vincent and the Grenadines,0,Area harvested,ha,2012,550.000000,E
191,670,Saint Vincent and the Grenadines,0,Area harvested,ha,2013,560.000000,E
191,670,Saint Vincent and the Grenadines,0,Area harvested,ha,2014,529.000000,I
191,670,Saint Vincent and the Grenadines,0,Area harvested,ha,2015,538.000000,I
191,670,Saint Vincent and the Grenadines,0,Area harvested,ha,2016,551.000000,I
191,670,Saint Vincent and the Grenadines,0,Area harvested,ha,2017,539.000000,E
191,670,Saint Vincent and the Grenadines,0,Area harvested,ha,2018,549.000000,I
191,670,Saint Vincent and the Grenadines,0,Area harvested,ha,2019,557.000000,I
191,670,Saint Vincent and the Grenadines,0,Area harvested,ha,2020,566.000000,I
191,670,Saint Vincent and the Grenadines,0,Area harvested,ha,2021,564.000000,I
191,670,Saint Vincent and the Grenadines,0,Area harvested,ha,2022,566.000000,I
191,670,Saint Vincent and the Grenadines,0,Area harvested,ha,2023,570.000000,I
191,670,Saint Vincent and the Grenadines,0,Area harvested,ha,2024,574.000000,I
191,670,Saint Vincent and the Grenadines,0,Production,t,1998,173.490000,I
191,670,Saint Vincent and the Grenadines,0,Production,t,1999,170.000000,E
191,670,Saint Vincent and the Grenadines,0,Production,t,2000,160.000000,E
191,670,Saint Vincent and the Grenadines,0,Production,t,2001,155.000000,E
191,670,Saint Vincent and the Grenadines,0,Production,t,2002,150.000000,E
191,670,Saint Vincent and the Grenadines,0,Production,t,2003,145.000000,E
191,670,Saint Vincent and the Grenadines,0,Production,t,2004,150.000000,E
191,670,Saint Vincent and the Grenadines,0,Production,t,2005,165.000000,E
191,670,Saint Vincent and the Grenadines,0,Production,t,2006,175.000000,E
191,670,Saint Vincent and the Grenadines,0,Production,t,2007,180.000000,E
191,670,Saint Vincent and the Grenadines,0,Production,t,2008,200.000000,E
191,670,Saint Vincent and the Grenadines,0,Production,t,2009,220.000000,E
191,670,Saint Vincent and the Grenadines,0,Production,t,2010,199.570000,I
191,670,Saint Vincent and the Grenadines,0,Production,t,2011,188.910000,I
191,670,Saint Vincent and the Grenadines,0,Production,t,2012,170.000000,E
191,670,Saint Vincent and the Grenadines,0,Production,t,2013,175.000000,E
191,670,Saint Vincent and the Grenadines,0,Production,t,2014,177.280000,I
191,670,Saint Vincent and the Grenadines,0,Production,t,2015,180.610000,I
191,670,Saint Vincent and the Grenadines,0,Production,t,2016,184.400000,I
191,670,Saint Vincent and the Grenadines,0,Production,t,2017,187.310000,I
191,670,Saint Vincent and the Grenadines,0,Production,t,2018,189.220000,I
191,670,Saint Vincent and the Grenadines,0,Production,t,2019,189.870000,I
191,670,Saint Vincent and the Grenadines,0,Production,t,2020,190.520000,I
191,670,Saint Vincent and the Grenadines,0,Production,t,2021,189.950000,I
191,670,Saint Vincent and the Grenadines,0,Production,t,2022,189.550000,I
191,670,Saint Vincent and the Grenadines,0,Production,t,2023,189.780000,I
191,670,Saint Vincent and the Grenadines,0,Production,t,2024,189.990000,I
191,670,Saint Vincent and the Grenadines,0,Yield,kg/ha,1998,385.400000,E
191,670,Saint Vincent and the Grenadines,0,Yield,kg/ha,1999,395.300000,E
191,670,Saint Vincent and the Grenadines,0,Yield,kg/ha,2000,372.100000,E
191,670,Saint Vincent and the Grenadines,0,Yield,kg/ha,2001,369.000000,E
191,670,Saint Vincent and the Grenadines,0,Yield,kg/ha,2002,365.900000,E
191,670,Saint Vincent and the Grenadines,0,Yield,kg/ha,2003,375.400000,E
191,670,Saint Vincent and the Grenadines,0,Yield,kg/ha,2004,384.600000,E
191,670,Saint Vincent and the Grenadines,0,Yield,kg/ha,2005,392.900000,E
191,670,Saint Vincent and the Grenadines,0,Yield,kg/ha,2006,397.700000,E
191,670,Saint Vincent and the Grenadines,0,Yield,kg/ha,2007,400.000000,E
191,670,Saint Vincent and the Grenadines,0,Yield,kg/ha,2008,400.000000,E
191,670,Saint Vincent and the Grenadines,0,Yield,kg/ha,2009,400.000000,E
191,670,Saint Vincent and the Grenadines,0,Yield,kg/ha,2010,370.600000,E
191,670,Saint Vincent and the Grenadines,0,Yield,kg/ha,2011,358.700000,E
191,670,Saint Vincent and the Grenadines,0,Yield,kg/ha,2012,309.100000,E
191,670,Saint Vincent and the Grenadines,0,Yield,kg/ha,2013,312.500000,E
191,670,Saint Vincent and the Grenadines,0,Yield,kg/ha,2014,335.400000,E
191,670,Saint Vincent and the Grenadines,0,Yield,kg/ha,2015,335.500000,E
191,670,Saint Vincent and the Grenadines,0,Yield,kg/ha,2016,334.500000,E
191,670,Saint Vincent and the Grenadines,0,Yield,kg/ha,2017,347.200000,E
191,670,Saint Vincent and the Grenadines,0,Yield,kg/ha,2018,344.800000,E
191,670,Saint Vincent and the Grenadines,0,Yield,kg/ha,2019,341.100000,E
191,670,Saint Vincent and the Grenadines,0,Yield,kg/ha,2020,336.800000,E
191,670,Saint Vincent and the Grenadines,0,Yield,kg/ha,2021,337.100000,E
191,670,Saint Vincent and the Grenadines,0,Yield,kg/ha,2022,334.700000,E
191,670,Saint Vincent and the Grenadines,0,Yield,kg/ha,2023,332.900000,E
191,670,Saint Vincent and the Grenadines,0,Yield,kg/ha,2024,331.100000,E
244,882,Samoa,0,Area harvested,ha,1998,40.000000,E
244,882,Samoa,0,Area harvested,ha,1999,33.000000,X
244,882,Samoa,0,Area harvested,ha,2000,35.000000,E
244,882,Samoa,0,Area harvested,ha,2001,35.000000,I
244,882,Samoa,0,Area harvested,ha,2002,34.000000,I
244,882,Samoa,0,Area harvested,ha,2003,35.000000,E
244,882,Samoa,0,Area harvested,ha,2004,35.000000,E
244,882,Samoa,0,Area harvested,ha,2005,35.000000,E
244,882,Samoa,0,Area harvested,ha,2006,35.000000,E
244,882,Samoa,0,Area harvested,ha,2007,35.000000,E
244,882,Samoa,0,Area harvested,ha,2008,35.000000,E
244,882,Samoa,0,Area harvested,ha,2009,35.000000,E
244,882,Samoa,0,Area harvested,ha,2010,35.000000,E
244,882,Samoa,0,Area harvested,ha,2011,35.000000,E
244,882,Samoa,0,Area harvested,ha,2012,37.000000,E
244,882,Samoa,0,Area harvested,ha,2013,37.000000,E
244,882,Samoa,0,Area harvested,ha,2014,38.000000,I
244,882,Samoa,0,Area harvested,ha,2015,38.000000,I
244,882,Samoa,0,Area harvested,ha,2016,38.000000,I
244,882,Samoa,0,Area harvested,ha,2017,38.000000,I
244,882,Samoa,0,Area harvested,ha,2018,39.000000,I
244,882,Samoa,0,Area harvested,ha,2019,39.000000,I
244,882,Samoa,0,Area harvested,ha,2020,40.000000,I
244,882,Samoa,0,Area harvested,ha,2021,39.000000,E
244,882,Samoa,0,Area harvested,ha,2022,39.000000,E
244,882,Samoa,0,Area harvested,ha,2023,39.000000,E
244,882,Samoa,0,Area harvested,ha,2024,39.000000,E
244,882,Samoa,0,Production,t,1998,10.000000,E
244,882,Samoa,0,Production,t,1999,9.000000,E
244,882,Samoa,0,Production,t,2000,8.000000,E
244,882,Samoa,0,Production,t,2001,8.000000,E
244,882,Samoa,0,Production,t,2002,8.000000,E
244,882,Samoa,0,Production,t,2003,8.000000,E
244,882,Samoa,0,Production,t,2004,8.320000,I
244,882,Samoa,0,Production,t,2005,8.390000,I
244,882,Samoa,0,Production,t,2006,8.440000,I
244,882,Samoa,0,Production,t,2007,8.000000,E
244,882,Samoa,0,Production,t,2008,8.000000,E
244,882,Samoa,0,Production,t,2009,8.000000,E
244,882,Samoa,0,Production,t,2010,10.000000,E
244,882,Samoa,0,Production,t,2011,10.000000,E
244,882,Samoa,0,Production,t,2012,11.000000,E
244,882,Samoa,0,Production,t,2013,11.000000,E
244,882,Samoa,0,Production,t,2014,11.220000,I
244,882,Samoa,0,Production,t,2015,11.130000,I
244,882,Samoa,0,Production,t,2016,11.270000,I
244,882,Samoa,0,Production,t,2017,11.430000,I
244,882,Samoa,0,Production,t,2018,11.700000,I
244,882,Samoa,0,Production,t,2019,11.960000,I
244,882,Samoa,0,Production,t,2020,12.270000,I
244,882,Samoa,0,Production,t,2021,11.790000,E
244,882,Samoa,0,Production,t,2022,11.820000,E
244,882,Samoa,0,Production,t,2023,11.770000,E
244,882,Samoa,0,Production,t,2024,11.790000,E
244,882,Samoa,0,Yield,kg/ha,1998,250.000000,E
244,882,Samoa,0,Yield,kg/ha,1999,272.700000,E
244,882,Samoa,0,Yield,kg/ha,2000,228.600000,E
244,882,Samoa,0,Yield,kg/ha,2001,229.200000,E
244,882,Samoa,0,Yield,kg/ha,2002,231.900000,E
244,882,Samoa,0,Yield,kg/ha,2003,228.600000,E
244,882,Samoa,0,Yield,kg/ha,2004,237.800000,E
244,882,Samoa,0,Yield,kg/ha,2005,239.700000,E
244,882,Samoa,0,Yield,kg/ha,2006,241.300000,E
244,882,Samoa,0,Yield,kg/ha,2007,228.600000,E
244,882,Samoa,0,Yield,kg/ha,2008,228.600000,E
244,882,Samoa,0,Yield,kg/ha,2009,228.600000,E
244,882,Samoa,0,Yield,kg/ha,2010,285.700000,E
244,882,Samoa,0,Yield,kg/ha,2011,285.700000,E
244,882,Samoa,0,Yield,kg/ha,2012,297.300000,E
244,882,Samoa,0,Yield,kg/ha,2013,297.300000,E
244,882,Samoa,0,Yield,kg/ha,2014,291.500000,E
244,882,Samoa,0,Yield,kg/ha,2015,295.600000,E
244,882,Samoa,0,Yield,kg/ha,2016,297.900000,E
244,882,Samoa,0,Yield,kg/ha,2017,299.600000,E
244,882,Samoa,0,Yield,kg/ha,2018,303.300000,E
244,882,Samoa,0,Yield,kg/ha,2019,305.600000,E
244,882,Samoa,0,Yield,kg/ha,2020,309.200000,E
244,882,Samoa,0,Yield,kg/ha,2021,301.200000,E
244,882,Samoa,0,Yield,kg/ha,2022,300.600000,E
244,882,Samoa,0,Yield,kg/ha,2023,298.900000,E
244,882,Samoa,0,Yield,kg/ha,2024,300.200000,E
193,678,Sao Tome and Principe,0,Area harvested,ha,1998,300.000000,E
193,678,Sao Tome and Principe,0,Area harvested,ha,1999,450.000000,E
193,678,Sao Tome and Principe,0,Area harvested,ha,2000,180.000000,E
193,678,Sao Tome and Principe,0,Area harvested,ha,2001,198.000000,I
193,678,Sao Tome and Principe,0,Area harvested,ha,2002,200.000000,E
193,678,Sao Tome and Principe,0,Area harvested,ha,2003,202.000000,I
193,678,Sao Tome and Principe,0,Area harvested,ha,2004,220.000000,E
193,678,Sao Tome and Principe,0,Area harvested,ha,2005,225.000000,E
193,678,Sao Tome and Principe,0,Area harvested,ha,2006,240.000000,E
193,678,Sao Tome and Principe,0,Area harvested,ha,2007,226.000000,I
193,678,Sao Tome and Principe,0,Area harvested,ha,2008,222.000000,I
193,678,Sao Tome and Principe,0,Area harvested,ha,2009,224.000000,I
193,678,Sao Tome and Principe,0,Area harvested,ha,2010,219.000000,I
193,678,Sao Tome and Principe,0,Area harvested,ha,2011,1004.000000,A
193,678,Sao Tome and Principe,0,Area harvested,ha,2012,110.000000,I
193,678,Sao Tome and Principe,0,Area harvested,ha,2013,57.000000,I
193,678,Sao Tome and Principe,0,Area harvested,ha,2014,127.000000,I
193,678,Sao Tome and Principe,0,Area harvested,ha,2015,161.000000,I
193,678,Sao Tome and Principe,0,Area harvested,ha,2016,115.000000,E
193,678,Sao Tome and Principe,0,Area harvested,ha,2017,130.000000,I
193,678,Sao Tome and Principe,0,Area harvested,ha,2018,134.000000,I
193,678,Sao Tome and Principe,0,Area harvested,ha,2019,128.000000,I
193,678,Sao Tome and Principe,0,Area harvested,ha,2020,131.000000,I
193,678,Sao Tome and Principe,0,Area harvested,ha,2021,131.000000,E
193,678,Sao Tome and Principe,0,Area harvested,ha,2022,130.000000,E
193,678,Sao Tome and Principe,0,Area harvested,ha,2023,131.000000,E
193,678,Sao Tome and Principe,0,Area harvested,ha,2024,131.000000,E
193,678,Sao Tome and Principe,0,Production,t,1998,36.000000,A
193,678,Sao Tome and Principe,0,Production,t,1999,58.000000,A
193,678,Sao Tome and Principe,0,Production,t,2000,18.000000,A
193,678,Sao Tome and Principe,0,Production,t,2001,22.000000,E
193,678,Sao Tome and Principe,0,Production,t,2002,25.000000,E
193,678,Sao Tome and Principe,0,Production,t,2003,22.970000,I
193,678,Sao Tome and Principe,0,Production,t,2004,27.000000,E
193,678,Sao Tome and Principe,0,Production,t,2005,28.000000,E
193,678,Sao Tome and Principe,0,Production,t,2006,30.000000,E
193,678,Sao Tome and Principe,0,Production,t,2007,22.960000,I
193,678,Sao Tome and Principe,0,Production,t,2008,19.950000,I
193,678,Sao Tome and Principe,0,Production,t,2009,17.900000,I
193,678,Sao Tome and Principe,0,Production,t,2010,15.170000,I
193,678,Sao Tome and Principe,0,Production,t,2011,5.600000,A
193,678,Sao Tome and Principe,0,Production,t,2012,6.200000,A
193,678,Sao Tome and Principe,0,Production,t,2013,3.900000,A
193,678,Sao Tome and Principe,0,Production,t,2014,8.030000,I
193,678,Sao Tome and Principe,0,Production,t,2015,8.610000,I
193,678,Sao Tome and Principe,0,Production,t,2016,6.840000,E
193,678,Sao Tome and Principe,0,Production,t,2017,7.830000,E
193,678,Sao Tome and Principe,0,Production,t,2018,7.620000,I
193,678,Sao Tome and Principe,0,Production,t,2019,6.850000,I
193,678,Sao Tome and Principe,0,Production,t,2020,7.000000,I
193,678,Sao Tome and Principe,0,Production,t,2021,6.760000,I
193,678,Sao Tome and Principe,0,Production,t,2022,7.190000,E
193,678,Sao Tome and Principe,0,Production,t,2023,7.310000,E
193,678,Sao Tome and Principe,0,Production,t,2024,7.270000,E
193,678,Sao Tome and Principe,0,Yield,kg/ha,1998,120.000000,E
193,678,Sao Tome and Principe,0,Yield,kg/ha,1999,128.900000,E
193,678,Sao Tome and Principe,0,Yield,kg/ha,2000,100.000000,E
193,678,Sao Tome and Principe,0,Yield,kg/ha,2001,110.900000,E
193,678,Sao Tome and Principe,0,Yield,kg/ha,2002,125.000000,E
193,678,Sao Tome and Principe,0,Yield,kg/ha,2003,113.700000,E
193,678,Sao Tome and Principe,0,Yield,kg/ha,2004,122.700000,E
193,678,Sao Tome and Principe,0,Yield,kg/ha,2005,124.400000,E
193,678,Sao Tome and Principe,0,Yield,kg/ha,2006,125.000000,E
193,678,Sao Tome and Principe,0,Yield,kg/ha,2007,101.800000,E
193,678,Sao Tome and Principe,0,Yield,kg/ha,2008,89.800000,E
193,678,Sao Tome and Principe,0,Yield,kg/ha,2009,79.800000,E
193,678,Sao Tome and Principe,0,Yield,kg/ha,2010,69.400000,E
193,678,Sao Tome and Principe,0,Yield,kg/ha,2011,5.600000,A
193,678,Sao Tome and Principe,0,Yield,kg/ha,2012,56.200000,E
193,678,Sao Tome and Principe,0,Yield,kg/ha,2013,68.200000,E
193,678,Sao Tome and Principe,0,Yield,kg/ha,2014,63.000000,E
193,678,Sao Tome and Principe,0,Yield,kg/ha,2015,53.400000,E
193,678,Sao Tome and Principe,0,Yield,kg/ha,2016,59.400000,E
193,678,Sao Tome and Principe,0,Yield,kg/ha,2017,60.300000,E
193,678,Sao Tome and Principe,0,Yield,kg/ha,2018,56.700000,E
193,678,Sao Tome and Principe,0,Yield,kg/ha,2019,53.600000,E
193,678,Sao Tome and Principe,0,Yield,kg/ha,2020,53.500000,E
193,678,Sao Tome and Principe,0,Yield,kg/ha,2021,51.600000,E
193,678,Sao Tome and Principe,0,Yield,kg/ha,2022,55.400000,E
193,678,Sao Tome and Principe,0,Yield,kg/ha,2023,56.000000,E
193,678,Sao Tome and Principe,0,Yield,kg/ha,2024,55.700000,E
194,682,Saudi Arabia,0,Area harvested,ha,1998,,M
194,682,Saudi Arabia,0,Area harvested,ha,1999,,M
194,682,Saudi Arabia,0,Area harvested,ha,2000,,M
194,682,Saudi Arabia,0,Area harvested,ha,2001,,M
194,682,Saudi Arabia,0,Area harvested,ha,2002,,M
194,682,Saudi Arabia,0,Area harvested,ha,2003,,M
194,682,Saudi Arabia,0,Area harvested,ha,2004,,M
194,682,Saudi Arabia,0,Area harvested,ha,2005,,M
194,682,Saudi Arabia,0,Area harvested,ha,2006,,M
194,682,Saudi Arabia,0,Area harvested,ha,2007,,M
194,682,Saudi Arabia,0,Area harvested,ha,2008,,M
194,682,Saudi Arabia,0,Area harvested,ha,2009,,M
194,682,Saudi Arabia,0,Area harvested,ha,2010,,M
194,682,Saudi Arabia,0,Area harvested,ha,2011,,M
194,682,Saudi Arabia,0,Area harvested,ha,2012,,M
194,682,Saudi Arabia,0,Area harvested,ha,2013,,M
194,682,Saudi Arabia,0,Area harvested,ha,2014,,M
194,682,Saudi Arabia,0,Area harvested,ha,2015,,M
194,682,Saudi Arabia,0,Area harvested,ha,2016,,M
194,682,Saudi Arabia,0,Area harvested,ha,2017,,M
194,682,Saudi Arabia,0,Area harvested,ha,2018,,M
194,682,Saudi Arabia,0,Area harvested,ha,2019,,M
194,682,Saudi Arabia,0,Area harvested,ha,2020,,M
194,682,Saudi Arabia,0,Area harvested,ha,2021,,M
194,682,Saudi Arabia,0,Area harvested,ha,2022,,M
194,682,Saudi Arabia,0,Area harvested,ha,2023,650.000000,E
194,682,Saudi Arabia,0,Area harvested,ha,2024,650.000000,E
194,682,Saudi Arabia,0,Production,t,1998,,M
194,682,Saudi Arabia,0,Production,t,1999,,M
194,682,Saudi Arabia,0,Production,t,2000,,M
194,682,Saudi Arabia,0,Production,t,2001,,M
194,682,Saudi Arabia,0,Production,t,2002,,M
194,682,Saudi Arabia,0,Production,t,2003,,M
194,682,Saudi Arabia,0,Production,t,2004,,M
194,682,Saudi Arabia,0,Production,t,2005,,M
194,682,Saudi Arabia,0,Production,t,2006,,M
194,682,Saudi Arabia,0,Production,t,2007,,M
194,682,Saudi Arabia,0,Production,t,2008,,M
194,682,Saudi Arabia,0,Production,t,2009,,M
194,682,Saudi Arabia,0,Production,t,2010,,M
194,682,Saudi Arabia,0,Production,t,2011,,M
194,682,Saudi Arabia,0,Production,t,2012,,M
194,682,Saudi Arabia,0,Production,t,2013,,M
194,682,Saudi Arabia,0,Production,t,2014,,M
194,682,Saudi Arabia,0,Production,t,2015,,M
194,682,Saudi Arabia,0,Production,t,2016,,M
194,682,Saudi Arabia,0,Production,t,2017,,M
194,682,Saudi Arabia,0,Production,t,2018,,M
194,682,Saudi Arabia,0,Production,t,2019,,M
194,682,Saudi Arabia,0,Production,t,2020,,M
194,682,Saudi Arabia,0,Production,t,2021,,M
194,682,Saudi Arabia,0,Production,t,2022,,M
194,682,Saudi Arabia,0,Production,t,2023,763.340000,A
194,682,Saudi Arabia,0,Production,t,2024,760.000000,E
194,682,Saudi Arabia,0,Yield,kg/ha,2023,1174.400000,E
194,682,Saudi Arabia,0,Yield,kg/ha,2024,1169.200000,E
197,694,Sierra Leone,0,Area harvested,ha,1998,16821.000000,I
197,694,Sierra Leone,0,Area harvested,ha,1999,14000.000000,A
197,694,Sierra Leone,0,Area harvested,ha,2000,9000.000000,E
197,694,Sierra Leone,0,Area harvested,ha,2001,9659.000000,I
197,694,Sierra Leone,0,Area harvested,ha,2002,9974.000000,I
197,694,Sierra Leone,0,Area harvested,ha,2003,10000.000000,E
197,694,Sierra Leone,0,Area harvested,ha,2004,11000.000000,E
197,694,Sierra Leone,0,Area harvested,ha,2005,11200.000000,E
197,694,Sierra Leone,0,Area harvested,ha,2006,11700.000000,E
197,694,Sierra Leone,0,Area harvested,ha,2007,12200.000000,E
197,694,Sierra Leone,0,Area harvested,ha,2008,12200.000000,E
197,694,Sierra Leone,0,Area harvested,ha,2009,12500.000000,E
197,694,Sierra Leone,0,Area harvested,ha,2010,12973.000000,I
197,694,Sierra Leone,0,Area harvested,ha,2011,13958.000000,I
197,694,Sierra Leone,0,Area harvested,ha,2012,14000.000000,E
197,694,Sierra Leone,0,Area harvested,ha,2013,14500.000000,E
197,694,Sierra Leone,0,Area harvested,ha,2014,14936.000000,I
197,694,Sierra Leone,0,Area harvested,ha,2015,11929.000000,I
197,694,Sierra Leone,0,Area harvested,ha,2016,1113.000000,I
197,694,Sierra Leone,0,Area harvested,ha,2017,1194.000000,I
197,694,Sierra Leone,0,Area harvested,ha,2018,1528.000000,I
197,694,Sierra Leone,0,Area harvested,ha,2019,1425.000000,I
197,694,Sierra Leone,0,Area harvested,ha,2020,1489.000000,I
197,694,Sierra Leone,0,Area harvested,ha,2021,1526.000000,I
197,694,Sierra Leone,0,Area harvested,ha,2022,1680.000000,I
197,694,Sierra Leone,0,Area harvested,ha,2023,1607.000000,A
197,694,Sierra Leone,0,Area harvested,ha,2024,1499.000000,I
197,694,Sierra Leone,0,Production,t,1998,25000.000000,E
197,694,Sierra Leone,0,Production,t,1999,15350.000000,A
197,694,Sierra Leone,0,Production,t,2000,15000.000000,E
197,694,Sierra Leone,0,Production,t,2001,16267.370000,I
197,694,Sierra Leone,0,Production,t,2002,16704.640000,I
197,694,Sierra Leone,0,Production,t,2003,17000.000000,E
197,694,Sierra Leone,0,Production,t,2004,18000.000000,E
197,694,Sierra Leone,0,Production,t,2005,20000.000000,E
197,694,Sierra Leone,0,Production,t,2006,20500.000000,E
197,694,Sierra Leone,0,Production,t,2007,21000.000000,E
197,694,Sierra Leone,0,Production,t,2008,21200.000000,E
197,694,Sierra Leone,0,Production,t,2009,22000.000000,E
197,694,Sierra Leone,0,Production,t,2010,26130.300000,I
197,694,Sierra Leone,0,Production,t,2011,30449.280000,I
197,694,Sierra Leone,0,Production,t,2012,35000.000000,E
197,694,Sierra Leone,0,Production,t,2013,36000.000000,E
197,694,Sierra Leone,0,Production,t,2014,2756.000000,X
197,694,Sierra Leone,0,Production,t,2015,2756.000000,X
197,694,Sierra Leone,0,Production,t,2016,2275.000000,X
197,694,Sierra Leone,0,Production,t,2017,2277.000000,X
197,694,Sierra Leone,0,Production,t,2018,2685.000000,X
197,694,Sierra Leone,0,Production,t,2019,2400.000000,X
197,694,Sierra Leone,0,Production,t,2020,2400.000000,X
197,694,Sierra Leone,0,Production,t,2021,2400.000000,X
197,694,Sierra Leone,0,Production,t,2022,2580.000000,X
197,694,Sierra Leone,0,Production,t,2023,2333.160000,A
197,694,Sierra Leone,0,Production,t,2024,2208.050000,I
197,694,Sierra Leone,0,Yield,kg/ha,1998,1486.300000,E
197,694,Sierra Leone,0,Yield,kg/ha,1999,1096.400000,A
197,694,Sierra Leone,0,Yield,kg/ha,2000,1666.700000,E
197,694,Sierra Leone,0,Yield,kg/ha,2001,1684.100000,E
197,694,Sierra Leone,0,Yield,kg/ha,2002,1674.800000,E
197,694,Sierra Leone,0,Yield,kg/ha,2003,1700.000000,E
197,694,Sierra Leone,0,Yield,kg/ha,2004,1636.400000,E
197,694,Sierra Leone,0,Yield,kg/ha,2005,1785.700000,E
197,694,Sierra Leone,0,Yield,kg/ha,2006,1752.100000,E
197,694,Sierra Leone,0,Yield,kg/ha,2007,1721.300000,E
197,694,Sierra Leone,0,Yield,kg/ha,2008,1737.700000,E
197,694,Sierra Leone,0,Yield,kg/ha,2009,1760.000000,E
197,694,Sierra Leone,0,Yield,kg/ha,2010,2014.200000,E
197,694,Sierra Leone,0,Yield,kg/ha,2011,2181.500000,E
197,694,Sierra Leone,0,Yield,kg/ha,2012,2500.000000,E
197,694,Sierra Leone,0,Yield,kg/ha,2013,2482.800000,E
197,694,Sierra Leone,0,Yield,kg/ha,2014,184.500000,E
197,694,Sierra Leone,0,Yield,kg/ha,2015,231.000000,E
197,694,Sierra Leone,0,Yield,kg/ha,2016,2044.500000,E
197,694,Sierra Leone,0,Yield,kg/ha,2017,1907.600000,E
197,694,Sierra Leone,0,Yield,kg/ha,2018,1757.600000,E
197,694,Sierra Leone,0,Yield,kg/ha,2019,1684.000000,E
197,694,Sierra Leone,0,Yield,kg/ha,2020,1611.500000,E
197,694,Sierra Leone,0,Yield,kg/ha,2021,1573.000000,E
197,694,Sierra Leone,0,Yield,kg/ha,2022,1535.600000,E
197,694,Sierra Leone,0,Yield,kg/ha,2023,1452.300000,A
197,694,Sierra Leone,0,Yield,kg/ha,2024,1472.700000,E
5803,722,Small Island Developing States (SIDS),1,Area harvested,ha,1998,448654.000000,E
5803,722,Small Island Developing States (SIDS),1,Area harvested,ha,1999,462261.000000,E
5803,722,Small Island Developing States (SIDS),1,Area harvested,ha,2000,434958.000000,E
5803,722,Small Island Developing States (SIDS),1,Area harvested,ha,2001,416001.000000,E
5803,722,Small Island Developing States (SIDS),1,Area harvested,ha,2002,412251.000000,E
5803,722,Small Island Developing States (SIDS),1,Area harvested,ha,2003,411533.000000,E
5803,722,Small Island Developing States (SIDS),1,Area harvested,ha,2004,394623.000000,E
5803,722,Small Island Developing States (SIDS),1,Area harvested,ha,2005,402535.000000,E
5803,722,Small Island Developing States (SIDS),1,Area harvested,ha,2006,385013.000000,E
5803,722,Small Island Developing States (SIDS),1,Area harvested,ha,2007,422777.000000,E
5803,722,Small Island Developing States (SIDS),1,Area harvested,ha,2008,362336.000000,E
5803,722,Small Island Developing States (SIDS),1,Area harvested,ha,2009,345239.000000,E
5803,722,Small Island Developing States (SIDS),1,Area harvested,ha,2010,333523.000000,E
5803,722,Small Island Developing States (SIDS),1,Area harvested,ha,2011,364848.000000,E
5803,722,Small Island Developing States (SIDS),1,Area harvested,ha,2012,224508.000000,E
5803,722,Small Island Developing States (SIDS),1,Area harvested,ha,2013,209158.000000,E
5803,722,Small Island Developing States (SIDS),1,Area harvested,ha,2014,231720.000000,E
5803,722,Small Island Developing States (SIDS),1,Area harvested,ha,2015,235430.000000,E
5803,722,Small Island Developing States (SIDS),1,Area harvested,ha,2016,231270.000000,E
5803,722,Small Island Developing States (SIDS),1,Area harvested,ha,2017,205662.000000,E
5803,722,Small Island Developing States (SIDS),1,Area harvested,ha,2018,206322.000000,E
5803,722,Small Island Developing States (SIDS),1,Area harvested,ha,2019,195825.000000,E
5803,722,Small Island Developing States (SIDS),1,Area harvested,ha,2020,158995.000000,E
5803,722,Small Island Developing States (SIDS),1,Area harvested,ha,2021,161086.000000,E
5803,722,Small Island Developing States (SIDS),1,Area harvested,ha,2022,157113.000000,E
5803,722,Small Island Developing States (SIDS),1,Area harvested,ha,2023,181214.000000,E
5803,722,Small Island Developing States (SIDS),1,Area harvested,ha,2024,159900.000000,E
5803,722,Small Island Developing States (SIDS),1,Production,t,1998,206244.740000,A
5803,722,Small Island Developing States (SIDS),1,Production,t,1999,190490.330000,E
5803,722,Small Island Developing States (SIDS),1,Production,t,2000,200020.890000,E
5803,722,Small Island Developing States (SIDS),1,Production,t,2001,170147.930000,A
5803,722,Small Island Developing States (SIDS),1,Production,t,2002,169990.660000,A
5803,722,Small Island Developing States (SIDS),1,Production,t,2003,177816.010000,A
5803,722,Small Island Developing States (SIDS),1,Production,t,2004,168117.550000,A
5803,722,Small Island Developing States (SIDS),1,Production,t,2005,195088.760000,A
5803,722,Small Island Developing States (SIDS),1,Production,t,2006,168863.350000,A
5803,722,Small Island Developing States (SIDS),1,Production,t,2007,196856.790000,A
5803,722,Small Island Developing States (SIDS),1,Production,t,2008,169383.110000,A
5803,722,Small Island Developing States (SIDS),1,Production,t,2009,157272.710000,A
5803,722,Small Island Developing States (SIDS),1,Production,t,2010,132368.310000,A
5803,722,Small Island Developing States (SIDS),1,Production,t,2011,162382.880000,A
5803,722,Small Island Developing States (SIDS),1,Production,t,2012,116643.070000,A
5803,722,Small Island Developing States (SIDS),1,Production,t,2013,105559.900000,A
5803,722,Small Island Developing States (SIDS),1,Production,t,2014,100935.550000,E
5803,722,Small Island Developing States (SIDS),1,Production,t,2015,92984.080000,E
5803,722,Small Island Developing States (SIDS),1,Production,t,2016,94260.370000,E
5803,722,Small Island Developing States (SIDS),1,Production,t,2017,86945.650000,E
5803,722,Small Island Developing States (SIDS),1,Production,t,2018,101944.030000,E
5803,722,Small Island Developing States (SIDS),1,Production,t,2019,88239.230000,A
5803,722,Small Island Developing States (SIDS),1,Production,t,2020,87483.790000,A
5803,722,Small Island Developing States (SIDS),1,Production,t,2021,102320.350000,E
5803,722,Small Island Developing States (SIDS),1,Production,t,2022,96324.260000,E
5803,722,Small Island Developing States (SIDS),1,Production,t,2023,118256.740000,E
5803,722,Small Island Developing States (SIDS),1,Production,t,2024,104086.640000,E
5803,722,Small Island Developing States (SIDS),1,Yield,kg/ha,1998,459.700000,E
5803,722,Small Island Developing States (SIDS),1,Yield,kg/ha,1999,412.100000,E
5803,722,Small Island Developing States (SIDS),1,Yield,kg/ha,2000,459.900000,E
5803,722,Small Island Developing States (SIDS),1,Yield,kg/ha,2001,409.000000,E
5803,722,Small Island Developing States (SIDS),1,Yield,kg/ha,2002,412.300000,E
5803,722,Small Island Developing States (SIDS),1,Yield,kg/ha,2003,432.100000,E
5803,722,Small Island Developing States (SIDS),1,Yield,kg/ha,2004,426.000000,E
5803,722,Small Island Developing States (SIDS),1,Yield,kg/ha,2005,484.700000,E
5803,722,Small Island Developing States (SIDS),1,Yield,kg/ha,2006,438.600000,E
5803,722,Small Island Developing States (SIDS),1,Yield,kg/ha,2007,465.600000,E
5803,722,Small Island Developing States (SIDS),1,Yield,kg/ha,2008,467.500000,E
5803,722,Small Island Developing States (SIDS),1,Yield,kg/ha,2009,455.500000,E
5803,722,Small Island Developing States (SIDS),1,Yield,kg/ha,2010,396.900000,E
5803,722,Small Island Developing States (SIDS),1,Yield,kg/ha,2011,445.100000,E
5803,722,Small Island Developing States (SIDS),1,Yield,kg/ha,2012,519.600000,E
5803,722,Small Island Developing States (SIDS),1,Yield,kg/ha,2013,504.700000,E
5803,722,Small Island Developing States (SIDS),1,Yield,kg/ha,2014,435.600000,E
5803,722,Small Island Developing States (SIDS),1,Yield,kg/ha,2015,395.000000,E
5803,722,Small Island Developing States (SIDS),1,Yield,kg/ha,2016,407.600000,E
5803,722,Small Island Developing States (SIDS),1,Yield,kg/ha,2017,422.800000,E
5803,722,Small Island Developing States (SIDS),1,Yield,kg/ha,2018,494.100000,E
5803,722,Small Island Developing States (SIDS),1,Yield,kg/ha,2019,450.600000,E
5803,722,Small Island Developing States (SIDS),1,Yield,kg/ha,2020,550.200000,E
5803,722,Small Island Developing States (SIDS),1,Yield,kg/ha,2021,635.200000,E
5803,722,Small Island Developing States (SIDS),1,Yield,kg/ha,2022,613.100000,E
5803,722,Small Island Developing States (SIDS),1,Yield,kg/ha,2023,652.600000,E
5803,722,Small Island Developing States (SIDS),1,Yield,kg/ha,2024,650.900000,E
5207,005,South America,1,Area harvested,ha,1998,3692218.000000,A
5207,005,South America,1,Area harvested,ha,1999,3844193.000000,A
5207,005,South America,1,Area harvested,ha,2000,3751186.000000,A
5207,005,South America,1,Area harvested,ha,2001,3874458.000000,A
5207,005,South America,1,Area harvested,ha,2002,3861180.000000,A
5207,005,South America,1,Area harvested,ha,2003,3856929.000000,A
5207,005,South America,1,Area harvested,ha,2004,3887491.000000,A
5207,005,South America,1,Area harvested,ha,2005,3874753.000000,A
5207,005,South America,1,Area harvested,ha,2006,3818086.000000,A
5207,005,South America,1,Area harvested,ha,2007,3777643.000000,A
5207,005,South America,1,Area harvested,ha,2008,3670330.000000,A
5207,005,South America,1,Area harvested,ha,2009,3628130.000000,A
5207,005,South America,1,Area harvested,ha,2010,3653437.000000,A
5207,005,South America,1,Area harvested,ha,2011,3563496.000000,A
5207,005,South America,1,Area harvested,ha,2012,3468642.000000,A
5207,005,South America,1,Area harvested,ha,2013,3520393.000000,A
5207,005,South America,1,Area harvested,ha,2014,3374247.000000,A
5207,005,South America,1,Area harvested,ha,2015,3381014.000000,A
5207,005,South America,1,Area harvested,ha,2016,3374611.000000,A
5207,005,South America,1,Area harvested,ha,2017,3355788.000000,A
5207,005,South America,1,Area harvested,ha,2018,3380773.000000,A
5207,005,South America,1,Area harvested,ha,2019,3343016.000000,A
5207,005,South America,1,Area harvested,ha,2020,3385847.000000,A
5207,005,South America,1,Area harvested,ha,2021,3335784.000000,A
5207,005,South America,1,Area harvested,ha,2022,3346577.000000,A
5207,005,South America,1,Area harvested,ha,2023,3390721.000000,A
5207,005,South America,1,Area harvested,ha,2024,3414494.000000,A
5207,005,South America,1,Production,t,1998,2743570.000000,A
5207,005,South America,1,Production,t,1999,2590317.000000,A
5207,005,South America,1,Production,t,2000,2869700.000000,A
5207,005,South America,1,Production,t,2001,2955622.000000,A
5207,005,South America,1,Production,t,2002,3655180.000000,A
5207,005,South America,1,Production,t,2003,3000416.320000,A
5207,005,South America,1,Production,t,2004,3499375.000000,A
5207,005,South America,1,Production,t,2005,3129569.000000,A
5207,005,South America,1,Production,t,2006,3705877.000000,A
5207,005,South America,1,Production,t,2007,3371683.000000,A
5207,005,South America,1,Production,t,2008,3891551.000000,A
5207,005,South America,1,Production,t,2009,3278052.000000,A
5207,005,South America,1,Production,t,2010,3838407.430000,A
5207,005,South America,1,Production,t,2011,3624957.010000,A
5207,005,South America,1,Production,t,2012,3916887.420000,A
5207,005,South America,1,Production,t,2013,3974031.530000,A
5207,005,South America,1,Production,t,2014,3832732.400000,A
5207,005,South America,1,Production,t,2015,3804251.440000,A
5207,005,South America,1,Production,t,2016,4197569.040000,A
5207,005,South America,1,Production,t,2017,3959720.800000,A
5207,005,South America,1,Production,t,2018,4822066.760000,A
5207,005,South America,1,Production,t,2019,4351240.010000,A
5207,005,South America,1,Production,t,2020,4976234.530000,A
5207,005,South America,1,Production,t,2021,3993003.820000,A
5207,005,South America,1,Production,t,2022,4291052.890000,A
5207,005,South America,1,Production,t,2023,4484597.130000,A
5207,005,South America,1,Production,t,2024,4673881.860000,A
5207,005,South America,1,Yield,kg/ha,1998,743.100000,A
5207,005,South America,1,Yield,kg/ha,1999,673.800000,A
5207,005,South America,1,Yield,kg/ha,2000,765.000000,A
5207,005,South America,1,Yield,kg/ha,2001,762.800000,A
5207,005,South America,1,Yield,kg/ha,2002,946.600000,A
5207,005,South America,1,Yield,kg/ha,2003,777.900000,A
5207,005,South America,1,Yield,kg/ha,2004,900.200000,A
5207,005,South America,1,Yield,kg/ha,2005,807.700000,A
5207,005,South America,1,Yield,kg/ha,2006,970.600000,A
5207,005,South America,1,Yield,kg/ha,2007,892.500000,A
5207,005,South America,1,Yield,kg/ha,2008,1060.300000,A
5207,005,South America,1,Yield,kg/ha,2009,903.500000,A
5207,005,South America,1,Yield,kg/ha,2010,1050.600000,A
5207,005,South America,1,Yield,kg/ha,2011,1017.200000,A
5207,005,South America,1,Yield,kg/ha,2012,1129.200000,A
5207,005,South America,1,Yield,kg/ha,2013,1128.900000,A
5207,005,South America,1,Yield,kg/ha,2014,1135.900000,A
5207,005,South America,1,Yield,kg/ha,2015,1125.200000,A
5207,005,South America,1,Yield,kg/ha,2016,1243.900000,A
5207,005,South America,1,Yield,kg/ha,2017,1180.000000,A
5207,005,South America,1,Yield,kg/ha,2018,1426.300000,A
5207,005,South America,1,Yield,kg/ha,2019,1301.600000,A
5207,005,South America,1,Yield,kg/ha,2020,1469.700000,A
5207,005,South America,1,Yield,kg/ha,2021,1197.000000,A
5207,005,South America,1,Yield,kg/ha,2022,1282.200000,A
5207,005,South America,1,Yield,kg/ha,2023,1322.600000,A
5207,005,South America,1,Yield,kg/ha,2024,1368.800000,A
5304,035,South-eastern Asia,1,Area harvested,ha,1998,1381790.000000,A
5304,035,South-eastern Asia,1,Area harvested,ha,1999,1493589.000000,E
5304,035,South-eastern Asia,1,Area harvested,ha,2000,2064319.000000,A
5304,035,South-eastern Asia,1,Area harvested,ha,2001,2117102.000000,A
5304,035,South-eastern Asia,1,Area harvested,ha,2002,2199556.000000,A
5304,035,South-eastern Asia,1,Area harvested,ha,2003,2189733.000000,A
5304,035,South-eastern Asia,1,Area harvested,ha,2004,2113215.000000,A
5304,035,South-eastern Asia,1,Area harvested,ha,2005,2069699.000000,A
5304,035,South-eastern Asia,1,Area harvested,ha,2006,2117895.000000,A
5304,035,South-eastern Asia,1,Area harvested,ha,2007,2105160.000000,A
5304,035,South-eastern Asia,1,Area harvested,ha,2008,2100689.000000,A
5304,035,South-eastern Asia,1,Area harvested,ha,2009,2077870.000000,A
5304,035,South-eastern Asia,1,Area harvested,ha,2010,2080189.000000,A
5304,035,South-eastern Asia,1,Area harvested,ha,2011,2133784.000000,A
5304,035,South-eastern Asia,1,Area harvested,ha,2012,2063536.000000,A
5304,035,South-eastern Asia,1,Area harvested,ha,2013,2077609.000000,A
5304,035,South-eastern Asia,1,Area harvested,ha,2014,2088851.000000,A
5304,035,South-eastern Asia,1,Area harvested,ha,2015,2101673.000000,A
5304,035,South-eastern Asia,1,Area harvested,ha,2016,2100767.000000,A
5304,035,South-eastern Asia,1,Area harvested,ha,2017,2107734.000000,A
5304,035,South-eastern Asia,1,Area harvested,ha,2018,2151464.000000,A
5304,035,South-eastern Asia,1,Area harvested,ha,2019,2137261.000000,A
5304,035,South-eastern Asia,1,Area harvested,ha,2020,2158240.000000,A
5304,035,South-eastern Asia,1,Area harvested,ha,2021,2203494.000000,A
5304,035,South-eastern Asia,1,Area harvested,ha,2022,2192953.000000,A
5304,035,South-eastern Asia,1,Area harvested,ha,2023,2213311.000000,A
5304,035,South-eastern Asia,1,Area harvested,ha,2024,2223573.000000,A
5304,035,South-eastern Asia,1,Production,t,1998,1165700.000000,A
5304,035,South-eastern Asia,1,Production,t,1999,1303564.000000,A
5304,035,South-eastern Asia,1,Production,t,2000,1624388.000000,A
5304,035,South-eastern Asia,1,Production,t,2001,1689144.000000,A
5304,035,South-eastern Asia,1,Production,t,2002,1630443.170000,A
5304,035,South-eastern Asia,1,Production,t,2003,1700681.020000,A
5304,035,South-eastern Asia,1,Production,t,2004,1806425.000000,E
5304,035,South-eastern Asia,1,Production,t,2005,1720675.570000,E
5304,035,South-eastern Asia,1,Production,t,2006,1895553.000000,A
5304,035,South-eastern Asia,1,Production,t,2007,2155645.000000,E
5304,035,South-eastern Asia,1,Production,t,2008,1984382.000000,A
5304,035,South-eastern Asia,1,Production,t,2009,1972717.600000,A
5304,035,South-eastern Asia,1,Production,t,2010,2015640.290000,A
5304,035,South-eastern Asia,1,Production,t,2011,2129368.800000,A
5304,035,South-eastern Asia,1,Production,t,2012,2191797.040000,A
5304,035,South-eastern Asia,1,Production,t,2013,2238728.120000,A
5304,035,South-eastern Asia,1,Production,t,2014,2300955.580000,A
5304,035,South-eastern Asia,1,Production,t,2015,2344905.990000,A
5304,035,South-eastern Asia,1,Production,t,2016,2357030.740000,A
5304,035,South-eastern Asia,1,Production,t,2017,2520054.650000,A
5304,035,South-eastern Asia,1,Production,t,2018,2631468.870000,A
5304,035,South-eastern Asia,1,Production,t,2019,2715990.440000,A
5304,035,South-eastern Asia,1,Production,t,2020,2789766.270000,A
5304,035,South-eastern Asia,1,Production,t,2021,2901540.590000,A
5304,035,South-eastern Asia,1,Production,t,2022,3002992.920000,A
5304,035,South-eastern Asia,1,Production,t,2023,2998483.730000,A
5304,035,South-eastern Asia,1,Production,t,2024,3100040.630000,A
5304,035,South-eastern Asia,1,Yield,kg/ha,1998,843.600000,A
5304,035,South-eastern Asia,1,Yield,kg/ha,1999,872.800000,E
5304,035,South-eastern Asia,1,Yield,kg/ha,2000,786.900000,A
5304,035,South-eastern Asia,1,Yield,kg/ha,2001,797.900000,A
5304,035,South-eastern Asia,1,Yield,kg/ha,2002,741.300000,A
5304,035,South-eastern Asia,1,Yield,kg/ha,2003,776.700000,A
5304,035,South-eastern Asia,1,Yield,kg/ha,2004,854.800000,E
5304,035,South-eastern Asia,1,Yield,kg/ha,2005,831.400000,E
5304,035,South-eastern Asia,1,Yield,kg/ha,2006,895.000000,A
5304,035,South-eastern Asia,1,Yield,kg/ha,2007,1024.000000,E
5304,035,South-eastern Asia,1,Yield,kg/ha,2008,944.600000,A
5304,035,South-eastern Asia,1,Yield,kg/ha,2009,949.400000,A
5304,035,South-eastern Asia,1,Yield,kg/ha,2010,969.000000,A
5304,035,South-eastern Asia,1,Yield,kg/ha,2011,997.900000,A
5304,035,South-eastern Asia,1,Yield,kg/ha,2012,1062.200000,A
5304,035,South-eastern Asia,1,Yield,kg/ha,2013,1077.600000,A
5304,035,South-eastern Asia,1,Yield,kg/ha,2014,1101.500000,A
5304,035,South-eastern Asia,1,Yield,kg/ha,2015,1115.700000,A
5304,035,South-eastern Asia,1,Yield,kg/ha,2016,1122.000000,A
5304,035,South-eastern Asia,1,Yield,kg/ha,2017,1195.600000,A
5304,035,South-eastern Asia,1,Yield,kg/ha,2018,1223.100000,A
5304,035,South-eastern Asia,1,Yield,kg/ha,2019,1270.800000,A
5304,035,South-eastern Asia,1,Yield,kg/ha,2020,1292.600000,A
5304,035,South-eastern Asia,1,Yield,kg/ha,2021,1316.800000,A
5304,035,South-eastern Asia,1,Yield,kg/ha,2022,1369.400000,A
5304,035,South-eastern Asia,1,Yield,kg/ha,2023,1354.800000,A
5304,035,South-eastern Asia,1,Yield,kg/ha,2024,1394.200000,A
5303,034,Southern Asia,1,Area harvested,ha,1998,302185.000000,A
5303,034,Southern Asia,1,Area harvested,ha,1999,318781.000000,A
5303,034,Southern Asia,1,Area harvested,ha,2000,324347.000000,A
5303,034,Southern Asia,1,Area harvested,ha,2001,329478.000000,A
5303,034,Southern Asia,1,Area harvested,ha,2002,336153.000000,A
5303,034,Southern Asia,1,Area harvested,ha,2003,333179.000000,A
5303,034,Southern Asia,1,Area harvested,ha,2004,337909.000000,A
5303,034,Southern Asia,1,Area harvested,ha,2005,345716.000000,A
5303,034,Southern Asia,1,Area harvested,ha,2006,353236.000000,A
5303,034,Southern Asia,1,Area harvested,ha,2007,354605.000000,A
5303,034,Southern Asia,1,Area harvested,ha,2008,354793.000000,A
5303,034,Southern Asia,1,Area harvested,ha,2009,360751.000000,A
5303,034,Southern Asia,1,Area harvested,ha,2010,365692.000000,A
5303,034,Southern Asia,1,Area harvested,ha,2011,370927.000000,A
5303,034,Southern Asia,1,Area harvested,ha,2012,378927.000000,A
5303,034,Southern Asia,1,Area harvested,ha,2013,386795.000000,A
5303,034,Southern Asia,1,Area harvested,ha,2014,391543.000000,A
5303,034,Southern Asia,1,Area harvested,ha,2015,433660.000000,A
5303,034,Southern Asia,1,Area harvested,ha,2016,444588.000000,A
5303,034,Southern Asia,1,Area harvested,ha,2017,458583.000000,A
5303,034,Southern Asia,1,Area harvested,ha,2018,422675.000000,A
5303,034,Southern Asia,1,Area harvested,ha,2019,425242.000000,A
5303,034,Southern Asia,1,Area harvested,ha,2020,426354.000000,A
5303,034,Southern Asia,1,Area harvested,ha,2021,431136.000000,A
5303,034,Southern Asia,1,Area harvested,ha,2022,488622.000000,A
5303,034,Southern Asia,1,Area harvested,ha,2023,498559.000000,A
5303,034,Southern Asia,1,Area harvested,ha,2024,500624.000000,A
5303,034,Southern Asia,1,Production,t,1998,238554.000000,A
5303,034,Southern Asia,1,Production,t,1999,275625.000000,A
5303,034,Southern Asia,1,Production,t,2000,301862.000000,A
5303,034,Southern Asia,1,Production,t,2001,311299.000000,A
5303,034,Southern Asia,1,Production,t,2002,310919.000000,A
5303,034,Southern Asia,1,Production,t,2003,284573.000000,A
5303,034,Southern Asia,1,Production,t,2004,278388.000000,A
5303,034,Southern Asia,1,Production,t,2005,282990.000000,A
5303,034,Southern Asia,1,Production,t,2006,280760.000000,A
5303,034,Southern Asia,1,Production,t,2007,294510.000000,A
5303,034,Southern Asia,1,Production,t,2008,267950.000000,A
5303,034,Southern Asia,1,Production,t,2009,267978.000000,A
5303,034,Southern Asia,1,Production,t,2010,295147.000000,A
5303,034,Southern Asia,1,Production,t,2011,307722.000000,A
5303,034,Southern Asia,1,Production,t,2012,319985.000000,A
5303,034,Southern Asia,1,Production,t,2013,324136.000000,A
5303,034,Southern Asia,1,Production,t,2014,311019.000000,A
5303,034,Southern Asia,1,Production,t,2015,333329.880000,A
5303,034,Southern Asia,1,Production,t,2016,354125.000000,A
5303,034,Southern Asia,1,Production,t,2017,317897.000000,A
5303,034,Southern Asia,1,Production,t,2018,322958.000000,A
5303,034,Southern Asia,1,Production,t,2019,324917.000000,A
5303,034,Southern Asia,1,Production,t,2020,305021.600000,A
5303,034,Southern Asia,1,Production,t,2021,339621.200000,A
5303,034,Southern Asia,1,Production,t,2022,357183.000000,A
5303,034,Southern Asia,1,Production,t,2023,365644.400000,A
5303,034,Southern Asia,1,Production,t,2024,368618.300000,A
5303,034,Southern Asia,1,Yield,kg/ha,1998,789.400000,A
5303,034,Southern Asia,1,Yield,kg/ha,1999,864.600000,A
5303,034,Southern Asia,1,Yield,kg/ha,2000,930.700000,A
5303,034,Southern Asia,1,Yield,kg/ha,2001,944.800000,A
5303,034,Southern Asia,1,Yield,kg/ha,2002,924.900000,A
5303,034,Southern Asia,1,Yield,kg/ha,2003,854.100000,A
5303,034,Southern Asia,1,Yield,kg/ha,2004,823.900000,A
5303,034,Southern Asia,1,Yield,kg/ha,2005,818.600000,A
5303,034,Southern Asia,1,Yield,kg/ha,2006,794.800000,A
5303,034,Southern Asia,1,Yield,kg/ha,2007,830.500000,A
5303,034,Southern Asia,1,Yield,kg/ha,2008,755.200000,A
5303,034,Southern Asia,1,Yield,kg/ha,2009,742.800000,A
5303,034,Southern Asia,1,Yield,kg/ha,2010,807.100000,A
5303,034,Southern Asia,1,Yield,kg/ha,2011,829.600000,A
5303,034,Southern Asia,1,Yield,kg/ha,2012,844.500000,A
5303,034,Southern Asia,1,Yield,kg/ha,2013,838.000000,A
5303,034,Southern Asia,1,Yield,kg/ha,2014,794.300000,A
5303,034,Southern Asia,1,Yield,kg/ha,2015,768.600000,A
5303,034,Southern Asia,1,Yield,kg/ha,2016,796.500000,A
5303,034,Southern Asia,1,Yield,kg/ha,2017,693.200000,A
5303,034,Southern Asia,1,Yield,kg/ha,2018,764.100000,A
5303,034,Southern Asia,1,Yield,kg/ha,2019,764.100000,A
5303,034,Southern Asia,1,Yield,kg/ha,2020,715.400000,A
5303,034,Southern Asia,1,Yield,kg/ha,2021,787.700000,A
5303,034,Southern Asia,1,Yield,kg/ha,2022,731.000000,A
5303,034,Southern Asia,1,Yield,kg/ha,2023,733.400000,A
5303,034,Southern Asia,1,Yield,kg/ha,2024,736.300000,A
5403,039,Southern Europe,1,Production,t,1998,,M
5403,039,Southern Europe,1,Production,t,1999,,M
5403,039,Southern Europe,1,Production,t,2000,,M
5403,039,Southern Europe,1,Production,t,2001,,M
5403,039,Southern Europe,1,Production,t,2002,,M
5403,039,Southern Europe,1,Production,t,2003,,M
5403,039,Southern Europe,1,Production,t,2004,,M
5403,039,Southern Europe,1,Production,t,2005,,M
5403,039,Southern Europe,1,Production,t,2006,,M
5403,039,Southern Europe,1,Production,t,2007,,M
5403,039,Southern Europe,1,Production,t,2008,,M
5403,039,Southern Europe,1,Production,t,2009,,M
5403,039,Southern Europe,1,Production,t,2010,,M
5403,039,Southern Europe,1,Production,t,2011,,M
5403,039,Southern Europe,1,Production,t,2012,,M
5403,039,Southern Europe,1,Production,t,2013,,M
5403,039,Southern Europe,1,Production,t,2014,,M
5403,039,Southern Europe,1,Production,t,2015,,M
5403,039,Southern Europe,1,Production,t,2016,,M
5403,039,Southern Europe,1,Production,t,2017,,M
203,724,Spain,0,Production,t,1998,,M
203,724,Spain,0,Production,t,1999,,M
203,724,Spain,0,Production,t,2000,,M
203,724,Spain,0,Production,t,2001,,M
203,724,Spain,0,Production,t,2002,,M
203,724,Spain,0,Production,t,2003,,M
203,724,Spain,0,Production,t,2004,,M
203,724,Spain,0,Production,t,2005,,M
203,724,Spain,0,Production,t,2006,,M
203,724,Spain,0,Production,t,2007,,M
203,724,Spain,0,Production,t,2008,,M
203,724,Spain,0,Production,t,2009,,M
203,724,Spain,0,Production,t,2010,,M
203,724,Spain,0,Production,t,2011,,M
203,724,Spain,0,Production,t,2012,,M
203,724,Spain,0,Production,t,2013,,M
203,724,Spain,0,Production,t,2014,,M
203,724,Spain,0,Production,t,2015,,M
203,724,Spain,0,Production,t,2016,,M
203,724,Spain,0,Production,t,2017,,M
38,144,Sri Lanka,0,Area harvested,ha,1998,16261.000000,A
38,144,Sri Lanka,0,Area harvested,ha,1999,16270.000000,A
38,144,Sri Lanka,0,Area harvested,ha,2000,15600.000000,A
38,144,Sri Lanka,0,Area harvested,ha,2001,15120.000000,A
38,144,Sri Lanka,0,Area harvested,ha,2002,14820.000000,A
38,144,Sri Lanka,0,Area harvested,ha,2003,11800.000000,A
38,144,Sri Lanka,0,Area harvested,ha,2004,11860.000000,A
38,144,Sri Lanka,0,Area harvested,ha,2005,11300.000000,A
38,144,Sri Lanka,0,Area harvested,ha,2006,10600.000000,A
38,144,Sri Lanka,0,Area harvested,ha,2007,10170.000000,A
38,144,Sri Lanka,0,Area harvested,ha,2008,8790.000000,A
38,144,Sri Lanka,0,Area harvested,ha,2009,8720.000000,A
38,144,Sri Lanka,0,Area harvested,ha,2010,8540.000000,A
38,144,Sri Lanka,0,Area harvested,ha,2011,8690.000000,A
38,144,Sri Lanka,0,Area harvested,ha,2012,8460.000000,A
38,144,Sri Lanka,0,Area harvested,ha,2013,8740.000000,A
38,144,Sri Lanka,0,Area harvested,ha,2014,8328.000000,A
38,144,Sri Lanka,0,Area harvested,ha,2015,8009.000000,I
38,144,Sri Lanka,0,Area harvested,ha,2016,7534.000000,A
38,144,Sri Lanka,0,Area harvested,ha,2017,6580.000000,A
38,144,Sri Lanka,0,Area harvested,ha,2018,7005.000000,A
38,144,Sri Lanka,0,Area harvested,ha,2019,5740.000000,A
38,144,Sri Lanka,0,Area harvested,ha,2020,5832.000000,A
38,144,Sri Lanka,0,Area harvested,ha,2021,5857.000000,A
38,144,Sri Lanka,0,Area harvested,ha,2022,5607.000000,A
38,144,Sri Lanka,0,Area harvested,ha,2023,5281.000000,A
38,144,Sri Lanka,0,Area harvested,ha,2024,4900.000000,A
38,144,Sri Lanka,0,Production,t,1998,10498.000000,A
38,144,Sri Lanka,0,Production,t,1999,10580.000000,A
38,144,Sri Lanka,0,Production,t,2000,9790.000000,A
38,144,Sri Lanka,0,Production,t,2001,10210.000000,A
38,144,Sri Lanka,0,Production,t,2002,9780.000000,A
38,144,Sri Lanka,0,Production,t,2003,9110.000000,A
38,144,Sri Lanka,0,Production,t,2004,7670.000000,A
38,144,Sri Lanka,0,Production,t,2005,7240.000000,A
38,144,Sri Lanka,0,Production,t,2006,6460.000000,A
38,144,Sri Lanka,0,Production,t,2007,6050.000000,A
38,144,Sri Lanka,0,Production,t,2008,5450.000000,A
38,144,Sri Lanka,0,Production,t,2009,5410.000000,A
38,144,Sri Lanka,0,Production,t,2010,5240.000000,A
38,144,Sri Lanka,0,Production,t,2011,5320.000000,A
38,144,Sri Lanka,0,Production,t,2012,5560.000000,A
38,144,Sri Lanka,0,Production,t,2013,5570.000000,A
38,144,Sri Lanka,0,Production,t,2014,6089.000000,A
38,144,Sri Lanka,0,Production,t,2015,5866.300000,I
38,144,Sri Lanka,0,Production,t,2016,5593.000000,A
38,144,Sri Lanka,0,Production,t,2017,5431.000000,A
38,144,Sri Lanka,0,Production,t,2018,6445.000000,A
38,144,Sri Lanka,0,Production,t,2019,4887.000000,A
38,144,Sri Lanka,0,Production,t,2020,6724.600000,A
38,144,Sri Lanka,0,Production,t,2021,5306.200000,A
38,144,Sri Lanka,0,Production,t,2022,4828.000000,A
38,144,Sri Lanka,0,Production,t,2023,4750.000000,A
38,144,Sri Lanka,0,Production,t,2024,5117.000000,A
38,144,Sri Lanka,0,Yield,kg/ha,1998,645.600000,A
38,144,Sri Lanka,0,Yield,kg/ha,1999,650.300000,A
38,144,Sri Lanka,0,Yield,kg/ha,2000,627.600000,A
38,144,Sri Lanka,0,Yield,kg/ha,2001,675.300000,A
38,144,Sri Lanka,0,Yield,kg/ha,2002,659.900000,A
38,144,Sri Lanka,0,Yield,kg/ha,2003,772.000000,A
38,144,Sri Lanka,0,Yield,kg/ha,2004,646.700000,A
38,144,Sri Lanka,0,Yield,kg/ha,2005,640.700000,A
38,144,Sri Lanka,0,Yield,kg/ha,2006,609.400000,A
38,144,Sri Lanka,0,Yield,kg/ha,2007,594.900000,A
38,144,Sri Lanka,0,Yield,kg/ha,2008,620.000000,A
38,144,Sri Lanka,0,Yield,kg/ha,2009,620.400000,A
38,144,Sri Lanka,0,Yield,kg/ha,2010,613.600000,A
38,144,Sri Lanka,0,Yield,kg/ha,2011,612.200000,A
38,144,Sri Lanka,0,Yield,kg/ha,2012,657.200000,A
38,144,Sri Lanka,0,Yield,kg/ha,2013,637.300000,A
38,144,Sri Lanka,0,Yield,kg/ha,2014,731.100000,A
38,144,Sri Lanka,0,Yield,kg/ha,2015,732.500000,E
38,144,Sri Lanka,0,Yield,kg/ha,2016,742.400000,A
38,144,Sri Lanka,0,Yield,kg/ha,2017,825.400000,A
38,144,Sri Lanka,0,Yield,kg/ha,2018,920.100000,A
38,144,Sri Lanka,0,Yield,kg/ha,2019,851.400000,A
38,144,Sri Lanka,0,Yield,kg/ha,2020,1153.200000,A
38,144,Sri Lanka,0,Yield,kg/ha,2021,906.000000,A
38,144,Sri Lanka,0,Yield,kg/ha,2022,861.100000,A
38,144,Sri Lanka,0,Yield,kg/ha,2023,899.500000,A
38,144,Sri Lanka,0,Yield,kg/ha,2024,1044.300000,A
207,740,Suriname,0,Area harvested,ha,1998,215.000000,A
207,740,Suriname,0,Area harvested,ha,1999,210.000000,A
207,740,Suriname,0,Area harvested,ha,2000,210.000000,A
207,740,Suriname,0,Area harvested,ha,2001,210.000000,A
207,740,Suriname,0,Area harvested,ha,2002,210.000000,E
207,740,Suriname,0,Area harvested,ha,2003,210.000000,E
207,740,Suriname,0,Area harvested,ha,2004,212.000000,E
207,740,Suriname,0,Area harvested,ha,2005,203.000000,I
207,740,Suriname,0,Area harvested,ha,2006,315.000000,E
207,740,Suriname,0,Area harvested,ha,2007,526.000000,E
207,740,Suriname,0,Area harvested,ha,2008,510.000000,E
207,740,Suriname,0,Area harvested,ha,2009,500.000000,E
207,740,Suriname,0,Area harvested,ha,2010,397.000000,I
207,740,Suriname,0,Area harvested,ha,2011,292.000000,I
207,740,Suriname,0,Area harvested,ha,2012,252.000000,I
207,740,Suriname,0,Area harvested,ha,2013,244.000000,I
207,740,Suriname,0,Area harvested,ha,2014,305.000000,I
207,740,Suriname,0,Area harvested,ha,2015,293.000000,I
207,740,Suriname,0,Area harvested,ha,2016,281.000000,E
207,740,Suriname,0,Area harvested,ha,2017,293.000000,E
207,740,Suriname,0,Area harvested,ha,2018,289.000000,E
207,740,Suriname,0,Area harvested,ha,2019,287.000000,E
207,740,Suriname,0,Area harvested,ha,2020,290.000000,E
207,740,Suriname,0,Area harvested,ha,2021,295.000000,I
207,740,Suriname,0,Area harvested,ha,2022,291.000000,E
207,740,Suriname,0,Area harvested,ha,2023,292.000000,E
207,740,Suriname,0,Area harvested,ha,2024,292.000000,E
207,740,Suriname,0,Production,t,1998,11.000000,A
207,740,Suriname,0,Production,t,1999,10.000000,A
207,740,Suriname,0,Production,t,2000,4.000000,A
207,740,Suriname,0,Production,t,2001,4.000000,A
207,740,Suriname,0,Production,t,2002,4.000000,E
207,740,Suriname,0,Production,t,2003,5.320000,I
207,740,Suriname,0,Production,t,2004,4.000000,E
207,740,Suriname,0,Production,t,2005,4.000000,E
207,740,Suriname,0,Production,t,2006,6.000000,E
207,740,Suriname,0,Production,t,2007,10.000000,E
207,740,Suriname,0,Production,t,2008,10.000000,E
207,740,Suriname,0,Production,t,2009,9.000000,E
207,740,Suriname,0,Production,t,2010,6.410000,I
207,740,Suriname,0,Production,t,2011,5.610000,I
207,740,Suriname,0,Production,t,2012,5.970000,I
207,740,Suriname,0,Production,t,2013,5.970000,I
207,740,Suriname,0,Production,t,2014,5.870000,I
207,740,Suriname,0,Production,t,2015,6.000000,I
207,740,Suriname,0,Production,t,2016,5.530000,I
207,740,Suriname,0,Production,t,2017,5.800000,E
207,740,Suriname,0,Production,t,2018,5.780000,E
207,740,Suriname,0,Production,t,2019,5.440000,I
207,740,Suriname,0,Production,t,2020,5.490000,I
207,740,Suriname,0,Production,t,2021,6.140000,I
207,740,Suriname,0,Production,t,2022,6.220000,I
207,740,Suriname,0,Production,t,2023,6.220000,I
207,740,Suriname,0,Production,t,2024,6.220000,I
207,740,Suriname,0,Yield,kg/ha,1998,51.200000,A
207,740,Suriname,0,Yield,kg/ha,1999,47.600000,A
207,740,Suriname,0,Yield,kg/ha,2000,19.000000,A
207,740,Suriname,0,Yield,kg/ha,2001,19.000000,A
207,740,Suriname,0,Yield,kg/ha,2002,19.000000,E
207,740,Suriname,0,Yield,kg/ha,2003,25.300000,E
207,740,Suriname,0,Yield,kg/ha,2004,18.900000,E
207,740,Suriname,0,Yield,kg/ha,2005,19.700000,E
207,740,Suriname,0,Yield,kg/ha,2006,19.000000,E
207,740,Suriname,0,Yield,kg/ha,2007,19.000000,E
207,740,Suriname,0,Yield,kg/ha,2008,19.600000,E
207,740,Suriname,0,Yield,kg/ha,2009,18.000000,E
207,740,Suriname,0,Yield,kg/ha,2010,16.200000,E
207,740,Suriname,0,Yield,kg/ha,2011,19.200000,E
207,740,Suriname,0,Yield,kg/ha,2012,23.700000,E
207,740,Suriname,0,Yield,kg/ha,2013,24.500000,E
207,740,Suriname,0,Yield,kg/ha,2014,19.300000,E
207,740,Suriname,0,Yield,kg/ha,2015,20.500000,E
207,740,Suriname,0,Yield,kg/ha,2016,19.700000,E
207,740,Suriname,0,Yield,kg/ha,2017,19.800000,E
207,740,Suriname,0,Yield,kg/ha,2018,20.000000,E
207,740,Suriname,0,Yield,kg/ha,2019,18.900000,E
207,740,Suriname,0,Yield,kg/ha,2020,19.000000,E
207,740,Suriname,0,Yield,kg/ha,2021,20.900000,E
207,740,Suriname,0,Yield,kg/ha,2022,21.400000,E
207,740,Suriname,0,Yield,kg/ha,2023,21.300000,E
207,740,Suriname,0,Yield,kg/ha,2024,21.300000,E
216,764,Thailand,0,Area harvested,ha,1998,65027.000000,A
216,764,Thailand,0,Area harvested,ha,1999,65120.000000,A
216,764,Thailand,0,Area harvested,ha,2000,67486.000000,A
216,764,Thailand,0,Area harvested,ha,2001,69170.000000,A
216,764,Thailand,0,Area harvested,ha,2002,70289.000000,A
216,764,Thailand,0,Area harvested,ha,2003,70447.000000,A
216,764,Thailand,0,Area harvested,ha,2004,70932.000000,A
216,764,Thailand,0,Area harvested,ha,2005,69535.000000,A
216,764,Thailand,0,Area harvested,ha,2006,68780.000000,A
216,764,Thailand,0,Area harvested,ha,2007,67941.000000,A
216,764,Thailand,0,Area harvested,ha,2008,62186.000000,A
216,764,Thailand,0,Area harvested,ha,2009,58454.000000,A
216,764,Thailand,0,Area harvested,ha,2010,57518.000000,A
216,764,Thailand,0,Area harvested,ha,2011,51663.000000,A
216,764,Thailand,0,Area harvested,ha,2012,48978.000000,A
216,764,Thailand,0,Area harvested,ha,2013,47733.000000,A
216,764,Thailand,0,Area harvested,ha,2014,41754.000000,A
216,764,Thailand,0,Area harvested,ha,2015,40229.000000,A
216,764,Thailand,0,Area harvested,ha,2016,43609.000000,I
216,764,Thailand,0,Area harvested,ha,2017,40489.000000,A
216,764,Thailand,0,Area harvested,ha,2018,41253.000000,A
216,764,Thailand,0,Area harvested,ha,2019,36804.000000,A
216,764,Thailand,0,Area harvested,ha,2020,35949.000000,A
216,764,Thailand,0,Area harvested,ha,2021,36593.000000,A
216,764,Thailand,0,Area harvested,ha,2022,32520.000000,A
216,764,Thailand,0,Area harvested,ha,2023,32872.000000,A
216,764,Thailand,0,Area harvested,ha,2024,31364.000000,A
216,764,Thailand,0,Production,t,1998,78444.000000,A
216,764,Thailand,0,Production,t,1999,54923.000000,A
216,764,Thailand,0,Production,t,2000,81057.000000,A
216,764,Thailand,0,Production,t,2001,86009.000000,A
216,764,Thailand,0,Production,t,2002,53447.000000,A
216,764,Thailand,0,Production,t,2003,53907.000000,A
216,764,Thailand,0,Production,t,2004,61765.000000,A
216,764,Thailand,0,Production,t,2005,59644.000000,A
216,764,Thailand,0,Production,t,2006,46873.000000,A
216,764,Thailand,0,Production,t,2007,55660.000000,A
216,764,Thailand,0,Production,t,2008,50442.000000,A
216,764,Thailand,0,Production,t,2009,56315.000000,A
216,764,Thailand,0,Production,t,2010,48955.000000,A
216,764,Thailand,0,Production,t,2011,42394.000000,A
216,764,Thailand,0,Production,t,2012,41461.000000,A
216,764,Thailand,0,Production,t,2013,37569.000000,A
216,764,Thailand,0,Production,t,2014,37950.000000,A
216,764,Thailand,0,Production,t,2015,26089.000000,A
216,764,Thailand,0,Production,t,2016,30579.000000,A
216,764,Thailand,0,Production,t,2017,25909.000000,A
216,764,Thailand,0,Production,t,2018,23619.000000,A
216,764,Thailand,0,Production,t,2019,26424.380000,A
216,764,Thailand,0,Production,t,2020,22483.000000,A
216,764,Thailand,0,Production,t,2021,21774.510000,A
216,764,Thailand,0,Production,t,2022,18740.000000,A
216,764,Thailand,0,Production,t,2023,16690.000000,A
216,764,Thailand,0,Production,t,2024,16623.480000,A
216,764,Thailand,0,Yield,kg/ha,1998,1206.300000,A
216,764,Thailand,0,Yield,kg/ha,1999,843.400000,A
216,764,Thailand,0,Yield,kg/ha,2000,1201.100000,A
216,764,Thailand,0,Yield,kg/ha,2001,1243.400000,A
216,764,Thailand,0,Yield,kg/ha,2002,760.400000,A
216,764,Thailand,0,Yield,kg/ha,2003,765.200000,A
216,764,Thailand,0,Yield,kg/ha,2004,870.800000,A
216,764,Thailand,0,Yield,kg/ha,2005,857.800000,A
216,764,Thailand,0,Yield,kg/ha,2006,681.500000,A
216,764,Thailand,0,Yield,kg/ha,2007,819.200000,A
216,764,Thailand,0,Yield,kg/ha,2008,811.100000,A
216,764,Thailand,0,Yield,kg/ha,2009,963.400000,A
216,764,Thailand,0,Yield,kg/ha,2010,851.100000,A
216,764,Thailand,0,Yield,kg/ha,2011,820.600000,A
216,764,Thailand,0,Yield,kg/ha,2012,846.500000,A
216,764,Thailand,0,Yield,kg/ha,2013,787.100000,A
216,764,Thailand,0,Yield,kg/ha,2014,908.900000,A
216,764,Thailand,0,Yield,kg/ha,2015,648.500000,A
216,764,Thailand,0,Yield,kg/ha,2016,701.200000,E
216,764,Thailand,0,Yield,kg/ha,2017,639.900000,A
216,764,Thailand,0,Yield,kg/ha,2018,572.500000,A
216,764,Thailand,0,Yield,kg/ha,2019,718.000000,A
216,764,Thailand,0,Yield,kg/ha,2020,625.400000,A
216,764,Thailand,0,Yield,kg/ha,2021,595.000000,A
216,764,Thailand,0,Yield,kg/ha,2022,576.300000,A
216,764,Thailand,0,Yield,kg/ha,2023,507.700000,A
216,764,Thailand,0,Yield,kg/ha,2024,530.000000,A
176,626,Timor-Leste,0,Area harvested,ha,1998,64000.000000,E
176,626,Timor-Leste,0,Area harvested,ha,1999,65000.000000,E
176,626,Timor-Leste,0,Area harvested,ha,2000,60000.000000,E
176,626,Timor-Leste,0,Area harvested,ha,2001,63000.000000,E
176,626,Timor-Leste,0,Area harvested,ha,2002,67345.000000,I
176,626,Timor-Leste,0,Area harvested,ha,2003,60000.000000,E
176,626,Timor-Leste,0,Area harvested,ha,2004,65000.000000,X
176,626,Timor-Leste,0,Area harvested,ha,2005,65000.000000,X
176,626,Timor-Leste,0,Area harvested,ha,2006,65000.000000,X
176,626,Timor-Leste,0,Area harvested,ha,2007,65000.000000,X
176,626,Timor-Leste,0,Area harvested,ha,2008,52182.000000,A
176,626,Timor-Leste,0,Area harvested,ha,2009,53816.000000,A
176,626,Timor-Leste,0,Area harvested,ha,2010,53832.000000,A
176,626,Timor-Leste,0,Area harvested,ha,2011,54341.000000,A
176,626,Timor-Leste,0,Area harvested,ha,2012,14732.000000,I
176,626,Timor-Leste,0,Area harvested,ha,2013,17048.000000,I
176,626,Timor-Leste,0,Area harvested,ha,2014,23872.000000,I
176,626,Timor-Leste,0,Area harvested,ha,2015,32196.000000,I
176,626,Timor-Leste,0,Area harvested,ha,2016,23569.000000,I
176,626,Timor-Leste,0,Area harvested,ha,2017,14808.000000,I
176,626,Timor-Leste,0,Area harvested,ha,2018,27651.000000,I
176,626,Timor-Leste,0,Area harvested,ha,2019,18032.000000,I
176,626,Timor-Leste,0,Area harvested,ha,2020,23486.000000,I
176,626,Timor-Leste,0,Area harvested,ha,2021,22627.000000,A
176,626,Timor-Leste,0,Area harvested,ha,2022,22764.000000,I
176,626,Timor-Leste,0,Area harvested,ha,2023,24191.000000,I
176,626,Timor-Leste,0,Area harvested,ha,2024,22478.000000,I
176,626,Timor-Leste,0,Production,t,1998,11000.000000,E
176,626,Timor-Leste,0,Production,t,1999,12000.000000,E
176,626,Timor-Leste,0,Production,t,2000,13000.000000,E
176,626,Timor-Leste,0,Production,t,2001,14134.000000,X
176,626,Timor-Leste,0,Production,t,2002,14000.000000,E
176,626,Timor-Leste,0,Production,t,2003,12000.000000,E
176,626,Timor-Leste,0,Production,t,2004,14500.000000,X
176,626,Timor-Leste,0,Production,t,2005,14500.000000,X
176,626,Timor-Leste,0,Production,t,2006,14000.000000,X
176,626,Timor-Leste,0,Production,t,2007,14000.000000,X
176,626,Timor-Leste,0,Production,t,2008,14009.000000,A
176,626,Timor-Leste,0,Production,t,2009,10122.000000,A
176,626,Timor-Leste,0,Production,t,2010,12653.000000,A
176,626,Timor-Leste,0,Production,t,2011,8320.000000,A
176,626,Timor-Leste,0,Production,t,2012,3660.000000,X
176,626,Timor-Leste,0,Production,t,2013,4800.000000,X
176,626,Timor-Leste,0,Production,t,2014,6660.000000,X
176,626,Timor-Leste,0,Production,t,2015,3540.000000,X
176,626,Timor-Leste,0,Production,t,2016,4920.000000,X
176,626,Timor-Leste,0,Production,t,2017,3900.000000,X
176,626,Timor-Leste,0,Production,t,2018,8340.000000,X
176,626,Timor-Leste,0,Production,t,2019,6180.000000,X
176,626,Timor-Leste,0,Production,t,2020,9088.230000,I
176,626,Timor-Leste,0,Production,t,2021,13313.980000,A
176,626,Timor-Leste,0,Production,t,2022,11571.530000,I
176,626,Timor-Leste,0,Production,t,2023,9637.220000,I
176,626,Timor-Leste,0,Production,t,2024,9522.520000,I
176,626,Timor-Leste,0,Yield,kg/ha,1998,171.900000,E
176,626,Timor-Leste,0,Yield,kg/ha,1999,184.600000,E
176,626,Timor-Leste,0,Yield,kg/ha,2000,216.700000,E
176,626,Timor-Leste,0,Yield,kg/ha,2001,224.300000,E
176,626,Timor-Leste,0,Yield,kg/ha,2002,207.900000,E
176,626,Timor-Leste,0,Yield,kg/ha,2003,200.000000,E
176,626,Timor-Leste,0,Yield,kg/ha,2004,223.100000,X
176,626,Timor-Leste,0,Yield,kg/ha,2005,223.100000,X
176,626,Timor-Leste,0,Yield,kg/ha,2006,215.400000,X
176,626,Timor-Leste,0,Yield,kg/ha,2007,215.400000,X
176,626,Timor-Leste,0,Yield,kg/ha,2008,268.500000,A
176,626,Timor-Leste,0,Yield,kg/ha,2009,188.100000,A
176,626,Timor-Leste,0,Yield,kg/ha,2010,235.000000,A
176,626,Timor-Leste,0,Yield,kg/ha,2011,153.100000,A
176,626,Timor-Leste,0,Yield,kg/ha,2012,248.400000,E
176,626,Timor-Leste,0,Yield,kg/ha,2013,281.600000,E
176,626,Timor-Leste,0,Yield,kg/ha,2014,279.000000,E
176,626,Timor-Leste,0,Yield,kg/ha,2015,110.000000,E
176,626,Timor-Leste,0,Yield,kg/ha,2016,208.700000,E
176,626,Timor-Leste,0,Yield,kg/ha,2017,263.400000,E
176,626,Timor-Leste,0,Yield,kg/ha,2018,301.600000,E
176,626,Timor-Leste,0,Yield,kg/ha,2019,342.700000,E
176,626,Timor-Leste,0,Yield,kg/ha,2020,387.000000,E
176,626,Timor-Leste,0,Yield,kg/ha,2021,588.400000,A
176,626,Timor-Leste,0,Yield,kg/ha,2022,508.300000,E
176,626,Timor-Leste,0,Yield,kg/ha,2023,398.400000,E
176,626,Timor-Leste,0,Yield,kg/ha,2024,423.600000,E
217,768,Togo,0,Area harvested,ha,1998,65400.000000,I
217,768,Togo,0,Area harvested,ha,1999,54734.000000,I
217,768,Togo,0,Area harvested,ha,2000,48912.000000,I
217,768,Togo,0,Area harvested,ha,2001,55000.000000,E
217,768,Togo,0,Area harvested,ha,2002,26000.000000,E
217,768,Togo,0,Area harvested,ha,2003,20000.000000,E
217,768,Togo,0,Area harvested,ha,2004,30000.000000,E
217,768,Togo,0,Area harvested,ha,2005,28000.000000,E
217,768,Togo,0,Area harvested,ha,2006,34000.000000,E
217,768,Togo,0,Area harvested,ha,2007,33600.000000,E
217,768,Togo,0,Area harvested,ha,2008,29500.000000,E
217,768,Togo,0,Area harvested,ha,2009,30000.000000,E
217,768,Togo,0,Area harvested,ha,2010,34137.000000,I
217,768,Togo,0,Area harvested,ha,2011,40442.000000,I
217,768,Togo,0,Area harvested,ha,2012,33819.000000,I
217,768,Togo,0,Area harvested,ha,2013,33997.000000,I
217,768,Togo,0,Area harvested,ha,2014,43422.000000,I
217,768,Togo,0,Area harvested,ha,2015,43865.000000,I
217,768,Togo,0,Area harvested,ha,2016,46971.000000,I
217,768,Togo,0,Area harvested,ha,2017,41237.000000,A
217,768,Togo,0,Area harvested,ha,2018,41950.000000,A
217,768,Togo,0,Area harvested,ha,2019,42691.000000,A
217,768,Togo,0,Area harvested,ha,2020,42691.000000,A
217,768,Togo,0,Area harvested,ha,2021,43682.000000,A
217,768,Togo,0,Area harvested,ha,2022,44394.000000,A
217,768,Togo,0,Area harvested,ha,2023,43058.000000,I
217,768,Togo,0,Area harvested,ha,2024,42200.000000,I
217,768,Togo,0,Production,t,1998,20000.000000,A
217,768,Togo,0,Production,t,1999,17000.000000,A
217,768,Togo,0,Production,t,2000,15200.000000,A
217,768,Togo,0,Production,t,2001,16900.000000,A
217,768,Togo,0,Production,t,2002,7900.000000,A
217,768,Togo,0,Production,t,2003,5500.000000,A
217,768,Togo,0,Production,t,2004,9300.000000,A
217,768,Togo,0,Production,t,2005,7200.000000,A
217,768,Togo,0,Production,t,2006,8900.000000,A
217,768,Togo,0,Production,t,2007,9300.000000,A
217,768,Togo,0,Production,t,2008,9143.000000,A
217,768,Togo,0,Production,t,2009,11700.000000,A
217,768,Togo,0,Production,t,2010,11500.000000,A
217,768,Togo,0,Production,t,2011,12500.000000,A
217,768,Togo,0,Production,t,2012,10843.000000,A
217,768,Togo,0,Production,t,2013,10950.000000,A
217,768,Togo,0,Production,t,2014,15500.000000,A
217,768,Togo,0,Production,t,2015,16093.000000,A
217,768,Togo,0,Production,t,2016,17933.000000,A
217,768,Togo,0,Production,t,2017,18476.000000,A
217,768,Togo,0,Production,t,2018,19076.000000,A
217,768,Togo,0,Production,t,2019,21316.000000,A
217,768,Togo,0,Production,t,2020,22006.000000,A
217,768,Togo,0,Production,t,2021,23106.000000,A
217,768,Togo,0,Production,t,2022,25132.000000,A
217,768,Togo,0,Production,t,2023,22619.450000,I
217,768,Togo,0,Production,t,2024,21769.410000,I
217,768,Togo,0,Yield,kg/ha,1998,305.800000,E
217,768,Togo,0,Yield,kg/ha,1999,310.600000,E
217,768,Togo,0,Yield,kg/ha,2000,310.800000,E
217,768,Togo,0,Yield,kg/ha,2001,307.300000,E
217,768,Togo,0,Yield,kg/ha,2002,303.800000,E
217,768,Togo,0,Yield,kg/ha,2003,275.000000,E
217,768,Togo,0,Yield,kg/ha,2004,310.000000,E
217,768,Togo,0,Yield,kg/ha,2005,257.100000,E
217,768,Togo,0,Yield,kg/ha,2006,261.800000,E
217,768,Togo,0,Yield,kg/ha,2007,276.800000,E
217,768,Togo,0,Yield,kg/ha,2008,309.900000,E
217,768,Togo,0,Yield,kg/ha,2009,390.000000,E
217,768,Togo,0,Yield,kg/ha,2010,336.900000,E
217,768,Togo,0,Yield,kg/ha,2011,309.100000,E
217,768,Togo,0,Yield,kg/ha,2012,320.600000,E
217,768,Togo,0,Yield,kg/ha,2013,322.100000,E
217,768,Togo,0,Yield,kg/ha,2014,357.000000,E
217,768,Togo,0,Yield,kg/ha,2015,366.900000,E
217,768,Togo,0,Yield,kg/ha,2016,381.800000,E
217,768,Togo,0,Yield,kg/ha,2017,448.000000,A
217,768,Togo,0,Yield,kg/ha,2018,454.700000,A
217,768,Togo,0,Yield,kg/ha,2019,499.300000,A
217,768,Togo,0,Yield,kg/ha,2020,515.500000,A
217,768,Togo,0,Yield,kg/ha,2021,529.000000,A
217,768,Togo,0,Yield,kg/ha,2022,566.100000,A
217,768,Togo,0,Yield,kg/ha,2023,525.300000,E
217,768,Togo,0,Yield,kg/ha,2024,515.900000,E
219,776,Tonga,0,Area harvested,ha,1998,8.000000,E
219,776,Tonga,0,Area harvested,ha,1999,8.000000,E
219,776,Tonga,0,Area harvested,ha,2000,8.000000,E
219,776,Tonga,0,Area harvested,ha,2001,8.000000,E
219,776,Tonga,0,Area harvested,ha,2002,8.000000,E
219,776,Tonga,0,Area harvested,ha,2003,8.000000,E
219,776,Tonga,0,Area harvested,ha,2004,8.000000,E
219,776,Tonga,0,Area harvested,ha,2005,9.000000,I
219,776,Tonga,0,Area harvested,ha,2006,10.000000,E
219,776,Tonga,0,Area harvested,ha,2007,10.000000,E
219,776,Tonga,0,Area harvested,ha,2008,10.000000,E
219,776,Tonga,0,Area harvested,ha,2009,10.000000,E
219,776,Tonga,0,Area harvested,ha,2010,10.000000,I
219,776,Tonga,0,Area harvested,ha,2011,10.000000,I
219,776,Tonga,0,Area harvested,ha,2012,10.000000,I
219,776,Tonga,0,Area harvested,ha,2013,10.000000,E
219,776,Tonga,0,Area harvested,ha,2014,10.000000,I
219,776,Tonga,0,Area harvested,ha,2015,11.000000,I
219,776,Tonga,0,Area harvested,ha,2016,10.000000,E
219,776,Tonga,0,Area harvested,ha,2017,10.000000,I
219,776,Tonga,0,Area harvested,ha,2018,10.000000,I
219,776,Tonga,0,Area harvested,ha,2019,11.000000,I
219,776,Tonga,0,Area harvested,ha,2020,11.000000,I
219,776,Tonga,0,Area harvested,ha,2021,11.000000,I
219,776,Tonga,0,Area harvested,ha,2022,11.000000,I
219,776,Tonga,0,Area harvested,ha,2023,11.000000,I
219,776,Tonga,0,Area harvested,ha,2024,11.000000,I
219,776,Tonga,0,Production,t,1998,14.020000,I
219,776,Tonga,0,Production,t,1999,14.050000,I
219,776,Tonga,0,Production,t,2000,14.080000,I
219,776,Tonga,0,Production,t,2001,14.100000,I
219,776,Tonga,0,Production,t,2002,14.120000,I
219,776,Tonga,0,Production,t,2003,14.130000,I
219,776,Tonga,0,Production,t,2004,14.090000,I
219,776,Tonga,0,Production,t,2005,15.690000,I
219,776,Tonga,0,Production,t,2006,18.000000,E
219,776,Tonga,0,Production,t,2007,17.120000,I
219,776,Tonga,0,Production,t,2008,16.890000,I
219,776,Tonga,0,Production,t,2009,16.650000,I
219,776,Tonga,0,Production,t,2010,16.360000,I
219,776,Tonga,0,Production,t,2011,16.020000,I
219,776,Tonga,0,Production,t,2012,15.730000,I
219,776,Tonga,0,Production,t,2013,15.000000,E
219,776,Tonga,0,Production,t,2014,14.860000,I
219,776,Tonga,0,Production,t,2015,15.990000,I
219,776,Tonga,0,Production,t,2016,15.280000,E
219,776,Tonga,0,Production,t,2017,15.200000,I
219,776,Tonga,0,Production,t,2018,15.220000,I
219,776,Tonga,0,Production,t,2019,15.240000,I
219,776,Tonga,0,Production,t,2020,15.320000,I
219,776,Tonga,0,Production,t,2021,15.380000,I
219,776,Tonga,0,Production,t,2022,15.240000,I
219,776,Tonga,0,Production,t,2023,15.210000,I
219,776,Tonga,0,Production,t,2024,15.180000,I
219,776,Tonga,0,Yield,kg/ha,1998,1753.000000,E
219,776,Tonga,0,Yield,kg/ha,1999,1756.500000,E
219,776,Tonga,0,Yield,kg/ha,2000,1759.600000,E
219,776,Tonga,0,Yield,kg/ha,2001,1762.300000,E
219,776,Tonga,0,Yield,kg/ha,2002,1764.700000,E
219,776,Tonga,0,Yield,kg/ha,2003,1766.500000,E
219,776,Tonga,0,Yield,kg/ha,2004,1761.100000,E
219,776,Tonga,0,Yield,kg/ha,2005,1748.400000,E
219,776,Tonga,0,Yield,kg/ha,2006,1800.000000,E
219,776,Tonga,0,Yield,kg/ha,2007,1712.400000,E
219,776,Tonga,0,Yield,kg/ha,2008,1689.000000,E
219,776,Tonga,0,Yield,kg/ha,2009,1664.700000,E
219,776,Tonga,0,Yield,kg/ha,2010,1639.600000,E
219,776,Tonga,0,Yield,kg/ha,2011,1613.700000,E
219,776,Tonga,0,Yield,kg/ha,2012,1586.800000,E
219,776,Tonga,0,Yield,kg/ha,2013,1500.000000,E
219,776,Tonga,0,Yield,kg/ha,2014,1501.100000,E
219,776,Tonga,0,Yield,kg/ha,2015,1522.400000,E
219,776,Tonga,0,Yield,kg/ha,2016,1508.100000,E
219,776,Tonga,0,Yield,kg/ha,2017,1487.000000,E
219,776,Tonga,0,Yield,kg/ha,2018,1467.900000,E
219,776,Tonga,0,Yield,kg/ha,2019,1444.000000,E
219,776,Tonga,0,Yield,kg/ha,2020,1423.600000,E
219,776,Tonga,0,Yield,kg/ha,2021,1421.500000,E
219,776,Tonga,0,Yield,kg/ha,2022,1401.700000,E
219,776,Tonga,0,Yield,kg/ha,2023,1385.700000,E
219,776,Tonga,0,Yield,kg/ha,2024,1369.600000,E
220,780,Trinidad and Tobago,0,Area harvested,ha,1998,2800.000000,E
220,780,Trinidad and Tobago,0,Area harvested,ha,1999,2324.000000,I
220,780,Trinidad and Tobago,0,Area harvested,ha,2000,3500.000000,E
220,780,Trinidad and Tobago,0,Area harvested,ha,2001,2500.000000,E
220,780,Trinidad and Tobago,0,Area harvested,ha,2002,1600.000000,E
220,780,Trinidad and Tobago,0,Area harvested,ha,2003,3931.000000,I
220,780,Trinidad and Tobago,0,Area harvested,ha,2004,730.000000,I
220,780,Trinidad and Tobago,0,Area harvested,ha,2005,2333.000000,I
220,780,Trinidad and Tobago,0,Area harvested,ha,2006,4823.000000,I
220,780,Trinidad and Tobago,0,Area harvested,ha,2007,404.000000,I
220,780,Trinidad and Tobago,0,Area harvested,ha,2008,406.000000,I
220,780,Trinidad and Tobago,0,Area harvested,ha,2009,877.000000,I
220,780,Trinidad and Tobago,0,Area harvested,ha,2010,350.000000,E
220,780,Trinidad and Tobago,0,Area harvested,ha,2011,499.000000,I
220,780,Trinidad and Tobago,0,Area harvested,ha,2012,350.000000,E
220,780,Trinidad and Tobago,0,Area harvested,ha,2013,355.000000,E
220,780,Trinidad and Tobago,0,Area harvested,ha,2014,350.000000,E
220,780,Trinidad and Tobago,0,Area harvested,ha,2015,210.000000,I
220,780,Trinidad and Tobago,0,Area harvested,ha,2016,4830.000000,I
220,780,Trinidad and Tobago,0,Area harvested,ha,2017,4820.000000,I
220,780,Trinidad and Tobago,0,Area harvested,ha,2018,4903.000000,I
220,780,Trinidad and Tobago,0,Area harvested,ha,2019,5447.000000,I
220,780,Trinidad and Tobago,0,Area harvested,ha,2020,5057.000000,E
220,780,Trinidad and Tobago,0,Area harvested,ha,2021,5135.000000,E
220,780,Trinidad and Tobago,0,Area harvested,ha,2022,5213.000000,E
220,780,Trinidad and Tobago,0,Area harvested,ha,2023,5135.000000,E
220,780,Trinidad and Tobago,0,Area harvested,ha,2024,5161.000000,E
220,780,Trinidad and Tobago,0,Production,t,1998,367.000000,A
220,780,Trinidad and Tobago,0,Production,t,1999,343.000000,A
220,780,Trinidad and Tobago,0,Production,t,2000,553.000000,A
220,780,Trinidad and Tobago,0,Production,t,2001,406.000000,A
220,780,Trinidad and Tobago,0,Production,t,2002,247.000000,A
220,780,Trinidad and Tobago,0,Production,t,2003,586.000000,A
220,780,Trinidad and Tobago,0,Production,t,2004,109.000000,A
220,780,Trinidad and Tobago,0,Production,t,2005,350.000000,E
220,780,Trinidad and Tobago,0,Production,t,2006,720.000000,X
220,780,Trinidad and Tobago,0,Production,t,2007,60.000000,X
220,780,Trinidad and Tobago,0,Production,t,2008,60.000000,X
220,780,Trinidad and Tobago,0,Production,t,2009,129.010000,I
220,780,Trinidad and Tobago,0,Production,t,2010,51.270000,I
220,780,Trinidad and Tobago,0,Production,t,2011,72.720000,I
220,780,Trinidad and Tobago,0,Production,t,2012,50.780000,I
220,780,Trinidad and Tobago,0,Production,t,2013,51.250000,I
220,780,Trinidad and Tobago,0,Production,t,2014,51.160000,I
220,780,Trinidad and Tobago,0,Production,t,2015,30.790000,I
220,780,Trinidad and Tobago,0,Production,t,2016,707.000000,X
220,780,Trinidad and Tobago,0,Production,t,2017,707.000000,X
220,780,Trinidad and Tobago,0,Production,t,2018,720.000000,X
220,780,Trinidad and Tobago,0,Production,t,2019,800.000000,X
220,780,Trinidad and Tobago,0,Production,t,2020,742.330000,E
220,780,Trinidad and Tobago,0,Production,t,2021,754.110000,E
220,780,Trinidad and Tobago,0,Production,t,2022,765.480000,E
220,780,Trinidad and Tobago,0,Production,t,2023,753.980000,E
220,780,Trinidad and Tobago,0,Production,t,2024,757.860000,E
220,780,Trinidad and Tobago,0,Yield,kg/ha,1998,131.100000,E
220,780,Trinidad and Tobago,0,Yield,kg/ha,1999,147.600000,E
220,780,Trinidad and Tobago,0,Yield,kg/ha,2000,158.000000,E
220,780,Trinidad and Tobago,0,Yield,kg/ha,2001,162.400000,E
220,780,Trinidad and Tobago,0,Yield,kg/ha,2002,154.400000,E
220,780,Trinidad and Tobago,0,Yield,kg/ha,2003,149.100000,E
220,780,Trinidad and Tobago,0,Yield,kg/ha,2004,149.300000,E
220,780,Trinidad and Tobago,0,Yield,kg/ha,2005,150.000000,E
220,780,Trinidad and Tobago,0,Yield,kg/ha,2006,149.300000,E
220,780,Trinidad and Tobago,0,Yield,kg/ha,2007,148.600000,E
220,780,Trinidad and Tobago,0,Yield,kg/ha,2008,147.900000,E
220,780,Trinidad and Tobago,0,Yield,kg/ha,2009,147.200000,E
220,780,Trinidad and Tobago,0,Yield,kg/ha,2010,146.500000,E
220,780,Trinidad and Tobago,0,Yield,kg/ha,2011,145.800000,E
220,780,Trinidad and Tobago,0,Yield,kg/ha,2012,145.100000,E
220,780,Trinidad and Tobago,0,Yield,kg/ha,2013,144.400000,E
220,780,Trinidad and Tobago,0,Yield,kg/ha,2014,146.200000,E
220,780,Trinidad and Tobago,0,Yield,kg/ha,2015,146.500000,E
220,780,Trinidad and Tobago,0,Yield,kg/ha,2016,146.400000,E
220,780,Trinidad and Tobago,0,Yield,kg/ha,2017,146.700000,E
220,780,Trinidad and Tobago,0,Yield,kg/ha,2018,146.800000,E
220,780,Trinidad and Tobago,0,Yield,kg/ha,2019,146.900000,E
220,780,Trinidad and Tobago,0,Yield,kg/ha,2020,146.800000,E
220,780,Trinidad and Tobago,0,Yield,kg/ha,2021,146.800000,E
220,780,Trinidad and Tobago,0,Yield,kg/ha,2022,146.800000,E
220,780,Trinidad and Tobago,0,Yield,kg/ha,2023,146.800000,E
220,780,Trinidad and Tobago,0,Yield,kg/ha,2024,146.800000,E
226,800,Uganda,0,Area harvested,ha,1998,265000.000000,E
226,800,Uganda,0,Area harvested,ha,1999,275000.000000,A
226,800,Uganda,0,Area harvested,ha,2000,300991.000000,A
226,800,Uganda,0,Area harvested,ha,2001,264000.000000,A
226,800,Uganda,0,Area harvested,ha,2002,217504.000000,A
226,800,Uganda,0,Area harvested,ha,2003,264000.000000,E
226,800,Uganda,0,Area harvested,ha,2004,264000.000000,E
226,800,Uganda,0,Area harvested,ha,2005,263000.000000,E
226,800,Uganda,0,Area harvested,ha,2006,220000.000000,E
226,800,Uganda,0,Area harvested,ha,2007,285000.000000,E
226,800,Uganda,0,Area harvested,ha,2008,345000.000000,E
226,800,Uganda,0,Area harvested,ha,2009,320000.000000,E
226,800,Uganda,0,Area harvested,ha,2010,272593.000000,I
226,800,Uganda,0,Area harvested,ha,2011,317080.000000,I
226,800,Uganda,0,Area harvested,ha,2012,316923.000000,I
226,800,Uganda,0,Area harvested,ha,2013,387263.000000,I
226,800,Uganda,0,Area harvested,ha,2014,377526.000000,I
226,800,Uganda,0,Area harvested,ha,2015,432000.000000,E
226,800,Uganda,0,Area harvested,ha,2016,434283.000000,I
226,800,Uganda,0,Area harvested,ha,2017,526491.000000,I
226,800,Uganda,0,Area harvested,ha,2018,497192.000000,I
226,800,Uganda,0,Area harvested,ha,2019,541495.000000,I
226,800,Uganda,0,Area harvested,ha,2020,632691.000000,I
226,800,Uganda,0,Area harvested,ha,2021,737884.000000,I
226,800,Uganda,0,Area harvested,ha,2022,912315.000000,E
226,800,Uganda,0,Area harvested,ha,2023,849736.000000,I
226,800,Uganda,0,Area harvested,ha,2024,736547.000000,I
226,800,Uganda,0,Production,t,1998,205056.000000,A
226,800,Uganda,0,Production,t,1999,251881.000000,A
226,800,Uganda,0,Production,t,2000,143475.000000,A
226,800,Uganda,0,Production,t,2001,197410.000000,A
226,800,Uganda,0,Production,t,2002,209547.000000,A
226,800,Uganda,0,Production,t,2003,150871.000000,A
226,800,Uganda,0,Production,t,2004,170081.000000,A
226,800,Uganda,0,Production,t,2005,158100.000000,A
226,800,Uganda,0,Production,t,2006,133310.000000,A
226,800,Uganda,0,Production,t,2007,175346.000000,A
226,800,Uganda,0,Production,t,2008,211726.000000,A
226,800,Uganda,0,Production,t,2009,195871.000000,A
226,800,Uganda,0,Production,t,2010,166968.000000,A
226,800,Uganda,0,Production,t,2011,191371.000000,A
226,800,Uganda,0,Production,t,2012,186125.000000,A
226,800,Uganda,0,Production,t,2013,222894.000000,A
226,800,Uganda,0,Production,t,2014,220135.000000,A
226,800,Uganda,0,Production,t,2015,229149.000000,A
226,800,Uganda,0,Production,t,2016,243061.000000,A
226,800,Uganda,0,Production,t,2017,302063.000000,A
226,800,Uganda,0,Production,t,2018,284225.000000,A
226,800,Uganda,0,Production,t,2019,313933.000000,A
226,800,Uganda,0,Production,t,2020,360103.000000,A
226,800,Uganda,0,Production,t,2021,414007.000000,A
226,800,Uganda,0,Production,t,2022,507000.000000,A
226,800,Uganda,0,Production,t,2023,468000.000000,A
226,800,Uganda,0,Production,t,2024,402000.000000,X
226,800,Uganda,0,Yield,kg/ha,1998,773.800000,E
226,800,Uganda,0,Yield,kg/ha,1999,915.900000,A
226,800,Uganda,0,Yield,kg/ha,2000,476.700000,A
226,800,Uganda,0,Yield,kg/ha,2001,747.800000,A
226,800,Uganda,0,Yield,kg/ha,2002,963.400000,A
226,800,Uganda,0,Yield,kg/ha,2003,571.500000,E
226,800,Uganda,0,Yield,kg/ha,2004,644.200000,E
226,800,Uganda,0,Yield,kg/ha,2005,601.100000,E
226,800,Uganda,0,Yield,kg/ha,2006,606.000000,E
226,800,Uganda,0,Yield,kg/ha,2007,615.200000,E
226,800,Uganda,0,Yield,kg/ha,2008,613.700000,E
226,800,Uganda,0,Yield,kg/ha,2009,612.100000,E
226,800,Uganda,0,Yield,kg/ha,2010,612.500000,E
226,800,Uganda,0,Yield,kg/ha,2011,603.500000,E
226,800,Uganda,0,Yield,kg/ha,2012,587.300000,E
226,800,Uganda,0,Yield,kg/ha,2013,575.600000,E
226,800,Uganda,0,Yield,kg/ha,2014,583.100000,E
226,800,Uganda,0,Yield,kg/ha,2015,530.400000,E
226,800,Uganda,0,Yield,kg/ha,2016,559.700000,E
226,800,Uganda,0,Yield,kg/ha,2017,573.700000,E
226,800,Uganda,0,Yield,kg/ha,2018,571.700000,E
226,800,Uganda,0,Yield,kg/ha,2019,579.800000,E
226,800,Uganda,0,Yield,kg/ha,2020,569.200000,E
226,800,Uganda,0,Yield,kg/ha,2021,561.100000,E
226,800,Uganda,0,Yield,kg/ha,2022,555.700000,E
226,800,Uganda,0,Yield,kg/ha,2023,550.800000,E
226,800,Uganda,0,Yield,kg/ha,2024,545.800000,E
215,834,United Republic of Tanzania,0,Area harvested,ha,1998,100635.000000,I
215,834,United Republic of Tanzania,0,Area harvested,ha,1999,116000.000000,E
215,834,United Republic of Tanzania,0,Area harvested,ha,2000,115000.000000,E
215,834,United Republic of Tanzania,0,Area harvested,ha,2001,140000.000000,E
215,834,United Republic of Tanzania,0,Area harvested,ha,2002,150000.000000,E
215,834,United Republic of Tanzania,0,Area harvested,ha,2003,136894.000000,A
215,834,United Republic of Tanzania,0,Area harvested,ha,2004,200000.000000,E
215,834,United Republic of Tanzania,0,Area harvested,ha,2005,235700.000000,A
215,834,United Republic of Tanzania,0,Area harvested,ha,2006,226461.000000,A
215,834,United Republic of Tanzania,0,Area harvested,ha,2007,212105.000000,A
215,834,United Republic of Tanzania,0,Area harvested,ha,2008,210000.000000,E
215,834,United Republic of Tanzania,0,Area harvested,ha,2009,245890.000000,A
215,834,United Republic of Tanzania,0,Area harvested,ha,2010,223510.000000,A
215,834,United Republic of Tanzania,0,Area harvested,ha,2011,116508.000000,A
215,834,United Republic of Tanzania,0,Area harvested,ha,2012,127335.000000,A
215,834,United Republic of Tanzania,0,Area harvested,ha,2013,232923.000000,A
215,834,United Republic of Tanzania,0,Area harvested,ha,2014,160072.000000,A
215,834,United Republic of Tanzania,0,Area harvested,ha,2015,221764.000000,A
215,834,United Republic of Tanzania,0,Area harvested,ha,2016,253706.000000,I
215,834,United Republic of Tanzania,0,Area harvested,ha,2017,172617.000000,I
215,834,United Republic of Tanzania,0,Area harvested,ha,2018,160567.000000,I
215,834,United Republic of Tanzania,0,Area harvested,ha,2019,245819.000000,I
215,834,United Republic of Tanzania,0,Area harvested,ha,2020,227489.000000,I
215,834,United Republic of Tanzania,0,Area harvested,ha,2021,284800.000000,I
215,834,United Republic of Tanzania,0,Area harvested,ha,2022,268181.000000,I
215,834,United Republic of Tanzania,0,Area harvested,ha,2023,258620.000000,I
215,834,United Republic of Tanzania,0,Area harvested,ha,2024,325635.000000,E
215,834,United Republic of Tanzania,0,Production,t,1998,38002.000000,A
215,834,United Republic of Tanzania,0,Production,t,1999,46670.000000,A
215,834,United Republic of Tanzania,0,Production,t,2000,47800.000000,A
215,834,United Republic of Tanzania,0,Production,t,2001,58100.000000,A
215,834,United Republic of Tanzania,0,Production,t,2002,66170.000000,A
215,834,United Republic of Tanzania,0,Production,t,2003,52320.000000,A
215,834,United Republic of Tanzania,0,Production,t,2004,72440.000000,A
215,834,United Republic of Tanzania,0,Production,t,2005,95390.000000,A
215,834,United Republic of Tanzania,0,Production,t,2006,34300.000000,A
215,834,United Republic of Tanzania,0,Production,t,2007,48869.000000,A
215,834,United Republic of Tanzania,0,Production,t,2008,43100.000000,A
215,834,United Republic of Tanzania,0,Production,t,2009,62350.000000,A
215,834,United Republic of Tanzania,0,Production,t,2010,40000.000000,A
215,834,United Republic of Tanzania,0,Production,t,2011,60575.000000,A
215,834,United Republic of Tanzania,0,Production,t,2012,66204.000000,A
215,834,United Republic of Tanzania,0,Production,t,2013,71200.000000,A
215,834,United Republic of Tanzania,0,Production,t,2014,48982.000000,A
215,834,United Republic of Tanzania,0,Production,t,2015,42674.000000,A
215,834,United Republic of Tanzania,0,Production,t,2016,60921.000000,A
215,834,United Republic of Tanzania,0,Production,t,2017,47693.000000,A
215,834,United Republic of Tanzania,0,Production,t,2018,45254.000000,A
215,834,United Republic of Tanzania,0,Production,t,2019,68147.000000,A
215,834,United Republic of Tanzania,0,Production,t,2020,60651.000000,A
215,834,United Republic of Tanzania,0,Production,t,2021,73027.000000,A
215,834,United Republic of Tanzania,0,Production,t,2022,66837.000000,A
215,834,United Republic of Tanzania,0,Production,t,2023,62917.000000,A
215,834,United Republic of Tanzania,0,Production,t,2024,77417.000000,A
215,834,United Republic of Tanzania,0,Yield,kg/ha,1998,377.600000,E
215,834,United Republic of Tanzania,0,Yield,kg/ha,1999,402.300000,E
215,834,United Republic of Tanzania,0,Yield,kg/ha,2000,415.700000,E
215,834,United Republic of Tanzania,0,Yield,kg/ha,2001,415.000000,E
215,834,United Republic of Tanzania,0,Yield,kg/ha,2002,441.100000,E
215,834,United Republic of Tanzania,0,Yield,kg/ha,2003,382.200000,A
215,834,United Republic of Tanzania,0,Yield,kg/ha,2004,362.200000,E
215,834,United Republic of Tanzania,0,Yield,kg/ha,2005,404.700000,A
215,834,United Republic of Tanzania,0,Yield,kg/ha,2006,151.500000,A
215,834,United Republic of Tanzania,0,Yield,kg/ha,2007,230.400000,A
215,834,United Republic of Tanzania,0,Yield,kg/ha,2008,205.200000,E
215,834,United Republic of Tanzania,0,Yield,kg/ha,2009,253.600000,A
215,834,United Republic of Tanzania,0,Yield,kg/ha,2010,179.000000,A
215,834,United Republic of Tanzania,0,Yield,kg/ha,2011,519.900000,A
215,834,United Republic of Tanzania,0,Yield,kg/ha,2012,519.900000,A
215,834,United Republic of Tanzania,0,Yield,kg/ha,2013,305.700000,A
215,834,United Republic of Tanzania,0,Yield,kg/ha,2014,306.000000,A
215,834,United Republic of Tanzania,0,Yield,kg/ha,2015,192.400000,A
215,834,United Republic of Tanzania,0,Yield,kg/ha,2016,240.100000,E
215,834,United Republic of Tanzania,0,Yield,kg/ha,2017,276.300000,E
215,834,United Republic of Tanzania,0,Yield,kg/ha,2018,281.800000,E
215,834,United Republic of Tanzania,0,Yield,kg/ha,2019,277.200000,E
215,834,United Republic of Tanzania,0,Yield,kg/ha,2020,266.600000,E
215,834,United Republic of Tanzania,0,Yield,kg/ha,2021,256.400000,E
215,834,United Republic of Tanzania,0,Yield,kg/ha,2022,249.200000,E
215,834,United Republic of Tanzania,0,Yield,kg/ha,2023,243.300000,E
215,834,United Republic of Tanzania,0,Yield,kg/ha,2024,237.700000,E
231,840,United States of America,0,Area harvested,ha,1998,2470.000000,A
231,840,United States of America,0,Area harvested,ha,1999,2590.000000,A
231,840,United States of America,0,Area harvested,ha,2000,2752.000000,A
231,840,United States of America,0,Area harvested,ha,2001,2550.000000,A
231,840,United States of America,0,Area harvested,ha,2002,2390.000000,A
231,840,United States of America,0,Area harvested,ha,2003,2390.000000,A
231,840,United States of America,0,Area harvested,ha,2004,2347.000000,A
231,840,United States of America,0,Area harvested,ha,2005,2469.000000,A
231,840,United States of America,0,Area harvested,ha,2006,2550.000000,A
231,840,United States of America,0,Area harvested,ha,2007,2590.000000,A
231,840,United States of America,0,Area harvested,ha,2008,2550.000000,A
231,840,United States of America,0,Area harvested,ha,2009,2550.000000,A
231,840,United States of America,0,Area harvested,ha,2010,2550.000000,A
231,840,United States of America,0,Area harvested,ha,2011,2550.000000,A
231,840,United States of America,0,Area harvested,ha,2012,2469.000000,A
231,840,United States of America,0,Area harvested,ha,2013,3318.000000,A
231,840,United States of America,0,Area harvested,ha,2014,4047.000000,A
231,840,United States of America,0,Area harvested,ha,2015,2790.000000,A
231,840,United States of America,0,Area harvested,ha,2016,2830.000000,A
231,840,United States of America,0,Area harvested,ha,2017,2910.000000,A
231,840,United States of America,0,Area harvested,ha,2018,2870.000000,A
231,840,United States of America,0,Area harvested,ha,2019,2792.000000,A
231,840,United States of America,0,Area harvested,ha,2020,2752.000000,A
231,840,United States of America,0,Area harvested,ha,2021,2995.000000,A
231,840,United States of America,0,Area harvested,ha,2022,3035.000000,A
231,840,United States of America,0,Area harvested,ha,2023,2995.000000,A
231,840,United States of America,0,Area harvested,ha,2024,2833.000000,A
231,840,United States of America,0,Production,t,1998,3450.000000,A
231,840,United States of America,0,Production,t,1999,3630.000000,A
231,840,United States of America,0,Production,t,2000,3950.000000,A
231,840,United States of America,0,Production,t,2001,3630.000000,A
231,840,United States of America,0,Production,t,2002,3400.000000,A
231,840,United States of America,0,Production,t,2003,3760.000000,A
231,840,United States of America,0,Production,t,2004,2540.000000,A
231,840,United States of America,0,Production,t,2005,3719.000000,A
231,840,United States of America,0,Production,t,2006,3311.000000,A
231,840,United States of America,0,Production,t,2007,3400.000000,A
231,840,United States of America,0,Production,t,2008,3950.000000,A
231,840,United States of America,0,Production,t,2009,3950.000000,A
231,840,United States of America,0,Production,t,2010,3990.000000,A
231,840,United States of America,0,Production,t,2011,3447.000000,A
231,840,United States of America,0,Production,t,2012,3175.000000,A
231,840,United States of America,0,Production,t,2013,3175.000000,A
231,840,United States of America,0,Production,t,2014,3670.000000,A
231,840,United States of America,0,Production,t,2015,2390.000000,A
231,840,United States of America,0,Production,t,2016,1960.000000,A
231,840,United States of America,0,Production,t,2017,2200.000000,A
231,840,United States of America,0,Production,t,2018,2490.000000,A
231,840,United States of America,0,Production,t,2019,2320.000000,A
231,840,United States of America,0,Production,t,2020,1960.000000,A
231,840,United States of America,0,Production,t,2021,4709.000000,A
231,840,United States of America,0,Production,t,2022,3759.000000,A
231,840,United States of America,0,Production,t,2023,3121.000000,A
231,840,United States of America,0,Production,t,2024,3817.000000,A
231,840,United States of America,0,Yield,kg/ha,1998,1396.800000,A
231,840,United States of America,0,Yield,kg/ha,1999,1401.500000,A
231,840,United States of America,0,Yield,kg/ha,2000,1435.300000,A
231,840,United States of America,0,Yield,kg/ha,2001,1423.500000,A
231,840,United States of America,0,Yield,kg/ha,2002,1422.600000,A
231,840,United States of America,0,Yield,kg/ha,2003,1573.200000,A
231,840,United States of America,0,Yield,kg/ha,2004,1082.200000,A
231,840,United States of America,0,Yield,kg/ha,2005,1506.300000,A
231,840,United States of America,0,Yield,kg/ha,2006,1298.400000,A
231,840,United States of America,0,Yield,kg/ha,2007,1312.700000,A
231,840,United States of America,0,Yield,kg/ha,2008,1549.000000,A
231,840,United States of America,0,Yield,kg/ha,2009,1549.000000,A
231,840,United States of America,0,Yield,kg/ha,2010,1564.700000,A
231,840,United States of America,0,Yield,kg/ha,2011,1351.800000,A
231,840,United States of America,0,Yield,kg/ha,2012,1285.900000,A
231,840,United States of America,0,Yield,kg/ha,2013,956.900000,A
231,840,United States of America,0,Yield,kg/ha,2014,906.800000,A
231,840,United States of America,0,Yield,kg/ha,2015,856.600000,A
231,840,United States of America,0,Yield,kg/ha,2016,692.600000,A
231,840,United States of America,0,Yield,kg/ha,2017,756.000000,A
231,840,United States of America,0,Yield,kg/ha,2018,867.600000,A
231,840,United States of America,0,Yield,kg/ha,2019,830.900000,A
231,840,United States of America,0,Yield,kg/ha,2020,712.200000,A
231,840,United States of America,0,Yield,kg/ha,2021,1572.300000,A
231,840,United States of America,0,Yield,kg/ha,2022,1238.600000,A
231,840,United States of America,0,Yield,kg/ha,2023,1042.100000,A
231,840,United States of America,0,Yield,kg/ha,2024,1347.300000,A
155,548,Vanuatu,0,Area harvested,ha,1998,60.000000,E
155,548,Vanuatu,0,Area harvested,ha,1999,60.000000,E
155,548,Vanuatu,0,Area harvested,ha,2000,40.000000,E
155,548,Vanuatu,0,Area harvested,ha,2001,25.000000,E
155,548,Vanuatu,0,Area harvested,ha,2002,31.000000,I
155,548,Vanuatu,0,Area harvested,ha,2003,25.000000,E
155,548,Vanuatu,0,Area harvested,ha,2004,25.000000,E
155,548,Vanuatu,0,Area harvested,ha,2005,25.000000,E
155,548,Vanuatu,0,Area harvested,ha,2006,25.000000,E
155,548,Vanuatu,0,Area harvested,ha,2007,25.000000,E
155,548,Vanuatu,0,Area harvested,ha,2008,25.000000,E
155,548,Vanuatu,0,Area harvested,ha,2009,25.000000,E
155,548,Vanuatu,0,Area harvested,ha,2010,25.000000,I
155,548,Vanuatu,0,Area harvested,ha,2011,25.000000,I
155,548,Vanuatu,0,Area harvested,ha,2012,25.000000,I
155,548,Vanuatu,0,Area harvested,ha,2013,25.000000,I
155,548,Vanuatu,0,Area harvested,ha,2014,25.000000,I
155,548,Vanuatu,0,Area harvested,ha,2015,25.000000,I
155,548,Vanuatu,0,Area harvested,ha,2016,24.000000,I
155,548,Vanuatu,0,Area harvested,ha,2017,24.000000,I
155,548,Vanuatu,0,Area harvested,ha,2018,24.000000,I
155,548,Vanuatu,0,Area harvested,ha,2019,24.000000,I
155,548,Vanuatu,0,Area harvested,ha,2020,24.000000,I
155,548,Vanuatu,0,Area harvested,ha,2021,24.000000,I
155,548,Vanuatu,0,Area harvested,ha,2022,25.000000,I
155,548,Vanuatu,0,Area harvested,ha,2023,24.000000,I
155,548,Vanuatu,0,Area harvested,ha,2024,22.000000,I
155,548,Vanuatu,0,Production,t,1998,50.000000,A
155,548,Vanuatu,0,Production,t,1999,44.690000,I
155,548,Vanuatu,0,Production,t,2000,30.000000,E
155,548,Vanuatu,0,Production,t,2001,15.000000,E
155,548,Vanuatu,0,Production,t,2002,20.200000,I
155,548,Vanuatu,0,Production,t,2003,15.850000,I
155,548,Vanuatu,0,Production,t,2004,15.710000,I
155,548,Vanuatu,0,Production,t,2005,14.000000,E
155,548,Vanuatu,0,Production,t,2006,15.530000,I
155,548,Vanuatu,0,Production,t,2007,15.570000,I
155,548,Vanuatu,0,Production,t,2008,15.000000,E
155,548,Vanuatu,0,Production,t,2009,15.380000,I
155,548,Vanuatu,0,Production,t,2010,15.470000,I
155,548,Vanuatu,0,Production,t,2011,15.470000,I
155,548,Vanuatu,0,Production,t,2012,15.460000,I
155,548,Vanuatu,0,Production,t,2013,15.640000,I
155,548,Vanuatu,0,Production,t,2014,15.300000,I
155,548,Vanuatu,0,Production,t,2015,15.220000,I
155,548,Vanuatu,0,Production,t,2016,15.130000,I
155,548,Vanuatu,0,Production,t,2017,15.030000,I
155,548,Vanuatu,0,Production,t,2018,14.930000,I
155,548,Vanuatu,0,Production,t,2019,14.590000,I
155,548,Vanuatu,0,Production,t,2020,14.370000,I
155,548,Vanuatu,0,Production,t,2021,14.440000,I
155,548,Vanuatu,0,Production,t,2022,15.000000,A
155,548,Vanuatu,0,Production,t,2023,14.490000,I
155,548,Vanuatu,0,Production,t,2024,13.430000,I
155,548,Vanuatu,0,Yield,kg/ha,1998,833.300000,E
155,548,Vanuatu,0,Yield,kg/ha,1999,744.800000,E
155,548,Vanuatu,0,Yield,kg/ha,2000,750.000000,E
155,548,Vanuatu,0,Yield,kg/ha,2001,600.000000,E
155,548,Vanuatu,0,Yield,kg/ha,2002,642.500000,E
155,548,Vanuatu,0,Yield,kg/ha,2003,634.200000,E
155,548,Vanuatu,0,Yield,kg/ha,2004,628.500000,E
155,548,Vanuatu,0,Yield,kg/ha,2005,560.000000,E
155,548,Vanuatu,0,Yield,kg/ha,2006,621.000000,E
155,548,Vanuatu,0,Yield,kg/ha,2007,622.700000,E
155,548,Vanuatu,0,Yield,kg/ha,2008,600.000000,E
155,548,Vanuatu,0,Yield,kg/ha,2009,615.200000,E
155,548,Vanuatu,0,Yield,kg/ha,2010,620.900000,E
155,548,Vanuatu,0,Yield,kg/ha,2011,621.400000,E
155,548,Vanuatu,0,Yield,kg/ha,2012,621.900000,E
155,548,Vanuatu,0,Yield,kg/ha,2013,627.600000,E
155,548,Vanuatu,0,Yield,kg/ha,2014,620.400000,E
155,548,Vanuatu,0,Yield,kg/ha,2015,619.900000,E
155,548,Vanuatu,0,Yield,kg/ha,2016,619.200000,E
155,548,Vanuatu,0,Yield,kg/ha,2017,618.500000,E
155,548,Vanuatu,0,Yield,kg/ha,2018,617.700000,E
155,548,Vanuatu,0,Yield,kg/ha,2019,606.800000,E
155,548,Vanuatu,0,Yield,kg/ha,2020,600.100000,E
155,548,Vanuatu,0,Yield,kg/ha,2021,605.300000,E
155,548,Vanuatu,0,Yield,kg/ha,2022,611.300000,E
155,548,Vanuatu,0,Yield,kg/ha,2023,610.900000,E
155,548,Vanuatu,0,Yield,kg/ha,2024,610.500000,E
236,862,Venezuela (Bolivarian Republic of),0,Area harvested,ha,1998,201301.000000,A
236,862,Venezuela (Bolivarian Republic of),0,Area harvested,ha,1999,220258.000000,A
236,862,Venezuela (Bolivarian Republic of),0,Area harvested,ha,2000,226863.000000,A
236,862,Venezuela (Bolivarian Republic of),0,Area harvested,ha,2001,233873.000000,A
236,862,Venezuela (Bolivarian Republic of),0,Area harvested,ha,2002,238100.000000,A
236,862,Venezuela (Bolivarian Republic of),0,Area harvested,ha,2003,203280.000000,A
236,862,Venezuela (Bolivarian Republic of),0,Area harvested,ha,2004,207732.000000,A
236,862,Venezuela (Bolivarian Republic of),0,Area harvested,ha,2005,205805.000000,A
236,862,Venezuela (Bolivarian Republic of),0,Area harvested,ha,2006,189184.000000,A
236,862,Venezuela (Bolivarian Republic of),0,Area harvested,ha,2007,184536.000000,A
236,862,Venezuela (Bolivarian Republic of),0,Area harvested,ha,2008,186376.000000,A
236,862,Venezuela (Bolivarian Republic of),0,Area harvested,ha,2009,185000.000000,E
236,862,Venezuela (Bolivarian Republic of),0,Area harvested,ha,2010,190440.000000,A
236,862,Venezuela (Bolivarian Republic of),0,Area harvested,ha,2011,194607.000000,A
236,862,Venezuela (Bolivarian Republic of),0,Area harvested,ha,2012,170842.000000,A
236,862,Venezuela (Bolivarian Republic of),0,Area harvested,ha,2013,170598.000000,A
236,862,Venezuela (Bolivarian Republic of),0,Area harvested,ha,2014,159674.000000,A
236,862,Venezuela (Bolivarian Republic of),0,Area harvested,ha,2015,154779.000000,A
236,862,Venezuela (Bolivarian Republic of),0,Area harvested,ha,2016,161375.000000,A
236,862,Venezuela (Bolivarian Republic of),0,Area harvested,ha,2017,163317.000000,A
236,862,Venezuela (Bolivarian Republic of),0,Area harvested,ha,2018,149536.000000,A
236,862,Venezuela (Bolivarian Republic of),0,Area harvested,ha,2019,162900.000000,A
236,862,Venezuela (Bolivarian Republic of),0,Area harvested,ha,2020,158056.000000,A
236,862,Venezuela (Bolivarian Republic of),0,Area harvested,ha,2021,177079.000000,A
236,862,Venezuela (Bolivarian Republic of),0,Area harvested,ha,2022,160839.000000,A
236,862,Venezuela (Bolivarian Republic of),0,Area harvested,ha,2023,166792.000000,A
236,862,Venezuela (Bolivarian Republic of),0,Area harvested,ha,2024,166453.000000,I
236,862,Venezuela (Bolivarian Republic of),0,Production,t,1998,66840.000000,A
236,862,Venezuela (Bolivarian Republic of),0,Production,t,1999,79854.000000,A
236,862,Venezuela (Bolivarian Republic of),0,Production,t,2000,78440.000000,A
236,862,Venezuela (Bolivarian Republic of),0,Production,t,2001,91877.000000,A
236,862,Venezuela (Bolivarian Republic of),0,Production,t,2002,84470.000000,A
236,862,Venezuela (Bolivarian Republic of),0,Production,t,2003,64265.000000,A
236,862,Venezuela (Bolivarian Republic of),0,Production,t,2004,71503.000000,A
236,862,Venezuela (Bolivarian Republic of),0,Production,t,2005,64484.000000,A
236,862,Venezuela (Bolivarian Republic of),0,Production,t,2006,74332.000000,A
236,862,Venezuela (Bolivarian Republic of),0,Production,t,2007,70311.000000,A
236,862,Venezuela (Bolivarian Republic of),0,Production,t,2008,72000.000000,A
236,862,Venezuela (Bolivarian Republic of),0,Production,t,2009,63193.000000,A
236,862,Venezuela (Bolivarian Republic of),0,Production,t,2010,71687.000000,A
236,862,Venezuela (Bolivarian Republic of),0,Production,t,2011,72109.000000,A
236,862,Venezuela (Bolivarian Republic of),0,Production,t,2012,60917.000000,A
236,862,Venezuela (Bolivarian Republic of),0,Production,t,2013,62069.000000,A
236,862,Venezuela (Bolivarian Republic of),0,Production,t,2014,52683.000000,A
236,862,Venezuela (Bolivarian Republic of),0,Production,t,2015,49987.000000,A
236,862,Venezuela (Bolivarian Republic of),0,Production,t,2016,50947.580000,A
236,862,Venezuela (Bolivarian Republic of),0,Production,t,2017,56630.000000,A
236,862,Venezuela (Bolivarian Republic of),0,Production,t,2018,58188.000000,A
236,862,Venezuela (Bolivarian Republic of),0,Production,t,2019,57015.000000,A
236,862,Venezuela (Bolivarian Republic of),0,Production,t,2020,54242.000000,A
236,862,Venezuela (Bolivarian Republic of),0,Production,t,2021,53723.000000,A
236,862,Venezuela (Bolivarian Republic of),0,Production,t,2022,57177.000000,A
236,862,Venezuela (Bolivarian Republic of),0,Production,t,2023,58625.000000,A
236,862,Venezuela (Bolivarian Republic of),0,Production,t,2024,58268.290000,I
236,862,Venezuela (Bolivarian Republic of),0,Yield,kg/ha,1998,332.000000,A
236,862,Venezuela (Bolivarian Republic of),0,Yield,kg/ha,1999,362.500000,A
236,862,Venezuela (Bolivarian Republic of),0,Yield,kg/ha,2000,345.800000,A
236,862,Venezuela (Bolivarian Republic of),0,Yield,kg/ha,2001,392.800000,A
236,862,Venezuela (Bolivarian Republic of),0,Yield,kg/ha,2002,354.800000,A
236,862,Venezuela (Bolivarian Republic of),0,Yield,kg/ha,2003,316.100000,A
236,862,Venezuela (Bolivarian Republic of),0,Yield,kg/ha,2004,344.200000,A
236,862,Venezuela (Bolivarian Republic of),0,Yield,kg/ha,2005,313.300000,A
236,862,Venezuela (Bolivarian Republic of),0,Yield,kg/ha,2006,392.900000,A
236,862,Venezuela (Bolivarian Republic of),0,Yield,kg/ha,2007,381.000000,A
236,862,Venezuela (Bolivarian Republic of),0,Yield,kg/ha,2008,386.300000,A
236,862,Venezuela (Bolivarian Republic of),0,Yield,kg/ha,2009,341.600000,E
236,862,Venezuela (Bolivarian Republic of),0,Yield,kg/ha,2010,376.400000,A
236,862,Venezuela (Bolivarian Republic of),0,Yield,kg/ha,2011,370.500000,A
236,862,Venezuela (Bolivarian Republic of),0,Yield,kg/ha,2012,356.600000,A
236,862,Venezuela (Bolivarian Republic of),0,Yield,kg/ha,2013,363.800000,A
236,862,Venezuela (Bolivarian Republic of),0,Yield,kg/ha,2014,329.900000,A
236,862,Venezuela (Bolivarian Republic of),0,Yield,kg/ha,2015,323.000000,A
236,862,Venezuela (Bolivarian Republic of),0,Yield,kg/ha,2016,315.700000,A
236,862,Venezuela (Bolivarian Republic of),0,Yield,kg/ha,2017,346.700000,A
236,862,Venezuela (Bolivarian Republic of),0,Yield,kg/ha,2018,389.100000,A
236,862,Venezuela (Bolivarian Republic of),0,Yield,kg/ha,2019,350.000000,A
236,862,Venezuela (Bolivarian Republic of),0,Yield,kg/ha,2020,343.200000,A
236,862,Venezuela (Bolivarian Republic of),0,Yield,kg/ha,2021,303.400000,A
236,862,Venezuela (Bolivarian Republic of),0,Yield,kg/ha,2022,355.500000,A
236,862,Venezuela (Bolivarian Republic of),0,Yield,kg/ha,2023,351.500000,A
236,862,Venezuela (Bolivarian Republic of),0,Yield,kg/ha,2024,350.100000,E
237,704,Viet Nam,0,Area harvested,ha,1998,218300.000000,A
237,704,Viet Nam,0,Area harvested,ha,1999,269800.000000,A
237,704,Viet Nam,0,Area harvested,ha,2000,476900.000000,A
237,704,Viet Nam,0,Area harvested,ha,2001,473500.000000,A
237,704,Viet Nam,0,Area harvested,ha,2002,492500.000000,A
237,704,Viet Nam,0,Area harvested,ha,2003,480500.000000,A
237,704,Viet Nam,0,Area harvested,ha,2004,479100.000000,A
237,704,Viet Nam,0,Area harvested,ha,2005,483600.000000,A
237,704,Viet Nam,0,Area harvested,ha,2006,483200.000000,A
237,704,Viet Nam,0,Area harvested,ha,2007,488900.000000,A
237,704,Viet Nam,0,Area harvested,ha,2008,500200.000000,A
237,704,Viet Nam,0,Area harvested,ha,2009,507200.000000,A
237,704,Viet Nam,0,Area harvested,ha,2010,511900.000000,A
237,704,Viet Nam,0,Area harvested,ha,2011,543865.000000,A
237,704,Viet Nam,0,Area harvested,ha,2012,572600.000000,A
237,704,Viet Nam,0,Area harvested,ha,2013,581381.000000,A
237,704,Viet Nam,0,Area harvested,ha,2014,589041.000000,A
237,704,Viet Nam,0,Area harvested,ha,2015,593800.000000,A
237,704,Viet Nam,0,Area harvested,ha,2016,597597.000000,A
237,704,Viet Nam,0,Area harvested,ha,2017,605178.000000,A
237,704,Viet Nam,0,Area harvested,ha,2018,618879.000000,A
237,704,Viet Nam,0,Area harvested,ha,2019,624100.000000,A
237,704,Viet Nam,0,Area harvested,ha,2020,637563.000000,A
237,704,Viet Nam,0,Area harvested,ha,2021,653192.000000,A
237,704,Viet Nam,0,Area harvested,ha,2022,655921.000000,A
237,704,Viet Nam,0,Area harvested,ha,2023,666954.000000,A
237,704,Viet Nam,0,Area harvested,ha,2024,678569.000000,A
237,704,Viet Nam,0,Production,t,1998,409300.000000,A
237,704,Viet Nam,0,Production,t,1999,553200.000000,A
237,704,Viet Nam,0,Production,t,2000,802500.000000,A
237,704,Viet Nam,0,Production,t,2001,840600.000000,A
237,704,Viet Nam,0,Production,t,2002,699500.000000,A
237,704,Viet Nam,0,Production,t,2003,793700.000000,A
237,704,Viet Nam,0,Production,t,2004,913800.000000,X
237,704,Viet Nam,0,Production,t,2005,831000.000000,X
237,704,Viet Nam,0,Production,t,2006,985300.000000,A
237,704,Viet Nam,0,Production,t,2007,1251000.000000,X
237,704,Viet Nam,0,Production,t,2008,1055811.000000,A
237,704,Viet Nam,0,Production,t,2009,1057539.600000,A
237,704,Viet Nam,0,Production,t,2010,1105700.000000,A
237,704,Viet Nam,0,Production,t,2011,1276506.000000,A
237,704,Viet Nam,0,Production,t,2012,1260463.000000,A
237,704,Viet Nam,0,Production,t,2013,1326688.000000,A
237,704,Viet Nam,0,Production,t,2014,1406469.000000,A
237,704,Viet Nam,0,Production,t,2015,1452999.300000,A
237,704,Viet Nam,0,Production,t,2016,1460800.010000,A
237,704,Viet Nam,0,Production,t,2017,1542397.880000,A
237,704,Viet Nam,0,Production,t,2018,1616307.250000,A
237,704,Viet Nam,0,Production,t,2019,1686765.170000,A
237,704,Viet Nam,0,Production,t,2020,1763476.040000,A
237,704,Viet Nam,0,Production,t,2021,1845032.980000,A
237,704,Viet Nam,0,Production,t,2022,1953990.160000,A
237,704,Viet Nam,0,Production,t,2023,1956782.460000,A
237,704,Viet Nam,0,Production,t,2024,2015289.000000,A
237,704,Viet Nam,0,Yield,kg/ha,1998,1874.900000,A
237,704,Viet Nam,0,Yield,kg/ha,1999,2050.400000,A
237,704,Viet Nam,0,Yield,kg/ha,2000,1682.700000,A
237,704,Viet Nam,0,Yield,kg/ha,2001,1775.300000,A
237,704,Viet Nam,0,Yield,kg/ha,2002,1420.300000,A
237,704,Viet Nam,0,Yield,kg/ha,2003,1651.800000,A
237,704,Viet Nam,0,Yield,kg/ha,2004,1907.300000,E
237,704,Viet Nam,0,Yield,kg/ha,2005,1718.400000,E
237,704,Viet Nam,0,Yield,kg/ha,2006,2039.100000,A
237,704,Viet Nam,0,Yield,kg/ha,2007,2558.800000,E
237,704,Viet Nam,0,Yield,kg/ha,2008,2110.800000,A
237,704,Viet Nam,0,Yield,kg/ha,2009,2085.100000,A
237,704,Viet Nam,0,Yield,kg/ha,2010,2160.000000,A
237,704,Viet Nam,0,Yield,kg/ha,2011,2347.100000,A
237,704,Viet Nam,0,Yield,kg/ha,2012,2201.300000,A
237,704,Viet Nam,0,Yield,kg/ha,2013,2282.000000,A
237,704,Viet Nam,0,Yield,kg/ha,2014,2387.700000,A
237,704,Viet Nam,0,Yield,kg/ha,2015,2446.900000,A
237,704,Viet Nam,0,Yield,kg/ha,2016,2444.500000,A
237,704,Viet Nam,0,Yield,kg/ha,2017,2548.700000,A
237,704,Viet Nam,0,Yield,kg/ha,2018,2611.700000,A
237,704,Viet Nam,0,Yield,kg/ha,2019,2702.700000,A
237,704,Viet Nam,0,Yield,kg/ha,2020,2766.000000,A
237,704,Viet Nam,0,Yield,kg/ha,2021,2824.600000,A
237,704,Viet Nam,0,Yield,kg/ha,2022,2979.000000,A
237,704,Viet Nam,0,Yield,kg/ha,2023,2933.900000,A
237,704,Viet Nam,0,Yield,kg/ha,2024,2969.900000,A
5105,011,Western Africa,1,Area harvested,ha,1998,1054609.000000,A
5105,011,Western Africa,1,Area harvested,ha,1999,967789.000000,A
5105,011,Western Africa,1,Area harvested,ha,2000,963595.000000,A
5105,011,Western Africa,1,Area harvested,ha,2001,728638.000000,A
5105,011,Western Africa,1,Area harvested,ha,2002,563120.000000,A
5105,011,Western Africa,1,Area harvested,ha,2003,512566.000000,A
5105,011,Western Africa,1,Area harvested,ha,2004,852468.000000,E
5105,011,Western Africa,1,Area harvested,ha,2005,833184.000000,A
5105,011,Western Africa,1,Area harvested,ha,2006,866632.000000,A
5105,011,Western Africa,1,Area harvested,ha,2007,893948.000000,A
5105,011,Western Africa,1,Area harvested,ha,2008,770869.000000,E
5105,011,Western Africa,1,Area harvested,ha,2009,740330.000000,A
5105,011,Western Africa,1,Area harvested,ha,2010,559609.000000,E
5105,011,Western Africa,1,Area harvested,ha,2011,291987.000000,E
5105,011,Western Africa,1,Area harvested,ha,2012,826585.000000,E
5105,011,Western Africa,1,Area harvested,ha,2013,784742.000000,E
5105,011,Western Africa,1,Area harvested,ha,2014,924322.000000,E
5105,011,Western Africa,1,Area harvested,ha,2015,1505553.000000,E
5105,011,Western Africa,1,Area harvested,ha,2016,1391575.000000,E
5105,011,Western Africa,1,Area harvested,ha,2017,826527.000000,E
5105,011,Western Africa,1,Area harvested,ha,2018,1685851.000000,E
5105,011,Western Africa,1,Area harvested,ha,2019,1385367.000000,E
5105,011,Western Africa,1,Area harvested,ha,2020,1244630.000000,E
5105,011,Western Africa,1,Area harvested,ha,2021,1134652.000000,E
5105,011,Western Africa,1,Area harvested,ha,2022,1241269.000000,E
5105,011,Western Africa,1,Area harvested,ha,2023,886010.000000,E
5105,011,Western Africa,1,Area harvested,ha,2024,1093393.000000,E
5105,011,Western Africa,1,Production,t,1998,392171.200000,A
5105,011,Western Africa,1,Production,t,1999,372744.720000,A
5105,011,Western Africa,1,Production,t,2000,441335.310000,A
5105,011,Western Africa,1,Production,t,2001,357033.370000,A
5105,011,Western Africa,1,Production,t,2002,235295.410000,A
5105,011,Western Africa,1,Production,t,2003,192265.890000,A
5105,011,Western Africa,1,Production,t,2004,211237.340000,A
5105,011,Western Africa,1,Production,t,2005,288322.250000,A
5105,011,Western Africa,1,Production,t,2006,251026.000000,A
5105,011,Western Africa,1,Production,t,2007,235325.000000,A
5105,011,Western Africa,1,Production,t,2008,237904.430000,A
5105,011,Western Africa,1,Production,t,2009,210585.340000,A
5105,011,Western Africa,1,Production,t,2010,165280.300000,A
5105,011,Western Africa,1,Production,t,2011,109411.680000,A
5105,011,Western Africa,1,Production,t,2012,188999.110000,A
5105,011,Western Africa,1,Production,t,2013,172699.920000,A
5105,011,Western Africa,1,Production,t,2014,173137.680000,E
5105,011,Western Africa,1,Production,t,2015,359935.030000,A
5105,011,Western Africa,1,Production,t,2016,348286.690000,A
5105,011,Western Africa,1,Production,t,2017,274397.040000,A
5105,011,Western Africa,1,Production,t,2018,384023.190000,A
5105,011,Western Africa,1,Production,t,2019,365935.340000,A
5105,011,Western Africa,1,Production,t,2020,352725.540000,A
5105,011,Western Africa,1,Production,t,2021,352096.850000,A
5105,011,Western Africa,1,Production,t,2022,382548.160000,A
5105,011,Western Africa,1,Production,t,2023,275198.470000,E
5105,011,Western Africa,1,Production,t,2024,274224.640000,E
5105,011,Western Africa,1,Yield,kg/ha,1998,371.900000,A
5105,011,Western Africa,1,Yield,kg/ha,1999,385.200000,A
5105,011,Western Africa,1,Yield,kg/ha,2000,458.000000,A
5105,011,Western Africa,1,Yield,kg/ha,2001,490.000000,A
5105,011,Western Africa,1,Yield,kg/ha,2002,417.800000,A
5105,011,Western Africa,1,Yield,kg/ha,2003,375.100000,A
5105,011,Western Africa,1,Yield,kg/ha,2004,247.800000,E
5105,011,Western Africa,1,Yield,kg/ha,2005,346.000000,A
5105,011,Western Africa,1,Yield,kg/ha,2006,289.700000,A
5105,011,Western Africa,1,Yield,kg/ha,2007,263.200000,A
5105,011,Western Africa,1,Yield,kg/ha,2008,308.600000,E
5105,011,Western Africa,1,Yield,kg/ha,2009,284.400000,A
5105,011,Western Africa,1,Yield,kg/ha,2010,295.300000,E
5105,011,Western Africa,1,Yield,kg/ha,2011,374.700000,E
5105,011,Western Africa,1,Yield,kg/ha,2012,228.700000,E
5105,011,Western Africa,1,Yield,kg/ha,2013,220.100000,E
5105,011,Western Africa,1,Yield,kg/ha,2014,187.300000,E
5105,011,Western Africa,1,Yield,kg/ha,2015,239.100000,E
5105,011,Western Africa,1,Yield,kg/ha,2016,250.300000,E
5105,011,Western Africa,1,Yield,kg/ha,2017,332.000000,E
5105,011,Western Africa,1,Yield,kg/ha,2018,227.800000,E
5105,011,Western Africa,1,Yield,kg/ha,2019,264.100000,E
5105,011,Western Africa,1,Yield,kg/ha,2020,283.400000,E
5105,011,Western Africa,1,Yield,kg/ha,2021,310.300000,E
5105,011,Western Africa,1,Yield,kg/ha,2022,308.200000,E
5105,011,Western Africa,1,Yield,kg/ha,2023,310.600000,E
5105,011,Western Africa,1,Yield,kg/ha,2024,250.800000,E
5305,145,Western Asia,1,Area harvested,ha,1998,32032.000000,A
5305,145,Western Asia,1,Area harvested,ha,1999,32837.000000,A
5305,145,Western Asia,1,Area harvested,ha,2000,33443.000000,A
5305,145,Western Asia,1,Area harvested,ha,2001,33641.000000,A
5305,145,Western Asia,1,Area harvested,ha,2002,33545.000000,A
5305,145,Western Asia,1,Area harvested,ha,2003,33662.000000,A
5305,145,Western Asia,1,Area harvested,ha,2004,28354.000000,A
5305,145,Western Asia,1,Area harvested,ha,2005,28821.000000,A
5305,145,Western Asia,1,Area harvested,ha,2006,32260.000000,A
5305,145,Western Asia,1,Area harvested,ha,2007,33521.000000,A
5305,145,Western Asia,1,Area harvested,ha,2008,34292.000000,A
5305,145,Western Asia,1,Area harvested,ha,2009,34497.000000,A
5305,145,Western Asia,1,Area harvested,ha,2010,34717.000000,A
5305,145,Western Asia,1,Area harvested,ha,2011,34837.000000,A
5305,145,Western Asia,1,Area harvested,ha,2012,34987.000000,A
5305,145,Western Asia,1,Area harvested,ha,2013,35060.000000,A
5305,145,Western Asia,1,Area harvested,ha,2014,34652.000000,A
5305,145,Western Asia,1,Area harvested,ha,2015,33959.000000,A
5305,145,Western Asia,1,Area harvested,ha,2016,33929.000000,A
5305,145,Western Asia,1,Area harvested,ha,2017,33544.000000,A
5305,145,Western Asia,1,Area harvested,ha,2018,32984.000000,A
5305,145,Western Asia,1,Area harvested,ha,2019,34981.000000,A
5305,145,Western Asia,1,Area harvested,ha,2020,35970.000000,X
5305,145,Western Asia,1,Area harvested,ha,2021,37273.000000,X
5305,145,Western Asia,1,Area harvested,ha,2022,37346.000000,X
5305,145,Western Asia,1,Area harvested,ha,2023,37479.000000,E
5305,145,Western Asia,1,Area harvested,ha,2024,37789.000000,E
5305,145,Western Asia,1,Production,t,1998,11283.000000,A
5305,145,Western Asia,1,Production,t,1999,11182.000000,A
5305,145,Western Asia,1,Production,t,2000,11363.000000,A
5305,145,Western Asia,1,Production,t,2001,11906.000000,A
5305,145,Western Asia,1,Production,t,2002,11499.000000,A
5305,145,Western Asia,1,Production,t,2003,11608.000000,A
5305,145,Western Asia,1,Production,t,2004,10260.000000,A
5305,145,Western Asia,1,Production,t,2005,11331.000000,A
5305,145,Western Asia,1,Production,t,2006,17292.000000,A
5305,145,Western Asia,1,Production,t,2007,18330.000000,A
5305,145,Western Asia,1,Production,t,2008,18788.000000,A
5305,145,Western Asia,1,Production,t,2009,18924.000000,A
5305,145,Western Asia,1,Production,t,2010,19029.000000,A
5305,145,Western Asia,1,Production,t,2011,19275.000000,A
5305,145,Western Asia,1,Production,t,2012,19828.000000,A
5305,145,Western Asia,1,Production,t,2013,19984.000000,A
5305,145,Western Asia,1,Production,t,2014,20059.000000,A
5305,145,Western Asia,1,Production,t,2015,19257.000000,A
5305,145,Western Asia,1,Production,t,2016,18945.000000,A
5305,145,Western Asia,1,Production,t,2017,18767.000000,A
5305,145,Western Asia,1,Production,t,2018,18642.000000,A
5305,145,Western Asia,1,Production,t,2019,20812.000000,A
5305,145,Western Asia,1,Production,t,2020,21443.000000,X
5305,145,Western Asia,1,Production,t,2021,41933.490000,X
5305,145,Western Asia,1,Production,t,2022,23945.000000,X
5305,145,Western Asia,1,Production,t,2023,25403.340000,E
5305,145,Western Asia,1,Production,t,2024,27304.190000,E
5305,145,Western Asia,1,Yield,kg/ha,1998,352.200000,A
5305,145,Western Asia,1,Yield,kg/ha,1999,340.500000,A
5305,145,Western Asia,1,Yield,kg/ha,2000,339.800000,A
5305,145,Western Asia,1,Yield,kg/ha,2001,353.900000,A
5305,145,Western Asia,1,Yield,kg/ha,2002,342.800000,A
5305,145,Western Asia,1,Yield,kg/ha,2003,344.800000,A
5305,145,Western Asia,1,Yield,kg/ha,2004,361.900000,A
5305,145,Western Asia,1,Yield,kg/ha,2005,393.200000,A
5305,145,Western Asia,1,Yield,kg/ha,2006,536.000000,A
5305,145,Western Asia,1,Yield,kg/ha,2007,546.800000,A
5305,145,Western Asia,1,Yield,kg/ha,2008,547.900000,A
5305,145,Western Asia,1,Yield,kg/ha,2009,548.600000,A
5305,145,Western Asia,1,Yield,kg/ha,2010,548.100000,A
5305,145,Western Asia,1,Yield,kg/ha,2011,553.300000,A
5305,145,Western Asia,1,Yield,kg/ha,2012,566.700000,A
5305,145,Western Asia,1,Yield,kg/ha,2013,570.000000,A
5305,145,Western Asia,1,Yield,kg/ha,2014,578.900000,A
5305,145,Western Asia,1,Yield,kg/ha,2015,567.100000,A
5305,145,Western Asia,1,Yield,kg/ha,2016,558.400000,A
5305,145,Western Asia,1,Yield,kg/ha,2017,559.500000,A
5305,145,Western Asia,1,Yield,kg/ha,2018,565.200000,A
5305,145,Western Asia,1,Yield,kg/ha,2019,595.000000,A
5305,145,Western Asia,1,Yield,kg/ha,2020,596.100000,X
5305,145,Western Asia,1,Yield,kg/ha,2021,1125.000000,X
5305,145,Western Asia,1,Yield,kg/ha,2022,641.200000,X
5305,145,Western Asia,1,Yield,kg/ha,2023,677.800000,E
5305,145,Western Asia,1,Yield,kg/ha,2024,722.500000,E
5000,001,World,1,Area harvested,ha,1998,10113826.000000,A
5000,001,World,1,Area harvested,ha,1999,10272302.000000,A
5000,001,World,1,Area harvested,ha,2000,10715738.000000,A
5000,001,World,1,Area harvested,ha,2001,10625238.000000,A
5000,001,World,1,Area harvested,ha,2002,10422380.000000,A
5000,001,World,1,Area harvested,ha,2003,10295406.000000,A
5000,001,World,1,Area harvested,ha,2004,10847519.000000,A
5000,001,World,1,Area harvested,ha,2005,10602953.000000,A
5000,001,World,1,Area harvested,ha,2006,10725080.000000,A
5000,001,World,1,Area harvested,ha,2007,10736793.000000,A
5000,001,World,1,Area harvested,ha,2008,10583106.000000,A
5000,001,World,1,Area harvested,ha,2009,10430106.000000,A
5000,001,World,1,Area harvested,ha,2010,10483825.000000,A
5000,001,World,1,Area harvested,ha,2011,9951876.000000,A
5000,001,World,1,Area harvested,ha,2012,10298783.000000,A
5000,001,World,1,Area harvested,ha,2013,10370246.000000,A
5000,001,World,1,Area harvested,ha,2014,10388388.000000,A
5000,001,World,1,Area harvested,ha,2015,11133315.000000,A
5000,001,World,1,Area harvested,ha,2016,11175952.000000,A
5000,001,World,1,Area harvested,ha,2017,10809740.000000,A
5000,001,World,1,Area harvested,ha,2018,11983628.000000,A
5000,001,World,1,Area harvested,ha,2019,12105674.000000,E
5000,001,World,1,Area harvested,ha,2020,12033187.000000,A
5000,001,World,1,Area harvested,ha,2021,12202329.000000,E
5000,001,World,1,Area harvested,ha,2022,12403126.000000,A
5000,001,World,1,Area harvested,ha,2023,12167783.000000,A
5000,001,World,1,Area harvested,ha,2024,12477571.000000,E
5000,001,World,1,Production,t,1998,6632659.930000,A
5000,001,World,1,Production,t,1999,6790772.940000,A
5000,001,World,1,Production,t,2000,7498777.200000,A
5000,001,World,1,Production,t,2001,7379936.560000,A
5000,001,World,1,Production,t,2002,7928506.170000,A
5000,001,World,1,Production,t,2003,7039092.950000,A
5000,001,World,1,Production,t,2004,7862898.030000,A
5000,001,World,1,Production,t,2005,7392093.230000,A
5000,001,World,1,Production,t,2006,8147848.430000,A
5000,001,World,1,Production,t,2007,8134626.200000,A
5000,001,World,1,Production,t,2008,8489789.530000,A
5000,001,World,1,Production,t,2009,7777818.180000,A
5000,001,World,1,Production,t,2010,8460553.650000,A
5000,001,World,1,Production,t,2011,8435159.080000,A
5000,001,World,1,Production,t,2012,8972777.150000,A
5000,001,World,1,Production,t,2013,8839105.820000,A
5000,001,World,1,Production,t,2014,8800142.060000,A
5000,001,World,1,Production,t,2015,9059981.980000,A
5000,001,World,1,Production,t,2016,9550305.200000,A
5000,001,World,1,Production,t,2017,9589572.050000,A
5000,001,World,1,Production,t,2018,10827975.700000,A
5000,001,World,1,Production,t,2019,10561394.330000,A
5000,001,World,1,Production,t,2020,11238739.320000,A
5000,001,World,1,Production,t,2021,10571717.900000,A
5000,001,World,1,Production,t,2022,10987768.860000,A
5000,001,World,1,Production,t,2023,11092848.710000,A
5000,001,World,1,Production,t,2024,11284877.410000,A
5000,001,World,1,Yield,kg/ha,1998,655.800000,A
5000,001,World,1,Yield,kg/ha,1999,661.100000,A
5000,001,World,1,Yield,kg/ha,2000,699.800000,A
5000,001,World,1,Yield,kg/ha,2001,694.600000,A
5000,001,World,1,Yield,kg/ha,2002,760.700000,A
5000,001,World,1,Yield,kg/ha,2003,683.700000,A
5000,001,World,1,Yield,kg/ha,2004,724.900000,A
5000,001,World,1,Yield,kg/ha,2005,697.200000,A
5000,001,World,1,Yield,kg/ha,2006,759.700000,A
5000,001,World,1,Yield,kg/ha,2007,757.600000,A
5000,001,World,1,Yield,kg/ha,2008,802.200000,A
5000,001,World,1,Yield,kg/ha,2009,745.700000,A
5000,001,World,1,Yield,kg/ha,2010,807.000000,A
5000,001,World,1,Yield,kg/ha,2011,847.600000,A
5000,001,World,1,Yield,kg/ha,2012,871.200000,A
5000,001,World,1,Yield,kg/ha,2013,852.400000,A
5000,001,World,1,Yield,kg/ha,2014,847.100000,A
5000,001,World,1,Yield,kg/ha,2015,813.800000,A
5000,001,World,1,Yield,kg/ha,2016,854.500000,A
5000,001,World,1,Yield,kg/ha,2017,887.100000,A
5000,001,World,1,Yield,kg/ha,2018,903.600000,A
5000,001,World,1,Yield,kg/ha,2019,872.400000,E
5000,001,World,1,Yield,kg/ha,2020,934.000000,A
5000,001,World,1,Yield,kg/ha,2021,866.400000,E
5000,001,World,1,Yield,kg/ha,2022,885.900000,A
5000,001,World,1,Yield,kg/ha,2023,911.700000,A
5000,001,World,1,Yield,kg/ha,2024,904.400000,E
249,887,Yemen,0,Area harvested,ha,1998,32032.000000,A
249,887,Yemen,0,Area harvested,ha,1999,32837.000000,A
249,887,Yemen,0,Area harvested,ha,2000,33443.000000,A
249,887,Yemen,0,Area harvested,ha,2001,33641.000000,A
249,887,Yemen,0,Area harvested,ha,2002,33545.000000,A
249,887,Yemen,0,Area harvested,ha,2003,33662.000000,A
249,887,Yemen,0,Area harvested,ha,2004,28354.000000,A
249,887,Yemen,0,Area harvested,ha,2005,28821.000000,A
249,887,Yemen,0,Area harvested,ha,2006,32260.000000,A
249,887,Yemen,0,Area harvested,ha,2007,33521.000000,A
249,887,Yemen,0,Area harvested,ha,2008,34292.000000,A
249,887,Yemen,0,Area harvested,ha,2009,34497.000000,A
249,887,Yemen,0,Area harvested,ha,2010,34717.000000,A
249,887,Yemen,0,Area harvested,ha,2011,34837.000000,A
249,887,Yemen,0,Area harvested,ha,2012,34987.000000,A
249,887,Yemen,0,Area harvested,ha,2013,35060.000000,A
249,887,Yemen,0,Area harvested,ha,2014,34652.000000,A
249,887,Yemen,0,Area harvested,ha,2015,33959.000000,A
249,887,Yemen,0,Area harvested,ha,2016,33929.000000,A
249,887,Yemen,0,Area harvested,ha,2017,33544.000000,A
249,887,Yemen,0,Area harvested,ha,2018,32984.000000,A
249,887,Yemen,0,Area harvested,ha,2019,34981.000000,A
249,887,Yemen,0,Area harvested,ha,2020,35970.000000,X
249,887,Yemen,0,Area harvested,ha,2021,37273.000000,X
249,887,Yemen,0,Area harvested,ha,2022,37346.000000,X
249,887,Yemen,0,Area harvested,ha,2023,36829.000000,X
249,887,Yemen,0,Area harvested,ha,2024,37139.000000,I
249,887,Yemen,0,Production,t,1998,11283.000000,A
249,887,Yemen,0,Production,t,1999,11182.000000,A
249,887,Yemen,0,Production,t,2000,11363.000000,A
249,887,Yemen,0,Production,t,2001,11906.000000,A
249,887,Yemen,0,Production,t,2002,11499.000000,A
249,887,Yemen,0,Production,t,2003,11608.000000,A
249,887,Yemen,0,Production,t,2004,10260.000000,A
249,887,Yemen,0,Production,t,2005,11331.000000,A
249,887,Yemen,0,Production,t,2006,17292.000000,A
249,887,Yemen,0,Production,t,2007,18330.000000,A
249,887,Yemen,0,Production,t,2008,18788.000000,A
249,887,Yemen,0,Production,t,2009,18924.000000,A
249,887,Yemen,0,Production,t,2010,19029.000000,A
249,887,Yemen,0,Production,t,2011,19275.000000,A
249,887,Yemen,0,Production,t,2012,19828.000000,A
249,887,Yemen,0,Production,t,2013,19984.000000,A
249,887,Yemen,0,Production,t,2014,20059.000000,A
249,887,Yemen,0,Production,t,2015,19257.000000,A
249,887,Yemen,0,Production,t,2016,18945.000000,A
249,887,Yemen,0,Production,t,2017,18767.000000,A
249,887,Yemen,0,Production,t,2018,18642.000000,A
249,887,Yemen,0,Production,t,2019,20812.000000,A
249,887,Yemen,0,Production,t,2020,21443.000000,X
249,887,Yemen,0,Production,t,2021,41933.490000,X
249,887,Yemen,0,Production,t,2022,23945.000000,X
249,887,Yemen,0,Production,t,2023,24640.000000,X
249,887,Yemen,0,Production,t,2024,26544.190000,I
249,887,Yemen,0,Yield,kg/ha,1998,352.200000,A
249,887,Yemen,0,Yield,kg/ha,1999,340.500000,A
249,887,Yemen,0,Yield,kg/ha,2000,339.800000,A
249,887,Yemen,0,Yield,kg/ha,2001,353.900000,A
249,887,Yemen,0,Yield,kg/ha,2002,342.800000,A
249,887,Yemen,0,Yield,kg/ha,2003,344.800000,A
249,887,Yemen,0,Yield,kg/ha,2004,361.900000,A
249,887,Yemen,0,Yield,kg/ha,2005,393.200000,A
249,887,Yemen,0,Yield,kg/ha,2006,536.000000,A
249,887,Yemen,0,Yield,kg/ha,2007,546.800000,A
249,887,Yemen,0,Yield,kg/ha,2008,547.900000,A
249,887,Yemen,0,Yield,kg/ha,2009,548.600000,A
249,887,Yemen,0,Yield,kg/ha,2010,548.100000,A
249,887,Yemen,0,Yield,kg/ha,2011,553.300000,A
249,887,Yemen,0,Yield,kg/ha,2012,566.700000,A
249,887,Yemen,0,Yield,kg/ha,2013,570.000000,A
249,887,Yemen,0,Yield,kg/ha,2014,578.900000,A
249,887,Yemen,0,Yield,kg/ha,2015,567.100000,A
249,887,Yemen,0,Yield,kg/ha,2016,558.400000,A
249,887,Yemen,0,Yield,kg/ha,2017,559.500000,A
249,887,Yemen,0,Yield,kg/ha,2018,565.200000,A
249,887,Yemen,0,Yield,kg/ha,2019,595.000000,A
249,887,Yemen,0,Yield,kg/ha,2020,596.100000,X
249,887,Yemen,0,Yield,kg/ha,2021,1125.000000,X
249,887,Yemen,0,Yield,kg/ha,2022,641.200000,X
249,887,Yemen,0,Yield,kg/ha,2023,669.000000,X
249,887,Yemen,0,Yield,kg/ha,2024,714.700000,E
251,894,Zambia,0,Area harvested,ha,1998,3000.000000,E
251,894,Zambia,0,Area harvested,ha,1999,3688.000000,I
251,894,Zambia,0,Area harvested,ha,2000,2310.000000,I
251,894,Zambia,0,Area harvested,ha,2001,5900.000000,E
251,894,Zambia,0,Area harvested,ha,2002,5036.000000,I
251,894,Zambia,0,Area harvested,ha,2003,6454.000000,I
251,894,Zambia,0,Area harvested,ha,2004,5500.000000,E
251,894,Zambia,0,Area harvested,ha,2005,6480.000000,I
251,894,Zambia,0,Area harvested,ha,2006,5941.000000,I
251,894,Zambia,0,Area harvested,ha,2007,3356.000000,I
251,894,Zambia,0,Area harvested,ha,2008,6400.000000,E
251,894,Zambia,0,Area harvested,ha,2009,6900.000000,E
251,894,Zambia,0,Area harvested,ha,2010,7100.000000,E
251,894,Zambia,0,Area harvested,ha,2011,6800.000000,E
251,894,Zambia,0,Area harvested,ha,2012,7000.000000,E
251,894,Zambia,0,Area harvested,ha,2013,7000.000000,E
251,894,Zambia,0,Area harvested,ha,2014,7100.000000,E
251,894,Zambia,0,Area harvested,ha,2015,7514.000000,I
251,894,Zambia,0,Area harvested,ha,2016,8103.000000,I
251,894,Zambia,0,Area harvested,ha,2017,8084.000000,I
251,894,Zambia,0,Area harvested,ha,2018,7900.000000,E
251,894,Zambia,0,Area harvested,ha,2019,8297.000000,I
251,894,Zambia,0,Area harvested,ha,2020,8094.000000,E
251,894,Zambia,0,Area harvested,ha,2021,8097.000000,E
251,894,Zambia,0,Area harvested,ha,2022,8163.000000,E
251,894,Zambia,0,Area harvested,ha,2023,8118.000000,E
251,894,Zambia,0,Area harvested,ha,2024,8126.000000,E
251,894,Zambia,0,Production,t,1998,2628.000000,A
251,894,Zambia,0,Production,t,1999,3450.000000,A
251,894,Zambia,0,Production,t,2000,2200.000000,A
251,894,Zambia,0,Production,t,2001,5868.000000,A
251,894,Zambia,0,Production,t,2002,5000.000000,A
251,894,Zambia,0,Production,t,2003,6500.000000,A
251,894,Zambia,0,Production,t,2004,5881.000000,A
251,894,Zambia,0,Production,t,2005,6684.640000,A
251,894,Zambia,0,Production,t,2006,6126.700000,A
251,894,Zambia,0,Production,t,2007,3431.840000,A
251,894,Zambia,0,Production,t,2008,6584.090000,I
251,894,Zambia,0,Production,t,2009,7140.610000,I
251,894,Zambia,0,Production,t,2010,7390.950000,I
251,894,Zambia,0,Production,t,2011,7120.190000,I
251,894,Zambia,0,Production,t,2012,7372.360000,I
251,894,Zambia,0,Production,t,2013,7415.120000,I
251,894,Zambia,0,Production,t,2014,7564.410000,I
251,894,Zambia,0,Production,t,2015,8051.050000,I
251,894,Zambia,0,Production,t,2016,8732.020000,I
251,894,Zambia,0,Production,t,2017,8760.770000,I
251,894,Zambia,0,Production,t,2018,8514.610000,E
251,894,Zambia,0,Production,t,2019,9003.910000,I
251,894,Zambia,0,Production,t,2020,8759.760000,E
251,894,Zambia,0,Production,t,2021,8759.430000,E
251,894,Zambia,0,Production,t,2022,8841.030000,E
251,894,Zambia,0,Production,t,2023,8786.740000,E
251,894,Zambia,0,Production,t,2024,8795.730000,E
251,894,Zambia,0,Yield,kg/ha,1998,876.000000,E
251,894,Zambia,0,Yield,kg/ha,1999,935.500000,E
251,894,Zambia,0,Yield,kg/ha,2000,952.300000,E
251,894,Zambia,0,Yield,kg/ha,2001,994.600000,E
251,894,Zambia,0,Yield,kg/ha,2002,992.900000,E
251,894,Zambia,0,Yield,kg/ha,2003,1007.100000,E
251,894,Zambia,0,Yield,kg/ha,2004,1069.300000,E
251,894,Zambia,0,Yield,kg/ha,2005,1031.600000,E
251,894,Zambia,0,Yield,kg/ha,2006,1031.300000,E
251,894,Zambia,0,Yield,kg/ha,2007,1022.700000,E
251,894,Zambia,0,Yield,kg/ha,2008,1028.800000,E
251,894,Zambia,0,Yield,kg/ha,2009,1034.900000,E
251,894,Zambia,0,Yield,kg/ha,2010,1041.000000,E
251,894,Zambia,0,Yield,kg/ha,2011,1047.100000,E
251,894,Zambia,0,Yield,kg/ha,2012,1053.200000,E
251,894,Zambia,0,Yield,kg/ha,2013,1059.300000,E
251,894,Zambia,0,Yield,kg/ha,2014,1065.400000,E
251,894,Zambia,0,Yield,kg/ha,2015,1071.500000,E
251,894,Zambia,0,Yield,kg/ha,2016,1077.600000,E
251,894,Zambia,0,Yield,kg/ha,2017,1083.700000,E
251,894,Zambia,0,Yield,kg/ha,2018,1077.800000,E
251,894,Zambia,0,Yield,kg/ha,2019,1085.100000,E
251,894,Zambia,0,Yield,kg/ha,2020,1082.300000,E
251,894,Zambia,0,Yield,kg/ha,2021,1081.800000,E
251,894,Zambia,0,Yield,kg/ha,2022,1083.100000,E
251,894,Zambia,0,Yield,kg/ha,2023,1082.400000,E
251,894,Zambia,0,Yield,kg/ha,2024,1082.400000,E
181,716,Zimbabwe,0,Area harvested,ha,1998,6800.000000,A
181,716,Zimbabwe,0,Area harvested,ha,1999,7752.000000,I
181,716,Zimbabwe,0,Area harvested,ha,2000,7150.000000,I
181,716,Zimbabwe,0,Area harvested,ha,2001,5993.000000,I
181,716,Zimbabwe,0,Area harvested,ha,2002,6517.000000,I
181,716,Zimbabwe,0,Area harvested,ha,2003,8229.000000,I
181,716,Zimbabwe,0,Area harvested,ha,2004,4854.000000,I
181,716,Zimbabwe,0,Area harvested,ha,2005,3262.000000,I
181,716,Zimbabwe,0,Area harvested,ha,2006,2244.000000,I
181,716,Zimbabwe,0,Area harvested,ha,2007,1560.000000,I
181,716,Zimbabwe,0,Area harvested,ha,2008,1218.000000,I
181,716,Zimbabwe,0,Area harvested,ha,2009,1075.000000,I
181,716,Zimbabwe,0,Area harvested,ha,2010,517.000000,I
181,716,Zimbabwe,0,Area harvested,ha,2011,468.000000,I
181,716,Zimbabwe,0,Area harvested,ha,2012,472.000000,I
181,716,Zimbabwe,0,Area harvested,ha,2013,674.000000,I
181,716,Zimbabwe,0,Area harvested,ha,2014,756.000000,I
181,716,Zimbabwe,0,Area harvested,ha,2015,449.000000,I
181,716,Zimbabwe,0,Area harvested,ha,2016,633.000000,I
181,716,Zimbabwe,0,Area harvested,ha,2017,498.000000,I
181,716,Zimbabwe,0,Area harvested,ha,2018,453.000000,I
181,716,Zimbabwe,0,Area harvested,ha,2019,542.000000,A
181,716,Zimbabwe,0,Area harvested,ha,2020,573.000000,A
181,716,Zimbabwe,0,Area harvested,ha,2021,676.000000,A
181,716,Zimbabwe,0,Area harvested,ha,2022,681.000000,A
181,716,Zimbabwe,0,Area harvested,ha,2023,685.000000,A
181,716,Zimbabwe,0,Area harvested,ha,2024,700.000000,A
181,716,Zimbabwe,0,Production,t,1998,10000.000000,A
181,716,Zimbabwe,0,Production,t,1999,10000.000000,A
181,716,Zimbabwe,0,Production,t,2000,9100.000000,A
181,716,Zimbabwe,0,Production,t,2001,7518.000000,A
181,716,Zimbabwe,0,Production,t,2002,8050.000000,A
181,716,Zimbabwe,0,Production,t,2003,10000.000000,A
181,716,Zimbabwe,0,Production,t,2004,5800.000000,X
181,716,Zimbabwe,0,Production,t,2005,3960.000000,X
181,716,Zimbabwe,0,Production,t,2006,2700.000000,X
181,716,Zimbabwe,0,Production,t,2007,1860.000000,X
181,716,Zimbabwe,0,Production,t,2008,1440.000000,X
181,716,Zimbabwe,0,Production,t,2009,1260.000000,X
181,716,Zimbabwe,0,Production,t,2010,600.000000,X
181,716,Zimbabwe,0,Production,t,2011,540.000000,X
181,716,Zimbabwe,0,Production,t,2012,540.000000,X
181,716,Zimbabwe,0,Production,t,2013,763.900000,I
181,716,Zimbabwe,0,Production,t,2014,850.000000,E
181,716,Zimbabwe,0,Production,t,2015,500.000000,E
181,716,Zimbabwe,0,Production,t,2016,700.000000,E
181,716,Zimbabwe,0,Production,t,2017,545.660000,I
181,716,Zimbabwe,0,Production,t,2018,491.710000,I
181,716,Zimbabwe,0,Production,t,2019,531.000000,A
181,716,Zimbabwe,0,Production,t,2020,579.000000,A
181,716,Zimbabwe,0,Production,t,2021,608.000000,A
181,716,Zimbabwe,0,Production,t,2022,681.000000,A
181,716,Zimbabwe,0,Production,t,2023,665.490000,I
181,716,Zimbabwe,0,Production,t,2024,572.000000,A
181,716,Zimbabwe,0,Yield,kg/ha,1998,1470.600000,A
181,716,Zimbabwe,0,Yield,kg/ha,1999,1289.900000,E
181,716,Zimbabwe,0,Yield,kg/ha,2000,1272.800000,E
181,716,Zimbabwe,0,Yield,kg/ha,2001,1254.400000,E
181,716,Zimbabwe,0,Yield,kg/ha,2002,1235.200000,E
181,716,Zimbabwe,0,Yield,kg/ha,2003,1215.300000,E
181,716,Zimbabwe,0,Yield,kg/ha,2004,1194.900000,E
181,716,Zimbabwe,0,Yield,kg/ha,2005,1213.800000,E
181,716,Zimbabwe,0,Yield,kg/ha,2006,1203.100000,E
181,716,Zimbabwe,0,Yield,kg/ha,2007,1192.500000,E
181,716,Zimbabwe,0,Yield,kg/ha,2008,1182.000000,E
181,716,Zimbabwe,0,Yield,kg/ha,2009,1171.700000,E
181,716,Zimbabwe,0,Yield,kg/ha,2010,1161.400000,E
181,716,Zimbabwe,0,Yield,kg/ha,2011,1153.400000,E
181,716,Zimbabwe,0,Yield,kg/ha,2012,1143.600000,E
181,716,Zimbabwe,0,Yield,kg/ha,2013,1133.900000,E
181,716,Zimbabwe,0,Yield,kg/ha,2014,1124.200000,E
181,716,Zimbabwe,0,Yield,kg/ha,2015,1114.600000,E
181,716,Zimbabwe,0,Yield,kg/ha,2016,1105.100000,E
181,716,Zimbabwe,0,Yield,kg/ha,2017,1095.500000,E
181,716,Zimbabwe,0,Yield,kg/ha,2018,1086.000000,E
181,716,Zimbabwe,0,Yield,kg/ha,2019,979.700000,A
181,716,Zimbabwe,0,Yield,kg/ha,2020,1010.500000,A
181,716,Zimbabwe,0,Yield,kg/ha,2021,899.400000,A
181,716,Zimbabwe,0,Yield,kg/ha,2022,1000.000000,A
181,716,Zimbabwe,0,Yield,kg/ha,2023,971.500000,E
181,716,Zimbabwe,0,Yield,kg/ha,2024,817.100000,A
